gene_set,n_hits,set_size,odds_ratio,pval,hit_genes,padj,collection
REACTOME_EUKARYOTIC_TRANSLATION_ELONGATION (Reactome),51,92,291.73469310499587,3.565016637363671e-91,RPS19;RPL37A;RPS29;RPL10;RPL34;RPS3A;RPL27A;RPL9;RPL36;RPL21;RPL18A;RPL35A;RPL26;RPS14;RPL13;EEF1G;RPL15;RPL7;RPL41;RPS17;RPS18;RPS15;RPL18;RPS13;RPS27;RPL23A;RPL13A;RPS23;RPS12;RPL38;RPS21;RPLP1;RPL19;RPS11;RPS16;RPL36A;RPS28;RPS2;RPL27;RPS27A;RPS10;RPL10A;RPS9;RPL3;RPS4X;UBA52;EEF1A1;RPL30;RPL39;EEF1B2;RPL28,9.736060436640185e-88,Reactome
KEGG_RIBOSOME (KEGG),47,86,273.0798518736227,2.010439057672364e-83,RPS19;RPL37A;RPS29;RPL10;RPL34;RPS3A;RPL27A;RPL9;RPL36;RPL21;RPL18A;RPL35A;RPL26;RPL13;RPL15;RPL7;RPL41;RPS17;RPS18;RPS15;RPL18;RPS13;RPS27;RPL23A;RPL13A;RPS23;RPS12;RPL38;RPS21;RPLP1;RPL19;RPS11;RPS16;RPL36A;RPS28;RPS2;RPL27;RPS27A;RPS10;RPL10A;RPS9;RPL3;RPS4X;UBA52;RPL30;RPL39;RPL28,2.745254533251613e-80,KEGG
GOCC_CYTOSOLIC_RIBOSOME (GO_CC),48,97,224.3643452129912,2.3292960302790902e-82,RPS19;RPL37A;RPS29;RPL10;RPL34;RPS3A;RPL27A;RPL9;RPL36;RPL21;RPL18A;RPL35A;RPL26;RPS14;RPL13;RPL15;RPL7;RPL41;RPS17;RPS18;RPS15;RPL18;RPS13;RPS27;RPL23A;RPL13A;RPS23;RPS12;RPL38;RPS21;RPLP1;RPL19;RPS11;RPS16;RPL36A;RPS28;RPS2;RPL27;RPS27A;RPS10;RPL10A;RPS9;RPL3;RPS4X;UBA52;RPL30;RPL39;RPL28,2.120435819564065e-79,GO_CC
REACTOME_RESPONSE_OF_EIF2AK4_GCN2_TO_AMINO_ACID_DEFICIENCY (Reactome),48,100,211.19188459682493,1.6827281279752078e-81,RPS19;RPL37A;RPS29;RPL10;RPL34;RPS3A;RPL27A;RPL9;RPL36;RPL21;RPL18A;RPL35A;RPL26;RPS14;RPL13;RPL15;RPL7;RPL41;RPS17;RPS18;RPS15;RPL18;RPS13;RPS27;RPL23A;RPL13A;RPS23;RPS12;RPL38;RPS21;RPLP1;RPL19;RPS11;RPS16;RPL36A;RPS28;RPS2;RPL27;RPS27A;RPS10;RPL10A;RPS9;RPL3;RPS4X;UBA52;RPL30;RPL39;RPL28,1.1488826293750732e-78,Reactome
REACTOME_SRP_DEPENDENT_COTRANSLATIONAL_PROTEIN_TARGETING_TO_MEMBRANE (Reactome),48,111,175.42420776730577,1.2342023412522322e-78,RPS19;RPL37A;RPS29;RPL10;RPL34;RPS3A;RPL27A;RPL9;RPL36;RPL21;RPL18A;RPL35A;RPL26;RPS14;RPL13;RPL15;RPL7;RPL41;RPS17;RPS18;RPS15;RPL18;RPS13;RPS27;RPL23A;RPL13A;RPS23;RPS12;RPL38;RPS21;RPLP1;RPL19;RPS11;RPS16;RPL36A;RPS28;RPS2;RPL27;RPS27A;RPS10;RPL10A;RPS9;RPL3;RPS4X;UBA52;RPL30;RPL39;RPL28,6.741213187919693e-76,Reactome
REACTOME_NONSENSE_MEDIATED_DECAY_NMD (Reactome),48,114,167.1872627757558,6.403526993466429e-78,RPS19;RPL37A;RPS29;RPL10;RPL34;RPS3A;RPL27A;RPL9;RPL36;RPL21;RPL18A;RPL35A;RPL26;RPS14;RPL13;RPL15;RPL7;RPL41;RPS17;RPS18;RPS15;RPL18;RPS13;RPS27;RPL23A;RPL13A;RPS23;RPS12;RPL38;RPS21;RPLP1;RPL19;RPS11;RPS16;RPL36A;RPS28;RPS2;RPL27;RPS27A;RPS10;RPL10A;RPS9;RPL3;RPS4X;UBA52;RPL30;RPL39;RPL28,2.9146720365261363e-75,Reactome
REACTOME_SELENOAMINO_ACID_METABOLISM (Reactome),48,115,164.61089370750685,1.0944563104559453e-77,RPS19;RPL37A;RPS29;RPL10;RPL34;RPS3A;RPL27A;RPL9;RPL36;RPL21;RPL18A;RPL35A;RPL26;RPS14;RPL13;RPL15;RPL7;RPL41;RPS17;RPS18;RPS15;RPL18;RPS13;RPS27;RPL23A;RPL13A;RPS23;RPS12;RPL38;RPS21;RPLP1;RPL19;RPS11;RPS16;RPL36A;RPS28;RPS2;RPL27;RPS27A;RPS10;RPL10A;RPS9;RPL3;RPS4X;UBA52;RPL30;RPL39;RPL28,4.269943119793124e-75,Reactome
REACTOME_EUKARYOTIC_TRANSLATION_INITIATION (Reactome),48,118,157.3813517783688,5.269098310190587e-77,RPS19;RPL37A;RPS29;RPL10;RPL34;RPS3A;RPL27A;RPL9;RPL36;RPL21;RPL18A;RPL35A;RPL26;RPS14;RPL13;RPL15;RPL7;RPL41;RPS17;RPS18;RPS15;RPL18;RPS13;RPS27;RPL23A;RPL13A;RPS23;RPS12;RPL38;RPS21;RPLP1;RPL19;RPS11;RPS16;RPL36A;RPS28;RPS2;RPL27;RPS27A;RPS10;RPL10A;RPS9;RPL3;RPS4X;UBA52;RPL30;RPL39;RPL28,1.7987384356413117e-74,Reactome
GOBP_CYTOPLASMIC_TRANSLATION (GO_BP),48,145,113.4473213528103,1.0050873213515446e-71,RPS19;RPL37A;RPS29;RPL10;RPL34;RPS3A;RPL27A;RPL9;RPL36;RPL21;RPL18A;RPL35A;RPL26;RPS14;RPL13;RPL15;RPL7;RPL41;RPS17;RPS18;RPS15;RPL18;RPS13;RPS27;RPL23A;RPL13A;RPS23;RPS12;RPL38;RPS21;RPLP1;RPL19;RPS11;RPS16;RPL36A;RPS28;RPS2;RPL27;RPS27A;RPS10;RPL10A;RPS9;RPL3;RPS4X;UBA52;RPL30;RPL39;RPL28,3.049881638456743e-69,GO_BP
REACTOME_CELLULAR_RESPONSE_TO_STARVATION (Reactome),48,152,105.96242427629042,1.4847663806713652e-70,RPS19;RPL37A;RPS29;RPL10;RPL34;RPS3A;RPL27A;RPL9;RPL36;RPL21;RPL18A;RPL35A;RPL26;RPS14;RPL13;RPL15;RPL7;RPL41;RPS17;RPS18;RPS15;RPL18;RPS13;RPS27;RPL23A;RPL13A;RPS23;RPS12;RPL38;RPS21;RPLP1;RPL19;RPS11;RPS16;RPL36A;RPS28;RPS2;RPL27;RPS27A;RPS10;RPL10A;RPS9;RPL3;RPS4X;UBA52;RPL30;RPL39;RPL28,4.054896985613499e-68,Reactome
REACTOME_REGULATION_OF_EXPRESSION_OF_SLITS_AND_ROBOS (Reactome),49,166,96.74330081666221,2.212681488494595e-70,RPS19;RPL37A;RPS29;RPL10;RPL34;RPS3A;RPL27A;RPL9;RPL36;RPL21;RPL18A;RPL35A;RPL26;RPS14;RPL13;RPL15;RPL7;RPL41;RPS17;RPS18;RPS15;RPL18;RPS13;RPS27;RPL23A;RPL13A;RPS23;RPS12;RPL38;RPS21;RPLP1;RPL19;RPS11;RPS16;RPL36A;RPS28;RPS2;RPL27;RPS27A;RPS10;RPL10A;RPS9;RPL3;RPS4X;UBA52;RPL30;RPL39;RPL28;ROBO2,5.493484677344308e-68,Reactome
REACTOME_INFLUENZA_INFECTION (Reactome),48,155,103.1387735653804,4.4955616505267756e-70,RPS19;RPL37A;RPS29;RPL10;RPL34;RPS3A;RPL27A;RPL9;RPL36;RPL21;RPL18A;RPL35A;RPL26;RPS14;RPL13;RPL15;RPL7;RPL41;RPS17;RPS18;RPS15;RPL18;RPS13;RPS27;RPL23A;RPL13A;RPS23;RPS12;RPL38;RPS21;RPLP1;RPL19;RPS11;RPS16;RPL36A;RPS28;RPS2;RPL27;RPS27A;RPS10;RPL10A;RPS9;RPL3;RPS4X;UBA52;RPL30;RPL39;RPL28,1.0231149056323855e-67,Reactome
GOMF_STRUCTURAL_CONSTITUENT_OF_RIBOSOME (GO_MF),48,158,99.82217647805744,1.3264250119631356e-69,RPS19;RPL37A;RPS29;RPL10;RPL34;RPS3A;RPL27A;RPL9;RPL36;RPL21;RPL18A;RPL35A;RPL26;RPS14;RPL13;RPL15;RPL7;RPL41;RPS17;RPS18;RPS15;RPL18;RPS13;RPS27;RPL23A;RPL13A;RPS23;RPS12;RPL38;RPS21;RPLP1;RPL19;RPS11;RPS16;RPL36A;RPS28;RPS2;RPL27;RPS27A;RPS10;RPL10A;RPS9;RPL3;RPS4X;UBA52;RPL30;RPL39;RPL28,2.7865128520548638e-67,GO_MF
GOCC_RIBOSOMAL_SUBUNIT (GO_CC),48,173,88.0209333562582,2.0918524672597617e-67,RPS19;RPL37A;RPS29;RPL10;RPL34;RPS3A;RPL27A;RPL9;RPL36;RPL21;RPL18A;RPL35A;RPL26;RPS14;RPL13;RPL15;RPL7;RPL41;RPS17;RPS18;RPS15;RPL18;RPS13;RPS27;RPL23A;RPL13A;RPS23;RPS12;RPL38;RPS21;RPLP1;RPL19;RPS11;RPS16;RPL36A;RPS28;RPS2;RPL27;RPS27A;RPS10;RPL10A;RPS9;RPL3;RPS4X;UBA52;RPL30;RPL39;RPL28,4.080606491490293e-65,GO_CC
REACTOME_SIGNALING_BY_ROBO_RECEPTORS (Reactome),50,211,72.37275808370342,2.050680084145341e-66,RPS19;RPL37A;RPS29;RPL10;RPL34;RPS3A;RPL27A;RPL9;RPL36;RPL21;RPL18A;RPL35A;RPL26;RPS14;RPL13;RPL15;RPL7;RPL41;RPS17;RPS18;RPS15;RPL18;RPS13;RPS27;RPL23A;RPL13A;RPS23;RPS12;RPL38;RPS21;RPLP1;RPL19;RPS11;RPS16;RPL36A;RPS28;RPS2;RPL27;RPS27A;RPS10;RPL10A;RPS9;RPL3;RPS4X;UBA52;RPL30;RPL39;RPL28;DCC;ROBO2,3.7336048732006176e-64,Reactome
REACTOME_RRNA_PROCESSING (Reactome),48,200,72.34566020684264,5.717680710576436e-64,RPS19;RPL37A;RPS29;RPL10;RPL34;RPS3A;RPL27A;RPL9;RPL36;RPL21;RPL18A;RPL35A;RPL26;RPS14;RPL13;RPL15;RPL7;RPL41;RPS17;RPS18;RPS15;RPL18;RPS13;RPS27;RPL23A;RPL13A;RPS23;RPS12;RPL38;RPS21;RPLP1;RPL19;RPS11;RPS16;RPL36A;RPS28;RPS2;RPL27;RPS27A;RPS10;RPL10A;RPS9;RPL3;RPS4X;UBA52;RPL30;RPL39;RPL28,9.759366262865154e-62,Reactome
GOCC_RIBOSOME (GO_CC),48,206,69.58771261901141,2.8002199378313284e-63,RPS19;RPL37A;RPS29;RPL10;RPL34;RPS3A;RPL27A;RPL9;RPL36;RPL21;RPL18A;RPL35A;RPL26;RPS14;RPL13;RPL15;RPL7;RPL41;RPS17;RPS18;RPS15;RPL18;RPS13;RPS27;RPL23A;RPL13A;RPS23;RPS12;RPL38;RPS21;RPLP1;RPL19;RPS11;RPS16;RPL36A;RPS28;RPS2;RPL27;RPS27A;RPS10;RPL10A;RPS9;RPL3;RPS4X;UBA52;RPL30;RPL39;RPL28,4.498470970716093e-61,GO_CC
REACTOME_TRANSLATION (Reactome),51,291,49.86815223575931,1.8107374291564784e-60,RPS19;RPL37A;RPS29;RPL10;RPL34;RPS3A;RPL27A;RPL9;RPL36;RPL21;RPL18A;RPL35A;RPL26;RPS14;RPL13;EEF1G;RPL15;RPL7;RPL41;RPS17;RPS18;RPS15;RPL18;RPS13;RPS27;RPL23A;RPL13A;RPS23;RPS12;RPL38;RPS21;RPLP1;RPL19;RPS11;RPS16;RPL36A;RPS28;RPS2;RPL27;RPS27A;RPS10;RPL10A;RPS9;RPL3;RPS4X;UBA52;EEF1A1;RPL30;RPL39;EEF1B2;RPL28,2.747291066125746e-58,Reactome
REACTOME_METABOLISM_OF_AMINO_ACIDS_AND_DERIVATIVES (Reactome),48,356,35.52038244570626,5.2075830061164325e-51,RPS19;RPL37A;RPS29;RPL10;RPL34;RPS3A;RPL27A;RPL9;RPL36;RPL21;RPL18A;RPL35A;RPL26;RPS14;RPL13;RPL15;RPL7;RPL41;RPS17;RPS18;RPS15;RPL18;RPS13;RPS27;RPL23A;RPL13A;RPS23;RPS12;RPL38;RPS21;RPLP1;RPL19;RPS11;RPS16;RPL36A;RPS28;RPS2;RPL27;RPS27A;RPS10;RPL10A;RPS9;RPL3;RPS4X;UBA52;RPL30;RPL39;RPL28,7.485215363002093e-49,Reactome
GOCC_CYTOSOLIC_LARGE_RIBOSOMAL_SUBUNIT (GO_CC),28,55,204.45694306151867,2.739371453279054e-48,RPL37A;RPL10;RPL34;RPL27A;RPL9;RPL36;RPL21;RPL18A;RPL35A;RPL26;RPL13;RPL15;RPL7;RPL41;RPL18;RPL23A;RPL13A;RPL38;RPLP1;RPL19;RPL36A;RPL27;RPL10A;RPL3;UBA52;RPL30;RPL39;RPL28,3.740611719452549e-46,GO_CC
GOCC_LARGE_RIBOSOMAL_SUBUNIT (GO_CC),28,109,67.72580918015285,4.4909057308658903e-38,RPL37A;RPL10;RPL34;RPL27A;RPL9;RPL36;RPL21;RPL18A;RPL35A;RPL26;RPL13;RPL15;RPL7;RPL41;RPL18;RPL23A;RPL13A;RPL38;RPLP1;RPL19;RPL36A;RPL27;RPL10A;RPL3;UBA52;RPL30;RPL39;RPL28,5.8403159766641645e-36,GO_CC
GOCC_CYTOSOLIC_SMALL_RIBOSOMAL_SUBUNIT (GO_CC),21,41,194.69900452479013,1.9263681785692997e-36,RPS19;RPS29;RPS3A;RPS14;RPS17;RPS18;RPS15;RPS13;RPS27;RPS23;RPS12;RPS21;RPS11;RPS16;RPS28;RPS2;RPS27A;RPS10;RPS9;RPS4X;UBA52,2.3913234071239808e-34,GO_CC
GOCC_SMALL_RIBOSOMAL_SUBUNIT (GO_CC),21,67,84.94241891564951,8.134772092473958e-31,RPS19;RPS29;RPS3A;RPS14;RPS17;RPS18;RPS15;RPS13;RPS27;RPS23;RPS12;RPS21;RPS11;RPS16;RPS28;RPS2;RPS27A;RPS10;RPS9;RPS4X;UBA52,9.659157645454947e-29,GO_CC
REACTOME_ACTIVATION_OF_THE_MRNA_UPON_BINDING_OF_THE_CAP_BINDING_COMPLEX_AND_EIFS_AND_SUBSEQUENT_BINDING_TO_43S (Reactome),20,59,94.97622723035792,3.3905142940415446e-30,RPS19;RPS29;RPS3A;RPS14;RPS17;RPS18;RPS15;RPS13;RPS27;RPS23;RPS12;RPS21;RPS11;RPS16;RPS28;RPS2;RPS27A;RPS10;RPS9;RPS4X,3.858122723761441e-28,Reactome
GOCC_POLYSOMAL_RIBOSOME (GO_CC),14,31,146.29171875343349,1.3271165150862724e-23,RPS29;RPL36;RPL18A;RPL41;RPL18;RPS23;RPL38;RPS21;RPL19;RPL36A;RPS28;RPL10A;RPL30;RPL39,1.4497420810802438e-21,GO_CC
GOCC_POLYSOME (GO_CC),15,64,54.80386342681227,3.766858257883601e-20,RPS29;RPL36;RPL18A;RPL41;RPL18;RPS23;RPL38;RPS21;RPL19;RPL36A;RPS28;RPL10A;RPS4X;RPL30;RPL39,3.956649962415428e-18,GO_CC
GOCC_CELL_SUBSTRATE_JUNCTION (GO_CC),26,414,12.807891551584978,5.555949517728961e-19,RPS19;RPL37A;RPS29;RPS3A;RPL9;RPS14;RPL7;RPS17;RPS18;RPS15;RPL18;RPS13;RPL13A;RPL38;RPLP1;RPL19;RPS11;RPS16;RPS2;RPL27;RPS10;RPL10A;RPS9;RPL3;RPS4X;RPL30,5.619740049228812e-17,GO_CC
GOCC_NEURON_TO_NEURON_SYNAPSE (GO_CC),19,345,10.62438020843304,4.209561877854851e-13,RPS19;RPS14;RPL7;RPS18;RPS13;RPS27;RPL38;RPL30;SYNDIG1;EPHA4;PENK;SYT1;DCC;NOS1;ERBB4;NETO1;NRGN;CALB1;GRIK4,4.105826245864856e-11,GO_CC
GOBP_RIBOSOME_BIOGENESIS (GO_BP),17,296,10.974319290067301,3.950589396898588e-12,RPS19;RPL10;RPL35A;RPL26;RPS14;RPL7;RPS17;RPS15;RPS27;RPL23A;RPL38;RPS21;RPS16;RPS28;RPL27;RPL10A;RPL3,3.7203653941138084e-10,GO_BP
GOBP_RIBOSOME_ASSEMBLY (GO_BP),9,58,31.634666337428282,7.615191990429367e-11,RPS19;RPL10;RPS14;RPS15;RPS27;RPL23A;RPL38;RPS28;RPL3,6.932363108620867e-9,GO_BP
GOBP_RIBONUCLEOPROTEIN_COMPLEX_BIOGENESIS (GO_BP),18,418,8.12505359264164,1.0462896535356528e-10,RPS19;RPL10;RPL35A;RPL26;RPS14;RPL7;RPS17;RPS15;RPS27;RPL23A;RPL13A;RPL38;RPS21;RPS16;RPS28;RPL27;RPL10A;RPL3,9.217474334857637e-9,GO_BP
GOMF_RRNA_BINDING (GO_MF),9,63,28.707822626148257,1.6491630467846015e-10,RPL9;RPS14;RPS18;RPS13;RPL23A;RPS11;RPS9;RPL3;RPS4X,1.4074575877402333e-8,GO_MF
GOBP_RIBOSOMAL_SMALL_SUBUNIT_BIOGENESIS (GO_BP),9,72,24.578738099859137,5.660068949856705e-10,RPS19;RPS14;RPS17;RPS15;RPS27;RPL38;RPS21;RPS16;RPS28,4.6841358491086844e-8,GO_BP
GOBP_RIBOSOMAL_SMALL_SUBUNIT_ASSEMBLY (GO_BP),6,18,84.56221101633089,8.128666363664505e-10,RPS19;RPS14;RPS15;RPS27;RPL38;RPS28,6.529231717402284e-8,GO_BP
GOCC_SYNAPTIC_MEMBRANE (GO_CC),15,357,7.777025802107053,5.667790599191473e-9,ADRA1A;SYNDIG1;EPHA4;SYT1;KCTD8;DCC;IL1RAPL1;UNC13B;TENM2;ERBB4;NETO1;NRGN;GRIK4;CDH8;DGKB,4.422496036111975e-7,GO_CC
GOBP_RRNA_METABOLIC_PROCESS (GO_BP),13,257,9.356093540901924,6.854022752447025e-9,RPS19;RPL35A;RPL26;RPS14;RPL7;RPS17;RPS15;RPS27;RPS21;RPS16;RPS28;RPL27;RPL10A,5.199537815814674e-7,GO_BP
GOBP_RIBOSOMAL_LARGE_SUBUNIT_BIOGENESIS (GO_BP),8,70,22.071828289292302,1.0913467990273066e-8,RPL10;RPL35A;RPL26;RPL7;RPL23A;RPL38;RPL10A;RPL3,8.055319211198849e-7,GO_BP
GOCC_GLUTAMATERGIC_SYNAPSE (GO_CC),13,313,7.594154061700562,7.014669330277134e-8,IL1RAPL2;ADRA1A;GUCY1A1;EPHA4;SYT1;CALY;IL1RAPL1;ERBB4;LGI1;NETO1;NRGN;CALB1;CDH8,5.0413320897333825e-6,GO_CC
GOCC_POSTSYNAPTIC_MEMBRANE (GO_CC),12,261,8.403872984887716,7.582667200811695e-8,ADRA1A;SYNDIG1;EPHA4;KCTD8;DCC;IL1RAPL1;TENM2;ERBB4;NETO1;NRGN;GRIK4;DGKB,5.30981131420942e-6,GO_CC
GOBP_RIBONUCLEOPROTEIN_COMPLEX_SUBUNIT_ORGANIZATION (GO_BP),10,182,10.036998186415108,1.852127841454366e-7,RPS19;RPL10;RPS14;RPS15;RPS27;RPL23A;RPL13A;RPL38;RPS28;RPL3,1.2645402837529685e-5,GO_BP
GOMF_MRNA_5_UTR_BINDING (GO_MF),5,26,39.99956967604039,4.672449975944832e-7,RPS3A;RPL26;RPS14;RPL41;RPS13,3.112307532757399e-5,GO_MF
GOBP_NCRNA_PROCESSING (GO_BP),13,374,6.296214480721954,5.38028898141676e-7,RPS19;RPL35A;RPL26;RPS14;RPL7;RPS17;RPS15;RPS27;RPS21;RPS16;RPS28;RPL27;RPL10A,3.4984688591069455e-5,GO_BP
GOCC_DISTAL_AXON (GO_CC),11,261,7.6244041965269576,6.380710291339006e-7,EPHA4;PENK;NPY;PRKCB;DSCAM;DCC;UNC5C;UNC13B;TENM2;CALB1;CDH8,4.052492978057401e-5,GO_CC
GOCC_NEURON_PROJECTION_TERMINUS (GO_CC),8,122,11.985134157410906,8.516974981015676e-7,EPHA4;PENK;SYT1;NPY;PRKCB;UNC13B;CALB1;CDH8,5.286331516625866e-5,GO_CC
GOMF_CALMODULIN_BINDING (GO_MF),9,186,8.7202014976051,2.2222087417701663e-6,MARCKSL1;EEF1A1;PCP4;SYT1;NOS1;UNC13B;RYR2;RIT2;NRGN,1.3486337941720722e-4,GO_MF
GOBP_REGULATION_OF_TRANS_SYNAPTIC_SIGNALING (GO_BP),12,390,5.511233664468765,5.217488978140248e-6,ADRA1A;TUBB2B;EPHA4;SYT1;PRKCB;DCC;LGI1;NETO1;NRGN;CALB1;GRIK4;TACR1,3.097600521587178e-4,GO_BP
GOCC_PRESYNAPSE (GO_CC),13,469,4.9667667137488625,6.481566885752509e-6,ADRA1A;SYNDIG1;EPHA4;PENK;SYT1;KCTD8;NPY;PRKCB;UNC13B;ERBB4;CALB1;GRIK4;CDH8,3.766204077657468e-4,GO_CC
GOCC_ROUGH_ENDOPLASMIC_RETICULUM (GO_CC),6,76,14.479046261157768,7.1516838423152395e-6,RPS29;RPL18;RPS23;RPS21;RPS28;RPL27,4.069010119450608e-4,GO_CC
GOBP_MATURATION_OF_SSU_RRNA (GO_BP),5,49,19.087863784926256,1.2096988497581871e-5,RPS19;RPS14;RPS21;RPS16;RPS28,6.742219507529815e-4,GO_BP
GOBP_RIBOSOMAL_LARGE_SUBUNIT_ASSEMBLY (GO_BP),4,25,31.813967510733264,1.5176323192815328e-5,RPL10;RPL23A;RPL38;RPL3,8.289307727915732e-4,GO_BP
GOBP_POSITIVE_REGULATION_OF_SYNAPTIC_TRANSMISSION (GO_BP),7,134,9.351222391613671,1.8750722043328503e-5,ADRA1A;EPHA4;SYT1;LGI1;NRGN;CALB1;TACR1,0.0010040827823594146,GO_BP
GOCC_PRESYNAPTIC_MEMBRANE (GO_CC),7,136,9.20493931557524,2.063851640775111e-5,ADRA1A;EPHA4;SYT1;KCTD8;UNC13B;ERBB4;GRIK4,0.0010839190059532362,GO_CC
GOBP_DEVELOPMENT_OF_PRIMARY_FEMALE_SEXUAL_CHARACTERISTICS (GO_BP),6,93,11.641270782264849,2.2898742249702467e-5,INHBA;DACH1;GPR149;CSMD1;DACH2;ROBO2,0.0011799333034705178,GO_BP
HALLMARK_ALLOGRAFT_REJECTION (Hallmark),7,140,8.92630138833614,2.488612691766054e-5,RPS19;RPS3A;RPL9;RPS9;RPL39;INHBA;PRKCB,0.0012585928261505729,Hallmark
GOBP_NETRIN_ACTIVATED_SIGNALING_PATHWAY (GO_BP),3,10,71.11247664161813,2.578498930521598e-5,DSCAM;DCC;UNC5C,0.0012803419235008155,GO_BP
GOBP_CENTRAL_NERVOUS_SYSTEM_NEURON_DIFFERENTIATION (GO_BP),7,143,8.728368130673955,2.8523785770008547e-5,EPHA4;INHBA;NPY;DCC;TOX;BCL11B;LMO4,0.0013910439096052384,GO_BP
GOBP_FEMALE_SEX_DIFFERENTIATION (GO_BP),6,106,10.122809978210048,4.8018665919794906e-5,INHBA;DACH1;GPR149;CSMD1;DACH2;ROBO2,0.0023006838004729804,GO_BP
GOBP_NEURON_PROJECTION_GUIDANCE (GO_BP),8,213,6.643292997989269,5.099997612909076e-5,TUBB2B;EPHA4;DSCAM;DCC;UNC5C;LGI1;BCL11B;ROBO2,0.0024013954277335666,GO_BP
GOCC_CYTOPLASMIC_SIDE_OF_ENDOPLASMIC_RETICULUM_MEMBRANE (GO_CC),3,13,49.81463960245588,6.063299250020429e-5,RPS29;RPS28;RPL27,0.002806588178272168,GO_CC
KEGG_CALCIUM_SIGNALING_PATHWAY (KEGG),7,162,7.65336517915117,6.313738457816027e-5,ADRA1A;PLCG2;PRKCB;NOS1;RYR2;ERBB4;TACR1,0.0028738032880492614,KEGG
GOBP_MATURATION_OF_SSU_RRNA_FROM_TRICISTRONIC_RRNA_TRANSCRIPT_SSU_RRNA_5_8S_RRNA_LSU_RRNA (GO_BP),4,36,20.88459314081538,6.707589800170028e-5,RPS19;RPS14;RPS21;RPS16,0.0030030209416826797,GO_BP
GOBP_NON_MEMBRANE_BOUNDED_ORGANELLE_ASSEMBLY (GO_BP),10,363,4.858194858451947,8.180565819810448e-5,RPS19;RPL10;RPS14;RPS15;RPS27;RPL23A;RPS23;RPL38;RPS28;RPL3,0.0036034072990165054,GO_BP
GOCC_INTRINSIC_COMPONENT_OF_POSTSYNAPTIC_MEMBRANE (GO_CC),6,119,8.955028448451252,9.15310273739445e-5,ADRA1A;EPHA4;DCC;ERBB4;NETO1;GRIK4,0.003967797392987975,GO_CC
REACTOME_NEURONAL_SYSTEM (Reactome),10,387,4.545058473407723,1.381086763869091e-4,IL1RAPL2;TUBB2B;SYT1;PRKCB;IL1RAPL1;UNC13B;ERBB4;CACNA2D3;NRGN;GRIK4,0.0058933561751976365,Reactome
GOMF_TRANSLATION_REGULATOR_ACTIVITY (GO_MF),6,132,8.027291458835764,1.6184038304965022e-4,RPL10;RPS14;EEF1G;RPS9;EEF1A1;EEF1B2,0.006799785940132227,GO_MF
REACTOME_TRANSMISSION_ACROSS_CHEMICAL_SYNAPSES (Reactome),8,253,5.550514656609696,1.681920746419435e-4,TUBB2B;SYT1;PRKCB;UNC13B;ERBB4;CACNA2D3;NRGN;GRIK4,0.006895294893682779,Reactome
GOBP_STRIATUM_DEVELOPMENT (GO_BP),3,18,33.201416608028666,1.691632214854435e-4,FOXP2;INHBA;BCL11B,0.006895294893682779,GO_BP
GOBP_REGULATION_OF_MUSCLE_CONTRACTION (GO_BP),6,137,7.719628848288074,1.9814442502456218e-4,ADRA1A;GUCY1A1;NOS1;PRKG1;RYR2;TACR1,0.0079153177221397,GO_BP
GOMF_TRANSLATION_ELONGATION_FACTOR_ACTIVITY (GO_MF),3,19,31.129981967661806,1.9998422659378955e-4,EEF1G;EEF1A1;EEF1B2,0.0079153177221397,GO_MF
GOCC_POSTSYNAPTIC_DENSITY_MEMBRANE (GO_CC),5,88,10.105995510658891,2.0531589471271434e-4,SYNDIG1;EPHA4;DCC;ERBB4;NETO1,0.00801025297800604,GO_CC
GOBP_NEURON_RECOGNITION (GO_BP),4,49,14.8405154633627,2.2686677525360154e-4,EPHA4;OPCML;DSCAM;ROBO2,0.008726382580529378,GO_BP
GOBP_FOREBRAIN_DEVELOPMENT (GO_BP),9,339,4.650437007466366,2.448374004193488e-4,FOXP2;INHBA;NPY;PRKG1;TOX;ERBB4;BCL11B;NRGN;ROBO2,0.009181818507392085,GO_BP
REACTOME_NETRIN_1_SIGNALING (Reactome),4,50,14.518297166353122,2.454312526692135e-4,DSCAM;DCC;UNC5C;TRPC7,0.009181818507392085,Reactome
GOBP_REGULATION_OF_THE_FORCE_OF_HEART_CONTRACTION (GO_BP),3,21,27.67929455983584,2.720430157442029e-4,ADRA1A;NOS1;RYR2,0.009905993013298909,GO_BP
REACTOME_CHAPERONE_MEDIATED_AUTOPHAGY (Reactome),3,21,27.67929455983584,2.720430157442029e-4,RPS27A;UBA52;EEF1A1,0.009905993013298909,Reactome
REACTOME_STIMULI_SENSING_CHANNELS (Reactome),5,96,9.216462170146112,3.0807152894703167e-4,RPS27A;UBA52;TRPM3;RYR2;TRPC7,0.01097972734864732,Reactome
GOBP_SUBPALLIUM_DEVELOPMENT (GO_BP),3,22,26.23160053000556,3.13591626947818e-4,FOXP2;INHBA;BCL11B,0.01097972734864732,GO_BP
REACTOME_NITRIC_OXIDE_STIMULATES_GUANYLATE_CYCLASE (Reactome),3,22,26.23160053000556,3.13591626947818e-4,GUCY1A1;NOS1;PRKG1,0.01097972734864732,Reactome
GOBP_TRANSLATIONAL_ELONGATION (GO_BP),4,54,13.34820253855141,3.3071867584118605e-4,EEF1G;RPLP1;EEF1A1;EEF1B2,0.01143281903445923,GO_BP
GOBP_REGULATION_OF_SMOOTH_MUSCLE_CONTRACTION (GO_BP),4,55,13.08727383417133,3.5497673157427757e-4,ADRA1A;GUCY1A1;PRKG1;TACR1,0.011817038036069918,GO_BP
GOCC_ROUGH_ENDOPLASMIC_RETICULUM_MEMBRANE (GO_CC),3,23,24.882720954917854,3.590216495321459e-4,RPS29;RPS28;RPL27,0.011817038036069918,GO_CC
GOMF_NEUROPEPTIDE_HORMONE_ACTIVITY (GO_MF),3,23,24.882720954917854,3.590216495321459e-4,CORT;PENK;NPY,0.011817038036069918,GO_MF
GOCC_INTRINSIC_COMPONENT_OF_SYNAPTIC_MEMBRANE (GO_CC),6,153,6.874182238973088,3.5914103148802757e-4,ADRA1A;EPHA4;DCC;ERBB4;NETO1;GRIK4,0.011817038036069918,GO_CC
REACTOME_SIGNALING_BY_ERBB4 (Reactome),4,56,12.836329902106696,3.8048154422746643e-4,RPS27A;STMN1;UBA52;ERBB4,0.012347835906492879,Reactome
GOBP_AXON_DEVELOPMENT (GO_BP),10,440,3.976798395781299,3.84315654358072e-4,TUBB2B;STMN1;EPHA4;CHODL;DSCAM;DCC;UNC5C;LGI1;BCL11B;ROBO2,0.012347835906492879,GO_BP
GOMF_MRNA_BINDING (GO_MF),8,295,4.730879778110442,4.712097739090634e-4,RPS3A;RPL26;RPS14;RPL7;RPL41;RPS13;RPL13A;RPS2,0.014963649913321535,GO_MF
GOCC_DENSE_CORE_GRANULE (GO_CC),3,26,21.651166107434666,5.200602954594112e-4,PENK;SYT1;NPY,0.016325111113789103,GO_CC
GOBP_REGULATION_OF_SYSTEM_PROCESS (GO_BP),10,459,3.805891884600252,5.339395154011378e-4,ADRA1A;GUCY1A1;INHBA;PBX3;NOS1;PRKG1;UNC13B;RYR2;NETO1;TACR1,0.016570327460914854,GO_BP
GOMF_HORMONE_ACTIVITY (GO_MF),4,62,11.508257025587662,5.617460912634561e-4,CORT;PENK;INHBA;NPY,0.017237399721803357,GO_MF
GOBP_REGULATION_OF_TUBE_SIZE (GO_BP),5,110,7.983101006068699,5.761581528438902e-4,ADRA1A;GUCY1A1;NOS1;PRKG1;TACR1,0.017290223439139083,GO_BP
GOBP_ANTIMICROBIAL_HUMORAL_IMMUNE_RESPONSE_MEDIATED_BY_ANTIMICROBIAL_PEPTIDE (GO_BP),3,27,20.7593882955397,5.824608408644436e-4,RPS19;RPL30;RPL39,0.017290223439139083,GO_BP
REACTOME_EFFECTS_OF_PIP2_HYDROLYSIS (Reactome),3,27,20.7593882955397,5.824608408644436e-4,DGKG;TRPC7;DGKB,0.017290223439139083,Reactome
GOBP_TELENCEPHALON_DEVELOPMENT (GO_BP),7,234,5.212578697029903,5.993847626057683e-4,FOXP2;INHBA;NPY;ERBB4;BCL11B;NRGN;ROBO2,0.01760128802877799,GO_BP
GOBP_SYNAPSE_ASSEMBLY (GO_BP),6,169,6.196795025607574,6.080913548693318e-4,IL1RAPL2;SYNDIG1;DSCAM;IL1RAPL1;ERBB4;ROBO2,0.017666994576044096,GO_BP
GOCC_POSTSYNAPTIC_SPECIALIZATION_MEMBRANE (GO_CC),5,112,7.8333723899480265,6.254057170425019e-4,SYNDIG1;EPHA4;DCC;ERBB4;NETO1,0.017842841224896377,GO_CC
GOCC_NEURON_SPINE (GO_CC),6,170,6.15878005932092,6.272108229915973e-4,SYNDIG1;EPHA4;NOS1;TENM2;NRGN;CALB1,0.017842841224896377,GO_CC
KEGG_LONG_TERM_DEPRESSION (KEGG),4,64,11.12530790303846,6.338127980945741e-4,GUCY1A1;PRKCB;NOS1;PRKG1,0.017844770635013215,KEGG
REACTOME_DOWNREGULATION_OF_ERBB2_SIGNALING (Reactome),3,28,19.92204796187301,6.494501364572219e-4,RPS27A;UBA52;ERBB4,0.018098452272088502,Reactome
GOBP_SYNAPSE_ORGANIZATION (GO_BP),9,389,4.031544281247465,6.621920889141207e-4,IL1RAPL2;SYNDIG1;EPHA4;DSCAM;IL1RAPL1;UNC13B;ERBB4;ROBO2;CDH8,0.018267137321459227,GO_BP
HALLMARK_SPERMATOGENESIS (Hallmark),5,114,7.689175616249166,6.777425620682658e-4,PCSK1N;DCC;NOS1;MAP7;TLE4,0.018509149370084337,Hallmark
GOBP_POSITIVE_REGULATION_OF_CELL_PROJECTION_ORGANIZATION (GO_BP),8,315,4.419471438349145,7.235804989125481e-4,EPHA4;CHODL;DSCAM;IL1RAPL1;RIT2;TENM2;TOX;ROBO2,0.019442869934911757,GO_BP
GOBP_SECOND_MESSENGER_MEDIATED_SIGNALING (GO_BP),7,242,5.032406392199838,7.30606921771632e-4,PLCG2;PDE7B;GUCY1A1;NOS1;PRKG1;RYR2;RIT2,0.019442869934911757,GO_BP
REACTOME_PEPTIDE_LIGAND_BINDING_RECEPTORS (Reactome),5,116,7.550223320789224,7.332902245682574e-4,RXFP1;CORT;PENK;NPY;TACR1,0.019442869934911757,Reactome
GOBP_REGULATION_OF_NEURON_PROJECTION_DEVELOPMENT (GO_BP),9,403,3.886286575490676,8.49912569759931e-4,EPHA4;CHODL;DSCAM;DCC;IL1RAPL1;RIT2;TOX;DGKG;ROBO2,0.02231837719244588,GO_BP
GOBP_TAXIS (GO_BP),10,490,3.5556355730556284,8.800477851527727e-4,RPS19;TMSB4X;TUBB2B;EPHA4;DSCAM;DCC;UNC5C;LGI1;BCL11B;ROBO2,0.022693833318597957,GO_BP
GOCC_GABA_ERGIC_SYNAPSE (GO_CC),4,70,10.110085498245908,8.891395697876168e-4,ADRA1A;GUCY1A1;ERBB4;CALB1,0.022693833318597957,GO_CC
GOCC_INTRINSIC_COMPONENT_OF_PRESYNAPTIC_MEMBRANE (GO_CC),4,70,10.110085498245908,8.891395697876168e-4,ADRA1A;EPHA4;ERBB4;GRIK4,0.022693833318597957,GO_CC
KEGG_PHOSPHATIDYLINOSITOL_SIGNALING_SYSTEM (KEGG),4,73,9.669498031294596,0.0010406772015620978,PLCG2;PRKCB;DGKG;DGKB,0.026315642939500825,KEGG
GOBP_MAINTENANCE_OF_LOCATION_IN_CELL (GO_BP),6,189,5.515569447742721,0.0010874675112690442,PLCG2;TMSB4X;TMSB10;NOS1;RYR2;RIT2,0.027246548378676693,GO_BP
GOBP_VESICLE_MEDIATED_TRANSPORT_IN_SYNAPSE (GO_BP),6,190,5.485395504054212,0.0011173670477547077,ADRA1A;SYNDIG1;SYT1;CALY;PRKCB;UNC13B,0.027668663014175962,GO_BP
GOBP_REGULATION_OF_CELLULAR_AMIDE_METABOLIC_PROCESS (GO_BP),9,420,3.723320919482912,0.0011338968524283797,RPL10;RPL26;RPS14;RPL13A;RPL38;RPLP1;RPS9;RPS4X;EPHA4,0.027668663014175962,GO_BP
GOBP_DEVELOPMENT_OF_PRIMARY_SEXUAL_CHARACTERISTICS (GO_BP),6,191,5.456244606097241,0.0011478932428566134,INHBA;DACH1;GPR149;CSMD1;DACH2;ROBO2,0.027668663014175962,GO_BP
GOBP_NEGATIVE_REGULATION_OF_BLOOD_PRESSURE (GO_BP),3,34,16.062666430370378,0.0011549716527338191,ADRA1A;NPY;NOS1,0.027668663014175962,GO_BP
GOCC_HIPPOCAMPAL_MOSSY_FIBER_TO_CA3_SYNAPSE (GO_CC),3,34,16.062666430370378,0.0011549716527338191,SYT1;CALB1;GRIK4,0.027668663014175962,GO_CC
GOBP_REGULATION_OF_MUSCLE_SYSTEM_PROCESS (GO_BP),6,194,5.368616926134039,0.001243319190696022,ADRA1A;GUCY1A1;NOS1;PRKG1;RYR2;TACR1,0.02952612791122466,GO_BP
GOBP_ASSOCIATIVE_LEARNING (GO_BP),4,78,9.015637810986798,0.0013321326477942728,CSMD1;NETO1;NRGN;TACR1,0.031362536733846196,GO_BP
GOBP_RESPONSE_TO_CALCIUM_ION (GO_BP),5,133,6.5432317110563485,0.0013528407909255264,PLCG2;PENK;SYT1;RYR2;CPNE8,0.031370776847094106,GO_BP
GOBP_REGULATION_OF_ANATOMICAL_STRUCTURE_SIZE (GO_BP),9,431,3.6249547434330407,0.001355456487717724,ADRA1A;TMSB4X;TMSB10;GUCY1A1;DSCAM;DCC;NOS1;PRKG1;TACR1,0.031370776847094106,GO_BP
GOBP_REGULATION_OF_SYNAPSE_STRUCTURE_OR_ACTIVITY (GO_BP),6,198,5.256024398591643,0.0013798611764623539,IL1RAPL2;SYNDIG1;EPHA4;IL1RAPL1;ROBO2;CDH8,0.031667234226207465,GO_BP
GOBP_NEGATIVE_REGULATION_OF_PROTEIN_CONTAINING_COMPLEX_ASSEMBLY (GO_BP),5,134,6.492269379503246,0.0013984676160523775,TMSB4X;RPL13A;STMN1;TMSB10;LMO4,0.031826792161992024,GO_BP
GOBP_NEUROPEPTIDE_SIGNALING_PATHWAY (GO_BP),4,80,8.777596908979813,0.00146320637007442,PCSK1N;PENK;NPY;GPR149,0.0327576486559881,GO_BP
GOBP_REGULATION_OF_CYTOSOLIC_CALCIUM_ION_CONCENTRATION (GO_BP),7,274,4.424756197626697,0.0014985999314768399,ADRA1A;PLCG2;NOS1;RYR2;TRPC7;CALB1;TACR1,0.0327576486559881,GO_BP
GOBP_REGULATION_OF_BLOOD_PRESSURE (GO_BP),5,138,6.296079961621244,0.0015923916643463768,ADRA1A;GUCY1A1;NPY;NOS1;TACR1,0.0327576486559881,GO_BP
GOBP_VASODILATION (GO_BP),3,38,14.22890796505422,0.001599481328191759,GUCY1A1;NOS1;PRKG1,0.0327576486559881,GO_BP
REACTOME_PLATELET_HOMEOSTASIS (Reactome),4,82,8.552461925034551,0.0016030112082827319,GUCY1A1;NOS1;PRKG1;TRPC7,0.0327576486559881,Reactome
GOBP_MONOCYTE_ACTIVATION (GO_BP),2,10,41.214144454807254,0.0016062619897643773,NPY;FOXP1,0.0327576486559881,GO_BP
GOBP_RELAXATION_OF_SMOOTH_MUSCLE (GO_BP),2,10,41.214144454807254,0.0016062619897643773,GUCY1A1;PRKG1,0.0327576486559881,GO_BP
GOBP_RETROGRADE_TRANS_SYNAPTIC_SIGNALING (GO_BP),2,10,41.214144454807254,0.0016062619897643773,GUCY1A1;NOS1,0.0327576486559881,GO_BP
GOBP_SEQUESTERING_OF_ACTIN_MONOMERS (GO_BP),2,10,41.214144454807254,0.0016062619897643773,TMSB4X;TMSB10,0.0327576486559881,GO_BP
REACTOME_IRAK2_MEDIATED_ACTIVATION_OF_TAK1_COMPLEX (Reactome),2,10,41.214144454807254,0.0016062619897643773,RPS27A;UBA52,0.0327576486559881,Reactome
REACTOME_REGULATION_OF_COMMISSURAL_AXON_PATHFINDING_BY_SLIT_AND_ROBO (Reactome),2,10,41.214144454807254,0.0016062619897643773,DCC;ROBO2,0.0327576486559881,Reactome
REACTOME_ROLE_OF_SECOND_MESSENGERS_IN_NETRIN_1_SIGNALING (Reactome),2,10,41.214144454807254,0.0016062619897643773,DCC;TRPC7,0.0327576486559881,Reactome
REACTOME_TICAM1_TRAF6_DEPENDENT_INDUCTION_OF_TAK1_COMPLEX (Reactome),2,10,41.214144454807254,0.0016062619897643773,RPS27A;UBA52,0.0327576486559881,Reactome
GOBP_CALCIUM_ION_TRANSPORT (GO_BP),8,357,3.881502039323747,0.0016072958329924586,ADRA1A;PLCG2;PRKCB;TRPM3;NOS1;RYR2;CACNA2D3;TRPC7,0.0327576486559881,GO_BP
REACTOME_CLASS_A_1_RHODOPSIN_LIKE_RECEPTORS (Reactome),6,205,5.069497641098492,0.0016460238228235488,RXFP1;ADRA1A;CORT;PENK;NPY;TACR1,0.033298452297267495,Reactome
GOBP_MAINTENANCE_OF_LOCATION (GO_BP),7,282,4.294679002247771,0.001764637608348127,PLCG2;TMSB4X;TMSB10;FBN2;NOS1;RYR2;RIT2,0.03536492379430663,GO_BP
GOMF_PROTEIN_HETERODIMERIZATION_ACTIVITY (GO_MF),7,283,4.278956838119412,0.0018003159467980345,ADRA1A;TUBB2B;H4C3;SYT1;NPAS3;TENM2;TCF4,0.03536492379430663,GO_MF
GOBP_REGULATION_OF_PROTEIN_CONTAINING_COMPLEX_ASSEMBLY (GO_BP),8,365,3.793446992905783,0.001845811795805284,PLCG2;TMSB4X;RPL13A;STMN1;TMSB10;CALY;UNC13B;LMO4,0.03536492379430663,GO_BP
GOMF_CALCIUM_CHANNEL_REGULATOR_ACTIVITY (GO_MF),3,40,13.450725963854254,0.0018566681643086985,NPY;PRKCB;PRKG1,0.03536492379430663,GO_MF
REACTOME_DEACTIVATION_OF_THE_BETA_CATENIN_TRANSACTIVATING_COMPLEX (Reactome),3,40,13.450725963854254,0.0018566681643086985,RPS27A;UBA52;TLE4,0.03536492379430663,Reactome
KEGG_GAP_JUNCTION (KEGG),4,86,8.133646927344357,0.001910006642633957,TUBB2B;GUCY1A1;PRKCB;PRKG1,0.03536492379430663,KEGG
GOBP_NERVOUS_SYSTEM_PROCESS_INVOLVED_IN_REGULATION_OF_SYSTEMIC_ARTERIAL_BLOOD_PRESSURE (GO_BP),2,11,36.67835572945541,0.00195536561440509,ADRA1A;TACR1,0.03536492379430663,GO_BP
GOBP_OLFACTORY_BULB_INTERNEURON_DIFFERENTIATION (GO_BP),2,11,36.67835572945541,0.00195536561440509,ERBB4;ROBO2,0.03536492379430663,GO_BP
GOMF_DIACYLGLYCEROL_KINASE_ACTIVITY (GO_MF),2,11,36.67835572945541,0.00195536561440509,DGKG;DGKB,0.03536492379430663,GO_MF
GOMF_NAD_P_PLUS_NUCLEOSIDASE_ACTIVITY (GO_MF),2,11,36.67835572945541,0.00195536561440509,IL1RAPL2;IL1RAPL1,0.03536492379430663,GO_MF
REACTOME_ALPHA_PROTEIN_KINASE_1_SIGNALING_PATHWAY (Reactome),2,11,36.67835572945541,0.00195536561440509,RPS27A;UBA52,0.03536492379430663,Reactome
REACTOME_DSCAM_INTERACTIONS (Reactome),2,11,36.67835572945541,0.00195536561440509,DSCAM;DCC,0.03536492379430663,Reactome
REACTOME_JOSEPHIN_DOMAIN_DUBS (Reactome),2,11,36.67835572945541,0.00195536561440509,RPS27A;UBA52,0.03536492379430663,Reactome
REACTOME_PEXOPHAGY (Reactome),2,11,36.67835572945541,0.00195536561440509,RPS27A;UBA52,0.03536492379430663,Reactome
REACTOME_REGULATION_OF_BACH1_ACTIVITY (Reactome),2,11,36.67835572945541,0.00195536561440509,RPS27A;UBA52,0.03536492379430663,Reactome
REACTOME_TICAM1_DEPENDENT_ACTIVATION_OF_IRF3_IRF7 (Reactome),2,11,36.67835572945541,0.00195536561440509,RPS27A;UBA52,0.03536492379430663,Reactome
GOBP_MAINTENANCE_OF_PROTEIN_LOCATION (GO_BP),4,87,8.035382686481968,0.001992676905178739,TMSB4X;TMSB10;FBN2;RIT2,0.0353674486448414,GO_BP
GOBP_REGULATION_OF_LONG_TERM_SYNAPTIC_POTENTIATION (GO_BP),3,41,13.098043254281942,0.001994356313184026,EPHA4;NRGN;CALB1,0.0353674486448414,GO_BP
REACTOME_AGGREPHAGY (Reactome),3,41,13.098043254281942,0.001994356313184026,TUBB2B;RPS27A;UBA52,0.0353674486448414,Reactome
GOBP_SYNAPTIC_TRANSMISSION_GLUTAMATERGIC (GO_BP),4,88,7.939465595661598,0.0020777893342485447,SYT1;UNC13B;GRIK4;CDH8,0.03637463251174856,GO_BP
REACTOME_AMYLOID_FIBER_FORMATION (Reactome),4,88,7.939465595661598,0.0020777893342485447,H4C3;RPS27A;UBA52;CALB1,0.03637463251174856,Reactome
GOBP_OVULATION_CYCLE_PROCESS (GO_BP),3,42,12.763355467496337,0.0021382387285160394,INHBA;GPR149;ROBO2,0.03701613149081195,GO_BP
GOBP_SENSORY_ORGAN_DEVELOPMENT (GO_BP),9,461,3.3801562751485026,0.002141541111515301,RPL38;EPHA4;INHBA;PCDH15;DSCAM;FBN2;PBX3;BCL11B;CALB1,0.03701613149081195,GO_BP
GOBP_REGULATION_OF_AXONOGENESIS (GO_BP),5,148,5.85368383009265,0.002163059747419616,EPHA4;CHODL;DSCAM;DCC;ROBO2,0.037152931888069,GO_BP
GOBP_CELL_JUNCTION_ASSEMBLY (GO_BP),8,377,3.6686066593182094,0.002255132612894538,IL1RAPL2;SYNDIG1;DSCAM;LIMCH1;IL1RAPL1;ERBB4;ROBO2;CDH8,0.038492294786343646,GO_BP
GOBP_POSITIVE_REGULATION_OF_SYNAPTIC_TRANSMISSION_GABAERGIC (GO_BP),2,12,33.002993497198034,0.0023370686703839097,ADRA1A;TACR1,0.03868202750799065,GO_BP
GOCC_CHROMAFFIN_GRANULE (GO_CC),2,12,33.002993497198034,0.0023370686703839097,PENK;SYT1,0.03868202750799065,GO_CC
GOMF_PROTEIN_TAG (GO_MF),2,12,33.002993497198034,0.0023370686703839097,RPS27A;UBA52,0.03868202750799065,GO_MF
REACTOME_REGULATION_OF_INNATE_IMMUNE_RESPONSES_TO_CYTOSOLIC_DNA (Reactome),2,12,33.002993497198034,0.0023370686703839097,RPS27A;UBA52,0.03868202750799065,Reactome
REACTOME_TRAF6_MEDIATED_IRF7_ACTIVATION_IN_TLR7_8_OR_9_SIGNALING (Reactome),2,12,33.002993497198034,0.0023370686703839097,RPS27A;UBA52,0.03868202750799065,Reactome
GOCC_TERMINAL_BOUTON (GO_CC),3,44,12.141551570398713,0.002444965033384023,NPY;UNC13B;CALB1,0.040136915383447117,GO_CC
GOBP_DENDRITE_DEVELOPMENT (GO_BP),6,222,4.667263421055989,0.0024543628227886006,EPHA4;DSCAM;DCC;IL1RAPL1;PRKG1;DGKG,0.040136915383447117,GO_BP
REACTOME_SIGNALING_BY_WNT (Reactome),7,301,4.014284203921456,0.002543779785107087,H4C3;RPS27A;UBA52;PRKCB;PRKG1;TLE4;TCF4,0.041279606193608334,Reactome
GOBP_ANTIMICROBIAL_HUMORAL_RESPONSE (GO_BP),3,45,11.852148999259496,0.0026079922621570365,RPS19;RPL30;RPL39,0.041279606193608334,GO_BP
GOBP_POSITIVE_REGULATION_OF_OSSIFICATION (GO_BP),3,45,11.852148999259496,0.0026079922621570365,TENT5A;FBN2;TACR1,0.041279606193608334,GO_BP
GOBP_SMOOTH_MUSCLE_CONTRACTION (GO_BP),4,94,7.409056295145782,0.002641787474528612,ADRA1A;GUCY1A1;PRKG1;TACR1,0.041279606193608334,GO_BP
GOBP_REGULATION_OF_DENDRITE_DEVELOPMENT (GO_BP),4,95,7.327530206572125,0.002745010879623275,EPHA4;DCC;IL1RAPL1;DGKG,0.041279606193608334,GO_BP
REACTOME_CARGO_RECOGNITION_FOR_CLATHRIN_MEDIATED_ENDOCYTOSIS (Reactome),4,95,7.327530206572125,0.002745010879623275,RPS27A;UBA52;SYT1;TACR1,0.041279606193608334,Reactome
GOBP_DETECTION_OF_CALCIUM_ION (GO_BP),2,13,30.009272290874396,0.002750966066362767,SYT1;RYR2,0.041279606193608334,GO_BP
GOBP_NEGATIVE_REGULATION_OF_SMOOTH_MUSCLE_CONTRACTION (GO_BP),2,13,30.009272290874396,0.002750966066362767,GUCY1A1;PRKG1,0.041279606193608334,GO_BP
GOBP_RESPONSE_TO_EPINEPHRINE (GO_BP),2,13,30.009272290874396,0.002750966066362767,PENK;RYR2,0.041279606193608334,GO_BP
GOCC_BETA_CATENIN_TCF_COMPLEX (GO_CC),2,13,30.009272290874396,0.002750966066362767,TLE4;TCF4,0.041279606193608334,GO_CC
GOCC_NEURONAL_DENSE_CORE_VESICLE (GO_CC),2,13,30.009272290874396,0.002750966066362767,PENK;NPY,0.041279606193608334,GO_CC
REACTOME_DOWNREGULATION_OF_ERBB2_ERBB3_SIGNALING (Reactome),2,13,30.009272290874396,0.002750966066362767,RPS27A;UBA52,0.041279606193608334,Reactome
REACTOME_NF_KB_IS_ACTIVATED_AND_SIGNALS_SURVIVAL (Reactome),2,13,30.009272290874396,0.002750966066362767,RPS27A;UBA52,0.041279606193608334,Reactome
REACTOME_P75NTR_RECRUITS_SIGNALLING_COMPLEXES (Reactome),2,13,30.009272290874396,0.002750966066362767,RPS27A;UBA52,0.041279606193608334,Reactome
REACTOME_SUPPRESSION_OF_PHAGOSOMAL_MATURATION (Reactome),2,13,30.009272290874396,0.002750966066362767,RPS27A;UBA52,0.041279606193608334,Reactome
GOBP_B_CELL_RECEPTOR_SIGNALING_PATHWAY (GO_BP),3,46,11.576205209360314,0.0027775804986241363,PLCG2;PRKCB;FOXP1,0.041451214982199544,GO_BP
GOBP_REGULATION_OF_NEUROTRANSMITTER_TRANSPORT (GO_BP),4,96,7.247799965806192,0.002850964764435286,ADRA1A;SYT1;PRKCB;NOS1,0.04169325900516061,GO_BP
GOBP_REGULATION_OF_OSSIFICATION (GO_BP),4,96,7.247799965806192,0.002850964764435286,TENT5A;FBN2;DHRS3;TACR1,0.04169325900516061,GO_BP
GOBP_REGULATION_OF_SYNAPSE_ASSEMBLY (GO_BP),4,96,7.247799965806192,0.002850964764435286,IL1RAPL2;SYNDIG1;IL1RAPL1;ROBO2,0.04169325900516061,GO_BP
GOBP_SEX_DIFFERENTIATION (GO_BP),6,229,4.520020022370091,0.002862243770734649,INHBA;DACH1;GPR149;CSMD1;DACH2;ROBO2,0.04169325900516061,GO_BP
GOBP_RESPONSE_TO_TEMPERATURE_STIMULUS (GO_BP),5,158,5.469843256548007,0.0028701328059209793,PCSK1N;TRPM3;NOS1;TACR1;CDH8,0.04169325900516061,GO_BP
GOBP_REGULATION_OF_NERVOUS_SYSTEM_DEVELOPMENT (GO_BP),8,393,3.513663967203997,0.0029082921605608604,SYNDIG1;EPHA4;CHODL;DSCAM;DCC;IL1RAPL1;RXRG;ROBO2,0.04202405233064396,GO_BP
REACTOME_NOTCH1_INTRACELLULAR_DOMAIN_REGULATES_TRANSCRIPTION (Reactome),3,47,11.312801128414854,0.0029538155548754744,RPS27A;UBA52;TLE4,0.04245721200192063,Reactome
GOBP_REGULATION_OF_BODY_FLUID_LEVELS (GO_BP),7,312,3.867951363182717,0.0031024091273896648,PLCG2;STMN1;PRKG1;ERBB4;DGKG;TACR1;DGKB,0.044315068949589094,GO_BP
GOBP_REGULATION_OF_ACTION_POTENTIAL (GO_BP),3,48,11.062467108669907,0.003136780955349621,ADRA1A;RYR2;TACR1,0.044315068949589094,GO_BP
REACTOME_SIGNALING_BY_ERBB2 (Reactome),3,48,11.062467108669907,0.003136780955349621,RPS27A;UBA52;ERBB4,0.044315068949589094,Reactome
GOBP_POSTSYNAPTIC_MODULATION_OF_CHEMICAL_SYNAPTIC_TRANSMISSION (GO_BP),2,14,27.515320640135418,0.003196656383401337,DCC;NRGN,0.044315068949589094,GO_BP
GOMF_CARBONATE_DEHYDRATASE_ACTIVITY (GO_MF),2,14,27.515320640135418,0.003196656383401337,CA8;CA10,0.044315068949589094,GO_MF
GOMF_HEPARAN_SULFATE_SULFOTRANSFERASE_ACTIVITY (GO_MF),2,14,27.515320640135418,0.003196656383401337,HS3ST4;HS3ST5,0.044315068949589094,GO_MF
REACTOME_IRAK1_RECRUITS_IKK_COMPLEX (Reactome),2,14,27.515320640135418,0.003196656383401337,RPS27A;UBA52,0.044315068949589094,Reactome
KEGG_VASCULAR_SMOOTH_MUSCLE_CONTRACTION (KEGG),4,100,6.942756065315354,0.003302787688957973,ADRA1A;GUCY1A1;PRKCB;PRKG1,0.04555511706335467,KEGG
REACTOME_PLATELET_ACTIVATION_SIGNALING_AND_AGGREGATION (Reactome),6,237,4.361849813441225,0.003388327081432836,PLCG2;TMSB4X;PRKCB;DGKG;TRPC7;DGKB,0.046500106831120984,Reactome
GOBP_DIVALENT_INORGANIC_CATION_HOMEOSTASIS (GO_BP),8,404,3.414740299430777,0.003436933395181607,ADRA1A;PLCG2;PRKCB;NOS1;RYR2;TRPC7;CALB1;TACR1,0.046931325511204845,GO_BP
GOCC_SITE_OF_POLARIZED_GROWTH (GO_CC),5,165,5.229275584477064,0.003455535340883557,EPHA4;DSCAM;DCC;UNC5C;TENM2,0.04695058216892037,GO_CC
REACTOME_ION_CHANNEL_TRANSPORT (Reactome),5,167,5.164269371749034,0.0036374667132698657,RPS27A;UBA52;TRPM3;RYR2;TRPC7,0.04754971080856741,Reactome
GOBP_EMBRYONIC_BRAIN_DEVELOPMENT (GO_BP),2,15,25.367914505079526,0.0036737418457003746,RPL10;TUBB2B,0.04754971080856741,GO_BP
GOBP_LIPID_PHOSPHORYLATION (GO_BP),2,15,25.367914505079526,0.0036737418457003746,DGKG;DGKB,0.04754971080856741,GO_BP
GOBP_REGULATION_OF_GTP_BINDING (GO_BP),2,15,25.367914505079526,0.0036737418457003746,STMN1;EPHA4,0.04754971080856741,GO_BP
GOCC_CYTOSOLIC_REGION (GO_CC),2,15,25.367914505079526,0.0036737418457003746,PRKCB;CALB1,0.04754971080856741,GO_CC
REACTOME_GLYCOGEN_STORAGE_DISEASES (Reactome),2,15,25.367914505079526,0.0036737418457003746,RPS27A;UBA52,0.04754971080856741,Reactome
REACTOME_INLB_MEDIATED_ENTRY_OF_LISTERIA_MONOCYTOGENES_INTO_HOST_CELL (Reactome),2,15,25.367914505079526,0.0036737418457003746,RPS27A;UBA52,0.04754971080856741,Reactome
REACTOME_NEGATIVE_REGULATION_OF_FLT3 (Reactome),2,15,25.367914505079526,0.0036737418457003746,RPS27A;UBA52,0.04754971080856741,Reactome
REACTOME_SIGNALING_BY_NOTCH1_HD_DOMAIN_MUTANTS_IN_CANCER (Reactome),2,15,25.367914505079526,0.0036737418457003746,RPS27A;UBA52,0.04754971080856741,Reactome
REACTOME_TRAF6_MEDIATED_INDUCTION_OF_TAK1_COMPLEX_WITHIN_TLR4_COMPLEX (Reactome),2,15,25.367914505079526,0.0036737418457003746,RPS27A;UBA52,0.04754971080856741,Reactome
GOCC_EXCITATORY_SYNAPSE (GO_CC),3,51,10.366934945834583,0.0037268607850198636,SYNDIG1;SYT1;NETO1,0.04783692494495855,GO_CC
HALLMARK_KRAS_SIGNALING_UP (Hallmark),5,168,5.132287752614762,0.0037309648529022963,PCSK1N;GUCY1A1;PCP4;INHBA;MAP7,0.04783692494495855,Hallmark
GOBP_SYNAPTIC_VESICLE_EXOCYTOSIS (GO_BP),4,104,6.665298452994744,0.0038010846841510237,ADRA1A;SYT1;PRKCB;UNC13B,0.048508234917833855,GO_BP
GOBP_CELL_CELL_ADHESION_VIA_PLASMA_MEMBRANE_ADHESION_MOLECULES (GO_BP),6,244,4.2324178868896905,0.0039049859716407073,PCDH15;DSCAM;IL1RAPL1;TENM2;ROBO2;CDH8,0.04932759893751934,GO_BP
GOBP_POSITIVE_REGULATION_OF_NERVOUS_SYSTEM_DEVELOPMENT (GO_BP),6,244,4.2324178868896905,0.0039049859716407073,SYNDIG1;EPHA4;CHODL;DSCAM;IL1RAPL1;ROBO2,0.04932759893751934,GO_BP
REACTOME_SIGNALING_BY_THE_B_CELL_RECEPTOR_BCR (Reactome),4,105,6.599135559715473,0.003933176276024077,PLCG2;RPS27A;UBA52;PRKCB,0.04932759893751934,Reactome
REACTOME_SIGNALING_BY_PTK6 (Reactome),3,52,10.156075561650907,0.003937538106327066,RPS27A;UBA52;ERBB4,0.04932759893751934,Reactome
GOBP_REGULATION_OF_SYNAPTIC_VESICLE_EXOCYTOSIS (GO_BP),3,53,9.953144392807099,0.004155330127515092,ADRA1A;SYT1;PRKCB,0.0494397102348695,GO_BP
GOCC_INTRINSIC_COMPONENT_OF_POSTSYNAPTIC_DENSITY_MEMBRANE (GO_CC),3,53,9.953144392807099,0.004155330127515092,DCC;ERBB4;NETO1,0.0494397102348695,GO_CC
GOBP_CALCIUM_ION_REGULATED_EXOCYTOSIS_OF_NEUROTRANSMITTER (GO_BP),2,16,23.561302638270796,0.004181828291561645,SYT1;UNC13B,0.0494397102348695,GO_BP
GOBP_REGULATION_OF_PROTEIN_KINASE_C_SIGNALING (GO_BP),2,16,23.561302638270796,0.004181828291561645,ADRA1A;DGKG,0.0494397102348695,GO_BP
REACTOME_ACETYLCHOLINE_NEUROTRANSMITTER_RELEASE_CYCLE (Reactome),2,16,23.561302638270796,0.004181828291561645,SYT1;UNC13B,0.0494397102348695,Reactome
REACTOME_ACTIVATION_OF_IRF3_IRF7_MEDIATED_BY_TBK1_IKK_EPSILON (Reactome),2,16,23.561302638270796,0.004181828291561645,RPS27A;UBA52,0.0494397102348695,Reactome
REACTOME_ASSEMBLY_OF_THE_HIV_VIRION (Reactome),2,16,23.561302638270796,0.004181828291561645,RPS27A;UBA52,0.0494397102348695,Reactome
REACTOME_GLYCOGEN_SYNTHESIS (Reactome),2,16,23.561302638270796,0.004181828291561645,RPS27A;UBA52,0.0494397102348695,Reactome
REACTOME_MAP3K8_TPL2_DEPENDENT_MAPK1_3_ACTIVATION (Reactome),2,16,23.561302638270796,0.004181828291561645,RPS27A;UBA52,0.0494397102348695,Reactome
REACTOME_NRIF_SIGNALS_CELL_DEATH_FROM_THE_NUCLEUS (Reactome),2,16,23.561302638270796,0.004181828291561645,RPS27A;UBA52,0.0494397102348695,Reactome
REACTOME_P75NTR_SIGNALS_VIA_NF_KB (Reactome),2,16,23.561302638270796,0.004181828291561645,RPS27A;UBA52,0.0494397102348695,Reactome
REACTOME_SPRY_REGULATION_OF_FGF_SIGNALING (Reactome),2,16,23.561302638270796,0.004181828291561645,RPS27A;UBA52,0.0494397102348695,Reactome
REACTOME_TGF_BETA_RECEPTOR_SIGNALING_IN_EMT_EPITHELIAL_TO_MESENCHYMAL_TRANSITION (Reactome),2,16,23.561302638270796,0.004181828291561645,RPS27A;UBA52,0.0494397102348695,Reactome
REACTOME_G_ALPHA_Q_SIGNALLING_EVENTS (Reactome),5,174,4.947877749660676,0.004328498729913195,ADRA1A;DGKG;TRPC7;TACR1;DGKB,0.050953146687038514,Reactome
KEGG_NON_SMALL_CELL_LUNG_CANCER (KEGG),3,54,9.757912803491639,0.004380307271731206,PLCG2;PRKCB;RXRG,0.05134171312917564,KEGG
GOBP_LOCOMOTORY_BEHAVIOR (GO_BP),5,175,4.918725682719022,0.004434339625349664,EPHA4;PENK;DSCAM;PBX3;CALB1,0.051752912465085184,GO_BP
GOBP_PLATELET_ACTIVATION (GO_BP),4,109,6.346804843118283,0.004492613184865022,PLCG2;PRKG1;DGKG;DGKB,0.05220990045900585,GO_BP
GOBP_KILLING_OF_CELLS_OF_ANOTHER_ORGANISM (GO_BP),2,17,22.00122001617587,0.004720525144563124,RPS19;RPL30,0.05327171144546236,GO_BP
GOBP_REGULATION_OF_B_CELL_RECEPTOR_SIGNALING_PATHWAY (GO_BP),2,17,22.00122001617587,0.004720525144563124,PRKCB;FOXP1,0.05327171144546236,GO_BP
GOCC_CALYX_OF_HELD (GO_CC),2,17,22.00122001617587,0.004720525144563124,PRKCB;CALB1,0.05327171144546236,GO_CC
GOMF_NADPLUS_KINASE_ACTIVITY (GO_MF),2,17,22.00122001617587,0.004720525144563124,DGKG;DGKB,0.05327171144546236,GO_MF
REACTOME_PROTEIN_METHYLATION (Reactome),2,17,22.00122001617587,0.004720525144563124,RPS2;EEF1A1,0.05327171144546236,Reactome
REACTOME_TICAM1_RIP1_MEDIATED_IKK_COMPLEX_RECRUITMENT (Reactome),2,17,22.00122001617587,0.004720525144563124,RPS27A;UBA52,0.05327171144546236,Reactome
REACTOME_TRANSLESION_SYNTHESIS_BY_POLK (Reactome),2,17,22.00122001617587,0.004720525144563124,RPS27A;UBA52,0.05327171144546236,Reactome
GOBP_REGULATION_OF_CELL_JUNCTION_ASSEMBLY (GO_BP),5,178,4.8331544558409805,0.004762923583615094,IL1RAPL2;SYNDIG1;LIMCH1;IL1RAPL1;ROBO2,0.053528988917089806,GO_BP
GOBP_RESPONSE_TO_BACTERIUM (GO_BP),8,428,3.2166800193596456,0.004848093195835727,PLCG2;RPS19;RPL30;RPL39;TENT5A;PENK;FOXP1;NOS1,0.05426287917142365,GO_BP
GOBP_MEMORY (GO_BP),4,114,6.057219159652995,0.005264257752134925,CSMD1;NETO1;CALB1;TACR1,0.05824788446085695,GO_BP
GOCC_SYNAPTIC_CLEFT (GO_CC),2,18,20.635941699392674,0.00528944538494783,LGI1;CDH8,0.05824788446085695,GO_CC
REACTOME_NOREPINEPHRINE_NEUROTRANSMITTER_RELEASE_CYCLE (Reactome),2,18,20.635941699392674,0.00528944538494783,SYT1;UNC13B,0.05824788446085695,Reactome
REACTOME_SEROTONIN_NEUROTRANSMITTER_RELEASE_CYCLE (Reactome),2,18,20.635941699392674,0.00528944538494783,SYT1;UNC13B,0.05824788446085695,Reactome
GOBP_OSSIFICATION (GO_BP),7,346,3.4755497907697244,0.0054334222865527314,RPS15;RPL38;TENT5A;PENK;FBN2;DHRS3;TACR1,0.059593077367773126,GO_BP
REACTOME_RRNA_MODIFICATION_IN_THE_NUCLEUS_AND_CYTOSOL (Reactome),3,59,8.885514964517958,0.0056152904538554396,RPS14;RPS2;RPS9,0.06134143291791682,Reactome
GOBP_ERYTHROCYTE_HOMEOSTASIS (GO_BP),4,117,5.895783748399362,0.005767352027373512,RPS19;RPS14;RPS17;INHBA,0.06275154735759786,GO_BP
REACTOME_CONSTITUTIVE_SIGNALING_BY_LIGAND_RESPONSIVE_EGFR_CANCER_VARIANTS (Reactome),2,19,19.41531407983426,0.005888205521224774,RPS27A;UBA52,0.06306152658221513,Reactome
REACTOME_REGULATION_OF_FZD_BY_UBIQUITINATION (Reactome),2,19,19.41531407983426,0.005888205521224774,RPS27A;UBA52,0.06306152658221513,Reactome
REACTOME_REGULATION_OF_TP53_ACTIVITY_THROUGH_METHYLATION (Reactome),2,19,19.41531407983426,0.005888205521224774,RPS27A;UBA52,0.06306152658221513,Reactome
REACTOME_TRANSLESION_SYNTHESIS_BY_POLH (Reactome),2,19,19.41531407983426,0.005888205521224774,RPS27A;UBA52,0.06306152658221513,Reactome
GOBP_MAINTENANCE_OF_PROTEIN_LOCATION_IN_CELL (GO_BP),3,62,8.432186683315887,0.006446565330641691,TMSB4X;TMSB10;RIT2,0.06727344898200635,GO_BP
KEGG_AXON_GUIDANCE (KEGG),4,121,5.693418226125272,0.006486652040223763,EPHA4;DCC;UNC5C;ROBO2,0.06727344898200635,KEGG
GOBP_POSITIVE_REGULATION_OF_CELLULAR_COMPONENT_BIOGENESIS (GO_BP),8,450,3.0540251710403536,0.006498184695819934,PLCG2;SYNDIG1;CALY;LIMCH1;IL1RAPL1;UNC13B;TENM2;TACR1,0.06727344898200635,GO_BP
GOBP_NEGATIVE_REGULATION_OF_MUSCLE_CONTRACTION (GO_BP),2,20,18.33625140177126,0.006516425561980574,GUCY1A1;PRKG1,0.06727344898200635,GO_BP
GOBP_OVULATION (GO_BP),2,20,18.33625140177126,0.006516425561980574,INHBA;GPR149,0.06727344898200635,GO_BP
GOMF_NADPLUS_NUCLEOSIDASE_ACTIVITY (GO_MF),2,20,18.33625140177126,0.006516425561980574,IL1RAPL2;IL1RAPL1,0.06727344898200635,GO_MF
GOMF_SYNTAXIN_1_BINDING (GO_MF),2,20,18.33625140177126,0.006516425561980574,SYT1;UNC13B,0.06727344898200635,GO_MF
REACTOME_LISTERIA_MONOCYTOGENES_ENTRY_INTO_HOST_CELLS (Reactome),2,20,18.33625140177126,0.006516425561980574,RPS27A;UBA52,0.06727344898200635,Reactome
REACTOME_RECEPTOR_TYPE_TYROSINE_PROTEIN_PHOSPHATASES (Reactome),2,20,18.33625140177126,0.006516425561980574,IL1RAPL2;IL1RAPL1,0.06727344898200635,Reactome
REACTOME_NEUROTRANSMITTER_RECEPTORS_AND_POSTSYNAPTIC_SIGNAL_TRANSMISSION (Reactome),5,192,4.469534062222006,0.006527815444976816,TUBB2B;PRKCB;ERBB4;NRGN;GRIK4,0.06727344898200635,Reactome
GOBP_CALCIUM_ION_TRANSMEMBRANE_TRANSPORT (GO_BP),6,273,3.7687446216650415,0.006684151030369338,PLCG2;TRPM3;NOS1;RYR2;CACNA2D3;TRPC7,0.0686256258042807,GO_BP
GOBP_CELL_RECOGNITION (GO_BP),4,123,5.597337575165313,0.006867624887031562,EPHA4;OPCML;DSCAM;ROBO2,0.07024525680330784,GO_BP
GOBP_OVULATION_CYCLE (GO_BP),3,64,8.156415101824606,0.007039300422746747,INHBA;GPR149;ROBO2,0.07072727027420729,GO_BP
GOBP_NITRIC_OXIDE_MEDIATED_SIGNAL_TRANSDUCTION (GO_BP),2,21,17.368725900906202,0.00717372898790019,GUCY1A1;NOS1,0.07072727027420729,GO_BP
GOBP_POSITIVE_REGULATION_OF_ANTIGEN_RECEPTOR_MEDIATED_SIGNALING_PATHWAY (GO_BP),2,21,17.368725900906202,0.00717372898790019,PRKCB;FOXP1,0.07072727027420729,GO_BP
GOBP_POSITIVE_REGULATION_OF_BEHAVIOR (GO_BP),2,21,17.368725900906202,0.00717372898790019,PENK;NPY,0.07072727027420729,GO_BP
GOBP_POSITIVE_REGULATION_OF_NUCLEOTIDE_BIOSYNTHETIC_PROCESS (GO_BP),2,21,17.368725900906202,0.00717372898790019,TMSB4X;NOS1,0.07072727027420729,GO_BP
GOBP_RETINA_LAYER_FORMATION (GO_BP),2,21,17.368725900906202,0.00717372898790019,DSCAM;CALB1,0.07072727027420729,GO_BP
REACTOME_ER_QUALITY_CONTROL_COMPARTMENT_ERQC (Reactome),2,21,17.368725900906202,0.00717372898790019,RPS27A;UBA52,0.07072727027420729,Reactome
REACTOME_IKK_COMPLEX_RECRUITMENT_MEDIATED_BY_RIP1 (Reactome),2,21,17.368725900906202,0.00717372898790019,RPS27A;UBA52,0.07072727027420729,Reactome
REACTOME_JNK_C_JUN_KINASES_PHOSPHORYLATION_AND_ACTIVATION_MEDIATED_BY_ACTIVATED_HUMAN_TAK1 (Reactome),2,21,17.368725900906202,0.00717372898790019,RPS27A;UBA52,0.07072727027420729,Reactome
REACTOME_NEGATIVE_REGULATION_OF_MET_ACTIVITY (Reactome),2,21,17.368725900906202,0.00717372898790019,RPS27A;UBA52,0.07072727027420729,Reactome
GOCC_ACTIN_BASED_CELL_PROJECTION (GO_CC),5,197,4.352102752144427,0.0072563605574547324,EPHA4;PCDH15;UNC5C;TENM2;CALB1,0.07128460677125495,GO_CC
GOBP_NEUROTRANSMITTER_TRANSPORT (GO_BP),5,198,4.329374230180048,0.007408601474060755,ADRA1A;SYT1;PRKCB;NOS1;UNC13B,0.07251932123892445,GO_BP
GOMF_CALCIUM_ION_TRANSMEMBRANE_TRANSPORTER_ACTIVITY (GO_MF),4,126,5.459848941927829,0.0074663855206850566,TRPM3;RYR2;CACNA2D3;TRPC7,0.07282392448925318,GO_MF
GOBP_POSITIVE_REGULATION_OF_NEUROGENESIS (GO_BP),5,199,4.306885249848184,0.00756305722478968,EPHA4;CHODL;DSCAM;IL1RAPL1;ROBO2,0.07324364993227168,GO_BP
HALLMARK_MYC_TARGETS_V1 (Hallmark),5,199,4.306885249848184,0.00756305722478968,RPL34;RPL18;RPS2;RPS10;EEF1B2,0.07324364993227168,Hallmark
GOMF_CHANNEL_REGULATOR_ACTIVITY (GO_MF),4,127,5.4152833463088275,0.007673364971393313,NPY;PRKCB;NOS1;PRKG1,0.0735101280110668,GO_MF
GOBP_NEGATIVE_REGULATION_OF_RHO_PROTEIN_SIGNAL_TRANSDUCTION (GO_BP),2,22,16.501966372148836,0.007859742723995424,ADRA1A;STMN1,0.0735101280110668,GO_BP
GOBP_POSITIVE_REGULATION_OF_HEART_RATE (GO_BP),2,22,16.501966372148836,0.007859742723995424,ADRA1A;RYR2,0.0735101280110668,GO_BP
GOCC_AXONAL_GROWTH_CONE (GO_CC),2,22,16.501966372148836,0.007859742723995424,EPHA4;DCC,0.0735101280110668,GO_CC
GOMF_FIBROBLAST_GROWTH_FACTOR_BINDING (GO_MF),2,22,16.501966372148836,0.007859742723995424,RPS19;RPS2,0.0735101280110668,GO_MF
REACTOME_ACTIVATED_TAK1_MEDIATES_P38_MAPK_ACTIVATION (Reactome),2,22,16.501966372148836,0.007859742723995424,RPS27A;UBA52,0.0735101280110668,Reactome
REACTOME_NOTCH2_ACTIVATION_AND_TRANSMISSION_OF_SIGNAL_TO_THE_NUCLEUS (Reactome),2,22,16.501966372148836,0.007859742723995424,RPS27A;UBA52,0.0735101280110668,Reactome
REACTOME_PINK1_PRKN_MEDIATED_MITOPHAGY (Reactome),2,22,16.501966372148836,0.007859742723995424,RPS27A;UBA52,0.0735101280110668,Reactome
REACTOME_REGULATION_OF_SIGNALING_BY_CBL (Reactome),2,22,16.501966372148836,0.007859742723995424,RPS27A;UBA52,0.0735101280110668,Reactome
REACTOME_RESPONSE_OF_MTB_TO_PHAGOCYTOSIS (Reactome),2,22,16.501966372148836,0.007859742723995424,RPS27A;UBA52,0.0735101280110668,Reactome
GOBP_MULTICELLULAR_ORGANISMAL_RESPONSE_TO_STRESS (GO_BP),3,68,7.653029077242074,0.008319076741195747,PENK;NOS1;TACR1,0.07727686591906661,GO_BP
GOBP_REGULATION_OF_CARDIAC_MUSCLE_CONTRACTION (GO_BP),3,68,7.653029077242074,0.008319076741195747,ADRA1A;NOS1;RYR2,0.07727686591906661,GO_BP
GOBP_REGULATION_OF_NEUROTRANSMITTER_LEVELS (GO_BP),5,204,4.1978733232430905,0.00836911435091055,ADRA1A;SYT1;PRKCB;NOS1;UNC13B,0.07747813997402275,GO_BP
GOBP_DIACYLGLYCEROL_METABOLIC_PROCESS (GO_BP),2,23,15.716436494556731,0.008574097112039531,DGKG;DGKB,0.07779355220259122,GO_BP
GOBP_STARTLE_RESPONSE (GO_BP),2,23,15.716436494556731,0.008574097112039531,PENK;CSMD1,0.07779355220259122,GO_BP
REACTOME_DOPAMINE_NEUROTRANSMITTER_RELEASE_CYCLE (Reactome),2,23,15.716436494556731,0.008574097112039531,SYT1;UNC13B,0.07779355220259122,Reactome
REACTOME_GLUTAMATE_NEUROTRANSMITTER_RELEASE_CYCLE (Reactome),2,23,15.716436494556731,0.008574097112039531,SYT1;UNC13B,0.07779355220259122,Reactome
REACTOME_LONG_TERM_POTENTIATION (Reactome),2,23,15.716436494556731,0.008574097112039531,ERBB4;NRGN,0.07779355220259122,Reactome
REACTOME_SIGNALING_BY_EGFR_IN_CANCER (Reactome),2,23,15.716436494556731,0.008574097112039531,RPS27A;UBA52,0.07779355220259122,Reactome
REACTOME_DNA_DOUBLE_STRAND_BREAK_RESPONSE (Reactome),3,69,7.536940322084587,0.00865893069420534,H4C3;RPS27A;UBA52,0.07830311167508207,Reactome
GOBP_MUSCLE_CONTRACTION (GO_BP),6,290,3.540558364599051,0.008862816891876771,ADRA1A;GUCY1A1;NOS1;PRKG1;RYR2;TACR1,0.07988235290995202,GO_BP
REACTOME_TCF_DEPENDENT_SIGNALING_IN_RESPONSE_TO_WNT (Reactome),5,208,4.114455852899735,0.009055434980240846,H4C3;RPS27A;UBA52;TLE4;TCF4,0.08134997674683471,Reactome
GOBP_MELANOCYTE_DIFFERENTIATION (GO_BP),2,24,15.002937927825666,0.009316425883206697,LRMDA;ZEB2,0.08234032067002424,GO_BP
GOBP_PROTEIN_KINASE_C_ACTIVATING_G_PROTEIN_COUPLED_RECEPTOR_SIGNALING_PATHWAY (GO_BP),2,24,15.002937927825666,0.009316425883206697,DGKG;DGKB,0.08234032067002424,GO_BP
REACTOME_APC_C_CDC20_MEDIATED_DEGRADATION_OF_CYCLIN_B (Reactome),2,24,15.002937927825666,0.009316425883206697,RPS27A;UBA52,0.08234032067002424,Reactome
REACTOME_INACTIVATION_OF_CSF3_G_CSF_SIGNALING (Reactome),2,24,15.002937927825666,0.009316425883206697,RPS27A;UBA52,0.08234032067002424,Reactome
REACTOME_RAS_PROCESSING (Reactome),2,24,15.002937927825666,0.009316425883206697,RPS27A;UBA52,0.08234032067002424,Reactome
REACTOME_CLATHRIN_MEDIATED_ENDOCYTOSIS (Reactome),4,135,5.082458434702037,0.009466153150118126,RPS27A;UBA52;SYT1;TACR1,0.08339375565475034,Reactome
GOBP_CALCIUM_ION_TRANSPORT_INTO_CYTOSOL (GO_BP),4,136,5.043889834006761,0.009707760439296125,ADRA1A;PLCG2;NOS1;RYR2,0.08459949496779481,GO_BP
GOBP_POSITIVE_REGULATION_OF_EPITHELIAL_CELL_MIGRATION (GO_BP),4,136,5.043889834006761,0.009707760439296125,PLCG2;TMSB4X;FOXP1;TACR1,0.08459949496779481,GO_BP
GOCC_SCHAFFER_COLLATERAL_CA1_SYNAPSE (GO_CC),3,72,7.209114335379421,0.009726928385165716,TUBB2B;EPHA4;DCC,0.08459949496779481,GO_CC
REACTOME_SIGNALING_BY_NOTCH1 (Reactome),3,72,7.209114335379421,0.009726928385165716,RPS27A;UBA52;TLE4,0.08459949496779481,Reactome
GOBP_POSITIVE_REGULATION_OF_SIGNAL_TRANSDUCTION_BY_P53_CLASS_MEDIATOR (GO_BP),2,25,14.3520842881489,0.010086366130914619,RPL26;RPS15,0.08646051748049245,GO_BP
REACTOME_GAP_FILLING_DNA_REPAIR_SYNTHESIS_AND_LIGATION_IN_GG_NER (Reactome),2,25,14.3520842881489,0.010086366130914619,RPS27A;UBA52,0.08646051748049245,Reactome
REACTOME_NOTCH3_ACTIVATION_AND_TRANSMISSION_OF_SIGNAL_TO_THE_NUCLEUS (Reactome),2,25,14.3520842881489,0.010086366130914619,RPS27A;UBA52,0.08646051748049245,Reactome
REACTOME_TRP_CHANNELS (Reactome),2,25,14.3520842881489,0.010086366130914619,TRPM3;TRPC7,0.08646051748049245,Reactome
GOBP_POSITIVE_REGULATION_OF_AXONOGENESIS (GO_BP),3,73,7.106166614504635,0.010099196293034452,CHODL;DSCAM;ROBO2,0.08646051748049245,GO_BP
GOMF_CATION_CHANNEL_ACTIVITY (GO_MF),6,299,3.4308899071483854,0.01020244229914978,ATP5F1E;TRPM3;RYR2;CACNA2D3;TRPC7;GRIK4,0.08680430657539343,GO_MF
GOBP_CARDIAC_CHAMBER_DEVELOPMENT (GO_BP),4,138,4.968830247335873,0.010202922889308418,DHRS3;RYR2;LMO4;ROBO2,0.08680430657539343,GO_BP
GOBP_CENTRAL_NERVOUS_SYSTEM_NEURON_DEVELOPMENT (GO_BP),3,74,7.006156155360935,0.010479656204029623,EPHA4;NPY;DCC,0.08872536618879659,GO_BP
GOBP_MYELOID_CELL_HOMEOSTASIS (GO_BP),4,140,4.8942745934594285,0.010714175785686756,RPS19;RPS14;RPS17;INHBA,0.08872536618879659,GO_BP
GOCC_CORTICAL_ACTIN_CYTOSKELETON (GO_CC),3,75,6.906044227439199,0.010868340343903465,EEF1A1;PRKCB;CALB1,0.08872536618879659,GO_CC
REACTOME_THE_ROLE_OF_GTSE1_IN_G2_M_PROGRESSION_AFTER_G2_CHECKPOINT (Reactome),3,75,6.906044227439199,0.010868340343903465,TUBB2B;RPS27A;UBA52,0.08872536618879659,Reactome
GOBP_CENTRAL_NERVOUS_SYSTEM_PROJECTION_NEURON_AXONOGENESIS (GO_BP),2,26,13.755867311734532,0.010883558283869227,EPHA4;DCC,0.08872536618879659,GO_BP
GOBP_POSITIVE_T_CELL_SELECTION (GO_BP),2,26,13.755867311734532,0.010883558283869227,TOX;BCL11B,0.08872536618879659,GO_BP
GOMF_ACTIN_MONOMER_BINDING (GO_MF),2,26,13.755867311734532,0.010883558283869227,TMSB4X;TMSB10,0.08872536618879659,GO_MF
GOMF_ANDROGEN_RECEPTOR_BINDING (GO_MF),2,26,13.755867311734532,0.010883558283869227,PRKCB;FOXP1,0.08872536618879659,GO_MF
REACTOME_APC_CDC20_MEDIATED_DEGRADATION_OF_NEK2A (Reactome),2,26,13.755867311734532,0.010883558283869227,RPS27A;UBA52,0.08872536618879659,Reactome
REACTOME_CALNEXIN_CALRETICULIN_CYCLE (Reactome),2,26,13.755867311734532,0.010883558283869227,RPS27A;UBA52,0.08872536618879659,Reactome
REACTOME_DOWNREGULATION_OF_TGF_BETA_RECEPTOR_SIGNALING (Reactome),2,26,13.755867311734532,0.010883558283869227,RPS27A;UBA52,0.08872536618879659,Reactome
REACTOME_INFECTION_WITH_MYCOBACTERIUM_TUBERCULOSIS (Reactome),2,26,13.755867311734532,0.010883558283869227,RPS27A;UBA52,0.08872536618879659,Reactome
REACTOME_NEGATIVE_REGULATION_OF_FGFR3_SIGNALING (Reactome),2,26,13.755867311734532,0.010883558283869227,RPS27A;UBA52,0.08872536618879659,Reactome
REACTOME_NEGATIVE_REGULATION_OF_FGFR4_SIGNALING (Reactome),2,26,13.755867311734532,0.010883558283869227,RPS27A;UBA52,0.08872536618879659,Reactome
GOBP_LEARNING (GO_BP),4,141,4.8584900764972865,0.010975894918165368,CSMD1;NETO1;NRGN;TACR1,0.08894708908459828,GO_BP
GOBP_POSITIVE_REGULATION_OF_ION_TRANSMEMBRANE_TRANSPORT (GO_BP),4,141,4.8584900764972865,0.010975894918165368,PLCG2;TMSB4X;NOS1;RYR2,0.08894708908459828,GO_BP
GOBP_NEUROTRANSMITTER_SECRETION (GO_BP),4,142,4.823195996866639,0.011241706531357793,ADRA1A;SYT1;PRKCB;UNC13B,0.08981343101852386,GO_BP
REACTOME_BETA_CATENIN_INDEPENDENT_WNT_SIGNALING (Reactome),4,142,4.823195996866639,0.011241706531357793,RPS27A;UBA52;PRKCB;PRKG1,0.08981343101852386,Reactome
REACTOME_FORMATION_OF_THE_BETA_CATENIN_TCF_TRANSACTIVATING_COMPLEX (Reactome),3,76,6.81161386744393,0.01126527938843981,H4C3;TLE4;TCF4,0.08981343101852386,Reactome
REACTOME_GPCR_LIGAND_BINDING (Reactome),6,306,3.3499510952576097,0.01133958422260398,RXFP1;ADRA1A;CORT;PENK;NPY;TACR1,0.08981343101852386,Reactome
GOBP_POSITIVE_REGULATION_OF_PEPTIDYL_TYROSINE_PHOSPHORYLATION (GO_BP),4,143,4.788388073276062,0.011511633234757105,ADRA1A;PLCG2;EPHA4;ERBB4,0.08981343101852386,GO_BP
GOBP_NEGATIVE_REGULATION_OF_PROTEIN_POLYMERIZATION (GO_BP),3,77,6.719755957897348,0.011670502485939796,TMSB4X;STMN1;TMSB10,0.08981343101852386,GO_BP
GOBP_REGULATION_OF_RHO_PROTEIN_SIGNAL_TRANSDUCTION (GO_BP),3,77,6.719755957897348,0.011670502485939796,ADRA1A;STMN1;RIT2,0.08981343101852386,GO_BP
GOBP_SPINAL_CORD_DEVELOPMENT (GO_BP),3,77,6.719755957897348,0.011670502485939796,DCC;PBX3;LMO4,0.08981343101852386,GO_BP
GOCC_INTRINSIC_COMPONENT_OF_POSTSYNAPTIC_SPECIALIZATION_MEMBRANE (GO_CC),3,77,6.719755957897348,0.011670502485939796,DCC;ERBB4;NETO1,0.08981343101852386,GO_CC
GOBP_POSITIVE_REGULATION_OF_BLOOD_PRESSURE (GO_BP),2,27,13.196835457681766,0.011707646079309592,ADRA1A;TACR1,0.08981343101852386,GO_BP
GOBP_POSITIVE_REGULATION_OF_SMOOTH_MUSCLE_CONTRACTION (GO_BP),2,27,13.196835457681766,0.011707646079309592,ADRA1A;TACR1,0.08981343101852386,GO_BP
GOBP_POSITIVE_REGULATION_OF_VASOCONSTRICTION (GO_BP),2,27,13.196835457681766,0.011707646079309592,ADRA1A;TACR1,0.08981343101852386,GO_BP
GOBP_RESPONSE_TO_ISOQUINOLINE_ALKALOID (GO_BP),2,27,13.196835457681766,0.011707646079309592,PENK;TACR1,0.08981343101852386,GO_BP
GOCC_SMOOTH_ENDOPLASMIC_RETICULUM (GO_CC),2,27,13.196835457681766,0.011707646079309592,RPL10;RYR2,0.08981343101852386,GO_CC
REACTOME_BUDDING_AND_MATURATION_OF_HIV_VIRION (Reactome),2,27,13.196835457681766,0.011707646079309592,RPS27A;UBA52,0.08981343101852386,Reactome
REACTOME_DOWNREGULATION_OF_SMAD2_3_SMAD4_TRANSCRIPTIONAL_ACTIVITY (Reactome),2,27,13.196835457681766,0.011707646079309592,RPS27A;UBA52,0.08981343101852386,Reactome
REACTOME_FLT3_SIGNALING_IN_DISEASE (Reactome),2,27,13.196835457681766,0.011707646079309592,RPS27A;UBA52,0.08981343101852386,Reactome
REACTOME_GLYCOGEN_METABOLISM (Reactome),2,27,13.196835457681766,0.011707646079309592,RPS27A;UBA52,0.08981343101852386,Reactome
REACTOME_RIPK1_MEDIATED_REGULATED_NECROSIS (Reactome),2,27,13.196835457681766,0.011707646079309592,RPS27A;UBA52,0.08981343101852386,Reactome
REACTOME_AUTOPHAGY (Reactome),4,145,4.720207905699495,0.012063920707603072,TUBB2B;RPS27A;UBA52;EEF1A1,0.09167084947283498,Reactome
GOBP_CELLULAR_RESPONSE_TO_CALCIUM_ION (GO_BP),3,78,6.630174925280235,0.012084037279465614,PLCG2;SYT1;CPNE8,0.09167084947283498,GO_BP
GOBP_REGULATION_OF_STRIATED_MUSCLE_CONTRACTION (GO_BP),3,78,6.630174925280235,0.012084037279465614,ADRA1A;NOS1;RYR2,0.09167084947283498,GO_BP
REACTOME_SELECTIVE_AUTOPHAGY (Reactome),3,78,6.630174925280235,0.012084037279465614,TUBB2B;RPS27A;UBA52,0.09167084947283498,Reactome
GOBP_DEFENSE_RESPONSE_TO_BACTERIUM (GO_BP),4,146,4.686822270474741,0.012346325050782632,RPS19;RPL30;RPL39;FOXP1,0.09340114602129465,GO_BP
GOBP_VASCULAR_PROCESS_IN_CIRCULATORY_SYSTEM (GO_BP),5,225,3.794277384523079,0.012407012499812093,ADRA1A;GUCY1A1;NOS1;PRKG1;TACR1,0.09360096999167632,GO_BP
GOBP_FEEDING_BEHAVIOR (GO_BP),3,79,6.542697813870898,0.012505909928844075,DACH1;NPY;TACR1,0.09370670278975593,GO_BP
GOBP_MATURATION_OF_LSU_RRNA (GO_BP),2,28,12.692252338723444,0.012558276536452095,RPL7;RPL10A,0.09370670278975593,GO_BP
GOBP_PROTEIN_KINASE_C_SIGNALING (GO_BP),2,28,12.692252338723444,0.012558276536452095,ADRA1A;DGKG,0.09370670278975593,GO_BP
REACTOME_NEGATIVE_REGULATION_OF_FGFR1_SIGNALING (Reactome),2,28,12.692252338723444,0.012558276536452095,RPS27A;UBA52,0.09370670278975593,Reactome
GOBP_LONG_TERM_SYNAPTIC_POTENTIATION (GO_BP),3,80,6.4574914329515245,0.0129361451324325,EPHA4;NRGN;CALB1,0.0960016640126988,GO_BP
REACTOME_DOWNSTREAM_SIGNALING_EVENTS_OF_B_CELL_RECEPTOR_BCR (Reactome),3,80,6.4574914329515245,0.0129361451324325,RPS27A;UBA52;PRKCB,0.0960016640126988,Reactome
GOBP_RETINOIC_ACID_RECEPTOR_SIGNALING_PATHWAY (GO_BP),2,29,12.221907951890298,0.013435099930131889,DHRS3;RXRG,0.09758313273720795,GO_BP
REACTOME_EGFR_DOWNREGULATION (Reactome),2,29,12.221907951890298,0.013435099930131889,RPS27A;UBA52,0.09758313273720795,Reactome
REACTOME_HS_GAG_BIOSYNTHESIS (Reactome),2,29,12.221907951890298,0.013435099930131889,HS3ST4;HS3ST5,0.09758313273720795,Reactome
REACTOME_MITOPHAGY (Reactome),2,29,12.221907951890298,0.013435099930131889,RPS27A;UBA52,0.09758313273720795,Reactome
REACTOME_NEGATIVE_REGULATION_OF_FGFR2_SIGNALING (Reactome),2,29,12.221907951890298,0.013435099930131889,RPS27A;UBA52,0.09758313273720795,Reactome
REACTOME_SIGNALING_BY_CSF3_G_CSF (Reactome),2,29,12.221907951890298,0.013435099930131889,RPS27A;UBA52,0.09758313273720795,Reactome
REACTOME_TNFR1_INDUCED_NFKAPPAB_SIGNALING_PATHWAY (Reactome),2,29,12.221907951890298,0.013435099930131889,RPS27A;UBA52,0.09758313273720795,Reactome
REACTOME_TRANSLATION_OF_SARS_COV_1_STRUCTURAL_PROTEINS (Reactome),2,29,12.221907951890298,0.013435099930131889,RPS27A;UBA52,0.09758313273720795,Reactome
GOBP_POSITIVE_REGULATION_OF_CELLULAR_AMIDE_METABOLIC_PROCESS (GO_BP),4,150,4.557459851212708,0.013518172714589874,RPL26;RPS9;RPS4X;EPHA4,0.0979260734311537,GO_BP
HALLMARK_KRAS_SIGNALING_DN (Hallmark),4,151,4.5260724482681765,0.01382179450496416,DCC;NOS1;RYR2;TENM2,0.0995971547386977,Hallmark
GOBP_REGULATION_OF_CALCIUM_ION_TRANSMEMBRANE_TRANSPORTER_ACTIVITY (GO_BP),3,82,6.293546951473573,0.013821794817270753,PLCG2;NOS1;RYR2,0.0995971547386977,GO_BP
GOBP_REGULATION_OF_NEUROGENESIS (GO_BP),6,320,3.1988929320988064,0.013877827007062804,EPHA4;CHODL;DSCAM;DCC;IL1RAPL1;ROBO2,0.09973775146391715,GO_BP
GOBP_POSITIVE_REGULATION_OF_ION_TRANSPORT (GO_BP),5,232,3.6764508056320353,0.01400294365416038,PLCG2;TMSB4X;SYT1;NOS1;RYR2,0.10037280608795801,GO_BP
GOBP_SKELETAL_SYSTEM_DEVELOPMENT (GO_BP),7,416,2.873109784837815,0.014061595733294659,RPL13;RPL38;TRPS1;FBN2;DHRS3;FOXP1;KIAA1217,0.10040115186470351,GO_BP
GOCC_TRANSCRIPTION_REGULATOR_COMPLEX (GO_CC),7,417,2.865994773541507,0.014230737118421056,DACH1;PBX3;DACH2;TLE4;TCF4;LMO4;RXRG,0.10040115186470351,GO_CC
GOBP_EATING_BEHAVIOR (GO_BP),2,30,11.785160389266974,0.014337769764640927,NPY;TACR1,0.10040115186470351,GO_BP
REACTOME_ACTIVATED_NOTCH1_TRANSMITS_SIGNAL_TO_THE_NUCLEUS (Reactome),2,30,11.785160389266974,0.014337769764640927,RPS27A;UBA52,0.10040115186470351,Reactome
REACTOME_ENDOSOMAL_SORTING_COMPLEX_REQUIRED_FOR_TRANSPORT_ESCRT (Reactome),2,30,11.785160389266974,0.014337769764640927,RPS27A;UBA52,0.10040115186470351,Reactome
REACTOME_NUCLEAR_SIGNALING_BY_ERBB4 (Reactome),2,30,11.785160389266974,0.014337769764640927,STMN1;ERBB4,0.10040115186470351,Reactome
REACTOME_RECOGNITION_OF_DNA_DAMAGE_BY_PCNA_CONTAINING_REPLICATION_COMPLEX (Reactome),2,30,11.785160389266974,0.014337769764640927,RPS27A;UBA52,0.10040115186470351,Reactome
REACTOME_SYNTHESIS_OF_ACTIVE_UBIQUITIN_ROLES_OF_E1_AND_E2_ENZYMES (Reactome),2,30,11.785160389266974,0.014337769764640927,RPS27A;UBA52,0.10040115186470351,Reactome
REACTOME_TAK1_ACTIVATES_NFKB_BY_PHOSPHORYLATION_AND_ACTIVATION_OF_IKKS_COMPLEX (Reactome),2,30,11.785160389266974,0.014337769764640927,RPS27A;UBA52,0.10040115186470351,Reactome
GOMF_CADHERIN_BINDING (GO_MF),6,324,3.1581752919849535,0.014670457875563895,RPL34;EEF1G;RPL15;RPL23A;RPS2;CDH8,0.10178187992556166,GO_MF
GOMF_TRANSLATION_FACTOR_ACTIVITY_RNA_BINDING (GO_MF),3,84,6.137711346470434,0.014741155503791022,EEF1G;EEF1A1;EEF1B2,0.10178187992556166,GO_MF
KEGG_ERBB_SIGNALING_PATHWAY (KEGG),3,84,6.137711346470434,0.014741155503791022,PLCG2;PRKCB;ERBB4,0.10178187992556166,KEGG
REACTOME_DEGRADATION_OF_BETA_CATENIN_BY_THE_DESTRUCTION_COMPLEX (Reactome),3,84,6.137711346470434,0.014741155503791022,RPS27A;UBA52;TLE4,0.10178187992556166,Reactome
GOBP_PROTEIN_CONTAINING_COMPLEX_LOCALIZATION (GO_BP),4,154,4.435877423696136,0.014758558934647534,RPS15;CALY;LGI1;NETO1,0.10178187992556166,GO_BP
GOBP_REGULATION_OF_CATION_CHANNEL_ACTIVITY (GO_BP),4,154,4.435877423696136,0.014758558934647534,PLCG2;TMSB4X;NOS1;NETO1,0.10178187992556166,GO_BP
GOBP_CYTOSOLIC_CALCIUM_ION_TRANSPORT (GO_BP),4,155,4.4062626992181695,0.015079509956358369,ADRA1A;PLCG2;NOS1;RYR2,0.10373335438492369,GO_BP
GOBP_REGULATION_OF_SYNAPTIC_TRANSMISSION_GABAERGIC (GO_BP),2,31,11.378528699870028,0.015265942747760523,ADRA1A;TACR1,0.10409982877782183,GO_BP
GOBP_RELAXATION_OF_MUSCLE (GO_BP),2,31,11.378528699870028,0.015265942747760523,GUCY1A1;PRKG1,0.10409982877782183,GO_BP
REACTOME_SMAD2_SMAD3_SMAD4_HETEROTRIMER_REGULATES_TRANSCRIPTION (Reactome),2,31,11.378528699870028,0.015265942747760523,RPS27A;UBA52,0.10409982877782183,Reactome
GOBP_SENSORY_SYSTEM_DEVELOPMENT (GO_BP),6,327,3.128302822791721,0.015285254976164977,INHBA;DSCAM;FBN2;PBX3;BCL11B;CALB1,0.10409982877782183,GO_BP
GOBP_HOMOPHILIC_CELL_ADHESION_VIA_PLASMA_MEMBRANE_ADHESION_MOLECULES (GO_BP),4,156,4.377057657188765,0.015404839842570166,PCDH15;DSCAM;ROBO2;CDH8,0.104653277636963,GO_BP
GOBP_RESPONSE_TO_CATECHOLAMINE (GO_BP),3,86,5.989399928790079,0.01569437433216519,PENK;CALY;RYR2,0.10635567320382913,GO_BP
GOBP_ALPHA_BETA_T_CELL_DIFFERENTIATION (GO_BP),3,87,5.917893865651075,0.016183720668843306,FOXP1;TOX;BCL11B,0.10673457905344812,GO_BP
GOBP_RESPONSE_TO_ALKALOID (GO_BP),3,87,5.917893865651075,0.016183720668843306,PENK;RYR2;TACR1,0.10673457905344812,GO_BP
KEGG_FC_GAMMA_R_MEDIATED_PHAGOCYTOSIS (KEGG),3,87,5.917893865651075,0.016183720668843306,PLCG2;MARCKSL1;PRKCB,0.10673457905344812,KEGG
REACTOME_PROTEIN_PROTEIN_INTERACTIONS_AT_SYNAPSES (Reactome),3,87,5.917893865651075,0.016183720668843306,IL1RAPL2;SYT1;IL1RAPL1,0.10673457905344812,Reactome
GOBP_HEPARAN_SULFATE_PROTEOGLYCAN_METABOLIC_PROCESS (GO_BP),2,32,11.000401437040612,0.01621927876498754,HS3ST4;HS3ST5,0.10673457905344812,GO_BP
GOBP_OLFACTORY_LOBE_DEVELOPMENT (GO_BP),2,32,11.000401437040612,0.01621927876498754,ERBB4;ROBO2,0.10673457905344812,GO_BP
GOBP_REGULATION_OF_PRESYNAPSE_ORGANIZATION (GO_BP),2,32,11.000401437040612,0.01621927876498754,IL1RAPL2;IL1RAPL1,0.10673457905344812,GO_BP
REACTOME_LATE_ENDOSOMAL_MICROAUTOPHAGY (Reactome),2,32,11.000401437040612,0.01621927876498754,RPS27A;UBA52,0.10673457905344812,Reactome
REACTOME_ONCOGENE_INDUCED_SENESCENCE (Reactome),2,32,11.000401437040612,0.01621927876498754,RPS27A;UBA52,0.10673457905344812,Reactome
REACTOME_SIGNALING_BY_NOTCH2 (Reactome),2,32,11.000401437040612,0.01621927876498754,RPS27A;UBA52,0.10673457905344812,Reactome
REACTOME_TERMINATION_OF_TRANSLESION_DNA_SYNTHESIS (Reactome),2,32,11.000401437040612,0.01621927876498754,RPS27A;UBA52,0.10673457905344812,Reactome
REACTOME_TGF_BETA_RECEPTOR_SIGNALING_ACTIVATES_SMADS (Reactome),2,32,11.000401437040612,0.01621927876498754,RPS27A;UBA52,0.10673457905344812,Reactome
GOBP_MUSCLE_CELL_PROLIFERATION (GO_BP),4,160,4.2641019931724164,0.016750302041526808,FOXP1;PRKG1;ERBB4;TACR1,0.10996412229665796,GO_BP
GOBP_REGULATION_OF_ACTOMYOSIN_STRUCTURE_ORGANIZATION (GO_BP),3,89,5.779872186885558,0.01718795601875347,STMN1;LIMCH1;TACR1,0.11155869589583009,GO_BP
REACTOME_PROCESSING_OF_DNA_DOUBLE_STRAND_BREAK_ENDS (Reactome),3,89,5.779872186885558,0.01718795601875347,H4C3;RPS27A;UBA52,0.11155869589583009,Reactome
GOBP_LONG_TERM_MEMORY (GO_BP),2,33,10.645919655417863,0.01719744085395257,CALB1;TACR1,0.11155869589583009,GO_BP
REACTOME_DISEASES_OF_CARBOHYDRATE_METABOLISM (Reactome),2,33,10.645919655417863,0.01719744085395257,RPS27A;UBA52,0.11155869589583009,Reactome
REACTOME_METALLOPROTEASE_DUBS (Reactome),2,33,10.645919655417863,0.01719744085395257,RPS27A;UBA52,0.11155869589583009,Reactome
GOBP_REGULATION_OF_ACTIN_FILAMENT_ORGANIZATION (GO_BP),5,245,3.475382569611146,0.017322389955502605,TMSB4X;STMN1;TMSB10;LIMCH1;TACR1,0.11210295490160571,GO_BP
REACTOME_ACTIVATION_OF_NMDA_RECEPTORS_AND_POSTSYNAPTIC_EVENTS (Reactome),3,90,5.713241532637196,0.017702868748487137,TUBB2B;ERBB4;NRGN,0.11402484564178862,Reactome
REACTOME_PCP_CE_PATHWAY (Reactome),3,90,5.713241532637196,0.017702868748487137,RPS27A;UBA52;PRKCB,0.11402484564178862,Reactome
GOBP_CELL_GROWTH (GO_BP),7,437,2.7305481414616417,0.01792714330927096,ADRA1A;SYT1;INHBA;DSCAM;DCC;LGI1;MEG3,0.11426312628489062,GO_BP
GOBP_CENTRAL_NERVOUS_SYSTEM_NEURON_AXONOGENESIS (GO_BP),2,34,10.30941704642128,0.018200095179028715,EPHA4;DCC,0.11426312628489062,GO_BP
GOBP_CYCLIC_NUCLEOTIDE_METABOLIC_PROCESS (GO_BP),2,34,10.30941704642128,0.018200095179028715,PDE7B;GUCY1A1,0.11426312628489062,GO_BP
GOBP_PHOSPHATIDIC_ACID_METABOLIC_PROCESS (GO_BP),2,34,10.30941704642128,0.018200095179028715,DGKG;DGKB,0.11426312628489062,GO_BP
GOBP_PIGMENT_CELL_DIFFERENTIATION (GO_BP),2,34,10.30941704642128,0.018200095179028715,LRMDA;ZEB2,0.11426312628489062,GO_BP
GOBP_POSITIVE_REGULATION_OF_BLOOD_CIRCULATION (GO_BP),2,34,10.30941704642128,0.018200095179028715,ADRA1A;RYR2,0.11426312628489062,GO_BP
GOBP_POSITIVE_REGULATION_OF_DENDRITE_MORPHOGENESIS (GO_BP),2,34,10.30941704642128,0.018200095179028715,EPHA4;IL1RAPL1,0.11426312628489062,GO_BP
GOBP_REGULATION_OF_SYSTEMIC_ARTERIAL_BLOOD_PRESSURE_MEDIATED_BY_A_CHEMICAL_SIGNAL (GO_BP),2,34,10.30941704642128,0.018200095179028715,ADRA1A;TACR1,0.11426312628489062,GO_BP
REACTOME_NEGATIVE_REGULATORS_OF_DDX58_IFIH1_SIGNALING (Reactome),2,34,10.30941704642128,0.018200095179028715,RPS27A;UBA52,0.11426312628489062,Reactome
REACTOME_NOD1_2_SIGNALING_PATHWAY (Reactome),2,34,10.30941704642128,0.018200095179028715,RPS27A;UBA52,0.11426312628489062,Reactome
REACTOME_REGULATION_OF_TNFR1_SIGNALING (Reactome),2,34,10.30941704642128,0.018200095179028715,RPS27A;UBA52,0.11426312628489062,Reactome
GOBP_REGULATION_OF_CELL_DEVELOPMENT (GO_BP),7,439,2.7177089222985904,0.01833068662416487,RPS19;EPHA4;CHODL;DSCAM;DCC;IL1RAPL1;ROBO2,0.11481904855640886,GO_BP
GOBP_CARDIAC_SEPTUM_DEVELOPMENT (GO_BP),3,92,5.584472407360967,0.018758334301251726,DHRS3;LMO4;ROBO2,0.11722885807029397,GO_BP
GOBP_DETECTION_OF_STIMULUS (GO_BP),5,251,3.389911858886824,0.019016400257957394,SYT1;DACH1;TRPM3;RYR2;TACR1,0.11857029475909052,GO_BP
GOBP_FOREBRAIN_NEURON_DIFFERENTIATION (GO_BP),2,35,9.997852594383458,0.019226911006130068,INHBA;BCL11B,0.11879795013063624,GO_BP
GOBP_REGULATION_OF_NUCLEOTIDE_BIOSYNTHETIC_PROCESS (GO_BP),2,35,9.997852594383458,0.019226911006130068,TMSB4X;NOS1,0.11879795013063624,GO_BP
GOCC_DENDRITIC_SHAFT (GO_CC),2,35,9.997852594383458,0.019226911006130068,SYNDIG1;EPHA4,0.11879795013063624,GO_CC
REACTOME_N_GLYCAN_TRIMMING_IN_THE_ER_AND_CALNEXIN_CALRETICULIN_CYCLE (Reactome),2,35,9.997852594383458,0.019226911006130068,RPS27A;UBA52,0.11879795013063624,Reactome
GOBP_GLAND_DEVELOPMENT (GO_BP),6,346,2.9513800015987295,0.019598993466890553,RXFP1;RPS15;CSMD1;ERBB4;BCL11B;LMO4,0.12082359177895734,GO_BP
GOMF_PROTEIN_TYROSINE_KINASE_BINDING (GO_MF),3,94,5.462107996329534,0.019848039167232996,PLCG2;EPHA4;DSCAM,0.12153586315182356,GO_MF
REACTOME_CLEC7A_DECTIN_1_SIGNALING (Reactome),3,94,5.462107996329534,0.019848039167232996,PLCG2;RPS27A;UBA52,0.12153586315182356,Reactome
REACTOME_SENESCENCE_ASSOCIATED_SECRETORY_PHENOTYPE_SASP (Reactome),3,94,5.462107996329534,0.019848039167232996,H4C3;RPS27A;UBA52,0.12153586315182356,Reactome
GOBP_REGULATION_OF_TRANSPORTER_ACTIVITY (GO_BP),5,254,3.3486910440451165,0.019902894757564217,PLCG2;TMSB4X;NOS1;RYR2;NETO1,0.12159911763514065,GO_BP
GOBP_T_CELL_SELECTION (GO_BP),2,36,9.703887094173172,0.02027756067769775,TOX;BCL11B,0.12333634345388096,GO_BP
REACTOME_SIGNALING_BY_FGFR4 (Reactome),2,36,9.703887094173172,0.02027756067769775,RPS27A;UBA52,0.12333634345388096,Reactome
GOBP_EMBRYONIC_ORGAN_DEVELOPMENT (GO_BP),6,350,2.916625901981808,0.020602858215992427,RPL10;TUBB2B;RPL38;FBN2;PBX3;RYR2,0.1250364573063896,GO_BP
GOBP_REGULATION_OF_ACTIN_FILAMENT_BUNDLE_ASSEMBLY (GO_BP),3,96,5.344309622844701,0.02097202989677995,STMN1;LIMCH1;TACR1,0.12692212612849527,GO_BP
GOCC_CYTOPLASMIC_SIDE_OF_MEMBRANE (GO_CC),4,172,3.9577666958344557,0.021219265975911488,RPS29;RPS28;RPL27;EEF1A1,0.12692212612849527,GO_CC
GOBP_DEFENSE_RESPONSE_TO_GRAM_NEGATIVE_BACTERIUM (GO_BP),2,37,9.428529591983631,0.021351719587872978,RPS19;RPL30,0.12692212612849527,GO_BP
GOBP_ONE_CARBON_METABOLIC_PROCESS (GO_BP),2,37,9.428529591983631,0.021351719587872978,CA8;CA10,0.12692212612849527,GO_BP
GOBP_POSITIVE_REGULATION_OF_BONE_MINERALIZATION (GO_BP),2,37,9.428529591983631,0.021351719587872978,TENT5A;FBN2,0.12692212612849527,GO_BP
GOBP_POSITIVE_REGULATION_OF_CALCIUM_ION_TRANSMEMBRANE_TRANSPORTER_ACTIVITY (GO_BP),2,37,9.428529591983631,0.021351719587872978,PLCG2;RYR2,0.12692212612849527,GO_BP
REACTOME_OVARIAN_TUMOR_DOMAIN_PROTEASES (Reactome),2,37,9.428529591983631,0.021351719587872978,RPS27A;UBA52,0.12692212612849527,Reactome
REACTOME_REGULATION_OF_TP53_EXPRESSION_AND_DEGRADATION (Reactome),2,37,9.428529591983631,0.021351719587872978,RPS27A;UBA52,0.12692212612849527,Reactome
REACTOME_SIGNALING_BY_FGFR3 (Reactome),2,37,9.428529591983631,0.021351719587872978,RPS27A;UBA52,0.12692212612849527,Reactome
GOBP_REGULATION_OF_ACTIN_FILAMENT_BASED_PROCESS (GO_BP),6,353,2.891086353909822,0.021378314909962587,TMSB4X;STMN1;TMSB10;LIMCH1;RYR2;TACR1,0.12692212612849527,GO_BP
GOBP_POSITIVE_REGULATION_OF_CELL_DEVELOPMENT (GO_BP),5,261,3.256263639731931,0.022075732650895626,EPHA4;CHODL;DSCAM;IL1RAPL1;ROBO2,0.1301664536668847,GO_BP
GOBP_CARDIAC_CHAMBER_MORPHOGENESIS (GO_BP),3,98,5.2314532676503696,0.0221303347378587,DHRS3;RYR2;ROBO2,0.1301664536668847,GO_BP
REACTOME_SIGNALING_BY_TGFB_FAMILY_MEMBERS (Reactome),3,98,5.2314532676503696,0.0221303347378587,RPS27A;UBA52;INHBA,0.1301664536668847,Reactome
GOBP_EAR_DEVELOPMENT (GO_BP),4,175,3.887912293998797,0.02243996103568127,RPL38;EPHA4;PCDH15;CALB1,0.1301664536668847,GO_BP
GOBP_INTERLEUKIN_12_PRODUCTION (GO_BP),2,38,9.164981071322806,0.022449066157855253,PLCG2;FOXP1,0.1301664536668847,GO_BP
GOBP_POSITIVE_REGULATION_OF_NUCLEOTIDE_METABOLIC_PROCESS (GO_BP),2,38,9.164981071322806,0.022449066157855253,TMSB4X;NOS1,0.1301664536668847,GO_BP
GOBP_THYMUS_DEVELOPMENT (GO_BP),2,38,9.164981071322806,0.022449066157855253,BCL11B;LMO4,0.1301664536668847,GO_BP
GOMF_GLUTAMATE_RECEPTOR_BINDING (GO_MF),2,38,9.164981071322806,0.022449066157855253,SYNDIG1;NETO1,0.1301664536668847,GO_MF
REACTOME_DNA_DAMAGE_RECOGNITION_IN_GG_NER (Reactome),2,38,9.164981071322806,0.022449066157855253,RPS27A;UBA52,0.1301664536668847,Reactome
REACTOME_FANCONI_ANEMIA_PATHWAY (Reactome),2,38,9.164981071322806,0.022449066157855253,RPS27A;UBA52,0.1301664536668847,Reactome
REACTOME_FLT3_SIGNALING (Reactome),2,38,9.164981071322806,0.022449066157855253,RPS27A;UBA52,0.1301664536668847,Reactome
GOBP_STRESS_FIBER_ASSEMBLY (GO_BP),3,99,5.176781283808233,0.022722358914760304,STMN1;LIMCH1;TACR1,0.13091721982322868,GO_BP
GOCC_FILOPODIUM (GO_CC),3,99,5.176781283808233,0.022722358914760304,EPHA4;UNC5C;TENM2,0.13091721982322868,GO_CC
GOCC_SYNAPTIC_VESICLE_MEMBRANE (GO_CC),3,99,5.176781283808233,0.022722358914760304,SYNDIG1;SYT1;UNC13B,0.13091721982322868,GO_CC
GOBP_REGULATION_OF_SYNAPTIC_PLASTICITY (GO_BP),4,176,3.865171838038551,0.022856192393506843,EPHA4;NETO1;NRGN;CALB1,0.1314110766877204,GO_BP
GOBP_MUSCLE_SYSTEM_PROCESS (GO_BP),6,360,2.833177933063866,0.023264111939889198,ADRA1A;GUCY1A1;NOS1;PRKG1;RYR2;TACR1,0.13326999072829124,GO_BP
HALLMARK_ESTROGEN_RESPONSE_EARLY (Hallmark),4,177,3.8426961572839735,0.02327710932896189,TUBB2B;DHRS3;PRSS23;BCL11B,0.13326999072829124,Hallmark
GOBP_HETEROPHILIC_CELL_CELL_ADHESION_VIA_PLASMA_MEMBRANE_CELL_ADHESION_MOLECULES (GO_BP),2,39,8.916564951332953,0.023569281811444867,IL1RAPL1;TENM2,0.13437934995210005,GO_BP
REACTOME_TRANSLESION_SYNTHESIS_BY_Y_FAMILY_DNA_POLYMERASES_BYPASSES_LESIONS_ON_DNA_TEMPLATE (Reactome),2,39,8.916564951332953,0.023569281811444867,RPS27A;UBA52,0.13437934995210005,Reactome
GOCC_CORTICAL_CYTOSKELETON (GO_CC),3,101,5.070048297710848,0.023932149261916887,EEF1A1;PRKCB;CALB1,0.13616395757144795,GO_CC
GOBP_CARDIAC_VENTRICLE_DEVELOPMENT (GO_BP),3,102,5.018951238117802,0.024549911667944933,RYR2;LMO4;ROBO2,0.13903036517924938,GO_BP
GOBP_POSITIVE_REGULATION_OF_TRANSMEMBRANE_TRANSPORT (GO_BP),4,180,3.776815186706785,0.02456808148774768,PLCG2;TMSB4X;NOS1;RYR2,0.13903036517924938,GO_BP
GOBP_REGULATION_OF_VESICLE_MEDIATED_TRANSPORT (GO_BP),7,467,2.5496876169917733,0.024669037422823014,ADRA1A;PLCG2;SYT1;CALY;PRKCB;IL1RAPL1;RIT2,0.13903036517924938,GO_BP
GOBP_NEGATIVE_REGULATION_OF_COAGULATION (GO_BP),2,40,8.681554514038694,0.024712050950767818,HS3ST5;PRKG1,0.13903036517924938,GO_BP
GOBP_POSITIVE_REGULATION_OF_MUSCLE_CONTRACTION (GO_BP),2,40,8.681554514038694,0.024712050950767818,ADRA1A;TACR1,0.13903036517924938,GO_BP
GOBP_REGULATION_OF_INFLAMMATORY_RESPONSE (GO_BP),5,269,3.1566307104665627,0.024741397831239544,PLCG2;RPS19;TMSB4X;NPY;FOXP1,0.13903036517924938,GO_BP
GOMF_TRANSLATION_REGULATOR_ACTIVITY_NUCLEIC_ACID_BINDING (GO_MF),3,103,4.968954985586055,0.025176248005521252,EEF1G;EEF1A1;EEF1B2,0.141183435940613,GO_MF
GOBP_REGULATION_OF_CHEMOTAXIS (GO_BP),4,182,3.734141704675844,0.025452349557674395,TMSB4X;TUBB2B;DSCAM;ROBO2,0.14204270195393073,GO_BP
GOBP_REGULATION_OF_EXOCYTOSIS (GO_BP),4,182,3.734141704675844,0.025452349557674395,ADRA1A;SYT1;PRKCB;IL1RAPL1,0.14204270195393073,GO_BP
GOMF_GUANYL_NUCLEOTIDE_BINDING (GO_MF),6,368,2.7697395138220937,0.025552818052830543,TUBB2B;EEF1A1;GUCY1A1;ARL17B;PRKG1;RIT2,0.14204270195393073,GO_MF
GOBP_TISSUE_MIGRATION (GO_BP),5,272,3.1208070574831988,0.025792095075469333,PLCG2;TMSB4X;FOXP1;ZEB2;TACR1,0.14204270195393073,GO_BP
REACTOME_TCR_SIGNALING (Reactome),3,104,4.918359734354854,0.02581115384675006,PLCG2;RPS27A;UBA52,0.14204270195393073,Reactome
GOBP_COCHLEA_DEVELOPMENT (GO_BP),2,41,8.457649089361198,0.025877060932182387,EPHA4;CALB1,0.14204270195393073,GO_BP
GOBP_RESPONSE_TO_NICOTINE (GO_BP),2,41,8.457649089361198,0.025877060932182387,PENK;TACR1,0.14204270195393073,GO_BP
KEGG_GLYCEROLIPID_METABOLISM (KEGG),2,41,8.457649089361198,0.025877060932182387,DGKG;DGKB,0.14204270195393073,KEGG
REACTOME_DUAL_INCISION_IN_GG_NER (Reactome),2,41,8.457649089361198,0.025877060932182387,RPS27A;UBA52,0.14204270195393073,Reactome
REACTOME_SIGNALING_BY_RETINOIC_ACID (Reactome),2,41,8.457649089361198,0.025877060932182387,DHRS3;RXRG,0.14204270195393073,Reactome
GOCC_TRANSPORT_VESICLE_MEMBRANE (GO_CC),4,183,3.713167112414218,0.02590159852546961,SYNDIG1;SYT1;UNC13B;NRGN,0.14204270195393073,GO_CC
GOBP_PURINE_CONTAINING_COMPOUND_BIOSYNTHETIC_PROCESS (GO_BP),4,184,3.6924287700809635,0.026355602890219668,TMSB4X;ATP5F1E;GUCY1A1;NOS1,0.14424278856350684,GO_BP
GOBP_SEQUESTERING_OF_CALCIUM_ION (GO_BP),3,105,4.870152965961879,0.02645462377530081,PLCG2;NOS1;RYR2,0.14449515506069302,GO_BP
GOBP_AMEBOIDAL_TYPE_CELL_MIGRATION (GO_BP),6,372,2.738965473711318,0.026751598711767802,PLCG2;TMSB4X;FOXP1;ERBB4;ZEB2;TACR1,0.1458255810016724,GO_BP
REACTOME_INTERLEUKIN_3_INTERLEUKIN_5_AND_GM_CSF_SIGNALING (Reactome),2,42,8.245905396391725,0.027064002042365726,RPS27A;UBA52,0.1472346405930295,Reactome
GOBP_EPITHELIAL_TUBE_MORPHOGENESIS (GO_BP),5,276,3.074275761281534,0.027236951285849496,EPHA4;CSMD1;FOXP1;RYR2;LMO4,0.1478094806126004,GO_BP
GOBP_HEMOSTASIS (GO_BP),4,186,3.651645651303003,0.02727791220386328,PLCG2;PRKG1;DGKG;DGKB,0.1478094806126004,GO_BP
GOBP_CAMERA_TYPE_EYE_DEVELOPMENT (GO_BP),5,277,3.0628567669034368,0.02760606231088831,INHBA;DSCAM;FBN2;BCL11B;CALB1,0.14899635606924105,GO_BP
GOMF_DNA_BINDING_TRANSCRIPTION_REPRESSOR_ACTIVITY (GO_MF),5,277,3.0628567669034368,0.02760606231088831,FOXP2;DACH1;TRPS1;FOXP1;ZEB2,0.14899635606924105,GO_MF
REACTOME_SEPARATION_OF_SISTER_CHROMATIDS (Reactome),4,187,3.631593429132616,0.027746233548047828,RPS27;TUBB2B;RPS27A;UBA52,0.1494575223268612,Reactome
GOBP_REGULATION_OF_DEVELOPMENTAL_GROWTH (GO_BP),5,278,3.0515214327287854,0.027978347423862005,SYT1;TLL2;DSCAM;DCC;ERBB4,0.15041115514678569,GO_BP
GOBP_FOREBRAIN_GENERATION_OF_NEURONS (GO_BP),2,43,8.045584280123764,0.02827256747457937,INHBA;BCL11B,0.15051146544459312,GO_BP
GOMF_HYDROLASE_ACTIVITY_HYDROLYZING_N_GLYCOSYL_COMPOUNDS (GO_MF),2,43,8.045584280123764,0.02827256747457937,IL1RAPL2;IL1RAPL1,0.15051146544459312,GO_MF
REACTOME_FORMATION_OF_INCISION_COMPLEX_IN_GG_NER (Reactome),2,43,8.045584280123764,0.02827256747457937,RPS27A;UBA52,0.15051146544459312,Reactome
REACTOME_NEGATIVE_REGULATION_OF_MAPK_PATHWAY (Reactome),2,43,8.045584280123764,0.02827256747457937,RPS27A;UBA52,0.15051146544459312,Reactome
REACTOME_TNF_SIGNALING (Reactome),2,43,8.045584280123764,0.02827256747457937,RPS27A;UBA52,0.15051146544459312,Reactome
GOBP_POSITIVE_REGULATION_OF_TRANSPORTER_ACTIVITY (GO_BP),3,108,4.730765232512842,0.028436349436245956,PLCG2;TMSB4X;RYR2,0.15108885274394496,GO_BP
GOBP_COGNITION (GO_BP),5,280,3.0291075239344796,0.028732469468173562,CSMD1;NETO1;NRGN;CALB1;TACR1,0.15236577498559611,GO_BP
REACTOME_OXIDATIVE_STRESS_INDUCED_SENESCENCE (Reactome),3,109,4.686004738203686,0.029114002349020868,H4C3;RPS27A;UBA52,0.15408980700615502,Reactome
GOBP_NEGATIVE_REGULATION_OF_LOCOMOTION (GO_BP),5,282,3.007012506026618,0.029499375219769346,EPHA4;DACH1;LIMCH1;PRKG1;ROBO2,0.1546472168450329,GO_BP
GOBP_DEVELOPMENTAL_PIGMENTATION (GO_BP),2,44,7.8538213967621235,0.029502453305112464,LRMDA;ZEB2,0.1546472168450329,GO_BP
GOBP_REGULATION_OF_MICROTUBULE_BASED_MOVEMENT (GO_BP),2,44,7.8538213967621235,0.029502453305112464,CALY;TACR1,0.1546472168450329,GO_BP
GOBP_RESPONSE_TO_EPIDERMAL_GROWTH_FACTOR (GO_BP),2,44,7.8538213967621235,0.029502453305112464,EEF1A1;ERBB4,0.1546472168450329,GO_BP
REACTOME_TRANSCRIPTIONAL_ACTIVITY_OF_SMAD2_SMAD3_SMAD4_HETEROTRIMER (Reactome),2,44,7.8538213967621235,0.029502453305112464,RPS27A;UBA52,0.1546472168450329,Reactome
REACTOME_HEDGEHOG_OFF_STATE (Reactome),3,110,4.642067663285882,0.029800178005326413,TUBB2B;RPS27A;UBA52,0.15590859412365218,Reactome
GOBP_REGULATION_OF_TRANSMEMBRANE_TRANSPORT (GO_BP),7,487,2.4414377650427714,0.030027131086290123,PLCG2;TMSB4X;PRKCB;NOS1;RYR2;NETO1;CACNA2D3,0.1567955927278362,GO_BP
GOBP_CELL_FATE_COMMITMENT (GO_BP),4,192,3.533819505547667,0.03015980639670926,TOX;ERBB4;BCL11B;LMO4,0.15718784593399426,GO_BP
GOBP_POSITIVE_REGULATION_OF_BIOMINERALIZATION (GO_BP),2,45,7.671040179999435,0.030753358469901113,TENT5A;FBN2,0.15936892216565454,GO_BP
REACTOME_CYCLIN_D_ASSOCIATED_EVENTS_IN_G1 (Reactome),2,45,7.671040179999435,0.030753358469901113,RPS27A;UBA52,0.15936892216565454,Reactome
REACTOME_SIGNALING_BY_FGFR1 (Reactome),2,45,7.671040179999435,0.030753358469901113,RPS27A;UBA52,0.15936892216565454,Reactome
GOBP_CIRCULATORY_SYSTEM_PROCESS (GO_BP),7,490,2.4260376100042564,0.030893502505475408,ADRA1A;GUCY1A1;NPY;NOS1;PRKG1;RYR2;TACR1,0.1597919608758586,GO_BP
GOBP_RESPONSE_TO_ALCOHOL (GO_BP),4,194,3.4964828318710954,0.03115894464271884,RPL27;PENK;INHBA;TACR1,0.16086026052791144,GO_BP
GOBP_HEART_DEVELOPMENT (GO_BP),7,492,2.4158717320057383,0.03148035526346712,ADRA1A;DHRS3;RYR2;ERBB4;LMO4;RXRG;ROBO2,0.16210518469026583,GO_BP
GOBP_REGULATION_OF_MEMBRANE_POTENTIAL (GO_BP),6,387,2.629702856490224,0.031578161206598836,ADRA1A;UNC13B;RYR2;NETO1;GRIK4;TACR1,0.16210518469026583,GO_BP
GOBP_SIGNAL_RELEASE (GO_BP),6,387,2.629702856490224,0.031578161206598836,ADRA1A;SYT1;INHBA;PRKCB;UNC13B;TACR1,0.16210518469026583,GO_BP
GOBP_ADENYLATE_CYCLASE_MODULATING_G_PROTEIN_COUPLED_RECEPTOR_SIGNALING_PATHWAY (GO_BP),4,195,3.4781120943191084,0.031665761094368534,RXFP1;ADRA1A;CORT;RIT2,0.16224989408765567,GO_BP
GOBP_KIDNEY_EPITHELIUM_DEVELOPMENT (GO_BP),3,113,4.514393482940627,0.03190972695156983,EPHA4;CALB1;ROBO2,0.16226388372644246,GO_BP
GOBP_MAMMARY_GLAND_DEVELOPMENT (GO_BP),3,113,4.514393482940627,0.03190972695156983,RXFP1;CSMD1;ERBB4,0.16226388372644246,GO_BP
REACTOME_RUNX1_REGULATES_TRANSCRIPTION_OF_GENES_INVOLVED_IN_DIFFERENTIATION_OF_HSCS (Reactome),3,113,4.514393482940627,0.03190972695156983,H4C3;RPS27A;UBA52,0.16226388372644246,Reactome
GOBP_NEGATIVE_CHEMOTAXIS (GO_BP),2,46,7.4966533973870275,0.03202498474132277,UNC5C;ROBO2,0.16226388372644246,GO_BP
GOBP_RESPONSE_TO_COLD (GO_BP),2,46,7.4966533973870275,0.03202498474132277,PCSK1N;CDH8,0.16226388372644246,GO_BP
GOMF_SULFOTRANSFERASE_ACTIVITY (GO_MF),2,46,7.4966533973870275,0.03202498474132277,HS3ST4;HS3ST5,0.16226388372644246,GO_MF
GOBP_SENSORY_PERCEPTION (GO_BP),7,495,2.400773122390993,0.03237462878363465,RPL38;PENK;NPY;PCDH15;DHRS3;TRPM3;TACR1,0.16373168742241898,GO_BP
GOBP_POSITIVE_REGULATION_OF_MAPK_CASCADE (GO_BP),6,390,2.6088706780925723,0.032607351744046595,ADRA1A;PLCG2;EPHA4;NPY;RIT2;ERBB4,0.16460384031976202,GO_BP
GOBP_SYNAPTIC_TRANSMISSION_GABAERGIC (GO_BP),2,47,7.330115759533084,0.0333170367051649,ADRA1A;TACR1,0.16715965754973094,GO_BP
REACTOME_REGULATED_NECROSIS (Reactome),2,47,7.330115759533084,0.0333170367051649,RPS27A;UBA52,0.16715965754973094,Reactome
REACTOME_SIGNALING_BY_NOTCH3 (Reactome),2,47,7.330115759533084,0.0333170367051649,RPS27A;UBA52,0.16715965754973094,Reactome
GOBP_TRANSLATIONAL_INITIATION (GO_BP),3,115,4.434325910699431,0.03335848164211035,RPS3A;RPS17;RPL13A,0.16715965754973094,GO_BP
GOBP_OSTEOBLAST_DIFFERENTIATION (GO_BP),4,200,3.3888513259053834,0.03427251587734828,RPS15;TENT5A;PENK;FBN2,0.1710170064481696,GO_BP
GOBP_EXCRETION (GO_BP),2,48,7.170918702178313,0.03462922173776558,ADRA1A;TACR1,0.1710170064481696,GO_BP
GOBP_POSITIVE_REGULATION_OF_PROTEIN_TYROSINE_KINASE_ACTIVITY (GO_BP),2,48,7.170918702178313,0.03462922173776558,ADRA1A;EPHA4,0.1710170064481696,GO_BP
GOBP_POSITIVE_REGULATION_OF_STRESS_FIBER_ASSEMBLY (GO_BP),2,48,7.170918702178313,0.03462922173776558,LIMCH1;TACR1,0.1710170064481696,GO_BP
KEGG_LEISHMANIA_INFECTION (KEGG),2,48,7.170918702178313,0.03462922173776558,MARCKSL1;PRKCB,0.1710170064481696,KEGG
REACTOME_DNA_DAMAGE_BYPASS (Reactome),2,48,7.170918702178313,0.03462922173776558,RPS27A;UBA52,0.1710170064481696,Reactome
REACTOME_SARS_COV_1_INFECTION (Reactome),2,48,7.170918702178313,0.03462922173776558,RPS27A;UBA52,0.1710170064481696,Reactome
REACTOME_SIGNALING_BY_EGFR (Reactome),2,48,7.170918702178313,0.03462922173776558,RPS27A;UBA52,0.1710170064481696,Reactome
GOBP_B_CELL_ACTIVATION (GO_BP),4,202,3.354368359665612,0.03534921035249482,PLCG2;SKAP2;INHBA;PRKCB,0.17425756944524068,GO_BP
REACTOME_M_PHASE (Reactome),6,398,2.554758360829529,0.035457960258191756,RPS27;TUBB2B;H4C3;RPS27A;UBA52;PRKCB,0.17447871975697601,Reactome
GOBP_CARDIAC_MUSCLE_CONTRACTION (GO_BP),3,118,4.317978061930306,0.03559490008129162,ADRA1A;NOS1;RYR2,0.1745236483339451,GO_BP
GOBP_HUMORAL_IMMUNE_RESPONSE (GO_BP),3,118,4.317978061930306,0.03559490008129162,RPS19;RPL30;RPL39,0.1745236483339451,GO_BP
GOBP_ADHERENS_JUNCTION_ORGANIZATION (GO_BP),2,49,7.018587696243901,0.03596124998332599,EPHA4;CDH8,0.17506269822542475,GO_BP
KEGG_VIBRIO_CHOLERAE_INFECTION (KEGG),2,49,7.018587696243901,0.03596124998332599,PLCG2;PRKCB,0.17506269822542475,KEGG
REACTOME_NEUROTRANSMITTER_RELEASE_CYCLE (Reactome),2,49,7.018587696243901,0.03596124998332599,SYT1;UNC13B,0.17506269822542475,Reactome
REACTOME_TRANSLATION_OF_SARS_COV_2_STRUCTURAL_PROTEINS (Reactome),2,49,7.018587696243901,0.03596124998332599,RPS27A;UBA52,0.17506269822542475,Reactome
GOBP_ADENYLATE_CYCLASE_ACTIVATING_G_PROTEIN_COUPLED_RECEPTOR_SIGNALING_PATHWAY (GO_BP),3,119,4.280575224720365,0.03635718268962216,RXFP1;ADRA1A;RIT2,0.1760486984492165,GO_BP
GOBP_ALPHA_BETA_T_CELL_ACTIVATION (GO_BP),3,119,4.280575224720365,0.03635718268962216,FOXP1;TOX;BCL11B,0.1760486984492165,GO_BP
GOMF_GROWTH_FACTOR_BINDING (GO_MF),3,119,4.280575224720365,0.03635718268962216,RPS19;RPS2;IL1RAPL1,0.1760486984492165,GO_MF
GOBP_REGULATION_OF_PEPTIDYL_TYROSINE_PHOSPHORYLATION (GO_BP),4,204,3.320574524813258,0.03644537068593883,ADRA1A;PLCG2;EPHA4;ERBB4,0.1761633758288477,GO_BP
GOCC_CATION_CHANNEL_COMPLEX (GO_CC),4,205,3.3039296109155796,0.037000757334134445,RYR2;CACNA2D3;TRPC7;GRIK4,0.17814921426404598,GO_CC
GOBP_SMOOTH_MUSCLE_CELL_PROLIFERATION (GO_BP),3,120,4.243822200423821,0.0371278401900778,FOXP1;PRKG1;TACR1,0.17814921426404598,GO_BP
GOBP_OVARIAN_FOLLICLE_DEVELOPMENT (GO_BP),2,50,6.869798961187685,0.037312834331393006,INHBA;GPR149,0.17814921426404598,GO_BP
GOBP_PRESYNAPSE_ORGANIZATION (GO_BP),2,50,6.869798961187685,0.037312834331393006,IL1RAPL2;IL1RAPL1,0.17814921426404598,GO_BP
GOBP_RETINA_MORPHOGENESIS_IN_CAMERA_TYPE_EYE (GO_BP),2,50,6.869798961187685,0.037312834331393006,DSCAM;CALB1,0.17814921426404598,GO_BP
GOMF_CALCIUM_DEPENDENT_PHOSPHOLIPID_BINDING (GO_MF),2,50,6.869798961187685,0.037312834331393006,SYT1;CPNE8,0.17814921426404598,GO_MF
REACTOME_NUCLEOTIDE_BINDING_DOMAIN_LEUCINE_RICH_REPEAT_CONTAINING_RECEPTOR_NLR_SIGNALING_PATHWAYS (Reactome),2,50,6.869798961187685,0.037312834331393006,RPS27A;UBA52,0.17814921426404598,Reactome
GOBP_DEVELOPMENTAL_CELL_GROWTH (GO_BP),4,206,3.2874493780204364,0.03756101799692068,ADRA1A;SYT1;DSCAM;DCC,0.17870930339649893,GO_BP
GOBP_REGULATION_OF_EPITHELIAL_CELL_MIGRATION (GO_BP),4,206,3.2874493780204364,0.03756101799692068,PLCG2;TMSB4X;FOXP1;TACR1,0.17870930339649893,GO_BP
GOBP_REGULATION_OF_CATION_TRANSMEMBRANE_TRANSPORT (GO_BP),5,302,2.8024372686649155,0.03788274857385488,PLCG2;TMSB4X;NOS1;RYR2;NETO1,0.1799265849655612,GO_BP
GOBP_NEGATIVE_REGULATION_OF_GROWTH (GO_BP),4,207,3.2711313972482707,0.03812615457747793,INHBA;TLL2;DCC;MEG3,0.18076827804009069,GO_BP
KEGG_PATHWAYS_IN_CANCER (KEGG),5,303,2.7929295292060137,0.03833645601925027,PLCG2;PRKCB;DCC;RUNX1T1;RXRG,0.18145036635801123,KEGG
GOBP_COLLAGEN_FIBRIL_ORGANIZATION (GO_BP),2,51,6.730021196793442,0.038683690394510244,TLL2;ADAMTS3,0.1818827319872607,GO_BP
GOMF_CELL_CELL_ADHESION_MEDIATOR_ACTIVITY (GO_MF),2,51,6.730021196793442,0.038683690394510244,DSCAM;ROBO2,0.1818827319872607,GO_MF
GOBP_REGULATION_OF_REGULATED_SECRETORY_PATHWAY (GO_BP),3,122,4.172185596327435,0.038694202594140775,ADRA1A;SYT1;PRKCB,0.1818827319872607,GO_BP
REACTOME_C_TYPE_LECTIN_RECEPTORS_CLRS (Reactome),3,122,4.172185596327435,0.038694202594140775,PLCG2;RPS27A;UBA52,0.1818827319872607,Reactome
GOCC_EXOCYTIC_VESICLE (GO_CC),4,209,3.238972716360297,0.03927106164740444,SYNDIG1;PENK;SYT1;UNC13B,0.18427709511866242,GO_CC
GOBP_NEUROMUSCULAR_PROCESS (GO_BP),3,123,4.137419470563829,0.039489867036818484,PENK;PCDH15;CSMD1,0.18466922410539605,GO_BP
REACTOME_INTERLEUKIN_1_FAMILY_SIGNALING (Reactome),3,123,4.137419470563829,0.039489867036818484,RPS27A;UBA52;IL1RAPL1,0.18466922410539605,Reactome
GOBP_REGULATION_OF_ANTIGEN_RECEPTOR_MEDIATED_SIGNALING_PATHWAY (GO_BP),2,52,6.595413173167082,0.04007353648603763,PRKCB;FOXP1,0.18612385738668155,GO_BP
REACTOME_HEPARAN_SULFATE_HEPARIN_HS_GAG_METABOLISM (Reactome),2,52,6.595413173167082,0.04007353648603763,HS3ST4;HS3ST5,0.18612385738668155,Reactome
REACTOME_ION_HOMEOSTASIS (Reactome),2,52,6.595413173167082,0.04007353648603763,NOS1;RYR2,0.18612385738668155,Reactome
REACTOME_IRON_UPTAKE_AND_TRANSPORT (Reactome),2,52,6.595413173167082,0.04007353648603763,RPS27A;UBA52,0.18612385738668155,Reactome
GOBP_ADULT_BEHAVIOR (GO_BP),3,124,4.102739461559668,0.04029382547641597,EPHA4;NPY;PBX3,0.1862214462493138,GO_BP
GOBP_REGULATION_OF_POSTSYNAPTIC_MEMBRANE_POTENTIAL (GO_BP),3,124,4.102739461559668,0.04029382547641597,UNC13B;NETO1;GRIK4,0.1862214462493138,GO_BP
GOMF_PASSIVE_TRANSMEMBRANE_TRANSPORTER_ACTIVITY (GO_MF),6,411,2.4717159261200994,0.04042437507379864,ATP5F1E;TRPM3;RYR2;CACNA2D3;TRPC7;GRIK4,0.1862214462493138,GO_MF
KEGG_NEUROACTIVE_LIGAND_RECEPTOR_INTERACTION (KEGG),4,211,3.2074350796821394,0.04043548796259359,RXFP1;ADRA1A;GRIK4;TACR1,0.1862214462493138,KEGG
REACTOME_TRANSCRIPTIONAL_REGULATION_BY_RUNX1 (Reactome),4,211,3.2074350796821394,0.04043548796259359,H4C3;RPS27A;UBA52;PRKCB,0.1862214462493138,Reactome
GOBP_RESPONSE_TO_METAL_ION (GO_BP),5,308,2.746332193795377,0.04065493509320712,PLCG2;PENK;SYT1;RYR2;CPNE8,0.18691688171641185,GO_BP
GOBP_REGULATED_EXOCYTOSIS (GO_BP),4,212,3.1918935716853563,0.04102502252352381,ADRA1A;SYT1;PRKCB;UNC13B,0.18830140590208994,GO_BP
GOBP_ACTIN_FILAMENT_ORGANIZATION (GO_BP),6,413,2.4594449265588034,0.041225639559951725,TMSB4X;MARCKSL1;STMN1;TMSB10;LIMCH1;TACR1,0.18881266269418473,GO_BP
GOBP_ATP_BIOSYNTHETIC_PROCESS (GO_BP),2,53,6.465857831514937,0.04148209359813652,TMSB4X;ATP5F1E,0.18881266269418473,GO_BP
GOBP_REGULATION_OF_UBIQUITIN_PROTEIN_TRANSFERASE_ACTIVITY (GO_BP),2,53,6.465857831514937,0.04148209359813652,RPS15;RPS2,0.18881266269418473,GO_BP
GOBP_REGULATION_OF_VASOCONSTRICTION (GO_BP),2,53,6.465857831514937,0.04148209359813652,ADRA1A;TACR1,0.18881266269418473,GO_BP
REACTOME_FORMATION_OF_TC_NER_PRE_INCISION_COMPLEX (Reactome),2,53,6.465857831514937,0.04148209359813652,RPS27A;UBA52,0.18881266269418473,Reactome
GOBP_REGULATION_OF_BLOOD_CIRCULATION (GO_BP),4,213,3.176500713484316,0.041619438349975245,ADRA1A;NOS1;RYR2;TACR1,0.18912260587983762,GO_BP
GOBP_RHO_PROTEIN_SIGNAL_TRANSDUCTION (GO_BP),3,126,4.035621284295801,0.04192653568363387,ADRA1A;STMN1;RIT2,0.1898861840000068,GO_BP
GOCC_SARCOLEMMA (GO_CC),3,126,4.035621284295801,0.04192653568363387,ADRA1A;NOS1;RYR2,0.1898861840000068,GO_CC
GOBP_REGULATION_OF_ION_TRANSMEMBRANE_TRANSPORT (GO_BP),6,415,2.4472835763732173,0.042036908673241925,PLCG2;TMSB4X;NOS1;RYR2;NETO1;CACNA2D3,0.1900708569314962,GO_BP
GOCC_RNA_POLYMERASE_II_TRANSCRIPTION_REGULATOR_COMPLEX (GO_CC),4,214,3.1612543892721945,0.04221873533640592,TLE4;TCF4;LMO4;RXRG,0.1905774647995447,GO_CC
GOBP_NEGATIVE_REGULATION_OF_NEURON_PROJECTION_DEVELOPMENT (GO_BP),3,127,4.003224050713347,0.04275524142667198,EPHA4;DCC;RIT2,0.19179167295018854,GO_BP
GOBP_SENSORY_ORGAN_MORPHOGENESIS (GO_BP),4,215,3.1461525236187287,0.04282291309685859,RPL38;DSCAM;FBN2;CALB1,0.19179167295018854,GO_BP
REACTOME_AUF1_HNRNP_D0_BINDS_AND_DESTABILIZES_MRNA (Reactome),2,54,6.3412827025614655,0.042909085379921344,RPS27A;UBA52,0.19179167295018854,Reactome
REACTOME_DEGRADATION_OF_AXIN (Reactome),2,54,6.3412827025614655,0.042909085379921344,RPS27A;UBA52,0.19179167295018854,Reactome
REACTOME_NEGATIVE_REGULATION_OF_NOTCH4_SIGNALING (Reactome),2,54,6.3412827025614655,0.042909085379921344,RPS27A;UBA52,0.19179167295018854,Reactome
REACTOME_REGULATION_OF_RUNX3_EXPRESSION_AND_ACTIVITY (Reactome),2,54,6.3412827025614655,0.042909085379921344,RPS27A;UBA52,0.19179167295018854,Reactome
GOBP_POSITIVE_REGULATION_OF_GROWTH (GO_BP),4,216,3.131193080472906,0.04343197096664175,SYT1;DSCAM;ERBB4;LGI1,0.19357749481176728,GO_BP
GOBP_POSITIVE_REGULATION_OF_TRANSLATION (GO_BP),3,128,3.971054530341776,0.04359214914289157,RPL26;RPS9;RPS4X,0.19357749481176728,GO_BP
REACTOME_FC_EPSILON_RECEPTOR_FCERI_SIGNALING (Reactome),3,128,3.971054530341776,0.04359214914289157,PLCG2;RPS27A;UBA52,0.19357749481176728,Reactome
REACTOME_HOMOLOGY_DIRECTED_REPAIR (Reactome),3,128,3.971054530341776,0.04359214914289157,H4C3;RPS27A;UBA52,0.19357749481176728,Reactome
GOCC_STEREOCILIUM_BUNDLE (GO_CC),2,55,6.221406849998979,0.04435423811577431,PCDH15;CALB1,0.1966419225554864,GO_CC
REACTOME_SIGNALING_BY_NOTCH (Reactome),4,218,3.101693508610352,0.04466472299194234,H4C3;RPS27A;UBA52;TLE4,0.19769750160614996,Reactome
GOBP_MUSCLE_TISSUE_DEVELOPMENT (GO_BP),5,317,2.666169159240686,0.04503904565069686,ADRA1A;TLL2;RYR2;ERBB4;RXRG,0.19903176969587885,GO_BP
GOBP_ACTION_POTENTIAL (GO_BP),3,130,3.9082391058078576,0.04529047126850255,ADRA1A;RYR2;TACR1,0.19981951055618816,GO_BP
GOBP_NEGATIVE_REGULATION_OF_SMALL_GTPASE_MEDIATED_SIGNAL_TRANSDUCTION (GO_BP),2,56,6.105991525602919,0.04581728070382395,ADRA1A;STMN1,0.20020318976342916,GO_BP
GOBP_RECEPTOR_LOCALIZATION_TO_SYNAPSE (GO_BP),2,56,6.105991525602919,0.04581728070382395,LGI1;NETO1,0.20020318976342916,GO_BP
GOBP_REGULATION_OF_POSTSYNAPTIC_MEMBRANE_NEUROTRANSMITTER_RECEPTOR_LEVELS (GO_BP),2,56,6.105991525602919,0.04581728070382395,CALY;LGI1,0.20020318976342916,GO_BP
REACTOME_DEGRADATION_OF_DVL (Reactome),2,56,6.105991525602919,0.04581728070382395,RPS27A;UBA52,0.20020318976342916,Reactome
REACTOME_E3_UBIQUITIN_LIGASES_UBIQUITINATE_TARGET_PROTEINS (Reactome),2,56,6.105991525602919,0.04581728070382395,RPS27A;UBA52,0.20020318976342916,Reactome
REACTOME_STABILIZATION_OF_P53 (Reactome),2,56,6.105991525602919,0.04581728070382395,RPS27A;UBA52,0.20020318976342916,Reactome
GOBP_MYELOID_CELL_DIFFERENTIATION (GO_BP),5,319,2.64899698784953,0.04605027802935037,RPS19;RPS14;H4C3;INHBA;FOXP1,0.20057944066691527,GO_BP
GOBP_NEGATIVE_REGULATION_OF_RESPONSE_TO_EXTERNAL_STIMULUS (GO_BP),5,319,2.64899698784953,0.04605027802935037,RPS19;EPHA4;NPY;PRKG1;ROBO2,0.20057944066691527,GO_BP
GOBP_REGULATION_OF_COAGULATION (GO_BP),2,57,5.994775375620302,0.04729794463458472,HS3ST5;PRKG1,0.20470790300641975,GO_BP
GOBP_VESICLE_DOCKING (GO_BP),2,57,5.994775375620302,0.04729794463458472,SYT1;UNC13B,0.20470790300641975,GO_BP
GOMF_PROTEIN_SELF_ASSOCIATION (GO_MF),2,57,5.994775375620302,0.04729794463458472,FOXP1;RYR2,0.20470790300641975,GO_MF
REACTOME_SIGNALING_BY_NOTCH1_PEST_DOMAIN_MUTANTS_IN_CANCER (Reactome),2,57,5.994775375620302,0.04729794463458472,RPS27A;UBA52,0.20470790300641975,Reactome
GOBP_MORPHOGENESIS_OF_AN_EPITHELIUM (GO_BP),6,428,2.3705454914559314,0.047555790081856814,EPHA4;CSMD1;FOXP1;RYR2;ERBB4;LMO4,0.20549820049612494,GO_BP
GOBP_EYE_MORPHOGENESIS (GO_BP),3,133,3.8176588171838626,0.04789883275227288,DSCAM;FBN2;CALB1,0.20660740713396908,GO_BP
GOBP_EXOCYTOSIS (GO_BP),5,323,2.6152979942193846,0.048113226344988484,ADRA1A;SYT1;PRKCB;IL1RAPL1;UNC13B,0.20660740713396908,GO_BP
GOBP_REGULATION_OF_CALCIUM_ION_TRANSMEMBRANE_TRANSPORT (GO_BP),3,134,3.7883948460992634,0.04878441298666554,PLCG2;NOS1;RYR2,0.20660740713396908,GO_BP
REACTOME_DNA_REPLICATION_PRE_INITIATION (Reactome),3,134,3.7883948460992634,0.04878441298666554,H4C3;RPS27A;UBA52,0.20660740713396908,Reactome
GOBP_CARDIAC_SEPTUM_MORPHOGENESIS (GO_BP),2,58,5.88753311871942,0.048795963969758355,DHRS3;ROBO2,0.20660740713396908,GO_BP
GOBP_MAMMARY_GLAND_EPITHELIUM_DEVELOPMENT (GO_BP),2,58,5.88753311871942,0.048795963969758355,CSMD1;ERBB4,0.20660740713396908,GO_BP
GOBP_POSITIVE_REGULATION_OF_ACTIN_FILAMENT_BUNDLE_ASSEMBLY (GO_BP),2,58,5.88753311871942,0.048795963969758355,LIMCH1;TACR1,0.20660740713396908,GO_BP
GOBP_REGULATION_OF_SODIUM_ION_TRANSMEMBRANE_TRANSPORT (GO_BP),2,58,5.88753311871942,0.048795963969758355,NOS1;NETO1,0.20660740713396908,GO_BP
GOBP_RESPIRATORY_GASEOUS_EXCHANGE_BY_RESPIRATORY_SYSTEM (GO_BP),2,58,5.88753311871942,0.048795963969758355,DACH1;PBX3,0.20660740713396908,GO_BP
KEGG_ADIPOCYTOKINE_SIGNALING_PATHWAY (KEGG),2,58,5.88753311871942,0.048795963969758355,NPY;RXRG,0.20660740713396908,KEGG
REACTOME_CDT1_ASSOCIATION_WITH_THE_CDC6_ORC_ORIGIN_COMPLEX (Reactome),2,58,5.88753311871942,0.048795963969758355,RPS27A;UBA52,0.20660740713396908,Reactome
REACTOME_DEGRADATION_OF_GLI1_BY_THE_PROTEASOME (Reactome),2,58,5.88753311871942,0.048795963969758355,RPS27A;UBA52,0.20660740713396908,Reactome
REACTOME_PEROXISOMAL_PROTEIN_IMPORT (Reactome),2,58,5.88753311871942,0.048795963969758355,RPS27A;UBA52,0.20660740713396908,Reactome
GOBP_DENDRITE_MORPHOGENESIS (GO_BP),3,135,3.7595789303317795,0.04967800980113249,EPHA4;DSCAM;IL1RAPL1,0.21001647796732636,GO_BP
GOBP_MONONUCLEAR_CELL_DIFFERENTIATION (GO_BP),5,327,2.5824325965066026,0.05023024058977716,PLCG2;INHBA;FOXP1;TOX;BCL11B,0.2107355010769626,GO_BP
GOBP_POSITIVE_REGULATION_OF_SYNAPSE_ASSEMBLY (GO_BP),2,59,5.784055055521116,0.050311075321193555,SYNDIG1;IL1RAPL1,0.2107355010769626,GO_BP
GOBP_REGULATION_OF_BEHAVIOR (GO_BP),2,59,5.784055055521116,0.050311075321193555,PENK;NPY,0.2107355010769626,GO_BP
REACTOME_CYTOSOLIC_SENSORS_OF_PATHOGEN_ASSOCIATED_DNA (Reactome),2,59,5.784055055521116,0.050311075321193555,RPS27A;UBA52,0.2107355010769626,Reactome
REACTOME_DECTIN_1_MEDIATED_NONCANONICAL_NF_KB_SIGNALING (Reactome),2,59,5.784055055521116,0.050311075321193555,RPS27A;UBA52,0.2107355010769626,Reactome
REACTOME_SCF_SKP2_MEDIATED_DEGRADATION_OF_P27_P21 (Reactome),2,59,5.784055055521116,0.050311075321193555,RPS27A;UBA52,0.2107355010769626,Reactome
REACTOME_TOLL_LIKE_RECEPTOR_CASCADES (Reactome),3,136,3.7312014240203633,0.05057959437320403,PLCG2;RPS27A;UBA52,0.21153579208762666,Reactome
GOBP_T_CELL_DIFFERENTIATION_IN_THYMUS (GO_BP),2,60,5.684145920338728,0.05184301783000492,TOX;BCL11B,0.21549966772259277,GO_BP
GOMF_HYDRO_LYASE_ACTIVITY (GO_MF),2,60,5.684145920338728,0.05184301783000492,CA8;CA10,0.21549966772259277,GO_MF
GOMF_TRANSMEMBRANE_RECEPTOR_PROTEIN_TYROSINE_KINASE_ACTIVITY (GO_MF),2,60,5.684145920338728,0.05184301783000492,EPHA4;ERBB4,0.21549966772259277,GO_MF
REACTOME_DEFECTIVE_CFTR_CAUSES_CYSTIC_FIBROSIS (Reactome),2,60,5.684145920338728,0.05184301783000492,RPS27A;UBA52,0.21549966772259277,Reactome
GOBP_POSITIVE_REGULATION_OF_RESPONSE_TO_EXTERNAL_STIMULUS (GO_BP),5,332,2.542365883034867,0.052952652434719374,PLCG2;RPS19;TMSB4X;NPY;DSCAM,0.21926658198693755,GO_BP
REACTOME_MITOTIC_METAPHASE_AND_ANAPHASE (Reactome),4,231,2.922647551995363,0.05315216725751998,RPS27;TUBB2B;RPS27A;UBA52,0.21926658198693755,Reactome
GOBP_ENDOCRINE_PROCESS (GO_BP),2,61,5.587623705257893,0.05339153314584895,INHBA;TACR1,0.21926658198693755,GO_BP
GOBP_POSITIVE_REGULATION_OF_CALCIUM_ION_TRANSMEMBRANE_TRANSPORT (GO_BP),2,61,5.587623705257893,0.05339153314584895,PLCG2;RYR2,0.21926658198693755,GO_BP
GOBP_REGULATION_OF_DENDRITE_MORPHOGENESIS (GO_BP),2,61,5.587623705257893,0.05339153314584895,EPHA4;IL1RAPL1,0.21926658198693755,GO_BP
GOCC_NEUROMUSCULAR_JUNCTION (GO_CC),2,61,5.587623705257893,0.05339153314584895,EPHA4;UNC13B,0.21926658198693755,GO_CC
GOMF_CELL_ADHESION_MEDIATOR_ACTIVITY (GO_MF),2,61,5.587623705257893,0.05339153314584895,DSCAM;ROBO2,0.21926658198693755,GO_MF
KEGG_GLIOMA (KEGG),2,61,5.587623705257893,0.05339153314584895,PLCG2;PRKCB,0.21926658198693755,KEGG
GOBP_NEGATIVE_REGULATION_OF_ACTIN_FILAMENT_POLYMERIZATION (GO_BP),2,62,5.495075541886598,0.054956365406355866,TMSB4X;TMSB10,0.22201660864743747,GO_BP
GOBP_NEURAL_RETINA_DEVELOPMENT (GO_BP),2,62,5.495075541886598,0.054956365406355866,DSCAM;CALB1,0.22201660864743747,GO_BP
GOBP_POSITIVE_REGULATION_OF_OSTEOBLAST_DIFFERENTIATION (GO_BP),2,62,5.495075541886598,0.054956365406355866,TENT5A;FBN2,0.22201660864743747,GO_BP
GOBP_REACTIVE_NITROGEN_SPECIES_METABOLIC_PROCESS (GO_BP),2,62,5.495075541886598,0.054956365406355866,NPY;NOS1,0.22201660864743747,GO_BP
GOBP_REGULATION_OF_CALCIUM_MEDIATED_SIGNALING (GO_BP),2,62,5.495075541886598,0.054956365406355866,PLCG2;RIT2,0.22201660864743747,GO_BP
GOMF_TRANSFERASE_ACTIVITY_TRANSFERRING_SULPHUR_CONTAINING_GROUPS (GO_MF),2,62,5.495075541886598,0.054956365406355866,HS3ST4;HS3ST5,0.22201660864743747,GO_MF
GOBP_REGULATION_OF_REPRODUCTIVE_PROCESS (GO_BP),3,142,3.5696287367878448,0.05615516278827648,INHBA;GPR149;TACR1,0.22201660864743747,GO_BP
GOBP_CALCIUM_ION_REGULATED_EXOCYTOSIS (GO_BP),2,63,5.404847317277754,0.05653726121671698,SYT1;UNC13B,0.22201660864743747,GO_BP
GOBP_OUTFLOW_TRACT_MORPHOGENESIS (GO_BP),2,63,5.404847317277754,0.05653726121671698,DHRS3;ROBO2,0.22201660864743747,GO_BP
GOBP_POSITIVE_REGULATION_OF_CATION_CHANNEL_ACTIVITY (GO_BP),2,63,5.404847317277754,0.05653726121671698,PLCG2;TMSB4X,0.22201660864743747,GO_BP
GOMF_CALCIUM_DEPENDENT_PROTEIN_BINDING (GO_MF),2,63,5.404847317277754,0.05653726121671698,SYT1;NOS1,0.22201660864743747,GO_MF
REACTOME_ASYMMETRIC_LOCALIZATION_OF_PCP_PROTEINS (Reactome),2,63,5.404847317277754,0.05653726121671698,RPS27A;UBA52,0.22201660864743747,Reactome
REACTOME_HEDGEHOG_LIGAND_BIOGENESIS (Reactome),2,63,5.404847317277754,0.05653726121671698,RPS27A;UBA52,0.22201660864743747,Reactome
REACTOME_REGULATION_OF_HMOX1_EXPRESSION_AND_ACTIVITY (Reactome),2,63,5.404847317277754,0.05653726121671698,RPS27A;UBA52,0.22201660864743747,Reactome
GOBP_ANTIGEN_RECEPTOR_MEDIATED_SIGNALING_PATHWAY (GO_BP),3,143,3.543300510385515,0.05711180985013762,PLCG2;PRKCB;FOXP1,0.22201660864743747,GO_BP
GOBP_POSITIVE_REGULATION_OF_DEVELOPMENTAL_GROWTH (GO_BP),3,143,3.543300510385515,0.05711180985013762,SYT1;DSCAM;ERBB4,0.22201660864743747,GO_BP
GOBP_RESPONSE_TO_WOUNDING (GO_BP),6,449,2.256417702834338,0.05738115376283691,PLCG2;EPHA4;INHBA;PRKG1;DGKG;DGKB,0.22201660864743747,GO_BP
GOBP_NUCLEOSIDE_PHOSPHATE_BIOSYNTHETIC_PROCESS (GO_BP),4,238,2.8344863836229646,0.05806115467552667,TMSB4X;ATP5F1E;GUCY1A1;NOS1,0.22201660864743747,GO_BP
GOBP_REGULATION_OF_CELL_CYCLE_G1_S_PHASE_TRANSITION (GO_BP),3,144,3.5181179207244266,0.05807619522334196,PLCG2;RPL26;INHBA,0.22201660864743747,GO_BP
GOBP_CD4_POSITIVE_ALPHA_BETA_T_CELL_DIFFERENTIATION (GO_BP),2,64,5.317519805671924,0.05813396962942568,FOXP1;TOX,0.22201660864743747,GO_BP
GOBP_CYCLIC_NUCLEOTIDE_MEDIATED_SIGNALING (GO_BP),2,64,5.317519805671924,0.05813396962942568,PDE7B;PRKG1,0.22201660864743747,GO_BP
GOBP_SMOOTH_MUSCLE_CELL_MIGRATION (GO_BP),2,64,5.317519805671924,0.05813396962942568,PRKG1;TACR1,0.22201660864743747,GO_BP
GOMF_SCAFFOLD_PROTEIN_BINDING (GO_MF),2,64,5.317519805671924,0.05813396962942568,PLCG2;NOS1,0.22201660864743747,GO_MF
GOBP_POSITIVE_REGULATION_OF_CELL_GROWTH (GO_BP),3,145,3.4932954691138,0.059048285530012574,SYT1;DSCAM;LGI1,0.22201660864743747,GO_BP
GOBP_ARGININE_CATABOLIC_PROCESS (GO_BP),1,10,18.235652375656468,0.05926404529622187,NOS1,0.22201660864743747,GO_BP
GOBP_AV_NODE_CELL_TO_BUNDLE_OF_HIS_CELL_SIGNALING (GO_BP),1,10,18.235652375656468,0.05926404529622187,RYR2,0.22201660864743747,GO_BP
GOBP_BONE_TRABECULA_MORPHOGENESIS (GO_BP),1,10,18.235652375656468,0.05926404529622187,FBN2,0.22201660864743747,GO_BP
GOBP_CELLULAR_RESPONSE_TO_CAFFEINE (GO_BP),1,10,18.235652375656468,0.05926404529622187,RYR2,0.22201660864743747,GO_BP
GOBP_CELLULAR_RESPONSE_TO_EPINEPHRINE_STIMULUS (GO_BP),1,10,18.235652375656468,0.05926404529622187,RYR2,0.22201660864743747,GO_BP
GOBP_DENDRITIC_CELL_CYTOKINE_PRODUCTION (GO_BP),1,10,18.235652375656468,0.05926404529622187,PLCG2,0.22201660864743747,GO_BP
GOBP_DETECTION_OF_CELL_DENSITY (GO_BP),1,10,18.235652375656468,0.05926404529622187,DACH1,0.22201660864743747,GO_BP
GOBP_DISTAL_TUBULE_DEVELOPMENT (GO_BP),1,10,18.235652375656468,0.05926404529622187,CALB1,0.22201660864743747,GO_BP
GOBP_EXTRACELLULAR_REGULATION_OF_SIGNAL_TRANSDUCTION (GO_BP),1,10,18.235652375656468,0.05926404529622187,FBN2,0.22201660864743747,GO_BP
GOBP_KERATINOCYTE_DEVELOPMENT (GO_BP),1,10,18.235652375656468,0.05926404529622187,BCL11B,0.22201660864743747,GO_BP
GOBP_LUTEINIZATION (GO_BP),1,10,18.235652375656468,0.05926404529622187,INHBA,0.22201660864743747,GO_BP
GOBP_MITOCHONDRIAL_FRAGMENTATION_INVOLVED_IN_APOPTOTIC_PROCESS (GO_BP),1,10,18.235652375656468,0.05926404529622187,ERBB4,0.22201660864743747,GO_BP
GOBP_NEGATIVE_REGULATION_OF_LONG_TERM_SYNAPTIC_POTENTIATION (GO_BP),1,10,18.235652375656468,0.05926404529622187,EPHA4,0.22201660864743747,GO_BP
GOBP_NEGATIVE_REGULATION_OF_SYNAPSE_ORGANIZATION (GO_BP),1,10,18.235652375656468,0.05926404529622187,ROBO2,0.22201660864743747,GO_BP
GOBP_POSITIVE_REGULATION_OF_DIGESTIVE_SYSTEM_PROCESS (GO_BP),1,10,18.235652375656468,0.05926404529622187,TACR1,0.22201660864743747,GO_BP
GOBP_POSITIVE_REGULATION_OF_EXTRINSIC_APOPTOTIC_SIGNALING_PATHWAY_IN_ABSENCE_OF_LIGAND (GO_BP),1,10,18.235652375656468,0.05926404529622187,INHBA,0.22201660864743747,GO_BP
GOBP_POSITIVE_REGULATION_OF_RENAL_SODIUM_EXCRETION (GO_BP),1,10,18.235652375656468,0.05926404529622187,TACR1,0.22201660864743747,GO_BP
GOBP_POSITIVE_REGULATION_OF_SYSTEMIC_ARTERIAL_BLOOD_PRESSURE (GO_BP),1,10,18.235652375656468,0.05926404529622187,ADRA1A,0.22201660864743747,GO_BP
GOBP_PRESYNAPTIC_MODULATION_OF_CHEMICAL_SYNAPTIC_TRANSMISSION (GO_BP),1,10,18.235652375656468,0.05926404529622187,PRKCB,0.22201660864743747,GO_BP
GOBP_REGULATION_OF_ACUTE_INFLAMMATORY_RESPONSE_TO_ANTIGENIC_STIMULUS (GO_BP),1,10,18.235652375656468,0.05926404529622187,NPY,0.22201660864743747,GO_BP
GOBP_REGULATION_OF_ASPARTIC_TYPE_ENDOPEPTIDASE_ACTIVITY_INVOLVED_IN_AMYLOID_PRECURSOR_PROTEIN_CATABOLIC_PROCESS (GO_BP),1,10,18.235652375656468,0.05926404529622187,EPHA4,0.22201660864743747,GO_BP
GOBP_REGULATION_OF_AXON_GUIDANCE (GO_BP),1,10,18.235652375656468,0.05926404529622187,TUBB2B,0.22201660864743747,GO_BP
GOBP_REGULATION_OF_MODIFICATION_OF_SYNAPTIC_STRUCTURE (GO_BP),1,10,18.235652375656468,0.05926404529622187,EPHA4,0.22201660864743747,GO_BP
GOBP_REGULATION_OF_POSTSYNAPTIC_CYTOSOLIC_CALCIUM_ION_CONCENTRATION (GO_BP),1,10,18.235652375656468,0.05926404529622187,CALB1,0.22201660864743747,GO_BP
GOBP_REGULATION_OF_RESPIRATORY_GASEOUS_EXCHANGE_BY_NERVOUS_SYSTEM_PROCESS (GO_BP),1,10,18.235652375656468,0.05926404529622187,PBX3,0.22201660864743747,GO_BP
GOBP_RRNA_3_END_PROCESSING (GO_BP),1,10,18.235652375656468,0.05926404529622187,RPS21,0.22201660864743747,GO_BP
GOBP_SA_NODE_CELL_TO_ATRIAL_CARDIAC_MUSCLE_CELL_COMMUNICATION (GO_BP),1,10,18.235652375656468,0.05926404529622187,RYR2,0.22201660864743747,GO_BP
GOBP_SHORT_TERM_MEMORY (GO_BP),1,10,18.235652375656468,0.05926404529622187,CALB1,0.22201660864743747,GO_BP
GOBP_SYNAPTIC_VESICLE_DOCKING (GO_BP),1,10,18.235652375656468,0.05926404529622187,UNC13B,0.22201660864743747,GO_BP
GOCC_DOPAMINERGIC_SYNAPSE (GO_CC),1,10,18.235652375656468,0.05926404529622187,ADRA1A,0.22201660864743747,GO_CC
GOCC_SPERM_HEAD (GO_CC),1,10,18.235652375656468,0.05926404529622187,TACR1,0.22201660864743747,GO_CC
GOCC_SYMMETRIC_SYNAPSE (GO_CC),1,10,18.235652375656468,0.05926404529622187,PENK,0.22201660864743747,GO_CC
GOMF_5S_RRNA_BINDING (GO_MF),1,10,18.235652375656468,0.05926404529622187,RPL3,0.22201660864743747,GO_MF
GOMF_ADENOSINE_DEAMINASE_ACTIVITY (GO_MF),1,10,18.235652375656468,0.05926404529622187,ADARB2,0.22201660864743747,GO_MF
GOMF_MYOSIN_HEAVY_CHAIN_BINDING (GO_MF),1,10,18.235652375656468,0.05926404529622187,LIMCH1,0.22201660864743747,GO_MF
GOMF_STORE_OPERATED_CALCIUM_CHANNEL_ACTIVITY (GO_MF),1,10,18.235652375656468,0.05926404529622187,TRPC7,0.22201660864743747,GO_MF
GOMF_STRUCTURAL_MOLECULE_ACTIVITY_CONFERRING_ELASTICITY (GO_MF),1,10,18.235652375656468,0.05926404529622187,FBN2,0.22201660864743747,GO_MF
REACTOME_CASPASE_ACTIVATION_VIA_DEPENDENCE_RECEPTORS_IN_THE_ABSENCE_OF_LIGAND (Reactome),1,10,18.235652375656468,0.05926404529622187,DCC,0.22201660864743747,Reactome
REACTOME_IONOTROPIC_ACTIVITY_OF_KAINATE_RECEPTORS (Reactome),1,10,18.235652375656468,0.05926404529622187,GRIK4,0.22201660864743747,Reactome
REACTOME_NEUROTOXICITY_OF_CLOSTRIDIUM_TOXINS (Reactome),1,10,18.235652375656468,0.05926404529622187,SYT1,0.22201660864743747,Reactome
GOBP_VENTRICULAR_SEPTUM_DEVELOPMENT (GO_BP),2,65,5.232953902387874,0.05974624212417127,LMO4;ROBO2,0.22229834773993423,GO_BP
REACTOME_COLLAGEN_BIOSYNTHESIS_AND_MODIFYING_ENZYMES (Reactome),2,65,5.232953902387874,0.05974624212417127,TLL2;ADAMTS3,0.22229834773993423,Reactome
REACTOME_DDX58_IFIH1_MEDIATED_INDUCTION_OF_INTERFERON_ALPHA_BETA (Reactome),2,65,5.232953902387874,0.05974624212417127,RPS27A;UBA52,0.22229834773993423,Reactome
REACTOME_DUAL_INCISION_IN_TC_NER (Reactome),2,65,5.232953902387874,0.05974624212417127,RPS27A;UBA52,0.22229834773993423,Reactome
REACTOME_SIGNALING_BY_FGFR2 (Reactome),2,65,5.232953902387874,0.05974624212417127,RPS27A;UBA52,0.22229834773993423,Reactome
REACTOME_SIGNALING_BY_HEDGEHOG (Reactome),3,146,3.4688253857715665,0.06002804693866772,TUBB2B;RPS27A;UBA52,0.22304298801292727,Reactome
GOBP_REGULATION_OF_SUPRAMOLECULAR_FIBER_ORGANIZATION (GO_BP),5,345,2.444190940847778,0.06042716988556092,TMSB4X;STMN1;TMSB10;LIMCH1;TACR1,0.22422092521394954,GO_BP
GOBP_NEURON_MIGRATION (GO_BP),3,147,3.444690552217246,0.06101544517426529,TUBB2B;DCC;PRKG1,0.22498246550001666,GO_BP
GOBP_METANEPHROS_DEVELOPMENT (GO_BP),2,66,5.150929373855591,0.06137383258788444,CALB1;ROBO2,0.22498246550001666,GO_BP
GOBP_REGULATION_OF_BONE_MINERALIZATION (GO_BP),2,66,5.150929373855591,0.06137383258788444,TENT5A;FBN2,0.22498246550001666,GO_BP
GOCC_CALCIUM_CHANNEL_COMPLEX (GO_CC),2,66,5.150929373855591,0.06137383258788444,RYR2;CACNA2D3,0.22498246550001666,GO_CC
REACTOME_CIRCADIAN_CLOCK (Reactome),2,66,5.150929373855591,0.06137383258788444,RPS27A;UBA52,0.22498246550001666,Reactome
REACTOME_G1_S_DNA_DAMAGE_CHECKPOINTS (Reactome),2,66,5.150929373855591,0.06137383258788444,RPS27A;UBA52,0.22498246550001666,Reactome
REACTOME_HDR_THROUGH_HOMOLOGOUS_RECOMBINATION_HRR (Reactome),2,66,5.150929373855591,0.06137383258788444,RPS27A;UBA52,0.22498246550001666,Reactome
REACTOME_INTERLEUKIN_17_SIGNALING (Reactome),2,66,5.150929373855591,0.06137383258788444,RPS27A;UBA52,0.22498246550001666,Reactome
REACTOME_REGULATION_OF_RAS_BY_GAPS (Reactome),2,66,5.150929373855591,0.06137383258788444,RPS27A;UBA52,0.22498246550001666,Reactome
GOBP_HOMEOSTASIS_OF_NUMBER_OF_CELLS (GO_BP),4,243,2.7746767592722255,0.06171144385328095,RPS19;RPS14;RPS17;INHBA,0.22591682729666257,GO_BP
GOBP_STRIATED_MUSCLE_CONTRACTION (GO_BP),3,149,3.3972493917842956,0.06301301286771406,ADRA1A;NOS1;RYR2,0.22844415460114154,GO_BP
GOCC_PERIKARYON (GO_CC),3,149,3.3972493917842956,0.06301301286771406,EPHA4;PENK;NPY,0.22844415460114154,GO_CC
GOBP_HEART_GROWTH (GO_BP),2,67,5.070854001300939,0.06301649729493371,ADRA1A;ERBB4,0.22844415460114154,GO_BP
GOBP_REGULATION_OF_RELEASE_OF_SEQUESTERED_CALCIUM_ION_INTO_CYTOSOL (GO_BP),2,67,5.070854001300939,0.06301649729493371,NOS1;RYR2,0.22844415460114154,GO_BP
GOBP_VASOCONSTRICTION (GO_BP),2,67,5.070854001300939,0.06301649729493371,ADRA1A;TACR1,0.22844415460114154,GO_BP
KEGG_FC_EPSILON_RI_SIGNALING_PATHWAY (KEGG),2,67,5.070854001300939,0.06301649729493371,PLCG2;PRKCB,0.22844415460114154,KEGG
GOBP_ADULT_LOCOMOTORY_BEHAVIOR (GO_BP),2,68,4.9942998595098995,0.06467399488747128,EPHA4;PBX3,0.22844415460114154,GO_BP
GOMF_CLATHRIN_BINDING (GO_MF),2,68,4.9942998595098995,0.06467399488747128,SYT1;CALY,0.22844415460114154,GO_MF
KEGG_B_CELL_RECEPTOR_SIGNALING_PATHWAY (KEGG),2,68,4.9942998595098995,0.06467399488747128,PLCG2;PRKCB,0.22844415460114154,KEGG
KEGG_CARDIAC_MUSCLE_CONTRACTION (KEGG),2,68,4.9942998595098995,0.06467399488747128,RYR2;CACNA2D3,0.22844415460114154,KEGG
KEGG_GLYCEROPHOSPHOLIPID_METABOLISM (KEGG),2,68,4.9942998595098995,0.06467399488747128,DGKG;DGKB,0.22844415460114154,KEGG
REACTOME_REGULATION_OF_PTEN_STABILITY_AND_ACTIVITY (Reactome),2,68,4.9942998595098995,0.06467399488747128,RPS27A;UBA52,0.22844415460114154,Reactome
REACTOME_RMTS_METHYLATE_HISTONE_ARGININES (Reactome),2,68,4.9942998595098995,0.06467399488747128,RPS2;H4C3,0.22844415460114154,Reactome
GOBP_RESPONSE_TO_MOLECULE_OF_BACTERIAL_ORIGIN (GO_BP),4,247,2.728524471861111,0.06471731482730232,PLCG2;PENK;FOXP1;NOS1,0.22844415460114154,GO_BP
GOBP_ANTIFUNGAL_INNATE_IMMUNE_RESPONSE (GO_BP),1,11,16.40690167794824,0.06499491326440388,PLCG2,0.22844415460114154,GO_BP
GOBP_CELLULAR_RESPONSE_TO_FOLLICLE_STIMULATING_HORMONE_STIMULUS (GO_BP),1,11,16.40690167794824,0.06499491326440388,INHBA,0.22844415460114154,GO_BP
GOBP_FORMATION_OF_TRANSLATION_PREINITIATION_COMPLEX (GO_BP),1,11,16.40690167794824,0.06499491326440388,RPL13A,0.22844415460114154,GO_BP
GOBP_GABAERGIC_NEURON_DIFFERENTIATION (GO_BP),1,11,16.40690167794824,0.06499491326440388,INHBA,0.22844415460114154,GO_BP
GOBP_PRESYNAPTIC_MEMBRANE_ORGANIZATION (GO_BP),1,11,16.40690167794824,0.06499491326440388,IL1RAPL1,0.22844415460114154,GO_BP
GOBP_REGULATION_OF_ATPASE_COUPLED_CALCIUM_TRANSMEMBRANE_TRANSPORTER_ACTIVITY (GO_BP),1,11,16.40690167794824,0.06499491326440388,RYR2,0.22844415460114154,GO_BP
GOBP_REGULATION_OF_CELL_FATE_SPECIFICATION (GO_BP),1,11,16.40690167794824,0.06499491326440388,LMO4,0.22844415460114154,GO_BP
GOBP_REGULATION_OF_LIGASE_ACTIVITY (GO_BP),1,11,16.40690167794824,0.06499491326440388,TMSB4X,0.22844415460114154,GO_BP
GOBP_REGULATION_OF_NATURAL_KILLER_CELL_DIFFERENTIATION (GO_BP),1,11,16.40690167794824,0.06499491326440388,TOX,0.22844415460114154,GO_BP
GOBP_REGULATION_OF_RNA_POLYMERASE_II_REGULATORY_REGION_SEQUENCE_SPECIFIC_DNA_BINDING (GO_BP),1,11,16.40690167794824,0.06499491326440388,TMSB4X,0.22844415460114154,GO_BP
GOBP_REGULATION_OF_VENTRICULAR_CARDIAC_MUSCLE_CELL_ACTION_POTENTIAL (GO_BP),1,11,16.40690167794824,0.06499491326440388,RYR2,0.22844415460114154,GO_BP
GOBP_SEROTONIN_UPTAKE (GO_BP),1,11,16.40690167794824,0.06499491326440388,NOS1,0.22844415460114154,GO_BP
GOBP_THROMBIN_ACTIVATED_RECEPTOR_SIGNALING_PATHWAY (GO_BP),1,11,16.40690167794824,0.06499491326440388,STMN1,0.22844415460114154,GO_BP
GOCC_CLATHRIN_SCULPTED_VESICLE (GO_CC),1,11,16.40690167794824,0.06499491326440388,SYT1,0.22844415460114154,GO_CC
GOMF_MDM2_MDM4_FAMILY_PROTEIN_BINDING (GO_MF),1,11,16.40690167794824,0.06499491326440388,RPS15,0.22844415460114154,GO_MF
GOMF_MYOSIN_II_BINDING (GO_MF),1,11,16.40690167794824,0.06499491326440388,LIMCH1,0.22844415460114154,GO_MF
REACTOME_PRESYNAPTIC_DEPOLARIZATION_AND_CALCIUM_CHANNEL_OPENING (Reactome),1,11,16.40690167794824,0.06499491326440388,CACNA2D3,0.22844415460114154,Reactome
GOBP_POSITIVE_REGULATION_OF_SECRETION (GO_BP),4,248,2.717248385262499,0.06548060965135871,SYT1;INHBA;UNC13B;TACR1,0.22985545624403683,GO_BP
GOBP_ACTIN_FILAMENT_BUNDLE_ORGANIZATION (GO_BP),3,152,3.3284737772972584,0.06606575932038287,STMN1;LIMCH1;TACR1,0.23023019293270214,GO_BP
GOBP_REGENERATION (GO_BP),3,152,3.3284737772972584,0.06606575932038287,RPS15;EPHA4;ERBB4,0.23023019293270214,GO_BP
GOBP_NEGATIVE_REGULATION_OF_CELL_CYCLE_G1_S_PHASE_TRANSITION (GO_BP),2,69,4.918553451713589,0.06634608635592698,RPL26;INHBA,0.23023019293270214,GO_BP
GOBP_NEGATIVE_REGULATION_OF_RESPONSE_TO_WOUNDING (GO_BP),2,69,4.918553451713589,0.06634608635592698,EPHA4;PRKG1,0.23023019293270214,GO_BP
GOBP_REGULATION_OF_SYSTEMIC_ARTERIAL_BLOOD_PRESSURE (GO_BP),2,69,4.918553451713589,0.06634608635592698,ADRA1A;TACR1,0.23023019293270214,GO_BP
GOBP_RIBONUCLEOSIDE_TRIPHOSPHATE_BIOSYNTHETIC_PROCESS (GO_BP),2,69,4.918553451713589,0.06634608635592698,TMSB4X;ATP5F1E,0.23023019293270214,GO_BP
GOMF_TRNA_BINDING (GO_MF),2,69,4.918553451713589,0.06634608635592698,RPL35A;EEF1A1,0.23023019293270214,GO_MF
KEGG_VEGF_SIGNALING_PATHWAY (KEGG),2,69,4.918553451713589,0.06634608635592698,PLCG2;PRKCB,0.23023019293270214,KEGG
REACTOME_SARS_COV_2_INFECTION (Reactome),2,69,4.918553451713589,0.06634608635592698,RPS27A;UBA52,0.23023019293270214,Reactome
GOBP_RESPONSE_TO_INORGANIC_SUBSTANCE (GO_BP),6,467,2.1668841004818655,0.0667074704694626,PLCG2;PENK;SYT1;RYR2;CPNE8;TACR1,0.23119048458388625,GO_BP
GOBP_NEGATIVE_REGULATION_OF_CYTOSKELETON_ORGANIZATION (GO_BP),3,153,3.3061594352909536,0.06709823513699309,TMSB4X;STMN1;TMSB10,0.2317615151110143,GO_BP
GOBP_ACUTE_INFLAMMATORY_RESPONSE (GO_BP),2,70,4.846320550447853,0.06803253501965044,NPY;TACR1,0.2317615151110143,GO_BP
GOMF_SYNTAXIN_BINDING (GO_MF),2,70,4.846320550447853,0.06803253501965044,SYT1;UNC13B,0.2317615151110143,GO_MF
KEGG_ARRHYTHMOGENIC_RIGHT_VENTRICULAR_CARDIOMYOPATHY_ARVC (KEGG),2,70,4.846320550447853,0.06803253501965044,RYR2;CACNA2D3,0.2317615151110143,KEGG
KEGG_HYPERTROPHIC_CARDIOMYOPATHY_HCM (KEGG),2,70,4.846320550447853,0.06803253501965044,RYR2;CACNA2D3,0.2317615151110143,KEGG
REACTOME_ORC1_REMOVAL_FROM_CHROMATIN (Reactome),2,70,4.846320550447853,0.06803253501965044,RPS27A;UBA52,0.2317615151110143,Reactome
REACTOME_REGULATION_OF_RUNX2_EXPRESSION_AND_ACTIVITY (Reactome),2,70,4.846320550447853,0.06803253501965044,RPS27A;UBA52,0.2317615151110143,Reactome
GOBP_NEGATIVE_REGULATION_OF_SUPRAMOLECULAR_FIBER_ORGANIZATION (GO_BP),3,155,3.2624109236065366,0.06918530519367301,TMSB4X;STMN1;TMSB10,0.2317615151110143,GO_BP
GOBP_MUSCLE_HYPERTROPHY (GO_BP),2,71,4.776067026979711,0.0697331065076991,ADRA1A;RYR2,0.2317615151110143,GO_BP
GOBP_NEGATIVE_REGULATION_OF_MYELOID_CELL_DIFFERENTIATION (GO_BP),2,71,4.776067026979711,0.0697331065076991,H4C3;INHBA,0.2317615151110143,GO_BP
GOBP_POSITIVE_REGULATION_OF_REPRODUCTIVE_PROCESS (GO_BP),2,71,4.776067026979711,0.0697331065076991,INHBA;TACR1,0.2317615151110143,GO_BP
GOBP_RESPONSE_TO_AXON_INJURY (GO_BP),2,71,4.776067026979711,0.0697331065076991,PLCG2;EPHA4,0.2317615151110143,GO_BP
GOBP_BASE_CONVERSION_OR_SUBSTITUTION_EDITING (GO_BP),1,12,14.917285850912041,0.07069108095476928,ADARB2,0.2317615151110143,GO_BP
GOBP_CARDIAC_LEFT_VENTRICLE_MORPHOGENESIS (GO_BP),1,12,14.917285850912041,0.07069108095476928,RYR2,0.2317615151110143,GO_BP
GOBP_CHEMOKINE_C_X_C_MOTIF_LIGAND_2_PRODUCTION (GO_BP),1,12,14.917285850912041,0.07069108095476928,FOXP1,0.2317615151110143,GO_BP
GOBP_COLLECTING_DUCT_DEVELOPMENT (GO_BP),1,12,14.917285850912041,0.07069108095476928,CALB1,0.2317615151110143,GO_BP
GOBP_EYELID_DEVELOPMENT_IN_CAMERA_TYPE_EYE (GO_BP),1,12,14.917285850912041,0.07069108095476928,INHBA,0.2317615151110143,GO_BP
GOBP_HEMOGLOBIN_BIOSYNTHETIC_PROCESS (GO_BP),1,12,14.917285850912041,0.07069108095476928,INHBA,0.2317615151110143,GO_BP
GOBP_HEPATOCYTE_GROWTH_FACTOR_RECEPTOR_SIGNALING_PATHWAY (GO_BP),1,12,14.917285850912041,0.07069108095476928,STMN1,0.2317615151110143,GO_BP
GOBP_INOSITOL_TRISPHOSPHATE_METABOLIC_PROCESS (GO_BP),1,12,14.917285850912041,0.07069108095476928,PLCG2,0.2317615151110143,GO_BP
GOBP_LYMPH_NODE_DEVELOPMENT (GO_BP),1,12,14.917285850912041,0.07069108095476928,TOX,0.2317615151110143,GO_BP
GOBP_MEMBRANE_DISASSEMBLY (GO_BP),1,12,14.917285850912041,0.07069108095476928,PRKCB,0.2317615151110143,GO_BP
GOBP_NEGATIVE_REGULATION_OF_ANDROGEN_RECEPTOR_SIGNALING_PATHWAY (GO_BP),1,12,14.917285850912041,0.07069108095476928,FOXP1,0.2317615151110143,GO_BP
GOBP_NEGATIVE_REGULATION_OF_UBIQUITIN_PROTEIN_LIGASE_ACTIVITY (GO_BP),1,12,14.917285850912041,0.07069108095476928,RPS15,0.2317615151110143,GO_BP
GOBP_NEPHRIC_DUCT_DEVELOPMENT (GO_BP),1,12,14.917285850912041,0.07069108095476928,EPHA4,0.2317615151110143,GO_BP
GOBP_NEUROTRANSMITTER_BIOSYNTHETIC_PROCESS (GO_BP),1,12,14.917285850912041,0.07069108095476928,NOS1,0.2317615151110143,GO_BP
GOBP_POSITIVE_REGULATION_OF_CATECHOLAMINE_SECRETION (GO_BP),1,12,14.917285850912041,0.07069108095476928,SYT1,0.2317615151110143,GO_BP
GOBP_POSITIVE_REGULATION_OF_VASCULAR_ENDOTHELIAL_GROWTH_FACTOR_RECEPTOR_SIGNALING_PATHWAY (GO_BP),1,12,14.917285850912041,0.07069108095476928,PRKCB,0.2317615151110143,GO_BP
GOBP_POSTSYNAPTIC_NEUROTRANSMITTER_RECEPTOR_INTERNALIZATION (GO_BP),1,12,14.917285850912041,0.07069108095476928,CALY,0.2317615151110143,GO_BP
GOBP_REGULATION_OF_ASPARTIC_TYPE_PEPTIDASE_ACTIVITY (GO_BP),1,12,14.917285850912041,0.07069108095476928,EPHA4,0.2317615151110143,GO_BP
GOBP_REGULATION_OF_FLAGELLATED_SPERM_MOTILITY (GO_BP),1,12,14.917285850912041,0.07069108095476928,TACR1,0.2317615151110143,GO_BP
GOBP_REGULATION_OF_MEMBRANE_INVAGINATION (GO_BP),1,12,14.917285850912041,0.07069108095476928,PLCG2,0.2317615151110143,GO_BP
GOBP_REGULATION_OF_NUCLEAR_CELL_CYCLE_DNA_REPLICATION (GO_BP),1,12,14.917285850912041,0.07069108095476928,DACH1,0.2317615151110143,GO_BP
GOBP_REGULATION_OF_PIGMENTATION (GO_BP),1,12,14.917285850912041,0.07069108095476928,ZEB2,0.2317615151110143,GO_BP
GOBP_REGULATION_OF_RESPIRATORY_BURST (GO_BP),1,12,14.917285850912041,0.07069108095476928,RPS19,0.2317615151110143,GO_BP
GOBP_RESPIRATORY_BURST_INVOLVED_IN_DEFENSE_RESPONSE (GO_BP),1,12,14.917285850912041,0.07069108095476928,RPS19,0.2317615151110143,GO_BP
GOBP_RESPONSE_TO_REDOX_STATE (GO_BP),1,12,14.917285850912041,0.07069108095476928,RYR2,0.2317615151110143,GO_BP
GOBP_SYNAPTIC_VESICLE_MATURATION (GO_BP),1,12,14.917285850912041,0.07069108095476928,UNC13B,0.2317615151110143,GO_BP
GOCC_MICROFIBRIL (GO_CC),1,12,14.917285850912041,0.07069108095476928,FBN2,0.2317615151110143,GO_CC
GOCC_PHOTORECEPTOR_OUTER_SEGMENT_MEMBRANE (GO_CC),1,12,14.917285850912041,0.07069108095476928,DHRS3,0.2317615151110143,GO_CC
GOCC_POSTSYNAPTIC_CYTOSOL (GO_CC),1,12,14.917285850912041,0.07069108095476928,CALB1,0.2317615151110143,GO_CC
GOMF_C2H2_ZINC_FINGER_DOMAIN_BINDING (GO_MF),1,12,14.917285850912041,0.07069108095476928,EBF1,0.2317615151110143,GO_MF
GOMF_NADP_RETINOL_DEHYDROGENASE_ACTIVITY (GO_MF),1,12,14.917285850912041,0.07069108095476928,DHRS3,0.2317615151110143,GO_MF
REACTOME_ERBB2_ACTIVATES_PTK6_SIGNALING (Reactome),1,12,14.917285850912041,0.07069108095476928,ERBB4,0.2317615151110143,Reactome
REACTOME_SIGNAL_REGULATORY_PROTEIN_FAMILY_INTERACTIONS (Reactome),1,12,14.917285850912041,0.07069108095476928,SKAP2,0.2317615151110143,Reactome
GOMF_G_PROTEIN_COUPLED_RECEPTOR_ACTIVITY (GO_MF),5,362,2.326200534042954,0.07106261301171883,RXFP1;ADRA1A;NPY;GPR149;TACR1,0.23270023517386587,GO_MF
REACTOME_DNA_DOUBLE_STRAND_BREAK_REPAIR (Reactome),3,157,3.2197979506136924,0.0713016148541396,H4C3;RPS27A;UBA52,0.23292429445772161,Reactome
REACTOME_G2_M_CHECKPOINTS (Reactome),3,157,3.2197979506136924,0.0713016148541396,H4C3;RPS27A;UBA52,0.23292429445772161,Reactome
REACTOME_CELL_DEATH_SIGNALLING_VIA_NRAGE_NRIF_AND_NADE (Reactome),2,72,4.707753972078813,0.0714475687397714,RPS27A;UBA52,0.23312223444243213,Reactome
GOBP_POSITIVE_REGULATION_OF_LOCOMOTION (GO_BP),6,477,2.1200507221145704,0.0722506909548652,PLCG2;TMSB4X;EPHA4;DSCAM;FOXP1;TACR1,0.23455498301555544,GO_BP
GOBP_REGULATION_OF_DEFENSE_RESPONSE (GO_BP),6,478,2.1154780506157134,0.07281921217691283,PLCG2;RPS19;TMSB4X;PENK;NPY;FOXP1,0.23455498301555544,GO_BP
GOBP_EXOCYTIC_PROCESS (GO_BP),2,73,4.641327211936047,0.07317569190728518,SYT1;UNC13B,0.23455498301555544,GO_BP
GOBP_MONOAMINE_TRANSPORT (GO_BP),2,73,4.641327211936047,0.07317569190728518,SYT1;NOS1,0.23455498301555544,GO_BP
GOBP_POSITIVE_REGULATION_OF_NEURON_DIFFERENTIATION (GO_BP),2,73,4.641327211936047,0.07317569190728518,PCP4;TCF4,0.23455498301555544,GO_BP
GOBP_PROTEOGLYCAN_METABOLIC_PROCESS (GO_BP),2,73,4.641327211936047,0.07317569190728518,HS3ST4;HS3ST5,0.23455498301555544,GO_BP
GOCC_SARCOPLASM (GO_CC),2,73,4.641327211936047,0.07317569190728518,NOS1;RYR2,0.23455498301555544,GO_CC
REACTOME_APC_C_CDH1_MEDIATED_DEGRADATION_OF_CDC20_AND_OTHER_APC_C_CDH1_TARGETED_PROTEINS_IN_LATE_MITOSIS_EARLY_G1 (Reactome),2,73,4.641327211936047,0.07317569190728518,RPS27A;UBA52,0.23455498301555544,Reactome
REACTOME_CELLULAR_RESPONSE_TO_HYPOXIA (Reactome),2,73,4.641327211936047,0.07317569190728518,RPS27A;UBA52,0.23455498301555544,Reactome
REACTOME_SIGNALING_BY_TGF_BETA_RECEPTOR_COMPLEX (Reactome),2,73,4.641327211936047,0.07317569190728518,RPS27A;UBA52,0.23455498301555544,Reactome
GOBP_REGULATION_OF_CELLULAR_RESPONSE_TO_GROWTH_FACTOR_STIMULUS (GO_BP),4,258,2.6093535993107557,0.07337123213730717,PRKCB;FBN2;ZEB2;ADAMTS3,0.23455498301555544,GO_BP
GOBP_POSITIVE_REGULATION_OF_ERK1_AND_ERK2_CASCADE (GO_BP),3,159,3.1782769576467373,0.07344685729339659,ADRA1A;NPY;ERBB4,0.23455498301555544,GO_BP
GOBP_CELLULAR_RESPONSE_TO_ORGANIC_CYCLIC_COMPOUND (GO_BP),6,481,2.1018764259447607,0.07454024025901457,PENK;CALY;INHBA;FOXP1;RYR2;RXRG,0.23455498301555544,GO_BP
GOBP_BODY_FLUID_SECRETION (GO_BP),2,74,4.5766035198127115,0.07491724845459784,ERBB4;TACR1,0.23455498301555544,GO_BP
GOBP_KIDNEY_MORPHOGENESIS (GO_BP),2,74,4.5766035198127115,0.07491724845459784,ERBB4;CALB1,0.23455498301555544,GO_BP
GOBP_MACROPHAGE_ACTIVATION (GO_BP),2,74,4.5766035198127115,0.07491724845459784,PLCG2;FOXP1,0.23455498301555544,GO_BP
GOBP_POSITIVE_REGULATION_OF_CELL_MORPHOGENESIS_INVOLVED_IN_DIFFERENTIATION (GO_BP),2,74,4.5766035198127115,0.07491724845459784,EPHA4;IL1RAPL1,0.23455498301555544,GO_BP
GOBP_ERK1_AND_ERK2_CASCADE (GO_BP),4,260,2.5887819985881277,0.07500505330288132,ADRA1A;EPHA4;NPY;ERBB4,0.23455498301555544,GO_BP
GOBP_REGULATION_OF_NEURON_DIFFERENTIATION (GO_BP),3,161,3.1378066129119406,0.07562072036835646,PCP4;BCL11B;TCF4,0.23455498301555544,GO_BP
GOCC_TRANSPORT_VESICLE (GO_CC),5,369,2.280882635342672,0.07572337790056793,SYNDIG1;PENK;SYT1;UNC13B;NRGN,0.23455498301555544,GO_CC
GOBP_AV_NODE_CELL_TO_BUNDLE_OF_HIS_CELL_COMMUNICATION (GO_BP),1,13,13.678071628158536,0.07635275719547008,RYR2,0.23455498301555544,GO_BP
GOBP_CELLULAR_RESPONSE_TO_CHOLESTEROL (GO_BP),1,13,13.678071628158536,0.07635275719547008,INHBA,0.23455498301555544,GO_BP
GOBP_CELLULAR_RESPONSE_TO_PURINE_CONTAINING_COMPOUND (GO_BP),1,13,13.678071628158536,0.07635275719547008,RYR2,0.23455498301555544,GO_BP
GOBP_CGMP_METABOLIC_PROCESS (GO_BP),1,13,13.678071628158536,0.07635275719547008,GUCY1A1,0.23455498301555544,GO_BP
GOBP_CYCLIC_NUCLEOTIDE_CATABOLIC_PROCESS (GO_BP),1,13,13.678071628158536,0.07635275719547008,PDE7B,0.23455498301555544,GO_BP
GOBP_INNATE_IMMUNE_RESPONSE_IN_MUCOSA (GO_BP),1,13,13.678071628158536,0.07635275719547008,RPL39,0.23455498301555544,GO_BP
GOBP_MACROPHAGE_CYTOKINE_PRODUCTION (GO_BP),1,13,13.678071628158536,0.07635275719547008,PLCG2,0.23455498301555544,GO_BP
GOBP_MIDDLE_EAR_MORPHOGENESIS (GO_BP),1,13,13.678071628158536,0.07635275719547008,RPL38,0.23455498301555544,GO_BP
GOBP_MORPHOGENESIS_OF_AN_ENDOTHELIUM (GO_BP),1,13,13.678071628158536,0.07635275719547008,FOXP1,0.23455498301555544,GO_BP
GOBP_NEGATIVE_REGULATION_OF_B_CELL_APOPTOTIC_PROCESS (GO_BP),1,13,13.678071628158536,0.07635275719547008,FOXP1,0.23455498301555544,GO_BP
GOBP_NEGATIVE_REGULATION_OF_HOMOTYPIC_CELL_CELL_ADHESION (GO_BP),1,13,13.678071628158536,0.07635275719547008,PRKG1,0.23455498301555544,GO_BP
GOBP_NEGATIVE_REGULATION_OF_INTERLEUKIN_8_PRODUCTION (GO_BP),1,13,13.678071628158536,0.07635275719547008,TMSB4X,0.23455498301555544,GO_BP
GOBP_NEGATIVE_REGULATION_OF_MEGAKARYOCYTE_DIFFERENTIATION (GO_BP),1,13,13.678071628158536,0.07635275719547008,H4C3,0.23455498301555544,GO_BP
GOBP_NEGATIVE_REGULATION_OF_NEUROTRANSMITTER_TRANSPORT (GO_BP),1,13,13.678071628158536,0.07635275719547008,NOS1,0.23455498301555544,GO_BP
GOBP_POSITIVE_REGULATION_OF_ATP_BIOSYNTHETIC_PROCESS (GO_BP),1,13,13.678071628158536,0.07635275719547008,TMSB4X,0.23455498301555544,GO_BP
GOBP_POSITIVE_REGULATION_OF_DNA_DAMAGE_RESPONSE_SIGNAL_TRANSDUCTION_BY_P53_CLASS_MEDIATOR (GO_BP),1,13,13.678071628158536,0.07635275719547008,RPL26,0.23455498301555544,GO_BP
GOBP_POSITIVE_REGULATION_OF_MEMBRANE_PROTEIN_ECTODOMAIN_PROTEOLYSIS (GO_BP),1,13,13.678071628158536,0.07635275719547008,SH3D19,0.23455498301555544,GO_BP
GOBP_POSITIVE_REGULATION_OF_STRIATED_MUSCLE_CONTRACTION (GO_BP),1,13,13.678071628158536,0.07635275719547008,ADRA1A,0.23455498301555544,GO_BP
GOBP_POST_EMBRYONIC_ANIMAL_MORPHOGENESIS (GO_BP),1,13,13.678071628158536,0.07635275719547008,DSCAM,0.23455498301555544,GO_BP
GOBP_PROTEIN_NITROSYLATION (GO_BP),1,13,13.678071628158536,0.07635275719547008,NOS1,0.23455498301555544,GO_BP
GOBP_REGULATION_OF_PRESYNAPTIC_CYTOSOLIC_CALCIUM_ION_CONCENTRATION (GO_BP),1,13,13.678071628158536,0.07635275719547008,CALB1,0.23455498301555544,GO_BP
GOBP_REGULATION_OF_RESPIRATORY_SYSTEM_PROCESS (GO_BP),1,13,13.678071628158536,0.07635275719547008,PBX3,0.23455498301555544,GO_BP
GOBP_RESPONSE_TO_CAFFEINE (GO_BP),1,13,13.678071628158536,0.07635275719547008,RYR2,0.23455498301555544,GO_BP
GOBP_SPONTANEOUS_SYNAPTIC_TRANSMISSION (GO_BP),1,13,13.678071628158536,0.07635275719547008,SYT1,0.23455498301555544,GO_BP
GOBP_TRANS_SYNAPTIC_SIGNALING_MODULATING_SYNAPTIC_TRANSMISSION (GO_BP),1,13,13.678071628158536,0.07635275719547008,GUCY1A1,0.23455498301555544,GO_BP
GOCC_AXOLEMMA (GO_CC),1,13,13.678071628158536,0.07635275719547008,ROBO2,0.23455498301555544,GO_CC
GOCC_FANCONI_ANAEMIA_NUCLEAR_COMPLEX (GO_CC),1,13,13.678071628158536,0.07635275719547008,CORT,0.23455498301555544,GO_CC
GOMF_FMN_BINDING (GO_MF),1,13,13.678071628158536,0.07635275719547008,NOS1,0.23455498301555544,GO_MF
GOMF_INOSITOL_1_4_5_TRISPHOSPHATE_BINDING (GO_MF),1,13,13.678071628158536,0.07635275719547008,TRPC7,0.23455498301555544,GO_MF
GOMF_POLYNUCLEOTIDE_ADENYLYLTRANSFERASE_ACTIVITY (GO_MF),1,13,13.678071628158536,0.07635275719547008,TENT5A,0.23455498301555544,GO_MF
GOMF_PROTEIN_KINASE_A_CATALYTIC_SUBUNIT_BINDING (GO_MF),1,13,13.678071628158536,0.07635275719547008,RYR2,0.23455498301555544,GO_MF
REACTOME_SHC1_EVENTS_IN_ERBB4_SIGNALING (Reactome),1,13,13.678071628158536,0.07635275719547008,ERBB4,0.23455498301555544,Reactome
GOMF_HORMONE_BINDING (GO_MF),2,75,4.513274505633701,0.0766720130603702,RXFP1;INHBA,0.2351488645119392,GO_MF
GOCC_ENDOCYTIC_VESICLE_MEMBRANE (GO_CC),3,162,3.117953090486991,0.0767182857122438,RPS27A;UBA52;SYT1,0.2351488645119392,GO_CC
REACTOME_SIGNALING_BY_RECEPTOR_TYROSINE_KINASES (Reactome),6,486,2.079572355352027,0.0774600945007528,RPS27A;STMN1;UBA52;PRKCB;RIT2;ERBB4,0.2371564104053317,Reactome
GOBP_NEGATIVE_REGULATION_OF_CELL_GROWTH (GO_BP),3,163,3.098347666624235,0.07782288688911004,INHBA;DCC;MEG3,0.23726527359458474,GO_BP
GOBP_CD4_POSITIVE_ALPHA_BETA_T_CELL_ACTIVATION (GO_BP),2,76,4.453058888880346,0.07843976261907103,FOXP1;TOX,0.23726527359458474,GO_BP
GOBP_MESONEPHROS_DEVELOPMENT (GO_BP),2,76,4.453058888880346,0.07843976261907103,CALB1;ROBO2,0.23726527359458474,GO_BP
GOBP_MUSCLE_CELL_MIGRATION (GO_BP),2,76,4.453058888880346,0.07843976261907103,PRKG1;TACR1,0.23726527359458474,GO_BP
GOBP_ROOF_OF_MOUTH_DEVELOPMENT (GO_BP),2,76,4.453058888880346,0.07843976261907103,INHBA;DHRS3,0.23726527359458474,GO_BP
GOMF_CARBON_OXYGEN_LYASE_ACTIVITY (GO_MF),2,76,4.453058888880346,0.07843976261907103,CA8;CA10,0.23726527359458474,GO_MF
REACTOME_PROTEIN_UBIQUITINATION (Reactome),2,76,4.453058888880346,0.07843976261907103,RPS27A;UBA52,0.23726527359458474,Reactome
REACTOME_SIGNALING_BY_MET (Reactome),2,76,4.453058888880346,0.07843976261907103,RPS27A;UBA52,0.23726527359458474,Reactome
GOBP_CALCIUM_MEDIATED_SIGNALING (GO_BP),3,164,3.078985738383436,0.07893448350502831,PLCG2;RYR2;RIT2,0.23726527359458474,GO_BP
GOBP_HORMONE_MEDIATED_SIGNALING_PATHWAY (GO_BP),3,164,3.078985738383436,0.07893448350502831,RXFP1;FOXP1;RXRG,0.23726527359458474,GO_BP
GOBP_MUSCLE_ORGAN_DEVELOPMENT (GO_BP),4,265,2.538647172540128,0.07916974299836747,CHODL;TLL2;RYR2;RXRG,0.23726527359458474,GO_BP
GOBP_REGULATION_OF_NUCLEOTIDE_METABOLIC_PROCESS (GO_BP),2,77,4.393362669590467,0.08022027622262125,TMSB4X;NOS1,0.23726527359458474,GO_BP
REACTOME_ABC_TRANSPORTER_DISORDERS (Reactome),2,77,4.393362669590467,0.08022027622262125,RPS27A;UBA52,0.23726527359458474,Reactome
GOBP_CELL_SURFACE_RECEPTOR_SIGNALING_PATHWAY_INVOLVED_IN_CELL_CELL_SIGNALING (GO_BP),6,491,2.0578455279934937,0.08044413272121509,PLCG2;RPS12;UNC13B;ZEB2;NETO1;TLE4,0.23726527359458474,GO_BP
GOCC_ION_CHANNEL_COMPLEX (GO_CC),4,268,2.5096114907096596,0.08172303045990756,RYR2;CACNA2D3;TRPC7;GRIK4,0.23726527359458474,GO_CC
REACTOME_SIGNALING_BY_NUCLEAR_RECEPTORS (Reactome),4,268,2.5096114907096596,0.08172303045990756,H4C3;DHRS3;ERBB4;RXRG,0.23726527359458474,Reactome
GOBP_CALCIUM_ION_TRANSMEMBRANE_TRANSPORT_VIA_HIGH_VOLTAGE_GATED_CALCIUM_CHANNEL (GO_BP),1,14,12.620515092660348,0.08198014956562916,NOS1,0.23726527359458474,GO_BP
GOBP_CDC42_PROTEIN_SIGNAL_TRANSDUCTION (GO_BP),1,14,12.620515092660348,0.08198014956562916,RIT2,0.23726527359458474,GO_BP
GOBP_CYTOPLASMIC_SEQUESTERING_OF_TRANSCRIPTION_FACTOR (GO_BP),1,14,12.620515092660348,0.08198014956562916,TMSB4X,0.23726527359458474,GO_BP
GOBP_GANGLION_DEVELOPMENT (GO_BP),1,14,12.620515092660348,0.08198014956562916,UNC5C,0.23726527359458474,GO_BP
GOBP_HEART_FIELD_SPECIFICATION (GO_BP),1,14,12.620515092660348,0.08198014956562916,ROBO2,0.23726527359458474,GO_BP
GOBP_HEMOGLOBIN_METABOLIC_PROCESS (GO_BP),1,14,12.620515092660348,0.08198014956562916,INHBA,0.23726527359458474,GO_BP
GOBP_MACROPHAGE_ACTIVATION_INVOLVED_IN_IMMUNE_RESPONSE (GO_BP),1,14,12.620515092660348,0.08198014956562916,PLCG2,0.23726527359458474,GO_BP
GOBP_NEGATIVE_REGULATION_OF_MICROTUBULE_POLYMERIZATION (GO_BP),1,14,12.620515092660348,0.08198014956562916,STMN1,0.23726527359458474,GO_BP
GOBP_NEGATIVE_REGULATION_OF_NEURON_PROJECTION_REGENERATION (GO_BP),1,14,12.620515092660348,0.08198014956562916,EPHA4,0.23726527359458474,GO_BP
GOBP_NEGATIVE_REGULATION_OF_SYSTEMIC_ARTERIAL_BLOOD_PRESSURE (GO_BP),1,14,12.620515092660348,0.08198014956562916,ADRA1A,0.23726527359458474,GO_BP
GOBP_PARTURITION (GO_BP),1,14,12.620515092660348,0.08198014956562916,RXFP1,0.23726527359458474,GO_BP
GOBP_POSITIVE_REGULATION_OF_REACTIVE_OXYGEN_SPECIES_BIOSYNTHETIC_PROCESS (GO_BP),1,14,12.620515092660348,0.08198014956562916,PLCG2,0.23726527359458474,GO_BP
GOBP_REGULATION_OF_CELLULAR_RESPONSE_TO_HYPOXIA (GO_BP),1,14,12.620515092660348,0.08198014956562916,EPHA4,0.23726527359458474,GO_BP
GOBP_REGULATION_OF_DEFENSE_RESPONSE_TO_BACTERIUM (GO_BP),1,14,12.620515092660348,0.08198014956562916,FOXP1,0.23726527359458474,GO_BP
GOBP_REGULATION_OF_SECONDARY_METABOLIC_PROCESS (GO_BP),1,14,12.620515092660348,0.08198014956562916,ZEB2,0.23726527359458474,GO_BP
GOBP_RIBOSOMAL_SUBUNIT_EXPORT_FROM_NUCLEUS (GO_BP),1,14,12.620515092660348,0.08198014956562916,RPS15,0.23726527359458474,GO_BP
GOBP_SYNAPTIC_VESICLE_CLUSTERING (GO_BP),1,14,12.620515092660348,0.08198014956562916,SYNDIG1,0.23726527359458474,GO_BP
GOBP_THYMIC_T_CELL_SELECTION (GO_BP),1,14,12.620515092660348,0.08198014956562916,TOX,0.23726527359458474,GO_BP
GOCC_TRANS_GOLGI_NETWORK_TRANSPORT_VESICLE_MEMBRANE (GO_CC),1,14,12.620515092660348,0.08198014956562916,NRGN,0.23726527359458474,GO_CC
GOMF_CGMP_BINDING (GO_MF),1,14,12.620515092660348,0.08198014956562916,PRKG1,0.23726527359458474,GO_MF
GOMF_DIACYLGLYCEROL_BINDING (GO_MF),1,14,12.620515092660348,0.08198014956562916,UNC13B,0.23726527359458474,GO_MF
GOMF_NEUROPEPTIDE_BINDING (GO_MF),1,14,12.620515092660348,0.08198014956562916,GPR149,0.23726527359458474,GO_MF
REACTOME_ANCHORING_FIBRIL_FORMATION (Reactome),1,14,12.620515092660348,0.08198014956562916,TLL2,0.23726527359458474,Reactome
REACTOME_DCC_MEDIATED_ATTRACTIVE_SIGNALING (Reactome),1,14,12.620515092660348,0.08198014956562916,DCC,0.23726527359458474,Reactome
REACTOME_ERBB2_REGULATES_CELL_MOTILITY (Reactome),1,14,12.620515092660348,0.08198014956562916,ERBB4,0.23726527359458474,Reactome
REACTOME_LGI_ADAM_INTERACTIONS (Reactome),1,14,12.620515092660348,0.08198014956562916,LGI1,0.23726527359458474,Reactome
REACTOME_REPRESSION_OF_WNT_TARGET_GENES (Reactome),1,14,12.620515092660348,0.08198014956562916,TLE4,0.23726527359458474,Reactome
GOBP_PHOSPHOLIPASE_C_ACTIVATING_G_PROTEIN_COUPLED_RECEPTOR_SIGNALING_PATHWAY (GO_BP),2,78,4.33531412002892,0.08201333514217796,ADRA1A;TACR1,0.23726527359458474,GO_BP
GOBP_REGULATION_OF_POSTSYNAPSE_ORGANIZATION (GO_BP),2,78,4.33531412002892,0.08201333514217796,EPHA4;IL1RAPL1,0.23726527359458474,GO_BP
GOBP_REGULATION_OF_SODIUM_ION_TRANSPORT (GO_BP),2,78,4.33531412002892,0.08201333514217796,NOS1;NETO1,0.23726527359458474,GO_BP
GOCC_PHOTORECEPTOR_OUTER_SEGMENT (GO_CC),2,78,4.33531412002892,0.08201333514217796,PCDH15;DHRS3,0.23726527359458474,GO_CC
GOMF_TRANSMEMBRANE_RECEPTOR_PROTEIN_KINASE_ACTIVITY (GO_MF),2,78,4.33531412002892,0.08201333514217796,EPHA4;ERBB4,0.23726527359458474,GO_MF
KEGG_DILATED_CARDIOMYOPATHY (KEGG),2,78,4.33531412002892,0.08201333514217796,RYR2;CACNA2D3,0.23726527359458474,KEGG
REACTOME_FCERI_MEDIATED_NF_KB_ACTIVATION (Reactome),2,78,4.33531412002892,0.08201333514217796,RPS27A;UBA52,0.23726527359458474,Reactome
REACTOME_SIGNALING_BY_FGFR (Reactome),2,78,4.33531412002892,0.08201333514217796,RPS27A;UBA52,0.23726527359458474,Reactome
REACTOME_TRANSCRIPTION_COUPLED_NUCLEOTIDE_EXCISION_REPAIR_TC_NER (Reactome),2,78,4.33531412002892,0.08201333514217796,RPS27A;UBA52,0.23726527359458474,Reactome
GOBP_MYELOID_LEUKOCYTE_ACTIVATION (GO_BP),3,167,3.0223219826529877,0.08231083785392747,PLCG2;NPY;FOXP1,0.2376225139313699,GO_BP
GOBP_REGULATION_OF_MYELOID_CELL_DIFFERENTIATION (GO_BP),3,167,3.0223219826529877,0.08231083785392747,H4C3;INHBA;FOXP1,0.2376225139313699,GO_BP
GOBP_PURINE_CONTAINING_COMPOUND_METABOLIC_PROCESS (GO_BP),5,379,2.2189296900648388,0.08266310249844468,TMSB4X;ATP5F1E;PDE7B;GUCY1A1;NOS1,0.23838746876795397,GO_BP
GOCC_LEADING_EDGE_MEMBRANE (GO_CC),3,168,3.003894152262954,0.083450006749719835,PLCG2;EEF1A1;ROBO2,0.24001791633663966,GO_CC
REACTOME_APOPTOSIS (Reactome),3,168,3.003894152262954,0.083450006749719835,RPS27A;UBA52;DCC,0.24001791633663966,Reactome
GOBP_POSITIVE_REGULATION_OF_TRANSFERASE_ACTIVITY (GO_BP),6,496,2.0363732634438216,0.08349213493951214,ADRA1A;RPLP1;RPS2;EPHA4;ERBB4;LMO4,0.24001791633663966,GO_BP
REACTOME_ANTIVIRAL_MECHANISM_BY_IFN_STIMULATED_GENES (Reactome),2,79,4.278818057559144,0.08381872281005681,RPS27A;UBA52,0.24070339852183506,Reactome
GOBP_NEGATIVE_REGULATION_OF_CELL_PROJECTION_ORGANIZATION (GO_BP),3,169,2.9856885278484544,0.08459596503016051,EPHA4;DCC;RIT2,0.24242558289335608,GO_BP
REACTOME_MUSCLE_CONTRACTION (Reactome),3,169,2.9856885278484544,0.08459596503016051,GUCY1A1;NOS1;RYR2,0.24242558289335608,Reactome
GOBP_NUCLEOSIDE_TRIPHOSPHATE_BIOSYNTHETIC_PROCESS (GO_BP),2,80,4.2237945516394655,0.08563622480179071,TMSB4X;ATP5F1E,0.24305196268694731,GO_BP
GOBP_CELLULAR_RESPONSE_TO_HORMONE_STIMULUS (GO_BP),6,500,2.0196900560056794,0.085976417095757,RXFP1;INHBA;PRKCB;FOXP1;RXRG;ROBO2,0.24305196268694731,GO_BP
GOBP_POSITIVE_REGULATION_OF_PROTEIN_CONTAINING_COMPLEX_ASSEMBLY (GO_BP),3,171,2.949927984039737,0.08690808161221984,PLCG2;CALY;UNC13B,0.24305196268694731,GO_BP
GOBP_SENSORY_PERCEPTION_OF_PAIN (GO_BP),2,81,4.1701752094994395,0.08746562881832602,PENK;TACR1,0.24305196268694731,GO_BP
REACTOME_SIGNALING_BY_NOTCH4 (Reactome),2,81,4.1701752094994395,0.08746562881832602,RPS27A;UBA52,0.24305196268694731,Reactome
GOBP_ACUTE_INFLAMMATORY_RESPONSE_TO_ANTIGENIC_STIMULUS (GO_BP),1,15,11.718994074510404,0.08757346440276681,NPY,0.24305196268694731,GO_BP
GOBP_BEHAVIORAL_RESPONSE_TO_PAIN (GO_BP),1,15,11.718994074510404,0.08757346440276681,TACR1,0.24305196268694731,GO_BP
GOBP_ENDONUCLEOLYTIC_CLEAVAGE_INVOLVED_IN_RRNA_PROCESSING (GO_BP),1,15,11.718994074510404,0.08757346440276681,RPS21,0.24305196268694731,GO_BP
GOBP_INHIBITORY_POSTSYNAPTIC_POTENTIAL (GO_BP),1,15,11.718994074510404,0.08757346440276681,UNC13B,0.24305196268694731,GO_BP
GOBP_I_KAPPAB_PHOSPHORYLATION (GO_BP),1,15,11.718994074510404,0.08757346440276681,PLCG2,0.24305196268694731,GO_BP
GOBP_MAMMARY_GLAND_ALVEOLUS_DEVELOPMENT (GO_BP),1,15,11.718994074510404,0.08757346440276681,ERBB4,0.24305196268694731,GO_BP
GOBP_MAMMARY_GLAND_EPITHELIAL_CELL_DIFFERENTIATION (GO_BP),1,15,11.718994074510404,0.08757346440276681,ERBB4,0.24305196268694731,GO_BP
GOBP_MATURATION_OF_LSU_RRNA_FROM_TRICISTRONIC_RRNA_TRANSCRIPT_SSU_RRNA_5_8S_RRNA_LSU_RRNA (GO_BP),1,15,11.718994074510404,0.08757346440276681,RPL7,0.24305196268694731,GO_BP
GOBP_NEGATIVE_REGULATION_OF_GLUCOSE_TRANSMEMBRANE_TRANSPORT (GO_BP),1,15,11.718994074510404,0.08757346440276681,PRKCB,0.24305196268694731,GO_BP
GOBP_POSITIVE_REGULATION_OF_ENDOTHELIAL_CELL_CHEMOTAXIS (GO_BP),1,15,11.718994074510404,0.08757346440276681,TMSB4X,0.24305196268694731,GO_BP
GOBP_POSITIVE_REGULATION_OF_SEQUESTERING_OF_CALCIUM_ION (GO_BP),1,15,11.718994074510404,0.08757346440276681,RYR2,0.24305196268694731,GO_BP
GOBP_PULMONARY_VALVE_MORPHOGENESIS (GO_BP),1,15,11.718994074510404,0.08757346440276681,ROBO2,0.24305196268694731,GO_BP
GOBP_REGULATION_OF_MONOCYTE_DIFFERENTIATION (GO_BP),1,15,11.718994074510404,0.08757346440276681,FOXP1,0.24305196268694731,GO_BP
GOBP_REGULATION_OF_RESPONSE_TO_FOOD (GO_BP),1,15,11.718994074510404,0.08757346440276681,NPY,0.24305196268694731,GO_BP
GOBP_REGULATION_OF_RETINOIC_ACID_RECEPTOR_SIGNALING_PATHWAY (GO_BP),1,15,11.718994074510404,0.08757346440276681,DHRS3,0.24305196268694731,GO_BP
GOCC_CHROMOSOME_CENTROMERIC_CORE_DOMAIN (GO_CC),1,15,11.718994074510404,0.08757346440276681,H4C3,0.24305196268694731,GO_CC
GOMF_3_5_CYCLIC_AMP_PHOSPHODIESTERASE_ACTIVITY (GO_MF),1,15,11.718994074510404,0.08757346440276681,PDE7B,0.24305196268694731,GO_MF
GOMF_HISTONE_KINASE_ACTIVITY (GO_MF),1,15,11.718994074510404,0.08757346440276681,PRKCB,0.24305196268694731,GO_MF
GOMF_SMALL_MOLECULE_SENSOR_ACTIVITY (GO_MF),1,15,11.718994074510404,0.08757346440276681,SYT1,0.24305196268694731,GO_MF
REACTOME_DEPOLYMERISATION_OF_THE_NUCLEAR_LAMINA (Reactome),1,15,11.718994074510404,0.08757346440276681,PRKCB,0.24305196268694731,Reactome
REACTOME_ELEVATION_OF_CYTOSOLIC_CA2_LEVELS (Reactome),1,15,11.718994074510404,0.08757346440276681,TRPC7,0.24305196268694731,Reactome
REACTOME_GRB2_EVENTS_IN_ERBB2_SIGNALING (Reactome),1,15,11.718994074510404,0.08757346440276681,ERBB4,0.24305196268694731,Reactome
REACTOME_PI3K_EVENTS_IN_ERBB2_SIGNALING (Reactome),1,15,11.718994074510404,0.08757346440276681,ERBB4,0.24305196268694731,Reactome
REACTOME_RAP1_SIGNALLING (Reactome),1,15,11.718994074510404,0.08757346440276681,PRKG1,0.24305196268694731,Reactome
REACTOME_SIGNALING_BY_ACTIVIN (Reactome),1,15,11.718994074510404,0.08757346440276681,INHBA,0.24305196268694731,Reactome
REACTOME_WNT5A_DEPENDENT_INTERNALIZATION_OF_FZD4 (Reactome),1,15,11.718994074510404,0.08757346440276681,PRKCB,0.24305196268694731,Reactome
GOBP_RESPONSE_TO_OXYGEN_LEVELS (GO_BP),4,275,2.4441757358055334,0.08783735865214047,EPHA4;PENK;NOS1;RYR2,0.24328988486713551,GO_BP
REACTOME_METABOLISM_OF_CARBOHYDRATES (Reactome),4,275,2.4441757358055334,0.08783735865214047,HS3ST4;RPS27A;UBA52;HS3ST5,0.24328988486713551,Reactome
GOBP_REGULATION_OF_HEART_CONTRACTION (GO_BP),3,172,2.932365341311582,0.0880741552625685,ADRA1A;NOS1;RYR2,0.24369859981973105,GO_BP
GOBP_POST_EMBRYONIC_DEVELOPMENT (GO_BP),2,82,4.117478284209184,0.08930672466835232,DSCAM;BCL11B,0.24636026774673755,GO_BP
GOBP_REGULATION_OF_BIOMINERALIZATION (GO_BP),2,82,4.117478284209184,0.08930672466835232,TENT5A;FBN2,0.24636026774673755,GO_BP
GOBP_REGULATION_OF_PROTEIN_TYROSINE_KINASE_ACTIVITY (GO_BP),2,82,4.117478284209184,0.08930672466835232,ADRA1A;EPHA4,0.24636026774673755,GO_BP
HALLMARK_ESTROGEN_RESPONSE_LATE (Hallmark),3,174,2.8978566784659865,0.09042611997505012,PCP4;UNC13B;PRSS23,0.2479005540922065,Hallmark
GOBP_RESPONSE_TO_STEROID_HORMONE (GO_BP),4,278,2.4172627530327557,0.09052404668728972,RPL27;FOXP1;TACR1;RXRG,0.2479005540922065,GO_BP
GOBP_RIBONUCLEOSIDE_TRIPHOSPHATE_METABOLIC_PROCESS (GO_BP),2,83,4.0669062133323255,0.09115930425076851,TMSB4X;ATP5F1E,0.2479005540922065,GO_BP
GOMF_BETA_CATENIN_BINDING (GO_MF),2,83,4.0669062133323255,0.09115930425076851,MED12L;TCF4,0.2479005540922065,GO_MF
REACTOME_CELL_CYCLE_CHECKPOINTS (Reactome),4,279,2.408412030148276,0.09142834098025264,RPS27;H4C3;RPS27A;UBA52,0.2479005540922065,Reactome
GOBP_ACTOMYOSIN_STRUCTURE_ORGANIZATION (GO_BP),3,175,2.880903462829536,0.09161192507282978,STMN1;LIMCH1;TACR1,0.2479005540922065,GO_BP
GOBP_REGULATION_OF_RAS_PROTEIN_SIGNAL_TRANSDUCTION (GO_BP),3,175,2.880903462829536,0.09161192507282978,ADRA1A;STMN1;RIT2,0.2479005540922065,GO_BP
GOBP_REGULATION_OF_CELL_MORPHOGENESIS (GO_BP),4,280,2.3992699583422903,0.09233697679926829,EPHA4;SYT1;IL1RAPL1;SH3D19,0.2479005540922065,GO_BP
GOBP_CARDIAC_MUSCLE_TISSUE_DEVELOPMENT (GO_BP),3,176,2.8641463323346374,0.09280422101524582,ADRA1A;RYR2;ERBB4,0.2479005540922065,GO_BP
REACTOME_CELLULAR_SENESCENCE (Reactome),3,176,2.8641463323346374,0.09280422101524582,H4C3;RPS27A;UBA52,0.2479005540922065,Reactome
GOBP_MEMBRANE_DOCKING (GO_BP),2,84,4.017488045611877,0.09302316153728017,SYT1;UNC13B,0.2479005540922065,GO_BP
REACTOME_COLLAGEN_FORMATION (Reactome),2,84,4.017488045611877,0.09302316153728017,TLL2;ADAMTS3,0.2479005540922065,Reactome
REACTOME_CYCLIN_A_CDK2_ASSOCIATED_EVENTS_AT_S_PHASE_ENTRY (Reactome),2,84,4.017488045611877,0.09302316153728017,RPS27A;UBA52,0.2479005540922065,Reactome
REACTOME_GLOBAL_GENOME_NUCLEOTIDE_EXCISION_REPAIR_GG_NER (Reactome),2,84,4.017488045611877,0.09302316153728017,RPS27A;UBA52,0.2479005540922065,Reactome
REACTOME_HEDGEHOG_ON_STATE (Reactome),2,84,4.017488045611877,0.09302316153728017,RPS27A;UBA52,0.2479005540922065,Reactome
GOBP_CHAPERONE_MEDIATED_AUTOPHAGY (GO_BP),1,16,10.939096436572498,0.09313290681018083,EEF1A1,0.2479005540922065,GO_BP
GOBP_COPULATION (GO_BP),1,16,10.939096436572498,0.09313290681018083,TACR1,0.2479005540922065,GO_BP
GOBP_INTESTINAL_EPITHELIAL_CELL_DIFFERENTIATION (GO_BP),1,16,10.939096436572498,0.09313290681018083,NPY,0.2479005540922065,GO_BP
GOBP_LIPOPROTEIN_LOCALIZATION (GO_BP),1,16,10.939096436572498,0.09313290681018083,PRKCB,0.2479005540922065,GO_BP
GOBP_LOCOMOTORY_EXPLORATION_BEHAVIOR (GO_BP),1,16,10.939096436572498,0.09313290681018083,PENK,0.2479005540922065,GO_BP
GOBP_MANGANESE_ION_TRANSPORT (GO_BP),1,16,10.939096436572498,0.09313290681018083,TRPC7,0.2479005540922065,GO_BP
GOBP_NEGATIVE_REGULATION_OF_CALCIUM_ION_TRANSPORT_INTO_CYTOSOL (GO_BP),1,16,10.939096436572498,0.09313290681018083,NOS1,0.2479005540922065,GO_BP
GOBP_NEGATIVE_REGULATION_OF_TRANSCRIPTION_REGULATORY_REGION_DNA_BINDING (GO_BP),1,16,10.939096436572498,0.09313290681018083,TMSB4X,0.2479005540922065,GO_BP
GOBP_NEUROTRANSMITTER_RECEPTOR_LOCALIZATION_TO_POSTSYNAPTIC_SPECIALIZATION_MEMBRANE (GO_BP),1,16,10.939096436572498,0.09313290681018083,LGI1,0.2479005540922065,GO_BP
GOBP_NUCLEOLUS_ORGANIZATION (GO_BP),1,16,10.939096436572498,0.09313290681018083,RPS19,0.2479005540922065,GO_BP
GOBP_OSTEOCLAST_DEVELOPMENT (GO_BP),1,16,10.939096436572498,0.09313290681018083,FOXP1,0.2479005540922065,GO_BP
GOBP_POSITIVE_REGULATION_OF_AMYLOID_BETA_FORMATION (GO_BP),1,16,10.939096436572498,0.09313290681018083,EPHA4,0.2479005540922065,GO_BP
GOBP_RENAL_SODIUM_EXCRETION (GO_BP),1,16,10.939096436572498,0.09313290681018083,TACR1,0.2479005540922065,GO_BP
GOBP_RESOLUTION_OF_MEIOTIC_RECOMBINATION_INTERMEDIATES (GO_BP),1,16,10.939096436572498,0.09313290681018083,CORT,0.2479005540922065,GO_BP
GOCC_PRESYNAPTIC_ACTIVE_ZONE_CYTOPLASMIC_COMPONENT (GO_CC),1,16,10.939096436572498,0.09313290681018083,UNC13B,0.2479005540922065,GO_CC
GOMF_CALCIUM_RELEASE_CHANNEL_ACTIVITY (GO_MF),1,16,10.939096436572498,0.09313290681018083,RYR2,0.2479005540922065,GO_MF
GOMF_NAD_RETINOL_DEHYDROGENASE_ACTIVITY (GO_MF),1,16,10.939096436572498,0.09313290681018083,DHRS3,0.2479005540922065,GO_MF
GOMF_PROTEIN_KINASE_C_ACTIVITY (GO_MF),1,16,10.939096436572498,0.09313290681018083,PRKCB,0.2479005540922065,GO_MF
GOMF_PROTON_TRANSPORTING_ATP_SYNTHASE_ACTIVITY_ROTATIONAL_MECHANISM (GO_MF),1,16,10.939096436572498,0.09313290681018083,ATP5F1E,0.2479005540922065,GO_MF
REACTOME_CGMP_EFFECTS (Reactome),1,16,10.939096436572498,0.09313290681018083,PRKG1,0.2479005540922065,Reactome
REACTOME_DECTIN_2_FAMILY (Reactome),1,16,10.939096436572498,0.09313290681018083,PLCG2,0.2479005540922065,Reactome
GOBP_MULTI_MULTICELLULAR_ORGANISM_PROCESS (GO_BP),3,177,2.8475818932903856,0.09400296432018168,RXFP1;CSMD1;TACR1,0.24972966494009355,GO_BP
REACTOME_DNA_REPLICATION (Reactome),3,177,2.8475818932903856,0.09400296432018168,H4C3;RPS27A;UBA52,0.24972966494009355,Reactome
GOBP_REGULATION_OF_CALCIUM_ION_TRANSPORT_INTO_CYTOSOL (GO_BP),2,85,3.968636581359506,0.09489809255513063,NOS1;RYR2,0.251618146376759,GO_BP
GOMF_PHOSPHORIC_DIESTER_HYDROLASE_ACTIVITY (GO_MF),2,85,3.968636581359506,0.09489809255513063,PLCG2;PDE7B,0.251618146376759,GO_MF
GOCC_CELL_LEADING_EDGE (GO_CC),5,397,2.1157423189838553,0.09597486817356916,PLCG2;EEF1A1;UNC5C;LMO4;ROBO2,0.25328579949053426,GO_CC
GOMF_METAL_ION_TRANSMEMBRANE_TRANSPORTER_ACTIVITY (GO_MF),5,397,2.1157423189838553,0.09597486817356916,TRPM3;RYR2;CACNA2D3;TRPC7;GRIK4,0.25328579949053426,GO_MF
GOBP_RIBOSE_PHOSPHATE_BIOSYNTHETIC_PROCESS (GO_BP),3,179,2.815017901026449,0.09641961815702613,TMSB4X;ATP5F1E;GUCY1A1,0.25328579949053426,GO_BP
GOBP_ACTIN_MEDIATED_CELL_CONTRACTION (GO_BP),2,86,3.9212544151059343,0.09678389536996318,LIMCH1;RYR2,0.25328579949053426,GO_BP
REACTOME_REGULATION_OF_MRNA_STABILITY_BY_PROTEINS_THAT_BIND_AU_RICH_ELEMENTS (Reactome),2,86,3.9212544151059343,0.09678389536996318,RPS27A;UBA52,0.25328579949053426,Reactome
GOBP_BRANCHING_INVOLVED_IN_MAMMARY_GLAND_DUCT_MORPHOGENESIS (GO_BP),1,17,10.252564108543595,0.0986586806642813,CSMD1,0.25328579949053426,GO_BP
GOBP_CD4_POSITIVE_OR_CD8_POSITIVE_ALPHA_BETA_T_CELL_LINEAGE_COMMITMENT (GO_BP),1,17,10.252564108543595,0.0986586806642813,TOX,0.25328579949053426,GO_BP
GOBP_CELLULAR_RESPONSE_TO_GONADOTROPIN_STIMULUS (GO_BP),1,17,10.252564108543595,0.0986586806642813,INHBA,0.25328579949053426,GO_BP
GOBP_CELLULAR_RESPONSE_TO_STEROL (GO_BP),1,17,10.252564108543595,0.0986586806642813,INHBA,0.25328579949053426,GO_BP
GOBP_DENDRITE_SELF_AVOIDANCE (GO_BP),1,17,10.252564108543595,0.0986586806642813,DSCAM,0.25328579949053426,GO_BP
GOBP_DNA_DAMAGE_RESPONSE_SIGNAL_TRANSDUCTION_BY_P53_CLASS_MEDIATOR_RESULTING_IN_CELL_CYCLE_ARREST (GO_BP),1,17,10.252564108543595,0.0986586806642813,RPL26,0.25328579949053426,GO_BP
GOBP_DNA_DAMAGE_RESPONSE_SIGNAL_TRANSDUCTION_RESULTING_IN_TRANSCRIPTION (GO_BP),1,17,10.252564108543595,0.0986586806642813,RPL26,0.25328579949053426,GO_BP
GOBP_NEGATIVE_REGULATION_OF_PLATELET_ACTIVATION (GO_BP),1,17,10.252564108543595,0.0986586806642813,PRKG1,0.25328579949053426,GO_BP
GOBP_ORGAN_INDUCTION (GO_BP),1,17,10.252564108543595,0.0986586806642813,ROBO2,0.25328579949053426,GO_BP
GOBP_POSITIVE_REGULATION_OF_CALCIUM_ION_DEPENDENT_EXOCYTOSIS (GO_BP),1,17,10.252564108543595,0.0986586806642813,SYT1,0.25328579949053426,GO_BP
GOBP_POSITIVE_REGULATION_OF_NEUROTRANSMITTER_SECRETION (GO_BP),1,17,10.252564108543595,0.0986586806642813,SYT1,0.25328579949053426,GO_BP
GOBP_POSITIVE_REGULATION_OF_PROTEIN_LOCALIZATION_TO_CELL_SURFACE (GO_BP),1,17,10.252564108543595,0.0986586806642813,ERBB4,0.25328579949053426,GO_BP
GOBP_POSITIVE_REGULATION_OF_VASCULAR_PERMEABILITY (GO_BP),1,17,10.252564108543595,0.0986586806642813,TACR1,0.25328579949053426,GO_BP
GOBP_POST_EMBRYONIC_ANIMAL_ORGAN_DEVELOPMENT (GO_BP),1,17,10.252564108543595,0.0986586806642813,BCL11B,0.25328579949053426,GO_BP
GOBP_REGULATION_OF_INTRINSIC_APOPTOTIC_SIGNALING_PATHWAY_IN_RESPONSE_TO_DNA_DAMAGE_BY_P53_CLASS_MEDIATOR (GO_BP),1,17,10.252564108543595,0.0986586806642813,RPL26,0.25328579949053426,GO_BP
GOBP_REGULATION_OF_MACROPHAGE_DIFFERENTIATION (GO_BP),1,17,10.252564108543595,0.0986586806642813,INHBA,0.25328579949053426,GO_BP
GOBP_REGULATION_OF_NEUROTRANSMITTER_UPTAKE (GO_BP),1,17,10.252564108543595,0.0986586806642813,NOS1,0.25328579949053426,GO_BP
GOBP_REGULATION_OF_RESPIRATORY_GASEOUS_EXCHANGE (GO_BP),1,17,10.252564108543595,0.0986586806642813,PBX3,0.25328579949053426,GO_BP
GOBP_REGULATION_OF_SYSTEMIC_ARTERIAL_BLOOD_PRESSURE_BY_RENIN_ANGIOTENSIN (GO_BP),1,17,10.252564108543595,0.0986586806642813,TACR1,0.25328579949053426,GO_BP
GOBP_RESPONSE_TO_FOLLICLE_STIMULATING_HORMONE (GO_BP),1,17,10.252564108543595,0.0986586806642813,INHBA,0.25328579949053426,GO_BP
GOBP_RETINAL_GANGLION_CELL_AXON_GUIDANCE (GO_BP),1,17,10.252564108543595,0.0986586806642813,ROBO2,0.25328579949053426,GO_BP
GOBP_SEROTONIN_TRANSPORT (GO_BP),1,17,10.252564108543595,0.0986586806642813,NOS1,0.25328579949053426,GO_BP
GOMF_EPHRIN_RECEPTOR_ACTIVITY (GO_MF),1,17,10.252564108543595,0.0986586806642813,EPHA4,0.25328579949053426,GO_MF
REACTOME_CROSSLINKING_OF_COLLAGEN_FIBRILS (Reactome),1,17,10.252564108543595,0.0986586806642813,TLL2,0.25328579949053426,Reactome
REACTOME_TRAFFICKING_OF_GLUR2_CONTAINING_AMPA_RECEPTORS (Reactome),1,17,10.252564108543595,0.0986586806642813,PRKCB,0.25328579949053426,Reactome
GOBP_REGULATION_OF_MYELOID_LEUKOCYTE_DIFFERENTIATION (GO_BP),2,87,3.8749919368630557,0.09868037006881304,INHBA;FOXP1,0.25328579949053426,GO_BP
REACTOME_APC_C_MEDIATED_DEGRADATION_OF_CELL_CYCLE_PROTEINS (Reactome),2,87,3.8749919368630557,0.09868037006881304,RPS27A;UBA52,0.25328579949053426,Reactome
REACTOME_REGULATION_OF_PLK1_ACTIVITY_AT_G2_M_TRANSITION (Reactome),2,87,3.8749919368630557,0.09868037006881304,RPS27A;UBA52,0.25328579949053426,Reactome
REACTOME_TNFR2_NON_CANONICAL_NF_KB_PATHWAY (Reactome),2,87,3.8749919368630557,0.09868037006881304,RPS27A;UBA52,0.25328579949053426,Reactome
GOMF_LYASE_ACTIVITY (GO_MF),3,181,2.7831858524495083,0.09886153509040639,CA8;GUCY1A1;CA10,0.2535125374008449,GO_MF
GOBP_BONE_DEVELOPMENT (GO_BP),3,182,2.7675366113442816,0.10009185663564771,RPL13;DHRS3;FOXP1,0.2564266983789436,GO_BP
GOBP_REGULATION_OF_HEART_RATE (GO_BP),2,88,3.829812397851093,0.10058731874322999,ADRA1A;RYR2,0.25673267989510384,GO_BP
GOBP_RENAL_SYSTEM_PROCESS (GO_BP),2,88,3.829812397851093,0.10058731874322999,ADRA1A;TACR1,0.25673267989510384,GO_BP
GOBP_RESPONSE_TO_LEUKEMIA_INHIBITORY_FACTOR (GO_BP),2,88,3.829812397851093,0.10058731874322999,RPS16;TLE4,0.25673267989510384,GO_BP
REACTOME_MAPK6_MAPK4_SIGNALING (Reactome),2,88,3.829812397851093,0.10058731874322999,RPS27A;UBA52,0.25673267989510384,Reactome
GOCC_CELL_CORTEX (GO_CC),4,292,2.2983977182153903,0.10357370611373963,EEF1A1;PRKCB;UNC13B;CALB1,0.26093632166044745,GO_CC
GOBP_SKIN_DEVELOPMENT (GO_BP),3,185,2.7215540683167854,0.10381973902845704,STMN1;INHBA;BCL11B,0.26093632166044745,GO_BP
GOBP_ATRIAL_CARDIAC_MUSCLE_CELL_TO_AV_NODE_CELL_SIGNALING (GO_BP),1,18,9.649757773069613,0.1041509886218891,RYR2,0.26093632166044745,GO_BP
GOBP_CELL_JUNCTION_DISASSEMBLY (GO_BP),1,18,9.649757773069613,0.1041509886218891,EPHA4,0.26093632166044745,GO_BP
GOBP_CLATHRIN_COAT_ASSEMBLY (GO_BP),1,18,9.649757773069613,0.1041509886218891,CALY,0.26093632166044745,GO_BP
GOBP_METANEPHRIC_TUBULE_DEVELOPMENT (GO_BP),1,18,9.649757773069613,0.1041509886218891,CALB1,0.26093632166044745,GO_BP
GOBP_MITOCHONDRIAL_ATP_SYNTHESIS_COUPLED_PROTON_TRANSPORT (GO_BP),1,18,9.649757773069613,0.1041509886218891,ATP5F1E,0.26093632166044745,GO_BP
GOBP_POSITIVE_REGULATION_OF_CYCLASE_ACTIVITY (GO_BP),1,18,9.649757773069613,0.1041509886218891,NOS1,0.26093632166044745,GO_BP
GOBP_POSITIVE_REGULATION_OF_LYASE_ACTIVITY (GO_BP),1,18,9.649757773069613,0.1041509886218891,NOS1,0.26093632166044745,GO_BP
GOBP_POSITIVE_REGULATION_OF_MYELOID_LEUKOCYTE_CYTOKINE_PRODUCTION_INVOLVED_IN_IMMUNE_RESPONSE (GO_BP),1,18,9.649757773069613,0.1041509886218891,PLCG2,0.26093632166044745,GO_BP
GOBP_REGULATION_OF_APPETITE (GO_BP),1,18,9.649757773069613,0.1041509886218891,NPY,0.26093632166044745,GO_BP
GOBP_REGULATION_OF_CELL_FATE_COMMITMENT (GO_BP),1,18,9.649757773069613,0.1041509886218891,LMO4,0.26093632166044745,GO_BP
GOBP_REGULATION_OF_COLLATERAL_SPROUTING (GO_BP),1,18,9.649757773069613,0.1041509886218891,DCC,0.26093632166044745,GO_BP
GOBP_REGULATION_OF_EXCRETION (GO_BP),1,18,9.649757773069613,0.1041509886218891,TACR1,0.26093632166044745,GO_BP
GOBP_RESPONSE_TO_MUSCLE_ACTIVITY (GO_BP),1,18,9.649757773069613,0.1041509886218891,RYR2,0.26093632166044745,GO_BP
GOCC_PROTON_TRANSPORTING_TWO_SECTOR_ATPASE_COMPLEX_CATALYTIC_DOMAIN (GO_CC),1,18,9.649757773069613,0.1041509886218891,ATP5F1E,0.26093632166044745,GO_CC
GOMF_MINUS_END_DIRECTED_MICROTUBULE_MOTOR_ACTIVITY (GO_MF),1,18,9.649757773069613,0.1041509886218891,DNAH14,0.26093632166044745,GO_MF
REACTOME_FORMATION_OF_ATP_BY_CHEMIOSMOTIC_COUPLING (Reactome),1,18,9.649757773069613,0.1041509886218891,ATP5F1E,0.26093632166044745,Reactome
REACTOME_TRANSPORT_OF_CONNEXONS_TO_THE_PLASMA_MEMBRANE (Reactome),1,18,9.649757773069613,0.1041509886218891,TUBB2B,0.26093632166044745,Reactome
GOBP_REGULATION_OF_CELL_MORPHOGENESIS_INVOLVED_IN_DIFFERENTIATION (GO_BP),2,90,3.742562765575215,0.10443185630716553,EPHA4;IL1RAPL1,0.26093632166044745,GO_BP
GOCC_CLATHRIN_COATED_VESICLE_MEMBRANE (GO_CC),2,90,3.742562765575215,0.10443185630716553,SYT1;NRGN,0.26093632166044745,GO_CC
REACTOME_SWITCHING_OF_ORIGINS_TO_A_POST_REPLICATIVE_STATE (Reactome),2,90,3.742562765575215,0.10443185630716553,RPS27A;UBA52,0.26093632166044745,Reactome
REACTOME_TOLL_LIKE_RECEPTOR_9_TLR9_CASCADE (Reactome),2,90,3.742562765575215,0.10443185630716553,RPS27A;UBA52,0.26093632166044745,Reactome
GOBP_REGULATION_OF_PROTEIN_POLYMERIZATION (GO_BP),3,186,2.7065924215858765,0.1050745230747618,TMSB4X;STMN1;TMSB10,0.2620625776412552,GO_BP
HALLMARK_P53_PATHWAY (Hallmark),3,186,2.7065924215858765,0.1050745230747618,RPL36;RPL18;RPS12,0.2620625776412552,Hallmark
GOBP_POSITIVE_REGULATION_OF_ENDOCYTOSIS (GO_BP),2,91,3.7004261632336117,0.10636905925224739,PLCG2;CALY,0.2643256604348386,GO_BP
KEGG_NATURAL_KILLER_CELL_MEDIATED_CYTOTOXICITY (KEGG),2,91,3.7004261632336117,0.10636905925224739,PLCG2;PRKCB,0.2643256604348386,KEGG
REACTOME_ANTIGEN_PROCESSING_CROSS_PRESENTATION (Reactome),2,91,3.7004261632336117,0.10636905925224739,RPS27A;UBA52,0.2643256604348386,Reactome
REACTOME_REGULATION_OF_TP53_ACTIVITY_THROUGH_PHOSPHORYLATION (Reactome),2,91,3.7004261632336117,0.10636905925224739,RPS27A;UBA52,0.2643256604348386,Reactome
GOBP_REGULATION_OF_HEMOPOIESIS (GO_BP),4,296,2.2665829094242564,0.10745306076413241,H4C3;INHBA;FOXP1;TOX,0.26467285388165607,GO_BP
GOCC_RUFFLE_MEMBRANE (GO_CC),2,92,3.6592392106952616,0.10831596425115841,PLCG2;EEF1A1,0.26467285388165607,GO_CC
REACTOME_P75_NTR_RECEPTOR_MEDIATED_SIGNALLING (Reactome),2,92,3.6592392106952616,0.10831596425115841,RPS27A;UBA52,0.26467285388165607,Reactome
REACTOME_TOLL_LIKE_RECEPTOR_TLR1_TLR2_CASCADE (Reactome),2,92,3.6592392106952616,0.10831596425115841,RPS27A;UBA52,0.26467285388165607,Reactome
GOBP_ARGININE_METABOLIC_PROCESS (GO_BP),1,19,9.114754890687836,0.10961003212748188,NOS1,0.26467285388165607,GO_BP
GOBP_CELLULAR_RESPONSE_TO_VITAMIN_D (GO_BP),1,19,9.114754890687836,0.10961003212748188,PENK,0.26467285388165607,GO_BP
GOBP_CYCLIC_NUCLEOTIDE_BIOSYNTHETIC_PROCESS (GO_BP),1,19,9.114754890687836,0.10961003212748188,GUCY1A1,0.26467285388165607,GO_BP
GOBP_INFLAMMASOME_COMPLEX_ASSEMBLY (GO_BP),1,19,9.114754890687836,0.10961003212748188,PLCG2,0.26467285388165607,GO_BP
GOBP_METANEPHRIC_EPITHELIUM_DEVELOPMENT (GO_BP),1,19,9.114754890687836,0.10961003212748188,CALB1,0.26467285388165607,GO_BP
GOBP_NEGATIVE_REGULATION_OF_TRANSLATIONAL_INITIATION (GO_BP),1,19,9.114754890687836,0.10961003212748188,RPL13A,0.26467285388165607,GO_BP
GOBP_NEGATIVE_REGULATION_OF_VASCULAR_ASSOCIATED_SMOOTH_MUSCLE_CELL_PROLIFERATION (GO_BP),1,19,9.114754890687836,0.10961003212748188,PRKG1,0.26467285388165607,GO_BP
GOBP_NEUROTRANSMITTER_RECEPTOR_INTERNALIZATION (GO_BP),1,19,9.114754890687836,0.10961003212748188,CALY,0.26467285388165607,GO_BP
GOBP_ORGAN_OR_TISSUE_SPECIFIC_IMMUNE_RESPONSE (GO_BP),1,19,9.114754890687836,0.10961003212748188,RPL39,0.26467285388165607,GO_BP
GOBP_OUTFLOW_TRACT_SEPTUM_MORPHOGENESIS (GO_BP),1,19,9.114754890687836,0.10961003212748188,ROBO2,0.26467285388165607,GO_BP
GOBP_PHYSIOLOGICAL_CARDIAC_MUSCLE_HYPERTROPHY (GO_BP),1,19,9.114754890687836,0.10961003212748188,ADRA1A,0.26467285388165607,GO_BP
GOBP_POSITIVE_REGULATION_OF_CARDIAC_MUSCLE_CELL_PROLIFERATION (GO_BP),1,19,9.114754890687836,0.10961003212748188,ERBB4,0.26467285388165607,GO_BP
GOBP_PULMONARY_VALVE_DEVELOPMENT (GO_BP),1,19,9.114754890687836,0.10961003212748188,ROBO2,0.26467285388165607,GO_BP
GOBP_REFLEX (GO_BP),1,19,9.114754890687836,0.10961003212748188,ADRA1A,0.26467285388165607,GO_BP
GOBP_REGULATION_OF_B_CELL_APOPTOTIC_PROCESS (GO_BP),1,19,9.114754890687836,0.10961003212748188,FOXP1,0.26467285388165607,GO_BP
GOBP_REGULATION_OF_CATECHOLAMINE_METABOLIC_PROCESS (GO_BP),1,19,9.114754890687836,0.10961003212748188,NPY,0.26467285388165607,GO_BP
GOBP_REGULATION_OF_CILIUM_DEPENDENT_CELL_MOTILITY (GO_BP),1,19,9.114754890687836,0.10961003212748188,TACR1,0.26467285388165607,GO_BP
GOBP_REGULATION_OF_ENDOTHELIAL_CELL_CHEMOTAXIS (GO_BP),1,19,9.114754890687836,0.10961003212748188,TMSB4X,0.26467285388165607,GO_BP
GOBP_REGULATION_OF_T_CELL_DIFFERENTIATION_IN_THYMUS (GO_BP),1,19,9.114754890687836,0.10961003212748188,TOX,0.26467285388165607,GO_BP
GOBP_STEROID_HORMONE_SECRETION (GO_BP),1,19,9.114754890687836,0.10961003212748188,INHBA,0.26467285388165607,GO_BP
GOBP_SYNAPTIC_VESICLE_PRIMING (GO_BP),1,19,9.114754890687836,0.10961003212748188,UNC13B,0.26467285388165607,GO_BP
GOBP_XENOBIOTIC_CATABOLIC_PROCESS (GO_BP),1,19,9.114754890687836,0.10961003212748188,NOS1,0.26467285388165607,GO_BP
GOMF_ALCOHOL_DEHYDROGENASE_NADPPLUS_ACTIVITY (GO_MF),1,19,9.114754890687836,0.10961003212748188,DHRS3,0.26467285388165607,GO_MF
GOMF_IONOTROPIC_GLUTAMATE_RECEPTOR_ACTIVITY (GO_MF),1,19,9.114754890687836,0.10961003212748188,GRIK4,0.26467285388165607,GO_MF
GOMF_PHOSPHATIDIC_ACID_BINDING (GO_MF),1,19,9.114754890687836,0.10961003212748188,NRGN,0.26467285388165607,GO_MF
GOMF_PROTON_CHANNEL_ACTIVITY (GO_MF),1,19,9.114754890687836,0.10961003212748188,ATP5F1E,0.26467285388165607,GO_MF
REACTOME_GABA_SYNTHESIS_RELEASE_REUPTAKE_AND_DEGRADATION (Reactome),1,19,9.114754890687836,0.10961003212748188,SYT1,0.26467285388165607,Reactome
REACTOME_VEGFR2_MEDIATED_CELL_PROLIFERATION (Reactome),1,19,9.114754890687836,0.10961003212748188,PRKCB,0.26467285388165607,Reactome
GOBP_POSITIVE_REGULATION_OF_CELL_JUNCTION_ASSEMBLY (GO_BP),2,93,3.6189712974974686,0.11027238316931767,SYNDIG1;IL1RAPL1,0.26541995593904427,GO_BP
REACTOME_MYD88_INDEPENDENT_TLR4_CASCADE (Reactome),2,93,3.6189712974974686,0.11027238316931767,RPS27A;UBA52,0.26541995593904427,Reactome
GOBP_POSITIVE_REGULATION_OF_KINASE_ACTIVITY (GO_BP),5,415,2.0214360096982014,0.11031057622185152,ADRA1A;RPLP1;EPHA4;ERBB4;LMO4,0.26541995593904427,GO_BP
GOBP_UROGENITAL_SYSTEM_DEVELOPMENT (GO_BP),4,299,2.2432843548394024,0.11040537163923629,EPHA4;ERBB4;CALB1;ROBO2,0.26541995593904427,GO_BP
REACTOME_RHO_GTPASE_EFFECTORS (Reactome),4,299,2.2432843548394024,0.11040537163923629,RPS27;TUBB2B;H4C3;PRKCB,0.26541995593904427,Reactome
REACTOME_PROGRAMMED_CELL_DEATH (Reactome),3,191,2.6341633582769513,0.11143758687110063,RPS27A;UBA52;DCC,0.26766583091026896,Reactome
GOBP_ODONTOGENESIS (GO_BP),2,94,3.5795927607306544,0.11223812977805868,INHBA;BCL11B,0.2684083471312419,GO_BP
GOBP_PIGMENTATION (GO_BP),2,94,3.5795927607306544,0.11223812977805868,LRMDA;ZEB2,0.2684083471312419,GO_BP
HALLMARK_ANDROGEN_RESPONSE (Hallmark),2,94,3.5795927607306544,0.11223812977805868,GUCY1A1;MAP7,0.2684083471312419,Hallmark
REACTOME_REGULATION_OF_INSULIN_LIKE_GROWTH_FACTOR_IGF_TRANSPORT_AND_UPTAKE_BY_INSULIN_LIKE_GROWTH_FACTOR_BINDING_PROTEINS_IGFBPS (Reactome),2,94,3.5795927607306544,0.11223812977805868,PENK;PRSS23,0.2684083471312419,Reactome
REACTOME_TRANSCRIPTIONAL_REGULATION_BY_RUNX3 (Reactome),2,94,3.5795927607306544,0.11223812977805868,RPS27A;UBA52,0.2684083471312419,Reactome
GOBP_CELLULAR_RESPONSE_TO_INORGANIC_SUBSTANCE (GO_BP),3,192,2.6201355953676133,0.1127277103706941,PLCG2;SYT1;CPNE8,0.26874537826272127,GO_BP
GOBP_REGULATION_OF_ENDOCYTOSIS (GO_BP),3,192,2.6201355953676133,0.1127277103706941,PLCG2;CALY;RIT2,0.26874537826272127,GO_BP
GOCC_MICROTUBULE (GO_CC),5,419,2.0016438104462466,0.11363103973646431,TUBB2B;STMN1;DNAH14;EML5;MAP7,0.26874537826272127,GO_CC
GOBP_CHEMICAL_SYNAPTIC_TRANSMISSION_POSTSYNAPTIC (GO_BP),2,95,3.540309689607324,0.1142130197386321,UNC13B;NETO1,0.26874537826272127,GO_BP
GOBP_NEGATIVE_REGULATION_OF_DEVELOPMENTAL_GROWTH (GO_BP),2,95,3.540309689607324,0.1142130197386321,TLL2;DCC,0.26874537826272127,GO_BP
GOBP_REGULATION_OF_POTASSIUM_ION_TRANSPORT (GO_BP),2,95,3.540309689607324,0.1142130197386321,NOS1;NETO1,0.26874537826272127,GO_BP
GOMF_GATED_CHANNEL_ACTIVITY (GO_MF),4,303,2.212820367271617,0.1143979580837965,TRPM3;RYR2;CACNA2D3;GRIK4,0.26874537826272127,GO_MF
GOBP_CALCIUM_MEDIATED_SIGNALING_USING_INTRACELLULAR_CALCIUM_SOURCE (GO_BP),1,20,8.634423000202638,0.1150360114204032,RYR2,0.26874537826272127,GO_BP
GOBP_CAMP_METABOLIC_PROCESS (GO_BP),1,20,8.634423000202638,0.1150360114204032,PDE7B,0.26874537826272127,GO_BP
GOBP_CD8_POSITIVE_ALPHA_BETA_T_CELL_ACTIVATION (GO_BP),1,20,8.634423000202638,0.1150360114204032,TOX,0.26874537826272127,GO_BP
GOBP_DETECTION_OF_TEMPERATURE_STIMULUS (GO_BP),1,20,8.634423000202638,0.1150360114204032,TRPM3,0.26874537826272127,GO_BP
GOBP_MODIFICATION_OF_SYNAPTIC_STRUCTURE (GO_BP),1,20,8.634423000202638,0.1150360114204032,EPHA4,0.26874537826272127,GO_BP
GOBP_NEGATIVE_REGULATION_OF_BLOOD_CIRCULATION (GO_BP),1,20,8.634423000202638,0.1150360114204032,ADRA1A,0.26874537826272127,GO_BP
GOBP_POSITIVE_REGULATION_OF_SODIUM_ION_TRANSMEMBRANE_TRANSPORT (GO_BP),1,20,8.634423000202638,0.1150360114204032,NOS1,0.26874537826272127,GO_BP
GOBP_REGULATION_OF_ATP_BIOSYNTHETIC_PROCESS (GO_BP),1,20,8.634423000202638,0.1150360114204032,TMSB4X,0.26874537826272127,GO_BP
GOBP_REGULATION_OF_CARDIAC_MUSCLE_CONTRACTION_BY_REGULATION_OF_THE_RELEASE_OF_SEQUESTERED_CALCIUM_ION (GO_BP),1,20,8.634423000202638,0.1150360114204032,RYR2,0.26874537826272127,GO_BP
GOBP_REGULATION_OF_MEMBRANE_PROTEIN_ECTODOMAIN_PROTEOLYSIS (GO_BP),1,20,8.634423000202638,0.1150360114204032,SH3D19,0.26874537826272127,GO_BP
GOBP_REGULATION_OF_TRANSLATIONAL_FIDELITY (GO_BP),1,20,8.634423000202638,0.1150360114204032,RPS9,0.26874537826272127,GO_BP
GOBP_RENAL_TUBULAR_SECRETION (GO_BP),1,20,8.634423000202638,0.1150360114204032,TACR1,0.26874537826272127,GO_BP
GOBP_RESPONSE_TO_CHOLESTEROL (GO_BP),1,20,8.634423000202638,0.1150360114204032,INHBA,0.26874537826272127,GO_BP
GOBP_RETROGRADE_AXONAL_TRANSPORT (GO_BP),1,20,8.634423000202638,0.1150360114204032,CALY,0.26874537826272127,GO_BP
GOBP_SULFATION (GO_BP),1,20,8.634423000202638,0.1150360114204032,HS3ST5,0.26874537826272127,GO_BP
GOBP_TRABECULA_FORMATION (GO_BP),1,20,8.634423000202638,0.1150360114204032,FBN2,0.26874537826272127,GO_BP
GOBP_VASCULAR_ASSOCIATED_SMOOTH_MUSCLE_CELL_MIGRATION (GO_BP),1,20,8.634423000202638,0.1150360114204032,PRKG1,0.26874537826272127,GO_BP
GOBP_V_D_J_RECOMBINATION (GO_BP),1,20,8.634423000202638,0.1150360114204032,BCL11B,0.26874537826272127,GO_BP
GOMF_CALCIUM_ACTIVATED_CATION_CHANNEL_ACTIVITY (GO_MF),1,20,8.634423000202638,0.1150360114204032,TRPM3,0.26874537826272127,GO_MF
GOMF_CYCLASE_ACTIVITY (GO_MF),1,20,8.634423000202638,0.1150360114204032,GUCY1A1,0.26874537826272127,GO_MF
GOBP_LEUKOCYTE_DIFFERENTIATION (GO_BP),5,421,1.9918701751523553,0.1153092510347409,PLCG2;INHBA;FOXP1;TOX;BCL11B,0.26915347399647643,GO_BP
GOMF_DNA_BINDING_TRANSCRIPTION_FACTOR_BINDING (GO_MF),5,422,1.9870185592199283,0.11615282096262793,PRKCB;FOXP1;RUNX1T1;TLE4;LMO4,0.26961228000957554,GO_MF
GOBP_MESODERM_DEVELOPMENT (GO_BP),2,96,3.5026407756006908,0.11619687058633117,RPL38;INHBA,0.26961228000957554,GO_BP
GOBP_POSITIVE_REGULATION_OF_ENDOTHELIAL_CELL_MIGRATION (GO_BP),2,96,3.5026407756006908,0.11619687058633117,TMSB4X;FOXP1,0.26961228000957554,GO_BP
GOBP_POSITIVE_REGULATION_OF_HORMONE_SECRETION (GO_BP),2,96,3.5026407756006908,0.11619687058633117,INHBA;TACR1,0.26961228000957554,GO_BP
GOBP_POSITIVE_REGULATION_OF_INFLAMMATORY_RESPONSE (GO_BP),2,96,3.5026407756006908,0.11619687058633117,PLCG2;RPS19,0.26961228000957554,GO_BP
GOBP_RESPONSE_TO_HEAT (GO_BP),2,96,3.5026407756006908,0.11619687058633117,NOS1;TACR1,0.26961228000957554,GO_BP
REACTOME_INTERLEUKIN_1_SIGNALING (Reactome),2,96,3.5026407756006908,0.11619687058633117,RPS27A;UBA52,0.26961228000957554,Reactome
REACTOME_MITOTIC_G2_G2_M_PHASES (Reactome),3,196,2.565471691009818,0.11794504994719372,TUBB2B;RPS27A;UBA52,0.27226154127092567,Reactome
GOBP_REGULATION_OF_SIGNAL_TRANSDUCTION_BY_P53_CLASS_MEDIATOR (GO_BP),2,97,3.465777190128081,0.11818950171473748,RPL26;RPS15,0.27226154127092567,GO_BP
GOMF_METALLOENDOPEPTIDASE_ACTIVITY (GO_MF),2,97,3.465777190128081,0.11818950171473748,TLL2;ADAMTS3,0.27226154127092567,GO_MF
REACTOME_UCH_PROTEINASES (Reactome),2,97,3.465777190128081,0.11818950171473748,RPS27A;UBA52,0.27226154127092567,Reactome
GOBP_BONE_MINERALIZATION (GO_BP),2,98,3.42959808156339,0.1201907343600893,TENT5A;FBN2,0.27226154127092567,GO_BP
GOBP_POSITIVE_REGULATION_OF_CANONICAL_WNT_SIGNALING_PATHWAY (GO_BP),2,98,3.42959808156339,0.1201907343600893,RPS12;ZEB2,0.27226154127092567,GO_BP
GOBP_ADENYLATE_CYCLASE_ACTIVATING_ADRENERGIC_RECEPTOR_SIGNALING_PATHWAY (GO_BP),1,21,8.20443369248313,0.12042912554202789,ADRA1A,0.27226154127092567,GO_BP
GOBP_CYTOPLASMIC_SEQUESTERING_OF_PROTEIN (GO_BP),1,21,8.20443369248313,0.12042912554202789,TMSB4X,0.27226154127092567,GO_BP
GOBP_LIGAND_GATED_ION_CHANNEL_SIGNALING_PATHWAY (GO_BP),1,21,8.20443369248313,0.12042912554202789,GRIK4,0.27226154127092567,GO_BP
GOBP_NEGATIVE_REGULATION_OF_INFLAMMATORY_RESPONSE_TO_ANTIGENIC_STIMULUS (GO_BP),1,21,8.20443369248313,0.12042912554202789,NPY,0.27226154127092567,GO_BP
GOBP_POSITIVE_REGULATION_OF_AMYLOID_PRECURSOR_PROTEIN_CATABOLIC_PROCESS (GO_BP),1,21,8.20443369248313,0.12042912554202789,EPHA4,0.27226154127092567,GO_BP
GOBP_POSITIVE_REGULATION_OF_LONG_TERM_SYNAPTIC_POTENTIATION (GO_BP),1,21,8.20443369248313,0.12042912554202789,NRGN,0.27226154127092567,GO_BP
GOBP_REGULATION_OF_ANIMAL_ORGAN_FORMATION (GO_BP),1,21,8.20443369248313,0.12042912554202789,ROBO2,0.27226154127092567,GO_BP
GOBP_REGULATION_OF_CELLULAR_RESPONSE_TO_VASCULAR_ENDOTHELIAL_GROWTH_FACTOR_STIMULUS (GO_BP),1,21,8.20443369248313,0.12042912554202789,ADAMTS3,0.27226154127092567,GO_BP
GOBP_REGULATION_OF_FEEDING_BEHAVIOR (GO_BP),1,21,8.20443369248313,0.12042912554202789,NPY,0.27226154127092567,GO_BP
GOBP_REGULATION_OF_PROTON_TRANSPORT (GO_BP),1,21,8.20443369248313,0.12042912554202789,TMSB4X,0.27226154127092567,GO_BP
GOBP_REGULATION_OF_VESICLE_FUSION (GO_BP),1,21,8.20443369248313,0.12042912554202789,SYT1,0.27226154127092567,GO_BP
GOBP_RESPONSE_TO_LECTIN (GO_BP),1,21,8.20443369248313,0.12042912554202789,PLCG2,0.27226154127092567,GO_BP
GOBP_VESICLE_FUSION_TO_PLASMA_MEMBRANE (GO_BP),1,21,8.20443369248313,0.12042912554202789,SYT1,0.27226154127092567,GO_BP
GOCC_PROTON_TRANSPORTING_ATP_SYNTHASE_COMPLEX (GO_CC),1,21,8.20443369248313,0.12042912554202789,ATP5F1E,0.27226154127092567,GO_CC
GOMF_IONOTROPIC_GLUTAMATE_RECEPTOR_BINDING (GO_MF),1,21,8.20443369248313,0.12042912554202789,NETO1,0.27226154127092567,GO_MF
GOMF_PHOSPHORUS_OXYGEN_LYASE_ACTIVITY (GO_MF),1,21,8.20443369248313,0.12042912554202789,GUCY1A1,0.27226154127092567,GO_MF
GOMF_RECEPTOR_SERINE_THREONINE_KINASE_BINDING (GO_MF),1,21,8.20443369248313,0.12042912554202789,INHBA,0.27226154127092567,GO_MF
GOMF_UBIQUITIN_PROTEIN_TRANSFERASE_REGULATOR_ACTIVITY (GO_MF),1,21,8.20443369248313,0.12042912554202789,RPS15,0.27226154127092567,GO_MF
KEGG_NITROGEN_METABOLISM (KEGG),1,21,8.20443369248313,0.12042912554202789,CA8,0.27226154127092567,KEGG
REACTOME_GENERATION_OF_SECOND_MESSENGER_MOLECULES (Reactome),1,21,8.20443369248313,0.12042912554202789,PLCG2,0.27226154127092567,Reactome
REACTOME_POST_CHAPERONIN_TUBULIN_FOLDING_PATHWAY (Reactome),1,21,8.20443369248313,0.12042912554202789,TUBB2B,0.27226154127092567,Reactome
REACTOME_RA_BIOSYNTHESIS_PATHWAY (Reactome),1,21,8.20443369248313,0.12042912554202789,DHRS3,0.27226154127092567,Reactome
REACTOME_RHO_GTPASES_ACTIVATE_NADPH_OXIDASES (Reactome),1,21,8.20443369248313,0.12042912554202789,PRKCB,0.27226154127092567,Reactome
REACTOME_ROLE_OF_PHOSPHOLIPIDS_IN_PHAGOCYTOSIS (Reactome),1,21,8.20443369248313,0.12042912554202789,PLCG2,0.27226154127092567,Reactome
REACTOME_SHC1_EVENTS_IN_ERBB2_SIGNALING (Reactome),1,21,8.20443369248313,0.12042912554202789,ERBB4,0.27226154127092567,Reactome
GOMF_G_PROTEIN_COUPLED_RECEPTOR_BINDING (GO_MF),3,198,2.5389538382048324,0.12058718347294264,CORT;PENK;NPY,0.27239338136030306,GO_MF
GOBP_REGULATION_OF_GTPASE_ACTIVITY (GO_BP),4,310,2.1617986643325566,0.12153625429779512,STMN1;RASGEF1B;EPHA4;PRKG1,0.27431033924568465,GO_BP
GOBP_POSITIVE_REGULATION_OF_CALCIUM_ION_TRANSPORT (GO_BP),2,99,3.3941150654410155,0.12220039158576607,PLCG2;RYR2,0.27535418269036893,GO_BP
GOBP_RESPONSE_TO_ETHANOL (GO_BP),2,99,3.3941150654410155,0.12220039158576607,PENK;TACR1,0.27535418269036893,GO_BP
GOBP_PEPTIDYL_TYROSINE_MODIFICATION (GO_BP),4,311,2.1546672940304226,0.12257143535766667,ADRA1A;PLCG2;EPHA4;ERBB4,0.2759625638596766,GO_BP
GOBP_PHENOL_CONTAINING_COMPOUND_METABOLIC_PROCESS (GO_BP),2,100,3.3593556028016898,0.1242182982668958,NPY;ZEB2,0.2786142109232959,GO_BP
HALLMARK_PEROXISOME (Hallmark),2,100,3.3593556028016898,0.1242182982668958,DHRS3;RXRG,0.2786142109232959,Hallmark
GOBP_IMMUNE_RESPONSE_REGULATING_CELL_SURFACE_RECEPTOR_SIGNALING_PATHWAY (GO_BP),3,201,2.500069394272424,0.12459117496491737,PLCG2;PRKCB;FOXP1,0.2786142109232959,GO_BP
GOBP_ANTIBACTERIAL_HUMORAL_RESPONSE (GO_BP),1,22,7.8117940515799145,0.1257895723428868,RPL39,0.2786142109232959,GO_BP
GOBP_AXONAL_FASCICULATION (GO_BP),1,22,7.8117940515799145,0.1257895723428868,EPHA4,0.2786142109232959,GO_BP
GOBP_FC_EPSILON_RECEPTOR_SIGNALING_PATHWAY (GO_BP),1,22,7.8117940515799145,0.1257895723428868,PLCG2,0.2786142109232959,GO_BP
GOBP_HEART_FORMATION (GO_BP),1,22,7.8117940515799145,0.1257895723428868,ROBO2,0.2786142109232959,GO_BP
GOBP_INNATE_IMMUNE_RESPONSE_ACTIVATING_SIGNAL_TRANSDUCTION (GO_BP),1,22,7.8117940515799145,0.1257895723428868,PLCG2,0.2786142109232959,GO_BP
GOBP_LIVER_REGENERATION (GO_BP),1,22,7.8117940515799145,0.1257895723428868,RPS15,0.2786142109232959,GO_BP
GOBP_MESODERMAL_CELL_DIFFERENTIATION (GO_BP),1,22,7.8117940515799145,0.1257895723428868,INHBA,0.2786142109232959,GO_BP
GOBP_NATURAL_KILLER_CELL_DIFFERENTIATION (GO_BP),1,22,7.8117940515799145,0.1257895723428868,TOX,0.2786142109232959,GO_BP
GOBP_NEGATIVE_REGULATION_OF_UBIQUITIN_PROTEIN_TRANSFERASE_ACTIVITY (GO_BP),1,22,7.8117940515799145,0.1257895723428868,RPS15,0.2786142109232959,GO_BP
GOBP_POSITIVE_REGULATION_OF_NATURAL_KILLER_CELL_ACTIVATION (GO_BP),1,22,7.8117940515799145,0.1257895723428868,TOX,0.2786142109232959,GO_BP
GOBP_POSITIVE_REGULATION_OF_NEUROTRANSMITTER_TRANSPORT (GO_BP),1,22,7.8117940515799145,0.1257895723428868,SYT1,0.2786142109232959,GO_BP
GOBP_SPINAL_CORD_MOTOR_NEURON_DIFFERENTIATION (GO_BP),1,22,7.8117940515799145,0.1257895723428868,LMO4,0.2786142109232959,GO_BP
GOBP_T_CELL_LINEAGE_COMMITMENT (GO_BP),1,22,7.8117940515799145,0.1257895723428868,TOX,0.2786142109232959,GO_BP
GOMF_CALCIUM_DEPENDENT_PROTEIN_KINASE_ACTIVITY (GO_MF),1,22,7.8117940515799145,0.1257895723428868,PRKCB,0.2786142109232959,GO_MF
GOMF_GTP_DEPENDENT_PROTEIN_BINDING (GO_MF),1,22,7.8117940515799145,0.1257895723428868,UNC13B,0.2786142109232959,GO_MF
GOMF_LOW_DENSITY_LIPOPROTEIN_PARTICLE_RECEPTOR_BINDING (GO_MF),1,22,7.8117940515799145,0.1257895723428868,SYT1,0.2786142109232959,GO_MF
GOMF_SEMAPHORIN_RECEPTOR_BINDING (GO_MF),1,22,7.8117940515799145,0.1257895723428868,RIT2,0.2786142109232959,GO_MF
GOBP_POSITIVE_REGULATION_OF_TRANSMEMBRANE_RECEPTOR_PROTEIN_SERINE_THREONINE_KINASE_SIGNALING_PATHWAY (GO_BP),2,101,3.3252977778771444,0.12624428107507735,INHBA;ZEB2,0.27939475819776033,GO_BP
GOCC_CELL_PROJECTION_MEMBRANE (GO_CC),4,315,2.1266131939656003,0.12674997426461107,PLCG2;EEF1A1;DHRS3;ROBO2,0.2802867851956703,GO_CC
GOBP_REGULATION_OF_EXTENT_OF_CELL_GROWTH (GO_BP),2,102,3.2919205635328384,0.12827816846321982,DSCAM;DCC,0.2830687944075007,GO_BP
REACTOME_ABC_FAMILY_PROTEINS_MEDIATED_TRANSPORT (Reactome),2,102,3.2919205635328384,0.12827816846321982,RPS27A;UBA52,0.2830687944075007,Reactome
GOBP_GLYCEROPHOSPHOLIPID_BIOSYNTHETIC_PROCESS (GO_BP),3,204,2.462645981773232,0.1286430038929098,PLCG2;DGKG;DGKB,0.2830687944075007,GO_BP
GOMF_GTPASE_ACTIVITY (GO_MF),4,317,2.1128603517834263,0.1288616664285214,TUBB2B;EEF1A1;ARL17B;RIT2,0.2830687944075007,GO_MF
GOMF_SIGNALING_RECEPTOR_REGULATOR_ACTIVITY (GO_MF),4,317,2.1128603517834263,0.1288616664285214,CORT;PENK;INHBA;NPY,0.2830687944075007,GO_MF
GOBP_HEART_MORPHOGENESIS (GO_BP),3,205,2.450364081940204,0.1300040273566541,DHRS3;RYR2;ROBO2,0.2830687944075007,GO_BP
GOBP_RECEPTOR_INTERNALIZATION (GO_BP),2,103,3.259203776655447,0.13031979065050106,PLCG2;CALY,0.2830687944075007,GO_BP
GOBP_RESPONSE_TO_ESTRADIOL (GO_BP),2,103,3.259203776655447,0.13031979065050106,PENK;TACR1,0.2830687944075007,GO_BP
GOMF_LIGAND_GATED_CATION_CHANNEL_ACTIVITY (GO_MF),2,103,3.259203776655447,0.13031979065050106,RYR2;GRIK4,0.2830687944075007,GO_MF
GOBP_ACTIVATION_OF_ADENYLATE_CYCLASE_ACTIVITY (GO_BP),1,23,7.456870476320996,0.1311175484897431,RXFP1,0.2830687944075007,GO_BP
GOBP_CAMERA_TYPE_EYE_PHOTORECEPTOR_CELL_DIFFERENTIATION (GO_BP),1,23,7.456870476320996,0.1311175484897431,DSCAM,0.2830687944075007,GO_BP
GOBP_DEFENSE_RESPONSE_TO_FUNGUS (GO_BP),1,23,7.456870476320996,0.1311175484897431,PLCG2,0.2830687944075007,GO_BP
GOBP_ENDOCARDIAL_CUSHION_FORMATION (GO_BP),1,23,7.456870476320996,0.1311175484897431,ROBO2,0.2830687944075007,GO_BP
GOBP_MEIOTIC_CHROMOSOME_SEPARATION (GO_BP),1,23,7.456870476320996,0.1311175484897431,CORT,0.2830687944075007,GO_BP
GOBP_NEGATIVE_REGULATION_OF_SMOOTH_MUSCLE_CELL_MIGRATION (GO_BP),1,23,7.456870476320996,0.1311175484897431,PRKG1,0.2830687944075007,GO_BP
GOBP_POSITIVE_REGULATION_OF_CALCIUM_MEDIATED_SIGNALING (GO_BP),1,23,7.456870476320996,0.1311175484897431,PLCG2,0.2830687944075007,GO_BP
GOBP_POSITIVE_REGULATION_OF_MUSCLE_HYPERTROPHY (GO_BP),1,23,7.456870476320996,0.1311175484897431,ADRA1A,0.2830687944075007,GO_BP
GOBP_REGULATION_OF_CARDIAC_CONDUCTION (GO_BP),1,23,7.456870476320996,0.1311175484897431,RYR2,0.2830687944075007,GO_BP
GOBP_REGULATION_OF_LONG_TERM_NEURONAL_SYNAPTIC_PLASTICITY (GO_BP),1,23,7.456870476320996,0.1311175484897431,NETO1,0.2830687944075007,GO_BP
GOBP_RESPONSE_TO_AUDITORY_STIMULUS (GO_BP),1,23,7.456870476320996,0.1311175484897431,TACR1,0.2830687944075007,GO_BP
GOBP_RESPONSE_TO_DIETARY_EXCESS (GO_BP),1,23,7.456870476320996,0.1311175484897431,PCSK1N,0.2830687944075007,GO_BP
GOBP_RESPONSE_TO_MUSCLE_STRETCH (GO_BP),1,23,7.456870476320996,0.1311175484897431,RYR2,0.2830687944075007,GO_BP
GOBP_SENSORY_PERCEPTION_OF_TEMPERATURE_STIMULUS (GO_BP),1,23,7.456870476320996,0.1311175484897431,TRPM3,0.2830687944075007,GO_BP
GOCC_AXONEMAL_DYNEIN_COMPLEX (GO_CC),1,23,7.456870476320996,0.1311175484897431,DNAH14,0.2830687944075007,GO_CC
GOMF_DEAMINASE_ACTIVITY (GO_MF),1,23,7.456870476320996,0.1311175484897431,ADARB2,0.2830687944075007,GO_MF
GOMF_HYALURONIC_ACID_BINDING (GO_MF),1,23,7.456870476320996,0.1311175484897431,CHODL,0.2830687944075007,GO_MF
GOMF_RNA_POLYMERASE_II_GENERAL_TRANSCRIPTION_INITIATION_FACTOR_BINDING (GO_MF),1,23,7.456870476320996,0.1311175484897431,TCF4,0.2830687944075007,GO_MF
GOMF_STEROID_HORMONE_RECEPTOR_ACTIVITY (GO_MF),1,23,7.456870476320996,0.1311175484897431,RXRG,0.2830687944075007,GO_MF
REACTOME_FOXO_MEDIATED_TRANSCRIPTION_OF_OXIDATIVE_STRESS_METABOLIC_AND_NEURONAL_GENES (Reactome),1,23,7.456870476320996,0.1311175484897431,NPY,0.2830687944075007,Reactome
REACTOME_TRANSCRIPTIONAL_REGULATION_OF_PLURIPOTENT_STEM_CELLS (Reactome),1,23,7.456870476320996,0.1311175484897431,FOXP1,0.2830687944075007,Reactome
KEGG_LEUKOCYTE_TRANSENDOTHELIAL_MIGRATION (KEGG),2,104,3.227128035847948,0.13236897960743735,PLCG2;PRKCB,0.2855447735449537,KEGG
GOBP_T_CELL_DIFFERENTIATION (GO_BP),3,207,2.426209424433817,0.13274141587531788,FOXP1;TOX;BCL11B,0.28612218370599296,GO_BP
GOMF_AMIDE_BINDING (GO_MF),4,322,2.0792430377772737,0.13420505910760946,EPHA4;INHBA;GPR149;RYR2,0.2869534534661417,GO_MF
GOBP_B_CELL_DIFFERENTIATION (GO_BP),2,105,3.195674721345399,0.13442556904107109,PLCG2;INHBA,0.2869534534661417,GO_BP
GOBP_NUCLEOSIDE_TRIPHOSPHATE_METABOLIC_PROCESS (GO_BP),2,105,3.195674721345399,0.13442556904107109,TMSB4X;ATP5F1E,0.2869534534661417,GO_BP
REACTOME_G_ALPHA_S_SIGNALLING_EVENTS (Reactome),2,105,3.195674721345399,0.13442556904107109,RXFP1;PDE7B,0.2869534534661417,Reactome
GOBP_CELL_CYCLE_G1_S_PHASE_TRANSITION (GO_BP),3,209,2.4025753141660386,0.1354989493310863,PLCG2;RPL26;INHBA,0.2869534534661417,GO_BP
GOBP_POSITIVE_REGULATION_OF_DEFENSE_RESPONSE (GO_BP),3,209,2.4025753141660386,0.1354989493310863,PLCG2;RPS19;PENK,0.2869534534661417,GO_BP
GOBP_REGULATION_OF_CALCIUM_ION_TRANSPORT (GO_BP),3,209,2.4025753141660386,0.1354989493310863,PLCG2;NOS1;RYR2,0.2869534534661417,GO_BP
GOBP_B_CELL_APOPTOTIC_PROCESS (GO_BP),1,24,7.133204587427175,0.13641324947263633,FOXP1,0.2869534534661417,GO_BP
GOBP_CELLULAR_RESPONSE_TO_VITAMIN (GO_BP),1,24,7.133204587427175,0.13641324947263633,PENK,0.2869534534661417,GO_BP
GOBP_COLLATERAL_SPROUTING (GO_BP),1,24,7.133204587427175,0.13641324947263633,DCC,0.2869534534661417,GO_BP
GOBP_DNA_DEALKYLATION (GO_BP),1,24,7.133204587427175,0.13641324947263633,TOX,0.2869534534661417,GO_BP
GOBP_MAMMARY_GLAND_DUCT_MORPHOGENESIS (GO_BP),1,24,7.133204587427175,0.13641324947263633,CSMD1,0.2869534534661417,GO_BP
GOBP_MATURATION_OF_5_8S_RRNA_FROM_TRICISTRONIC_RRNA_TRANSCRIPT_SSU_RRNA_5_8S_RRNA_LSU_RRNA (GO_BP),1,24,7.133204587427175,0.13641324947263633,RPS21,0.2869534534661417,GO_BP
GOBP_MYELOID_LEUKOCYTE_CYTOKINE_PRODUCTION (GO_BP),1,24,7.133204587427175,0.13641324947263633,PLCG2,0.2869534534661417,GO_BP
GOBP_NEGATIVE_REGULATION_OF_NIK_NF_KAPPAB_SIGNALING (GO_BP),1,24,7.133204587427175,0.13641324947263633,TMSB4X,0.2869534534661417,GO_BP
GOBP_POSITIVE_REGULATION_OF_EXCITATORY_POSTSYNAPTIC_POTENTIAL (GO_BP),1,24,7.133204587427175,0.13641324947263633,NETO1,0.2869534534661417,GO_BP
GOBP_PROTEIN_HETEROOLIGOMERIZATION (GO_BP),1,24,7.133204587427175,0.13641324947263633,SYT1,0.2869534534661417,GO_BP
GOBP_REGULATION_OF_CARDIAC_MUSCLE_CONTRACTION_BY_CALCIUM_ION_SIGNALING (GO_BP),1,24,7.133204587427175,0.13641324947263633,RYR2,0.2869534534661417,GO_BP
GOBP_REGULATION_OF_PLATELET_AGGREGATION (GO_BP),1,24,7.133204587427175,0.13641324947263633,PRKG1,0.2869534534661417,GO_BP
GOBP_REGULATION_OF_RESPONSE_TO_EXTRACELLULAR_STIMULUS (GO_BP),1,24,7.133204587427175,0.13641324947263633,NPY,0.2869534534661417,GO_BP
GOBP_REGULATION_OF_UBIQUITIN_PROTEIN_LIGASE_ACTIVITY (GO_BP),1,24,7.133204587427175,0.13641324947263633,RPS15,0.2869534534661417,GO_BP
GOBP_RESPONSE_TO_PAIN (GO_BP),1,24,7.133204587427175,0.13641324947263633,TACR1,0.2869534534661417,GO_BP
GOBP_RESPONSE_TO_STEROL (GO_BP),1,24,7.133204587427175,0.13641324947263633,INHBA,0.2869534534661417,GO_BP
GOMF_CYCLIC_NUCLEOTIDE_PHOSPHODIESTERASE_ACTIVITY (GO_MF),1,24,7.133204587427175,0.13641324947263633,PDE7B,0.2869534534661417,GO_MF
GOMF_LIGAND_GATED_CALCIUM_CHANNEL_ACTIVITY (GO_MF),1,24,7.133204587427175,0.13641324947263633,RYR2,0.2869534534661417,GO_MF
GOMF_PROTEIN_KINASE_A_REGULATORY_SUBUNIT_BINDING (GO_MF),1,24,7.133204587427175,0.13641324947263633,RYR2,0.2869534534661417,GO_MF
REACTOME_CASPASE_ACTIVATION_VIA_EXTRINSIC_APOPTOTIC_SIGNALLING_PATHWAY (Reactome),1,24,7.133204587427175,0.13641324947263633,DCC,0.2869534534661417,Reactome
REACTOME_FORMATION_OF_TUBULIN_FOLDING_INTERMEDIATES_BY_CCT_TRIC (Reactome),1,24,7.133204587427175,0.13641324947263633,TUBB2B,0.2869534534661417,Reactome
REACTOME_MYOGENESIS (Reactome),1,24,7.133204587427175,0.13641324947263633,TCF4,0.2869534534661417,Reactome
REACTOME_SIGNALING_BY_ERYTHROPOIETIN (Reactome),1,24,7.133204587427175,0.13641324947263633,PLCG2,0.2869534534661417,Reactome
GOBP_CAMERA_TYPE_EYE_MORPHOGENESIS (GO_BP),2,106,3.1648259370685867,0.13648939438027027,DSCAM;CALB1,0.2869534534661417,GO_BP
GOMF_PEPTIDE_RECEPTOR_ACTIVITY (GO_MF),2,106,3.1648259370685867,0.13648939438027027,RXFP1;TACR1,0.2869534534661417,GO_MF
GOBP_HEART_PROCESS (GO_BP),3,210,2.3905677766749447,0.13688515389399136,ADRA1A;NOS1;RYR2,0.287564119449608,GO_BP
GOBP_NEUTRAL_LIPID_METABOLIC_PROCESS (GO_BP),2,107,3.134564474734191,0.13856029276114137,DGKG;DGKB,0.29085946159160425,GO_BP
GOBP_REGULATION_OF_CELLULAR_COMPONENT_SIZE (GO_BP),4,327,2.0467119104976814,0.13963814931191107,TMSB4X;TMSB10;DSCAM;DCC,0.2913550684563476,GO_BP
GOBP_POSITIVE_REGULATION_OF_INNATE_IMMUNE_RESPONSE (GO_BP),2,108,3.1048737799400925,0.14063810301255453,PLCG2;RPS19,0.2913550684563476,GO_BP
GOBP_ACTIVATION_OF_PHOSPHOLIPASE_C_ACTIVITY (GO_BP),1,25,6.834011956902601,0.14167686961187465,ADRA1A,0.2913550684563476,GO_BP
GOBP_ATP_SYNTHESIS_COUPLED_PROTON_TRANSPORT (GO_BP),1,25,6.834011956902601,0.14167686961187465,ATP5F1E,0.2913550684563476,GO_BP
GOBP_EXPLORATION_BEHAVIOR (GO_BP),1,25,6.834011956902601,0.14167686961187465,PENK,0.2913550684563476,GO_BP
GOBP_METANEPHROS_MORPHOGENESIS (GO_BP),1,25,6.834011956902601,0.14167686961187465,CALB1,0.2913550684563476,GO_BP
GOBP_MOTOR_NEURON_AXON_GUIDANCE (GO_BP),1,25,6.834011956902601,0.14167686961187465,EPHA4,0.2913550684563476,GO_BP
GOBP_NEGATIVE_REGULATION_OF_INTERFERON_GAMMA_PRODUCTION (GO_BP),1,25,6.834011956902601,0.14167686961187465,INHBA,0.2913550684563476,GO_BP
GOBP_NEGATIVE_REGULATION_OF_RNA_SPLICING (GO_BP),1,25,6.834011956902601,0.14167686961187465,RPS13,0.2913550684563476,GO_BP
GOBP_NEUROTRANSMITTER_METABOLIC_PROCESS (GO_BP),1,25,6.834011956902601,0.14167686961187465,NOS1,0.2913550684563476,GO_BP
GOBP_POSITIVE_REGULATION_OF_INTERLEUKIN_10_PRODUCTION (GO_BP),1,25,6.834011956902601,0.14167686961187465,PLCG2,0.2913550684563476,GO_BP
GOBP_POSITIVE_REGULATION_OF_INTERLEUKIN_12_PRODUCTION (GO_BP),1,25,6.834011956902601,0.14167686961187465,PLCG2,0.2913550684563476,GO_BP
GOBP_REGULATION_OF_ANDROGEN_RECEPTOR_SIGNALING_PATHWAY (GO_BP),1,25,6.834011956902601,0.14167686961187465,FOXP1,0.2913550684563476,GO_BP
GOBP_REGULATION_OF_ASTROCYTE_DIFFERENTIATION (GO_BP),1,25,6.834011956902601,0.14167686961187465,EPHA4,0.2913550684563476,GO_BP
GOBP_REGULATION_OF_CARDIAC_MUSCLE_CELL_ACTION_POTENTIAL (GO_BP),1,25,6.834011956902601,0.14167686961187465,RYR2,0.2913550684563476,GO_BP
GOBP_REGULATION_OF_DENDRITE_EXTENSION (GO_BP),1,25,6.834011956902601,0.14167686961187465,SYT1,0.2913550684563476,GO_BP
GOBP_REGULATION_OF_RENAL_SYSTEM_PROCESS (GO_BP),1,25,6.834011956902601,0.14167686961187465,TACR1,0.2913550684563476,GO_BP
GOBP_REGULATION_OF_VASCULAR_ENDOTHELIAL_GROWTH_FACTOR_RECEPTOR_SIGNALING_PATHWAY (GO_BP),1,25,6.834011956902601,0.14167686961187465,PRKCB,0.2913550684563476,GO_BP
GOBP_REGULATION_OF_WATER_LOSS_VIA_SKIN (GO_BP),1,25,6.834011956902601,0.14167686961187465,STMN1,0.2913550684563476,GO_BP
GOBP_REGULATORY_T_CELL_DIFFERENTIATION (GO_BP),1,25,6.834011956902601,0.14167686961187465,TOX,0.2913550684563476,GO_BP
GOBP_SECONDARY_METABOLITE_BIOSYNTHETIC_PROCESS (GO_BP),1,25,6.834011956902601,0.14167686961187465,ZEB2,0.2913550684563476,GO_BP
GOCC_SODIUM_CHANNEL_COMPLEX (GO_CC),1,25,6.834011956902601,0.14167686961187465,GRIK4,0.2913550684563476,GO_CC
GOCC_SWI_SNF_COMPLEX (GO_CC),1,25,6.834011956902601,0.14167686961187465,BCL11B,0.2913550684563476,GO_CC
GOMF_ALDO_KETO_REDUCTASE_NADP_ACTIVITY (GO_MF),1,25,6.834011956902601,0.14167686961187465,DHRS3,0.2913550684563476,GO_MF
GOMF_LIPOPROTEIN_PARTICLE_RECEPTOR_BINDING (GO_MF),1,25,6.834011956902601,0.14167686961187465,SYT1,0.2913550684563476,GO_MF
GOMF_NEUROPEPTIDE_RECEPTOR_BINDING (GO_MF),1,25,6.834011956902601,0.14167686961187465,NPY,0.2913550684563476,GO_MF
REACTOME_SIGNALING_BY_ERBB2_IN_CANCER (Reactome),1,25,6.834011956902601,0.14167686961187465,ERBB4,0.2913550684563476,Reactome
GOBP_RAS_PROTEIN_SIGNAL_TRANSDUCTION (GO_BP),4,329,2.033886840585102,0.1418359431941844,ADRA1A;STMN1;RASGEF1B;RIT2,0.2914627245021201,GO_BP
GOBP_CEREBRAL_CORTEX_DEVELOPMENT (GO_BP),2,109,3.0757379201435753,0.14272266564177952,FOXP2;NPY,0.2926243242249999,GO_BP
GOMF_SNARE_BINDING (GO_MF),2,109,3.0757379201435753,0.14272266564177952,SYT1;UNC13B,0.2926243242249999,GO_MF
REACTOME_TRANSCRIPTIONAL_REGULATION_BY_RUNX2 (Reactome),2,109,3.0757379201435753,0.14272266564177952,RPS27A;UBA52,0.2926243242249999,Reactome
GOBP_DEVELOPMENTAL_GROWTH_INVOLVED_IN_MORPHOGENESIS (GO_BP),3,215,2.3338603542399126,0.1438886897995045,SYT1;DSCAM;DCC,0.2947937073086622,GO_BP
REACTOME_NUCLEOTIDE_EXCISION_REPAIR (Reactome),2,110,3.047141554449204,0.14481382282023225,RPS27A;UBA52,0.29501109085782706,Reactome
GOBP_EMBRYONIC_ORGAN_MORPHOGENESIS (GO_BP),3,216,2.322827864380547,0.14530357316334763,RPL38;FBN2;RYR2,0.29501109085782706,GO_BP
GOBP_ADRENERGIC_RECEPTOR_SIGNALING_PATHWAY (GO_BP),1,26,6.561077176066811,0.1469086020649948,ADRA1A,0.29501109085782706,GO_BP
GOBP_CELL_COMMUNICATION_BY_ELECTRICAL_COUPLING_INVOLVED_IN_CARDIAC_CONDUCTION (GO_BP),1,26,6.561077176066811,0.1469086020649948,RYR2,0.29501109085782706,GO_BP
GOBP_CEREBRAL_CORTEX_NEURON_DIFFERENTIATION (GO_BP),1,26,6.561077176066811,0.1469086020649948,TOX,0.29501109085782706,GO_BP
GOBP_DEVELOPMENTAL_INDUCTION (GO_BP),1,26,6.561077176066811,0.1469086020649948,ROBO2,0.29501109085782706,GO_BP
GOBP_ENDOTHELIAL_CELL_CHEMOTAXIS (GO_BP),1,26,6.561077176066811,0.1469086020649948,TMSB4X,0.29501109085782706,GO_BP
GOBP_GLUTAMINE_FAMILY_AMINO_ACID_CATABOLIC_PROCESS (GO_BP),1,26,6.561077176066811,0.1469086020649948,NOS1,0.29501109085782706,GO_BP
GOBP_HEPARAN_SULFATE_PROTEOGLYCAN_BIOSYNTHETIC_PROCESS (GO_BP),1,26,6.561077176066811,0.1469086020649948,HS3ST5,0.29501109085782706,GO_BP
GOBP_MATURE_B_CELL_DIFFERENTIATION (GO_BP),1,26,6.561077176066811,0.1469086020649948,PLCG2,0.29501109085782706,GO_BP
GOBP_POSITIVE_REGULATION_OF_HEART_GROWTH (GO_BP),1,26,6.561077176066811,0.1469086020649948,ERBB4,0.29501109085782706,GO_BP
GOBP_POSITIVE_REGULATION_OF_RECEPTOR_INTERNALIZATION (GO_BP),1,26,6.561077176066811,0.1469086020649948,PLCG2,0.29501109085782706,GO_BP
GOBP_REGULATION_OF_ENDOCRINE_PROCESS (GO_BP),1,26,6.561077176066811,0.1469086020649948,INHBA,0.29501109085782706,GO_BP
GOBP_REGULATION_OF_RYANODINE_SENSITIVE_CALCIUM_RELEASE_CHANNEL_ACTIVITY (GO_BP),1,26,6.561077176066811,0.1469086020649948,NOS1,0.29501109085782706,GO_BP
GOBP_REGULATION_OF_SYSTEMIC_ARTERIAL_BLOOD_PRESSURE_BY_HORMONE (GO_BP),1,26,6.561077176066811,0.1469086020649948,TACR1,0.29501109085782706,GO_BP
GOBP_RESPONSE_TO_GONADOTROPIN (GO_BP),1,26,6.561077176066811,0.1469086020649948,INHBA,0.29501109085782706,GO_BP
GOBP_RESPONSE_TO_MINERALOCORTICOID (GO_BP),1,26,6.561077176066811,0.1469086020649948,RPL27,0.29501109085782706,GO_BP
GOBP_STRESS_GRANULE_ASSEMBLY (GO_BP),1,26,6.561077176066811,0.1469086020649948,RPS23,0.29501109085782706,GO_BP
GOBP_SYNAPTIC_VESICLE_MEMBRANE_ORGANIZATION (GO_BP),1,26,6.561077176066811,0.1469086020649948,SYT1,0.29501109085782706,GO_BP
GOMF_HYDROLASE_ACTIVITY_ACTING_ON_CARBON_NITROGEN_BUT_NOT_PEPTIDE_BONDS_IN_CYCLIC_AMIDINES (GO_MF),1,26,6.561077176066811,0.1469086020649948,ADARB2,0.29501109085782706,GO_MF
GOMF_PHOSPHOLIPASE_C_ACTIVITY (GO_MF),1,26,6.561077176066811,0.1469086020649948,PLCG2,0.29501109085782706,GO_MF
KEGG_GLYCOSAMINOGLYCAN_BIOSYNTHESIS_HEPARAN_SULFATE (KEGG),1,26,6.561077176066811,0.1469086020649948,HS3ST5,0.29501109085782706,KEGG
REACTOME_ACTIVATION_OF_AMPK_DOWNSTREAM_OF_NMDARS (Reactome),1,26,6.561077176066811,0.1469086020649948,TUBB2B,0.29501109085782706,Reactome
REACTOME_ANTIGEN_ACTIVATES_B_CELL_RECEPTOR_BCR_LEADING_TO_GENERATION_OF_SECOND_MESSENGERS (Reactome),1,26,6.561077176066811,0.1469086020649948,PLCG2,0.29501109085782706,Reactome
REACTOME_EPHA_MEDIATED_GROWTH_CONE_COLLAPSE (Reactome),1,26,6.561077176066811,0.1469086020649948,EPHA4,0.29501109085782706,Reactome
REACTOME_SYNTHESIS_OF_IP3_AND_IP4_IN_THE_CYTOSOL (Reactome),1,26,6.561077176066811,0.1469086020649948,PLCG2,0.29501109085782706,Reactome
GOBP_REGULATION_OF_OSTEOBLAST_DIFFERENTIATION (GO_BP),2,111,3.019075890168608,0.14691141836933166,TENT5A;FBN2,0.29501109085782706,GO_BP
GOBP_REGULATION_OF_METAL_ION_TRANSPORT (GO_BP),4,334,2.0027624233690497,0.1473904064255745,PLCG2;NOS1;RYR2;NETO1,0.295711722204488,GO_BP
GOBP_CELLULAR_RESPONSE_TO_LIPID (GO_BP),5,457,1.8308178133119453,0.14747688232973732,PLCG2;PENK;INHBA;FOXP1;RXRG,0.295711722204488,GO_BP
GOBP_REGULATION_OF_CELL_ACTIVATION (GO_BP),5,458,1.8267134894624992,0.14842100240808753,INHBA;PRKG1;TOX;LMO4;TACR1,0.2973864692417366,GO_BP
GOBP_SINGLE_FERTILIZATION (GO_BP),2,112,2.9915209451550986,0.14901529774646416,UNC13B;TRPC7,0.2981397642092261,GO_BP
REACTOME_CELL_CELL_COMMUNICATION (Reactome),2,112,2.9915209451550986,0.14901529774646416,SKAP2;CDH8,0.2981397642092261,Reactome
GOBP_REGULATION_OF_LEUKOCYTE_DIFFERENTIATION (GO_BP),3,219,2.2903318511920463,0.149575736598544,INHBA;FOXP1;TOX,0.2986403254167989,GO_BP
GOBP_POSITIVE_REGULATION_OF_CHEMOTAXIS (GO_BP),2,113,2.96446289729655,0.15112530803105673,TMSB4X;DSCAM,0.2986403254167989,GO_BP
GOBP_AORTIC_VALVE_MORPHOGENESIS (GO_BP),1,27,6.308503111669223,0.1521086388336753,ROBO2,0.2986403254167989,GO_BP
GOBP_CELLULAR_RESPONSE_TO_GAMMA_RADIATION (GO_BP),1,27,6.308503111669223,0.1521086388336753,RPL26,0.2986403254167989,GO_BP
GOBP_CGMP_MEDIATED_SIGNALING (GO_BP),1,27,6.308503111669223,0.1521086388336753,PRKG1,0.2986403254167989,GO_BP
GOBP_CLEAVAGE_INVOLVED_IN_RRNA_PROCESSING (GO_BP),1,27,6.308503111669223,0.1521086388336753,RPS21,0.2986403254167989,GO_BP
GOBP_CYTOPLASMIC_TRANSLATIONAL_INITIATION (GO_BP),1,27,6.308503111669223,0.1521086388336753,RPL13A,0.2986403254167989,GO_BP
GOBP_INOSITOL_PHOSPHATE_BIOSYNTHETIC_PROCESS (GO_BP),1,27,6.308503111669223,0.1521086388336753,PLCG2,0.2986403254167989,GO_BP
GOBP_MONOCYTE_DIFFERENTIATION (GO_BP),1,27,6.308503111669223,0.1521086388336753,FOXP1,0.2986403254167989,GO_BP
GOBP_NEGATIVE_REGULATION_OF_B_CELL_ACTIVATION (GO_BP),1,27,6.308503111669223,0.1521086388336753,INHBA,0.2986403254167989,GO_BP
GOBP_NEGATIVE_REGULATION_OF_CELL_JUNCTION_ASSEMBLY (GO_BP),1,27,6.308503111669223,0.1521086388336753,ROBO2,0.2986403254167989,GO_BP
GOBP_NEGATIVE_REGULATION_OF_EXOCYTOSIS (GO_BP),1,27,6.308503111669223,0.1521086388336753,IL1RAPL1,0.2986403254167989,GO_BP
GOBP_NEGATIVE_REGULATION_OF_FIBROBLAST_PROLIFERATION (GO_BP),1,27,6.308503111669223,0.1521086388336753,DACH1,0.2986403254167989,GO_BP
GOBP_POSITIVE_REGULATION_OF_ANIMAL_ORGAN_MORPHOGENESIS (GO_BP),1,27,6.308503111669223,0.1521086388336753,ROBO2,0.2986403254167989,GO_BP
GOBP_POSITIVE_REGULATION_OF_FILOPODIUM_ASSEMBLY (GO_BP),1,27,6.308503111669223,0.1521086388336753,TENM2,0.2986403254167989,GO_BP
GOBP_POSITIVE_REGULATION_OF_INTERLEUKIN_2_PRODUCTION (GO_BP),1,27,6.308503111669223,0.1521086388336753,PLCG2,0.2986403254167989,GO_BP
GOBP_REGULATION_OF_B_CELL_DIFFERENTIATION (GO_BP),1,27,6.308503111669223,0.1521086388336753,INHBA,0.2986403254167989,GO_BP
GOBP_REGULATION_OF_CYTOPLASMIC_TRANSLATION (GO_BP),1,27,6.308503111669223,0.1521086388336753,RPL13A,0.2986403254167989,GO_BP
GOBP_RESPIRATORY_BURST (GO_BP),1,27,6.308503111669223,0.1521086388336753,RPS19,0.2986403254167989,GO_BP
GOBP_SYNAPTIC_TRANSMISSION_CHOLINERGIC (GO_BP),1,27,6.308503111669223,0.1521086388336753,TACR1,0.2986403254167989,GO_BP
GOMF_DYNEIN_LIGHT_INTERMEDIATE_CHAIN_BINDING (GO_MF),1,27,6.308503111669223,0.1521086388336753,DNAH14,0.2986403254167989,GO_MF
GOMF_EPHRIN_RECEPTOR_BINDING (GO_MF),1,27,6.308503111669223,0.1521086388336753,EPHA4,0.2986403254167989,GO_MF
GOMF_GLUTAMATE_RECEPTOR_ACTIVITY (GO_MF),1,27,6.308503111669223,0.1521086388336753,GRIK4,0.2986403254167989,GO_MF
GOMF_INTRACELLULAR_LIGAND_GATED_ION_CHANNEL_ACTIVITY (GO_MF),1,27,6.308503111669223,0.1521086388336753,RYR2,0.2986403254167989,GO_MF
REACTOME_GAP_JUNCTION_ASSEMBLY (Reactome),1,27,6.308503111669223,0.1521086388336753,TUBB2B,0.2986403254167989,Reactome
REACTOME_PLATELET_CALCIUM_HOMEOSTASIS (Reactome),1,27,6.308503111669223,0.1521086388336753,TRPC7,0.2986403254167989,Reactome
GOBP_NEGATIVE_REGULATION_OF_INTRACELLULAR_SIGNAL_TRANSDUCTION (GO_BP),5,462,1.8102785073385634,0.15222334735812046,ADRA1A;TMSB4X;STMN1;EPHA4;DGKG,0.2986508345079217,GO_BP
GOCC_OUTER_MEMBRANE (GO_CC),3,221,2.269158344156457,0.1524463077044697,RPS27A;UBA52;EPHA4,0.2986591580637782,GO_CC
REACTOME_DISEASES_OF_METABOLISM (Reactome),3,221,2.269158344156457,0.1524463077044697,RPS27A;UBA52;ADAMTS3,0.2986591580637782,Reactome
GOBP_POSITIVE_REGULATION_OF_APOPTOTIC_SIGNALING_PATHWAY (GO_BP),2,114,2.9378883995890583,0.15324129791075833,RPL26;INHBA,0.29957192884343664,GO_BP
GOBP_REGULATION_OF_CELLULAR_RESPONSE_TO_TRANSFORMING_GROWTH_FACTOR_BETA_STIMULUS (GO_BP),2,114,2.9378883995890583,0.15324129791075833,FBN2;ZEB2,0.29957192884343664,GO_BP
GOCC_9PLUS0_NON_MOTILE_CILIUM (GO_CC),2,114,2.9378883995890583,0.15324129791075833,PCDH15;DHRS3,0.29957192884343664,GO_CC
GOBP_PROTEIN_COMPLEX_OLIGOMERIZATION (GO_BP),3,223,2.248366734313014,0.15533441444308582,SYT1;KCTD8;TRPM3,0.30285272972916366,GO_BP
GOBP_RESPONSE_TO_TRANSFORMING_GROWTH_FACTOR_BETA (GO_BP),3,223,2.248366734313014,0.15533441444308582,PENK;FBN2;ZEB2,0.30285272972916366,GO_BP
GOBP_ACTIN_FILAMENT_BASED_MOVEMENT (GO_BP),2,115,2.911784573482218,0.15536311766772548,LIMCH1;RYR2,0.30285272972916366,GO_BP
REACTOME_RESPONSE_TO_ELEVATED_PLATELET_CYTOSOLIC_CA2 (Reactome),2,115,2.911784573482218,0.15536311766772548,TMSB4X;PRKCB,0.30285272972916366,Reactome
GOMF_SULFUR_COMPOUND_BINDING (GO_MF),3,224,2.2381112575708206,0.1567849275694247,HS3ST5;RYR2;ADAMTS3,0.3037393313108225,GO_MF
GOBP_DNA_REPLICATION_DEPENDENT_CHROMATIN_ORGANIZATION (GO_BP),1,28,6.074660948205228,0.15727717077060932,H4C3,0.3037393313108225,GO_BP
GOBP_MITOTIC_G1_S_TRANSITION_CHECKPOINT_SIGNALING (GO_BP),1,28,6.074660948205228,0.15727717077060932,RPL26,0.3037393313108225,GO_BP
GOBP_NEURON_CELLULAR_HOMEOSTASIS (GO_BP),1,28,6.074660948205228,0.15727717077060932,CALB1,0.3037393313108225,GO_BP
GOBP_POSITIVE_REGULATION_OF_CELLULAR_RESPONSE_TO_TRANSFORMING_GROWTH_FACTOR_BETA_STIMULUS (GO_BP),1,28,6.074660948205228,0.15727717077060932,ZEB2,0.3037393313108225,GO_BP
GOBP_POSITIVE_REGULATION_OF_HISTONE_ACETYLATION (GO_BP),1,28,6.074660948205228,0.15727717077060932,NOS1,0.3037393313108225,GO_BP
GOBP_REGULATION_OF_NEURON_PROJECTION_REGENERATION (GO_BP),1,28,6.074660948205228,0.15727717077060932,EPHA4,0.3037393313108225,GO_BP
GOCC_INTEGRAL_COMPONENT_OF_SYNAPTIC_VESICLE_MEMBRANE (GO_CC),1,28,6.074660948205228,0.15727717077060932,SYT1,0.3037393313108225,GO_CC
GOMF_G_PROTEIN_COUPLED_AMINE_RECEPTOR_ACTIVITY (GO_MF),1,28,6.074660948205228,0.15727717077060932,ADRA1A,0.3037393313108225,GO_MF
REACTOME_ACTIVATION_OF_KAINATE_RECEPTORS_UPON_GLUTAMATE_BINDING (Reactome),1,28,6.074660948205228,0.15727717077060932,GRIK4,0.3037393313108225,Reactome
REACTOME_HSF1_ACTIVATION (Reactome),1,28,6.074660948205228,0.15727717077060932,EEF1A1,0.3037393313108225,Reactome
REACTOME_UPTAKE_AND_ACTIONS_OF_BACTERIAL_TOXINS (Reactome),1,28,6.074660948205228,0.15727717077060932,SYT1,0.3037393313108225,Reactome
GOBP_RESPONSE_TO_PURINE_CONTAINING_COMPOUND (GO_BP),2,116,2.8861389896312706,0.15749061916501617,PENK;RYR2,0.3037393313108225,GO_BP
REACTOME_ANTI_INFLAMMATORY_RESPONSE_FAVOURING_LEISHMANIA_PARASITE_INFECTION (Reactome),2,116,2.8861389896312706,0.15749061916501617,RXFP1;PLCG2,0.3037393313108225,Reactome
REACTOME_GLYCOSAMINOGLYCAN_METABOLISM (Reactome),2,116,2.8861389896312706,0.15749061916501617,HS3ST4;HS3ST5,0.3037393313108225,Reactome
GOBP_WOUND_HEALING (GO_BP),4,343,1.9489026925608424,0.15759744872480244,PLCG2;PRKG1;DGKG;DGKB,0.3037393313108225,GO_BP
GOBP_CELL_KILLING (GO_BP),2,117,2.860939649542506,0.15962365583308658,RPS19;RPL30,0.3067784687404359,GO_BP
GOBP_NEGATIVE_REGULATION_OF_INFLAMMATORY_RESPONSE (GO_BP),2,117,2.860939649542506,0.15962365583308658,RPS19;NPY,0.3067784687404359,GO_BP
GOMF_TETRAPYRROLE_BINDING (GO_MF),2,117,2.860939649542506,0.15962365583308658,GUCY1A1;NOS1,0.3067784687404359,GO_MF
REACTOME_CARDIAC_CONDUCTION (Reactome),2,117,2.860939649542506,0.15962365583308658,NOS1;RYR2,0.3067784687404359,Reactome
GOBP_NEPHRON_DEVELOPMENT (GO_BP),2,118,2.836174968045233,0.1617620826563935,ERBB4;CALB1,0.30695757266318063,GO_BP
GOBP_STEROID_HORMONE_MEDIATED_SIGNALING_PATHWAY (GO_BP),2,118,2.836174968045233,0.1617620826563935,FOXP1;RXRG,0.30695757266318063,GO_BP
REACTOME_DEGRADATION_OF_THE_EXTRACELLULAR_MATRIX (Reactome),2,118,2.836174968045233,0.1617620826563935,TLL2;FBN2,0.30695757266318063,Reactome
GOCC_RECEPTOR_COMPLEX (GO_CC),4,347,1.9258895681039299,0.16221691315300743,EPHA4;KCTD8;ERBB4;GRIK4,0.30695757266318063,GO_CC
GOBP_DETECTION_OF_BIOTIC_STIMULUS (GO_BP),1,29,5.857545036185302,0.16241438758634053,DACH1,0.30695757266318063,GO_BP
GOBP_ENDOCARDIAL_CUSHION_MORPHOGENESIS (GO_BP),1,29,5.857545036185302,0.16241438758634053,ROBO2,0.30695757266318063,GO_BP
GOBP_NEGATIVE_REGULATION_OF_ACTIN_FILAMENT_BUNDLE_ASSEMBLY (GO_BP),1,29,5.857545036185302,0.16241438758634053,STMN1,0.30695757266318063,GO_BP
GOBP_NEGATIVE_REGULATION_OF_LYMPHOCYTE_APOPTOTIC_PROCESS (GO_BP),1,29,5.857545036185302,0.16241438758634053,FOXP1,0.30695757266318063,GO_BP
GOBP_NEUROINFLAMMATORY_RESPONSE (GO_BP),1,29,5.857545036185302,0.16241438758634053,PLCG2,0.30695757266318063,GO_BP
GOBP_PIGMENT_GRANULE_ORGANIZATION (GO_BP),1,29,5.857545036185302,0.16241438758634053,ZEB2,0.30695757266318063,GO_BP
GOBP_POSITIVE_REGULATION_OF_ERYTHROCYTE_DIFFERENTIATION (GO_BP),1,29,5.857545036185302,0.16241438758634053,INHBA,0.30695757266318063,GO_BP
GOBP_POSITIVE_REGULATION_OF_UBIQUITIN_PROTEIN_TRANSFERASE_ACTIVITY (GO_BP),1,29,5.857545036185302,0.16241438758634053,RPS2,0.30695757266318063,GO_BP
GOBP_REGULATION_OF_CILIUM_MOVEMENT (GO_BP),1,29,5.857545036185302,0.16241438758634053,TACR1,0.30695757266318063,GO_BP
GOBP_REGULATION_OF_INFLAMMATORY_RESPONSE_TO_ANTIGENIC_STIMULUS (GO_BP),1,29,5.857545036185302,0.16241438758634053,NPY,0.30695757266318063,GO_BP
GOBP_REGULATION_OF_KERATINOCYTE_PROLIFERATION (GO_BP),1,29,5.857545036185302,0.16241438758634053,BCL11B,0.30695757266318063,GO_BP
GOBP_RELEASE_OF_SEQUESTERED_CALCIUM_ION_INTO_CYTOSOL_BY_ENDOPLASMIC_RETICULUM (GO_BP),1,29,5.857545036185302,0.16241438758634053,RYR2,0.30695757266318063,GO_BP
GOBP_RESPONSE_TO_FOOD (GO_BP),1,29,5.857545036185302,0.16241438758634053,NPY,0.30695757266318063,GO_BP
GOBP_RESPONSE_TO_INTERLEUKIN_4 (GO_BP),1,29,5.857545036185302,0.16241438758634053,RPL3,0.30695757266318063,GO_BP
GOBP_SPECIFICATION_OF_ANIMAL_ORGAN_IDENTITY (GO_BP),1,29,5.857545036185302,0.16241438758634053,ROBO2,0.30695757266318063,GO_BP
GOMF_EPIDERMAL_GROWTH_FACTOR_RECEPTOR_BINDING (GO_MF),1,29,5.857545036185302,0.16241438758634053,ERBB4,0.30695757266318063,GO_MF
KEGG_THYROID_CANCER (KEGG),1,29,5.857545036185302,0.16241438758634053,RXRG,0.30695757266318063,KEGG
REACTOME_DAP12_SIGNALING (Reactome),1,29,5.857545036185302,0.16241438758634053,PLCG2,0.30695757266318063,Reactome
REACTOME_FCERI_MEDIATED_CA_2_MOBILIZATION (Reactome),1,29,5.857545036185302,0.16241438758634053,PLCG2,0.30695757266318063,Reactome
REACTOME_SEALING_OF_THE_NUCLEAR_ENVELOPE_NE_BY_ESCRT_III (Reactome),1,29,5.857545036185302,0.16241438758634053,TUBB2B,0.30695757266318063,Reactome
GOBP_REGULATION_OF_TRANSMEMBRANE_RECEPTOR_PROTEIN_SERINE_THREONINE_KINASE_SIGNALING_PATHWAY (GO_BP),3,228,2.1978552199128636,0.16262896366730967,INHBA;FBN2;ZEB2,0.3071505530950364,GO_BP
REACTOME_SYNTHESIS_OF_DNA (Reactome),2,119,2.811833756534,0.1639057561600989,RPS27A;UBA52,0.30928761087530515,Reactome
GOBP_REGULATION_OF_CANONICAL_WNT_SIGNALING_PATHWAY (GO_BP),3,229,2.1883099038717786,0.16410023733369358,RPS12;ZEB2;TLE4,0.30928761087530515,GO_BP
REACTOME_G_ALPHA_I_SIGNALLING_EVENTS (Reactome),3,229,2.1883099038717786,0.16410023733369358,CORT;PENK;NPY,0.30928761087530515,Reactome
GOBP_DETECTION_OF_ABIOTIC_STIMULUS (GO_BP),2,120,2.787905206933364,0.1660545343968789,TRPM3;TACR1,0.3095388531968092,GO_BP
GOBP_REGULATION_OF_G_PROTEIN_COUPLED_RECEPTOR_SIGNALING_PATHWAY (GO_BP),2,120,2.787905206933364,0.1660545343968789,STMN1;KCTD8,0.3095388531968092,GO_BP
GOCC_I_BAND (GO_CC),2,120,2.787905206933364,0.1660545343968789,ADRA1A;RYR2,0.3095388531968092,GO_CC
GOMF_ORGANIC_ACID_BINDING (GO_MF),2,120,2.787905206933364,0.1660545343968789,NOS1;RYR2,0.3095388531968092,GO_MF
GOBP_CELL_CELL_SIGNALING_INVOLVED_IN_CARDIAC_CONDUCTION (GO_BP),1,30,5.655407474843314,0.16752047785605417,RYR2,0.3095388531968092,GO_BP
GOBP_COLLAGEN_CATABOLIC_PROCESS (GO_BP),1,30,5.655407474843314,0.16752047785605417,ADAMTS3,0.3095388531968092,GO_BP
GOBP_DNA_REPLICATION_INDEPENDENT_CHROMATIN_ORGANIZATION (GO_BP),1,30,5.655407474843314,0.16752047785605417,H4C3,0.3095388531968092,GO_BP
GOBP_EMBRYONIC_EYE_MORPHOGENESIS (GO_BP),1,30,5.655407474843314,0.16752047785605417,FBN2,0.3095388531968092,GO_BP
GOBP_EPITHELIAL_CELL_MORPHOGENESIS (GO_BP),1,30,5.655407474843314,0.16752047785605417,BCL11B,0.3095388531968092,GO_BP
GOBP_MONOCYTE_CHEMOTAXIS (GO_BP),1,30,5.655407474843314,0.16752047785605417,RPS19,0.3095388531968092,GO_BP
GOBP_NEGATIVE_REGULATION_OF_POTASSIUM_ION_TRANSPORT (GO_BP),1,30,5.655407474843314,0.16752047785605417,NOS1,0.3095388531968092,GO_BP
GOBP_REGULATION_OF_ACUTE_INFLAMMATORY_RESPONSE (GO_BP),1,30,5.655407474843314,0.16752047785605417,NPY,0.3095388531968092,GO_BP
GOBP_REGULATION_OF_CALCINEURIN_MEDIATED_SIGNALING (GO_BP),1,30,5.655407474843314,0.16752047785605417,PLCG2,0.3095388531968092,GO_BP
GOBP_REGULATION_OF_DIGESTIVE_SYSTEM_PROCESS (GO_BP),1,30,5.655407474843314,0.16752047785605417,TACR1,0.3095388531968092,GO_BP
GOBP_REGULATION_OF_HOMOTYPIC_CELL_CELL_ADHESION (GO_BP),1,30,5.655407474843314,0.16752047785605417,PRKG1,0.3095388531968092,GO_BP
GOBP_REGULATION_OF_INTRINSIC_APOPTOTIC_SIGNALING_PATHWAY_BY_P53_CLASS_MEDIATOR (GO_BP),1,30,5.655407474843314,0.16752047785605417,RPL26,0.3095388531968092,GO_BP
GOBP_REGULATION_OF_MEGAKARYOCYTE_DIFFERENTIATION (GO_BP),1,30,5.655407474843314,0.16752047785605417,H4C3,0.3095388531968092,GO_BP
GOBP_RESPONSE_TO_VITAMIN_D (GO_BP),1,30,5.655407474843314,0.16752047785605417,PENK,0.3095388531968092,GO_BP
GOBP_VASCULAR_ENDOTHELIAL_GROWTH_FACTOR_PRODUCTION (GO_BP),1,30,5.655407474843314,0.16752047785605417,ADAMTS3,0.3095388531968092,GO_BP
GOBP_WALKING_BEHAVIOR (GO_BP),1,30,5.655407474843314,0.16752047785605417,EPHA4,0.3095388531968092,GO_BP
GOCC_CATENIN_COMPLEX (GO_CC),1,30,5.655407474843314,0.16752047785605417,CDH8,0.3095388531968092,GO_CC
GOCC_SPERM_MIDPIECE (GO_CC),1,30,5.655407474843314,0.16752047785605417,TACR1,0.3095388531968092,GO_CC
GOCC_TRANS_GOLGI_NETWORK_TRANSPORT_VESICLE (GO_CC),1,30,5.655407474843314,0.16752047785605417,NRGN,0.3095388531968092,GO_CC
GOMF_ADENYLYLTRANSFERASE_ACTIVITY (GO_MF),1,30,5.655407474843314,0.16752047785605417,TENT5A,0.3095388531968092,GO_MF
REACTOME_ADHERENS_JUNCTIONS_INTERACTIONS (Reactome),1,30,5.655407474843314,0.16752047785605417,CDH8,0.3095388531968092,Reactome
REACTOME_AMINE_LIGAND_BINDING_RECEPTORS (Reactome),1,30,5.655407474843314,0.16752047785605417,ADRA1A,0.3095388531968092,Reactome
REACTOME_FCERI_MEDIATED_MAPK_ACTIVATION (Reactome),1,30,5.655407474843314,0.16752047785605417,PLCG2,0.3095388531968092,Reactome
REACTOME_RHO_GTPASES_ACTIVATE_IQGAPS (Reactome),1,30,5.655407474843314,0.16752047785605417,TUBB2B,0.3095388531968092,Reactome
REACTOME_ROS_AND_RNS_PRODUCTION_IN_PHAGOCYTES (Reactome),1,30,5.655407474843314,0.16752047785605417,NOS1,0.3095388531968092,Reactome
GOBP_POSITIVE_REGULATION_OF_SMALL_MOLECULE_METABOLIC_PROCESS (GO_BP),2,121,2.764378876344496,0.1682082769338328,TMSB4X;NOS1,0.3103897326393901,GO_BP
REACTOME_CYTOPROTECTION_BY_HMOX1 (Reactome),2,121,2.764378876344496,0.1682082769338328,RPS27A;UBA52,0.3103897326393901,Reactome
GOBP_CILIUM_OR_FLAGELLUM_DEPENDENT_CELL_MOTILITY (GO_BP),2,122,2.741174063035008,0.17036684483949438,DNAH14;TACR1,0.31373692060462516,GO_BP
GOBP_REGULATION_OF_NERVOUS_SYSTEM_PROCESS (GO_BP),2,122,2.741174063035008,0.17036684483949438,UNC13B;NETO1,0.31373692060462516,GO_BP
GOMF_HYDROLASE_ACTIVITY_ACTING_ON_GLYCOSYL_BONDS (GO_MF),2,122,2.741174063035008,0.17036684483949438,IL1RAPL2;IL1RAPL1,0.31373692060462516,GO_MF
GOBP_CELLULAR_RESPONSE_TO_CARBOHYDRATE_STIMULUS (GO_BP),2,123,2.7184371200089257,0.17253010067094335,PRKCB;UNC13B,0.3140297554103328,GO_BP
GOMF_TRANSMEMBRANE_TRANSPORTER_BINDING (GO_MF),2,123,2.7184371200089257,0.17253010067094335,NOS1;RYR2,0.3140297554103328,GO_MF
REACTOME_HCMV_EARLY_EVENTS (Reactome),2,123,2.7184371200089257,0.17253010067094335,TUBB2B;H4C3,0.3140297554103328,Reactome
REACTOME_RESOLUTION_OF_SISTER_CHROMATID_COHESION (Reactome),2,123,2.7184371200089257,0.17253010067094335,RPS27;TUBB2B,0.3140297554103328,Reactome
GOBP_ACROSOME_REACTION (GO_BP),1,31,5.467529405406052,0.17259562902633085,UNC13B,0.3140297554103328,GO_BP
GOBP_MATING (GO_BP),1,31,5.467529405406052,0.17259562902633085,TACR1,0.3140297554103328,GO_BP
GOBP_PHOTOPERIODISM (GO_BP),1,31,5.467529405406052,0.17259562902633085,NPY,0.3140297554103328,GO_BP
GOBP_POSITIVE_REGULATION_OF_NERVOUS_SYSTEM_PROCESS (GO_BP),1,31,5.467529405406052,0.17259562902633085,UNC13B,0.3140297554103328,GO_BP
GOBP_POSITIVE_REGULATION_OF_NITRIC_OXIDE_METABOLIC_PROCESS (GO_BP),1,31,5.467529405406052,0.17259562902633085,NPY,0.3140297554103328,GO_BP
GOBP_POSITIVE_REGULATION_OF_SODIUM_ION_TRANSPORT (GO_BP),1,31,5.467529405406052,0.17259562902633085,NOS1,0.3140297554103328,GO_BP
GOBP_REGULATION_OF_CELLULAR_AMINE_METABOLIC_PROCESS (GO_BP),1,31,5.467529405406052,0.17259562902633085,NPY,0.3140297554103328,GO_BP
GOBP_SECRETION_BY_TISSUE (GO_BP),1,31,5.467529405406052,0.17259562902633085,TACR1,0.3140297554103328,GO_BP
GOBP_VENTRICULAR_CARDIAC_MUSCLE_CELL_ACTION_POTENTIAL (GO_BP),1,31,5.467529405406052,0.17259562902633085,RYR2,0.3140297554103328,GO_BP
GOMF_NEUROPEPTIDE_RECEPTOR_ACTIVITY (GO_MF),1,31,5.467529405406052,0.17259562902633085,TACR1,0.3140297554103328,GO_MF
REACTOME_COOPERATION_OF_PREFOLDIN_AND_TRIC_CCT_IN_ACTIN_AND_TUBULIN_FOLDING (Reactome),1,31,5.467529405406052,0.17259562902633085,TUBB2B,0.3140297554103328,Reactome
REACTOME_CRISTAE_FORMATION (Reactome),1,31,5.467529405406052,0.17259562902633085,ATP5F1E,0.3140297554103328,Reactome
REACTOME_FCGR3A_MEDIATED_IL10_SYNTHESIS (Reactome),1,31,5.467529405406052,0.17259562902633085,PLCG2,0.3140297554103328,Reactome
REACTOME_TRAFFICKING_OF_AMPA_RECEPTORS (Reactome),1,31,5.467529405406052,0.17259562902633085,PRKCB,0.3140297554103328,Reactome
GOBP_EMBRYONIC_MORPHOGENESIS (GO_BP),5,483,1.729443576215919,0.17283819621336,RPL38;INHBA;FBN2;RYR2;LMO4,0.3141567975566266,GO_BP
GOBP_GLYCEROLIPID_BIOSYNTHETIC_PROCESS (GO_BP),3,235,2.1311433728358837,0.17301055420181854,PLCG2;DGKG;DGKB,0.3141567975566266,GO_BP
GOBP_INTRACELLULAR_RECEPTOR_SIGNALING_PATHWAY (GO_BP),3,235,2.1311433728358837,0.17301055420181854,DHRS3;FOXP1;RXRG,0.3141567975566266,GO_BP
GOBP_REGULATION_OF_MICROTUBULE_BASED_PROCESS (GO_BP),3,236,2.121911501725058,0.1745089579061604,STMN1;CALY;TACR1,0.31666708574200936,GO_BP
GOBP_NEGATIVE_REGULATION_OF_CELL_ADHESION (GO_BP),3,237,2.112760072084951,0.17601105422982227,EPHA4;DSCAM;PRKG1,0.3189578664622579,GO_BP
GOBP_MESENCHYME_DEVELOPMENT (GO_BP),3,238,2.1036877421279643,0.1775167976283879,EPHA4;ERBB4;ROBO2,0.3189578664622579,GO_BP
GOBP_BONE_CELL_DEVELOPMENT (GO_BP),1,32,5.291058546984972,0.17764002742185803,FOXP1,0.3189578664622579,GO_BP
GOBP_CELLULAR_RESPONSE_TO_ALKALOID (GO_BP),1,32,5.291058546984972,0.17764002742185803,RYR2,0.3189578664622579,GO_BP
GOBP_CELLULAR_RESPONSE_TO_NUTRIENT (GO_BP),1,32,5.291058546984972,0.17764002742185803,PENK,0.3189578664622579,GO_BP
GOBP_CELL_COMMUNICATION_BY_ELECTRICAL_COUPLING (GO_BP),1,32,5.291058546984972,0.17764002742185803,RYR2,0.3189578664622579,GO_BP
GOBP_NEGATIVE_REGULATION_OF_EPITHELIAL_TO_MESENCHYMAL_TRANSITION (GO_BP),1,32,5.291058546984972,0.17764002742185803,EPHA4,0.3189578664622579,GO_BP
GOBP_NEGATIVE_REGULATION_OF_INTRACELLULAR_STEROID_HORMONE_RECEPTOR_SIGNALING_PATHWAY (GO_BP),1,32,5.291058546984972,0.17764002742185803,FOXP1,0.3189578664622579,GO_BP
GOBP_NEUROTRANSMITTER_REUPTAKE (GO_BP),1,32,5.291058546984972,0.17764002742185803,NOS1,0.3189578664622579,GO_BP
GOBP_REGULATION_OF_CARDIAC_MUSCLE_CELL_PROLIFERATION (GO_BP),1,32,5.291058546984972,0.17764002742185803,ERBB4,0.3189578664622579,GO_BP
GOBP_REGULATION_OF_NATURAL_KILLER_CELL_ACTIVATION (GO_BP),1,32,5.291058546984972,0.17764002742185803,TOX,0.3189578664622579,GO_BP
GOBP_RESPIRATORY_SYSTEM_PROCESS (GO_BP),1,32,5.291058546984972,0.17764002742185803,PBX3,0.3189578664622579,GO_BP
GOBP_RESPONSE_TO_FUNGUS (GO_BP),1,32,5.291058546984972,0.17764002742185803,PLCG2,0.3189578664622579,GO_BP
GOBP_VENTRICULAR_CARDIAC_MUSCLE_TISSUE_MORPHOGENESIS (GO_BP),1,32,5.291058546984972,0.17764002742185803,RYR2,0.3189578664622579,GO_BP
GOMF_OXIDOREDUCTASE_ACTIVITY_ACTING_ON_PAIRED_DONORS_WITH_INCORPORATION_OR_REDUCTION_OF_MOLECULAR_OXYGEN_NAD_P_H_AS_ONE_DONOR_AND_INCORPORATION_OF_ONE_ATOM_OF_OXYGEN (GO_MF),1,32,5.291058546984972,0.17764002742185803,NOS1,0.3189578664622579,GO_MF
GOMF_SODIUM_CHANNEL_REGULATOR_ACTIVITY (GO_MF),1,32,5.291058546984972,0.17764002742185803,NOS1,0.3189578664622579,GO_MF
GOBP_REGULATION_OF_CYTOSKELETON_ORGANIZATION (GO_BP),5,488,1.7112146686101444,0.17790030264986048,TMSB4X;STMN1;TMSB10;LIMCH1;TACR1,0.31921532623966425,GO_BP
GOBP_REGULATION_OF_RESPONSE_TO_WOUNDING (GO_BP),2,127,2.6311152730424565,0.18122730578192953,EPHA4;PRKG1,0.32454542432160627,GO_BP
GOBP_TUMOR_NECROSIS_FACTOR_SUPERFAMILY_CYTOKINE_PRODUCTION (GO_BP),2,127,2.6311152730424565,0.18122730578192953,PLCG2;FOXP1,0.32454542432160627,GO_BP
GOMF_SERINE_HYDROLASE_ACTIVITY (GO_MF),2,127,2.6311152730424565,0.18122730578192953,TLL2;PRSS23,0.32454542432160627,GO_MF
GOBP_CELL_DIFFERENTIATION_IN_SPINAL_CORD (GO_BP),1,33,5.125393559435169,0.182653858252105,LMO4,0.3247576086500643,GO_BP
GOBP_GLIAL_CELL_PROLIFERATION (GO_BP),1,33,5.125393559435169,0.182653858252105,PENK,0.3247576086500643,GO_BP
GOBP_NEGATIVE_REGULATION_OF_CELLULAR_RESPONSE_TO_INSULIN_STIMULUS (GO_BP),1,33,5.125393559435169,0.182653858252105,PRKCB,0.3247576086500643,GO_BP
GOBP_NEGATIVE_REGULATION_OF_DNA_BIOSYNTHETIC_PROCESS (GO_BP),1,33,5.125393559435169,0.182653858252105,DACH1,0.3247576086500643,GO_BP
GOBP_POSITIVE_REGULATION_OF_ATP_METABOLIC_PROCESS (GO_BP),1,33,5.125393559435169,0.182653858252105,TMSB4X,0.3247576086500643,GO_BP
GOBP_REGULATION_OF_DNA_DAMAGE_RESPONSE_SIGNAL_TRANSDUCTION_BY_P53_CLASS_MEDIATOR (GO_BP),1,33,5.125393559435169,0.182653858252105,RPL26,0.3247576086500643,GO_BP
GOBP_REGULATION_OF_VIRAL_ENTRY_INTO_HOST_CELL (GO_BP),1,33,5.125393559435169,0.182653858252105,HS3ST5,0.3247576086500643,GO_BP
GOBP_RESPONSE_TO_PROGESTERONE (GO_BP),1,33,5.125393559435169,0.182653858252105,TACR1,0.3247576086500643,GO_BP
GOBP_SIGNALING_RECEPTOR_LIGAND_PRECURSOR_PROCESSING (GO_BP),1,33,5.125393559435169,0.182653858252105,PCSK1N,0.3247576086500643,GO_BP
REACTOME_DAP12_INTERACTIONS (Reactome),1,33,5.125393559435169,0.182653858252105,PLCG2,0.3247576086500643,Reactome
REACTOME_GPVI_MEDIATED_ACTIVATION_CASCADE (Reactome),1,33,5.125393559435169,0.182653858252105,PLCG2,0.3247576086500643,Reactome
GOBP_NEGATIVE_REGULATION_OF_NERVOUS_SYSTEM_DEVELOPMENT (GO_BP),2,128,2.6101477185436233,0.18341199080794582,DCC;ROBO2,0.32546988102436647,GO_BP
GOBP_POSITIVE_REGULATION_OF_NF_KAPPAB_TRANSCRIPTION_FACTOR_ACTIVITY (GO_BP),2,128,2.6101477185436233,0.18341199080794582,PLCG2;PRKCB,0.32546988102436647,GO_BP
REACTOME_HOST_INTERACTIONS_OF_HIV_FACTORS (Reactome),2,128,2.6101477185436233,0.18341199080794582,RPS27A;UBA52,0.32546988102436647,Reactome
GOBP_RIBOSE_PHOSPHATE_METABOLIC_PROCESS (GO_BP),4,366,1.8235867361623,0.18480721560398955,TMSB4X;ATP5F1E;PDE7B;GUCY1A1,0.3277327959834386,GO_BP
GOBP_NEGATIVE_REGULATION_OF_CELLULAR_CATABOLIC_PROCESS (GO_BP),3,243,2.0594702199611086,0.18509863269578827,ADRA1A;EPHA4;TENT5A,0.32803657747709136,GO_BP
GOMF_LIGAND_GATED_ION_CHANNEL_ACTIVITY (GO_MF),2,129,2.589508890751766,0.18560056965242158,RYR2;GRIK4,0.3284997768767099,GO_MF
REACTOME_MITOTIC_PROPHASE (Reactome),2,129,2.589508890751766,0.18560056965242158,H4C3;PRKCB,0.3284997768767099,Reactome
GOBP_NEGATIVE_REGULATION_OF_TRANSPORT (GO_BP),4,367,1.818502938582247,0.1860240985160597,INHBA;PRKCB;NOS1;IL1RAPL1,0.32875798121810235,GO_BP
GOBP_REPRODUCTIVE_SYSTEM_DEVELOPMENT (GO_BP),4,367,1.818502938582247,0.1860240985160597,INHBA;GPR149;CSMD1;ROBO2,0.32875798121810235,GO_BP
KEGG_MAPK_SIGNALING_PATHWAY (KEGG),3,244,2.050847840126165,0.18662530698010696,STMN1;PRKCB;CACNA2D3,0.32875798121810235,KEGG
GOBP_APOPTOTIC_PROCESS_INVOLVED_IN_DEVELOPMENT (GO_BP),1,34,4.969932431782185,0.18763730561795566,ROBO2,0.32875798121810235,GO_BP
GOBP_DOPAMINE_SECRETION (GO_BP),1,34,4.969932431782185,0.18763730561795566,SYT1,0.32875798121810235,GO_BP
GOBP_MACROPHAGE_DIFFERENTIATION (GO_BP),1,34,4.969932431782185,0.18763730561795566,INHBA,0.32875798121810235,GO_BP
GOBP_MAMMARY_GLAND_MORPHOGENESIS (GO_BP),1,34,4.969932431782185,0.18763730561795566,CSMD1,0.32875798121810235,GO_BP
GOBP_POSITIVE_REGULATION_OF_PEPTIDYL_LYSINE_ACETYLATION (GO_BP),1,34,4.969932431782185,0.18763730561795566,NOS1,0.32875798121810235,GO_BP
GOBP_POSITIVE_REGULATION_OF_RECEPTOR_SIGNALING_PATHWAY_VIA_STAT (GO_BP),1,34,4.969932431782185,0.18763730561795566,ERBB4,0.32875798121810235,GO_BP
GOBP_REGULATION_OF_ACTIN_FILAMENT_BASED_MOVEMENT (GO_BP),1,34,4.969932431782185,0.18763730561795566,RYR2,0.32875798121810235,GO_BP
GOBP_VENTRAL_SPINAL_CORD_DEVELOPMENT (GO_BP),1,34,4.969932431782185,0.18763730561795566,LMO4,0.32875798121810235,GO_BP
GOMF_DYNEIN_INTERMEDIATE_CHAIN_BINDING (GO_MF),1,34,4.969932431782185,0.18763730561795566,DNAH14,0.32875798121810235,GO_MF
REACTOME_MOLECULES_ASSOCIATED_WITH_ELASTIC_FIBRES (Reactome),1,34,4.969932431782185,0.18763730561795566,FBN2,0.32875798121810235,Reactome
REACTOME_SIGNALLING_TO_ERKS (Reactome),1,34,4.969932431782185,0.18763730561795566,RIT2,0.32875798121810235,Reactome
REACTOME_SMOOTH_MUSCLE_CONTRACTION (Reactome),1,34,4.969932431782185,0.18763730561795566,GUCY1A1,0.32875798121810235,Reactome
GOBP_BIOMINERALIZATION (GO_BP),2,130,2.569191038493261,0.18779291493967032,TENT5A;FBN2,0.32875798121810235,GO_BP
GOBP_NEGATIVE_REGULATION_OF_SECRETION (GO_BP),2,130,2.569191038493261,0.18779291493967032,INHBA;IL1RAPL1,0.32875798121810235,GO_BP
GOBP_PHOSPHOLIPID_BIOSYNTHETIC_PROCESS (GO_BP),3,246,2.0337086834323728,0.18968860300015505,PLCG2;DGKG;DGKB,0.33165476521025977,GO_BP
GOCC_TRANSPORTER_COMPLEX (GO_CC),4,370,1.8032223867539008,0.1896904955175488,RYR2;CACNA2D3;TRPC7;GRIK4,0.33165476521025977,GO_CC
GOBP_POSITIVE_REGULATION_OF_WNT_SIGNALING_PATHWAY (GO_BP),2,131,2.5491858089623607,0.18998890068297475,RPS12;ZEB2,0.33175171851995144,GO_BP
GOMF_NUCLEAR_RECEPTOR_BINDING (GO_MF),2,131,2.5491858089623607,0.18998890068297475,PRKCB;FOXP1,0.33175171851995144,GO_MF
GOBP_NEGATIVE_REGULATION_OF_IMMUNE_RESPONSE (GO_BP),2,132,2.5294566936600087,0.19218840227256961,RPS19;NPY,0.33225824316328995,GO_BP
GOBP_NUCLEUS_ORGANIZATION (GO_BP),2,132,2.5294566936600087,0.19218840227256961,RPS19;PRKCB,0.33225824316328995,GO_BP
GOBP_RETINA_DEVELOPMENT_IN_CAMERA_TYPE_EYE (GO_BP),2,132,2.5294566936600087,0.19218840227256961,DSCAM;CALB1,0.33225824316328995,GO_BP
GOBP_CELLULAR_RESPONSE_TO_AMYLOID_BETA (GO_BP),1,35,4.822772982706401,0.19259055251830393,EPHA4,0.33225824316328995,GO_BP
GOBP_CELL_REDOX_HOMEOSTASIS (GO_BP),1,35,4.822772982706401,0.19259055251830393,NOS1,0.33225824316328995,GO_BP
GOBP_COLLAGEN_BIOSYNTHETIC_PROCESS (GO_BP),1,35,4.822772982706401,0.19259055251830393,ADAMTS3,0.33225824316328995,GO_BP
GOBP_DENDRITE_EXTENSION (GO_BP),1,35,4.822772982706401,0.19259055251830393,SYT1,0.33225824316328995,GO_BP
GOBP_LIPID_EXPORT_FROM_CELL (GO_BP),1,35,4.822772982706401,0.19259055251830393,INHBA,0.33225824316328995,GO_BP
GOBP_MATURATION_OF_5_8S_RRNA (GO_BP),1,35,4.822772982706401,0.19259055251830393,RPS21,0.33225824316328995,GO_BP
GOBP_MULTICELLULAR_ORGANISM_AGING (GO_BP),1,35,4.822772982706401,0.19259055251830393,ADRA1A,0.33225824316328995,GO_BP
GOBP_NEURON_PROJECTION_EXTENSION_INVOLVED_IN_NEURON_PROJECTION_GUIDANCE (GO_BP),1,35,4.822772982706401,0.19259055251830393,DSCAM,0.33225824316328995,GO_BP
GOBP_POSITIVE_REGULATION_OF_ORGAN_GROWTH (GO_BP),1,35,4.822772982706401,0.19259055251830393,ERBB4,0.33225824316328995,GO_BP
GOBP_PROTEIN_LOCALIZATION_TO_POSTSYNAPSE (GO_BP),1,35,4.822772982706401,0.19259055251830393,LGI1,0.33225824316328995,GO_BP
GOBP_REGULATION_OF_REACTIVE_OXYGEN_SPECIES_BIOSYNTHETIC_PROCESS (GO_BP),1,35,4.822772982706401,0.19259055251830393,PLCG2,0.33225824316328995,GO_BP
GOBP_SARCOPLASMIC_RETICULUM_CALCIUM_ION_TRANSPORT (GO_BP),1,35,4.822772982706401,0.19259055251830393,RYR2,0.33225824316328995,GO_BP
GOMF_CYCLIC_NUCLEOTIDE_BINDING (GO_MF),1,35,4.822772982706401,0.19259055251830393,PRKG1,0.33225824316328995,GO_MF
GOMF_ION_GATED_CHANNEL_ACTIVITY (GO_MF),1,35,4.822772982706401,0.19259055251830393,TRPM3,0.33225824316328995,GO_MF
HALLMARK_HEDGEHOG_SIGNALING (Hallmark),1,35,4.822772982706401,0.19259055251830393,UNC5C,0.33225824316328995,Hallmark
KEGG_RETINOL_METABOLISM (KEGG),1,35,4.822772982706401,0.19259055251830393,DHRS3,0.33225824316328995,KEGG
GOBP_SKELETAL_MUSCLE_ORGAN_DEVELOPMENT (GO_BP),2,133,2.5099785970832413,0.19439129646371922,TLL2;RXRG,0.3349417228027869,GO_BP
GOMF_PROTEIN_TYROSINE_KINASE_ACTIVITY (GO_MF),2,133,2.5099785970832413,0.19439129646371922,EPHA4;ERBB4,0.3349417228027869,GO_MF
GOBP_ACTIVATION_OF_IMMUNE_RESPONSE (GO_BP),3,250,2.000681378535278,0.1958537340083267,PLCG2;PRKCB;FOXP1,0.3369207592251044,GO_BP
REACTOME_DEATH_RECEPTOR_SIGNALLING (Reactome),2,134,2.4908120186676004,0.1965974613648865,RPS27A;UBA52,0.3369207592251044,Reactome
REACTOME_ESTROGEN_DEPENDENT_GENE_EXPRESSION (Reactome),2,134,2.4908120186676004,0.1965974613648865,H4C3;ERBB4,0.3369207592251044,Reactome
GOCC_CYTOPLASMIC_REGION (GO_CC),3,251,1.992439223188491,0.19740278637476938,DNAH14;CALY;UNC13B,0.3369207592251044,GO_CC
GOMF_PEPTIDE_BINDING (GO_MF),3,251,1.992439223188491,0.19740278637476938,EPHA4;INHBA;GPR149,0.3369207592251044,GO_MF
GOBP_DOPAMINE_METABOLIC_PROCESS (GO_BP),1,36,4.685022243498257,0.19751378085660642,NPY,0.3369207592251044,GO_BP
GOBP_DOPAMINE_RECEPTOR_SIGNALING_PATHWAY (GO_BP),1,36,4.685022243498257,0.19751378085660642,CALY,0.3369207592251044,GO_BP
GOBP_ENDOCARDIAL_CUSHION_DEVELOPMENT (GO_BP),1,36,4.685022243498257,0.19751378085660642,ROBO2,0.3369207592251044,GO_BP
GOBP_KERATINOCYTE_PROLIFERATION (GO_BP),1,36,4.685022243498257,0.19751378085660642,BCL11B,0.3369207592251044,GO_BP
GOBP_POSITIVE_REGULATION_OF_JUN_KINASE_ACTIVITY (GO_BP),1,36,4.685022243498257,0.19751378085660642,EPHA4,0.3369207592251044,GO_BP
GOBP_RESPONSE_TO_ELECTRICAL_STIMULUS (GO_BP),1,36,4.685022243498257,0.19751378085660642,TACR1,0.3369207592251044,GO_BP
GOBP_SEMI_LUNAR_VALVE_DEVELOPMENT (GO_BP),1,36,4.685022243498257,0.19751378085660642,ROBO2,0.3369207592251044,GO_BP
GOBP_VENTRICULAR_SEPTUM_MORPHOGENESIS (GO_BP),1,36,4.685022243498257,0.19751378085660642,ROBO2,0.3369207592251044,GO_BP
GOBP_VESICLE_DOCKING_INVOLVED_IN_EXOCYTOSIS (GO_BP),1,36,4.685022243498257,0.19751378085660642,UNC13B,0.3369207592251044,GO_BP
GOCC_CELL_CORTEX_REGION (GO_CC),1,36,4.685022243498257,0.19751378085660642,UNC13B,0.3369207592251044,GO_CC
GOMF_E_BOX_BINDING (GO_MF),1,36,4.685022243498257,0.19751378085660642,TCF4,0.3369207592251044,GO_MF
GOBP_FEMALE_GAMETE_GENERATION (GO_BP),2,136,2.453617293770788,0.20101912242678377,INHBA;GPR149,0.34204562202339345,GO_BP
GOBP_ORGAN_GROWTH (GO_BP),2,136,2.453617293770788,0.20101912242678377,ADRA1A;ERBB4,0.34204562202339345,GO_BP
GOBP_POSITIVE_REGULATION_OF_RESPONSE_TO_BIOTIC_STIMULUS (GO_BP),2,136,2.453617293770788,0.20101912242678377,PLCG2;RPS19,0.34204562202339345,GO_BP
REACTOME_RHO_GTPASES_ACTIVATE_FORMINS (Reactome),2,136,2.453617293770788,0.20101912242678377,RPS27;TUBB2B,0.34204562202339345,Reactome
GOBP_ENDOCRINE_HORMONE_SECRETION (GO_BP),1,37,4.554489142891268,0.20240717144740483,INHBA,0.34291190150301654,GO_BP
GOBP_MODULATION_OF_EXCITATORY_POSTSYNAPTIC_POTENTIAL (GO_BP),1,37,4.554489142891268,0.20240717144740483,NETO1,0.34291190150301654,GO_BP
GOBP_MYOBLAST_FUSION (GO_BP),1,37,4.554489142891268,0.20240717144740483,NOS1,0.34291190150301654,GO_BP
GOBP_REGULATION_OF_EXTRINSIC_APOPTOTIC_SIGNALING_PATHWAY_IN_ABSENCE_OF_LIGAND (GO_BP),1,37,4.554489142891268,0.20240717144740483,INHBA,0.34291190150301654,GO_BP
GOBP_REGULATION_OF_INTRINSIC_APOPTOTIC_SIGNALING_PATHWAY_IN_RESPONSE_TO_DNA_DAMAGE (GO_BP),1,37,4.554489142891268,0.20240717144740483,RPL26,0.34291190150301654,GO_BP
GOMF_PHOSPHATIDYLINOSITOL_3_4_5_TRISPHOSPHATE_BINDING (GO_MF),1,37,4.554489142891268,0.20240717144740483,NRGN,0.34291190150301654,GO_MF
KEGG_ALDOSTERONE_REGULATED_SODIUM_REABSORPTION (KEGG),1,37,4.554489142891268,0.20240717144740483,PRKCB,0.34291190150301654,KEGG
GOBP_PROTON_TRANSMEMBRANE_TRANSPORT (GO_BP),2,137,2.4353533128045433,0.2032343814652449,TMSB4X;ATP5F1E,0.3438866764445996,GO_BP
REACTOME_PTEN_REGULATION (Reactome),2,137,2.4353533128045433,0.2032343814652449,RPS27A;UBA52,0.3438866764445996,Reactome
GOBP_AGING (GO_BP),3,255,1.9605206536556037,0.20362874985787838,ADRA1A;PENK;NPY,0.34412754694422393,GO_BP
GOBP_PROTEIN_POLYMERIZATION (GO_BP),3,255,1.9605206536556037,0.20362874985787838,TMSB4X;STMN1;TMSB10,0.34412754694422393,GO_BP
GOBP_POSITIVE_REGULATION_OF_NEURON_PROJECTION_DEVELOPMENT (GO_BP),2,138,2.417403455908644,0.2054524369461651,RIT2;TOX,0.3469948084724656,GO_BP
GOBP_FEAR_RESPONSE (GO_BP),1,38,4.431809775049169,0.20727090402279846,PENK,0.3479144676621159,GO_BP
GOBP_MESENCHYME_MORPHOGENESIS (GO_BP),1,38,4.431809775049169,0.20727090402279846,ROBO2,0.3479144676621159,GO_BP
GOBP_NEGATIVE_REGULATION_OF_MYELOID_LEUKOCYTE_DIFFERENTIATION (GO_BP),1,38,4.431809775049169,0.20727090402279846,INHBA,0.3479144676621159,GO_BP
GOBP_POSITIVE_REGULATION_OF_AMINE_TRANSPORT (GO_BP),1,38,4.431809775049169,0.20727090402279846,SYT1,0.3479144676621159,GO_BP
GOBP_POSITIVE_REGULATION_OF_AXON_EXTENSION (GO_BP),1,38,4.431809775049169,0.20727090402279846,DSCAM,0.3479144676621159,GO_BP
GOBP_REGULATION_OF_PHOSPHOLIPASE_C_ACTIVITY (GO_BP),1,38,4.431809775049169,0.20727090402279846,ADRA1A,0.3479144676621159,GO_BP
GOBP_REGULATION_OF_PROTEIN_LOCALIZATION_TO_CELL_SURFACE (GO_BP),1,38,4.431809775049169,0.20727090402279846,ERBB4,0.3479144676621159,GO_BP
GOBP_SENSORY_PERCEPTION_OF_TASTE (GO_BP),1,38,4.431809775049169,0.20727090402279846,NPY,0.3479144676621159,GO_BP
GOCC_SARCOPLASMIC_RETICULUM_MEMBRANE (GO_CC),1,38,4.431809775049169,0.20727090402279846,RYR2,0.3479144676621159,GO_CC
REACTOME_O_GLYCOSYLATION_OF_TSR_DOMAIN_CONTAINING_PROTEINS (Reactome),1,38,4.431809775049169,0.20727090402279846,ADAMTS3,0.3479144676621159,Reactome
GOBP_MALE_SEX_DIFFERENTIATION (GO_BP),2,139,2.3997481390850948,0.20767317356974352,INHBA;CSMD1,0.3483755755644776,GO_BP
REACTOME_EXTRACELLULAR_MATRIX_ORGANIZATION (Reactome),3,258,1.9372407356591281,0.20832823799176695,TLL2;FBN2;ADAMTS3,0.34925992508012005,Reactome
GOBP_ANDROGEN_RECEPTOR_SIGNALING_PATHWAY (GO_BP),1,39,4.314834157801739,0.21210515723888634,FOXP1,0.3523758059780345,GO_BP
GOBP_CARDIAC_MUSCLE_CELL_PROLIFERATION (GO_BP),1,39,4.314834157801739,0.21210515723888634,ERBB4,0.3523758059780345,GO_BP
GOBP_EYE_PHOTORECEPTOR_CELL_DIFFERENTIATION (GO_BP),1,39,4.314834157801739,0.21210515723888634,DSCAM,0.3523758059780345,GO_BP
GOBP_INTERLEUKIN_10_PRODUCTION (GO_BP),1,39,4.314834157801739,0.21210515723888634,PLCG2,0.3523758059780345,GO_BP
GOBP_LACTATION (GO_BP),1,39,4.314834157801739,0.21210515723888634,ERBB4,0.3523758059780345,GO_BP
GOBP_NCRNA_3_END_PROCESSING (GO_BP),1,39,4.314834157801739,0.21210515723888634,RPS21,0.3523758059780345,GO_BP
GOBP_NEUROMUSCULAR_JUNCTION_DEVELOPMENT (GO_BP),1,39,4.314834157801739,0.21210515723888634,UNC13B,0.3523758059780345,GO_BP
GOBP_POSITIVE_REGULATION_OF_TYROSINE_PHOSPHORYLATION_OF_STAT_PROTEIN (GO_BP),1,39,4.314834157801739,0.21210515723888634,ERBB4,0.3523758059780345,GO_BP
GOBP_REGULATION_OF_AMYLOID_PRECURSOR_PROTEIN_CATABOLIC_PROCESS (GO_BP),1,39,4.314834157801739,0.21210515723888634,EPHA4,0.3523758059780345,GO_BP
GOBP_REGULATION_OF_CALCIUM_ION_DEPENDENT_EXOCYTOSIS (GO_BP),1,39,4.314834157801739,0.21210515723888634,SYT1,0.3523758059780345,GO_BP
GOBP_REGULATION_OF_PLATELET_ACTIVATION (GO_BP),1,39,4.314834157801739,0.21210515723888634,PRKG1,0.3523758059780345,GO_BP
GOBP_VASCULAR_ENDOTHELIAL_GROWTH_FACTOR_SIGNALING_PATHWAY (GO_BP),1,39,4.314834157801739,0.21210515723888634,ADAMTS3,0.3523758059780345,GO_BP
GOBP_VENTRICULAR_CARDIAC_MUSCLE_TISSUE_DEVELOPMENT (GO_BP),1,39,4.314834157801739,0.21210515723888634,RYR2,0.3523758059780345,GO_BP
GOMF_G_PROTEIN_ACTIVITY (GO_MF),1,39,4.314834157801739,0.21210515723888634,RIT2,0.3523758059780345,GO_MF
GOCC_CLUSTER_OF_ACTIN_BASED_CELL_PROJECTIONS (GO_CC),2,141,2.36480396682021,0.21212223545510386,PCDH15;CALB1,0.3523758059780345,GO_CC
GOBP_ACTIVIN_RECEPTOR_SIGNALING_PATHWAY (GO_BP),1,40,4.20401399810778,0.21691010868217186,INHBA,0.35750241811165445,GO_BP
GOBP_CALCIUM_DEPENDENT_CELL_CELL_ADHESION_VIA_PLASMA_MEMBRANE_CELL_ADHESION_MOLECULES (GO_BP),1,40,4.20401399810778,0.21691010868217186,CDH8,0.35750241811165445,GO_BP
GOBP_CAMP_MEDIATED_SIGNALING (GO_BP),1,40,4.20401399810778,0.21691010868217186,PDE7B,0.35750241811165445,GO_BP
GOBP_MEMBRANE_PROTEIN_ECTODOMAIN_PROTEOLYSIS (GO_BP),1,40,4.20401399810778,0.21691010868217186,SH3D19,0.35750241811165445,GO_BP
GOBP_NEGATIVE_REGULATION_OF_LEUKOCYTE_APOPTOTIC_PROCESS (GO_BP),1,40,4.20401399810778,0.21691010868217186,FOXP1,0.35750241811165445,GO_BP
GOBP_NEGATIVE_REGULATION_OF_MICROTUBULE_POLYMERIZATION_OR_DEPOLYMERIZATION (GO_BP),1,40,4.20401399810778,0.21691010868217186,STMN1,0.35750241811165445,GO_BP
GOBP_NEUROMUSCULAR_PROCESS_CONTROLLING_BALANCE (GO_BP),1,40,4.20401399810778,0.21691010868217186,PCDH15,0.35750241811165445,GO_BP
GOBP_NEUROTRANSMITTER_UPTAKE (GO_BP),1,40,4.20401399810778,0.21691010868217186,NOS1,0.35750241811165445,GO_BP
GOBP_PHOTORECEPTOR_CELL_MAINTENANCE (GO_BP),1,40,4.20401399810778,0.21691010868217186,PCDH15,0.35750241811165445,GO_BP
GOBP_POSITIVE_REGULATION_OF_PATHWAY_RESTRICTED_SMAD_PROTEIN_PHOSPHORYLATION (GO_BP),1,40,4.20401399810778,0.21691010868217186,INHBA,0.35750241811165445,GO_BP
GOCC_INTRINSIC_COMPONENT_OF_SYNAPTIC_VESICLE_MEMBRANE (GO_CC),1,40,4.20401399810778,0.21691010868217186,SYT1,0.35750241811165445,GO_CC
GOCC_MEDIATOR_COMPLEX (GO_CC),1,40,4.20401399810778,0.21691010868217186,MED12L,0.35750241811165445,GO_CC
REACTOME_GAP_JUNCTION_TRAFFICKING_AND_REGULATION (Reactome),1,40,4.20401399810778,0.21691010868217186,TUBB2B,0.35750241811165445,Reactome
GOBP_REGULATION_OF_ACTIN_FILAMENT_LENGTH (GO_BP),2,145,2.2984030207233146,0.22104760091419448,TMSB4X;TMSB10,0.3605862347505308,GO_BP
GOBP_REGULATION_OF_LYMPHOCYTE_DIFFERENTIATION (GO_BP),2,145,2.2984030207233146,0.22104760091419448,INHBA;TOX,0.3605862347505308,GO_BP
GOCC_NON_MOTILE_CILIUM (GO_CC),2,145,2.2984030207233146,0.22104760091419448,PCDH15;DHRS3,0.3605862347505308,GO_CC
GOBP_AMYLOID_BETA_FORMATION (GO_BP),1,41,4.098642978312981,0.22168593487592136,EPHA4,0.3605862347505308,GO_BP
GOBP_CALCINEURIN_MEDIATED_SIGNALING (GO_BP),1,41,4.098642978312981,0.22168593487592136,PLCG2,0.3605862347505308,GO_BP
GOBP_CARDIAC_MUSCLE_TISSUE_MORPHOGENESIS (GO_BP),1,41,4.098642978312981,0.22168593487592136,RYR2,0.3605862347505308,GO_BP
GOBP_ENDODERMAL_CELL_DIFFERENTIATION (GO_BP),1,41,4.098642978312981,0.22168593487592136,INHBA,0.3605862347505308,GO_BP
GOBP_INTRINSIC_APOPTOTIC_SIGNALING_PATHWAY_IN_RESPONSE_TO_DNA_DAMAGE_BY_P53_CLASS_MEDIATOR (GO_BP),1,41,4.098642978312981,0.22168593487592136,RPL26,0.3605862347505308,GO_BP
GOBP_NEGATIVE_REGULATION_OF_LYMPHOCYTE_DIFFERENTIATION (GO_BP),1,41,4.098642978312981,0.22168593487592136,INHBA,0.3605862347505308,GO_BP
GOBP_NEURON_FATE_COMMITMENT (GO_BP),1,41,4.098642978312981,0.22168593487592136,BCL11B,0.3605862347505308,GO_BP
GOBP_NUCLEAR_MEMBRANE_ORGANIZATION (GO_BP),1,41,4.098642978312981,0.22168593487592136,PRKCB,0.3605862347505308,GO_BP
GOBP_POSITIVE_REGULATION_OF_ATP_DEPENDENT_ACTIVITY (GO_BP),1,41,4.098642978312981,0.22168593487592136,RYR2,0.3605862347505308,GO_BP
GOBP_REGULATION_OF_BIOLOGICAL_PROCESS_INVOLVED_IN_SYMBIOTIC_INTERACTION (GO_BP),1,41,4.098642978312981,0.22168593487592136,HS3ST5,0.3605862347505308,GO_BP
GOBP_REGULATION_OF_LYASE_ACTIVITY (GO_BP),1,41,4.098642978312981,0.22168593487592136,NOS1,0.3605862347505308,GO_BP
GOBP_REGULATION_OF_VASCULAR_PERMEABILITY (GO_BP),1,41,4.098642978312981,0.22168593487592136,TACR1,0.3605862347505308,GO_BP
GOBP_REPLICATION_FORK_PROCESSING (GO_BP),1,41,4.098642978312981,0.22168593487592136,CORT,0.3605862347505308,GO_BP
GOBP_RESPONSE_TO_AMYLOID_BETA (GO_BP),1,41,4.098642978312981,0.22168593487592136,EPHA4,0.3605862347505308,GO_BP
GOBP_TRABECULA_MORPHOGENESIS (GO_BP),1,41,4.098642978312981,0.22168593487592136,FBN2,0.3605862347505308,GO_BP
GOMF_CORE_PROMOTER_SEQUENCE_SPECIFIC_DNA_BINDING (GO_MF),1,41,4.098642978312981,0.22168593487592136,FOXP1,0.3605862347505308,GO_MF
GOMF_VOLTAGE_GATED_CALCIUM_CHANNEL_ACTIVITY (GO_MF),1,41,4.098642978312981,0.22168593487592136,CACNA2D3,0.3605862347505308,GO_MF
REACTOME_CARBOXYTERMINAL_POST_TRANSLATIONAL_MODIFICATIONS_OF_TUBULIN (Reactome),1,41,4.098642978312981,0.22168593487592136,TUBB2B,0.3605862347505308,Reactome
REACTOME_ELASTIC_FIBRE_FORMATION (Reactome),1,41,4.098642978312981,0.22168593487592136,FBN2,0.3605862347505308,Reactome
GOBP_FERTILIZATION (GO_BP),2,146,2.2823665323496116,0.22328398360829904,UNC13B;TRPC7,0.36250013497421313,GO_BP
REACTOME_HCMV_INFECTION (Reactome),2,146,2.2823665323496116,0.22328398360829904,TUBB2B;H4C3,0.36250013497421313,Reactome
REACTOME_HIV_LIFE_CYCLE (Reactome),2,146,2.2823665323496116,0.22328398360829904,RPS27A;UBA52,0.36250013497421313,Reactome
GOBP_POSITIVE_REGULATION_OF_IMMUNE_RESPONSE (GO_BP),4,397,1.6776850350711132,0.22365899942568623,PLCG2;RPS19;PRKCB;FOXP1,0.36250013497421313,GO_BP
GOBP_REGULATION_OF_HORMONE_LEVELS (GO_BP),4,397,1.6776850350711132,0.22365899942568623,PCSK1N;INHBA;DHRS3;TACR1,0.36250013497421313,GO_BP
GOMF_ACTIN_BINDING (GO_MF),4,397,1.6776850350711132,0.22365899942568623,TMSB4X;MARCKSL1;TMSB10;LIMCH1,0.36250013497421313,GO_MF
GOBP_EXTERNAL_ENCAPSULATING_STRUCTURE_ORGANIZATION (GO_BP),3,268,1.863474558616079,0.2241630886601351,RXFP1;TLL2;ADAMTS3,0.36310165784746673,GO_BP
GOBP_LYMPHOCYTE_ACTIVATION_INVOLVED_IN_IMMUNE_RESPONSE (GO_BP),2,147,2.266548577787571,0.22552217034532018,PLCG2;FOXP1,0.3631168570895006,GO_BP
GOBP_SENSORY_PERCEPTION_OF_MECHANICAL_STIMULUS (GO_BP),2,147,2.266548577787571,0.22552217034532018,RPL38;PCDH15,0.3631168570895006,GO_BP
REACTOME_MITOTIC_G1_PHASE_AND_G1_S_TRANSITION (Reactome),2,147,2.266548577787571,0.22552217034532018,RPS27A;UBA52,0.3631168570895006,Reactome
GOBP_RESPONSE_TO_RADIATION (GO_BP),4,399,1.6690633732109277,0.22623789448602627,RPL26;PENK;NPY;NETO1,0.3631168570895006,GO_BP
GOBP_NEGATIVE_REGULATION_OF_FAT_CELL_DIFFERENTIATION (GO_BP),1,42,3.9986670913800437,0.22643281128649562,RUNX1T1,0.3631168570895006,GO_BP
GOBP_PHENOL_CONTAINING_COMPOUND_BIOSYNTHETIC_PROCESS (GO_BP),1,42,3.9986670913800437,0.22643281128649562,ZEB2,0.3631168570895006,GO_BP
GOBP_POSITIVE_REGULATION_OF_NOTCH_SIGNALING_PATHWAY (GO_BP),1,42,3.9986670913800437,0.22643281128649562,ROBO2,0.3631168570895006,GO_BP
GOBP_POSITIVE_REGULATION_OF_PROTEIN_ACETYLATION (GO_BP),1,42,3.9986670913800437,0.22643281128649562,NOS1,0.3631168570895006,GO_BP
GOBP_POSITIVE_REGULATION_OF_REGULATED_SECRETORY_PATHWAY (GO_BP),1,42,3.9986670913800437,0.22643281128649562,SYT1,0.3631168570895006,GO_BP
GOBP_REGULATION_OF_DENDRITIC_SPINE_MORPHOGENESIS (GO_BP),1,42,3.9986670913800437,0.22643281128649562,EPHA4,0.3631168570895006,GO_BP
GOBP_REGULATION_OF_ERYTHROCYTE_DIFFERENTIATION (GO_BP),1,42,3.9986670913800437,0.22643281128649562,INHBA,0.3631168570895006,GO_BP
GOBP_REGULATION_OF_MYELINATION (GO_BP),1,42,3.9986670913800437,0.22643281128649562,RXRG,0.3631168570895006,GO_BP
GOBP_REGULATION_OF_TRANSCRIPTION_REGULATORY_REGION_DNA_BINDING (GO_BP),1,42,3.9986670913800437,0.22643281128649562,TMSB4X,0.3631168570895006,GO_BP
GOCC_NEUROTRANSMITTER_RECEPTOR_COMPLEX (GO_CC),1,42,3.9986670913800437,0.22643281128649562,GRIK4,0.3631168570895006,GO_CC
GOCC_VOLTAGE_GATED_CALCIUM_CHANNEL_COMPLEX (GO_CC),1,42,3.9986670913800437,0.22643281128649562,CACNA2D3,0.3631168570895006,GO_CC
GOMF_PHOSPHOTYROSINE_RESIDUE_BINDING (GO_MF),1,42,3.9986670913800437,0.22643281128649562,PLCG2,0.3631168570895006,GO_MF
REACTOME_ASSEMBLY_AND_CELL_SURFACE_PRESENTATION_OF_NMDA_RECEPTORS (Reactome),1,42,3.9986670913800437,0.22643281128649562,TUBB2B,0.3631168570895006,Reactome
GOCC_VESICLE_LUMEN (GO_CC),3,270,1.8493916151173762,0.2273588679558685,TMSB4X;EEF1A1;PENK,0.36438795093161785,GO_CC
GOBP_CELL_CYCLE_DNA_REPLICATION (GO_BP),1,43,3.9033356509352193,0.23115091232963658,DACH1,0.36894981973830365,GO_BP
GOBP_FC_RECEPTOR_SIGNALING_PATHWAY (GO_BP),1,43,3.9033356509352193,0.23115091232963658,PLCG2,0.36894981973830365,GO_BP
GOBP_HISTONE_PHOSPHORYLATION (GO_BP),1,43,3.9033356509352193,0.23115091232963658,PRKCB,0.36894981973830365,GO_BP
GOBP_REGULATION_OF_CHONDROCYTE_DIFFERENTIATION (GO_BP),1,43,3.9033356509352193,0.23115091232963658,TRPS1,0.36894981973830365,GO_BP
GOBP_RETINOL_METABOLIC_PROCESS (GO_BP),1,43,3.9033356509352193,0.23115091232963658,DHRS3,0.36894981973830365,GO_BP
GOBP_SODIUM_ION_HOMEOSTASIS (GO_BP),1,43,3.9033356509352193,0.23115091232963658,TACR1,0.36894981973830365,GO_BP
GOMF_SODIUM_CHANNEL_ACTIVITY (GO_MF),1,43,3.9033356509352193,0.23115091232963658,GRIK4,0.36894981973830365,GO_MF
GOBP_CELL_CELL_SIGNALING_BY_WNT (GO_BP),4,403,1.6520791534676695,0.23141873123298687,PLCG2;RPS12;ZEB2;TLE4,0.3691615391339294,GO_BP
GOBP_REGULATION_OF_ENDOTHELIAL_CELL_MIGRATION (GO_BP),2,150,2.2203677951616703,0.23224651934948165,TMSB4X;FOXP1,0.36940317084649643,GO_BP
GOCC_COATED_VESICLE_MEMBRANE (GO_CC),2,150,2.2203677951616703,0.23224651934948165,SYT1;NRGN,0.36940317084649643,GO_CC
GOCC_MICROTUBULE_ASSOCIATED_COMPLEX (GO_CC),2,150,2.2203677951616703,0.23224651934948165,DNAH14;MAP7,0.36940317084649643,GO_CC
HALLMARK_INFLAMMATORY_RESPONSE (Hallmark),2,150,2.2203677951616703,0.23224651934948165,INHBA;TACR1,0.36940317084649643,Hallmark
REACTOME_SARS_COV_INFECTIONS (Reactome),2,150,2.2203677951616703,0.23224651934948165,RPS27A;UBA52,0.36940317084649643,Reactome
GOBP_RHYTHMIC_PROCESS (GO_BP),3,274,1.821858264777882,0.2337765531190725,INHBA;GPR149;ROBO2,0.37162035306646507,GO_BP
GOBP_ORGANOPHOSPHATE_CATABOLIC_PROCESS (GO_BP),2,151,2.2053066889678377,0.23449089268420323,PLCG2;PDE7B,0.3720855941477864,GO_BP
KEGG_PURINE_METABOLISM (KEGG),2,151,2.2053066889678377,0.23449089268420323,PDE7B;GUCY1A1,0.3720855941477864,KEGG
GOBP_CANONICAL_WNT_SIGNALING_PATHWAY (GO_BP),3,275,1.8151034168194635,0.2353861765874576,RPS12;ZEB2;TLE4,0.3720855941477864,GO_BP
GOBP_ESTABLISHMENT_OF_PROTEIN_LOCALIZATION_TO_ENDOPLASMIC_RETICULUM (GO_BP),1,44,3.812461633527498,0.23584041137671852,RYR2,0.3720855941477864,GO_BP
GOBP_NEGATIVE_REGULATION_OF_SMOOTH_MUSCLE_CELL_PROLIFERATION (GO_BP),1,44,3.812461633527498,0.23584041137671852,PRKG1,0.3720855941477864,GO_BP
GOBP_POSITIVE_REGULATION_OF_EXTRINSIC_APOPTOTIC_SIGNALING_PATHWAY (GO_BP),1,44,3.812461633527498,0.23584041137671852,INHBA,0.3720855941477864,GO_BP
GOBP_POSITIVE_REGULATION_OF_PHAGOCYTOSIS (GO_BP),1,44,3.812461633527498,0.23584041137671852,PLCG2,0.3720855941477864,GO_BP
GOBP_REACTIVE_OXYGEN_SPECIES_BIOSYNTHETIC_PROCESS (GO_BP),1,44,3.812461633527498,0.23584041137671852,PLCG2,0.3720855941477864,GO_BP
GOBP_REGULATION_OF_LYMPHOCYTE_APOPTOTIC_PROCESS (GO_BP),1,44,3.812461633527498,0.23584041137671852,FOXP1,0.3720855941477864,GO_BP
GOBP_REGULATION_OF_NITRIC_OXIDE_METABOLIC_PROCESS (GO_BP),1,44,3.812461633527498,0.23584041137671852,NPY,0.3720855941477864,GO_BP
GOMF_PEPTIDE_HORMONE_BINDING (GO_MF),1,44,3.812461633527498,0.23584041137671852,INHBA,0.3720855941477864,GO_MF
REACTOME_HDMS_DEMETHYLATE_HISTONES (Reactome),1,44,3.812461633527498,0.23584041137671852,H4C3,0.3720855941477864,Reactome
REACTOME_RECOGNITION_AND_ASSOCIATION_OF_DNA_GLYCOSYLASE_WITH_SITE_CONTAINING_AN_AFFECTED_PURINE (Reactome),1,44,3.812461633527498,0.23584041137671852,H4C3,0.3720855941477864,Reactome
REACTOME_DISEASES_OF_SIGNAL_TRANSDUCTION_BY_GROWTH_FACTOR_RECEPTORS_AND_SECOND_MESSENGERS (Reactome),4,407,1.6354318440550257,0.2366291303839033,EEF1G;RPS27A;UBA52;ERBB4,0.37285325746450226,Reactome
GOBP_ACTIN_FILAMENT_POLYMERIZATION (GO_BP),2,152,2.190463427567637,0.2367365611290542,TMSB4X;TMSB10,0.37285325746450226,GO_BP
REACTOME_CELLULAR_RESPONSE_TO_CHEMICAL_STRESS (Reactome),2,152,2.190463427567637,0.2367365611290542,RPS27A;UBA52,0.37285325746450226,Reactome
GOBP_POSTSYNAPSE_ORGANIZATION (GO_BP),2,153,2.176121163619397,0.23898342637398207,EPHA4;IL1RAPL1,0.3755343304506537,GO_BP
GOBP_RECEPTOR_METABOLIC_PROCESS (GO_BP),2,153,2.176121163619397,0.23898342637398207,PLCG2;CALY,0.3755343304506537,GO_BP
GOBP_REGULATION_OF_RESPONSE_TO_BIOTIC_STIMULUS (GO_BP),3,278,1.7949417852744396,0.24022687768320064,PLCG2;RPS19;FOXP1,0.3755343304506537,GO_BP
GOBP_GLIAL_CELL_MIGRATION (GO_BP),1,45,3.725758514740072,0.24050148076096423,EPHA4,0.3755343304506537,GO_BP
GOBP_G_PROTEIN_COUPLED_RECEPTOR_SIGNALING_PATHWAY_COUPLED_TO_CYCLIC_NUCLEOTIDE_SECOND_MESSENGER (GO_BP),1,45,3.725758514740072,0.24050148076096423,NPY,0.3755343304506537,GO_BP
GOBP_INFLAMMATORY_RESPONSE_TO_ANTIGENIC_STIMULUS (GO_BP),1,45,3.725758514740072,0.24050148076096423,NPY,0.3755343304506537,GO_BP
GOBP_INOSITOL_PHOSPHATE_MEDIATED_SIGNALING (GO_BP),1,45,3.725758514740072,0.24050148076096423,PLCG2,0.3755343304506537,GO_BP
GOBP_MICROTUBULE_DEPOLYMERIZATION (GO_BP),1,45,3.725758514740072,0.24050148076096423,STMN1,0.3755343304506537,GO_BP
GOBP_NEGATIVE_REGULATION_OF_DNA_BINDING (GO_BP),1,45,3.725758514740072,0.24050148076096423,TMSB4X,0.3755343304506537,GO_BP
GOBP_NEGATIVE_REGULATION_OF_REPRODUCTIVE_PROCESS (GO_BP),1,45,3.725758514740072,0.24050148076096423,GPR149,0.3755343304506537,GO_BP
GOBP_POSITIVE_REGULATION_OF_NEURAL_PRECURSOR_CELL_PROLIFERATION (GO_BP),1,45,3.725758514740072,0.24050148076096423,TOX,0.3755343304506537,GO_BP
GOBP_REGULATION_OF_CYCLASE_ACTIVITY (GO_BP),1,45,3.725758514740072,0.24050148076096423,NOS1,0.3755343304506537,GO_BP
GOBP_VISUAL_BEHAVIOR (GO_BP),1,45,3.725758514740072,0.24050148076096423,NETO1,0.3755343304506537,GO_BP
GOMF_NEUROTRANSMITTER_RECEPTOR_ACTIVITY_INVOLVED_IN_REGULATION_OF_POSTSYNAPTIC_MEMBRANE_POTENTIAL (GO_MF),1,45,3.725758514740072,0.24050148076096423,GRIK4,0.3755343304506537,GO_MF
REACTOME_G_ALPHA_Z_SIGNALLING_EVENTS (Reactome),1,45,3.725758514740072,0.24050148076096423,PRKCB,0.3755343304506537,Reactome
GOBP_RESPONSE_TO_EXTRACELLULAR_STIMULUS (GO_BP),4,411,1.6191115292595761,0.24186769671159064,RPS19;PCSK1N;PENK;NPY,0.37745181698248803,GO_BP
KEGG_ALZHEIMERS_DISEASE (KEGG),2,155,2.147458231749612,0.24348035968908943,ATP5F1E;NOS1,0.3797514918965752,KEGG
GOBP_REGULATION_OF_SMALL_GTPASE_MEDIATED_SIGNAL_TRANSDUCTION (GO_BP),3,281,1.7754192078393334,0.2450844747353435,ADRA1A;STMN1;RIT2,0.3808087320028861,GO_BP
GOBP_RESPONSE_TO_LIGHT_STIMULUS (GO_BP),3,281,1.7754192078393334,0.2450844747353435,RPL26;NPY;NETO1,0.3808087320028861,GO_BP
GOBP_DOPAMINE_TRANSPORT (GO_BP),1,46,3.642960724900738,0.24513429178362278,SYT1,0.3808087320028861,GO_BP
GOBP_NEGATIVE_REGULATION_OF_G_PROTEIN_COUPLED_RECEPTOR_SIGNALING_PATHWAY (GO_BP),1,46,3.642960724900738,0.24513429178362278,STMN1,0.3808087320028861,GO_BP
GOBP_PEPTIDYL_CYSTEINE_MODIFICATION (GO_BP),1,46,3.642960724900738,0.24513429178362278,NOS1,0.3808087320028861,GO_BP
GOBP_PURINE_NUCLEOTIDE_CATABOLIC_PROCESS (GO_BP),1,46,3.642960724900738,0.24513429178362278,PDE7B,0.3808087320028861,GO_BP
GOCC_PROTON_TRANSPORTING_TWO_SECTOR_ATPASE_COMPLEX (GO_CC),1,46,3.642960724900738,0.24513429178362278,ATP5F1E,0.3808087320028861,GO_CC
GOBP_DNA_DEPENDENT_DNA_REPLICATION (GO_BP),2,156,2.1334177637211207,0.2457302367743746,CORT;DACH1,0.3810842002446434,GO_BP
GOBP_POSITIVE_REGULATION_OF_BINDING (GO_BP),2,156,2.1334177637211207,0.2457302367743746,STMN1;EPHA4,0.3810842002446434,GO_BP
GOBP_SODIUM_ION_TRANSMEMBRANE_TRANSPORT (GO_BP),2,156,2.1334177637211207,0.2457302367743746,NOS1;NETO1,0.3810842002446434,GO_BP
GOBP_GLYCEROPHOSPHOLIPID_METABOLIC_PROCESS (GO_BP),3,282,1.7689990260765716,0.2467072409836382,PLCG2;DGKG;DGKB,0.38238222197861294,GO_BP
REACTOME_REGULATION_OF_TP53_ACTIVITY (Reactome),2,157,2.1195638106632195,0.2479809286701195,RPS27A;UBA52,0.38413835292007736,Reactome
GOBP_ANIMAL_ORGAN_FORMATION (GO_BP),1,47,3.563044555309424,0.24973901472011084,ROBO2,0.38500536774945626,GO_BP
GOBP_DEFENSE_RESPONSE_TO_GRAM_POSITIVE_BACTERIUM (GO_BP),1,47,3.563044555309424,0.24973901472011084,RPL39,0.38500536774945626,GO_BP
GOBP_PHOSPHOLIPID_CATABOLIC_PROCESS (GO_BP),1,47,3.563044555309424,0.24973901472011084,PLCG2,0.38500536774945626,GO_BP
GOBP_REGULATION_OF_FILOPODIUM_ASSEMBLY (GO_BP),1,47,3.563044555309424,0.24973901472011084,TENM2,0.38500536774945626,GO_BP
GOBP_RIBONUCLEOTIDE_CATABOLIC_PROCESS (GO_BP),1,47,3.563044555309424,0.24973901472011084,PDE7B,0.38500536774945626,GO_BP
GOBP_VASCULAR_ASSOCIATED_SMOOTH_MUSCLE_CELL_PROLIFERATION (GO_BP),1,47,3.563044555309424,0.24973901472011084,PRKG1,0.38500536774945626,GO_BP
REACTOME_INOSITOL_PHOSPHATE_METABOLISM (Reactome),1,47,3.563044555309424,0.24973901472011084,PLCG2,0.38500536774945626,Reactome
REACTOME_RECYCLING_PATHWAY_OF_L1 (Reactome),1,47,3.563044555309424,0.24973901472011084,TUBB2B,0.38500536774945626,Reactome
GOBP_INOSITOL_LIPID_MEDIATED_SIGNALING (GO_BP),2,158,2.105891376858784,0.25023234264199373,CA8;ERBB4,0.38500536774945626,GO_BP
GOBP_NEGATIVE_REGULATION_OF_MITOTIC_CELL_CYCLE_PHASE_TRANSITION (GO_BP),2,158,2.105891376858784,0.25023234264199373,RPL26;INHBA,0.38500536774945626,GO_BP
GOCC_EARLY_ENDOSOME_MEMBRANE (GO_CC),2,158,2.105891376858784,0.25023234264199373,SYNDIG1;EPHA4,0.38500536774945626,GO_CC
REACTOME_PROTEIN_LOCALIZATION (Reactome),2,158,2.105891376858784,0.25023234264199373,RPS27A;UBA52,0.38500536774945626,Reactome
GOBP_MYELOID_LEUKOCYTE_DIFFERENTIATION (GO_BP),2,159,2.092395880750365,0.25248438704133913,INHBA;FOXP1,0.38778521104129254,GO_BP
GOBP_POSITIVE_REGULATION_OF_SUPRAMOLECULAR_FIBER_ORGANIZATION (GO_BP),2,159,2.092395880750365,0.25248438704133913,LIMCH1;TACR1,0.38778521104129254,GO_BP
GOBP_SIGNAL_TRANSDUCTION_BY_P53_CLASS_MEDIATOR (GO_BP),2,159,2.092395880750365,0.25248438704133913,RPL26;RPS15,0.38778521104129254,GO_BP
GOBP_VESICLE_ORGANIZATION (GO_BP),3,286,1.7437325052565833,0.25321508294998296,SYT1;UNC13B;ZEB2,0.38778521104129254,GO_BP
GOBP_ACTIVATION_OF_INNATE_IMMUNE_RESPONSE (GO_BP),1,48,3.487359133561687,0.25431581882611864,PLCG2,0.38778521104129254,GO_BP
GOBP_ANTEROGRADE_AXONAL_TRANSPORT (GO_BP),1,48,3.487359133561687,0.25431581882611864,CALY,0.38778521104129254,GO_BP
GOBP_AORTA_DEVELOPMENT (GO_BP),1,48,3.487359133561687,0.25431581882611864,ROBO2,0.38778521104129254,GO_BP
GOBP_CELLULAR_RESPONSE_TO_CAMP (GO_BP),1,48,3.487359133561687,0.25431581882611864,PENK,0.38778521104129254,GO_BP
GOBP_DNA_DEPENDENT_DNA_REPLICATION_MAINTENANCE_OF_FIDELITY (GO_BP),1,48,3.487359133561687,0.25431581882611864,CORT,0.38778521104129254,GO_BP
GOBP_MEGAKARYOCYTE_DIFFERENTIATION (GO_BP),1,48,3.487359133561687,0.25431581882611864,H4C3,0.38778521104129254,GO_BP
GOBP_POSITIVE_REGULATION_OF_BLOOD_VESSEL_ENDOTHELIAL_CELL_MIGRATION (GO_BP),1,48,3.487359133561687,0.25431581882611864,TMSB4X,0.38778521104129254,GO_BP
GOBP_POSITIVE_REGULATION_OF_TYPE_I_INTERFERON_PRODUCTION (GO_BP),1,48,3.487359133561687,0.25431581882611864,PLCG2,0.38778521104129254,GO_BP
GOBP_REGULATION_OF_DNA_DEPENDENT_DNA_REPLICATION (GO_BP),1,48,3.487359133561687,0.25431581882611864,DACH1,0.38778521104129254,GO_BP
GOBP_SECONDARY_METABOLIC_PROCESS (GO_BP),1,48,3.487359133561687,0.25431581882611864,ZEB2,0.38778521104129254,GO_BP
GOBP_VASCULAR_ENDOTHELIAL_GROWTH_FACTOR_RECEPTOR_SIGNALING_PATHWAY (GO_BP),1,48,3.487359133561687,0.25431581882611864,PRKCB,0.38778521104129254,GO_BP
GOCC_GOLGI_ASSOCIATED_VESICLE_MEMBRANE (GO_CC),1,48,3.487359133561687,0.25431581882611864,NRGN,0.38778521104129254,GO_CC
GOBP_PALLIUM_DEVELOPMENT (GO_BP),2,160,2.079073098950791,0.254736971295525,FOXP2;NPY,0.38778521104129254,GO_BP
GOBP_RESPONSE_TO_KETONE (GO_BP),2,160,2.079073098950791,0.254736971295525,RPL27;TACR1,0.38778521104129254,GO_BP
REACTOME_S_PHASE (Reactome),2,160,2.079073098950791,0.254736971295525,RPS27A;UBA52,0.38778521104129254,Reactome
GOMF_PHOSPHOLIPID_BINDING (GO_MF),4,421,1.5796797475781037,0.25507824346151764,SYT1;UNC13B;CPNE8;NRGN,0.38808840272613077,GO_MF
REACTOME_INTRACELLULAR_SIGNALING_BY_SECOND_MESSENGERS (Reactome),3,288,1.7313650347705818,0.25647851978394354,RPS27A;UBA52;ERBB4,0.3900015799164531,Reactome
GOBP_SKELETAL_SYSTEM_MORPHOGENESIS (GO_BP),2,161,2.06591911774688,0.25699000589838245,FBN2;DHRS3,0.39012768544106863,GO_BP
GOMF_PHOSPHATIDYLINOSITOL_PHOSPHATE_BINDING (GO_MF),2,161,2.06591911774688,0.25699000589838245,SYT1;NRGN,0.39012768544106863,GO_MF
REACTOME_INTERFERON_SIGNALING (Reactome),2,161,2.06591911774688,0.25699000589838245,RPS27A;UBA52,0.39012768544106863,Reactome
GOBP_CARDIAC_MUSCLE_CELL_ACTION_POTENTIAL_INVOLVED_IN_CONTRACTION (GO_BP),1,49,3.414690550745909,0.25886487234367683,RYR2,0.3903699427777921,GO_BP
GOBP_ENDODERM_FORMATION (GO_BP),1,49,3.414690550745909,0.25886487234367683,INHBA,0.3903699427777921,GO_BP
GOBP_EPHRIN_RECEPTOR_SIGNALING_PATHWAY (GO_BP),1,49,3.414690550745909,0.25886487234367683,EPHA4,0.3903699427777921,GO_BP
GOBP_HEART_VALVE_MORPHOGENESIS (GO_BP),1,49,3.414690550745909,0.25886487234367683,ROBO2,0.3903699427777921,GO_BP
GOBP_NEGATIVE_REGULATION_OF_CALCIUM_ION_TRANSPORT (GO_BP),1,49,3.414690550745909,0.25886487234367683,NOS1,0.3903699427777921,GO_BP
GOBP_NEURAL_CREST_CELL_MIGRATION (GO_BP),1,49,3.414690550745909,0.25886487234367683,ERBB4,0.3903699427777921,GO_BP
GOBP_NEURON_PROJECTION_REGENERATION (GO_BP),1,49,3.414690550745909,0.25886487234367683,EPHA4,0.3903699427777921,GO_BP
GOBP_POSITIVE_REGULATION_OF_RECEPTOR_MEDIATED_ENDOCYTOSIS (GO_BP),1,49,3.414690550745909,0.25886487234367683,PLCG2,0.3903699427777921,GO_BP
GOBP_REGULATION_OF_MUSCLE_HYPERTROPHY (GO_BP),1,49,3.414690550745909,0.25886487234367683,ADRA1A,0.3903699427777921,GO_BP
GOBP_REGULATION_OF_NEURONAL_SYNAPTIC_PLASTICITY (GO_BP),1,49,3.414690550745909,0.25886487234367683,NETO1,0.3903699427777921,GO_BP
GOMF_PROTEIN_KINASE_A_BINDING (GO_MF),1,49,3.414690550745909,0.25886487234367683,RYR2,0.3903699427777921,GO_MF
REACTOME_EPH_EPHRIN_MEDIATED_REPULSION_OF_CELLS (Reactome),1,49,3.414690550745909,0.25886487234367683,EPHA4,0.3903699427777921,Reactome
GOBP_NEGATIVE_REGULATION_OF_CELL_ACTIVATION (GO_BP),2,162,2.0529302911456666,0.2592434024007093,INHBA;PRKG1,0.3905095046642786,GO_BP
GOBP_NEURON_PROJECTION_EXTENSION (GO_BP),2,162,2.0529302911456666,0.2592434024007093,SYT1;DSCAM,0.3905095046642786,GO_BP
REACTOME_DISORDERS_OF_TRANSMEMBRANE_TRANSPORTERS (Reactome),2,163,2.0401032046307987,0.2614970734008534,RPS27A;UBA52,0.3926354265213666,Reactome
REACTOME_ASPARAGINE_N_LINKED_GLYCOSYLATION (Reactome),3,292,1.7071432551059487,0.2630228710972133,TUBB2B;RPS27A;UBA52,0.3926354265213666,Reactome
GOBP_AMYLOID_BETA_METABOLIC_PROCESS (GO_BP),1,50,3.3448782196445586,0.26338634250719284,EPHA4,0.3926354265213666,GO_BP
GOBP_CATECHOLAMINE_SECRETION (GO_BP),1,50,3.3448782196445586,0.26338634250719284,SYT1,0.3926354265213666,GO_BP
GOBP_CATECHOL_CONTAINING_COMPOUND_METABOLIC_PROCESS (GO_BP),1,50,3.3448782196445586,0.26338634250719284,NPY,0.3926354265213666,GO_BP
GOBP_GLUTATHIONE_METABOLIC_PROCESS (GO_BP),1,50,3.3448782196445586,0.26338634250719284,EEF1G,0.3926354265213666,GO_BP
GOBP_INTERLEUKIN_2_PRODUCTION (GO_BP),1,50,3.3448782196445586,0.26338634250719284,PLCG2,0.3926354265213666,GO_BP
GOBP_POSITIVE_REGULATION_OF_CELL_CYCLE_G1_S_PHASE_TRANSITION (GO_BP),1,50,3.3448782196445586,0.26338634250719284,PLCG2,0.3926354265213666,GO_BP
GOBP_POSITIVE_REGULATION_OF_INTRINSIC_APOPTOTIC_SIGNALING_PATHWAY (GO_BP),1,50,3.3448782196445586,0.26338634250719284,RPL26,0.3926354265213666,GO_BP
GOBP_POSITIVE_REGULATION_OF_PHOSPHOLIPASE_ACTIVITY (GO_BP),1,50,3.3448782196445586,0.26338634250719284,ADRA1A,0.3926354265213666,GO_BP
GOBP_REGULATION_OF_HEART_GROWTH (GO_BP),1,50,3.3448782196445586,0.26338634250719284,ERBB4,0.3926354265213666,GO_BP
GOBP_REGULATION_OF_MORPHOGENESIS_OF_AN_EPITHELIUM (GO_BP),1,50,3.3448782196445586,0.26338634250719284,FOXP1,0.3926354265213666,GO_BP
GOBP_STRIATED_MUSCLE_CELL_PROLIFERATION (GO_BP),1,50,3.3448782196445586,0.26338634250719284,ERBB4,0.3926354265213666,GO_BP
GOCC_T_TUBULE (GO_CC),1,50,3.3448782196445586,0.26338634250719284,ADRA1A,0.3926354265213666,GO_CC
GOMF_GENERAL_TRANSCRIPTION_INITIATION_FACTOR_BINDING (GO_MF),1,50,3.3448782196445586,0.26338634250719284,TCF4,0.3926354265213666,GO_MF
GOMF_NUCLEAR_RECEPTOR_ACTIVITY (GO_MF),1,50,3.3448782196445586,0.26338634250719284,RXRG,0.3926354265213666,GO_MF
GOMF_PROTEIN_KINASE_C_BINDING (GO_MF),1,50,3.3448782196445586,0.26338634250719284,PRKCB,0.3926354265213666,GO_MF
KEGG_AMYOTROPHIC_LATERAL_SCLEROSIS_ALS (KEGG),1,50,3.3448782196445586,0.26338634250719284,NOS1,0.3926354265213666,KEGG
REACTOME_COPI_INDEPENDENT_GOLGI_TO_ER_RETROGRADE_TRAFFIC (Reactome),1,50,3.3448782196445586,0.26338634250719284,TUBB2B,0.3926354265213666,Reactome
GOCC_CLATHRIN_COATED_VESICLE (GO_CC),2,165,2.014918307855194,0.26600489446975095,SYT1;NRGN,0.39511792579562505,GO_CC
GOBP_NEGATIVE_REGULATION_OF_CATABOLIC_PROCESS (GO_BP),3,294,1.6952818859087062,0.2663031720601369,ADRA1A;EPHA4;TENT5A,0.39511792579562505,GO_BP
GOBP_ANIMAL_ORGAN_REGENERATION (GO_BP),1,51,3.2778560585613166,0.2678803955494464,RPS15,0.39511792579562505,GO_BP
GOBP_GLUTAMATE_RECEPTOR_SIGNALING_PATHWAY (GO_BP),1,51,3.2778560585613166,0.2678803955494464,GRIK4,0.39511792579562505,GO_BP
GOBP_LIPOPOLYSACCHARIDE_MEDIATED_SIGNALING_PATHWAY (GO_BP),1,51,3.2778560585613166,0.2678803955494464,PLCG2,0.39511792579562505,GO_BP
GOBP_MATERNAL_PROCESS_INVOLVED_IN_FEMALE_PREGNANCY (GO_BP),1,51,3.2778560585613166,0.2678803955494464,CSMD1,0.39511792579562505,GO_BP
GOBP_MEMBRANE_PROTEIN_PROTEOLYSIS (GO_BP),1,51,3.2778560585613166,0.2678803955494464,SH3D19,0.39511792579562505,GO_BP
GOBP_PURINE_CONTAINING_COMPOUND_CATABOLIC_PROCESS (GO_BP),1,51,3.2778560585613166,0.2678803955494464,PDE7B,0.39511792579562505,GO_BP
GOBP_RESPONSE_TO_GAMMA_RADIATION (GO_BP),1,51,3.2778560585613166,0.2678803955494464,RPL26,0.39511792579562505,GO_BP
GOBP_SYNAPTIC_VESICLE_LOCALIZATION (GO_BP),1,51,3.2778560585613166,0.2678803955494464,SYNDIG1,0.39511792579562505,GO_BP
GOBP_SYNCYTIUM_FORMATION (GO_BP),1,51,3.2778560585613166,0.2678803955494464,NOS1,0.39511792579562505,GO_BP
GOBP_WATER_HOMEOSTASIS (GO_BP),1,51,3.2778560585613166,0.2678803955494464,STMN1,0.39511792579562505,GO_BP
GOCC_CLATHRIN_COATED_ENDOCYTIC_VESICLE_MEMBRANE (GO_CC),1,51,3.2778560585613166,0.2678803955494464,SYT1,0.39511792579562505,GO_CC
GOMF_NADP_BINDING (GO_MF),1,51,3.2778560585613166,0.2678803955494464,NOS1,0.39511792579562505,GO_MF
REACTOME_BASE_EXCISION_REPAIR_AP_SITE_FORMATION (Reactome),1,51,3.2778560585613166,0.2678803955494464,H4C3,0.39511792579562505,Reactome
REACTOME_DNA_METHYLATION (Reactome),1,51,3.2778560585613166,0.2678803955494464,H4C3,0.39511792579562505,Reactome
REACTOME_NUCLEAR_RECEPTOR_TRANSCRIPTION_PATHWAY (Reactome),1,51,3.2778560585613166,0.2678803955494464,RXRG,0.39511792579562505,Reactome
REACTOME_SENSORY_PROCESSING_OF_SOUND_BY_OUTER_HAIR_CELLS_OF_THE_COCHLEA (Reactome),1,51,3.2778560585613166,0.2678803955494464,PCDH15,0.39511792579562505,Reactome
GOCC_ENDOCYTIC_VESICLE (GO_CC),3,295,1.6894120853238108,0.26794522100823787,RPS27A;UBA52;SYT1,0.39511792579562505,GO_CC
GOCC_MEMBRANE_MICRODOMAIN (GO_CC),3,295,1.6894120853238108,0.26794522100823787,ADRA1A;NOS1;RIT2,0.39511792579562505,GO_CC
GOBP_REGULATION_OF_WNT_SIGNALING_PATHWAY (GO_BP),3,297,1.677792181189263,0.2712329279806576,RPS12;ZEB2;TLE4,0.3994523062343318,GO_BP
GOBP_AMYLOID_PRECURSOR_PROTEIN_CATABOLIC_PROCESS (GO_BP),1,52,3.2134602054125234,0.2723471967075525,EPHA4,0.3994523062343318,GO_BP
GOBP_MUSCLE_ORGAN_MORPHOGENESIS (GO_BP),1,52,3.2134602054125234,0.2723471967075525,RYR2,0.3994523062343318,GO_BP
GOBP_REGULATION_OF_JUN_KINASE_ACTIVITY (GO_BP),1,52,3.2134602054125234,0.2723471967075525,EPHA4,0.3994523062343318,GO_BP
GOBP_TYROSINE_PHOSPHORYLATION_OF_STAT_PROTEIN (GO_BP),1,52,3.2134602054125234,0.2723471967075525,ERBB4,0.3994523062343318,GO_BP
GOCC_PLATELET_ALPHA_GRANULE_LUMEN (GO_CC),1,52,3.2134602054125234,0.2723471967075525,TMSB4X,0.3994523062343318,GO_CC
KEGG_PATHOGENIC_ESCHERICHIA_COLI_INFECTION (KEGG),1,52,3.2134602054125234,0.2723471967075525,TUBB2B,0.3994523062343318,KEGG
REACTOME_ACTIVATED_PKN1_STIMULATES_TRANSCRIPTION_OF_AR_ANDROGEN_RECEPTOR_REGULATED_GENES_KLK2_AND_KLK3 (Reactome),1,52,3.2134602054125234,0.2723471967075525,H4C3,0.3994523062343318,Reactome
REACTOME_INTRAFLAGELLAR_TRANSPORT (Reactome),1,52,3.2134602054125234,0.2723471967075525,TUBB2B,0.3994523062343318,Reactome
REACTOME_RHOD_GTPASE_CYCLE (Reactome),1,52,3.2134602054125234,0.2723471967075525,CPNE8,0.3994523062343318,Reactome
GOBP_PROTEIN_DNA_COMPLEX_ASSEMBLY (GO_BP),2,168,1.9782869819933964,0.27276655896845237,H4C3;TCF4,0.39963812904658985,GO_BP
GOCC_ADHERENS_JUNCTION (GO_CC),2,168,1.9782869819933964,0.27276655896845237,EPHA4;CDH8,0.39963812904658985,GO_CC
GOCC_RUFFLE (GO_CC),2,169,1.9663681720495816,0.27502009901561697,PLCG2;EEF1A1,0.4014365649681848,GO_CC
GOBP_RESPONSE_TO_VIRUS (GO_BP),3,300,1.6606555244253318,0.27617295279052156,EEF1G;STMN1;PENK,0.4014365649681848,GO_BP
GOBP_CARDIAC_VENTRICLE_MORPHOGENESIS (GO_BP),1,53,3.1515395620405546,0.2767869102288876,RYR2,0.4014365649681848,GO_BP
GOBP_CELLULAR_PIGMENTATION (GO_BP),1,53,3.1515395620405546,0.2767869102288876,ZEB2,0.4014365649681848,GO_BP
GOBP_INOSITOL_PHOSPHATE_METABOLIC_PROCESS (GO_BP),1,53,3.1515395620405546,0.2767869102288876,PLCG2,0.4014365649681848,GO_BP
GOBP_NEGATIVE_REGULATION_OF_HORMONE_SECRETION (GO_BP),1,53,3.1515395620405546,0.2767869102288876,INHBA,0.4014365649681848,GO_BP
GOBP_POSITIVE_REGULATION_OF_CYTOKINE_PRODUCTION_INVOLVED_IN_IMMUNE_RESPONSE (GO_BP),1,53,3.1515395620405546,0.2767869102288876,PLCG2,0.4014365649681848,GO_BP
GOBP_POSITIVE_REGULATION_OF_REACTIVE_OXYGEN_SPECIES_METABOLIC_PROCESS (GO_BP),1,53,3.1515395620405546,0.2767869102288876,PLCG2,0.4014365649681848,GO_BP
GOBP_PROTEOGLYCAN_BIOSYNTHETIC_PROCESS (GO_BP),1,53,3.1515395620405546,0.2767869102288876,HS3ST5,0.4014365649681848,GO_BP
GOBP_REGULATION_OF_INSULIN_RECEPTOR_SIGNALING_PATHWAY (GO_BP),1,53,3.1515395620405546,0.2767869102288876,PRKCB,0.4014365649681848,GO_BP
GOBP_RESPONSE_TO_ACTIVITY (GO_BP),1,53,3.1515395620405546,0.2767869102288876,RYR2,0.4014365649681848,GO_BP
GOCC_DYNEIN_COMPLEX (GO_CC),1,53,3.1515395620405546,0.2767869102288876,DNAH14,0.4014365649681848,GO_CC
GOMF_AMINO_ACID_BINDING (GO_MF),1,53,3.1515395620405546,0.2767869102288876,NOS1,0.4014365649681848,GO_MF
GOMF_PROTEIN_PHOSPHORYLATED_AMINO_ACID_BINDING (GO_MF),1,53,3.1515395620405546,0.2767869102288876,PLCG2,0.4014365649681848,GO_MF
GOMF_TRANSMITTER_GATED_CHANNEL_ACTIVITY (GO_MF),1,53,3.1515395620405546,0.2767869102288876,GRIK4,0.4014365649681848,GO_MF
KEGG_ARGININE_AND_PROLINE_METABOLISM (KEGG),1,53,3.1515395620405546,0.2767869102288876,NOS1,0.4014365649681848,KEGG
KEGG_INOSITOL_PHOSPHATE_METABOLISM (KEGG),1,53,3.1515395620405546,0.2767869102288876,PLCG2,0.4014365649681848,KEGG
KEGG_PPAR_SIGNALING_PATHWAY (KEGG),1,53,3.1515395620405546,0.2767869102288876,RXRG,0.4014365649681848,KEGG
REACTOME_NUCLEAR_ENVELOPE_BREAKDOWN (Reactome),1,53,3.1515395620405546,0.2767869102288876,PRKCB,0.4014365649681848,Reactome
GOBP_REGULATION_OF_CELL_SIZE (GO_BP),2,170,1.9545915522901272,0.2772733303048355,DSCAM;DCC,0.40171536608090486,GO_BP
GOMF_METALLOPEPTIDASE_ACTIVITY (GO_MF),2,170,1.9545915522901272,0.2772733303048355,TLL2;ADAMTS3,0.40171536608090486,GO_MF
REACTOME_MAPK_FAMILY_SIGNALING_CASCADES (Reactome),3,301,1.655019918937581,0.2778217372260478,RPS27A;UBA52;ERBB4,0.40229648163538523,Reactome
GOMF_PROTEIN_C_TERMINUS_BINDING (GO_MF),2,171,1.942954742504485,0.2795261734846298,SYT1;TCF4,0.4043357943784555,GO_MF
HALLMARK_IL2_STAT5_SIGNALING (Hallmark),2,171,1.942954742504485,0.2795261734846298,PENK;DHRS3,0.4043357943784555,Hallmark
GOBP_REGULATION_OF_CELLULAR_RESPONSE_TO_INSULIN_STIMULUS (GO_BP),1,54,3.0919545475201544,0.28119969937698097,PRKCB,0.4056821864757184,GO_BP
GOBP_REGULATION_OF_MICROTUBULE_POLYMERIZATION (GO_BP),1,54,3.0919545475201544,0.28119969937698097,STMN1,0.4056821864757184,GO_BP
REACTOME_HSP90_CHAPERONE_CYCLE_FOR_STEROID_HORMONE_RECEPTORS_SHR_IN_THE_PRESENCE_OF_LIGAND (Reactome),1,54,3.0919545475201544,0.28119969937698097,TUBB2B,0.4056821864757184,Reactome
REACTOME_RHOJ_GTPASE_CYCLE (Reactome),1,54,3.0919545475201544,0.28119969937698097,CPNE8,0.4056821864757184,Reactome
REACTOME_SIGNALING_BY_ALK_IN_CANCER (Reactome),1,54,3.0919545475201544,0.28119969937698097,EEF1G,0.4056821864757184,Reactome
GOCC_SIDE_OF_MEMBRANE (GO_CC),4,443,1.499255392618935,0.28462514756231727,RPS29;RPS28;RPL27;EEF1A1,0.4089851174097891,GO_CC
GOBP_CELL_COMMUNICATION_INVOLVED_IN_CARDIAC_CONDUCTION (GO_BP),1,55,3.0345759839767372,0.2855857264373738,RYR2,0.4089851174097891,GO_BP
GOBP_HOMOLOGOUS_RECOMBINATION (GO_BP),1,55,3.0345759839767372,0.2855857264373738,CORT,0.4089851174097891,GO_BP
GOBP_MESODERM_MORPHOGENESIS (GO_BP),1,55,3.0345759839767372,0.2855857264373738,INHBA,0.4089851174097891,GO_BP
GOBP_NEGATIVE_REGULATION_OF_WOUND_HEALING (GO_BP),1,55,3.0345759839767372,0.2855857264373738,PRKG1,0.4089851174097891,GO_BP
GOBP_NEURAL_NUCLEUS_DEVELOPMENT (GO_BP),1,55,3.0345759839767372,0.2855857264373738,FOXP2,0.4089851174097891,GO_BP
GOBP_NUCLEAR_ENVELOPE_ORGANIZATION (GO_BP),1,55,3.0345759839767372,0.2855857264373738,PRKCB,0.4089851174097891,GO_BP
GOBP_PHOTORECEPTOR_CELL_DIFFERENTIATION (GO_BP),1,55,3.0345759839767372,0.2855857264373738,DSCAM,0.4089851174097891,GO_BP
GOBP_REGULATION_OF_POTASSIUM_ION_TRANSMEMBRANE_TRANSPORTER_ACTIVITY (GO_BP),1,55,3.0345759839767372,0.2855857264373738,NETO1,0.4089851174097891,GO_BP
GOBP_REGULATION_OF_RECEPTOR_INTERNALIZATION (GO_BP),1,55,3.0345759839767372,0.2855857264373738,PLCG2,0.4089851174097891,GO_BP
GOMF_PHOSPHATIDYLSERINE_BINDING (GO_MF),1,55,3.0345759839767372,0.2855857264373738,SYT1,0.4089851174097891,GO_MF
REACTOME_ASSEMBLY_OF_COLLAGEN_FIBRILS_AND_OTHER_MULTIMERIC_STRUCTURES (Reactome),1,55,3.0345759839767372,0.2855857264373738,TLL2,0.4089851174097891,Reactome
REACTOME_CELL_CELL_JUNCTION_ORGANIZATION (Reactome),1,55,3.0345759839767372,0.2855857264373738,CDH8,0.4089851174097891,Reactome
REACTOME_SIRT1_NEGATIVELY_REGULATES_RRNA_EXPRESSION (Reactome),1,55,3.0345759839767372,0.2855857264373738,H4C3,0.4089851174097891,Reactome
GOBP_TRANSFORMING_GROWTH_FACTOR_BETA_RECEPTOR_SIGNALING_PATHWAY (GO_BP),2,174,1.9088603327645668,0.28628159529166197,FBN2;ZEB2,0.4097667907450361,GO_BP
GOBP_CELL_CELL_JUNCTION_ORGANIZATION (GO_BP),2,175,1.897760194808332,0.28853211171037707,EPHA4;CDH8,0.41220208854123347,GO_BP
GOBP_DENDRITIC_SPINE_MORPHOGENESIS (GO_BP),1,56,2.9792995183395043,0.2899451527234381,EPHA4,0.41220208854123347,GO_BP
GOBP_EMBRYONIC_HEART_TUBE_MORPHOGENESIS (GO_BP),1,56,2.9792995183395043,0.2899451527234381,RYR2,0.41220208854123347,GO_BP
GOBP_INTERLEUKIN_8_PRODUCTION (GO_BP),1,56,2.9792995183395043,0.2899451527234381,TMSB4X,0.41220208854123347,GO_BP
GOBP_NEGATIVE_REGULATION_OF_CHEMOTAXIS (GO_BP),1,56,2.9792995183395043,0.2899451527234381,ROBO2,0.41220208854123347,GO_BP
GOBP_PATHWAY_RESTRICTED_SMAD_PROTEIN_PHOSPHORYLATION (GO_BP),1,56,2.9792995183395043,0.2899451527234381,INHBA,0.41220208854123347,GO_BP
GOBP_REGULATION_OF_NEUROTRANSMITTER_RECEPTOR_ACTIVITY (GO_BP),1,56,2.9792995183395043,0.2899451527234381,NETO1,0.41220208854123347,GO_BP
GOMF_NUCLEAR_RECEPTOR_COACTIVATOR_ACTIVITY (GO_MF),1,56,2.9792995183395043,0.2899451527234381,PRKCB,0.41220208854123347,GO_MF
REACTOME_ASSEMBLY_OF_THE_ORC_COMPLEX_AT_THE_ORIGIN_OF_REPLICATION (Reactome),1,56,2.9792995183395043,0.2899451527234381,H4C3,0.41220208854123347,Reactome
REACTOME_FOXO_MEDIATED_TRANSCRIPTION (Reactome),1,56,2.9792995183395043,0.2899451527234381,NPY,0.41220208854123347,Reactome
REACTOME_GOLGI_ASSOCIATED_VESICLE_BIOGENESIS (Reactome),1,56,2.9792995183395043,0.2899451527234381,SH3D19,0.41220208854123347,Reactome
REACTOME_INHIBITION_OF_DNA_RECOMBINATION_AT_TELOMERE (Reactome),1,56,2.9792995183395043,0.2899451527234381,H4C3,0.41220208854123347,Reactome
REACTOME_NEUREXINS_AND_NEUROLIGINS (Reactome),1,56,2.9792995183395043,0.2899451527234381,SYT1,0.41220208854123347,Reactome
GOBP_CELLULAR_RESPONSE_TO_STEROID_HORMONE_STIMULUS (GO_BP),2,176,1.8867888359315392,0.2907818575804362,FOXP1;RXRG,0.4131765104329715,GO_BP
HALLMARK_EPITHELIAL_MESENCHYMAL_TRANSITION (Hallmark),2,177,1.8759441853731433,0.29303075921769584,INHBA;FBN2,0.41598012239539395,Hallmark
GOBP_CELLULAR_RESPONSE_TO_VASCULAR_ENDOTHELIAL_GROWTH_FACTOR_STIMULUS (GO_BP),1,57,2.925996593931695,0.2942781385821681,ADAMTS3,0.41598012239539395,GO_BP
GOBP_HEART_VALVE_DEVELOPMENT (GO_BP),1,57,2.925996593931695,0.2942781385821681,ROBO2,0.41598012239539395,GO_BP
GOBP_SIGNAL_TRANSDUCTION_IN_ABSENCE_OF_LIGAND (GO_BP),1,57,2.925996593931695,0.2942781385821681,INHBA,0.41598012239539395,GO_BP
GOCC_CIS_GOLGI_NETWORK (GO_CC),1,57,2.925996593931695,0.2942781385821681,TRPC7,0.41598012239539395,GO_CC
GOCC_MAIN_AXON (GO_CC),1,57,2.925996593931695,0.2942781385821681,ROBO2,0.41598012239539395,GO_CC
GOCC_NEURON_PROJECTION_MEMBRANE (GO_CC),1,57,2.925996593931695,0.2942781385821681,ROBO2,0.41598012239539395,GO_CC
GOCC_PHOTORECEPTOR_INNER_SEGMENT (GO_CC),1,57,2.925996593931695,0.2942781385821681,NOS1,0.41598012239539395,GO_CC
KEGG_ACUTE_MYELOID_LEUKEMIA (KEGG),1,57,2.925996593931695,0.2942781385821681,RUNX1T1,0.41598012239539395,KEGG
REACTOME_KINESINS (Reactome),1,57,2.925996593931695,0.2942781385821681,TUBB2B,0.41598012239539395,Reactome
GOBP_POSITIVE_REGULATION_OF_CYTOSKELETON_ORGANIZATION (GO_BP),2,178,1.8652242087711253,0.2952787438529225,LIMCH1;TACR1,0.4165321536478984,GO_BP
GOBP_SENSORY_PERCEPTION_OF_LIGHT_STIMULUS (GO_BP),2,178,1.8652242087711253,0.2952787438529225,PCDH15;DHRS3,0.4165321536478984,GO_BP
GOMF_TRANSCRIPTION_COREPRESSOR_ACTIVITY (GO_MF),2,178,1.8652242087711253,0.2952787438529225,RUNX1T1;TLE4,0.4165321536478984,GO_MF
HALLMARK_APICAL_JUNCTION (Hallmark),2,178,1.8652242087711253,0.2952787438529225,SKAP2;CDH8,0.4165321536478984,Hallmark
GOCC_ACTIN_CYTOSKELETON (GO_CC),4,452,1.4686368810689983,0.29686430876235076,EEF1A1;PRKCB;LIMCH1;CALB1,0.4185526211822302,GO_CC
GOBP_EMBRYONIC_PATTERN_SPECIFICATION (GO_BP),1,58,2.874565236982638,0.29858484339992997,ERBB4,0.4188162338598915,GO_BP
GOBP_MEMBRANE_BIOGENESIS (GO_BP),1,58,2.874565236982638,0.29858484339992997,IL1RAPL1,0.4188162338598915,GO_BP
GOBP_NEGATIVE_REGULATION_OF_INNATE_IMMUNE_RESPONSE (GO_BP),1,58,2.874565236982638,0.29858484339992997,RPS19,0.4188162338598915,GO_BP
GOBP_POLYOL_BIOSYNTHETIC_PROCESS (GO_BP),1,58,2.874565236982638,0.29858484339992997,PLCG2,0.4188162338598915,GO_BP
GOBP_POSITIVE_REGULATION_OF_LIPASE_ACTIVITY (GO_BP),1,58,2.874565236982638,0.29858484339992997,ADRA1A,0.4188162338598915,GO_BP
GOBP_PRESYNAPTIC_ENDOCYTOSIS (GO_BP),1,58,2.874565236982638,0.29858484339992997,SYT1,0.4188162338598915,GO_BP
GOBP_REGULATION_OF_CARTILAGE_DEVELOPMENT (GO_BP),1,58,2.874565236982638,0.29858484339992997,TRPS1,0.4188162338598915,GO_BP
GOBP_T_CELL_DIFFERENTIATION_INVOLVED_IN_IMMUNE_RESPONSE (GO_BP),1,58,2.874565236982638,0.29858484339992997,FOXP1,0.4188162338598915,GO_BP
GOMF_POSTSYNAPTIC_NEUROTRANSMITTER_RECEPTOR_ACTIVITY (GO_MF),1,58,2.874565236982638,0.29858484339992997,GRIK4,0.4188162338598915,GO_MF
REACTOME_RHOQ_GTPASE_CYCLE (Reactome),1,58,2.874565236982638,0.29858484339992997,CPNE8,0.4188162338598915,Reactome
GOBP_TRANSMEMBRANE_RECEPTOR_PROTEIN_SERINE_THREONINE_KINASE_SIGNALING_PATHWAY (GO_BP),3,314,1.585052728270241,0.29933331679644276,INHBA;FBN2;ZEB2,0.4196505586093866,GO_BP
GOBP_HORMONE_METABOLIC_PROCESS (GO_BP),2,180,1.8441503078780932,0.29977167556519446,PCSK1N;DHRS3,0.42004948484789434,GO_BP
GOBP_NEGATIVE_REGULATION_OF_IMMUNE_SYSTEM_PROCESS (GO_BP),3,315,1.5799119938250525,0.3009927720130951,RPS19;INHBA;NPY,0.4215442360860322,GO_BP
GOBP_ACTIN_POLYMERIZATION_OR_DEPOLYMERIZATION (GO_BP),2,181,1.8337924772984564,0.30201648160401906,TMSB4X;TMSB10,0.42243384950763524,GO_BP
GOMF_GLYCOSAMINOGLYCAN_BINDING (GO_MF),2,181,1.8337924772984564,0.30201648160401906,CHODL;ADAMTS3,0.42243384950763524,GO_MF
GOBP_NATURAL_KILLER_CELL_ACTIVATION (GO_BP),1,59,2.8249082738380946,0.30286542560818375,TOX,0.42243384950763524,GO_BP
GOBP_NEGATIVE_REGULATION_OF_MRNA_CATABOLIC_PROCESS (GO_BP),1,59,2.8249082738380946,0.30286542560818375,TENT5A,0.42243384950763524,GO_BP
GOBP_NEPHRON_MORPHOGENESIS (GO_BP),1,59,2.8249082738380946,0.30286542560818375,ERBB4,0.42243384950763524,GO_BP
GOBP_PLATELET_AGGREGATION (GO_BP),1,59,2.8249082738380946,0.30286542560818375,PRKG1,0.42243384950763524,GO_BP
GOBP_TISSUE_REGENERATION (GO_BP),1,59,2.8249082738380946,0.30286542560818375,ERBB4,0.42243384950763524,GO_BP
GOMF_BASAL_TRANSCRIPTION_MACHINERY_BINDING (GO_MF),1,59,2.8249082738380946,0.30286542560818375,TCF4,0.42243384950763524,GO_MF
GOBP_POSITIVE_REGULATION_OF_IMMUNE_EFFECTOR_PROCESS (GO_BP),2,182,1.8235515053310427,0.3042600885481128,PLCG2;RPS19,0.4239460723596409,GO_BP
GOBP_RESPONSE_TO_MECHANICAL_STIMULUS (GO_BP),2,182,1.8235515053310427,0.3042600885481128,RYR2;TACR1,0.4239460723596409,GO_BP
GOBP_REGULATION_OF_INNATE_IMMUNE_RESPONSE (GO_BP),2,183,1.8134255116241158,0.30650242807972117,PLCG2;RPS19,0.42554278872862616,GO_BP
GOBP_LYMPHOCYTE_APOPTOTIC_PROCESS (GO_BP),1,60,2.7769351182686046,0.3071200426891696,FOXP1,0.42554278872862616,GO_BP
GOBP_NEGATIVE_REGULATION_OF_PROTEOLYSIS_INVOLVED_IN_CELLULAR_PROTEIN_CATABOLIC_PROCESS (GO_BP),1,60,2.7769351182686046,0.3071200426891696,EPHA4,0.42554278872862616,GO_BP
GOBP_PRODUCTION_OF_MOLECULAR_MEDIATOR_INVOLVED_IN_INFLAMMATORY_RESPONSE (GO_BP),1,60,2.7769351182686046,0.3071200426891696,RPS19,0.42554278872862616,GO_BP
GOBP_REGULATION_OF_GLUCOSE_TRANSMEMBRANE_TRANSPORT (GO_BP),1,60,2.7769351182686046,0.3071200426891696,PRKCB,0.42554278872862616,GO_BP
GOBP_REGULATION_OF_PHOSPHOLIPASE_ACTIVITY (GO_BP),1,60,2.7769351182686046,0.3071200426891696,ADRA1A,0.42554278872862616,GO_BP
GOMF_SERINE_TYPE_ENDOPEPTIDASE_INHIBITOR_ACTIVITY (GO_MF),1,60,2.7769351182686046,0.3071200426891696,PCSK1N,0.42554278872862616,GO_MF
REACTOME_CA2_PATHWAY (Reactome),1,60,2.7769351182686046,0.3071200426891696,PRKG1,0.42554278872862616,Reactome
REACTOME_CONDENSATION_OF_PROPHASE_CHROMOSOMES (Reactome),1,60,2.7769351182686046,0.3071200426891696,H4C3,0.42554278872862616,Reactome
REACTOME_NONHOMOLOGOUS_END_JOINING_NHEJ (Reactome),1,60,2.7769351182686046,0.3071200426891696,H4C3,0.42554278872862616,Reactome
REACTOME_PRC2_METHYLATES_HISTONES_AND_DNA (Reactome),1,60,2.7769351182686046,0.3071200426891696,H4C3,0.42554278872862616,Reactome
REACTOME_DNA_REPAIR (Reactome),3,319,1.559674279092258,0.3076352695040237,H4C3;RPS27A;UBA52,0.42604052789832086,Reactome
GOBP_CARDIAC_CELL_DEVELOPMENT (GO_BP),1,61,2.73050843712928,0.3113488511815581,ADRA1A,0.42944126897819956,GO_BP
GOBP_CHEMOKINE_PRODUCTION (GO_BP),1,61,2.73050843712928,0.3113488511815581,FOXP1,0.42944126897819956,GO_BP
GOBP_NEGATIVE_REGULATION_OF_AXONOGENESIS (GO_BP),1,61,2.73050843712928,0.3113488511815581,DCC,0.42944126897819956,GO_BP
GOBP_NEGATIVE_REGULATION_OF_ERK1_AND_ERK2_CASCADE (GO_BP),1,61,2.73050843712928,0.3113488511815581,EPHA4,0.42944126897819956,GO_BP
GOBP_RNA_STABILIZATION (GO_BP),1,61,2.73050843712928,0.3113488511815581,TENT5A,0.42944126897819956,GO_BP
GOCC_AXON_CYTOPLASM (GO_CC),1,61,2.73050843712928,0.3113488511815581,CALY,0.42944126897819956,GO_CC
KEGG_EPITHELIAL_CELL_SIGNALING_IN_HELICOBACTER_PYLORI_INFECTION (KEGG),1,61,2.73050843712928,0.3113488511815581,PLCG2,0.42944126897819956,KEGG
REACTOME_DISEASES_ASSOCIATED_WITH_O_GLYCOSYLATION_OF_PROTEINS (Reactome),1,61,2.73050843712928,0.3113488511815581,ADAMTS3,0.42944126897819956,Reactome
GOBP_RETINA_HOMEOSTASIS (GO_BP),1,62,2.685682441319971,0.31555200668606986,PCDH15,0.43436115436474637,GO_BP
GOMF_MYOSIN_BINDING (GO_MF),1,62,2.685682441319971,0.31555200668606986,LIMCH1,0.43436115436474637,GO_MF
KEGG_COLORECTAL_CANCER (KEGG),1,62,2.685682441319971,0.31555200668606986,DCC,0.43436115436474637,KEGG
REACTOME_DEPOSITION_OF_NEW_CENPA_CONTAINING_NUCLEOSOMES_AT_THE_CENTROMERE (Reactome),1,62,2.685682441319971,0.31555200668606986,H4C3,0.43436115436474637,Reactome
GOBP_CELLULAR_PROCESS_INVOLVED_IN_REPRODUCTION_IN_MULTICELLULAR_ORGANISM (GO_BP),3,325,1.5302601891114624,0.31760938298278024,INHBA;GPR149;ROBO2,0.43598944324687217,GO_BP
GOBP_NEGATIVE_REGULATION_OF_DEFENSE_RESPONSE (GO_BP),2,188,1.7642520095098233,0.31769278361818953,RPS19;NPY,0.43598944324687217,GO_BP
GOBP_REGULATION_OF_CELL_SUBSTRATE_ADHESION (GO_BP),2,188,1.7642520095098233,0.31769278361818953,NPY;LIMCH1,0.43598944324687217,GO_BP
GOBP_REGULATION_OF_HORMONE_SECRETION (GO_BP),2,188,1.7642520095098233,0.31769278361818953,INHBA;TACR1,0.43598944324687217,GO_BP
GOBP_RESPONSE_TO_CARBOHYDRATE (GO_BP),2,188,1.7642520095098233,0.31769278361818953,PRKCB;UNC13B,0.43598944324687217,GO_BP
REACTOME_UB_SPECIFIC_PROCESSING_PROTEASES (Reactome),2,188,1.7642520095098233,0.31769278361818953,RPS27A;UBA52,0.43598944324687217,Reactome
GOMF_TRANSCRIPTION_COREGULATOR_ACTIVITY (GO_MF),4,468,1.4171388012818817,0.31877690010558113,PRKCB;RUNX1T1;TLE4;MED12L,0.4372575159157921,GO_MF
GOBP_FILOPODIUM_ASSEMBLY (GO_BP),1,63,2.642297327644257,0.3197296638710593,TENM2,0.4379045697251068,GO_BP
GOMF_EXTRACELLULAR_LIGAND_GATED_ION_CHANNEL_ACTIVITY (GO_MF),1,63,2.642297327644257,0.3197296638710593,GRIK4,0.4379045697251068,GO_MF
REACTOME_ERCC6_CSB_AND_EHMT2_G9A_POSITIVELY_REGULATE_RRNA_EXPRESSION (Reactome),1,63,2.642297327644257,0.3197296638710593,H4C3,0.4379045697251068,Reactome
GOBP_ORGANIC_HYDROXY_COMPOUND_METABOLIC_PROCESS (GO_BP),4,471,1.4078759588492218,0.32290224763062825,PLCG2;NPY;DHRS3;ZEB2,0.441157944020752,GO_BP
GOBP_ASTROCYTE_DIFFERENTIATION (GO_BP),1,64,2.600283840132238,0.3238819764780695,EPHA4,0.441157944020752,GO_BP
GOBP_AXONAL_TRANSPORT (GO_BP),1,64,2.600283840132238,0.3238819764780695,CALY,0.441157944020752,GO_BP
GOBP_CELLULAR_RESPONSE_TO_VIRUS (GO_BP),1,64,2.600283840132238,0.3238819764780695,PENK,0.441157944020752,GO_BP
GOBP_CELL_FATE_SPECIFICATION (GO_BP),1,64,2.600283840132238,0.3238819764780695,LMO4,0.441157944020752,GO_BP
GOBP_DEMETHYLATION (GO_BP),1,64,2.600283840132238,0.3238819764780695,TOX,0.441157944020752,GO_BP
GOBP_MEMBRANE_INVAGINATION (GO_BP),1,64,2.600283840132238,0.3238819764780695,PLCG2,0.441157944020752,GO_BP
GOBP_ODONTOGENESIS_OF_DENTIN_CONTAINING_TOOTH (GO_BP),1,64,2.600283840132238,0.3238819764780695,BCL11B,0.441157944020752,GO_BP
GOBP_PROTEIN_LOCALIZATION_TO_CELL_SURFACE (GO_BP),1,64,2.600283840132238,0.3238819764780695,ERBB4,0.441157944020752,GO_BP
GOBP_REGULATION_OF_GLIAL_CELL_DIFFERENTIATION (GO_BP),1,64,2.600283840132238,0.3238819764780695,EPHA4,0.441157944020752,GO_BP
GOBP_REGULATION_OF_SYNAPTIC_TRANSMISSION_GLUTAMATERGIC (GO_BP),1,64,2.600283840132238,0.3238819764780695,SYT1,0.441157944020752,GO_BP
GOBP_IMMUNE_RESPONSE_REGULATING_SIGNALING_PATHWAY (GO_BP),3,329,1.5112522594342521,0.32426266047740004,PLCG2;PRKCB;FOXP1,0.44123633570691556,GO_BP
GOMF_ENDOPEPTIDASE_ACTIVITY (GO_MF),3,329,1.5112522594342521,0.32426266047740004,TLL2;PRSS23;ADAMTS3,0.44123633570691556,GO_MF
GOBP_REGULATION_OF_BINDING (GO_BP),3,330,1.506572943333006,0.3259261709231508,TMSB4X;STMN1;EPHA4,0.443279070115102,GO_BP
GOCC_ENDOSOME_MEMBRANE (GO_CC),4,474,1.398731404133786,0.3270316145521452,RPS27A;UBA52;SYNDIG1;EPHA4,0.44390131060504956,GO_CC
GOBP_NEGATIVE_REGULATION_OF_ORGANELLE_ORGANIZATION (GO_BP),3,331,1.5019247879753574,0.32758969509623526,TMSB4X;STMN1;TMSB10,0.44390131060504956,GO_BP
GOBP_ADENYLATE_CYCLASE_INHIBITING_G_PROTEIN_COUPLED_RECEPTOR_SIGNALING_PATHWAY (GO_BP),1,65,2.559568759668144,0.32800909732734895,CORT,0.44390131060504956,GO_BP
GOBP_POSITIVE_REGULATION_OF_PHOSPHATIDYLINOSITOL_3_KINASE_SIGNALING (GO_BP),1,65,2.559568759668144,0.32800909732734895,ERBB4,0.44390131060504956,GO_BP
GOBP_REGULATION_OF_CELL_SUBSTRATE_JUNCTION_ORGANIZATION (GO_BP),1,65,2.559568759668144,0.32800909732734895,LIMCH1,0.44390131060504956,GO_BP
GOBP_REGULATION_OF_INTRACELLULAR_STEROID_HORMONE_RECEPTOR_SIGNALING_PATHWAY (GO_BP),1,65,2.559568759668144,0.32800909732734895,FOXP1,0.44390131060504956,GO_BP
GOBP_REGULATION_OF_LEUKOCYTE_APOPTOTIC_PROCESS (GO_BP),1,65,2.559568759668144,0.32800909732734895,FOXP1,0.44390131060504956,GO_BP
KEGG_LONG_TERM_POTENTIATION (KEGG),1,65,2.559568759668144,0.32800909732734895,PRKCB,0.44390131060504956,KEGG
REACTOME_CONSTITUTIVE_SIGNALING_BY_ABERRANT_PI3K_IN_CANCER (Reactome),1,65,2.559568759668144,0.32800909732734895,ERBB4,0.44390131060504956,Reactome
REACTOME_PKMTS_METHYLATE_HISTONE_LYSINES (Reactome),1,65,2.559568759668144,0.32800909732734895,H4C3,0.44390131060504956,Reactome
REACTOME_LEISHMANIA_INFECTION (Reactome),2,193,1.7177443765366385,0.32884169503066707,RXFP1;PLCG2,0.44480766177748976,Reactome
GOBP_SMALL_GTPASE_MEDIATED_SIGNAL_TRANSDUCTION (GO_BP),4,477,1.389702877602599,0.3311644931798123,ADRA1A;STMN1;RASGEF1B;RIT2,0.44657588774054346,GO_BP
GOBP_EMBRYONIC_HEART_TUBE_DEVELOPMENT (GO_BP),1,66,2.520049577111115,0.3321111783233408,RYR2,0.44657588774054346,GO_BP
GOBP_ENDODERM_DEVELOPMENT (GO_BP),1,66,2.520049577111115,0.3321111783233408,INHBA,0.44657588774054346,GO_BP
GOBP_MYELOID_CELL_DEVELOPMENT (GO_BP),1,66,2.520049577111115,0.3321111783233408,FOXP1,0.44657588774054346,GO_BP
GOBP_PIGMENT_BIOSYNTHETIC_PROCESS (GO_BP),1,66,2.520049577111115,0.3321111783233408,ZEB2,0.44657588774054346,GO_BP
GOBP_PROTEIN_LOCALIZATION_TO_SYNAPSE (GO_BP),1,66,2.520049577111115,0.3321111783233408,LGI1,0.44657588774054346,GO_BP
GOBP_REGULATION_OF_ATP_DEPENDENT_ACTIVITY (GO_BP),1,66,2.520049577111115,0.3321111783233408,RYR2,0.44657588774054346,GO_BP
GOBP_REGULATION_OF_MUSCLE_ADAPTATION (GO_BP),1,66,2.520049577111115,0.3321111783233408,ADRA1A,0.44657588774054346,GO_BP
GOBP_REGULATION_OF_PHAGOCYTOSIS (GO_BP),1,66,2.520049577111115,0.3321111783233408,PLCG2,0.44657588774054346,GO_BP
GOCC_CLATHRIN_COATED_ENDOCYTIC_VESICLE (GO_CC),1,66,2.520049577111115,0.3321111783233408,SYT1,0.44657588774054346,GO_CC
GOMF_MICROTUBULE_MOTOR_ACTIVITY (GO_MF),1,66,2.520049577111115,0.3321111783233408,DNAH14,0.44657588774054346,GO_MF
REACTOME_MEIOTIC_SYNAPSIS (Reactome),1,66,2.520049577111115,0.3321111783233408,H4C3,0.44657588774054346,Reactome
GOBP_ENDOTHELIAL_CELL_MIGRATION (GO_BP),2,196,1.6909896529908979,0.3355079652338775,TMSB4X;FOXP1,0.4507267745344276,GO_BP
GOBP_REGULATION_OF_PEPTIDYL_LYSINE_ACETYLATION (GO_BP),1,67,2.4818273388763914,0.33618837046013517,NOS1,0.4507267745344276,GO_BP
GOCC_CILIARY_MEMBRANE (GO_CC),1,67,2.4818273388763914,0.33618837046013517,DHRS3,0.4507267745344276,GO_CC
REACTOME_DNA_DAMAGE_TELOMERE_STRESS_INDUCED_SENESCENCE (Reactome),1,67,2.4818273388763914,0.33618837046013517,H4C3,0.4507267745344276,Reactome
REACTOME_SUMOYLATION_OF_CHROMATIN_ORGANIZATION_PROTEINS (Reactome),1,67,2.4818273388763914,0.33618837046013517,H4C3,0.4507267745344276,Reactome
REACTOME_TRANSLOCATION_OF_SLC2A4_GLUT4_TO_THE_PLASMA_MEMBRANE (Reactome),1,67,2.4818273388763914,0.33618837046013517,TUBB2B,0.4507267745344276,Reactome
GOBP_RESPONSE_TO_XENOBIOTIC_STIMULUS (GO_BP),3,337,1.474611574985843,0.337569404024486,ADRA1A;INHBA;NOS1,0.45234395277704115,GO_BP
GOBP_LIPID_MODIFICATION (GO_BP),2,197,1.682254201671826,0.3377258585545173,DGKG;DGKB,0.45234395277704115,GO_BP
GOBP_AMYLOID_PRECURSOR_PROTEIN_METABOLIC_PROCESS (GO_BP),1,68,2.4446996952940254,0.340240823826891,EPHA4,0.45415331860764385,GO_BP
GOBP_DNA_DAMAGE_RESPONSE_SIGNAL_TRANSDUCTION_BY_P53_CLASS_MEDIATOR (GO_BP),1,68,2.4446996952940254,0.340240823826891,RPL26,0.45415331860764385,GO_BP
GOBP_NEGATIVE_REGULATION_OF_TRANSFORMING_GROWTH_FACTOR_BETA_RECEPTOR_SIGNALING_PATHWAY (GO_BP),1,68,2.4446996952940254,0.340240823826891,FBN2,0.45415331860764385,GO_BP
GOBP_PERIPHERAL_NERVOUS_SYSTEM_DEVELOPMENT (GO_BP),1,68,2.4446996952940254,0.340240823826891,RXRG,0.45415331860764385,GO_BP
GOBP_POSITIVE_REGULATION_OF_SMOOTH_MUSCLE_CELL_PROLIFERATION (GO_BP),1,68,2.4446996952940254,0.340240823826891,FOXP1,0.45415331860764385,GO_BP
GOMF_DOUBLE_STRANDED_RNA_BINDING (GO_MF),1,68,2.4446996952940254,0.340240823826891,ADARB2,0.45415331860764385,GO_MF
REACTOME_POST_TRANSLATIONAL_MODIFICATION_SYNTHESIS_OF_GPI_ANCHORED_PROTEINS (Reactome),1,68,2.4446996952940254,0.340240823826891,OPCML,0.45415331860764385,Reactome
GOBP_POSITIVE_REGULATION_OF_CELL_DEATH (GO_BP),4,484,1.3690752696837973,0.34081871941807756,RPL26;INHBA;UNC5C;UNC13B,0.4547024537033561,GO_BP
GOCC_BASOLATERAL_PLASMA_MEMBRANE (GO_CC),2,199,1.6650491323098902,0.34215501215899835,ERBB4;MAP7,0.45559499668757897,GO_CC
GOCC_CONTRACTILE_FIBER (GO_CC),2,199,1.6650491323098902,0.34215501215899835,ADRA1A;RYR2,0.45559499668757897,GO_CC
REACTOME_ESR_MEDIATED_SIGNALING (Reactome),2,199,1.6650491323098902,0.34215501215899835,H4C3;ERBB4,0.45559499668757897,Reactome
REACTOME_SENSORY_PERCEPTION (Reactome),2,199,1.6650491323098902,0.34215501215899835,PCDH15;DHRS3,0.45559499668757897,Reactome
GOBP_PATTERN_SPECIFICATION_PROCESS (GO_BP),3,341,1.456941954781674,0.34421895840963623,PBX3;ERBB4;ROBO2,0.45675764430916604,GO_BP
GOBP_CARDIAC_MUSCLE_CELL_CONTRACTION (GO_BP),1,69,2.40873667802255,0.3442686876132287,RYR2,0.45675764430916604,GO_BP
GOBP_POSITIVE_REGULATION_OF_INTERLEUKIN_6_PRODUCTION (GO_BP),1,69,2.40873667802255,0.3442686876132287,PLCG2,0.45675764430916604,GO_BP
GOBP_REGULATION_OF_RECEPTOR_SIGNALING_PATHWAY_VIA_STAT (GO_BP),1,69,2.40873667802255,0.3442686876132287,ERBB4,0.45675764430916604,GO_BP
GOBP_SYNAPTIC_VESICLE_RECYCLING (GO_BP),1,69,2.40873667802255,0.3442686876132287,SYT1,0.45675764430916604,GO_BP
GOMF_CYTOKINE_RECEPTOR_ACTIVITY (GO_MF),1,69,2.40873667802255,0.3442686876132287,IL1RAPL2,0.45675764430916604,GO_MF
GOBP_NEGATIVE_REGULATION_OF_MITOTIC_CELL_CYCLE (GO_BP),2,200,1.6565768303737571,0.3443661624432709,RPL26;INHBA,0.45675764430916604,GO_BP
REACTOME_MITOTIC_PROMETAPHASE (Reactome),2,200,1.6565768303737571,0.3443661624432709,RPS27;TUBB2B,0.45675764430916604,Reactome
GOBP_POSITIVE_REGULATION_OF_PROTEIN_KINASE_ACTIVITY (GO_BP),3,342,1.4525897539371029,0.3458806268631912,ADRA1A;RPLP1;EPHA4,0.4585436854191142,GO_BP
GOBP_MESENCHYMAL_CELL_DIFFERENTIATION (GO_BP),2,201,1.6481896066757582,0.3465749562872742,EPHA4;ERBB4,0.4592412448425744,GO_BP
GOBP_CARDIAC_MUSCLE_CELL_ACTION_POTENTIAL (GO_BP),1,70,2.373521131098416,0.34827211011458514,RYR2,0.4594836389965855,GO_BP
GOBP_CELLULAR_RESPONSE_TO_IONIZING_RADIATION (GO_BP),1,70,2.373521131098416,0.34827211011458514,RPL26,0.4594836389965855,GO_BP
GOBP_COLUMNAR_CUBOIDAL_EPITHELIAL_CELL_DIFFERENTIATION (GO_BP),1,70,2.373521131098416,0.34827211011458514,NPY,0.4594836389965855,GO_BP
GOBP_MITOTIC_CYTOKINESIS (GO_BP),1,70,2.373521131098416,0.34827211011458514,STMN1,0.4594836389965855,GO_BP
GOBP_POSITIVE_REGULATION_OF_EXOCYTOSIS (GO_BP),1,70,2.373521131098416,0.34827211011458514,SYT1,0.4594836389965855,GO_BP
GOBP_RESPONSE_TO_OSMOTIC_STRESS (GO_BP),1,70,2.373521131098416,0.34827211011458514,MAP7,0.4594836389965855,GO_BP
GOBP_RESPONSE_TO_VITAMIN (GO_BP),1,70,2.373521131098416,0.34827211011458514,PENK,0.4594836389965855,GO_BP
GOMF_GDP_BINDING (GO_MF),1,70,2.373521131098416,0.34827211011458514,RIT2,0.4594836389965855,GO_MF
REACTOME_PEPTIDE_HORMONE_METABOLISM (Reactome),1,70,2.373521131098416,0.34827211011458514,INHBA,0.4594836389965855,Reactome
GOBP_B_CELL_ACTIVATION_INVOLVED_IN_IMMUNE_RESPONSE (GO_BP),1,71,2.339599597131316,0.3522512387375405,PLCG2,0.46316713191729564,GO_BP
GOBP_ESTABLISHMENT_OF_TISSUE_POLARITY (GO_BP),1,71,2.339599597131316,0.3522512387375405,ERBB4,0.46316713191729564,GO_BP
GOBP_NEGATIVE_REGULATION_OF_RNA_CATABOLIC_PROCESS (GO_BP),1,71,2.339599597131316,0.3522512387375405,TENT5A,0.46316713191729564,GO_BP
GOBP_PROTEIN_LOCALIZATION_TO_ENDOPLASMIC_RETICULUM (GO_BP),1,71,2.339599597131316,0.3522512387375405,RYR2,0.46316713191729564,GO_BP
GOBP_RESPONSE_TO_DOPAMINE (GO_BP),1,71,2.339599597131316,0.3522512387375405,CALY,0.46316713191729564,GO_BP
GOBP_RNA_PHOSPHODIESTER_BOND_HYDROLYSIS_ENDONUCLEOLYTIC (GO_BP),1,71,2.339599597131316,0.3522512387375405,RPS21,0.46316713191729564,GO_BP
REACTOME_SENSORY_PROCESSING_OF_SOUND (Reactome),1,71,2.339599597131316,0.3522512387375405,PCDH15,0.46316713191729564,Reactome
GOBP_CARBOHYDRATE_HOMEOSTASIS (GO_BP),2,204,1.6235257883339214,0.3531866712724837,CSMD1;UNC13B,0.46417362812567514,GO_BP
GOBP_REGULATION_OF_LYMPHOCYTE_ACTIVATION (GO_BP),3,348,1.4270067342743196,0.3558423641514199,INHBA;TOX;TACR1,0.4654541563798891,GO_BP
GOBP_CYTOKINE_PRODUCTION_INVOLVED_IN_IMMUNE_RESPONSE (GO_BP),1,72,2.306601413409021,0.3562062200051147,PLCG2,0.4654541563798891,GO_BP
GOBP_FIBROBLAST_PROLIFERATION (GO_BP),1,72,2.306601413409021,0.3562062200051147,DACH1,0.4654541563798891,GO_BP
GOBP_INTERFERON_GAMMA_PRODUCTION (GO_BP),1,72,2.306601413409021,0.3562062200051147,INHBA,0.4654541563798891,GO_BP
GOBP_INTRINSIC_APOPTOTIC_SIGNALING_PATHWAY_BY_P53_CLASS_MEDIATOR (GO_BP),1,72,2.306601413409021,0.3562062200051147,RPL26,0.4654541563798891,GO_BP
GOBP_NEGATIVE_REGULATION_OF_CELLULAR_PROTEIN_CATABOLIC_PROCESS (GO_BP),1,72,2.306601413409021,0.3562062200051147,EPHA4,0.4654541563798891,GO_BP
GOBP_REGULATION_OF_ORGAN_GROWTH (GO_BP),1,72,2.306601413409021,0.3562062200051147,ERBB4,0.4654541563798891,GO_BP
GOBP_SMAD_PROTEIN_SIGNAL_TRANSDUCTION (GO_BP),1,72,2.306601413409021,0.3562062200051147,INHBA,0.4654541563798891,GO_BP
GOMF_MONOOXYGENASE_ACTIVITY (GO_MF),1,72,2.306601413409021,0.3562062200051147,NOS1,0.4654541563798891,GO_MF
REACTOME_MEIOTIC_RECOMBINATION (Reactome),1,72,2.306601413409021,0.3562062200051147,H4C3,0.4654541563798891,Reactome
REACTOME_TRANSCRIPTIONAL_REGULATION_OF_GRANULOPOIESIS (Reactome),1,72,2.306601413409021,0.3562062200051147,H4C3,0.4654541563798891,Reactome
REACTOME_TRANS_GOLGI_NETWORK_VESICLE_BUDDING (Reactome),1,72,2.306601413409021,0.3562062200051147,SH3D19,0.4654541563798891,Reactome
GOBP_GLYCEROLIPID_METABOLIC_PROCESS (GO_BP),3,350,1.41867577669907,0.35915911266197786,PLCG2;DGKG;DGKB,0.46908825283589745,GO_BP
GOBP_DIGESTIVE_SYSTEM_PROCESS (GO_BP),1,73,2.2745019028366187,0.36013719956202905,TACR1,0.469691829992312,GO_BP
GOCC_ACTOMYOSIN (GO_CC),1,73,2.2745019028366187,0.36013719956202905,LIMCH1,0.469691829992312,GO_CC
REACTOME_NUCLEAR_ENVELOPE_NE_REASSEMBLY (Reactome),1,73,2.2745019028366187,0.36013719956202905,TUBB2B,0.469691829992312,Reactome
GOBP_AMINOGLYCAN_BIOSYNTHETIC_PROCESS (GO_BP),1,74,2.243272163771612,0.3640443221799391,HS3ST5,0.47200059343645984,GO_BP
GOBP_MYELOID_CELL_ACTIVATION_INVOLVED_IN_IMMUNE_RESPONSE (GO_BP),1,74,2.243272163771612,0.3640443221799391,PLCG2,0.47200059343645984,GO_BP
GOBP_REGULATION_OF_PROTEIN_ACETYLATION (GO_BP),1,74,2.243272163771612,0.3640443221799391,NOS1,0.47200059343645984,GO_BP
GOBP_RENAL_TUBULE_DEVELOPMENT (GO_BP),1,74,2.243272163771612,0.3640443221799391,CALB1,0.47200059343645984,GO_BP
GOBP_SOMATIC_DIVERSIFICATION_OF_IMMUNE_RECEPTORS (GO_BP),1,74,2.243272163771612,0.3640443221799391,BCL11B,0.47200059343645984,GO_BP
GOBP_XENOBIOTIC_METABOLIC_PROCESS (GO_BP),1,74,2.243272163771612,0.3640443221799391,NOS1,0.47200059343645984,GO_BP
GOCC_ACTIN_FILAMENT_BUNDLE (GO_CC),1,74,2.243272163771612,0.3640443221799391,LIMCH1,0.47200059343645984,GO_CC
GOCC_PLATELET_ALPHA_GRANULE (GO_CC),1,74,2.243272163771612,0.3640443221799391,TMSB4X,0.47200059343645984,GO_CC
GOCC_PRESYNAPTIC_ACTIVE_ZONE (GO_CC),1,74,2.243272163771612,0.3640443221799391,UNC13B,0.47200059343645984,GO_CC
GOMF_AMYLOID_BETA_BINDING (GO_MF),1,74,2.243272163771612,0.3640443221799391,EPHA4,0.47200059343645984,GO_MF
REACTOME_G_ALPHA_12_13_SIGNALLING_EVENTS (Reactome),1,74,2.243272163771612,0.3640443221799391,ADRA1A,0.47200059343645984,Reactome
GOBP_ORGANIC_HYDROXY_COMPOUND_BIOSYNTHETIC_PROCESS (GO_BP),2,209,1.5840069441586113,0.36415424766408677,PLCG2;ZEB2,0.47200059343645984,GO_BP
GOBP_PROTEIN_PROCESSING (GO_BP),2,209,1.5840069441586113,0.36415424766408677,PCSK1N;ADAMTS3,0.47200059343645984,GO_BP
GOBP_PHOSPHOLIPID_METABOLIC_PROCESS (GO_BP),3,354,1.4022988051754002,0.3657855350570811,PLCG2;DGKG;DGKB,0.47389008360573465,GO_BP
GOBP_INTERLEUKIN_1_PRODUCTION (GO_BP),1,75,2.212847751858519,0.36792773176263605,FOXP1,0.47553745170078515,GO_BP
GOBP_MESENCHYMAL_CELL_DEVELOPMENT (GO_BP),1,75,2.212847751858519,0.36792773176263605,ERBB4,0.47553745170078515,GO_BP
GOBP_RESPONSE_TO_CAMP (GO_BP),1,75,2.212847751858519,0.36792773176263605,PENK,0.47553745170078515,GO_BP
GOMF_PHOSPHATIDYLINOSITOL_4_5_BISPHOSPHATE_BINDING (GO_MF),1,75,2.212847751858519,0.36792773176263605,SYT1,0.47553745170078515,GO_MF
REACTOME_TRANSCRIPTIONAL_REGULATION_OF_WHITE_ADIPOCYTE_DIFFERENTIATION (Reactome),1,75,2.212847751858519,0.36792773176263605,EBF1,0.47553745170078515,Reactome
GOBP_CONNECTIVE_TISSUE_DEVELOPMENT (GO_BP),2,212,1.5611984132376369,0.3707014724587532,RXFP1;TRPS1,0.47669101284515175,GO_BP
GOBP_PROTEIN_AUTOPHOSPHORYLATION (GO_BP),2,212,1.5611984132376369,0.3707014724587532,EPHA4;ERBB4,0.47669101284515175,GO_BP
GOMF_DNA_BINDING_TRANSCRIPTION_ACTIVATOR_ACTIVITY (GO_MF),3,357,1.3902590369126016,0.3707483113454739,PBX3;BCL11B;TCF4,0.47669101284515175,GO_MF
GOBP_AXO_DENDRITIC_TRANSPORT (GO_BP),1,76,2.183430183302268,0.37178757135121687,CALY,0.47669101284515175,GO_BP
GOBP_BONE_MORPHOGENESIS (GO_BP),1,76,2.183430183302268,0.37178757135121687,DHRS3,0.47669101284515175,GO_BP
GOBP_COLLAGEN_METABOLIC_PROCESS (GO_BP),1,76,2.183430183302268,0.37178757135121687,ADAMTS3,0.47669101284515175,GO_BP
GOBP_GLUTAMINE_FAMILY_AMINO_ACID_METABOLIC_PROCESS (GO_BP),1,76,2.183430183302268,0.37178757135121687,NOS1,0.47669101284515175,GO_BP
GOBP_NEGATIVE_REGULATION_OF_HEMOPOIESIS (GO_BP),1,76,2.183430183302268,0.37178757135121687,INHBA,0.47669101284515175,GO_BP
GOBP_NEGATIVE_REGULATION_OF_NF_KAPPAB_TRANSCRIPTION_FACTOR_ACTIVITY (GO_BP),1,76,2.183430183302268,0.37178757135121687,TMSB4X,0.47669101284515175,GO_BP
GOBP_POSITIVE_REGULATION_OF_TUMOR_NECROSIS_FACTOR_SUPERFAMILY_CYTOKINE_PRODUCTION (GO_BP),1,76,2.183430183302268,0.37178757135121687,PLCG2,0.47669101284515175,GO_BP
GOBP_REGULATION_OF_LIPASE_ACTIVITY (GO_BP),1,76,2.183430183302268,0.37178757135121687,ADRA1A,0.47669101284515175,GO_BP
GOBP_REGULATION_OF_NEURAL_PRECURSOR_CELL_PROLIFERATION (GO_BP),1,76,2.183430183302268,0.37178757135121687,TOX,0.47669101284515175,GO_BP
GOBP_REGULATION_OF_TRANSLATIONAL_INITIATION (GO_BP),1,76,2.183430183302268,0.37178757135121687,RPL13A,0.47669101284515175,GO_BP
GOBP_SKIN_EPIDERMIS_DEVELOPMENT (GO_BP),1,76,2.183430183302268,0.37178757135121687,INHBA,0.47669101284515175,GO_BP
GOBP_T_CELL_ACTIVATION_INVOLVED_IN_IMMUNE_RESPONSE (GO_BP),1,76,2.183430183302268,0.37178757135121687,FOXP1,0.47669101284515175,GO_BP
KEGG_OLFACTORY_TRANSDUCTION (KEGG),1,76,2.183430183302268,0.37178757135121687,PRKG1,0.47669101284515175,KEGG
KEGG_TGF_BETA_SIGNALING_PATHWAY (KEGG),1,76,2.183430183302268,0.37178757135121687,INHBA,0.47669101284515175,KEGG
GOBP_NEGATIVE_REGULATION_OF_CYTOKINE_PRODUCTION (GO_BP),2,213,1.5537396399070817,0.3728780460425779,TMSB4X;INHBA,0.47786482578239337,GO_BP
GOBP_OSTEOCLAST_DIFFERENTIATION (GO_BP),1,77,2.154552377826475,0.37562398312922474,FOXP1,0.47991035232834933,GO_BP
GOBP_PIGMENT_METABOLIC_PROCESS (GO_BP),1,77,2.154552377826475,0.37562398312922474,ZEB2,0.47991035232834933,GO_BP
GOBP_POSITIVE_REGULATION_OF_MYELOID_CELL_DIFFERENTIATION (GO_BP),1,77,2.154552377826475,0.37562398312922474,INHBA,0.47991035232834933,GO_BP
GOCC_CAVEOLA (GO_CC),1,77,2.154552377826475,0.37562398312922474,ADRA1A,0.47991035232834933,GO_CC
GOMF_ALCOHOL_BINDING (GO_MF),1,77,2.154552377826475,0.37562398312922474,TRPC7,0.47991035232834933,GO_MF
REACTOME_RHO_GTPASES_ACTIVATE_PKNS (Reactome),1,77,2.154552377826475,0.37562398312922474,H4C3,0.47991035232834933,Reactome
GOBP_MICROTUBULE_BASED_MOVEMENT (GO_BP),3,360,1.3784216630407882,0.37570425971366195,DNAH14;CALY;TACR1,0.47991035232834933,GO_BP
GOBP_CELL_ACTIVATION_INVOLVED_IN_IMMUNE_RESPONSE (GO_BP),2,215,1.5390321391791009,0.37722217096267296,PLCG2;FOXP1,0.481301785005205,GO_BP
GOBP_POTASSIUM_ION_TRANSPORT (GO_BP),2,215,1.5390321391791009,0.37722217096267296,NOS1;NETO1,0.481301785005205,GO_BP
GOCC_EARLY_ENDOSOME (GO_CC),3,361,1.3745199653225642,0.37735460414900734,SYNDIG1;RASGEF1B;EPHA4,0.481301785005205,GO_CC
GOBP_REGULATION_OF_CELL_CYCLE_PHASE_TRANSITION (GO_BP),3,362,1.3706400061326203,0.3790040867870471,PLCG2;RPL26;INHBA,0.481301785005205,GO_BP
GOMF_TUBULIN_BINDING (GO_MF),3,362,1.3706400061326203,0.3790040867870471,STMN1;EML5;UNC5C,0.481301785005205,GO_MF
GOBP_PROTEIN_DNA_COMPLEX_SUBUNIT_ORGANIZATION (GO_BP),2,216,1.5317814583455833,0.3793896344935077,H4C3;TCF4,0.481301785005205,GO_BP
GOMF_GUANYL_NUCLEOTIDE_EXCHANGE_FACTOR_ACTIVITY (GO_MF),2,216,1.5317814583455833,0.3793896344935077,EEF1B2;RASGEF1B,0.481301785005205,GO_MF
GOBP_ARTERY_DEVELOPMENT (GO_BP),1,78,2.126458678219165,0.3794371084277577,ROBO2,0.481301785005205,GO_BP
GOBP_HOMOTYPIC_CELL_CELL_ADHESION (GO_BP),1,78,2.126458678219165,0.3794371084277577,PRKG1,0.481301785005205,GO_BP
GOBP_TERPENOID_METABOLIC_PROCESS (GO_BP),1,78,2.126458678219165,0.3794371084277577,DHRS3,0.481301785005205,GO_BP
GOBP_TYPE_I_INTERFERON_PRODUCTION (GO_BP),1,78,2.126458678219165,0.3794371084277577,PLCG2,0.481301785005205,GO_BP
GOCC_GOLGI_ASSOCIATED_VESICLE (GO_CC),1,78,2.126458678219165,0.3794371084277577,NRGN,0.481301785005205,GO_CC
GOMF_SINGLE_STRANDED_RNA_BINDING (GO_MF),1,78,2.126458678219165,0.3794371084277577,ADARB2,0.481301785005205,GO_MF
REACTOME_B_WICH_COMPLEX_POSITIVELY_REGULATES_RRNA_EXPRESSION (Reactome),1,78,2.126458678219165,0.3794371084277577,H4C3,0.481301785005205,Reactome
REACTOME_RNA_POLYMERASE_I_PROMOTER_ESCAPE (Reactome),1,78,2.126458678219165,0.3794371084277577,H4C3,0.481301785005205,Reactome
GOBP_CELLULAR_RESPONSE_TO_ALCOHOL (GO_BP),1,79,2.099104398035394,0.38322708773054903,INHBA,0.4845338780519118,GO_BP
GOBP_FOCAL_ADHESION_ASSEMBLY (GO_BP),1,79,2.099104398035394,0.38322708773054903,LIMCH1,0.4845338780519118,GO_BP
GOBP_KERATINOCYTE_DIFFERENTIATION (GO_BP),1,79,2.099104398035394,0.38322708773054903,BCL11B,0.4845338780519118,GO_BP
GOBP_NEGATIVE_REGULATION_OF_IMMUNE_EFFECTOR_PROCESS (GO_BP),1,79,2.099104398035394,0.38322708773054903,RPS19,0.4845338780519118,GO_BP
GOBP_POSITIVE_REGULATION_OF_PEPTIDYL_SERINE_PHOSPHORYLATION (GO_BP),1,79,2.099104398035394,0.38322708773054903,NOS1,0.4845338780519118,GO_BP
REACTOME_BASE_EXCISION_REPAIR (Reactome),1,79,2.099104398035394,0.38322708773054903,H4C3,0.4845338780519118,Reactome
REACTOME_CELL_JUNCTION_ORGANIZATION (Reactome),1,79,2.099104398035394,0.38322708773054903,CDH8,0.4845338780519118,Reactome
GOBP_REGULATION_OF_DNA_BINDING_TRANSCRIPTION_FACTOR_ACTIVITY (GO_BP),3,366,1.3553521439215386,0.38559289609555514,PLCG2;TMSB4X;PRKCB,0.4872994906233045,GO_BP
GOBP_NEGATIVE_REGULATION_OF_AUTOPHAGY (GO_BP),1,80,2.0724522448224403,0.38699406067901376,ADRA1A,0.48771609585343173,GO_BP
GOBP_NEURAL_CREST_CELL_DIFFERENTIATION (GO_BP),1,80,2.0724522448224403,0.38699406067901376,ERBB4,0.48771609585343173,GO_BP
GOBP_REGULATION_OF_ATP_METABOLIC_PROCESS (GO_BP),1,80,2.0724522448224403,0.38699406067901376,TMSB4X,0.48771609585343173,GO_BP
REACTOME_FCGAMMA_RECEPTOR_FCGR_DEPENDENT_PHAGOCYTOSIS (Reactome),1,80,2.0724522448224403,0.38699406067901376,PLCG2,0.48771609585343173,Reactome
REACTOME_RUNX1_REGULATES_GENES_INVOLVED_IN_MEGAKARYOCYTE_DIFFERENTIATION_AND_PLATELET_FUNCTION (Reactome),1,80,2.0724522448224403,0.38699406067901376,H4C3,0.48771609585343173,Reactome
REACTOME_VISUAL_PHOTOTRANSDUCTION (Reactome),1,80,2.0724522448224403,0.38699406067901376,DHRS3,0.48771609585343173,Reactome
GOBP_CELL_CHEMOTAXIS (GO_BP),2,220,1.5034439133416688,0.38802783432931764,RPS19;TMSB4X,0.48856801085909013,GO_BP
GOBP_SODIUM_ION_TRANSPORT (GO_BP),2,220,1.5034439133416688,0.38802783432931764,NOS1;NETO1,0.48856801085909013,GO_BP
GOBP_CELLULAR_RESPONSE_TO_INTERFERON_GAMMA (GO_BP),1,81,2.046470448862833,0.39073816607727263,RPL13A,0.4906234168078306,GO_BP
GOBP_EMBRYONIC_SKELETAL_SYSTEM_DEVELOPMENT (GO_BP),1,81,2.046470448862833,0.39073816607727263,KIAA1217,0.4906234168078306,GO_BP
GOBP_PROTEIN_TETRAMERIZATION (GO_BP),1,81,2.046470448862833,0.39073816607727263,TRPM3,0.4906234168078306,GO_BP
GOBP_REGULATION_OF_EPITHELIAL_TO_MESENCHYMAL_TRANSITION (GO_BP),1,81,2.046470448862833,0.39073816607727263,EPHA4,0.4906234168078306,GO_BP
GOMF_MODIFIED_AMINO_ACID_BINDING (GO_MF),1,81,2.046470448862833,0.39073816607727263,SYT1,0.4906234168078306,GO_MF
REACTOME_HDACS_DEACETYLATE_HISTONES (Reactome),1,81,2.046470448862833,0.39073816607727263,H4C3,0.4906234168078306,Reactome
GOBP_NEGATIVE_REGULATION_OF_CELL_CYCLE_PHASE_TRANSITION (GO_BP),2,222,1.4896663514554198,0.3923273644457205,RPL26;INHBA,0.4923924780796244,GO_BP
GOBP_T_CELL_ACTIVATION (GO_BP),3,371,1.3366846037025684,0.3938065349431672,FOXP1;TOX;BCL11B,0.4932707403732068,GO_BP
GOBP_CELLULAR_RESPONSE_TO_UV (GO_BP),1,82,2.021094484371002,0.39445954189713595,RPL26,0.4932707403732068,GO_BP
GOBP_DNA_METHYLATION_OR_DEMETHYLATION (GO_BP),1,82,2.021094484371002,0.39445954189713595,TOX,0.4932707403732068,GO_BP
GOBP_MICROTUBULE_POLYMERIZATION (GO_BP),1,82,2.021094484371002,0.39445954189713595,STMN1,0.4932707403732068,GO_BP
GOBP_NUCLEOSIDE_PHOSPHATE_CATABOLIC_PROCESS (GO_BP),1,82,2.021094484371002,0.39445954189713595,PDE7B,0.4932707403732068,GO_BP
GOBP_POSITIVE_REGULATION_OF_DNA_BINDING_TRANSCRIPTION_FACTOR_ACTIVITY (GO_BP),2,223,1.4828704711126373,0.3944720970249299,PLCG2;PRKCB,0.4932707403732068,GO_BP
GOBP_RECEPTOR_MEDIATED_ENDOCYTOSIS (GO_BP),2,223,1.4828704711126373,0.3944720970249299,PLCG2;CALY,0.4932707403732068,GO_BP
GOBP_STRIATED_MUSCLE_CELL_DIFFERENTIATION (GO_BP),2,223,1.4828704711126373,0.3944720970249299,ADRA1A;NOS1,0.4932707403732068,GO_BP
REACTOME_NEDDYLATION (Reactome),2,224,1.4761358747109308,0.3966134228758804,RPS27A;UBA52,0.49572139948468164,Reactome
GOBP_REGULATION_OF_PROTEIN_CATABOLIC_PROCESS (GO_BP),3,373,1.329358855191621,0.39708441079957846,EEF1A1;EPHA4;SH3D19,0.4960830402075246,GO_BP
GOBP_MITOTIC_DNA_INTEGRITY_CHECKPOINT_SIGNALING (GO_BP),1,83,1.996295702968635,0.39815832528306705,RPL26,0.4962895419206098,GO_BP
GOBP_MUSCLE_ADAPTATION (GO_BP),1,83,1.996295702968635,0.39815832528306705,ADRA1A,0.4962895419206098,GO_BP
GOBP_REGULATION_OF_NIK_NF_KAPPAB_SIGNALING (GO_BP),1,83,1.996295702968635,0.39815832528306705,TMSB4X,0.4962895419206098,GO_BP
GOMF_FLAVIN_ADENINE_DINUCLEOTIDE_BINDING (GO_MF),1,83,1.996295702968635,0.39815832528306705,NOS1,0.4962895419206098,GO_MF
KEGG_SMALL_CELL_LUNG_CANCER (KEGG),1,83,1.996295702968635,0.39815832528306705,RXRG,0.4962895419206098,KEGG
REACTOME_HIV_INFECTION (Reactome),2,225,1.4694617351283026,0.3987513039298588,RPS27A;UBA52,0.49680192109144355,Reactome
GOBP_NEURON_PROJECTION_ORGANIZATION (GO_BP),1,84,1.9722853415760042,0.4018346525571127,EPHA4,0.5001870720754215,GO_BP
GOMF_STRUCTURAL_CONSTITUENT_OF_CYTOSKELETON (GO_MF),1,84,1.9722853415760042,0.4018346525571127,TUBB2B,0.5001870720754215,GO_MF
REACTOME_SIGNALING_BY_INTERLEUKINS (Reactome),3,377,1.3149424108343144,0.4036261366656504,RPS27A;UBA52;IL1RAPL1,0.5021881454368524,Reactome
GOBP_EPITHELIAL_CELL_APOPTOTIC_PROCESS (GO_BP),1,85,1.948735639082752,0.4054886592238034,RYR2,0.5031301809814662,GO_BP
GOCC_POTASSIUM_CHANNEL_COMPLEX (GO_CC),1,85,1.948735639082752,0.4054886592238034,GRIK4,0.5031301809814662,GO_CC
GOMF_PHOSPHOPROTEIN_BINDING (GO_MF),1,85,1.948735639082752,0.4054886592238034,PLCG2,0.5031301809814662,GO_MF
GOMF_STEROID_BINDING (GO_MF),1,85,1.948735639082752,0.4054886592238034,CALB1,0.5031301809814662,GO_MF
KEGG_SYSTEMIC_LUPUS_ERYTHEMATOSUS (KEGG),1,85,1.948735639082752,0.4054886592238034,H4C3,0.5031301809814662,KEGG
REACTOME_G2_M_DNA_DAMAGE_CHECKPOINT (Reactome),1,85,1.948735639082752,0.4054886592238034,H4C3,0.5031301809814662,Reactome
GOBP_ALPHA_AMINO_ACID_CATABOLIC_PROCESS (GO_BP),1,86,1.9257421298949773,0.409120479975025,NOS1,0.5067156602321058,GO_BP
GOBP_LEUKOCYTE_APOPTOTIC_PROCESS (GO_BP),1,86,1.9257421298949773,0.409120479975025,FOXP1,0.5067156602321058,GO_BP
GOBP_MOLTING_CYCLE (GO_BP),1,86,1.9257421298949773,0.409120479975025,INHBA,0.5067156602321058,GO_BP
GOBP_NEPHRON_EPITHELIUM_DEVELOPMENT (GO_BP),1,86,1.9257421298949773,0.409120479975025,CALB1,0.5067156602321058,GO_BP
GOBP_EPIDERMIS_DEVELOPMENT (GO_BP),2,230,1.43696994668887,0.40938774537761724,INHBA;BCL11B,0.506816832559507,GO_BP
GOBP_ORGANIC_HYDROXY_COMPOUND_TRANSPORT (GO_BP),2,231,1.430641976292096,0.41150419049667886,SYT1;NOS1,0.5081904008952547,GO_BP
GOBP_CARDIAC_MUSCLE_CELL_DIFFERENTIATION (GO_BP),1,87,1.9032866710417067,0.4127302486948645,ADRA1A,0.5081904008952547,GO_BP
GOBP_NEGATIVE_REGULATION_OF_MRNA_METABOLIC_PROCESS (GO_BP),1,87,1.9032866710417067,0.4127302486948645,TENT5A,0.5081904008952547,GO_BP
GOBP_OOGENESIS (GO_BP),1,87,1.9032866710417067,0.4127302486948645,GPR149,0.5081904008952547,GO_BP
GOBP_REGULATION_OF_MICROTUBULE_POLYMERIZATION_OR_DEPOLYMERIZATION (GO_BP),1,87,1.9032866710417067,0.4127302486948645,STMN1,0.5081904008952547,GO_BP
GOBP_REGULATION_OF_NOTCH_SIGNALING_PATHWAY (GO_BP),1,87,1.9032866710417067,0.4127302486948645,ROBO2,0.5081904008952547,GO_BP
GOCC_ATPASE_COMPLEX (GO_CC),1,87,1.9032866710417067,0.4127302486948645,BCL11B,0.5081904008952547,GO_CC
GOCC_LIPID_DROPLET (GO_CC),1,87,1.9032866710417067,0.4127302486948645,DHRS3,0.5081904008952547,GO_CC
GOCC_NEURON_PROJECTION_CYTOPLASM (GO_CC),1,87,1.9032866710417067,0.4127302486948645,CALY,0.5081904008952547,GO_CC
GOMF_MRNA_3_UTR_BINDING (GO_MF),1,87,1.9032866710417067,0.4127302486948645,RPL41,0.5081904008952547,GO_MF
HALLMARK_INTERFERON_ALPHA_RESPONSE (Hallmark),1,87,1.9032866710417067,0.4127302486948645,TENT5A,0.5081904008952547,Hallmark
KEGG_GNRH_SIGNALING_PATHWAY (KEGG),1,87,1.9032866710417067,0.4127302486948645,PRKCB,0.5081904008952547,KEGG
GOBP_REGULATION_OF_PROTEIN_MODIFICATION_BY_SMALL_PROTEIN_CONJUGATION_OR_REMOVAL (GO_BP),2,232,1.4243690657581847,0.4136169403666655,RPS15;RPS2,0.5090526652281945,GO_BP
GOBP_AMINE_TRANSPORT (GO_BP),1,88,1.8813519391167424,0.41631809846442336,SYT1,0.5112251469902609,GO_BP
GOBP_DENDRITIC_SPINE_DEVELOPMENT (GO_BP),1,88,1.8813519391167424,0.41631809846442336,EPHA4,0.5112251469902609,GO_BP
GOBP_TUMOR_NECROSIS_FACTOR_MEDIATED_SIGNALING_PATHWAY (GO_BP),1,88,1.8813519391167424,0.41631809846442336,TMSB4X,0.5112251469902609,GO_BP
GOMF_NEUROTRANSMITTER_RECEPTOR_ACTIVITY (GO_MF),1,88,1.8813519391167424,0.41631809846442336,GRIK4,0.5112251469902609,GO_MF
REACTOME_DISEASES_OF_PROGRAMMED_CELL_DEATH (Reactome),1,88,1.8813519391167424,0.41631809846442336,H4C3,0.5112251469902609,Reactome
GOBP_CARDIAC_CONDUCTION (GO_BP),1,89,1.859921282847276,0.419884161566604,RYR2,0.5140457931202178,GO_BP
GOBP_MEIOTIC_CHROMOSOME_SEGREGATION (GO_BP),1,89,1.859921282847276,0.419884161566604,CORT,0.5140457931202178,GO_BP
GOBP_POSITIVE_REGULATION_OF_LYMPHOCYTE_DIFFERENTIATION (GO_BP),1,89,1.859921282847276,0.419884161566604,TOX,0.5140457931202178,GO_BP
GOBP_PRIMARY_ALCOHOL_METABOLIC_PROCESS (GO_BP),1,89,1.859921282847276,0.419884161566604,DHRS3,0.5140457931202178,GO_BP
GOBP_RESPONSE_TO_RETINOIC_ACID (GO_BP),1,89,1.859921282847276,0.419884161566604,RXRG,0.5140457931202178,GO_BP
REACTOME_EPH_EPHRIN_SIGNALING (Reactome),1,89,1.859921282847276,0.419884161566604,EPHA4,0.5140457931202178,Reactome
GOBP_HORMONE_TRANSPORT (GO_BP),2,235,1.4058735727755403,0.4199326856284167,INHBA;TACR1,0.5140457931202178,GO_BP
GOBP_NEGATIVE_REGULATION_OF_PROTEIN_MODIFICATION_BY_SMALL_PROTEIN_CONJUGATION_OR_REMOVAL (GO_BP),1,90,1.8389786233143453,0.4234285694908675,RPS15,0.5173975048230689,GO_BP
GOBP_POSITIVE_REGULATION_OF_PRODUCTION_OF_MOLECULAR_MEDIATOR_OF_IMMUNE_RESPONSE (GO_BP),1,90,1.8389786233143453,0.4234285694908675,PLCG2,0.5173975048230689,GO_BP
GOMF_IMMUNE_RECEPTOR_ACTIVITY (GO_MF),1,90,1.8389786233143453,0.4234285694908675,IL1RAPL2,0.5173975048230689,GO_MF
KEGG_MELANOGENESIS (KEGG),1,90,1.8389786233143453,0.4234285694908675,PRKCB,0.5173975048230689,KEGG
GOCC_BASAL_PART_OF_CELL (GO_CC),2,237,1.3938057016532535,0.42412410534900014,ERBB4;MAP7,0.5180156224097135,GO_CC
GOBP_NEGATIVE_REGULATION_OF_RESPONSE_TO_BIOTIC_STIMULUS (GO_BP),1,91,1.8185083884318631,0.4269514529379632,RPS19,0.5207701732798471,GO_BP
GOCC_TRANS_GOLGI_NETWORK_MEMBRANE (GO_CC),1,91,1.8185083884318631,0.4269514529379632,CALN1,0.5207701732798471,GO_CC
REACTOME_PI3K_AKT_SIGNALING_IN_CANCER (Reactome),1,91,1.8185083884318631,0.4269514529379632,ERBB4,0.5207701732798471,Reactome
GOBP_CHROMOSOME_SEPARATION (GO_BP),1,92,1.798298069832196,0.43045294182463134,CORT,0.5231717775358559,GO_BP
GOBP_DIGESTION (GO_BP),1,92,1.798298069832196,0.43045294182463134,TACR1,0.5231717775358559,GO_BP
GOBP_MORPHOGENESIS_OF_A_POLARIZED_EPITHELIUM (GO_BP),1,92,1.798298069832196,0.43045294182463134,ERBB4,0.5231717775358559,GO_BP
GOBP_REGULATION_OF_PHOSPHATIDYLINOSITOL_3_KINASE_SIGNALING (GO_BP),1,92,1.798298069832196,0.43045294182463134,ERBB4,0.5231717775358559,GO_BP
GOMF_PHOSPHOLIPASE_ACTIVITY (GO_MF),1,92,1.798298069832196,0.43045294182463134,PLCG2,0.5231717775358559,GO_MF
REACTOME_ADORA2B_MEDIATED_ANTI_INFLAMMATORY_CYTOKINES_PRODUCTION (Reactome),1,92,1.798298069832196,0.43045294182463134,RXFP1,0.5231717775358559,Reactome
REACTOME_MITOCHONDRIAL_BIOGENESIS (Reactome),1,92,1.798298069832196,0.43045294182463134,ATP5F1E,0.5231717775358559,Reactome
REACTOME_PROTEIN_FOLDING (Reactome),1,92,1.798298069832196,0.43045294182463134,TUBB2B,0.5231717775358559,Reactome
GOBP_NEGATIVE_REGULATION_OF_CELLULAR_MACROMOLECULE_BIOSYNTHETIC_PROCESS (GO_BP),2,241,1.3702980637820656,0.43246004220579726,RPL13A;DACH1,0.5253773911316869,GO_BP
GOBP_EAR_MORPHOGENESIS (GO_BP),1,93,1.7787320778332334,0.4339331652882761,RPL38,0.5259971035962192,GO_BP
GOBP_INTRINSIC_APOPTOTIC_SIGNALING_PATHWAY_IN_RESPONSE_TO_DNA_DAMAGE (GO_BP),1,93,1.7787320778332334,0.4339331652882761,RPL26,0.5259971035962192,GO_BP
GOBP_PROTEIN_LOCALIZATION_TO_CELL_JUNCTION (GO_BP),1,93,1.7787320778332334,0.4339331652882761,LGI1,0.5259971035962192,GO_BP
REACTOME_POSITIVE_EPIGENETIC_REGULATION_OF_RRNA_EXPRESSION (Reactome),1,93,1.7787320778332334,0.4339331652882761,H4C3,0.5259971035962192,Reactome
REACTOME_RECRUITMENT_OF_NUMA_TO_MITOTIC_CENTROSOMES (Reactome),1,93,1.7787320778332334,0.4339331652882761,TUBB2B,0.5259971035962192,Reactome
GOCC_RIBONUCLEOPROTEIN_GRANULE (GO_CC),2,242,1.3645372745954818,0.4345340814402783,RPS4X;RPL28,0.5264918262703637,GO_CC
GOBP_CELL_SUBSTRATE_JUNCTION_ORGANIZATION (GO_BP),1,94,1.7595630704519856,0.43739225169161156,LIMCH1,0.5287818678042459,GO_BP
GOBP_NUCLEOSOME_ASSEMBLY (GO_BP),1,94,1.7595630704519856,0.43739225169161156,H4C3,0.5287818678042459,GO_BP
GOBP_SPERM_MOTILITY (GO_BP),1,94,1.7595630704519856,0.43739225169161156,TACR1,0.5287818678042459,GO_BP
GOMF_CHROMATIN_DNA_BINDING (GO_MF),1,94,1.7595630704519856,0.43739225169161156,TOX,0.5287818678042459,GO_MF
REACTOME_TRANSCRIPTIONAL_REGULATION_BY_SMALL_RNAS (Reactome),1,94,1.7595630704519856,0.43739225169161156,H4C3,0.5287818678042459,Reactome
GOBP_I_KAPPAB_KINASE_NF_KAPPAB_SIGNALING (GO_BP),2,244,1.3531585228358634,0.43867002547987033,PLCG2;PRKCB,0.5300919644183744,GO_BP
GOCC_TRANS_GOLGI_NETWORK (GO_CC),2,245,1.3475393851837674,0.44073187497339883,PCSK1N;CALN1,0.5315265463492744,GO_CC
GOBP_APOPTOTIC_MITOCHONDRIAL_CHANGES (GO_BP),1,95,1.7407792286874444,0.4408303286272818,ERBB4,0.5315265463492744,GO_BP
GOBP_CHONDROCYTE_DIFFERENTIATION (GO_BP),1,95,1.7407792286874444,0.4408303286272818,TRPS1,0.5315265463492744,GO_BP
GOBP_EMBRYONIC_APPENDAGE_MORPHOGENESIS (GO_BP),1,95,1.7407792286874444,0.4408303286272818,FBN2,0.5315265463492744,GO_BP
GOBP_TRANSITION_METAL_ION_TRANSPORT (GO_BP),1,95,1.7407792286874444,0.4408303286272818,TRPC7,0.5315265463492744,GO_BP
GOBP_ISOPRENOID_METABOLIC_PROCESS (GO_BP),1,96,1.722390554350306,0.4442475229224495,DHRS3,0.5342316094677276,GO_BP
GOBP_POSITIVE_REGULATION_OF_HISTONE_MODIFICATION (GO_BP),1,96,1.722390554350306,0.4442475229224495,NOS1,0.5342316094677276,GO_BP
REACTOME_ACTIVATION_OF_ANTERIOR_HOX_GENES_IN_HINDBRAIN_DEVELOPMENT_DURING_EARLY_EMBRYOGENESIS (Reactome),1,96,1.722390554350306,0.4442475229224495,H4C3,0.5342316094677276,Reactome
REACTOME_COPI_DEPENDENT_GOLGI_TO_ER_RETROGRADE_TRAFFIC (Reactome),1,96,1.722390554350306,0.4442475229224495,TUBB2B,0.5342316094677276,Reactome
REACTOME_NEGATIVE_EPIGENETIC_REGULATION_OF_RRNA_EXPRESSION (Reactome),1,96,1.722390554350306,0.4442475229224495,H4C3,0.5342316094677276,Reactome
REACTOME_PRE_NOTCH_EXPRESSION_AND_PROCESSING (Reactome),1,96,1.722390554350306,0.4442475229224495,H4C3,0.5342316094677276,Reactome
GOBP_POSITIVE_REGULATION_OF_PLASMA_MEMBRANE_BOUNDED_CELL_PROJECTION_ASSEMBLY (GO_BP),1,97,1.7043846802005085,0.4476439606433632,TENM2,0.5376058296029134,GO_BP
GOBP_TOLL_LIKE_RECEPTOR_SIGNALING_PATHWAY (GO_BP),1,97,1.7043846802005085,0.4476439606433632,PLCG2,0.5376058296029134,GO_BP
REACTOME_COPI_MEDIATED_ANTEROGRADE_TRANSPORT (Reactome),1,97,1.7043846802005085,0.4476439606433632,TUBB2B,0.5376058296029134,Reactome
GOMF_PHOSPHATIDYLINOSITOL_BINDING (GO_MF),2,249,1.3255178239932168,0.4489378331413366,SYT1;NRGN,0.5389227350808748,GO_MF
GOBP_REGIONALIZATION (GO_BP),2,250,1.3201234300964912,0.4509788339407964,PBX3;ROBO2,0.5395247411081054,GO_BP
GOBP_FORMATION_OF_PRIMARY_GERM_LAYER (GO_BP),1,98,1.6867497555130417,0.4510197670998919,INHBA,0.5395247411081054,GO_BP
GOBP_GLAND_MORPHOGENESIS (GO_BP),1,98,1.6867497555130417,0.4510197670998919,CSMD1,0.5395247411081054,GO_BP
GOMF_PHOSPHATIDYLINOSITOL_BISPHOSPHATE_BINDING (GO_MF),1,98,1.6867497555130417,0.4510197670998919,SYT1,0.5395247411081054,GO_MF
HALLMARK_PI3K_AKT_MTOR_SIGNALING (Hallmark),1,98,1.6867497555130417,0.4510197670998919,PRKCB,0.5395247411081054,Hallmark
REACTOME_CELLULAR_RESPONSE_TO_HEAT_STRESS (Reactome),1,98,1.6867497555130417,0.4510197670998919,EEF1A1,0.5395247411081054,Reactome
REACTOME_NEGATIVE_REGULATION_OF_THE_PI3K_AKT_NETWORK (Reactome),1,98,1.6867497555130417,0.4510197670998919,ERBB4,0.5395247411081054,Reactome
REACTOME_RNA_POLYMERASE_I_TRANSCRIPTION (Reactome),1,98,1.6867497555130417,0.4510197670998919,H4C3,0.5395247411081054,Reactome
GOBP_CARBOHYDRATE_TRANSMEMBRANE_TRANSPORT (GO_BP),1,99,1.6694744202669307,0.4543750668500358,PRKCB,0.5418769902041257,GO_BP
GOBP_CYTOSKELETON_DEPENDENT_CYTOKINESIS (GO_BP),1,99,1.6694744202669307,0.4543750668500358,STMN1,0.5418769902041257,GO_BP
GOCC_PML_BODY (GO_CC),1,99,1.6694744202669307,0.4543750668500358,TENM2,0.5418769902041257,GO_CC
GOMF_KINASE_ACTIVATOR_ACTIVITY (GO_MF),1,99,1.6694744202669307,0.4543750668500358,RPLP1,0.5418769902041257,GO_MF
GOMF_PROTEIN_N_TERMINUS_BINDING (GO_MF),1,99,1.6694744202669307,0.4543750668500358,RPS21,0.5418769902041257,GO_MF
HALLMARK_BILE_ACID_METABOLISM (Hallmark),1,99,1.6694744202669307,0.4543750668500358,RXRG,0.5418769902041257,Hallmark
REACTOME_TELOMERE_MAINTENANCE (Reactome),1,99,1.6694744202669307,0.4543750668500358,H4C3,0.5418769902041257,Reactome
GOBP_ATP_METABOLIC_PROCESS (GO_BP),2,252,1.3094641097922761,0.4550480751927408,TMSB4X;ATP5F1E,0.5422060616716297,GO_BP
GOMF_TRANSCRIPTION_COACTIVATOR_ACTIVITY (GO_MF),2,252,1.3094641097922761,0.4550480751927408,PRKCB;MED12L,0.5422060616716297,GO_MF
GOBP_NEURAL_TUBE_FORMATION (GO_BP),1,100,1.652547780583628,0.4577099837044113,LMO4,0.5441906684792108,GO_BP
GOBP_REGULATION_OF_RECEPTOR_MEDIATED_ENDOCYTOSIS (GO_BP),1,100,1.652547780583628,0.4577099837044113,PLCG2,0.5441906684792108,GO_BP
GOBP_REGULATION_OF_WOUND_HEALING (GO_BP),1,100,1.652547780583628,0.4577099837044113,PRKG1,0.5441906684792108,GO_BP
GOBP_RESPONSE_TO_INTERFERON_GAMMA (GO_BP),1,100,1.652547780583628,0.4577099837044113,RPL13A,0.5441906684792108,GO_BP
REACTOME_O_LINKED_GLYCOSYLATION (Reactome),1,100,1.652547780583628,0.4577099837044113,ADAMTS3,0.5441906684792108,Reactome
GOBP_GLIOGENESIS (GO_BP),2,254,1.2989739888319347,0.4591001438463541,EPHA4;PENK,0.54560595859199,GO_BP
GOBP_DNA_MODIFICATION (GO_BP),1,101,1.635959385357091,0.4610246407307045,TOX,0.5468162603574246,GO_BP
GOBP_MITOCHONDRIAL_TRANSMEMBRANE_TRANSPORT (GO_BP),1,101,1.635959385357091,0.4610246407307045,ATP5F1E,0.5468162603574246,GO_BP
GOCC_DNA_PACKAGING_COMPLEX (GO_CC),1,101,1.635959385357091,0.4610246407307045,H4C3,0.5468162603574246,GO_CC
GOBP_NEGATIVE_REGULATION_OF_PROTEOLYSIS (GO_BP),2,255,1.2937911245298155,0.4611196805577257,PCSK1N;EPHA4,0.5468162603574246,GO_BP
GOBP_REGULATION_OF_IMMUNE_EFFECTOR_PROCESS (GO_BP),2,255,1.2937911245298155,0.4611196805577257,PLCG2;RPS19,0.5468162603574246,GO_BP
GOBP_CELLULAR_AMINO_ACID_CATABOLIC_PROCESS (GO_BP),1,102,1.6196992040304898,0.4643191602581056,NOS1,0.5491795697985649,GO_BP
GOBP_INSULIN_RECEPTOR_SIGNALING_PATHWAY (GO_BP),1,102,1.6196992040304898,0.4643191602581056,PRKCB,0.5491795697985649,GO_BP
GOBP_MYOTUBE_DIFFERENTIATION (GO_BP),1,102,1.6196992040304898,0.4643191602581056,NOS1,0.5491795697985649,GO_BP
GOBP_POSITIVE_REGULATION_OF_MAP_KINASE_ACTIVITY (GO_BP),1,102,1.6196992040304898,0.4643191602581056,EPHA4,0.5491795697985649,GO_BP
REACTOME_HCMV_LATE_EVENTS (Reactome),1,102,1.6196992040304898,0.4643191602581056,H4C3,0.5491795697985649,Reactome
REACTOME_SIGNALING_BY_VEGF (Reactome),1,102,1.6196992040304898,0.4643191602581056,PRKCB,0.5491795697985649,Reactome
REACTOME_CHROMATIN_MODIFYING_ENZYMES (Reactome),2,257,1.2835473498642251,0.46514564677826065,RPS2;H4C3,0.5499189443079783,Reactome
GOCC_COATED_VESICLE (GO_CC),2,258,1.2784854869613134,0.4671520327844053,SYT1;NRGN,0.5509052183179242,GO_CC
GOBP_BLOOD_VESSEL_ENDOTHELIAL_CELL_MIGRATION (GO_BP),1,103,1.6037576054822138,0.4675936638817093,TMSB4X,0.5509052183179242,GO_BP
GOBP_CELLULAR_HORMONE_METABOLIC_PROCESS (GO_BP),1,103,1.6037576054822138,0.4675936638817093,DHRS3,0.5509052183179242,GO_BP
GOBP_NEGATIVE_REGULATION_OF_TRANSMEMBRANE_TRANSPORT (GO_BP),1,103,1.6037576054822138,0.4675936638817093,PRKCB,0.5509052183179242,GO_BP
GOCC_PLASMA_MEMBRANE_RAFT (GO_CC),1,103,1.6037576054822138,0.4675936638817093,ADRA1A,0.5509052183179242,GO_CC
GOMF_CYTOSKELETAL_MOTOR_ACTIVITY (GO_MF),1,103,1.6037576054822138,0.4675936638817093,DNAH14,0.5509052183179242,GO_MF
GOMF_PHOSPHATASE_REGULATOR_ACTIVITY (GO_MF),1,103,1.6037576054822138,0.4675936638817093,ZEB2,0.5509052183179242,GO_MF
REACTOME_MEIOSIS (Reactome),1,103,1.6037576054822138,0.4675936638817093,H4C3,0.5509052183179242,Reactome
GOMF_CYTOKINE_BINDING (GO_MF),1,104,1.5881253379877487,0.47084827246689653,IL1RAPL1,0.5545004881876215,GO_MF
GOBP_NEGATIVE_REGULATION_OF_CELL_CYCLE_PROCESS (GO_BP),2,260,1.2684794839616313,0.47115150499282243,RPL26;INHBA,0.554618431092844,GO_BP
GOBP_ANATOMICAL_STRUCTURE_HOMEOSTASIS (GO_BP),2,261,1.2635344349624076,0.4731445502036892,PCDH15;CALB1,0.5563906157738329,GO_BP
GOBP_DIGESTIVE_SYSTEM_DEVELOPMENT (GO_BP),1,105,1.572793510225416,0.4740831061536833,NPY,0.5563906157738329,GO_BP
GOBP_POLYOL_METABOLIC_PROCESS (GO_BP),1,105,1.572793510225416,0.4740831061536833,PLCG2,0.5563906157738329,GO_BP
GOBP_POSITIVE_REGULATION_OF_PROTEIN_SECRETION (GO_BP),1,105,1.572793510225416,0.4740831061536833,UNC13B,0.5563906157738329,GO_BP
GOBP_REGULATION_OF_B_CELL_ACTIVATION (GO_BP),1,105,1.572793510225416,0.4740831061536833,INHBA,0.5563906157738329,GO_BP
GOBP_REGULATION_OF_DNA_BINDING (GO_BP),1,105,1.572793510225416,0.4740831061536833,TMSB4X,0.5563906157738329,GO_BP
HALLMARK_COAGULATION (Hallmark),1,105,1.572793510225416,0.4740831061536833,PRSS23,0.5563906157738329,Hallmark
GOMF_PROTEIN_SERINE_THREONINE_TYROSINE_KINASE_ACTIVITY (GO_MF),3,423,1.168890742739319,0.4770935270197373,EPHA4;PRKCB;ERBB4,0.5584839822579372,GO_MF
GOBP_BLASTOCYST_DEVELOPMENT (GO_BP),1,106,1.5577535732937273,0.47729828436104915,RPL13,0.5584839822579372,GO_BP
GOBP_CELLULAR_RESPONSE_TO_LIGHT_STIMULUS (GO_BP),1,106,1.5577535732937273,0.47729828436104915,RPL26,0.5584839822579372,GO_BP
GOBP_ORGANELLE_MEMBRANE_FUSION (GO_BP),1,106,1.5577535732937273,0.47729828436104915,SYT1,0.5584839822579372,GO_BP
GOBP_POSITIVE_REGULATION_OF_CELL_CYCLE_PHASE_TRANSITION (GO_BP),1,106,1.5577535732937273,0.47729828436104915,PLCG2,0.5584839822579372,GO_BP
GOBP_RNA_3_END_PROCESSING (GO_BP),1,106,1.5577535732937273,0.47729828436104915,RPS21,0.5584839822579372,GO_BP
GOMF_GROWTH_FACTOR_RECEPTOR_BINDING (GO_MF),1,106,1.5577535732937273,0.47729828436104915,ERBB4,0.5584839822579372,GO_MF
GOBP_CELLULAR_COMPONENT_DISASSEMBLY (GO_BP),3,424,1.166070176372361,0.4786471329855151,STMN1;EPHA4;PRKCB,0.5598224069308101,GO_BP
REACTOME_DEUBIQUITINATION (Reactome),2,264,1.2489257900030744,0.4790966848833238,RPS27A;UBA52,0.5601083246645365,Reactome
GOBP_HEMATOPOIETIC_PROGENITOR_CELL_DIFFERENTIATION (GO_BP),1,107,1.5429973037069182,0.4804939257912366,INHBA,0.5610213387498364,GO_BP
GOBP_NIK_NF_KAPPAB_SIGNALING (GO_BP),1,107,1.5429973037069182,0.4804939257912366,TMSB4X,0.5610213387498364,GO_BP
GOBP_REGULATION_OF_CELL_MATRIX_ADHESION (GO_BP),1,107,1.5429973037069182,0.4804939257912366,LIMCH1,0.5610213387498364,GO_BP
GOBP_AMINE_METABOLIC_PROCESS (GO_BP),1,108,1.5285167873335914,0.4836701484340282,NPY,0.5642474051146225,GO_BP
GOBP_POSITIVE_REGULATION_OF_CELL_SUBSTRATE_ADHESION (GO_BP),1,108,1.5285167873335914,0.4836701484340282,NPY,0.5642474051146225,GO_BP
GOBP_POSITIVE_REGULATION_OF_CELL_ACTIVATION (GO_BP),2,267,1.2346479240671613,0.48500792160806416,TOX;TACR1,0.5655664534208468,GO_BP
GOBP_NEGATIVE_REGULATION_OF_DNA_METABOLIC_PROCESS (GO_BP),1,109,1.5143044042416927,0.48682706957099364,DACH1,0.5662371068988006,GO_BP
GOBP_POSITIVE_REGULATION_OF_LEUKOCYTE_MEDIATED_IMMUNITY (GO_BP),1,109,1.5143044042416927,0.48682706957099364,PLCG2,0.5662371068988006,GO_BP
GOBP_POSITIVE_REGULATION_OF_LEUKOCYTE_MIGRATION (GO_BP),1,109,1.5143044042416927,0.48682706957099364,TACR1,0.5662371068988006,GO_BP
GOMF_LIPASE_ACTIVITY (GO_MF),1,109,1.5143044042416927,0.48682706957099364,PLCG2,0.5662371068988006,GO_MF
GOMF_POTASSIUM_CHANNEL_ACTIVITY (GO_MF),1,109,1.5143044042416927,0.48682706957099364,GRIK4,0.5662371068988006,GO_MF
REACTOME_MHC_CLASS_II_ANTIGEN_PRESENTATION (Reactome),1,109,1.5143044042416927,0.48682706957099364,TUBB2B,0.5662371068988006,Reactome
GOBP_T_CELL_RECEPTOR_SIGNALING_PATHWAY (GO_BP),1,110,1.5003544476904214,0.48996480577971613,PLCG2,0.5691594575008102,GO_BP
HALLMARK_UNFOLDED_PROTEIN_RESPONSE (Hallmark),1,110,1.5003544476904214,0.48996480577971613,RPS14,0.5691594575008102,Hallmark
REACTOME_MITOTIC_SPINDLE_CHECKPOINT (Reactome),1,110,1.5003544476904214,0.48996480577971613,RPS27,0.5691594575008102,Reactome
GOBP_IMMUNE_EFFECTOR_PROCESS (GO_BP),3,432,1.1439790265281684,0.49099851071277856,PLCG2;RPS19;FOXP1,0.5701177435189618,GO_BP
GOBP_NEGATIVE_REGULATION_OF_HYDROLASE_ACTIVITY (GO_BP),2,271,1.2161061862897669,0.4928251203151156,PCSK1N;NOS1,0.5710818340091843,GO_BP
GOCC_ENDOPLASMIC_RETICULUM_LUMEN (GO_CC),2,271,1.2161061862897669,0.4928251203151156,PENK;PRSS23,0.5710818340091843,GO_CC
GOBP_ENDOTHELIUM_DEVELOPMENT (GO_BP),1,111,1.4866600449406409,0.49308347293799215,FOXP1,0.5710818340091843,GO_BP
GOBP_INTERLEUKIN_6_PRODUCTION (GO_BP),1,111,1.4866600449406409,0.49308347293799215,PLCG2,0.5710818340091843,GO_BP
GOBP_REGULATION_OF_ANIMAL_ORGAN_MORPHOGENESIS (GO_BP),1,111,1.4866600449406409,0.49308347293799215,ROBO2,0.5710818340091843,GO_BP
GOMF_HYDROLASE_ACTIVITY_ACTING_ON_CARBON_NITROGEN_BUT_NOT_PEPTIDE_BONDS (GO_MF),1,111,1.4866600449406409,0.49308347293799215,ADARB2,0.5710818340091843,GO_MF
GOBP_DNA_REPLICATION (GO_BP),2,272,1.2115565976263407,0.494767799232134,CORT;DACH1,0.5727896819427545,GO_BP
GOBP_AXON_EXTENSION (GO_BP),1,112,1.4732126471451388,0.49618318622800595,DSCAM,0.573698679758122,GO_BP
GOBP_CARDIOCYTE_DIFFERENTIATION (GO_BP),1,112,1.4732126471451388,0.49618318622800595,ADRA1A,0.573698679758122,GO_BP
GOBP_REGULATION_OF_PEPTIDYL_SERINE_PHOSPHORYLATION (GO_BP),1,112,1.4732126471451388,0.49618318622800595,NOS1,0.573698679758122,GO_BP
GOBP_REGULATION_OF_FAT_CELL_DIFFERENTIATION (GO_BP),1,113,1.4600056164806676,0.49926406014047897,RUNX1T1,0.5770165671788609,GO_BP
GOBP_AMINOGLYCAN_METABOLIC_PROCESS (GO_BP),1,114,1.4470325476076438,0.50232620847879494,HS3ST5,0.5793297615521913,GO_BP
GOBP_NEGATIVE_REGULATION_OF_PROTEIN_CATABOLIC_PROCESS (GO_BP),1,114,1.4470325476076438,0.50232620847879494,EPHA4,0.5793297615521913,GO_BP
GOBP_POSITIVE_REGULATION_OF_LEUKOCYTE_PROLIFERATION (GO_BP),1,114,1.4470325476076438,0.50232620847879494,TACR1,0.5793297615521913,GO_BP
GOBP_PROTEIN_DEPOLYMERIZATION (GO_BP),1,114,1.4470325476076438,0.50232620847879494,STMN1,0.5793297615521913,GO_BP
GOMF_PROTON_TRANSMEMBRANE_TRANSPORTER_ACTIVITY (GO_MF),1,114,1.4470325476076438,0.50232620847879494,ATP5F1E,0.5793297615521913,GO_MF
GOBP_APPENDAGE_MORPHOGENESIS (GO_BP),1,115,1.4342872582544441,0.5053697443631027,FBN2,0.5821023921786729,GO_BP
GOBP_HEPATICOBILIARY_SYSTEM_DEVELOPMENT (GO_BP),1,115,1.4342872582544441,0.5053697443631027,RPS15,0.5821023921786729,GO_BP
GOBP_NEGATIVE_REGULATION_OF_TRANSMEMBRANE_RECEPTOR_PROTEIN_SERINE_THREONINE_KINASE_SIGNALING_PATHWAY (GO_BP),1,115,1.4342872582544441,0.5053697443631027,FBN2,0.5821023921786729,GO_BP
GOBP_PROTEIN_MATURATION (GO_BP),2,278,1.1849514247895039,0.5063250660047033,PCSK1N;ADAMTS3,0.5829568951344202,GO_BP
GOBP_REGULATION_OF_LIPID_METABOLIC_PROCESS (GO_BP),2,279,1.1806292888861845,0.5082346747622666,PLCG2;BCL11B,0.5838629709083768,GO_BP
GOBP_REGULATION_OF_MITOTIC_CELL_CYCLE_PHASE_TRANSITION (GO_BP),2,279,1.1806292888861845,0.5082346747622666,RPL26;INHBA,0.5838629709083768,GO_BP
GOBP_REGULATION_OF_DNA_BIOSYNTHETIC_PROCESS (GO_BP),1,116,1.4217637802275882,0.5083947802343903,DACH1,0.5838629709083768,GO_BP
GOCC_FICOLIN_1_RICH_GRANULE_LUMEN (GO_CC),1,116,1.4217637802275882,0.5083947802343903,EEF1A1,0.5838629709083768,GO_CC
GOMF_CYTOKINE_ACTIVITY (GO_MF),1,116,1.4217637802275882,0.5083947802343903,INHBA,0.5838629709083768,GO_MF
KEGG_TIGHT_JUNCTION (KEGG),1,116,1.4217637802275882,0.5083947802343903,PRKCB,0.5838629709083768,KEGG
GOBP_RECEPTOR_SIGNALING_PATHWAY_VIA_STAT (GO_BP),1,117,1.4094563508138316,0.5114014278585395,ERBB4,0.587069062413481,GO_BP
GOBP_BRANCHING_MORPHOGENESIS_OF_AN_EPITHELIAL_TUBE (GO_BP),1,118,1.3973594045462157,0.5143897983303527,CSMD1,0.5890140625745045,GO_BP
GOBP_NEGATIVE_REGULATION_OF_ION_TRANSPORT (GO_BP),1,118,1.3973594045462157,0.5143897983303527,NOS1,0.5890140625745045,GO_BP
GOBP_REGULATION_OF_REACTIVE_OXYGEN_SPECIES_METABOLIC_PROCESS (GO_BP),1,118,1.3973594045462157,0.5143897983303527,PLCG2,0.5890140625745045,GO_BP
GOBP_REGULATION_OF_T_CELL_DIFFERENTIATION (GO_BP),1,118,1.3973594045462157,0.5143897983303527,TOX,0.5890140625745045,GO_BP
GOMF_GROWTH_FACTOR_ACTIVITY (GO_MF),1,118,1.3973594045462157,0.5143897983303527,INHBA,0.5890140625745045,GO_MF
REACTOME_L1CAM_INTERACTIONS (Reactome),1,118,1.3973594045462157,0.5143897983303527,TUBB2B,0.5890140625745045,Reactome
GOBP_LEUKOCYTE_MIGRATION (GO_BP),2,283,1.1636483774702573,0.5158251834984022,RPS19;TACR1,0.590410132495447,GO_BP
GOBP_NEGATIVE_REGULATION_OF_LYMPHOCYTE_ACTIVATION (GO_BP),1,119,1.385467565311005,0.5173600020775582,INHBA,0.5911758015371595,GO_BP
GOBP_PEPTIDYL_THREONINE_MODIFICATION (GO_BP),1,119,1.385467565311005,0.5173600020775582,PRKCB,0.5911758015371595,GO_BP
GOMF_ELECTRON_TRANSFER_ACTIVITY (GO_MF),1,119,1.385467565311005,0.5173600020775582,DHRS3,0.5911758015371595,GO_MF
GOMF_OXIDOREDUCTASE_ACTIVITY_ACTING_ON_CH_OH_GROUP_OF_DONORS (GO_MF),1,119,1.385467565311005,0.5173600020775582,DHRS3,0.5911758015371595,GO_MF
GOBP_POSITIVE_REGULATION_OF_ORGANELLE_ORGANIZATION (GO_BP),3,451,1.094674474916035,0.5197485658911317,SYT1;LIMCH1;TACR1,0.5936567684854374,GO_BP
GOBP_ACTIVATION_OF_PROTEIN_KINASE_ACTIVITY (GO_BP),1,120,1.3737997649510714,0.5203121488647908,RPLP1,0.5938037937942933,GO_BP
GOBP_MICROTUBULE_POLYMERIZATION_OR_DEPOLYMERIZATION (GO_BP),1,120,1.3737997649510714,0.5203121488647908,STMN1,0.5938037937942933,GO_BP
GOBP_DNA_INTEGRITY_CHECKPOINT_SIGNALING (GO_BP),1,121,1.3623007542554522,0.5232463477975489,RPL26,0.5960121954655718,GO_BP
GOBP_OLEFINIC_COMPOUND_METABOLIC_PROCESS (GO_BP),1,121,1.3623007542554522,0.5232463477975489,DHRS3,0.5960121954655718,GO_BP
GOBP_SENSORY_PERCEPTION_OF_CHEMICAL_STIMULUS (GO_BP),1,121,1.3623007542554522,0.5232463477975489,NPY,0.5960121954655718,GO_BP
KEGG_NEUROTROPHIN_SIGNALING_PATHWAY (KEGG),1,121,1.3623007542554522,0.5232463477975489,PLCG2,0.5960121954655718,KEGG
REACTOME_ORGANELLE_BIOGENESIS_AND_MAINTENANCE (Reactome),2,287,1.1471441268755338,0.5233384272158335,TUBB2B;ATP5F1E,0.5960121954655718,Reactome
GOBP_CELL_CELL_JUNCTION_ASSEMBLY (GO_BP),1,122,1.3509918059655701,0.5261627073261277,CDH8,0.59798183674892,GO_BP
GOBP_REGULATION_OF_PRODUCTION_OF_MOLECULAR_MEDIATOR_OF_IMMUNE_RESPONSE (GO_BP),1,122,1.3509918059655701,0.5261627073261277,PLCG2,0.59798183674892,GO_BP
GOCC_ANCHORED_COMPONENT_OF_MEMBRANE (GO_CC),1,122,1.3509918059655701,0.5261627073261277,OPCML,0.59798183674892,GO_CC
KEGG_PARKINSONS_DISEASE (KEGG),1,122,1.3509918059655701,0.5261627073261277,ATP5F1E,0.59798183674892,KEGG
REACTOME_REPRODUCTION (Reactome),1,122,1.3509918059655701,0.5261627073261277,H4C3,0.59798183674892,Reactome
GOBP_REGULATION_OF_SMALL_MOLECULE_METABOLIC_PROCESS (GO_BP),2,289,1.1390645180228611,0.5270658494019196,TMSB4X;NOS1,0.598759082660833,GO_BP
GOBP_ALCOHOL_BIOSYNTHETIC_PROCESS (GO_BP),1,123,1.3398682482564745,0.529061335249531,PLCG2,0.5992810064564369,GO_BP
GOBP_DNA_TEMPLATED_TRANSCRIPTION_INITIATION (GO_BP),1,123,1.3398682482564745,0.529061335249531,H4C3,0.5992810064564369,GO_BP
GOBP_NEGATIVE_REGULATION_OF_CANONICAL_WNT_SIGNALING_PATHWAY (GO_BP),1,123,1.3398682482564745,0.529061335249531,TLE4,0.5992810064564369,GO_BP
GOBP_PHOSPHATIDYLINOSITOL_3_KINASE_SIGNALING (GO_BP),1,123,1.3398682482564745,0.529061335249531,ERBB4,0.5992810064564369,GO_BP
GOBP_REGULATION_OF_DNA_REPLICATION (GO_BP),1,123,1.3398682482564745,0.529061335249531,DACH1,0.5992810064564369,GO_BP
GOMF_NUCLEOTIDYLTRANSFERASE_ACTIVITY (GO_MF),1,123,1.3398682482564745,0.529061335249531,TENT5A,0.5992810064564369,GO_MF
KEGG_OXIDATIVE_PHOSPHORYLATION (KEGG),1,123,1.3398682482564745,0.529061335249531,ATP5F1E,0.5992810064564369,KEGG
GOBP_CELLULAR_RESPONSE_TO_XENOBIOTIC_STIMULUS (GO_BP),1,124,1.3289255611645356,0.5319423387193565,NOS1,0.6017955787251709,GO_BP
GOCC_NUCLEAR_PERIPHERY (GO_CC),1,124,1.3289255611645356,0.5319423387193565,RUNX1T1,0.6017955787251709,GO_CC
REACTOME_GENE_SILENCING_BY_RNA (Reactome),1,124,1.3289255611645356,0.5319423387193565,H4C3,0.6017955787251709,Reactome
GOBP_PROTEIN_LOCALIZATION_TO_EXTRACELLULAR_REGION (GO_BP),2,292,1.1271540540723857,0.5326202523508798,FBN2;UNC13B,0.6023130058675995,GO_BP
GOBP_MITOTIC_SPINDLE_ORGANIZATION (GO_BP),1,125,1.3181593704381511,0.5348058242436606,STMN1,0.60428411502252255,GO_BP
GOCC_9PLUS2_MOTILE_CILIUM (GO_CC),1,125,1.3181593704381511,0.5348058242436606,TACR1,0.60428411502252255,GO_CC
GOBP_ENTRY_INTO_HOST (GO_BP),1,126,1.3075654416853144,0.5376518976908007,HS3ST5,0.6059955974385376,GO_BP
GOBP_EPITHELIAL_TUBE_FORMATION (GO_BP),1,126,1.3075654416853144,0.5376518976908007,LMO4,0.6059955974385376,GO_BP
GOBP_MEIOSIS_I_CELL_CYCLE_PROCESS (GO_BP),1,126,1.3075654416853144,0.5376518976908007,CORT,0.6059955974385376,GO_BP
GOBP_POSITIVE_REGULATION_OF_RESPONSE_TO_DNA_DAMAGE_STIMULUS (GO_BP),1,126,1.3075654416853144,0.5376518976908007,RPL26,0.6059955974385376,GO_BP
GOBP_RESPONSE_TO_CORTICOSTEROID (GO_BP),1,126,1.3075654416853144,0.5376518976908007,RPL27,0.6059955974385376,GO_BP
REACTOME_CHROMOSOME_MAINTENANCE (Reactome),1,126,1.3075654416853144,0.5376518976908007,H4C3,0.6059955974385376,Reactome
GOBP_PEPTIDYL_SERINE_MODIFICATION (GO_BP),2,295,1.115487479166076,0.5381303543834104,PRKCB;NOS1,0.6062846525664579,GO_BP
REACTOME_ANTIGEN_PROCESSING_UBIQUITINATION_PROTEASOME_DEGRADATION (Reactome),2,296,1.1116515272437388,0.5399571698183481,RPS27A;UBA52,0.606929561753648,Reactome
GOBP_CARBOHYDRATE_TRANSPORT (GO_BP),1,127,1.2971396748019408,0.5404806642932523,PRKCB,0.606929561753648,GO_BP
GOBP_MITOTIC_CELL_CYCLE_CHECKPOINT_SIGNALING (GO_BP),1,127,1.2971396748019408,0.5404806642932523,RPL26,0.606929561753648,GO_BP
GOBP_PHOSPHATIDYLINOSITOL_BIOSYNTHETIC_PROCESS (GO_BP),1,127,1.2971396748019408,0.5404806642932523,PLCG2,0.606929561753648,GO_BP
GOBP_POSITIVE_REGULATION_OF_HEMOPOIESIS (GO_BP),1,127,1.2971396748019408,0.5404806642932523,TOX,0.606929561753648,GO_BP
GOBP_RESPONSE_TO_NUTRIENT (GO_BP),1,127,1.2971396748019408,0.5404806642932523,PENK,0.606929561753648,GO_BP
GOMF_VITAMIN_BINDING (GO_MF),1,127,1.2971396748019408,0.5404806642932523,CALB1,0.606929561753648,GO_MF
REACTOME_RESPIRATORY_ELECTRON_TRANSPORT_ATP_SYNTHESIS_BY_CHEMIOSMOTIC_COUPLING_AND_HEAT_PRODUCTION_BY_UNCOUPLING_PROTEINS (Reactome),1,127,1.2971396748019408,0.5404806642932523,ATP5F1E,0.606929561753648,Reactome
GOBP_GENE_SILENCING_BY_RNA (GO_BP),1,128,1.2868780986657915,0.5432922286514041,MEG3,0.6095854874474055,GO_BP
GOMF_ENDOPEPTIDASE_REGULATOR_ACTIVITY (GO_MF),1,128,1.2868780986657915,0.5432922286514041,PCSK1N,0.6095854874474055,GO_MF
GOMF_UBIQUITIN_LIKE_PROTEIN_LIGASE_BINDING (GO_MF),2,299,1.1002986475853571,0.5454078485547997,RPS27A;UBA52,0.6114648476128158,GO_MF
GOBP_POSITIVE_REGULATION_OF_VASCULATURE_DEVELOPMENT (GO_BP),1,129,1.2767768660817043,0.5460866947373335,PRKCB,0.6114648476128158,GO_BP
GOCC_CILIARY_PLASM (GO_CC),1,129,1.2767768660817043,0.5460866947373335,DNAH14,0.6114648476128158,GO_CC
REACTOME_GOLGI_TO_ER_RETROGRADE_TRANSPORT (Reactome),1,129,1.2767768660817043,0.5460866947373335,TUBB2B,0.6114648476128158,Reactome
REACTOME_HATS_ACETYLATE_HISTONES (Reactome),1,129,1.2767768660817043,0.5460866947373335,H4C3,0.6114648476128158,Reactome
GOBP_CELLULAR_GLUCOSE_HOMEOSTASIS (GO_BP),1,130,1.2668322489647126,0.5488641658985559,UNC13B,0.6128160413200966,GO_BP
GOBP_ENSHEATHMENT_OF_NEURONS (GO_BP),1,130,1.2668322489647126,0.5488641658985559,RXRG,0.6128160413200966,GO_BP
GOBP_EPIDERMAL_CELL_DIFFERENTIATION (GO_BP),1,130,1.2668322489647126,0.5488641658985559,BCL11B,0.6128160413200966,GO_BP
GOBP_OXIDATIVE_PHOSPHORYLATION (GO_BP),1,130,1.2668322489647126,0.5488641658985559,ATP5F1E,0.6128160413200966,GO_BP
GOBP_POSITIVE_REGULATION_OF_PROTEIN_MODIFICATION_BY_SMALL_PROTEIN_CONJUGATION_OR_REMOVAL (GO_BP),1,130,1.2668322489647126,0.5488641658985559,RPS2,0.6128160413200966,GO_BP
GOBP_REGULATION_OF_VIRAL_PROCESS (GO_BP),1,130,1.2668322489647126,0.5488641658985559,HS3ST5,0.6128160413200966,GO_BP
GOMF_HEPARIN_BINDING (GO_MF),1,130,1.2668322489647126,0.5488641658985559,ADAMTS3,0.6128160413200966,GO_MF
REACTOME_DISEASES_OF_GLYCOSYLATION (Reactome),1,131,1.257040633748373,0.5516247448617526,ADAMTS3,0.6153950891411137,Reactome
REACTOME_SIGNALING_BY_NTRKS (Reactome),1,131,1.257040633748373,0.5516247448617526,RIT2,0.6153950891411137,Reactome
GOBP_CELLULAR_RESPONSE_TO_PEPTIDE (GO_BP),2,303,1.0855071698315895,0.5526056925827143,EPHA4;PRKCB,0.615986182221793,GO_BP
GOBP_SULFUR_COMPOUND_METABOLIC_PROCESS (GO_BP),2,303,1.0855071698315895,0.5526056925827143,EEF1G;HS3ST5,0.615986182221793,GO_BP
GOBP_NEURAL_PRECURSOR_CELL_PROLIFERATION (GO_BP),1,132,1.247398517006355,0.5543685337364793,TOX,0.6172223192502172,GO_BP
GOBP_DNA_RECOMBINATION (GO_BP),2,304,1.0818682918219817,0.554392658044959,CORT;BCL11B,0.6172223192502172,GO_BP
GOMF_ENZYME_INHIBITOR_ACTIVITY (GO_MF),2,304,1.0818682918219817,0.554392658044959,PCSK1N;RPS15,0.6172223192502172,GO_MF
GOBP_NEURON_DEATH (GO_BP),2,305,1.0782534716070793,0.5561746132145766,NPY;DCC,0.618953899221275,GO_BP
GOMF_VOLTAGE_GATED_CATION_CHANNEL_ACTIVITY (GO_MF),1,133,1.2379025012760312,0.5570956340188485,CACNA2D3,0.6197263448087476,GO_MF
GOBP_MUSCLE_CELL_DIFFERENTIATION (GO_BP),2,306,1.0746624810082401,0.5579515525030777,ADRA1A;NOS1,0.6204257694975184,GO_BP
REACTOME_EPIGENETIC_REGULATION_OF_GENE_EXPRESSION (Reactome),1,134,1.2285492910734401,0.5598061465951942,H4C3,0.6222346708797213,Reactome
GOBP_EPITHELIAL_TO_MESENCHYMAL_TRANSITION (GO_BP),1,135,1.2193356890895772,0.5625001717457105,EPHA4,0.6239593700396163,GO_BP
GOBP_REGULATION_OF_EXTRINSIC_APOPTOTIC_SIGNALING_PATHWAY (GO_BP),1,135,1.2193356890895772,0.5625001717457105,INHBA,0.6239593700396163,GO_BP
GOBP_REGULATION_OF_SIGNALING_RECEPTOR_ACTIVITY (GO_BP),1,135,1.2193356890895772,0.5625001717457105,NETO1,0.6239593700396163,GO_BP
GOBP_RESPONSE_TO_IONIZING_RADIATION (GO_BP),1,135,1.2193356890895772,0.5625001717457105,RPL26,0.6239593700396163,GO_BP
GOBP_RNA_PHOSPHODIESTER_BOND_HYDROLYSIS (GO_BP),1,135,1.2193356890895772,0.5625001717457105,RPS21,0.6239593700396163,GO_BP
GOBP_ALCOHOL_METABOLIC_PROCESS (GO_BP),2,309,1.0640302513793716,0.5632522229588941,PLCG2;DHRS3,0.6243474060479869,GO_BP
GOBP_CELL_CYCLE_PHASE_TRANSITION (GO_BP),3,481,1.0248120493236614,0.5633072165881507,PLCG2;RPL26;INHBA,0.6243474060479869,GO_BP
GOMF_RNA_POLYMERASE_II_SPECIFIC_DNA_BINDING_TRANSCRIPTION_FACTOR_BINDING (GO_MF),2,310,1.0605323587455315,0.5650090478342509,PRKCB;FOXP1,0.6251521250641504,GO_MF
GOBP_MONONUCLEAR_CELL_MIGRATION (GO_BP),1,136,1.210258592558558,0.565177809148073,RPS19,0.6251521250641504,GO_BP
GOBP_MONOVALENT_INORGANIC_CATION_HOMEOSTASIS (GO_BP),1,136,1.210258592558558,0.565177809148073,TACR1,0.6251521250641504,GO_BP
GOBP_RESPONSE_TO_UV (GO_BP),1,136,1.210258592558558,0.565177809148073,RPL26,0.6251521250641504,GO_BP
KEGG_CHEMOKINE_SIGNALING_PATHWAY (KEGG),1,136,1.210258592558558,0.565177809148073,PRKCB,0.6251521250641504,KEGG
GOBP_POSITIVE_REGULATION_OF_HYDROLASE_ACTIVITY (GO_BP),3,484,1.0183011877011,0.5675311940405077,ADRA1A;RASGEF1B;EPHA4,0.6268264915816921,GO_BP
GOBP_ANTERIOR_POSTERIOR_PATTERN_SPECIFICATION (GO_BP),1,137,1.2013149897886883,0.5678391578810349,PBX3,0.6268264915816921,GO_BP
GOBP_CELLULAR_RESPONSE_TO_OXYGEN_LEVELS (GO_BP),1,137,1.2013149897886883,0.5678391578810349,EPHA4,0.6268264915816921,GO_BP
GOMF_CARBOXYLIC_ACID_BINDING (GO_MF),1,137,1.2013149897886883,0.5678391578810349,NOS1,0.6268264915816921,GO_MF
KEGG_WNT_SIGNALING_PATHWAY (KEGG),1,137,1.2013149897886883,0.5678391578810349,PRKCB,0.6268264915816921,KEGG
GOBP_MORPHOGENESIS_OF_EMBRYONIC_EPITHELIUM (GO_BP),1,138,1.1925019568480084,0.5704843164280049,LMO4,0.6294919871373258,GO_BP
GOBP_TUBE_FORMATION (GO_BP),1,139,1.1838166543963313,0.573113382680601,LMO4,0.6321375800083688,GO_BP
GOBP_PROTEIN_LOCALIZATION_TO_CELL_PERIPHERY (GO_BP),2,316,1.0400811766816922,0.5754440189897159,LGI1;MAP7,0.6337400023039538,GO_BP
GOBP_MUSCLE_CELL_DEVELOPMENT (GO_BP),1,140,1.1752563246562349,0.5757264539421858,ADRA1A,0.6337400023039538,GO_BP
GOBP_NEURAL_TUBE_DEVELOPMENT (GO_BP),1,140,1.1752563246562349,0.5757264539421858,LMO4,0.6337400023039538,GO_BP
GOBP_ORGANELLE_FUSION (GO_BP),1,140,1.1752563246562349,0.5757264539421858,SYT1,0.6337400023039538,GO_BP
GOMF_SODIUM_ION_TRANSMEMBRANE_TRANSPORTER_ACTIVITY (GO_MF),1,140,1.1752563246562349,0.5757264539421858,GRIK4,0.6337400023039538,GO_MF
GOBP_REGULATION_OF_AUTOPHAGY (GO_BP),2,317,1.036737677798984,0.5771654848070191,ADRA1A;EEF1A1,0.6350680656760552,GO_BP
GOBP_NUCLEOSOME_ORGANIZATION (GO_BP),1,141,1.1668182885158846,0.5783236269313791,H4C3,0.6355741751105015,GO_BP
GOMF_EXTRACELLULAR_MATRIX_STRUCTURAL_CONSTITUENT (GO_MF),1,141,1.1668182885158846,0.5783236269313791,FBN2,0.6355741751105015,GO_MF
GOMF_POTASSIUM_ION_TRANSMEMBRANE_TRANSPORTER_ACTIVITY (GO_MF),1,141,1.1668182885158846,0.5783236269313791,GRIK4,0.6355741751105015,GO_MF
GOCC_PLASMA_MEMBRANE_PROTEIN_COMPLEX (GO_CC),3,493,0.9992702716073814,0.5800534094140184,CACNA2D3;GRIK4;CDH8,0.6372187695533726,GO_CC
GOBP_APPENDAGE_DEVELOPMENT (GO_BP),1,142,1.1584999427569749,0.5809049977855507,FBN2,0.6376412978104256,GO_BP
REACTOME_FACTORS_INVOLVED_IN_MEGAKARYOCYTE_DEVELOPMENT_AND_PLATELET_PRODUCTION (Reactome),1,142,1.1584999427569749,0.5809049977855507,TUBB2B,0.6376412978104256,Reactome
GOBP_PATTERN_RECOGNITION_RECEPTOR_SIGNALING_PATHWAY (GO_BP),1,143,1.1502987574014194,0.5834706620642911,PLCG2,0.6402002322609799,GO_BP
GOMF_PEPTIDASE_ACTIVITY (GO_MF),3,496,0.9930583482641515,0.5841769957543417,TLL2;PRSS23;ADAMTS3,0.6407178214478342,GO_MF
GOBP_EPITHELIAL_CELL_DIFFERENTIATION (GO_BP),3,497,0.9910104639760399,0.5855458629553174,NPY;ERBB4;BCL11B,0.6417091307097302,GO_BP
GOBP_MEMBRANE_FUSION (GO_BP),1,144,1.1422122731708024,0.5860207147528624,SYT1,0.6417091307097302,GO_BP
GOBP_NEGATIVE_REGULATION_OF_BINDING (GO_BP),1,144,1.1422122731708024,0.5860207147528624,TMSB4X,0.6417091307097302,GO_BP
GOBP_NEGATIVE_REGULATION_OF_DNA_BINDING_TRANSCRIPTION_FACTOR_ACTIVITY (GO_BP),1,144,1.1422122731708024,0.5860207147528624,TMSB4X,0.6417091307097302,GO_BP
GOBP_REGULATION_OF_APOPTOTIC_SIGNALING_PATHWAY (GO_BP),2,323,1.0171178239626748,0.5873878530587893,RPL26;INHBA,0.6429483874563341,GO_BP
GOBP_NUCLEAR_EXPORT (GO_BP),1,146,1.1263739099699657,0.5910743624494745,RPS15,0.6464653920102182,GO_BP
GOMF_OXIDOREDUCTASE_ACTIVITY_ACTING_ON_PAIRED_DONORS_WITH_INCORPORATION_OR_REDUCTION_OF_MOLECULAR_OXYGEN (GO_MF),1,146,1.1263739099699657,0.5910743624494745,NOS1,0.6464653920102182,GO_MF
GOBP_CELL_SUBSTRATE_ADHESION (GO_BP),2,326,1.0075831727024558,0.5924305351278041,NPY;LIMCH1,0.6476892679880035,GO_BP
GOBP_MULTICELLULAR_ORGANISMAL_SIGNALING (GO_BP),1,147,1.1186174445435926,0.5935781445871743,RYR2,0.6479064399950332,GO_BP
GOBP_REGULATION_OF_RNA_SPLICING (GO_BP),1,147,1.1186174445435926,0.5935781445871743,RPS13,0.6479064399950332,GO_BP
GOCC_INNER_MITOCHONDRIAL_MEMBRANE_PROTEIN_COMPLEX (GO_CC),1,147,1.1186174445435926,0.5935781445871743,ATP5F1E,0.6479064399950332,GO_CC
KEGG_CYTOKINE_CYTOKINE_RECEPTOR_INTERACTION (KEGG),1,147,1.1186174445435926,0.5935781445871743,INHBA,0.6479064399950332,KEGG
GOBP_GASTRULATION (GO_BP),1,148,1.1109665029515712,0.5960666894007833,INHBA,0.650103086562915,GO_BP
REACTOME_ER_TO_GOLGI_ANTEROGRADE_TRANSPORT (Reactome),1,148,1.1109665029515712,0.5960666894007833,TUBB2B,0.650103086562915,Reactome
GOBP_CARBOHYDRATE_DERIVATIVE_CATABOLIC_PROCESS (GO_BP),1,149,1.1034189448720135,0.5985400890549772,PDE7B,0.6520195385756453,GO_BP
GOBP_NEGATIVE_REGULATION_OF_CELL_CELL_ADHESION (GO_BP),1,149,1.1034189448720135,0.5985400890549772,PRKG1,0.6520195385756453,GO_BP
GOMF_RIBONUCLEOPROTEIN_COMPLEX_BINDING (GO_MF),1,149,1.1034189448720135,0.5985400890549772,RPLP1,0.6520195385756453,GO_MF
GOBP_EPITHELIAL_CELL_PROLIFERATION (GO_BP),2,331,0.9920825459163081,0.6007334165798891,BCL11B;TACR1,0.6533943974613877,GO_BP
GOBP_NEGATIVE_REGULATION_OF_CELL_CYCLE (GO_BP),2,331,0.9920825459163081,0.6007334165798891,RPL26;INHBA,0.6533943974613877,GO_BP
GOBP_NEGATIVE_REGULATION_OF_MAPK_CASCADE (GO_BP),1,150,1.0959726875106177,0.600998435160383,EPHA4,0.6533943974613877,GO_BP
GOBP_REGULATION_OF_INTRINSIC_APOPTOTIC_SIGNALING_PATHWAY (GO_BP),1,150,1.0959726875106177,0.600998435160383,RPL26,0.6533943974613877,GO_BP
GOBP_REGULATION_OF_MICROTUBULE_CYTOSKELETON_ORGANIZATION (GO_BP),1,150,1.0959726875106177,0.600998435160383,STMN1,0.6533943974613877,GO_BP
GOBP_CELLULAR_RESPONSE_TO_MOLECULE_OF_BACTERIAL_ORIGIN (GO_BP),1,151,1.0886253077822856,0.603441818776891,PLCG2,0.6555288810977284,GO_BP
REACTOME_CDC42_GTPASE_CYCLE (Reactome),1,151,1.0886253077822856,0.603441818776891,CPNE8,0.6555288810977284,Reactome
GOBP_CYTOKINE_MEDIATED_SIGNALING_PATHWAY (GO_BP),2,334,0.9830067176040334,0.6056541800243931,IL1RAPL2;TMSB4X,0.657121474332276,GO_BP
GOBP_MICROTUBULE_CYTOSKELETON_ORGANIZATION_INVOLVED_IN_MITOSIS (GO_BP),1,152,1.0813677779283806,0.6058703304169428,STMN1,0.657121474332276,GO_BP
GOBP_PHOSPHATIDYLINOSITOL_METABOLIC_PROCESS (GO_BP),1,152,1.0813677779283806,0.6058703304169428,PLCG2,0.657121474332276,GO_BP
GOBP_PRODUCTION_OF_MOLECULAR_MEDIATOR_OF_IMMUNE_RESPONSE (GO_BP),1,152,1.0813677779283806,0.6058703304169428,PLCG2,0.657121474332276,GO_BP
GOBP_NEGATIVE_REGULATION_OF_WNT_SIGNALING_PATHWAY (GO_BP),1,153,1.074205898726336,0.6082840600488042,TLE4,0.6594774783617643,GO_BP
GOBP_POSITIVE_REGULATION_OF_PROTEOLYSIS (GO_BP),2,336,0.9770467388355029,0.6089092922947991,EPHA4;SH3D19,0.6598933639909111,GO_BP
GOBP_MORPHOGENESIS_OF_A_BRANCHING_STRUCTURE (GO_BP),1,154,1.0671378706843335,0.6106830970998163,CSMD1,0.6612908557413156,GO_BP
GOBP_TRANSPORT_ALONG_MICROTUBULE (GO_BP),1,154,1.0671378706843335,0.6106830970998163,CALY,0.6612908557413156,GO_BP
GOBP_CARTILAGE_DEVELOPMENT (GO_BP),1,155,1.0601619428756928,0.6130675304596265,TRPS1,0.6630841289842535,GO_BP
GOBP_TELOMERE_ORGANIZATION (GO_BP),1,155,1.0601619428756928,0.6130675304596265,H4C3,0.6630841289842535,GO_BP
GOCC_CHROMOSOME_TELOMERIC_REGION (GO_CC),1,155,1.0601619428756928,0.6130675304596265,H4C3,0.6630841289842535,GO_CC
GOBP_ELECTRON_TRANSPORT_CHAIN (GO_BP),1,156,1.0533441274100526,0.6154374484834022,DHRS3,0.6645945716916454,GO_BP
GOBP_NOTCH_SIGNALING_PATHWAY (GO_BP),1,156,1.0533441274100526,0.6154374484834022,ROBO2,0.6645945716916454,GO_BP
GOBP_POSITIVE_REGULATION_OF_EPITHELIAL_CELL_PROLIFERATION (GO_BP),1,156,1.0533441274100526,0.6154374484834022,TACR1,0.6645945716916454,GO_BP
GOBP_RNA_MODIFICATION (GO_BP),1,156,1.0533441274100526,0.6154374484834022,ADARB2,0.6645945716916454,GO_BP
GOBP_CILIUM_MOVEMENT (GO_BP),1,157,1.0465464617298281,0.6177929389950259,TACR1,0.6666110297887853,GO_BP
GOCC_PLASMA_MEMBRANE_SIGNALING_RECEPTOR_COMPLEX (GO_CC),1,157,1.0465464617298281,0.6177929389950259,GRIK4,0.6666110297887853,GO_CC
GOBP_NEGATIVE_REGULATION_OF_CELL_DEVELOPMENT (GO_BP),1,158,1.0398359344724954,0.620134089290268,DCC,0.6683449873132289,GO_BP
GOCC_EXTRINSIC_COMPONENT_OF_PLASMA_MEMBRANE (GO_CC),1,158,1.0398359344724954,0.620134089290268,CDH8,0.6683449873132289,GO_CC
GOMF_PEPTIDASE_REGULATOR_ACTIVITY (GO_MF),1,158,1.0398359344724954,0.620134089290268,PCSK1N,0.6683449873132289,GO_MF
GOBP_MYELOID_LEUKOCYTE_MIGRATION (GO_BP),1,159,1.0332109717832303,0.6224609861399448,RPS19,0.6705881471984968,GO_BP
GOBP_GLYCOPROTEIN_METABOLIC_PROCESS (GO_BP),2,346,0.9482863350194305,0.6248804607404678,HS3ST4;HS3ST5,0.6729292343384139,GO_BP
GOCC_COLLAGEN_CONTAINING_EXTRACELLULAR_MATRIX (GO_CC),2,347,0.9455019908525798,0.6264497202134713,FBN2;ADAMTS3,0.6742262307201167,GO_CC
GOBP_CELLULAR_MODIFIED_AMINO_ACID_METABOLIC_PROCESS (GO_BP),1,161,1.0202116458927215,0.6270723639798961,EEF1G,0.6742262307201167,GO_BP
GOBP_POSITIVE_REGULATION_OF_I_KAPPAB_KINASE_NF_KAPPAB_SIGNALING (GO_BP),1,161,1.0202116458927215,0.6270723639798961,PRKCB,0.6742262307201167,GO_BP
GOMF_MODIFICATION_DEPENDENT_PROTEIN_BINDING (GO_MF),1,161,1.0202116458927215,0.6270723639798961,PLCG2,0.6742262307201167,GO_MF
GOBP_REGULATION_OF_PEPTIDASE_ACTIVITY (GO_BP),2,348,0.9427337405259036,0.6280139245837721,PCSK1N;EPHA4,0.674972856370831,GO_BP
GOCC_FICOLIN_1_RICH_GRANULE (GO_CC),1,162,1.013834331984232,0.6293570159151703,EEF1A1,0.6761502794902952,GO_CC
GOBP_BIOLOGICAL_PROCESS_INVOLVED_IN_INTERACTION_WITH_HOST (GO_BP),1,163,1.00753667534254,0.6316277563010614,HS3ST5,0.6775237244533381,GO_BP
GOBP_CYTOKINESIS (GO_BP),1,163,1.00753667534254,0.6316277563010614,STMN1,0.6775237244533381,GO_BP
GOBP_REGULATION_OF_MRNA_CATABOLIC_PROCESS (GO_BP),1,163,1.00753667534254,0.6316277563010614,TENT5A,0.6775237244533381,GO_BP
GOMF_LIGASE_ACTIVITY (GO_MF),1,163,1.00753667534254,0.6316277563010614,ATP5F1E,0.6775237244533381,GO_MF
REACTOME_CLASS_I_MHC_MEDIATED_ANTIGEN_PROCESSING_PRESENTATION (Reactome),2,351,0.9345241692147024,0.6326762375855469,RPS27A;UBA52,0.6783819414393909,Reactome
GOBP_LEUKOCYTE_CHEMOTAXIS (GO_BP),1,164,1.0013172987824737,0.6338846693302986,RPS19,0.6792374550545313,GO_BP
GOBP_POSITIVE_REGULATION_OF_CYTOKINE_PRODUCTION (GO_BP),2,352,0.9318189187811803,0.6342202527971639,PLCG2;FOXP1,0.6792374550545313,GO_BP
GOMF_PHOSPHORIC_ESTER_HYDROLASE_ACTIVITY (GO_MF),2,352,0.9318189187811803,0.6342202527971639,PLCG2;PDE7B,0.6792374550545313,GO_MF
GOBP_REGULATION_OF_MAP_KINASE_ACTIVITY (GO_BP),1,165,0.9951717808082732,0.6361278386892044,EPHA4,0.6810133780714298,GO_BP
GOBP_POSITIVE_REGULATION_OF_CELL_ADHESION (GO_BP),2,354,0.92645452834711,0.637293170714913,EPHA4;NPY,0.6819935929554967,GO_BP
GOBP_RESPONSE_TO_MONOSACCHARIDE (GO_BP),1,166,0.9891061817559023,0.6383573475607194,UNC13B,0.6828648320361632,GO_BP
REACTOME_TRANSCRIPTIONAL_REGULATION_BY_TP53 (Reactome),2,355,0.9237951271074238,0.6388220809807599,RPS27A;UBA52,0.6830944021763724,Reactome
GOBP_CELL_CYCLE_CHECKPOINT_SIGNALING (GO_BP),1,167,0.9831109718353888,0.6405732786274126,RPL26,0.6844309952783505,GO_BP
GOBP_POSITIVE_REGULATION_OF_PEPTIDASE_ACTIVITY (GO_BP),1,167,0.9831109718353888,0.6405732786274126,EPHA4,0.6844309952783505,GO_BP
GOCC_GOLGI_APPARATUS_SUBCOMPARTMENT (GO_CC),2,357,0.9185212705227546,0.6418648240730298,PCSK1N;CALN1,0.6855427589141354,GO_CC
GOBP_REGULATION_OF_HISTONE_MODIFICATION (GO_BP),1,168,0.977187558153465,0.6427757140744722,NOS1,0.685979083680103,GO_BP
GOBP_SIGNAL_TRANSDUCTION_IN_RESPONSE_TO_DNA_DAMAGE (GO_BP),1,168,0.977187558153465,0.6427757140744722,RPL26,0.685979083680103,GO_BP
GOBP_IN_UTERO_EMBRYONIC_DEVELOPMENT (GO_BP),2,358,0.9159065626821039,0.6433786652894082,RPL13;ADAMTS3,0.6863543495724117,GO_BP
GOBP_CELLULAR_RESPONSE_TO_RADIATION (GO_BP),1,169,0.9713346586825164,0.6449647355926797,RPL26,0.6875092478156161,GO_BP
KEGG_ENDOCYTOSIS (KEGG),1,169,0.9713346586825164,0.6449647355926797,ERBB4,0.6875092478156161,KEGG
GOBP_REGULATION_OF_LEUKOCYTE_MIGRATION (GO_BP),1,170,0.9655510217376236,0.6471404243813652,TACR1,0.6895593051055435,GO_BP
GOBP_PROTEIN_HOMOOLIGOMERIZATION (GO_BP),1,171,0.9598354250841634,0.649302861151346,KCTD8,0.6913240209763453,GO_BP
HALLMARK_MYOGENESIS (Hallmark),1,171,0.9598354250841634,0.649302861151346,NOS1,0.6913240209763453,Hallmark
HALLMARK_COMPLEMENT (Hallmark),1,172,0.9541866750767228,0.6514521261278474,DGKG,0.6930719736872424,Hallmark
HALLMARK_TNFA_SIGNALING_VIA_NFKB (Hallmark),1,172,0.9541866750767228,0.6514521261278474,INHBA,0.6930719736872424,Hallmark
GOBP_RESPIRATORY_SYSTEM_DEVELOPMENT (GO_BP),1,174,0.9430850784068199,0.6557114591907576,RXFP1,0.6970603328337714,GO_BP
KEGG_HUNTINGTONS_DISEASE (KEGG),1,174,0.9430850784068199,0.6557114591907576,ATP5F1E,0.6970603328337714,KEGG
GOBP_PEPTIDYL_LYSINE_ACETYLATION (GO_BP),1,175,0.9376299800630808,0.6578216853257024,NOS1,0.6979452302348459,GO_BP
GOBP_PROTEIN_STABILIZATION (GO_BP),1,175,0.9376299800630808,0.6578216853257024,EPHA4,0.6979452302348459,GO_BP
GOBP_REGULATION_OF_LEUKOCYTE_MEDIATED_IMMUNITY (GO_BP),1,175,0.9376299800630808,0.6578216853257024,PLCG2,0.6979452302348459,GO_BP
GOBP_STEM_CELL_DIFFERENTIATION (GO_BP),1,175,0.9376299800630808,0.6578216853257024,ERBB4,0.6979452302348459,GO_BP
GOCC_PROTEIN_DNA_COMPLEX (GO_CC),1,175,0.9376299800630808,0.6578216853257024,H4C3,0.6979452302348459,GO_CC
GOBP_NEGATIVE_REGULATION_OF_PEPTIDASE_ACTIVITY (GO_BP),1,176,0.9322372234802278,0.6599190557699609,PCSK1N,0.6993554293006453,GO_BP
REACTOME_THE_CITRIC_ACID_TCA_CYCLE_AND_RESPIRATORY_ELECTRON_TRANSPORT (Reactome),1,176,0.9322372234802278,0.6599190557699609,ATP5F1E,0.6993554293006453,Reactome
REACTOME_TRANSPORT_TO_THE_GOLGI_AND_SUBSEQUENT_MODIFICATION (Reactome),1,176,0.9322372234802278,0.6599190557699609,TUBB2B,0.6993554293006453,Reactome
GOBP_AEROBIC_RESPIRATION (GO_BP),1,177,0.9269057460525023,0.6620036483640079,ATP5F1E,0.700748823132599,GO_BP
GOBP_CELLULAR_RESPONSE_TO_BIOTIC_STIMULUS (GO_BP),1,177,0.9269057460525023,0.6620036483640079,PLCG2,0.700748823132599,GO_BP
GOBP_NEGATIVE_REGULATION_OF_NEURON_DEATH (GO_BP),1,177,0.9269057460525023,0.6620036483640079,NPY,0.700748823132599,GO_BP
GOBP_EPITHELIAL_CELL_DEVELOPMENT (GO_BP),1,179,0.9164224976290107,0.6661348090240266,BCL11B,0.7040302490110746,GO_BP
GOBP_REGULATION_OF_LEUKOCYTE_PROLIFERATION (GO_BP),1,179,0.9164224976290107,0.6661348090240266,TACR1,0.7040302490110746,GO_BP
GOBP_RESPONSE_TO_REACTIVE_OXYGEN_SPECIES (GO_BP),1,179,0.9164224976290107,0.6661348090240266,TACR1,0.7040302490110746,GO_BP
GOBP_RESPONSE_TO_TUMOR_NECROSIS_FACTOR (GO_BP),1,179,0.9164224976290107,0.6661348090240266,TMSB4X,0.7040302490110746,GO_BP
REACTOME_SUMOYLATION (Reactome),1,180,0.9112687188104726,0.6681815304399978,H4C3,0.7059202164919282,Reactome
GOBP_CELLULAR_RESPONSE_TO_INSULIN_STIMULUS (GO_BP),1,181,0.9061722022194761,0.6702157807113088,PRKCB,0.7077955518648817,GO_BP
GOBP_DNA_BIOSYNTHETIC_PROCESS (GO_BP),1,182,0.9011319987911657,0.6722376353641442,DACH1,0.7093821414912973,GO_BP
GOMF_VOLTAGE_GATED_CHANNEL_ACTIVITY (GO_MF),1,182,0.9011319987911657,0.6722376353641442,CACNA2D3,0.7093821414912973,GO_MF
GOBP_POSITIVE_REGULATION_OF_INTRACELLULAR_TRANSPORT (GO_BP),1,183,0.8961471803185239,0.6742471694701025,CALY,0.710953289506892,GO_BP
GOBP_VESICLE_LOCALIZATION (GO_BP),1,183,0.8961471803185239,0.6742471694701025,SYNDIG1,0.710953289506892,GO_BP
GOBP_REGULATION_OF_DNA_METABOLIC_PROCESS (GO_BP),2,380,0.8618829746956265,0.6754236462688361,DACH1;TOX,0.7119189417059789,GO_BP
HALLMARK_HEME_METABOLISM (Hallmark),1,184,0.8912168388825051,0.6762444576489162,H4C3,0.7125091102774653,Hallmark
GOBP_RESPONSE_TO_OXIDATIVE_STRESS (GO_BP),2,382,0.8572819114715868,0.6782185096140555,PENK;TACR1,0.713774553675653,GO_BP
GOBP_POSITIVE_REGULATION_OF_PROTEIN_SERINE_THREONINE_KINASE_ACTIVITY (GO_BP),1,185,0.8863400863007513,0.6782295740711534,EPHA4,0.713774553675653,GO_BP
KEGG_FOCAL_ADHESION (KEGG),1,185,0.8863400863007513,0.6782295740711534,PRKCB,0.713774553675653,KEGG
GOBP_PHAGOCYTOSIS (GO_BP),1,187,0.8767438904708192,0.6821635860984613,PLCG2,0.7173618612379276,GO_BP
GOBP_REACTIVE_OXYGEN_SPECIES_METABOLIC_PROCESS (GO_BP),1,187,0.8767438904708192,0.6821635860984613,PLCG2,0.7173618612379276,GO_BP
GOBP_NEGATIVE_REGULATION_OF_CELLULAR_AMIDE_METABOLIC_PROCESS (GO_BP),1,188,0.8720227648261019,0.6841126278229548,RPL13A,0.7191345598862546,GO_BP
GOBP_ALPHA_AMINO_ACID_METABOLIC_PROCESS (GO_BP),1,190,0.8627303856048619,0.6879751446993694,NOS1,0.7223606767297107,GO_BP
GOBP_MEIOTIC_CELL_CYCLE_PROCESS (GO_BP),1,190,0.8627303856048619,0.6879751446993694,CORT,0.7223606767297107,GO_BP
GOBP_MITOCHONDRIAL_TRANSPORT (GO_BP),1,190,0.8627303856048619,0.6879751446993694,ATP5F1E,0.7223606767297107,GO_BP
GOBP_CYTOSKELETON_DEPENDENT_INTRACELLULAR_TRANSPORT (GO_BP),1,191,0.8581575544794564,0.6898887633474866,CALY,0.7238133740691455,GO_BP
GOCC_LAMELLIPODIUM (GO_CC),1,191,0.8581575544794564,0.6898887633474866,UNC5C,0.7238133740691455,GO_CC
KEGG_REGULATION_OF_ACTIN_CYTOSKELETON (KEGG),1,192,0.8536326048420847,0.6917907170801347,TMSB4X,0.7255301260928756,KEGG
GOBP_MICROTUBULE_BASED_TRANSPORT (GO_BP),1,193,0.8491547885688001,0.6936810765699758,CALY,0.7269543438651589,GO_BP
HALLMARK_GLYCOLYSIS (Hallmark),1,193,0.8491547885688001,0.6936810765699758,STMN1,0.7269543438651589,Hallmark
GOBP_MITOTIC_CELL_CYCLE_PHASE_TRANSITION (GO_BP),2,394,0.8306614394697047,0.6945804348806318,RPL26;INHBA,0.7276176323970102,GO_BP
GOBP_CHROMATIN_ASSEMBLY_OR_DISASSEMBLY (GO_BP),1,194,0.8447233730403079,0.6955599120641236,H4C3,0.7278061761866367,GO_BP
GOBP_GLIAL_CELL_DIFFERENTIATION (GO_BP),1,194,0.8447233730403079,0.6955599120641236,EPHA4,0.7278061761866367,GO_BP
GOBP_SPINDLE_ORGANIZATION (GO_BP),1,194,0.8447233730403079,0.6955599120641236,STMN1,0.7278061761866367,GO_BP
REACTOME_CILIUM_ASSEMBLY (Reactome),1,195,0.8403376407423718,0.697427293386691,TUBB2B,0.7294806350973011,Reactome
GOBP_EXTRINSIC_APOPTOTIC_SIGNALING_PATHWAY (GO_BP),1,196,0.8359968888785193,0.6992832899413206,INHBA,0.7305825037604232,GO_BP
GOMF_ACTIN_FILAMENT_BINDING (GO_MF),1,196,0.8359968888785193,0.6992832899413206,MARCKSL1,0.7305825037604232,GO_MF
REACTOME_INTRA_GOLGI_AND_RETROGRADE_GOLGI_TO_ER_TRAFFIC (Reactome),1,196,0.8359968888785193,0.6992832899413206,TUBB2B,0.7305825037604232,Reactome
GOBP_CELLULAR_LIPID_CATABOLIC_PROCESS (GO_BP),1,197,0.831700428994599,0.7011279707137024,PLCG2,0.7316700374547654,GO_BP
GOCC_MOTILE_CILIUM (GO_CC),1,197,0.831700428994599,0.7011279707137024,TACR1,0.7316700374547654,GO_CC
HALLMARK_MTORC1_SIGNALING (Hallmark),1,197,0.831700428994599,0.7011279707137024,SKAP2,0.7316700374547654,Hallmark
GOBP_FAT_CELL_DIFFERENTIATION (GO_BP),1,198,0.8274475866147767,0.7029614042740733,RUNX1T1,0.7327433568978985,GO_BP
GOBP_RESPONSE_TO_TOXIC_SUBSTANCE (GO_BP),1,198,0.8274475866147767,0.7029614042740733,PENK,0.7327433568978985,GO_BP
HALLMARK_G2M_CHECKPOINT (Hallmark),1,198,0.8274475866147767,0.7029614042740733,STMN1,0.7327433568978985,Hallmark
GOBP_POSITIVE_REGULATION_OF_PROTEIN_LOCALIZATION (GO_BP),2,401,0.815872262654615,0.7038061124048238,UNC13B;ERBB4,0.7332434941437617,GO_BP
GOBP_PROTEIN_ACETYLATION (GO_BP),1,199,0.8232377008885572,0.704783658779705,NOS1,0.7332434941437617,GO_BP
GOCC_MIDBODY (GO_CC),1,199,0.8232377008885572,0.704783658779705,RASGEF1B,0.7332434941437617,GO_CC
HALLMARK_E2F_TARGETS (Hallmark),1,199,0.8232377008885572,0.704783658779705,STMN1,0.7332434941437617,Hallmark
HALLMARK_OXIDATIVE_PHOSPHORYLATION (Hallmark),1,199,0.8232377008885572,0.704783658779705,ATP5F1E,0.7332434941437617,Hallmark
GOBP_REGULATION_OF_CELL_PROJECTION_ASSEMBLY (GO_BP),1,202,0.8108593723891662,0.7101840233982031,TENM2,0.7385805666033863,GO_BP
GOBP_RESPONSE_TO_PEPTIDE (GO_BP),2,407,0.8036027093830143,0.7115295936724919,EPHA4;PRKCB,0.7396982566880759,GO_BP
GOMF_CARBOHYDRATE_BINDING (GO_MF),1,203,0.8068149655106738,0.7119622350844876,CHODL,0.7398663866117716,GO_MF
GOCC_VACUOLAR_MEMBRANE (GO_CC),2,408,0.8015930399629083,0.7128004499730982,UBA52;EEF1A1,0.7404556975566874,GO_CC
GOBP_REGULATION_OF_PROTEIN_SECRETION (GO_BP),1,205,0.7988451012680825,0.7154861910573327,UNC13B,0.7429630371777854,GO_BP
GOMF_PROTEIN_SERINE_THREONINE_KINASE_ACTIVITY (GO_MF),2,411,0.7956229930934127,0.7165851026913023,PRKCB;PRKG1,0.7438213285632637,GO_MF
GOBP_CELL_MATRIX_ADHESION (GO_BP),1,207,0.7910299869952784,0.7189672933922273,LIMCH1,0.746010516054017,GO_BP
GOBP_ESTABLISHMENT_OR_MAINTENANCE_OF_CELL_POLARITY (GO_BP),1,208,0.7871790594188632,0.720691936555065,MAP7,0.7475160192677108,GO_BP
GOBP_POSITIVE_REGULATION_OF_CELL_CYCLE_PROCESS (GO_BP),1,209,0.7833651588841098,0.7224060600593489,PLCG2,0.7490094722938808,GO_BP
GOBP_REGULATION_OF_MITOTIC_CELL_CYCLE (GO_BP),2,417,0.7839418324096665,0.724029626101131,RPL26;INHBA,0.7504079350596541,GO_BP
GOBP_DNA_PACKAGING (GO_BP),1,212,0.7721403551763646,0.7274859484478288,H4C3,0.7537041446172308,GO_BP
GOBP_IMPORT_INTO_CELL (GO_BP),1,213,0.7684693481170404,0.729158627232759,NOS1,0.7551506298720762,GO_BP
GOBP_CELLULAR_RESPONSE_TO_EXTRACELLULAR_STIMULUS (GO_BP),1,214,0.7648328095999855,0.7308211014124818,PENK,0.7565854541158029,GO_BP
GOBP_CELLULAR_NITROGEN_COMPOUND_CATABOLIC_PROCESS (GO_BP),2,425,0.768882415075275,0.7336998949186513,PDE7B;TENT5A,0.7592779132333599,GO_BP
GOMF_KINASE_REGULATOR_ACTIVITY (GO_MF),1,217,0.7541252181422751,0.7357479132200508,RPLP1,0.7611089208348328,GO_MF
GOBP_CELLULAR_RESPIRATION (GO_BP),1,218,0.7506218107541508,0.737370184023072,ATP5F1E,0.7624982857126125,GO_BP
GOCC_CHROMOSOME_CENTROMERIC_REGION (GO_CC),1,219,0.747150543799909,0.7389825558952025,H4C3,0.7635873477676117,GO_CC
GOCC_NUCLEAR_CHROMOSOME (GO_CC),1,219,0.747150543799909,0.7389825558952025,H4C3,0.7635873477676117,GO_CC
GOBP_ENDOSOMAL_TRANSPORT (GO_BP),1,222,0.736925222707884,0.743760876458622,CALY,0.7679436497574657,GO_BP
GOBP_POSITIVE_REGULATION_OF_PROTEIN_CATABOLIC_PROCESS (GO_BP),1,222,0.736925222707884,0.743760876458622,SH3D19,0.7679436497574657,GO_BP
GOBP_ORGANIC_ACID_CATABOLIC_PROCESS (GO_BP),1,223,0.7335781939602641,0.7453342493389541,NOS1,0.7689867151283277,GO_BP
GOBP_POSITIVE_REGULATION_OF_DNA_METABOLIC_PROCESS (GO_BP),1,223,0.7335781939602641,0.7453342493389541,TOX,0.7689867151283277,GO_BP
GOBP_MRNA_CATABOLIC_PROCESS (GO_BP),1,224,0.7302611825689046,0.74689801986121,TENT5A,0.7703090982783098,GO_BP
GOBP_MULTICELLULAR_ORGANISMAL_HOMEOSTASIS (GO_BP),2,437,0.747331835885596,0.7476675930385964,STMN1;PCDH15,0.7708117012413767,GO_BP
GOBP_POSITIVE_REGULATION_OF_GTPASE_ACTIVITY (GO_BP),1,225,0.7269737865267422,0.7484522462716179,RASGEF1B,0.7710385079471099,GO_BP
GOBP_RESPONSE_TO_INSULIN (GO_BP),1,225,0.7269737865267422,0.7484522462716179,PRKCB,0.7710385079471099,GO_BP
GOBP_LEUKOCYTE_PROLIFERATION (GO_BP),1,227,0.7204862680366168,0.7515322979881863,TACR1,0.7739195723249384,GO_BP
GOCC_CELL_CELL_JUNCTION (GO_CC),2,443,0.7369963398826253,0.7544142990434013,EPHA4;CDH8,0.7761747465709339,GO_CC
GOBP_BIOLOGICAL_PROCESS_INVOLVED_IN_SYMBIOTIC_INTERACTION (GO_BP),1,229,0.714112562548468,0.7545748634733905,HS3ST5,0.7761747465709339,GO_BP
GOBP_CHROMATIN_REMODELING (GO_BP),1,229,0.714112562548468,0.7545748634733905,H4C3,0.7761747465709339,GO_BP
GOBP_PROTEIN_CONTAINING_COMPLEX_DISASSEMBLY (GO_BP),1,231,0.7078497011072354,0.7575803961939486,STMN1,0.7786797372998395,GO_BP
GOMF_HISTONE_BINDING (GO_MF),1,231,0.7078497011072354,0.7575803961939486,PRKCB,0.7786797372998395,GO_MF
GOBP_REGULATION_OF_VASCULATURE_DEVELOPMENT (GO_BP),1,233,0.7016948171328643,0.7605493441644963,PRKCB,0.7814372682141607,GO_BP
GOBP_GENERATION_OF_PRECURSOR_METABOLITES_AND_ENERGY (GO_BP),2,454,0.718760569455946,0.7663822713145363,ATP5F1E;DHRS3,0.786838339458646,GO_BP
GOCC_EXTERNAL_ENCAPSULATING_STRUCTURE (GO_CC),2,454,0.718760569455946,0.7663822713145363,FBN2;ADAMTS3,0.786838339458646,GO_CC
GOCC_NUCLEAR_ENVELOPE (GO_CC),2,456,0.7155399117702618,0.7685034093257637,ADRA1A;TRPC7,0.7887195831900264,GO_CC
GOBP_GERM_CELL_DEVELOPMENT (GO_BP),1,239,0.6838508095069522,0.7692410793039235,GPR149,0.7888837354784134,GO_BP
GOBP_NUCLEIC_ACID_PHOSPHODIESTER_BOND_HYDROLYSIS (GO_BP),1,239,0.6838508095069522,0.7692410793039235,RPS21,0.7888837354784134,GO_BP
GOBP_PROTEIN_ACYLATION (GO_BP),1,240,0.6809639106006902,0.7706588997367935,NOS1,0.7900410867797233,GO_BP
GOBP_ORGANIC_CYCLIC_COMPOUND_CATABOLIC_PROCESS (GO_BP),2,459,0.7107617790107615,0.7716539086669156,PDE7B;TENT5A,0.790764286892813,GO_BP
GOBP_REGULATION_OF_RESPONSE_TO_DNA_DAMAGE_STIMULUS (GO_BP),1,241,0.6781010685593398,0.7720680616431724,RPL26,0.79089192661196694,GO_BP
GOCC_MITOCHONDRIAL_MATRIX (GO_CC),2,462,0.7060459677698158,0.7747672255923913,ATP5F1E;ERBB4,0.7933593149954334,GO_CC
GOBP_MEIOTIC_CELL_CYCLE (GO_BP),1,244,0.6696539137167944,0.7762441201657362,CORT,0.7945737227033829,GO_BP
GOMF_NUCLEOSIDE_TRIPHOSPHATASE_REGULATOR_ACTIVITY (GO_MF),2,465,0.7013912666477186,0.7778436616323406,EEF1B2;RASGEF1B,0.7959127163424212,GO_MF
GOBP_NEGATIVE_REGULATION_OF_TRANSFERASE_ACTIVITY (GO_BP),1,247,0.6614127818076357,0.7803441249945205,RPS15,0.7981722117453317,GO_BP
GOBP_CELLULAR_RESPONSE_TO_PEPTIDE_HORMONE_STIMULUS (GO_BP),1,248,0.6587102232540127,0.7816941311218215,PRKCB,0.7992537147486689,GO_BP
GOBP_REGULATION_OF_CELLULAR_PROTEIN_CATABOLIC_PROCESS (GO_BP),1,249,0.6560294589778817,0.7830358903878718,EPHA4,0.8000265681441369,GO_BP
GOBP_REGULATION_OF_T_CELL_ACTIVATION (GO_BP),1,249,0.6560294589778817,0.7830358903878718,TOX,0.8000265681441369,GO_BP
GOBP_HISTONE_MODIFICATION (GO_BP),2,471,0.6922605041334202,0.7838871038736931,PRKCB;NOS1,0.8005967392217861,GO_BP
GOBP_DEVELOPMENTAL_MATURATION (GO_BP),1,251,0.6507322671585477,0.7856948683176455,UNC13B,0.8021430599534541,GO_BP
GOCC_LATE_ENDOSOME (GO_CC),1,256,0.6378528114605964,0.7922014612477623,RASGEF1B,0.808483628799566,GO_CC
GOCC_SECRETORY_GRANULE_MEMBRANE (GO_CC),1,260,0.6279072771677325,0.7972650560298163,SYT1,0.8133473545078179,GO_CC
GOBP_INTRINSIC_APOPTOTIC_SIGNALING_PATHWAY (GO_BP),1,263,0.6206474119667582,0.800982097313302,RPL26,0.8162246670756075,GO_BP
GOBP_PROTEIN_LOCALIZATION_TO_PLASMA_MEMBRANE (GO_BP),1,263,0.6206474119667582,0.800982097313302,MAP7,0.8162246670756075,GO_BP
GOMF_MICROTUBULE_BINDING (GO_MF),1,263,0.6206474119667582,0.800982097313302,EML5,0.8162246670756075,GO_MF
GOBP_RNA_CATABOLIC_PROCESS (GO_BP),1,266,0.6135519171814116,0.8046313965155151,TENT5A,0.8196375769801835,GO_BP
GOBP_VIRAL_LIFE_CYCLE (GO_BP),1,267,0.6112223178037006,0.8058329885264452,HS3ST5,0.8205555151624616,GO_BP
GOBP_ENDOMEMBRANE_SYSTEM_ORGANIZATION (GO_BP),2,496,0.6566030192299063,0.8075473936419297,SYT1;PRKCB,0.8219947566291875,GO_BP
GOBP_CELLULAR_AMINO_ACID_METABOLIC_PROCESS (GO_BP),1,269,0.6066152730362593,0.8082141807810065,NOS1,0.8223669626352194,GO_BP
GOBP_CELLULAR_RESPONSE_TO_EXTERNAL_STIMULUS (GO_BP),1,270,0.6043374398933924,0.8093938700148191,PENK,0.823260580637047,GO_BP
GOBP_NUCLEAR_CHROMOSOME_SEGREGATION (GO_BP),1,272,0.5998322041683842,0.8117316551594091,CORT,0.825023874298603,GO_BP
GOBP_POSITIVE_REGULATION_OF_ESTABLISHMENT_OF_PROTEIN_LOCALIZATION (GO_BP),1,272,0.5998322041683842,0.8117316551594091,UNC13B,0.825023874298603,GO_BP
GOCC_MITOCHONDRIAL_PROTEIN_CONTAINING_COMPLEX (GO_CC),1,273,0.597604430781669,0.8128898384578771,ATP5F1E,0.8258936565582077,GO_CC
GOBP_LIPID_CATABOLIC_PROCESS (GO_BP),1,275,0.5931976662474422,0.8151850030008326,PLCG2,0.8279175318688263,GO_BP
GOBP_LEUKOCYTE_MEDIATED_IMMUNITY (GO_BP),1,276,0.5910183203279299,0.816322070059201,PLCG2,0.8287641536548989,GO_BP
GOBP_REGULATION_OF_MRNA_METABOLIC_PROCESS (GO_BP),1,279,0.5845743529252457,0.8196917198391264,TENT5A,0.8318759148571736,GO_BP
GOBP_POSITIVE_REGULATION_OF_CELL_CYCLE (GO_BP),1,280,0.582457158639106,0.820801225990499,PLCG2,0.832383270768679,GO_BP
GOBP_REGULATION_OF_PROTEIN_STABILITY (GO_BP),1,280,0.582457158639106,0.820801225990499,EPHA4,0.832383270768679,GO_BP
GOCC_NUCLEAR_MEMBRANE (GO_CC),1,285,0.5720948295291435,0.8262477903682266,ADRA1A,0.8375956627674933,GO_CC
GOCC_EXTRINSIC_COMPONENT_OF_MEMBRANE (GO_CC),1,287,0.5680513450237972,0.8283800580715236,CDH8,0.8394456172888056,GO_CC
GOBP_NUCLEAR_TRANSPORT (GO_BP),1,288,0.566050735500608,0.8294364186208505,RPS15,0.8402043246489401,GO_BP
GOBP_CELLULAR_RESPONSE_TO_ABIOTIC_STIMULUS (GO_BP),1,289,0.5640640187944859,0.8304863164306386,RPL26,0.8406442291223404,GO_BP
GOBP_GLYCOPROTEIN_BIOSYNTHETIC_PROCESS (GO_BP),1,289,0.5640640187944859,0.8304863164306386,HS3ST5,0.8406442291223404,GO_BP
GOBP_CELLULAR_RESPONSE_TO_CHEMICAL_STRESS (GO_BP),1,290,0.5620910506923958,0.8315297907983803,PENK,0.8413886101038816,GO_BP
GOMF_GTPASE_BINDING (GO_MF),1,291,0.5601316889704063,0.8325668807840816,UNC13B,0.8421259820078988,GO_MF
GOBP_ENERGY_DERIVATION_BY_OXIDATION_OF_ORGANIC_COMPOUNDS (GO_BP),1,295,0.552427529129077,0.8366521698741805,ATP5F1E,0.8459448633566778,GO_BP
GOBP_ADAPTIVE_IMMUNE_RESPONSE (GO_BP),1,302,0.5394379469409252,0.8435644390901047,PRKCB,0.8526182395096505,GO_BP
GOBP_DNA_CONFORMATION_CHANGE (GO_BP),1,305,0.534054103135622,0.8464371009178163,H4C3,0.8548889506681051,GO_BP
GOMF_ATP_HYDROLYSIS_ACTIVITY (GO_MF),1,305,0.534054103135622,0.8464371009178163,DNAH14,0.8548889506681051,GO_MF
GOBP_REGULATION_OF_INTRACELLULAR_TRANSPORT (GO_BP),1,309,0.5270387881464806,0.8501859151781861,CALY,0.858357757616128,GO_BP
GOBP_CHROMOSOME_SEGREGATION (GO_BP),1,330,0.49298824990496976,0.8684246926381194,CORT,0.8764478328140074,GO_BP
GOBP_REGULATION_OF_PROTEIN_SERINE_THREONINE_KINASE_ACTIVITY (GO_BP),1,332,0.48997242315801187,0.8700420932086709,EPHA4,0.8777558021990692,GO_BP
GOBP_RESPONSE_TO_PEPTIDE_HORMONE (GO_BP),1,336,0.48404879253245353,0.8732178475021601,PRKCB,0.880634394951403,GO_BP
GOBP_SMALL_MOLECULE_CATABOLIC_PROCESS (GO_BP),1,341,0.47684024472745123,0.8770792765141944,NOS1,0.8842021056331726,GO_BP
GOBP_NEGATIVE_REGULATION_OF_PHOSPHORYLATION (GO_BP),1,342,0.4754239009468846,0.8778374186221924,INHBA,0.8846398488033976,GO_BP
GOMF_PROTEIN_SERINE_KINASE_ACTIVITY (GO_MF),1,343,0.47401583937747355,0.8785909130501874,PRKCB,0.8850725870675256,GO_MF
GOBP_REGULATION_OF_CELL_CELL_ADHESION (GO_BP),1,348,0.46709725872219815,0.8822896551466399,PRKG1,0.8884708879813692,GO_BP
GOCC_CHROMOSOMAL_REGION (GO_CC),1,351,0.4630409881471043,0.8844549144246603,H4C3,0.8903230266471608,GO_CC
GOBP_VIRAL_PROCESS (GO_BP),1,358,0.45384145734666104,0.8893544624220915,HS3ST5,0.8949252162397686,GO_BP
GOBP_PEPTIDYL_LYSINE_MODIFICATION (GO_BP),1,373,0.43529395271704263,0.8991690687433697,NOS1,0.904468039314233,GO_BP
GOBP_LIPID_LOCALIZATION (GO_BP),1,381,0.42600064512433977,0.9040445383814404,INHBA,0.9090374205889962,GO_BP
GOBP_ESTABLISHMENT_OF_ORGANELLE_LOCALIZATION (GO_BP),1,382,0.42486642111215,0.9046372576170504,RPS15,0.9092986200044771,GO_BP
GOCC_INTRINSIC_COMPONENT_OF_ORGANELLE_MEMBRANE (GO_CC),1,386,0.4203884427616404,0.9069719654110947,SYT1,0.9113099475856142,GO_CC
GOBP_RNA_SPLICING (GO_BP),1,390,0.4160025518378952,0.9092498540131779,RPS13,0.9132627257484329,GO_BP
GOBP_NEGATIVE_REGULATION_OF_PHOSPHORUS_METABOLIC_PROCESS (GO_BP),1,393,0.41277187030831725,0.9109218109777142,INHBA,0.91460568594858,GO_BP
REACTOME_NEUTROPHIL_DEGRANULATION (Reactome),1,402,0.4033698478110876,0.9157561853689776,EEF1A1,0.9191216987293928,Reactome
GOBP_ESTABLISHMENT_OF_PROTEIN_LOCALIZATION_TO_ORGANELLE (GO_BP),1,408,0.3973328296893514,0.9188333032559703,RYR2,0.9218713266686462,GO_BP
REACTOME_RHO_GTPASE_CYCLE (Reactome),1,432,0.3748655224609343,0.9300640348996729,CPNE8,0.9327965036030138,Reactome
GOBP_MRNA_PROCESSING (GO_BP),1,449,0.36040756461473183,0.9370708415039901,ADARB2,0.9394788796429504,GO_BP
GOBP_REGULATION_OF_ESTABLISHMENT_OF_PROTEIN_LOCALIZATION (GO_BP),1,458,0.35318880322511736,0.9404931232380691,UNC13B,0.9425639337846483,GO_BP
GOBP_ORGANELLE_FISSION (GO_BP),1,464,0.3485322021448379,0.9426712185917256,CORT,0.9444002560432878,GO_BP
GOBP_NEGATIVE_REGULATION_OF_PROTEIN_MODIFICATION_PROCESS (GO_BP),1,469,0.34474290599368507,0.9444256329492287,RPS15,0.9458109290738332,GO_BP
GOBP_POSITIVE_REGULATION_OF_CATABOLIC_PROCESS (GO_BP),1,478,0.3381223544247571,0.94745016663924,SH3D19,0.9484920839779196,GO_BP
GOBP_SMALL_MOLECULE_BIOSYNTHETIC_PROCESS (GO_BP),1,488,0.33105317152708386,0.9506192049393023,PLCG2,0.9513158844592284,GO_BP
GOBP_MITOCHONDRION_ORGANIZATION (GO_BP),1,493,0.32762633802363794,0.9521317442720798,ERBB4,0.9524805104787729,GO_BP
GOMF_ENZYME_ACTIVATOR_ACTIVITY (GO_MF),1,497,0.3249346137593124,0.953308548341993,RPLP1,0.953308548341993,GO_MF
