gene_set,n_hits,set_size,odds_ratio,pval,hit_genes,padj,collection
GOBP_NEURON_PROJECTION_GUIDANCE (GO_BP),13,213,17.296427642522605,6.284670272508998e-12,ALCAM;UNC5D;DCC;ROBO2;GAP43;ETV1;RELN;CHN1;CNTN5;NRP1;DSCAM;EPHA5;ROBO1,1.3116106858726279e-8,GO_BP
GOBP_AXON_DEVELOPMENT (GO_BP),16,440,10.266007413665815,5.1214443191892366e-11,ALCAM;UNC5D;DCC;ROBO2;GAP43;ETV1;ACTB;RELN;CHN1;LRRC4C;CNTN5;NRP1;DSCAM;EPHA5;CCK;ROBO1,5.3442271470739685e-8,GO_BP
GOBP_TAXIS (GO_BP),14,490,7.82469952961583,1.9206099468798344e-8,ALCAM;UNC5D;DCC;ROBO2;GAP43;ETV1;RELN;CHN1;CNTN5;NRP1;DSCAM;EPHA5;ROBO1;SMOC2,1.336104319712738e-5,GO_BP
KEGG_AXON_GUIDANCE (KEGG),8,121,17.994542554836137,4.5372081547170843e-8,UNC5D;DCC;ROBO2;NGEF;LRRC4C;NRP1;EPHA5;ROBO1,2.3672883547236388e-5,KEGG
GOBP_NEURON_RECOGNITION (GO_BP),6,49,34.843974330205114,5.7616674909085146e-8,CNTNAP2;ROBO2;GAP43;NRP1;DSCAM;ROBO1,2.4049200107052137e-5,GO_BP
GOBP_CELL_CELL_ADHESION_VIA_PLASMA_MEMBRANE_ADHESION_MOLECULES (GO_BP),10,244,11.029573864293827,8.505923189138985e-8,CDH8;ALCAM;UNC5D;CDH9;ROBO2;TENM3;LRRC4C;DSCAM;ROBO1;FAT3,2.9586436159555102e-5,GO_BP
GOBP_CELL_JUNCTION_ASSEMBLY (GO_BP),11,377,7.792760510846153,5.681974431841882e-7,CDH8;CDH9;CNTNAP2;DLC1;ROBO2;GAP43;ACTB;CNTN5;NRP1;DSCAM;LRRTM3,1.6940400913220013e-4,GO_BP
GOBP_SYNAPSE_ORGANIZATION (GO_BP),11,389,7.542409160193113,7.726808044494117e-7,CDH8;ROBO2;GAP43;ACTB;RELN;NGEF;LRRC4C;CNTN5;NRP1;DSCAM;LRRTM3,1.950485009413509e-4,GO_BP
GOCC_GLUTAMATERGIC_SYNAPSE (GO_CC),10,313,8.495443036863712,8.411291367858927e-7,CDH8;GUCY1A1;ACTB;SYT4;CALY;GRM3;SYN2;LRRC4C;NRP1;LRRTM3,1.950485009413509e-4,GO_CC
GOBP_FOREBRAIN_DEVELOPMENT (GO_BP),10,339,7.81533829125157,1.725569481388763e-6,FOXP2;CNTNAP2;DLC1;RARB;ROBO2;RELN;PRKG1;NRP1;EPHA5;ROBO1,3.601263507658348e-4,GO_BP
GOBP_REGULATION_OF_AXONOGENESIS (GO_BP),7,148,12.489278920232806,3.11682748591226e-6,DCC;ROBO2;CHN1;LRRC4C;NRP1;DSCAM;ROBO1,5.913471784635352e-4,GO_BP
GOBP_HOMOPHILIC_CELL_ADHESION_VIA_PLASMA_MEMBRANE_ADHESION_MOLECULES (GO_BP),7,156,11.81544953861484,4.4163141735952465e-6,CDH8;CDH9;ROBO2;TENM3;DSCAM;ROBO1;FAT3,7.6807064002444e-4,GO_BP
HALLMARK_KRAS_SIGNALING_UP (Hallmark),7,168,10.931487642127069,7.1900127386635e-6,PCP4;GUCY1A1;ETV1;RELN;MAP7;NRP1;SPON1,0.001037150704942229,Hallmark
REACTOME_ADHERENS_JUNCTIONS_INTERACTIONS (Reactome),4,30,37.75318519374447,7.402033090702526e-6,CDH8;CDH9;ACTB;CADM2,0.001037150704942229,Reactome
GOBP_REGULATION_OF_NEURON_PROJECTION_DEVELOPMENT (GO_BP),10,403,6.526784664097013,7.950675327287986e-6,DCC;ROBO2;TENM3;RELN;CHN1;NGEF;LRRC4C;NRP1;DSCAM;ROBO1,0.001037150704942229,GO_BP
GOBP_NETRIN_ACTIVATED_SIGNALING_PATHWAY (GO_BP),3,10,104.12353295392856,8.44828077815903e-6,UNC5D;DCC;DSCAM,0.001037150704942229,GO_BP
REACTOME_REGULATION_OF_COMMISSURAL_AXON_PATHFINDING_BY_SLIT_AND_ROBO (Reactome),3,10,104.12353295392856,8.44828077815903e-6,DCC;ROBO2;ROBO1,0.001037150704942229,Reactome
GOBP_CELL_RECOGNITION (GO_BP),6,123,12.78887966954293,1.3612944919727075e-5,CNTNAP2;ROBO2;GAP43;NRP1;DSCAM;ROBO1,0.001578345335970578,GO_BP
GOBP_MECHANOSENSORY_BEHAVIOR (GO_BP),3,12,80.97540555732587,1.539387973799842e-5,CNTNAP2;SLC1A3;ETV1,0.0016908961585896157,GO_BP
GOCC_SYNAPTIC_MEMBRANE (GO_CC),9,357,6.581077325558515,2.0331917399146676e-5,CDH8;KCTD16;DCC;GABRB1;GRM3;LRRC4C;CNTN5;NRP1;LRRTM3,0.0021216355806009555,GO_CC
GOBP_NEURON_MIGRATION (GO_BP),6,147,10.607706149099553,3.732038067490711e-5,UNC5D;DCC;RELN;PRKG1;NRP1;CCK,0.003708934974691959,GO_BP
GOCC_INTRINSIC_COMPONENT_OF_SYNAPTIC_MEMBRANE (GO_CC),6,153,10.169708524342585,4.66805304739254e-5,DCC;GRM3;LRRC4C;CNTN5;NRP1;LRRTM3,0.004251858962862583,GO_CC
GOBP_RETINAL_GANGLION_CELL_AXON_GUIDANCE (GO_BP),3,17,52.108879756173664,4.685805277711519e-5,ALCAM;ROBO2;NRP1,0.004251858962862583,GO_BP
GOBP_STRIATUM_DEVELOPMENT (GO_BP),3,18,48.65350413304927,5.605781626206977e-5,FOXP2;CNTNAP2;RARB,0.004851431021159365,GO_BP
REACTOME_NETRIN_1_SIGNALING (Reactome),4,50,21.340048228415164,5.831065512814322e-5,UNC5D;DCC;DSCAM;ROBO1,0.004851431021159365,Reactome
GOBP_TELENCEPHALON_DEVELOPMENT (GO_BP),7,234,7.734116112480649,6.0439485649326054e-5,FOXP2;CNTNAP2;RARB;ROBO2;RELN;EPHA5;ROBO1,0.004851431021159365,GO_BP
GOMF_CELL_CELL_ADHESION_MEDIATOR_ACTIVITY (GO_MF),4,51,20.88720944523975,6.306936967714216e-5,ROBO2;LRRC4C;CNTN5;DSCAM,0.004875028685785025,GO_MF
GOBP_OUTFLOW_TRACT_SEPTUM_MORPHOGENESIS (GO_BP),3,19,45.66687412502563,6.636524829391813e-5,ROBO2;NRP1;ROBO1,0.00494658118533597,GO_BP
GOBP_SECOND_MESSENGER_MEDIATED_SIGNALING (GO_BP),7,242,7.468986626279758,7.463016349346008e-5,RYR2;PDE7B;GUCY1A1;CALM2;PRKG1;EPHA5;PLCG2,0.005370798317615559,GO_BP
GOBP_NEURAL_NUCLEUS_DEVELOPMENT (GO_BP),4,55,19.251634741501732,8.497109445485286e-5,FOXP2;ACTB;GLUD1;CALM2,0.005720473358944449,GO_BP
REACTOME_CELL_CELL_JUNCTION_ORGANIZATION (Reactome),4,55,19.251634741501732,8.497109445485286e-5,CDH8;CDH9;ACTB;CADM2,0.005720473358944449,Reactome
GOBP_SUBPALLIUM_DEVELOPMENT (GO_BP),3,22,38.37815249852769,1.0450856390634361e-4,FOXP2;CNTNAP2;RARB,0.0068159179022668475,GO_BP
GOCC_POSTSYNAPTIC_MEMBRANE (GO_CC),7,261,6.9040740854998415,1.1945262976320207e-4,KCTD16;DCC;GABRB1;GRM3;LRRC4C;NRP1;LRRTM3,0.007554473888357658,GO_CC
GOMF_CELL_ADHESION_MEDIATOR_ACTIVITY (GO_MF),4,61,17.21828252529531,1.2752435749103936e-4,ROBO2;LRRC4C;CNTN5;DSCAM,0.007827745120111739,GO_MF
REACTOME_L1CAM_INTERACTIONS (Reactome),5,118,10.93859068718637,1.4275566625810454e-4,ALCAM;GAP43;ACTB;TUBA1B;NRP1,0.00851231644230469,Reactome
GOCC_INTRINSIC_COMPONENT_OF_POSTSYNAPTIC_MEMBRANE (GO_CC),5,119,10.842294283009137,1.4852264738645377e-4,DCC;GRM3;LRRC4C;NRP1;LRRTM3,0.00861018791932025,GO_CC
GOBP_MOTOR_NEURON_AXON_GUIDANCE (GO_BP),3,25,33.18440113945832,1.5465905372797042e-4,ALCAM;CHN1;NRP1,0.008723606625142547,GO_BP
GOCC_GABA_ERGIC_SYNAPSE (GO_CC),4,70,14.86872349621734,2.1765479080636637e-4,GUCY1A1;GAP43;GABRB1;CNTN5,0.011953830221391753,GO_CC
GOCC_SCHAFFER_COLLATERAL_CA1_SYNAPSE (GO_CC),4,72,14.431473102165262,2.426488732928075e-4,DCC;ACTB;SYN2;LRRC4C,0.012984825604156133,GO_CC
GOBP_POSITIVE_REGULATION_OF_AXONOGENESIS (GO_BP),4,73,14.222454618334023,2.5589025383135805e-4,ROBO2;NRP1;DSCAM;ROBO1,0.013156414949038117,GO_BP
GOBP_REGULATION_OF_NERVOUS_SYSTEM_DEVELOPMENT (GO_BP),8,393,5.23091183476409,2.5846335069983843e-4,DCC;ROBO2;RELN;SYT4;NRP1;DSCAM;ROBO1;LRRTM3,0.013156414949038117,GO_BP
GOBP_REGULATION_OF_GTPASE_ACTIVITY (GO_BP),7,310,5.777832255995716,3.411835497934666e-4,ELMOD1;RAPGEF5;RGS6;CHN1;PRKG1;NGEF;EPHA5,0.016816496412761117,GO_BP
REACTOME_CELL_JUNCTION_ORGANIZATION (Reactome),4,79,13.075738016910114,3.464826764488395e-4,CDH8;CDH9;ACTB;CADM2,0.016816496412761117,Reactome
GOBP_DENDRITE_DEVELOPMENT (GO_BP),6,222,6.903567954040352,3.557792001124708e-4,DCC;RELN;PRKG1;NGEF;NRP1;DSCAM,0.01687525433260742,GO_BP
GOBP_REGULATION_OF_NEUROGENESIS (GO_BP),7,320,5.591176789004215,4.126513862105894e-4,DCC;ROBO2;RELN;SYT4;NRP1;DSCAM;ROBO1,0.01913785428936667,GO_BP
GOBP_NEURON_PROJECTION_EXTENSION_INVOLVED_IN_NEURON_PROJECTION_GUIDANCE (GO_BP),3,35,22.796506701390726,4.268682779070939e-4,ALCAM;NRP1;DSCAM,0.019366828173741413,GO_BP
GOCC_POTASSIUM_CHANNEL_COMPLEX (GO_CC),4,85,12.108459144957873,4.5799941891583546e-4,KCNIP4;CNTNAP2;CALM2;KCNQ5,0.02033712313356061,GO_CC
GOBP_POSTSYNAPSE_ORGANIZATION (GO_BP),5,153,8.340560152723958,4.7513949341207614e-4,GAP43;ACTB;RELN;NGEF;NRP1,0.020658669223979225,GO_BP
GOBP_POSITIVE_REGULATION_OF_CALCIUM_ION_TRANSMEMBRANE_TRANSPORTER_ACTIVITY (GO_BP),3,37,21.465611026787943,5.036808928349072e-4,RYR2;CALM2;PLCG2,0.021452694354009212,GO_BP
GOBP_PALLIUM_DEVELOPMENT (GO_BP),5,160,7.961946685720515,5.823171397267891e-4,FOXP2;CNTNAP2;RELN;EPHA5;ROBO1,0.023186270887418554,GO_BP
GOBP_POSITIVE_REGULATION_OF_NERVOUS_SYSTEM_DEVELOPMENT (GO_BP),6,244,6.261215296732081,5.85901275965153e-4,ROBO2;RELN;NRP1;DSCAM;ROBO1;LRRTM3,0.023186270887418554,GO_BP
GOBP_SUBSTANTIA_NIGRA_DEVELOPMENT (GO_BP),3,39,20.268636977033882,5.888224039449848e-4,ACTB;GLUD1;CALM2,0.023186270887418554,GO_BP
GOBP_VASCULAR_ENDOTHELIAL_GROWTH_FACTOR_SIGNALING_PATHWAY (GO_BP),3,39,20.268636977033882,5.888224039449848e-4,NRP1;ROBO1;SMOC2,0.023186270887418554,GO_BP
GOMF_CALCIUM_CHANNEL_REGULATOR_ACTIVITY (GO_MF),3,40,19.735393332910913,6.346270091948013e-4,CALM2;PRKG1;GRM3,0.024527158670176855,GO_MF
GOBP_LIMBIC_SYSTEM_DEVELOPMENT (GO_BP),4,96,10.658298928401395,7.253218293618353e-4,CNTNAP2;RELN;NRP1;EPHA5,0.02752266650687546,GO_BP
GOBP_SYNAPSE_ASSEMBLY (GO_BP),5,169,7.522852656129836,7.45634293636786e-4,ROBO2;GAP43;CNTN5;DSCAM;LRRTM3,0.027641694989213376,GO_BP
GOBP_RELAXATION_OF_SMOOTH_MUSCLE (GO_BP),2,10,60.294795687906586,7.681927692258628e-4,GUCY1A1;PRKG1,0.027641694989213376,GO_BP
GOBP_RETROGRADE_TRANS_SYNAPTIC_SIGNALING (GO_BP),2,10,60.294795687906586,7.681927692258628e-4,GUCY1A1;SYT4,0.027641694989213376,GO_BP
GOBP_CARDIAC_CHAMBER_MORPHOGENESIS (GO_BP),4,98,10.43049074330671,7.836624045426132e-4,RYR2;ROBO2;NRP1;ROBO1,0.027720397258990403,GO_BP
GOCC_DISTAL_AXON (GO_CC),6,261,5.840173207207893,8.32121703518633e-4,CDH8;DCC;GAP43;ACTB;NGEF;DSCAM,0.028943966587389784,GO_CC
GOBP_OLFACTORY_BULB_INTERNEURON_DIFFERENTIATION (GO_BP),2,11,53.55667253450813,9.363287534041207e-4,ROBO2;ROBO1,0.030631900483390536,GO_BP
GOBP_REGULATION_OF_MYOBLAST_PROLIFERATION (GO_BP),2,11,53.55667253450813,9.363287534041207e-4,MEIS2;MALAT1,0.030631900483390536,GO_BP
REACTOME_DSCAM_INTERACTIONS (Reactome),2,11,53.55667253450813,9.363287534041207e-4,DCC;DSCAM,0.030631900483390536,Reactome
GOBP_REGULATION_OF_CELL_JUNCTION_ASSEMBLY (GO_BP),5,178,7.129961476699455,9.409878555448709e-4,CNTNAP2;DLC1;ROBO2;NRP1;LRRTM3,0.030631900483390536,GO_BP
GOCC_ION_CHANNEL_COMPLEX (GO_CC),6,268,5.6826827292572135,9.540361913849471e-4,KCNIP4;RYR2;CNTNAP2;GABRB1;CALM2;KCNQ5,0.030631900483390536,GO_CC
GOBP_POSITIVE_REGULATION_OF_HYDROLASE_ACTIVITY (GO_BP),8,484,4.215909830291601,0.0010131752757805636,DLC1;ELMOD1;RAPGEF5;RGS6;CALM2;CHN1;NGEF;ROBO1,0.03189009765867501,GO_BP
GOBP_REGULATION_OF_CHEMOTAXIS (GO_BP),5,182,6.965370488999622,0.0010390640348777675,ROBO2;NRP1;DSCAM;ROBO1;SMOC2,0.03189009765867501,GO_BP
GOBP_RESPONSE_TO_MECHANICAL_STIMULUS (GO_BP),5,182,6.965370488999622,0.0010390640348777675,MEIS2;RYR2;CNTNAP2;SLC1A3;ETV1,0.03189009765867501,GO_BP
GOBP_RESPONSE_TO_REDOX_STATE (GO_BP),2,12,48.22611676446552,0.0011205157281373463,RYR2;NPAS2,0.032857957932230494,GO_BP
GOBP_POSITIVE_REGULATION_OF_TRANSPORTER_ACTIVITY (GO_BP),4,108,9.421803424702613,0.0011259137750863097,RYR2;CALM2;RELN;PLCG2,0.032857957932230494,GO_BP
GOCC_PLASMA_MEMBRANE_PROTEIN_COMPLEX (GO_CC),8,493,4.13629978098598,0.0011394771601033105,KCNIP4;CDH8;GNAL;CDH9;CNTNAP2;SGCZ;CALM2;KCNQ5,0.032857957932230494,GO_CC
GOBP_ADHERENS_JUNCTION_ORGANIZATION (GO_BP),3,49,15.864797789916055,0.0011514367046203452,CDH8;CDH9;ACTB,0.032857957932230494,GO_BP
GOBP_EPHRIN_RECEPTOR_SIGNALING_PATHWAY (GO_BP),3,49,15.864797789916055,0.0011514367046203452,CHN1;NGEF;EPHA5,0.032857957932230494,GO_BP
GOBP_CEREBRAL_CORTEX_DEVELOPMENT (GO_BP),4,109,9.336041712956389,0.001165064152843822,FOXP2;CNTNAP2;RELN;ROBO1,0.032857957932230494,GO_BP
GOBP_REGULATION_OF_SMALL_GTPASE_MEDIATED_SIGNAL_TRANSDUCTION (GO_BP),6,281,5.412164169497425,0.0012164964689997267,DLC1;RELN;CHN1;NGEF;NRP1;ROBO1,0.03361134973238323,GO_BP
GOBP_NEGATIVE_REGULATION_OF_LOCOMOTION (GO_BP),6,282,5.392359778804521,0.0012387627827943764,DLC1;DACH1;ROBO2;PRKG1;NRP1;ROBO1,0.03361134973238323,GO_BP
REACTOME_NEURONAL_SYSTEM (Reactome),7,387,4.594197617570453,0.0012563808476028105,GNAL;SLC1A3;GABRB1;TUBA1B;SYN2;KCNQ5;LRRTM3,0.03361134973238323,Reactome
REACTOME_CELL_CELL_COMMUNICATION (Reactome),4,112,9.074010041071892,0.001288230690838484,CDH8;CDH9;ACTB;CADM2,0.03361134973238323,Reactome
GOBP_DETECTION_OF_CALCIUM_ION (GO_BP),2,13,43.86784761295606,0.0013206184370174532,RYR2;CALM2,0.03361134973238323,GO_BP
GOBP_NEGATIVE_REGULATION_OF_SMOOTH_MUSCLE_CONTRACTION (GO_BP),2,13,43.86784761295606,0.0013206184370174532,GUCY1A1;PRKG1,0.03361134973238323,GO_BP
GOBP_TRANS_SYNAPTIC_SIGNALING_MODULATING_SYNAPTIC_TRANSMISSION (GO_BP),2,13,43.86784761295606,0.0013206184370174532,GUCY1A1;SYT4,0.03361134973238323,GO_BP
GOCC_AXOLEMMA (GO_CC),2,13,43.86784761295606,0.0013206184370174532,CNTNAP2;ROBO2,0.03361134973238323,GO_CC
GOBP_REGULATION_OF_MUSCLE_SYSTEM_PROCESS (GO_BP),5,194,6.521548980904825,0.0013790282349319112,RYR2;GUCY1A1;CALM2;PRKG1;FOXO1,0.034675083449432514,GO_BP
GOCC_INTRINSIC_COMPONENT_OF_POSTSYNAPTIC_DENSITY_MEMBRANE (GO_CC),3,53,14.595654338477722,0.0014463363481465685,DCC;LRRC4C;LRRTM3,0.03593457093549867,GO_CC
GOBP_REGULATION_OF_SYNAPSE_STRUCTURE_OR_ACTIVITY (GO_BP),5,198,6.3854372338795855,0.0015087356748133842,CDH8;ROBO2;RELN;NGEF;LRRTM3,0.037002736731085596,GO_BP
GOBP_HEART_FIELD_SPECIFICATION (GO_BP),2,14,40.18850398784802,0.0015365024586149482,ROBO2;ROBO1,0.037002736731085596,GO_BP
GOBP_POSITIVE_REGULATION_OF_NEUROGENESIS (GO_BP),5,199,6.352285963814552,0.0015425194516552213,ROBO2;RELN;NRP1;DSCAM;ROBO1,0.037002736731085596,GO_BP
GOBP_NEGATIVE_REGULATION_OF_CHEMOTAXIS (GO_BP),3,56,13.77079479929995,0.0016959116407289875,ROBO2;NRP1;ROBO1,0.03901859486131339,GO_BP
GOBP_HEART_MORPHOGENESIS (GO_BP),5,205,6.16035764210129,0.001757042567613451,RYR2;DLC1;ROBO2;NRP1;ROBO1,0.03901859486131339,GO_BP
GOCC_CATION_CHANNEL_COMPLEX (GO_CC),5,205,6.16035764210129,0.001757042567613451,KCNIP4;RYR2;CNTNAP2;CALM2;KCNQ5,0.03901859486131339,GO_CC
GOBP_CELL_CELL_JUNCTION_ASSEMBLY (GO_BP),4,122,8.301194511142068,0.0017643957361281608,CDH8;CDH9;CNTNAP2;ACTB,0.03901859486131339,GO_BP
GOBP_MYOBLAST_PROLIFERATION (GO_BP),2,15,37.10695813040043,0.0017680342019547168,MEIS2;MALAT1,0.03901859486131339,GO_BP
GOBP_POSITIVE_REGULATION_OF_SEQUESTERING_OF_CALCIUM_ION (GO_BP),2,15,37.10695813040043,0.0017680342019547168,RYR2;CALM2,0.03901859486131339,GO_BP
GOBP_PULMONARY_VALVE_MORPHOGENESIS (GO_BP),2,15,37.10695813040043,0.0017680342019547168,ROBO2;ROBO1,0.03901859486131339,GO_BP
GOBP_CELLULAR_RESPONSE_TO_VASCULAR_ENDOTHELIAL_GROWTH_FACTOR_STIMULUS (GO_BP),3,57,13.516365413280882,0.0017846966936120715,NRP1;ROBO1;SMOC2,0.03901859486131339,GO_BP
GOBP_DEVELOPMENTAL_CELL_GROWTH (GO_BP),5,206,6.129485783175226,0.0017948179715793417,ALCAM;DCC;SYT4;NRP1;DSCAM,0.03901859486131339,GO_BP
GOBP_CARDIAC_SEPTUM_MORPHOGENESIS (GO_BP),3,58,13.260480766657537,0.0018763336660529474,ROBO2;NRP1;ROBO1,0.040370189289201046,GO_BP
REACTOME_SIGNALING_BY_ROBO_RECEPTORS (Reactome),5,211,5.979624332896286,0.00199269143527868,RPL37A;DCC;ROBO2;NRP1;ROBO1,0.042436194137006174,Reactome
GOMF_CHANNEL_REGULATOR_ACTIVITY (GO_MF),4,127,7.962560834209043,0.0020430517444894785,KCNIP4;CALM2;PRKG1;GRM3,0.04306918172474284,GO_MF
GOBP_NEGATIVE_REGULATION_OF_NERVOUS_SYSTEM_DEVELOPMENT (GO_BP),4,128,7.8980768443509595,0.0021022207333890033,DCC;ROBO2;SYT4;NRP1,0.0438733467058285,GO_BP
GOBP_DEVELOPMENTAL_GROWTH_INVOLVED_IN_MORPHOGENESIS (GO_BP),5,215,5.864874984734326,0.002162120462986799,ALCAM;DCC;SYT4;NRP1;DSCAM,0.04394202194892166,GO_BP
GOBP_POSITIVE_REGULATION_OF_CELL_PROJECTION_ORGANIZATION (GO_BP),6,315,4.809928370109864,0.002165628601844091,ROBO2;TENM3;RELN;NRP1;DSCAM;ROBO1,0.04394202194892166,GO_BP
GOBP_POSITIVE_REGULATION_OF_CALCIUM_ION_TRANSMEMBRANE_TRANSPORT (GO_BP),3,61,12.576785881311626,0.0021686766941729427,RYR2;CALM2;PLCG2,0.04394202194892166,GO_BP
GOBP_MORPHOGENESIS_OF_AN_EPITHELIUM (GO_BP),7,428,4.140586516870447,0.0022225170948525137,RYR2;PRICKLE2;DLC1;FOXP1;ACTB;FRAS1;NRP1,0.04459993439381919,GO_BP
GOBP_ORGAN_INDUCTION (GO_BP),2,17,32.16466123982376,0.0022775106152461825,ROBO2;ROBO1,0.045268234800178886,GO_BP
GOBP_OUTFLOW_TRACT_MORPHOGENESIS (GO_BP),3,63,12.157834015457148,0.0023784098938817297,ROBO2;NRP1;ROBO1,0.04639010699561841,GO_BP
GOBP_POSITIVE_REGULATION_OF_CATION_CHANNEL_ACTIVITY (GO_BP),3,63,12.157834015457148,0.0023784098938817297,CALM2;RELN;PLCG2,0.04639010699561841,GO_BP
GOBP_RESPONSE_TO_CALCIUM_ION (GO_BP),4,133,7.590751802880453,0.0024159065375918476,RYR2;CALM2;SYT4;PLCG2,0.04668515688846468,GO_BP
GOBP_CYCLIC_NUCLEOTIDE_MEDIATED_SIGNALING (GO_BP),3,64,11.958165863738254,0.002487818363631758,PDE7B;PRKG1;EPHA5,0.0468687036034711,GO_BP
GOBP_OVULATION_CYCLE (GO_BP),3,64,11.958165863738254,0.002487818363631758,GPR149;ROBO2;GABRB1,0.0468687036034711,GO_BP
GOBP_DENDRITE_MORPHOGENESIS (GO_BP),4,135,7.474455889788915,0.0025499259253000885,RELN;NGEF;NRP1;DSCAM,0.0468687036034711,GO_BP
GOBP_POSITIVE_REGULATION_OF_CREB_TRANSCRIPTION_FACTOR_ACTIVITY (GO_BP),2,18,30.158320488530805,0.0025551922151191963,RELN;EPHA5,0.0468687036034711,GO_BP
GOCC_ASTROCYTE_PROJECTION (GO_CC),2,18,30.158320488530805,0.0025551922151191963,SYT4;GRM3,0.0468687036034711,GO_CC
GOBP_REGULATION_OF_CELL_DEVELOPMENT (GO_BP),7,439,4.033076039134606,0.0025601495978896526,DCC;ROBO2;RELN;SYT4;NRP1;DSCAM;ROBO1,0.0468687036034711,GO_BP
GOBP_SENSORY_SYSTEM_DEVELOPMENT (GO_BP),6,327,4.628720504358128,0.0026077274280203963,ABCB5;MEIS2;RARB;TENM3;NRP1;DSCAM,0.04693899626023063,GO_BP
GOBP_POSITIVE_REGULATION_OF_EPITHELIAL_CELL_MIGRATION (GO_BP),4,136,7.417646371163965,0.0026188133932477696,FOXP1;NRP1;SMOC2;PLCG2,0.04693899626023063,GO_BP
GOBP_POSITIVE_REGULATION_OF_GTPASE_ACTIVITY (GO_BP),5,225,5.596259133633582,0.0026314626557005193,ELMOD1;RAPGEF5;RGS6;CHN1;NGEF,0.04693899626023063,GO_BP
GOBP_REGULATION_OF_MUSCLE_CONTRACTION (GO_BP),4,137,7.361702826144091,0.002688968163979204,RYR2;GUCY1A1;CALM2;PRKG1,0.04755827591715761,GO_BP
GOBP_CARDIAC_CHAMBER_DEVELOPMENT (GO_BP),4,138,7.306606055312041,0.0027604017796039786,RYR2;ROBO2;NRP1;ROBO1,0.04841141608431516,GO_BP
GOBP_PULMONARY_VALVE_DEVELOPMENT (GO_BP),2,19,28.38948057815822,0.0028479953876868773,ROBO2;ROBO1,0.049531386450854274,GO_BP
GOBP_POSITIVE_REGULATION_OF_CELLULAR_COMPONENT_BIOGENESIS (GO_BP),7,450,3.931331935267888,0.00293600965908481,SLAIN1;CNTNAP2;CALY;NRP1;LDB2;PLCG2;LRRTM3,0.05051302534455166,GO_BP
REACTOME_POST_TRANSLATIONAL_MODIFICATION_SYNTHESIS_OF_GPI_ANCHORED_PROTEINS (Reactome),3,68,11.220927221177217,0.0029564047619873683,LSAMP;CNTN5;MDGA2,0.05051302534455166,Reactome
GOBP_POSITIVE_REGULATION_OF_ION_TRANSMEMBRANE_TRANSPORT (GO_BP),4,141,7.1462106492356385,0.0029824905201998853,RYR2;CALM2;RELN;PLCG2,0.05051302534455166,GO_BP
GOBP_POSITIVE_REGULATION_OF_ION_TRANSPORT (GO_BP),5,232,5.423023440396376,0.0030012530631166293,RYR2;CALM2;RELN;SYT4;PLCG2,0.05051302534455166,GO_BP
GOCC_EXTERNAL_ENCAPSULATING_STRUCTURE (GO_CC),7,454,3.895584305965406,0.003082702178871484,COL25A1;ADAMTS19;FRAS1;RELN;SMOC2;SPON1;LRRTM3,0.05145417999151272,GO_CC
GOBP_CENTRAL_NERVOUS_SYSTEM_NEURON_DIFFERENTIATION (GO_BP),4,143,7.043180868135625,0.0031371536957445034,DCC;GABRB1;NRP1;MDGA2,0.05145417999151272,GO_BP
GOBP_NEGATIVE_REGULATION_OF_MUSCLE_CONTRACTION (GO_BP),2,20,26.817536708503184,0.003155790627174714,GUCY1A1;PRKG1,0.05145417999151272,GO_BP
GOBP_REGULATION_OF_CARDIAC_MUSCLE_CONTRACTION_BY_REGULATION_OF_THE_RELEASE_OF_SEQUESTERED_CALCIUM_ION (GO_BP),2,20,26.817536708503184,0.003155790627174714,RYR2;CALM2,0.05145417999151272,GO_BP
GOCC_NEURON_TO_NEURON_SYNAPSE (GO_CC),6,345,4.379452634300413,0.003393873905661379,DCC;GAP43;GRM3;SYN2;LRRC4C;LRRTM3,0.05490709179159146,GO_CC
GOBP_POSITIVE_REGULATION_OF_AMYLOID_PRECURSOR_PROTEIN_CATABOLIC_PROCESS (GO_BP),2,21,25.40580306015731,0.0034784492315909927,SPON1;LRRTM3,0.054996390502503045,GO_BP
GOBP_REGULATION_OF_ANIMAL_ORGAN_FORMATION (GO_BP),2,21,25.40580306015731,0.0034784492315909927,ROBO2;ROBO1,0.054996390502503045,GO_BP
GOBP_REGULATION_OF_CELLULAR_RESPONSE_TO_VASCULAR_ENDOTHELIAL_GROWTH_FACTOR_STIMULUS (GO_BP),2,21,25.40580306015731,0.0034784492315909927,ROBO1;SMOC2,0.054996390502503045,GO_BP
GOMF_NUCLEOSIDE_TRIPHOSPHATASE_REGULATOR_ACTIVITY (GO_MF),7,465,3.8005293466538483,0.003515159544384605,DLC1;ELMOD1;RAPGEF5;RGS6;CHN1;NGEF;NRP1,0.05515893209872685,GO_MF
GOCC_PRESYNAPSE (GO_CC),7,469,3.767098937415841,0.003683387928628932,CDH8;KCTD16;ACTB;SYT4;GRM3;SYN2;CNTN5,0.05736739258991479,GO_CC
GOBP_CENTRAL_NERVOUS_SYSTEM_NEURON_DEVELOPMENT (GO_BP),3,74,10.267777181590866,0.003755134103144991,DCC;GABRB1;NRP1,0.05805159165380441,GO_BP
GOBP_HEART_FORMATION (GO_BP),2,22,24.13667596125349,0.0038158432983594528,ROBO2;ROBO1,0.058128941340702026,GO_BP
REACTOME_NITRIC_OXIDE_STIMULATES_GUANYLATE_CYCLASE (Reactome),2,22,24.13667596125349,0.0038158432983594528,GUCY1A1;PRKG1,0.058128941340702026,Reactome
GOBP_POSITIVE_REGULATION_OF_LOCOMOTION (GO_BP),7,477,3.7019668169260522,0.004038194603759447,FOXP1;RELN;NRP1;DSCAM;MALAT1;SMOC2;PLCG2,0.05998424989065631,GO_BP
GOBP_SMALL_GTPASE_MEDIATED_SIGNAL_TRANSDUCTION (GO_BP),7,477,3.7019668169260522,0.004038194603759447,DLC1;RAPGEF5;RELN;CHN1;NGEF;NRP1;ROBO1,0.05998424989065631,GO_BP
KEGG_OLFACTORY_TRANSDUCTION (KEGG),3,76,9.987691757123445,0.004047755977031489,GNAL;CALM2;PRKG1,0.05998424989065631,KEGG
GOBP_ENDOCARDIAL_CUSHION_FORMATION (GO_BP),2,23,22.989950396442726,0.004167845719974013,ROBO2;ROBO1,0.05998424989065631,GO_BP
GOBP_RESPONSE_TO_AUDITORY_STIMULUS (GO_BP),2,23,22.989950396442726,0.004167845719974013,CNTNAP2;SLC1A3,0.05998424989065631,GO_BP
GOBP_MIDBRAIN_DEVELOPMENT (GO_BP),3,77,9.852840310747283,0.004199121002635053,ACTB;GLUD1;CALM2,0.05998424989065631,GO_BP
GOBP_REGULATION_OF_RHO_PROTEIN_SIGNAL_TRANSDUCTION (GO_BP),3,77,9.852840310747283,0.004199121002635053,DLC1;NRP1;ROBO1,0.05998424989065631,GO_BP
GOBP_SPINAL_CORD_DEVELOPMENT (GO_BP),3,77,9.852840310747283,0.004199121002635053,DCC;RELN;MDGA2,0.05998424989065631,GO_BP
GOCC_INTRINSIC_COMPONENT_OF_POSTSYNAPTIC_SPECIALIZATION_MEMBRANE (GO_CC),3,77,9.852840310747283,0.004199121002635053,DCC;LRRC4C;LRRTM3,0.05998424989065631,GO_CC
GOBP_CELLULAR_RESPONSE_TO_ORGANIC_CYCLIC_COMPOUND (GO_BP),7,481,3.6702360325932486,0.004225052579744359,RYR2;GNAL;FOXP1;SLC1A3;ACTB;GABRB1;CALY,0.05998424989065631,GO_BP
REACTOME_TRANSMISSION_ACROSS_CHEMICAL_SYNAPSES (Reactome),5,253,4.958957256103444,0.004335489891707512,GNAL;SLC1A3;GABRB1;TUBA1B;SYN2,0.060983622888650516,Reactome
GOBP_ARTERY_DEVELOPMENT (GO_BP),3,78,9.721411664888146,0.004353885869865322,ROBO2;NRP1;ROBO1,0.060983622888650516,GO_BP
GOBP_REGULATION_OF_TRANSPORTER_ACTIVITY (GO_BP),5,254,4.938921281350733,0.004408037777791384,RYR2;ACTB;CALM2;RELN;PLCG2,0.06133049894833746,GO_BP
GOBP_REGULATION_OF_TRANSMEMBRANE_TRANSPORT (GO_BP),7,487,3.622843245371711,0.004517554025730657,KCNIP4;RYR2;ACTB;CALM2;RELN;PLCG2;KCNQ5,0.06225754661172586,GO_BP
GOBP_REGULATION_OF_CARDIAC_MUSCLE_CONTRACTION_BY_CALCIUM_ION_SIGNALING (GO_BP),2,24,21.92198243385657,0.004534330179675291,RYR2;CALM2,0.06225754661172586,GO_BP
GOMF_GTPASE_ACTIVATOR_ACTIVITY (GO_MF),5,257,4.879718966467325,0.004630877915135282,DLC1;ELMOD1;RGS6;CHN1;NRP1,0.06316759613651851,GO_MF
GOCC_TRANSPORTER_COMPLEX (GO_CC),6,370,4.074838864345415,0.004762956070010476,KCNIP4;RYR2;CNTNAP2;GABRB1;CALM2;KCNQ5,0.06426353089022238,GO_CC
GOBP_HEART_DEVELOPMENT (GO_BP),7,492,3.5849255899970975,0.004772806558689252,RYR2;DLC1;RARB;ROBO2;SGCZ;NRP1;ROBO1,0.06426353089022238,GO_BP
GOBP_NEURON_PROJECTION_EXTENSION (GO_BP),4,162,6.190828387322106,0.004887712249571946,ALCAM;SYT4;NRP1;DSCAM,0.06484572876150435,GO_BP
KEGG_CALCIUM_SIGNALING_PATHWAY (KEGG),4,162,6.190828387322106,0.004887712249571946,RYR2;GNAL;CALM2;PLCG2,0.06484572876150435,KEGG
GOBP_SUBSTRATE_DEPENDENT_CELL_MIGRATION (GO_BP),2,25,20.974917778009154,0.004915171147148966,NRP1;ROBO1,0.06484572876150435,GO_BP
GOBP_POSITIVE_REGULATION_OF_CELL_DEVELOPMENT (GO_BP),5,261,4.80286425757239,0.004940331036453853,ROBO2;RELN;NRP1;DSCAM;ROBO1,0.06484572876150435,GO_BP
GOBP_REGULATION_OF_CALCIUM_ION_TRANSMEMBRANE_TRANSPORTER_ACTIVITY (GO_BP),3,82,9.23001181133663,0.0050073821120147095,RYR2;CALM2;PLCG2,0.06531504042359186,GO_BP
GOCC_SITE_OF_POLARIZED_GROWTH (GO_CC),4,165,6.074818439635519,0.005213489308559954,DCC;GAP43;NGEF;DSCAM,0.06716653918515776,GO_CC
GOBP_CELL_COMMUNICATION_BY_ELECTRICAL_COUPLING_INVOLVED_IN_CARDIAC_CONDUCTION (GO_BP),2,26,20.091743623620115,0.0053102438742458225,RYR2;CALM2,0.06716653918515776,GO_BP
GOBP_DEVELOPMENTAL_INDUCTION (GO_BP),2,26,20.091743623620115,0.0053102438742458225,ROBO2;ROBO1,0.06716653918515776,GO_BP
GOBP_ENDOTHELIAL_CELL_CHEMOTAXIS (GO_BP),2,26,20.091743623620115,0.0053102438742458225,NRP1;SMOC2,0.06716653918515776,GO_BP
REACTOME_EPHA_MEDIATED_GROWTH_CONE_COLLAPSE (Reactome),2,26,20.091743623620115,0.0053102438742458225,NGEF;EPHA5,0.06716653918515776,Reactome
GOCC_ADHERENS_JUNCTION (GO_CC),4,168,5.9630495882565535,0.005553514020994227,CDH8;CDH9;ACTB;PARD3B,0.0693978994386019,GO_CC
GOCC_LEADING_EDGE_MEMBRANE (GO_CC),4,168,5.9630495882565535,0.005553514020994227,CNTNAP2;DLC1;ROBO2;PLCG2,0.0693978994386019,GO_CC
GOBP_RESPONSE_TO_CATECHOLAMINE (GO_BP),3,86,8.782498900421366,0.005716975318286044,RYR2;GNAL;CALY,0.0693978994386019,GO_BP
KEGG_GAP_JUNCTION (KEGG),3,86,8.782498900421366,0.005716975318286044,GUCY1A1;PRKG1;TUBA1B,0.0693978994386019,KEGG
GOBP_AORTIC_VALVE_MORPHOGENESIS (GO_BP),2,27,19.30176621667086,0.0057194243907233,ROBO2;ROBO1,0.0693978994386019,GO_BP
GOBP_NEGATIVE_REGULATION_OF_CELL_JUNCTION_ASSEMBLY (GO_BP),2,27,19.30176621667086,0.0057194243907233,DLC1;ROBO2,0.0693978994386019,GO_BP
GOBP_POSITIVE_REGULATION_OF_ANIMAL_ORGAN_MORPHOGENESIS (GO_BP),2,27,19.30176621667086,0.0057194243907233,ROBO2;ROBO1,0.0693978994386019,GO_BP
GOBP_TISSUE_MIGRATION (GO_BP),5,272,4.602614023852534,0.005866740229267064,FOXP1;NRP1;ROBO1;SMOC2;PLCG2,0.07077391247676511,GO_BP
GOBP_SYNAPTIC_TRANSMISSION_GLUTAMATERGIC (GO_BP),3,88,8.575162508828477,0.0060931999980577784,CDH8;RELN;GRM3,0.07259276943549796,GO_BP
GOCC_POSTSYNAPTIC_DENSITY_MEMBRANE (GO_CC),3,88,8.575162508828477,0.0060931999980577784,DCC;LRRC4C;LRRTM3,0.07259276943549796,GO_CC
GOBP_REGULATION_OF_TRANS_SYNAPTIC_SIGNALING (GO_BP),6,390,3.859771849317542,0.006121862683587754,DCC;SLC1A3;RELN;SYT4;GRM3;LRRC4C,0.07259276943549796,GO_BP
REACTOME_EPH_EPHRIN_SIGNALING (Reactome),3,89,8.475150231569902,0.006286733771486238,ACTB;NGEF;EPHA5,0.07412662927170496,Reactome
GOMF_DNA_BINDING_TRANSCRIPTION_REPRESSOR_ACTIVITY (GO_MF),5,277,4.5180372171434495,0.006325859591901525,FOXP2;DACH1;TRPS1;FOXP1;FOXO1,0.07416892678819371,GO_MF
GOBP_CELL_CELL_JUNCTION_ORGANIZATION (GO_BP),4,175,5.717511829225509,0.006403824465609259,CDH8;CDH9;CNTNAP2;ACTB,0.07466358469120964,GO_BP
GOBP_ENDOCARDIAL_CUSHION_MORPHOGENESIS (GO_BP),2,29,17.868277634571808,0.006579616774982986,ROBO2;ROBO1,0.0750089362228076,GO_BP
GOBP_RELEASE_OF_SEQUESTERED_CALCIUM_ION_INTO_CYTOSOL_BY_ENDOPLASMIC_RETICULUM (GO_BP),2,29,17.868277634571808,0.006579616774982986,RYR2;CALM2,0.0750089362228076,GO_BP
GOBP_SPECIFICATION_OF_ANIMAL_ORGAN_IDENTITY (GO_BP),2,29,17.868277634571808,0.006579616774982986,ROBO2;ROBO1,0.0750089362228076,GO_BP
GOBP_TRANSEPITHELIAL_TRANSPORT (GO_BP),2,29,17.868277634571808,0.006579616774982986,SLC1A3;ACTB,0.0750089362228076,GO_BP
GOBP_REGULATION_OF_CELL_MORPHOGENESIS (GO_BP),5,280,4.468124554355159,0.0066131501030170575,STRIP2;DLC1;RELN;SYT4;NRP1,0.0750089362228076,GO_BP
GOCC_CELL_LEADING_EDGE (GO_CC),6,397,3.7897373824351797,0.006658346670948128,CNTNAP2;DLC1;ROBO2;ACTB;LDB2;PLCG2,0.07511334866091213,GO_CC
HALLMARK_APICAL_JUNCTION (Hallmark),4,178,5.618329866452148,0.006793269271523677,CDH8;ACTB;PPP2R2C;CADM2,0.07622340306274147,Hallmark
GOBP_CARDIAC_SEPTUM_DEVELOPMENT (GO_BP),3,92,8.188400127698607,0.006889229121010293,ROBO2;NRP1;ROBO1,0.07647777221036427,GO_BP
REACTOME_PROTEIN_FOLDING (Reactome),3,92,8.188400127698607,0.006889229121010293,RGS6;ACTB;TUBA1B,0.07647777221036427,Reactome
GOCC_CATENIN_COMPLEX (GO_CC),2,30,17.228592902759793,0.007030384553787736,CDH8;CDH9,0.0767476881731806,GO_CC
REACTOME_RHO_GTPASES_ACTIVATE_IQGAPS (Reactome),2,30,17.228592902759793,0.007030384553787736,ACTB;TUBA1B,0.0767476881731806,Reactome
GOBP_POSITIVE_REGULATION_OF_TRANSMEMBRANE_TRANSPORT (GO_BP),4,180,5.5540868680634965,0.007061430886381488,RYR2;CALM2;RELN;PLCG2,0.0767476881731806,GO_BP
GOBP_DEVELOPMENT_OF_PRIMARY_FEMALE_SEXUAL_CHARACTERISTICS (GO_BP),3,93,8.095501200383035,0.007097414383049285,DACH1;GPR149;ROBO2,0.0767476881731806,GO_BP
GOBP_POSITIVE_REGULATION_OF_CELL_JUNCTION_ASSEMBLY (GO_BP),3,93,8.095501200383035,0.007097414383049285,CNTNAP2;NRP1;LRRTM3,0.0767476881731806,GO_BP
GOBP_POSTSYNAPTIC_SPECIALIZATION_ORGANIZATION (GO_BP),2,31,16.62807320422995,0.0074947719356506905,GAP43;RELN,0.07980402566174996,GO_BP
GOBP_RELAXATION_OF_MUSCLE (GO_BP),2,31,16.62807320422995,0.0074947719356506905,GUCY1A1;PRKG1,0.07980402566174996,GO_BP
REACTOME_COOPERATION_OF_PREFOLDIN_AND_TRIC_CCT_IN_ACTIN_AND_TUBULIN_FOLDING (Reactome),2,31,16.62807320422995,0.0074947719356506905,ACTB;TUBA1B,0.07980402566174996,Reactome
GOBP_POSITIVE_REGULATION_OF_ENDOTHELIAL_CELL_MIGRATION (GO_BP),3,96,7.835375174326003,0.00774425231766432,FOXP1;NRP1;SMOC2,0.08204190145667735,GO_BP
GOMF_CALMODULIN_BINDING (GO_MF),4,186,5.370567813339625,0.00790767723892243,RYR2;PCP4;GAP43;KCNQ5,0.08237098449032007,GO_MF
GOBP_CELLULAR_RESPONSE_TO_ALKALOID (GO_BP),2,32,16.080606843733502,0.00797265877673438,RYR2;SLC1A3,0.08237098449032007,GO_BP
GOBP_CELL_COMMUNICATION_BY_ELECTRICAL_COUPLING (GO_BP),2,32,16.080606843733502,0.00797265877673438,RYR2;CALM2,0.08237098449032007,GO_BP
GOBP_OLFACTORY_LOBE_DEVELOPMENT (GO_BP),2,32,16.080606843733502,0.00797265877673438,ROBO2;ROBO1,0.08237098449032007,GO_BP
GOCC_GLIAL_CELL_PROJECTION (GO_CC),2,32,16.080606843733502,0.00797265877673438,SYT4;GRM3,0.08237098449032007,GO_CC
GOBP_REGULATION_OF_ION_TRANSMEMBRANE_TRANSPORT (GO_BP),6,415,3.620793008677444,0.008194084385588687,KCNIP4;RYR2;CALM2;RELN;PLCG2;KCNQ5,0.08424164587548566,GO_BP
GOBP_POSITIVE_REGULATION_OF_CALCIUM_ION_TRANSPORT (GO_BP),3,99,7.58984696602524,0.008424825373200433,RYR2;CALM2;PLCG2,0.08618926742092796,GO_BP
GOBP_VESICLE_MEDIATED_TRANSPORT_IN_SYNAPSE (GO_BP),4,190,5.254331161049867,0.008507358357231397,ACTB;SYT4;CALY;SYN2,0.08660905800752158,GO_BP
GOCC_MICROTUBULE (GO_CC),6,419,3.584492424003665,0.008567316230038062,SLAIN1;MTUS2;CALM2;MAP7;TUBA1B;DNAH14,0.08679606297130793,GO_CC
KEGG_VASCULAR_SMOOTH_MUSCLE_CONTRACTION (KEGG),3,100,7.511411171846068,0.008659245465073993,GUCY1A1;CALM2;PRKG1,0.08730360041357209,KEGG
GOBP_CYCLIC_NUCLEOTIDE_METABOLIC_PROCESS (GO_BP),2,34,15.075772471464497,0.008968454021121074,PDE7B;GUCY1A1,0.08949586180930394,GO_BP
GOBP_VENTRAL_SPINAL_CORD_DEVELOPMENT (GO_BP),2,34,15.075772471464497,0.008968454021121074,RELN;MDGA2,0.08949586180930394,GO_BP
GOBP_REGULATION_OF_CATION_TRANSMEMBRANE_TRANSPORT (GO_BP),5,302,4.13362378333668,0.00900533348344697,KCNIP4;RYR2;CALM2;RELN;PLCG2,0.08949586180930394,GO_BP
GOBP_CARDIAC_VENTRICLE_DEVELOPMENT (GO_BP),3,102,7.3593511592097265,0.009139508643360576,RYR2;ROBO2;ROBO1,0.08997242706930907,GO_BP
GOBP_REGULATION_OF_EXTENT_OF_CELL_GROWTH (GO_BP),3,102,7.3593511592097265,0.009139508643360576,DCC;NRP1;DSCAM,0.08997242706930907,GO_BP
GOBP_ENDOTHELIAL_CELL_MIGRATION (GO_BP),4,196,5.0883210955641704,0.009461537715979454,FOXP1;NRP1;ROBO1;SMOC2,0.09251189121789917,GO_BP
GOBP_SARCOPLASMIC_RETICULUM_CALCIUM_ION_TRANSPORT (GO_BP),2,35,14.61950945245151,0.009486125884346153,RYR2;CALM2,0.09251189121789917,GO_BP
GOBP_SEQUESTERING_OF_CALCIUM_ION (GO_BP),3,105,7.142593396376472,0.009888646893334017,RYR2;CALM2;PLCG2,0.09502323606937786,GO_BP
GOBP_DOPAMINE_RECEPTOR_SIGNALING_PATHWAY (GO_BP),2,36,14.190396658136201,0.010016824118477782,GNAL;CALY,0.09502323606937786,GO_BP
GOBP_ENDOCARDIAL_CUSHION_DEVELOPMENT (GO_BP),2,36,14.190396658136201,0.010016824118477782,ROBO2;ROBO1,0.09502323606937786,GO_BP
GOBP_POSITIVE_REGULATION_OF_SIGNALING_RECEPTOR_ACTIVITY (GO_BP),2,36,14.190396658136201,0.010016824118477782,RELN;NRP1,0.09502323606937786,GO_BP
GOBP_SEMI_LUNAR_VALVE_DEVELOPMENT (GO_BP),2,36,14.190396658136201,0.010016824118477782,ROBO2;ROBO1,0.09502323606937786,GO_BP
GOBP_VENTRICULAR_SEPTUM_MORPHOGENESIS (GO_BP),2,36,14.190396658136201,0.010016824118477782,ROBO2;ROBO1,0.09502323606937786,GO_BP
GOBP_FEMALE_SEX_DIFFERENTIATION (GO_BP),3,106,7.0731865434117696,0.01014607163576034,DACH1;GPR149;ROBO2,0.09581380770964629,GO_BP
GOBP_CELL_GROWTH (GO_BP),6,437,3.432739518822064,0.010399293505139656,ALCAM;DCC;SYT4;MEG3;NRP1;DSCAM,0.09776272768120028,GO_BP
GOCC_CELL_PROJECTION_MEMBRANE (GO_CC),5,315,3.9583738993063795,0.010669753405981294,CNTNAP2;DLC1;ROBO2;GAP43;PLCG2,0.09985549488019264,GO_CC
GOBP_PLATELET_ACTIVATION (GO_BP),3,109,6.870045727003426,0.01094163537694092,ACTB;PRKG1;PLCG2,0.10043651134753667,GO_BP
GOBP_REGULATION_OF_PROTEIN_SECRETION (GO_BP),4,205,4.8586410011902945,0.01101929436937896,GLUD1;SYT4;NNAT;EPHA5,0.10043651134753667,GO_BP
GOBP_CRANIAL_NERVE_DEVELOPMENT (GO_BP),2,38,13.393350502834263,0.011116834749056528,SLC1A3;NRP1,0.10043651134753667,GO_BP
GOBP_INTERLEUKIN_12_PRODUCTION (GO_BP),2,38,13.393350502834263,0.011116834749056528,FOXP1;PLCG2,0.10043651134753667,GO_BP
GOBP_MESENCHYME_MORPHOGENESIS (GO_BP),2,38,13.393350502834263,0.011116834749056528,ROBO2;ROBO1,0.10043651134753667,GO_BP
GOBP_POSITIVE_REGULATION_OF_AXON_EXTENSION (GO_BP),2,38,13.393350502834263,0.011116834749056528,NRP1;DSCAM,0.10043651134753667,GO_BP
GOBP_VASODILATION (GO_BP),2,38,13.393350502834263,0.011116834749056528,GUCY1A1;PRKG1,0.10043651134753667,GO_BP
REACTOME_O_GLYCOSYLATION_OF_TSR_DOMAIN_CONTAINING_PROTEINS (Reactome),2,38,13.393350502834263,0.011116834749056528,ADAMTS19;SPON1,0.10043651134753667,Reactome
GOBP_REGULATION_OF_EPITHELIAL_CELL_MIGRATION (GO_BP),4,206,4.834459897498313,0.011201957268345292,FOXP1;NRP1;SMOC2;PLCG2,0.10076933111653719,GO_BP
GOBP_REGULATION_OF_ANIMAL_ORGAN_MORPHOGENESIS (GO_BP),3,111,6.742897521519687,0.01149152098312248,PRICKLE2;ROBO2;ROBO1,0.10293049052264643,GO_BP
GOBP_HETEROPHILIC_CELL_CELL_ADHESION_VIA_PLASMA_MEMBRANE_CELL_ADHESION_MOLECULES (GO_BP),2,39,13.03287797257643,0.011685916497440935,ALCAM;TENM3,0.10323060937181575,GO_BP
GOBP_REGULATION_OF_AMYLOID_PRECURSOR_PROTEIN_CATABOLIC_PROCESS (GO_BP),2,39,13.03287797257643,0.011685916497440935,SPON1;LRRTM3,0.10323060937181575,GO_BP
GOBP_RESPONSE_TO_WOUNDING (GO_BP),6,449,3.3382353649670766,0.011765720396654319,SLC1A3;GAP43;ACTB;PRKG1;SMOC2;PLCG2,0.10323060937181575,GO_BP
GOBP_AXON_EXTENSION (GO_BP),3,112,6.681088482205298,0.01177234548657985,ALCAM;NRP1;DSCAM,0.10323060937181575,GO_BP
GOCC_POSTSYNAPTIC_SPECIALIZATION_MEMBRANE (GO_CC),3,112,6.681088482205298,0.01177234548657985,DCC;LRRC4C;LRRTM3,0.10323060937181575,GO_CC
GOBP_POSITIVE_REGULATION_OF_CHEMOTAXIS (GO_BP),3,113,6.62041086150098,0.012057103126597041,NRP1;DSCAM;SMOC2,0.1049278878418885,GO_BP
GOBP_CALCIUM_DEPENDENT_CELL_CELL_ADHESION_VIA_PLASMA_MEMBRANE_CELL_ADHESION_MOLECULES (GO_BP),2,40,12.691318519443751,0.012267563312611784,CDH8;CDH9,0.1049278878418885,GO_BP
GOBP_CAMP_MEDIATED_SIGNALING (GO_BP),2,40,12.691318519443751,0.012267563312611784,PDE7B;EPHA5,0.1049278878418885,GO_BP
GOBP_NEUROMUSCULAR_PROCESS_CONTROLLING_BALANCE (GO_BP),2,40,12.691318519443751,0.012267563312611784,SLC1A3;RBFOX1,0.1049278878418885,GO_BP
GOBP_REGULATION_OF_NEURON_MIGRATION (GO_BP),2,40,12.691318519443751,0.012267563312611784,UNC5D;RELN,0.1049278878418885,GO_BP
REACTOME_GAP_JUNCTION_TRAFFICKING_AND_REGULATION (Reactome),2,40,12.691318519443751,0.012267563312611784,ACTB;TUBA1B,0.1049278878418885,Reactome
HALLMARK_SPERMATOGENESIS (Hallmark),3,114,6.560562689243307,0.012345802493031226,DCC;MAP7;TLE4,0.10516608082839253,Hallmark
GOBP_AMYLOID_BETA_FORMATION (GO_BP),2,41,12.366791450358084,0.012861661679724428,SPON1;LRRTM3,0.10867323046795498,GO_BP
GOBP_POSITIVE_REGULATION_OF_PROTEIN_DEPHOSPHORYLATION (GO_BP),2,41,12.366791450358084,0.012861661679724428,DLC1;CALM2,0.10867323046795498,GO_BP
GOBP_POTASSIUM_ION_TRANSPORT (GO_BP),4,215,4.62684585777811,0.012934242261999731,KCNIP4;SLC1A3;CALM2;KCNQ5,0.1088458209709413,GO_BP
GOBP_REGULATION_OF_SYSTEM_PROCESS (GO_BP),6,459,3.263304425339181,0.012997681752042828,RYR2;GUCY1A1;CALM2;RELN;PRKG1;FOXO1,0.10894040890166017,GO_BP
GOBP_SENSORY_ORGAN_DEVELOPMENT (GO_BP),6,461,3.248713292633338,0.013254542700331037,ABCB5;MEIS2;RARB;TENM3;NRP1;DSCAM,0.1106489224623635,GO_BP
GOBP_OVULATION_CYCLE_PROCESS (GO_BP),2,42,12.057305378481724,0.013468098800484265,GPR149;ROBO2,0.11109850670597099,GO_BP
GOBP_POSITIVE_REGULATION_OF_NOTCH_SIGNALING_PATHWAY (GO_BP),2,42,12.057305378481724,0.013468098800484265,ROBO2;ROBO1,0.11109850670597099,GO_BP
GOBP_REGULATION_OF_DENDRITIC_SPINE_MORPHOGENESIS (GO_BP),2,42,12.057305378481724,0.013468098800484265,RELN;NGEF,0.11109850670597099,GO_BP
GOBP_REGULATION_OF_CHONDROCYTE_DIFFERENTIATION (GO_BP),2,43,11.762918112662712,0.01408676258921979,RARB;TRPS1,0.11574438395158151,GO_BP
GOMF_ORGANIC_ACID_BINDING (GO_MF),3,120,6.222742497930682,0.014161215320221273,RYR2;SLC1A3;GLUD1,0.11589982891490899,GO_MF
GOBP_PATTERN_SPECIFICATION_PROCESS (GO_BP),5,341,3.6488199319247356,0.014607513389649699,MEIS2;ROBO2;RELN;NRP1;ROBO1,0.11908547048515204,GO_BP
GOBP_CEREBRAL_CORTEX_CELL_MIGRATION (GO_BP),2,44,11.482548966809544,0.014717541668975456,RELN;ROBO1,0.11949111241023536,GO_BP
GOCC_ANCHORED_COMPONENT_OF_MEMBRANE (GO_CC),3,122,6.11770323499484,0.014798224298989268,LSAMP;CNTN5;MDGA2,0.11949111241023536,GO_CC
GOMF_SULFUR_COMPOUND_BINDING (GO_MF),4,224,4.436317054340508,0.014829035991495428,RYR2;COL25A1;NRP1;SMOC2,0.11949111241023536,GO_MF
GOBP_REGULATION_OF_CYCLASE_ACTIVITY (GO_BP),2,45,11.215217815636215,0.015360325367624383,CALM2;GRM3,0.12329615016243112,GO_BP
GOBP_REGULATION_OF_INSULIN_SECRETION (GO_BP),3,124,6.016165656080511,0.015451252002678554,GLUD1;NNAT;EPHA5,0.12355081582218445,GO_BP
GOCC_RECEPTOR_COMPLEX (GO_CC),5,347,3.583369066893212,0.015637998540959323,KCTD16;GABRB1;NRP1;LRP1B;EPHA5,0.12456680517168743,GO_CC
GOBP_B_CELL_RECEPTOR_SIGNALING_PATHWAY (GO_BP),2,46,10.961492483504172,0.0160150037140007,FOXP1;PLCG2,0.1261257084947904,GO_BP
GOBP_NEGATIVE_CHEMOTAXIS (GO_BP),2,46,10.961492483504172,0.0160150037140007,ROBO2;ROBO1,0.1261257084947904,GO_BP
GOBP_RESPONSE_TO_COLD (GO_BP),2,46,10.961492483504172,0.0160150037140007,CDH8;FOXO1,0.1261257084947904,GO_BP
GOBP_RHO_PROTEIN_SIGNAL_TRANSDUCTION (GO_BP),3,126,5.91792269568188,0.01612034105940617,DLC1;NRP1;ROBO1,0.12647801425180707,GO_BP
GOBP_NEGATIVE_REGULATION_OF_NEURON_PROJECTION_DEVELOPMENT (GO_BP),3,127,5.86999020517523,0.016460920639605747,DCC;NGEF;NRP1,0.1286664470968434,GO_BP
GOBP_ANIMAL_ORGAN_FORMATION (GO_BP),2,47,10.717663847247525,0.016681467434051488,ROBO2;ROBO1,0.12894156494394612,GO_BP
GOBP_REGULATION_OF_FILOPODIUM_ASSEMBLY (GO_BP),2,47,10.717663847247525,0.016681467434051488,GAP43;NRP1,0.12894156494394612,GO_BP
REACTOME_RECYCLING_PATHWAY_OF_L1 (Reactome),2,47,10.717663847247525,0.016681467434051488,ACTB;TUBA1B,0.12894156494394612,Reactome
GOBP_AORTA_DEVELOPMENT (GO_BP),2,48,10.48424198579918,0.01735960794700833,ROBO2;ROBO1,0.13342423027165326,GO_BP
GOBP_CIRCULATORY_SYSTEM_PROCESS (GO_BP),6,490,3.05070409070618,0.01738926240243876,RYR2;GUCY1A1;SLC1A3;SGCZ;CALM2;PRKG1,0.13342423027165326,GO_BP
GOMF_HEPARIN_BINDING (GO_MF),3,130,5.730723337087156,0.017506850540941005,COL25A1;NRP1;SMOC2,0.13383442153459296,GO_MF
GOBP_MUSCLE_SYSTEM_PROCESS (GO_BP),5,360,3.4507811658451217,0.01803508076141054,RYR2;GUCY1A1;CALM2;PRKG1;FOXO1,0.13453187619147589,GO_BP
GOBP_CELL_MIGRATION_INVOLVED_IN_SPROUTING_ANGIOGENESIS (GO_BP),2,49,10.256568759237497,0.01804931736157798,NRP1;ROBO1,0.13453187619147589,GO_BP
GOBP_HEART_VALVE_MORPHOGENESIS (GO_BP),2,49,10.256568759237497,0.01804931736157798,ROBO2;ROBO1,0.13453187619147589,GO_BP
GOMF_PROTEIN_KINASE_A_BINDING (GO_MF),2,49,10.256568759237497,0.01804931736157798,RYR2;SPHKAP,0.13453187619147589,GO_MF
KEGG_VIBRIO_CHOLERAE_INFECTION (KEGG),2,49,10.256568759237497,0.01804931736157798,ACTB;PLCG2,0.13453187619147589,KEGG
REACTOME_EPH_EPHRIN_MEDIATED_REPULSION_OF_CELLS (Reactome),2,49,10.256568759237497,0.01804931736157798,ACTB;EPHA5,0.13453187619147589,Reactome
REACTOME_NEUROTRANSMITTER_RELEASE_CYCLE (Reactome),2,49,10.256568759237497,0.01804931736157798,SLC1A3;SYN2,0.13453187619147589,Reactome
GOMF_ENZYME_ACTIVATOR_ACTIVITY (GO_MF),6,497,3.006418196653558,0.018506813170075607,DLC1;ELMOD1;RGS6;CALM2;CHN1;NRP1,0.1374509576012377,GO_MF
GOBP_EYE_MORPHOGENESIS (GO_BP),3,133,5.597885284051277,0.01858914315404173,RARB;TENM3;DSCAM,0.13757284312937976,GO_BP
GOBP_AMYLOID_BETA_METABOLIC_PROCESS (GO_BP),2,50,10.044188208761259,0.018750488472152927,SPON1;LRRTM3,0.13778968113163084,GO_BP
GOBP_PRESYNAPSE_ORGANIZATION (GO_BP),2,50,10.044188208761259,0.018750488472152927,CNTN5;LRRTM3,0.13778968113163084,GO_BP
GOBP_REGULATION_OF_CALCIUM_ION_TRANSMEMBRANE_TRANSPORT (GO_BP),3,134,5.554957977881807,0.018958002290863345,RYR2;CALM2;PLCG2,0.13882579221414668,GO_BP
GOMF_GUANYL_NUCLEOTIDE_BINDING (GO_MF),5,368,3.373712199745607,0.019624902082737452,GNAL;GUCY1A1;GLUD1;PRKG1;TUBA1B,0.14281368372153114,GO_MF
GOBP_CALCIUM_ION_TRANSPORT_INTO_CYTOSOL (GO_BP),3,136,5.471779387449417,0.019707877772784363,RYR2;CALM2;PLCG2,0.14281368372153114,GO_BP
GOCC_PRESYNAPTIC_MEMBRANE (GO_CC),3,136,5.471779387449417,0.019707877772784363,KCTD16;GRM3;CNTN5,0.14281368372153114,GO_CC
GOBP_AMYLOID_PRECURSOR_PROTEIN_CATABOLIC_PROCESS (GO_BP),2,52,9.642932189630057,0.02018679036471097,SPON1;LRRTM3,0.14527528100397172,GO_BP
KEGG_PATHOGENIC_ESCHERICHIA_COLI_INFECTION (KEGG),2,52,9.642932189630057,0.02018679036471097,ACTB;TUBA1B,0.14527528100397172,KEGG
GOBP_AMEBOIDAL_TYPE_CELL_MIGRATION (GO_BP),5,372,3.3364368496762853,0.0204533091765381,FOXP1;NRP1;ROBO1;SMOC2;PLCG2,0.1466874785272681,GO_BP
GOBP_POSITIVE_REGULATION_OF_DEPHOSPHORYLATION (GO_BP),2,53,9.452798004277692,0.020921710130066436,DLC1;CALM2,0.148012234038809,GO_BP
GOBP_PROTEOGLYCAN_BIOSYNTHETIC_PROCESS (GO_BP),2,53,9.452798004277692,0.020921710130066436,CHSY3;HS6ST3,0.148012234038809,GO_BP
GOBP_REGULATION_OF_DENDRITIC_SPINE_DEVELOPMENT (GO_BP),2,53,9.452798004277692,0.020921710130066436,RELN;NGEF,0.148012234038809,GO_BP
GOMF_AMINO_ACID_BINDING (GO_MF),2,53,9.452798004277692,0.020921710130066436,SLC1A3;GLUD1,0.148012234038809,GO_MF
GOBP_REGIONALIZATION (GO_BP),4,250,3.9634837042788416,0.02125616544458628,ROBO2;RELN;NRP1;ROBO1,0.14987032865828231,GO_BP
GOBP_LEARNING (GO_BP),3,141,5.272650024482794,0.021653565364734444,MEIS2;CNTNAP2;RELN,0.1512388841216224,GO_BP
GOMF_EXTRACELLULAR_MATRIX_STRUCTURAL_CONSTITUENT (GO_MF),3,141,5.272650024482794,0.021653565364734444,COL25A1;FRAS1;SPON1,0.1512388841216224,GO_MF
KEGG_NON_SMALL_CELL_LUNG_CANCER (KEGG),2,54,9.273861526769805,0.02166766955072597,RARB;PLCG2,0.1512388841216224,KEGG
HALLMARK_UV_RESPONSE_DN (Hallmark),3,142,5.234536626452382,0.022054883592720488,DLC1;NRP1;ADGRL2,0.1534284735266922,Hallmark
GOBP_CELL_COMMUNICATION_INVOLVED_IN_CARDIAC_CONDUCTION (GO_BP),2,55,9.097434943231834,0.0224245647933316,RYR2;CALM2,0.15368711463714355,GO_BP
GOBP_REGULATION_OF_SMOOTH_MUSCLE_CONTRACTION (GO_BP),2,55,9.097434943231834,0.0224245647933316,GUCY1A1;PRKG1,0.15368711463714355,GO_BP
GOMF_PHOSPHATIDYLSERINE_BINDING (GO_MF),2,55,9.097434943231834,0.0224245647933316,GAP43;SYT4,0.15368711463714355,GO_MF
GOBP_POSITIVE_REGULATION_OF_DEVELOPMENTAL_GROWTH (GO_BP),3,143,5.196965334621677,0.022460263519084228,SYT4;NRP1;DSCAM,0.15368711463714355,GO_BP
GOBP_POSITIVE_REGULATION_OF_PEPTIDYL_TYROSINE_PHOSPHORYLATION (GO_BP),3,143,5.196965334621677,0.022460263519084228,RELN;NRP1;PLCG2,0.15368711463714355,GO_BP
GOBP_DENDRITIC_SPINE_MORPHOGENESIS (GO_BP),2,56,8.928119163037717,0.023192292687872464,RELN;NGEF,0.15817749947578374,GO_BP
GOBP_POSITIVE_REGULATION_OF_CELL_GROWTH (GO_BP),3,145,5.12326820998585,0.023283208796154035,SYT4;NRP1;DSCAM,0.15828031517124908,GO_BP
GOBP_SIGNAL_RELEASE (GO_BP),5,387,3.2036029055265067,0.023763037145826112,GLUD1;SYT4;NNAT;SYN2;EPHA5,0.1593147080484273,GO_BP
GOBP_DIENCEPHALON_DEVELOPMENT (GO_BP),2,57,8.765268879911297,0.023970750724027372,CNTNAP2;NRP1,0.1593147080484273,GO_BP
GOBP_HEART_VALVE_DEVELOPMENT (GO_BP),2,57,8.765268879911297,0.023970750724027372,ROBO2;ROBO1,0.1593147080484273,GO_BP
GOCC_MAIN_AXON (GO_CC),2,57,8.765268879911297,0.023970750724027372,CNTNAP2;ROBO2,0.1593147080484273,GO_CC
GOCC_NEURON_PROJECTION_MEMBRANE (GO_CC),2,57,8.765268879911297,0.023970750724027372,CNTNAP2;ROBO2,0.1593147080484273,GO_CC
GOMF_PROTEIN_SELF_ASSOCIATION (GO_MF),2,57,8.765268879911297,0.023970750724027372,RYR2;FOXP1,0.1593147080484273,GO_MF
REACTOME_GABA_RECEPTOR_ACTIVATION (Reactome),2,57,8.765268879911297,0.023970750724027372,GNAL;GABRB1,0.1593147080484273,Reactome
GOBP_MULTICELLULAR_ORGANISMAL_SIGNALING (GO_BP),3,147,5.051153314329295,0.024122399493676578,RYR2;CNTNAP2;CALM2,0.1593147080484273,GO_BP
GOBP_SENSORY_PERCEPTION_OF_MECHANICAL_STIMULUS (GO_BP),3,147,5.051153314329295,0.024122399493676578,SLC1A3;LHFPL3;CNTN5,0.1593147080484273,GO_BP
GOBP_REGULATION_OF_PEPTIDE_TRANSPORT (GO_BP),3,148,5.016317582234474,0.024548085323978768,GLUD1;NNAT;EPHA5,0.1609775075332948,GO_BP
GOBP_EMBRYONIC_PATTERN_SPECIFICATION (GO_BP),2,58,8.608384188412515,0.024759837047526413,MEIS2;NRP1,0.1609775075332948,GO_BP
GOBP_POSITIVE_REGULATION_OF_INSULIN_SECRETION (GO_BP),2,58,8.608384188412515,0.024759837047526413,GLUD1;NNAT,0.1609775075332948,GO_BP
GOBP_POSITIVE_REGULATION_OF_SMALL_GTPASE_MEDIATED_SIGNAL_TRANSDUCTION (GO_BP),2,58,8.608384188412515,0.024759837047526413,RELN;ROBO1,0.1609775075332948,GO_BP
GOBP_REGULATION_OF_CARTILAGE_DEVELOPMENT (GO_BP),2,58,8.608384188412515,0.024759837047526413,RARB;TRPS1,0.1609775075332948,GO_BP
GOBP_REGULATION_OF_ENDOTHELIAL_CELL_MIGRATION (GO_BP),3,150,4.948237536449244,0.025411632847539823,FOXP1;NRP1;SMOC2,0.16413099416239957,GO_BP
GOBP_ACIDIC_AMINO_ACID_TRANSPORT (GO_BP),2,59,8.45706547375754,0.02555945045653084,SLC1A3;SYT4,0.16413099416239957,GO_BP
GOBP_PLATELET_AGGREGATION (GO_BP),2,59,8.45706547375754,0.02555945045653084,ACTB;PRKG1,0.16413099416239957,GO_BP
GOBP_REGULATION_OF_BEHAVIOR (GO_BP),2,59,8.45706547375754,0.02555945045653084,RELN;NPAS2,0.16413099416239957,GO_BP
GOBP_INSULIN_SECRETION (GO_BP),3,151,4.913328657291522,0.025849491827943393,GLUD1;NNAT;EPHA5,0.1644752726979203,GO_BP
HALLMARK_KRAS_SIGNALING_DN (Hallmark),3,151,4.913328657291522,0.025849491827943393,RYR2;DCC;EPHA5,0.1644752726979203,Hallmark
REACTOME_CDC42_GTPASE_CYCLE (Reactome),3,151,4.913328657291522,0.025849491827943393,DLC1;CHN1;NGEF,0.1644752726979203,Reactome
GOMF_TRANSMEMBRANE_RECEPTOR_PROTEIN_TYROSINE_KINASE_ACTIVITY (GO_MF),2,60,8.310451951774018,0.026369490398031076,NRP1;EPHA5,0.16727394061000259,GO_MF
GOBP_REGULATION_OF_CATION_CHANNEL_ACTIVITY (GO_BP),3,154,4.815526416464473,0.02718738875143538,CALM2;RELN;PLCG2,0.1704061005538078,GO_BP
GOBP_NEGATIVE_REGULATION_OF_AXONOGENESIS (GO_BP),2,61,8.169376754070631,0.027189856964263535,DCC;NRP1,0.1704061005538078,GO_BP
KEGG_GLIOMA (KEGG),2,61,8.169376754070631,0.027189856964263535,CALM2;PLCG2,0.1704061005538078,KEGG
REACTOME_DISEASES_ASSOCIATED_WITH_O_GLYCOSYLATION_OF_PROTEINS (Reactome),2,61,8.169376754070631,0.027189856964263535,ADAMTS19;SPON1,0.1704061005538078,Reactome
GOBP_CYTOSOLIC_CALCIUM_ION_TRANSPORT (GO_BP),3,155,4.783735904014887,0.027641453991051272,RYR2;CALM2;PLCG2,0.17271770802192815,GO_BP
GOBP_CHLORIDE_TRANSMEMBRANE_TRANSPORT (GO_BP),2,62,8.033427974692149,0.02802045088914553,SLC1A3;GABRB1,0.17401718721138137,GO_BP
GOBP_REGULATION_OF_CALCIUM_MEDIATED_SIGNALING (GO_BP),2,62,8.033427974692149,0.02802045088914553,CALM2;PLCG2,0.17401718721138137,GO_BP
GOBP_POSITIVE_REGULATION_OF_BINDING (GO_BP),3,156,4.752345425345751,0.02809956496896767,CALM2;NRP1;SPON1,0.17401718721138137,GO_BP
GOBP_RHYTHMIC_PROCESS (GO_BP),4,274,3.608300050283301,0.028502558913971375,GPR149;ROBO2;GABRB1;NPAS2,0.17599065222916646,GO_BP
GOBP_CALCIUM_ION_REGULATED_EXOCYTOSIS (GO_BP),2,63,7.901484191723887,0.028861173544727933,SYT4;SYN2,0.17662173265234316,GO_BP
GOBP_FILOPODIUM_ASSEMBLY (GO_BP),2,63,7.901484191723887,0.028861173544727933,GAP43;NRP1,0.17662173265234316,GO_BP
GOBP_FOREBRAIN_CELL_MIGRATION (GO_BP),2,63,7.901484191723887,0.028861173544727933,RELN;ROBO1,0.17662173265234316,GO_BP
GOBP_NEGATIVE_REGULATION_OF_CELL_DEVELOPMENT (GO_BP),3,158,4.690746521731805,0.029027912937112457,DCC;SYT4;NRP1,0.17662173265234316,GO_BP
GOCC_EXTRINSIC_COMPONENT_OF_PLASMA_MEMBRANE (GO_CC),3,158,4.690746521731805,0.029027912937112457,CDH8;GNAL;CDH9,0.17662173265234316,GO_CC
GOBP_EPITHELIAL_TUBE_MORPHOGENESIS (GO_BP),4,276,3.5807846498651292,0.029165005386625423,RYR2;DLC1;FOXP1;NRP1,0.1769400181450211,GO_BP
GOBP_MEMBRANE_INVAGINATION (GO_BP),2,64,7.773815183906161,0.029711926937666513,GULP1;PLCG2,0.1771679757683143,GO_BP
GOBP_NERVE_DEVELOPMENT (GO_BP),2,64,7.773815183906161,0.029711926937666513,SLC1A3;NRP1,0.1771679757683143,GO_BP
GOBP_REGULATION_OF_SYNAPTIC_TRANSMISSION_GLUTAMATERGIC (GO_BP),2,64,7.773815183906161,0.029711926937666513,RELN;GRM3,0.1771679757683143,GO_BP
GOBP_SMOOTH_MUSCLE_CELL_MIGRATION (GO_BP),2,64,7.773815183906161,0.029711926937666513,PRKG1;NRP1,0.1771679757683143,GO_BP
GOMF_SCAFFOLD_PROTEIN_BINDING (GO_MF),2,64,7.773815183906161,0.029711926937666513,GRM3;PLCG2,0.1771679757683143,GO_MF
KEGG_LONG_TERM_DEPRESSION (KEGG),2,64,7.773815183906161,0.029711926937666513,GUCY1A1;PRKG1,0.1771679757683143,KEGG
GOBP_REGULATION_OF_DEVELOPMENTAL_GROWTH (GO_BP),4,278,3.5544597048859536,0.029836564847951802,DCC;SYT4;NRP1;DSCAM,0.17740430438084162,GO_BP
GOBP_COGNITION (GO_BP),4,280,3.5285219249058066,0.03051725461042891,MEIS2;CNTNAP2;RELN;SYT4,0.17973252057413597,GO_BP
GOCC_CELL_SUBSTRATE_JUNCTION (GO_CC),5,414,2.9890722112626533,0.030555067715866746,RPL37A;ALCAM;DLC1;ACTB;NRP1,0.17973252057413597,GO_CC
GOBP_REGULATION_OF_CELL_SUBSTRATE_JUNCTION_ORGANIZATION (GO_BP),2,65,7.650228246928521,0.030572613705710718,DLC1;NRP1,0.17973252057413597,GO_BP
GOBP_VENTRICULAR_SEPTUM_DEVELOPMENT (GO_BP),2,65,7.650228246928521,0.030572613705710718,ROBO2;ROBO1,0.17973252057413597,GO_BP
GOBP_NEGATIVE_REGULATION_OF_CELL_GROWTH (GO_BP),3,163,4.542965355725661,0.03141936598406408,DCC;MEG3;NRP1,0.18330119317697618,GO_BP
GOBP_METANEPHROS_DEVELOPMENT (GO_BP),2,66,7.530541370102265,0.031443137114210575,ROBO2;FRAS1,0.18330119317697618,GO_BP
GOCC_CALCIUM_CHANNEL_COMPLEX (GO_CC),2,66,7.530541370102265,0.031443137114210575,RYR2;CALM2,0.18330119317697618,GO_CC
GOBP_CALCIUM_MEDIATED_SIGNALING (GO_BP),3,164,4.514393482940626,0.031909726951569815,RYR2;CALM2;PLCG2,0.18550306447890308,GO_BP
GOBP_REGULATION_OF_RELEASE_OF_SEQUESTERED_CALCIUM_ION_INTO_CYTOSOL (GO_BP),2,67,7.414581517277989,0.032323401052641414,RYR2;CALM2,0.1868668642572372,GO_BP
REACTOME_TRANSLOCATION_OF_SLC2A4_GLUT4_TO_THE_PLASMA_MEMBRANE (Reactome),2,67,7.414581517277989,0.032323401052641414,ACTB;TUBA1B,0.1868668642572372,Reactome
REACTOME_REGULATION_OF_EXPRESSION_OF_SLITS_AND_ROBOS (Reactome),3,166,4.4596295995745425,0.03290248578509598,RPL37A;ROBO2;ROBO1,0.1888724197139015,Reactome
GOCC_EXTRINSIC_COMPONENT_OF_MEMBRANE (GO_CC),4,287,3.440539354473844,0.03297179373737012,CDH8;GNAL;CDH9;RGS6,0.1888724197139015,GO_CC
GOBP_AMYLOID_PRECURSOR_PROTEIN_METABOLIC_PROCESS (GO_BP),2,68,7.302183588718549,0.033213310031146075,SPON1;LRRTM3,0.1888724197139015,GO_BP
GOBP_MULTICELLULAR_ORGANISMAL_RESPONSE_TO_STRESS (GO_BP),2,68,7.302183588718549,0.033213310031146075,RELN;NPAS2,0.1888724197139015,GO_BP
GOBP_REGULATION_OF_CARDIAC_MUSCLE_CONTRACTION (GO_BP),2,68,7.302183588718549,0.033213310031146075,RYR2;CALM2,0.1888724197139015,GO_BP
GOMF_CLATHRIN_BINDING (GO_MF),2,68,7.302183588718549,0.033213310031146075,SYT4;CALY,0.1888724197139015,GO_MF
GOBP_MUSCLE_CONTRACTION (GO_BP),4,290,3.4040658310875136,0.0340581860949966,RYR2;GUCY1A1;CALM2;PRKG1,0.192935905887798,GO_BP
GOBP_ACTIVATION_OF_CYSTEINE_TYPE_ENDOPEPTIDASE_ACTIVITY_INVOLVED_IN_APOPTOTIC_PROCESS (GO_BP),2,69,7.19318980919798,0.0341127691770951,DLC1;ROBO1,0.192935905887798,GO_BP
GOBP_NEGATIVE_REGULATION_OF_CELL_PROJECTION_ORGANIZATION (GO_BP),3,169,4.378339047099632,0.034421645839378026,DCC;NGEF;NRP1,0.19363335543606994,GO_BP
REACTOME_MUSCLE_CONTRACTION (Reactome),3,169,4.378339047099632,0.034421645839378026,KCNIP4;RYR2;GUCY1A1,0.19363335543606994,Reactome
GOBP_PROTEIN_LOCALIZATION_TO_EXTRACELLULAR_REGION (GO_BP),4,292,3.3801719829302503,0.0347939591571179,GLUD1;SYT4;NNAT;EPHA5,0.19387335541507333,GO_BP
GOBP_REGULATION_OF_CELL_SIZE (GO_BP),3,170,4.351923764963807,0.03493601828347522,DCC;NRP1;DSCAM,0.19387335541507333,GO_BP
GOBP_CELLULAR_AMINO_ACID_BIOSYNTHETIC_PROCESS (GO_BP),2,70,7.0874493714168265,0.03502168423166394,SLC1A3;GLUD1,0.19387335541507333,GO_BP
GOCC_INTRINSIC_COMPONENT_OF_PRESYNAPTIC_MEMBRANE (GO_CC),2,70,7.0874493714168265,0.03502168423166394,GRM3;CNTN5,0.19387335541507333,GO_CC
KEGG_ARRHYTHMOGENIC_RIGHT_VENTRICULAR_CARDIOMYOPATHY_ARVC (KEGG),2,70,7.0874493714168265,0.03502168423166394,RYR2;ACTB,0.19387335541507333,KEGG
KEGG_HYPERTROPHIC_CARDIOMYOPATHY_HCM (KEGG),2,70,7.0874493714168265,0.03502168423166394,RYR2;ACTB,0.19387335541507333,KEGG
GOBP_REGULATION_OF_ANATOMICAL_STRUCTURE_SIZE (GO_BP),5,431,2.8679632057232123,0.035400666929851776,DCC;GUCY1A1;PRKG1;NRP1;DSCAM,0.19523292893186892,GO_BP
GOBP_POSITIVE_REGULATION_OF_PROTEIN_CONTAINING_COMPLEX_ASSEMBLY (GO_BP),3,171,4.325833624071839,0.0354543747317577,SLAIN1;CALY;PLCG2,0.19523292893186892,GO_BP
REACTOME_RHO_GTPASE_CYCLE (Reactome),5,432,2.861139544559737,0.03569968181261432,DLC1;ACTB;CHN1;TUBA1B;NGEF,0.1958399471211386,Reactome
GOBP_MUSCLE_HYPERTROPHY (GO_BP),2,71,6.984818222104695,0.03593996154642841,RYR2;FOXO1,0.1958399471211386,GO_BP
GOBP_RESPONSE_TO_AXON_INJURY (GO_BP),2,71,6.984818222104695,0.03593996154642841,GAP43;PLCG2,0.1958399471211386,GO_BP
GOBP_RESPONSE_TO_DOPAMINE (GO_BP),2,71,6.984818222104695,0.03593996154642841,GNAL;CALY,0.1958399471211386,GO_BP
GOBP_UROGENITAL_SYSTEM_DEVELOPMENT (GO_BP),4,299,3.299093071107735,0.03744183055507789,RARB;ROBO2;FRAS1;NRP1,0.19849335901911694,GO_BP
GOBP_REGULATION_OF_RAS_PROTEIN_SIGNAL_TRANSDUCTION (GO_BP),3,175,4.22456884671814,0.037567526262205206,DLC1;NRP1;ROBO1,0.19849335901911694,GO_BP
GOBP_MONOAMINE_TRANSPORT (GO_BP),2,73,6.785529078690156,0.037804231394538174,ACTB;SYT4,0.19849335901911694,GO_BP
GOBP_POSITIVE_REGULATION_OF_NEURON_DIFFERENTIATION (GO_BP),2,73,6.785529078690156,0.037804231394538174,PCP4;BRINP3,0.19849335901911694,GO_BP
GOBP_PROTEOGLYCAN_METABOLIC_PROCESS (GO_BP),2,73,6.785529078690156,0.037804231394538174,CHSY3;HS6ST3,0.19849335901911694,GO_BP
KEGG_PHOSPHATIDYLINOSITOL_SIGNALING_SYSTEM (KEGG),2,73,6.785529078690156,0.037804231394538174,CALM2;PLCG2,0.19849335901911694,KEGG
GOBP_CARDIAC_MUSCLE_TISSUE_DEVELOPMENT (GO_BP),3,176,4.199992480607666,0.038105715523458074,RYR2;RARB;SGCZ,0.19849335901911694,GO_BP
GOBP_REGULATION_OF_PROTEIN_BINDING (GO_BP),3,177,4.175699949618334,0.0386478527336972,ACTB;NRP1;SPON1,0.19849335901911694,GO_BP
GOBP_MACROPHAGE_ACTIVATION (GO_BP),2,74,6.691504376293826,0.03875003965263244,FOXP1;PLCG2,0.19849335901911694,GO_BP
GOBP_POSITIVE_REGULATION_OF_CELL_MORPHOGENESIS_INVOLVED_IN_DIFFERENTIATION (GO_BP),2,74,6.691504376293826,0.03875003965263244,RELN;NRP1,0.19849335901911694,GO_BP
GOBP_POSITIVE_REGULATION_OF_PEPTIDE_SECRETION (GO_BP),2,74,6.691504376293826,0.03875003965263244,GLUD1;NNAT,0.19849335901911694,GO_BP
GOCC_CYTOPLASMIC_MICROTUBULE (GO_CC),2,74,6.691504376293826,0.03875003965263244,MTUS2;TUBA1B,0.19849335901911694,GO_CC
GOMF_GATED_CHANNEL_ACTIVITY (GO_MF),4,303,3.254465619670829,0.039005733641274014,KCNIP4;RYR2;GABRB1;KCNQ5,0.19849335901911694,GO_MF
KEGG_PATHWAYS_IN_CANCER (KEGG),4,303,3.254465619670829,0.039005733641274014,DCC;RARB;FOXO1;PLCG2,0.19849335901911694,KEGG
GOCC_CELL_CELL_JUNCTION (GO_CC),5,443,2.788135892982551,0.039092441721194755,CDH8;CDH9;CNTNAP2;ACTB;PARD3B,0.19849335901911694,GO_CC
GOBP_HIPPOCAMPUS_DEVELOPMENT (GO_BP),2,75,6.599880108718297,0.039704841613730876,RELN;EPHA5,0.19849335901911694,GO_BP
REACTOME_RAC1_GTPASE_CYCLE (Reactome),3,179,4.127462657725928,0.039743944499538095,DLC1;CHN1;NGEF,0.19849335901911694,Reactome
GOBP_MESONEPHROS_DEVELOPMENT (GO_BP),2,76,6.510455915936305,0.04066854663093897,RARB;ROBO2,0.19849335901911694,GO_BP
GOBP_MUSCLE_CELL_MIGRATION (GO_BP),2,76,6.510455915936305,0.04066854663093897,PRKG1;NRP1,0.19849335901911694,GO_BP
GOMF_GLYCOSAMINOGLYCAN_BINDING (GO_MF),3,181,4.081474205123535,0.040855746976101066,COL25A1;NRP1;SMOC2,0.19849335901911694,GO_MF
GOBP_RESPONSE_TO_METAL_ION (GO_BP),4,308,3.200331911359621,0.04101267074593047,RYR2;CALM2;SYT4;PLCG2,0.19849335901911694,GO_BP
GOBP_AV_NODE_CELL_TO_BUNDLE_OF_HIS_CELL_SIGNALING (GO_BP),1,10,26.58833640729369,0.04118237875192987,RYR2,0.19849335901911694,GO_BP
GOBP_CELLULAR_RESPONSE_TO_CAFFEINE (GO_BP),1,10,26.58833640729369,0.04118237875192987,RYR2,0.19849335901911694,GO_BP
GOBP_CELLULAR_RESPONSE_TO_EPINEPHRINE_STIMULUS (GO_BP),1,10,26.58833640729369,0.04118237875192987,RYR2,0.19849335901911694,GO_BP
GOBP_DENDRITE_ARBORIZATION (GO_BP),1,10,26.58833640729369,0.04118237875192987,NRP1,0.19849335901911694,GO_BP
GOBP_DENDRITIC_CELL_CYTOKINE_PRODUCTION (GO_BP),1,10,26.58833640729369,0.04118237875192987,PLCG2,0.19849335901911694,GO_BP
GOBP_DETECTION_OF_CELL_DENSITY (GO_BP),1,10,26.58833640729369,0.04118237875192987,DACH1,0.19849335901911694,GO_BP
GOBP_ESTABLISHMENT_OF_CENTROSOME_LOCALIZATION (GO_BP),1,10,26.58833640729369,0.04118237875192987,PARD3B,0.19849335901911694,GO_BP
GOBP_MONOCYTE_ACTIVATION (GO_BP),1,10,26.58833640729369,0.04118237875192987,FOXP1,0.19849335901911694,GO_BP
GOBP_NEGATIVE_REGULATION_OF_MUSCLE_ADAPTATION (GO_BP),1,10,26.58833640729369,0.04118237875192987,FOXO1,0.19849335901911694,GO_BP
GOBP_NEGATIVE_REGULATION_OF_NEUROTRANSMITTER_SECRETION (GO_BP),1,10,26.58833640729369,0.04118237875192987,SYT4,0.19849335901911694,GO_BP
GOBP_NEGATIVE_REGULATION_OF_SYNAPSE_ORGANIZATION (GO_BP),1,10,26.58833640729369,0.04118237875192987,ROBO2,0.19849335901911694,GO_BP
GOBP_POSTSYNAPTIC_CYTOSKELETON_ORGANIZATION (GO_BP),1,10,26.58833640729369,0.04118237875192987,ACTB,0.19849335901911694,GO_BP
GOBP_PRESYNAPTIC_MODULATION_OF_CHEMICAL_SYNAPTIC_TRANSMISSION (GO_BP),1,10,26.58833640729369,0.04118237875192987,SYT4,0.19849335901911694,GO_BP
GOBP_PROTEIN_LOCALIZATION_TO_EARLY_ENDOSOME (GO_BP),1,10,26.58833640729369,0.04118237875192987,NRP1,0.19849335901911694,GO_BP
GOBP_REGULATION_OF_AXON_GUIDANCE (GO_BP),1,10,26.58833640729369,0.04118237875192987,NRP1,0.19849335901911694,GO_BP
GOBP_REGULATION_OF_CHEMOKINE_MEDIATED_SIGNALING_PATHWAY (GO_BP),1,10,26.58833640729369,0.04118237875192987,ROBO1,0.19849335901911694,GO_BP
GOBP_REGULATION_OF_POSTSYNAPTIC_SPECIALIZATION_ASSEMBLY (GO_BP),1,10,26.58833640729369,0.04118237875192987,GAP43,0.19849335901911694,GO_BP
GOBP_SA_NODE_CELL_TO_ATRIAL_CARDIAC_MUSCLE_CELL_COMMUNICATION (GO_BP),1,10,26.58833640729369,0.04118237875192987,RYR2,0.19849335901911694,GO_BP
GOCC_JUXTAPARANODE_REGION_OF_AXON (GO_CC),1,10,26.58833640729369,0.04118237875192987,CNTNAP2,0.19849335901911694,GO_CC
GOCC_SEMAPHORIN_RECEPTOR_COMPLEX (GO_CC),1,10,26.58833640729369,0.04118237875192987,NRP1,0.19849335901911694,GO_CC
GOMF_GLUTAMATE_BINDING (GO_MF),1,10,26.58833640729369,0.04118237875192987,SLC1A3,0.19849335901911694,GO_MF
GOMF_TAT_PROTEIN_BINDING (GO_MF),1,10,26.58833640729369,0.04118237875192987,ACTB,0.19849335901911694,GO_MF
GOMF_TITIN_BINDING (GO_MF),1,10,26.58833640729369,0.04118237875192987,CALM2,0.19849335901911694,GO_MF
REACTOME_ADENYLATE_CYCLASE_ACTIVATING_PATHWAY (Reactome),1,10,26.58833640729369,0.04118237875192987,GNAL,0.19849335901911694,Reactome
REACTOME_AKT_PHOSPHORYLATES_TARGETS_IN_THE_NUCLEUS (Reactome),1,10,26.58833640729369,0.04118237875192987,FOXO1,0.19849335901911694,Reactome
REACTOME_CASPASE_ACTIVATION_VIA_DEPENDENCE_RECEPTORS_IN_THE_ABSENCE_OF_LIGAND (Reactome),1,10,26.58833640729369,0.04118237875192987,DCC,0.19849335901911694,Reactome
REACTOME_FOLDING_OF_ACTIN_BY_CCT_TRIC (Reactome),1,10,26.58833640729369,0.04118237875192987,ACTB,0.19849335901911694,Reactome
REACTOME_REGULATION_OF_FOXO_TRANSCRIPTIONAL_ACTIVITY_BY_ACETYLATION (Reactome),1,10,26.58833640729369,0.04118237875192987,FOXO1,0.19849335901911694,Reactome
REACTOME_ROLE_OF_SECOND_MESSENGERS_IN_NETRIN_1_SIGNALING (Reactome),1,10,26.58833640729369,0.04118237875192987,DCC,0.19849335901911694,Reactome
GOBP_PEPTIDYL_TYROSINE_MODIFICATION (GO_BP),4,311,3.168697709583489,0.04224461039047,RELN;NRP1;EPHA5;PLCG2,0.20125057246126032,GO_BP
GOBP_ASSOCIATIVE_LEARNING (GO_BP),2,78,6.338662686853475,0.04262230619447871,MEIS2;RELN,0.20125057246126032,GO_BP
GOBP_CELLULAR_RESPONSE_TO_CALCIUM_ION (GO_BP),2,78,6.338662686853475,0.04262230619447871,SYT4;PLCG2,0.20125057246126032,GO_BP
GOBP_HOMOTYPIC_CELL_CELL_ADHESION (GO_BP),2,78,6.338662686853475,0.04262230619447871,ACTB;PRKG1,0.20125057246126032,GO_BP
GOBP_POSITIVE_REGULATION_OF_PROTEIN_BINDING (GO_BP),2,78,6.338662686853475,0.04262230619447871,NRP1;SPON1,0.20125057246126032,GO_BP
GOBP_REGULATION_OF_POSTSYNAPSE_ORGANIZATION (GO_BP),2,78,6.338662686853475,0.04262230619447871,RELN;NGEF,0.20125057246126032,GO_BP
GOBP_REGULATION_OF_STRIATED_MUSCLE_CONTRACTION (GO_BP),2,78,6.338662686853475,0.04262230619447871,RYR2;CALM2,0.20125057246126032,GO_BP
GOMF_TRANSMEMBRANE_RECEPTOR_PROTEIN_KINASE_ACTIVITY (GO_MF),2,78,6.338662686853475,0.04262230619447871,NRP1;EPHA5,0.20125057246126032,GO_MF
KEGG_DILATED_CARDIOMYOPATHY (KEGG),2,78,6.338662686853475,0.04262230619447871,RYR2;ACTB,0.20125057246126032,KEGG
GOBP_FEEDING_BEHAVIOR (GO_BP),2,79,6.256111002180438,0.043612182385555386,DACH1;CCK,0.20289672062359282,GO_BP
GOBP_FOCAL_ADHESION_ASSEMBLY (GO_BP),2,79,6.256111002180438,0.043612182385555386,DLC1;NRP1,0.20289672062359282,GO_BP
GOBP_HEMOSTASIS (GO_BP),3,186,3.9690262160828613,0.043703607075841214,ACTB;PRKG1;PLCG2,0.20289672062359282,GO_BP
REACTOME_FCGAMMA_RECEPTOR_FCGR_DEPENDENT_PHAGOCYTOSIS (Reactome),2,80,6.1756753549562875,0.04461060491571164,ACTB;PLCG2,0.20289672062359282,Reactome
GOBP_MUSCLE_TISSUE_DEVELOPMENT (GO_BP),4,317,3.1072480308183024,0.04477098699187868,RYR2;RARB;RBFOX1;SGCZ,0.20289672062359282,GO_BP
GOBP_REGULATION_OF_HORMONE_SECRETION (GO_BP),3,188,3.925833015387176,0.0448699318926955,GLUD1;NNAT;EPHA5,0.20289672062359282,GO_BP
GOBP_ANTIFUNGAL_INNATE_IMMUNE_RESPONSE (GO_BP),1,11,23.929851743005216,0.04520698375178278,PLCG2,0.20289672062359282,GO_BP
GOBP_CELLULAR_RESPONSE_TO_COLD (GO_BP),1,11,23.929851743005216,0.04520698375178278,FOXO1,0.20289672062359282,GO_BP
GOBP_COMMISSURAL_NEURON_AXON_GUIDANCE (GO_BP),1,11,23.929851743005216,0.04520698375178278,NRP1,0.20289672062359282,GO_BP
GOBP_EPITHELIAL_CELL_FATE_COMMITMENT (GO_BP),1,11,23.929851743005216,0.04520698375178278,NRP1,0.20289672062359282,GO_BP
GOBP_L_ASPARTATE_TRANSMEMBRANE_TRANSPORT (GO_BP),1,11,23.929851743005216,0.04520698375178278,SLC1A3,0.20289672062359282,GO_BP
GOBP_NEURONAL_ION_CHANNEL_CLUSTERING (GO_BP),1,11,23.929851743005216,0.04520698375178278,CNTNAP2,0.20289672062359282,GO_BP
GOBP_POSITIVE_REGULATION_OF_GLUTAMATE_SECRETION (GO_BP),1,11,23.929851743005216,0.04520698375178278,SYT4,0.20289672062359282,GO_BP
GOBP_REGULATION_OF_ATPASE_COUPLED_CALCIUM_TRANSMEMBRANE_TRANSPORTER_ACTIVITY (GO_BP),1,11,23.929851743005216,0.04520698375178278,RYR2,0.20289672062359282,GO_BP
GOBP_REGULATION_OF_CELL_COMMUNICATION_BY_ELECTRICAL_COUPLING_INVOLVED_IN_CARDIAC_CONDUCTION (GO_BP),1,11,23.929851743005216,0.04520698375178278,CALM2,0.20289672062359282,GO_BP
GOBP_REGULATION_OF_VENTRICULAR_CARDIAC_MUSCLE_CELL_ACTION_POTENTIAL (GO_BP),1,11,23.929851743005216,0.04520698375178278,RYR2,0.20289672062359282,GO_BP
GOBP_THALAMUS_DEVELOPMENT (GO_BP),1,11,23.929851743005216,0.04520698375178278,CNTNAP2,0.20289672062359282,GO_BP
GOBP_VENTRICULAR_CARDIAC_MUSCLE_CELL_DIFFERENTIATION (GO_BP),1,11,23.929851743005216,0.04520698375178278,RARB,0.20289672062359282,GO_BP
GOCC_ANCHORED_COMPONENT_OF_SYNAPTIC_MEMBRANE (GO_CC),1,11,23.929851743005216,0.04520698375178278,CNTN5,0.20289672062359282,GO_CC
GOMF_ADENYLATE_CYCLASE_BINDING (GO_MF),1,11,23.929851743005216,0.04520698375178278,CALM2,0.20289672062359282,GO_MF
GOMF_SEMAPHORIN_RECEPTOR_ACTIVITY (GO_MF),1,11,23.929851743005216,0.04520698375178278,NRP1,0.20289672062359282,GO_MF
GOMF_STRUCTURAL_CONSTITUENT_OF_POSTSYNAPSE (GO_MF),1,11,23.929851743005216,0.04520698375178278,ACTB,0.20289672062359282,GO_MF
REACTOME_REGULATION_OF_LOCALIZATION_OF_FOXO_TRANSCRIPTION_FACTORS (Reactome),1,11,23.929851743005216,0.04520698375178278,FOXO1,0.20289672062359282,Reactome
GOBP_MAINTENANCE_OF_LOCATION_IN_CELL (GO_BP),3,189,3.9045862252134405,0.04545888668302306,RYR2;CALM2;PLCG2,0.20305585544729216,GO_BP
GOBP_REGULATION_OF_PROTEIN_DEPHOSPHORYLATION (GO_BP),2,81,6.097287018776571,0.045617486057026556,DLC1;CALM2,0.20305585544729216,GO_BP
GOMF_MODIFIED_AMINO_ACID_BINDING (GO_MF),2,81,6.097287018776571,0.045617486057026556,GAP43;SYT4,0.20305585544729216,GO_MF
GOBP_NEGATIVE_REGULATION_OF_RESPONSE_TO_EXTERNAL_STIMULUS (GO_BP),4,319,3.0872849444515613,0.045631622522654534,ROBO2;PRKG1;NRP1;ROBO1,0.20305585544729216,GO_BP
REACTOME_PLATELET_HOMEOSTASIS (Reactome),2,82,6.020863022856073,0.046632738655651845,GUCY1A1;PRKG1,0.20419757541207698,Reactome
GOBP_CYTOSKELETON_DEPENDENT_INTRACELLULAR_TRANSPORT (GO_BP),3,191,3.862774783585552,0.046648339190464704,SYT4;CALY;TUBA1B,0.20419757541207698,GO_BP
GOBP_DEVELOPMENT_OF_PRIMARY_SEXUAL_CHARACTERISTICS (GO_BP),3,191,3.862774783585552,0.046648339190464704,DACH1;GPR149;ROBO2,0.20419757541207698,GO_BP
GOBP_RESPONSE_TO_INORGANIC_SUBSTANCE (GO_BP),5,467,2.640867023353312,0.04716063202467949,RYR2;CALM2;SYT4;FOXO1;PLCG2,0.20419757541207698,GO_BP
GOBP_CELLULAR_RESPONSE_TO_INORGANIC_SUBSTANCE (GO_BP),3,192,3.8422033526623602,0.04724881976514614,SYT4;FOXO1;PLCG2,0.20419757541207698,GO_BP
GOBP_REGULATION_OF_ENDOCYTOSIS (GO_BP),3,192,3.8422033526623602,0.04724881976514614,SYT4;CALY;PLCG2,0.20419757541207698,GO_BP
REACTOME_NEUROTRANSMITTER_RECEPTORS_AND_POSTSYNAPTIC_SIGNAL_TRANSMISSION (Reactome),3,192,3.8422033526623602,0.04724881976514614,GNAL;GABRB1;TUBA1B,0.20419757541207698,Reactome
GOBP_DICARBOXYLIC_ACID_TRANSPORT (GO_BP),2,83,5.946327189195658,0.04765627612860991,SLC1A3;SYT4,0.20419757541207698,GO_BP
GOBP_NEURON_PROJECTION_ORGANIZATION (GO_BP),2,84,5.873610269485072,0.04868801246060801,RELN;NGEF,0.20419757541207698,GO_BP
GOMF_STRUCTURAL_CONSTITUENT_OF_CYTOSKELETON (GO_MF),2,84,5.873610269485072,0.04868801246060801,ACTB;TUBA1B,0.20419757541207698,GO_MF
GOBP_ADENYLATE_CYCLASE_MODULATING_G_PROTEIN_COUPLED_RECEPTOR_SIGNALING_PATHWAY (GO_BP),3,195,3.781786828725284,0.04907317313341559,GNAL;GRM3;ADGRL2,0.20419757541207698,GO_BP
GOBP_ADHERENS_JUNCTION_ASSEMBLY (GO_BP),1,12,21.736930387358033,0.049214844481204945,ACTB,0.20419757541207698,GO_BP
GOBP_CALCIUM_ION_EXPORT (GO_BP),1,12,21.736930387358033,0.049214844481204945,CALM2,0.20419757541207698,GO_BP
GOBP_CARDIAC_LEFT_VENTRICLE_MORPHOGENESIS (GO_BP),1,12,21.736930387358033,0.049214844481204945,RYR2,0.20419757541207698,GO_BP
GOBP_CELLULAR_RESPONSE_TO_INCREASED_OXYGEN_LEVELS (GO_BP),1,12,21.736930387358033,0.049214844481204945,FOXO1,0.20419757541207698,GO_BP
GOBP_CHEMOKINE_C_X_C_MOTIF_LIGAND_2_PRODUCTION (GO_BP),1,12,21.736930387358033,0.049214844481204945,FOXP1,0.20419757541207698,GO_BP
GOBP_GAP_JUNCTION_ASSEMBLY (GO_BP),1,12,21.736930387358033,0.049214844481204945,CNTNAP2,0.20419757541207698,GO_BP
GOBP_HEPATOCYTE_GROWTH_FACTOR_RECEPTOR_SIGNALING_PATHWAY (GO_BP),1,12,21.736930387358033,0.049214844481204945,NRP1,0.20419757541207698,GO_BP
GOBP_INOSITOL_TRISPHOSPHATE_METABOLIC_PROCESS (GO_BP),1,12,21.736930387358033,0.049214844481204945,PLCG2,0.20419757541207698,GO_BP
GOBP_NEGATIVE_REGULATION_OF_ANDROGEN_RECEPTOR_SIGNALING_PATHWAY (GO_BP),1,12,21.736930387358033,0.049214844481204945,FOXP1,0.20419757541207698,GO_BP
GOBP_NEGATIVE_REGULATION_OF_CATECHOLAMINE_SECRETION (GO_BP),1,12,21.736930387358033,0.049214844481204945,SYT4,0.20419757541207698,GO_BP
GOBP_NEGATIVE_REGULATION_OF_RYANODINE_SENSITIVE_CALCIUM_RELEASE_CHANNEL_ACTIVITY (GO_BP),1,12,21.736930387358033,0.049214844481204945,CALM2,0.20419757541207698,GO_BP
GOBP_POSTSYNAPTIC_NEUROTRANSMITTER_RECEPTOR_INTERNALIZATION (GO_BP),1,12,21.736930387358033,0.049214844481204945,CALY,0.20419757541207698,GO_BP
GOBP_PYRAMIDAL_NEURON_DIFFERENTIATION (GO_BP),1,12,21.736930387358033,0.049214844481204945,UNC5D,0.20419757541207698,GO_BP
GOBP_REGULATION_OF_MEMBRANE_INVAGINATION (GO_BP),1,12,21.736930387358033,0.049214844481204945,PLCG2,0.20419757541207698,GO_BP
GOBP_REGULATION_OF_NUCLEAR_CELL_CYCLE_DNA_REPLICATION (GO_BP),1,12,21.736930387358033,0.049214844481204945,DACH1,0.20419757541207698,GO_BP
GOBP_SECRETORY_GRANULE_LOCALIZATION (GO_BP),1,12,21.736930387358033,0.049214844481204945,SYT4,0.20419757541207698,GO_BP
GOMF_C2H2_ZINC_FINGER_DOMAIN_BINDING (GO_MF),1,12,21.736930387358033,0.049214844481204945,EBF1,0.20419757541207698,GO_MF
GOMF_CALCIUM_CHANNEL_INHIBITOR_ACTIVITY (GO_MF),1,12,21.736930387358033,0.049214844481204945,CALM2,0.20419757541207698,GO_MF
GOMF_CYCLASE_REGULATOR_ACTIVITY (GO_MF),1,12,21.736930387358033,0.049214844481204945,CALM2,0.20419757541207698,GO_MF
GOMF_GABA_GATED_CHLORIDE_ION_CHANNEL_ACTIVITY (GO_MF),1,12,21.736930387358033,0.049214844481204945,GABRB1,0.20419757541207698,GO_MF
KEGG_CIRCADIAN_RHYTHM_MAMMAL (KEGG),1,12,21.736930387358033,0.049214844481204945,NPAS2,0.20419757541207698,KEGG
REACTOME_GAP_JUNCTION_DEGRADATION (Reactome),1,12,21.736930387358033,0.049214844481204945,ACTB,0.20419757541207698,Reactome
REACTOME_REGULATION_OF_GENE_EXPRESSION_IN_BETA_CELLS (Reactome),1,12,21.736930387358033,0.049214844481204945,FOXO1,0.20419757541207698,Reactome
GOBP_INORGANIC_ANION_TRANSMEMBRANE_TRANSPORT (GO_BP),2,85,5.802646331664453,0.04972786220086903,SLC1A3;GABRB1,0.20469832034164429,GO_BP
GOBP_REGULATION_OF_CALCIUM_ION_TRANSPORT_INTO_CYTOSOL (GO_BP),2,85,5.802646331664453,0.04972786220086903,RYR2;CALM2,0.20469832034164429,GO_BP
GOMF_PHOSPHORIC_DIESTER_HYDROLASE_ACTIVITY (GO_MF),2,85,5.802646331664453,0.04972786220086903,PDE7B;PLCG2,0.20469832034164429,GO_MF
GOMF_PROTEIN_PHOSPHATASE_REGULATOR_ACTIVITY (GO_MF),2,85,5.802646331664453,0.04972786220086903,PPP2R2C;CALM2,0.20469832034164429,GO_MF
GOBP_RAS_PROTEIN_SIGNAL_TRANSDUCTION (GO_BP),4,329,2.991174720275609,0.05007341517764971,DLC1;RAPGEF5;NRP1;ROBO1,0.20563145292307422,GO_BP
GOBP_REGULATION_OF_BINDING (GO_BP),4,330,2.9818881732603493,0.05053028015004758,ACTB;CALM2;NRP1;SPON1,0.20563145292307422,GO_BP
GOBP_NEUROTRANSMITTER_TRANSPORT (GO_BP),3,198,3.7232505527648025,0.05093170300054127,SLC1A3;SYT4;SYN2,0.20563145292307422,GO_BP
GOBP_POSITIVE_REGULATION_OF_RESPONSE_TO_EXTERNAL_STIMULUS (GO_BP),4,332,2.963485056853064,0.05145091543870957,NRP1;DSCAM;SMOC2;PLCG2,0.20563145292307422,GO_BP
GOBP_REGULATION_OF_NOTCH_SIGNALING_PATHWAY (GO_BP),2,87,5.665729144059227,0.051831562906745954,ROBO2;ROBO1,0.20563145292307422,GO_BP
GOBP_RESPONSE_TO_ALKALOID (GO_BP),2,87,5.665729144059227,0.051831562906745954,RYR2;SLC1A3,0.20563145292307422,GO_BP
GOBP_REGULATION_OF_METAL_ION_TRANSPORT (GO_BP),4,334,2.9453051329833073,0.05238074916201561,KCNIP4;RYR2;CALM2;PLCG2,0.20563145292307422,GO_BP
GOBP_DENDRITIC_SPINE_DEVELOPMENT (GO_BP),2,88,5.599658985715798,0.052895245765087584,RELN;NGEF,0.20563145292307422,GO_BP
GOBP_REGULATION_OF_HEART_RATE (GO_BP),2,88,5.599658985715798,0.052895245765087584,RYR2;CALM2,0.20563145292307422,GO_BP
GOBP_AV_NODE_CELL_TO_BUNDLE_OF_HIS_CELL_COMMUNICATION (GO_BP),1,13,19.94284226251368,0.05320602998488744,RYR2,0.20563145292307422,GO_BP
GOBP_CELLULAR_RESPONSE_TO_PURINE_CONTAINING_COMPOUND (GO_BP),1,13,19.94284226251368,0.05320602998488744,RYR2,0.20563145292307422,GO_BP
GOBP_CGMP_METABOLIC_PROCESS (GO_BP),1,13,19.94284226251368,0.05320602998488744,GUCY1A1,0.20563145292307422,GO_BP
GOBP_CYCLIC_NUCLEOTIDE_CATABOLIC_PROCESS (GO_BP),1,13,19.94284226251368,0.05320602998488744,PDE7B,0.20563145292307422,GO_BP
GOBP_DICARBOXYLIC_ACID_BIOSYNTHETIC_PROCESS (GO_BP),1,13,19.94284226251368,0.05320602998488744,GLUD1,0.20563145292307422,GO_BP
GOBP_LAYER_FORMATION_IN_CEREBRAL_CORTEX (GO_BP),1,13,19.94284226251368,0.05320602998488744,RELN,0.20563145292307422,GO_BP
GOBP_MACROPHAGE_CYTOKINE_PRODUCTION (GO_BP),1,13,19.94284226251368,0.05320602998488744,PLCG2,0.20563145292307422,GO_BP
GOBP_MORPHOGENESIS_OF_AN_ENDOTHELIUM (GO_BP),1,13,19.94284226251368,0.05320602998488744,FOXP1,0.20563145292307422,GO_BP
GOBP_NEGATIVE_REGULATION_OF_B_CELL_APOPTOTIC_PROCESS (GO_BP),1,13,19.94284226251368,0.05320602998488744,FOXP1,0.20563145292307422,GO_BP
GOBP_NEGATIVE_REGULATION_OF_DENDRITIC_SPINE_DEVELOPMENT (GO_BP),1,13,19.94284226251368,0.05320602998488744,NGEF,0.20563145292307422,GO_BP
GOBP_NEGATIVE_REGULATION_OF_HOMOTYPIC_CELL_CELL_ADHESION (GO_BP),1,13,19.94284226251368,0.05320602998488744,PRKG1,0.20563145292307422,GO_BP
GOBP_NEGATIVE_REGULATION_OF_NEUROTRANSMITTER_TRANSPORT (GO_BP),1,13,19.94284226251368,0.05320602998488744,SYT4,0.20563145292307422,GO_BP
GOBP_PARASYMPATHETIC_NERVOUS_SYSTEM_DEVELOPMENT (GO_BP),1,13,19.94284226251368,0.05320602998488744,NRP1,0.20563145292307422,GO_BP
GOBP_POST_EMBRYONIC_ANIMAL_MORPHOGENESIS (GO_BP),1,13,19.94284226251368,0.05320602998488744,DSCAM,0.20563145292307422,GO_BP
GOBP_REGULATION_OF_SYNAPSE_MATURATION (GO_BP),1,13,19.94284226251368,0.05320602998488744,RELN,0.20563145292307422,GO_BP
GOBP_RESPONSE_TO_CAFFEINE (GO_BP),1,13,19.94284226251368,0.05320602998488744,RYR2,0.20563145292307422,GO_BP
GOBP_RESPONSE_TO_EPINEPHRINE (GO_BP),1,13,19.94284226251368,0.05320602998488744,RYR2,0.20563145292307422,GO_BP
GOCC_BETA_CATENIN_TCF_COMPLEX (GO_CC),1,13,19.94284226251368,0.05320602998488744,TLE4,0.20563145292307422,GO_CC
GOCC_NEURONAL_DENSE_CORE_VESICLE (GO_CC),1,13,19.94284226251368,0.05320602998488744,SYT4,0.20563145292307422,GO_CC
GOMF_NITRIC_OXIDE_SYNTHASE_BINDING (GO_MF),1,13,19.94284226251368,0.05320602998488744,ACTB,0.20563145292307422,GO_MF
GOMF_PEPTIDE_HORMONE_RECEPTOR_BINDING (GO_MF),1,13,19.94284226251368,0.05320602998488744,CCK,0.20563145292307422,GO_MF
GOMF_PROTEIN_KINASE_A_CATALYTIC_SUBUNIT_BINDING (GO_MF),1,13,19.94284226251368,0.05320602998488744,RYR2,0.20563145292307422,GO_MF
REACTOME_ACTIVATION_OF_RAC1 (Reactome),1,13,19.94284226251368,0.05320602998488744,ROBO1,0.20563145292307422,Reactome
REACTOME_SEMA3A_PLEXIN_REPULSION_SIGNALING_BY_INHIBITING_INTEGRIN_ADHESION (Reactome),1,13,19.94284226251368,0.05320602998488744,NRP1,0.20563145292307422,Reactome
GOBP_CARDIAC_CONDUCTION (GO_BP),2,89,5.53510767297678,0.05396670581091746,RYR2;CALM2,0.2073482509975438,GO_BP
GOBP_REGULATION_OF_ACTOMYOSIN_STRUCTURE_ORGANIZATION (GO_BP),2,89,5.53510767297678,0.05396670581091746,DLC1;NRP1,0.2073482509975438,GO_BP
GOCC_BASEMENT_MEMBRANE (GO_CC),2,89,5.53510767297678,0.05396670581091746,FRAS1;SMOC2,0.2073482509975438,GO_CC
GOBP_REGULATION_OF_NEUROTRANSMITTER_LEVELS (GO_BP),3,204,3.6114934767877975,0.05475026664567034,SLC1A3;SYT4;SYN2,0.2073482509975438,GO_BP
GOBP_REGULATION_OF_PEPTIDYL_TYROSINE_PHOSPHORYLATION (GO_BP),3,204,3.6114934767877975,0.05475026664567034,RELN;NRP1;PLCG2,0.2073482509975438,GO_BP
GOBP_REGULATION_OF_CELL_MORPHOGENESIS_INVOLVED_IN_DIFFERENTIATION (GO_BP),2,90,5.4727837204545,0.0550458603690608,RELN;NRP1,0.2073482509975438,GO_BP
GOBP_PEPTIDE_TRANSPORT (GO_BP),3,205,3.593522807825257,0.055399736530961786,GLUD1;NNAT;EPHA5,0.2073482509975438,GO_BP
GOBP_POSITIVE_REGULATION_OF_ENDOCYTOSIS (GO_BP),2,91,5.4111318351117,0.05613262731017983,CALY;PLCG2,0.2073482509975438,GO_BP
GOBP_CELL_SURFACE_RECEPTOR_SIGNALING_PATHWAY_INVOLVED_IN_CELL_CELL_SIGNALING (GO_BP),5,491,2.5082453006890613,0.05615170233067984,PRICKLE2;RELN;FOXO1;TLE4;PLCG2,0.2073482509975438,GO_BP
GOBP_WOUND_HEALING (GO_BP),4,343,2.866151226406449,0.056678509592174034,ACTB;PRKG1;SMOC2;PLCG2,0.2073482509975438,GO_BP
GOBP_NEGATIVE_REGULATION_OF_GROWTH (GO_BP),3,207,3.557345996585853,0.05670976365436775,DCC;MEG3;NRP1,0.2073482509975438,GO_BP
GOBP_ANATOMICAL_STRUCTURE_ARRANGEMENT (GO_BP),1,14,18.39939420406888,0.057180609025370255,NRP1,0.2073482509975438,GO_BP
GOBP_CDC42_PROTEIN_SIGNAL_TRANSDUCTION (GO_BP),1,14,18.39939420406888,0.057180609025370255,NRP1,0.2073482509975438,GO_BP
GOBP_GANGLION_DEVELOPMENT (GO_BP),1,14,18.39939420406888,0.057180609025370255,NRP1,0.2073482509975438,GO_BP
GOBP_MACROPHAGE_ACTIVATION_INVOLVED_IN_IMMUNE_RESPONSE (GO_BP),1,14,18.39939420406888,0.057180609025370255,PLCG2,0.2073482509975438,GO_BP
GOBP_NEUROTRANSMITTER_GATED_ION_CHANNEL_CLUSTERING (GO_BP),1,14,18.39939420406888,0.057180609025370255,RELN,0.2073482509975438,GO_BP
GOBP_POSITIVE_REGULATION_OF_REACTIVE_OXYGEN_SPECIES_BIOSYNTHETIC_PROCESS (GO_BP),1,14,18.39939420406888,0.057180609025370255,PLCG2,0.2073482509975438,GO_BP
GOBP_POSTSYNAPTIC_MODULATION_OF_CHEMICAL_SYNAPTIC_TRANSMISSION (GO_BP),1,14,18.39939420406888,0.057180609025370255,DCC,0.2073482509975438,GO_BP
GOBP_REGULATION_OF_DEFENSE_RESPONSE_TO_BACTERIUM (GO_BP),1,14,18.39939420406888,0.057180609025370255,FOXP1,0.2073482509975438,GO_BP
GOBP_REGULATION_OF_MAMMARY_GLAND_EPITHELIAL_CELL_PROLIFERATION (GO_BP),1,14,18.39939420406888,0.057180609025370255,ROBO1,0.2073482509975438,GO_BP
GOBP_SYNAPTIC_VESICLE_CLUSTERING (GO_BP),1,14,18.39939420406888,0.057180609025370255,SYN2,0.2073482509975438,GO_BP
GOBP_TRICARBOXYLIC_ACID_METABOLIC_PROCESS (GO_BP),1,14,18.39939420406888,0.057180609025370255,GLUD1,0.2073482509975438,GO_BP
GOBP_VASCULAR_WOUND_HEALING (GO_BP),1,14,18.39939420406888,0.057180609025370255,SMOC2,0.2073482509975438,GO_BP
GOMF_ABC_TYPE_XENOBIOTIC_TRANSPORTER_ACTIVITY (GO_MF),1,14,18.39939420406888,0.057180609025370255,ABCB5,0.2073482509975438,GO_MF
GOMF_CGMP_BINDING (GO_MF),1,14,18.39939420406888,0.057180609025370255,PRKG1,0.2073482509975438,GO_MF
GOMF_EFFLUX_TRANSMEMBRANE_TRANSPORTER_ACTIVITY (GO_MF),1,14,18.39939420406888,0.057180609025370255,ABCB5,0.2073482509975438,GO_MF
GOMF_GLUCURONOSYLTRANSFERASE_ACTIVITY (GO_MF),1,14,18.39939420406888,0.057180609025370255,CHSY3,0.2073482509975438,GO_MF
GOMF_HEPARAN_SULFATE_SULFOTRANSFERASE_ACTIVITY (GO_MF),1,14,18.39939420406888,0.057180609025370255,HS6ST3,0.2073482509975438,GO_MF
GOMF_LOW_DENSITY_LIPOPROTEIN_PARTICLE_RECEPTOR_ACTIVITY (GO_MF),1,14,18.39939420406888,0.057180609025370255,LRP1B,0.2073482509975438,GO_MF
GOMF_NEUROPEPTIDE_BINDING (GO_MF),1,14,18.39939420406888,0.057180609025370255,GPR149,0.2073482509975438,GO_MF
REACTOME_ADENYLATE_CYCLASE_INHIBITORY_PATHWAY (Reactome),1,14,18.39939420406888,0.057180609025370255,GNAL,0.2073482509975438,Reactome
REACTOME_DCC_MEDIATED_ATTRACTIVE_SIGNALING (Reactome),1,14,18.39939420406888,0.057180609025370255,DCC,0.2073482509975438,Reactome
REACTOME_GLUTAMATE_AND_GLUTAMINE_METABOLISM (Reactome),1,14,18.39939420406888,0.057180609025370255,GLUD1,0.2073482509975438,Reactome
REACTOME_REPRESSION_OF_WNT_TARGET_GENES (Reactome),1,14,18.39939420406888,0.057180609025370255,TLE4,0.2073482509975438,Reactome
GOBP_MORPHOGENESIS_OF_A_POLARIZED_EPITHELIUM (GO_BP),2,92,5.3508455322015065,0.05722692504771693,PRICKLE2;ACTB,0.2073482509975438,GO_BP
GOCC_RUFFLE_MEMBRANE (GO_CC),2,92,5.3508455322015065,0.05722692504771693,DLC1;PLCG2,0.2073482509975438,GO_CC
GOBP_ESTABLISHMENT_OR_MAINTENANCE_OF_CELL_POLARITY (GO_BP),3,208,3.539914643663016,0.057370299892627305,ACTB;MAP7;PARD3B,0.20750747985426896,GO_BP
GOBP_REGULATION_OF_CALCIUM_ION_TRANSPORT (GO_BP),3,209,3.5226551840639675,0.05803450373816209,RYR2;CALM2;PLCG2,0.20849078876747498,GO_BP
GOBP_PROTEIN_LOCALIZATION_TO_CELL_JUNCTION (GO_BP),2,93,5.291879401005815,0.058328672534852556,ACTB;RELN,0.20849078876747498,GO_BP
GOCC_COLLAGEN_CONTAINING_EXTRACELLULAR_MATRIX (GO_CC),4,347,2.8323054448321487,0.058648020335822476,COL25A1;FRAS1;SMOC2;SPON1,0.20849078876747498,GO_CC
GOBP_HEART_PROCESS (GO_BP),3,210,3.5055650590927576,0.05870236442761395,RYR2;SGCZ;CALM2,0.20849078876747498,GO_BP
GOBP_CELL_SUBSTRATE_JUNCTION_ORGANIZATION (GO_BP),2,94,5.2341900684657885,0.059437789261478954,DLC1;NRP1,0.20849078876747498,GO_BP
GOBP_CHLORIDE_TRANSPORT (GO_BP),2,94,5.2341900684657885,0.059437789261478954,SLC1A3;GABRB1,0.20849078876747498,GO_BP
GOBP_POSITIVE_REGULATION_OF_DNA_REPAIR (GO_BP),2,94,5.2341900684657885,0.059437789261478954,ACTB;NPAS2,0.20849078876747498,GO_BP
GOBP_SMOOTH_MUSCLE_CONTRACTION (GO_BP),2,94,5.2341900684657885,0.059437789261478954,GUCY1A1;PRKG1,0.20849078876747498,GO_BP
GOMF_CHROMATIN_DNA_BINDING (GO_MF),2,94,5.2341900684657885,0.059437789261478954,ACTB;FOXO1,0.20849078876747498,GO_MF
GOMF_PROTEIN_TYROSINE_KINASE_BINDING (GO_MF),2,94,5.2341900684657885,0.059437789261478954,DSCAM;PLCG2,0.20849078876747498,GO_MF
HALLMARK_ANDROGEN_RESPONSE (Hallmark),2,94,5.2341900684657885,0.059437789261478954,GUCY1A1;MAP7,0.20849078876747498,Hallmark
GOBP_CHONDROCYTE_DIFFERENTIATION (GO_BP),2,95,5.1777360935664944,0.060554195251190206,RARB;TRPS1,0.20849078876747498,GO_BP
GOBP_EMBRYONIC_APPENDAGE_MORPHOGENESIS (GO_BP),2,95,5.1777360935664944,0.060554195251190206,RARB;FRAS1,0.20849078876747498,GO_BP
GOBP_NEGATIVE_REGULATION_OF_DEVELOPMENTAL_GROWTH (GO_BP),2,95,5.1777360935664944,0.060554195251190206,DCC;NRP1,0.20849078876747498,GO_BP
GOBP_REGULATION_OF_DENDRITE_DEVELOPMENT (GO_BP),2,95,5.1777360935664944,0.060554195251190206,DCC;RELN,0.20849078876747498,GO_BP
GOBP_APICAL_PROTEIN_LOCALIZATION (GO_BP),1,15,17.09699602595433,0.061138650084185286,ACTB,0.20849078876747498,GO_BP
GOBP_G_PROTEIN_COUPLED_GLUTAMATE_RECEPTOR_SIGNALING_PATHWAY (GO_BP),1,15,17.09699602595433,0.061138650084185286,GRM3,0.20849078876747498,GO_BP
GOBP_I_KAPPAB_PHOSPHORYLATION (GO_BP),1,15,17.09699602595433,0.061138650084185286,PLCG2,0.20849078876747498,GO_BP
GOBP_L_GLUTAMATE_IMPORT_ACROSS_PLASMA_MEMBRANE (GO_BP),1,15,17.09699602595433,0.061138650084185286,SLC1A3,0.20849078876747498,GO_BP
GOBP_POSITIVE_REGULATION_OF_ENDOTHELIAL_CELL_CHEMOTAXIS (GO_BP),1,15,17.09699602595433,0.061138650084185286,SMOC2,0.20849078876747498,GO_BP
GOBP_REGULATION_OF_CELL_COMMUNICATION_BY_ELECTRICAL_COUPLING (GO_BP),1,15,17.09699602595433,0.061138650084185286,CALM2,0.20849078876747498,GO_BP
GOBP_REGULATION_OF_EXECUTION_PHASE_OF_APOPTOSIS (GO_BP),1,15,17.09699602595433,0.061138650084185286,DLC1,0.20849078876747498,GO_BP
GOBP_REGULATION_OF_MONOCYTE_DIFFERENTIATION (GO_BP),1,15,17.09699602595433,0.061138650084185286,FOXP1,0.20849078876747498,GO_BP
GOBP_REGULATION_OF_SHORT_TERM_NEURONAL_SYNAPTIC_PLASTICITY (GO_BP),1,15,17.09699602595433,0.061138650084185286,SYT4,0.20849078876747498,GO_BP
GOBP_SEMAPHORIN_PLEXIN_SIGNALING_PATHWAY_INVOLVED_IN_NEURON_PROJECTION_GUIDANCE (GO_BP),1,15,17.09699602595433,0.061138650084185286,NRP1,0.20849078876747498,GO_BP
GOMF_3_5_CYCLIC_AMP_PHOSPHODIESTERASE_ACTIVITY (GO_MF),1,15,17.09699602595433,0.061138650084185286,PDE7B,0.20849078876747498,GO_MF
GOMF_ACIDIC_AMINO_ACID_TRANSMEMBRANE_TRANSPORTER_ACTIVITY (GO_MF),1,15,17.09699602595433,0.061138650084185286,SLC1A3,0.20849078876747498,GO_MF
GOMF_AMINO_ACID_SODIUM_SYMPORTER_ACTIVITY (GO_MF),1,15,17.09699602595433,0.061138650084185286,SLC1A3,0.20849078876747498,GO_MF
GOMF_LIPOPROTEIN_PARTICLE_RECEPTOR_ACTIVITY (GO_MF),1,15,17.09699602595433,0.061138650084185286,LRP1B,0.20849078876747498,GO_MF
GOMF_PROTEIN_PHOSPHATASE_ACTIVATOR_ACTIVITY (GO_MF),1,15,17.09699602595433,0.061138650084185286,CALM2,0.20849078876747498,GO_MF
REACTOME_CRMPS_IN_SEMA3A_SIGNALING (Reactome),1,15,17.09699602595433,0.061138650084185286,NRP1,0.20849078876747498,Reactome
REACTOME_FOXO_MEDIATED_TRANSCRIPTION_OF_CELL_DEATH_GENES (Reactome),1,15,17.09699602595433,0.061138650084185286,FOXO1,0.20849078876747498,Reactome
REACTOME_N_GLYCAN_ANTENNAE_ELONGATION (Reactome),1,15,17.09699602595433,0.061138650084185286,MGAT4C,0.20849078876747498,Reactome
REACTOME_RAP1_SIGNALLING (Reactome),1,15,17.09699602595433,0.061138650084185286,PRKG1,0.20849078876747498,Reactome
REACTOME_SEMA3A_PAK_DEPENDENT_AXON_REPULSION (Reactome),1,15,17.09699602595433,0.061138650084185286,NRP1,0.20849078876747498,Reactome
GOBP_REGULATION_OF_ACTIN_FILAMENT_BASED_PROCESS (GO_BP),4,353,2.7829916345525443,0.06167043529837146,RYR2;DLC1;NRP1;EPHA5,0.2089636228549415,GO_BP
GOBP_POSITIVE_REGULATION_OF_HORMONE_SECRETION (GO_BP),2,96,5.122477867440214,0.061677811058286514,GLUD1;NNAT,0.2089636228549415,GO_BP
GOBP_REGULATION_OF_ACTIN_FILAMENT_BUNDLE_ASSEMBLY (GO_BP),2,96,5.122477867440214,0.061677811058286514,DLC1;NRP1,0.2089636228549415,GO_BP
GOBP_REGULATION_OF_SYNAPSE_ASSEMBLY (GO_BP),2,96,5.122477867440214,0.061677811058286514,ROBO2;LRRTM3,0.2089636228549415,GO_BP
GOBP_SENSORY_ORGAN_MORPHOGENESIS (GO_BP),3,215,3.42241479725284,0.062096136722777875,RARB;TENM3;DSCAM,0.2100399308597041,GO_BP
GOBP_POSITIVE_REGULATION_OF_GROWTH (GO_BP),3,216,3.4062195057320577,0.0627857068089759,SYT4;NRP1;DSCAM,0.21202875422383932,GO_BP
GOBP_CALCIUM_ION_REGULATED_EXOCYTOSIS_OF_NEUROTRANSMITTER (GO_BP),1,16,15.946015673117824,0.06508022136299718,SYT4,0.21225810942469697,GO_BP
GOBP_CATECHOLAMINE_UPTAKE (GO_BP),1,16,15.946015673117824,0.06508022136299718,ACTB,0.21225810942469697,GO_BP
GOBP_CORONARY_VASCULATURE_MORPHOGENESIS (GO_BP),1,16,15.946015673117824,0.06508022136299718,NRP1,0.21225810942469697,GO_BP
GOBP_GROWTH_PLATE_CARTILAGE_DEVELOPMENT (GO_BP),1,16,15.946015673117824,0.06508022136299718,RARB,0.21225810942469697,GO_BP
GOBP_NEGATIVE_REGULATION_OF_CALCIUM_ION_TRANSPORT_INTO_CYTOSOL (GO_BP),1,16,15.946015673117824,0.06508022136299718,CALM2,0.21225810942469697,GO_BP
GOBP_NEGATIVE_REGULATION_OF_CELL_SUBSTRATE_JUNCTION_ORGANIZATION (GO_BP),1,16,15.946015673117824,0.06508022136299718,DLC1,0.21225810942469697,GO_BP
GOBP_NOREPINEPHRINE_TRANSPORT (GO_BP),1,16,15.946015673117824,0.06508022136299718,ACTB,0.21225810942469697,GO_BP
GOBP_OSTEOCLAST_DEVELOPMENT (GO_BP),1,16,15.946015673117824,0.06508022136299718,FOXP1,0.21225810942469697,GO_BP
GOBP_POSITIVE_REGULATION_OF_AMYLOID_BETA_FORMATION (GO_BP),1,16,15.946015673117824,0.06508022136299718,LRRTM3,0.21225810942469697,GO_BP
GOBP_POSITIVE_REGULATION_OF_GLUCONEOGENESIS (GO_BP),1,16,15.946015673117824,0.06508022136299718,FOXO1,0.21225810942469697,GO_BP
GOBP_POSITIVE_REGULATION_OF_NEURON_MIGRATION (GO_BP),1,16,15.946015673117824,0.06508022136299718,RELN,0.21225810942469697,GO_BP
GOBP_RESPONSE_TO_HYPEROXIA (GO_BP),1,16,15.946015673117824,0.06508022136299718,FOXO1,0.21225810942469697,GO_BP
GOBP_RETINA_VASCULATURE_DEVELOPMENT_IN_CAMERA_TYPE_EYE (GO_BP),1,16,15.946015673117824,0.06508022136299718,NRP1,0.21225810942469697,GO_BP
GOBP_SPINAL_CORD_PATTERNING (GO_BP),1,16,15.946015673117824,0.06508022136299718,RELN,0.21225810942469697,GO_BP
GOMF_CALCIUM_RELEASE_CHANNEL_ACTIVITY (GO_MF),1,16,15.946015673117824,0.06508022136299718,RYR2,0.21225810942469697,GO_MF
GOMF_GABA_RECEPTOR_BINDING (GO_MF),1,16,15.946015673117824,0.06508022136299718,GABRB1,0.21225810942469697,GO_MF
GOMF_LRR_DOMAIN_BINDING (GO_MF),1,16,15.946015673117824,0.06508022136299718,ROBO1,0.21225810942469697,GO_MF
REACTOME_CGMP_EFFECTS (Reactome),1,16,15.946015673117824,0.06508022136299718,PRKG1,0.21225810942469697,Reactome
REACTOME_DECTIN_2_FAMILY (Reactome),1,16,15.946015673117824,0.06508022136299718,PLCG2,0.21225810942469697,Reactome
REACTOME_FOXO_MEDIATED_TRANSCRIPTION_OF_CELL_CYCLE_GENES (Reactome),1,16,15.946015673117824,0.06508022136299718,FOXO1,0.21225810942469697,Reactome
GOBP_STRESS_FIBER_ASSEMBLY (GO_BP),2,99,4.963095900922395,0.06509113082501489,DLC1;NRP1,0.21225810942469697,GO_BP
GOCC_SYNAPTIC_VESICLE_MEMBRANE (GO_CC),2,99,4.963095900922395,0.06509113082501489,SYT4;SYN2,0.21225810942469697,GO_CC
GOBP_REGULATION_OF_WOUND_HEALING (GO_BP),2,100,4.912646311541495,0.06624280195480958,PRKG1;SMOC2,0.2139884852418036,GO_BP
REACTOME_O_LINKED_GLYCOSYLATION (Reactome),2,100,4.912646311541495,0.06624280195480958,ADAMTS19;SPON1,0.2139884852418036,Reactome
GOCC_CORTICAL_CYTOSKELETON (GO_CC),2,101,4.861656679262648,0.06740129353032835,DLC1;ACTB,0.2139884852418036,GO_CC
GOBP_POSITIVE_REGULATION_OF_DNA_BINDING_TRANSCRIPTION_FACTOR_ACTIVITY (GO_BP),3,223,3.2969717203886617,0.06771224882900753,RELN;EPHA5;PLCG2,0.2139884852418036,GO_BP
GOBP_POSITIVE_REGULATION_OF_DNA_METABOLIC_PROCESS (GO_BP),3,223,3.2969717203886617,0.06771224882900753,ACTB;NPAS2;SMOC2,0.2139884852418036,GO_BP
GOBP_RECEPTOR_MEDIATED_ENDOCYTOSIS (GO_BP),3,223,3.2969717203886617,0.06771224882900753,CALY;LRP1B;PLCG2,0.2139884852418036,GO_BP
KEGG_CELL_ADHESION_MOLECULES_CAMS (KEGG),2,102,4.813047811996455,0.06856652922806764,ALCAM;CNTNAP2,0.2139884852418036,KEGG
REACTOME_SIGNALING_BY_VEGF (Reactome),2,102,4.813047811996455,0.06856652922806764,ACTB;NRP1,0.2139884852418036,Reactome
GOBP_BLASTODERM_SEGMENTATION (GO_BP),1,17,14.950371198456468,0.06900539078473111,NRP1,0.2139884852418036,GO_BP
GOBP_CELLULAR_RESPONSE_TO_REACTIVE_NITROGEN_SPECIES (GO_BP),1,17,14.950371198456468,0.06900539078473111,FOXO1,0.2139884852418036,GO_BP
GOBP_CHONDROITIN_SULFATE_BIOSYNTHETIC_PROCESS (GO_BP),1,17,14.950371198456468,0.06900539078473111,CHSY3,0.2139884852418036,GO_BP
GOBP_DENDRITE_SELF_AVOIDANCE (GO_BP),1,17,14.950371198456468,0.06900539078473111,DSCAM,0.2139884852418036,GO_BP
GOBP_DICARBOXYLIC_ACID_CATABOLIC_PROCESS (GO_BP),1,17,14.950371198456468,0.06900539078473111,GLUD1,0.2139884852418036,GO_BP
GOBP_HYPOTHALAMUS_DEVELOPMENT (GO_BP),1,17,14.950371198456468,0.06900539078473111,NRP1,0.2139884852418036,GO_BP
GOBP_NEGATIVE_REGULATION_OF_PEPTIDYL_THREONINE_PHOSPHORYLATION (GO_BP),1,17,14.950371198456468,0.06900539078473111,CALM2,0.2139884852418036,GO_BP
GOBP_NEGATIVE_REGULATION_OF_PLATELET_ACTIVATION (GO_BP),1,17,14.950371198456468,0.06900539078473111,PRKG1,0.2139884852418036,GO_BP
GOBP_POSITIVE_REGULATION_OF_ACTIN_CYTOSKELETON_REORGANIZATION (GO_BP),1,17,14.950371198456468,0.06900539078473111,NRP1,0.2139884852418036,GO_BP
GOBP_POSITIVE_REGULATION_OF_CALCIUM_ION_DEPENDENT_EXOCYTOSIS (GO_BP),1,17,14.950371198456468,0.06900539078473111,SYT4,0.2139884852418036,GO_BP
GOBP_POSITIVE_REGULATION_OF_CELL_MIGRATION_INVOLVED_IN_SPROUTING_ANGIOGENESIS (GO_BP),1,17,14.950371198456468,0.06900539078473111,NRP1,0.2139884852418036,GO_BP
GOBP_REGULATION_OF_B_CELL_RECEPTOR_SIGNALING_PATHWAY (GO_BP),1,17,14.950371198456468,0.06900539078473111,FOXP1,0.2139884852418036,GO_BP
GOBP_REGULATION_OF_SKELETAL_MUSCLE_CELL_DIFFERENTIATION (GO_BP),1,17,14.950371198456468,0.06900539078473111,RBFOX1,0.2139884852418036,GO_BP
GOBP_RESPONSE_TO_HEPATOCYTE_GROWTH_FACTOR (GO_BP),1,17,14.950371198456468,0.06900539078473111,NRP1,0.2139884852418036,GO_BP
GOBP_RESPONSE_TO_NITRIC_OXIDE (GO_BP),1,17,14.950371198456468,0.06900539078473111,FOXO1,0.2139884852418036,GO_BP
GOBP_VOCALIZATION_BEHAVIOR (GO_BP),1,17,14.950371198456468,0.06900539078473111,CNTNAP2,0.2139884852418036,GO_BP
GOCC_CALYX_OF_HELD (GO_CC),1,17,14.950371198456468,0.06900539078473111,ACTB,0.2139884852418036,GO_CC
GOCC_DYSTROPHIN_ASSOCIATED_GLYCOPROTEIN_COMPLEX (GO_CC),1,17,14.950371198456468,0.06900539078473111,SGCZ,0.2139884852418036,GO_CC
GOCC_FILOPODIUM_MEMBRANE (GO_CC),1,17,14.950371198456468,0.06900539078473111,GAP43,0.2139884852418036,GO_CC
GOCC_PROTEIN_PHOSPHATASE_TYPE_2A_COMPLEX (GO_CC),1,17,14.950371198456468,0.06900539078473111,PPP2R2C,0.2139884852418036,GO_CC
GOMF_EPHRIN_RECEPTOR_ACTIVITY (GO_MF),1,17,14.950371198456468,0.06900539078473111,EPHA5,0.2139884852418036,GO_MF
GOMF_LIGAND_GATED_ANION_CHANNEL_ACTIVITY (GO_MF),1,17,14.950371198456468,0.06900539078473111,GABRB1,0.2139884852418036,GO_MF
GOMF_OXIDOREDUCTASE_ACTIVITY_ACTING_ON_THE_CH_NH2_GROUP_OF_DONORS (GO_MF),1,17,14.950371198456468,0.06900539078473111,GLUD1,0.2139884852418036,GO_MF
GOMF_STRUCTURAL_CONSTITUENT_OF_SYNAPSE (GO_MF),1,17,14.950371198456468,0.06900539078473111,ACTB,0.2139884852418036,GO_MF
REACTOME_CELL_EXTRACELLULAR_MATRIX_INTERACTIONS (Reactome),1,17,14.950371198456468,0.06900539078473111,ACTB,0.2139884852418036,Reactome
GOBP_VASCULAR_PROCESS_IN_CIRCULATORY_SYSTEM (GO_BP),3,225,3.2670225457809314,0.06915147609036176,GUCY1A1;SLC1A3;PRKG1,0.2141233391700074,GO_BP
GOBP_BLOOD_VESSEL_ENDOTHELIAL_CELL_MIGRATION (GO_BP),2,103,4.765344051706953,0.06973843323469131,NRP1;ROBO1,0.2149839145654369,GO_BP
GOBP_RECEPTOR_INTERNALIZATION (GO_BP),2,103,4.765344051706953,0.06973843323469131,CALY;PLCG2,0.2149839145654369,GO_BP
GOMF_PHOSPHATASE_REGULATOR_ACTIVITY (GO_MF),2,103,4.765344051706953,0.06973843323469131,PPP2R2C;CALM2,0.2149839145654369,GO_MF
KEGG_LEUKOCYTE_TRANSENDOTHELIAL_MIGRATION (KEGG),2,104,4.718535910683958,0.0709169302441559,ACTB;PLCG2,0.21676921602700353,KEGG
GOBP_SEX_DIFFERENTIATION (GO_BP),3,229,3.208713393381723,0.07207149201876452,DACH1;GPR149;ROBO2,0.21676921602700353,GO_BP
REACTOME_G_ALPHA_I_SIGNALLING_EVENTS (Reactome),3,229,3.208713393381723,0.07207149201876452,GNAL;RGS6;GRM3,0.21676921602700353,Reactome
GOBP_POSITIVE_REGULATION_OF_PROTEIN_SECRETION (GO_BP),2,105,4.672609477321819,0.07210194545485149,GLUD1;NNAT,0.21676921602700353,GO_BP
GOBP_ATRIAL_CARDIAC_MUSCLE_CELL_TO_AV_NODE_CELL_SIGNALING (GO_BP),1,18,14.07317285323436,0.07291422599470843,RYR2,0.21676921602700353,GO_BP
GOBP_BRANCHING_INVOLVED_IN_SALIVARY_GLAND_MORPHOGENESIS (GO_BP),1,18,14.07317285323436,0.07291422599470843,NRP1,0.21676921602700353,GO_BP
GOBP_CLATHRIN_COAT_ASSEMBLY (GO_BP),1,18,14.07317285323436,0.07291422599470843,CALY,0.21676921602700353,GO_BP
GOBP_GLUTAMINE_FAMILY_AMINO_ACID_BIOSYNTHETIC_PROCESS (GO_BP),1,18,14.07317285323436,0.07291422599470843,GLUD1,0.21676921602700353,GO_BP
GOBP_NEGATIVE_REGULATION_OF_ADENYLATE_CYCLASE_ACTIVITY (GO_BP),1,18,14.07317285323436,0.07291422599470843,GRM3,0.21676921602700353,GO_BP
GOBP_NEGATIVE_REGULATION_OF_REGULATED_SECRETORY_PATHWAY (GO_BP),1,18,14.07317285323436,0.07291422599470843,SYT4,0.21676921602700353,GO_BP
GOBP_POSITIVE_REGULATION_OF_DENDRITIC_SPINE_MORPHOGENESIS (GO_BP),1,18,14.07317285323436,0.07291422599470843,RELN,0.21676921602700353,GO_BP
GOBP_POSITIVE_REGULATION_OF_MYELOID_LEUKOCYTE_CYTOKINE_PRODUCTION_INVOLVED_IN_IMMUNE_RESPONSE (GO_BP),1,18,14.07317285323436,0.07291422599470843,PLCG2,0.21676921602700353,GO_BP
GOBP_REGULATION_OF_COLLATERAL_SPROUTING (GO_BP),1,18,14.07317285323436,0.07291422599470843,DCC,0.21676921602700353,GO_BP
GOBP_REGULATION_OF_GLUTAMATE_SECRETION (GO_BP),1,18,14.07317285323436,0.07291422599470843,SYT4,0.21676921602700353,GO_BP
GOBP_RESPONSE_TO_MUSCLE_ACTIVITY (GO_BP),1,18,14.07317285323436,0.07291422599470843,RYR2,0.21676921602700353,GO_BP
GOBP_SYMPATHETIC_NERVOUS_SYSTEM_DEVELOPMENT (GO_BP),1,18,14.07317285323436,0.07291422599470843,NRP1,0.21676921602700353,GO_BP
GOCC_GABA_RECEPTOR_COMPLEX (GO_CC),1,18,14.07317285323436,0.07291422599470843,GABRB1,0.21676921602700353,GO_CC
GOCC_SYNAPTIC_CLEFT (GO_CC),1,18,14.07317285323436,0.07291422599470843,CDH8,0.21676921602700353,GO_CC
GOMF_HORMONE_RECEPTOR_BINDING (GO_MF),1,18,14.07317285323436,0.07291422599470843,CCK,0.21676921602700353,GO_MF
GOMF_MINUS_END_DIRECTED_MICROTUBULE_MOTOR_ACTIVITY (GO_MF),1,18,14.07317285323436,0.07291422599470843,DNAH14,0.21676921602700353,GO_MF
GOMF_NADPLUS_BINDING (GO_MF),1,18,14.07317285323436,0.07291422599470843,GLUD1,0.21676921602700353,GO_MF
REACTOME_CHONDROITIN_SULFATE_BIOSYNTHESIS (Reactome),1,18,14.07317285323436,0.07291422599470843,CHSY3,0.21676921602700353,Reactome
REACTOME_OLFACTORY_SIGNALING_PATHWAY (Reactome),1,18,14.07317285323436,0.07291422599470843,GNAL,0.21676921602700353,Reactome
REACTOME_SEROTONIN_NEUROTRANSMITTER_RELEASE_CYCLE (Reactome),1,18,14.07317285323436,0.07291422599470843,SYN2,0.21676921602700353,Reactome
REACTOME_TRANSPORT_OF_CONNEXONS_TO_THE_PLASMA_MEMBRANE (Reactome),1,18,14.07317285323436,0.07291422599470843,TUBA1B,0.21676921602700353,Reactome
GOBP_CAMERA_TYPE_EYE_MORPHOGENESIS (GO_BP),2,106,4.627547884994274,0.0732934045667571,TENM3;DSCAM,0.2175865367437014,GO_BP
GOBP_REGULATION_OF_CELL_MATRIX_ADHESION (GO_BP),2,107,4.583332386909464,0.07449123377861075,DLC1;NRP1,0.22047007733297236,GO_BP
GOBP_REGULATION_OF_DNA_METABOLIC_PROCESS (GO_BP),4,380,2.5805264853043965,0.07626897092523326,DACH1;ACTB;NPAS2;SMOC2,0.22047007733297236,GO_BP
GOBP_HORMONE_TRANSPORT (GO_BP),3,235,3.125017813873973,0.07655391992490382,GLUD1;NNAT;EPHA5,0.22047007733297236,GO_BP
GOBP_CRANIAL_NERVE_MORPHOGENESIS (GO_BP),1,19,13.283524158965335,0.07680679436176474,NRP1,0.22047007733297236,GO_BP
GOBP_CYCLIC_NUCLEOTIDE_BIOSYNTHETIC_PROCESS (GO_BP),1,19,13.283524158965335,0.07680679436176474,GUCY1A1,0.22047007733297236,GO_BP
GOBP_EMBRYONIC_HINDLIMB_MORPHOGENESIS (GO_BP),1,19,13.283524158965335,0.07680679436176474,RARB,0.22047007733297236,GO_BP
GOBP_FOREBRAIN_NEURON_DEVELOPMENT (GO_BP),1,19,13.283524158965335,0.07680679436176474,NRP1,0.22047007733297236,GO_BP
GOBP_INFLAMMASOME_COMPLEX_ASSEMBLY (GO_BP),1,19,13.283524158965335,0.07680679436176474,PLCG2,0.22047007733297236,GO_BP
GOBP_MUSCLE_HYPERTROPHY_IN_RESPONSE_TO_STRESS (GO_BP),1,19,13.283524158965335,0.07680679436176474,FOXO1,0.22047007733297236,GO_BP
GOBP_NEGATIVE_REGULATION_OF_CHONDROCYTE_DIFFERENTIATION (GO_BP),1,19,13.283524158965335,0.07680679436176474,RARB,0.22047007733297236,GO_BP
GOBP_NEGATIVE_REGULATION_OF_VASCULAR_ASSOCIATED_SMOOTH_MUSCLE_CELL_PROLIFERATION (GO_BP),1,19,13.283524158965335,0.07680679436176474,PRKG1,0.22047007733297236,GO_BP
GOBP_NEUROTRANSMITTER_RECEPTOR_INTERNALIZATION (GO_BP),1,19,13.283524158965335,0.07680679436176474,CALY,0.22047007733297236,GO_BP
GOBP_PEPTIDYL_SERINE_DEPHOSPHORYLATION (GO_BP),1,19,13.283524158965335,0.07680679436176474,PPP2R2C,0.22047007733297236,GO_BP
GOBP_POSITIVE_REGULATION_OF_PHOSPHOPROTEIN_PHOSPHATASE_ACTIVITY (GO_BP),1,19,13.283524158965335,0.07680679436176474,CALM2,0.22047007733297236,GO_BP
GOBP_POSTSYNAPTIC_SPECIALIZATION_ASSEMBLY (GO_BP),1,19,13.283524158965335,0.07680679436176474,GAP43,0.22047007733297236,GO_BP
GOBP_PROTEIN_LOCALIZATION_TO_CELL_CELL_JUNCTION (GO_BP),1,19,13.283524158965335,0.07680679436176474,ACTB,0.22047007733297236,GO_BP
GOBP_REGULATION_OF_B_CELL_APOPTOTIC_PROCESS (GO_BP),1,19,13.283524158965335,0.07680679436176474,FOXP1,0.22047007733297236,GO_BP
GOBP_REGULATION_OF_ENDOTHELIAL_CELL_CHEMOTAXIS (GO_BP),1,19,13.283524158965335,0.07680679436176474,SMOC2,0.22047007733297236,GO_BP
GOBP_REGULATION_OF_NMDA_RECEPTOR_ACTIVITY (GO_BP),1,19,13.283524158965335,0.07680679436176474,RELN,0.22047007733297236,GO_BP
GOBP_REGULATION_OF_RECEPTOR_BINDING (GO_BP),1,19,13.283524158965335,0.07680679436176474,NRP1,0.22047007733297236,GO_BP
GOBP_REGULATION_OF_RESPONSE_TO_TUMOR_CELL (GO_BP),1,19,13.283524158965335,0.07680679436176474,CALM2,0.22047007733297236,GO_BP
GOCC_GLYCOPROTEIN_COMPLEX (GO_CC),1,19,13.283524158965335,0.07680679436176474,SGCZ,0.22047007733297236,GO_CC
GOMF_AMINO_ACID_CATION_SYMPORTER_ACTIVITY (GO_MF),1,19,13.283524158965335,0.07680679436176474,SLC1A3,0.22047007733297236,GO_MF
GOMF_GABA_RECEPTOR_ACTIVITY (GO_MF),1,19,13.283524158965335,0.07680679436176474,GABRB1,0.22047007733297236,GO_MF
GOMF_POTASSIUM_CHANNEL_ACTIVITY (GO_MF),2,109,4.496874325608616,0.07690570977403156,KCNIP4;KCNQ5,0.22047007733297236,GO_MF
GOBP_AMIDE_TRANSPORT (GO_BP),3,236,3.1114874928755065,0.0773127749559792,GLUD1;NNAT;EPHA5,0.22133300594393496,GO_BP
GOBP_NEGATIVE_REGULATION_OF_CELL_ADHESION (GO_BP),3,237,3.098072794981894,0.07807496224676934,DLC1;PRKG1;DSCAM,0.22303837926273762,GO_BP
GOBP_REGULATION_OF_TUBE_SIZE (GO_BP),2,110,4.456046031828963,0.07812221142360383,GUCY1A1;PRKG1,0.22303837926273762,GO_BP
GOBP_MESENCHYME_DEVELOPMENT (GO_BP),3,238,3.0847722508558455,0.07884046870441508,ROBO2;NRP1;ROBO1,0.22478150025425445,GO_BP
GOBP_ENDOTHELIUM_DEVELOPMENT (GO_BP),2,111,4.414831228663852,0.07934479289957601,FOXP1;NRP1,0.22560297381664185,GO_BP
GOBP_POSITIVE_REGULATION_OF_MITOTIC_CELL_CYCLE (GO_BP),2,111,4.414831228663852,0.07934479289957601,MEIS2;SMOC2,0.22560297381664185,GO_BP
GOBP_REGULATION_OF_MEMBRANE_POTENTIAL (GO_BP),4,387,2.5327315189937845,0.08031528612142302,ABCB5;RYR2;GABRB1;RELN,0.22602115588987318,GO_BP
GOBP_CALCIUM_MEDIATED_SIGNALING_USING_INTRACELLULAR_CALCIUM_SOURCE (GO_BP),1,20,12.58782155861629,0.08068316297937494,RYR2,0.22602115588987318,GO_BP
GOBP_CAMP_METABOLIC_PROCESS (GO_BP),1,20,12.58782155861629,0.08068316297937494,PDE7B,0.22602115588987318,GO_BP
GOBP_CELLULAR_SODIUM_ION_HOMEOSTASIS (GO_BP),1,20,12.58782155861629,0.08068316297937494,SLC1A3,0.22602115588987318,GO_BP
GOBP_EPITHELIAL_STRUCTURE_MAINTENANCE (GO_BP),1,20,12.58782155861629,0.08068316297937494,LDB2,0.22602115588987318,GO_BP
GOBP_MUSCLE_CELL_CELLULAR_HOMEOSTASIS (GO_BP),1,20,12.58782155861629,0.08068316297937494,SGCZ,0.22602115588987318,GO_BP
GOBP_OVULATION (GO_BP),1,20,12.58782155861629,0.08068316297937494,GPR149,0.22602115588987318,GO_BP
GOBP_RETROGRADE_AXONAL_TRANSPORT (GO_BP),1,20,12.58782155861629,0.08068316297937494,CALY,0.22602115588987318,GO_BP
GOBP_VASCULAR_ASSOCIATED_SMOOTH_MUSCLE_CELL_MIGRATION (GO_BP),1,20,12.58782155861629,0.08068316297937494,PRKG1,0.22602115588987318,GO_BP
GOMF_CYCLASE_ACTIVITY (GO_MF),1,20,12.58782155861629,0.08068316297937494,GUCY1A1,0.22602115588987318,GO_MF
GOMF_G_PROTEIN_BETA_GAMMA_SUBUNIT_COMPLEX_BINDING (GO_MF),1,20,12.58782155861629,0.08068316297937494,GNAL,0.22602115588987318,GO_MF
GOBP_KIDNEY_EPITHELIUM_DEVELOPMENT (GO_BP),2,113,4.334780387335989,0.08180791041516909,RARB;ROBO2,0.228558378897534,GO_BP
GOBP_SPROUTING_ANGIOGENESIS (GO_BP),2,113,4.334780387335989,0.08180791041516909,NRP1;ROBO1,0.228558378897534,GO_BP
GOBP_MEMORY (GO_BP),2,114,4.295874500983866,0.08304830519949304,RELN;SYT4,0.22884834373221385,GO_BP
GOBP_APPENDAGE_MORPHOGENESIS (GO_BP),2,115,4.2576766215327355,0.08429449729417776,RARB;FRAS1,0.22884834373221385,GO_BP
GOBP_REGULATION_OF_DEPHOSPHORYLATION (GO_BP),2,115,4.2576766215327355,0.08429449729417776,DLC1;CALM2,0.22884834373221385,GO_BP
GOCC_TIGHT_JUNCTION (GO_CC),2,115,4.2576766215327355,0.08429449729417776,ACTB;PARD3B,0.22884834373221385,GO_CC
GOBP_CHONDROITIN_SULFATE_PROTEOGLYCAN_BIOSYNTHETIC_PROCESS (GO_BP),1,21,11.95857264419055,0.08454339866676419,CHSY3,0.22884834373221385,GO_BP
GOBP_NEGATIVE_REGULATION_OF_AMYLOID_PRECURSOR_PROTEIN_CATABOLIC_PROCESS (GO_BP),1,21,11.95857264419055,0.08454339866676419,SPON1,0.22884834373221385,GO_BP
GOBP_NEGATIVE_REGULATION_OF_LYASE_ACTIVITY (GO_BP),1,21,11.95857264419055,0.08454339866676419,GRM3,0.22884834373221385,GO_BP
GOBP_NITRIC_OXIDE_MEDIATED_SIGNAL_TRANSDUCTION (GO_BP),1,21,11.95857264419055,0.08454339866676419,GUCY1A1,0.22884834373221385,GO_BP
GOBP_POSITIVE_REGULATION_OF_ANTIGEN_RECEPTOR_MEDIATED_SIGNALING_PATHWAY (GO_BP),1,21,11.95857264419055,0.08454339866676419,FOXP1,0.22884834373221385,GO_BP
GOBP_POSITIVE_REGULATION_OF_BEHAVIOR (GO_BP),1,21,11.95857264419055,0.08454339866676419,NPAS2,0.22884834373221385,GO_BP
GOBP_POSITIVE_REGULATION_OF_LONG_TERM_SYNAPTIC_POTENTIATION (GO_BP),1,21,11.95857264419055,0.08454339866676419,RELN,0.22884834373221385,GO_BP
GOBP_REGULATION_OF_THE_FORCE_OF_HEART_CONTRACTION (GO_BP),1,21,11.95857264419055,0.08454339866676419,RYR2,0.22884834373221385,GO_BP
GOBP_REGULATION_OF_VESICLE_FUSION (GO_BP),1,21,11.95857264419055,0.08454339866676419,SYT4,0.22884834373221385,GO_BP
GOBP_RESPONSE_TO_LECTIN (GO_BP),1,21,11.95857264419055,0.08454339866676419,PLCG2,0.22884834373221385,GO_BP
GOBP_RETINA_LAYER_FORMATION (GO_BP),1,21,11.95857264419055,0.08454339866676419,DSCAM,0.22884834373221385,GO_BP
GOMF_CATALYTIC_ACTIVITY_ACTING_ON_A_GLYCOPROTEIN (GO_MF),1,21,11.95857264419055,0.08454339866676419,MGAT4C,0.22884834373221385,GO_MF
GOMF_PHOSPHORUS_OXYGEN_LYASE_ACTIVITY (GO_MF),1,21,11.95857264419055,0.08454339866676419,GUCY1A1,0.22884834373221385,GO_MF
KEGG_GLYCOSAMINOGLYCAN_BIOSYNTHESIS_CHONDROITIN_SULFATE (KEGG),1,21,11.95857264419055,0.08454339866676419,CHSY3,0.22884834373221385,KEGG
KEGG_NITROGEN_METABOLISM (KEGG),1,21,11.95857264419055,0.08454339866676419,GLUD1,0.22884834373221385,KEGG
KEGG_PROXIMAL_TUBULE_BICARBONATE_RECLAMATION (KEGG),1,21,11.95857264419055,0.08454339866676419,GLUD1,0.22884834373221385,KEGG
REACTOME_GENERATION_OF_SECOND_MESSENGER_MOLECULES (Reactome),1,21,11.95857264419055,0.08454339866676419,PLCG2,0.22884834373221385,Reactome
REACTOME_POST_CHAPERONIN_TUBULIN_FOLDING_PATHWAY (Reactome),1,21,11.95857264419055,0.08454339866676419,TUBA1B,0.22884834373221385,Reactome
REACTOME_ROLE_OF_PHOSPHOLIPIDS_IN_PHAGOCYTOSIS (Reactome),1,21,11.95857264419055,0.08454339866676419,PLCG2,0.22884834373221385,Reactome
REACTOME_SIGNAL_TRANSDUCTION_BY_L1 (Reactome),1,21,11.95857264419055,0.08454339866676419,NRP1,0.22884834373221385,Reactome
GOBP_REGULATION_OF_DNA_BIOSYNTHETIC_PROCESS (GO_BP),2,116,4.2201613330683525,0.08554641726182755,DACH1;SMOC2,0.23066585636360995,GO_BP
KEGG_TIGHT_JUNCTION (KEGG),2,116,4.2201613330683525,0.08554641726182755,ACTB;PPP2R2C,0.23066585636360995,KEGG
REACTOME_GLYCOSAMINOGLYCAN_METABOLISM (Reactome),2,116,4.2201613330683525,0.08554641726182755,CHSY3;HS6ST3,0.23066585636360995,Reactome
GOMF_METAL_ION_TRANSMEMBRANE_TRANSPORTER_ACTIVITY (GO_MF),4,397,2.4673824718001476,0.08627791189929786,KCNIP4;RYR2;SLC1A3;KCNQ5,0.23232349414790243,GO_MF
GOBP_POSITIVE_REGULATION_OF_SECRETION (GO_BP),3,248,2.957762684311011,0.08667516281339323,GLUD1;SYT4;NNAT,0.23232349414790243,GO_BP
GOMF_UDP_GLYCOSYLTRANSFERASE_ACTIVITY (GO_MF),2,117,4.1833059771968095,0.08680399613629583,MGAT4C;CHSY3,0.23232349414790243,GO_MF
REACTOME_CARDIAC_CONDUCTION (Reactome),2,117,4.1833059771968095,0.08680399613629583,KCNIP4;RYR2,0.23232349414790243,Reactome
GOBP_CARDIAC_MUSCLE_CONTRACTION (GO_BP),2,118,4.147090152296373,0.08806716542001286,RYR2;CALM2,0.23232349414790243,GO_BP
GOBP_REGULATION_OF_REACTIVE_OXYGEN_SPECIES_METABOLIC_PROCESS (GO_BP),2,118,4.147090152296373,0.08806716542001286,FOXO1;PLCG2,0.23232349414790243,GO_BP
GOBP_ANGIOGENESIS_INVOLVED_IN_WOUND_HEALING (GO_BP),1,22,11.388954450035701,0.08838756797002134,SMOC2,0.23232349414790243,GO_BP
GOBP_AXONAL_FASCICULATION (GO_BP),1,22,11.388954450035701,0.08838756797002134,NRP1,0.23232349414790243,GO_BP
GOBP_FC_EPSILON_RECEPTOR_SIGNALING_PATHWAY (GO_BP),1,22,11.388954450035701,0.08838756797002134,PLCG2,0.23232349414790243,GO_BP
GOBP_HISTONE_H2A_ACETYLATION (GO_BP),1,22,11.388954450035701,0.08838756797002134,ACTB,0.23232349414790243,GO_BP
GOBP_INNATE_IMMUNE_RESPONSE_ACTIVATING_SIGNAL_TRANSDUCTION (GO_BP),1,22,11.388954450035701,0.08838756797002134,PLCG2,0.23232349414790243,GO_BP
GOBP_MAMMARY_GLAND_EPITHELIAL_CELL_PROLIFERATION (GO_BP),1,22,11.388954450035701,0.08838756797002134,ROBO1,0.23232349414790243,GO_BP
GOBP_NEGATIVE_REGULATION_OF_RHO_PROTEIN_SIGNAL_TRANSDUCTION (GO_BP),1,22,11.388954450035701,0.08838756797002134,DLC1,0.23232349414790243,GO_BP
GOBP_POSITIVE_REGULATION_OF_AMINO_ACID_TRANSPORT (GO_BP),1,22,11.388954450035701,0.08838756797002134,SYT4,0.23232349414790243,GO_BP
GOBP_POSITIVE_REGULATION_OF_HEART_RATE (GO_BP),1,22,11.388954450035701,0.08838756797002134,RYR2,0.23232349414790243,GO_BP
GOBP_RENAL_SYSTEM_VASCULATURE_DEVELOPMENT (GO_BP),1,22,11.388954450035701,0.08838756797002134,NRP1,0.23232349414790243,GO_BP
GOBP_SPINAL_CORD_MOTOR_NEURON_DIFFERENTIATION (GO_BP),1,22,11.388954450035701,0.08838756797002134,MDGA2,0.23232349414790243,GO_BP
GOCC_AXONAL_GROWTH_CONE (GO_CC),1,22,11.388954450035701,0.08838756797002134,DCC,0.23232349414790243,GO_CC
GOMF_GTP_DEPENDENT_PROTEIN_BINDING (GO_MF),1,22,11.388954450035701,0.08838756797002134,RAPGEF5,0.23232349414790243,GO_MF
GOMF_PHOSPHATASE_ACTIVATOR_ACTIVITY (GO_MF),1,22,11.388954450035701,0.08838756797002134,CALM2,0.23232349414790243,GO_MF
GOBP_DETECTION_OF_STIMULUS (GO_BP),3,251,2.9216594560062736,0.08908802832323197,RYR2;DACH1;CALM2,0.23387008190010708,GO_BP
GOBP_ADENYLATE_CYCLASE_ACTIVATING_G_PROTEIN_COUPLED_RECEPTOR_SIGNALING_PATHWAY (GO_BP),2,119,4.111749009044059,0.08933585708132584,GNAL;ADGRL2,0.2342260473978983,GO_BP
GOBP_CELL_CELL_SIGNALING_BY_WNT (GO_BP),4,403,2.4298857224470103,0.08995680803059972,PRICKLE2;FOXO1;TLE4;PLCG2,0.23441442565116924,GO_BP
GOBP_REGULATION_OF_G_PROTEIN_COUPLED_RECEPTOR_SIGNALING_PATHWAY (GO_BP),2,120,4.076387085085463,0.09061000355185307,KCTD16;RGS6,0.23441442565116924,GO_BP
GOBP_SMOOTH_MUSCLE_CELL_PROLIFERATION (GO_BP),2,120,4.076387085085463,0.09061000355185307,FOXP1;PRKG1,0.23441442565116924,GO_BP
KEGG_NEUROTROPHIN_SIGNALING_PATHWAY (KEGG),2,121,4.042070462265373,0.09188953772385161,CALM2;PLCG2,0.23441442565116924,KEGG
GOBP_CAMERA_TYPE_EYE_PHOTORECEPTOR_CELL_DIFFERENTIATION (GO_BP),1,23,10.87263154580754,0.09221573716320552,DSCAM,0.23441442565116924,GO_BP
GOBP_DEFENSE_RESPONSE_TO_FUNGUS (GO_BP),1,23,10.87263154580754,0.09221573716320552,PLCG2,0.23441442565116924,GO_BP
GOBP_EMBRYONIC_DIGESTIVE_TRACT_DEVELOPMENT (GO_BP),1,23,10.87263154580754,0.09221573716320552,RARB,0.23441442565116924,GO_BP
GOBP_HINDLIMB_MORPHOGENESIS (GO_BP),1,23,10.87263154580754,0.09221573716320552,RARB,0.23441442565116924,GO_BP
GOBP_INNERVATION (GO_BP),1,23,10.87263154580754,0.09221573716320552,NRP1,0.23441442565116924,GO_BP
GOBP_NEGATIVE_REGULATION_OF_AMINE_TRANSPORT (GO_BP),1,23,10.87263154580754,0.09221573716320552,SYT4,0.23441442565116924,GO_BP
GOBP_NEGATIVE_REGULATION_OF_SMOOTH_MUSCLE_CELL_MIGRATION (GO_BP),1,23,10.87263154580754,0.09221573716320552,PRKG1,0.23441442565116924,GO_BP
GOBP_NEURONAL_STEM_CELL_POPULATION_MAINTENANCE (GO_BP),1,23,10.87263154580754,0.09221573716320552,FOXO1,0.23441442565116924,GO_BP
GOBP_POSITIVE_REGULATION_OF_CALCIUM_MEDIATED_SIGNALING (GO_BP),1,23,10.87263154580754,0.09221573716320552,PLCG2,0.23441442565116924,GO_BP
GOBP_REGULATION_OF_CARDIAC_CONDUCTION (GO_BP),1,23,10.87263154580754,0.09221573716320552,RYR2,0.23441442565116924,GO_BP
GOBP_RESPONSE_TO_INCREASED_OXYGEN_LEVELS (GO_BP),1,23,10.87263154580754,0.09221573716320552,FOXO1,0.23441442565116924,GO_BP
GOBP_RESPONSE_TO_MUSCLE_STRETCH (GO_BP),1,23,10.87263154580754,0.09221573716320552,RYR2,0.23441442565116924,GO_BP
GOBP_SYNAPSE_MATURATION (GO_BP),1,23,10.87263154580754,0.09221573716320552,RELN,0.23441442565116924,GO_BP
GOCC_AXONEMAL_DYNEIN_COMPLEX (GO_CC),1,23,10.87263154580754,0.09221573716320552,DNAH14,0.23441442565116924,GO_CC
GOCC_MICROTUBULE_PLUS_END (GO_CC),1,23,10.87263154580754,0.09221573716320552,SLAIN1,0.23441442565116924,GO_CC
GOMF_NEUROPEPTIDE_HORMONE_ACTIVITY (GO_MF),1,23,10.87263154580754,0.09221573716320552,CCK,0.23441442565116924,GO_MF
REACTOME_DOPAMINE_NEUROTRANSMITTER_RELEASE_CYCLE (Reactome),1,23,10.87263154580754,0.09221573716320552,SYN2,0.23441442565116924,Reactome
REACTOME_FOXO_MEDIATED_TRANSCRIPTION_OF_OXIDATIVE_STRESS_METABOLIC_AND_NEURONAL_GENES (Reactome),1,23,10.87263154580754,0.09221573716320552,FOXO1,0.23441442565116924,Reactome
REACTOME_GLUTAMATE_NEUROTRANSMITTER_RELEASE_CYCLE (Reactome),1,23,10.87263154580754,0.09221573716320552,SLC1A3,0.23441442565116924,Reactome
REACTOME_N_GLYCAN_ANTENNAE_ELONGATION_IN_THE_MEDIAL_TRANS_GOLGI (Reactome),1,23,10.87263154580754,0.09221573716320552,MGAT4C,0.23441442565116924,Reactome
REACTOME_TRANSCRIPTIONAL_REGULATION_OF_PLURIPOTENT_STEM_CELLS (Reactome),1,23,10.87263154580754,0.09221573716320552,FOXP1,0.23441442565116924,Reactome
GOCC_NEURON_PROJECTION_TERMINUS (GO_CC),2,122,4.007813732380103,0.09317439294759938,CDH8;ACTB,0.23522344845609558,GO_CC
GOBP_NEGATIVE_REGULATION_OF_CANONICAL_WNT_SIGNALING_PATHWAY (GO_BP),2,123,3.9750021703645446,0.09446450302878923,FOXO1;TLE4,0.23522344845609558,GO_BP
GOBP_NEUROMUSCULAR_PROCESS (GO_BP),2,123,3.9750021703645446,0.09446450302878923,SLC1A3;RBFOX1,0.23522344845609558,GO_BP
GOMF_TRANSMEMBRANE_TRANSPORTER_BINDING (GO_MF),2,123,3.9750021703645446,0.09446450302878923,RYR2;CALM2,0.23522344845609558,GO_MF
GOBP_REGULATION_OF_CELLULAR_RESPONSE_TO_GROWTH_FACTOR_STIMULUS (GO_BP),3,258,2.840723737670557,0.09482693293086784,PEG10;ROBO1;SMOC2,0.23522344845609558,GO_BP
GOMF_PASSIVE_TRANSMEMBRANE_TRANSPORTER_ACTIVITY (GO_MF),4,411,2.3811604762735445,0.09497818427673493,KCNIP4;RYR2;GABRB1;KCNQ5,0.23522344845609558,GO_MF
GOBP_REGULATION_OF_POSTSYNAPTIC_MEMBRANE_POTENTIAL (GO_BP),2,124,3.9422783592517012,0.09575980222593866,GABRB1;RELN,0.23522344845609558,GO_BP
GOBP_B_CELL_APOPTOTIC_PROCESS (GO_BP),1,24,10.399340977307645,0.09602797224944581,FOXP1,0.23522344845609558,GO_BP
GOBP_CARTILAGE_DEVELOPMENT_INVOLVED_IN_ENDOCHONDRAL_BONE_MORPHOGENESIS (GO_BP),1,24,10.399340977307645,0.09602797224944581,RARB,0.23522344845609558,GO_BP
GOBP_COLLATERAL_SPROUTING (GO_BP),1,24,10.399340977307645,0.09602797224944581,DCC,0.23522344845609558,GO_BP
GOBP_GLUTAMATE_SECRETION (GO_BP),1,24,10.399340977307645,0.09602797224944581,SYT4,0.23522344845609558,GO_BP
GOBP_MELANOCYTE_DIFFERENTIATION (GO_BP),1,24,10.399340977307645,0.09602797224944581,LRMDA,0.23522344845609558,GO_BP
GOBP_MYELOID_LEUKOCYTE_CYTOKINE_PRODUCTION (GO_BP),1,24,10.399340977307645,0.09602797224944581,PLCG2,0.23522344845609558,GO_BP
GOBP_NEGATIVE_REGULATION_OF_CARTILAGE_DEVELOPMENT (GO_BP),1,24,10.399340977307645,0.09602797224944581,RARB,0.23522344845609558,GO_BP
GOBP_POSITIVE_REGULATION_OF_EXCITATORY_POSTSYNAPTIC_POTENTIAL (GO_BP),1,24,10.399340977307645,0.09602797224944581,RELN,0.23522344845609558,GO_BP
GOBP_POSITIVE_REGULATION_OF_FOCAL_ADHESION_ASSEMBLY (GO_BP),1,24,10.399340977307645,0.09602797224944581,NRP1,0.23522344845609558,GO_BP
GOBP_POSITIVE_REGULATION_OF_PROTEIN_MATURATION (GO_BP),1,24,10.399340977307645,0.09602797224944581,SPON1,0.23522344845609558,GO_BP
GOBP_PROTEIN_KINASE_C_ACTIVATING_G_PROTEIN_COUPLED_RECEPTOR_SIGNALING_PATHWAY (GO_BP),1,24,10.399340977307645,0.09602797224944581,GAP43,0.23522344845609558,GO_BP
GOBP_PROTEIN_LOCALIZATION_TO_ENDOSOME (GO_BP),1,24,10.399340977307645,0.09602797224944581,NRP1,0.23522344845609558,GO_BP
GOBP_REGULATION_OF_AMPA_RECEPTOR_ACTIVITY (GO_BP),1,24,10.399340977307645,0.09602797224944581,RELN,0.23522344845609558,GO_BP
GOBP_REGULATION_OF_PLATELET_AGGREGATION (GO_BP),1,24,10.399340977307645,0.09602797224944581,PRKG1,0.23522344845609558,GO_BP
GOBP_RESPONSE_TO_PAIN (GO_BP),1,24,10.399340977307645,0.09602797224944581,RELN,0.23522344845609558,GO_BP
GOBP_TELENCEPHALON_GLIAL_CELL_MIGRATION (GO_BP),1,24,10.399340977307645,0.09602797224944581,RELN,0.23522344845609558,GO_BP
GOCC_H4_H2A_HISTONE_ACETYLTRANSFERASE_COMPLEX (GO_CC),1,24,10.399340977307645,0.09602797224944581,ACTB,0.23522344845609558,GO_CC
GOMF_CYCLIC_NUCLEOTIDE_PHOSPHODIESTERASE_ACTIVITY (GO_MF),1,24,10.399340977307645,0.09602797224944581,PDE7B,0.23522344845609558,GO_MF
GOMF_LIGAND_GATED_CALCIUM_CHANNEL_ACTIVITY (GO_MF),1,24,10.399340977307645,0.09602797224944581,RYR2,0.23522344845609558,GO_MF
GOMF_PROTEIN_KINASE_A_REGULATORY_SUBUNIT_BINDING (GO_MF),1,24,10.399340977307645,0.09602797224944581,RYR2,0.23522344845609558,GO_MF
REACTOME_BMAL1_CLOCK_NPAS2_ACTIVATES_CIRCADIAN_GENE_EXPRESSION (Reactome),1,24,10.399340977307645,0.09602797224944581,NPAS2,0.23522344845609558,Reactome
REACTOME_CASPASE_ACTIVATION_VIA_EXTRINSIC_APOPTOTIC_SIGNALLING_PATHWAY (Reactome),1,24,10.399340977307645,0.09602797224944581,DCC,0.23522344845609558,Reactome
REACTOME_FORMATION_OF_TUBULIN_FOLDING_INTERMEDIATES_BY_CCT_TRIC (Reactome),1,24,10.399340977307645,0.09602797224944581,TUBA1B,0.23522344845609558,Reactome
REACTOME_SIGNALING_BY_ERYTHROPOIETIN (Reactome),1,24,10.399340977307645,0.09602797224944581,PLCG2,0.23522344845609558,Reactome
GOBP_ANATOMICAL_STRUCTURE_HOMEOSTASIS (GO_BP),3,261,2.807381859898311,0.09733221427944652,ACTB;SGCZ;LDB2,0.23755233228481273,GO_BP
GOBP_POSITIVE_REGULATION_OF_KINASE_ACTIVITY (GO_BP),4,415,2.35765886371771,0.09753797661229686,CALM2;RELN;EPHA5;ROBO1,0.23755233228481273,GO_BP
GOBP_POSITIVE_REGULATION_OF_RESPONSE_TO_DNA_DAMAGE_STIMULUS (GO_BP),2,126,3.8784192748811654,0.09836570725084931,ACTB;NPAS2,0.23755233228481273,GO_BP
GOCC_SARCOLEMMA (GO_CC),2,126,3.8784192748811654,0.09836570725084931,RYR2;SGCZ,0.23755233228481273,GO_CC
KEGG_INSULIN_SIGNALING_PATHWAY (KEGG),2,126,3.8784192748811654,0.09836570725084931,CALM2;FOXO1,0.23755233228481273,KEGG
GOCC_TRANSCRIPTION_REGULATOR_COMPLEX (GO_CC),4,417,2.3460748362773183,0.09883001025096032,DACH1;TLE4;NPAS2;LDB2,0.23755233228481273,GO_CC
GOBP_PROTEIN_LOCALIZATION_TO_PLASMA_MEMBRANE (GO_BP),3,263,2.7855814617058305,0.09901736761928928,KCNIP4;ACTB;MAP7,0.23755233228481273,GO_BP
GOBP_REGULATION_OF_RESPONSE_TO_WOUNDING (GO_BP),2,127,3.847260135747446,0.09967618383662928,PRKG1;SMOC2,0.23755233228481273,GO_BP
GOBP_TUMOR_NECROSIS_FACTOR_SUPERFAMILY_CYTOKINE_PRODUCTION (GO_BP),2,127,3.847260135747446,0.09967618383662928,FOXP1;PLCG2,0.23755233228481273,GO_BP
GOBP_GAMMA_AMINOBUTYRIC_ACID_SIGNALING_PATHWAY (GO_BP),1,25,9.963753266151258,0.09982433896204157,GABRB1,0.23755233228481273,GO_BP
GOBP_GLANDULAR_EPITHELIAL_CELL_DEVELOPMENT (GO_BP),1,25,9.963753266151258,0.09982433896204157,RARB,0.23755233228481273,GO_BP
GOBP_GLUTAMINE_METABOLIC_PROCESS (GO_BP),1,25,9.963753266151258,0.09982433896204157,GLUD1,0.23755233228481273,GO_BP
GOBP_METANEPHROS_MORPHOGENESIS (GO_BP),1,25,9.963753266151258,0.09982433896204157,FRAS1,0.23755233228481273,GO_BP
GOBP_NEGATIVE_REGULATION_OF_AXON_EXTENSION_INVOLVED_IN_AXON_GUIDANCE (GO_BP),1,25,9.963753266151258,0.09982433896204157,NRP1,0.23755233228481273,GO_BP
GOBP_NEGATIVE_REGULATION_OF_MUSCLE_HYPERTROPHY (GO_BP),1,25,9.963753266151258,0.09982433896204157,FOXO1,0.23755233228481273,GO_BP
GOBP_POSITIVE_REGULATION_OF_INTERLEUKIN_10_PRODUCTION (GO_BP),1,25,9.963753266151258,0.09982433896204157,PLCG2,0.23755233228481273,GO_BP
GOBP_POSITIVE_REGULATION_OF_INTERLEUKIN_12_PRODUCTION (GO_BP),1,25,9.963753266151258,0.09982433896204157,PLCG2,0.23755233228481273,GO_BP
GOBP_POSITIVE_REGULATION_OF_PROTEIN_AUTOPHOSPHORYLATION (GO_BP),1,25,9.963753266151258,0.09982433896204157,CALM2,0.23755233228481273,GO_BP
GOBP_POSITIVE_REGULATION_OF_RHO_PROTEIN_SIGNAL_TRANSDUCTION (GO_BP),1,25,9.963753266151258,0.09982433896204157,ROBO1,0.23755233228481273,GO_BP
GOBP_REGULATION_OF_ANDROGEN_RECEPTOR_SIGNALING_PATHWAY (GO_BP),1,25,9.963753266151258,0.09982433896204157,FOXP1,0.23755233228481273,GO_BP
GOBP_REGULATION_OF_CARDIAC_MUSCLE_CELL_ACTION_POTENTIAL (GO_BP),1,25,9.963753266151258,0.09982433896204157,RYR2,0.23755233228481273,GO_BP
GOBP_REGULATION_OF_DENDRITE_EXTENSION (GO_BP),1,25,9.963753266151258,0.09982433896204157,SYT4,0.23755233228481273,GO_BP
GOBP_SYNAPTIC_MEMBRANE_ADHESION (GO_BP),1,25,9.963753266151258,0.09982433896204157,LRRC4C,0.23755233228481273,GO_BP
GOMF_LIPOPROTEIN_PARTICLE_RECEPTOR_BINDING (GO_MF),1,25,9.963753266151258,0.09982433896204157,RELN,0.23755233228481273,GO_MF
REACTOME_CONSTITUTIVE_SIGNALING_BY_AKT1_E17K_IN_CANCER (Reactome),1,25,9.963753266151258,0.09982433896204157,FOXO1,0.23755233228481273,Reactome
GOBP_MUSCLE_ORGAN_DEVELOPMENT (GO_BP),3,265,2.7641139097520986,0.1007143595374445,RYR2;RBFOX1;ETV1,0.23939734436747911,GO_BP
GOBP_POSITIVE_REGULATION_OF_CYSTEINE_TYPE_ENDOPEPTIDASE_ACTIVITY (GO_BP),2,128,3.816599329186446,0.10099159104931617,DLC1;ROBO1,0.2397832201591841,GO_BP
GOBP_POSITIVE_REGULATION_OF_VASCULATURE_DEVELOPMENT (GO_BP),2,129,3.7864258095812504,0.10231186537314256,NRP1;SMOC2,0.24085779684219621,GO_BP
GOMF_LIGAND_GATED_ION_CHANNEL_ACTIVITY (GO_MF),2,129,3.7864258095812504,0.10231186537314256,RYR2;GABRB1,0.24085779684219621,GO_MF
GOBP_BONE_GROWTH (GO_BP),1,26,9.565832579809097,0.10360490276555312,RARB,0.24085779684219621,GO_BP
GOBP_CENTRAL_NERVOUS_SYSTEM_PROJECTION_NEURON_AXONOGENESIS (GO_BP),1,26,9.565832579809097,0.10360490276555312,DCC,0.24085779684219621,GO_BP
GOBP_GLUTAMINE_FAMILY_AMINO_ACID_CATABOLIC_PROCESS (GO_BP),1,26,9.565832579809097,0.10360490276555312,GLUD1,0.24085779684219621,GO_BP
GOBP_HEPARAN_SULFATE_PROTEOGLYCAN_BIOSYNTHETIC_PROCESS (GO_BP),1,26,9.565832579809097,0.10360490276555312,HS6ST3,0.24085779684219621,GO_BP
GOBP_MATURE_B_CELL_DIFFERENTIATION (GO_BP),1,26,9.565832579809097,0.10360490276555312,PLCG2,0.24085779684219621,GO_BP
GOBP_POSITIVE_REGULATION_OF_RECEPTOR_INTERNALIZATION (GO_BP),1,26,9.565832579809097,0.10360490276555312,PLCG2,0.24085779684219621,GO_BP
GOBP_POSITIVE_REGULATION_OF_SYNAPTIC_TRANSMISSION_GLUTAMATERGIC (GO_BP),1,26,9.565832579809097,0.10360490276555312,RELN,0.24085779684219621,GO_BP
GOBP_REGULATION_OF_RYANODINE_SENSITIVE_CALCIUM_RELEASE_CHANNEL_ACTIVITY (GO_BP),1,26,9.565832579809097,0.10360490276555312,CALM2,0.24085779684219621,GO_BP
GOCC_DENSE_CORE_GRANULE (GO_CC),1,26,9.565832579809097,0.10360490276555312,SYT4,0.24085779684219621,GO_CC
GOMF_ANDROGEN_RECEPTOR_BINDING (GO_MF),1,26,9.565832579809097,0.10360490276555312,FOXP1,0.24085779684219621,GO_MF
GOMF_PHOSPHOLIPASE_C_ACTIVITY (GO_MF),1,26,9.565832579809097,0.10360490276555312,PLCG2,0.24085779684219621,GO_MF
KEGG_GLYCOSAMINOGLYCAN_BIOSYNTHESIS_HEPARAN_SULFATE (KEGG),1,26,9.565832579809097,0.10360490276555312,HS6ST3,0.24085779684219621,KEGG
REACTOME_ACTIVATION_OF_AMPK_DOWNSTREAM_OF_NMDARS (Reactome),1,26,9.565832579809097,0.10360490276555312,TUBA1B,0.24085779684219621,Reactome
REACTOME_ANTIGEN_ACTIVATES_B_CELL_RECEPTOR_BCR_LEADING_TO_GENERATION_OF_SECOND_MESSENGERS (Reactome),1,26,9.565832579809097,0.10360490276555312,PLCG2,0.24085779684219621,Reactome
REACTOME_SYNTHESIS_OF_IP3_AND_IP4_IN_THE_CYTOSOL (Reactome),1,26,9.565832579809097,0.10360490276555312,PLCG2,0.24085779684219621,Reactome
GOBP_CELLULAR_GLUCOSE_HOMEOSTASIS (GO_BP),2,130,3.7567288126511933,0.10363694372989564,FOXO1;EPHA5,0.24085779684219621,GO_BP
GOBP_MAINTENANCE_OF_CELL_NUMBER (GO_BP),2,130,3.7567288126511933,0.10363694372989564,FOXO1;LDB2,0.24085779684219621,GO_BP
REACTOME_DISEASES_OF_GLYCOSYLATION (Reactome),2,131,3.727497829007326,0.10496676347641863,ADAMTS19;SPON1,0.2433862084531446,Reactome
GOBP_PROTEIN_DEPHOSPHORYLATION (GO_BP),3,271,2.701578456736439,0.10587520868669854,DLC1;PPP2R2C;CALM2,0.2433862084531446,GO_BP
GOBP_RETINA_DEVELOPMENT_IN_CAMERA_TYPE_EYE (GO_BP),2,132,3.6987225843386176,0.1063012624021243,NRP1;DSCAM,0.2433862084531446,GO_BP
GOCC_APICAL_JUNCTION_COMPLEX (GO_CC),2,132,3.6987225843386176,0.1063012624021243,ACTB;PARD3B,0.2433862084531446,GO_CC
GOBP_C4_DICARBOXYLATE_TRANSPORT (GO_BP),1,27,9.199448428666722,0.10736972885689366,SLC1A3,0.2433862084531446,GO_BP
GOBP_CGMP_MEDIATED_SIGNALING (GO_BP),1,27,9.199448428666722,0.10736972885689366,PRKG1,0.2433862084531446,GO_BP
GOBP_INOSITOL_PHOSPHATE_BIOSYNTHETIC_PROCESS (GO_BP),1,27,9.199448428666722,0.10736972885689366,PLCG2,0.2433862084531446,GO_BP
GOBP_L_GLUTAMATE_TRANSMEMBRANE_TRANSPORT (GO_BP),1,27,9.199448428666722,0.10736972885689366,SLC1A3,0.2433862084531446,GO_BP
GOBP_MONOCYTE_DIFFERENTIATION (GO_BP),1,27,9.199448428666722,0.10736972885689366,FOXP1,0.2433862084531446,GO_BP
GOBP_NEGATIVE_REGULATION_OF_EXOCYTOSIS (GO_BP),1,27,9.199448428666722,0.10736972885689366,SYT4,0.2433862084531446,GO_BP
GOBP_NEGATIVE_REGULATION_OF_FIBROBLAST_PROLIFERATION (GO_BP),1,27,9.199448428666722,0.10736972885689366,DACH1,0.2433862084531446,GO_BP
GOBP_POSITIVE_REGULATION_OF_FILOPODIUM_ASSEMBLY (GO_BP),1,27,9.199448428666722,0.10736972885689366,NRP1,0.2433862084531446,GO_BP
GOBP_POSITIVE_REGULATION_OF_INTERLEUKIN_2_PRODUCTION (GO_BP),1,27,9.199448428666722,0.10736972885689366,PLCG2,0.2433862084531446,GO_BP
GOCC_MAGNESIUM_DEPENDENT_PROTEIN_SERINE_THREONINE_PHOSPHATASE_COMPLEX (GO_CC),1,27,9.199448428666722,0.10736972885689366,PPP2R2C,0.2433862084531446,GO_CC
GOCC_SMOOTH_ENDOPLASMIC_RETICULUM (GO_CC),1,27,9.199448428666722,0.10736972885689366,RYR2,0.2433862084531446,GO_CC
GOMF_DYNEIN_LIGHT_INTERMEDIATE_CHAIN_BINDING (GO_MF),1,27,9.199448428666722,0.10736972885689366,DNAH14,0.2433862084531446,GO_MF
GOMF_EPHRIN_RECEPTOR_BINDING (GO_MF),1,27,9.199448428666722,0.10736972885689366,CHN1,0.2433862084531446,GO_MF
GOMF_GLUTAMATE_RECEPTOR_ACTIVITY (GO_MF),1,27,9.199448428666722,0.10736972885689366,GRM3,0.2433862084531446,GO_MF
GOMF_INTRACELLULAR_LIGAND_GATED_ION_CHANNEL_ACTIVITY (GO_MF),1,27,9.199448428666722,0.10736972885689366,RYR2,0.2433862084531446,GO_MF
HALLMARK_ANGIOGENESIS (Hallmark),1,27,9.199448428666722,0.10736972885689366,NRP1,0.2433862084531446,Hallmark
REACTOME_CLASS_C_3_METABOTROPIC_GLUTAMATE_PHEROMONE_RECEPTORS (Reactome),1,27,9.199448428666722,0.10736972885689366,GRM3,0.2433862084531446,Reactome
REACTOME_GAP_JUNCTION_ASSEMBLY (Reactome),1,27,9.199448428666722,0.10736972885689366,TUBA1B,0.2433862084531446,Reactome
GOBP_CALCIUM_ION_TRANSMEMBRANE_TRANSPORT (GO_BP),3,273,2.6813790963489152,0.10761839425324747,RYR2;CALM2;PLCG2,0.2433862084531446,GO_BP
GOBP_AMINO_ACID_TRANSPORT (GO_BP),2,133,3.670393024816066,0.10764037872652252,SLC1A3;SYT4,0.2433862084531446,GO_BP
GOMF_PROTEIN_TYROSINE_KINASE_ACTIVITY (GO_MF),2,133,3.670393024816066,0.10764037872652252,NRP1;EPHA5,0.2433862084531446,GO_MF
GOBP_REGULATION_OF_CYTOSOLIC_CALCIUM_ION_CONCENTRATION (GO_BP),3,274,2.671390804626382,0.10849421530866371,RYR2;CALM2;PLCG2,0.2450513282999796,GO_BP
GOBP_POSITIVE_REGULATION_OF_SYNAPTIC_TRANSMISSION (GO_BP),2,134,3.6424993065598636,0.10898405109675975,SLC1A3;RELN,0.24562604172671448,GO_BP
GOBP_REGULATION_OF_CELL_SHAPE (GO_BP),2,134,3.6424993065598636,0.10898405109675975,STRIP2;DLC1,0.24562604172671448,GO_BP
GOBP_RESPONSE_TO_OXYGEN_LEVELS (GO_BP),3,275,2.661475670307132,0.10937283557876855,RYR2;FOXO1;MALAT1,0.2462363623008522,GO_BP
GOBP_REGULATION_OF_SIGNALING_RECEPTOR_ACTIVITY (GO_BP),2,135,3.6150317882294045,0.11033221858517188,RELN;NRP1,0.2475409514373406,GO_BP
GOBP_BRANCHING_INVOLVED_IN_BLOOD_VESSEL_MORPHOGENESIS (GO_BP),1,28,8.857205955256548,0.1111188821664073,NRP1,0.2475409514373406,GO_BP
GOBP_POSITIVE_REGULATION_OF_PEPTIDYL_THREONINE_PHOSPHORYLATION (GO_BP),1,28,8.857205955256548,0.1111188821664073,CALM2,0.2475409514373406,GO_BP
GOBP_POSTSYNAPSE_ASSEMBLY (GO_BP),1,28,8.857205955256548,0.1111188821664073,GAP43,0.2475409514373406,GO_BP
GOBP_REGULATION_OF_ADENYLATE_CYCLASE_ACTIVITY (GO_BP),1,28,8.857205955256548,0.1111188821664073,GRM3,0.2475409514373406,GO_BP
GOCC_INTEGRAL_COMPONENT_OF_SYNAPTIC_VESICLE_MEMBRANE (GO_CC),1,28,8.857205955256548,0.1111188821664073,SYT4,0.2475409514373406,GO_CC
GOMF_ORGANIC_ACID_SODIUM_SYMPORTER_ACTIVITY (GO_MF),1,28,8.857205955256548,0.1111188821664073,SLC1A3,0.2475409514373406,GO_MF
GOMF_PROTEIN_PHOSPHATASE_2A_BINDING (GO_MF),1,28,8.857205955256548,0.1111188821664073,FOXO1,0.2475409514373406,GO_MF
REACTOME_REGULATION_OF_BETA_CELL_DEVELOPMENT (Reactome),1,28,8.857205955256548,0.1111188821664073,FOXO1,0.2475409514373406,Reactome
GOBP_CAMERA_TYPE_EYE_DEVELOPMENT (GO_BP),3,277,2.6418616440901426,0.1111384147085712,TENM3;NRP1;DSCAM,0.2475409514373406,GO_BP
REACTOME_RHO_GTPASES_ACTIVATE_FORMINS (Reactome),2,136,3.5879810259740816,0.11168482068684932,ACTB;TUBA1B,0.24849277267958905,Reactome
GOBP_REGULATION_OF_RESPONSE_TO_BIOTIC_STIMULUS (GO_BP),3,278,2.632161167761539,0.11202534397977794,FOXP1;CALM2;PLCG2,0.24898497644919762,GO_BP
GOBP_CELLULAR_RESPONSE_TO_OXYGEN_LEVELS (GO_BP),2,137,3.561337770130547,0.11304179731721502,FOXO1;MALAT1,0.25097684149045507,GO_BP
GOBP_POSITIVE_REGULATION_OF_CELL_CYCLE (GO_BP),3,280,2.6129694167477813,0.11380740778873215,MEIS2;SMOC2;PLCG2,0.25099163968392246,GO_BP
GOBP_POSITIVE_REGULATION_OF_NEURON_PROJECTION_DEVELOPMENT (GO_BP),2,138,3.5343303785519966,0.11440308880961539,TENM3;RELN,0.25099163968392246,GO_BP
GOBP_DETECTION_OF_BIOTIC_STIMULUS (GO_BP),1,29,8.540438408551285,0.11485242735895829,DACH1,0.25099163968392246,GO_BP
GOBP_NEGATIVE_REGULATION_OF_ACTIN_FILAMENT_BUNDLE_ASSEMBLY (GO_BP),1,29,8.540438408551285,0.11485242735895829,DLC1,0.25099163968392246,GO_BP
GOBP_NEGATIVE_REGULATION_OF_LYMPHOCYTE_APOPTOTIC_PROCESS (GO_BP),1,29,8.540438408551285,0.11485242735895829,FOXP1,0.25099163968392246,GO_BP
GOBP_NEUROINFLAMMATORY_RESPONSE (GO_BP),1,29,8.540438408551285,0.11485242735895829,PLCG2,0.25099163968392246,GO_BP
GOBP_POSITIVE_REGULATION_OF_CELL_SUBSTRATE_JUNCTION_ORGANIZATION (GO_BP),1,29,8.540438408551285,0.11485242735895829,NRP1,0.25099163968392246,GO_BP
GOBP_RESPONSE_TO_INTERLEUKIN_4 (GO_BP),1,29,8.540438408551285,0.11485242735895829,TUBA1B,0.25099163968392246,GO_BP
GOBP_RETINOIC_ACID_RECEPTOR_SIGNALING_PATHWAY (GO_BP),1,29,8.540438408551285,0.11485242735895829,RARB,0.25099163968392246,GO_BP
KEGG_ALANINE_ASPARTATE_AND_GLUTAMATE_METABOLISM (KEGG),1,29,8.540438408551285,0.11485242735895829,GLUD1,0.25099163968392246,KEGG
REACTOME_DAP12_SIGNALING (Reactome),1,29,8.540438408551285,0.11485242735895829,PLCG2,0.25099163968392246,Reactome
REACTOME_FCERI_MEDIATED_CA_2_MOBILIZATION (Reactome),1,29,8.540438408551285,0.11485242735895829,PLCG2,0.25099163968392246,Reactome
REACTOME_HS_GAG_BIOSYNTHESIS (Reactome),1,29,8.540438408551285,0.11485242735895829,HS6ST3,0.25099163968392246,Reactome
REACTOME_MATURATION_OF_SARS_COV_2_SPIKE_PROTEIN (Reactome),1,29,8.540438408551285,0.11485242735895829,MGAT4C,0.25099163968392246,Reactome
REACTOME_SEALING_OF_THE_NUCLEAR_ENVELOPE_NE_BY_ESCRT_III (Reactome),1,29,8.540438408551285,0.11485242735895829,TUBA1B,0.25099163968392246,Reactome
GOBP_MAINTENANCE_OF_LOCATION (GO_BP),3,282,2.5940515735410354,0.1156003128353063,RYR2;CALM2;PLCG2,0.25236177080259853,GO_BP
GOMF_POTASSIUM_ION_TRANSMEMBRANE_TRANSPORTER_ACTIVITY (GO_MF),2,141,3.457931552041898,0.11851226201108538,KCNIP4;KCNQ5,0.2548470494115773,GO_MF
GOBP_CELL_CELL_SIGNALING_INVOLVED_IN_CARDIAC_CONDUCTION (GO_BP),1,30,8.245704033588535,0.11857042883499835,RYR2,0.2548470494115773,GO_BP
GOBP_CHONDROITIN_SULFATE_PROTEOGLYCAN_METABOLIC_PROCESS (GO_BP),1,30,8.245704033588535,0.11857042883499835,CHSY3,0.2548470494115773,GO_BP
GOBP_EATING_BEHAVIOR (GO_BP),1,30,8.245704033588535,0.11857042883499835,CCK,0.2548470494115773,GO_BP
GOBP_EMBRYONIC_EYE_MORPHOGENESIS (GO_BP),1,30,8.245704033588535,0.11857042883499835,RARB,0.2548470494115773,GO_BP
GOBP_NEURON_PROJECTION_ARBORIZATION (GO_BP),1,30,8.245704033588535,0.11857042883499835,NRP1,0.2548470494115773,GO_BP
GOBP_POSITIVE_REGULATION_OF_PHOSPHATASE_ACTIVITY (GO_BP),1,30,8.245704033588535,0.11857042883499835,CALM2,0.2548470494115773,GO_BP
GOBP_REGULATION_OF_CALCINEURIN_MEDIATED_SIGNALING (GO_BP),1,30,8.245704033588535,0.11857042883499835,PLCG2,0.2548470494115773,GO_BP
GOBP_REGULATION_OF_FIBROBLAST_GROWTH_FACTOR_RECEPTOR_SIGNALING_PATHWAY (GO_BP),1,30,8.245704033588535,0.11857042883499835,SMOC2,0.2548470494115773,GO_BP
GOBP_REGULATION_OF_HOMOTYPIC_CELL_CELL_ADHESION (GO_BP),1,30,8.245704033588535,0.11857042883499835,PRKG1,0.2548470494115773,GO_BP
GOMF_DELAYED_RECTIFIER_POTASSIUM_CHANNEL_ACTIVITY (GO_MF),1,30,8.245704033588535,0.11857042883499835,KCNQ5,0.2548470494115773,GO_MF
GOMF_XENOBIOTIC_TRANSMEMBRANE_TRANSPORTER_ACTIVITY (GO_MF),1,30,8.245704033588535,0.11857042883499835,ABCB5,0.2548470494115773,GO_MF
HALLMARK_PANCREAS_BETA_CELLS (Hallmark),1,30,8.245704033588535,0.11857042883499835,FOXO1,0.2548470494115773,Hallmark
REACTOME_FCERI_MEDIATED_MAPK_ACTIVATION (Reactome),1,30,8.245704033588535,0.11857042883499835,PLCG2,0.2548470494115773,Reactome
REACTOME_INTERACTION_BETWEEN_L1_AND_ANKYRINS (Reactome),1,30,8.245704033588535,0.11857042883499835,ACTB,0.2548470494115773,Reactome
GOBP_APPENDAGE_DEVELOPMENT (GO_BP),2,142,3.433147429675392,0.11989022455991918,RARB;FRAS1,0.25689003968845103,GO_BP
GOBP_NEUROTRANSMITTER_SECRETION (GO_BP),2,142,3.433147429675392,0.11989022455991918,SYT4;SYN2,0.25689003968845103,GO_BP
REACTOME_FACTORS_INVOLVED_IN_MEGAKARYOCYTE_DEVELOPMENT_AND_PLATELET_PRODUCTION (Reactome),2,142,3.433147429675392,0.11989022455991918,ACTB;TUBA1B,0.25689003968845103,Reactome
GOBP_ANTIGEN_RECEPTOR_MEDIATED_SIGNALING_PATHWAY (GO_BP),2,143,3.4086718725865452,0.12127220982290964,FOXP1;PLCG2,0.25958471989785886,GO_BP
GOBP_GLYCOPROTEIN_BIOSYNTHETIC_PROCESS (GO_BP),3,289,2.5297902713803633,0.12195913120931842,MGAT4C;CHSY3;HS6ST3,0.2595967936693178,GO_BP
GOBP_POSITIVE_REGULATION_OF_RELEASE_OF_SEQUESTERED_CALCIUM_ION_INTO_CYTOSOL (GO_BP),1,31,7.970633886021138,0.12227295073164324,CALM2,0.2595967936693178,GO_BP
GOBP_POSITIVE_REGULATION_OF_SMOOTH_MUSCLE_CELL_MIGRATION (GO_BP),1,31,7.970633886021138,0.12227295073164324,NRP1,0.2595967936693178,GO_BP
GOBP_SALIVARY_GLAND_DEVELOPMENT (GO_BP),1,31,7.970633886021138,0.12227295073164324,NRP1,0.2595967936693178,GO_BP
GOBP_VENTRICULAR_CARDIAC_MUSCLE_CELL_ACTION_POTENTIAL (GO_BP),1,31,7.970633886021138,0.12227295073164324,RYR2,0.2595967936693178,GO_BP
GOBP_VIRAL_PROTEIN_PROCESSING (GO_BP),1,31,7.970633886021138,0.12227295073164324,MGAT4C,0.2595967936693178,GO_BP
GOMF_DISORDERED_DOMAIN_SPECIFIC_BINDING (GO_MF),1,31,7.970633886021138,0.12227295073164324,CALM2,0.2595967936693178,GO_MF
REACTOME_FCGR3A_MEDIATED_IL10_SYNTHESIS (Reactome),1,31,7.970633886021138,0.12227295073164324,PLCG2,0.2595967936693178,Reactome
GOCC_CELL_CORTEX (GO_CC),3,292,2.5033824624189087,0.12472327352100958,DLC1;ACTB;PARD3B,0.2645299510552307,GO_CC
REACTOME_RHOA_GTPASE_CYCLE (Reactome),2,146,3.3372831410037076,0.12544173181138096,DLC1;NGEF,0.2647317611277335,Reactome
GOBP_BONE_CELL_DEVELOPMENT (GO_BP),1,32,7.713364038782279,0.12596005692373713,FOXP1,0.2647317611277335,GO_BP
GOBP_GLUTAMATE_METABOLIC_PROCESS (GO_BP),1,32,7.713364038782279,0.12596005692373713,GLUD1,0.2647317611277335,GO_BP
GOBP_HEPARAN_SULFATE_PROTEOGLYCAN_METABOLIC_PROCESS (GO_BP),1,32,7.713364038782279,0.12596005692373713,HS6ST3,0.2647317611277335,GO_BP
GOBP_NEGATIVE_REGULATION_OF_INTRACELLULAR_STEROID_HORMONE_RECEPTOR_SIGNALING_PATHWAY (GO_BP),1,32,7.713364038782279,0.12596005692373713,FOXP1,0.2647317611277335,GO_BP
GOBP_RESPONSE_TO_FUNGUS (GO_BP),1,32,7.713364038782279,0.12596005692373713,PLCG2,0.2647317611277335,GO_BP
GOBP_VENTRICULAR_CARDIAC_MUSCLE_TISSUE_MORPHOGENESIS (GO_BP),1,32,7.713364038782279,0.12596005692373713,RYR2,0.2647317611277335,GO_BP
GOCC_GTPASE_COMPLEX (GO_CC),1,32,7.713364038782279,0.12596005692373713,GNAL,0.2647317611277335,GO_CC
GOMF_CHANNEL_INHIBITOR_ACTIVITY (GO_MF),1,32,7.713364038782279,0.12596005692373713,CALM2,0.2647317611277335,GO_MF
GOBP_LYMPHOCYTE_ACTIVATION_INVOLVED_IN_IMMUNE_RESPONSE (GO_BP),2,147,3.3141427971791195,0.12683923984334944,FOXP1;PLCG2,0.26631136172341074,GO_BP
GOBP_REGULATION_OF_ESTABLISHMENT_OF_PROTEIN_LOCALIZATION (GO_BP),4,458,2.1309476547713078,0.12702563553218052,GLUD1;SYT4;NNAT;EPHA5,0.2664346747293073,GO_BP
GOBP_CELL_DIFFERENTIATION_IN_SPINAL_CORD (GO_BP),1,33,7.472312338536841,0.12963181102491617,MDGA2,0.26762610988795094,GO_BP
GOBP_CEREBRAL_CORTEX_RADIALLY_ORIENTED_CELL_MIGRATION (GO_BP),1,33,7.472312338536841,0.12963181102491617,RELN,0.26762610988795094,GO_BP
GOBP_LONG_TERM_MEMORY (GO_BP),1,33,7.472312338536841,0.12963181102491617,RELN,0.26762610988795094,GO_BP
GOBP_MAINTENANCE_OF_BLOOD_BRAIN_BARRIER (GO_BP),1,33,7.472312338536841,0.12963181102491617,ACTB,0.26762610988795094,GO_BP
GOBP_MICROTUBULE_ORGANIZING_CENTER_LOCALIZATION (GO_BP),1,33,7.472312338536841,0.12963181102491617,PARD3B,0.26762610988795094,GO_BP
GOBP_NEGATIVE_REGULATION_OF_CELL_MATRIX_ADHESION (GO_BP),1,33,7.472312338536841,0.12963181102491617,DLC1,0.26762610988795094,GO_BP
GOBP_NEGATIVE_REGULATION_OF_DNA_BIOSYNTHETIC_PROCESS (GO_BP),1,33,7.472312338536841,0.12963181102491617,DACH1,0.26762610988795094,GO_BP
GOBP_RESPONSE_TO_PROGESTERONE (GO_BP),1,33,7.472312338536841,0.12963181102491617,GABRB1,0.26762610988795094,GO_BP
GOBP_RESPONSE_TO_TUMOR_CELL (GO_BP),1,33,7.472312338536841,0.12963181102491617,CALM2,0.26762610988795094,GO_BP
GOBP_STRIATED_MUSCLE_ADAPTATION (GO_BP),1,33,7.472312338536841,0.12963181102491617,FOXO1,0.26762610988795094,GO_BP
GOCC_MICROTUBULE_END (GO_CC),1,33,7.472312338536841,0.12963181102491617,SLAIN1,0.26762610988795094,GO_CC
GOMF_ADP_BINDING (GO_MF),1,33,7.472312338536841,0.12963181102491617,GLUD1,0.26762610988795094,GO_MF
REACTOME_DAP12_INTERACTIONS (Reactome),1,33,7.472312338536841,0.12963181102491617,PLCG2,0.26762610988795094,Reactome
REACTOME_GPVI_MEDIATED_ACTIVATION_CASCADE (Reactome),1,33,7.472312338536841,0.12963181102491617,PLCG2,0.26762610988795094,Reactome
GOBP_STRIATED_MUSCLE_CONTRACTION (GO_BP),2,149,3.268805851779804,0.12964542266253876,RYR2;CALM2,0.26762610988795094,GO_BP
GOCC_PERIKARYON (GO_CC),2,149,3.268805851779804,0.12964542266253876,CNTNAP2;GAP43,0.26762610988795094,GO_CC
GOCC_MICROTUBULE_ASSOCIATED_COMPLEX (GO_CC),2,150,3.2465965222723083,0.1310539873897685,MAP7;DNAH14,0.2702664739945127,GO_CC
GOMF_CATION_CHANNEL_ACTIVITY (GO_MF),3,299,2.443585663863873,0.13126080020784195,KCNIP4;RYR2;KCNQ5,0.2704257552159587,GO_MF
GOBP_ORGANOPHOSPHATE_CATABOLIC_PROCESS (GO_BP),2,151,3.2246850915029253,0.13246612826979298,PDE7B;PLCG2,0.2705959463260204,GO_BP
GOBP_REGULATION_OF_DNA_REPAIR (GO_BP),2,151,3.2246850915029253,0.13246612826979298,ACTB;NPAS2,0.2705959463260204,GO_BP
KEGG_PURINE_METABOLISM (KEGG),2,151,3.2246850915029253,0.13246612826979298,PDE7B;GUCY1A1,0.2705959463260204,KEGG
GOBP_APOPTOTIC_PROCESS_INVOLVED_IN_DEVELOPMENT (GO_BP),1,34,7.2460609836620025,0.13328827638866747,ROBO2,0.2705959463260204,GO_BP
GOBP_CENTRAL_NERVOUS_SYSTEM_NEURON_AXONOGENESIS (GO_BP),1,34,7.2460609836620025,0.13328827638866747,DCC,0.2705959463260204,GO_BP
GOBP_DOPAMINE_SECRETION (GO_BP),1,34,7.2460609836620025,0.13328827638866747,SYT4,0.2705959463260204,GO_BP
GOBP_PIGMENT_CELL_DIFFERENTIATION (GO_BP),1,34,7.2460609836620025,0.13328827638866747,LRMDA,0.2705959463260204,GO_BP
GOBP_POSITIVE_REGULATION_OF_BLOOD_CIRCULATION (GO_BP),1,34,7.2460609836620025,0.13328827638866747,RYR2,0.2705959463260204,GO_BP
GOBP_POSITIVE_REGULATION_OF_DENDRITE_MORPHOGENESIS (GO_BP),1,34,7.2460609836620025,0.13328827638866747,RELN,0.2705959463260204,GO_BP
GOBP_POSITIVE_REGULATION_OF_DENDRITIC_SPINE_DEVELOPMENT (GO_BP),1,34,7.2460609836620025,0.13328827638866747,RELN,0.2705959463260204,GO_BP
GOBP_REGULATION_OF_ACTIN_FILAMENT_BASED_MOVEMENT (GO_BP),1,34,7.2460609836620025,0.13328827638866747,RYR2,0.2705959463260204,GO_BP
GOBP_REGULATION_OF_CELL_MIGRATION_INVOLVED_IN_SPROUTING_ANGIOGENESIS (GO_BP),1,34,7.2460609836620025,0.13328827638866747,NRP1,0.2705959463260204,GO_BP
GOMF_ACETYLGALACTOSAMINYLTRANSFERASE_ACTIVITY (GO_MF),1,34,7.2460609836620025,0.13328827638866747,CHSY3,0.2705959463260204,GO_MF
GOMF_DYNEIN_INTERMEDIATE_CHAIN_BINDING (GO_MF),1,34,7.2460609836620025,0.13328827638866747,DNAH14,0.2705959463260204,GO_MF
REACTOME_SMOOTH_MUSCLE_CONTRACTION (Reactome),1,34,7.2460609836620025,0.13328827638866747,GUCY1A1,0.2705959463260204,Reactome
GOBP_REGULATION_OF_VESICLE_MEDIATED_TRANSPORT (GO_BP),4,467,2.088807914153386,0.1336286416745742,SYT4;CALY;NRP1;PLCG2,0.2710232994896369,GO_BP
GOBP_ACTIN_FILAMENT_BUNDLE_ORGANIZATION (GO_BP),2,152,3.203065619393384,0.13388179124080007,DLC1;NRP1,0.2712731051646114,GO_BP
GOBP_ESTABLISHMENT_OF_RNA_LOCALIZATION (GO_BP),2,153,3.181732324975305,0.13530092262422916,PEG10;RBFOX1,0.27335239643443004,GO_BP
GOBP_NEGATIVE_REGULATION_OF_WNT_SIGNALING_PATHWAY (GO_BP),2,153,3.181732324975305,0.13530092262422916,FOXO1;TLE4,0.27335239643443004,GO_BP
GOBP_RECEPTOR_METABOLIC_PROCESS (GO_BP),2,153,3.181732324975305,0.13530092262422916,CALY;PLCG2,0.27335239643443004,GO_BP
GOBP_PROTEIN_CONTAINING_COMPLEX_LOCALIZATION (GO_BP),2,154,3.160679580920633,0.13672346912255542,RELN;CALY,0.2737278736784322,GO_BP
GOBP_DENDRITE_EXTENSION (GO_BP),1,35,7.033318480074245,0.13692951610938342,SYT4,0.2737278736784322,GO_BP
GOBP_FOREBRAIN_NEURON_DIFFERENTIATION (GO_BP),1,35,7.033318480074245,0.13692951610938342,NRP1,0.2737278736784322,GO_BP
GOBP_MICROTUBULE_NUCLEATION (GO_BP),1,35,7.033318480074245,0.13692951610938342,SLAIN1,0.2737278736784322,GO_BP
GOBP_ORGANIC_CATION_TRANSPORT (GO_BP),1,35,7.033318480074245,0.13692951610938342,SLC35F3,0.2737278736784322,GO_BP
GOBP_POSTSYNAPTIC_MEMBRANE_ORGANIZATION (GO_BP),1,35,7.033318480074245,0.13692951610938342,RELN,0.2737278736784322,GO_BP
GOBP_REGULATION_OF_REACTIVE_OXYGEN_SPECIES_BIOSYNTHETIC_PROCESS (GO_BP),1,35,7.033318480074245,0.13692951610938342,PLCG2,0.2737278736784322,GO_BP
GOMF_CORECEPTOR_ACTIVITY (GO_MF),1,35,7.033318480074245,0.13692951610938342,NRP1,0.2737278736784322,GO_MF
GOMF_CYCLIC_NUCLEOTIDE_BINDING (GO_MF),1,35,7.033318480074245,0.13692951610938342,PRKG1,0.2737278736784322,GO_MF
GOMF_NUCLEOSOMAL_DNA_BINDING (GO_MF),1,35,7.033318480074245,0.13692951610938342,ACTB,0.2737278736784322,GO_MF
HALLMARK_HEDGEHOG_SIGNALING (Hallmark),1,35,7.033318480074245,0.13692951610938342,NRP1,0.2737278736784322,Hallmark
GOBP_CARTILAGE_DEVELOPMENT (GO_BP),2,155,3.1399019082789486,0.1381493778170848,RARB;TRPS1,0.27590215454952727,GO_BP
GOBP_NOTCH_SIGNALING_PATHWAY (GO_BP),2,156,3.1193939714162653,0.1395785961657616,ROBO2;ROBO1,0.2775208350424358,GO_BP
GOBP_AUTONOMIC_NERVOUS_SYSTEM_DEVELOPMENT (GO_BP),1,36,6.830057402934185,0.14055559302340903,NRP1,0.2775208350424358,GO_BP
GOBP_COLUMNAR_CUBOIDAL_EPITHELIAL_CELL_DEVELOPMENT (GO_BP),1,36,6.830057402934185,0.14055559302340903,RARB,0.2775208350424358,GO_BP
GOBP_NEGATIVE_REGULATION_OF_CALCIUM_ION_TRANSMEMBRANE_TRANSPORT (GO_BP),1,36,6.830057402934185,0.14055559302340903,CALM2,0.2775208350424358,GO_BP
GOBP_POSITIVE_REGULATION_OF_GLUCOSE_METABOLIC_PROCESS (GO_BP),1,36,6.830057402934185,0.14055559302340903,FOXO1,0.2775208350424358,GO_BP
GOBP_POSITIVE_REGULATION_OF_MICROTUBULE_POLYMERIZATION_OR_DEPOLYMERIZATION (GO_BP),1,36,6.830057402934185,0.14055559302340903,SLAIN1,0.2775208350424358,GO_BP
GOBP_REGULATION_OF_ACTIN_CYTOSKELETON_REORGANIZATION (GO_BP),1,36,6.830057402934185,0.14055559302340903,NRP1,0.2775208350424358,GO_BP
GOBP_REGULATION_OF_AMINO_ACID_TRANSPORT (GO_BP),1,36,6.830057402934185,0.14055559302340903,SYT4,0.2775208350424358,GO_BP
GOMF_NEUTRAL_AMINO_ACID_TRANSMEMBRANE_TRANSPORTER_ACTIVITY (GO_MF),1,36,6.830057402934185,0.14055559302340903,SLC1A3,0.2775208350424358,GO_MF
REACTOME_COOPERATION_OF_PDCL_PHLP1_AND_TRIC_CCT_IN_G_PROTEIN_BETA_FOLDING (Reactome),1,36,6.830057402934185,0.14055559302340903,RGS6,0.2775208350424358,Reactome
REACTOME_RHOH_GTPASE_CYCLE (Reactome),1,36,6.830057402934185,0.14055559302340903,TUBA1B,0.2775208350424358,Reactome
REACTOME_RHO_GTPASES_ACTIVATE_WASPS_AND_WAVES (Reactome),1,36,6.830057402934185,0.14055559302340903,ACTB,0.2775208350424358,Reactome
GOBP_RESPONSE_TO_TEMPERATURE_STIMULUS (GO_BP),2,158,3.0791666500730415,0.14244675352744646,CDH8;FOXO1,0.2809890119203977,GO_BP
GOBP_REGULATION_OF_BODY_FLUID_LEVELS (GO_BP),3,312,2.339559181979193,0.14371318878191092,ACTB;PRKG1;PLCG2,0.28277784867007777,GO_BP
GOBP_POSITIVE_REGULATION_OF_SUPRAMOLECULAR_FIBER_ORGANIZATION (GO_BP),2,159,3.059437268065549,0.14388558931995615,SLAIN1;NRP1,0.28277784867007777,GO_BP
GOBP_MODULATION_OF_EXCITATORY_POSTSYNAPTIC_POTENTIAL (GO_BP),1,37,6.640956670792913,0.14416656971009234,RELN,0.28277784867007777,GO_BP
GOBP_POSITIVE_REGULATION_OF_DOUBLE_STRAND_BREAK_REPAIR_VIA_HOMOLOGOUS_RECOMBINATION (GO_BP),1,37,6.640956670792913,0.14416656971009234,ACTB,0.28277784867007777,GO_BP
GOMF_SH2_DOMAIN_BINDING (GO_MF),1,37,6.640956670792913,0.14416656971009234,DLC1,0.28277784867007777,GO_MF
REACTOME_MAP2K_AND_MAPK_ACTIVATION (Reactome),1,37,6.640956670792913,0.14416656971009234,ACTB,0.28277784867007777,Reactome
GOBP_INORGANIC_ANION_TRANSPORT (GO_BP),2,160,3.0399576179813,0.14532752832131007,SLC1A3;GABRB1,0.28422152555255514,GO_BP
GOBP_MUSCLE_CELL_PROLIFERATION (GO_BP),2,160,3.0399576179813,0.14532752832131007,FOXP1;PRKG1,0.28422152555255514,GO_BP
GOBP_EMBRYONIC_MORPHOGENESIS (GO_BP),4,483,2.017914756419249,0.14570793702688173,RYR2;DLC1;RARB;FRAS1,0.28422152555255514,GO_BP
GOBP_POSITIVE_REGULATION_OF_CELL_DEATH (GO_BP),4,484,2.0135597561785046,0.14647689001585165,DLC1;RARB;CALM2;FOXO1,0.28422152555255514,GO_BP
GOBP_REGULATION_OF_NEURON_DIFFERENTIATION (GO_BP),2,161,3.0207284795946356,0.14677251984014741,PCP4;BRINP3,0.28422152555255514,GO_BP
GOBP_PROTEIN_LOCALIZATION_TO_CELL_PERIPHERY (GO_BP),3,316,2.3093362357219442,0.14762197869263913,KCNIP4;ACTB;MAP7,0.28422152555255514,GO_BP
GOBP_ENERGY_HOMEOSTASIS (GO_BP),1,38,6.461241965319266,0.14776250849282335,FOXO1,0.28422152555255514,GO_BP
GOBP_EXOCRINE_SYSTEM_DEVELOPMENT (GO_BP),1,38,6.461241965319266,0.14776250849282335,NRP1,0.28422152555255514,GO_BP
GOBP_FEAR_RESPONSE (GO_BP),1,38,6.461241965319266,0.14776250849282335,NPAS2,0.28422152555255514,GO_BP
GOBP_HINDBRAIN_MORPHOGENESIS (GO_BP),1,38,6.461241965319266,0.14776250849282335,DLC1,0.28422152555255514,GO_BP
GOBP_POSITIVE_REGULATION_OF_AMINE_TRANSPORT (GO_BP),1,38,6.461241965319266,0.14776250849282335,SYT4,0.28422152555255514,GO_BP
GOBP_POSITIVE_REGULATION_OF_ORGANIC_ACID_TRANSPORT (GO_BP),1,38,6.461241965319266,0.14776250849282335,SYT4,0.28422152555255514,GO_BP
GOBP_POSITIVE_REGULATION_OF_SUBSTRATE_ADHESION_DEPENDENT_CELL_SPREADING (GO_BP),1,38,6.461241965319266,0.14776250849282335,NRP1,0.28422152555255514,GO_BP
GOBP_SOMATIC_STEM_CELL_POPULATION_MAINTENANCE (GO_BP),1,38,6.461241965319266,0.14776250849282335,LDB2,0.28422152555255514,GO_BP
GOBP_TOXIN_TRANSPORT (GO_BP),1,38,6.461241965319266,0.14776250849282335,NRP1,0.28422152555255514,GO_BP
GOBP_XENOBIOTIC_TRANSPORT (GO_BP),1,38,6.461241965319266,0.14776250849282335,ABCB5,0.28422152555255514,GO_BP
GOCC_CLATHRIN_COAT (GO_CC),1,38,6.461241965319266,0.14776250849282335,KCNQ5,0.28422152555255514,GO_CC
GOCC_H4_HISTONE_ACETYLTRANSFERASE_COMPLEX (GO_CC),1,38,6.461241965319266,0.14776250849282335,ACTB,0.28422152555255514,GO_CC
GOCC_SARCOPLASMIC_RETICULUM_MEMBRANE (GO_CC),1,38,6.461241965319266,0.14776250849282335,RYR2,0.28422152555255514,GO_CC
GOMF_HSP90_PROTEIN_BINDING (GO_MF),1,38,6.461241965319266,0.14776250849282335,NPAS2,0.28422152555255514,GO_MF
REACTOME_DNA_DAMAGE_RECOGNITION_IN_GG_NER (Reactome),1,38,6.461241965319266,0.14776250849282335,ACTB,0.28422152555255514,Reactome
GOMF_GTPASE_ACTIVITY (GO_MF),3,317,2.301899023474536,0.14860463147958908,GNAL;RGS6;TUBA1B,0.28557814539401694,GO_MF
GOBP_REGULATION_OF_CYTOSKELETON_ORGANIZATION (GO_BP),4,488,1.9965917852522428,0.1495687049425931,SLAIN1;DLC1;NRP1;EPHA5,0.28690246986690426,GO_BP
GOBP_SMALL_MOLECULE_BIOSYNTHETIC_PROCESS (GO_BP),4,488,1.9965917852522428,0.1495687049425931,SLC1A3;GLUD1;FOXO1;PLCG2,0.28690246986690426,GO_BP
GOBP_HORMONE_MEDIATED_SIGNALING_PATHWAY (GO_BP),2,164,2.964462897296549,0.15112530803105675,RARB;FOXP1,0.28766286420348497,GO_BP
GOBP_ANDROGEN_RECEPTOR_SIGNALING_PATHWAY (GO_BP),1,39,6.2909797127266005,0.1513434714400702,FOXP1,0.28766286420348497,GO_BP
GOBP_EYE_PHOTORECEPTOR_CELL_DIFFERENTIATION (GO_BP),1,39,6.2909797127266005,0.1513434714400702,DSCAM,0.28766286420348497,GO_BP
GOBP_GLANDULAR_EPITHELIAL_CELL_DIFFERENTIATION (GO_BP),1,39,6.2909797127266005,0.1513434714400702,RARB,0.28766286420348497,GO_BP
GOBP_INTERLEUKIN_10_PRODUCTION (GO_BP),1,39,6.2909797127266005,0.1513434714400702,PLCG2,0.28766286420348497,GO_BP
GOBP_NEGATIVE_REGULATION_OF_CATION_CHANNEL_ACTIVITY (GO_BP),1,39,6.2909797127266005,0.1513434714400702,CALM2,0.28766286420348497,GO_BP
GOBP_REGULATION_OF_CALCIUM_ION_DEPENDENT_EXOCYTOSIS (GO_BP),1,39,6.2909797127266005,0.1513434714400702,SYT4,0.28766286420348497,GO_BP
GOBP_REGULATION_OF_PLATELET_ACTIVATION (GO_BP),1,39,6.2909797127266005,0.1513434714400702,PRKG1,0.28766286420348497,GO_BP
GOBP_VENTRICULAR_CARDIAC_MUSCLE_TISSUE_DEVELOPMENT (GO_BP),1,39,6.2909797127266005,0.1513434714400702,RYR2,0.28766286420348497,GO_BP
GOMF_EXTRACELLULAR_MATRIX_STRUCTURAL_CONSTITUENT_CONFERRING_TENSILE_STRENGTH (GO_MF),1,39,6.2909797127266005,0.1513434714400702,COL25A1,0.28766286420348497,GO_MF
GOMF_AMIDE_BINDING (GO_MF),3,322,2.26540575045377,0.15354986976386922,RYR2;COL25A1;GPR149,0.29071732868524647,GO_MF
GOBP_NEGATIVE_REGULATION_OF_COAGULATION (GO_BP),1,40,6.129445489455228,0.15490952036641548,PRKG1,0.29071732868524647,GO_BP
GOBP_NEGATIVE_REGULATION_OF_LEUKOCYTE_APOPTOTIC_PROCESS (GO_BP),1,40,6.129445489455228,0.15490952036641548,FOXP1,0.29071732868524647,GO_BP
GOBP_NEUROTRANSMITTER_UPTAKE (GO_BP),1,40,6.129445489455228,0.15490952036641548,SLC1A3,0.29071732868524647,GO_BP
GOBP_REGULATION_OF_PROTEIN_AUTOPHOSPHORYLATION (GO_BP),1,40,6.129445489455228,0.15490952036641548,CALM2,0.29071732868524647,GO_BP
GOBP_RESPONSE_TO_ANTIBIOTIC (GO_BP),1,40,6.129445489455228,0.15490952036641548,SLC1A3,0.29071732868524647,GO_BP
GOBP_RESPONSE_TO_COCAINE (GO_BP),1,40,6.129445489455228,0.15490952036641548,SLC1A3,0.29071732868524647,GO_BP
GOBP_SEMAPHORIN_PLEXIN_SIGNALING_PATHWAY (GO_BP),1,40,6.129445489455228,0.15490952036641548,NRP1,0.29071732868524647,GO_BP
GOBP_VITAMIN_TRANSPORT (GO_BP),1,40,6.129445489455228,0.15490952036641548,SLC35F3,0.29071732868524647,GO_BP
GOCC_IMMUNOLOGICAL_SYNAPSE (GO_CC),1,40,6.129445489455228,0.15490952036641548,ALCAM,0.29071732868524647,GO_CC
GOCC_INTRINSIC_COMPONENT_OF_SYNAPTIC_VESICLE_MEMBRANE (GO_CC),1,40,6.129445489455228,0.15490952036641548,SYT4,0.29071732868524647,GO_CC
GOMF_ACETYLGLUCOSAMINYLTRANSFERASE_ACTIVITY (GO_MF),1,40,6.129445489455228,0.15490952036641548,MGAT4C,0.29071732868524647,GO_MF
REACTOME_DEACTIVATION_OF_THE_BETA_CATENIN_TRANSACTIVATING_COMPLEX (Reactome),1,40,6.129445489455228,0.15490952036641548,TLE4,0.29071732868524647,Reactome
REACTOME_RHOF_GTPASE_CYCLE (Reactome),1,40,6.129445489455228,0.15490952036641548,ACTB,0.29071732868524647,Reactome
GOBP_SENSORY_PERCEPTION (GO_BP),4,495,1.9676075061208447,0.15503995535538062,GNAL;SLC1A3;LHFPL3;CNTN5,0.29071732868524647,GO_BP
GOBP_MYELOID_LEUKOCYTE_ACTIVATION (GO_BP),2,167,2.91024492220475,0.15550377866724796,FOXP1;PLCG2,0.2908032133320309,GO_BP
GOBP_POSITIVE_REGULATION_OF_PEPTIDASE_ACTIVITY (GO_BP),2,167,2.91024492220475,0.15550377866724796,DLC1;ROBO1,0.2908032133320309,GO_BP
GOBP_REGULATION_OF_MYELOID_CELL_DIFFERENTIATION (GO_BP),2,167,2.91024492220475,0.15550377866724796,MEIS2;FOXP1,0.2908032133320309,GO_BP
GOBP_POSITIVE_REGULATION_OF_TRANSFERASE_ACTIVITY (GO_BP),4,496,1.9635344219313917,0.1558277475287273,CALM2;RELN;EPHA5;ROBO1,0.29114817286701333,GO_BP
GOCC_RUFFLE (GO_CC),2,169,2.8751824847760865,0.15843637871261335,DLC1;PLCG2,0.29204555487092543,GO_CC
GOBP_CALCINEURIN_MEDIATED_SIGNALING (GO_BP),1,41,5.976025705914847,0.15846071683358276,PLCG2,0.29204555487092543,GO_BP
GOBP_CARDIAC_MUSCLE_TISSUE_MORPHOGENESIS (GO_BP),1,41,5.976025705914847,0.15846071683358276,RYR2,0.29204555487092543,GO_BP
GOBP_CORONARY_VASCULATURE_DEVELOPMENT (GO_BP),1,41,5.976025705914847,0.15846071683358276,NRP1,0.29204555487092543,GO_BP
GOBP_NEGATIVE_REGULATION_OF_AXON_EXTENSION (GO_BP),1,41,5.976025705914847,0.15846071683358276,NRP1,0.29204555487092543,GO_BP
GOBP_POSITIVE_REGULATION_OF_ATP_DEPENDENT_ACTIVITY (GO_BP),1,41,5.976025705914847,0.15846071683358276,RYR2,0.29204555487092543,GO_BP
GOBP_REGULATION_OF_LONG_TERM_SYNAPTIC_POTENTIATION (GO_BP),1,41,5.976025705914847,0.15846071683358276,RELN,0.29204555487092543,GO_BP
GOBP_REGULATION_OF_LYASE_ACTIVITY (GO_BP),1,41,5.976025705914847,0.15846071683358276,GRM3,0.29204555487092543,GO_BP
GOMF_CORE_PROMOTER_SEQUENCE_SPECIFIC_DNA_BINDING (GO_MF),1,41,5.976025705914847,0.15846071683358276,FOXP1,0.29204555487092543,GO_MF
REACTOME_AGGREPHAGY (Reactome),1,41,5.976025705914847,0.15846071683358276,TUBA1B,0.29204555487092543,Reactome
REACTOME_CARBOXYTERMINAL_POST_TRANSLATIONAL_MODIFICATIONS_OF_TUBULIN (Reactome),1,41,5.976025705914847,0.15846071683358276,TUBA1B,0.29204555487092543,Reactome
REACTOME_GABA_B_RECEPTOR_ACTIVATION (Reactome),1,41,5.976025705914847,0.15846071683358276,GNAL,0.29204555487092543,Reactome
REACTOME_SIGNALING_BY_MODERATE_KINASE_ACTIVITY_BRAF_MUTANTS (Reactome),1,41,5.976025705914847,0.15846071683358276,ACTB,0.29204555487092543,Reactome
REACTOME_SIGNALING_BY_RETINOIC_ACID (Reactome),1,41,5.976025705914847,0.15846071683358276,RARB,0.29204555487092543,Reactome
REACTOME_VOLTAGE_GATED_POTASSIUM_CHANNELS (Reactome),1,41,5.976025705914847,0.15846071683358276,KCNQ5,0.29204555487092543,Reactome
GOBP_REGULATION_OF_CELLULAR_COMPONENT_SIZE (GO_BP),3,327,2.22997230092302,0.15854701182020053,DCC;NRP1;DSCAM,0.29204555487092543,GO_BP
GOBP_CELLULAR_RESPONSE_TO_HORMONE_STIMULUS (GO_BP),4,500,1.947407048884913,0.15899410544899542,RARB;FOXP1;ROBO2;FOXO1,0.2926108448607173,GO_BP
GOMF_HEXOSYLTRANSFERASE_ACTIVITY (GO_MF),2,170,2.857964482859924,0.15990662109867454,MGAT4C;CHSY3,0.294030941174391,GO_MF
GOBP_PROTEIN_HOMOOLIGOMERIZATION (GO_BP),2,171,2.8409503298956826,0.16137942874798722,KCTD16;PEG10,0.2942454255266349,GO_BP
HALLMARK_IL2_STAT5_SIGNALING (Hallmark),2,171,2.8409503298956826,0.16137942874798722,ALCAM;NRP1,0.2942454255266349,Hallmark
GOBP_AMINO_ACID_IMPORT_ACROSS_PLASMA_MEMBRANE (GO_BP),1,42,5.830090146910102,0.1619971221514631,SLC1A3,0.2942454255266349,GO_BP
GOBP_NEGATIVE_REGULATION_OF_FAT_CELL_DIFFERENTIATION (GO_BP),1,42,5.830090146910102,0.1619971221514631,FOXO1,0.2942454255266349,GO_BP
GOBP_NEURON_MATURATION (GO_BP),1,42,5.830090146910102,0.1619971221514631,CNTNAP2,0.2942454255266349,GO_BP
GOBP_POSITIVE_REGULATION_OF_ANION_TRANSPORT (GO_BP),1,42,5.830090146910102,0.1619971221514631,SYT4,0.2942454255266349,GO_BP
GOBP_POSITIVE_REGULATION_OF_REGULATED_SECRETORY_PATHWAY (GO_BP),1,42,5.830090146910102,0.1619971221514631,SYT4,0.2942454255266349,GO_BP
GOBP_REGULATION_OF_PEPTIDYL_THREONINE_PHOSPHORYLATION (GO_BP),1,42,5.830090146910102,0.1619971221514631,CALM2,0.2942454255266349,GO_BP
GOCC_MYELIN_SHEATH (GO_CC),1,42,5.830090146910102,0.1619971221514631,CALM2,0.2942454255266349,GO_CC
GOMF_KINESIN_BINDING (GO_MF),1,42,5.830090146910102,0.1619971221514631,ACTB,0.2942454255266349,GO_MF
GOMF_PHOSPHOTYROSINE_RESIDUE_BINDING (GO_MF),1,42,5.830090146910102,0.1619971221514631,PLCG2,0.2942454255266349,GO_MF
REACTOME_ASSEMBLY_AND_CELL_SURFACE_PRESENTATION_OF_NMDA_RECEPTORS (Reactome),1,42,5.830090146910102,0.1619971221514631,TUBA1B,0.2942454255266349,Reactome
REACTOME_COLLAGEN_CHAIN_TRIMERIZATION (Reactome),1,42,5.830090146910102,0.1619971221514631,COL25A1,0.2942454255266349,Reactome
REACTOME_EPHB_MEDIATED_FORWARD_SIGNALING (Reactome),1,42,5.830090146910102,0.1619971221514631,ACTB,0.2942454255266349,Reactome
GOBP_REGULATION_OF_HEART_CONTRACTION (GO_BP),2,172,2.8241364138431138,0.16285475485564496,RYR2;CALM2,0.2955459768554183,GO_BP
GOBP_REGULATION_OF_PROTEIN_SERINE_THREONINE_KINASE_ACTIVITY (GO_BP),3,332,2.1958389249410915,0.16359417045727073,ACTB;CALM2;ROBO1,0.2966299163721321,GO_BP
GOBP_CELL_CYCLE_DNA_REPLICATION (GO_BP),1,43,5.691106748348061,0.16551879737913577,DACH1,0.2988215658566231,GO_BP
GOBP_FC_RECEPTOR_SIGNALING_PATHWAY (GO_BP),1,43,5.691106748348061,0.16551879737913577,PLCG2,0.2988215658566231,GO_BP
GOBP_FOREBRAIN_GENERATION_OF_NEURONS (GO_BP),1,43,5.691106748348061,0.16551879737913577,NRP1,0.2988215658566231,GO_BP
GOBP_SODIUM_ION_HOMEOSTASIS (GO_BP),1,43,5.691106748348061,0.16551879737913577,SLC1A3,0.2988215658566231,GO_BP
GOMF_TAU_PROTEIN_BINDING (GO_MF),1,43,5.691106748348061,0.16551879737913577,ACTB,0.2988215658566231,GO_MF
GOBP_ACTOMYOSIN_STRUCTURE_ORGANIZATION (GO_BP),2,175,2.7748612245148516,0.1672953809836699,DLC1;NRP1,0.300730478722181,GO_BP
GOBP_LOCOMOTORY_BEHAVIOR (GO_BP),2,175,2.7748612245148516,0.1672953809836699,RELN;DSCAM,0.300730478722181,GO_BP
GOBP_POSITIVE_REGULATION_OF_PROTEOLYSIS (GO_BP),3,336,2.1690819858507324,0.16766664505809079,DLC1;ROBO1;SPON1,0.300730478722181,GO_BP
GOBP_REGULATION_OF_SYNAPTIC_PLASTICITY (GO_BP),2,176,2.7588137965368986,0.16878031966712057,RELN;SYT4,0.300730478722181,GO_BP
REACTOME_TRANSPORT_TO_THE_GOLGI_AND_SUBSEQUENT_MODIFICATION (Reactome),2,176,2.7588137965368986,0.16878031966712057,MGAT4C;TUBA1B,0.300730478722181,Reactome
GOBP_DEVELOPMENTAL_PIGMENTATION (GO_BP),1,44,5.558588810660076,0.16902580332588324,LRMDA,0.300730478722181,GO_BP
GOBP_ESTABLISHMENT_OF_PROTEIN_LOCALIZATION_TO_ENDOPLASMIC_RETICULUM (GO_BP),1,44,5.558588810660076,0.16902580332588324,RYR2,0.300730478722181,GO_BP
GOBP_NEGATIVE_REGULATION_OF_SMOOTH_MUSCLE_CELL_PROLIFERATION (GO_BP),1,44,5.558588810660076,0.16902580332588324,PRKG1,0.300730478722181,GO_BP
GOBP_POSITIVE_REGULATION_OF_CALCIUM_ION_TRANSPORT_INTO_CYTOSOL (GO_BP),1,44,5.558588810660076,0.16902580332588324,CALM2,0.300730478722181,GO_BP
GOBP_POSITIVE_REGULATION_OF_PHAGOCYTOSIS (GO_BP),1,44,5.558588810660076,0.16902580332588324,PLCG2,0.300730478722181,GO_BP
GOBP_REACTIVE_OXYGEN_SPECIES_BIOSYNTHETIC_PROCESS (GO_BP),1,44,5.558588810660076,0.16902580332588324,PLCG2,0.300730478722181,GO_BP
GOBP_REGULATION_OF_GLUCONEOGENESIS (GO_BP),1,44,5.558588810660076,0.16902580332588324,FOXO1,0.300730478722181,GO_BP
GOBP_REGULATION_OF_LYMPHOCYTE_APOPTOTIC_PROCESS (GO_BP),1,44,5.558588810660076,0.16902580332588324,FOXP1,0.300730478722181,GO_BP
GOBP_REGULATION_OF_MICROTUBULE_BASED_MOVEMENT (GO_BP),1,44,5.558588810660076,0.16902580332588324,CALY,0.300730478722181,GO_BP
GOCC_CHLORIDE_CHANNEL_COMPLEX (GO_CC),1,44,5.558588810660076,0.16902580332588324,GABRB1,0.300730478722181,GO_CC
KEGG_ABC_TRANSPORTERS (KEGG),1,44,5.558588810660076,0.16902580332588324,ABCB5,0.300730478722181,KEGG
REACTOME_HEME_SIGNALING (Reactome),1,44,5.558588810660076,0.16902580332588324,NPAS2,0.300730478722181,Reactome
GOBP_POSITIVE_REGULATION_OF_CYTOSKELETON_ORGANIZATION (GO_BP),2,178,2.727205001832187,0.17175702077602398,SLAIN1;NRP1,0.3043495220223641,GO_BP
GOBP_ENDOCHONDRAL_BONE_MORPHOGENESIS (GO_BP),1,45,5.432894945779645,0.17251820055220735,RARB,0.3043495220223641,GO_BP
GOBP_GLIAL_CELL_MIGRATION (GO_BP),1,45,5.432894945779645,0.17251820055220735,RELN,0.3043495220223641,GO_BP
GOBP_INOSITOL_PHOSPHATE_MEDIATED_SIGNALING (GO_BP),1,45,5.432894945779645,0.17251820055220735,PLCG2,0.3043495220223641,GO_BP
GOBP_NEGATIVE_REGULATION_OF_REPRODUCTIVE_PROCESS (GO_BP),1,45,5.432894945779645,0.17251820055220735,GPR149,0.3043495220223641,GO_BP
GOBP_NEUTRAL_AMINO_ACID_TRANSPORT (GO_BP),1,45,5.432894945779645,0.17251820055220735,SLC1A3,0.3043495220223641,GO_BP
GOBP_POSITIVE_REGULATION_OF_TOR_SIGNALING (GO_BP),1,45,5.432894945779645,0.17251820055220735,RELN,0.3043495220223641,GO_BP
GOBP_REGULATION_OF_INSULIN_SECRETION_INVOLVED_IN_CELLULAR_RESPONSE_TO_GLUCOSE_STIMULUS (GO_BP),1,45,5.432894945779645,0.17251820055220735,EPHA5,0.3043495220223641,GO_BP
GOBP_VISUAL_BEHAVIOR (GO_BP),1,45,5.432894945779645,0.17251820055220735,MEIS2,0.3043495220223641,GO_BP
GOMF_NEUROTRANSMITTER_RECEPTOR_ACTIVITY_INVOLVED_IN_REGULATION_OF_POSTSYNAPTIC_MEMBRANE_POTENTIAL (GO_MF),1,45,5.432894945779645,0.17251820055220735,GABRB1,0.3043495220223641,GO_MF
GOBP_POSITIVE_REGULATION_OF_PROTEIN_KINASE_ACTIVITY (GO_BP),3,342,2.1301745880502865,0.17383102145182366,CALM2;RELN;ROBO1,0.3064065386570574,GO_BP
GOBP_DOPAMINE_TRANSPORT (GO_BP),1,46,5.312041667750548,0.17599604937083413,SYT4,0.3083994584692954,GO_BP
GOBP_METAL_ION_EXPORT (GO_BP),1,46,5.312041667750548,0.17599604937083413,CALM2,0.3083994584692954,GO_BP
GOBP_NEGATIVE_REGULATION_OF_STRESS_ACTIVATED_PROTEIN_KINASE_SIGNALING_CASCADE (GO_BP),1,46,5.312041667750548,0.17599604937083413,FOXO1,0.3083994584692954,GO_BP
GOBP_POSITIVE_REGULATION_OF_WOUND_HEALING (GO_BP),1,46,5.312041667750548,0.17599604937083413,SMOC2,0.3083994584692954,GO_BP
GOBP_PURINE_NUCLEOTIDE_CATABOLIC_PROCESS (GO_BP),1,46,5.312041667750548,0.17599604937083413,PDE7B,0.3083994584692954,GO_BP
GOBP_RESPONSE_TO_CHEMOKINE (GO_BP),1,46,5.312041667750548,0.17599604937083413,ROBO1,0.3083994584692954,GO_BP
GOMF_SULFOTRANSFERASE_ACTIVITY (GO_MF),1,46,5.312041667750548,0.17599604937083413,HS6ST3,0.3083994584692954,GO_MF
GOBP_REGULATION_OF_SUPRAMOLECULAR_FIBER_ORGANIZATION (GO_BP),3,345,2.1112437417201315,0.17693738563657607,SLAIN1;DLC1;NRP1,0.3097888622680656,GO_BP
GOBP_BONE_DEVELOPMENT (GO_BP),2,182,2.6662473332205296,0.17773647537502568,RARB;FOXP1,0.3104067147344591,GO_BP
GOBP_DNA_BIOSYNTHETIC_PROCESS (GO_BP),2,182,2.6662473332205296,0.17773647537502568,DACH1;SMOC2,0.3104067147344591,GO_BP
GOMF_VOLTAGE_GATED_CHANNEL_ACTIVITY (GO_MF),2,182,2.6662473332205296,0.17773647537502568,KCNIP4;KCNQ5,0.3104067147344591,GO_MF
GOBP_GLYCOPROTEIN_METABOLIC_PROCESS (GO_BP),3,346,2.1050079750846993,0.17797632287907644,MGAT4C;CHSY3;HS6ST3,0.31055703843465426,GO_BP
GOBP_VESICLE_LOCALIZATION (GO_BP),2,183,2.6514273501134817,0.17923651153280962,SYT4;SYN2,0.31055703843465426,GO_BP
GOCC_TRANSPORT_VESICLE_MEMBRANE (GO_CC),2,183,2.6514273501134817,0.17923651153280962,SYT4;SYN2,0.31055703843465426,GO_CC
GOBP_ESTABLISHMENT_OR_MAINTENANCE_OF_BIPOLAR_CELL_POLARITY (GO_BP),1,47,5.196422281381638,0.17945940984772069,PARD3B,0.31055703843465426,GO_BP
GOBP_PHOSPHOLIPID_CATABOLIC_PROCESS (GO_BP),1,47,5.196422281381638,0.17945940984772069,PLCG2,0.31055703843465426,GO_BP
GOBP_POSITIVE_CHEMOTAXIS (GO_BP),1,47,5.196422281381638,0.17945940984772069,NRP1,0.31055703843465426,GO_BP
GOBP_RIBONUCLEOTIDE_CATABOLIC_PROCESS (GO_BP),1,47,5.196422281381638,0.17945940984772069,PDE7B,0.31055703843465426,GO_BP
GOBP_VASCULAR_ASSOCIATED_SMOOTH_MUSCLE_CELL_PROLIFERATION (GO_BP),1,47,5.196422281381638,0.17945940984772069,PRKG1,0.31055703843465426,GO_BP
REACTOME_CHONDROITIN_SULFATE_DERMATAN_SULFATE_METABOLISM (Reactome),1,47,5.196422281381638,0.17945940984772069,CHSY3,0.31055703843465426,Reactome
REACTOME_INOSITOL_PHOSPHATE_METABOLISM (Reactome),1,47,5.196422281381638,0.17945940984772069,PLCG2,0.31055703843465426,Reactome
REACTOME_NOTCH1_INTRACELLULAR_DOMAIN_REGULATES_TRANSCRIPTION (Reactome),1,47,5.196422281381638,0.17945940984772069,TLE4,0.31055703843465426,Reactome
GOBP_POSITIVE_REGULATION_OF_PROTEIN_SERINE_THREONINE_KINASE_ACTIVITY (GO_BP),2,185,2.6222712733267,0.1822424898433991,CALM2;ROBO1,0.31187067756779074,GO_BP
GOBP_SKIN_DEVELOPMENT (GO_BP),2,185,2.6222712733267,0.1822424898433991,FRAS1;LDB2,0.31187067756779074,GO_BP
KEGG_FOCAL_ADHESION (KEGG),2,185,2.6222712733267,0.1822424898433991,ACTB;RELN,0.31187067756779074,KEGG
GOBP_ACTIVATION_OF_INNATE_IMMUNE_RESPONSE (GO_BP),1,48,5.0855579144375485,0.18290834180305504,PLCG2,0.31187067756779074,GO_BP
GOBP_ANTEROGRADE_AXONAL_TRANSPORT (GO_BP),1,48,5.0855579144375485,0.18290834180305504,CALY,0.31187067756779074,GO_BP
GOBP_BIOLOGICAL_PROCESS_INVOLVED_IN_INTRASPECIES_INTERACTION_BETWEEN_ORGANISMS (GO_BP),1,48,5.0855579144375485,0.18290834180305504,CNTNAP2,0.31187067756779074,GO_BP
GOBP_POSITIVE_REGULATION_OF_BLOOD_VESSEL_ENDOTHELIAL_CELL_MIGRATION (GO_BP),1,48,5.0855579144375485,0.18290834180305504,NRP1,0.31187067756779074,GO_BP
GOBP_POSITIVE_REGULATION_OF_DNA_BINDING (GO_BP),1,48,5.0855579144375485,0.18290834180305504,CALM2,0.31187067756779074,GO_BP
GOBP_POSITIVE_REGULATION_OF_PROTEIN_TYROSINE_KINASE_ACTIVITY (GO_BP),1,48,5.0855579144375485,0.18290834180305504,RELN,0.31187067756779074,GO_BP
GOBP_POSITIVE_REGULATION_OF_STRESS_FIBER_ASSEMBLY (GO_BP),1,48,5.0855579144375485,0.18290834180305504,NRP1,0.31187067756779074,GO_BP
GOBP_POSITIVE_REGULATION_OF_TYPE_I_INTERFERON_PRODUCTION (GO_BP),1,48,5.0855579144375485,0.18290834180305504,PLCG2,0.31187067756779074,GO_BP
GOBP_REGULATION_OF_ACTION_POTENTIAL (GO_BP),1,48,5.0855579144375485,0.18290834180305504,RYR2,0.31187067756779074,GO_BP
GOBP_REGULATION_OF_DNA_DEPENDENT_DNA_REPLICATION (GO_BP),1,48,5.0855579144375485,0.18290834180305504,DACH1,0.31187067756779074,GO_BP
GOBP_VASCULAR_ENDOTHELIAL_GROWTH_FACTOR_RECEPTOR_SIGNALING_PATHWAY (GO_BP),1,48,5.0855579144375485,0.18290834180305504,NRP1,0.31187067756779074,GO_BP
GOCC_SNARE_COMPLEX (GO_CC),1,48,5.0855579144375485,0.18290834180305504,SYN2,0.31187067756779074,GO_CC
GOMF_EXTRACELLULAR_MATRIX_BINDING (GO_MF),1,48,5.0855579144375485,0.18290834180305504,SMOC2,0.31187067756779074,GO_MF
GOMF_PROTEIN_SERINE_THREONINE_KINASE_ACTIVATOR_ACTIVITY (GO_MF),1,48,5.0855579144375485,0.18290834180305504,CALM2,0.31187067756779074,GO_MF
KEGG_VIRAL_MYOCARDITIS (KEGG),1,48,5.0855579144375485,0.18290834180305504,ACTB,0.31187067756779074,KEGG
GOBP_PHAGOCYTOSIS (GO_BP),2,187,2.5937428101914985,0.18525606090065286,GULP1;PLCG2,0.31388026016397974,GO_BP
GOBP_REACTIVE_OXYGEN_SPECIES_METABOLIC_PROCESS (GO_BP),2,187,2.5937428101914985,0.18525606090065286,FOXO1;PLCG2,0.31388026016397974,GO_BP
GOBP_CARDIAC_MUSCLE_CELL_ACTION_POTENTIAL_INVOLVED_IN_CONTRACTION (GO_BP),1,49,4.9788908385454045,0.18634290481225246,RYR2,0.31388026016397974,GO_BP
GOBP_NEGATIVE_REGULATION_OF_CALCIUM_ION_TRANSPORT (GO_BP),1,49,4.9788908385454045,0.18634290481225246,CALM2,0.31388026016397974,GO_BP
GOBP_NEURAL_CREST_CELL_MIGRATION (GO_BP),1,49,4.9788908385454045,0.18634290481225246,NRP1,0.31388026016397974,GO_BP
GOBP_NEURON_PROJECTION_REGENERATION (GO_BP),1,49,4.9788908385454045,0.18634290481225246,GAP43,0.31388026016397974,GO_BP
GOBP_POSITIVE_REGULATION_OF_CELLULAR_CARBOHYDRATE_METABOLIC_PROCESS (GO_BP),1,49,4.9788908385454045,0.18634290481225246,FOXO1,0.31388026016397974,GO_BP
GOBP_POSITIVE_REGULATION_OF_CELL_MATRIX_ADHESION (GO_BP),1,49,4.9788908385454045,0.18634290481225246,NRP1,0.31388026016397974,GO_BP
GOBP_POSITIVE_REGULATION_OF_RECEPTOR_MEDIATED_ENDOCYTOSIS (GO_BP),1,49,4.9788908385454045,0.18634290481225246,PLCG2,0.31388026016397974,GO_BP
GOBP_REGULATION_OF_MUSCLE_HYPERTROPHY (GO_BP),1,49,4.9788908385454045,0.18634290481225246,FOXO1,0.31388026016397974,GO_BP
GOBP_REGULATION_OF_NEURONAL_SYNAPTIC_PLASTICITY (GO_BP),1,49,4.9788908385454045,0.18634290481225246,SYT4,0.31388026016397974,GO_BP
GOBP_SKELETAL_MUSCLE_CELL_DIFFERENTIATION (GO_BP),1,49,4.9788908385454045,0.18634290481225246,RBFOX1,0.31388026016397974,GO_BP
GOCC_PHOSPHATASE_COMPLEX (GO_CC),1,49,4.9788908385454045,0.18634290481225246,PPP2R2C,0.31388026016397974,GO_CC
GOMF_ABC_TYPE_TRANSPORTER_ACTIVITY (GO_MF),1,49,4.9788908385454045,0.18634290481225246,ABCB5,0.31388026016397974,GO_MF
REACTOME_TRANSLATION_OF_SARS_COV_2_STRUCTURAL_PROTEINS (Reactome),1,49,4.9788908385454045,0.18634290481225246,MGAT4C,0.31388026016397974,Reactome
GOBP_REGULATION_OF_CELL_SUBSTRATE_ADHESION (GO_BP),2,188,2.579707565551677,0.18676558916955546,DLC1;NRP1,0.3140852414156827,GO_BP
GOBP_RNA_LOCALIZATION (GO_BP),2,188,2.579707565551677,0.18676558916955546,PEG10;RBFOX1,0.3140852414156827,GO_BP
GOBP_CALCIUM_ION_TRANSPORT (GO_BP),3,357,2.0386921016102955,0.18951468105280792,RYR2;CALM2;PLCG2,0.3153150566703044,GO_BP
GOCC_GOLGI_APPARATUS_SUBCOMPARTMENT (GO_CC),3,357,2.0386921016102955,0.18951468105280792,CALN1;RBFOX1;CHSY3,0.3153150566703044,GO_CC
GOMF_DNA_BINDING_TRANSCRIPTION_ACTIVATOR_ACTIVITY (GO_MF),3,357,2.0386921016102955,0.18951468105280792,MEIS2;ETV1;FOXO1,0.3153150566703044,GO_MF
GOBP_AMINO_ACID_IMPORT (GO_BP),1,50,4.876407922334167,0.1897631582069489,SLC1A3,0.3153150566703044,GO_BP
GOBP_CATECHOLAMINE_SECRETION (GO_BP),1,50,4.876407922334167,0.1897631582069489,SYT4,0.3153150566703044,GO_BP
GOBP_INTERLEUKIN_2_PRODUCTION (GO_BP),1,50,4.876407922334167,0.1897631582069489,PLCG2,0.3153150566703044,GO_BP
GOBP_OVARIAN_FOLLICLE_DEVELOPMENT (GO_BP),1,50,4.876407922334167,0.1897631582069489,GPR149,0.3153150566703044,GO_BP
GOBP_PLATELET_DERIVED_GROWTH_FACTOR_RECEPTOR_SIGNALING_PATHWAY (GO_BP),1,50,4.876407922334167,0.1897631582069489,NRP1,0.3153150566703044,GO_BP
GOBP_POSITIVE_REGULATION_OF_CELL_CYCLE_G1_S_PHASE_TRANSITION (GO_BP),1,50,4.876407922334167,0.1897631582069489,PLCG2,0.3153150566703044,GO_BP
GOBP_REGULATION_OF_MORPHOGENESIS_OF_AN_EPITHELIUM (GO_BP),1,50,4.876407922334167,0.1897631582069489,FOXP1,0.3153150566703044,GO_BP
GOBP_RETINA_MORPHOGENESIS_IN_CAMERA_TYPE_EYE (GO_BP),1,50,4.876407922334167,0.1897631582069489,DSCAM,0.3153150566703044,GO_BP
GOMF_CALCIUM_DEPENDENT_PHOSPHOLIPID_BINDING (GO_MF),1,50,4.876407922334167,0.1897631582069489,SYT4,0.3153150566703044,GO_MF
GOMF_NUCLEAR_RECEPTOR_ACTIVITY (GO_MF),1,50,4.876407922334167,0.1897631582069489,RARB,0.3153150566703044,GO_MF
GOMF_POTASSIUM_CHANNEL_REGULATOR_ACTIVITY (GO_MF),1,50,4.876407922334167,0.1897631582069489,KCNIP4,0.3153150566703044,GO_MF
REACTOME_COPI_INDEPENDENT_GOLGI_TO_ER_RETROGRADE_TRAFFIC (Reactome),1,50,4.876407922334167,0.1897631582069489,TUBA1B,0.3153150566703044,Reactome
GOBP_CELL_FATE_COMMITMENT (GO_BP),2,192,2.5249635657153253,0.19282102777145185,GAP43;NRP1,0.31869094005184545,GO_BP
GOBP_GLUTAMATE_RECEPTOR_SIGNALING_PATHWAY (GO_BP),1,51,4.779076666439397,0.1931691610759868,GRM3,0.31869094005184545,GO_BP
GOBP_LIPOPOLYSACCHARIDE_MEDIATED_SIGNALING_PATHWAY (GO_BP),1,51,4.779076666439397,0.1931691610759868,PLCG2,0.31869094005184545,GO_BP
GOBP_PURINE_CONTAINING_COMPOUND_CATABOLIC_PROCESS (GO_BP),1,51,4.779076666439397,0.1931691610759868,PDE7B,0.31869094005184545,GO_BP
GOBP_REGULATION_OF_PHOSPHOPROTEIN_PHOSPHATASE_ACTIVITY (GO_BP),1,51,4.779076666439397,0.1931691610759868,CALM2,0.31869094005184545,GO_BP
GOBP_SYNAPTIC_VESICLE_LOCALIZATION (GO_BP),1,51,4.779076666439397,0.1931691610759868,SYN2,0.31869094005184545,GO_BP
GOCC_ANCHORED_COMPONENT_OF_PLASMA_MEMBRANE (GO_CC),1,51,4.779076666439397,0.1931691610759868,CNTN5,0.31869094005184545,GO_CC
REACTOME_NUCLEAR_RECEPTOR_TRANSCRIPTION_PATHWAY (Reactome),1,51,4.779076666439397,0.1931691610759868,RARB,0.31869094005184545,Reactome
REACTOME_SENSORY_PROCESSING_OF_SOUND_BY_OUTER_HAIR_CELLS_OF_THE_COCHLEA (Reactome),1,51,4.779076666439397,0.1931691610759868,ACTB,0.31869094005184545,Reactome
REACTOME_LEISHMANIA_INFECTION (Reactome),2,193,2.5116017307472718,0.19433901628316044,ACTB;PLCG2,0.320367714836458,Reactome
GOMF_G_PROTEIN_COUPLED_RECEPTOR_ACTIVITY (GO_MF),3,362,2.0100967943680503,0.19482276029984597,GPR149;GRM3;ADGRL2,0.3209116817251606,GO_MF
GOBP_GLIAL_CELL_DIFFERENTIATION (GO_BP),2,194,2.498386684173063,0.1958585763933702,GAP43;RELN,0.3214911826959129,GO_BP
GOBP_MUSCLE_ORGAN_MORPHOGENESIS (GO_BP),1,52,4.6853679439173614,0.1965609722664039,RYR2,0.3214911826959129,GO_BP
GOBP_REGULATION_OF_ANTIGEN_RECEPTOR_MEDIATED_SIGNALING_PATHWAY (GO_BP),1,52,4.6853679439173614,0.1965609722664039,FOXP1,0.3214911826959129,GO_BP
GOBP_RESPONSE_TO_FATTY_ACID (GO_BP),1,52,4.6853679439173614,0.1965609722664039,FOXO1,0.3214911826959129,GO_BP
GOBP_SULFUR_COMPOUND_TRANSPORT (GO_BP),1,52,4.6853679439173614,0.1965609722664039,SLC35F3,0.3214911826959129,GO_BP
REACTOME_COLLAGEN_DEGRADATION (Reactome),1,52,4.6853679439173614,0.1965609722664039,COL25A1,0.3214911826959129,Reactome
REACTOME_HEPARAN_SULFATE_HEPARIN_HS_GAG_METABOLISM (Reactome),1,52,4.6853679439173614,0.1965609722664039,HS6ST3,0.3214911826959129,Reactome
REACTOME_INTRAFLAGELLAR_TRANSPORT (Reactome),1,52,4.6853679439173614,0.1965609722664039,TUBA1B,0.3214911826959129,Reactome
REACTOME_ION_HOMEOSTASIS (Reactome),1,52,4.6853679439173614,0.1965609722664039,RYR2,0.3214911826959129,Reactome
GOBP_REGULATION_OF_PROTEIN_CONTAINING_COMPLEX_ASSEMBLY (GO_BP),3,365,1.9930971329453766,0.19802551264064833,SLAIN1;CALY;PLCG2,0.3232160831543493,GO_BP
GOBP_REGULATION_OF_DNA_BINDING_TRANSCRIPTION_FACTOR_ACTIVITY (GO_BP),3,366,1.9875318736805412,0.19909599423672522,RELN;EPHA5;PLCG2,0.3232160831543493,GO_BP
GOBP_CARDIAC_VENTRICLE_MORPHOGENESIS (GO_BP),1,53,4.595172995387758,0.1999386503844106,RYR2,0.3232160831543493,GO_BP
GOBP_INOSITOL_PHOSPHATE_METABOLIC_PROCESS (GO_BP),1,53,4.595172995387758,0.1999386503844106,PLCG2,0.3232160831543493,GO_BP
GOBP_POSITIVE_REGULATION_OF_CYTOKINE_PRODUCTION_INVOLVED_IN_IMMUNE_RESPONSE (GO_BP),1,53,4.595172995387758,0.1999386503844106,PLCG2,0.3232160831543493,GO_BP
GOBP_POSITIVE_REGULATION_OF_REACTIVE_OXYGEN_SPECIES_METABOLIC_PROCESS (GO_BP),1,53,4.595172995387758,0.1999386503844106,PLCG2,0.3232160831543493,GO_BP
GOBP_REGULATION_OF_SUBSTRATE_ADHESION_DEPENDENT_CELL_SPREADING (GO_BP),1,53,4.595172995387758,0.1999386503844106,NRP1,0.3232160831543493,GO_BP
GOBP_REGULATION_OF_SYNAPTIC_VESICLE_EXOCYTOSIS (GO_BP),1,53,4.595172995387758,0.1999386503844106,SYT4,0.3232160831543493,GO_BP
GOBP_RESPONSE_TO_ACTIVITY (GO_BP),1,53,4.595172995387758,0.1999386503844106,RYR2,0.3232160831543493,GO_BP
GOCC_DYNEIN_COMPLEX (GO_CC),1,53,4.595172995387758,0.1999386503844106,DNAH14,0.3232160831543493,GO_CC
GOMF_PROTEIN_PHOSPHORYLATED_AMINO_ACID_BINDING (GO_MF),1,53,4.595172995387758,0.1999386503844106,PLCG2,0.3232160831543493,GO_MF
GOMF_TRANSMITTER_GATED_CHANNEL_ACTIVITY (GO_MF),1,53,4.595172995387758,0.1999386503844106,GABRB1,0.3232160831543493,GO_MF
KEGG_ARGININE_AND_PROLINE_METABOLISM (KEGG),1,53,4.595172995387758,0.1999386503844106,GLUD1,0.3232160831543493,KEGG
KEGG_INOSITOL_PHOSPHATE_METABOLISM (KEGG),1,53,4.595172995387758,0.1999386503844106,PLCG2,0.3232160831543493,KEGG
REACTOME_G_PROTEIN_MEDIATED_EVENTS (Reactome),1,53,4.595172995387758,0.1999386503844106,GNAL,0.3232160831543493,Reactome
GOBP_CELLULAR_RESPONSE_TO_RETINOIC_ACID (GO_BP),1,54,4.507968103803521,0.20330225379636657,BRINP3,0.3259092846074114,GO_BP
GOBP_INSULIN_SECRETION_INVOLVED_IN_CELLULAR_RESPONSE_TO_GLUCOSE_STIMULUS (GO_BP),1,54,4.507968103803521,0.20330225379636657,EPHA5,0.3259092846074114,GO_BP
GOBP_NEGATIVE_REGULATION_OF_CELL_SUBSTRATE_ADHESION (GO_BP),1,54,4.507968103803521,0.20330225379636657,DLC1,0.3259092846074114,GO_BP
GOBP_RECEPTOR_CLUSTERING (GO_BP),1,54,4.507968103803521,0.20330225379636657,RELN,0.3259092846074114,GO_BP
GOBP_REGULATION_OF_MICROTUBULE_POLYMERIZATION (GO_BP),1,54,4.507968103803521,0.20330225379636657,SLAIN1,0.3259092846074114,GO_BP
GOMF_L_AMINO_ACID_TRANSMEMBRANE_TRANSPORTER_ACTIVITY (GO_MF),1,54,4.507968103803521,0.20330225379636657,SLC1A3,0.3259092846074114,GO_MF
GOMF_NAD_BINDING (GO_MF),1,54,4.507968103803521,0.20330225379636657,GLUD1,0.3259092846074114,GO_MF
REACTOME_HSP90_CHAPERONE_CYCLE_FOR_STEROID_HORMONE_RECEPTORS_SHR_IN_THE_PRESENCE_OF_LIGAND (Reactome),1,54,4.507968103803521,0.20330225379636657,TUBA1B,0.3259092846074114,Reactome
REACTOME_TRANSCRIPTIONAL_ACTIVATION_OF_MITOCHONDRIAL_BIOGENESIS (Reactome),1,54,4.507968103803521,0.20330225379636657,GLUD1,0.3259092846074114,Reactome
GOBP_PROTEIN_ACETYLATION (GO_BP),2,199,2.434681733323083,0.20347858066289268,ACTB;FOXO1,0.3259092846074114,GO_BP
GOCC_CONTRACTILE_FIBER (GO_CC),2,199,2.434681733323083,0.20347858066289268,RYR2;CALM2,0.3259092846074114,GO_CC
REACTOME_SENSORY_PERCEPTION (Reactome),2,199,2.434681733323083,0.20347858066289268,GNAL;ACTB,0.3259092846074114,Reactome
GOBP_IMMUNE_RESPONSE_REGULATING_CELL_SURFACE_RECEPTOR_SIGNALING_PATHWAY (GO_BP),2,201,2.410140713460331,0.2065362256737406,FOXP1;PLCG2,0.3284709759286374,GO_BP
GOBP_ARTERY_MORPHOGENESIS (GO_BP),1,55,4.425064650043224,0.20665184062975606,NRP1,0.3284709759286374,GO_BP
GOBP_NEGATIVE_REGULATION_OF_WOUND_HEALING (GO_BP),1,55,4.425064650043224,0.20665184062975606,PRKG1,0.3284709759286374,GO_BP
GOBP_PHOTORECEPTOR_CELL_DIFFERENTIATION (GO_BP),1,55,4.425064650043224,0.20665184062975606,DSCAM,0.3284709759286374,GO_BP
GOBP_REGULATION_OF_RECEPTOR_INTERNALIZATION (GO_BP),1,55,4.425064650043224,0.20665184062975606,PLCG2,0.3284709759286374,GO_BP
GOCC_CYTOSOLIC_LARGE_RIBOSOMAL_SUBUNIT (GO_CC),1,55,4.425064650043224,0.20665184062975606,RPL37A,0.3284709759286374,GO_CC
GOMF_MOLECULAR_FUNCTION_INHIBITOR_ACTIVITY (GO_MF),1,55,4.425064650043224,0.20665184062975606,CALM2,0.3284709759286374,GO_MF
GOMF_PROMOTER_SPECIFIC_CHROMATIN_BINDING (GO_MF),1,55,4.425064650043224,0.20665184062975606,FOXO1,0.3284709759286374,GO_MF
REACTOME_NRAGE_SIGNALS_DEATH_THROUGH_JNK (Reactome),1,55,4.425064650043224,0.20665184062975606,NGEF,0.3284709759286374,Reactome
REACTOME_PARASITE_INFECTION (Reactome),1,55,4.425064650043224,0.20665184062975606,ACTB,0.3284709759286374,Reactome
GOBP_REGULATION_OF_CELL_PROJECTION_ASSEMBLY (GO_BP),2,202,2.3980468891738513,0.20806696327134316,GAP43;NRP1,0.330217302165242,GO_BP
GOBP_REGULATION_OF_CYSTEINE_TYPE_ENDOPEPTIDASE_ACTIVITY (GO_BP),2,202,2.3980468891738513,0.20806696327134316,DLC1;ROBO1,0.330217302165242,GO_BP
GOBP_NUCLEOBASE_CONTAINING_COMPOUND_TRANSPORT (GO_BP),2,203,2.3857174736470816,0.20959892801668792,PEG10;RBFOX1,0.3305006390133177,GO_BP
GOBP_CYTOPLASMIC_MICROTUBULE_ORGANIZATION (GO_BP),1,56,4.344236809866597,0.20998746877415397,SLAIN1,0.3305006390133177,GO_BP
GOBP_EMBRYONIC_HEART_TUBE_MORPHOGENESIS (GO_BP),1,56,4.344236809866597,0.20998746877415397,RYR2,0.3305006390133177,GO_BP
GOBP_NEGATIVE_REGULATION_OF_PROTEIN_SECRETION (GO_BP),1,56,4.344236809866597,0.20998746877415397,SYT4,0.3305006390133177,GO_BP
GOBP_NEGATIVE_REGULATION_OF_SMALL_GTPASE_MEDIATED_SIGNAL_TRANSDUCTION (GO_BP),1,56,4.344236809866597,0.20998746877415397,DLC1,0.3305006390133177,GO_BP
GOBP_RECEPTOR_LOCALIZATION_TO_SYNAPSE (GO_BP),1,56,4.344236809866597,0.20998746877415397,RELN,0.3305006390133177,GO_BP
GOBP_REGULATION_OF_NEUROTRANSMITTER_RECEPTOR_ACTIVITY (GO_BP),1,56,4.344236809866597,0.20998746877415397,RELN,0.3305006390133177,GO_BP
GOBP_REGULATION_OF_POSTSYNAPTIC_MEMBRANE_NEUROTRANSMITTER_RECEPTOR_LEVELS (GO_BP),1,56,4.344236809866597,0.20998746877415397,CALY,0.3305006390133177,GO_BP
REACTOME_FOXO_MEDIATED_TRANSCRIPTION (Reactome),1,56,4.344236809866597,0.20998746877415397,FOXO1,0.3305006390133177,Reactome
REACTOME_NEUREXINS_AND_NEUROLIGINS (Reactome),1,56,4.344236809866597,0.20998746877415397,LRRTM3,0.3305006390133177,Reactome
REACTOME_SIGNALING_BY_ERBB4 (Reactome),1,56,4.344236809866597,0.20998746877415397,GABRB1,0.3305006390133177,Reactome
GOBP_CARBOHYDRATE_HOMEOSTASIS (GO_BP),2,204,2.373850536986567,0.21113208307976727,FOXO1;EPHA5,0.3320517387999053,GO_BP
GOBP_PANCREAS_DEVELOPMENT (GO_BP),1,57,4.266426223660815,0.21330919588219222,MEIS2,0.33421643528989126,GO_BP
GOBP_POSITIVE_REGULATION_OF_RESPONSE_TO_WOUNDING (GO_BP),1,57,4.266426223660815,0.21330919588219222,SMOC2,0.33421643528989126,GO_BP
GOBP_REGULATION_OF_COAGULATION (GO_BP),1,57,4.266426223660815,0.21330919588219222,PRKG1,0.33421643528989126,GO_BP
GOBP_REGULATION_OF_ESTABLISHMENT_OF_PLANAR_POLARITY (GO_BP),1,57,4.266426223660815,0.21330919588219222,PRICKLE2,0.33421643528989126,GO_BP
REACTOME_KINESINS (Reactome),1,57,4.266426223660815,0.21330919588219222,TUBA1B,0.33421643528989126,Reactome
GOBP_CELL_MATRIX_ADHESION (GO_BP),2,207,2.3389134408098955,0.21573832609804733,DLC1;NRP1,0.3368702270091466,GO_BP
GOBP_MAMMARY_GLAND_EPITHELIUM_DEVELOPMENT (GO_BP),1,58,4.1914043974997846,0.21661707937051977,ROBO1,0.3368702270091466,GO_BP
GOBP_POLYOL_BIOSYNTHETIC_PROCESS (GO_BP),1,58,4.1914043974997846,0.21661707937051977,PLCG2,0.3368702270091466,GO_BP
GOBP_POSITIVE_REGULATION_OF_ACTIN_FILAMENT_BUNDLE_ASSEMBLY (GO_BP),1,58,4.1914043974997846,0.21661707937051977,NRP1,0.3368702270091466,GO_BP
GOBP_PRESYNAPTIC_ENDOCYTOSIS (GO_BP),1,58,4.1914043974997846,0.21661707937051977,ACTB,0.3368702270091466,GO_BP
GOBP_REGULATION_OF_ALTERNATIVE_MRNA_SPLICING_VIA_SPLICEOSOME (GO_BP),1,58,4.1914043974997846,0.21661707937051977,RBFOX1,0.3368702270091466,GO_BP
GOBP_RESPIRATORY_GASEOUS_EXCHANGE_BY_RESPIRATORY_SYSTEM (GO_BP),1,58,4.1914043974997846,0.21661707937051977,DACH1,0.3368702270091466,GO_BP
GOBP_T_CELL_DIFFERENTIATION_INVOLVED_IN_IMMUNE_RESPONSE (GO_BP),1,58,4.1914043974997846,0.21661707937051977,FOXP1,0.3368702270091466,GO_BP
GOMF_POSTSYNAPTIC_NEUROTRANSMITTER_RECEPTOR_ACTIVITY (GO_MF),1,58,4.1914043974997846,0.21661707937051977,GABRB1,0.3368702270091466,GO_MF
REACTOME_RHOQ_GTPASE_CYCLE (Reactome),1,58,4.1914043974997846,0.21661707937051977,DLC1,0.3368702270091466,Reactome
GOBP_POSITIVE_REGULATION_OF_DEFENSE_RESPONSE (GO_BP),2,209,2.3161670828202188,0.21881444376997017,NPAS2;PLCG2,0.3397810596338748,GO_BP
GOCC_EXOCYTIC_VESICLE (GO_CC),2,209,2.3161670828202188,0.21881444376997017,SYT4;SYN2,0.3397810596338748,GO_CC
GOBP_POSITIVE_REGULATION_OF_SYNAPSE_ASSEMBLY (GO_BP),1,59,4.118990461985051,0.2199111764207604,LRRTM3,0.3409766903344183,GO_BP
GOBP_TISSUE_REGENERATION (GO_BP),1,59,4.118990461985051,0.2199111764207604,GAP43,0.3409766903344183,GO_BP
KEGG_NEUROACTIVE_LIGAND_RECEPTOR_INTERACTION (KEGG),2,211,2.2938473574738363,0.22189446253412304,GABRB1;GRM3,0.34379639443854104,KEGG
GOBP_EXPORT_ACROSS_PLASMA_MEMBRANE (GO_BP),1,60,4.049034975135909,0.22319154398046825,CALM2,0.3443948406911815,GO_BP
GOBP_LYMPHOCYTE_APOPTOTIC_PROCESS (GO_BP),1,60,4.049034975135909,0.22319154398046825,FOXP1,0.3443948406911815,GO_BP
GOBP_REGULATION_OF_ORGANIC_ACID_TRANSPORT (GO_BP),1,60,4.049034975135909,0.22319154398046825,SYT4,0.3443948406911815,GO_BP
REACTOME_CA2_PATHWAY (Reactome),1,60,4.049034975135909,0.22319154398046825,PRKG1,0.3443948406911815,Reactome
REACTOME_TRANSCRIPTIONAL_REGULATION_BY_MECP2 (Reactome),1,60,4.049034975135909,0.22319154398046825,RBFOX1,0.3443948406911815,Reactome
GOBP_CONNECTIVE_TISSUE_DEVELOPMENT (GO_BP),2,212,2.28284462899968,0.22343584776993758,RARB;TRPS1,0.3443948406911815,GO_BP
GOBP_REGULATED_EXOCYTOSIS (GO_BP),2,212,2.28284462899968,0.22343584776993758,SYT4;SYN2,0.3443948406911815,GO_BP
GOBP_DEPHOSPHORYLATION (GO_BP),3,389,1.8675276526155191,0.22408157334861517,DLC1;PPP2R2C;CALM2,0.34513523511332833,GO_BP
GOBP_IMPORT_INTO_CELL (GO_BP),2,213,2.271945051933587,0.22497810435167437,SLC1A3;ACTB,0.34557729578662066,GO_BP
GOBP_REGULATION_OF_BLOOD_CIRCULATION (GO_BP),2,213,2.271945051933587,0.22497810435167437,RYR2;CALM2,0.34557729578662066,GO_BP
GOBP_POSITIVE_REGULATION_OF_MAPK_CASCADE (GO_BP),3,390,1.8626365872909418,0.22518234745823243,NRP1;ROBO1;PLCG2,0.34557729578662066,GO_BP
GOBP_CHEMOKINE_PRODUCTION (GO_BP),1,61,3.9814128655832928,0.226458238764071,FOXP1,0.34557729578662066,GO_BP
GOBP_L_ALPHA_AMINO_ACID_TRANSMEMBRANE_TRANSPORT (GO_BP),1,61,3.9814128655832928,0.226458238764071,SLC1A3,0.34557729578662066,GO_BP
GOBP_L_AMINO_ACID_TRANSPORT (GO_BP),1,61,3.9814128655832928,0.226458238764071,SLC1A3,0.34557729578662066,GO_BP
GOBP_NEGATIVE_REGULATION_OF_RESPONSE_TO_CYTOKINE_STIMULUS (GO_BP),1,61,3.9814128655832928,0.226458238764071,ROBO1,0.34557729578662066,GO_BP
GOBP_REGULATION_OF_DENDRITE_MORPHOGENESIS (GO_BP),1,61,3.9814128655832928,0.226458238764071,RELN,0.34557729578662066,GO_BP
GOBP_REGULATION_OF_PROTEIN_MATURATION (GO_BP),1,61,3.9814128655832928,0.226458238764071,SPON1,0.34557729578662066,GO_BP
GOCC_AXON_CYTOPLASM (GO_CC),1,61,3.9814128655832928,0.226458238764071,CALY,0.34557729578662066,GO_CC
KEGG_EPITHELIAL_CELL_SIGNALING_IN_HELICOBACTER_PYLORI_INFECTION (KEGG),1,61,3.9814128655832928,0.226458238764071,PLCG2,0.34557729578662066,KEGG
REACTOME_SEMAPHORIN_INTERACTIONS (Reactome),1,61,3.9814128655832928,0.226458238764071,NRP1,0.34557729578662066,Reactome
GOCC_RNA_POLYMERASE_II_TRANSCRIPTION_REGULATOR_COMPLEX (GO_CC),2,214,2.26114738941617,0.22652119819650074,TLE4;NPAS2,0.34557729578662066,GO_CC
GOBP_CELL_ACTIVATION_INVOLVED_IN_IMMUNE_RESPONSE (GO_BP),2,215,2.2504503880366493,0.22806509548733384,FOXP1;PLCG2,0.34764867230509855,GO_BP
GOBP_EMBRYONIC_ORGAN_MORPHOGENESIS (GO_BP),2,216,2.2398527846583502,0.22960976267124392,RYR2;RARB,0.34764867230509855,GO_BP
GOMF_GUANYL_NUCLEOTIDE_EXCHANGE_FACTOR_ACTIVITY (GO_MF),2,216,2.2398527846583502,0.22960976267124392,RAPGEF5;NGEF,0.34764867230509855,GO_MF
GOBP_NEGATIVE_REGULATION_OF_ION_TRANSMEMBRANE_TRANSPORTER_ACTIVITY (GO_BP),1,62,3.9160098653852518,0.2297113172538241,CALM2,0.34764867230509855,GO_BP
GOBP_NEURAL_RETINA_DEVELOPMENT (GO_BP),1,62,3.9160098653852518,0.2297113172538241,DSCAM,0.34764867230509855,GO_BP
GOBP_RETINA_HOMEOSTASIS (GO_BP),1,62,3.9160098653852518,0.2297113172538241,ACTB,0.34764867230509855,GO_BP
GOMF_HORMONE_ACTIVITY (GO_MF),1,62,3.9160098653852518,0.2297113172538241,CCK,0.34764867230509855,GO_MF
GOMF_NUCLEOSOME_BINDING (GO_MF),1,62,3.9160098653852518,0.2297113172538241,ACTB,0.34764867230509855,GO_MF
GOMF_TRANSFERASE_ACTIVITY_TRANSFERRING_SULPHUR_CONTAINING_GROUPS (GO_MF),1,62,3.9160098653852518,0.2297113172538241,HS6ST3,0.34764867230509855,GO_MF
KEGG_COLORECTAL_CANCER (KEGG),1,62,3.9160098653852518,0.2297113172538241,DCC,0.34764867230509855,KEGG
REACTOME_SIGNALING_BY_BRAF_AND_RAF1_FUSIONS (Reactome),1,62,3.9160098653852518,0.2297113172538241,ACTB,0.34764867230509855,Reactome
GOBP_REGULATION_OF_HORMONE_LEVELS (GO_BP),3,397,1.8291039096832609,0.2329174795939827,GLUD1;NNAT;EPHA5,0.35127774140712076,GO_BP
GOBP_CIRCADIAN_REGULATION_OF_GENE_EXPRESSION (GO_BP),1,63,3.8527247035461647,0.23295083570074515,NPAS2,0.35127774140712076,GO_BP
GOBP_EXECUTION_PHASE_OF_APOPTOSIS (GO_BP),1,63,3.8527247035461647,0.23295083570074515,DLC1,0.35127774140712076,GO_BP
GOMF_CALCIUM_DEPENDENT_PROTEIN_BINDING (GO_MF),1,63,3.8527247035461647,0.23295083570074515,CALM2,0.35127774140712076,GO_MF
GOMF_EXTRACELLULAR_LIGAND_GATED_ION_CHANNEL_ACTIVITY (GO_MF),1,63,3.8527247035461647,0.23295083570074515,GABRB1,0.35127774140712076,GO_MF
GOBP_CELL_CHEMOTAXIS (GO_BP),2,220,2.1982962958387144,0.23579546843576007,NRP1;SMOC2,0.35460509799426987,GO_BP
GOBP_AXONAL_TRANSPORT (GO_BP),1,64,3.791462773163359,0.2361768501255559,CALY,0.35460509799426987,GO_BP
GOBP_CD4_POSITIVE_ALPHA_BETA_T_CELL_DIFFERENTIATION (GO_BP),1,64,3.791462773163359,0.2361768501255559,FOXP1,0.35460509799426987,GO_BP
GOBP_CELL_FATE_SPECIFICATION (GO_BP),1,64,3.791462773163359,0.2361768501255559,NRP1,0.35460509799426987,GO_BP
GOBP_NEGATIVE_REGULATION_OF_SYNAPTIC_TRANSMISSION (GO_BP),1,64,3.791462773163359,0.2361768501255559,SYT4,0.35460509799426987,GO_BP
GOBP_POSITIVE_REGULATION_OF_DOUBLE_STRAND_BREAK_REPAIR (GO_BP),1,64,3.791462773163359,0.2361768501255559,ACTB,0.35460509799426987,GO_BP
REACTOME_DISEASES_OF_METABOLISM (Reactome),2,221,2.1884358931274384,0.2373434909258238,ADAMTS19;SPON1,0.35610055036822014,Reactome
GOBP_ADENYLATE_CYCLASE_INHIBITING_G_PROTEIN_COUPLED_RECEPTOR_SIGNALING_PATHWAY (GO_BP),1,65,3.7321349436909395,0.23938941631961597,GRM3,0.3566065038251524,GO_BP
GOBP_POSITIVE_REGULATION_OF_PHOSPHATIDYLINOSITOL_3_KINASE_SIGNALING (GO_BP),1,65,3.7321349436909395,0.23938941631961597,RELN,0.3566065038251524,GO_BP
GOBP_REGULATION_OF_INTRACELLULAR_STEROID_HORMONE_RECEPTOR_SIGNALING_PATHWAY (GO_BP),1,65,3.7321349436909395,0.23938941631961597,FOXP1,0.3566065038251524,GO_BP
GOBP_REGULATION_OF_LEUKOCYTE_APOPTOTIC_PROCESS (GO_BP),1,65,3.7321349436909395,0.23938941631961597,FOXP1,0.3566065038251524,GO_BP
GOBP_TRANSMISSION_OF_NERVE_IMPULSE (GO_BP),1,65,3.7321349436909395,0.23938941631961597,CNTNAP2,0.3566065038251524,GO_BP
GOCC_INTERMEDIATE_FILAMENT (GO_CC),1,65,3.7321349436909395,0.23938941631961597,NRP1,0.3566065038251524,GO_CC
GOCC_INTRINSIC_COMPONENT_OF_GOLGI_MEMBRANE (GO_CC),1,65,3.7321349436909395,0.23938941631961597,SYT4,0.3566065038251524,GO_CC
GOMF_SOLUTE_SODIUM_SYMPORTER_ACTIVITY (GO_MF),1,65,3.7321349436909395,0.23938941631961597,SLC1A3,0.3566065038251524,GO_MF
KEGG_LONG_TERM_POTENTIATION (KEGG),1,65,3.7321349436909395,0.23938941631961597,CALM2,0.3566065038251524,KEGG
REACTOME_COLLAGEN_BIOSYNTHESIS_AND_MODIFYING_ENZYMES (Reactome),1,65,3.7321349436909395,0.23938941631961597,COL25A1,0.3566065038251524,Reactome
GOBP_PROTEIN_COMPLEX_OLIGOMERIZATION (GO_BP),2,223,2.1684190626588924,0.24044122626135117,KCTD16;PEG10,0.3579178596344079,GO_BP
GOBP_DIVALENT_INORGANIC_CATION_HOMEOSTASIS (GO_BP),3,404,1.7965626098472203,0.24070130540361379,RYR2;CALM2;PLCG2,0.35804962535804846,GO_BP
GOBP_EMBRYONIC_HEART_TUBE_DEVELOPMENT (GO_BP),1,66,3.674656440332746,0.24258858984585296,RYR2,0.35881104678121556,GO_BP
GOBP_MYELOID_CELL_DEVELOPMENT (GO_BP),1,66,3.674656440332746,0.24258858984585296,FOXP1,0.35881104678121556,GO_BP
GOBP_PROTEIN_LOCALIZATION_TO_SYNAPSE (GO_BP),1,66,3.674656440332746,0.24258858984585296,RELN,0.35881104678121556,GO_BP
GOBP_REGULATION_OF_ATP_DEPENDENT_ACTIVITY (GO_BP),1,66,3.674656440332746,0.24258858984585296,RYR2,0.35881104678121556,GO_BP
GOBP_REGULATION_OF_MUSCLE_ADAPTATION (GO_BP),1,66,3.674656440332746,0.24258858984585296,FOXO1,0.35881104678121556,GO_BP
GOBP_REGULATION_OF_PHAGOCYTOSIS (GO_BP),1,66,3.674656440332746,0.24258858984585296,PLCG2,0.35881104678121556,GO_BP
GOMF_MICROTUBULE_MOTOR_ACTIVITY (GO_MF),1,66,3.674656440332746,0.24258858984585296,DNAH14,0.35881104678121556,GO_MF
REACTOME_CIRCADIAN_CLOCK (Reactome),1,66,3.674656440332746,0.24258858984585296,NPAS2,0.35881104678121556,Reactome
GOMF_CARGO_RECEPTOR_ACTIVITY (GO_MF),1,67,3.6189461981740316,0.24577442603968958,LRP1B,0.36300865332259885,GO_MF
KEGG_FC_EPSILON_RI_SIGNALING_PATHWAY (KEGG),1,67,3.6189461981740316,0.24577442603968958,PLCG2,0.36300865332259885,KEGG
GOBP_NEGATIVE_REGULATION_OF_TRANSFORMING_GROWTH_FACTOR_BETA_RECEPTOR_SIGNALING_PATHWAY (GO_BP),1,68,3.564926512165645,0.2489469800099664,PEG10,0.3653673328275667,GO_BP
GOBP_PERIPHERAL_NERVOUS_SYSTEM_DEVELOPMENT (GO_BP),1,68,3.564926512165645,0.2489469800099664,ETV1,0.3653673328275667,GO_BP
GOBP_POSITIVE_REGULATION_OF_DNA_RECOMBINATION (GO_BP),1,68,3.564926512165645,0.2489469800099664,ACTB,0.3653673328275667,GO_BP
GOBP_POSITIVE_REGULATION_OF_SMOOTH_MUSCLE_CELL_PROLIFERATION (GO_BP),1,68,3.564926512165645,0.2489469800099664,FOXP1,0.3653673328275667,GO_BP
GOBP_VESICLE_CYTOSKELETAL_TRAFFICKING (GO_BP),1,68,3.564926512165645,0.2489469800099664,SYT4,0.3653673328275667,GO_BP
GOCC_COLLAGEN_TRIMER (GO_CC),1,68,3.564926512165645,0.2489469800099664,COL25A1,0.3653673328275667,GO_CC
GOMF_DOUBLE_STRANDED_RNA_BINDING (GO_MF),1,68,3.564926512165645,0.2489469800099664,TUBA1B,0.3653673328275667,GO_MF
KEGG_B_CELL_RECEPTOR_SIGNALING_PATHWAY (KEGG),1,68,3.564926512165645,0.2489469800099664,PLCG2,0.3653673328275667,KEGG
KEGG_CARDIAC_MUSCLE_CONTRACTION (KEGG),1,68,3.564926512165645,0.2489469800099664,RYR2,0.3653673328275667,KEGG
GOBP_REGULATION_OF_CANONICAL_WNT_SIGNALING_PATHWAY (GO_BP),2,229,2.1105713455876516,0.24974570078897074,FOXO1;TLE4,0.3662819940594392,GO_BP
GOBP_CARDIAC_MUSCLE_CELL_CONTRACTION (GO_BP),1,69,3.5117699841884122,0.25210630663986133,RYR2,0.366652168611422,GO_BP
GOBP_FIBROBLAST_GROWTH_FACTOR_RECEPTOR_SIGNALING_PATHWAY (GO_BP),1,69,3.5117699841884122,0.25210630663986133,SMOC2,0.366652168611422,GO_BP
GOBP_NEGATIVE_REGULATION_OF_RESPONSE_TO_WOUNDING (GO_BP),1,69,3.5117699841884122,0.25210630663986133,PRKG1,0.366652168611422,GO_BP
GOBP_NEGATIVE_REGULATION_OF_TRANSPORTER_ACTIVITY (GO_BP),1,69,3.5117699841884122,0.25210630663986133,CALM2,0.366652168611422,GO_BP
GOBP_POSITIVE_REGULATION_OF_CARBOHYDRATE_METABOLIC_PROCESS (GO_BP),1,69,3.5117699841884122,0.25210630663986133,FOXO1,0.366652168611422,GO_BP
GOBP_POSITIVE_REGULATION_OF_INTERLEUKIN_6_PRODUCTION (GO_BP),1,69,3.5117699841884122,0.25210630663986133,PLCG2,0.366652168611422,GO_BP
GOBP_PROTEIN_N_LINKED_GLYCOSYLATION (GO_BP),1,69,3.5117699841884122,0.25210630663986133,MGAT4C,0.366652168611422,GO_BP
GOBP_SYNAPTIC_VESICLE_RECYCLING (GO_BP),1,69,3.5117699841884122,0.25210630663986133,ACTB,0.366652168611422,GO_BP
GOCC_ENDOPLASMIC_RETICULUM_GOLGI_INTERMEDIATE_COMPARTMENT_MEMBRANE (GO_CC),1,69,3.5117699841884122,0.25210630663986133,ROBO1,0.366652168611422,GO_CC
KEGG_VEGF_SIGNALING_PATHWAY (KEGG),1,69,3.5117699841884122,0.25210630663986133,PLCG2,0.366652168611422,KEGG
REACTOME_RHOB_GTPASE_CYCLE (Reactome),1,69,3.5117699841884122,0.25210630663986133,DLC1,0.366652168611422,Reactome
REACTOME_SARS_COV_2_INFECTION (Reactome),1,69,3.5117699841884122,0.25210630663986133,MGAT4C,0.366652168611422,Reactome
GOBP_ANION_TRANSMEMBRANE_TRANSPORT (GO_BP),2,231,2.09197700381419,0.25285013168499243,SLC1A3;GABRB1,0.36696677665269767,GO_BP
GOBP_CARBOXYLIC_ACID_TRANSPORT (GO_BP),2,231,2.09197700381419,0.25285013168499243,SLC1A3;SYT4,0.36696677665269767,GO_BP
GOBP_ORGANIC_HYDROXY_COMPOUND_TRANSPORT (GO_BP),2,231,2.09197700381419,0.25285013168499243,ACTB;SYT4,0.36696677665269767,GO_BP
GOBP_SKELETAL_SYSTEM_DEVELOPMENT (GO_BP),3,416,1.7436206300563368,0.2541451948562971,RARB;TRPS1;FOXP1,0.36817545436362137,GO_BP
GOBP_CARDIAC_MUSCLE_CELL_ACTION_POTENTIAL (GO_BP),1,70,3.460932605939732,0.2552524605878066,RYR2,0.36817545436362137,GO_BP
GOBP_COLUMNAR_CUBOIDAL_EPITHELIAL_CELL_DIFFERENTIATION (GO_BP),1,70,3.460932605939732,0.2552524605878066,RARB,0.36817545436362137,GO_BP
GOBP_HISTONE_H4_ACETYLATION (GO_BP),1,70,3.460932605939732,0.2552524605878066,ACTB,0.36817545436362137,GO_BP
GOBP_NON_CANONICAL_WNT_SIGNALING_PATHWAY (GO_BP),1,70,3.460932605939732,0.2552524605878066,PRICKLE2,0.36817545436362137,GO_BP
GOBP_POSITIVE_REGULATION_OF_EXOCYTOSIS (GO_BP),1,70,3.460932605939732,0.2552524605878066,SYT4,0.36817545436362137,GO_BP
GOBP_REGULATION_OF_DOUBLE_STRAND_BREAK_REPAIR_VIA_HOMOLOGOUS_RECOMBINATION (GO_BP),1,70,3.460932605939732,0.2552524605878066,ACTB,0.36817545436362137,GO_BP
GOBP_RESPONSE_TO_OSMOTIC_STRESS (GO_BP),1,70,3.460932605939732,0.2552524605878066,MAP7,0.36817545436362137,GO_BP
GOBP_REGULATION_OF_MITOTIC_CELL_CYCLE (GO_BP),3,417,1.7393431192739135,0.2552706672085099,MEIS2;SMOC2;BRINP3,0.36817545436362137,GO_BP
GOBP_REGULATION_OF_VASCULATURE_DEVELOPMENT (GO_BP),2,233,2.0737075995041185,0.25595563362441703,NRP1;SMOC2,0.36890843050701544,GO_BP
GOBP_B_CELL_ACTIVATION_INVOLVED_IN_IMMUNE_RESPONSE (GO_BP),1,71,3.411420872919787,0.25838549628839746,PLCG2,0.3703643755177785,GO_BP
GOBP_ESTABLISHMENT_OF_TISSUE_POLARITY (GO_BP),1,71,3.411420872919787,0.25838549628839746,PRICKLE2,0.3703643755177785,GO_BP
GOBP_NEGATIVE_REGULATION_OF_MYELOID_CELL_DIFFERENTIATION (GO_BP),1,71,3.411420872919787,0.25838549628839746,MEIS2,0.3703643755177785,GO_BP
GOBP_POSITIVE_REGULATION_OF_DNA_BIOSYNTHETIC_PROCESS (GO_BP),1,71,3.411420872919787,0.25838549628839746,SMOC2,0.3703643755177785,GO_BP
GOBP_PROTEIN_LOCALIZATION_TO_ENDOPLASMIC_RETICULUM (GO_BP),1,71,3.411420872919787,0.25838549628839746,RYR2,0.3703643755177785,GO_BP
GOMF_ANION_CHANNEL_ACTIVITY (GO_MF),1,71,3.411420872919787,0.25838549628839746,GABRB1,0.3703643755177785,GO_MF
KEGG_ADHERENS_JUNCTION (KEGG),1,71,3.411420872919787,0.25838549628839746,ACTB,0.3703643755177785,KEGG
REACTOME_SENSORY_PROCESSING_OF_SOUND (Reactome),1,71,3.411420872919787,0.25838549628839746,ACTB,0.3703643755177785,Reactome
GOBP_INTRACELLULAR_RECEPTOR_SIGNALING_PATHWAY (GO_BP),2,235,2.0557533529025847,0.259061973164429,RARB;FOXP1,0.3710791612863167,GO_BP
GOMF_PHOSPHOLIPID_BINDING (GO_MF),3,421,1.7224376019694714,0.2597797514211043,GAP43;SYT4;PARD3B,0.37185208588192364,GO_MF
GOBP_REGULATION_OF_MICROTUBULE_BASED_PROCESS (GO_BP),2,236,2.0468915971385617,0.2606153851149286,SLAIN1;CALY,0.3722796122909596,GO_BP
GOMF_DNA_BINDING_TRANSCRIPTION_FACTOR_BINDING (GO_MF),3,422,1.7182616211895219,0.2609087579877064,FOXP1;ACTB;TLE4,0.3722796122909596,GO_MF
GOBP_ALTERNATIVE_MRNA_SPLICING_VIA_SPLICEOSOME (GO_BP),1,72,3.3632476369674773,0.26150546795330465,RBFOX1,0.3722796122909596,GO_BP
GOBP_CYTOKINE_PRODUCTION_INVOLVED_IN_IMMUNE_RESPONSE (GO_BP),1,72,3.3632476369674773,0.26150546795330465,PLCG2,0.3722796122909596,GO_BP
GOBP_FIBROBLAST_PROLIFERATION (GO_BP),1,72,3.3632476369674773,0.26150546795330465,DACH1,0.3722796122909596,GO_BP
GOBP_REGULATION_OF_PHOSPHATASE_ACTIVITY (GO_BP),1,72,3.3632476369674773,0.26150546795330465,CALM2,0.3722796122909596,GO_BP
REACTOME_CELL_DEATH_SIGNALLING_VIA_NRAGE_NRIF_AND_NADE (Reactome),1,72,3.3632476369674773,0.26150546795330465,NGEF,0.3722796122909596,Reactome
REACTOME_SIGNALING_BY_NOTCH1 (Reactome),1,72,3.3632476369674773,0.26150546795330465,TLE4,0.3722796122909596,Reactome
GOCC_BASAL_PART_OF_CELL (GO_CC),2,237,2.038168777452892,0.2621689206287003,SLC1A3;MAP7,0.3729696914465559,GO_CC
GOCC_SARCOPLASM (GO_CC),1,73,3.3164113782068685,0.2646124295721767,RYR2,0.37542225731960077,GO_CC
HALLMARK_CHOLESTEROL_HOMEOSTASIS (Hallmark),1,73,3.3164113782068685,0.2646124295721767,ALCAM,0.37542225731960077,Hallmark
REACTOME_NUCLEAR_ENVELOPE_NE_REASSEMBLY (Reactome),1,73,3.3164113782068685,0.2646124295721767,TUBA1B,0.37542225731960077,Reactome
REACTOME_RHOC_GTPASE_CYCLE (Reactome),1,73,3.3164113782068685,0.2646124295721767,DLC1,0.37542225731960077,Reactome
GOBP_PROTEIN_ACYLATION (GO_BP),2,240,2.0121745424239785,0.2668299884114881,ACTB;FOXO1,0.37750224977334995,GO_BP
GOBP_AMINOGLYCAN_BIOSYNTHETIC_PROCESS (GO_BP),1,74,3.2708572036106127,0.26770643491353996,CHSY3,0.37750224977334995,GO_BP
GOBP_KIDNEY_MORPHOGENESIS (GO_BP),1,74,3.2708572036106127,0.26770643491353996,FRAS1,0.37750224977334995,GO_BP
GOBP_MONOSACCHARIDE_BIOSYNTHETIC_PROCESS (GO_BP),1,74,3.2708572036106127,0.26770643491353996,FOXO1,0.37750224977334995,GO_BP
GOBP_MYELOID_CELL_ACTIVATION_INVOLVED_IN_IMMUNE_RESPONSE (GO_BP),1,74,3.2708572036106127,0.26770643491353996,PLCG2,0.37750224977334995,GO_BP
GOMF_AMINO_ACID_TRANSMEMBRANE_TRANSPORTER_ACTIVITY (GO_MF),1,74,3.2708572036106127,0.26770643491353996,SLC1A3,0.37750224977334995,GO_MF
GOMF_AMYLOID_BETA_BINDING (GO_MF),1,74,3.2708572036106127,0.26770643491353996,COL25A1,0.37750224977334995,GO_MF
KEGG_ECM_RECEPTOR_INTERACTION (KEGG),1,74,3.2708572036106127,0.26770643491353996,RELN,0.37750224977334995,KEGG
REACTOME_G_ALPHA_12_13_SIGNALLING_EVENTS (Reactome),1,74,3.2708572036106127,0.26770643491353996,NGEF,0.37750224977334995,Reactome
GOBP_REGULATION_OF_RESPONSE_TO_DNA_DAMAGE_STIMULUS (GO_BP),2,241,2.003603885969868,0.2683837391831557,ACTB;NPAS2,0.3782017985653248,GO_BP
GOCC_RIBONUCLEOPROTEIN_GRANULE (GO_CC),2,242,1.9952858553117643,0.2699374751585829,RBFOX1;ACTB,0.37979407984955316,GO_CC
GOBP_INTERLEUKIN_1_PRODUCTION (GO_BP),1,75,3.2265332309810066,0.2707875375256996,FOXP1,0.37979407984955316,GO_BP
GOBP_MESENCHYMAL_CELL_DEVELOPMENT (GO_BP),1,75,3.2265332309810066,0.2707875375256996,NRP1,0.37979407984955316,GO_BP
GOBP_REGULATION_OF_ANION_TRANSPORT (GO_BP),1,75,3.2265332309810066,0.2707875375256996,SYT4,0.37979407984955316,GO_BP
GOCC_CORTICAL_ACTIN_CYTOSKELETON (GO_CC),1,75,3.2265332309810066,0.2707875375256996,DLC1,0.37979407984955316,GO_CC
REACTOME_THE_ROLE_OF_GTSE1_IN_G2_M_PROGRESSION_AFTER_G2_CHECKPOINT (Reactome),1,75,3.2265332309810066,0.2707875375256996,TUBA1B,0.37979407984955316,Reactome
REACTOME_TRANSCRIPTIONAL_REGULATION_OF_WHITE_ADIPOCYTE_DIFFERENTIATION (Reactome),1,75,3.2265332309810066,0.2707875375256996,EBF1,0.37979407984955316,Reactome
GOMF_GLYCOSYLTRANSFERASE_ACTIVITY (GO_MF),2,244,1.9786352042380457,0.2730447949678334,MGAT4C;CHSY3,0.38051733373464297,GO_MF
GOBP_AXO_DENDRITIC_TRANSPORT (GO_BP),1,76,3.183390383177992,0.27385579073763,CALY,0.38051733373464297,GO_BP
GOBP_BONE_MORPHOGENESIS (GO_BP),1,76,3.183390383177992,0.27385579073763,RARB,0.38051733373464297,GO_BP
GOBP_CD4_POSITIVE_ALPHA_BETA_T_CELL_ACTIVATION (GO_BP),1,76,3.183390383177992,0.27385579073763,FOXP1,0.38051733373464297,GO_BP
GOBP_GLUTAMINE_FAMILY_AMINO_ACID_METABOLIC_PROCESS (GO_BP),1,76,3.183390383177992,0.27385579073763,GLUD1,0.38051733373464297,GO_BP
GOBP_POSITIVE_REGULATION_OF_TUMOR_NECROSIS_FACTOR_SUPERFAMILY_CYTOKINE_PRODUCTION (GO_BP),1,76,3.183390383177992,0.27385579073763,PLCG2,0.38051733373464297,GO_BP
GOBP_REGULATION_OF_NEURAL_PRECURSOR_CELL_PROLIFERATION (GO_BP),1,76,3.183390383177992,0.27385579073763,FOXO1,0.38051733373464297,GO_BP
GOBP_ROOF_OF_MOUTH_DEVELOPMENT (GO_BP),1,76,3.183390383177992,0.27385579073763,FRAS1,0.38051733373464297,GO_BP
GOBP_SEGMENTATION (GO_BP),1,76,3.183390383177992,0.27385579073763,NRP1,0.38051733373464297,GO_BP
GOBP_SKIN_EPIDERMIS_DEVELOPMENT (GO_BP),1,76,3.183390383177992,0.27385579073763,LDB2,0.38051733373464297,GO_BP
GOBP_T_CELL_ACTIVATION_INVOLVED_IN_IMMUNE_RESPONSE (GO_BP),1,76,3.183390383177992,0.27385579073763,FOXP1,0.38051733373464297,GO_BP
GOCC_CYTOPLASMIC_STRESS_GRANULE (GO_CC),1,76,3.183390383177992,0.27385579073763,RBFOX1,0.38051733373464297,GO_CC
GOCC_ROUGH_ENDOPLASMIC_RETICULUM (GO_CC),1,76,3.183390383177992,0.27385579073763,EPHA5,0.38051733373464297,GO_CC
REACTOME_FORMATION_OF_THE_BETA_CATENIN_TCF_TRANSACTIVATING_COMPLEX (Reactome),1,76,3.183390383177992,0.27385579073763,TLE4,0.38051733373464297,Reactome
GOBP_REGULATION_OF_ACTIN_FILAMENT_ORGANIZATION (GO_BP),2,245,1.9704193605078417,0.2745983254807888,DLC1;NRP1,0.3810416923393658,GO_BP
GOCC_TRANS_GOLGI_NETWORK (GO_CC),2,245,1.9704193605078417,0.2745983254807888,CALN1;RBFOX1,0.3810416923393658,GO_CC
GOBP_OSTEOCLAST_DIFFERENTIATION (GO_BP),1,77,3.1413821969474354,0.2769112476598661,FOXP1,0.38348624675921733,GO_BP
GOBP_POSITIVE_REGULATION_OF_ENDOTHELIAL_CELL_PROLIFERATION (GO_BP),1,77,3.1413821969474354,0.2769112476598661,NRP1,0.38348624675921733,GO_BP
GOCC_CAVEOLA (GO_CC),1,77,3.1413821969474354,0.2769112476598661,DLC1,0.38348624675921733,GO_CC
GOBP_RESPONSE_TO_MOLECULE_OF_BACTERIAL_ORIGIN (GO_BP),2,247,1.954189365609409,0.27770499607362353,FOXP1;PLCG2,0.38433045544141403,GO_BP
GOBP_MULTICELLULAR_ORGANISMAL_HOMEOSTASIS (GO_BP),3,437,1.657929519687792,0.2779172101523982,ACTB;FOXO1;LDB2,0.3843692628151458,GO_BP
GOBP_TYPE_I_INTERFERON_PRODUCTION (GO_BP),1,78,3.1004646456731044,0.2799539611853904,PLCG2,0.38616253601712475,GO_BP
REACTOME_B_WICH_COMPLEX_POSITIVELY_REGULATES_RRNA_EXPRESSION (Reactome),1,78,3.1004646456731044,0.2799539611853904,ACTB,0.38616253601712475,Reactome
REACTOME_ONCOGENIC_MAPK_SIGNALING (Reactome),1,78,3.1004646456731044,0.2799539611853904,ACTB,0.38616253601712475,Reactome
REACTOME_SELECTIVE_AUTOPHAGY (Reactome),1,78,3.1004646456731044,0.2799539611853904,TUBA1B,0.38616253601712475,Reactome
GOBP_ANION_TRANSPORT (GO_BP),3,439,1.6501986593302598,0.28019414834361117,SLC1A3;GABRB1;SYT4,0.3862385651209488,GO_BP
GOMF_PHOSPHATIDYLINOSITOL_BINDING (GO_MF),2,249,1.9382231706967743,0.28081097310130776,GAP43;PARD3B,0.3868333339025936,GO_MF
GOBP_ACTIVATION_OF_IMMUNE_RESPONSE (GO_BP),2,250,1.9303371301727548,0.2823636374679138,FOXP1;PLCG2,0.38871564076222703,GO_BP
GOBP_MUCOPOLYSACCHARIDE_METABOLIC_PROCESS (GO_BP),1,79,3.0605959753648357,0.2829839839905167,CHSY3,0.3893128375663865,GO_BP
GOBP_DEVELOPMENTAL_MATURATION (GO_BP),2,251,1.9225148232876177,0.2839160519991961,CNTNAP2;RELN,0.3898242108699489,GO_BP
GOCC_CYTOPLASMIC_REGION (GO_CC),2,251,1.9225148232876177,0.2839160519991961,CALY;DNAH14,0.3898242108699489,GO_CC
GOMF_PEPTIDE_BINDING (GO_MF),2,251,1.9225148232876177,0.2839160519991961,COL25A1;GPR149,0.3898242108699489,GO_MF
GOCC_SIDE_OF_MEMBRANE (GO_CC),3,443,1.6349476287381177,0.28475347061877265,ALCAM;GNAL;EPHA5,0.3903759686946669,GO_CC
GOBP_LONG_TERM_SYNAPTIC_POTENTIATION (GO_BP),1,80,3.021736553168484,0.28600136853576696,RELN,0.3903759686946669,GO_BP
GOBP_NEGATIVE_REGULATION_OF_ION_TRANSMEMBRANE_TRANSPORT (GO_BP),1,80,3.021736553168484,0.28600136853576696,CALM2,0.3903759686946669,GO_BP
GOBP_NEURAL_CREST_CELL_DIFFERENTIATION (GO_BP),1,80,3.021736553168484,0.28600136853576696,NRP1,0.3903759686946669,GO_BP
GOBP_NEUROPEPTIDE_SIGNALING_PATHWAY (GO_BP),1,80,3.021736553168484,0.28600136853576696,GPR149,0.3903759686946669,GO_BP
GOBP_REGULATION_OF_CYTOKINESIS (GO_BP),1,80,3.021736553168484,0.28600136853576696,CALM2,0.3903759686946669,GO_BP
GOCC_BLOOD_MICROPARTICLE (GO_CC),1,80,3.021736553168484,0.28600136853576696,ACTB,0.3903759686946669,GO_CC
GOCC_GOLGI_CISTERNA_MEMBRANE (GO_CC),1,80,3.021736553168484,0.28600136853576696,CHSY3,0.3903759686946669,GO_CC
GOCC_SPINDLE_MICROTUBULE (GO_CC),1,80,3.021736553168484,0.28600136853576696,CALM2,0.3903759686946669,GO_CC
GOBP_GLIOGENESIS (GO_BP),2,254,1.899423215530471,0.2885715472588042,GAP43;RELN,0.39362667916936234,GO_BP
GOBP_POSITIVE_REGULATION_OF_PROTEIN_POLYMERIZATION (GO_BP),1,81,2.9838602647734107,0.28900616706675153,SLAIN1,0.39396203178857636,GO_BP
GOBP_MICROTUBULE_POLYMERIZATION (GO_BP),1,82,2.946917669468562,0.2919984316150366,SLAIN1,0.39700373080168166,GO_BP
GOBP_NUCLEOSIDE_PHOSPHATE_CATABOLIC_PROCESS (GO_BP),1,82,2.946917669468562,0.2919984316150366,PDE7B,0.39700373080168166,GO_BP
GOBP_POST_EMBRYONIC_DEVELOPMENT (GO_BP),1,82,2.946917669468562,0.2919984316150366,DSCAM,0.39700373080168166,GO_BP
GOBP_REGULATION_OF_PROTEIN_TYROSINE_KINASE_ACTIVITY (GO_BP),1,82,2.946917669468562,0.2919984316150366,RELN,0.39700373080168166,GO_BP
GOBP_MUSCLE_ADAPTATION (GO_BP),1,83,2.910876852591021,0.29497821399901725,FOXO1,0.39975294325710975,GO_BP
GOBP_NEGATIVE_REGULATION_OF_PROTEIN_BINDING (GO_BP),1,83,2.910876852591021,0.29497821399901725,ACTB,0.39975294325710975,GO_BP
GOCC_MEMBRANE_COAT (GO_CC),1,83,2.910876852591021,0.29497821399901725,KCNQ5,0.39975294325710975,GO_CC
GOMF_BETA_CATENIN_BINDING (GO_MF),1,83,2.910876852591021,0.29497821399901725,FOXO1,0.39975294325710975,GO_MF
KEGG_SMALL_CELL_LUNG_CANCER (KEGG),1,83,2.910876852591021,0.29497821399901725,RARB,0.39975294325710975,KEGG
GOBP_NEGATIVE_REGULATION_OF_EXTRINSIC_APOPTOTIC_SIGNALING_PATHWAY (GO_BP),1,84,2.8757050999908342,0.29794556582478127,NRP1,0.4016875942353479,GO_BP
GOMF_VOLTAGE_GATED_POTASSIUM_CHANNEL_ACTIVITY (GO_MF),1,84,2.8757050999908342,0.29794556582478127,KCNQ5,0.4016875942353479,GO_MF
KEGG_ERBB_SIGNALING_PATHWAY (KEGG),1,84,2.8757050999908342,0.29794556582478127,PLCG2,0.4016875942353479,KEGG
KEGG_PROSTATE_CANCER (KEGG),1,84,2.8757050999908342,0.29794556582478127,FOXO1,0.4016875942353479,KEGG
REACTOME_COLLAGEN_FORMATION (Reactome),1,84,2.8757050999908342,0.29794556582478127,COL25A1,0.4016875942353479,Reactome
REACTOME_DEGRADATION_OF_BETA_CATENIN_BY_THE_DESTRUCTION_COMPLEX (Reactome),1,84,2.8757050999908342,0.29794556582478127,TLE4,0.4016875942353479,Reactome
REACTOME_GLOBAL_GENOME_NUCLEOTIDE_EXCISION_REPAIR_GG_NER (Reactome),1,84,2.8757050999908342,0.29794556582478127,ACTB,0.4016875942353479,Reactome
REACTOME_INTERLEUKIN_4_AND_INTERLEUKIN_13_SIGNALING (Reactome),1,84,2.8757050999908342,0.29794556582478127,FOXO1,0.4016875942353479,Reactome
GOCC_EXTERNAL_SIDE_OF_PLASMA_MEMBRANE (GO_CC),2,261,1.8476447153999545,0.299421051422316,ALCAM;EPHA5,0.4034162261577621,GO_CC
GOBP_CELLULAR_RESPONSE_TO_LIPID (GO_BP),3,457,1.5836840318728744,0.30075848091602253,FOXP1;PLCG2;BRINP3,0.40436537271236855,GO_BP
GOBP_EPITHELIAL_CELL_APOPTOTIC_PROCESS (GO_BP),1,85,2.841371248281054,0.30090053848697096,RYR2,0.40436537271236855,GO_BP
GOBP_VASCULAR_TRANSPORT (GO_BP),1,85,2.841371248281054,0.30090053848697096,SLC1A3,0.40436537271236855,GO_BP
GOMF_PHOSPHOPROTEIN_BINDING (GO_MF),1,85,2.841371248281054,0.30090053848697096,PLCG2,0.40436537271236855,GO_MF
GOBP_ACTIN_MEDIATED_CELL_CONTRACTION (GO_BP),1,86,2.8078455992975995,0.3038431831696419,RYR2,0.40674837926558216,GO_BP
GOBP_ALPHA_AMINO_ACID_CATABOLIC_PROCESS (GO_BP),1,86,2.8078455992975995,0.3038431831696419,GLUD1,0.40674837926558216,GO_BP
GOBP_LEUKOCYTE_APOPTOTIC_PROCESS (GO_BP),1,86,2.8078455992975995,0.3038431831696419,FOXP1,0.40674837926558216,GO_BP
GOBP_MOLTING_CYCLE (GO_BP),1,86,2.8078455992975995,0.3038431831696419,LDB2,0.40674837926558216,GO_BP
KEGG_RIBOSOME (KEGG),1,86,2.8078455992975995,0.3038431831696419,RPL37A,0.40674837926558216,KEGG
REACTOME_SLC_TRANSPORTER_DISORDERS (Reactome),1,86,2.8078455992975995,0.3038431831696419,SLC1A3,0.40674837926558216,Reactome
GOBP_ALPHA_BETA_T_CELL_DIFFERENTIATION (GO_BP),1,87,2.775099839570819,0.30677355084711677,FOXP1,0.40753430975043453,GO_BP
GOBP_CARDIAC_MUSCLE_CELL_DIFFERENTIATION (GO_BP),1,87,2.775099839570819,0.30677355084711677,RARB,0.40753430975043453,GO_BP
GOBP_DICARBOXYLIC_ACID_METABOLIC_PROCESS (GO_BP),1,87,2.775099839570819,0.30677355084711677,GLUD1,0.40753430975043453,GO_BP
GOBP_OOGENESIS (GO_BP),1,87,2.775099839570819,0.30677355084711677,GPR149,0.40753430975043453,GO_BP
GOBP_REGULATION_OF_MICROTUBULE_POLYMERIZATION_OR_DEPOLYMERIZATION (GO_BP),1,87,2.775099839570819,0.30677355084711677,SLAIN1,0.40753430975043453,GO_BP
GOBP_REGULATION_OF_MYELOID_LEUKOCYTE_DIFFERENTIATION (GO_BP),1,87,2.775099839570819,0.30677355084711677,FOXP1,0.40753430975043453,GO_BP
GOCC_NEURON_PROJECTION_CYTOPLASM (GO_CC),1,87,2.775099839570819,0.30677355084711677,CALY,0.40753430975043453,GO_CC
GOMF_MRNA_3_UTR_BINDING (GO_MF),1,87,2.775099839570819,0.30677355084711677,RBFOX1,0.40753430975043453,GO_MF
KEGG_FC_GAMMA_R_MEDIATED_PHAGOCYTOSIS (KEGG),1,87,2.775099839570819,0.30677355084711677,PLCG2,0.40753430975043453,KEGG
KEGG_GNRH_SIGNALING_PATHWAY (KEGG),1,87,2.775099839570819,0.30677355084711677,CALM2,0.40753430975043453,KEGG
REACTOME_OPIOID_SIGNALLING (Reactome),1,87,2.775099839570819,0.30677355084711677,GNAL,0.40753430975043453,Reactome
REACTOME_PROTEIN_PROTEIN_INTERACTIONS_AT_SYNAPSES (Reactome),1,87,2.775099839570819,0.30677355084711677,LRRTM3,0.40753430975043453,Reactome
GOBP_AMINE_TRANSPORT (GO_BP),1,88,2.743045410459171,0.3096916922848413,SYT4,0.41010568642034506,GO_BP
GOBP_AMINO_ACID_TRANSMEMBRANE_TRANSPORT (GO_BP),1,88,2.743045410459171,0.3096916922848413,SLC1A3,0.41010568642034506,GO_BP
GOBP_RESPONSE_TO_LEUKEMIA_INHIBITORY_FACTOR (GO_BP),1,88,2.743045410459171,0.3096916922848413,TLE4,0.41010568642034506,GO_BP
GOMF_NEUROTRANSMITTER_RECEPTOR_ACTIVITY (GO_MF),1,88,2.743045410459171,0.3096916922848413,GABRB1,0.41010568642034506,GO_MF
REACTOME_MAPK6_MAPK4_SIGNALING (Reactome),1,88,2.743045410459171,0.3096916922848413,FOXO1,0.41010568642034506,Reactome
GOBP_EXTERNAL_ENCAPSULATING_STRUCTURE_ORGANIZATION (GO_BP),2,268,1.7984320094564672,0.3102454148465855,ADAMTS19;SMOC2,0.4103182387736527,GO_BP
GOBP_ORGANIC_ACID_BIOSYNTHETIC_PROCESS (GO_BP),2,268,1.7984320094564672,0.3102454148465855,SLC1A3;GLUD1,0.4103182387736527,GO_BP
GOBP_CELLULAR_AMINO_ACID_METABOLIC_PROCESS (GO_BP),2,269,1.79164456854354,0.3117892501906908,SLC1A3;GLUD1,0.41183807920757703,GO_BP
GOBP_REGULATION_OF_INFLAMMATORY_RESPONSE (GO_BP),2,269,1.79164456854354,0.3117892501906908,FOXP1;PLCG2,0.41183807920757703,GO_BP
GOBP_RESPONSE_TO_RETINOIC_ACID (GO_BP),1,89,2.711800819424138,0.3125976580402269,BRINP3,0.412383888956987,GO_BP
GOCC_EXTRINSIC_COMPONENT_OF_CYTOPLASMIC_SIDE_OF_PLASMA_MEMBRANE (GO_CC),1,89,2.711800819424138,0.3125976580402269,GNAL,0.412383888956987,GO_CC
GOCC_ENDOPLASMIC_RETICULUM_LUMEN (GO_CC),2,271,1.7782236836461363,0.31487482740287664,COL25A1;SPON1,0.4148902062339767,GO_CC
GOBP_POSITIVE_REGULATION_OF_PRODUCTION_OF_MOLECULAR_MEDIATOR_OF_IMMUNE_RESPONSE (GO_BP),1,90,2.681256159968925,0.31549149846349833,PLCG2,0.4148902062339767,GO_BP
GOBP_REGULATION_OF_CARBOHYDRATE_BIOSYNTHETIC_PROCESS (GO_BP),1,90,2.681256159968925,0.31549149846349833,FOXO1,0.4148902062339767,GO_BP
KEGG_MELANOGENESIS (KEGG),1,90,2.681256159968925,0.31549149846349833,CALM2,0.4148902062339767,KEGG
REACTOME_ACTIVATION_OF_NMDA_RECEPTORS_AND_POSTSYNAPTIC_EVENTS (Reactome),1,90,2.681256159968925,0.31549149846349833,TUBA1B,0.4148902062339767,Reactome
GOBP_ORGANIC_ACID_TRANSPORT (GO_BP),2,272,1.771586108633019,0.31641652696034817,SLC1A3;SYT4,0.4155829400668638,GO_BP
GOBP_POSITIVE_REGULATION_OF_ESTABLISHMENT_OF_PROTEIN_LOCALIZATION (GO_BP),2,272,1.771586108633019,0.31641652696034817,GLUD1;NNAT,0.4155829400668638,GO_BP
GOCC_TRANS_GOLGI_NETWORK_MEMBRANE (GO_CC),1,91,2.6513878397419304,0.318373263698535,CALN1,0.4173649505897253,GO_CC
KEGG_NATURAL_KILLER_CELL_MEDIATED_CYTOTOXICITY (KEGG),1,91,2.6513878397419304,0.318373263698535,PLCG2,0.4173649505897253,KEGG
REACTOME_PI3K_AKT_SIGNALING_IN_CANCER (Reactome),1,91,2.6513878397419304,0.318373263698535,FOXO1,0.4173649505897253,Reactome
GOBP_CANONICAL_WNT_SIGNALING_PATHWAY (GO_BP),2,275,1.7519204734779446,0.32103701948152763,FOXO1;TLE4,0.41875961816858237,GO_BP
REACTOME_METABOLISM_OF_CARBOHYDRATES (Reactome),2,275,1.7519204734779446,0.32103701948152763,CHSY3;HS6ST3,0.41875961816858237,Reactome
GOBP_DIGESTION (GO_BP),1,92,2.6221733359155412,0.32124300368370884,CCK,0.41875961816858237,GO_BP
GOBP_REGULATION_OF_CYCLIN_DEPENDENT_PROTEIN_KINASE_ACTIVITY (GO_BP),1,92,2.6221733359155412,0.32124300368370884,ACTB,0.41875961816858237,GO_BP
GOBP_REGULATION_OF_PHOSPHATIDYLINOSITOL_3_KINASE_SIGNALING (GO_BP),1,92,2.6221733359155412,0.32124300368370884,RELN,0.41875961816858237,GO_BP
GOMF_PHOSPHOLIPASE_ACTIVITY (GO_MF),1,92,2.6221733359155412,0.32124300368370884,PLCG2,0.41875961816858237,GO_MF
REACTOME_EUKARYOTIC_TRANSLATION_ELONGATION (Reactome),1,92,2.6221733359155412,0.32124300368370884,RPL37A,0.41875961816858237,Reactome
REACTOME_MITOCHONDRIAL_BIOGENESIS (Reactome),1,92,2.6221733359155412,0.32124300368370884,GLUD1,0.41875961816858237,Reactome
REACTOME_P75_NTR_RECEPTOR_MEDIATED_SIGNALLING (Reactome),1,92,2.6221733359155412,0.32124300368370884,NGEF,0.41875961816858237,Reactome
GOBP_REGULATION_OF_PROTEIN_LOCALIZATION_TO_PLASMA_MEMBRANE (GO_BP),1,93,2.5935911401200165,0.3241007681527185,ACTB,0.42143196456992116,GO_BP
GOCC_PROTEIN_ACETYLTRANSFERASE_COMPLEX (GO_CC),1,93,2.5935911401200165,0.3241007681527185,ACTB,0.42143196456992116,GO_CC
REACTOME_POSITIVE_EPIGENETIC_REGULATION_OF_RRNA_EXPRESSION (Reactome),1,93,2.5935911401200165,0.3241007681527185,ACTB,0.42143196456992116,Reactome
REACTOME_RECRUITMENT_OF_NUMA_TO_MITOTIC_CENTROSOMES (Reactome),1,93,2.5935911401200165,0.3241007681527185,TUBA1B,0.42143196456992116,Reactome
GOBP_REGULATION_OF_DEFENSE_RESPONSE (GO_BP),3,478,1.512452587114192,0.3248504414261614,FOXP1;NPAS2;PLCG2,0.42214375545230315,GO_BP
GOBP_PROTEIN_MATURATION (GO_BP),2,278,1.7326820730993815,0.3256501740322715,NNAT;SPON1,0.42239397961799285,GO_BP
GOBP_RESPONSE_TO_STEROID_HORMONE (GO_BP),2,278,1.7326820730993815,0.3256501740322715,FOXP1;GABRB1,0.42239397961799285,GO_BP
GOMF_ANION_TRANSMEMBRANE_TRANSPORTER_ACTIVITY (GO_MF),2,278,1.7326820730993815,0.3256501740322715,SLC1A3;GABRB1,0.42239397961799285,GO_MF
GOBP_ACTIVATION_OF_GTPASE_ACTIVITY (GO_BP),1,94,2.5656117407019052,0.32694660663541986,NGEF,0.42328633253605535,GO_BP
GOBP_PIGMENTATION (GO_BP),1,94,2.5656117407019052,0.32694660663541986,LRMDA,0.42328633253605535,GO_BP
REACTOME_CLEC7A_DECTIN_1_SIGNALING (Reactome),1,94,2.5656117407019052,0.32694660663541986,PLCG2,0.42328633253605535,Reactome
GOBP_CHEMICAL_SYNAPTIC_TRANSMISSION_POSTSYNAPTIC (GO_BP),1,95,2.5382254791442023,0.32978056845865633,RELN,0.4256351554565342,GO_BP
GOBP_REGULATION_OF_POTASSIUM_ION_TRANSPORT (GO_BP),1,95,2.5382254791442023,0.32978056845865633,KCNIP4,0.4256351554565342,GO_BP
GOBP_RESPONSE_TO_FIBROBLAST_GROWTH_FACTOR (GO_BP),1,95,2.5382254791442023,0.32978056845865633,SMOC2,0.4256351554565342,GO_BP
GOMF_SOLUTE_CATION_SYMPORTER_ACTIVITY (GO_MF),1,95,2.5382254791442023,0.32978056845865633,SLC1A3,0.4256351554565342,GO_MF
REACTOME_POTASSIUM_CHANNELS (Reactome),1,95,2.5382254791442023,0.32978056845865633,KCNQ5,0.4256351554565342,Reactome
GOBP_RESPONSE_TO_LIGHT_STIMULUS (GO_BP),2,281,1.7138571051297735,0.3302554515858802,MEIS2;SLC1A3,0.4259846276018121,GO_BP
GOBP_POSITIVE_REGULATION_OF_INFLAMMATORY_RESPONSE (GO_BP),1,96,2.5113727382537867,0.33260270274708115,PLCG2,0.42742724176918623,GO_BP
GOBP_REGULATION_OF_NEUROTRANSMITTER_TRANSPORT (GO_BP),1,96,2.5113727382537867,0.33260270274708115,SYT4,0.42742724176918623,GO_BP
GOBP_VIRAL_GENE_EXPRESSION (GO_BP),1,96,2.5113727382537867,0.33260270274708115,MGAT4C,0.42742724176918623,GO_BP
REACTOME_ACTIVATION_OF_ANTERIOR_HOX_GENES_IN_HINDBRAIN_DEVELOPMENT_DURING_EARLY_EMBRYOGENESIS (Reactome),1,96,2.5113727382537867,0.33260270274708115,RARB,0.42742724176918623,Reactome
REACTOME_COPI_DEPENDENT_GOLGI_TO_ER_RETROGRADE_TRAFFIC (Reactome),1,96,2.5113727382537867,0.33260270274708115,TUBA1B,0.42742724176918623,Reactome
REACTOME_STIMULI_SENSING_CHANNELS (Reactome),1,96,2.5113727382537867,0.33260270274708115,RYR2,0.42742724176918623,Reactome
REACTOME_SIGNALING_BY_RECEPTOR_TYROSINE_KINASES (Reactome),3,486,1.4869530728864622,0.3340370789550633,ACTB;GABRB1;NRP1,0.42900639001797974,Reactome
GOBP_POSITIVE_REGULATION_OF_PLASMA_MEMBRANE_BOUNDED_CELL_PROJECTION_ASSEMBLY (GO_BP),1,97,2.485026100937894,0.33541305842398017,NRP1,0.42918887365471897,GO_BP
GOBP_TOLL_LIKE_RECEPTOR_SIGNALING_PATHWAY (GO_BP),1,97,2.485026100937894,0.33541305842398017,PLCG2,0.42918887365471897,GO_BP
GOCC_CYTOSOLIC_RIBOSOME (GO_CC),1,97,2.485026100937894,0.33541305842398017,RPL37A,0.42918887365471897,GO_CC
GOMF_METALLOENDOPEPTIDASE_ACTIVITY (GO_MF),1,97,2.485026100937894,0.33541305842398017,ADAMTS19,0.42918887365471897,GO_MF
REACTOME_COPI_MEDIATED_ANTEROGRADE_TRANSPORT (Reactome),1,97,2.485026100937894,0.33541305842398017,TUBA1B,0.42918887365471897,Reactome
REACTOME_UCH_PROTEINASES (Reactome),1,97,2.485026100937894,0.33541305842398017,ACTB,0.42918887365471897,Reactome
GOBP_ACTIN_CYTOSKELETON_REORGANIZATION (GO_BP),1,98,2.4594561756757525,0.33821168421208814,NRP1,0.4322399172998334,GO_BP
GOBP_GLAND_MORPHOGENESIS (GO_BP),1,98,2.4594561756757525,0.33821168421208814,NRP1,0.4322399172998334,GO_BP
REACTOME_ORGANELLE_BIOGENESIS_AND_MAINTENANCE (Reactome),2,287,1.6773951974552028,0.3394402914214628,GLUD1;TUBA1B,0.43354460721945715,Reactome
GOBP_CELLULAR_MONOVALENT_INORGANIC_CATION_HOMEOSTASIS (GO_BP),1,99,2.434272401214306,0.340998628634405,SLC1A3,0.43367711027422495,GO_BP
GOBP_REGULATION_OF_MRNA_SPLICING_VIA_SPLICEOSOME (GO_BP),1,99,2.434272401214306,0.340998628634405,RBFOX1,0.43367711027422495,GO_BP
GOBP_REGULATION_OF_TOR_SIGNALING (GO_BP),1,99,2.434272401214306,0.340998628634405,RELN,0.43367711027422495,GO_BP
GOCC_FILOPODIUM (GO_CC),1,99,2.434272401214306,0.340998628634405,GAP43,0.43367711027422495,GO_CC
GOMF_KINASE_ACTIVATOR_ACTIVITY (GO_MF),1,99,2.434272401214306,0.340998628634405,CALM2,0.43367711027422495,GO_MF
GOMF_PROTEIN_N_TERMINUS_BINDING (GO_MF),1,99,2.434272401214306,0.340998628634405,CALM2,0.43367711027422495,GO_MF
REACTOME_TRANSPORT_OF_INORGANIC_CATIONS_ANIONS_AND_AMINO_ACIDS_OLIGOPEPTIDES (Reactome),1,99,2.434272401214306,0.340998628634405,SLC1A3,0.43367711027422495,Reactome
GOBP_INTEGRIN_MEDIATED_SIGNALING_PATHWAY (GO_BP),1,100,2.4096244862683465,0.3437739400150076,NRP1,0.4361435944141768,GO_BP
GOBP_NEURAL_TUBE_FORMATION (GO_BP),1,100,2.4096244862683465,0.3437739400150076,DLC1,0.4361435944141768,GO_BP
GOBP_REGULATION_OF_RECEPTOR_MEDIATED_ENDOCYTOSIS (GO_BP),1,100,2.4096244862683465,0.3437739400150076,PLCG2,0.4361435944141768,GO_BP
REACTOME_RESPONSE_OF_EIF2AK4_GCN2_TO_AMINO_ACID_DEFICIENCY (Reactome),1,100,2.4096244862683465,0.3437739400150076,RPL37A,0.4361435944141768,Reactome
GOCC_DNA_PACKAGING_COMPLEX (GO_CC),1,101,2.385549315891272,0.34653766647985385,ACTB,0.43938281284535535,GO_CC
REACTOME_ASPARAGINE_N_LINKED_GLYCOSYLATION (Reactome),2,292,1.6481618849380322,0.34706575075863166,MGAT4C;TUBA1B,0.4397851984415691,Reactome
GOBP_CELLULAR_AMINO_ACID_CATABOLIC_PROCESS (GO_BP),1,102,2.3615745492748808,0.34928985595759465,GLUD1,0.4415311504442762,GO_BP
GOBP_INSULIN_RECEPTOR_SIGNALING_PATHWAY (GO_BP),1,102,2.3615745492748808,0.34928985595759465,FOXO1,0.4415311504442762,GO_BP
GOBP_POSITIVE_REGULATION_OF_MAP_KINASE_ACTIVITY (GO_BP),1,102,2.3615745492748808,0.34928985595759465,ROBO1,0.4415311504442762,GO_BP
REACTOME_ABC_FAMILY_PROTEINS_MEDIATED_TRANSPORT (Reactome),1,102,2.3615745492748808,0.34928985595759465,ABCB5,0.4415311504442762,Reactome
GOMF_MRNA_BINDING (GO_MF),2,295,1.631100427916933,0.3516275583060253,PEG10;RBFOX1,0.4428497713974857,GO_MF
GOBP_NEGATIVE_REGULATION_OF_TRANSMEMBRANE_TRANSPORT (GO_BP),1,103,2.338385586233023,0.3520305561803684,CALM2,0.4428497713974857,GO_BP
GOBP_SUBSTRATE_ADHESION_DEPENDENT_CELL_SPREADING (GO_BP),1,103,2.338385586233023,0.3520305561803684,NRP1,0.4428497713974857,GO_BP
GOCC_INTERMEDIATE_FILAMENT_CYTOSKELETON (GO_CC),1,103,2.338385586233023,0.3520305561803684,NRP1,0.4428497713974857,GO_CC
GOCC_PLASMA_MEMBRANE_RAFT (GO_CC),1,103,2.338385586233023,0.3520305561803684,DLC1,0.4428497713974857,GO_CC
GOMF_CYTOSKELETAL_MOTOR_ACTIVITY (GO_MF),1,103,2.338385586233023,0.3520305561803684,DNAH14,0.4428497713974857,GO_MF
GOMF_LIGAND_GATED_CATION_CHANNEL_ACTIVITY (GO_MF),1,103,2.338385586233023,0.3520305561803684,RYR2,0.4428497713974857,GO_MF
KEGG_OOCYTE_MEIOSIS (KEGG),1,103,2.338385586233023,0.3520305561803684,CALM2,0.4428497713974857,KEGG
GOBP_REGULATION_OF_HEMOPOIESIS (GO_BP),2,296,1.6254905933793729,0.35314581276762924,MEIS2;FOXP1,0.44398512725665196,GO_BP
GOBP_REGULATION_OF_WNT_SIGNALING_PATHWAY (GO_BP),2,297,1.6199187640080335,0.3546628651584258,FOXO1;TLE4,0.4444080031493196,GO_BP
GOBP_SYNAPTIC_VESICLE_EXOCYTOSIS (GO_BP),1,104,2.3156300258183404,0.35475981468460305,SYT4,0.4444080031493196,GO_BP
GOCC_ACTIN_FILAMENT (GO_CC),1,104,2.3156300258183404,0.35475981468460305,ACTB,0.4444080031493196,GO_CC
GOMF_ATPASE_COUPLED_TRANSMEMBRANE_TRANSPORTER_ACTIVITY (GO_MF),1,104,2.3156300258183404,0.35475981468460305,ABCB5,0.4444080031493196,GO_MF
GOMF_CYTOKINE_BINDING (GO_MF),1,104,2.3156300258183404,0.35475981468460305,NRP1,0.4444080031493196,GO_MF
REACTOME_TCR_SIGNALING (Reactome),1,104,2.3156300258183404,0.35475981468460305,PLCG2,0.4444080031493196,Reactome
GOBP_B_CELL_DIFFERENTIATION (GO_BP),1,105,2.293300738011134,0.35747767881181225,PLCG2,0.4459414049916446,GO_BP
GOBP_DIGESTIVE_SYSTEM_DEVELOPMENT (GO_BP),1,105,2.293300738011134,0.35747767881181225,RARB,0.4459414049916446,GO_BP
GOBP_POLYOL_METABOLIC_PROCESS (GO_BP),1,105,2.293300738011134,0.35747767881181225,PLCG2,0.4459414049916446,GO_BP
GOBP_REGULATION_OF_DNA_BINDING (GO_BP),1,105,2.293300738011134,0.35747767881181225,CALM2,0.4459414049916446,GO_BP
REACTOME_G_ALPHA_S_SIGNALLING_EVENTS (Reactome),1,105,2.293300738011134,0.35747767881181225,PDE7B,0.4459414049916446,Reactome
REACTOME_SIGNALING_BY_THE_B_CELL_RECEPTOR_BCR (Reactome),1,105,2.293300738011134,0.35747767881181225,PLCG2,0.4459414049916446,Reactome
GOMF_UBIQUITIN_LIKE_PROTEIN_LIGASE_BINDING (GO_MF),2,299,1.6088875892899943,0.3576932975352243,TUBA1B;FOXO1,0.4459414049916446,GO_MF
REACTOME_RHO_GTPASE_EFFECTORS (Reactome),2,299,1.6088875892899943,0.3576932975352243,ACTB;TUBA1B,0.4459414049916446,Reactome
GOBP_ORGANELLE_MEMBRANE_FUSION (GO_BP),1,106,2.2713892682312933,0.360184195709384,SYT4,0.4479764102774043,GO_BP
GOBP_POSITIVE_REGULATION_OF_CELL_CYCLE_PHASE_TRANSITION (GO_BP),1,106,2.2713892682312933,0.360184195709384,PLCG2,0.4479764102774043,GO_BP
GOBP_REGULATION_OF_GLUCOSE_METABOLIC_PROCESS (GO_BP),1,106,2.2713892682312933,0.360184195709384,FOXO1,0.4479764102774043,GO_BP
GOCC_GOLGI_CISTERNA (GO_CC),1,106,2.2713892682312933,0.360184195709384,CHSY3,0.4479764102774043,GO_CC
REACTOME_MAPK_FAMILY_SIGNALING_CASCADES (Reactome),2,301,1.5980038926983977,0.36071872462273236,ACTB;FOXO1,0.4481071299331205,Reactome
REACTOME_SIGNALING_BY_WNT (Reactome),2,301,1.5980038926983977,0.36071872462273236,PRKG1;TLE4,0.4481071299331205,Reactome
GOBP_ORGANIC_ANION_TRANSPORT (GO_BP),2,303,1.5872647441694911,0.3637390180984379,SLC1A3;SYT4,0.45159032169627594,GO_BP
GOBP_NEGATIVE_REGULATION_OF_EPITHELIAL_CELL_PROLIFERATION (GO_BP),1,108,2.228782223476282,0.36556337543928163,ROBO1,0.453046772293219,GO_BP
GOBP_POSITIVE_REGULATION_OF_CELL_SUBSTRATE_ADHESION (GO_BP),1,108,2.228782223476282,0.36556337543928163,NRP1,0.453046772293219,GO_BP
GOBP_POSITIVE_REGULATION_OF_INNATE_IMMUNE_RESPONSE (GO_BP),1,108,2.228782223476282,0.36556337543928163,PLCG2,0.453046772293219,GO_BP
GOBP_NEURON_DEATH (GO_BP),2,305,1.5766672918446312,0.3667540520991144,DCC;NRP1,0.45342637039215267,GO_BP
GOBP_NEGATIVE_REGULATION_OF_DNA_METABOLIC_PROCESS (GO_BP),1,109,2.2080397932739033,0.36823613160284885,DACH1,0.45342637039215267,GO_BP
GOBP_POSITIVE_REGULATION_OF_LEUKOCYTE_MEDIATED_IMMUNITY (GO_BP),1,109,2.2080397932739033,0.36823613160284885,PLCG2,0.45342637039215267,GO_BP
GOBP_REGULATION_OF_DOUBLE_STRAND_BREAK_REPAIR (GO_BP),1,109,2.2080397932739033,0.36823613160284885,ACTB,0.45342637039215267,GO_BP
GOCC_LARGE_RIBOSOMAL_SUBUNIT (GO_CC),1,109,2.2080397932739033,0.36823613160284885,RPL37A,0.45342637039215267,GO_CC
GOCC_PROTEIN_KINASE_COMPLEX (GO_CC),1,109,2.2080397932739033,0.36823613160284885,CALM2,0.45342637039215267,GO_CC
GOMF_LIPASE_ACTIVITY (GO_MF),1,109,2.2080397932739033,0.36823613160284885,PLCG2,0.45342637039215267,GO_MF
GOMF_SNARE_BINDING (GO_MF),1,109,2.2080397932739033,0.36823613160284885,SYT4,0.45342637039215267,GO_MF
REACTOME_MHC_CLASS_II_ANTIGEN_PRESENTATION (Reactome),1,109,2.2080397932739033,0.36823613160284885,TUBA1B,0.45342637039215267,Reactome
GOBP_MUSCLE_CELL_DIFFERENTIATION (GO_BP),2,306,1.5714208312728968,0.3682595581287488,RARB;SGCZ,0.45342637039215267,GO_BP
REACTOME_GPCR_LIGAND_BINDING (Reactome),2,306,1.5714208312728968,0.3682595581287488,GRM3;CCK,0.45342637039215267,Reactome
GOBP_T_CELL_RECEPTOR_SIGNALING_PATHWAY (GO_BP),1,110,2.1876068447957837,0.3708977272008235,PLCG2,0.4555995036304406,GO_BP
REACTOME_HEDGEHOG_OFF_STATE (Reactome),1,110,2.1876068447957837,0.3708977272008235,TUBA1B,0.4555995036304406,Reactome
REACTOME_NUCLEOTIDE_EXCISION_REPAIR (Reactome),1,110,2.1876068447957837,0.3708977272008235,ACTB,0.4555995036304406,Reactome
REACTOME_REGULATION_OF_LIPID_METABOLISM_BY_PPARALPHA (Reactome),1,110,2.1876068447957837,0.3708977272008235,NPAS2,0.4555995036304406,Reactome
GOBP_INTERLEUKIN_6_PRODUCTION (GO_BP),1,111,2.1678638250540745,0.37354820842174385,PLCG2,0.458315761890758,GO_BP
REACTOME_SRP_DEPENDENT_COTRANSLATIONAL_PROTEIN_TARGETING_TO_MEMBRANE (Reactome),1,111,2.1678638250540745,0.37354820842174385,RPL37A,0.458315761890758,Reactome
GOMF_RNA_POLYMERASE_II_SPECIFIC_DNA_BINDING_TRANSCRIPTION_FACTOR_BINDING (GO_MF),2,310,1.5507755410224098,0.3742678227423254,FOXP1;ACTB,0.45892887547781025,GO_MF
GOBP_CARDIOCYTE_DIFFERENTIATION (GO_BP),1,112,2.148212331747982,0.37618762126470984,RARB,0.46074152909592103,GO_BP
GOBP_NEGATIVE_REGULATION_OF_ESTABLISHMENT_OF_PROTEIN_LOCALIZATION (GO_BP),1,112,2.148212331747982,0.37618762126470984,SYT4,0.46074152909592103,GO_BP
GOBP_MAMMARY_GLAND_DEVELOPMENT (GO_BP),1,113,2.128927550196358,0.3788160115401523,ROBO1,0.46341677378915463,GO_BP
GOBP_REGULATION_OF_FAT_CELL_DIFFERENTIATION (GO_BP),1,113,2.128927550196358,0.3788160115401523,FOXO1,0.46341677378915463,GO_BP
GOBP_AMINOGLYCAN_METABOLIC_PROCESS (GO_BP),1,114,2.1099946752682555,0.3814334248706003,CHSY3,0.46552722672803676,GO_BP
GOBP_REGULATION_OF_CELLULAR_RESPONSE_TO_TRANSFORMING_GROWTH_FACTOR_BETA_STIMULUS (GO_BP),1,114,2.1099946752682555,0.3814334248706003,PEG10,0.46552722672803676,GO_BP
GOBP_REGULATION_OF_PROTEIN_LOCALIZATION_TO_CELL_PERIPHERY (GO_BP),1,114,2.1099946752682555,0.3814334248706003,ACTB,0.46552722672803676,GO_BP
REACTOME_NONSENSE_MEDIATED_DECAY_NMD (Reactome),1,114,2.1099946752682555,0.3814334248706003,RPL37A,0.46552722672803676,Reactome
GOBP_ACTIN_FILAMENT_BASED_MOVEMENT (GO_BP),1,115,2.0914008595624654,0.3840399066914463,RYR2,0.4676145188244157,GO_BP
GOBP_NEGATIVE_REGULATION_OF_TRANSMEMBRANE_RECEPTOR_PROTEIN_SERINE_THREONINE_KINASE_SIGNALING_PATHWAY (GO_BP),1,115,2.0914008595624654,0.3840399066914463,PEG10,0.4676145188244157,GO_BP
GOMF_HEAT_SHOCK_PROTEIN_BINDING (GO_MF),1,115,2.0914008595624654,0.3840399066914463,NPAS2,0.4676145188244157,GO_MF
REACTOME_SELENOAMINO_ACID_METABOLISM (Reactome),1,115,2.0914008595624654,0.3840399066914463,RPL37A,0.4676145188244157,Reactome
GOBP_RESPONSE_TO_PURINE_CONTAINING_COMPOUND (GO_BP),1,116,2.073134578097009,0.38663550225170373,RYR2,0.46995241304560614,GO_BP
REACTOME_ANTI_INFLAMMATORY_RESPONSE_FAVOURING_LEISHMANIA_PARASITE_INFECTION (Reactome),1,116,2.073134578097009,0.38663550225170373,PLCG2,0.46995241304560614,Reactome
REACTOME_PEPTIDE_LIGAND_BINDING_RECEPTORS (Reactome),1,116,2.073134578097009,0.38663550225170373,CCK,0.46995241304560614,Reactome
GOBP_MYELOID_CELL_DIFFERENTIATION (GO_BP),2,319,1.5062282897663397,0.3877019543284864,MEIS2;FOXP1,0.4709743764165024,GO_BP
GOMF_TETRAPYRROLE_BINDING (GO_MF),1,117,2.055185519122768,0.38922025661476767,GUCY1A1,0.4725437321436999,GO_MF
GOBP_BRANCHING_MORPHOGENESIS_OF_AN_EPITHELIAL_TUBE (GO_BP),1,118,2.0375443584021276,0.3917942146591672,NRP1,0.47428916820979233,GO_BP
GOBP_NEGATIVE_REGULATION_OF_ION_TRANSPORT (GO_BP),1,118,2.0375443584021276,0.3917942146591672,CALM2,0.47428916820979233,GO_BP
GOBP_STEROID_HORMONE_MEDIATED_SIGNALING_PATHWAY (GO_BP),1,118,2.0375443584021276,0.3917942146591672,FOXP1,0.47428916820979233,GO_BP
REACTOME_DEGRADATION_OF_THE_EXTRACELLULAR_MATRIX (Reactome),1,118,2.0375443584021276,0.3917942146591672,COL25A1,0.47428916820979233,Reactome
REACTOME_EUKARYOTIC_TRANSLATION_INITIATION (Reactome),1,118,2.0375443584021276,0.3917942146591672,RPL37A,0.47428916820979233,Reactome
GOBP_EXOCYTOSIS (GO_BP),2,323,1.4872374084680922,0.39363309163778104,SYT4;SYN2,0.47601153140112035,GO_BP
GOBP_ALPHA_BETA_T_CELL_ACTIVATION (GO_BP),1,119,2.0201410935564215,0.39435742107931815,FOXP1,0.47601153140112035,GO_BP
GOBP_MRNA_TRANSPORT (GO_BP),1,119,2.0201410935564215,0.39435742107931815,PEG10,0.47601153140112035,GO_BP
GOBP_PEPTIDYL_THREONINE_MODIFICATION (GO_BP),1,119,2.0201410935564215,0.39435742107931815,CALM2,0.47601153140112035,GO_BP
GOMF_GROWTH_FACTOR_BINDING (GO_MF),1,119,2.0201410935564215,0.39435742107931815,NRP1,0.47601153140112035,GO_MF
GOMF_CADHERIN_BINDING (GO_MF),2,324,1.4825631091395806,0.3951119145427494,CDH8;CDH9,0.47664656974029945,GO_MF
GOBP_CELLULAR_PROCESS_INVOLVED_IN_REPRODUCTION_IN_MULTICELLULAR_ORGANISM (GO_BP),2,325,1.4779177798178453,0.39658912734209717,GPR149;ROBO2,0.4779867304363239,GO_BP
GOBP_MICROTUBULE_POLYMERIZATION_OR_DEPOLYMERIZATION (GO_BP),1,120,2.003136732961539,0.3969099203862718,SLAIN1,0.4779867304363239,GO_BP
GOCC_I_BAND (GO_CC),1,120,2.003136732961539,0.3969099203862718,RYR2,0.4779867304363239,GO_CC
GOBP_CELL_SUBSTRATE_ADHESION (GO_BP),2,326,1.4733011513894212,0.39806471749993577,DLC1;NRP1,0.47910096045119144,GO_BP
GOBP_POSITIVE_REGULATION_OF_SMALL_MOLECULE_METABOLIC_PROCESS (GO_BP),1,121,1.9863935096594185,0.3994517569084589,FOXO1,0.47976824496021203,GO_BP
GOBP_SENSORY_PERCEPTION_OF_CHEMICAL_STIMULUS (GO_BP),1,121,1.9863935096594185,0.3994517569084589,GNAL,0.47976824496021203,GO_BP
GOBP_TOR_SIGNALING (GO_BP),1,121,1.9863935096594185,0.3994517569084589,RELN,0.47976824496021203,GO_BP
GOBP_MONONUCLEAR_CELL_DIFFERENTIATION (GO_BP),2,327,1.4687129580202416,0.39953867261181053,FOXP1;PLCG2,0.47976824496021203,GO_BP
GOBP_CILIUM_OR_FLAGELLUM_DEPENDENT_CELL_MOTILITY (GO_BP),1,122,1.9698974043861286,0.40198297479243295,DNAH14,0.48104269976594466,GO_BP
GOBP_REGULATION_OF_NERVOUS_SYSTEM_PROCESS (GO_BP),1,122,1.9698974043861286,0.40198297479243295,RELN,0.48104269976594466,GO_BP
GOBP_REGULATION_OF_PRODUCTION_OF_MOLECULAR_MEDIATOR_OF_IMMUNE_RESPONSE (GO_BP),1,122,1.9698974043861286,0.40198297479243295,PLCG2,0.48104269976594466,GO_BP
GOBP_REGULATION_OF_REGULATED_SECRETORY_PATHWAY (GO_BP),1,122,1.9698974043861286,0.40198297479243295,SYT4,0.48104269976594466,GO_BP
GOCC_ENDOPLASMIC_RETICULUM_GOLGI_INTERMEDIATE_COMPARTMENT (GO_CC),1,122,1.9698974043861286,0.40198297479243295,ROBO1,0.48104269976594466,GO_CC
REACTOME_C_TYPE_LECTIN_RECEPTORS_CLRS (Reactome),1,122,1.9698974043861286,0.40198297479243295,PLCG2,0.48104269976594466,Reactome
GOBP_IMMUNE_RESPONSE_REGULATING_SIGNALING_PATHWAY (GO_BP),2,329,1.4596208292417356,0.40248162873184246,FOXP1;PLCG2,0.48136341499332674,GO_BP
GOBP_ALCOHOL_BIOSYNTHETIC_PROCESS (GO_BP),1,123,1.9536793497470921,0.40450361800361023,PLCG2,0.48157390232375047,GO_BP
GOBP_CELLULAR_RESPONSE_TO_CARBOHYDRATE_STIMULUS (GO_BP),1,123,1.9536793497470921,0.40450361800361023,EPHA5,0.48157390232375047,GO_BP
GOBP_NEGATIVE_REGULATION_OF_NEURON_APOPTOTIC_PROCESS (GO_BP),1,123,1.9536793497470921,0.40450361800361023,NRP1,0.48157390232375047,GO_BP
GOBP_PHOSPHATIDYLINOSITOL_3_KINASE_SIGNALING (GO_BP),1,123,1.9536793497470921,0.40450361800361023,RELN,0.48157390232375047,GO_BP
GOBP_REGULATION_OF_DNA_RECOMBINATION (GO_BP),1,123,1.9536793497470921,0.40450361800361023,ACTB,0.48157390232375047,GO_BP
GOBP_REGULATION_OF_DNA_REPLICATION (GO_BP),1,123,1.9536793497470921,0.40450361800361023,DACH1,0.48157390232375047,GO_BP
REACTOME_HCMV_EARLY_EVENTS (Reactome),1,123,1.9536793497470921,0.40450361800361023,TUBA1B,0.48157390232375047,Reactome
REACTOME_RESOLUTION_OF_SISTER_CHROMATID_COHESION (Reactome),1,123,1.9536793497470921,0.40450361800361023,TUBA1B,0.48157390232375047,Reactome
GOBP_EPITHELIAL_CELL_PROLIFERATION (GO_BP),2,331,1.4506393306471712,0.4054178990625027,NRP1;ROBO1,0.4823872037305833,GO_BP
GOBP_ADULT_BEHAVIOR (GO_BP),1,124,1.9377258115047442,0.40701373032700583,CNTNAP2,0.4837344277861396,GO_BP
GOBP_POSITIVE_REGULATION_OF_AUTOPHAGY (GO_BP),1,124,1.9377258115047442,0.40701373032700583,FOXO1,0.4837344277861396,GO_BP
GOBP_ENTRY_INTO_HOST (GO_BP),1,126,1.9065885380080103,0.412002536552904,NRP1,0.488550735105631,GO_BP
GOBP_EPITHELIAL_TUBE_FORMATION (GO_BP),1,126,1.9065885380080103,0.412002536552904,DLC1,0.488550735105631,GO_BP
GOBP_HINDBRAIN_DEVELOPMENT (GO_BP),1,126,1.9065885380080103,0.412002536552904,DLC1,0.488550735105631,GO_BP
GOMF_CALCIUM_ION_TRANSMEMBRANE_TRANSPORTER_ACTIVITY (GO_MF),1,126,1.9065885380080103,0.412002536552904,RYR2,0.488550735105631,GO_MF
GOBP_RESPONSE_TO_XENOBIOTIC_STIMULUS (GO_BP),2,337,1.424338722845031,0.4141856594814306,SLC1A3;NPAS2,0.4906537202781319,GO_BP
GOBP_PHOSPHATIDYLINOSITOL_BIOSYNTHETIC_PROCESS (GO_BP),1,127,1.8913934189692323,0.41448131713001757,PLCG2,0.4906537202781319,GO_BP
GOMF_SERINE_HYDROLASE_ACTIVITY (GO_MF),1,127,1.8913934189692323,0.41448131713001757,RELN,0.4906537202781319,GO_MF
GOBP_GENE_SILENCING_BY_RNA (GO_BP),1,128,1.876439994434161,0.4169497401700232,MEG3,0.492458465045183,GO_BP
GOBP_MULTICELLULAR_ORGANISM_GROWTH (GO_BP),1,128,1.876439994434161,0.4169497401700232,RARB,0.492458465045183,GO_BP
GOBP_POSITIVE_REGULATION_OF_NF_KAPPAB_TRANSCRIPTION_FACTOR_ACTIVITY (GO_BP),1,128,1.876439994434161,0.4169497401700232,PLCG2,0.492458465045183,GO_BP
REACTOME_FC_EPSILON_RECEPTOR_FCERI_SIGNALING (Reactome),1,128,1.876439994434161,0.4169497401700232,PLCG2,0.492458465045183,Reactome
GOCC_CILIARY_PLASM (GO_CC),1,129,1.8617229504670012,0.4194078485668734,DNAH14,0.49424290229196205,GO_CC
GOMF_INORGANIC_ANION_TRANSMEMBRANE_TRANSPORTER_ACTIVITY (GO_MF),1,129,1.8617229504670012,0.4194078485668734,GABRB1,0.49424290229196205,GO_MF
REACTOME_GOLGI_TO_ER_RETROGRADE_TRANSPORT (Reactome),1,129,1.8617229504670012,0.4194078485668734,TUBA1B,0.49424290229196205,Reactome
REACTOME_HATS_ACETYLATE_HISTONES (Reactome),1,129,1.8617229504670012,0.4194078485668734,ACTB,0.49424290229196205,Reactome
GOBP_ACTION_POTENTIAL (GO_BP),1,130,1.847237095195366,0.42185568503847815,RYR2,0.4962868177425614,GO_BP
GOBP_ENDOTHELIAL_CELL_PROLIFERATION (GO_BP),1,130,1.847237095195366,0.42185568503847815,NRP1,0.4962868177425614,GO_BP
GOBP_NEGATIVE_REGULATION_OF_SECRETION (GO_BP),1,130,1.847237095195366,0.42185568503847815,SYT4,0.4962868177425614,GO_BP
GOMF_NUCLEAR_RECEPTOR_BINDING (GO_MF),1,131,1.8329773487970002,0.42429329212741695,FOXP1,0.4985923990258554,GO_MF
GOMF_SYMPORTER_ACTIVITY (GO_MF),1,131,1.8329773487970002,0.42429329212741695,SLC1A3,0.4985923990258554,GO_MF
GOBP_NEURAL_PRECURSOR_CELL_PROLIFERATION (GO_BP),1,132,1.818938736269069,0.42672071220165586,FOXO1,0.5008808359757344,GO_BP
GOBP_REGULATION_OF_CELLULAR_CARBOHYDRATE_METABOLIC_PROCESS (GO_BP),1,132,1.818938736269069,0.42672071220165586,FOXO1,0.5008808359757344,GO_BP
GOBP_GLAND_DEVELOPMENT (GO_BP),2,346,1.386608879450041,0.427217595908021,NRP1;ROBO1,0.5011821937380775,GO_BP
GOBP_SKELETAL_MUSCLE_ORGAN_DEVELOPMENT (GO_BP),1,133,1.8049175245557776,0.42913798745525533,RBFOX1,0.5028697247721043,GO_BP
GOMF_VOLTAGE_GATED_CATION_CHANNEL_ACTIVITY (GO_MF),1,133,1.8049175245557776,0.42913798745525533,KCNQ5,0.5028697247721043,GO_MF
GOBP_REGULATION_OF_CELL_CELL_ADHESION (GO_BP),2,348,1.3784911013483876,0.4300934175793554,TENM3;PRKG1,0.5034239834481855,GO_BP
GOBP_REGULATION_OF_PEPTIDASE_ACTIVITY (GO_BP),2,348,1.3784911013483876,0.4300934175793554,DLC1;ROBO1,0.5034239834481855,GO_BP
GOBP_REGULATION_OF_MRNA_PROCESSING (GO_BP),1,134,1.7913096376981361,0.4315451599090787,RBFOX1,0.5037107095806752,GO_BP
GOBP_SULFUR_COMPOUND_BIOSYNTHETIC_PROCESS (GO_BP),1,134,1.7913096376981361,0.4315451599090787,CHSY3,0.5037107095806752,GO_BP
GOMF_PROTEIN_PHOSPHATASE_BINDING (GO_MF),1,134,1.7913096376981361,0.4315451599090787,FOXO1,0.5037107095806752,GO_MF
REACTOME_DEATH_RECEPTOR_SIGNALLING (Reactome),1,134,1.7913096376981361,0.4315451599090787,NGEF,0.5037107095806752,Reactome
REACTOME_EPIGENETIC_REGULATION_OF_GENE_EXPRESSION (Reactome),1,134,1.7913096376981361,0.4315451599090787,ACTB,0.5037107095806752,Reactome
GOBP_EMBRYONIC_ORGAN_DEVELOPMENT (GO_BP),2,350,1.3704878064924986,0.43296173380001046,RYR2;RARB,0.5050816872222593,GO_BP
GOBP_REGULATION_OF_EXTRINSIC_APOPTOTIC_SIGNALING_PATHWAY (GO_BP),1,135,1.7779084782533092,0.4339422714114958,NRP1,0.5053780806003302,GO_BP
GOBP_REGULATION_OF_RESPONSE_TO_CYTOKINE_STIMULUS (GO_BP),1,135,1.7779084782533092,0.4339422714114958,ROBO1,0.5053780806003302,GO_BP
REACTOME_CLATHRIN_MEDIATED_ENDOCYTOSIS (Reactome),1,135,1.7779084782533092,0.4339422714114958,ACTB,0.5053780806003302,Reactome
GOBP_POSITIVE_REGULATION_OF_CYTOKINE_PRODUCTION (GO_BP),2,352,1.36255380203964,0.43582246813164516,FOXP1;PLCG2,0.5056187573097014,GO_BP
GOMF_PHOSPHORIC_ESTER_HYDROLASE_ACTIVITY (GO_MF),2,352,1.36255380203964,0.43582246813164516,PDE7B;PLCG2,0.5056187573097014,GO_MF
GOBP_ESTABLISHMENT_OF_CELL_POLARITY (GO_BP),1,136,1.7646967915435956,0.4363293636390858,PARD3B,0.5056187573097014,GO_BP
GOBP_FEMALE_GAMETE_GENERATION (GO_BP),1,136,1.7646967915435956,0.4363293636390858,GPR149,0.5056187573097014,GO_BP
GOBP_MONOVALENT_INORGANIC_CATION_HOMEOSTASIS (GO_BP),1,136,1.7646967915435956,0.4363293636390858,SLC1A3,0.5056187573097014,GO_BP
GOBP_ORGANIC_ACID_TRANSMEMBRANE_TRANSPORT (GO_BP),1,136,1.7646967915435956,0.4363293636390858,SLC1A3,0.5056187573097014,GO_BP
GOBP_ORGAN_GROWTH (GO_BP),1,136,1.7646967915435956,0.4363293636390858,RARB,0.5056187573097014,GO_BP
GOBP_POSITIVE_REGULATION_OF_RESPONSE_TO_BIOTIC_STIMULUS (GO_BP),1,136,1.7646967915435956,0.4363293636390858,PLCG2,0.5056187573097014,GO_BP
REACTOME_TOLL_LIKE_RECEPTOR_CASCADES (Reactome),1,136,1.7646967915435956,0.4363293636390858,PLCG2,0.5056187573097014,Reactome
GOMF_CARBOXYLIC_ACID_BINDING (GO_MF),1,137,1.7516556403913257,0.438706478097335,SLC1A3,0.5078094397055675,GO_MF
KEGG_WNT_SIGNALING_PATHWAY (KEGG),1,137,1.7516556403913257,0.438706478097335,PRICKLE2,0.5078094397055675,KEGG
GOBP_MORPHOGENESIS_OF_EMBRYONIC_EPITHELIUM (GO_BP),1,138,1.7388047421472468,0.44107365612133276,DLC1,0.50998377857352994,GO_BP
GOBP_REGULATION_OF_BLOOD_PRESSURE (GO_BP),1,138,1.7388047421472468,0.44107365612133276,GUCY1A1,0.50998377857352994,GO_BP
REACTOME_METABOLISM_OF_AMINO_ACIDS_AND_DERIVATIVES (Reactome),2,356,1.3469547379114697,0.44152089424771135,RPL37A;GLUD1,0.5102182205398524,Reactome
GOBP_TUBE_FORMATION (GO_BP),1,139,1.7261399532275299,0.4434309388764661,DLC1,0.5118586114132659,GO_BP
GOCC_GOLGI_STACK (GO_CC),1,139,1.7261399532275299,0.4434309388764661,CHSY3,0.5118586114132659,GO_CC
GOBP_VIRAL_PROCESS (GO_BP),2,358,1.3392866574981792,0.44435844195706253,MGAT4C;NRP1,0.5126456983772192,GO_BP
GOBP_MUSCLE_CELL_DEVELOPMENT (GO_BP),1,140,1.7136572506249717,0.4457783673591089,SGCZ,0.5131491741193934,GO_BP
GOBP_NEURAL_TUBE_DEVELOPMENT (GO_BP),1,140,1.7136572506249717,0.4457783673591089,DLC1,0.5131491741193934,GO_BP
GOBP_ORGANELLE_FUSION (GO_BP),1,140,1.7136572506249717,0.4457783673591089,SYT4,0.5131491741193934,GO_BP
GOMF_SODIUM_ION_TRANSMEMBRANE_TRANSPORTER_ACTIVITY (GO_MF),1,140,1.7136572506249717,0.4457783673591089,SLC1A3,0.5131491741193934,GO_MF
GOBP_MICROTUBULE_BASED_MOVEMENT (GO_BP),2,360,1.3317042539160435,0.4471881195801187,CALY;DNAH14,0.5144882059336868,GO_BP
GOCC_EARLY_ENDOSOME (GO_CC),2,361,1.3279447336181718,0.44859998586343164,CNTNAP2;NRP1,0.5158281931112847,GO_CC
GOBP_REGULATION_OF_REPRODUCTIVE_PROCESS (GO_BP),1,142,1.6892225904009504,0.45044382465147503,GPR149,0.517378239982184,GO_BP
REACTOME_BETA_CATENIN_INDEPENDENT_WNT_SIGNALING (Reactome),1,142,1.6892225904009504,0.45044382465147503,PRKG1,0.517378239982184,Reactome
GOBP_PATTERN_RECOGNITION_RECEPTOR_SIGNALING_PATHWAY (GO_BP),1,143,1.6772631528927027,0.452761934615056,PLCG2,0.5197547621241044,GO_BP
GOBP_MEMBRANE_FUSION (GO_BP),1,144,1.6654708342803886,0.45507035261522444,SYT4,0.5215441108775253,GO_BP
GOBP_NEGATIVE_REGULATION_OF_BINDING (GO_BP),1,144,1.6654708342803886,0.45507035261522444,ACTB,0.5215441108775253,GO_BP
GOBP_REGULATION_OF_CELL_CYCLE_G1_S_PHASE_TRANSITION (GO_BP),1,144,1.6654708342803886,0.45507035261522444,PLCG2,0.5215441108775253,GO_BP
GOBP_RIBOSE_PHOSPHATE_METABOLIC_PROCESS (GO_BP),2,366,1.3094569864250887,0.45562926243942936,PDE7B;GUCY1A1,0.5218980629588854,GO_BP
GOBP_NEGATIVE_REGULATION_OF_TRANSPORT (GO_BP),2,367,1.3058202197410722,0.45702905072343303,CALM2;SYT4,0.5221714173762982,GO_BP
GOBP_REPRODUCTIVE_SYSTEM_DEVELOPMENT (GO_BP),2,367,1.3058202197410722,0.45702905072343303,GPR149;ROBO2,0.5221714173762982,GO_BP
GOBP_CELLULAR_RESPONSE_TO_STARVATION (GO_BP),1,145,1.653842154732825,0.45736911881354725,FOXO1,0.5221714173762982,GO_BP
GOBP_CYTOPLASMIC_TRANSLATION (GO_BP),1,145,1.653842154732825,0.45736911881354725,RPL37A,0.5221714173762982,GO_BP
GOMF_ORGANIC_ACID_TRANSMEMBRANE_TRANSPORTER_ACTIVITY (GO_MF),1,145,1.653842154732825,0.45736911881354725,SLC1A3,0.5221714173762982,GO_MF
REACTOME_AUTOPHAGY (Reactome),1,145,1.653842154732825,0.45736911881354725,TUBA1B,0.5221714173762982,Reactome
GOBP_DEFENSE_RESPONSE_TO_BACTERIUM (GO_BP),1,146,1.6423737320173277,0.45965827320666575,FOXP1,0.5238261753964277,GO_BP
REACTOME_HCMV_INFECTION (Reactome),1,146,1.6423737320173277,0.45965827320666575,TUBA1B,0.5238261753964277,Reactome
REACTOME_SIGNALING_BY_HEDGEHOG (Reactome),1,146,1.6423737320173277,0.45965827320666575,TUBA1B,0.5238261753964277,Reactome
GOCC_TRANSPORT_VESICLE (GO_CC),2,369,1.298606144555643,0.45982249800012254,SYT4;SYN2,0.5238261753964277,GO_CC
GOBP_REGULATION_OF_RNA_SPLICING (GO_BP),1,147,1.6310622781049353,0.46193785562696243,RBFOX1,0.5256621072483482,GO_BP
HALLMARK_UV_RESPONSE_UP (Hallmark),1,147,1.6310622781049353,0.46193785562696243,CCK,0.5256621072483482,Hallmark
GOBP_CELL_MATURATION (GO_BP),1,148,1.6199045958919234,0.46420790574323145,CNTNAP2,0.5276698797854706,GO_BP
REACTOME_ER_TO_GOLGI_ANTEROGRADE_TRANSPORT (Reactome),1,148,1.6199045958919234,0.46420790574323145,TUBA1B,0.5276698797854706,Reactome
GOBP_PEPTIDYL_LYSINE_MODIFICATION (GO_BP),2,373,1.2844113406795403,0.4653846657834897,ACTB;NNAT,0.5287195413664361,GO_BP
GOBP_CARBOHYDRATE_DERIVATIVE_CATABOLIC_PROCESS (GO_BP),1,149,1.608897576035408,0.4664684630613444,PDE7B,0.5290867839179487,GO_BP
GOBP_CELL_CYCLE_G2_M_PHASE_TRANSITION (GO_BP),1,149,1.608897576035408,0.4664684630613444,CALM2,0.5290867839179487,GO_BP
GOBP_NEGATIVE_REGULATION_OF_CELL_CELL_ADHESION (GO_BP),1,149,1.608897576035408,0.4664684630613444,PRKG1,0.5290867839179487,GO_BP
GOBP_NEGATIVE_REGULATION_OF_MAPK_CASCADE (GO_BP),1,150,1.5980381939008939,0.4687195669249117,FOXO1,0.5304868417420232,GO_BP
GOBP_POSITIVE_REGULATION_OF_CELLULAR_AMIDE_METABOLIC_PROCESS (GO_BP),1,150,1.5980381939008939,0.4687195669249117,LRRTM3,0.5304868417420232,GO_BP
GOBP_REGULATION_OF_MICROTUBULE_CYTOSKELETON_ORGANIZATION (GO_BP),1,150,1.5980381939008939,0.4687195669249117,SLAIN1,0.5304868417420232,GO_BP
REACTOME_SARS_COV_INFECTIONS (Reactome),1,150,1.5980381939008939,0.4687195669249117,MGAT4C,0.5304868417420232,Reactome
GOBP_CELLULAR_RESPONSE_TO_MOLECULE_OF_BACTERIAL_ORIGIN (GO_BP),1,151,1.5873235066196316,0.4709612565159458,PLCG2,0.5327350365034033,GO_BP
GOBP_PHOSPHATIDYLINOSITOL_METABOLIC_PROCESS (GO_BP),1,152,1.5767506502536364,0.4731935708555163,PLCG2,0.5340569181792391,GO_BP
GOBP_PRODUCTION_OF_MOLECULAR_MEDIATOR_OF_IMMUNE_RESPONSE (GO_BP),1,152,1.5767506502536364,0.4731935708555163,PLCG2,0.5340569181792391,GO_BP
GOBP_REGENERATION (GO_BP),1,152,1.5767506502536364,0.4731935708555163,GAP43,0.5340569181792391,GO_BP
REACTOME_CELLULAR_RESPONSE_TO_STARVATION (Reactome),1,152,1.5767506502536364,0.4731935708555163,RPL37A,0.5340569181792391,Reactome
GOBP_PURINE_CONTAINING_COMPOUND_METABOLIC_PROCESS (GO_BP),2,379,1.2636839364352233,0.4736652398417688,PDE7B;GUCY1A1,0.5340569181792391,GO_BP
GOMF_ACTIVE_TRANSMEMBRANE_TRANSPORTER_ACTIVITY (GO_MF),2,379,1.2636839364352233,0.4736652398417688,ABCB5;SLC1A3,0.5340569181792391,GO_MF
GOBP_NEGATIVE_REGULATION_OF_CYTOSKELETON_ORGANIZATION (GO_BP),1,153,1.5663168370661222,0.4754165488044064,DLC1,0.5357420828049656,GO_BP
GOBP_MORPHOGENESIS_OF_A_BRANCHING_STRUCTURE (GO_BP),1,154,1.556019352895006,0.4776302290637653,NRP1,0.537241615519642,GO_BP
GOBP_TEMPERATURE_HOMEOSTASIS (GO_BP),1,154,1.556019352895006,0.4776302290637653,FOXO1,0.537241615519642,GO_BP
GOBP_TRANSPORT_ALONG_MICROTUBULE (GO_BP),1,154,1.556019352895006,0.4776302290637653,CALY,0.537241615519642,GO_BP
GOBP_ESTABLISHMENT_OF_ORGANELLE_LOCALIZATION (GO_BP),2,382,1.2535657014391433,0.4777769230495714,SYT4;PARD3B,0.537241615519642,GO_BP
GOBP_NEGATIVE_REGULATION_OF_SUPRAMOLECULAR_FIBER_ORGANIZATION (GO_BP),1,155,1.5458555546270645,0.47983465017575677,DLC1,0.5386847309934397,GO_BP
KEGG_ALZHEIMERS_DISEASE (KEGG),1,155,1.5458555546270645,0.47983465017575677,CALM2,0.5386847309934397,KEGG
REACTOME_INFLUENZA_INFECTION (Reactome),1,155,1.5458555546270645,0.47983465017575677,RPL37A,0.5386847309934397,Reactome
GOBP_DNA_DEPENDENT_DNA_REPLICATION (GO_BP),1,156,1.5358228677701773,0.4820298505242083,DACH1,0.5405675970145205,GO_BP
GOBP_POSITIVE_REGULATION_OF_EPITHELIAL_CELL_PROLIFERATION (GO_BP),1,156,1.5358228677701773,0.4820298505242083,NRP1,0.5405675970145205,GO_BP
GOBP_REGULATION_OF_CELL_DIVISION (GO_BP),1,157,1.525918784121014,0.48421586833525443,CALM2,0.5427274528548206,GO_BP
GOBP_INOSITOL_LIPID_MEDIATED_SIGNALING (GO_BP),1,158,1.5161408595254249,0.4863927416779793,RELN,0.5445824312671367,GO_BP
GOMF_STRUCTURAL_CONSTITUENT_OF_RIBOSOME (GO_MF),1,158,1.5161408595254249,0.4863927416779793,RPL37A,0.5445824312671367,GO_MF
GOBP_MYELOID_LEUKOCYTE_DIFFERENTIATION (GO_BP),1,159,1.5064867117287035,0.48856050846505517,FOXP1,0.5464232482135959,GO_BP
GOBP_POSITIVE_REGULATION_OF_ERK1_AND_ERK2_CASCADE (GO_BP),1,159,1.5064867117287035,0.48856050846505517,NRP1,0.5464232482135959,GO_BP
GOBP_REGULATION_OF_PROTEIN_LOCALIZATION_TO_MEMBRANE (GO_BP),1,160,1.4969564636579307,0.49071920645338096,ACTB,0.5482499913641361,GO_BP
GOBP_RESPONSE_TO_KETONE (GO_BP),1,160,1.4969564636579307,0.49071920645338096,GABRB1,0.5482499913641361,GO_BP
GOBP_SKELETAL_SYSTEM_MORPHOGENESIS (GO_BP),1,161,1.4875453640599097,0.4928688732447136,RARB,0.5497687538544721,GO_BP
GOMF_MODIFICATION_DEPENDENT_PROTEIN_BINDING (GO_MF),1,161,1.4875453640599097,0.4928688732447136,PLCG2,0.5497687538544721,GO_MF
GOMF_PHOSPHATIDYLINOSITOL_PHOSPHATE_BINDING (GO_MF),1,161,1.4875453640599097,0.4928688732447136,GAP43,0.5497687538544721,GO_MF
GOBP_NEGATIVE_REGULATION_OF_CELL_ACTIVATION (GO_BP),1,162,1.478251297081956,0.4950095462863028,PRKG1,0.5515669637477383,GO_BP
GOBP_RECOMBINATIONAL_REPAIR (GO_BP),1,162,1.478251297081956,0.4950095462863028,ACTB,0.5515669637477383,GO_BP
GOBP_BIOLOGICAL_PROCESS_INVOLVED_IN_INTERACTION_WITH_HOST (GO_BP),1,163,1.4690720884163868,0.49714126287151905,NRP1,0.5527617557873523,GO_BP
GOBP_CYTOKINESIS (GO_BP),1,163,1.4690720884163868,0.49714126287151905,CALM2,0.5527617557873523,GO_BP
GOBP_REGULATION_OF_CARBOHYDRATE_METABOLIC_PROCESS (GO_BP),1,163,1.4690720884163868,0.49714126287151905,FOXO1,0.5527617557873523,GO_BP
REACTOME_DISORDERS_OF_TRANSMEMBRANE_TRANSPORTERS (Reactome),1,163,1.4690720884163868,0.49714126287151905,SLC1A3,0.5527617557873523,Reactome
GOBP_POSITIVE_REGULATION_OF_IMMUNE_RESPONSE (GO_BP),2,397,1.2052800585794243,0.4980426206657823,FOXP1;PLCG2,0.5534690890998337,GO_BP
GOCC_SPINDLE_POLE (GO_CC),1,164,1.4600056164806672,0.4992640601404791,CALM2,0.5545311833492176,GO_CC
GOBP_RESPONSE_TO_RADIATION (GO_BP),2,399,1.199117671837836,0.5007072157283293,MEIS2;SLC1A3,0.555838276183523,GO_BP
GOBP_IMPORT_ACROSS_PLASMA_MEMBRANE (GO_BP),1,165,1.4510498109395455,0.5013779750806712,SLC1A3,0.555991410198385,GO_BP
GOBP_REGULATION_OF_MAP_KINASE_ACTIVITY (GO_BP),1,165,1.4510498109395455,0.5013779750806712,ROBO1,0.555991410198385,GO_BP
GOBP_POSITIVE_REGULATION_OF_PROTEIN_LOCALIZATION (GO_BP),2,401,1.1930170657640322,0.5033628569430142,GLUD1;NNAT,0.5577330753338923,GO_BP
GOBP_RESPONSE_TO_MONOSACCHARIDE (GO_BP),1,166,1.4422026512743595,0.5034830445275769,EPHA5,0.5577330753338923,GO_BP
REACTOME_ION_CHANNEL_TRANSPORT (Reactome),1,167,1.4334621653966515,0.5055793051652895,RYR2,0.559758095427034,Reactome
GOMF_ORGANIC_ANION_TRANSMEMBRANE_TRANSPORTER_ACTIVITY (GO_MF),1,168,1.424826428303574,0.5076667935271314,SLC1A3,0.5614735548972566,GO_MF
REACTOME_APOPTOSIS (Reactome),1,168,1.424826428303574,0.5076667935271314,DCC,0.5614735548972566,Reactome
GOBP_CYTOSOLIC_TRANSPORT (GO_BP),1,169,1.416293560772935,0.5097455459962652,SYT4,0.5634740225075241,GO_BP
REACTOME_DISEASES_OF_SIGNAL_TRANSDUCTION_BY_GROWTH_FACTOR_RECEPTORS_AND_SECOND_MESSENGERS (Reactome),2,407,1.1750767759154515,0.5112756844860131,ACTB;FOXO1,0.5648647037063826,Reactome
GOCC_NEURON_SPINE (GO_CC),1,170,1.4078617280959624,0.5118155988063102,GRM3,0.5648647037063826,GO_CC
GOMF_METALLOPEPTIDASE_ACTIVITY (GO_MF),1,170,1.4078617280959624,0.5118155988063102,ADAMTS19,0.5648647037063826,GO_MF
GOBP_REGULATION_OF_STRESS_ACTIVATED_PROTEIN_KINASE_SIGNALING_CASCADE (GO_BP),1,171,1.3995291388461586,0.5138769880419476,FOXO1,0.5665405568111699,GO_BP
GOMF_PROTEIN_C_TERMINUS_BINDING (GO_MF),1,171,1.3995291388461586,0.5138769880419476,RBFOX1,0.5665405568111699,GO_MF
GOBP_GLUCOSE_METABOLIC_PROCESS (GO_BP),1,172,1.3912940436827739,0.5159297496395281,FOXO1,0.5679036853890798,GO_BP
GOBP_RESPONSE_TO_STARVATION (GO_BP),1,172,1.3912940436827739,0.5159297496395281,FOXO1,0.5679036853890798,GO_BP
GOCC_CYTOPLASMIC_SIDE_OF_MEMBRANE (GO_CC),1,172,1.3912940436827739,0.5159297496395281,GNAL,0.5679036853890798,GO_CC
GOCC_RIBOSOMAL_SUBUNIT (GO_CC),1,173,1.3831547341876511,0.5179739193876776,RPL37A,0.5695529872297592,GO_CC
GOMF_PRIMARY_ACTIVE_TRANSMEMBRANE_TRANSPORTER_ACTIVITY (GO_MF),1,173,1.3831547341876511,0.5179739193876776,ABCB5,0.5695529872297592,GO_MF
GOBP_ACTIN_FILAMENT_ORGANIZATION (GO_BP),2,413,1.1576602991935423,0.5191066360040544,DLC1;NRP1,0.5702889622808833,GO_BP
GOBP_TRANSFORMING_GROWTH_FACTOR_BETA_RECEPTOR_SIGNALING_PATHWAY (GO_BP),1,174,1.3751095417343082,0.520009532927897,PEG10,0.5702889622808833,GO_BP
GOMF_PHOSPHATASE_BINDING (GO_MF),1,174,1.3751095417343082,0.520009532927897,FOXO1,0.5702889622808833,GO_MF
HALLMARK_ESTROGEN_RESPONSE_LATE (Hallmark),1,174,1.3751095417343082,0.520009532927897,PCP4,0.5702889622808833,Hallmark
REACTOME_G_ALPHA_Q_SIGNALLING_EVENTS (Reactome),1,174,1.3751095417343082,0.520009532927897,CCK,0.5702889622808833,Reactome
GOBP_PEPTIDYL_LYSINE_ACETYLATION (GO_BP),1,175,1.3671797575748532,0.522036625755163,ACTB,0.5713111892768878,GO_BP
GOBP_REGULATION_OF_LEUKOCYTE_MEDIATED_IMMUNITY (GO_BP),1,175,1.3671797575748532,0.522036625755163,PLCG2,0.5713111892768878,GO_BP
GOBP_STEM_CELL_DIFFERENTIATION (GO_BP),1,175,1.3671797575748532,0.522036625755163,NRP1,0.5713111892768878,GO_BP
GOCC_PROTEIN_DNA_COMPLEX (GO_CC),1,175,1.3671797575748532,0.522036625755163,ACTB,0.5713111892768878,GO_CC
GOBP_CELLULAR_RESPONSE_TO_STEROID_HORMONE_STIMULUS (GO_BP),1,176,1.3593165866436852,0.5240552332185229,FOXP1,0.573219744091749,GO_BP
GOBP_CELLULAR_RESPONSE_TO_BIOTIC_STIMULUS (GO_BP),1,177,1.3515427683604846,0.526065390521693,PLCG2,0.5745151596121263,GO_BP
GOBP_NEGATIVE_REGULATION_OF_NEURON_DEATH (GO_BP),1,177,1.3515427683604846,0.526065390521693,NRP1,0.5745151596121263,GO_BP
HALLMARK_ESTROGEN_RESPONSE_EARLY (Hallmark),1,177,1.3515427683604846,0.526065390521693,DLC1,0.5745151596121263,Hallmark
GOMF_TRANSCRIPTION_COREPRESSOR_ACTIVITY (GO_MF),1,178,1.343856788875473,0.5280671327236457,TLE4,0.5761757750537667,GO_MF
GOBP_REGULATION_OF_CELLULAR_AMIDE_METABOLIC_PROCESS (GO_BP),2,420,1.137973011186323,0.5281381205931269,SPON1;LRRTM3,0.5761757750537667,GO_BP
GOBP_LEUKOCYTE_DIFFERENTIATION (GO_BP),2,421,1.1352142389599795,0.5294190674626831,FOXP1;PLCG2,0.5770663810749704,GO_BP
GOBP_EPITHELIAL_CELL_DEVELOPMENT (GO_BP),1,179,1.336257168342253,0.5300604947392038,RARB,0.5770663810749704,GO_BP
GOBP_NEGATIVE_REGULATION_OF_PROTEIN_LOCALIZATION (GO_BP),1,179,1.336257168342253,0.5300604947392038,SYT4,0.5770663810749704,GO_BP
GOBP_RIBOSE_PHOSPHATE_BIOSYNTHETIC_PROCESS (GO_BP),1,179,1.336257168342253,0.5300604947392038,GUCY1A1,0.5770663810749704,GO_BP
GOBP_CELLULAR_RESPONSE_TO_INSULIN_STIMULUS (GO_BP),1,181,1.3213112490710068,0.5340222171531881,FOXO1,0.5807735107861925,GO_BP
GOMF_LYASE_ACTIVITY (GO_MF),1,181,1.3213112490710068,0.5340222171531881,GUCY1A1,0.5807735107861925,GO_MF
GOBP_POSITIVE_REGULATION_OF_IMMUNE_EFFECTOR_PROCESS (GO_BP),1,182,1.313962152230553,0.5359906466657746,PLCG2,0.5823073813594334,GO_BP
GOBP_REGULATION_OF_EXOCYTOSIS (GO_BP),1,182,1.313962152230553,0.5359906466657746,SYT4,0.5823073813594334,GO_BP
GOBP_POSITIVE_REGULATION_OF_INTRACELLULAR_TRANSPORT (GO_BP),1,183,1.3066938163843005,0.5379508342214501,CALY,0.5838291164951463,GO_BP
GOBP_REGULATION_OF_INNATE_IMMUNE_RESPONSE (GO_BP),1,183,1.3066938163843005,0.5379508342214501,PLCG2,0.5838291164951463,GO_BP
GOBP_RESPONSE_TO_BACTERIUM (GO_BP),2,428,1.1162654730752501,0.53832038445446,FOXP1;PLCG2,0.5839265292912983,GO_BP
GOBP_PURINE_CONTAINING_COMPOUND_BIOSYNTHETIC_PROCESS (GO_BP),1,184,1.2995049180157632,0.539902814023042,GUCY1A1,0.5853387910992668,GO_BP
GOBP_CARBOHYDRATE_BIOSYNTHETIC_PROCESS (GO_BP),1,185,1.2923941623445787,0.5418466201327139,FOXO1,0.587141171452219,GO_BP
GOBP_IMMUNE_EFFECTOR_PROCESS (GO_BP),2,432,1.1057145819514211,0.5433552774638363,FOXP1;PLCG2,0.5884704016953951,GO_BP
GOBP_REGULATION_OF_PROTEIN_POLYMERIZATION (GO_BP),1,186,1.285360282547301,0.5437822864725406,SLAIN1,0.5886274024212614,GO_BP
REACTOME_SEPARATION_OF_SISTER_CHROMATIDS (Reactome),1,187,1.2784020390036366,0.5457098468250777,TUBA1B,0.5904076984571992,Reactome
GOBP_CIRCADIAN_RHYTHM (GO_BP),1,188,1.2715182185671738,0.5476293348339307,NPAS2,0.5915644005167772,GO_BP
GOBP_NEGATIVE_REGULATION_OF_CELLULAR_AMIDE_METABOLIC_PROCESS (GO_BP),1,188,1.2715182185671738,0.5476293348339307,SPON1,0.5915644005167772,GO_BP
GOBP_RESPONSE_TO_CARBOHYDRATE (GO_BP),1,188,1.2715182185671738,0.5476293348339307,EPHA5,0.5915644005167772,GO_BP
GOBP_ALPHA_AMINO_ACID_METABOLIC_PROCESS (GO_BP),1,190,1.257969122588227,0.5514442277036526,GLUD1,0.5953771873861993,GO_BP
GOCC_LAMELLIPODIUM (GO_CC),1,191,1.2513015468839719,0.553339699162068,ACTB,0.5968061768223442,GO_CC
REACTOME_PROGRAMMED_CELL_DEATH (Reactome),1,191,1.2513015468839719,0.553339699162068,DCC,0.5968061768223442,Reactome
KEGG_REGULATION_OF_ACTIN_CYTOSKELETON (KEGG),1,192,1.2447037926623303,0.5552272314730138,ACTB,0.5985326612005061,KEGG
GOBP_MICROTUBULE_BASED_TRANSPORT (GO_BP),1,193,1.2381747690032445,0.5571068575937945,CALY,0.600248844500903,GO_BP
REACTOME_CILIUM_ASSEMBLY (Reactome),1,195,1.2253186619336354,0.5608425224167003,TUBA1B,0.6039619939544135,Reactome
GOBP_EXTRINSIC_APOPTOTIC_SIGNALING_PATHWAY (GO_BP),1,196,1.218989507198672,0.5626986263577127,NRP1,0.6050242314315025,GO_BP
REACTOME_INTRA_GOLGI_AND_RETROGRADE_GOLGI_TO_ER_TRAFFIC (Reactome),1,196,1.218989507198672,0.5626986263577127,TUBA1B,0.6050242314315025,Reactome
REACTOME_MITOTIC_G2_G2_M_PHASES (Reactome),1,196,1.218989507198672,0.5626986263577127,TUBA1B,0.6050242314315025,Reactome
GOBP_CELLULAR_LIPID_CATABOLIC_PROCESS (GO_BP),1,197,1.2127249392688702,0.5645469545874334,PLCG2,0.6063867700586585,GO_BP
GOCC_ACTIN_BASED_CELL_PROJECTION (GO_CC),1,197,1.2127249392688702,0.5645469545874334,GAP43,0.6063867700586585,GO_CC
GOBP_FAT_CELL_DIFFERENTIATION (GO_BP),1,198,1.2065239744130045,0.5663875393907407,FOXO1,0.6071139161317288,GO_BP
GOBP_RESPONSE_TO_TOXIC_SUBSTANCE (GO_BP),1,198,1.2065239744130045,0.5663875393907407,GABRB1,0.6071139161317288,GO_BP
GOMF_G_PROTEIN_COUPLED_RECEPTOR_BINDING (GO_MF),1,198,1.2065239744130045,0.5663875393907407,GNAL,0.6071139161317288,GO_MF
HALLMARK_G2M_CHECKPOINT (Hallmark),1,198,1.2065239744130045,0.5663875393907407,MEIS2,0.6071139161317288,Hallmark
GOBP_POSITIVE_REGULATION_OF_ORGANELLE_ORGANIZATION (GO_BP),2,451,1.0581990548985603,0.5667534544038605,SLAIN1;NRP1,0.6071942809757992,GO_BP
GOCC_ACTIN_CYTOSKELETON (GO_CC),2,452,1.0558052860231624,0.5679610916792157,DLC1;ACTB,0.6075184435263066,GO_CC
GOCC_BASOLATERAL_PLASMA_MEMBRANE (GO_CC),1,199,1.2003856487336744,0.5682204129196695,MAP7,0.6075184435263066,GO_CC
HALLMARK_MITOTIC_SPINDLE (Hallmark),1,199,1.2003856487336744,0.5682204129196695,RAPGEF5,0.6075184435263066,Hallmark
HALLMARK_OXIDATIVE_PHOSPHORYLATION (Hallmark),1,199,1.2003856487336744,0.5682204129196695,GLUD1,0.6075184435263066,Hallmark
GOBP_NEGATIVE_REGULATION_OF_MITOTIC_CELL_CYCLE (GO_BP),1,200,1.194309017670706,0.5700456071939505,BRINP3,0.6085346200581967,GO_BP
REACTOME_MITOTIC_PROMETAPHASE (Reactome),1,200,1.194309017670706,0.5700456071939505,TUBA1B,0.6085346200581967,Reactome
REACTOME_RRNA_PROCESSING (Reactome),1,200,1.194309017670706,0.5700456071939505,RPL37A,0.6085346200581967,Reactome
GOBP_MESENCHYMAL_CELL_DIFFERENTIATION (GO_BP),1,201,1.1882931555196838,0.5718631541015511,NRP1,0.6098509977567383,GO_BP
GOBP_NEGATIVE_REGULATION_OF_APOPTOTIC_SIGNALING_PATHWAY (GO_BP),1,201,1.1882931555196838,0.5718631541015511,NRP1,0.6098509977567383,GO_BP
GOCC_NUCLEAR_ENVELOPE (GO_CC),2,456,1.046336201488171,0.5727676682536433,PRICKLE2;GABRB1,0.6105036382254104,GO_CC
GOBP_ANATOMICAL_STRUCTURE_MATURATION (GO_BP),1,202,1.1823371549650963,0.573673085399214,CNTNAP2,0.6108447598102855,GO_BP
GOBP_B_CELL_ACTIVATION (GO_BP),1,202,1.1823371549650963,0.573673085399214,PLCG2,0.6108447598102855,GO_BP
GOMF_CARBOHYDRATE_BINDING (GO_MF),1,203,1.17644012662756,0.575475432712989,ADGRL2,0.6124514166608914,GO_MF
GOBP_GLYCEROPHOSPHOLIPID_BIOSYNTHETIC_PROCESS (GO_BP),1,204,1.170601198624628,0.5772702275387682,PLCG2,0.6140484020761515,GO_BP
REACTOME_CLASS_A_1_RHODOPSIN_LIKE_RECEPTORS (Reactome),1,205,1.1648195161447108,0.5790575012428172,CCK,0.6156357641842891,Reactome
GOBP_NEGATIVE_REGULATION_OF_INTRACELLULAR_SIGNAL_TRANSDUCTION (GO_BP),2,462,1.032443282572937,0.5799054855283072,DLC1;FOXO1,0.6162233952635321,GO_BP
GOCC_RIBOSOME (GO_CC),1,206,1.1590942410336307,0.5808372850623027,RPL37A,0.6168994472900894,GO_CC
GOBP_T_CELL_DIFFERENTIATION (GO_BP),1,207,1.1534245513933823,0.5826096101058186,FOXP1,0.6184670683066344,GO_BP
GOBP_NEURON_APOPTOTIC_PROCESS (GO_BP),1,208,1.1478096411926642,0.5843745073539115,NRP1,0.6197101609998036,GO_BP
REACTOME_TCF_DEPENDENT_SIGNALING_IN_RESPONSE_TO_WNT (Reactome),1,208,1.1478096411926642,0.5843745073539115,TLE4,0.6197101609998036,Reactome
GOBP_CELL_CYCLE_G1_S_PHASE_TRANSITION (GO_BP),1,209,1.142248719888769,0.5861320076596038,PLCG2,0.6203131338669338,GO_BP
GOBP_ORGANIC_HYDROXY_COMPOUND_BIOSYNTHETIC_PROCESS (GO_BP),1,209,1.142248719888769,0.5861320076596038,PLCG2,0.6203131338669338,GO_BP
GOBP_POSITIVE_REGULATION_OF_CELL_CYCLE_PROCESS (GO_BP),1,209,1.142248719888769,0.5861320076596038,PLCG2,0.6203131338669338,GO_BP
GOBP_PROTEIN_PROCESSING (GO_BP),1,209,1.142248719888769,0.5861320076596038,SPON1,0.6203131338669338,GO_BP
GOMF_TRANSCRIPTION_COREGULATOR_ACTIVITY (GO_MF),2,468,1.0189110043844583,0.5869566602278877,TLE4;LDB2,0.6208710339055254,GO_MF
GOBP_PROTEIN_AUTOPHOSPHORYLATION (GO_BP),1,212,1.1258822086237468,0.5913604335505158,CALM2,0.6252123732623741,GO_BP
GOBP_CELLULAR_RESPONSE_TO_EXTRACELLULAR_STIMULUS (GO_BP),1,214,1.1152273166455446,0.5948096260463878,FOXO1,0.6285406023082588,GO_BP
GOBP_REGULATION_OF_ORGANELLE_ASSEMBLY (GO_BP),1,217,1.0996149145821994,0.5999293808679492,GAP43,0.6333093666522054,GO_BP
GOMF_KINASE_REGULATOR_ACTIVITY (GO_MF),1,217,1.0996149145821994,0.5999293808679492,CALM2,0.6333093666522054,GO_MF
REACTOME_SIGNALING_BY_NOTCH (Reactome),1,218,1.0945067008717222,0.6016216762921431,TLE4,0.634774741365876,Reactome
GOBP_CELL_CYCLE_PHASE_TRANSITION (GO_BP),2,481,0.9907656346225076,0.6019363405369593,CALM2;PLCG2,0.6347858224864245,GO_BP
GOBP_REGULATION_OF_LEUKOCYTE_DIFFERENTIATION (GO_BP),1,219,1.0894453466976848,0.6033068764036618,FOXP1,0.6355888193106725,GO_BP
GOMF_SECONDARY_ACTIVE_TRANSMEMBRANE_TRANSPORTER_ACTIVITY (GO_MF),1,219,1.0894453466976848,0.6033068764036618,SLC1A3,0.6355888193106725,GO_MF
GOBP_STRESS_ACTIVATED_PROTEIN_KINASE_SIGNALING_CASCADE (GO_BP),1,221,1.0794499501640211,0.6066561085037145,FOXO1,0.6387948024456368,GO_BP
GOBP_ENDOSOMAL_TRANSPORT (GO_BP),1,222,1.0745201996784597,0.6083201990967162,CALY,0.6399013384651445,GO_BP
GOBP_POSITIVE_REGULATION_OF_PROTEIN_CATABOLIC_PROCESS (GO_BP),1,222,1.0745201996784597,0.6083201990967162,FOXO1,0.6399013384651445,GO_BP
GOBP_ORGANIC_ACID_CATABOLIC_PROCESS (GO_BP),1,223,1.0696349712530109,0.6099773115869658,GLUD1,0.6406757168002002,GO_BP
GOBP_RESPONSE_TO_TRANSFORMING_GROWTH_FACTOR_BETA (GO_BP),1,223,1.0696349712530109,0.6099773115869658,PEG10,0.6406757168002002,GO_BP
GOBP_STRIATED_MUSCLE_CELL_DIFFERENTIATION (GO_BP),1,223,1.0696349712530109,0.6099773115869658,RARB,0.6406757168002002,GO_BP
GOBP_RESPONSE_TO_INSULIN (GO_BP),1,225,1.059995795756401,0.6132707181453589,FOXO1,0.6434871738408066,GO_BP
REACTOME_SLC_MEDIATED_TRANSMEMBRANE_TRANSPORT (Reactome),1,225,1.059995795756401,0.6132707181453589,SLC1A3,0.6434871738408066,Reactome
GOBP_REGULATION_OF_TRANSMEMBRANE_RECEPTOR_PROTEIN_SERINE_THREONINE_KINASE_SIGNALING_PATHWAY (GO_BP),1,228,1.0459237064778624,0.6181592133754146,PEG10,0.6482905921178344,GO_BP
GOMF_PEPTIDASE_ACTIVITY (GO_MF),2,496,0.9601356316351515,0.6187137075255801,ADAMTS19;RELN,0.648546211755844,GO_MF
GOBP_BIOLOGICAL_PROCESS_INVOLVED_IN_SYMBIOTIC_INTERACTION (GO_BP),1,229,1.0412933319554574,0.6197750621148291,NRP1,0.6487209290488869,GO_BP
GOBP_CHROMATIN_REMODELING (GO_BP),1,229,1.0412933319554574,0.6197750621148291,ACTB,0.6487209290488869,GO_BP
GOBP_EPITHELIAL_CELL_DIFFERENTIATION (GO_BP),2,497,0.9581596325475061,0.619812904898649,RARB;NRP1,0.6487209290488869,GO_BP
GOBP_EPIDERMIS_DEVELOPMENT (GO_BP),1,230,1.0367036841720898,0.6213841332698369,LDB2,0.6500394416712529,GO_BP
REACTOME_MITOTIC_METAPHASE_AND_ANAPHASE (Reactome),1,231,1.0321542581530594,0.6229864550158579,TUBA1B,0.6513891440972422,Reactome
GOBP_MONOSACCHARIDE_METABOLIC_PROCESS (GO_BP),1,233,1.0231740958995605,0.6261709624026979,FOXO1,0.654390985745834,GO_BP
GOBP_GLYCEROLIPID_BIOSYNTHETIC_PROCESS (GO_BP),1,235,1.0143489799823056,0.629328807365648,PLCG2,0.6573619724585121,GO_BP
REACTOME_PLATELET_ACTIVATION_SIGNALING_AND_AGGREGATION (Reactome),1,237,1.005675176125521,0.6324602111603941,PLCG2,0.6603023815366396,Reactome
GOBP_GLYCOSYLATION (GO_BP),1,238,1.0013938859996894,0.6340160662641203,MGAT4C,0.6612651325803194,GO_BP
GOBP_NUCLEOSIDE_PHOSPHATE_BIOSYNTHETIC_PROCESS (GO_BP),1,238,1.0013938859996894,0.6340160662641203,GUCY1A1,0.6612651325803194,GO_BP
GOBP_GERM_CELL_DEVELOPMENT (GO_BP),1,239,0.9971248796065889,0.6355653932229544,GPR149,0.6625499378902626,GO_BP
GOBP_NEGATIVE_REGULATION_OF_CELLULAR_MACROMOLECULE_BIOSYNTHETIC_PROCESS (GO_BP),1,241,0.9887652932916535,0.6386445711845145,DACH1,0.6654274688277991,GO_BP
GOBP_I_KAPPAB_KINASE_NF_KAPPAB_SIGNALING (GO_BP),1,244,0.9764485310967149,0.6432150521039055,PLCG2,0.6695211041101501,GO_BP
GOMF_ACTIVE_ION_TRANSMEMBRANE_TRANSPORTER_ACTIVITY (GO_MF),1,244,0.9764485310967149,0.6432150521039055,SLC1A3,0.6695211041101501,GO_MF
GOBP_PHOSPHOLIPID_BIOSYNTHETIC_PROCESS (GO_BP),1,246,0.9684049250087094,0.6462301602375906,PLCG2,0.6719892099730203,GO_BP
GOCC_TRANSFERASE_COMPLEX_TRANSFERRING_PHOSPHORUS_CONTAINING_GROUPS (GO_CC),1,246,0.9684049250087094,0.6462301602375906,CALM2,0.6719892099730203,GO_CC
GOBP_CELLULAR_RESPONSE_TO_PEPTIDE_HORMONE_STIMULUS (GO_BP),1,248,0.9604915748985631,0.6492200119776661,FOXO1,0.6747620343612496,GO_BP
GOBP_CELLULAR_CARBOHYDRATE_METABOLIC_PROCESS (GO_BP),1,254,0.9375021707970376,0.6580401171210692,FOXO1,0.6835887130073028,GO_BP
GOBP_PROTEIN_POLYMERIZATION (GO_BP),1,255,0.9337761939955644,0.659488610833455,SLAIN1,0.684412098860975,GO_BP
GOBP_REGULATION_OF_IMMUNE_EFFECTOR_PROCESS (GO_BP),1,255,0.9337761939955644,0.659488610833455,PLCG2,0.684412098860975,GO_BP
REACTOME_CHROMATIN_MODIFYING_ENZYMES (Reactome),1,257,0.9264115648318858,0.6623673789295963,ACTB,0.6870580118419819,Reactome
REACTOME_EXTRACELLULAR_MATRIX_ORGANIZATION (Reactome),1,258,0.9227722329260193,0.6637977038220366,COL25A1,0.6881996064960707,Reactome
GOBP_ERK1_AND_ERK2_CASCADE (GO_BP),1,260,0.9155778749614982,0.6666403607872222,NRP1,0.690460760775649,GO_BP
GOCC_SECRETORY_GRANULE_MEMBRANE (GO_CC),1,260,0.9155778749614982,0.6666403607872222,SYT4,0.690460760775649,GO_CC
GOMF_MICROTUBULE_BINDING (GO_MF),1,263,0.9049922761289501,0.6708597375627701,MTUS2,0.6944862461773319,GO_MF
REACTOME_DEUBIQUITINATION (Reactome),1,264,0.9015174072029167,0.672254399691741,ACTB,0.6955849936324559,Reactome
GOBP_VIRAL_LIFE_CYCLE (GO_BP),1,267,0.891249555990429,0.6764033384616761,NRP1,0.699531103751,GO_BP
GOBP_DOUBLE_STRAND_BREAK_REPAIR (GO_BP),1,268,0.8878782123088106,0.6777747164527437,ACTB,0.7002553629885525,GO_BP
REACTOME_SIGNALING_BY_NUCLEAR_RECEPTORS (Reactome),1,268,0.8878782123088106,0.6777747164527437,RARB,0.7002553629885525,Reactome
GOBP_CELLULAR_RESPONSE_TO_EXTERNAL_STIMULUS (GO_BP),1,270,0.8812107196205382,0.6805002146785621,FOXO1,0.7027233785423845,GO_BP
GOBP_DNA_REPLICATION (GO_BP),1,272,0.8746416367531317,0.6832028619523483,DACH1,0.7051653674058115,GO_BP
GOBP_LIPID_CATABOLIC_PROCESS (GO_BP),1,275,0.8649678170476655,0.6872144022825399,PLCG2,0.7089552434817897,GO_BP
GOBP_LEUKOCYTE_MEDIATED_IMMUNITY (GO_BP),1,276,0.8617901122699166,0.6885403616366093,PLCG2,0.7099722009563258,GO_BP
GOBP_REGULATION_OF_LIPID_METABOLIC_PROCESS (GO_BP),1,279,0.8523941604830748,0.6924849036112426,PLCG2,0.7133346465136541,GO_BP
GOBP_REGULATION_OF_MRNA_METABOLIC_PROCESS (GO_BP),1,279,0.8523941604830748,0.6924849036112426,RBFOX1,0.7133346465136541,GO_BP
GOBP_GLYCEROPHOSPHOLIPID_METABOLIC_PROCESS (GO_BP),1,282,0.8431988273898049,0.6963799256936231,PLCG2,0.7166394994687334,GO_BP
GOBP_RNA_SPLICING_VIA_TRANSESTERIFICATION_REACTIONS (GO_BP),1,282,0.8431988273898049,0.6963799256936231,RBFOX1,0.7166394994687334,GO_BP
GOMF_PROTEIN_HETERODIMERIZATION_ACTIVITY (GO_MF),1,283,0.8401771916823791,0.697667368689481,TENM3,0.7176105463060359,GO_MF
GOCC_NUCLEAR_MEMBRANE (GO_CC),1,285,0.8341977555577199,0.7002260440763596,PRICKLE2,0.7198875635405726,GO_CC
GOBP_VESICLE_ORGANIZATION (GO_BP),1,286,0.8312395071877345,0.7014973214545545,SYT4,0.7208394435626072,GO_BP
REACTOME_INTRACELLULAR_SIGNALING_BY_SECOND_MESSENGERS (Reactome),1,288,0.8253848533619965,0.704023867352795,FOXO1,0.7230796314789779,Reactome
GOBP_REGULATION_OF_SMALL_MOLECULE_METABOLIC_PROCESS (GO_BP),1,289,0.8224880184550266,0.7052791803051327,FOXO1,0.724012616476543,GO_BP
GOBP_CELLULAR_RESPONSE_TO_CHEMICAL_STRESS (GO_BP),1,290,0.8196112302043242,0.7065292160616645,FOXO1,0.7249392693808722,GO_BP
REACTOME_TRANSLATION (Reactome),1,291,0.8167542812371414,0.7077739966098808,RPL37A,0.7258596220760792,Reactome
GOCC_MEMBRANE_MICRODOMAIN (GO_CC),1,295,0.8055208294945407,0.7127010032995709,DLC1,0.7305535333429295,GO_CC
GOBP_ADAPTIVE_IMMUNE_RESPONSE (GO_BP),1,302,0.7865806851613014,0.7211259371729619,ALCAM,0.738826622916039,GO_BP
GOBP_CELLULAR_RESPONSE_TO_PEPTIDE (GO_BP),1,303,0.7839466231421612,0.7223093375672485,FOXO1,0.7393131866124805,GO_BP
GOBP_SULFUR_COMPOUND_METABOLIC_PROCESS (GO_BP),1,303,0.7839466231421612,0.7223093375672485,CHSY3,0.7393131866124805,GO_BP
GOBP_DNA_RECOMBINATION (GO_BP),1,304,0.7813299471358658,0.7234877604625054,ACTB,0.7401563510221807,GO_BP
GOMF_ATP_HYDROLYSIS_ACTIVITY (GO_MF),1,305,0.7787304855750092,0.7246612266084378,DNAH14,0.7409936207407201,GO_MF
GOBP_ALCOHOL_METABOLIC_PROCESS (GO_BP),1,309,0.7685014304207309,0.7293059357000631,PLCG2,0.7450129651522426,GO_BP
GOBP_REGULATION_OF_INTRACELLULAR_TRANSPORT (GO_BP),1,309,0.7685014304207309,0.7293059357000631,CALY,0.7450129651522426,GO_BP
GOCC_APICAL_PLASMA_MEMBRANE (GO_CC),1,310,0.7659855450541315,0.7304549263568842,PARD3B,0.7458216395825917,GO_CC
GOBP_TRANSMEMBRANE_RECEPTOR_PROTEIN_SERINE_THREONINE_KINASE_SIGNALING_PATHWAY (GO_BP),1,314,0.7560827582331249,0.7350027497471453,PEG10,0.7500981607443972,GO_BP
GOBP_REGULATION_OF_AUTOPHAGY (GO_BP),1,317,0.7488201873921222,0.73836363083942,FOXO1,0.7527918405285147,GO_BP
GOMF_SIGNALING_RECEPTOR_REGULATOR_ACTIVITY (GO_MF),1,317,0.7488201873921222,0.73836363083942,CCK,0.7527918405285147,GO_MF
REACTOME_DNA_REPAIR (Reactome),1,319,0.7440545988318192,0.7405807119398993,ACTB,0.7546835672942235,Reactome
GOBP_REGULATION_OF_APOPTOTIC_SIGNALING_PATHWAY (GO_BP),1,323,0.7347010161107963,0.744959161775294,NRP1,0.7587749002562414,GO_BP
GOMF_ENDOPEPTIDASE_ACTIVITY (GO_MF),1,329,0.7210983850839111,0.751389862018102,ADAMTS19,0.7649515326984287,GO_MF
GOBP_NEGATIVE_REGULATION_OF_CELL_CYCLE (GO_BP),1,331,0.7166740918578933,0.7534975084185187,BRINP3,0.7663495614373531,GO_BP
GOBP_NEGATIVE_REGULATION_OF_ORGANELLE_ORGANIZATION (GO_BP),1,331,0.7166740918578933,0.7534975084185187,DLC1,0.7663495614373531,GO_BP
GOBP_CYTOKINE_MEDIATED_SIGNALING_PATHWAY (GO_BP),1,334,0.7101372954426204,0.7566258155995874,ROBO1,0.7691563941336284,GO_BP
GOBP_RESPONSE_TO_PEPTIDE_HORMONE (GO_BP),1,336,0.7058444720846268,0.7586894601228047,FOXO1,0.7708787260351964,GO_BP
GOBP_SMALL_MOLECULE_CATABOLIC_PROCESS (GO_BP),1,341,0.6953333616940744,0.7637730039977272,GLUD1,0.7756663062497599,GO_BP
GOBP_NEGATIVE_REGULATION_OF_PHOSPHORYLATION (GO_BP),1,342,0.6932681278348649,0.7647769021003318,CALM2,0.7763080713440624,GO_BP
GOBP_GLYCEROLIPID_METABOLIC_PROCESS (GO_BP),1,350,0.677172310829619,0.7726573279200302,PLCG2,0.7839260298342746,GO_BP
GOBP_PHOSPHOLIPID_METABOLIC_PROCESS (GO_BP),1,354,0.6693979782595975,0.7764988388621403,PLCG2,0.7870583179724561,GO_BP
GOBP_POSITIVE_REGULATION_OF_CELL_ADHESION (GO_BP),1,354,0.6693979782595975,0.7764988388621403,NRP1,0.7870583179724561,GO_BP
GOBP_REGULATION_OF_CELL_CYCLE_PHASE_TRANSITION (GO_BP),1,362,0.6543661526166334,0.7839898883441391,PLCG2,0.7938801052761855,GO_BP
GOMF_TUBULIN_BINDING (GO_MF),1,362,0.6543661526166334,0.7839898883441391,MTUS2,0.7938801052761855,GO_MF
GOBP_T_CELL_ACTIVATION (GO_BP),1,371,0.6382323115763383,0.7921201832479264,FOXP1,0.8013353477646256,GO_BP
GOCC_APICAL_PART_OF_CELL (GO_CC),1,371,0.6382323115763383,0.7921201832479264,PARD3B,0.8013353477646256,GO_CC
GOBP_REGULATION_OF_PROTEIN_CATABOLIC_PROCESS (GO_BP),1,373,0.6347530277111579,0.793885310464468,FOXO1,0.8027319006489072,GO_BP
REACTOME_SIGNALING_BY_INTERLEUKINS (Reactome),1,377,0.627905498115816,0.7973711197999349,FOXO1,0.8058661147808543,Reactome
GOBP_LIPID_LOCALIZATION (GO_BP),1,381,0.6212021233842685,0.8007984901076981,GULP1,0.8089382617883668,GO_BP
GOBP_RESPONSE_TO_OXIDATIVE_STRESS (GO_BP),1,382,0.6195482718437243,0.8016463157430214,FOXO1,0.8094029322475499,GO_BP
GOCC_INTRINSIC_COMPONENT_OF_ORGANELLE_MEMBRANE (GO_CC),1,386,0.6130187778907267,0.8050020010219056,SYT4,0.8123980542227838,GO_CC
GOCC_SPINDLE (GO_CC),1,389,0.6082100053335753,0.8074817821208469,CALM2,0.8145067565423912,GO_CC
GOBP_RNA_SPLICING (GO_BP),1,390,0.6066235632480373,0.8083014098286438,RBFOX1,0.8149396339673332,GO_BP
GOBP_NEGATIVE_REGULATION_OF_PHOSPHORUS_METABOLIC_PROCESS (GO_BP),1,393,0.6019128003425113,0.810739598340886,CALM2,0.8170031587336692,GO_BP
GOBP_MITOTIC_CELL_CYCLE_PHASE_TRANSITION (GO_BP),1,394,0.6003585278776179,0.8115454776606343,CALM2,0.8174205655780616,GO_BP
REACTOME_M_PHASE (Reactome),1,398,0.5942197369785066,0.8147351246020637,TUBA1B,0.8202374361044413,Reactome
GOBP_RESPONSE_TO_PEPTIDE (GO_BP),1,407,0.5808497119326721,0.8217175169349968,FOXO1,0.8268681088926415,GO_BP
GOBP_ESTABLISHMENT_OF_PROTEIN_LOCALIZATION_TO_ORGANELLE (GO_BP),1,408,0.5794006529213803,0.8224770524721082,RYR2,0.8272335462695374,GO_BP
GOBP_RESPONSE_TO_EXTRACELLULAR_STIMULUS (GO_BP),1,411,0.5750958863555337,0.8247364687486405,FOXO1,0.8287072750497895,GO_BP
GOMF_PROTEIN_SERINE_THREONINE_KINASE_ACTIVITY (GO_MF),1,411,0.5750958863555337,0.8247364687486405,PRKG1,0.8287072750497895,GO_MF
GOMF_PROTEIN_SERINE_THREONINE_TYROSINE_KINASE_ACTIVITY (GO_MF),1,423,0.558488857927165,0.8334926228063821,EPHA5,0.8371025523565541,GO_MF
GOBP_CELLULAR_NITROGEN_COMPOUND_CATABOLIC_PROCESS (GO_BP),1,425,0.55581240860475,0.8349092203179197,PDE7B,0.8381219542104369,GO_BP
GOBP_MRNA_PROCESSING (GO_BP),1,449,0.5255589310250542,0.8510045573764227,RBFOX1,0.8538685150214396,GO_BP
GOBP_REGULATION_OF_CELL_ACTIVATION (GO_BP),1,458,0.5150330860055928,0.8566306338896,PRKG1,0.8591004963611703,GO_BP
GOBP_ORGANIC_CYCLIC_COMPOUND_CATABOLIC_PROCESS (GO_BP),1,459,0.5138890828759315,0.8572426060261344,PDE7B,0.8593013058484835,GO_BP
GOCC_MITOCHONDRIAL_MATRIX (GO_CC),1,462,0.5104868516526356,0.8590630307150896,GLUD1,0.8607126956804569,GO_CC
GOBP_NEGATIVE_REGULATION_OF_PROTEIN_MODIFICATION_PROCESS (GO_BP),1,469,0.5027179353435633,0.8632216988955081,CALM2,0.8644643404966054,GO_BP
GOBP_HISTONE_MODIFICATION (GO_BP),1,471,0.5005407487524013,0.8643873884321942,ACTB,0.8648017639779431,GO_BP
GOBP_ORGANIC_HYDROXY_COMPOUND_METABOLIC_PROCESS (GO_BP),1,471,0.5005407487524013,0.8643873884321942,PLCG2,0.8648017639779431,GO_BP
GOBP_POSITIVE_REGULATION_OF_CATABOLIC_PROCESS (GO_BP),1,478,0.49306428927378837,0.8683902930523696,FOXO1,0.8683902930523696,GO_BP
