gene,n_metabolites,n_cell_types,n_tests
RPS19,86,11,112
RPL37A,82,11,103
PLCG2,76,11,98
RPL13A,76,11,92
RPL41,75,11,93
RPL13,73,11,94
RPL26,71,11,91
RPL18A,70,11,99
RPL19,70,11,86
RPS15,70,11,87
RPS27,70,11,90
EBF1,69,9,116
GALNTL6,69,8,83
RPL11,69,10,81
RPS13,69,11,85
TMSB10,69,10,86
RARB,68,9,119
RPL10A,68,11,84
RPL28,68,11,83
RPL32,68,9,83
RPS3A,68,11,85
EEF1A1,67,10,81
RPL35A,67,10,86
RPLP1,67,9,79
RPS2,67,10,82
RPS24,67,10,83
RPL10,66,11,82
RPL35,66,10,81
RPL36,66,11,82
RPL36A,66,10,80
RPL38,66,10,86
RPL39,66,9,76
RPLP2,66,10,83
RPS11,66,11,82
RPS23,66,10,85
RPS25,66,10,81
TMSB4X,66,10,89
COX7C,65,10,77
RPL31,65,10,77
RPS10,65,10,81
RPS16,65,11,82
HS3ST5,64,7,95
RPL23,64,10,80
RPL23A,64,11,80
RPL7A,64,10,80
RPS18,64,11,87
RPS21,64,10,77
RPS27A,64,10,82
ATP5F1E,63,10,76
GUCY1A1,63,6,107
RPS12,63,10,81
RPS15A,63,10,73
RPS28,63,10,81
RPS8,63,8,71
RPS9,63,10,80
GAPDH,62,7,75
RPL29,62,11,77
RPS29,62,11,87
RPS4X,62,9,78
RPS5,62,10,78
RPL18,61,10,82
RPL34,61,10,78
RPL5,61,9,72
RPL7,61,11,78
RPL9,61,11,82
TUBB2A,61,10,77
EEF1B2,60,10,74
LRMDA,60,7,101
RPL21,60,11,85
RPL3,60,11,76
RPL30,60,11,77
RPS14,60,10,76
TUBA1A,60,8,72
ACTG1,59,8,72
CALM1,59,9,81
RPL27A,59,11,83
RPL37,59,9,74
UBA52,59,10,70
EEF1G,58,11,74
KCTD8,58,7,78
MARCKSL1,58,10,72
RPL12,58,9,68
RPL15,58,10,74
RPL17,58,11,75
ACTB,57,7,73
CFL1,57,9,71
DYNLL1,57,9,71
ENSG00000229618,57,5,77
HSP90AB1,57,8,73
RPL24,57,10,71
RPL8,57,10,73
RPS3,57,11,72
TUBB2B,57,10,74
FAU,56,10,69
NACA,56,9,67
RPS17,56,10,78
RPS7,56,10,66
TPT1,56,10,64
CACNA2D3,55,9,74
CDH8,55,8,79
MARCKS,55,10,67
PENK,55,5,79
RACK1,55,9,62
RPL6,55,9,68
FOXP2,54,7,79
RELN,54,10,80
STMN1,54,9,67
TENM3,54,9,81
TSHZ2,54,7,88
TUBB,54,9,66
C12orf57,53,10,61
CALN1,53,7,66
CNTNAP2,53,8,77
EIF1,53,10,61
RASGEF1B,53,7,75
RPL14,53,8,65
RPL22,53,9,70
TUBA1B,53,8,73
UNC5C,53,8,58
CNTNAP5,52,7,62
FTL,52,8,59
RPL27,52,10,69
COX4I1,51,7,57
ENSG00000231918,51,6,58
HSPA8,51,8,62
PPIA,51,9,62
PTMA,51,7,62
PTMS,51,10,60
RPL4,51,8,56
RPS20,51,10,65
RPS6,51,9,58
TOX,51,9,64
C4orf48,50,9,62
ENSG00000271774,50,7,79
LINGO2,50,7,56
MIF,50,10,57
NDUFB11,50,9,58
PBX3,50,7,72
SNHG6,50,10,59
TMTC2,50,7,68
ADAMTS3,49,7,55
ATP6V0C,49,7,62
DACH1,49,6,90
NDUFS5,49,9,52
PEG10,49,7,63
PFDN5,49,9,56
PTPRM,49,10,81
RPSA,49,10,56
YWHAH,49,8,59
BEX1,48,10,55
COX6A1,48,10,55
ENSG00000253500,48,1,48
LSAMP,48,7,67
MZT2B,48,10,57
NPAS3,48,9,69
RIT2,48,7,57
UBB,48,10,56
UQCRB,48,8,50
UQCRH,48,9,52
CALM2,47,7,61
GABRB1,47,8,64
GPC5,47,8,50
GUCY1B1,47,5,76
ITPR2,47,6,66
MYO16,47,6,59
SRP14,47,10,58
TMEM158,47,7,64
ADARB2,46,9,62
BEX3,46,7,54
CD24,46,9,48
COX7A2,46,8,57
CPNE4,46,7,57
ELOB,46,9,57
ENSG00000287683,46,9,67
FOXP1,46,5,76
FTH1,46,7,51
H4C3,46,8,54
NDUFA4,46,9,56
NME2,46,8,50
NNAT,46,6,53
TOMM7,46,8,56
CA8,45,6,51
EEF2,45,6,54
LNC-LBCS,45,6,78
NR2F2-AS1,45,8,52
PCDH11Y,45,6,60
PEBP1,45,8,56
RBFOX1,45,4,59
RPLP0,45,8,52
RXRG,45,3,66
TMA7,45,7,48
TUBB3,45,8,56
ZFHX4,45,8,76
CDH18,44,7,56
CHCHD2,44,9,55
FABP7,44,9,56
GNAL,44,7,79
GPC6,44,7,54
KIAA1217,44,7,56
MEG3,44,8,71
NOP53,44,7,51
PRKG1,44,9,63
ROBO2,44,6,54
RPS26,44,9,58
RYR2,44,5,70
TMEM132D,44,9,61
ADGRV1,43,6,47
ASIC2,43,6,48
BTF3,43,9,49
CA10,43,4,51
CCSER1,43,9,60
CEROX1,43,6,74
DCC,43,7,56
FRMPD4,43,8,51
HINT1,43,8,53
HS3ST4,43,8,71
NPY,43,5,46
PCP4,43,5,69
ROR1,43,4,53
ST18,43,9,62
EML5,42,6,60
ENSG00000283674,42,7,55
GAS5,42,9,46
GRM3,42,5,62
INHBA,42,5,62
MYL6,42,9,52
PCSK1N,42,8,46
PPP1R14B,42,10,47
SNHG29,42,8,51
UQCR11,42,8,47
ZFPM2,42,8,53
ATP5F1D,41,9,46
ATP5ME,41,9,47
ATP5MF,41,9,47
C8orf34,41,8,54
COX8A,41,8,50
EDF1,41,8,46
ENSG00000254394,41,6,52
HNRNPA1,41,9,50
PARD3B,41,6,61
PRDX1,41,8,46
RBMS3,41,8,53
RYR3,41,5,50
SET,41,8,51
SOX2-OT,41,6,62
TLE4,41,7,68
UCHL1,41,7,46
ZEB2,41,8,64
ZNF428,41,8,46
ARPP21,40,7,57
BBLN,40,5,43
CHSY3,40,8,53
GABARAP,40,8,48
GPR149,40,5,71
H3-3A,40,8,49
KCND2,40,5,43
NDN,40,6,48
NRGN,40,5,63
PRKCB,40,5,60
SHISA6,40,8,49
SUMO2,40,9,49
TENM2,40,8,43
TRPS1,40,5,71
ZBTB20,40,10,56
DACH2,39,5,47
DBI,39,7,46
ENSG00000228999,39,8,58
LINC03051,39,6,58
MEIS2,39,8,70
NRG1,39,10,55
OAZ1,39,9,48
OST4,39,9,46
PDZRN4,39,7,44
RABAC1,39,7,48
RNASEK,39,8,47
ST8SIA3,39,6,56
UBL5,39,9,47
YWHAB,39,5,47
CALM3,38,9,40
CNTN3,38,8,47
ENSG00000291034,38,4,45
HSP90AA1,38,6,48
HTR2C,38,6,51
IL1RAPL2,38,6,44
MIR924HG,38,6,47
PAFAH1B3,38,8,40
PIP5K1B,38,5,46
PTN,38,5,49
RORA,38,7,63
SH3D19,38,4,49
SPOCK3,38,7,57
SPON1,38,5,53
TRPM3,38,8,50
YWHAE,38,8,42
ATP5MG,37,6,41
BEX2,37,8,45
CALB1,37,3,50
CLSTN2,37,6,48
CNIH2,37,6,38
COL25A1,37,7,54
CSMD1,37,8,37
EEF1A2,37,8,38
ENSG00000251680,37,7,54
FBN2,37,4,37
FGF14,37,5,46
FOXO1,37,4,66
GABRA2,37,7,40
KCTD16,37,5,48
KITLG,37,5,52
LHFPL3,37,9,54
LRRC36,37,4,50
NDUFA13,37,8,46
NETO1,37,5,57
NPNT,37,7,59
PTPRD,37,7,44
SAMD5,37,7,44
SMOC2,37,7,66
SOX4,37,7,43
UQCR10,37,7,42
WDR83OS,37,8,42
CHODL,36,3,44
COX6B1,36,9,38
CPNE8,36,6,47
DDAH2,36,7,43
ENSG00000241231,36,5,54
GPX4,36,9,40
GRM5P1,36,6,43
H2AZ1,36,6,45
KCNIP4,36,9,44
LINC01322,36,6,51
LINGO3,36,4,54
MBP,36,5,54
NRG3,36,9,46
PDE7B-AS1,36,5,61
PRDX2,36,7,39
RAN,36,6,46
SAMD3,36,6,48
SLC26A3,36,5,42
STMN4,36,7,43
SYT4,36,4,41
TCF4,36,7,53
TENM3-AS1,36,3,38
THRB,36,4,52
AHI1,35,5,52
CORT,35,1,35
CUTA,35,9,38
CYCS,35,7,41
ENSG00000253503,35,4,43
ENSG00000275443,35,8,44
GABRA4,35,4,36
GADD45GIP1,35,8,40
JPT1,35,7,41
LGI1,35,4,36
LY6H,35,8,41
MEIS1,35,7,43
MGAT4C,35,8,43
PPDPF,35,5,38
RPL36AL,35,8,45
SELENOW,35,5,39
SLC25A6,35,7,39
SLC35F3,35,8,50
SOD1,35,7,42
STXBP6,35,6,39
TOX3,35,6,42
UNC13C,35,6,44
VAMP2,35,5,43
VAV3,35,6,50
ZFAS1,35,7,43
COX5B,34,9,44
DCHS2,34,5,61
DGKB,34,6,54
DNAH14,34,4,52
DPP6,34,6,40
ENSG00000229588,34,6,53
ENSG00000259336,34,6,53
FIGN,34,6,48
GNAS,34,6,37
GRIK4,34,4,35
LRP1B,34,8,37
MT-ND3,34,8,40
NCL,34,7,41
NDUFA11,34,8,35
PDE7B,34,7,64
RORA-AS1,34,3,39
SATB1-AS1,34,6,44
SFRP1,34,5,36
SKAP2,34,3,51
SNRPD2,34,6,36
STAC,34,7,42
ZNF385D,34,5,40
ANKRD18A,33,3,37
ANKRD34C-AS1,33,4,46
ARHGAP24,33,5,43
BRINP3,33,7,60
CALY,33,5,40
CDKN2D,33,7,39
CNTN5,33,7,45
COPS9,33,8,38
DGKG,33,7,47
DSCAM,33,6,47
ENSG00000231754,33,5,54
ENSG00000239498,33,3,38
ENSG00000259481,33,4,41
ENSG00000259846,33,5,47
ENSG00000287097,33,5,47
EPHA4,33,6,46
GRIA4,33,5,43
H1-10,33,7,36
HSBP1,33,6,36
KLHL5,33,5,44
LINC00598,33,4,57
LINC01798,33,4,37
MDGA2,33,8,44
MICOS13,33,5,34
NDUFA1,33,8,41
NEUROD6,33,9,39
NLGN1,33,6,39
NPAS2,33,6,43
PDZRN3,33,5,37
PET100,33,9,35
PHPT1,33,8,40
SCG2,33,6,40
TSHZ3-AS1,33,4,42
ACTN2,32,5,40
ADAMTSL1,32,7,47
ANKRD33B,32,5,35
ARHGAP26,32,6,53
CA12,32,6,38
CCDC88C,32,7,46
DRD2,32,4,47
DSTN,32,6,38
ENPP2,32,5,43
ENSG00000227681,32,4,35
ENSG00000231424,32,5,38
ENSG00000249335,32,4,40
ENSG00000271860,32,7,38
ENSG00000286069,32,4,46
ENTREP2,32,4,42
ERBB4,32,6,40
GABRG1,32,5,37
GLI3,32,4,50
GNG12-AS1,32,5,35
GREB1,32,6,45
IL1RAP,32,6,36
KCNH1,32,7,49
KCNJ6,32,5,37
LDHB,32,7,34
MCC,32,7,40
MLLT11,32,6,36
MMD2,32,4,49
MRPL41,32,7,35
MRPS24,32,6,33
MYL12B,32,8,36
MYL6B,32,6,33
NDST3,32,6,37
NDUFB10,32,6,35
PATJ,32,5,55
SGCD,32,4,39
SLC6A1-AS1,32,4,39
SMAD3,32,4,38
SOX1-OT,32,4,41
SPATA13,32,5,46
TACR1,32,3,33
THSD7B,32,7,35
TLL2,32,1,32
TRIR,32,6,39
TXN,32,6,37
UNC13B,32,4,41
YBX1,32,5,36
ASTN2,31,7,39
ATP6V1F,31,7,39
B3GLCT,31,4,45
BANF1,31,6,37
CIT,31,4,41
CKB,31,8,38
CST3,31,6,38
DLC1,31,6,51
EIF1B,31,7,38
EIF4A1,31,6,35
ENSG00000250237,31,6,48
ENSG00000254787,31,5,40
ENSG00000287844,31,4,35
ENSG00000289084,31,6,46
FABP5,31,7,36
LINC02082,31,4,35
LINC02133,31,4,37
LMO4,31,6,50
MEF2C-AS1,31,6,45
MGAT4A,31,5,40
NGRN,31,8,33
NRXN1,31,6,38
NRXN3,31,6,50
OPCML,31,5,38
PDE8A,31,4,44
RMST,31,6,48
STRIP2,31,5,52
TRHDE,31,4,41
TSHZ3,31,3,40
TTC9B,31,6,33
AJAP1,30,5,38
ALCAM,30,6,36
ANKRD55,30,7,41
ARL6IP1,30,6,35
ATP5F1B,30,8,37
ATP5MC3,30,6,33
ATP5MK,30,6,34
ATP5PF,30,7,35
BEX4,30,6,30
CCBE1,30,9,37
CD81,30,6,40
CDH7,30,6,37
COL26A1,30,6,40
CTXN1,30,7,35
DHRS3,30,3,31
DSEL,30,5,36
EGFR,30,3,32
ENSG00000239381,30,4,45
ENSG00000249207,30,5,37
ENSG00000286481,30,4,34
GPR158,30,6,39
GRM7,30,4,38
GUK1,30,8,33
GULP1,30,7,43
HSPE1,30,8,31
IQCJ,30,4,48
ITGA8,30,5,33
LGR4,30,4,30
LINC00486,30,9,53
LINC02307,30,5,31
LINC02607,30,4,32
LMCD1-AS1,30,5,39
NDUFB7,30,7,35
NDUFC2,30,8,37
NEBL,30,7,32
NEUROD2,30,6,30
NR3C1,30,7,44
ONECUT2,30,5,39
PABPC1,30,7,40
PCDH15,30,5,38
RAC1,30,7,32
RAPGEF4,30,4,45
RAPGEF5,30,4,38
RNF5,30,6,31
RXFP1,30,6,47
SERF2,30,8,36
SLC6A1,30,4,37
SSR4,30,7,33
TCEAL4,30,7,34
UBC,30,8,35
WLS,30,5,42
XKR4,30,7,30
ANO3,29,5,37
ATP5F1A,29,6,30
CCDC85A,29,5,30
CD63,29,6,31
CNTNAP3,29,4,37
COX7B,29,7,33
CRYM,29,6,34
CSRP2,29,7,32
EIF3L,29,6,35
ENC1,29,5,35
ENSG00000230051,29,3,43
ENSG00000233005,29,3,36
ENSG00000248242,29,5,39
ENSG00000255367,29,4,39
ENSG00000258637,29,7,36
ENSG00000286648,29,7,31
ENSG00000289130,29,5,31
EPHA5,29,6,31
FAT1,29,6,40
FLRT2,29,5,35
FRMD4A,29,5,39
H3-3B,29,7,30
HNRNPAB,29,6,31
HS6ST3,29,6,43
KHDRBS2,29,6,39
LINC01036,29,3,34
LRRN1,29,4,30
MAGI2,29,4,32
MAP7,29,4,40
MIR9-1HG,29,6,32
MIR99AHG,29,6,37
NBEA,29,6,39
NOS1,29,4,39
NR2F1-AS1,29,5,47
PALM2AKAP2,29,6,30
PDE1B,29,4,37
PDE1C,29,6,31
POLR2I,29,6,30
POLR2L,29,6,32
PPP2R2C,29,8,42
PTOV1,29,6,32
RAMP1,29,4,41
SLC24A3,29,4,35
SLC2A13,29,8,30
SOX2,29,4,35
SV2C,29,6,54
SYNDIG1,29,4,29
TMEFF2,29,4,40
VEGFB,29,7,41
ALKBH7,28,5,29
ATP5MC2,28,5,34
ATP5MJ,28,7,34
C2orf83,28,4,28
CDH9,28,5,40
CRACDL,28,2,33
CSMD3,28,5,34
CXXC4-AS1,28,4,40
EGLN3,28,2,29
ENOX1,28,3,29
ENSG00000257277,28,5,31
ENSG00000266846,28,3,29
ENSG00000287862,28,3,29
FAM153CP,28,4,36
FRAS1,28,7,49
GNG7,28,4,38
GRIK2,28,6,33
GSG1L,28,6,37
HDAC2-AS2,28,5,36
IGSF9B,28,5,42
ISLR2,28,8,32
KCNK1,28,3,33
KLHL29,28,5,40
KLHL32,28,4,33
L3MBTL4,28,7,31
LINC02237,28,3,30
LINC02755,28,4,46
LTBP1,28,5,28
MAP3K1,28,4,32
MEG8,28,5,37
MT-CO2,28,9,32
PARK7,28,5,30
PRDX5,28,6,32
QSOX2,28,3,28
RBMS1,28,5,40
SATB1,28,5,36
SLC5A8,28,5,37
SYT10,28,3,33
TAF4B,28,5,39
TMTC1,28,4,35
TRPC5,28,5,33
TUBB4B,28,7,33
UNC5D,28,5,38
UQCRQ,28,7,32
ANKRD7,27,3,36
ANKS1B,27,3,29
CNTN6,27,5,29
CTNNA2,27,3,29
DLGAP2,27,5,34
DOCK11,27,4,32
ELFN1,27,4,34
ENSG00000189229,27,7,51
ENSG00000261227,27,4,42
ENSG00000270207,27,3,32
ENSG00000287722,27,5,45
ERICH2-DT,27,4,40
GLRA3,27,5,28
GNG3,27,9,30
GRM5,27,5,30
HES6,27,4,27
HMGB1,27,7,28
HS6ST2,27,6,35
KCNMB2,27,4,28
KIT,27,4,38
LIN28B,27,5,36
LINC00581,27,3,37
LINC02945,27,2,28
LINC03000,27,6,31
LRFN5,27,6,29
MAPK10,27,2,27
MIR4500HG,27,6,31
MSRB3,27,5,33
MTUS2,27,5,39
NCKAP5,27,5,36
NDUFB4,27,7,29
NEDD8,27,8,28
NHS,27,6,33
NPSR1-AS1,27,4,32
PDE1A,27,4,38
PTCHD4,27,6,34
PWRN1,27,5,28
RGS8,27,3,35
SERTAD4,27,4,42
ST6GALNAC3,27,5,32
SUSD4,27,4,42
TBL1X,27,5,50
TCEAL9,27,7,33
TNR,27,7,43
TPD52L1,27,4,39
ZFHX4-AS1,27,5,36
ABTB3,26,4,35
ADGRL3,26,5,27
ADRA1A,26,4,30
ARHGAP15-AS1,26,3,27
ARHGAP20,26,5,26
ARHGAP6,26,5,43
ARL14EP-DT,26,6,34
AURKAIP1,26,7,27
B3GALT5,26,6,35
BCL11B,26,5,53
BMP6,26,3,27
CACNB2,26,5,31
CAMKMT,26,4,34
COX5A,26,7,29
DDAH1,26,4,31
DLX6-AS1,26,7,35
DYNLRB1,26,8,26
ELOVL7,26,3,28
EML6,26,6,38
ENSG00000247134,26,5,29
ENSG00000251244,26,3,30
ENSG00000286072,26,7,45
EPB41L3,26,4,30
EPB41L4A-AS1,26,5,29
EPB41L4B,26,6,41
FAM222A,26,2,28
GAD2,26,4,36
GJD2-DT,26,3,35
GNG2,26,5,34
GPX1,26,7,29
GSTP1,26,7,32
IL1RAPL1,26,6,36
LIMCH1,26,6,39
LINC02217,26,3,26
LINC02964,26,4,46
MAP3K5,26,6,32
MCTP2,26,3,28
MDFIC,26,4,31
ME1,26,5,32
MED12L,26,4,40
MPDZ,26,4,38
MPP7,26,5,35
MRFAP1,26,6,27
MT3,26,7,29
MYO6,26,4,33
NDUFB3,26,6,29
NDUFC1,26,6,27
NTM,26,8,27
PLCXD3,26,7,35
PLD5,26,3,33
PLXDC2,26,6,32
PLXNA4,26,3,34
POU6F2,26,6,38
PTPRU,26,2,33
PTPRZ1,26,7,40
RAC3,26,4,26
RBM8A,26,6,28
SASH1,26,4,29
SELENOK,26,6,27
SKP1,26,7,29
SLC16A10,26,4,28
SLC17A7,26,2,26
SLC24A2,26,5,31
SLC4A4,26,4,43
SLC8A2,26,5,36
SNHG32,26,6,33
SPATS2L,26,4,38
SPHKAP,26,7,39
SST,26,4,27
STEAP2,26,2,29
TCEAL2,26,7,32
TGFA,26,4,36
TLE1-DT,26,4,33
ZBTB16,26,4,38
ZNF804B,26,9,30
AASS,25,4,31
ADCY2,25,5,29
ADGRL2,25,6,41
ANAPC11,25,5,30
ARG1,25,3,28
CAMK2N1,25,6,28
CBS,25,4,25
CDK6,25,5,37
CHL1,25,4,33
CNTLN,25,2,28
COL5A2,25,5,35
COMMD6,25,6,31
CUX1,25,3,26
DIRC3-AS1,25,5,47
DMD,25,6,33
DNAJA1,25,7,27
E2F3,25,5,36
EIF3F,25,4,26
EIF4A2,25,5,26
ENSG00000234953,25,2,28
ENSG00000243276,25,2,32
ENSG00000243620,25,4,30
ENSG00000260289,25,2,32
ENSG00000286046,25,3,25
ENSG00000288808,25,5,36
ENSG00000289368,25,2,25
ENSG00000289474,25,7,28
ENSG00000289731,25,3,29
EPHA3,25,8,28
ESRRG,25,4,28
FAM78B,25,5,33
GABRG3,25,5,27
GLYATL1,25,3,33
GNAI2,25,5,32
GRID1,25,5,38
GRM7-AS3,25,5,26
HCN1,25,5,28
HMGB3,25,4,26
ID4,25,5,33
JUN,25,4,28
KCNJ3,25,5,33
KCNMA1,25,6,27
KLHL13,25,5,48
KLHL4,25,3,27
LDLRAD4,25,7,35
LGI4,25,3,30
LHFPL3-AS1,25,3,32
LINC01821,25,3,25
LINC02462,25,2,29
LRRC4C,25,6,30
MAPK4,25,2,35
MEF2C,25,6,45
MRPS21,25,6,31
MSRA,25,4,33
NCALD,25,4,32
NDUFA2,25,6,26
NTN1,25,4,45
OSBPL3,25,5,30
P2RY1,25,2,29
PACRG,25,5,41
PARD3,25,3,31
PCDH9,25,8,27
PDE11A,25,3,30
PKN2-AS1,25,4,30
PLAAT1,25,1,25
PSMA7,25,6,26
PSMC3,25,6,28
PTPRG-AS1,25,3,27
PTPRT,25,7,35
PWRN4,25,4,35
RALYL,25,7,29
RASSF8-AS1,25,4,32
RGS2,25,4,42
RGS6,25,4,30
RPS6KA5,25,4,42
RUNX1T1,25,4,27
SCAND1,25,5,28
SEMA3E,25,5,26
SLC9A9,25,5,30
TANC1,25,6,34
TBCB,25,6,26
TMC7,25,4,29
TMEM196,25,3,32
TPI1,25,7,26
TTC39B,25,3,26
UBXN1,25,6,26
VWDE,25,5,30
XKR6,25,4,26
ZBTB18,25,4,26
ZEB1,25,5,33
ZNF521,25,5,51
ABLIM1,24,5,24
ADAMTS18,24,4,28
ANKRD29,24,5,36
AP1S3,24,3,33
AR,24,4,34
ARHGAP10,24,2,26
BTNL9,24,2,28
C11orf87,24,2,30
C1QTNF4,24,7,25
CACNA1D,24,4,34
CACNG5,24,3,27
CALR,24,5,25
CDK14,24,5,29
CDS1,24,5,33
COX6C,24,7,26
CPNE7,24,3,31
CRACD,24,4,43
CSMD2,24,2,24
DPP10,24,4,24
DPY19L1,24,4,28
DPYD,24,6,26
DRAP1,24,8,26
DSEL-AS1,24,3,28
ELMO1,24,6,26
ENSG00000203279,24,4,37
ENSG00000236451,24,3,29
ENSG00000236676,24,4,29
ENSG00000237019,24,3,32
ENSG00000258077,24,4,41
ENSG00000266908,24,4,25
ENSG00000284624,24,4,34
ENSG00000287209,24,2,24
ENSG00000287292,24,5,30
ENSG00000287720,24,3,25
ENSG00000287976,24,3,24
ENSG00000291189,24,3,25
FHDC1,24,5,35
FLRT3,24,3,33
GAREM1,24,4,26
GHR,24,6,37
GLYATL2,24,2,24
GPR88,24,3,37
GRAMD1C,24,5,39
GREB1L,24,6,37
GRM4,24,4,32
GTDC1,24,5,41
HECW2,24,3,24
IGSF21,24,3,35
ILDR2,24,1,24
KHDRBS3,24,5,28
KSR2,24,5,37
LAMP5,24,3,31
LAMTOR5,24,6,28
LINC01951,24,3,27
LINC02223,24,5,26
LMO3,24,5,30
MAP3K20-AS1,24,4,24
MYO5B,24,4,25
NDUFS6,24,7,30
NELL1,24,6,28
NHP2,24,6,28
NPDC1,24,7,25
NSUN7,24,5,28
NTN4,24,4,29
P3H2,24,5,28
PCDH10,24,6,32
PDAP1,24,5,25
PDE10A,24,4,46
PIK3R1,24,6,25
POU3F4,24,3,36
PSMB5,24,6,26
REX1BD,24,6,24
RGCC,24,3,24
ROMO1,24,6,25
RUNX1,24,3,26
SATB2,24,7,28
SEC61B,24,6,25
SEC62,24,6,27
SLC35F4,24,5,24
SLC7A8,24,2,29
SLC8A1,24,8,38
SMARCA2,24,5,26
STARD13,24,5,26
SYNDIG1L,24,3,29
SYT5,24,6,31
SYTL5,24,4,39
TDRD5,24,2,26
TEX41,24,3,24
THSD4,24,4,30
TLL1,24,4,26
TMEM200A,24,4,28
TNS3,24,5,28
TRAPPC5,24,7,26
TRIM5,24,3,27
TRPC6,24,4,30
ZDHHC23,24,5,28
ZFHX3,24,4,40
ZNF385B,24,7,27
ABCC8,23,2,23
ADCY5,23,4,36
ADCY8,23,5,29
ANO4,23,4,28
ARL17B,23,5,30
ASB18,23,3,27
ATP5PD,23,6,26
CAVIN2-AS1,23,3,26
CDH4,23,5,32
CDIN1,23,4,38
CEP112,23,7,36
CHRM3,23,7,24
CNKSR3,23,4,37
CNTN4,23,6,28
DCLK3,23,3,23
DCTN3,23,8,27
DLG2,23,4,24
DNLZ,23,6,25
DOCK9,23,5,33
DYNC1I1,23,7,26
EDA,23,3,32
EFNA5,23,4,29
ENSG00000228944,23,1,23
ENSG00000240086,23,4,33
ENSG00000242593,23,6,37
ENSG00000257452,23,2,30
ENSG00000258131,23,3,23
ENSG00000261191,23,3,27
ENSG00000261335,23,3,25
ENSG00000280241,23,5,29
ENSG00000285961,23,4,27
ENSG00000288035,23,2,30
EPHB1,23,8,30
FAM135B,23,4,23
FGF9,23,2,23
GABARAPL2,23,7,25
GAP43,23,5,30
GRID2,23,6,29
HHAT,23,5,33
HNRNPA0,23,4,24
KCNN3,23,5,35
KLF2-DT,23,4,32
LINC01013,23,6,24
LINC01090,23,3,25
LINC01830,23,3,26
LINC02197,23,4,27
LRATD1,23,3,27
MAML3,23,4,26
MCM7,23,3,23
MIR4300HG,23,3,23
MME,23,4,38
MMP17,23,5,32
MOB3B,23,5,27
MT-CO3,23,7,25
MYO3A,23,2,24
NALCN,23,4,29
NETO1-DT,23,2,26
NIPAL2,23,5,29
P2RY14,23,4,37
PDE3A,23,4,30
PDE3B,23,3,38
PRKCH,23,4,42
PRMT8,23,5,33
PRSS12,23,6,25
PRSS23,23,2,28
PTCH1,23,4,30
PTPRK,23,4,24
RIPK1,23,2,30
SCD,23,4,24
SEMA3C,23,7,27
SGCZ,23,6,32
SINHCAF,23,4,25
SLC26A5-AS1,23,3,26
SMIM26,23,7,23
SPCS1,23,5,25
SRM,23,6,24
TENT5A,23,3,24
TMEM178A,23,4,29
TP53I11,23,4,23
TUFM,23,5,25
TUNAR,23,3,28
UBE2S,23,5,24
VSTM2A,23,3,26
WIPF3,23,2,23
YIPF3,23,6,25
ZDHHC2,23,4,31
ABAT,22,5,35
APLF,22,5,27
ARFGEF3,22,4,29
ARPC3,22,5,24
ATP1A1,22,6,22
ATXN1,22,6,28
BLOC1S1,22,5,30
CACNA1A,22,5,24
CADM1,22,5,26
CAMK2A,22,4,34
CATSPERB,22,1,22
CCDC167,22,6,22
CDH2,22,4,27
CIAO2B,22,5,25
COA4,22,5,24
COL15A1,22,2,22
COL6A6,22,4,26
CORIN,22,4,29
CPNE5,22,4,33
CRB1,22,4,23
CXADR,22,4,28
DGKH,22,4,31
DNAH11,22,3,26
DOCK1,22,5,30
DOCK10,22,6,30
ENSG00000228509,22,2,22
ENSG00000251293,22,3,23
ENSG00000259616,22,4,24
ENSG00000282885,22,7,25
ENSG00000285605,22,3,27
ENSG00000287508,22,4,30
ENSG00000287559,22,4,29
ENSG00000291111,22,1,22
ENTPD3,22,4,36
FKBP1B,22,6,24
FMNL1-DT,22,4,35
GAD1,22,3,26
GFRA1,22,5,24
GREM2,22,4,29
HCG24,22,2,28
IDI1,22,6,25
ITPR1,22,6,30
KCNQ3,22,3,22
KCNQ5,22,8,22
KCTD12,22,4,25
KHDRBS2-OT1,22,4,23
KIF26A,22,5,30
LDB2,22,5,29
LINC00290,22,5,24
LINC02712,22,4,27
MALT1,22,1,22
MCF2L2,22,5,26
MEI4,22,3,23
MFAP3L,22,2,23
MIR193BHG,22,3,27
MIR3659HG,22,3,23
NCKAP5-AS2,22,2,22
NCOA1,22,2,33
NDST4,22,5,28
NDUFB2,22,6,25
NECAB1,22,6,23
NGEF,22,4,41
NKAIN2,22,8,29
NPL,22,4,27
NR3C2,22,6,33
OSBPL10,22,4,31
PCDH19,22,3,24
PCSK5,22,3,22
PLOD2,22,3,29
PLPPR3,22,6,22
PROM1,22,3,25
RAP1GAP,22,4,39
RERGL,22,3,22
RIC8B,22,3,25
RSPO2,22,5,23
SCUBE1,22,3,22
SEC61G,22,6,27
SEMA3A,22,3,24
SERPINB6,22,3,25
SLC1A3,22,6,28
SLC25A43,22,3,25
SLC44A1,22,5,27
SLITRK4,22,3,25
SLITRK5,22,4,22
SNTG1,22,4,25
SPOCK1,22,6,30
ST3GAL5,22,4,42
STARD5,22,1,22
SUGCT,22,2,22
SYNPO2,22,3,31
SYT1,22,3,23
TG,22,3,23
TMCC1-DT,22,1,22
TRPC7,22,3,23
VDAC1,22,4,24
ZNF780A,22,2,23
AK5,21,6,29
AKAP5,21,5,32
ANKRD36BP2,21,5,28
ANOS1,21,4,24
ARHGAP15,21,5,32
ARSG,21,3,30
ATP2C2,21,3,21
ATP5PO,21,6,23
BCHE,21,3,22
C1orf122,21,6,25
CBLN4,21,2,21
CDK5R1,21,5,22
CFAP47,21,3,27
CHGA,21,4,26
CHN1,21,2,28
CNTNAP5-DT,21,3,24
COL12A1,21,4,22
DANT2,21,5,28
EBF3,21,3,33
ENSG00000227227,21,4,22
ENSG00000228655,21,5,28
ENSG00000258662,21,3,24
ENSG00000285280,21,3,29
ENSG00000286797,21,5,27
ENSG00000286812,21,5,28
ENSG00000289408,21,3,21
ENSG00000291194,21,4,29
ETV5,21,7,27
FAM153A,21,3,23
FAM222A-AS1,21,2,24
FRMD6,21,3,22
FRMPD3,21,4,21
FRY,21,3,22
FSTL4,21,4,24
GAS7,21,5,32
GDA,21,5,24
GPR153,21,2,21
GTF3C6,21,5,23
HFM1,21,2,26
HRH1,21,4,29
JHY,21,3,32
KAT2B,21,2,23
KAZN,21,4,24
KCNIP4-IT1,21,5,23
KCNJ2,21,3,25
KLHL1,21,5,22
LECT2,21,3,28
LINC01060,21,3,24
LINC01902,21,3,22
LMO1,21,4,24
LRRC63,21,3,22
MASP1,21,5,23
MIR325HG,21,8,24
NAV2,21,7,24
NDRG1,21,2,23
NEFM,21,3,21
NEXN,21,4,28
NFE2L1,21,5,22
NFIX,21,3,23
NIN,21,4,25
NLGN4X,21,3,27
NT5DC1,21,5,29
NT5DC3,21,2,21
NTRK2,21,6,26
PAM,21,3,24
PCED1B,21,4,29
PGAM1,21,7,22
PHF24,21,4,25
PLXND1,21,1,21
PPARGC1B,21,2,23
PPM1H,21,4,22
PPP1R1B,21,4,26
PPP4R4,21,3,33
PRICKLE1,21,5,23
PROKR2,21,3,21
PRUNE2,21,4,21
PRXL2A,21,6,22
RAD18,21,3,22
RANBP17,21,4,23
RBMS3-AS3,21,4,25
RCAN2,21,4,21
RGS9,21,6,35
RNF182,21,4,24
SGSM1,21,4,25
SH3BGRL3,21,5,22
SH3RF2,21,4,32
SLCO4C1,21,4,21
SLIT1,21,3,24
SLIT2,21,3,21
SLX4IP,21,2,22
SNHG14,21,4,26
SNHG8,21,6,21
SNRPB2,21,6,23
SNRPN,21,5,31
SNTG2,21,5,22
SNU13,21,6,22
SOCS2,21,3,36
SP9,21,4,30
SPANXA2-OT1,21,5,30
STAT4,21,3,24
TC2N,21,3,24
TMC3,21,2,21
TMEM108,21,7,27
TMEM132C,21,4,30
TMEM163,21,4,22
TMEM59L,21,6,24
TMSB15A,21,8,21
TSPAN5,21,4,26
WNT7B,21,4,26
WWC2,21,4,25
XRCC4,21,3,28
YPEL3,21,6,21
ADAM7-AS1,20,4,24
ADAMTS19,20,5,32
ADAMTS19-AS1,20,4,28
ADTRP,20,1,20
ALK,20,5,30
ALPL,20,3,25
ANKDD1B,20,2,23
ANKRD30BL,20,4,22
ANKRD34B,20,1,20
APLP1,20,6,22
ARAP2,20,5,27
ARF5,20,6,20
ARL8A,20,5,22
ATP5IF1,20,5,20
ATXN1-AS1,20,3,26
BCAS1,20,4,20
BCL6,20,4,20
BEX5,20,7,22
BMAL1,20,4,28
BRINP1,20,5,22
CDH10,20,6,20
CDHR3,20,4,22
CIRBP,20,4,20
CNTNAP4,20,5,24
COA3,20,5,22
COPE,20,5,22
CRIM1,20,4,33
CSGALNACT1,20,4,20
DDX24,20,6,22
DIAPH2,20,5,25
DPP4,20,1,20
DRD1,20,3,23
DSCAML1,20,5,26
ECE2,20,3,21
EDIL3,20,5,20
EDIL3-DT,20,3,20
EEPD1,20,4,26
EID1,20,8,20
ELL2,20,4,20
ENSG00000223838,20,2,25
ENSG00000225811,20,5,30
ENSG00000231662,20,3,25
ENSG00000234173,20,5,22
ENSG00000235978,20,5,21
ENSG00000236408,20,3,22
ENSG00000236501,20,2,29
ENSG00000237473,20,1,20
ENSG00000242816,20,4,31
ENSG00000248343,20,3,23
ENSG00000250354,20,5,26
ENSG00000251031,20,2,21
ENSG00000255132,20,3,20
ENSG00000255240,20,2,24
ENSG00000255968,20,3,20
ENSG00000258526,20,3,20
ENSG00000259434,20,3,28
ENSG00000259543,20,3,23
ENSG00000280660,20,2,21
ENSG00000285741,20,2,21
ENSG00000287299,20,4,30
ENSG00000287900,20,3,22
ENSG00000288765,20,4,25
ENSG00000289417,20,1,20
EYA1,20,4,27
FAM81A,20,3,22
FAT4,20,4,22
FHIP1A,20,3,26
FLG-AS1,20,7,23
GALNT7,20,3,22
GFY,20,3,20
GRM2,20,1,20
GSE1,20,6,23
HNRNPK,20,5,26
IGFBP2,20,6,23
INPP5A,20,4,27
IQCM,20,3,22
IRAK2,20,1,20
KCNH4,20,2,20
KIAA1671,20,4,26
LAMB1,20,3,26
LEXM,20,2,21
LINC01117,20,2,26
LINC01305,20,3,29
LINC01378,20,3,21
LINC01725,20,3,24
LINC01748,20,5,20
LINC02955,20,1,20
LSM3,20,6,22
MAGOH-DT,20,3,21
MAN1A1,20,6,25
MAP3K21,20,5,24
MAST4,20,5,26
MEGF11,20,6,23
MIR137HG,20,5,31
MYO3B,20,2,23
NCAM2,20,4,21
NCEH1,20,4,25
NEK10,20,4,35
NOP10,20,5,20
NPFFR1,20,2,20
NPSR1,20,4,26
NUAK1,20,3,20
OTOF,20,4,26
OVCH1-AS1,20,3,27
PAG1,20,7,26
PBX1,20,2,20
PCSK2,20,7,24
PFN1,20,6,24
PID1,20,3,21
PIEZO2,20,6,26
PLPP4,20,5,21
POC5,20,2,21
PREX2,20,5,23
SAMD12,20,4,28
SAP18,20,7,22
SCN9A,20,3,27
SEMA6A,20,4,24
SERBP1,20,6,21
SEZ6,20,4,21
SFMBT2,20,7,24
SH3GL2,20,4,22
SHISAL1,20,1,20
SHROOM3-AS1,20,4,22
SLC25A5,20,6,20
SLC39A8,20,2,21
SLC8A3,20,4,22
SLITRK3,20,4,22
SPATA16,20,1,20
SPNS2,20,2,21
SSR2,20,6,20
ST6GALNAC5,20,3,24
ST8SIA1,20,5,26
SYNGR3,20,5,20
TESC,20,3,23
TLE1,20,4,26
TMEM160,20,5,21
TMEM47,20,2,25
TPM2,20,4,22
TRIM9,20,6,22
TSPAN9,20,5,25
ZDHHC22,20,1,20
ZNF385D-AS2,20,4,22
ZNRF3,20,3,31
ADAM23,19,4,27
ANK1,19,5,24
ANO2,19,2,19
AP2M1,19,6,19
APBB2,19,4,22
ARHGAP28,19,4,23
ARNT2,19,2,22
BCL10-AS1,19,3,19
C17orf49,19,5,21
CA1,19,4,19
CALCOCO2,19,1,19
CAV1,19,3,23
CCDC18-AS1,19,6,24
CDH18-AS1,19,4,20
CECR2,19,4,23
CEMIP2,19,3,23
CFAP61,19,4,25
CNR1,19,7,26
COBLL1,19,3,20
COX7A2L,19,4,20
CRHR2,19,1,19
DAPK1,19,3,27
DLGAP1,19,3,23
DOCK2,19,4,22
DOCK4,19,5,20
DTNBP1,19,4,28
ENSG00000251076,19,1,19
ENSG00000257522,19,4,21
ENSG00000258107,19,2,21
ENSG00000259690,19,3,21
ENSG00000260658,19,3,19
ENSG00000260918,19,5,30
ENSG00000272865,19,2,20
ENSG00000275649,19,1,19
ENSG00000285882,19,1,19
ENSG00000286288,19,3,25
ENSG00000288565,19,4,21
ENSG00000288876,19,3,21
ENSG00000289953,19,2,21
EPHA10,19,4,25
EPHA5-AS1,19,4,21
EYA2,19,6,29
FAM89B,19,6,21
GALNT17,19,5,21
GALNT18,19,4,21
GARNL3,19,3,21
GRIK3,19,3,29
HCFC1R1,19,6,21
HECA,19,3,21
HRAS,19,4,19
IGDCC4,19,1,19
IPMK,19,2,21
IQCA1,19,5,33
JTB,19,6,20
KCNC4,19,1,19
KCTD1,19,3,28
KCTD19,19,3,22
KIRREL3,19,6,19
LARS2,19,1,19
LINC01182,19,3,21
LINC01776,19,3,20
LINC01837,19,1,19
LMNTD1,19,2,22
LRRC52-AS1,19,3,23
LRRC8B,19,2,19
MAGEC3,19,5,28
MAPK10-AS1,19,2,20
MAZ,19,5,20
MBNL1,19,1,19
MDK,19,5,25
MEF2C-AS2,19,5,25
MIR17HG,19,3,26
MMP16,19,2,26
MPPED2-AS1,19,4,19
MRTFB,19,4,32
MT-ND4,19,7,22
MTCL1,19,2,19
NCAPG,19,2,19
NDUFB1,19,6,19
NEDD1,19,1,19
NFIB,19,8,34
NPTN,19,2,20
NPTX1,19,3,19
NR2F1,19,5,32
NXPH1,19,2,20
OLFM3,19,3,19
PCDH10-DT,19,5,23
PCDH11X,19,3,19
PCP4L1,19,3,25
PDE4B,19,1,19
PEG3,19,5,26
PELI1,19,3,22
PENK-AS1,19,3,19
PHEX,19,3,21
POLN,19,4,24
PPEF1,19,3,19
PPP2R2B,19,3,20
PRRG1,19,4,23
PSMB6,19,6,21
RAB31,19,4,26
RASGEF1C,19,5,23
SCN1A,19,4,26
SEMA3D,19,3,21
SEZ6L2,19,5,19
SGPP2,19,2,19
SHROOM3,19,3,22
SIK1,19,2,19
SLA,19,4,22
SLC24A4,19,3,21
SPRY4-AS1,19,7,25
SSTR2,19,3,19
STARD9,19,5,23
STAT3,19,3,19
STRN,19,2,19
STUB1,19,5,19
SULF2,19,6,21
TAC1,19,4,25
TAFA1,19,5,22
TCF12,19,4,28
THCAT155,19,3,23
TMEM72-AS1,19,2,19
TPBGL-AS1,19,4,25
TRIM28,19,4,19
TSKU,19,1,19
TSPAN18,19,2,19
TUSC7,19,3,24
WFDC2,19,4,23
ZC3H12C,19,2,22
ZCCHC2,19,3,23
ZFPM2-AS1,19,3,19
ZMAT4,19,4,23
ZSWIM6,19,4,20
ACAT2,18,4,18
ADRA2A,18,3,18
AKR1D1,18,3,25
ANKH,18,3,20
AQP4-AS1,18,3,30
ARHGAP29,18,5,21
ATP2B4,18,3,18
ATP5MC1,18,7,19
ATRNL1,18,5,25
B3GALT2,18,1,18
B4GAT1,18,3,21
BAALC,18,2,19
BRK1,18,5,21
CADM2-AS1,18,2,18
CAMK2B,18,3,28
CAMTA1,18,4,27
CARHSP1,18,5,22
CARMIL1,18,4,18
CASC2,18,4,22
CDADC1,18,2,19
CDH8-AS1,18,1,18
CELF2,18,4,20
CELF2-DT,18,5,21
CHCHD10,18,6,25
CHST15,18,4,22
CLU,18,3,21
CORO2B,18,3,19
CPVL-AS2,18,3,18
CREB5,18,4,19
CTSV,18,4,36
CUX2,18,4,20
CYP4X1,18,2,18
DISC1,18,5,30
DPP10-AS1,18,2,18
DPY19L3,18,3,18
DRD3,18,2,24
DSCC1,18,2,19
DYSF,18,2,18
EMX1,18,3,19
ENSG00000231252,18,5,18
ENSG00000232377,18,4,25
ENSG00000237076,18,3,20
ENSG00000237705,18,2,19
ENSG00000248984,18,2,19
ENSG00000250541,18,3,18
ENSG00000253693,18,4,19
ENSG00000255028,18,1,18
ENSG00000259200,18,2,18
ENSG00000259280,18,3,22
ENSG00000259977,18,3,21
ENSG00000261786,18,2,19
ENSG00000273674,18,4,19
ENSG00000274444,18,2,21
ENSG00000284052,18,2,18
ENSG00000285755,18,4,18
ENSG00000286163,18,4,20
ENSG00000286677,18,4,20
ENSG00000287373,18,5,19
ENSG00000287645,18,1,18
ENSG00000290884,18,2,18
ENSG00000290888,18,3,27
ENSG00000291063,18,4,23
EPB41,18,3,29
EPB41L4A,18,4,27
ERICH2,18,3,25
ESAM,18,3,26
FAT3,18,5,33
FBXW7,18,1,18
FIS1,18,8,19
FKBP5,18,1,18
FMNL2,18,5,19
FRMD5,18,4,21
FUCA2,18,2,18
GBE1,18,1,18
GLIS1,18,3,25
GNG12,18,2,20
GRIK1,18,7,23
GRM7-AS1,18,1,18
H2AC20,18,7,21
HIVEP3,18,4,19
HTR1F,18,4,23
IL17RD,18,3,21
INPP4B,18,4,26
ITGAV,18,3,18
KCNH7,18,6,21
KCNN2,18,3,20
LINC00632,18,5,28
LINC00903,18,4,19
LINC01102,18,3,21
LINC01412,18,2,18
LINC01470,18,2,23
LINC01497,18,3,20
LINC01512,18,5,27
LINC02479,18,6,21
LRCH1,18,3,19
LRFN2,18,6,20
LRGUK,18,2,18
LRTM1,18,6,22
MAP3K8,18,3,21
MARCHF3,18,5,27
MID1,18,6,19
MIPEP,18,5,25
MIR493HG,18,3,21
MIRLET7IHG,18,3,19
MRPL51,18,4,21
MYO1E,18,2,19
NAALAD2,18,5,24
NALF1,18,4,19
NDUFAB1,18,7,18
NECAB2,18,4,23
NELL2,18,5,21
NFIA-AS2,18,5,19
NHSL2,18,2,23
NPHP4,18,2,18
NSA2,18,5,18
NSG1,18,5,18
NTRK3,18,3,21
OVCH1,18,3,20
PALMD,18,4,21
PAWR,18,4,23
PDIA5,18,2,19
PEX5L,18,3,18
PHB2,18,3,19
PHLDA1,18,3,23
PIK3C2G,18,3,18
PITPNC1,18,4,19
PJVK,18,2,21
PLPPR1,18,3,19
PLPPR2,18,5,18
PPARGC1A,18,4,26
PPFIBP1,18,5,24
PPIB,18,5,18
PPM1L,18,1,18
PRICKLE2,18,3,18
RAPGEF4-AS1,18,5,27
RASSF7,18,2,21
RCAN1,18,3,22
SEL1L3,18,1,18
SF3B5,18,6,20
SH3RF1,18,3,19
SHB,18,3,18
SHC4,18,6,20
SLC4A10,18,4,22
SLC6A17,18,5,24
SMDT1,18,5,18
SMIM20,18,3,18
SNCAIP,18,2,21
SNN,18,6,18
SNX32,18,4,27
SOCS2-AS1,18,2,23
SPRY4,18,4,23
SSBP2,18,1,18
ST3GAL1,18,3,23
STMN2,18,5,20
STMN3,18,7,23
TBC1D1,18,3,21
TBC1D4,18,3,19
TBR1,18,3,19
TCF7L1,18,4,23
TENM1,18,5,18
THSD7A,18,5,20
TIMP3,18,5,19
TMEM147,18,5,20
TNXB,18,2,19
TRMT112,18,7,20
TRMT9B,18,4,18
TRPC3,18,4,21
TSHZ1,18,4,28
VWC2,18,5,21
WWP1,18,3,21
ZMIZ1,18,3,18
ZNF100,18,2,20
ZNF730,18,1,18
ABCG1,17,4,19
ADAM22,17,1,17
ADAMTS12,17,3,17
ADCY1,17,3,18
ADCY9,17,1,17
ADRA1B,17,2,21
AFF2,17,2,20
AK4,17,2,17
AK7,17,3,23
AKAP7,17,2,17
ARL6IP4,17,6,18
ATF4,17,6,17
ATP1A3,17,5,18
ATP2B1,17,4,23
ATP2B2,17,4,23
ATP6V0E2,17,4,17
ATP6V1G1,17,6,17
B3GAT1,17,2,23
BCAR3,17,1,17
BEND4,17,3,18
CADM2,17,4,17
CALD1,17,3,21
CBX1,17,5,19
CCDC85B,17,5,17
CCT7,17,5,22
CDCA7,17,3,17
CDCA7L,17,2,18
CFAP221,17,5,19
CHD7,17,4,25
CHPT1,17,2,17
CISD1,17,2,23
CLDN16,17,3,21
CLHC1,17,2,20
CNTN1,17,4,22
COL24A1,17,3,19
CPVL,17,3,18
CREM,17,2,20
CYP46A1,17,6,22
DAPK2,17,4,23
DNAH5,17,4,20
EEF1D,17,3,19
EIF3J,17,4,17
ELF2,17,2,20
ENHO,17,6,18
ENO2,17,4,17
ENSG00000224361,17,1,17
ENSG00000224658,17,2,17
ENSG00000228793,17,3,20
ENSG00000234206,17,1,17
ENSG00000243155,17,3,17
ENSG00000249738,17,2,18
ENSG00000249806,17,3,23
ENSG00000250049,17,3,17
ENSG00000250243,17,4,22
ENSG00000251187,17,1,17
ENSG00000254734,17,3,21
ENSG00000258028,17,4,20
ENSG00000258081,17,6,18
ENSG00000258185,17,4,24
ENSG00000259345,17,4,26
ENSG00000260848,17,2,22
ENSG00000263594,17,3,17
ENSG00000265125,17,2,19
ENSG00000272341,17,2,20
ENSG00000279110,17,2,17
ENSG00000286068,17,1,17
ENSG00000286313,17,4,28
ENSG00000286622,17,5,27
ENSG00000286776,17,1,17
ENSG00000287018,17,1,17
ENSG00000287083,17,4,19
ENSG00000287231,17,2,17
ERICH3,17,4,17
ETV1,17,4,23
FAM171B,17,3,23
FAM184B,17,2,18
FEZF2,17,1,17
FKBP2,17,4,17
FLNA,17,3,18
FOXP1-AS1,17,1,17
GALNT10,17,5,18
GCH1,17,3,21
GNG4,17,4,28
GPR158-AS1,17,2,20
GPR37,17,2,18
GPR63,17,3,24
GRIA1,17,3,19
GRK3,17,5,24
GRM1,17,5,18
H1-2,17,6,17
H1-4,17,5,19
HEBP2,17,3,17
HES4,17,5,17
HIVEP2,17,4,24
HSPA5,17,6,18
IKZF2,17,3,20
IMPA2,17,2,17
KDM3A,17,4,21
KLHL2,17,3,27
LAMA1,17,5,23
LCORL,17,3,22
LINC00461,17,4,26
LINC00710,17,3,20
LINC01145,17,3,17
LINC02008,17,6,18
LINC02488,17,3,20
LPP,17,3,18
MBNL2,17,5,24
MCF2,17,3,22
METTL26,17,4,18
MIATNB,17,2,18
MICAL2,17,2,17
MRPL20,17,5,18
MRPS34,17,5,18
MT-ND1,17,5,17
MTARC1,17,1,17
MYO15A,17,1,17
MZT2A,17,7,18
NCKAP5-AS1,17,1,17
NFIB-AS1,17,2,17
NHSL1,17,5,19
NIPAL3,17,3,22
NSMF,17,7,17
OPRD1,17,2,20
PALS2,17,4,21
PCBP3,17,3,19
PDE8B,17,3,21
PDGFD,17,5,25
PELI2,17,4,24
PGRMC1,17,7,18
PHEX-AS1,17,2,19
PIPOX,17,1,17
PLA2G4C,17,3,21
PLEKHA7,17,4,30
PMEPA1,17,4,24
POMP,17,4,17
PPM1E,17,4,24
PRSS23-AS1,17,6,20
PSMD8,17,5,17
RASSF5,17,3,21
SCD5,17,3,18
SCG5,17,3,22
SCN7A,17,3,17
SIAH3,17,3,17
SLC22A15,17,4,17
SLC22A17,17,5,19
SLC2A11,17,3,23
SLC35F1,17,5,17
SNHG22,17,2,18
SNHG4,17,2,18
SNRPE,17,7,18
SOX5-AS1,17,2,17
SPOCK2,17,4,23
STEAP2-AS1,17,2,19
STK32A,17,5,21
STUM,17,3,17
STXBP5-AS1,17,2,22
SYT9,17,3,19
TMC3-AS1,17,1,17
TMEM170A,17,2,22
TMEM178B,17,2,17
TMEM258,17,7,17
TMOD1,17,3,19
TOMM20,17,5,18
TTC34,17,2,20
TTLL9,17,1,17
UBE2QL1,17,3,24
UFC1,17,7,17
UTRN,17,6,27
VCAN,17,5,18
VSNL1,17,6,20
WIPF1,17,2,19
ZCCHC12,17,3,18
ZMIZ1-AS1,17,1,17
ZNF608,17,3,22
ZNF625,17,1,17
ABHD3,16,2,16
ABLIM3,16,5,17
ADAMTS6,16,3,20
ADCYAP1R1,16,2,18
ANKRD50,16,1,16
ARHGEF10,16,3,17
BACH1,16,5,18
BMPER,16,3,16
C4orf50,16,3,19
CACNA1C,16,5,16
CACNA1H,16,1,16
CASC17,16,2,16
CAV3,16,3,17
CCDC28B,16,5,16
CCND2-AS1,16,3,26
CD47,16,2,22
CD55,16,2,18
CDK2AP1,16,5,16
CELF4,16,2,16
CENPE,16,4,18
CFAP20DC-AS1,16,2,17
CFAP299,16,3,16
CHCHD1,16,4,16
CHKA,16,3,22
CHMP1B,16,2,16
CIDEA,16,1,16
CLEC2L,16,3,20
CLVS1,16,3,17
COL22A1,16,1,16
CRIP2,16,4,16
CSNK2B,16,5,16
CTNND2,16,3,18
CYYR1,16,4,16
DAP,16,1,16
DCDC2,16,3,16
DDT,16,3,19
DGKZ,16,2,17
DLX6,16,3,20
DNM3,16,5,18
DSG2,16,4,20
EBF2,16,3,25
EIF3D,16,4,17
EIF4EBP1,16,2,16
ELAVL4,16,2,20
ELMOD1,16,4,22
EMB,16,4,23
EMID1,16,2,17
ENSG00000229151,16,3,20
ENSG00000235296,16,3,21
ENSG00000245768,16,4,21
ENSG00000250092,16,3,18
ENSG00000251600,16,3,16
ENSG00000260971,16,3,19
ENSG00000269887,16,2,16
ENSG00000277855,16,3,16
ENSG00000285622,16,1,16
ENSG00000285637,16,1,16
ENSG00000285769,16,2,16
ENSG00000285780,16,3,16
ENSG00000286685,16,5,23
ENSG00000287092,16,3,20
ENSG00000287679,16,4,22
ENSG00000287814,16,2,17
ENSG00000288105,16,4,17
ENSG00000288921,16,2,19
ENSG00000291041,16,5,18
ENTPD3-AS1,16,3,21
FOXP1-IT1,16,1,16
FSTL5,16,5,20
GDI1,16,6,16
GDNF-AS1,16,4,20
GKAP1,16,2,21
GNAI1,16,3,20
GNG8,16,4,17
GPR155,16,4,21
GPRC5B,16,2,16
GRM3-AS1,16,5,26
HCRTR1,16,4,16
HDAC9,16,3,18
HIVEP1,16,2,20
HPCA,16,4,18
HTR1E,16,4,28
HYMAI,16,2,16
INSYN2B,16,4,19
ISYNA1,16,5,18
KCNT1,16,3,20
KIAA0319,16,3,18
KIF17,16,3,25
KIRREL1,16,3,21
LDHA,16,5,16
LETR1,16,3,16
LINC01608,16,5,32
LINC01811,16,3,17
LINC02899,16,6,17
LPCAT2,16,3,20
LRRK1,16,2,16
LSM7,16,4,16
MAF,16,4,19
MCUR1,16,3,17
MIR3681HG,16,3,17
MIR548A1HG,16,3,20
MITF,16,4,19
MOV10L1,16,2,17
MOXD1,16,3,16
MTUS1,16,5,21
MXRA7,16,4,16
N4BP2L1,16,1,16
NAB1,16,2,16
NCOA2,16,2,16
NDUFA3,16,6,19
NDUFA6,16,5,16
NFIA,16,3,16
NME1,16,7,16
NPHP1,16,4,20
NPTN-IT1,16,3,17
NREP-AS1,16,3,17
NRG2,16,5,17
NSG2,16,3,21
NUDT1,16,5,16
OBI1-AS1,16,5,22
PCCA,16,2,16
PDE2A,16,3,19
PDE4D,16,8,17
PDYN,16,1,16
PLA2R1,16,3,18
PLCH1,16,3,24
POU3F1,16,6,20
PRAF2,16,5,16
PRKD1,16,4,17
PROK2,16,2,18
PTGR3,16,3,18
PTPN18,16,1,16
PTPRO,16,3,16
RGS7,16,4,19
RIPOR2,16,5,22
RPRM,16,4,16
RPS6KL1,16,2,19
RRAGA,16,5,16
RSPH9,16,1,16
SCIRT,16,3,17
SCN2A,16,4,16
SH2D3A,16,3,22
SHANK2,16,3,18
SHISA2,16,2,16
SLC12A8,16,4,27
SLC19A3,16,1,16
SLC35G1,16,3,21
SLC9A5,16,3,19
SNHG25,16,6,16
SNX7,16,2,17
SOX6,16,4,19
SOX9-AS1,16,3,17
SPECC1,16,2,16
STARD13-AS,16,5,19
STN1,16,2,17
STYK1,16,2,16
SYN2,16,4,16
SYNJ2,16,2,17
TBC1D31,16,3,21
TCEAL8,16,6,16
TEX2,16,1,16
TFB1M,16,2,17
THBS3,16,1,16
TMEM108-AS1,16,3,19
TMEM35A,16,4,16
TRHDE-AS1,16,2,16
UPP1,16,5,20
USP28,16,3,18
VAT1,16,4,17
VIM,16,3,20
VPS28,16,6,16
VSTM2B-DT,16,2,22
WWTR1,16,1,16
ZBTB20-AS1,16,3,17
ZBTB46,16,1,16
ABCA6,15,4,18
ABLIM2,15,4,22
ADAM12,15,4,22
ADORA2A,15,3,18
AFF3,15,4,19
AGBL4,15,4,16
AHI1-DT,15,3,17
ARL15,15,3,16
ARL6IP5,15,4,15
B3GNT2,15,4,25
BAALC-AS1,15,3,15
BCL2,15,3,16
BSCL2,15,5,17
BZW1,15,4,20
C12orf40,15,2,17
C1QBP,15,8,15
CBLB,15,4,17
CCDC144A,15,4,19
CCDC90B-AS1,15,2,17
CCNT2-AS1,15,3,16
CDYL2,15,5,19
CENPX,15,5,15
CFAP20DC,15,3,18
CHGB,15,4,15
CLDN1,15,3,19
CLGN,15,2,15
CLTB,15,4,16
CSRP1-AS1,15,3,17
CTNNA3,15,6,17
CXXC4,15,3,19
CYC1,15,7,15
DAB1,15,5,20
DDX21,15,5,15
DENND3,15,1,15
DET1,15,2,17
DGKI,15,2,15
DNAI1,15,3,19
DPF3,15,5,16
DPH6-DT,15,3,19
DPP10-AS3,15,1,15
DPP7,15,4,18
DPYD-AS1,15,4,16
DTNA,15,5,19
EIF3K,15,5,15
EIF5A,15,6,16
ELAVL2,15,1,15
EML1,15,2,17
ENSG00000223436,15,3,16
ENSG00000225087,15,4,20
ENSG00000226149,15,2,15
ENSG00000227400,15,3,15
ENSG00000250101,15,5,19
ENSG00000250761,15,2,15
ENSG00000251199,15,2,20
ENSG00000253901,15,6,27
ENSG00000257894,15,1,15
ENSG00000258603,15,5,18
ENSG00000259106,15,2,16
ENSG00000261502,15,4,19
ENSG00000274265,15,5,23
ENSG00000279668,15,4,17
ENSG00000280145,15,2,15
ENSG00000283982,15,2,16
ENSG00000284977,15,4,16
ENSG00000285454,15,4,16
ENSG00000285517,15,3,17
ENSG00000285519,15,3,19
ENSG00000285572,15,2,15
ENSG00000286003,15,3,16
ENSG00000286330,15,2,18
ENSG00000286863,15,4,25
ENSG00000287347,15,1,15
ENSG00000287528,15,3,19
ENSG00000287783,15,1,15
ENSG00000289192,15,1,15
ENSG00000289433,15,2,16
ENSG00000289435,15,3,18
ENSG00000289901,15,5,16
ENSG00000290067,15,1,15
ENSG00000291171,15,1,15
EPB41L2,15,3,15
FAHD1,15,2,15
FAM135A,15,4,16
FAM32A,15,4,15
FGF12,15,5,17
FOCAD,15,1,15
FOXP4,15,4,20
FXYD6,15,2,16
GAB2,15,2,16
GALNT3,15,4,16
GFOD1,15,1,15
GMPR,15,5,18
GPR143,15,2,19
GPR27,15,5,15
GPRIN3,15,6,18
HLF,15,2,15
HMGN2,15,6,18
HS3ST2,15,5,22
IK,15,6,16
INPP1,15,2,19
ITGB3,15,1,15
ITM2B,15,4,15
JARID2,15,2,16
KCNG3,15,4,24
KCNH8,15,4,16
KIAA1958,15,2,15
KLF3-AS1,15,2,15
KRT10,15,5,15
KRT222,15,4,17
KRT31,15,3,18
LAMC2,15,2,17
LHX1-DT,15,2,20
LIN7A,15,4,22
LIN7B,15,3,16
LINC00354,15,3,15
LINC00861,15,2,19
LINC00923,15,1,15
LINC01141,15,2,16
LINC01170,15,3,15
LINC01588,15,3,19
LINC01591,15,2,15
LINC02192,15,3,17
LINC02254,15,4,15
LSP1P5.1,15,2,16
LUZP2,15,5,16
MACROD2-AS1,15,4,22
MAGI3,15,4,16
MAP6,15,2,19
MARCHF1,15,4,16
MAST3,15,1,15
MB21D2,15,2,23
MGC32805,15,1,15
MINAR2,15,1,15
MIR181A1HG,15,1,15
MIR181A2HG,15,3,20
MPPED1,15,4,18
MRPL16,15,2,15
MSC-AS1,15,3,15
MTURN,15,2,15
MYLIP,15,3,16
MYO3B-AS1,15,2,19
NBL1,15,5,15
NDUFS8,15,7,15
NEMP2,15,1,15
NEUROG2-AS1,15,3,16
NKAIN3,15,6,19
NR4A3,15,5,20
ODC1,15,5,16
OLFM1,15,4,15
ORAI2,15,4,20
PALLD,15,1,15
PANTR1,15,5,22
PCSK6,15,1,15
PDE4A,15,2,19
PDHA1,15,3,15
PLIN5,15,2,15
PLPP3,15,6,26
POU3F3,15,4,15
PPP3CA,15,3,17
PRELID1,15,6,15
PRKCG,15,3,19
PRKG2,15,3,19
PSMB4,15,4,15
PSMC1,15,5,19
PTPRT-DT,15,1,15
QKI,15,3,25
QKILA,15,5,15
RAC2,15,2,17
RASSF8,15,2,19
RBP4,15,3,15
RGMB,15,4,17
RNF152,15,1,15
RNF217,15,1,15
RSPH1,15,3,19
SCN1A-AS1,15,4,20
SDC2,15,4,16
SEC24D,15,1,15
SEMA5B,15,4,19
SERINC5,15,5,15
SFXN4,15,1,15
SIPA1L1,15,3,24
SLC26A11,15,3,16
SLC4A8,15,2,17
SLIT3,15,6,16
SLITRK1,15,3,18
SMAD7,15,1,15
SMIM17,15,3,24
SMPDL3B,15,2,19
SNRNP27,15,6,16
SOBP,15,4,21
SPEF1,15,3,17
SPRY2,15,3,16
SSUH2,15,3,16
ST8SIA5,15,5,17
SUMF1,15,1,15
SYF2,15,5,15
TAGLN2,15,3,15
TCF4-AS1,15,3,16
TMEM132A,15,4,15
TNIK,15,2,15
TOMM22,15,5,16
TPRG1,15,2,16
UBALD2,15,4,15
UGGT2,15,4,23
VGF,15,4,18
WASF3,15,3,16
WNT10B,15,2,16
ZDBF2,15,1,15
ZNF516,15,5,19
ZNRF2,15,2,16
ZPBP,15,2,15
ZRANB3,15,1,15
ZSCAN5A,15,3,19
ACTN1,14,1,14
ADGRB2,14,5,14
ADGRD1,14,1,14
AFDN,14,3,15
AFDN-DT,14,2,14
ANKS1A,14,2,17
ARHGDIG,14,5,14
ATP11C,14,1,14
ATP6AP1,14,5,19
ATP6V0B,14,6,15
ATP8A1,14,3,14
BACE2,14,3,14
BACH2,14,3,16
BARD1,14,3,14
BBOF1,14,4,16
BCKDHB,14,2,15
BEND3,14,2,15
BRINP2,14,4,16
C12orf42,14,3,15
C2CD2,14,1,14
C4orf33,14,2,17
CAMKV,14,5,14
CCDC124,14,4,14
CCDC28A,14,1,14
CDH12,14,2,18
CFAP20DC-DT,14,1,14
CHMP2B,14,2,14
CLEC16A,14,2,19
COL9A2,14,5,14
COPRS,14,6,14
COPS6,14,6,14
CWC15,14,6,14
DANCR,14,5,16
DCN,14,2,14
DIAPH2-AS1,14,3,16
DISC1FP1,14,4,19
DLX5,14,2,17
DNAH6,14,4,17
DNER,14,4,20
DZIP1L,14,1,14
EIF2S2,14,5,14
ELOVL4,14,2,16
ENSG00000203335,14,1,14
ENSG00000223727,14,2,14
ENSG00000225649,14,3,18
ENSG00000226994,14,1,14
ENSG00000228566,14,4,14
ENSG00000232451,14,2,16
ENSG00000237626,14,2,17
ENSG00000246331,14,2,15
ENSG00000258829,14,3,17
ENSG00000259460,14,3,17
ENSG00000259946,14,2,15
ENSG00000271833,14,1,14
ENSG00000272642,14,2,15
ENSG00000280007,14,2,15
ENSG00000283175,14,3,14
ENSG00000283183,14,3,15
ENSG00000284633,14,2,16
ENSG00000285699,14,3,15
ENSG00000285841,14,1,14
ENSG00000286494,14,2,15
ENSG00000286757,14,2,18
ENSG00000286973,14,5,19
ENSG00000288030,14,1,14
ENSG00000288560,14,4,16
ENSG00000289007,14,3,20
ENSG00000289328,14,3,14
ENSG00000290843,14,3,17
ENSG00000292309,14,3,23
EPHA6,14,4,14
EPHA7,14,4,15
EXTL2,14,3,20
FAM20C,14,1,14
FDFT1,14,3,15
FHL2,14,3,20
FKBP3,14,4,14
FNDC1,14,5,29
FOXP1-DT,14,1,14
FRMD4B,14,4,14
FSCN1,14,4,14
GABRB3,14,4,16
GBX2-AS1,14,4,21
GLA,14,3,14
GLIS3,14,5,16
GOLGA6L9,14,2,14
GPR139,14,1,14
GPR22,14,1,14
GRAMD1B,14,4,16
GRB10,14,2,14
GRHL2,14,1,14
GRIA2,14,5,19
GRIN3A,14,4,15
GXYLT2,14,1,14
H1-0,14,7,14
HCRTR2,14,2,15
HDDC2,14,2,18
HIP1R,14,1,14
IFI27L2,14,5,15
IGFBP5,14,2,14
INSIG1,14,3,15
IRF2BP2,14,3,16
ITSN1,14,1,14
KANK1,14,5,15
KCNA4,14,3,19
KCNC2,14,7,17
KCNK15-AS1,14,3,16
KCNT2,14,4,21
KIF9-AS1,14,2,18
KLF12,14,5,16
LHFPL6,14,2,17
LINC-PINT,14,5,24
LINC00621,14,2,15
LINC00951,14,4,17
LINC01619,14,4,18
LINC01828,14,2,15
LINC02201,14,2,16
LINC02853,14,2,15
LINC02930,14,5,16
LPL,14,5,15
LSAMP-AS1,14,4,17
LSM4,14,6,15
LUZP1,14,3,17
LYPLAL1-DT,14,2,16
MACROD2,14,6,22
MAGED2,14,5,14
MAGI1,14,3,19
MAML2,14,4,15
MARCHF4,14,3,16
MCAM,14,3,16
METRN,14,4,14
MFSD11,14,1,14
MFSD6,14,1,14
MGST3,14,4,15
MINAR1,14,2,15
MSRB2,14,1,14
MYLK,14,3,19
NDUFA12,14,4,14
NEGR1,14,7,16
NEUROG2,14,3,14
NIHCOLE,14,1,14
NME4,14,3,15
NPAS1,14,2,15
NPHS1,14,2,15
NPR3,14,2,14
NR2F2,14,5,16
NUDC,14,3,14
NXPH2,14,5,16
OAS2,14,2,17
OLFML2B,14,2,14
PAPPA2,14,1,14
PCGF5,14,2,15
PDGFRL,14,3,15
PEX5L-AS2,14,1,14
PFDN2,14,7,14
PFKP,14,4,14
PGLS,14,3,17
PIK3R3,14,5,22
PKP4,14,3,14
PLCE1,14,3,15
PLS3,14,3,14
POP7,14,6,15
PRELID2,14,3,15
PRLR,14,4,14
PRMT1,14,4,15
PRNP,14,3,14
PSD3,14,3,14
PTCHD1-AS,14,2,15
PTK2B,14,3,15
PTPN13,14,5,15
PTPRR,14,3,14
RAB3A,14,4,14
RAB5IF,14,4,16
RAB8B,14,2,17
RASL10A,14,3,14
RBM20,14,4,14
RBMS3-AS2,14,3,16
RBP1,14,3,14
RGMA,14,5,14
RGS11,14,5,16
RIMS2,14,4,17
RNF187,14,4,15
RTKN2,14,2,14
RTL4,14,3,14
RTL8C,14,5,14
SATB2-AS1,14,3,15
SCAI,14,2,14
SFRP4,14,2,14
SGMS1,14,2,14
SKAP1,14,2,14
SLC1A6,14,5,17
SLC22A25,14,2,15
SLC25A3,14,5,15
SLC25A37,14,5,23
SLC2A3,14,3,22
SLC5A7,14,3,18
SLC9C2,14,3,19
SMARCD3,14,2,14
SNCA,14,4,14
SOCS6,14,1,14
SORCS1,14,4,18
SORCS3,14,4,17
SOX5,14,4,18
SPAG1,14,4,19
SPRY1,14,3,14
SRSF3,14,4,14
ST8SIA4,14,4,16
STK32B,14,5,14
TBK1,14,2,15
TCEAL5,14,7,14
TCEAL7,14,7,15
TCERG1L,14,2,18
TEX9,14,2,19
TLE2,14,3,15
TMEM106C,14,3,14
TP63,14,2,15
TPD52,14,4,17
TPST1,14,4,17
TRIB2,14,3,14
TSTD2,14,2,15
TWSG1,14,1,14
TXLNGY,14,1,14
UCKL1,14,4,15
USP3,14,2,15
USP6NL,14,1,14
UXT,14,6,14
VBP1,14,4,14
VSTM2L,14,6,20
ZNF831,14,2,15
ZSCAN16,14,1,14
ABCA1,13,3,14
ABCA5,13,5,15
ABCA9,13,3,17
ACOT12,13,4,16
ACTR3-AS1,13,3,18
ADGRG6,13,2,13
AHNAK2,13,3,13
ANGPT2,13,2,13
ANKRD20A11P,13,3,16
APBB1IP,13,3,14
ATP8B4,13,4,16
B3GAT1-DT,13,1,13
BAG1,13,3,13
BCL9,13,3,20
BEND7,13,2,16
BRIP1,13,4,15
BUD31,13,6,14
C19orf53,13,5,13
C1RL,13,2,14
C20orf96,13,4,16
C6orf136,13,3,15
CA3,13,4,13
CADM2-AS2,13,2,14
CADM4,13,5,13
CATSPERD,13,2,16
CBLN2,13,5,17
CCDC146,13,2,15
CCDC178,13,3,13
CD109,13,1,13
CDH20,13,4,13
CDK17,13,2,13
CDKN1B,13,2,13
CHMP1B-AS1,13,3,16
CILK1,13,2,13
CKAP2,13,2,15
CNGA1,13,2,13
COQ5,13,1,13
CSF2RA,13,3,15
CSPG5,13,4,18
CYRIA,13,5,15
DACT1,13,2,14
DEK,13,4,13
DLG1,13,2,13
DNAJC12,13,4,16
DNMBP,13,4,15
DPH6,13,4,18
EIF4E3,13,3,16
ELAPOR2,13,1,13
EMC6,13,4,14
ENKUR,13,2,13
ENSG00000214942,13,2,14
ENSG00000225330,13,3,15
ENSG00000227088,13,1,13
ENSG00000229751,13,3,14
ENSG00000235743,13,2,13
ENSG00000236449,13,1,13
ENSG00000248627,13,3,14
ENSG00000251388,13,3,14
ENSG00000258760,13,2,13
ENSG00000260271,13,2,13
ENSG00000267136,13,2,13
ENSG00000274893,13,4,17
ENSG00000283118,13,4,14
ENSG00000286218,13,2,14
ENSG00000286260,13,4,17
ENSG00000286364,13,2,13
ENSG00000286540,13,2,17
ENSG00000287047,13,2,14
ENSG00000287249,13,3,14
ENSG00000287290,13,2,13
ENSG00000289201,13,3,18
ENSG00000289289,13,3,17
ENSG00000291037,13,2,16
EOGT,13,2,14
ERP29,13,4,14
FAM106A,13,3,16
FAM181B,13,3,13
FAM9B,13,3,17
FAP,13,1,13
FBN1,13,5,19
FBXO27,13,2,13
FDPS,13,5,14
FERMT1,13,3,14
FOXG1-AS1,13,4,16
GABRA1,13,4,14
GABRA5,13,2,15
GALNT16,13,3,14
GATAD2A,13,2,13
GCNT1,13,4,15
GLRX5,13,6,13
GNB5,13,1,13
GRID1-AS1,13,2,14
GRP,13,5,13
HIGD2A,13,5,15
HNRNPH2,13,5,13
HOOK1,13,3,17
HPSE2,13,1,13
IGSF5,13,2,15
IKBIP,13,1,13
IMMP2L,13,4,17
IQGAP2,13,3,14
ITM2C,13,5,13
KCNB2,13,2,13
KCTD15,13,2,13
KDM7A,13,5,15
KLHL14,13,3,13
KRTCAP2,13,5,15
LBH,13,3,14
LEF1,13,2,13
LHX2,13,5,14
LINC00348,13,2,13
LINC01208,13,2,16
LINC01414,13,2,13
LINC01484,13,2,15
LINC01500,13,4,18
LINC02109,13,5,34
LINC02147,13,4,13
LINC02253,13,4,13
LINC02942,13,3,13
LMF1,13,1,13
LMO7,13,1,13
LOXL1-AS1,13,3,18
LOXL3,13,2,14
LRP12,13,3,18
LRP8,13,3,14
LRRTM3,13,4,14
MALRD1,13,5,24
MAP2K2,13,4,14
MARK1,13,2,17
MCTP1,13,4,16
MLIP,13,1,13
MLLT3,13,7,14
MROH1,13,3,17
MROH8,13,2,17
MT-ATP6,13,5,13
MTARC2,13,3,13
MYH9,13,2,13
MYO1D,13,1,13
NDUFB8,13,5,13
NETO2,13,3,17
NORAD,13,3,13
NRCAM,13,3,15
NUMB,13,2,14
NXPH3,13,1,13
OAS3,13,2,15
OCA2,13,5,15
OPCML-IT1,13,2,13
PAK6,13,3,17
PAPPA,13,6,14
PCDH17,13,5,14
PITPNM2,13,2,14
PLCB1,13,4,14
PLCL1,13,2,13
POR,13,5,14
POT1-AS1,13,3,15
PPA1,13,4,13
PPFIA4,13,2,13
PPP1R16B,13,3,14
PPP1R1C,13,2,13
PRAG1,13,2,13
PRB2,13,3,16
PRKAR2A,13,2,15
PTCSC3,13,3,14
RAP2A,13,2,14
RASD2,13,4,19
RASGRP2,13,4,22
RASSF4,13,2,13
RBM15B,13,3,13
REPS2,13,3,16
RETREG1,13,3,14
RNASEH2B,13,2,19
RNF125,13,3,13
ROBO1,13,5,16
RPP21,13,6,14
RRAGC-DT,13,2,15
RSL24D1,13,4,13
RWDD3-DT,13,2,17
SARAF,13,4,13
SDK2,13,4,13
SDR16C5,13,3,17
SEPTIN4,13,1,13
SEPTIN5,13,6,13
SETD7,13,1,13
SF3B6,13,5,13
SHANK1,13,1,13
SLC25A27,13,3,13
SLC25A4,13,3,13
SLC26A8,13,3,19
SLC28A2-AS1,13,6,35
SLC32A1,13,4,20
SLC38A10,13,1,13
SPATA17,13,2,13
SPATA2L,13,3,17
SPINT2,13,3,14
SRP9,13,5,13
SSBP3,13,1,13
ST3GAL6,13,2,13
SV2A,13,3,14
SYT6,13,3,16
TIMM10,13,5,13
TLCD4,13,3,14
TMEM132B,13,5,14
TMEM45A,13,2,15
TMEM63C,13,1,13
TNFRSF19,13,2,13
TSPO,13,3,14
TSR3,13,3,13
TTC28,13,4,14
TTN-AS1,13,3,14
TUBB4A,13,5,13
UBE2Q2P2,13,3,16
WIF1,13,3,13
WNT4,13,3,17
ZNF441,13,2,14
ZNF486,13,1,13
ZNF66,13,2,14
ZNF738,13,2,14
ZNF98,13,4,13
ABCA7,12,3,15
ABRACL,12,2,13
ACAA1,12,4,12
ADGRB3,12,3,13
ADRA1D,12,1,12
AMIGO2,12,2,12
ANKRD12,12,1,12
ANKRD44,12,3,14
ANKRD6,12,1,12
ANO5,12,1,12
AOAH,12,1,12
AP1S2,12,3,15
AP2S1,12,7,13
APEX1,12,4,14
ARPC5,12,3,12
ASAP2,12,1,12
ATP8A2,12,2,12
BHLHE22,12,6,15
BICD1,12,2,12
BIN1,12,3,13
C18orf32,12,3,14
C4orf3,12,4,13
CASC18,12,1,12
CASC6,12,2,13
CCDC88B,12,1,12
CDH6,12,3,13
CDK1,12,3,12
CENPP,12,4,14
CETN2,12,6,12
CFAP44,12,2,12
CFAP90,12,1,12
CGNL1,12,2,13
CHD5,12,4,16
CNNM1,12,3,18
CNTNAP2-AS1,12,2,12
COTL1,12,3,13
CPE,12,2,12
CPEB1,12,3,16
CREBRF,12,1,12
CRH,12,2,12
CRNDE,12,4,17
CSTB,12,5,14
CUEDC2,12,3,12
CXXC5,12,2,12
DELE1,12,1,12
DLEU2,12,4,13
DLGAP2-AS1,12,1,12
DNAH7,12,4,12
DNAJC8,12,5,13
DOK6,12,3,12
DPYSL2,12,3,13
DRP2,12,3,16
EMCN,12,2,13
ENSG00000230552,12,2,13
ENSG00000232633,12,1,12
ENSG00000234021,12,2,12
ENSG00000234275,12,4,12
ENSG00000235410,12,2,12
ENSG00000237031,12,3,12
ENSG00000238280,12,1,12
ENSG00000241679,12,2,16
ENSG00000243415,12,2,13
ENSG00000249883,12,4,12
ENSG00000250377,12,2,12
ENSG00000250994,12,1,12
ENSG00000254163,12,2,13
ENSG00000254187,12,3,13
ENSG00000254420,12,1,12
ENSG00000258231,12,3,12
ENSG00000260664,12,2,12
ENSG00000261451,12,2,13
ENSG00000262529,12,3,14
ENSG00000266977,12,1,12
ENSG00000267568,12,2,12
ENSG00000267694,12,1,12
ENSG00000270571,12,2,17
ENSG00000283031,12,1,12
ENSG00000283058,12,1,12
ENSG00000284634,12,3,16
ENSG00000285582,12,3,13
ENSG00000285873,12,1,12
ENSG00000285980,12,3,12
ENSG00000286041,12,1,12
ENSG00000286121,12,3,14
ENSG00000286134,12,1,12
ENSG00000286328,12,2,15
ENSG00000286924,12,3,12
ENSG00000287020,12,3,12
ENSG00000287756,12,3,12
ENSG00000287949,12,2,12
ENSG00000288085,12,2,14
ENSG00000288902,12,2,15
ENSG00000289013,12,3,15
ENSG00000290012,12,3,14
EPCAM-DT,12,4,15
EPDR1,12,3,12
ERF,12,1,12
ERH,12,5,12
ETV6,12,2,12
FAM162B,12,2,13
FBL,12,3,12
FGFR2,12,3,13
FKBP8,12,5,12
FOXG1,12,5,12
FRMD3,12,3,18
GALNT13,12,6,13
GALNT2,12,3,12
GAS1RR,12,3,16
GGH,12,1,12
GPR173,12,3,12
GRIN2B,12,5,15
GUCY2C-AS1,12,3,13
GXYLT1,12,2,13
H1-3,12,3,12
HEPH,12,2,15
HGF,12,3,13
HIVEP2-DT,12,1,12
HMGA1,12,3,12
IFT57,12,1,12
IGSF11,12,2,12
INA,12,2,12
IQCK,12,2,13
IQSEC1,12,6,13
ITGA3,12,2,14
ITM2A,12,2,14
JAZF1,12,4,15
JPH4,12,4,21
KBTBD12,12,1,12
KBTBD6,12,5,12
KCNIP1,12,5,16
LAMTOR4,12,6,12
LGALS3BP,12,2,12
LINC00205,12,3,16
LINC01917,12,2,14
LINC02208,12,3,13
LINC02232,12,4,17
LINC02281,12,2,12
LINC02315,12,5,13
LINC02336,12,2,17
LRRC4B,12,4,18
LRRC7,12,5,12
MAEL,12,3,13
MAGEH1,12,3,12
MALAT1,12,6,15
MAMDC2,12,2,12
MAP3K20,12,1,12
MAP4K2,12,2,13
MDFIC2,12,2,15
METRNL,12,3,12
MGMT,12,3,12
MIEN1,12,3,12
MIR124-1HG,12,4,12
MLF2,12,4,12
MORF4L1,12,3,13
MSANTD1,12,2,15
MYO1B,12,3,21
NAP1L3,12,4,13
NDUFAF4,12,3,16
NEFL,12,2,12
NEK7,12,2,12
NHLH2,12,2,13
NLGN1-AS1,12,1,12
NME5,12,3,14
NPTXR,12,3,12
NPY5R,12,2,12
NR4A2,12,3,12
NREP,12,2,12
NRIR,12,3,14
NRN1,12,3,13
OSBPL1A,12,3,12
PABPC1L,12,3,13
PAICS,12,2,12
PAXX,12,4,13
PCDH7,12,4,13
PDE11A-AS1,12,3,12
PDGFC,12,3,12
PEF1,12,1,12
PGK1,12,3,13
PGM2,12,1,12
PHACTR2,12,2,14
PHF20L1,12,1,12
PIK3R4,12,2,16
PLCB4,12,4,18
PLD1,12,4,12
PLEKHA5,12,4,15
PNMA6A,12,4,12
PPA2,12,3,12
PRDM8,12,2,13
PRKCD,12,2,15
PRR7,12,4,12
PTGFRN,12,5,14
PTPRJ,12,4,15
RNF128,12,2,15
RNF213-AS1,12,1,12
ROBO3,12,3,12
RORB,12,2,14
RSPH3,12,1,12
SATL1,12,2,17
SCN11A,12,3,13
SEC14L5,12,2,14
SEMA6D,12,4,14
SERPINI1,12,4,15
SIDT1,12,3,12
SLC26A4-AS1,12,2,13
SLCO5A1,12,3,14
STAMBPL1,12,3,14
STARD4-AS1,12,3,12
STIM1,12,2,13
STK3,12,5,15
STXBP5L,12,4,14
SYBU,12,4,15
TEAD1,12,3,12
TIMM13,12,4,12
TKT,12,4,12
TNFSF13B,12,1,12
TNK2,12,2,13
TUBA8,12,5,15
VCL,12,2,17
VOPP1,12,3,17
VSTM2A-OT1,12,3,16
WDR17,12,3,20
ZBTB20-AS5,12,4,16
ZDHHC14,12,6,14
ZMAT3,12,2,13
ZNF536,12,4,18
ZNF680,12,1,12
ZNF774,12,3,14
ZNHIT1,12,4,13
ZSCAN9,12,1,12
ACSL6,11,4,13
ADAM11,11,2,18
ADCK1,11,2,15
ADORA2A-AS1,11,3,13
ALG1,11,1,11
AMPH,11,4,11
APBA1,11,4,11
ARF3,11,3,11
ARHGDIA,11,4,12
ARHGEF25,11,2,11
ARID5B,11,3,11
ARMH1,11,3,11
ARRDC3-AS1,11,1,11
ASPSCR1,11,3,14
ATOX1,11,5,11
ATP13A5,11,1,11
ATP2B1-AS1,11,2,11
ATP6V0D1,11,3,14
ATP6V0D1-DT,11,1,11
ATP6V1E2,11,4,19
ATP8B5P,11,1,11
B2M,11,5,11
BAIAP2-DT,11,6,11
BAIAP3,11,2,12
BTBD3,11,5,11
BTG1,11,5,16
C10orf67,11,2,12
C4BPA,11,2,11
C6,11,2,14
C6orf132,11,2,14
CACHD1,11,2,11
CACNA1I,11,4,14
CACNA2D2,11,3,13
CACNA2D3-AS1,11,5,11
CACNG2,11,3,12
CACNG3,11,5,12
CALML3-AS1,11,2,15
CAMK2D,11,3,15
CCDC122,11,2,11
CCDC26,11,2,11
CCDC77,11,2,11
CCNI,11,5,11
CDC14B,11,2,11
CDK5R2,11,5,11
CHRNA4,11,3,11
CIITA,11,1,11
CKAP4,11,4,11
CLMP,11,4,11
COBL,11,3,13
COL4A3,11,3,11
COL5A3,11,1,11
COX7A1,11,2,11
CYP26A1,11,1,11
CYP4Z1,11,2,11
CYP51A1,11,4,11
DCLK1,11,3,11
DENND2C,11,1,11
DGLUCY,11,3,15
DHX32,11,1,11
DIRAS2,11,4,17
DNMT3A,11,2,12
DNPH1,11,3,11
DRAXIN,11,2,11
EDARADD,11,2,12
EDEM1,11,1,11
EMC10,11,5,11
ENSG00000222017,11,2,11
ENSG00000225096,11,3,11
ENSG00000226965,11,3,12
ENSG00000230647,11,2,11
ENSG00000236494,11,2,11
ENSG00000237312,11,2,14
ENSG00000248816,11,3,11
ENSG00000249049,11,2,11
ENSG00000250698,11,2,11
ENSG00000250740,11,2,11
ENSG00000254263,11,2,12
ENSG00000255250,11,2,11
ENSG00000257045,11,3,12
ENSG00000257191,11,3,11
ENSG00000260563,11,1,11
ENSG00000264666,11,2,11
ENSG00000266573,11,1,11
ENSG00000272477,11,2,17
ENSG00000280366,11,2,11
ENSG00000282142,11,1,11
ENSG00000284632,11,2,12
ENSG00000285751,11,5,22
ENSG00000285955,11,2,11
ENSG00000285966,11,4,16
ENSG00000286044,11,2,11
ENSG00000286125,11,4,15
ENSG00000286133,11,1,11
ENSG00000286619,11,4,12
ENSG00000286934,11,1,11
ENSG00000287045,11,3,12
ENSG00000287100,11,4,11
ENSG00000287488,11,2,14
ENSG00000287613,11,2,12
ENSG00000287811,11,3,12
ENSG00000288016,11,2,11
ENSG00000288075,11,3,16
ENSG00000288802,11,2,11
ENSG00000289529,11,3,11
ENSG00000291061,11,3,13
EPS8,11,5,11
ESRRB,11,2,14
ETFB,11,5,11
FAAP20,11,3,11
FBXO38-DT,11,4,16
FBXW5,11,4,12
FGFR1,11,2,11
FHAD1,11,2,11
FILIP1,11,3,16
FOS,11,6,12
FREM1,11,5,11
FREM2,11,3,11
FRMD6-AS2,11,2,12
FSIP1,11,3,13
FSIP2,11,4,16
FTCDNL1,11,2,12
FXYD7,11,4,11
GLB1L2,11,1,11
GMDS-DT,11,5,14
GOLGA2,11,2,11
GPR83,11,2,11
GRIN2D,11,2,11
GSTM3,11,5,11
H2AC25,11,4,12
H4C5,11,5,11
HBG1,11,4,11
HLCS,11,4,12
HPCAL1,11,3,15
HS3ST3A1,11,3,11
HSP90B1,11,6,11
HSPB1,11,3,12
HTR1A,11,2,11
ID2,11,3,14
IER2,11,4,11
IER5,11,1,11
IGF1,11,5,20
IGIP,11,2,11
INPP5B,11,1,11
ITPKB,11,2,11
ITPRID1,11,4,11
JAKMIP3,11,4,11
JAM2,11,1,11
JDP2,11,3,12
KC6,11,1,11
KCNA3,11,1,11
KCNG2,11,1,11
KCNK9,11,3,11
KIF6,11,2,11
KIRREL2,11,2,12
KL,11,2,14
KRTCAP3,11,3,14
LDLRAD4-AS1,11,2,11
LIMA1,11,3,11
LINC00299,11,2,14
LINC00609,11,3,11
LINC00901,11,1,11
LINC01104,11,2,12
LINC01340,11,3,16
LINC01440,11,3,11
LINC01505,11,3,11
LINC02024,11,2,11
LINC02263,11,3,15
LINC02268,11,2,12
LINC02325,11,3,16
LINC02355,11,1,11
LINC02406,11,3,11
LINC02470,11,1,11
LINC02672,11,2,11
LINC02731,11,4,15
LINC02789,11,1,11
LINC02987,11,1,11
LMLN,11,3,15
LPIN3,11,1,11
LRRTM1,11,2,14
LRRTM2,11,2,11
MAB21L1,11,2,12
MAF1,11,3,12
MAGI1-AS1,11,1,11
MAL2,11,2,13
MDH2,11,6,11
MEGF10,11,4,11
MSI2,11,4,14
MT-CO1,11,5,11
MUC4,11,3,11
NARS1,11,5,12
NBAS,11,3,11
NDUFA8,11,3,11
NDUFAF3,11,4,11
NEK6,11,3,12
NMNAT1,11,2,12
NMT2,11,1,11
NOL4,11,4,12
NPM1,11,4,13
NPTX2,11,4,15
NR6A1,11,2,12
NRP1,11,4,12
NT5DC2,11,6,12
OPRM1,11,3,12
PAN3,11,1,11
PARVA,11,2,11
PDCD5,11,6,11
PDZD2,11,5,14
PFKFB3,11,2,11
PHKA1,11,3,14
PI4KAP1,11,7,28
PIK3AP1,11,1,11
PLAGL1,11,1,11
PLB1,11,3,14
PLEKHH2,11,3,15
PLK2,11,4,15
PLPPR4,11,4,12
PLXNA2,11,4,11
POGLUT3,11,3,11
POLE4,11,2,12
PRKAA2,11,4,13
PRKG1-AS1,11,2,11
PROX1,11,2,15
PTCHD1,11,2,14
PTPRG,11,6,11
PTPRQ,11,2,18
PUF60,11,4,11
PVT1,11,3,13
PYDC2-AS1,11,1,11
RBIS,11,5,11
RFLNB,11,4,11
RFTN1,11,4,14
RHOQ,11,2,12
RIOK3,11,1,11
RNASEH2C,11,3,11
RPS19BP1,11,7,12
RSAD2,11,2,12
RSL1D1,11,4,11
RTL9,11,1,11
RUBCNL,11,2,13
S100A10,11,2,11
SAP30L-AS1,11,3,12
SBDS,11,3,11
SCFD2,11,2,11
SCTR,11,2,14
SEC11C,11,4,11
SELENOH,11,5,12
SEPTIN11,11,1,11
SF3B2,11,3,11
SLC17A8,11,3,11
SLC25A11,11,4,11
SLC26A4,11,1,11
SLC30A1,11,1,11
SLC35G2,11,3,13
SLC37A1,11,1,11
SLC5A3,11,1,11
SLC7A11,11,4,15
SLC8A1-AS1,11,3,17
SLC8B1,11,2,12
SLITRK6,11,1,11
SNHG16,11,2,11
SNHG7,11,5,11
SNRPB,11,4,11
SNRPD1,11,2,11
SNX10,11,3,13
SPARC,11,2,11
SPI1,11,2,14
SRRM4,11,4,12
ST6GAL2,11,2,11
STX17-DT,11,2,11
SURF6,11,3,11
SV2B,11,3,12
SVBP,11,3,11
SVIL,11,4,14
SYCE1L,11,3,11
SYNE2,11,5,12
SYT13,11,2,11
TAMALIN,11,2,13
TCEAL3,11,6,11
THBS2-AS1,11,2,12
TMCO4,11,2,11
TMEM132E,11,3,12
TMEM38A,11,3,13
TOMM5,11,6,11
TP53I3,11,4,12
TPM3,11,5,13
TRAPPC1,11,3,11
TRERF1,11,2,12
TRIM8,11,3,16
TSPAN12,11,3,15
TSPAN14,11,2,12
TTC36,11,2,11
TXNDC17,11,4,11
UBASH3B,11,5,13
USH2A,11,2,14
VAT1L,11,3,11
VIT,11,2,11
XYLT1,11,3,13
ZBTB24-DT,11,1,11
ZNF300P1,11,2,12
ZNF860,11,1,11
ZYG11A,11,2,13
AARD,10,1,10
ABCB11,10,2,12
ABI3BP,10,3,10
ADAMTS9,10,4,11
ADD3,10,3,10
ADGB,10,3,10
AFF1,10,1,10
ALDH1L2,10,1,10
ALG1L9P,10,3,12
ALYREF,10,3,11
ANAPC16,10,4,11
ANK3,10,4,10
ANKFN1,10,3,18
ANTXR2,10,2,11
AP1S1,10,5,10
AQR,10,2,14
ARHGAP18,10,4,10
ARHGAP33,10,4,11
ARHGAP44,10,3,11
ARHGEF28,10,3,11
ASTN2-AS1,10,4,10
ATP7B,10,1,10
ATXN8OS,10,1,10
AXIN2,10,1,10
B4GALT1,10,2,12
BASP1-AS1,10,1,10
BCO2,10,3,14
BFSP2,10,1,10
BMS1P1,10,2,10
C12orf56,10,1,10
C1orf115,10,2,10
C21orf91,10,1,10
C2CD4C,10,2,10
CA11,10,4,11
CABP1,10,2,10
CACNA1C-AS1,10,2,11
CACNA1E,10,4,10
CCDC39,10,1,10
CDH13,10,3,10
CEACAM22P,10,3,10
CENPV,10,5,10
CHMP2A,10,5,10
CHRM2,10,5,10
CHST9,10,4,16
CIBAR1-DT,10,2,10
COL19A1,10,4,18
COL5A1,10,2,14
COL6A3,10,2,12
COL6A5,10,2,12
COMMD2,10,1,10
COPG2IT1,10,1,10
CYP26B1,10,2,10
DARS1,10,1,10
DDX5,10,3,10
DGCR6,10,2,14
DHRS9,10,2,10
DOC2B,10,3,14
DPY19L2,10,2,10
EIF3J-DT,10,1,10
ENO1,10,4,10
ENOX2,10,4,14
ENPP6,10,2,10
ENSG00000197670,10,3,11
ENSG00000214955,10,2,10
ENSG00000227355,10,1,10
ENSG00000227733,10,1,10
ENSG00000227885,10,2,12
ENSG00000228933,10,3,10
ENSG00000230333,10,3,10
ENSG00000230831,10,2,10
ENSG00000232667,10,4,13
ENSG00000235038,10,2,10
ENSG00000243305,10,1,10
ENSG00000248752,10,2,10
ENSG00000248939,10,2,10
ENSG00000250697,10,1,10
ENSG00000253108,10,2,11
ENSG00000253573,10,1,10
ENSG00000254510,10,2,10
ENSG00000254802,10,1,10
ENSG00000254878,10,1,10
ENSG00000257228,10,4,11
ENSG00000258419,10,2,12
ENSG00000259048,10,1,10
ENSG00000259275,10,2,11
ENSG00000259483,10,1,10
ENSG00000259692,10,2,10
ENSG00000262801,10,3,10
ENSG00000263033,10,1,10
ENSG00000263677,10,3,12
ENSG00000263938,10,2,11
ENSG00000266378,10,1,10
ENSG00000283235,10,3,13
ENSG00000283417,10,3,13
ENSG00000286040,10,3,13
ENSG00000286093,10,2,12
ENSG00000286307,10,2,10
ENSG00000286329,10,2,10
ENSG00000286333,10,3,12
ENSG00000286690,10,2,11
ENSG00000286712,10,2,10
ENSG00000286736,10,1,10
ENSG00000287121,10,2,11
ENSG00000287158,10,3,12
ENSG00000287251,10,1,10
ENSG00000287704,10,4,12
ENSG00000287855,10,1,10
ENSG00000288002,10,2,12
ENSG00000288793,10,4,12
ENSG00000289215,10,2,10
ENSG00000289321,10,1,10
ENSG00000289363,10,3,10
ENSG00000289469,10,1,10
ENSG00000289826,10,1,10
ENSG00000290469,10,2,12
ENSG00000290588,10,1,10
ENSG00000291054,10,3,11
ENSG00000291112,10,3,10
ENSG00000291247,10,2,11
ENTREP1,10,2,12
ERC1,10,3,10
FAM107A,10,1,10
FAM163B,10,3,11
FAM171A2,10,4,10
FAM217B,10,3,10
FAR2,10,3,10
FGD5,10,1,10
FGD6,10,2,10
FHIT,10,3,17
FHOD1,10,2,12
FJX1,10,5,10
GABBR2,10,2,10
GADD45G,10,4,10
GAL3ST4,10,2,14
GALNT14,10,3,11
GARIN2,10,1,10
GDAP1L1,10,3,10
GJD2,10,1,10
GLCE,10,4,11
GLI2,10,4,11
GLIPR1,10,2,14
GLUD1,10,3,10
GOLIM4,10,3,12
GPC2,10,2,10
GPC3,10,3,14
GPC6-AS1,10,3,12
GPCPD1,10,1,10
GPM6A,10,3,11
GRIP1,10,3,10
GRM5-AS1,10,3,11
GRM8,10,4,11
GTF2IRD2,10,1,10
H2AZ2,10,4,10
H4C9,10,1,10
HACD4,10,2,10
HBG2,10,5,10
HDAC4,10,1,10
HMGB2,10,2,11
HSD17B7,10,2,10
HSF2BP,10,2,11
HSPA12A,10,3,12
HTATSF1,10,4,10
HTR6,10,1,10
IDH2,10,2,10
IDH3B,10,2,10
IFT74,10,2,11
IGSF21-AS1,10,2,11
IL17D,10,2,11
IL5RA,10,1,10
IRAK3,10,3,10
ITPR1-DT,10,2,10
KCNAB2,10,1,10
KIF1A,10,3,13
KLC1,10,3,14
KNOP1,10,3,10
LAMA4,10,5,10
LAMTOR2,10,4,11
LDAF1,10,3,10
LGALS1,10,3,11
LHFPL2,10,2,12
LINC00378,10,4,11
LINC00472,10,4,13
LINC00623,10,2,10
LINC00870,10,2,10
LINC00877,10,2,11
LINC01338,10,2,13
LINC01376,10,1,10
LINC01695,10,1,10
LINC02614,10,3,15
LINC02694,10,2,10
LINC02698,10,4,11
LINC03022,10,3,11
LMAN2,10,3,10
LRP5,10,3,11
LRRC4,10,2,10
LY6E-DT,10,3,12
M1AP,10,2,11
MANEA,10,2,13
MAP9,10,4,13
MCRIP1,10,3,10
MEF2D,10,2,10
MEG9,10,3,10
METTL27,10,2,10
METTL7A,10,1,10
MEX3B,10,3,11
MGLL,10,2,10
MGST1,10,4,12
MRAP2,10,3,10
MRPL9,10,3,10
MRPS30-DT,10,2,11
MT-ND2,10,5,10
MTLN,10,3,10
MYT1,10,3,13
NCOR2,10,4,13
NDUFAF8,10,2,10
NDUFS7,10,4,10
NES,10,4,15
NME3,10,5,10
NOX4,10,4,16
NPFFR2,10,1,10
NR1D2,10,2,14
NUDT14,10,4,11
NUDT16-DT,10,2,11
NUTF2,10,4,10
NYAP2,10,4,10
OPA3,10,2,11
OTOGL,10,2,10
P2RX5,10,1,10
PA2G4,10,5,10
PAQR5,10,2,11
PAX2,10,2,10
PCOLCE,10,3,10
PDE4DIP,10,1,10
PDIA3,10,4,10
PELO-AS1,10,2,11
PGAP4,10,4,10
PGM2L1,10,2,10
PGP,10,2,12
PHF1,10,2,11
PLA2G7,10,3,11
PLEKHA2,10,1,10
PLXDC1,10,1,10
PNMA2,10,5,10
PNPLA7,10,3,15
POLR3G,10,3,10
PPP4C,10,2,13
PSEN2,10,4,13
PSMB10,10,6,10
PTGER3,10,3,12
QRFPR,10,2,13
RAB26,10,2,10
RABL6,10,3,13
RACGAP1,10,2,11
RANBP1,10,3,12
RASAL1,10,2,12
RASGEF1A,10,4,16
RBM3,10,3,10
RBX1,10,5,10
REC114,10,3,10
RGMB-AS1,10,3,11
RGS12,10,1,10
RINL,10,3,12
RMEL3,10,1,10
RND3,10,5,13
RNF7,10,5,10
RPAP3,10,2,11
RPL22L1,10,2,10
RPL26L1,10,5,10
RPS6KA2,10,2,10
SAMD12-AS1,10,2,10
SCLY,10,2,12
SDK1,10,4,10
SELENOS,10,5,10
SEMA4D,10,2,10
SERINC1,10,4,10
SH3RF3,10,3,11
SHISA7,10,1,10
SLC22A3,10,3,11
SLC39A13-AS1,10,3,13
SLC6A11,10,5,13
SLF1,10,3,10
SNED1,10,3,11
SOX1,10,2,10
SP1,10,1,10
SPEG,10,2,10
SPTBN4,10,3,13
STK17A,10,2,10
SUCLG2,10,3,10
SUCLG2-DT,10,1,10
SVEP1,10,3,11
SYN3,10,3,11
SYNE3,10,1,10
TCF3,10,2,10
TDRD12,10,2,14
THEM4,10,2,11
TMBIM6,10,4,10
TMC2,10,3,10
TMEM14A,10,3,10
TMEM232,10,2,10
TMEM256,10,3,10
TMEM272,10,1,10
TMEM51-AS1,10,1,10
TOMM6,10,4,10
TRABD2B,10,3,11
TRAPPC2L,10,4,11
TRDMT1,10,2,14
TRIM11,10,2,11
TRIP13,10,1,10
TXNIP,10,1,10
UBAC1,10,3,10
UBE2F,10,3,16
USP45,10,4,16
WASF3-AS1,10,2,10
WSCD2,10,3,14
XKR7,10,1,10
ZBED3-AS1,10,2,13
ZHX2,10,4,12
ABCA10,9,4,10
ACE,9,1,9
ACTR5,9,1,9
ADGRL4,9,3,9
AIM2,9,3,9
AKAP6,9,3,9
ANO6,9,1,9
APRT,9,5,9
AQP7B,9,2,9
ARF1,9,3,9
ARHGAP42,9,3,11
ARID3A,9,2,9
ARPC4,9,3,9
ARX,9,4,10
ASPHD2,9,3,9
ATP13A4,9,1,9
ATP6AP2,9,4,9
ATP8B2,9,3,10
BAHCC1,9,2,9
BAX,9,3,9
BTD,9,2,10
BVES-AS1,9,3,14
C5orf24,9,4,9
C9orf64,9,1,9
CA13,9,3,11
CABYR,9,1,9
CADPS2,9,4,11
CALB2,9,3,12
CAPN5,9,2,9
CBX3,9,4,9
CCDC191,9,3,10
CCDC81,9,2,9
CCNB2,9,1,9
CCSAP,9,1,9
CCT2,9,5,9
CD101,9,2,9
CD81-AS1,9,1,9
CDH24,9,1,9
CEND1,9,3,12
CFAP74,9,1,9
CHEK2,9,1,9
CLDN18,9,1,9
CLDN5,9,2,9
CLEC2A,9,1,9
CMPK2,9,1,9
CNTN4-AS1,9,3,12
COL4A2,9,2,12
COMTD1,9,3,9
CTNNB1,9,2,12
CTNNBL1,9,4,14
CTPS1,9,3,9
CYRIB,9,2,11
DAB1-AS1,9,3,10
DAD1,9,3,9
DAW1,9,2,12
DCBLD2,9,2,9
DDA1,9,2,9
DDX49,9,2,9
DELEC1,9,2,10
DKK2,9,5,9
DLG4,9,4,10
DMC1,9,2,9
DMPK,9,1,9
DNAAF11,9,3,9
DPYS,9,2,11
DUSP10,9,4,9
DYNLT1,9,4,9
EFCAB6,9,3,12
EFS,9,3,9
EGFLAM,9,2,12
EIF4G2,9,3,10
ELAVL3,9,3,9
ENSG00000223930,9,3,11
ENSG00000225457,9,1,9
ENSG00000227197,9,1,9
ENSG00000230725,9,2,9
ENSG00000233403,9,1,9
ENSG00000235020,9,2,9
ENSG00000235749,9,2,9
ENSG00000235934,9,2,11
ENSG00000236760,9,4,11
ENSG00000236841,9,2,9
ENSG00000241219,9,1,9
ENSG00000248475,9,2,10
ENSG00000249684,9,2,9
ENSG00000249776,9,2,9
ENSG00000249988,9,1,9
ENSG00000251675,9,2,9
ENSG00000253205,9,1,9
ENSG00000253553,9,1,9
ENSG00000253796,9,1,9
ENSG00000254705,9,2,10
ENSG00000255555,9,3,9
ENSG00000255648,9,2,9
ENSG00000257176,9,2,12
ENSG00000257703,9,3,9
ENSG00000258181,9,1,9
ENSG00000258234,9,2,9
ENSG00000258342,9,1,9
ENSG00000258534,9,3,10
ENSG00000258687,9,2,10
ENSG00000259969,9,1,9
ENSG00000259995,9,2,10
ENSG00000266767,9,1,9
ENSG00000267636,9,2,9
ENSG00000267677,9,2,10
ENSG00000267723,9,2,10
ENSG00000270265,9,1,9
ENSG00000272800,9,1,9
ENSG00000274387,9,1,9
ENSG00000275180,9,2,9
ENSG00000277534,9,2,9
ENSG00000281732,9,2,9
ENSG00000282890,9,2,10
ENSG00000284837,9,3,12
ENSG00000284959,9,3,13
ENSG00000285584,9,2,11
ENSG00000285834,9,3,12
ENSG00000285906,9,2,10
ENSG00000285940,9,3,9
ENSG00000286084,9,4,12
ENSG00000286085,9,2,9
ENSG00000286457,9,2,9
ENSG00000286605,9,2,9
ENSG00000286635,9,1,9
ENSG00000286946,9,2,9
ENSG00000287069,9,3,11
ENSG00000287159,9,4,9
ENSG00000287558,9,3,11
ENSG00000287593,9,1,9
ENSG00000287737,9,1,9
ENSG00000287907,9,3,9
ENSG00000288088,9,2,9
ENSG00000288543,9,1,9
ENSG00000288828,9,2,9
ENSG00000289055,9,2,9
ENSG00000289207,9,1,9
ENSG00000289349,9,3,9
ENSG00000290569,9,3,9
ENSG00000290976,9,5,9
ENSG00000290995,9,2,9
ENSG00000291133,9,4,11
ENSG00000291166,9,2,9
ERRFI1,9,2,10
ETNPPL,9,1,9
EVA1C,9,2,12
F5,9,3,12
FAM118A,9,1,9
FAM136A,9,3,10
FAM172A,9,3,11
FASN,9,4,9
FBF1,9,3,11
FBXL7,9,2,9
FOXP4-AS1,9,2,9
FUNDC2,9,3,9
FZD2,9,2,9
GABRG2,9,2,9
GADL1,9,2,11
GALNT16-AS1,9,3,12
GAS2,9,3,9
GDPD5,9,3,10
GJC1,9,4,10
GPR171,9,2,12
GPR87,9,2,11
GRIK1-AS1,9,3,12
H2AC8,9,3,9
H2BC3,9,1,9
HEG1,9,2,9
HES1,9,2,9
HMGA2,9,4,9
HPGD,9,2,10
HPRT1,9,2,11
HS3ST3B1,9,2,10
HSPA1A,9,3,9
ICA1,9,2,9
IFI16,9,3,11
IL4R,9,1,9
ILF2,9,5,9
INAFM1,9,4,9
INHA,9,3,13
INSYN2A,9,3,14
IPCEF1,9,2,9
IRF2BPL,9,2,9
ITGA9,9,3,11
ITGBL1,9,2,9
JAG1,9,5,10
JUNB,9,3,10
KCNA1,9,2,11
KCNH5,9,6,11
KCNMB3,9,1,9
KIF24,9,1,9
LAGE3,9,4,10
LARGE1,9,2,9
LHPP,9,3,10
LINC00159,9,1,9
LINC00440,9,2,9
LINC00504,9,3,10
LINC00534,9,3,9
LINC00922,9,3,9
LINC01301,9,1,9
LINC01422,9,1,9
LINC01800,9,2,9
LINC02160,9,1,9
LINC02202,9,1,9
LINC02246,9,2,10
LINC02251,9,2,9
LINC02306,9,2,9
LINC02641,9,1,9
LINC02717,9,2,9
LINC02934,9,4,9
LINC03036,9,2,9
LMNTD2-AS1,9,1,9
LNX1,9,3,11
LOXL1,9,2,11
LPAR1,9,4,10
LRPAP1,9,4,10
MAFB,9,3,10
MAMDC2-AS1,9,1,9
MAMLD1,9,3,10
MAP1A,9,5,9
MAP1LC3A,9,5,9
MAP7D2,9,2,10
MAPKAPK2,9,1,9
MEGF6,9,1,9
MESP1,9,2,9
METAP1D,9,2,9
MIDN,9,3,9
MIMT1,9,2,12
MIR217HG,9,2,9
MPP3,9,1,9
MPPED2,9,4,13
MRFAP1L1,9,6,9
MRPL21,9,4,9
MYDGF,9,3,9
MYOCD,9,1,9
MYOZ2,9,3,10
NAA10,9,3,9
NAA11,9,2,9
NALF2,9,3,12
NDUFB9,9,4,9
NEDD4L,9,3,11
NENF,9,3,9
NIPAL1,9,4,16
NLGN4Y,9,2,9
NTS,9,4,17
OCIAD2,9,3,10
OTUD7A,9,2,12
OXNAD1,9,3,10
PACRG-AS3,9,2,12
PAK1,9,1,9
PAQR8,9,2,9
PCAT18,9,3,12
PCDH9-AS2,9,3,10
PCLAF,9,3,9
PDE6B,9,2,9
PDGFA,9,2,11
PEA15,9,2,9
PER1,9,1,9
PER3,9,2,10
PHLPP1,9,3,11
PIK3R5,9,3,10
PIN1,9,4,9
PJA1,9,4,9
PKM,9,4,10
PLAC9,9,1,9
PLEKHG1,9,4,10
PLOD3,9,3,9
PMVK,9,4,9
PNMA1,9,3,9
PNRC1,9,1,9
POLR2J,9,3,9
POSTN,9,3,9
PPP1R1A,9,5,15
PPP1R26-AS1,9,2,9
PQBP1,9,4,9
PRDX4,9,2,9
PTGFR,9,3,11
PTP4A2,9,3,9
PTX3,9,2,9
PWWP3A,9,3,12
RAB3B,9,1,9
RAB40B,9,1,9
RAD51C,9,1,9
RASSF2,9,3,9
RBMS2,9,2,11
RBPJ,9,1,9
RCC2,9,1,9
RCN1,9,4,10
REEP3,9,2,10
RFX3,9,5,11
RHOB,9,3,9
RNH1,9,3,9
RNLS,9,2,9
RRAS2,9,3,9
RSU1,9,1,9
RTL1,9,2,9
RUNDC3B,9,3,11
SAMD4A,9,2,9
SCLT1,9,2,10
SDCBP2,9,3,10
SEL1L2,9,2,9
SEMA6A-AS1,9,2,10
SERPINB9,9,2,9
SFXN2,9,2,12
SHC2,9,3,10
SIK3,9,3,10
SILC1,9,1,9
SKIL,9,2,9
SLC12A5,9,3,9
SLC24A3-AS1,9,1,9
SLC26A7,9,4,9
SLC6A16,9,2,11
SLC7A14,9,2,9
SNTB1,9,2,9
SON,9,3,9
SSNA1,9,3,9
SSPN,9,2,11
STOX1,9,3,10
SYP,9,2,10
SYTL2,9,4,11
TAPBP,9,1,9
TCF25,9,5,10
TDRD6-AS1,9,1,9
TEX30,9,2,10
TGFBR3,9,4,12
THEM6,9,1,9
TJP2,9,3,9
TLE5,9,4,10
TM9SF3,9,1,9
TMC1,9,4,10
TMEM64,9,2,9
TPGS1,9,4,9
TPM4,9,1,9
TRIM17,9,1,9
TRPC5OS,9,1,9
TRPM2,9,3,10
TRPV3,9,1,9
TTYH1,9,3,9
UNC80,9,2,9
UQCRFS1,9,5,9
VDAC2,9,4,9
VPS13A,9,2,10
VSTM2B,9,2,9
WNT9A,9,1,9
XYLB,9,2,10
YES1,9,4,9
YWHAH-AS1,9,4,14
ZNF423,9,4,12
ZNF432,9,2,9
ZNF488,9,1,9
ZNF804A,9,2,9
ZP3,9,4,13
ABCA9-AS1,8,1,8
ABCB1,8,1,8
ADAM28,8,1,8
ADAMTS2,8,3,11
ADAMTSL3,8,3,9
ADGRA1-AS1,8,3,8
ADGRB1,8,4,10
AGA-DT,8,3,8
AGAP2,8,3,9
AGBL1,8,4,10
AKAP12,8,3,8
AKR1A1,8,3,8
AKT1,8,3,9
ANKRD13A,8,3,9
ANO1,8,2,10
ANXA2,8,3,8
ANXA4,8,2,8
AOPEP,8,4,8
ARHGEF33,8,2,8
ARMCX3,8,6,10
ARSF,8,4,9
ATF7IP2,8,1,8
AURKC,8,2,8
B3GALT1,8,4,13
BCL11A,8,3,9
BICC1,8,3,10
BNIP5,8,2,9
C12orf75,8,2,8
C14orf132,8,4,8
C4orf47,8,4,10
C5orf63,8,1,8
CA4,8,2,8
CABCOCO1,8,2,8
CABP7,8,2,8
CACNA1B,8,2,8
CALU,8,2,8
CAMK4,8,3,8
CANX,8,4,8
CASC15,8,6,9
CBLN1,8,2,8
CCDC136,8,2,8
CCDC137,8,3,8
CCDC18,8,2,9
CCND2,8,3,9
CCNJL,8,2,8
CD99,8,2,8
CDC25B,8,2,8
CDC42EP4,8,2,11
CDH11,8,1,8
CERS6,8,3,11
CFAP206,8,2,9
CFAP46,8,1,8
CGREF1,8,1,8
CHAT,8,2,10
CHL1-AS1,8,2,8
CHST3,8,2,8
CLCA4-AS1,8,2,8
CLEC2D,8,2,8
CLMN,8,2,11
CLRN1-AS1,8,2,8
CLTCL1,8,2,9
CMTR2,8,1,8
CNIH3-AS2,8,1,8
CNRIP1,8,3,9
CNTNAP3B,8,2,8
COL6A1,8,3,9
COL7A1,8,3,11
CPED1,8,2,11
CROCCP2,8,3,8
CROT,8,2,8
CRPPA,8,2,8
CX3CL1,8,4,10
CYP27C1,8,1,8
CYP7B1,8,1,8
DHCR7,8,2,8
DKK1,8,2,8
DSCAS,8,1,8
DYRK3,8,2,8
EFHD1,8,1,8
EFNB1,8,2,8
EGLN3-AS1,8,2,10
EIF3G,8,5,8
EIF4G1,8,3,8
ELMO1-AS1,8,3,8
ELN,8,1,8
EMP2,8,1,8
EMX2,8,3,8
ENSG00000224384,8,2,10
ENSG00000224404,8,2,9
ENSG00000225144,8,1,8
ENSG00000225325,8,1,8
ENSG00000225689,8,2,8
ENSG00000225885,8,3,13
ENSG00000226296,8,1,8
ENSG00000228804,8,2,8
ENSG00000230105,8,3,9
ENSG00000231132,8,2,8
ENSG00000235427,8,1,8
ENSG00000235494,8,2,10
ENSG00000236733,8,4,9
ENSG00000237654,8,3,8
ENSG00000237713,8,2,11
ENSG00000238246,8,3,10
ENSG00000244706,8,2,8
ENSG00000248656,8,1,8
ENSG00000250863,8,1,8
ENSG00000251294,8,2,8
ENSG00000251314,8,1,8
ENSG00000253420,8,1,8
ENSG00000253776,8,1,8
ENSG00000254746,8,2,10
ENSG00000255041,8,2,8
ENSG00000255506,8,2,9
ENSG00000256654,8,2,12
ENSG00000257438,8,1,8
ENSG00000258216,8,1,8
ENSG00000264254,8,2,9
ENSG00000265115,8,2,9
ENSG00000267061,8,2,9
ENSG00000267417,8,1,8
ENSG00000267529,8,1,8
ENSG00000268081,8,3,8
ENSG00000268119,8,3,12
ENSG00000268873,8,3,9
ENSG00000269289,8,1,8
ENSG00000269883,8,1,8
ENSG00000271725,8,1,8
ENSG00000272509,8,2,8
ENSG00000274767,8,2,8
ENSG00000284705,8,1,8
ENSG00000285553,8,3,10
ENSG00000285595,8,2,11
ENSG00000285621,8,3,8
ENSG00000285675,8,5,8
ENSG00000285693,8,1,8
ENSG00000285958,8,1,8
ENSG00000286292,8,1,8
ENSG00000286353,8,3,8
ENSG00000286749,8,1,8
ENSG00000286891,8,3,9
ENSG00000286951,8,3,8
ENSG00000286953,8,3,10
ENSG00000287117,8,1,8
ENSG00000287579,8,2,10
ENSG00000287839,8,2,9
ENSG00000287957,8,1,8
ENSG00000287996,8,1,8
ENSG00000288015,8,1,8
ENSG00000288091,8,1,8
ENSG00000288691,8,1,8
ENSG00000289270,8,3,8
ENSG00000289510,8,3,9
ENSG00000289611,8,1,8
ENSG00000289854,8,1,8
ENSG00000289860,8,2,8
ENSG00000289877,8,3,8
ENSG00000289893,8,1,8
ENSG00000290457,8,4,11
ENSG00000290803,8,1,8
ENSG00000290817,8,1,8
ERMAP,8,2,8
ESR2,8,3,8
ESYT3,8,2,9
F2R,8,2,8
FAM163A,8,3,8
FAM53B,8,1,8
FANCM,8,3,9
FBXO32,8,2,9
FCHO1,8,3,9
FKBP9,8,1,8
FLACC1,8,1,8
FSD1,8,2,8
FXYD6-AS1,8,1,8
FZD7,8,4,9
GABRG3-AS1,8,5,8
GARIN5A,8,1,8
GAS2L3,8,3,8
GCSIR,8,1,8
GFRA2,8,2,8
GLS2,8,3,8
GLUD1P2,8,1,8
GNB2,8,5,8
GNG5,8,2,8
GOLGA8B,8,1,8
GPAA1,8,4,8
GPD1L,8,1,8
GPR176,8,5,8
GPR39,8,5,8
GRHPR,8,3,8
GRIP2,8,2,9
GSTO2,8,2,9
GTF2A2,8,3,8
H2AX,8,3,8
HAS2,8,3,10
HAS3,8,1,8
HAX1,8,3,8
HCN2,8,2,8
HELLS,8,2,9
HERC2P3,8,3,13
HHIP,8,5,9
HIGD1A,8,3,8
HMCES,8,1,8
HMCN1,8,3,11
HMGA2-AS1,8,3,8
HMGN3,8,2,8
HOMER3,8,1,8
HSDL2-AS1,8,1,8
HTR1D,8,2,9
HTR4,8,3,9
IGFBPL1,8,4,8
IKZF1,8,3,10
IMPDH2,8,4,8
INTS4P1,8,2,8
ISM1,8,1,8
IVD,8,1,8
KCNIP1-AS1,8,2,8
KCNK2,8,2,9
KCTD9,8,2,8
KDELR1,8,3,13
KLF13,8,1,8
KLF5,8,3,11
KLHL3,8,3,13
LARRPM,8,2,9
LEPROT,8,2,8
LINC00310,8,1,8
LINC00513,8,2,9
LINC00840,8,1,8
LINC01277,8,3,10
LINC01284,8,3,12
LINC01344,8,2,8
LINC01533,8,2,8
LINC01570,8,2,10
LINC01640,8,3,8
LINC01708,8,3,16
LINC01801,8,3,9
LINC01962,8,2,8
LINC02055,8,4,8
LINC02060,8,1,8
LINC02074,8,2,9
LINC02191,8,2,8
LINC02636,8,2,8
LINC02968,8,3,9
LINC02997,8,2,8
LPAR2,8,2,8
LPCAT4,8,2,9
LRFN4,8,5,8
LRRC1,8,2,9
LRRC3B,8,5,12
LRRIQ1,8,2,10
LRRTM4,8,5,8
LY6E,8,4,8
LYPD6B,8,4,8
MACIR,8,2,9
MAGEF1,8,3,8
MANCR,8,2,8
MANF,8,3,8
MAP2K1,8,1,8
MEGF8,8,2,8
MEIKIN,8,3,9
MID1IP1,8,3,8
MIPOL1,8,2,8
MROH9,8,3,9
MRPL44,8,2,8
MRPL52,8,4,9
MRPL54,8,4,8
MSR1,8,1,8
MT-CYB,8,4,8
MTRFR,8,1,8
MYO7A,8,2,8
MYOCD-AS1,8,3,8
NECAB3,8,2,8
NEDD4,8,1,8
NHERF2,8,2,8
NHSL1-AS1,8,2,8
NIFK,8,3,8
NLK,8,4,10
NRIP3,8,2,8
NSMCE3,8,2,8
NT5C3B,8,2,8
NTSR1,8,2,9
NUCKS1,8,4,8
NXNL2,8,2,8
OR7D2,8,2,8
OSTN,8,2,8
OTUB1,8,2,8
OVGP1,8,1,8
P2RY12,8,2,11
P3H2-AS1,8,2,12
PAAF1,8,1,8
PCYOX1,8,3,8
PDE6B-AS1,8,2,8
PDK1,8,1,8
PGAP1,8,3,8
PGAP6,8,1,8
PHF11,8,2,11
PLCH2,8,1,8
PLCZ1,8,2,8
PLEKHG2,8,1,8
PLEKHG3,8,2,8
POLR2G,8,5,8
POPDC3,8,3,11
PPP1CA,8,3,8
PPP1R9B,8,4,8
PRANCR,8,2,8
PRKAG2,8,2,12
PRKCQ-AS1,8,3,9
PRKN,8,2,8
PROS1,8,2,8
PRR36,8,4,8
PSAP,8,4,8
PSMC5,8,3,8
PSMD7-DT,8,2,11
PTCSC1,8,1,8
PTGDR,8,1,8
PTPRA,8,2,9
PTPRE,8,3,8
PTPRF,8,2,8
PTPRK-AS1,8,1,8
PUS7,8,3,9
RALGPS2,8,3,10
RAPGEF2,8,3,10
RAPGEF6,8,2,9
RASGRF2,8,3,8
RASGRP1,8,5,8
RCBTB1,8,3,15
RELB,8,2,8
RFX4,8,3,9
RHBDL3,8,3,9
RIC3,8,4,9
RIPK2-DT,8,2,11
RNF2,8,2,9
RNF26,8,2,8
RPS4Y1,8,4,8
RSPH4A,8,1,8
RSPO3,8,4,8
RUBCN,8,1,8
SAMMSON,8,1,8
SCGN,8,3,9
SCN5A,8,1,8
SEMA3B,8,1,8
SERTM1,8,2,8
SGMS1-AS1,8,1,8
SHANK3,8,1,8
SHISA8,8,1,8
SLC15A2,8,1,8
SLC22A7,8,1,8
SLC25A1,8,4,8
SLC27A6,8,4,11
SLC29A1,8,2,9
SLC2A9,8,2,8
SLITRK2,8,3,8
SMCR5,8,2,8
SNAPC1,8,1,8
SNHG28,8,2,9
SNRK-AS1,8,1,8
SORCS2,8,2,11
SOWAHB,8,1,8
SPIRE1,8,4,9
SPTB,8,3,11
SQLE,8,3,8
SSB,8,4,8
SSBP4,8,3,9
ST3GAL1-DT,8,1,8
ST6GAL1,8,2,11
STAC2,8,3,9
STON2,8,4,15
SUB1,8,5,8
SYNPR,8,5,9
TCAF1,8,1,8
TCEA2,8,4,8
TDRG1,8,5,9
TENM4,8,5,8
TFAP2A,8,2,8
TGFBR1,8,3,10
THY1,8,2,8
TIMM8B,8,4,8
TIMP1,8,2,8
TLN1,8,3,8
TMCO1,8,2,8
TMEM200C,8,3,14
TMEM205,8,4,9
TMEM74,8,1,8
TMOD2,8,1,8
TNC,8,4,10
TNPO1,8,3,10
TOX-DT,8,3,9
TOX2,8,3,11
TPBG,8,2,9
TPO,8,2,8
TRAF3IP2,8,2,8
TSPYL4,8,3,8
TSTD1,8,5,8
TTC22,8,2,10
TTYH3,8,2,12
TUBB8,8,2,8
UBTF,8,3,9
UBXN6,8,2,8
USP1,8,3,9
USP16,8,1,8
VRK1,8,4,10
VWA5A,8,3,9
ZBTB8B,8,2,9
ZEB2-AS1,8,1,8
ZNF257,8,1,8
ZNF395,8,2,8
ZNF467,8,2,9
ZNF503,8,2,9
ZNF541,8,2,8
ZNF684,8,2,9
ZNF704,8,3,8
ZNF763,8,1,8
ZNF800,8,1,8
ZNG1E,8,2,9
ZSWIM4,8,2,8
ZSWIM7,8,2,8
ACO1,7,1,7
ACTR3C,7,2,8
ADAL,7,3,9
ADAM29,7,4,8
ADAMTS14,7,2,7
ADAMTS16-DT,7,2,7
ADARB1,7,3,9
ADORA1,7,1,7
AGFG2,7,2,7
AHCYL2,7,1,7
AKNAD1,7,3,13
ANGPT1,7,2,7
ANKRD44-IT1,7,1,7
APP-DT,7,2,10
ARHGAP22,7,3,7
ARHGEF26,7,1,7
ARHGEF35-AS1,7,1,7
ASAH1,7,3,7
ASCC3,7,1,7
ATG101,7,2,7
ATP1B2,7,2,7
ATP23,7,3,10
B4GALNT3,7,2,7
B4GALT1-AS1,7,2,7
BCDIN3D-AS1,7,1,7
BCL9L,7,2,7
BCS1L,7,2,7
BDH1,7,1,7
BFSP1,7,1,7
BMAL2,7,3,9
BRD2,7,4,7
BRI3BP,7,2,7
BTBD3-AS1,7,1,7
C10orf95-AS1,7,1,7
C1RL-AS1,7,1,7
C5orf34,7,3,8
C8orf33,7,5,7
CAD,7,1,7
CADM3,7,1,7
CAMLG,7,3,7
CASP8,7,2,8
CCDC126,7,1,7
CCDC144BP,7,3,8
CCDC148,7,3,7
CCDC184,7,5,7
CCDC92B,7,1,7
CCK,7,3,8
CCN2,7,1,7
CCNI2,7,1,7
CCS,7,2,7
CCT6A,7,2,7
CDH13-AS1,7,1,7
CEACAM19,7,1,7
CFD,7,1,7
CHMP3,7,3,7
CHMP5,7,4,7
CHRM3-AS2,7,4,8
CLIP2,7,1,7
CLIP3,7,4,7
CMC2,7,2,7
CNBP,7,3,7
CNTN2,7,4,7
COA8,7,3,7
COL11A1,7,4,7
COL11A2,7,2,8
COL4A1,7,3,8
COLGALT2,7,2,7
COPZ1,7,4,7
CPEB3,7,1,7
CRAT37,7,1,7
CTBP2,7,2,8
CTNNBIP1,7,1,7
CUBN,7,1,7
DBN1,7,4,7
DDI2,7,1,7
DDX27,7,3,7
DEGS1,7,2,7
DIPK2A,7,3,10
DLGAP3,7,1,7
DTX4,7,2,8
DUSP4,7,2,8
DYNC2I2,7,2,7
DYNLL2,7,4,7
EDDM13,7,1,7
EFCAB6-DT,7,1,7
EFR3A,7,1,7
ELAC1,7,1,7
ELOC,7,3,7
EME2,7,1,7
EMG1,7,2,7
ENSG00000207751,7,1,7
ENSG00000224819,7,3,9
ENSG00000227713,7,1,7
ENSG00000230379,7,2,8
ENSG00000231557,7,2,8
ENSG00000231769,7,3,12
ENSG00000232886,7,2,7
ENSG00000233044,7,3,8
ENSG00000237720,7,2,8
ENSG00000238272,7,3,9
ENSG00000240401,7,1,7
ENSG00000248431,7,3,12
ENSG00000248991,7,2,7
ENSG00000249413,7,3,7
ENSG00000249984,7,2,7
ENSG00000250453,7,4,15
ENSG00000251009,7,1,7
ENSG00000251488,7,3,10
ENSG00000253288,7,5,13
ENSG00000253496,7,1,7
ENSG00000253690,7,1,7
ENSG00000253762,7,1,7
ENSG00000253853,7,2,10
ENSG00000253859,7,1,7
ENSG00000253932,7,1,7
ENSG00000254556,7,1,7
ENSG00000254987,7,2,7
ENSG00000255046,7,2,7
ENSG00000255334,7,1,7
ENSG00000255580,7,3,7
ENSG00000256789,7,1,7
ENSG00000257526,7,1,7
ENSG00000258312,7,3,11
ENSG00000258663,7,1,7
ENSG00000258702,7,2,8
ENSG00000259124,7,4,9
ENSG00000259639,7,1,7
ENSG00000259929,7,2,11
ENSG00000260173,7,1,7
ENSG00000260196,7,2,7
ENSG00000260578,7,1,7
ENSG00000261600,7,2,8
ENSG00000264727,7,3,7
ENSG00000264869,7,1,7
ENSG00000265775,7,1,7
ENSG00000267009,7,2,9
ENSG00000267503,7,1,7
ENSG00000267610,7,1,7
ENSG00000269918,7,2,7
ENSG00000270022,7,3,7
ENSG00000272505,7,2,8
ENSG00000272754,7,1,7
ENSG00000273118,7,3,10
ENSG00000274964,7,1,7
ENSG00000278462,7,3,7
ENSG00000282440,7,1,7
ENSG00000285367,7,2,7
ENSG00000285651,7,1,7
ENSG00000285666,7,2,7
ENSG00000285935,7,2,7
ENSG00000286248,7,2,8
ENSG00000286269,7,2,10
ENSG00000286416,7,1,7
ENSG00000286632,7,2,7
ENSG00000286708,7,2,8
ENSG00000286913,7,1,7
ENSG00000286961,7,1,7
ENSG00000287106,7,1,7
ENSG00000287134,7,2,7
ENSG00000287232,7,1,7
ENSG00000287255,7,3,7
ENSG00000287344,7,1,7
ENSG00000287397,7,1,7
ENSG00000287451,7,2,7
ENSG00000287536,7,1,7
ENSG00000287621,7,1,7
ENSG00000287731,7,1,7
ENSG00000288036,7,2,7
ENSG00000288891,7,4,7
ENSG00000289128,7,2,8
ENSG00000289153,7,2,8
ENSG00000289228,7,2,7
ENSG00000289420,7,2,7
ENSG00000289899,7,1,7
ENSG00000289956,7,3,9
ENSG00000290461,7,1,7
ENSG00000290597,7,3,12
ENSG00000290673,7,1,7
ENSG00000290924,7,1,7
ENSG00000290948,7,2,7
ENSG00000290955,7,3,8
ENSG00000291007,7,2,7
ENSG00000291081,7,2,7
ENSG00000291096,7,1,7
EPB41L4A-DT,7,1,7
EPHA8,7,2,9
ERGIC3,7,4,7
ERICH3-AS1,7,3,8
ETS2,7,1,7
EXD2,7,1,7
FAM174C,7,3,7
FAM227A,7,2,9
FAM78B-AS1,7,1,7
FAM98C,7,1,7
FANCE,7,2,8
FCHO2-DT,7,1,7
FCMR,7,3,7
FEN1,7,2,7
FGFBP3,7,3,8
FIBP,7,3,7
FRMPD1,7,2,7
FRRS1L,7,3,8
FUT9,7,2,9
FZD3,7,1,7
FZD6,7,1,7
GABBR1,7,2,8
GALNT7-DT,7,1,7
GARIN1B,7,2,7
GAS1,7,2,7
GCSH,7,4,7
GLB1L3,7,2,11
GLRX2,7,2,7
GNA14,7,3,8
GOT1,7,3,8
GPC6-AS2,7,3,7
GPR26,7,2,9
GPR61,7,2,8
GPRIN1,7,1,7
GRB14,7,4,8
GREM1,7,3,12
GRINA,7,3,7
GSAP,7,2,7
GTF2H5,7,4,7
H3-3A-DT,7,2,7
H3C7,7,1,7
HBA2,7,6,8
HINT2,7,2,7
HNRNPM,7,2,7
HRNR,7,1,7
HS2ST1,7,1,7
HSD17B11,7,2,8
HSPD1,7,3,7
HTATIP2,7,3,8
HTR7,7,2,7
HUNK,7,3,11
IDH3A,7,1,7
IFFO2,7,1,7
IFI27L1,7,2,7
IGFBP7-AS1,7,3,9
INHBA-AS1,7,3,8
INHBB,7,3,7
IRAG2,7,2,12
IRS1,7,3,7
JUND,7,3,7
KATNAL2,7,1,7
KCNA5,7,3,7
KCNJ11,7,2,7
KCNMB2-AS1,7,3,8
KIAA0930,7,2,8
KIF21A,7,2,7
KIF26B-AS1,7,3,8
KIF5A,7,2,7
KIF9,7,2,8
KLHDC3,7,3,7
KRT19,7,1,7
LANCL3,7,4,9
LARS2-AS1,7,2,9
LIMD2,7,2,7
LINC00882,7,3,7
LINC00907,7,3,7
LINC01151,7,3,7
LINC01266,7,2,7
LINC01436,7,1,7
LINC01494,7,1,7
LINC01551,7,2,7
LINC01630,7,1,7
LINC01877,7,2,7
LINC01945,7,3,7
LINC02102,7,2,7
LINC02299,7,3,7
LINC02326,7,2,7
LINC02391,7,3,7
LINC02427,7,2,7
LINC02457,7,2,8
LINC02645,7,4,8
LINC02714,7,2,8
LINC02763,7,1,7
LINC02790,7,2,7
LINC02798,7,4,8
LINC02993,7,2,7
LINGO1,7,3,9
LRRC2,7,2,7
LURAP1L-AS1,7,2,10
LZTS1,7,2,7
MAOB,7,3,8
MAPK8,7,3,10
MDH1B,7,1,7
MDM1,7,1,7
MEF2A,7,1,7
MEST,7,1,7
MIRLET7BHG,7,2,8
MKNK1,7,1,7
MROH7,7,1,7
MRPL34,7,4,7
MRPS17,7,4,7
MRPS26,7,3,7
MSTN,7,1,7
MTHFD1L,7,2,7
MTMR10,7,1,7
MTUS2-AS2,7,2,8
MYRIP,7,3,7
NAMA,7,1,7
NCS1,7,2,7
NEPRO-AS1,7,1,7
NEURL1B,7,1,7
NFIL3,7,2,7
NIBAN2,7,1,7
NPHP3,7,3,7
NPY1R,7,3,7
NTHL1,7,3,7
NTM-AS1,7,3,7
NUDT16,7,2,7
OR3A2,7,4,10
OR52H1,7,2,7
OTUD7B,7,1,7
OTX1,7,1,7
PACRG-AS2,7,2,8
PAPLN,7,2,7
PARP1,7,3,7
PBDC1,7,2,7
PCDH18,7,2,8
PCNA,7,3,7
PDCD4,7,2,7
PDE4B-AS1,7,4,10
PDK3,7,3,8
PDLIM3,7,2,9
PDXP,7,2,7
PEAK1,7,4,9
PHGDH,7,2,7
PHYH,7,1,7
PLAC4,7,1,7
PLK5,7,1,7
PLPPR5,7,3,8
PLS3-AS1,7,2,10
PPIF,7,3,8
PPP1R16A,7,1,7
PPP1R21,7,1,7
PPP1R9A-AS1,7,4,9
PPP2R1B,7,1,7
PPTC7,7,2,7
PRDM8-AS1,7,2,8
PRKAR1B,7,1,7
PRKCA,7,3,7
PRKD2,7,1,7
PROCR,7,3,10
PRSS3,7,2,8
PSMB3,7,3,7
PTAR1,7,3,7
PTCH2,7,4,8
PTGR2,7,1,7
PTPN3,7,3,7
PTPRS,7,1,7
PTRHD1,7,3,7
PUDP,7,1,7
RAB33A,7,3,8
RAD23A,7,2,7
RASGRF1,7,3,9
RETREG2,7,2,7
RNF113B,7,1,7
RNF157,7,1,7
RNF220,7,4,7
ROCR,7,1,7
ROPN1L,7,1,7
RPL7L1,7,3,7
RTL8A,7,4,7
RUVBL2,7,3,7
RYBP,7,2,7
RYR1,7,3,10
S100PBP,7,4,7
SAT1,7,2,7
SCARB1,7,3,7
SCG3,7,3,7
SCRG1,7,3,7
SF3A2,7,2,7
SH3GL3,7,2,7
SHISA9,7,4,7
SIGIRR,7,3,7
SLAIN1,7,2,7
SLC18A2,7,1,7
SLC22A6,7,3,8
SLC28A2,7,2,12
SLC35D2,7,1,7
SLC45A1,7,1,7
SLC6A7,7,3,8
SMC4,7,2,7
SMIM29,7,2,7
SMIM43,7,2,8
SMYD2,7,1,7
SNCB,7,3,7
SOHLH2,7,2,7
SPATA6L,7,2,7
SPG11,7,2,7
SPOPL-DT,7,2,7
SPRYD7,7,1,7
SRI,7,2,7
STC1,7,1,7
SUMO3,7,3,7
SUN2,7,2,7
SUN3,7,2,10
SYNPO2L-AS1,7,2,7
SYT11,7,2,7
SYT2,7,2,10
TACR3,7,1,7
TARBP1,7,3,8
TBC1D3D,7,4,10
TCF4-AS2,7,2,7
TCP1,7,2,7
TERF2IP,7,2,7
TEX14,7,3,9
TFAP2D,7,2,7
TGIF1,7,3,7
THRA,7,3,7
THSD4-AS1,7,2,11
TMED10,7,2,7
TMEM117,7,2,7
TMEM121B,7,3,7
TMEM200B,7,2,7
TMEM231,7,2,8
TMEM240,7,3,7
TMPRSS13,7,1,7
TNRC6B,7,1,7
TRIAP1,7,4,7
TRIM36,7,1,7
TRIM66,7,1,7
TSHR,7,1,7
TSPOAP1-AS1,7,2,8
TTC39A,7,3,8
UBQLN2,7,3,7
UGDH,7,1,7
UGT8,7,3,7
UNC79,7,1,7
UPB1,7,1,7
UQCC3,7,3,7
UST,7,5,8
VCAN-AS1,7,4,7
VEPH1,7,2,7
VLDLR-AS1,7,2,8
VPS37B,7,1,7
VRK2,7,3,7
VSTM5,7,3,7
WARS2-IT1,7,2,7
WDR62,7,3,7
WNT5B,7,3,11
ZBTB44-DT,7,1,7
ZDHHC11,7,2,7
ZFPM1,7,3,7
ZFTA,7,4,7
ZMAT2,7,3,7
ZNF181,7,1,7
ZNF438,7,1,7
ZNF483,7,1,7
ZNF487,7,3,8
ZNF518A,7,2,7
ZNF618,7,3,7
ZNF624,7,1,7
ZNF681,7,2,10
ZNF771,7,2,7
ZNF827,7,2,8
ABCB4,6,1,6
ABHD14A,6,3,6
ABR,6,1,6
ACSM1,6,1,6
ACSM6,6,2,6
ACSS1,6,1,6
ACTA2,6,1,6
ADAM15,6,1,6
ADAMTS10,6,1,6
ADAMTS15,6,2,6
ADAMTS17,6,3,6
ADGRG7,6,2,8
ADRA2C,6,2,6
ADRM1,6,3,6
AK1,6,4,6
ALPK1,6,2,6
ALPK3,6,1,6
ANAPC7,6,2,8
ANKRD42,6,2,6
ANXA11,6,3,7
ANXA5,6,3,6
AP1G2,6,2,7
AP2A2,6,3,6
APBA3,6,1,6
APLN,6,1,6
ARHGEF4,6,2,6
ARID1B,6,2,7
ASTN1,6,2,7
ATG9A,6,2,6
ATP10D,6,2,7
ATP1B1,6,3,6
ATP1B3,6,2,8
ATP5F1C,6,3,7
ATRAID,6,2,6
AUP1,6,3,6
B3GNTL1,6,1,6
BAZ2B,6,2,6
BCAN,6,3,6
BCORL1,6,1,6
BHLHA9,6,1,6
BLVRA,6,1,6
BNIP3,6,2,6
BOC,6,2,6
C17orf67,6,1,6
C1orf21,6,2,7
C21orf58,6,2,6
C2orf72,6,1,6
C3orf14,6,1,6
C8orf82,6,2,6
C9orf78,6,3,6
CACNA1G,6,3,6
CACNB4,6,3,6
CACNG2-DT,6,1,6
CACYBP,6,6,6
CALCRL,6,1,6
CAP2,6,3,7
CARMIL3,6,3,6
CATIP-AS2,6,1,6
CC2D1A,6,2,6
CCNB1IP1,6,2,9
CD27-AS1,6,3,6
CD59,6,3,6
CDHR1,6,2,6
CDK11B,6,1,6
CDK5,6,3,6
CDKL5,6,1,6
CDR2,6,2,7
CEBPD,6,3,7
CENPK,6,1,6
CENPO,6,2,7
CEP126,6,1,6
CFAP54,6,1,6
CFAP58,6,4,7
CFAP70,6,1,6
CFAP97,6,2,6
CHST8,6,2,6
CIP2A,6,2,7
CLIC5,6,2,7
COL21A1,6,2,6
COL23A1,6,1,6
COP1-DT,6,1,6
COX17,6,2,6
CPQ,6,1,6
CPT1A,6,2,9
CRACR2A,6,3,8
CREB3L2,6,3,9
CRYBG1,6,1,6
CRYGD,6,4,6
CSAD,6,2,6
CTXND1,6,4,9
CXCL13,6,1,6
CXCR4,6,2,6
CYP4V2,6,4,8
DACT3-AS1,6,1,6
DCAF11,6,3,6
DCTN6,6,3,6
DCXR,6,3,6
DDN-AS1,6,1,6
DEPTOR,6,3,7
DHDH,6,3,6
DHPS,6,3,6
DIAPH3,6,6,15
DLGAP1-AS5,6,3,6
DLL3,6,4,6
DMBX1,6,1,6
DNAJB6,6,2,6
DNALI1,6,2,7
DOK5,6,4,8
DPM3,6,2,6
DPP4-DT,6,1,6
DUSP6,6,3,6
DUSP8,6,1,6
DUT,6,4,6
EBP,6,3,6
ECH1,6,3,6
EFNB2,6,4,8
EFR3B,6,1,6
EGFL6,6,1,6
EGFL7,6,2,6
EGOT,6,2,8
EHMT1,6,3,10
EID2,6,4,6
EIF3I,6,4,6
EIF4E1B,6,1,6
EMC7,6,2,6
EML6-AS1,6,2,6
ENPEP,6,2,6
ENSG00000187186,6,3,6
ENSG00000213121,6,2,6
ENSG00000224076,6,1,6
ENSG00000224731,6,2,8
ENSG00000226239,6,2,8
ENSG00000226276,6,1,6
ENSG00000227240,6,3,7
ENSG00000228541,6,1,6
ENSG00000228560,6,2,6
ENSG00000228643,6,1,6
ENSG00000229294,6,2,6
ENSG00000230065,6,1,6
ENSG00000230894,6,2,6
ENSG00000233969,6,1,6
ENSG00000234902,6,1,6
ENSG00000236064,6,2,7
ENSG00000237773,6,3,6
ENSG00000242396,6,1,6
ENSG00000243176,6,1,6
ENSG00000243797,6,3,8
ENSG00000248694,6,1,6
ENSG00000249021,6,1,6
ENSG00000249112,6,2,6
ENSG00000249631,6,1,6
ENSG00000250310,6,1,6
ENSG00000250421,6,3,7
ENSG00000250493,6,2,7
ENSG00000251523,6,2,6
ENSG00000253334,6,3,6
ENSG00000253385,6,2,6
ENSG00000253551,6,1,6
ENSG00000253888,6,1,6
ENSG00000253992,6,3,7
ENSG00000254141,6,1,6
ENSG00000254180,6,3,6
ENSG00000254303,6,3,6
ENSG00000254846,6,2,6
ENSG00000255910,6,2,6
ENSG00000255931,6,1,6
ENSG00000256116,6,1,6
ENSG00000257095,6,2,6
ENSG00000257458,6,3,6
ENSG00000258394,6,1,6
ENSG00000258752,6,3,6
ENSG00000258928,6,1,6
ENSG00000259181,6,2,9
ENSG00000259357,6,1,6
ENSG00000259575,6,1,6
ENSG00000259715,6,1,6
ENSG00000260581,6,1,6
ENSG00000260793,6,1,6
ENSG00000260983,6,1,6
ENSG00000261460,6,1,6
ENSG00000261888,6,2,6
ENSG00000263603,6,2,6
ENSG00000263952,6,2,6
ENSG00000266709,6,1,6
ENSG00000267269,6,2,7
ENSG00000267393,6,2,6
ENSG00000267476,6,1,6
ENSG00000267774,6,2,6
ENSG00000267924,6,1,6
ENSG00000269968,6,1,6
ENSG00000270019,6,1,6
ENSG00000270071,6,1,6
ENSG00000270866,6,2,6
ENSG00000272797,6,1,6
ENSG00000272824,6,2,6
ENSG00000273664,6,1,6
ENSG00000274090,6,3,7
ENSG00000274215,6,1,6
ENSG00000275645,6,1,6
ENSG00000280011,6,1,6
ENSG00000283415,6,3,7
ENSG00000283648,6,3,6
ENSG00000285336,6,2,6
ENSG00000285548,6,4,7
ENSG00000285587,6,1,6
ENSG00000285612,6,2,6
ENSG00000285683,6,2,6
ENSG00000285684,6,1,6
ENSG00000285789,6,2,8
ENSG00000285877,6,2,6
ENSG00000285919,6,3,6
ENSG00000285971,6,2,6
ENSG00000286050,6,1,6
ENSG00000286071,6,3,6
ENSG00000286076,6,3,7
ENSG00000286100,6,3,7
ENSG00000286123,6,1,6
ENSG00000286291,6,1,6
ENSG00000286302,6,2,7
ENSG00000286642,6,2,6
ENSG00000286664,6,2,7
ENSG00000286693,6,3,8
ENSG00000286830,6,2,7
ENSG00000286895,6,2,6
ENSG00000286896,6,3,6
ENSG00000286922,6,1,6
ENSG00000287168,6,1,6
ENSG00000287195,6,1,6
ENSG00000287291,6,1,6
ENSG00000287334,6,1,6
ENSG00000287705,6,1,6
ENSG00000287708,6,1,6
ENSG00000287726,6,4,6
ENSG00000287745,6,1,6
ENSG00000287775,6,3,6
ENSG00000288059,6,1,6
ENSG00000288071,6,1,6
ENSG00000288771,6,3,7
ENSG00000288790,6,1,6
ENSG00000288830,6,1,6
ENSG00000288998,6,2,6
ENSG00000289030,6,1,6
ENSG00000289158,6,3,7
ENSG00000289413,6,1,6
ENSG00000289632,6,1,6
ENSG00000289727,6,1,6
ENSG00000289986,6,3,6
ENSG00000290285,6,3,6
ENSG00000290529,6,2,6
ENSG00000290846,6,2,6
ENSG00000290853,6,1,6
ENSG00000290941,6,1,6
ENSG00000290944,6,2,6
ENSG00000290947,6,1,6
ENSG00000291143,6,3,7
ENSG00000291181,6,2,6
ENTPD1,6,2,7
ERCC6,6,1,6
ETFA,6,2,7
EVC2,6,1,6
EZR,6,2,6
F3,6,3,8
FABP6,6,2,6
FAM149A,6,2,6
FAM3A,6,2,6
FAM43A,6,1,6
FAM83B,6,2,6
FAM88C,6,3,7
FBXO17,6,2,7
FGF1,6,1,6
FGF12-AS1,6,2,6
FGF13,6,3,7
FLRT2-AS1,6,1,6
FMNL3,6,1,6
FRMD4A-AS1,6,2,7
FSIP2-AS1,6,3,8
FUT8,6,3,7
FXYD1,6,4,6
GCNT2,6,1,6
GLI4,6,2,6
GLIDR,6,1,6
GLRA2,6,2,6
GOLGA8A,6,4,7
GPR162,6,2,6
GRIN2A,6,3,6
GSTM5,6,2,6
H2AC6,6,3,6
H2BC8,6,4,6
HAS1,6,2,7
HECW1,6,2,6
HERC2P9,6,1,6
HNF4G,6,2,6
HNMT,6,2,6
HOPX,6,2,6
HSPA13,6,4,6
HSPA1B,6,3,6
HTRA1,6,4,6
HULC,6,3,6
IDH3G,6,4,6
IFI6,6,3,7
IFNG-AS1,6,2,7
IGFBP3,6,1,6
IGSF8,6,2,6
IL18,6,1,6
IL1RL2,6,2,10
IQANK1,6,2,6
ISG20,6,1,6
ITGA6,6,3,7
ITGA7,6,2,6
ITPR2-AS1,6,1,6
JADE1,6,4,6
KBTBD11,6,3,6
KCNH7-AS1,6,4,6
KCNJ12,6,3,7
KCNMA1-AS1,6,3,6
KCNMB4,6,3,7
KCNV1,6,2,6
KDSR,6,2,6
KEL,6,1,6
KIF26B,6,5,6
KIZ-AS1,6,2,7
KLF3,6,3,6
KLHDC8A,6,4,6
KREMEN1,6,3,6
KRT35,6,1,6
LCIIAR,6,3,7
LHCGR,6,1,6
LIFR,6,2,6
LINC00313,6,2,6
LINC00410,6,2,6
LINC00540,6,2,6
LINC01162,6,2,6
LINC01206,6,1,6
LINC01250,6,1,6
LINC01362,6,2,7
LINC01515,6,4,6
LINC01572,6,2,6
LINC01791,6,1,6
LINC01965,6,3,7
LINC02097,6,1,6
LINC02397,6,3,6
LINC02454,6,2,7
LINC02594,6,1,6
LINC02646,6,1,6
LINC02666,6,2,6
LINC02720,6,2,7
LINC02742,6,2,7
LINC02754,6,2,7
LINC02796,6,2,6
LINC02827,6,1,6
LINC02885,6,2,7
LINC02923,6,1,6
LNCOC1,6,1,6
LPXN,6,2,7
LRBA,6,2,6
LRCH2,6,1,6
LRP2,6,2,6
LRWD1,6,2,6
LURAP1L,6,3,6
LYPD1,6,2,6
MAP3K15,6,2,6
MAP3K9-DT,6,2,6
MAPK8IP2,6,2,6
METTL8,6,1,6
MICOS10,6,3,6
MICU1,6,1,6
MIR4458HG,6,2,9
MKNK2,6,3,6
MMP11,6,2,6
MPC2,6,3,6
MRPL14,6,3,6
MRPL36,6,3,6
MRPL57,6,3,6
MRPS6,6,2,6
MST1,6,1,6
MT-ND4L,6,5,6
MTHFD2L,6,1,6
MTMR8,6,1,6
MYORG,6,1,6
MYOZ3,6,2,7
MZT1,6,2,6
NAV3,6,3,7
NCBP2AS2,6,4,6
NCK2,6,1,6
NDUFS3,6,3,6
NECTIN3,6,3,6
NEURL1,6,1,6
NMD3,6,3,7
NMNAT2,6,2,6
NOP56,6,2,6
NRIP3-DT,6,1,6
NT5C1B,6,1,6
NTNG1,6,1,6
NUDT4,6,2,6
OPRK1,6,2,6
OR1L8,6,1,6
OSTN-AS1,6,1,6
OTULINL,6,2,6
OTX2-AS1,6,2,6
OXR1,6,4,6
PADI2,6,2,6
PAF1,6,1,6
PARM1,6,3,7
PAUPAR,6,2,6
PCDHA2,6,3,7
PCLO,6,1,6
PDCD6IP-DT,6,1,6
PDSS2,6,2,7
PDYN-AS1,6,1,6
PDZD11,6,4,6
PHAX,6,3,6
PHB1,6,3,6
PHLDB1,6,1,6
PHTF2,6,1,6
PIERCE1,6,1,6
PIK3R2,6,4,6
PIR,6,2,7
PKN1,6,3,6
PLCL2,6,3,7
PLEKHG4B,6,3,6
PLPPR5-AS1,6,2,6
PLSCR1,6,3,6
PNKP,6,2,6
PNOC,6,1,6
POMGNT1,6,1,6
POMGNT2,6,1,6
POU6F2-AS2,6,1,6
PPFIA3,6,1,6
PPP2R5D,6,3,6
PRICKLE2-AS3,6,2,7
PRPF8,6,2,6
PSAT1,6,3,6
PSENEN,6,4,6
PSMA2,6,3,6
PSMC6,6,1,6
PSMD2,6,3,6
PTGES3L,6,1,6
PTPRB,6,2,6
PTPRC,6,1,6
PWWP2A,6,1,6
QARS1,6,3,6
RAB34,6,3,7
RAI14,6,2,6
RAMP2,6,5,6
RANBP3L,6,2,6
RFESD,6,1,6
RHPN1,6,2,8
RND2,6,2,7
RPRML,6,3,6
RSPO4,6,2,8
SARS1,6,3,6
SELENOM,6,3,6
SESTD1,6,2,7
SH3PXD2B,6,1,6
SHD,6,4,6
SHROOM4,6,1,6
SIPA1L2,6,5,8
SIRPA,6,2,7
SLC16A1-AS1,6,1,6
SLC16A8,6,2,6
SLC22A23,6,1,6
SLC22A24,6,2,8
SLC25A21,6,2,7
SLC2A1-DT,6,3,6
SLC35F2,6,3,6
SLC39A14,6,1,6
SLC44A5,6,3,6
SLC6A5,6,1,6
SLCO1C1,6,4,10
SNRNP25,6,3,6
SNRPG,6,4,6
SNX18,6,1,6
SNX25,6,1,6
SPA17,6,1,6
SPAG17,6,3,7
SPCS3-AS1,6,2,6
SPRN,6,3,6
SPTLC3,6,1,6
SSC4D,6,1,6
STOM,6,2,6
STOX2,6,1,6
STPG1,6,1,6
STS,6,3,6
SUPT16H,6,3,6
SYCP3,6,2,6
SYPL1,6,3,7
TAC3,6,2,6
TAFA2,6,3,7
TAFA5,6,1,6
TAGLN,6,1,6
TAGLN3,6,3,6
TALDO1,6,3,6
TBC1D10B,6,1,6
TBX20,6,2,6
TEPP,6,2,7
TESMIN,6,1,6
THADA,6,1,6
THBS1,6,1,6
THYN1,6,3,6
TIAM1,6,6,8
TIMP2,6,3,6
TJP1,6,2,6
TLK1,6,3,8
TM7SF2,6,3,6
TMED3,6,1,6
TMEM138,6,1,6
TMEM203,6,3,6
TMEM229B,6,1,6
TMEM255B,6,2,8
TMEM72,6,1,6
TRAF4,6,4,6
TRAPPC4,6,3,6
TRIM22,6,4,13
TRIM71,6,1,6
TSGA10,6,2,6
TSPAN18-AS1,6,1,6
UBA6-DT,6,4,6
UBE2Q2P13,6,1,6
USP35,6,1,6
VEGFD,6,1,6
VSTM4,6,2,6
WDR82,6,3,6
WHRN,6,3,10
WNT3,6,1,6
WSCD1,6,3,7
XACT,6,4,6
XPR1,6,3,9
YJEFN3,6,3,7
YWHAZ,6,2,6
ZFP36L2,6,2,7
ZNF185,6,1,6
ZNF20,6,1,6
ZNF217,6,3,8
ZNF385C,6,1,6
ZNF593,6,4,6
ZNF876P,6,1,6
ZNF99,6,1,6
AACS,5,2,5
ABCA3,5,2,5
ABCD2,5,2,5
ACOT11,5,1,5
ACTR1B,5,1,5
ADAM18,5,2,5
ADAMTS9-AS2,5,2,5
ADARB2-AS1,5,2,5
ADGRG1,5,3,5
AGAP1,5,3,6
AGPAT1,5,3,5
AHCY,5,2,5
AHSA1,5,3,5
AIF1L,5,3,5
AIP,5,3,5
AKAP13,5,2,6
AKR1C1,5,2,5
ALDH1A2,5,2,5
ALDH1A3,5,2,5
AMMECR1,5,2,5
AMOTL1,5,2,5
AMZ2P1,5,2,5
ANGPTL1,5,1,5
APH1A,5,2,5
APLP2,5,2,5
APMAP,5,2,5
APP,5,1,5
ARFGAP2,5,3,5
ARHGAP12,5,2,5
ARHGEF3,5,3,6
ARL4C,5,2,5
ARMCX1,5,3,5
ASNSD1,5,2,5
ASPM,5,3,5
ATG2A,5,3,5
ATP5PB,5,3,5
ATP6V0E1,5,1,5
ATP6V1E1,5,2,5
ATP6V1G2,5,3,5
AUH,5,2,6
AURKB,5,2,5
AUTS2,5,3,5
AVPR1A,5,1,5
B3GALT6,5,2,5
B4GALT6,5,1,5
B4GAT1-DT,5,1,5
BAIAP2L1,5,2,5
BBC3,5,2,5
BBX,5,2,5
BEND6,5,2,5
BHMT2,5,2,6
BLCAP,5,3,7
BOK-AS1,5,1,5
BRI3,5,3,5
BRME1,5,2,7
BTN3A1,5,1,5
BUB1B,5,3,5
C1QL3,5,3,10
C1QTNF6,5,1,5
C2orf49,5,2,5
C8orf90,5,1,5
CACNG4,5,1,5
CAMK1D,5,2,5
CARMIL2,5,3,5
CAV2,5,4,5
CBARP,5,2,5
CCDC127,5,2,5
CCDC13,5,1,5
CCDC198,5,3,5
CCDC50,5,3,6
CCNF,5,2,5
CCT3,5,3,5
CD164,5,2,5
CDC26,5,2,5
CDK9,5,1,5
CDV3,5,3,5
CELF5,5,1,5
CES2,5,2,5
CETN3,5,1,5
CFAP251,5,2,5
CFTR,5,2,5
CHCHD7,5,2,6
CHD3,5,3,5
CHID1,5,3,5
CHMP1A,5,2,5
CLDN23,5,1,5
CLIC4,5,3,5
CLN8,5,2,7
CLYBL,5,2,5
CNTNAP3C,5,2,6
COL4A4,5,2,5
COMMD10,5,1,5
COQ4,5,2,5
CRADD,5,2,5
CRTAP,5,1,5
CSDC2,5,2,5
CTBS,5,1,5
CTNNA2-AS1,5,1,5
CTSA,5,1,5
CTSLP2,5,1,5
CTTNBP2,5,3,6
CYBA,5,2,5
CYP2U1,5,3,7
CYTH2,5,2,5
CYYR1-AS1,5,2,5
DBP,5,3,5
DCAF6,5,1,5
DCDC1,5,2,5
DCTPP1,5,3,5
DCX,5,1,5
DDX43,5,1,5
DDX60L,5,2,7
DEPDC1B,5,5,5
DGCR6L,5,3,5
DICER1-AS1,5,1,5
DIO2,5,3,7
DIP2A,5,1,5
DIRAS1,5,4,5
DIRC3,5,1,5
DISP3,5,3,5
DIXDC1,5,1,5
DLEU7,5,2,5
DMAC1,5,3,5
DNAAF2,5,2,5
DNAH9,5,1,5
DNAJA2,5,2,5
DOCK4-AS1,5,1,5
DPP10-AS2,5,2,5
DPRX,5,1,5
DPY19L2P2,5,1,5
DTWD2,5,2,5
DYRK4,5,1,5
EAF2,5,2,5
EBF4,5,1,5
ECE1,5,1,5
EDN1,5,1,5
EEIG2,5,1,5
EFHC1,5,4,6
EGLN2,5,3,5
EGR1,5,4,5
EHD1,5,3,5
EIF4A3,5,2,5
EMC4,5,2,5
ENDOG,5,3,5
ENO4,5,2,5
ENSG00000219445,5,2,5
ENSG00000223944,5,2,6
ENSG00000225421,5,2,6
ENSG00000226022,5,2,6
ENSG00000227167,5,1,5
ENSG00000227218,5,3,5
ENSG00000227598,5,2,5
ENSG00000228142,5,1,5
ENSG00000228802,5,2,7
ENSG00000229191,5,2,6
ENSG00000229209,5,2,5
ENSG00000229673,5,3,5
ENSG00000229846,5,3,5
ENSG00000230759,5,1,5
ENSG00000231533,5,2,5
ENSG00000231829,5,2,7
ENSG00000232234,5,2,5
ENSG00000232536,5,1,5
ENSG00000233783,5,1,5
ENSG00000235292,5,1,5
ENSG00000236283,5,2,5
ENSG00000236295,5,1,5
ENSG00000236920,5,1,5
ENSG00000236948,5,1,5
ENSG00000237832,5,1,5
ENSG00000240499,5,2,5
ENSG00000241449,5,2,5
ENSG00000241882,5,1,5
ENSG00000242009,5,1,5
ENSG00000242021,5,1,5
ENSG00000242540,5,3,5
ENSG00000242880,5,3,5
ENSG00000244676,5,1,5
ENSG00000244757,5,2,5
ENSG00000248268,5,1,5
ENSG00000248636,5,2,6
ENSG00000249426,5,1,5
ENSG00000249679,5,2,6
ENSG00000249685,5,1,5
ENSG00000250592,5,1,5
ENSG00000250614,5,2,5
ENSG00000250842,5,2,5
ENSG00000251058,5,1,5
ENSG00000251555,5,1,5
ENSG00000251652,5,2,5
ENSG00000251670,5,1,5
ENSG00000253116,5,3,5
ENSG00000253214,5,2,5
ENSG00000253260,5,1,5
ENSG00000253270,5,1,5
ENSG00000253284,5,1,5
ENSG00000253629,5,1,5
ENSG00000253842,5,2,5
ENSG00000254048,5,2,6
ENSG00000254757,5,1,5
ENSG00000255118,5,2,5
ENSG00000255209,5,2,5
ENSG00000255595,5,2,5
ENSG00000256588,5,2,5
ENSG00000257657,5,1,5
ENSG00000257890,5,1,5
ENSG00000258162,5,3,5
ENSG00000258473,5,1,5
ENSG00000258631,5,3,7
ENSG00000258740,5,4,5
ENSG00000258843,5,1,5
ENSG00000258844,5,1,5
ENSG00000259007,5,1,5
ENSG00000259269,5,1,5
ENSG00000260071,5,2,5
ENSG00000260364,5,1,5
ENSG00000260417,5,2,5
ENSG00000260564,5,1,5
ENSG00000260922,5,1,5
ENSG00000261218,5,2,5
ENSG00000262050,5,1,5
ENSG00000264791,5,1,5
ENSG00000265218,5,1,5
ENSG00000265643,5,2,5
ENSG00000265912,5,1,5
ENSG00000267098,5,1,5
ENSG00000267284,5,1,5
ENSG00000267922,5,2,5
ENSG00000267986,5,1,5
ENSG00000268401,5,1,5
ENSG00000269292,5,1,5
ENSG00000270062,5,1,5
ENSG00000270066,5,3,5
ENSG00000270114,5,2,5
ENSG00000270574,5,2,5
ENSG00000270953,5,1,5
ENSG00000272209,5,2,5
ENSG00000272449,5,1,5
ENSG00000273486,5,2,5
ENSG00000273792,5,2,5
ENSG00000274859,5,1,5
ENSG00000276573,5,1,5
ENSG00000279232,5,3,6
ENSG00000280207,5,2,5
ENSG00000280485,5,1,5
ENSG00000281333,5,1,5
ENSG00000282859,5,2,5
ENSG00000283103,5,3,5
ENSG00000283217,5,1,5
ENSG00000283294,5,1,5
ENSG00000284716,5,2,7
ENSG00000284747,5,1,5
ENSG00000285588,5,2,6
ENSG00000285648,5,1,5
ENSG00000285679,5,2,5
ENSG00000285718,5,3,6
ENSG00000285747,5,3,5
ENSG00000285852,5,1,5
ENSG00000285938,5,1,5
ENSG00000286150,5,1,5
ENSG00000286263,5,2,5
ENSG00000286318,5,1,5
ENSG00000286412,5,1,5
ENSG00000286446,5,2,5
ENSG00000286456,5,1,5
ENSG00000286458,5,1,5
ENSG00000286546,5,2,6
ENSG00000286705,5,1,5
ENSG00000286746,5,4,5
ENSG00000286862,5,2,5
ENSG00000286962,5,4,7
ENSG00000286994,5,1,5
ENSG00000287042,5,2,5
ENSG00000287122,5,1,5
ENSG00000287126,5,1,5
ENSG00000287146,5,1,5
ENSG00000287153,5,1,5
ENSG00000287272,5,1,5
ENSG00000287482,5,2,6
ENSG00000287703,5,1,5
ENSG00000287712,5,2,5
ENSG00000287762,5,2,5
ENSG00000287777,5,2,5
ENSG00000287836,5,1,5
ENSG00000287881,5,2,5
ENSG00000288098,5,2,6
ENSG00000288696,5,3,5
ENSG00000288785,5,1,5
ENSG00000289040,5,1,5
ENSG00000289054,5,1,5
ENSG00000289077,5,2,5
ENSG00000289107,5,1,5
ENSG00000289309,5,1,5
ENSG00000289631,5,3,5
ENSG00000289703,5,1,5
ENSG00000290122,5,3,5
ENSG00000290383,5,1,5
ENSG00000290531,5,2,5
ENSG00000290551,5,2,8
ENSG00000291015,5,1,5
ENSG00000291174,5,2,5
ENSG00000291255,5,2,5
ENTPD5,5,1,5
EPHB3,5,2,5
ERG28,5,3,5
ERICH5,5,3,5
ERN1,5,1,5
ETFDH,5,1,5
EXOSC4,5,2,5
FADS2,5,2,5
FAIM2,5,3,5
FAM182A,5,1,5
FARP1,5,1,5
FBXO2,5,1,5
FEZ1,5,2,5
FGF11,5,1,5
FGF5,5,1,5
FKBP1A,5,2,5
FLG,5,1,5
FLG2,5,2,6
FMC1,5,4,5
FN1,5,2,5
FOSL1,5,1,5
FOSL2,5,2,5
FRMPD3-AS1,5,2,5
FYN,5,1,5
GABRA6,5,1,5
GADD45B,5,1,5
GANC,5,2,6
GCA,5,2,5
GFPT2,5,1,5
GHSR,5,1,5
GLT8D2,5,3,5
GM2A,5,3,5
GMDS,5,2,5
GMNN,5,1,5
GNL3,5,3,5
GPC5-AS2,5,3,5
GPM6A-DT,5,2,5
GPR156,5,2,6
GPR85,5,3,6
GPRASP3,5,1,5
GPX3,5,1,5
GRID2IP,5,3,6
GRK5,5,3,5
GSPT2,5,3,5
GTF2E1,5,1,5
GTF2H3,5,1,5
GTF2IP1,5,2,5
GVQW3,5,1,5
H3C8,5,2,5
HDHD2,5,1,5
HEPFAL,5,1,5
HES5,5,1,5
HEXB,5,2,6
HIP1,5,3,5
HIPK2,5,2,5
HK2,5,2,5
HLA-DRB1,5,2,5
HNRNPUL2,5,3,5
HSBP1L1,5,1,5
HTRA2,5,2,5
HYDIN,5,3,6
ICAM5,5,1,5
IFIH1,5,2,5
IGF1R,5,2,6
IMP3,5,3,6
INTS12,5,3,9
IRAG1-AS1,5,1,5
ITFG1-AS1,5,1,5
ITPKA,5,2,5
JCAD,5,2,8
JMJD1C,5,3,6
KAZN-AS1,5,3,5
KCNAB1,5,2,5
KCND3,5,1,5
KCNS2,5,2,5
KCTD6,5,1,5
KHSRP,5,2,5
KIAA0513,5,1,5
KLKB1,5,1,5
KLRG1,5,1,5
KNDC1,5,3,7
KPNA2,5,2,5
KRTAP5-AS1,5,2,7
LAMA2,5,3,5
LAMTOR1,5,3,5
LAPTM4B,5,3,5
LIMD1,5,3,6
LINC00276,5,3,5
LINC00377,5,1,5
LINC00501,5,2,5
LINC01138,5,2,5
LINC01237,5,2,5
LINC01360,5,1,5
LINC01364,5,1,5
LINC01429,5,2,5
LINC01435,5,3,5
LINC01483,5,1,5
LINC01558,5,2,5
LINC01600,5,1,5
LINC01807,5,2,7
LINC01923,5,2,5
LINC01983,5,2,5
LINC02036,5,1,5
LINC02046,5,1,5
LINC02144,5,2,5
LINC02319,5,1,5
LINC02320,5,1,5
LINC02398,5,2,5
LINC02568,5,2,5
LINC02595,5,3,5
LINC02610,5,1,5
LINC02615,5,1,5
LINC02653,5,2,5
LINC02703,5,1,5
LINC02777,5,2,5
LINC02873,5,1,5
LINC02929,5,3,5
LINC02965,5,1,5
LINC03007,5,2,5
LINC03021,5,1,5
LINC03033,5,2,7
LINC03056,5,2,7
LLPH,5,2,5
LNX2,5,1,5
LRRC10B,5,2,5
LRRC26,5,1,5
LRRC47,5,2,5
LSM2,5,4,6
LYRM2,5,1,5
MAGEE2,5,1,5
MANBA,5,2,5
MAP1LC3B2,5,1,5
MARCHF2,5,1,5
MARCHF9,5,1,5
MDP1,5,2,5
MFHAS1,5,1,5
MGAT1,5,2,5
MICA,5,1,5
MID2,5,1,5
MIR3142HG,5,2,6
MIR3976HG,5,3,5
MIR4527HG,5,1,5
MIS12,5,2,5
MMP15,5,2,5
MOAP1,5,3,5
MOK,5,3,5
MORN5,5,3,5
MPG,5,2,5
MROH6,5,1,5
MRPL12,5,3,5
MRPL23,5,2,5
MRPL28,5,3,5
MSRA-DT,5,1,5
MTCH2,5,1,5
MUC3A,5,2,5
MUS81,5,2,5
MYL12A,5,3,5
MYL4,5,1,5
MYO16-AS1,5,2,5
MYSM1,5,2,5
N4BP3,5,2,5
NADSYN1,5,1,5
NARF-AS1,5,3,6
NBPF9,5,1,5
NDP,5,2,5
NDUFA5,5,2,5
NDUFA7,5,2,5
NEO1,5,3,5
NFKBID,5,1,5
NHEJ1,5,3,6
NLN,5,2,5
NNMT,5,2,6
NONO,5,3,5
NOTCH1,5,3,5
NOTCH2,5,3,5
NPC1,5,1,5
NPM2,5,2,5
NPM3,5,2,5
NTF3,5,4,7
NUBP1,5,3,5
NUDT8,5,1,5
NUP62CL,5,2,5
NWD2,5,2,5
NXPH4,5,3,5
OGDHL,5,2,5
OOSP1,5,1,5
OR14A2,5,2,5
OSBPL6,5,1,5
OTUD6B-AS1,5,3,5
OXCT1,5,1,5
P2RX7,5,2,6
PALD1,5,2,6
PAX3,5,1,5
PCDH9-AS4,5,2,6
PCMTD1-DT,5,1,5
PCSK9,5,1,5
PDE9A,5,2,6
PDRG1,5,5,5
PFDN6,5,2,5
PFKL,5,2,5
PFN2,5,4,5
PFN3,5,2,5
PHACTR1,5,2,5
PHF14,5,1,5
PHIP,5,3,5
PI15,5,1,5
PICK1,5,2,6
PIGW,5,1,5
PITHD1,5,2,5
PKD1L2,5,3,5
PKP2,5,2,5
PLA2G4B,5,1,5
PLAC8,5,1,5
PLCE1-AS2,5,2,5
PLEKHJ1,5,2,5
PLN,5,1,5
POC1A,5,1,5
POLR2J2,5,2,5
POLR3B,5,3,6
PORCN,5,2,5
POU2AF3,5,1,5
PPM1G,5,3,5
PPP2R2A,5,1,5
PPP2R5B,5,2,5
PRDM6,5,2,5
PRELID3A,5,2,5
PREPL,5,2,5
PREX1,5,3,5
PRKACA,5,2,5
PRKCE,5,4,5
PRPF6,5,4,5
PRPSAP1,5,3,5
PRSS51,5,2,5
PRXL2B,5,2,5
PSG11-AS1,5,2,6
PSMB1,5,3,5
PTGES3,5,2,6
PTGIS,5,1,5
PTK7,5,2,6
PTPN14,5,2,5
PXDC1,5,2,5
RAB1B,5,3,5
RAB3C,5,1,5
RALY,5,1,5
RANBP10,5,1,5
RANGAP1,5,1,5
RANGRF,5,3,5
RAP1B,5,1,5
RAP2C-AS1,5,2,5
RBMX,5,3,5
RCAN3,5,4,6
RDH10,5,2,5
RDX,5,3,5
REL,5,1,5
RERG,5,1,5
REXO2,5,3,5
RGS21,5,1,5
RHBDD2,5,1,5
RHBDD3,5,1,5
RHBDL2,5,2,6
RHOBTB3,5,1,5
RILP,5,2,5
RIOX2,5,3,5
RIPPLY2,5,2,5
RNF122,5,1,5
RNF145,5,3,5
RNF150,5,2,5
RNF175,5,2,6
RNF180,5,1,5
RNF181,5,2,5
RO60,5,1,5
ROGDI,5,3,7
ROPN1B,5,1,5
RORB-AS1,5,1,5
RRP12,5,1,5
RTL6,5,2,5
RUNX2,5,2,5
SAMD13,5,2,6
SASS6,5,1,5
SAT2,5,3,5
SCUBE1-AS1,5,1,5
SDCBP,5,2,5
SDF4,5,1,5
SEC16A,5,1,5
SEMA5A,5,2,5
SEPTIN9,5,2,5
SERINC2,5,2,5
SERPING1,5,1,5
SERPINI2,5,2,5
SETBP1,5,3,5
SGTA,5,2,5
SH3GLB1,5,2,5
SIAH2-AS1,5,1,5
SIX3,5,1,5
SKOR1,5,1,5
SLC10A7,5,2,5
SLC12A2,5,1,5
SLC13A3,5,1,5
SLC29A3,5,2,6
SLC2A4RG,5,2,5
SLC39A7,5,3,5
SLC46A3,5,1,5
SLC4A5,5,1,5
SLC66A3,5,2,5
SLC7A1,5,2,5
SLC9A1,5,1,5
SLFNL1,5,1,5
SMG1P5,5,2,5
SMKR1,5,3,5
SNAP25,5,1,5
SNRNP200,5,1,5
SNRPF,5,3,5
SNX16,5,1,5
SOX11,5,4,5
SPAG16,5,2,5
SPAG7,5,3,5
SSU72,5,3,5
STAG2-AS1,5,1,5
STIMATE,5,2,5
STOML2,5,2,5
STPG2,5,1,5
SUPT3H,5,1,5
SYCP2L,5,1,5
SYNE1,5,3,5
SYNJ2BP,5,2,5
TACC1,5,4,6
TAF7,5,3,5
TAF9,5,2,5
TAFAZZIN,5,1,5
TALAM1,5,3,6
TAX1BP3,5,2,5
TBC1D12,5,1,5
TBC1D30,5,1,5
TBCC,5,3,5
TCF20,5,1,5
TCP11L2,5,1,5
TCTN2,5,1,5
TEMN3-AS1,5,1,5
TFAM,5,3,5
TFEB,5,2,6
THAP5,5,2,5
TIMM17B,5,3,5
TM2D3,5,2,5
TM4SF1,5,1,5
TMED9,5,3,5
TMEM106B,5,1,5
TMEM14C,5,2,5
TMEM208,5,3,5
TMEM250,5,3,5
TMEM263,5,1,5
TMEM51,5,2,5
TMEM59,5,2,5
TMEM60,5,2,6
TMEM74B,5,2,6
TNFAIP8L3,5,2,5
TOM1L1,5,3,5
TOP2A,5,3,5
TPD52L2,5,1,5
TRAF3,5,2,5
TRANK1,5,2,6
TRIM34,5,1,5
TRMT10C,5,3,5
TRPC4,5,2,6
TSBP1-AS1,5,3,5
TSEN34,5,3,6
TSKU-AS1,5,1,5
TSPYL2,5,2,5
TTC7A,5,3,7
TTTY14,5,2,5
TUSC1,5,4,5
TYRO3,5,2,5
UBE2I,5,4,5
USP4,5,3,5
VAV2,5,2,5
VMA21,5,3,5
VPS13B,5,2,5
VPS37D,5,3,5
VXN,5,3,5
WDR18,5,3,5
WDR19,5,2,5
WDR93,5,1,5
WFDC1,5,2,6
WNT5A,5,4,5
WWTR1-AS1,5,2,6
XBP1,5,3,5
YWHAG,5,2,5
ZBBX,5,1,5
ZBTB2,5,2,5
ZDHHC11B,5,2,5
ZDHHC21,5,2,5
ZFR2,5,2,5
ZNF385D-AS1,5,1,5
ZNF491,5,3,5
ZNF580,5,2,5
ZNF682,5,1,5
ZNF713,5,1,5
ZNF747,5,1,5
ZNF808,5,2,5
AARSD1,4,2,4
ABCA13,4,3,6
ABHD17A,4,2,4
ACADL,4,3,5
ACMSD,4,2,4
ACO2,4,1,4
ACVR1,4,2,4
ADAM32,4,2,4
ADAM7,4,1,4
ADAMTS5,4,2,4
ADGRL1,4,1,4
ADISSP,4,2,4
AFG1L,4,1,4
AGBL4-AS1,4,2,4
AHR,4,2,5
AIMP2,4,3,4
AK8,4,2,4
AKNA,4,1,4
AKR1B15,4,1,4
ALDH1B1,4,3,5
ALDH2,4,3,4
ANAPC13,4,2,4
ANK2,4,1,4
ANKRD18DP,4,1,4
ANKRD31,4,2,6
ANP32E,4,2,4
ANXA3,4,1,4
AP1M2,4,2,4
APOC1,4,2,4
APPAT,4,2,5
ARFGEF2,4,1,4
ARHGAP21,4,2,4
ARHGEF17,4,2,5
ARHGEF7,4,1,4
ARL16,4,3,4
ARL4D,4,2,4
ARMC3,4,1,4
ARRDC3,4,3,4
ARSB,4,1,4
ARSJ,4,2,4
ASB16-AS1,4,1,4
ASXL3,4,3,6
ATAD2B,4,1,4
ATG5,4,1,4
ATG9B,4,2,4
ATXN7L3,4,2,4
B3GAT2,4,2,4
BAD,4,2,4
BASP1,4,3,5
BBOX1-AS1,4,1,4
BCAP31,4,2,4
BCAS4,4,1,4
BMP1,4,2,4
BNC2,4,2,4
BOP1,4,2,4
BRD9,4,3,4
BTG1-DT,4,1,4
BTNL2,4,3,4
C11orf42,4,2,4
C11orf68,4,2,4
C1orf43,4,2,4
C22orf39,4,4,4
C3orf33,4,2,4
C3orf70,4,2,4
C6orf120,4,2,4
C7orf57,4,1,4
CACFD1,4,2,4
CACNA2D1,4,3,4
CADPS,4,3,4
CAMK2N2,4,3,4
CAMSAP1,4,2,5
CANT1,4,1,4
CAPRIN2,4,3,4
CARD11,4,2,4
CASC16,4,1,4
CBLC,4,1,4
CCDC107,4,2,4
CCDC134,4,2,4
CCDC144NL,4,2,5
CCDC150,4,2,4
CCDC159,4,2,4
CCDC181,4,1,4
CCDC30,4,3,4
CCDC40,4,2,4
CCDC71L,4,2,4
CCDC83,4,1,4
CCL28,4,2,4
CCT4,4,2,4
CCT8,4,2,4
CD58,4,3,4
CD82,4,1,4
CD9,4,2,4
CDC14A,4,3,4
CDCP1,4,3,4
CDK4,4,2,4
CDK5R2-AS1,4,2,4
CDON,4,2,4
CDT1,4,3,4
CELSR2,4,2,4
CENPJ,4,1,4
CEP128,4,2,4
CEP162,4,1,4
CEP85L,4,3,4
CERS3-AS1,4,2,4
CFAP57,4,1,4
CFAP69,4,2,4
CFAP77,4,2,4
CFAP95,4,2,4
CHD4,4,2,4
CHL1-AS2,4,3,4
CHN2,4,2,4
CHRNA7,4,2,4
CHST10,4,2,4
CHST2,4,3,4
CHTF18,4,3,4
CIR1,4,1,4
CKAP2L,4,2,4
CLCN4,4,2,4
CLDN11,4,3,5
CLDN20,4,2,5
CLSTN3,4,3,4
CLTA,4,3,4
CNIH3,4,2,4
CNTNAP1,4,1,4
COL13A1,4,2,4
COL18A1,4,1,4
COL27A1,4,2,4
COL6A2,4,3,4
CORO2A,4,1,4
CORO6,4,2,4
COX14,4,2,4
CPAMD8,4,1,4
CPEB2,4,1,4
CPLX2,4,1,4
CPLX3,4,1,4
CRABP2,4,1,4
CREB3,4,2,4
CRELD2,4,2,4
CRK,4,1,4
CTDNEP1,4,2,4
CYB5R2,4,1,4
CYGB,4,2,5
CYP2U1-AS1,4,1,4
DAAM1,4,3,4
DACT3,4,2,4
DAZAP2,4,2,4
DCLK2,4,2,4
DDX18,4,2,4
DEF8,4,2,4
DENND2B,4,1,4
DEPDC1,4,1,4
DEXI,4,4,4
DGUOK,4,2,4
DHCR24,4,2,4
DHRS12,4,1,4
DHRS13,4,2,5
DHRSX,4,2,4
DIPK1B,4,2,4
DLEU1,4,2,4
DLG2-AS2,4,1,4
DLGAP4-AS1,4,3,4
DMD-AS3,4,1,4
DNAJC27,4,1,4
DNAJC6,4,3,4
DNASE1L2,4,2,4
DNM2,4,1,4
DNMBP-AS1,4,2,5
DNTTIP1,4,2,4
DPY19L4,4,1,4
DSN1,4,1,4
DUSP19,4,1,4
EBPL,4,3,4
ECHDC2,4,1,4
EDNRB,4,2,5
EFEMP2,4,2,4
EFHB,4,2,4
EIF4B,4,2,4
EIF5,4,3,4
ENOSF1,4,2,4
ENPP3,4,3,4
ENSG00000217455,4,2,4
ENSG00000222012,4,3,6
ENSG00000223523,4,1,4
ENSG00000223528,4,2,5
ENSG00000223786,4,2,4
ENSG00000223901,4,1,4
ENSG00000224407,4,1,4
ENSG00000224595,4,1,4
ENSG00000225537,4,1,4
ENSG00000225889,4,2,4
ENSG00000228033,4,2,4
ENSG00000228577,4,2,4
ENSG00000228830,4,1,4
ENSG00000228862,4,1,4
ENSG00000229896,4,1,4
ENSG00000230001,4,1,4
ENSG00000230751,4,2,4
ENSG00000231863,4,3,4
ENSG00000231902,4,1,4
ENSG00000232855,4,2,4
ENSG00000232949,4,2,4
ENSG00000233569,4,1,4
ENSG00000233968,4,2,4
ENSG00000234273,4,1,4
ENSG00000234418,4,1,4
ENSG00000234584,4,2,4
ENSG00000235140,4,1,4
ENSG00000235834,4,1,4
ENSG00000235939,4,2,4
ENSG00000236031,4,2,4
ENSG00000236858,4,1,4
ENSG00000237843,4,1,4
ENSG00000237851,4,1,4
ENSG00000238117,4,2,4
ENSG00000239922,4,2,4
ENSG00000243960,4,1,4
ENSG00000248145,4,1,4
ENSG00000248359,4,1,4
ENSG00000248373,4,2,6
ENSG00000248511,4,1,4
ENSG00000249150,4,2,4
ENSG00000249169,4,1,4
ENSG00000250057,4,1,4
ENSG00000250069,4,1,4
ENSG00000250132,4,2,4
ENSG00000250195,4,2,4
ENSG00000251170,4,3,4
ENSG00000251171,4,1,4
ENSG00000253331,4,3,4
ENSG00000253720,4,1,4
ENSG00000253879,4,1,4
ENSG00000254177,4,1,4
ENSG00000254314,4,1,4
ENSG00000254607,4,1,4
ENSG00000255126,4,2,4
ENSG00000255326,4,1,4
ENSG00000255480,4,2,5
ENSG00000256064,4,1,4
ENSG00000256321,4,1,4
ENSG00000256947,4,4,5
ENSG00000257925,4,1,4
ENSG00000258225,4,2,4
ENSG00000258256,4,1,4
ENSG00000258443,4,1,4
ENSG00000258478,4,2,4
ENSG00000258847,4,2,4
ENSG00000258871,4,2,4
ENSG00000259201,4,1,4
ENSG00000259221,4,1,4
ENSG00000259385,4,1,4
ENSG00000259403,4,3,4
ENSG00000259723,4,2,4
ENSG00000260037,4,1,4
ENSG00000260041,4,2,5
ENSG00000260337,4,1,4
ENSG00000260990,4,3,5
ENSG00000261170,4,2,5
ENSG00000261342,4,2,5
ENSG00000261889,4,2,4
ENSG00000262663,4,1,4
ENSG00000262884,4,1,4
ENSG00000263015,4,1,4
ENSG00000263388,4,2,4
ENSG00000264596,4,1,4
ENSG00000265751,4,2,4
ENSG00000266268,4,2,6
ENSG00000267298,4,2,4
ENSG00000267327,4,2,6
ENSG00000268460,4,1,4
ENSG00000269935,4,2,4
ENSG00000270681,4,2,5
ENSG00000271204,4,1,4
ENSG00000271917,4,1,4
ENSG00000272180,4,1,4
ENSG00000273199,4,2,5
ENSG00000273203,4,2,4
ENSG00000273308,4,1,4
ENSG00000274253,4,3,6
ENSG00000275232,4,2,5
ENSG00000275963,4,2,4
ENSG00000276241,4,2,4
ENSG00000277151,4,1,4
ENSG00000278254,4,3,4
ENSG00000278518,4,2,4
ENSG00000278765,4,2,5
ENSG00000278766,4,2,4
ENSG00000279249,4,2,4
ENSG00000280018,4,2,4
ENSG00000283913,4,1,4
ENSG00000284677,4,1,4
ENSG00000284719,4,2,4
ENSG00000285095,4,2,4
ENSG00000285535,4,1,4
ENSG00000285650,4,2,4
ENSG00000285734,4,1,4
ENSG00000285744,4,1,4
ENSG00000285756,4,1,4
ENSG00000285807,4,1,4
ENSG00000285865,4,2,4
ENSG00000285898,4,1,4
ENSG00000285934,4,3,4
ENSG00000286241,4,2,4
ENSG00000286251,4,2,4
ENSG00000286488,4,1,4
ENSG00000286615,4,1,4
ENSG00000286629,4,1,4
ENSG00000286671,4,1,4
ENSG00000286679,4,2,4
ENSG00000286801,4,1,4
ENSG00000286872,4,1,4
ENSG00000287006,4,2,4
ENSG00000287093,4,2,4
ENSG00000287274,4,3,4
ENSG00000287277,4,2,4
ENSG00000287367,4,3,4
ENSG00000287374,4,1,4
ENSG00000287378,4,1,4
ENSG00000287391,4,2,4
ENSG00000287460,4,1,4
ENSG00000287493,4,1,4
ENSG00000287503,4,1,4
ENSG00000287556,4,2,4
ENSG00000287600,4,1,4
ENSG00000287618,4,2,4
ENSG00000287625,4,2,4
ENSG00000287757,4,1,4
ENSG00000287866,4,2,4
ENSG00000287972,4,2,6
ENSG00000288011,4,1,4
ENSG00000288025,4,1,4
ENSG00000288043,4,1,4
ENSG00000288156,4,1,4
ENSG00000288574,4,1,4
ENSG00000288993,4,1,4
ENSG00000289108,4,1,4
ENSG00000289312,4,1,4
ENSG00000289369,4,2,4
ENSG00000289484,4,3,5
ENSG00000289839,4,1,4
ENSG00000289941,4,2,4
ENSG00000290000,4,2,5
ENSG00000290003,4,2,4
ENSG00000290034,4,1,4
ENSG00000290557,4,1,4
ENSG00000290578,4,1,4
ENSG00000290606,4,2,4
ENSG00000290858,4,1,4
ENSG00000290879,4,1,4
ENSG00000290899,4,1,4
ENSG00000290913,4,2,4
ENSG00000290935,4,1,4
ENSG00000291099,4,1,4
ENSG00000291184,4,2,4
ENSG00000291220,4,1,4
EPCAM,4,1,4
EPN1,4,2,4
ERBIN,4,1,4
ERVFRD-1,4,1,4
ESD,4,1,4
EXOC3L1,4,1,4
EYS,4,4,5
FABP12,4,3,7
FABP3,4,3,4
FADS1,4,2,4
FAM106C,4,2,4
FAM107B,4,1,4
FAM110B,4,2,4
FAM131B,4,1,4
FAM162A,4,4,6
FAM201A,4,2,5
FAM89A,4,3,5
FANCC,4,1,4
FAT2,4,1,4
FBLIM1,4,1,4
FBLL1,4,2,4
FBXL17,4,3,4
FBXO16,4,3,5
FDX2,4,1,4
FGF14-AS1,4,2,5
FGF18,4,2,4
FGFR3,4,2,4
FHL1,4,2,4
FILNC1,4,2,4
FLII,4,2,4
FLOT1,4,2,4
FLT3,4,2,4
FOXN3,4,2,4
FRYL,4,2,5
FUT10,4,2,6
FXN,4,2,4
FYB2,4,2,4
G2E3-AS1,4,2,4
GAB1,4,2,4
GABPB1-AS1,4,2,5
GAL3ST1,4,2,4
GAMT,4,2,4
GAS6,4,2,4
GASK1A,4,1,4
GATAD1,4,1,4
GCHFR,4,2,4
GHITM,4,2,4
GLDN,4,3,4
GLIS2-AS1,4,1,4
GMFG,4,2,4
GNAZ,4,3,4
GOLGA8M,4,2,4
GPATCH4,4,2,4
GPD2,4,1,4
GPI,4,3,4
GPR160,4,2,4
GPR52,4,1,4
GPRASP1,4,2,5
GSS,4,1,4
H1-1,4,2,4
H3C2,4,2,4
H3C4,4,2,4
H3C6,4,2,4
HAGH,4,2,4
HAS2-AS1,4,2,5
HCG11,4,3,4
HDGFL2,4,3,4
HEY1,4,2,5
HHIPL1,4,1,4
HLA-A,4,3,4
HLA-B,4,1,4
HMGCS1,4,2,4
HNRNPA1L3,4,3,4
HOMER1,4,1,4
HPCAL4,4,1,4
HPS1,4,1,4
HPS1-AS1,4,2,4
HPS3,4,1,4
HPYR1,4,1,4
HRG-AS1,4,1,4
HRH2,4,2,4
HRK,4,3,4
HS3ST1,4,2,4
HSD17B12,4,2,4
HSD17B14,4,2,4
HSPBAP1,4,1,4
HSPBP1,4,2,4
IDH1,4,2,4
IFIT5,4,1,4
IFNLR1,4,3,6
IFT122,4,1,4
IFT22,4,2,4
IGF2BP1,4,1,4
IGFBP4,4,2,4
IGFBP6,4,3,4
IGFL4,4,3,5
IGSF10,4,2,4
IL13RA2,4,2,4
INKA1,4,2,4
INO80-AS1,4,2,4
INO80B,4,2,4
IRF1,4,1,4
IRX2,4,2,4
ISCU,4,4,4
ITGB1BP1,4,2,4
ITGB1BP2,4,1,4
ITSN2,4,1,4
JPH1,4,3,5
KANK3,4,3,5
KANSL1,4,3,4
KANSL1L,4,1,4
KCNJ4,4,2,4
KCNK4,4,2,5
KCP,4,1,4
KIF25,4,2,4
KIFC2,4,1,4
KIZ,4,1,4
KLRB1,4,1,4
KRT32,4,1,4
L1CAM,4,2,4
LARP7,4,3,4
LAYN,4,1,4
LDLRAD3,4,1,4
LGALSL,4,1,4
LHFPL5,4,1,4
LINC00113,4,2,4
LINC00173,4,1,4
LINC00174,4,2,4
LINC00323,4,2,5
LINC00373,4,1,4
LINC00574,4,1,4
LINC00575,4,2,4
LINC00869,4,1,4
LINC00871,4,3,5
LINC00937,4,2,4
LINC01132,4,1,4
LINC01135,4,1,4
LINC01424,4,2,4
LINC01659,4,2,4
LINC01694,4,1,4
LINC01850,4,1,4
LINC01933,4,1,4
LINC02021,4,1,4
LINC02087,4,2,4
LINC02136,4,4,4
LINC02220,4,2,4
LINC02224,4,3,4
LINC02234,4,1,4
LINC02250,4,1,4
LINC02256,4,3,5
LINC02344,4,1,4
LINC02360,4,2,4
LINC02384,4,2,4
LINC02388,4,2,4
LINC02456,4,1,4
LINC02728,4,2,4
LINC02802,4,2,4
LINC02805,4,1,4
LINC02813,4,2,4
LINC02839,4,3,4
LINC02848,4,1,4
LINC02977,4,2,4
LINC02981,4,3,4
LINC02985,4,2,4
LINC03002,4,1,4
LINC03009,4,3,4
LMBRD1,4,1,4
LNCRNA-IUR,4,2,5
LNP1,4,2,6
LRIG1,4,2,5
LRP10,4,3,4
LRRC17,4,2,4
LRRC3-DT,4,1,4
LRRC37A2,4,1,4
LRRC59,4,2,4
LRRC7-AS1,4,2,4
LRRC8C-DT,4,1,4
LRRCC1,4,1,4
LRRIQ3,4,2,4
LRRN2,4,1,4
LRRN3,4,4,4
LTB4R,4,2,4
MAFG,4,2,4
MAGI2-AS3,4,2,4
MAN1C1,4,2,4
MAP1LC3B,4,2,4
MAP3K9,4,1,4
MAPRE1,4,2,4
MAPT-AS1,4,1,4
MARCHF11,4,2,4
MAST4-AS1,4,1,4
MCHR2,4,2,4
MCM6,4,1,4
MCMDC2,4,1,4
MED13L,4,4,4
MED15,4,1,4
MED20,4,1,4
MEOX2,4,2,4
MESTIT1,4,1,4
METTL5,4,2,4
MFAP1,4,3,4
MFF-DT,4,2,4
MGAT4B,4,1,4
MGAT5B,4,1,4
MGC16275,4,2,4
MGC4859,4,1,4
MICAL3,4,2,4
MINDY2-DT,4,3,4
MIR22HG,4,1,4
MMEL1,4,1,4
MMGT1,4,2,4
MMP25-AS1,4,3,4
MNS1,4,2,5
MORN4,4,1,4
MPHOSPH10,4,3,4
MROH2A,4,1,4
MROH5,4,1,4
MRPL35,4,1,4
MRPL40,4,3,4
MRPL43,4,2,4
MRPL55,4,3,4
MRPS23,4,2,4
MSMO1,4,3,4
MSN,4,2,5
MT2A,4,3,4
MTCH1,4,2,4
MVD,4,3,4
MYBPC1,4,1,4
MYG1,4,2,4
MYH4,4,2,4
MYO10,4,3,4
NAA38,4,2,4
NAAA,4,2,4
NABP1,4,2,4
NAIP,4,3,4
NANOG,4,3,5
NAP1L5,4,3,4
NBPF15,4,1,4
NBPF20,4,2,4
NBR2,4,2,5
NCBP2,4,3,4
NCDN,4,1,4
NCOA7-AS1,4,1,4
NDUFB6,4,2,4
NDUFV1,4,3,4
NDUFV2,4,2,4
NEAT1,4,2,4
NEIL2,4,1,4
NELFA,4,2,4
NEXN-AS1,4,1,4
NIF3L1,4,2,4
NIM1K,4,2,4
NIPSNAP1,4,2,4
NMBR,4,1,4
NOLC1,4,2,4
NOX5,4,1,4
NPB,4,2,4
NPIPA1,4,1,4
NPPA,4,1,4
NR2F6,4,2,4
NRARP,4,3,4
NRBP1,4,1,4
NRL,4,1,4
NSF,4,1,4
NUBP2,4,2,4
NUP93,4,2,4
NYAP1,4,2,4
OAF,4,3,4
ODF2L,4,2,4
OLFM2,4,2,4
OOEP,4,1,4
OPHN1,4,3,4
OPTN,4,1,4
ORC6,4,1,4
P4HTM,4,2,4
PAPSS2,4,3,4
PAQR3,4,1,4
PARD6G,4,2,5
PART1,4,3,8
PATE3,4,2,4
PATL1-DT,4,1,4
PATZ1,4,3,4
PAX6,4,2,4
PCBP1,4,2,4
PCDHA4,4,1,4
PCTP,4,1,4
PDK4,4,2,4
PEX5L-AS1,4,1,4
PHF21B,4,2,4
PIK3CG,4,2,4
PINK1,4,2,4
PIP4P1,4,1,4
PIP5KL1,4,2,4
PITPNM2-AS1,4,2,4
PITX1-AS1,4,1,4
PIWIL4,4,1,4
PLAUR,4,2,5
PLEKHA6,4,2,4
PLEKHG4,4,2,4
PLP1,4,1,4
PLSCR2,4,2,4
PLXNC1,4,1,4
PMPCA,4,1,4
PNCK,4,3,4
PNMA8B,4,1,4
POLA1,4,3,4
POLD3,4,1,4
POLH,4,1,4
POLR1F,4,2,4
POLR2H,4,2,4
POLR2K,4,2,4
PON1,4,2,4
PON2,4,2,4
POU2F1,4,1,4
PPFIBP2,4,2,4
PPP1CC,4,1,4
PPP1R11,4,1,4
PPP3CC,4,1,4
PPT1,4,1,4
PRKCH-AS1,4,1,4
PROX1-AS1,4,1,4
PRPS2,4,1,4
PRR13,4,3,4
PRR16,4,4,4
PRRT2,4,2,4
PSD,4,1,4
PSMA4,4,3,4
PSMD4,4,3,4
PSMG2,4,1,4
PSTPIP2,4,2,4
PTAFR,4,1,4
PTBP2,4,2,4
PTP4A3,4,1,4
PXDNL,4,1,4
PXMP2,4,2,4
PYGL,4,2,4
QPCT,4,2,4
R3HCC1,4,3,4
RAB11B,4,4,4
RAB15,4,1,4
RAB20,4,1,4
RAB23,4,1,4
RAB33B-AS1,4,3,4
RAB40A,4,1,4
RAD54B,4,2,4
RAP1GDS1,4,1,4
RARRES1,4,1,4
RASA4B,4,2,5
RASSF3,4,2,4
RBAK,4,1,4
RBFADN,4,2,4
RCOR2,4,3,4
RENBP,4,1,4
REST,4,2,4
REXO4,4,3,4
RFWD3,4,1,4
RGS22,4,3,4
RHBDF2,4,3,4
RHCE,4,1,4
RHOC,4,2,4
RHOXF1,4,3,4
RHPN2,4,1,4
RMDN2-AS1,4,2,4
RMI2,4,2,4
RNASEL,4,3,4
RNF112,4,1,4
RNF185,4,1,4
RPEL1,4,2,4
RPH3A,4,1,4
RPL34-DT,4,2,4
RTN1,4,1,4
RTN4R,4,3,4
RUNDC3A,4,2,4
RXFP2,4,1,4
RXRA,4,2,4
S100B,4,2,4
SAC3D1,4,2,4
SACS,4,1,4
SALL4,4,1,4
SAMD4A-AS1,4,1,4
SAXO1,4,3,4
SBNO1-AS1,4,2,4
SC5D,4,2,4
SCHIP1,4,1,4
SCMH1,4,2,6
SCO2,4,2,4
SCPEP1,4,1,4
SCUBE2,4,1,4
SDC3,4,3,4
SDF2L1,4,2,4
SELENOP,4,2,4
SELENOV,4,2,5
SEPTIN10,4,2,5
SEPTIN3,4,2,4
SESN3,4,3,4
SF1-DT,4,1,4
SGMS2,4,2,4
SH2D5,4,2,5
SH3D21,4,1,4
SHCBP1,4,1,4
SHISA5,4,1,4
SHISAL2A,4,1,4
SHQ1,4,1,4
SIRT3,4,1,4
SLC15A1,4,1,4
SLC25A24,4,2,4
SLC25A48,4,3,4
SLC30A10,4,3,4
SLC38A7,4,2,4
SLC39A3,4,2,4
SLC7A3,4,2,4
SLC9A2,4,2,5
SLIRP,4,2,4
SMARCC2,4,2,4
SMIM15,4,2,4
SMS,4,2,4
SNAI2,4,3,4
SNAP25-AS1,4,1,4
SNHG19,4,3,4
SNHG31,4,4,4
SNORC,4,3,5
SNRPD3,4,2,4
SNX10-AS1,4,1,4
SNX24,4,1,4
SOSTDC1,4,2,4
SOWAHA,4,1,4
SPATA12,4,1,4
SPATA18,4,1,4
SPATA5,4,1,4
SPINT1,4,2,4
SPOPL,4,2,4
SPRED1,4,2,4
SPTBN5,4,2,4
SSR3,4,3,4
ST8SIA5-DT,4,2,4
STK32A-AS1,4,3,4
STT3B,4,1,4
STX12,4,1,4
SURF1,4,2,4
SWI5,4,1,4
SYCE1,4,1,4
SYNGAP1-AS1,4,2,4
SYNPO,4,1,4
SYNPR-AS1,4,2,4
SYT7,4,2,4
TANK,4,1,4
TARDBP,4,2,4
TBL1Y,4,3,5
TCEAL6,4,2,4
TCIM,4,2,4
TDRD6,4,2,4
TEKT1,4,1,4
TEN1,4,1,4
TGFB2,4,3,4
THSD1,4,1,4
TMCC3,4,1,4
TMED1,4,2,4
TMED2,4,2,4
TMEM121,4,2,4
TMEM123,4,1,4
TMEM141,4,2,4
TMEM171,4,1,4
TMEM183A,4,1,4
TMEM218,4,1,4
TMEM219,4,2,4
TMEM254-AS1,4,2,4
TMEM97,4,1,4
TMEM98,4,2,4
TMEM9B,4,2,4
TMPRSS11A,4,2,4
TMPRSS11D,4,2,4
TNFAIP8,4,1,4
TOMM34,4,2,4
TP53INP1,4,3,4
TPK1,4,2,4
TPTEP1,4,2,4
TRAPPC3,4,3,4
TRD-AS1,4,3,4
TRIM13,4,3,4
TRNP1,4,2,4
TRPC1,4,1,4
TRPM6,4,2,4
TSGA13,4,1,4
TSPAN2,4,1,4
TSPYL1,4,2,4
TSPYL5,4,3,4
TTC12,4,2,4
TWF2,4,3,4
TXN2,4,2,4
UBALD1,4,2,4
UBE2E2,4,2,4
ULBP2,4,1,4
UQCC2,4,3,4
UQCRC1,4,4,4
USP11,4,2,4
UTP14A,4,1,4
VASH1,4,2,4
VEGFA,4,2,4
VIP,4,1,4
VKORC1,4,3,4
VPS51,4,2,4
VSIG10,4,3,4
VWA5B2,4,2,4
WAKMAR2,4,3,7
WASF1,4,2,4
WBP1,4,2,4
WBP2,4,2,4
WDR76,4,2,4
WIPF2,4,1,4
WTIP,4,1,4
WWC2-AS1,4,3,4
XDH,4,1,4
XKR9,4,2,4
YWHAQ,4,3,4
ZBTB10,4,3,4
ZBTB6,4,2,4
ZC3H12B,4,3,4
ZFAND4,4,2,4
ZFPL1,4,2,4
ZFYVE21,4,2,4
ZNF165,4,3,4
ZNF254,4,1,4
ZNF264,4,1,4
ZNF33B,4,1,4
ZNF425,4,1,4
ZNF503-AS2,4,2,4
ZNF511,4,3,4
ZNF534,4,1,4
ZNF584,4,1,4
ZNF585A,4,2,4
ZNF710,4,2,4
ZSCAN12,4,2,4
ABCA12,3,2,3
ABCF1,3,2,3
ABTB2,3,3,3
ACAN,3,1,3
ACLY,3,1,3
ACP6,3,3,4
ACSBG1,3,2,3
ACTL6A,3,1,3
ADCK2,3,1,3
ADCY3,3,1,3
ADCYAP1,3,1,3
ADD3-AS1,3,2,3
ADGRA1,3,1,3
ADGRE1,3,2,3
ADGRF3,3,2,3
ADGRG2,3,2,4
ADK,3,2,3
ADNP2,3,1,3
AFTPH-DT,3,2,3
AGMO,3,2,3
AHRR,3,1,3
AIF1,3,2,3
AKAIN1,3,1,3
AKT3,3,2,4
ALDH16A1,3,1,3
ALDH6A1,3,3,3
ALDOC,3,1,3
ALKBH2,3,1,3
ALPK2,3,1,3
AMPD2,3,1,3
ANAPC10,3,1,3
ANGPTL2,3,1,3
ANKRD20A5P,3,2,3
ANKRD30B,3,2,3
ANKRD53,3,1,3
ANKRD62P1-PARP4P3,3,1,3
ANTKMT,3,1,3
AOX1,3,2,4
AP2B1,3,1,3
AP3D1,3,1,3
APOB,3,2,3
APOD,3,1,3
APOE,3,1,3
APOLD1,3,2,3
APOOL,3,2,3
ARFGAP3,3,1,3
ARG2,3,1,3
ARHGAP31,3,2,3
ARHGEF7-AS2,3,2,3
ARL2,3,2,3
ARL4A,3,1,3
ARLNC1,3,1,3
ARMH4,3,2,3
ARNT2-DT,3,1,3
ASB13,3,2,3
ASXL3-DT,3,1,3
ATG4A,3,1,3
ATMIN,3,1,3
ATN1,3,3,3
ATXN7L3B,3,1,3
B3GAT3,3,1,3
B3GNT9,3,2,3
B4GALNT2,3,2,3
B4GALT2,3,1,3
BAG5,3,2,3
BAIAP2,3,1,3
BANK1,3,2,3
BBOX1,3,2,3
BCAP29,3,2,3
BCAS2,3,2,3
BCKDHA,3,2,3
BCL7A,3,2,3
BDKRB2,3,1,3
BDNF,3,1,3
BHLHA15,3,1,3
BID,3,2,3
BLOC1S2,3,1,3
BLOC1S4,3,1,3
BMP3,3,2,3
BMP8A,3,1,3
BMPR1B,3,3,3
BORCS8,3,2,3
BRCA1,3,2,3
BRDT,3,1,3
BRIX1,3,2,3
BRSK1,3,2,3
BRSK2,3,1,3
BSG,3,2,3
BTBD17,3,1,3
BUB1,3,2,3
C16orf89,3,1,3
C17orf113,3,1,3
C17orf58,3,2,3
C18orf63,3,2,3
C4orf19,3,1,3
C6orf118,3,1,3
C6orf47,3,1,3
C9orf43,3,1,3
CA2,3,2,3
CALCOCO1,3,1,3
CALCRL-AS1,3,1,3
CAMSAP1-DT,3,1,3
CAND2,3,2,3
CARD10,3,2,3
CARTPT,3,2,3
CASP6,3,1,3
CASR,3,1,3
CBR3-AS1,3,1,3
CC2D2B,3,1,3
CCDC106,3,2,3
CCDC121,3,2,3
CCDC34,3,1,3
CCDC60,3,2,4
CCDC80,3,2,3
CCDC85C,3,1,3
CCDC88A,3,1,3
CCNE1,3,1,3
CD2BP2,3,2,3
CD38,3,1,3
CD44,3,1,3
CD6,3,2,3
CDC42,3,2,3
CDK15,3,1,3
CDK16,3,1,3
CDKL2,3,2,3
CDKL4,3,1,3
CDKN2AIPNL,3,1,3
CDO1,3,1,3
CDS2,3,1,3
CEBPZ,3,1,3
CELF3,3,1,3
CEMIP,3,1,3
CENPF,3,2,3
CEP135,3,1,3
CEP295,3,3,3
CEP85,3,2,3
CERK,3,1,3
CES4A,3,1,3
CFAP43,3,1,3
CFI,3,1,3
CFL1P1,3,1,3
CHPF,3,2,3
CHRDL1,3,1,3
CHST1,3,1,3
CIB1,3,2,3
CISD2,3,1,3
CKS1B,3,1,3
CLCN5,3,2,3
CLPP,3,3,3
CLSPN,3,3,3
CLUL1,3,1,3
CMKLR2,3,1,3
CMYA5,3,1,3
CNKSR2,3,2,3
CNTN4-AS2,3,1,3
COL16A1,3,1,3
COMMD5,3,1,3
CORO1B,3,2,3
CPB2,3,2,3
CPNE9,3,2,3
CRCP,3,1,3
CREB1,3,1,3
CREG1,3,2,3
CSNK1E,3,3,3
CSRP3,3,1,3
CTPS2,3,1,3
CYP2C19,3,1,3
CZIB,3,2,3
D2HGDH,3,2,3
DALRD3,3,1,3
DCTN1,3,2,3
DCTN2,3,2,3
DDIT4,3,2,3
DDOST,3,1,3
DDX20,3,1,3
DDX41,3,2,3
DENND3-AS1,3,2,3
DGKA,3,1,3
DHDDS,3,2,3
DKK3,3,1,3
DLGAP5,3,1,3
DLX1,3,1,3
DMGDH,3,1,3
DNAH2,3,2,3
DNAJC19,3,1,3
DNAJC30,3,1,3
DNAJC5B,3,1,3
DNAJC7,3,3,3
DND1,3,1,3
DNM3OS,3,2,3
DNMT3B,3,2,3
DOCK7,3,2,3
DOHH,3,1,3
DPY19L2P4,3,1,3
DSE,3,2,3
DTX3,3,1,3
DXO,3,1,3
DYNLT3,3,1,3
EBNA1BP2,3,2,3
EFCAB6-AS1,3,1,3
EFNA3,3,1,3
EFNB3,3,1,3
EHMT2,3,1,3
EI24,3,2,3
EIF1AX,3,2,3
EIF4H,3,1,3
EIF6,3,2,3
ELAPOR1,3,2,3
ELOF1,3,2,3
ELOVL6,3,1,3
EMP3,3,3,3
ENDOD1,3,1,3
ENSG00000188897,3,1,3
ENSG00000197585,3,1,3
ENSG00000206028,3,1,3
ENSG00000213062,3,2,3
ENSG00000217702,3,1,3
ENSG00000222032,3,2,3
ENSG00000223697,3,1,3
ENSG00000223842,3,1,3
ENSG00000223969,3,1,3
ENSG00000224905,3,2,3
ENSG00000225106,3,2,3
ENSG00000225216,3,2,4
ENSG00000225387,3,1,3
ENSG00000226530,3,1,3
ENSG00000226883,3,1,3
ENSG00000227050,3,1,3
ENSG00000227863,3,2,3
ENSG00000228061,3,3,4
ENSG00000228421,3,2,3
ENSG00000230423,3,2,3
ENSG00000230826,3,1,3
ENSG00000231772,3,2,3
ENSG00000232259,3,2,3
ENSG00000232555,3,2,3
ENSG00000233928,3,2,3
ENSG00000234428,3,2,3
ENSG00000235523,3,1,3
ENSG00000235806,3,1,3
ENSG00000236141,3,3,3
ENSG00000236341,3,2,3
ENSG00000236358,3,3,3
ENSG00000236377,3,2,3
ENSG00000236986,3,2,3
ENSG00000237153,3,1,3
ENSG00000237387,3,2,3
ENSG00000237735,3,2,3
ENSG00000238273,3,1,3
ENSG00000241593,3,1,3
ENSG00000242861,3,2,3
ENSG00000243004,3,2,4
ENSG00000244345,3,2,3
ENSG00000246090,3,2,3
ENSG00000246225,3,1,3
ENSG00000248125,3,2,3
ENSG00000248537,3,2,3
ENSG00000248647,3,1,3
ENSG00000248968,3,1,3
ENSG00000249330,3,1,3
ENSG00000249419,3,2,3
ENSG00000249451,3,1,3
ENSG00000249492,3,3,3
ENSG00000249675,3,1,3
ENSG00000249695,3,1,3
ENSG00000250046,3,2,3
ENSG00000250280,3,2,3
ENSG00000250371,3,2,3
ENSG00000250751,3,2,3
ENSG00000251621,3,1,3
ENSG00000253377,3,2,3
ENSG00000253392,3,1,3
ENSG00000253452,3,1,3
ENSG00000253660,3,2,3
ENSG00000253836,3,2,3
ENSG00000253851,3,1,3
ENSG00000253983,3,1,3
ENSG00000254041,3,2,3
ENSG00000254092,3,1,3
ENSG00000254459,3,1,3
ENSG00000254604,3,2,3
ENSG00000254731,3,2,3
ENSG00000254936,3,2,3
ENSG00000255402,3,1,3
ENSG00000255528,3,1,3
ENSG00000256083,3,1,3
ENSG00000256152,3,1,3
ENSG00000256389,3,2,3
ENSG00000256473,3,1,3
ENSG00000257027,3,1,3
ENSG00000257060,3,1,3
ENSG00000257226,3,1,3
ENSG00000257258,3,1,3
ENSG00000257550,3,2,3
ENSG00000257681,3,1,3
ENSG00000257947,3,1,3
ENSG00000258400,3,1,3
ENSG00000258435,3,2,3
ENSG00000258559,3,2,3
ENSG00000258944,3,2,3
ENSG00000259001,3,2,3
ENSG00000259038,3,2,3
ENSG00000259055,3,2,3
ENSG00000259199,3,3,3
ENSG00000259347,3,2,3
ENSG00000259363,3,1,3
ENSG00000259582,3,1,3
ENSG00000259669,3,2,3
ENSG00000259773,3,2,3
ENSG00000259865,3,3,3
ENSG00000259868,3,1,3
ENSG00000260118,3,1,3
ENSG00000260197,3,2,3
ENSG00000260223,3,1,3
ENSG00000260536,3,2,3
ENSG00000260585,3,2,3
ENSG00000260600,3,1,3
ENSG00000260949,3,2,3
ENSG00000261136,3,1,3
ENSG00000261426,3,2,3
ENSG00000261638,3,2,3
ENSG00000262011,3,1,3
ENSG00000262410,3,2,4
ENSG00000262412,3,3,3
ENSG00000262898,3,2,3
ENSG00000263105,3,2,3
ENSG00000263571,3,2,4
ENSG00000264273,3,2,3
ENSG00000265413,3,1,3
ENSG00000265656,3,2,3
ENSG00000266340,3,1,3
ENSG00000266578,3,2,3
ENSG00000266869,3,2,3
ENSG00000266877,3,2,3
ENSG00000267026,3,2,3
ENSG00000267101,3,1,3
ENSG00000267219,3,1,3
ENSG00000267249,3,2,3
ENSG00000267251,3,2,3
ENSG00000267378,3,1,3
ENSG00000267412,3,1,3
ENSG00000268069,3,1,3
ENSG00000268191,3,1,3
ENSG00000268403,3,2,3
ENSG00000268886,3,2,3
ENSG00000269425,3,2,3
ENSG00000269950,3,1,3
ENSG00000271032,3,1,3
ENSG00000271218,3,1,3
ENSG00000271904,3,2,3
ENSG00000272008,3,2,3
ENSG00000272173,3,2,3
ENSG00000272848,3,2,3
ENSG00000273149,3,2,3
ENSG00000273198,3,2,3
ENSG00000273314,3,2,3
ENSG00000273319,3,2,3
ENSG00000273325,3,2,4
ENSG00000273328,3,1,3
ENSG00000273368,3,1,3
ENSG00000273487,3,1,3
ENSG00000274578,3,1,3
ENSG00000274818,3,1,3
ENSG00000274833,3,1,3
ENSG00000275479,3,2,3
ENSG00000275910,3,2,3
ENSG00000276115,3,1,3
ENSG00000276345,3,2,3
ENSG00000276863,3,2,3
ENSG00000277144,3,1,3
ENSG00000277270,3,1,3
ENSG00000278177,3,1,3
ENSG00000278730,3,1,3
ENSG00000278903,3,2,3
ENSG00000279085,3,2,3
ENSG00000279317,3,2,3
ENSG00000282772,3,2,3
ENSG00000284664,3,1,3
ENSG00000285190,3,2,3
ENSG00000285212,3,1,3
ENSG00000285424,3,2,3
ENSG00000285529,3,2,3
ENSG00000285550,3,2,3
ENSG00000285633,3,1,3
ENSG00000285634,3,2,4
ENSG00000285646,3,3,3
ENSG00000285729,3,2,4
ENSG00000285812,3,1,3
ENSG00000285820,3,2,3
ENSG00000285861,3,1,3
ENSG00000285904,3,1,3
ENSG00000285957,3,2,3
ENSG00000285977,3,1,3
ENSG00000286045,3,1,3
ENSG00000286174,3,2,3
ENSG00000286177,3,1,3
ENSG00000286229,3,2,3
ENSG00000286242,3,2,3
ENSG00000286321,3,2,3
ENSG00000286340,3,2,3
ENSG00000286363,3,1,3
ENSG00000286369,3,1,3
ENSG00000286385,3,2,3
ENSG00000286387,3,2,3
ENSG00000286470,3,1,3
ENSG00000286475,3,2,3
ENSG00000286491,3,2,3
ENSG00000286511,3,2,3
ENSG00000286541,3,2,3
ENSG00000286543,3,2,3
ENSG00000286608,3,1,3
ENSG00000286627,3,1,3
ENSG00000286647,3,2,3
ENSG00000286691,3,1,3
ENSG00000286755,3,2,3
ENSG00000286841,3,1,3
ENSG00000286954,3,1,3
ENSG00000286980,3,1,3
ENSG00000287037,3,2,3
ENSG00000287127,3,2,3
ENSG00000287150,3,1,3
ENSG00000287213,3,1,3
ENSG00000287215,3,2,3
ENSG00000287216,3,1,3
ENSG00000287348,3,1,3
ENSG00000287401,3,1,3
ENSG00000287525,3,1,3
ENSG00000287555,3,1,3
ENSG00000287569,3,1,3
ENSG00000287636,3,1,3
ENSG00000287650,3,1,3
ENSG00000287723,3,1,3
ENSG00000287763,3,1,3
ENSG00000287780,3,1,3
ENSG00000287893,3,2,3
ENSG00000287965,3,1,3
ENSG00000288659,3,1,3
ENSG00000288756,3,1,3
ENSG00000288810,3,2,3
ENSG00000288814,3,1,3
ENSG00000288898,3,1,3
ENSG00000288992,3,1,3
ENSG00000289094,3,2,3
ENSG00000289098,3,1,3
ENSG00000289200,3,1,3
ENSG00000289238,3,3,3
ENSG00000289255,3,2,3
ENSG00000289305,3,1,3
ENSG00000289331,3,1,3
ENSG00000289340,3,2,3
ENSG00000289473,3,2,3
ENSG00000289522,3,1,3
ENSG00000289538,3,2,3
ENSG00000289581,3,2,3
ENSG00000289635,3,1,3
ENSG00000289978,3,2,4
ENSG00000290005,3,2,3
ENSG00000290011,3,2,3
ENSG00000290052,3,1,3
ENSG00000290127,3,1,3
ENSG00000290400,3,1,3
ENSG00000290536,3,2,3
ENSG00000290553,3,1,3
ENSG00000290596,3,1,3
ENSG00000290700,3,2,3
ENSG00000290762,3,1,3
ENSG00000290775,3,2,4
ENSG00000290931,3,2,3
ENSG00000291032,3,2,3
ENSG00000291042,3,1,3
ENSG00000291144,3,3,3
ENSG00000291168,3,1,3
ENSG00000291202,3,2,3
ENSG00000291233,3,1,3
ENSG00000292285,3,1,3
EPHB6,3,3,3
ERC2,3,2,3
ERCC1,3,1,3
ERICH1,3,2,3
ETV2,3,2,3
ETV3L,3,1,3
EXOC4,3,1,3
EYA4,3,2,3
FADS6,3,1,3
FAM117A,3,1,3
FAM184A,3,1,3
FAM210B,3,2,3
FAM228A,3,1,3
FAM241A,3,2,4
FAM43B,3,2,3
FANCA,3,1,3
FAS,3,3,3
FBLN5,3,1,3
FBXL15,3,1,3
FBXO15,3,1,3
FBXO4,3,1,3
FBXO44,3,1,3
FBXW7-AS1,3,2,3
FER1L5,3,1,3
FGL2,3,1,3
FHL3,3,1,3
FIZ1,3,2,3
FKBP10,3,3,3
FKBP14,3,1,3
FLCN,3,2,3
FNDC4,3,1,3
FRAT2,3,3,3
FRG1,3,1,3
FRMPD2,3,3,3
FSTL1,3,2,3
FXYD2,3,1,3
FZD1,3,2,3
G6PC3,3,2,3
GAB3,3,1,3
GABRB2,3,1,3
GALNTL5,3,2,3
GAREM2,3,1,3
GASK1B-AS1,3,1,3
GATD1,3,2,3
GATD3,3,3,3
GCLM,3,1,3
GCNA,3,1,3
GDE1,3,1,3
GDF5,3,2,3
GET3,3,1,3
GGCT,3,2,3
GIPC1,3,2,3
GLCCI1,3,1,3
GLOD4,3,1,3
GLT1D1,3,1,3
GLYCTK-AS1,3,2,3
GNAO1-DT,3,2,4
GNB3,3,2,3
GNG10,3,2,3
GNG11,3,3,3
GORAB-AS1,3,2,3
GP1BB,3,1,3
GP6,3,2,3
GPANK1,3,2,3
GPKOW,3,1,3
GPS2,3,2,3
GRAMD2B,3,1,3
GRASLND,3,1,3
GSK3A,3,2,3
GSTA4,3,1,3
GSTM2,3,1,3
GSTO1,3,2,3
GSTT2,3,1,3
GTF2IRD2B,3,2,3
H1-5,3,2,3
H2AC11,3,2,3
H2AC12,3,1,3
H2BC14,3,2,3
HAUS8,3,1,3
HDAC10,3,1,3
HELB,3,1,3
HERC3,3,1,3
HMGCR,3,2,3
HMGN1,3,1,3
HNRNPK-AS1,3,3,3
HSD17B10,3,2,3
HSDL1,3,2,3
HYCC1,3,2,4
ID3,3,1,3
IDH3B-DT,3,2,3
IER5L,3,3,3
IFT25,3,3,3
IGBP1,3,1,3
IL11RA,3,2,3
IL17RE,3,1,3
IL27RA,3,2,3
ILF3-DT,3,2,3
IMP4,3,2,3
INIP,3,1,3
INO80D-AS1,3,2,3
INPPL1,3,1,3
IQCF3,3,1,3
IRF2,3,2,3
IRF3,3,1,3
ISCA1,3,1,3
ISCA2,3,2,3
ISOC2,3,1,3
ITGB5,3,1,3
ITIH5,3,1,3
ITPK1,3,1,3
ITPKB-AS1,3,1,3
JAGN1,3,1,3
JAKMIP1,3,1,3
KANK2,3,2,3
KAT2A,3,1,3
KCNAB3,3,2,3
KCNB1,3,2,3
KCNF1,3,2,3
KCNIP2-AS1,3,1,3
KCNIP3,3,1,3
KCNJ13,3,1,3
KCNQ2,3,2,3
KCNS3,3,2,3
KDM4D,3,1,3
KDSR-DT,3,1,3
KEAP1,3,1,3
KIAA0825,3,2,3
KIAA1549L,3,1,3
KIAA1755,3,2,3
KLB,3,1,3
KLF6,3,2,3
KLF7,3,1,3
KLHL9,3,1,3
KTN1,3,1,3
L3MBTL3,3,2,3
LAMTOR3,3,1,3
LAPTM4A-DT,3,2,3
LCMT1-AS1,3,1,3
LCP1,3,2,3
LDLR,3,1,3
LETMD1,3,1,3
LGI2,3,1,3
LHX2-AS1,3,2,3
LINC00200,3,1,3
LINC00395,3,2,3
LINC00470,3,1,3
LINC00506,3,1,3
LINC00558,3,1,3
LINC00578,3,1,3
LINC00707,3,2,3
LINC00842,3,2,3
LINC00852,3,1,3
LINC00865,3,2,4
LINC00886,3,2,3
LINC01003,3,1,3
LINC01019,3,1,3
LINC01088,3,2,3
LINC01106,3,2,3
LINC01115.1,3,2,3
LINC01159,3,2,3
LINC01224,3,2,4
LINC01331,3,2,3
LINC01393,3,1,3
LINC01449,3,2,3
LINC01473,3,1,3
LINC01482,3,3,3
LINC01486,3,1,3
LINC01507,3,1,3
LINC01606,3,2,3
LINC01814,3,2,3
LINC01844,3,1,3
LINC01876,3,3,3
LINC01882,3,1,3
LINC01901,3,2,3
LINC02091,3,1,3
LINC02125,3,2,3
LINC02226,3,1,3
LINC02233,3,1,3
LINC02284,3,2,3
LINC02345,3,1,3
LINC02389,3,2,3
LINC02609,3,2,3
LINC02734,3,1,3
LINC02740,3,2,3
LINC02770,3,2,3
LINC02797,3,2,3
LINC02857,3,2,3
LINC03021.1,3,1,3
LINC03042,3,3,4
LINC03070,3,2,3
LINC03076,3,1,3
LIPA,3,2,3
LIPG,3,1,3
LIX1L-AS1,3,2,3
LKAAEAR1,3,2,3
LLPH-DT,3,1,3
LMAN2L,3,2,3
LMO2,3,3,3
LMTK3,3,1,3
LRFN5-DT,3,2,3
LRRC31,3,2,3
LRRC46,3,2,3
LRRC56,3,1,3
LRRC73,3,1,3
LSM1,3,2,3
LSM10,3,2,3
LSM14B,3,3,3
LSMEM1,3,1,3
LSS,3,2,4
LUCAT1,3,2,3
LUNAR1,3,2,3
LYN,3,2,3
LYPD3,3,1,3
LZIC,3,1,3
MAL2-AS1,3,1,3
MAN2A1,3,1,3
MAOA,3,1,3
MAP3K2-DT,3,1,3
MAP4K1-AS1,3,1,3
MAPK3,3,2,3
MAPK8IP1,3,2,3
MARCHF10-DT,3,2,3
MARCHF11-AS1,3,1,3
MARVELD1,3,2,3
MBOAT7,3,2,3
MCFD2,3,2,3
MCM5,3,2,3
MCPH1,3,1,3
MDC1-AS1,3,1,3
MDFI,3,2,3
MDH1,3,1,3
MEA1,3,1,3
MED16,3,2,3
MED19,3,1,3
MED8,3,2,3
MEIS1-AS3,3,1,3
METTL14-DT,3,2,3
METTL24,3,1,3
MEX3A,3,2,3
MFGE8,3,1,3
MFSD4B,3,1,3
MGST2,3,1,3
MICALL2,3,1,3
MINDY4,3,2,3
MIR222HG,3,2,3
MIR548XHG,3,2,3
MIRLET7A1HG,3,1,3
MLEC,3,3,4
MLST8,3,1,3
MMD,3,2,3
MME-AS1,3,2,3
MMP14,3,2,3
MN1,3,1,3
MOB1B,3,1,3
MORN2,3,2,3
MOSPD1,3,1,3
MPC1,3,2,3
MRGBP,3,2,3
MRM1,3,1,3
MRPL11,3,3,3
MRPL17,3,3,3
MRPL53,3,1,3
MRPS33,3,1,3
MRRF,3,1,3
MSH4,3,2,3
MSTO1,3,1,3
MT1F,3,1,3
MTA3,3,1,3
MTFP1,3,1,3
MTSS1,3,1,3
MTUS1-DT,3,1,3
MYBL2,3,2,3
MYCBP2,3,1,3
MYCN,3,1,3
MYLK-AS1,3,2,3
MYO5C,3,2,4
NAALADL2,3,1,3
NADK2,3,1,3
NANOS3,3,1,3
NAT9,3,1,3
NBAT1,3,2,3
NBN,3,2,3
NCLN,3,2,3
NCMAP,3,1,3
NCOA7,3,3,3
NCR3LG1,3,3,3
NCSTN,3,2,3
NDFIP1,3,1,3
NDRG4,3,1,3
NDUFV3,3,2,3
NECAP1,3,1,3
NECTIN2,3,2,3
NEIL1,3,2,4
NELFE,3,2,3
NEMP2-DT,3,2,3
NFAT5,3,1,3
NFIA-AS1,3,1,3
NFKBIL1,3,1,3
NHERF1,3,1,3
NINJ2,3,1,3
NKPD1,3,2,3
NLRP1,3,1,3
NMB,3,2,3
NOMO1,3,1,3
NOTUM,3,1,3
NPAP1,3,1,3
NPC2,3,2,3
NPY2R,3,2,3
NRG1-IT1,3,2,3
NSDHL,3,1,3
NTAN1,3,1,3
NTMT1,3,2,3
NTSR2,3,1,3
NUCB2,3,2,3
NUDT22,3,3,3
NUP107,3,1,3
NUP210,3,2,3
NUP35,3,1,3
NUSAP1,3,2,3
NWD1,3,1,3
NXN,3,2,4
NXT1,3,2,3
OAZ2,3,3,3
OGFRP1,3,1,3
OPN3,3,1,3
OR51M1,3,1,3
OSER1-DT,3,1,3
P4HB,3,2,3
PABPN1,3,1,3
PAK3,3,1,3
PAM16,3,1,3
PANX2,3,2,3
PAQR7,3,2,3
PARD6B,3,1,3
PARP8,3,3,3
PBK,3,1,3
PCA3,3,1,3
PCBD1,3,2,3
PCCA-DT,3,1,3
PCDH20,3,2,3
PCDH8,3,1,3
PCDHA9,3,1,3
PCDHGA5,3,2,3
PCNX4-DT,3,2,3
PCOLCE2,3,2,3
PCYT2,3,1,3
PDIA6,3,3,3
PDZD4,3,1,3
PGBD5,3,2,4
PGPEP1,3,1,3
PHC2-AS1,3,1,3
PHF10,3,1,3
PHF23,3,1,3
PHLDA3,3,2,3
PHYHIP,3,2,3
PHYHIPL,3,2,3
PIH1D1,3,2,3
PITPNM3,3,2,3
PKD1L1,3,1,3
PKHD1,3,2,3
PLA2G12A,3,1,3
PLAG1,3,1,3
PLBD2,3,1,3
PLEKHD1,3,1,3
PLEKHO2,3,1,3
PLPP5,3,1,3
PLSCR4,3,2,3
PNISR,3,1,3
POGK,3,2,3
POLDIP2,3,1,3
POLE,3,1,3
POLR3K,3,3,3
POP4,3,1,3
POTEI,3,1,3
POU3F2,3,3,3
PPL,3,1,3
PPM1J,3,3,3
PPP1R12B,3,3,3
PPP1R13B,3,4,5
PPP1R13B-DT,3,3,3
PPP1R14C,3,2,4
PPP1R14D,3,2,3
PPP1R17,3,3,3
PPP1R3A,3,1,3
PPP2R1A,3,3,3
PPP2R3A,3,1,3
PRAM1,3,2,3
PRDM16,3,2,3
PRDM2,3,1,3
PRDM5,3,2,4
PRDX6,3,1,3
PRIMA1,3,1,3
PRKACB,3,1,3
PRR14,3,2,3
PRR29,3,1,3
PRR29-AS1,3,2,3
PRRC2A,3,2,3
PRRT1,3,2,3
PRSS27,3,1,3
PRSS48,3,1,3
PRSS50,3,1,3
PSG4,3,1,3
PSG9,3,2,3
PSMC3IP,3,2,3
PSMC4,3,2,3
PSMD3,3,1,3
PSME1,3,3,3
PSMG3,3,3,3
PSRC1,3,2,3
PTGIR,3,1,3
PTH2R,3,2,3
PTPN20,3,3,3
PTTG1,3,3,3
PURG,3,1,3
PVR,3,2,3
PYGO2,3,1,3
QRICH2,3,2,3
R3HDM2-DT,3,2,3
RAB22A,3,1,3
RAB3IL1,3,1,3
RABGAP1L,3,3,3
RABGGTA,3,1,3
RAD21,3,1,3
RAD51B,3,1,3
RALGAPA2,3,2,3
RARA-AS1,3,1,3
RASA1,3,1,3
RBL1,3,2,4
RBM18,3,1,3
RBP5,3,1,3
RCOR1,3,2,3
RDH11,3,1,3
REEP5,3,2,3
RELL1,3,1,3
REPS1,3,2,3
RER1,3,1,3
RFX5-AS1,3,2,4
RGL2,3,2,4
RGPD8,3,1,3
RHNO1,3,1,3
RIMS4,3,1,3
RIN3,3,1,3
RIPPLY3,3,1,3
RMC1,3,1,3
RNF167,3,1,3
RNF208,3,1,3
RNFT1,3,1,3
RNPEPL1,3,1,3
ROBO4,3,2,3
RPAIN,3,1,3
RPS6KA4,3,1,3
RPSA2,3,1,3
RTF2,3,1,3
RTN4RL1,3,3,3
RTRAF,3,2,3
RUVBL1,3,1,3
S100A13,3,2,3
S100A6,3,2,3
SALL1,3,2,3
SAMSN1,3,2,3
SCML1,3,2,3
SCRIB,3,1,3
SCRN1,3,1,3
SCRT2,3,2,3
SDAD1-AS1,3,1,3
SDC1,3,2,4
SDF2,3,2,3
SDHAF1,3,1,3
SELENON,3,2,3
SEMA4G,3,1,3
SEMA6B,3,2,3
SEMA6C,3,2,3
SEPTIN12,3,1,3
SERTAD4-AS1,3,1,3
SF3A1,3,2,3
SF3B4,3,1,3
SFTA1P,3,2,3
SFTA3,3,2,3
SFXN3,3,1,3
SFXN5,3,1,3
SGCG,3,2,3
SGIP1,3,1,3
SH3KBP1,3,2,3
SHISA4,3,2,3
SHLD2,3,1,3
SHMT1,3,1,3
SHTN1,3,1,3
SIAE,3,1,3
SIKE1,3,2,3
SIM2,3,1,3
SLC13A4,3,1,3
SLC16A7,3,2,3
SLC17A3,3,1,3
SLC25A23,3,1,3
SLC35E4,3,2,3
SLC38A2,3,1,3
SLC39A4,3,1,3
SLC43A2,3,1,3
SLC47A1,3,1,3
SLC47A2,3,1,3
SLC4A7,3,1,3
SLC6A20,3,1,3
SLC9A3-AS1,3,1,3
SLC9A7,3,1,3
SLC9C1,3,2,3
SLCO3A1,3,2,3
SLCO6A1,3,2,3
SLFNL1-AS1,3,1,3
SMCO2,3,1,3
SMCO4,3,4,5
SMIM10L2B-AS1,3,2,3
SMIM30,3,1,3
SMIM9,3,1,3
SMPD3,3,1,3
SMPX,3,1,3
SNAPIN,3,2,3
SNHG9,3,3,3
SNRPA,3,2,3
SNTG2-AS1,3,1,3
SNX9,3,2,3
SORBS2,3,2,3
SOWAHC,3,2,3
SOX12,3,2,3
SP4,3,1,3
SPACA9,3,3,3
SPATA45,3,1,3
SPATA6,3,2,3
SPDYE6,3,1,3
SPSB1,3,1,3
SPTBN1-AS2,3,1,3
SRD5A1,3,2,3
SREBF1,3,2,3
SRP19,3,1,3
SRPX,3,1,3
SRRM2-AS1,3,1,3
SRRM3,3,2,3
SRSF9,3,3,3
SS18L2,3,3,3
SSX2IP,3,2,4
ST13,3,2,3
ST7-AS1,3,2,3
STEAP1B,3,2,3
STEAP1B-AS1,3,1,3
STOML1,3,2,3
STRC,3,1,3
STX1B,3,2,3
STX3,3,2,3
STXBP5,3,2,3
SULF1,3,2,6
SULT1A2,3,2,3
SUMO1,3,3,3
SUPT4H1,3,1,3
SUSD1,3,2,3
SYDE2,3,1,3
SYK,3,1,3
TAF10,3,1,3
TAF13,3,1,3
TAF8,3,1,3
TANK-AS1,3,2,3
TAOK3,3,1,3
TAPT1,3,2,3
TAS2R5,3,2,3
TBC1D20,3,2,3
TBX21,3,1,3
TCEAL1,3,1,3
TCFL5,3,1,3
TDRD3,3,1,3
TEF,3,2,3
TELO2,3,2,3
TEX45,3,2,3
TFAP2A-AS2,3,1,3
TGFBI,3,1,3
THAP11,3,2,3
THAP2,3,1,3
THOC7,3,1,3
THRB-AS1,3,1,3
TICAM2-AS1,3,1,3
TINAG,3,2,3
TM9SF1,3,3,3
TMCC2,3,1,3
TMED4,3,2,3
TMEM11-DT,3,1,3
TMEM115,3,2,3
TMEM120A,3,2,3
TMEM126A,3,1,3
TMEM127,3,1,3
TMEM130,3,1,3
TMEM144,3,2,4
TMEM150A,3,1,3
TMEM150C,3,3,3
TMEM18,3,1,3
TMEM184B,3,1,3
TMEM191C,3,1,3
TMEM220,3,2,3
TMEM229A,3,2,3
TMEM266,3,2,4
TMEM268,3,1,3
TMPO,3,3,3
TNNT1,3,1,3
TNS2-AS1,3,2,3
TPCN2,3,1,3
TPST2,3,2,3
TPTE,3,2,3
TRAF7,3,2,3
TRAIP,3,1,3
TRAPPC2B,3,2,3
TRIB1,3,1,3
TRIM14,3,1,3
TRIM54,3,1,3
TRIM7,3,1,3
TRIM72,3,2,3
TRO,3,1,3
TRPM4,3,1,3
TSC2,3,2,3
TSIX,3,1,3
TSPAN4,3,1,3
TSSC4,3,2,3
TTC39C,3,3,4
TTYH2,3,3,3
TUBA1C,3,1,3
TUBB8B,3,2,3
TUSC2,3,2,3
U2AF2,3,1,3
UACA,3,1,3
UBE2G1,3,1,3
UBE2L6,3,2,3
UBE2M,3,3,3
UBE2T,3,2,3
UBL4A,3,2,3
UBQLN1-AS1,3,1,3
UBQLNL,3,1,3
UEVLD,3,2,4
UNC5B,3,2,3
UPF3B,3,2,3
UPK3BL2,3,1,3
UQCC4,3,1,3
UROS,3,1,3
USE1,3,1,3
USP3-AS1,3,2,3
VARS1,3,2,3
VEGFC,3,1,3
VPS72,3,2,3
VSIG1,3,1,3
VSIG10L,3,2,3
VTCN1,3,2,3
WASHC4,3,2,3
WDPCP,3,1,3
WDR13,3,1,3
WDR27,3,1,3
WDR54,3,2,3
WDR55,3,1,3
WFDC10B,3,2,3
WIPI1,3,1,3
XAB2,3,2,3
XKR8,3,1,3
XNDC1N,3,2,3
YDJC,3,1,3
YIPF5,3,2,3
YPEL2,3,1,3
YPEL5,3,2,3
ZBED1,3,3,3
ZBTB1,3,1,3
ZCRB1,3,2,3
ZDHHC1,3,2,3
ZDHHC12,3,2,3
ZEB1-AS1,3,1,3
ZGRF1,3,1,3
ZIM2,3,1,3
ZMYND8,3,2,3
ZNF205,3,1,3
ZNF213-AS1,3,1,3
ZNF215,3,3,3
ZNF22,3,2,3
ZNF320,3,1,3
ZNF396,3,1,3
ZNF444,3,2,3
ZNF473CR,3,2,3
ZNF496,3,2,3
ZNF513,3,1,3
ZNF527,3,2,3
ZNF552,3,1,3
ZNF560,3,1,3
ZNF581,3,2,3
ZNF622,3,2,3
ZNF695,3,3,3
ZNF707,3,1,3
ZNF765,3,3,3
ZNF844,3,1,3
ZNHIT2,3,1,3
ZNHIT3,3,1,3
ZSCAN2-AS1,3,3,3
AACSP1,2,1,2
AARS1,2,1,2
ABCB8,2,2,2
ABCC1,2,1,2
ABHD16A,2,2,2
ABHD17B,2,1,2
ABHD18,2,1,2
ABHD5,2,1,2
ABITRAM,2,1,2
ABO,2,1,2
ABTB1,2,1,2
ACAP3,2,1,2
ACBD7,2,1,2
ACE2,2,2,2
ACER2,2,2,2
ACOT6,2,1,2
ACOT7,2,1,2
ACSS3,2,1,2
ACTA1,2,1,2
ACTL10,2,2,2
ADAM20P1,2,1,2
ADAM8,2,1,2
ADAMTS16,2,1,2
ADAMTS20,2,1,2
ADCY10P1,2,1,2
ADGRB3-DT,2,1,2
ADGRE2,2,2,2
ADH4,2,2,2
ADIRF,2,2,2
ADPRHL1,2,2,2
AFAP1,2,2,2
AGRN,2,2,2
AGT,2,1,2
AGTR1,2,1,2
AKAP13-AS1,2,1,2
AKR1C3,2,2,2
AKT1S1,2,1,2
ALDH1A1,2,1,2
ALDH9A1,2,1,2
ALDOB,2,1,2
ALG3,2,1,2
ALKAL1,2,1,2
ALKAL2,2,2,2
ALLC,2,1,2
ALMS1,2,1,2
AMDHD2,2,1,2
AMER2,2,2,2
AMT,2,1,2
AMZ1,2,1,2
ANKRD35,2,1,2
ANXA9,2,1,2
AP3M2,2,1,2
AP4E1,2,1,2
APBB1,2,2,2
APBB3,2,2,2
APCDD1,2,2,2
APEX2,2,1,2
APH1B,2,1,2
APOBEC3H,2,2,2
APPBP2-DT,2,1,2
ARAP1,2,1,2
ARCN1,2,1,2
ARF4,2,2,2
ARFIP1,2,1,2
ARHGAP25,2,2,2
ARHGAP26-AS1,2,2,3
ARHGEF1,2,1,2
ARHGEF2,2,1,2
ARHGEF26-AS1,2,1,2
ARHGEF37,2,2,2
ARL3,2,1,2
ARMC2-AS1,2,1,2
ARPC1B,2,1,2
ARPC5L,2,2,2
ARPP19,2,2,2
ARRB1,2,1,2
ARRDC1-AS1,2,1,2
ARSA,2,1,2
ARSD,2,1,2
ART3,2,1,2
ASCL1,2,1,2
ASCL5,2,2,2
ASPHD1,2,1,2
ASTL,2,1,2
ATAT1,2,2,2
ATF3,2,2,2
ATF6B,2,1,2
ATG16L2,2,1,2
ATOSA,2,1,2
ATP10A,2,1,2
ATP10B,2,2,2
ATP11A,2,1,2
ATP13A2,2,2,2
ATP2B2-IT2,2,1,2
ATP8B1,2,2,2
AVPR1B,2,1,2
AZIN2,2,1,2
B3GALT1-AS1,2,1,2
B3GALT5-AS1,2,1,2
B4GALNT1,2,1,2
B4GALT3,2,1,2
B4GALT4,2,1,2
B9D1,2,1,2
BAALC-AS2,2,1,2
BACH1-IT2,2,1,2
BAG6,2,1,2
BAHD1,2,1,2
BBS9,2,2,2
BCKDK,2,2,2
BCL10,2,1,2
BCL2L11,2,2,2
BCL2L14,2,2,2
BCL3,2,1,2
BDH2,2,2,2
BEND2,2,2,2
BHLHE22-AS1,2,1,2
BICDL1,2,2,2
BIRC3,2,1,2
BIRC5,2,2,2
BMP5,2,2,2
BNIP1,2,1,2
BOLA3,2,2,2
BOLA3-DT,2,2,2
BRD3,2,2,2
BRD8,2,2,2
BRWD3,2,1,2
BST1,2,1,2
BTBD19,2,2,2
BTBD6,2,2,2
BTBD8,2,1,2
BTG3-AS1,2,1,2
C11orf58,2,1,2
C16orf87,2,1,2
C16orf95,2,1,2
C17orf99,2,1,2
C18orf21,2,1,2
C19orf47,2,2,2
C2CD2L,2,1,2
C2CD4D-AS1,2,1,2
C2orf66,2,2,2
C2orf74-DT,2,2,2
C2orf92,2,1,2
C3orf22,2,1,2
C5orf47,2,1,2
C7orf50,2,1,2
C8orf34-AS1,2,1,2
C9orf50,2,1,2
CA3-AS1,2,1,2
CAB39L,2,1,2
CABLES1,2,2,2
CABP4,2,1,2
CACNB3,2,1,2
CACNG8,2,2,3
CADM1-AS1,2,1,2
CALHM6,2,2,2
CAPN10,2,1,2
CAPN12,2,1,2
CAPN3,2,2,3
CAPN9,2,1,2
CAPS2,2,1,2
CARD14,2,1,2
CARS1,2,1,2
CASC19,2,1,2
CASC9,2,1,2
CASK,2,1,2
CASP3,2,2,2
CASZ1,2,1,2
CBR1,2,2,2
CBR3,2,1,2
CBX5,2,1,2
CCDC141,2,1,2
CCDC154,2,1,2
CCDC166,2,1,2
CCDC168,2,1,2
CCDC190,2,1,2
CCDC24,2,1,2
CCDC38,2,1,2
CCDC54-AS1,2,2,2
CCDC57,2,1,2
CCDC63,2,2,2
CCDC78,2,1,2
CCM2,2,1,2
CCN3,2,1,2
CCN6,2,1,2
CCNH,2,1,2
CCNQ,2,1,2
CCR6,2,1,2
CD36,2,2,2
CD53,2,1,2
CD68,2,1,2
CD8A,2,2,2
CD99P1,2,2,2
CDC16,2,1,2
CDC25A,2,2,2
CDC25C,2,2,2
CDC42EP3,2,2,2
CDCA3,2,1,2
CDCA4,2,1,2
CDCA8,2,1,2
CDH1,2,2,2
CDH22,2,1,2
CDK18,2,1,2
CDK2,2,2,2
CDKN1C,2,2,2
CEACAM7,2,1,2
CELF2-AS2,2,2,2
CEMP1,2,2,2
CENPT,2,1,2
CEP120,2,2,2
CEP295NL,2,1,2
CEP72,2,1,2
CEP72-DT,2,1,2
CEP83,2,1,2
CERCAM,2,1,2
CFAP119,2,2,2
CFAP20,2,1,2
CFAP298,2,1,2
CFAP410,2,1,2
CFAP418,2,1,2
CFAP418-AS1,2,2,2
CFAP44-AS1,2,1,2
CFAP68,2,2,2
CFAP91,2,2,2
CFAP92,2,2,2
CFHR5,2,1,2
CFL2,2,1,2
CHD6,2,1,2
CHEK1,2,1,2
CHIT1,2,2,2
CHKA-DT,2,1,2
CHKB-DT,2,2,2
CHMP4A,2,2,2
CHODL-AS1,2,1,2
CHRFAM7A,2,1,2
CHRM5,2,2,3
CHST12,2,1,2
CIRBP-AS1,2,1,2
CISTR,2,2,2
CITED2,2,2,2
CLCA3P,2,2,2
CLDN22,2,1,2
CLDN4,2,1,2
CLDND1,2,1,2
CLEC11A,2,2,2
CLIC1,2,1,2
CLIP4,2,1,2
CLPTM1L,2,1,2
CLXN,2,2,2
CMTM8,2,2,2
CNBD1,2,1,2
CNN2,2,1,2
CNN3-DT,2,1,2
COA6,2,2,2
COASY,2,2,2
COL17A1,2,1,2
COL4A5,2,1,2
COL4A6,2,2,2
COLEC12,2,1,2
COMT,2,2,2
COPB2-DT,2,1,2
COQ2,2,2,2
COQ7,2,2,2
COQ8B,2,1,2
COX10-DT,2,1,2
COX16,2,2,2
COX19,2,1,2
CPEB4,2,1,2
CPLX1,2,2,3
CPT1B,2,1,2
CR1L,2,2,2
CRACR2B,2,1,2
CRB2,2,1,2
CRHBP,2,1,2
CRIM1-DT,2,1,2
CRISPLD1,2,2,2
CRLF1,2,2,2
CRLF3,2,2,2
CRMP1,2,1,2
CRYBB2P1,2,2,2
CRYGA,2,1,2
CRYL1,2,2,2
CSKMT,2,2,2
CSTF2T,2,2,2
CTDP1-DT,2,1,2
CTF1,2,1,2
CTSB,2,2,2
CTU1,2,1,2
CTU2,2,1,2
CTXN3,2,1,2
CXXC1,2,2,2
CYB5A,2,1,2
CYB5D1,2,1,2
CYP2E1,2,2,2
DAAM2-AS1,2,1,2
DAB2IP,2,1,2
DAPK1-IT1,2,2,2
DAXX,2,2,2
DBNDD1,2,2,2
DBNDD2,2,1,2
DCLRE1B,2,1,2
DCT,2,1,2
DDIT3,2,2,2
DDX25,2,1,2
DDX53,2,2,2
DECR1,2,1,2
DEDD,2,1,2
DEFB108B,2,1,2
DENND1A,2,1,2
DENND1B,2,2,2
DENND4A,2,1,2
DENND6A-AS1,2,2,2
DEUP1,2,1,2
DFFB,2,1,2
DGUOK-AS1,2,1,2
DHRS7,2,2,2
DHRSX-IT1,2,1,2
DHX38,2,1,2
DIAPH1-AS1,2,1,2
DIRAS3,2,2,2
DISP2,2,2,2
DLL1,2,1,2
DM1-AS,2,1,2
DMAC2,2,2,2
DMRTA2,2,1,2
DNAH10,2,2,2
DNAJA3,2,1,2
DNAJB1,2,1,2
DNAJB5-DT,2,2,2
DNAJB9,2,2,2
DNAJC24,2,1,2
DNAJC28,2,1,2
DNAJC5G,2,1,2
DNASE1L3,2,1,2
DNTTIP2,2,1,2
DOCK3,2,1,2
DOCK9-AS1,2,2,2
DOK3,2,1,2
DOK4,2,1,2
DOP1B,2,1,2
DPM2,2,1,2
DPP9,2,1,2
DPYSL5,2,1,2
DRC1,2,2,2
DSC2,2,1,2
DTNB-AS1,2,1,2
DUBR,2,2,2
DUSP22,2,1,2
DUSP23,2,1,2
DUSP5,2,1,2
DUSP9,2,1,2
DVL3,2,1,2
DYDC2,2,1,2
DYRK1A,2,2,2
DYRK2,2,1,2
E2F1,2,1,2
E2F4,2,1,2
ECI1,2,2,2
ECT2,2,1,2
EEF2KMT,2,1,2
EFCAB11,2,1,2
EFCAB5,2,1,2
EFEMP1,2,2,2
EIF1AY,2,2,2
EIF4E2,2,1,2
EIF5-DT,2,1,2
EIPR1,2,2,2
ELAVL4-AS1,2,1,2
ELFN2.1,2,1,2
ELK3,2,2,2
ELOVL1,2,1,2
EMC9,2,1,2
EMP1,2,1,2
ENAH,2,1,2
ENKD1,2,1,2
ENO1-AS1,2,1,2
ENPP4,2,1,2
ENSG00000177699,2,2,2
ENSG00000179253,2,1,2
ENSG00000187229,2,2,2
ENSG00000196566,2,1,2
ENSG00000203472,2,2,2
ENSG00000203987,2,2,2
ENSG00000204398,2,1,2
ENSG00000213963,2,1,2
ENSG00000214546,2,1,2
ENSG00000222007,2,2,2
ENSG00000222044,2,1,2
ENSG00000223563,2,1,2
ENSG00000223751,2,1,2
ENSG00000223947,2,2,2
ENSG00000224478,2,1,2
ENSG00000224541,2,1,2
ENSG00000224612,2,1,2
ENSG00000224713,2,1,2
ENSG00000224865,2,2,2
ENSG00000224945,2,1,2
ENSG00000224985,2,1,2
ENSG00000225233,2,1,2
ENSG00000225420,2,1,2
ENSG00000225563,2,1,2
ENSG00000225605,2,1,2
ENSG00000225703,2,2,2
ENSG00000225751,2,2,2
ENSG00000226465,2,2,2
ENSG00000226576,2,1,2
ENSG00000226644,2,1,2
ENSG00000226764,2,1,2
ENSG00000226816,2,1,2
ENSG00000226849,2,2,2
ENSG00000226854,2,2,2
ENSG00000226877,2,1,2
ENSG00000227006,2,1,2
ENSG00000227017,2,2,2
ENSG00000227042,2,2,2
ENSG00000227330,2,1,2
ENSG00000227683,2,1,2
ENSG00000227741,2,1,2
ENSG00000228044,2,2,2
ENSG00000228467,2,1,2
ENSG00000228505,2,1,2
ENSG00000229321,2,1,2
ENSG00000229425,2,1,2
ENSG00000230074,2,1,2
ENSG00000230190,2,1,2
ENSG00000230226,2,1,2
ENSG00000230432,2,1,2
ENSG00000230615,2,1,2
ENSG00000230696,2,1,2
ENSG00000230746,2,1,2
ENSG00000230782,2,1,2
ENSG00000230815,2,2,2
ENSG00000231212,2,1,2
ENSG00000231329,2,1,2
ENSG00000231401,2,1,2
ENSG00000231460,2,1,2
ENSG00000231496,2,1,2
ENSG00000231698,2,1,2
ENSG00000231781,2,1,2
ENSG00000231856,2,2,2
ENSG00000231955,2,1,2
ENSG00000231980,2,1,2
ENSG00000232006,2,1,2
ENSG00000232063,2,1,2
ENSG00000232494,2,1,2
ENSG00000232500,2,1,2
ENSG00000232524,2,1,2
ENSG00000233081,2,1,2
ENSG00000233099,2,2,2
ENSG00000233420,2,2,2
ENSG00000233461,2,1,2
ENSG00000233891,2,1,2
ENSG00000234160,2,1,2
ENSG00000234378,2,1,2
ENSG00000234758,2,1,2
ENSG00000234793,2,1,2
ENSG00000234961,2,1,2
ENSG00000235021,2,2,2
ENSG00000235431,2,1,2
ENSG00000235538,2,2,2
ENSG00000235575,2,1,2
ENSG00000235819,2,1,2
ENSG00000235843,2,1,2
ENSG00000236390,2,1,2
ENSG00000236514,2,2,2
ENSG00000236989,2,1,2
ENSG00000237359,2,1,2
ENSG00000237655,2,1,2
ENSG00000237768,2,2,2
ENSG00000237813,2,2,2
ENSG00000238142,2,1,2
ENSG00000240033,2,1,2
ENSG00000240240,2,1,2
ENSG00000240291,2,1,2
ENSG00000240710,2,1,2
ENSG00000241772,2,1,2
ENSG00000241954,2,1,2
ENSG00000242282,2,1,2
ENSG00000242578,2,1,2
ENSG00000242753,2,1,2
ENSG00000243613,2,1,2
ENSG00000244268,2,1,2
ENSG00000246465,2,1,2
ENSG00000247121,2,1,2
ENSG00000248015,2,1,2
ENSG00000248176,2,1,2
ENSG00000248245,2,1,2
ENSG00000248254,2,2,2
ENSG00000248356,2,1,2
ENSG00000248468,2,1,2
ENSG00000248484,2,1,2
ENSG00000248514,2,2,2
ENSG00000248516,2,1,2
ENSG00000248540,2,1,2
ENSG00000248733,2,1,2
ENSG00000248839,2,1,2
ENSG00000249036,2,1,2
ENSG00000249175,2,1,2
ENSG00000249236,2,1,2
ENSG00000249341,2,1,2
ENSG00000249547,2,1,2
ENSG00000249602,2,1,2
ENSG00000249771,2,1,2
ENSG00000249818,2,1,2
ENSG00000249875,2,1,2
ENSG00000250240,2,2,2
ENSG00000250604,2,2,2
ENSG00000250643,2,2,2
ENSG00000250764,2,1,2
ENSG00000250855,2,1,2
ENSG00000250999,2,1,2
ENSG00000251054,2,2,2
ENSG00000251309,2,1,2
ENSG00000251423,2,1,2
ENSG00000253184,2,1,2
ENSG00000253256,2,1,2
ENSG00000253369,2,2,2
ENSG00000253515,2,2,3
ENSG00000253613,2,1,2
ENSG00000253634,2,2,2
ENSG00000253713,2,1,2
ENSG00000253854,2,1,2
ENSG00000253925,2,2,2
ENSG00000254057,2,1,2
ENSG00000254089,2,1,2
ENSG00000254138,2,1,2
ENSG00000254361,2,2,2
ENSG00000254526,2,1,2
ENSG00000254559,2,2,2
ENSG00000254563,2,1,2
ENSG00000254573,2,1,2
ENSG00000254599,2,1,2
ENSG00000254898,2,1,2
ENSG00000255027,2,1,2
ENSG00000255108,2,1,2
ENSG00000255314,2,1,2
ENSG00000255366,2,1,2
ENSG00000255829,2,1,2
ENSG00000255886,2,1,2
ENSG00000256196,2,1,2
ENSG00000256218,2,1,2
ENSG00000256237,2,2,2
ENSG00000256482,2,1,2
ENSG00000256504,2,1,2
ENSG00000256686,2,2,2
ENSG00000256694,2,1,2
ENSG00000256982,2,1,2
ENSG00000257000,2,1,2
ENSG00000257120,2,1,2
ENSG00000257181,2,1,2
ENSG00000257239,2,2,2
ENSG00000257474,2,2,2
ENSG00000257494,2,1,2
ENSG00000257545,2,1,2
ENSG00000257647,2,2,2
ENSG00000257711,2,1,2
ENSG00000257764,2,1,2
ENSG00000257769,2,2,2
ENSG00000257829,2,1,2
ENSG00000257879,2,1,2
ENSG00000258302,2,3,3
ENSG00000258416,2,2,2
ENSG00000258437,2,1,2
ENSG00000258558,2,1,2
ENSG00000258601,2,1,2
ENSG00000258696,2,1,2
ENSG00000258751,2,1,2
ENSG00000258807,2,1,2
ENSG00000258837,2,1,2
ENSG00000258903,2,2,2
ENSG00000259039,2,2,3
ENSG00000259088,2,1,2
ENSG00000259202,2,2,2
ENSG00000259287,2,1,2
ENSG00000259321,2,1,2
ENSG00000259553,2,2,2
ENSG00000259604,2,3,3
ENSG00000259620,2,1,2
ENSG00000259675,2,1,2
ENSG00000259732,2,1,2
ENSG00000259807,2,1,2
ENSG00000260000,2,1,2
ENSG00000260084,2,1,2
ENSG00000260100,2,1,2
ENSG00000260163,2,1,2
ENSG00000260190,2,2,2
ENSG00000260194,2,1,2
ENSG00000260198,2,1,2
ENSG00000260555,2,1,2
ENSG00000260633,2,1,2
ENSG00000260721,2,1,2
ENSG00000260755,2,1,2
ENSG00000260832,2,1,2
ENSG00000260970,2,2,2
ENSG00000260995,2,1,2
ENSG00000260999,2,2,2
ENSG00000261113,2,1,2
ENSG00000261135,2,1,2
ENSG00000261177,2,1,2
ENSG00000261357,2,2,2
ENSG00000261436,2,1,2
ENSG00000261478,2,2,2
ENSG00000261592,2,2,2
ENSG00000261629,2,2,2
ENSG00000261723,2,1,2
ENSG00000261842,2,1,2
ENSG00000262133,2,1,2
ENSG00000262202,2,1,2
ENSG00000262213,2,1,2
ENSG00000262712,2,1,2
ENSG00000263164,2,2,2
ENSG00000263300,2,2,2
ENSG00000263477,2,1,2
ENSG00000263624,2,2,2
ENSG00000263797,2,1,2
ENSG00000263859,2,1,2
ENSG00000263916,2,1,2
ENSG00000264000,2,1,2
ENSG00000264207,2,1,2
ENSG00000264365,2,1,2
ENSG00000264449,2,2,2
ENSG00000264673,2,1,2
ENSG00000264808,2,2,2
ENSG00000264895,2,1,2
ENSG00000264924,2,1,2
ENSG00000264982,2,2,2
ENSG00000265179,2,1,2
ENSG00000265254,2,2,2
ENSG00000265750,2,2,2
ENSG00000265791,2,1,2
ENSG00000265907,2,2,2
ENSG00000266002,2,2,2
ENSG00000266371,2,1,2
ENSG00000266651,2,1,2
ENSG00000266654,2,1,2
ENSG00000267000,2,2,2
ENSG00000267015,2,1,2
ENSG00000267051,2,1,2
ENSG00000267054,2,1,2
ENSG00000267109,2,1,2
ENSG00000267150,2,1,2
ENSG00000267320,2,1,2
ENSG00000267379,2,1,2
ENSG00000267401,2,1,2
ENSG00000267436,2,1,2
ENSG00000267491,2,2,2
ENSG00000267546,2,1,2
ENSG00000267672,2,1,2
ENSG00000267734,2,2,2
ENSG00000267760,2,2,2
ENSG00000267784,2,2,2
ENSG00000268157,2,2,2
ENSG00000268203,2,1,2
ENSG00000268266,2,1,2
ENSG00000269068,2,1,2
ENSG00000269707,2,1,2
ENSG00000269915,2,1,2
ENSG00000269938,2,1,2
ENSG00000270050,2,2,2
ENSG00000270108,2,1,2
ENSG00000270760,2,1,2
ENSG00000271228,2,1,2
ENSG00000271401,2,2,2
ENSG00000271717,2,1,2
ENSG00000271761,2,1,2
ENSG00000271858,2,1,2
ENSG00000271937,2,1,2
ENSG00000271947,2,1,2
ENSG00000271955,2,1,2
ENSG00000271967,2,1,2
ENSG00000272128,2,1,2
ENSG00000272130,2,1,2
ENSG00000272148,2,2,2
ENSG00000272159,2,1,2
ENSG00000272320,2,1,2
ENSG00000272356,2,1,2
ENSG00000272379,2,1,2
ENSG00000272426,2,1,2
ENSG00000272501,2,2,2
ENSG00000272515,2,2,2
ENSG00000272540,2,1,2
ENSG00000272678,2,1,2
ENSG00000272855,2,2,2
ENSG00000272871,2,1,2
ENSG00000272948,2,1,2
ENSG00000272973,2,1,2
ENSG00000272990,2,1,2
ENSG00000273058,2,1,2
ENSG00000273108,2,1,2
ENSG00000273456,2,2,2
ENSG00000273557,2,2,2
ENSG00000273691,2,1,2
ENSG00000273748,2,2,3
ENSG00000273828,2,1,2
ENSG00000273855,2,1,2
ENSG00000273906,2,1,2
ENSG00000274184,2,1,2
ENSG00000274340,2,1,2
ENSG00000274367,2,1,2
ENSG00000274441,2,1,2
ENSG00000274929,2,1,2
ENSG00000274993,2,1,2
ENSG00000275389,2,1,2
ENSG00000275457,2,1,2
ENSG00000275569,2,2,2
ENSG00000275805,2,1,2
ENSG00000275846,2,1,2
ENSG00000275927,2,1,2
ENSG00000276174,2,1,2
ENSG00000276256,2,1,2
ENSG00000276308,2,1,2
ENSG00000276412,2,1,2
ENSG00000276724,2,1,2
ENSG00000276850,2,2,2
ENSG00000277047,2,2,2
ENSG00000277301,2,1,2
ENSG00000277744,2,1,2
ENSG00000277782,2,1,2
ENSG00000277801,2,1,2
ENSG00000277954,2,1,2
ENSG00000277978,2,1,2
ENSG00000278002,2,2,2
ENSG00000278022,2,1,2
ENSG00000278071,2,1,2
ENSG00000278376,2,1,2
ENSG00000278532,2,2,3
ENSG00000278713,2,1,2
ENSG00000278847,2,2,2
ENSG00000279159,2,1,2
ENSG00000279217,2,1,2
ENSG00000279442,2,1,2
ENSG00000279467,2,2,2
ENSG00000279571,2,1,2
ENSG00000280336,2,1,2
ENSG00000280341,2,2,2
ENSG00000280434,2,2,2
ENSG00000281016,2,1,2
ENSG00000282740,2,2,2
ENSG00000283696,2,1,2
ENSG00000283907,2,1,2
ENSG00000284377,2,1,2
ENSG00000284954,2,2,2
ENSG00000284999,2,2,2
ENSG00000285541,2,1,2
ENSG00000285549,2,2,2
ENSG00000285567,2,2,2
ENSG00000285575,2,2,2
ENSG00000285603,2,1,2
ENSG00000285606,2,1,2
ENSG00000285638,2,1,2
ENSG00000285639,2,1,2
ENSG00000285668,2,1,2
ENSG00000285704,2,1,2
ENSG00000285724,2,1,2
ENSG00000285736,2,1,2
ENSG00000285754,2,1,2
ENSG00000285907,2,2,2
ENSG00000285909,2,2,2
ENSG00000285922,2,1,2
ENSG00000285939,2,2,2
ENSG00000285948,2,1,2
ENSG00000285984,2,1,2
ENSG00000285999,2,1,2
ENSG00000286004,2,2,2
ENSG00000286023,2,1,2
ENSG00000286033,2,1,2
ENSG00000286115,2,1,2
ENSG00000286159,2,1,2
ENSG00000286160,2,1,2
ENSG00000286206,2,1,2
ENSG00000286232,2,2,2
ENSG00000286253,2,1,2
ENSG00000286266,2,1,2
ENSG00000286279,2,2,2
ENSG00000286286,2,1,2
ENSG00000286371,2,2,2
ENSG00000286430,2,1,2
ENSG00000286432,2,1,2
ENSG00000286472,2,1,2
ENSG00000286533,2,1,2
ENSG00000286548,2,2,2
ENSG00000286550,2,1,2
ENSG00000286599,2,1,2
ENSG00000286618,2,1,2
ENSG00000286643,2,1,2
ENSG00000286707,2,1,2
ENSG00000286717,2,2,2
ENSG00000286747,2,1,2
ENSG00000286751,2,1,2
ENSG00000286781,2,1,2
ENSG00000286799,2,1,2
ENSG00000286802,2,2,2
ENSG00000286816,2,1,2
ENSG00000286833,2,2,2
ENSG00000286835,2,1,2
ENSG00000286860,2,1,2
ENSG00000286879,2,1,2
ENSG00000286907,2,2,2
ENSG00000286909,2,2,2
ENSG00000286948,2,2,2
ENSG00000286952,2,1,2
ENSG00000286979,2,1,2
ENSG00000287005,2,1,2
ENSG00000287012,2,2,2
ENSG00000287016,2,2,2
ENSG00000287033,2,2,2
ENSG00000287054,2,1,2
ENSG00000287118,2,2,2
ENSG00000287130,2,1,2
ENSG00000287149,2,2,3
ENSG00000287189,2,1,2
ENSG00000287256,2,1,2
ENSG00000287265,2,2,2
ENSG00000287279,2,1,2
ENSG00000287306,2,2,2
ENSG00000287309,2,1,2
ENSG00000287311,2,2,2
ENSG00000287335,2,1,2
ENSG00000287336,2,1,2
ENSG00000287358,2,1,2
ENSG00000287368,2,1,2
ENSG00000287372,2,1,2
ENSG00000287383,2,1,2
ENSG00000287398,2,1,2
ENSG00000287430,2,2,2
ENSG00000287437,2,1,2
ENSG00000287449,2,1,2
ENSG00000287463,2,2,2
ENSG00000287475,2,2,2
ENSG00000287552,2,2,2
ENSG00000287594,2,1,2
ENSG00000287598,2,1,2
ENSG00000287646,2,1,2
ENSG00000287676,2,1,2
ENSG00000287677,2,1,2
ENSG00000287687,2,1,2
ENSG00000287697,2,1,2
ENSG00000287713,2,2,2
ENSG00000287724,2,2,2
ENSG00000287729,2,2,2
ENSG00000287733,2,1,2
ENSG00000287743,2,1,2
ENSG00000287776,2,1,2
ENSG00000287778,2,2,2
ENSG00000287805,2,2,2
ENSG00000287830,2,1,2
ENSG00000287842,2,1,2
ENSG00000287860,2,2,2
ENSG00000287870,2,1,2
ENSG00000287872,2,2,3
ENSG00000287875,2,1,2
ENSG00000287891,2,1,2
ENSG00000287898,2,1,2
ENSG00000287904,2,1,2
ENSG00000287922,2,2,2
ENSG00000287945,2,1,2
ENSG00000287971,2,1,2
ENSG00000288041,2,1,2
ENSG00000288042,2,2,2
ENSG00000288056,2,1,2
ENSG00000288065,2,2,2
ENSG00000288066,2,1,2
ENSG00000288102,2,1,2
ENSG00000288106,2,1,2
ENSG00000288110,2,1,2
ENSG00000288321,2,1,2
ENSG00000288583,2,2,2
ENSG00000288746,2,2,2
ENSG00000288762,2,1,2
ENSG00000288766,2,1,2
ENSG00000288803,2,1,2
ENSG00000288817,2,1,2
ENSG00000288852,2,1,2
ENSG00000288897,2,1,2
ENSG00000288934,2,2,2
ENSG00000288952,2,1,2
ENSG00000288958,2,2,2
ENSG00000288976,2,1,2
ENSG00000288986,2,1,2
ENSG00000289047,2,1,2
ENSG00000289059,2,1,2
ENSG00000289081,2,1,2
ENSG00000289082,2,2,2
ENSG00000289095,2,2,2
ENSG00000289125,2,1,2
ENSG00000289126,2,1,2
ENSG00000289197,2,1,2
ENSG00000289209,2,1,2
ENSG00000289216,2,1,2
ENSG00000289251,2,1,2
ENSG00000289254,2,2,2
ENSG00000289256,2,1,2
ENSG00000289264,2,2,2
ENSG00000289276,2,2,2
ENSG00000289280,2,2,2
ENSG00000289318,2,1,2
ENSG00000289396,2,1,2
ENSG00000289468,2,2,2
ENSG00000289496,2,2,2
ENSG00000289498,2,1,2
ENSG00000289516,2,1,2
ENSG00000289521,2,1,2
ENSG00000289586,2,2,2
ENSG00000289689,2,2,2
ENSG00000289827,2,1,2
ENSG00000289866,2,1,2
ENSG00000289868,2,2,2
ENSG00000289890,2,1,2
ENSG00000290020,2,2,2
ENSG00000290039,2,2,2
ENSG00000290040,2,1,2
ENSG00000290076,2,1,2
ENSG00000290095,2,1,2
ENSG00000290357,2,1,2
ENSG00000290366,2,1,2
ENSG00000290430,2,1,2
ENSG00000290441,2,2,2
ENSG00000290453,2,1,2
ENSG00000290476,2,2,2
ENSG00000290523,2,2,2
ENSG00000290548,2,1,2
ENSG00000290560,2,1,2
ENSG00000290568,2,1,2
ENSG00000290659,2,1,2
ENSG00000290677,2,1,2
ENSG00000290717,2,2,2
ENSG00000290778,2,1,2
ENSG00000290835,2,1,2
ENSG00000290901,2,1,2
ENSG00000290971,2,1,2
ENSG00000290999,2,1,2
ENSG00000291003,2,2,2
ENSG00000291013,2,1,2
ENSG00000291038,2,1,2
ENSG00000291048,2,2,2
ENSG00000291068,2,2,2
ENSG00000291100,2,2,2
ENSG00000291232,2,2,2
ENSG00000291234,2,2,2
ENSG00000291289,2,1,2
ENSG00000291325,2,2,2
ENTHD1,2,1,2
ENTPD7,2,1,2
ENTREP3,2,2,2
ENY2,2,2,2
EOLA1,2,1,2
EPAS1,2,2,2
EPC1,2,1,2
EPHB2,2,2,2
EPHX1,2,1,2
EPHX4,2,1,2
EPRS1,2,1,2
ERAP2,2,1,2
ERBB2,2,2,2
ESAM-AS1,2,1,2
ETHE1,2,2,2
ETNK1-DT,2,1,2
EVI2A,2,1,2
EXD1,2,1,2
EXOC3,2,1,2
EXT1,2,1,2
EZH2,2,2,2
F11-AS1,2,1,2
F2,2,2,2
F2RL3,2,1,2
F7,2,2,2
F8A1,2,1,2
FA2H,2,2,2
FADS3,2,1,2
FAM111A-DT,2,1,2
FAM114A1,2,1,2
FAM131A,2,1,2
FAM13C,2,1,2
FAM151A,2,1,2
FAM168A,2,1,2
FAM174A,2,1,2
FAM209A,2,2,2
FAM222B,2,1,2
FAM229B,2,2,2
FAM230I,2,1,2
FAM234A,2,1,2
FAM241B,2,2,2
FAM245B,2,2,2
FAM50A,2,1,2
FAM53C,2,1,2
FAM66D,2,2,2
FAM76A,2,1,2
FAM9C,2,1,2
FANCL,2,1,2
FAXDC2,2,1,2
FBLN1,2,1,2
FBXL14,2,1,2
FBXL20,2,1,2
FBXL5,2,1,2
FBXO46,2,1,2
FBXW9,2,1,2
FCGBP,2,2,2
FCHO2,2,2,2
FER1L6-AS1,2,1,2
FEZ2,2,1,2
FGD3,2,2,3
FGD4,2,1,2
FGD5P1,2,1,2
FGF14-IT1,2,1,2
FHOD3,2,1,2
FKBP4,2,2,2
FLJ12825,2,1,2
FLNB,2,2,2
FLT3LG,2,2,2
FLVCR1-DT,2,1,2
FLYWCH2,2,2,2
FMN2,2,1,2
FOLH1,2,2,2
FOXH1,2,1,2
FOXN3-AS2,2,1,2
FOXP3,2,1,2
FREM3,2,1,2
FRY-AS1,2,1,2
FRZB,2,2,2
FTSJ1,2,1,2
FUS,2,2,2
FYB1,2,1,2
FYTTD1,2,2,2
FZD9,2,1,2
GABPB1,2,2,2
GABRA3,2,2,2
GADD45A,2,1,2
GAGE10,2,2,2
GALNT9,2,2,2
GALR3,2,1,2
GAS5-AS1,2,1,2
GATA4,2,2,2
GAU1,2,1,2
GCAT,2,1,2
GDAP1,2,1,2
GDF10,2,1,2
GEMIN7,2,1,2
GEMIN7-AS1,2,1,2
GFER,2,1,2
GFI1B,2,1,2
GFRAL,2,1,2
GFUS,2,1,2
GHRH,2,2,2
GINS1,2,1,2
GIT1,2,2,2
GLG1,2,2,3
GLIS3-AS1,2,2,2
GLO1,2,1,2
GNAI3,2,1,2
GNG5B,2,1,2
GNL1,2,1,2
GOLGA6L7,2,2,2
GOLGA8N,2,2,2
GOLGA8T,2,1,2
GOSR2-DT,2,2,2
GP6-AS1,2,1,2
GPA33,2,1,2
GPATCH11,2,1,2
GPC1,2,1,2
GPC5-AS1,2,2,2
GPLD1,2,2,2
GPR137B,2,1,2
GPR179,2,2,3
GPR183,2,1,2
GPRC5C,2,2,2
GPSM1,2,1,2
GRAP2,2,1,2
GRIA3,2,2,2
GRK2,2,1,2
GRK4,2,1,2
GRK7,2,1,2
GRPEL1,2,2,2
GRXCR1,2,1,2
GSKIP,2,1,2
GSTK1,2,1,2
GTF2F1,2,1,2
GTF2I-AS1,2,1,2
GTF2IRD1,2,1,2
GUSBP2,2,2,2
GYG2,2,2,2
GYPC,2,1,2
H2AJ,2,1,2
H2BC4,2,2,2
H2BC5,2,2,2
H2BC7,2,1,2
HAPLN1,2,1,2
HAUS7,2,1,2
HBA1,2,2,2
HCCS-DT,2,1,2
HCG25,2,1,2
HCLS1,2,1,2
HDAC9-AS1,2,1,2
HDDC3,2,1,2
HEBP1,2,1,2
HECW1-IT1,2,1,2
HELZ-AS1,2,2,2
HENMT1,2,1,2
HIF1A-AS3,2,1,2
HIF3A,2,2,2
HIPK1-AS1,2,2,2
HLA-C,2,2,2
HLX-AS1,2,1,2
HMCN2,2,1,2
HMGN3-AS1,2,1,2
HMOX2,2,1,2
HNRNPA3,2,2,2
HORMAD1,2,2,2
HPF1,2,1,2
HPGDS,2,1,2
HPS6,2,1,2
HRH3,2,1,2
HSD11B1L,2,1,2
HSPA4,2,2,2
HSPA9,2,2,2
HUS1B,2,1,2
HYAL3,2,1,2
HYI,2,1,2
HYOU1,2,1,2
HYPK,2,1,2
ICA1L,2,1,2
ICMT,2,2,2
IER3IP1,2,1,2
IFI44L,2,1,2
IGFL2,2,1,2
IGSF11-AS1,2,1,2
IGSF3,2,2,2
IKBKE,2,2,2
IKZF3,2,1,2
IL10RA,2,2,2
IL11,2,1,2
IL17B,2,1,2
IL17REL,2,1,2
IL33,2,2,2
IL3RA,2,1,2
IL6R,2,1,2
ILF3,2,1,2
INAVA,2,2,2
INF2,2,2,2
INKA2-AS1,2,1,2
INSM1,2,2,2
INTS1,2,2,2
INTS3,2,1,2
INTS7,2,1,2
IPO4,2,1,2
IQCH,2,1,2
IQCH-AS1,2,1,2
IQSEC2,2,1,2
IRAG1,2,2,2
IRF7,2,1,2
ISG15,2,1,2
ITCH-AS1,2,1,2
ITGA2,2,1,2
ITGA2-AS1,2,1,2
IVNS1ABP,2,1,2
JAKMIP2-AS1,2,1,2
JAM3,2,2,2
JOSD1,2,2,2
KARS1,2,2,2
KBTBD4,2,2,2
KCNA2,2,2,2
KCNE1,2,2,2
KCNH2,2,1,2
KCNH3,2,1,2
KCNIP2,2,1,2
KCNJ10,2,1,2
KCNK10,2,2,2
KCNK13,2,2,2
KCNQ1OT1,2,1,2
KCNRG,2,2,2
KCTD11,2,1,2
KDM5C-IT1,2,2,2
KIAA0040,2,1,2
KIAA1614-AS1,2,2,2
KIAA2012,2,2,2
KIAA2013,2,2,2
KIF12,2,2,2
KIF23-AS1,2,1,2
KLHDC1,2,2,2
KLHL15,2,1,2
KLHL34,2,2,2
KLHL7-DT,2,1,2
KLLN,2,1,2
KLRF1,2,2,2
KMT2B,2,1,2
KPNB1,2,2,2
KRR1,2,2,2
KRT86,2,1,2
KYAT3,2,2,2
LAMA5,2,1,2
LAMP1,2,1,2
LARP6,2,2,2
LATS2,2,1,2
LCOR,2,1,2
LDAH,2,1,2
LDB1,2,1,2
LEMD3,2,2,2
LENG1,2,1,2
LEPR,2,1,2
LGR6,2,2,2
LIG1,2,1,2
LIMD1-AS1,2,1,2
LIMK1,2,1,2
LIN28A,2,1,2
LIN28B-AS1,2,2,3
LIN7C,2,1,2
LINC00032,2,2,2
LINC00240,2,2,2
LINC00320,2,1,2
LINC00327,2,2,2
LINC00498,2,1,2
LINC00519,2,1,2
LINC00544,2,1,2
LINC00571,2,2,2
LINC00595,2,2,2
LINC00620,2,2,3
LINC00624,2,1,2
LINC00640,2,1,2
LINC00648,2,1,2
LINC00662,2,1,2
LINC00844,2,1,2
LINC00862,2,2,2
LINC00867,2,2,2
LINC00879,2,1,2
LINC00888,2,2,2
LINC00924,2,2,2
LINC00958,2,2,2
LINC01018,2,1,2
LINC01035,2,1,2
LINC01100,2,1,2
LINC01103,2,2,2
LINC01114,2,1,2
LINC01122,2,2,2
LINC01140,2,1,2
LINC01152,2,1,2
LINC01163,2,1,2
LINC01166,2,1,2
LINC01204,2,2,2
LINC01229,2,2,2
LINC01241,2,2,2
LINC01291,2,1,2
LINC01310,2,2,2
LINC01337,2,1,2
LINC01341,2,1,2
LINC01350,2,1,2
LINC01374,2,2,2
LINC01392,2,1,2
LINC01411,2,1,2
LINC01415,2,1,2
LINC01476,2,2,2
LINC01495,2,2,2
LINC01516,2,1,2
LINC01517,2,1,2
LINC01521,2,1,2
LINC01535,2,1,2
LINC01545,2,1,2
LINC01561,2,1,2
LINC01563,2,2,3
LINC01580,2,1,2
LINC01618,2,2,2
LINC01637,2,1,2
LINC01649,2,1,2
LINC01682,2,1,2
LINC01692,2,1,2
LINC01697,2,1,2
LINC01856,2,1,2
LINC01880,2,1,2
LINC01884,2,2,2
LINC01899,2,1,2
LINC01903,2,2,2
LINC01905,2,1,2
LINC01947,2,2,2
LINC01954,2,2,2
LINC02027,2,1,2
LINC02030,2,2,2
LINC02053,2,1,2
LINC02056,2,1,2
LINC02073,2,1,2
LINC02092,2,1,2
LINC02112,2,2,2
LINC02119,2,1,2
LINC02137,2,1,2
LINC02153,2,2,3
LINC02161,2,1,2
LINC02188,2,1,2
LINC02211,2,1,2
LINC02231,2,1,2
LINC02240,2,2,2
LINC02269,2,1,2
LINC02277,2,1,2
LINC02282,2,2,2
LINC02327,2,2,2
LINC02363,2,1,2
LINC02405,2,2,2
LINC02439,2,2,2
LINC02446,2,1,2
LINC02484,2,1,2
LINC02500,2,1,2
LINC02516,2,2,2
LINC02532,2,2,2
LINC02546,2,1,2
LINC02552,2,2,2
LINC02558,2,1,2
LINC02603,2,1,2
LINC02608,2,1,2
LINC02642,2,1,2
LINC02655,2,1,2
LINC02661,2,1,2
LINC02693,2,2,2
LINC02726,2,2,2
LINC02743,2,2,2
LINC02762,2,2,2
LINC02791,2,1,2
LINC02804,2,2,2
LINC02826,2,2,2
LINC02863,2,1,2
LINC02894,2,1,2
LINC02901,2,1,2
LINC02941,2,2,2
LINC02960,2,1,2
LINC02974,2,2,2
LINC02980,2,1,2
LINC03011,2,1,2
LINC03060,2,1,2
LINC03062,2,1,2
LINC03066,2,1,2
LINC03069,2,1,2
LMNB2,2,1,2
LMO7-AS1,2,1,2
LNCARSR,2,1,2
LORICRIN,2,2,2
LOXHD1,2,2,2
LPAR5,2,2,2
LPCAT1,2,2,2
LPP-AS2,2,1,2
LRFN1,2,1,2
LRFN3,2,1,2
LRIT3,2,1,2
LRP2BP,2,1,2
LRRC20,2,2,2
LRRC3,2,2,2
LRRC37A,2,1,2
LRRC37A3,2,1,2
LRRC75B,2,1,2
LRRC9,2,1,2
LRRIQ4,2,1,2
LRRK2,2,2,2
LRRN4,2,2,2
LSM11,2,2,2
LSM5,2,2,2
LSM6,2,2,2
LTBR,2,1,2
LXN,2,1,2
LYPD6,2,1,2
LYPLA2,2,1,2
LYSMD1,2,1,2
LZTS1-AS1,2,1,2
MACC1,2,1,2
MACROD2-IT1,2,1,2
MAD2L1,2,2,2
MAD2L2,2,1,2
MADCAM1,2,1,2
MAGED4,2,1,2
MAGI1-IT1,2,1,2
MANBAL,2,1,2
MAP1S,2,2,2
MAP2K6,2,2,2
MAP3K14-AS1,2,1,2
MAP4,2,1,2
MAP9-AS1,2,1,2
MAPT,2,1,2
MARCHF8,2,1,2
MAS1,2,2,2
MBLAC2,2,1,2
MBNL3,2,2,2
MCHR2-AS1,2,1,2
MCM4,2,2,2
MCPH1-AS1,2,2,2
MCPH1-DT,2,2,2
MCUB,2,2,2
MDGA1,2,1,2
MEAF6,2,1,2
MEI1,2,2,2
MEIS3,2,1,2
MELTF-AS1,2,2,2
MEP1A,2,1,2
MEPCE,2,1,2
METTL1,2,1,2
METTL21A,2,2,2
METTL4,2,1,2
MFSD2A,2,2,2
MFSD2B,2,1,2
MFSD5,2,1,2
MGAT2,2,1,2
MGC15885,2,2,2
MGME1,2,1,2
MIF4GD,2,1,2
MIF4GD-DT,2,2,2
MIIP,2,1,2
MINCR,2,2,2
MINK1,2,1,2
MIR130AHG,2,1,2
MIR2052HG,2,1,2
MIR23AHG,2,1,2
MIR34AHG,2,1,2
MIR4713HG,2,2,2
MIR7-3HG,2,1,2
MISFA,2,1,2
MMACHC,2,1,2
MMP23B,2,1,2
MMS22L,2,2,2
MORC1,2,2,2
MORC4,2,2,2
MOSPD3,2,2,2
MPI,2,1,2
MRC2,2,1,2
MRE11,2,2,2
MRGPRF,2,1,2
MRLN,2,2,2
MRM3,2,1,2
MRPL15,2,2,2
MRPL24,2,2,2
MRPL32,2,1,2
MRPL38,2,2,2
MRPL4,2,1,2
MRPL50,2,1,2
MRPS18C,2,1,2
MRPS7,2,2,2
MT-ATP8,2,2,2
MT-ND5,2,2,2
MTHFD1,2,1,2
MTNR1A,2,1,2
MTR,2,1,2
MTUS2-AS1,2,2,2
MUC19,2,2,2
MYBL1,2,2,2
MYL5,2,1,2
MYL7,2,1,2
MYLK3,2,1,2
MYO1B-AS1,2,1,2
MYO1F,2,1,2
MYRFL,2,1,2
N6AMT1,2,1,2
NAALADL1,2,1,2
NACAD,2,2,2
NACC2,2,2,2
NAE1,2,1,2
NALCN-AS1,2,1,2
NANS,2,1,2
NAPA,2,1,2
NAPEPLD,2,1,2
NBPF25P,2,2,2
NBPF8,2,1,2
NCAPG2,2,1,2
NCK1-DT,2,1,2
NDOR1,2,1,2
NDUFB5,2,2,2
NECTIN3-AS1,2,2,2
NEK8,2,1,2
NELFB,2,1,2
NEU1,2,1,2
NEUROD1,2,1,2
NFE4,2,1,2
NFKB2,2,2,2
NFKBIA,2,2,2
NGF-AS1,2,1,2
NGFR-AS1,2,1,2
NID1,2,1,2
NKIRAS2,2,2,2
NLGN2,2,1,2
NLRX1,2,2,2
NMNAT3,2,1,2
NMT1,2,1,2
NOC4L,2,2,2
NOL7,2,2,2
NOS1AP,2,2,2
NOSIP,2,1,2
NOTCH2NLC,2,1,2
NOX1,2,2,2
NPHP3-AS1,2,1,2
NPIPA8,2,1,2
NPRL3,2,1,2
NQO1-DT,2,2,2
NRG3-AS1,2,1,2
NRIP1,2,2,2
NRM,2,1,2
NRP2,2,1,2
NRXN2-AS1,2,2,2
NT5C,2,2,2
NT5C1A,2,1,2
NTPCR,2,1,2
NUDT11,2,1,2
NXF4,2,1,2
NYX,2,1,2
OAT,2,2,2
OBSCN-AS1,2,2,2
ODF1,2,1,2
ODF2,2,2,3
OGFR,2,2,2
OLIG2,2,2,2
OMA1,2,2,2
OPRL1,2,2,2
OR10J1,2,1,2
OR10K1,2,1,2
OR1B1,2,2,2
OR1F1,2,1,2
OR2AK2,2,1,2
OR2L5,2,1,2
OR2L8,2,1,2
OR2M2,2,1,2
OR2M4,2,1,2
OR2T8,2,1,2
OR6A2,2,2,2
ORMDL2,2,1,2
ORMDL3,2,1,2
OSBPL9,2,1,2
OSTF1,2,1,2
OSTM1-AS1,2,2,2
OXLD1,2,2,2
P2RX4,2,1,2
P2RY13,2,2,2
PACSIN1,2,2,3
PAN2,2,2,2
PAPOLA,2,1,2
PAQR4,2,2,3
PARD6A,2,1,2
PARP12,2,1,2
PATL1,2,1,2
PAX8-AS1,2,2,2
PAXIP1-DT,2,2,2
PCDHB6,2,1,2
PCDHB8,2,1,2
PCDHGA4,2,1,2
PCDHGB7,2,1,2
PCIF1,2,1,2
PCNX2,2,1,2
PCSK1,2,2,2
PDCD2,2,1,2
PDCD6,2,2,2
PDE2A-AS1,2,1,2
PDGFRA,2,1,2
PDIA4,2,1,2
PDP1,2,1,2
PDPN,2,2,2
PEBP4,2,1,2
PERP,2,1,2
PEX16,2,1,2
PFDN4,2,1,2
PGD,2,1,2
PGM1,2,1,2
PHACTR4,2,1,2
PHF13,2,1,2
PHF19,2,1,2
PHF21A,2,1,2
PHF5A,2,2,2
PHLDB2,2,1,2
PIAS3,2,1,2
PIERCE2,2,1,2
PIGH,2,2,2
PIGQ,2,1,2
PIK3C2B,2,1,2
PIK3CA,2,1,2
PIM3,2,2,2
PIMREG,2,2,2
PIP,2,2,2
PIP4K2A,2,2,2
PITPNA-AS1,2,2,2
PIWIL3,2,2,2
PKD1-AS1,2,2,2
PKD2L1,2,1,2
PKD2L2,2,1,2
PKD2L2-DT,2,1,2
PLA2G4A,2,1,2
PLAC1,2,1,2
PLAC8L1,2,1,2
PLCB2,2,1,2
PLCL2-AS1,2,2,2
PLD3,2,1,2
PLEKHB1,2,2,2
PLEKHF2,2,2,2
PLEKHG5,2,2,2
PLEKHN1,2,1,2
PLEKHO1,2,2,2
PLIN2,2,1,2
PLK3,2,1,2
PLXNB1,2,1,2
PMEL,2,1,2
PNKD,2,2,2
POLD2,2,1,2
POLD4,2,2,2
POLQ,2,1,2
POLR1E,2,1,2
POLR2F,2,2,2
POLR2M,2,1,2
POLR3D,2,1,2
POLR3GL,2,1,2
POMC,2,1,2
PPFIA2-AS1,2,1,2
PPIEL,2,1,2
PPIL3,2,2,2
PPM1K-DT,2,1,2
PPOX,2,1,2
PPP4R3B-DT,2,2,2
PRADC1,2,1,2
PRDM1,2,2,2
PRDM16-DT,2,2,2
PRELID3B,2,1,2
PRICKLE4,2,1,2
PRIM2,2,1,2
PRIMPOL,2,1,2
PRMT2,2,2,2
PRMT6,2,2,2
PRMT9,2,1,2
PROM2,2,1,2
PRR19,2,1,2
PRR27,2,1,2
PRR34-AS1,2,2,2
PRR5,2,2,2
PRRG3,2,2,2
PRRT1B,2,2,2
PRRX1,2,2,2
PRTFDC1,2,1,2
PSD4,2,1,2
PSG11,2,1,2
PSG5,2,1,2
PSG6,2,2,2
PSMA5,2,1,2
PSMA8,2,1,2
PSMD7,2,2,2
PSME4,2,1,2
PTBP3,2,2,2
PTGES2-AS1,2,2,2
PTPN23-DT,2,2,2
PTPRJ-AS1,2,1,2
PTPRT-AS1,2,2,2
PWRN2,2,1,2
PXN-AS1,2,1,2
PYHIN1,2,1,2
PYROXD2,2,2,2
R3HDM1,2,2,2
RAB11FIP1,2,1,2
RAB11FIP4,2,1,2
RAB13,2,2,2
RAB2B,2,1,2
RAB30,2,1,2
RAB32,2,2,2
RAB3IP,2,1,2
RAB4B,2,1,2
RAB5C,2,1,2
RAB7B,2,1,2
RABGGTB,2,2,2
RABL3,2,2,2
RADX,2,1,2
RALB,2,1,2
RALGPS2-AS1,2,1,2
RAMP2-AS1,2,1,2
RANBP9,2,1,2
RAP1GAP2,2,2,2
RAPGEFL1,2,1,2
RASEF,2,1,2
RASL11B,2,2,2
RBFOX3,2,3,3
RBM11,2,1,2
RBM19,2,1,2
RBM23,2,2,2
RBM24,2,2,2
RBM38-AS1,2,1,2
RBM47,2,1,2
RBMX2,2,2,2
RBMXL1,2,1,2
RCSD1,2,2,2
REEP2,2,1,2
REL-DT,2,2,2
RELA,2,2,2
REP15,2,1,2
REPIN1,2,1,2
RERE-AS1,2,2,2
RFC3,2,1,2
RFK,2,1,2
RFNG,2,1,2
RFPL1S,2,2,2
RFX1,2,1,2
RGL1,2,1,2
RGS13,2,1,2
RGS17,2,1,2
RHBDF1,2,1,2
RHBDL1,2,1,2
RHCG,2,2,2
RHOA,2,2,2
RICTOR,2,1,2
RIMBP2,2,2,2
RIMKLA,2,1,2
RIN2,2,2,2
RIOK2,2,1,2
RIPOR1,2,1,2
RMI1,2,1,2
RND1,2,1,2
RNF113A,2,1,2
RNF207,2,2,2
RNF212,2,1,2
RNF213,2,1,2
RNPC3,2,1,2
ROR2,2,2,2
RORA-AS2,2,1,2
RP1,2,1,2
RPA3,2,2,2
RRAGAP1-AS1,2,1,2
RRBP1,2,1,2
RRP7A,2,2,2
RRP7BP,2,1,2
RRP8,2,1,2
RSPH10B,2,1,2
RTCA-AS1,2,1,2
RTL5,2,1,2
RTN4RL2,2,1,2
S100A16,2,1,2
S100Z,2,1,2
S1PR3,2,1,2
SAMD1,2,2,2
SARS2,2,2,2
SBDSP1,2,1,2
SCAF1,2,1,2
SCAND3,2,1,2
SCARF1,2,1,2
SCN10A,2,1,2
SCN4B,2,2,2
SCOC,2,2,2
SCOC-AS1,2,1,2
SDR39U1,2,2,2
SEC14L1,2,1,2
SEC14L3,2,1,2
SELE,2,1,2
SEMA3F,2,2,2
SEMA4B,2,2,2
SEMA4C,2,1,2
SEPTIN7P9,2,2,3
SERINC4,2,1,2
SERPINC1,2,2,2
SERPINF1,2,2,2
SETBP1-DT,2,1,2
SETD1B,2,1,2
SETD6,2,1,2
SEZ6L-AS1,2,2,2
SFMBT1,2,1,2
SGSM2,2,2,2
SH3BP1,2,2,2
SH3BP4,2,2,2
SH3BP5-AS1,2,1,2
SHC3,2,1,2
SIPA1,2,2,2
SKA3,2,2,2
SLBP,2,2,2
SLC10A6,2,2,2
SLC15A3,2,1,2
SLC16A11,2,1,2
SLC16A9,2,1,2
SLC17A5,2,2,2
SLC18A1,2,1,2
SLC20A1-DT,2,2,2
SLC22A14,2,1,2
SLC22A5,2,1,2
SLC25A28-DT,2,1,2
SLC25A42,2,1,2
SLC26A2,2,2,2
SLC29A4,2,2,2
SLC34A1,2,1,2
SLC35B1,2,2,2
SLC35D1,2,1,2
SLC38A4,2,2,2
SLC38A4-AS1,2,1,2
SLC38A5,2,1,2
SLC39A12,2,1,2
SLC39A13,2,1,2
SLC3A2,2,2,2
SLC40A1,2,2,2
SLC43A1,2,1,2
SLC43A3,2,1,2
SLC4A9,2,1,2
SLC5A10,2,1,2
SLC6A15,2,2,2
SLC7A13,2,1,2
SLC7A4,2,1,2
SLCO2A1,2,2,2
SLFN5,2,1,2
SLIT3-AS1,2,1,2
SLK,2,2,2
SMANTIS,2,1,2
SMG8,2,1,2
SMIM11,2,1,2
SMIM18,2,1,2
SMIM2,2,2,2
SMIM36,2,1,2
SMIM45,2,2,2
SMN2,2,1,2
SMOC1,2,2,2
SMUG1,2,1,2
SNAPC4,2,1,2
SNCG,2,2,2
SNHG3,2,2,2
SNHG30,2,2,2
SNRPC,2,2,2
SNTA1,2,1,2
SNUPN,2,2,2
SNURF,2,2,2
SNX15,2,1,2
SNX2,2,1,2
SNX22,2,1,2
SNX31,2,1,2
SORL1,2,2,2
SOX13,2,2,2
SOX3,2,1,2
SP2-DT,2,1,2
SPAG16-DT,2,2,2
SPARCL1,2,1,2
SPATA13.1,2,1,2
SPATC1,2,2,2
SPATC1L,2,1,2
SPATS2,2,1,2
SPC25,2,2,2
SPCS3,2,2,2
SPDYE10,2,1,2
SPDYE2,2,1,2
SPEN-AS1,2,1,2
SPHK1,2,2,2
SPIN2B,2,2,2
SPN,2,1,2
SPNS3,2,1,2
SPP2,2,1,2
SPRED2,2,1,2
SPRY3,2,1,2
SPTSSB,2,2,2
SQSTM1,2,1,2
SRD5A3,2,1,2
SRGAP2,2,2,2
SRGAP2C,2,2,2
SRGAP3-AS1,2,1,2
SRRD,2,2,2
SRSF2,2,2,2
SRSF8,2,2,2
SSR1,2,1,2
SSRP1,2,1,2
ST6GALNAC4,2,1,2
ST8SIA2,2,1,2
STAG3,2,1,2
STAP1,2,1,2
STAP2,2,1,2
STARD13-IT1,2,1,2
STARD3,2,1,2
STEAP1,2,1,2
STK31,2,2,2
STK33,2,1,2
STX11,2,2,2
STX8,2,1,2
STXBP4,2,1,2
SULT1C2,2,1,2
SURF2,2,2,2
SURF4,2,1,2
SWAP70,2,2,2
SWT1,2,2,2
SYNC,2,2,2
SYNM-AS1,2,1,2
SYT15,2,2,2
SYT16,2,2,2
SYT17,2,1,2
TADA3,2,2,2
TAF3,2,1,2
TAL2,2,1,2
TANGO2,2,1,2
TANGO6,2,1,2
TAS2R31,2,2,2
TAS2R46,2,1,2
TAX1BP1-AS1,2,2,2
TBC1D22A-DT,2,2,2
TBC1D8B,2,1,2
TBX6,2,1,2
TCF12-DT,2,1,2
TCF7,2,1,2
TCF7L2,2,1,2
TCHH,2,2,2
TDG,2,2,2
TDRD10,2,1,2
TEAD2,2,2,2
TEAD4,2,1,2
TEP1,2,1,2
TESK2,2,2,2
TEX15,2,1,2
TEX46,2,2,2
TEX50,2,1,2
TFAP2C,2,1,2
TFAP4,2,1,2
TFDP2,2,1,2
TFPI,2,2,2
TGFB1,2,2,2
TGFBR3L,2,1,2
TGIF2,2,2,2
THAP7,2,2,2
THOP1,2,1,2
THUMPD1,2,2,2
TIGAR,2,1,2
TIMM17A,2,1,2
TIMM44,2,2,2
TINF2,2,1,2
TIPARP,2,1,2
TJP3,2,1,2
TK1,2,1,2
TLCD3B,2,1,2
TLN2,2,2,2
TMC8,2,1,2
TMEM107,2,2,2
TMEM109,2,1,2
TMEM11,2,1,2
TMEM120B,2,1,2
TMEM131L,2,1,2
TMEM134,2,2,2
TMEM139,2,1,2
TMEM140,2,2,2
TMEM143,2,2,2
TMEM154,2,1,2
TMEM165,2,1,2
TMEM19,2,2,2
TMEM198,2,1,2
TMEM202-AS1,2,1,2
TMEM221,2,2,2
TMEM241,2,2,2
TMEM246-AS1,2,1,2
TMEM263-DT,2,1,2
TMEM271,2,2,2
TMEM39A,2,1,2
TMEM67,2,1,2
TMEM68,2,1,2
TMEM9,2,1,2
TMOD4,2,1,2
TMPRSS15,2,1,2
TMPRSS6,2,2,2
TMSB15B,2,1,2
TMSB15B-AS1,2,1,2
TMTC4,2,1,2
TMUB1,2,1,2
TMX4,2,2,2
TNFAIP1,2,1,2
TNFAIP2,2,1,2
TNFRSF10A,2,1,2
TNFRSF1A,2,2,2
TNFSF12,2,1,2
TNIP1,2,1,2
TOLLIP-DT,2,2,2
TOMM20L-DT,2,1,2
TOPAZ1,2,2,2
TOR1A,2,1,2
TP53,2,1,2
TP53I13,2,1,2
TP53TG1,2,1,2
TPCN1,2,1,2
TPH1,2,1,2
TPPP,2,1,2
TRADD,2,1,2
TRAF3IP2-AS1,2,1,2
TRAK1,2,1,2
TRBC2,2,2,2
TRGC2,2,1,2
TRIL,2,2,3
TRIM56,2,1,2
TRIM6,2,1,2
TRIM65,2,1,2
TRIM67,2,2,2
TRIM68,2,1,2
TRIM7-AS1,2,1,2
TRIM7-AS2,2,1,2
TRIP10,2,1,2
TRMT61A,2,1,2
TRPT1,2,1,2
TRPV4,2,1,2
TSC22D3,2,2,2
TSPAN7,2,2,2
TSSK3,2,1,2
TSTD3,2,1,2
TTBK1,2,1,2
TTC23L,2,1,2
TTLL3,2,1,2
TTLL6,2,1,2
TUBA4A,2,1,2
TUBD1,2,1,2
TYR,2,1,2
TYSND1,2,1,2
UBE2E3,2,2,2
UBE2R2-AS1,2,1,2
UBE3A,2,1,2
UBQLN4,2,1,2
UCKL1-AS1,2,1,2
UMODL1,2,1,2
UNC5A,2,2,2
UPK3BL1,2,2,2
UPP2,2,2,2
UQCRB-AS1,2,1,2
URI1,2,1,2
USF2,2,1,2
USP15,2,1,2
UST-AS2,2,1,2
UTS2R,2,2,2
UXT-AS1,2,1,2
VARS2,2,2,2
VASH2,2,1,2
VASP,2,2,2
VAV3-AS1,2,1,2
VCP,2,1,2
VIM-AS1,2,1,2
VIPR1,2,2,2
VPS13C,2,2,2
VPS4A,2,1,2
VWA2,2,1,2
VWA3A,2,2,2
VWA8,2,1,2
VWCE,2,1,2
VWF,2,1,2
WBP2NL,2,1,2
WBP4,2,2,2
WDR11-DT,2,1,2
WDR12,2,1,2
WDR45B,2,2,2
WDR5,2,1,2
WDR59,2,1,2
WDR72,2,2,2
WDR86,2,1,2
WDR87BP,2,1,2
WDR90,2,1,2
WIPI2,2,1,2
WNT11,2,1,2
WNT2,2,2,2
WSB1,2,2,2
WWC1,2,2,3
WWC3-AS1,2,1,2
XRCC2,2,2,2
XRRA1,2,1,2
ZAR1,2,1,2
ZBTB22,2,1,2
ZC3H15,2,2,2
ZC4H2,2,1,2
ZDHHC9,2,1,2
ZFAND2B,2,1,2
ZFAND5,2,2,2
ZFAND6,2,2,2
ZFC3H1,2,1,2
ZFP28-DT,2,1,2
ZFP69,2,1,2
ZFX-AS1,2,1,2
ZFYVE28,2,2,2
ZIC1,2,2,2
ZMIZ2,2,1,2
ZMYND10,2,2,2
ZMYND19,2,1,2
ZNF107,2,1,2
ZNF132-DT,2,1,2
ZNF19,2,1,2
ZNF208,2,2,2
ZNF230-DT,2,1,2
ZNF26,2,1,2
ZNF267,2,1,2
ZNF28,2,2,2
ZNF292,2,1,2
ZNF304,2,2,2
ZNF324B,2,1,2
ZNF346-IT1,2,2,2
ZNF350-AS1,2,1,2
ZNF414,2,1,2
ZNF449,2,1,2
ZNF45-AS1,2,1,2
ZNF48,2,1,2
ZNF496-DT,2,1,2
ZNF497,2,2,2
ZNF502,2,2,2
ZNF562,2,1,2
ZNF593OS,2,1,2
ZNF594,2,1,2
ZNF620,2,1,2
ZNF662,2,1,2
ZNF676,2,2,2
ZNF692,2,2,2
ZNF703,2,1,2
ZNF770,2,1,2
ZNF853,2,2,2
ZNF878,2,1,2
ZNG1A,2,2,2
ZSCAN2,2,1,2
ZSCAN30,2,1,2
ZSWIM2,2,1,2
ZYX,2,2,2
A3GALT2,1,1,1
AAGAB,1,1,1
AAK1,1,1,1
AAMP,1,1,1
AASDHPPT,1,1,1
AATBC,1,1,1
ABCA4,1,1,1
ABCB5,1,1,1
ABCB6,1,1,1
ABCC6P1,1,1,1
ABCC9,1,1,1
ABCG4,1,1,1
ABCG5,1,1,1
ABHD12B,1,1,1
ABHD6,1,1,1
ABL2,1,1,1
ACACB,1,1,1
ACADSB,1,1,1
ACBD6,1,1,1
ACD,1,1,1
ACER1,1,1,1
ACKR2,1,1,1
ACKR3,1,1,1
ACKR4,1,1,1
ACOT9,1,1,1
ACOXL,1,1,1
ACOXL-AS1,1,1,1
ACP1,1,1,1
ACP2,1,1,1
ACRV1,1,1,1
ACSF2,1,1,1
ACSL5,1,1,1
ACSL6-AS1,1,1,1
ACSM4,1,1,1
ACTN3,1,1,1
ACTR6,1,1,1
ACVR1C,1,1,1
ACVR2A,1,1,1
ACYP2,1,1,1
ADAM19,1,1,1
ADAM21,1,1,1
ADAMTS1,1,1,1
ADAMTS13,1,1,1
ADAMTS8,1,1,1
ADAMTS9-AS1,1,1,1
ADAMTSL2,1,1,1
ADAMTSL4-AS2,1,1,1
ADAT1,1,1,1
ADCK5,1,1,1
ADCY7,1,1,1
ADD2,1,1,1
ADGRA2,1,1,1
ADH1B,1,1,1
ADH6,1,1,1
ADIPOR1,1,1,1
ADM5,1,1,1
ADNP-AS1,1,1,1
ADO,1,1,1
ADORA2B,1,1,1
ADPRH,1,1,1
ADPRS,1,1,1
ADSS1,1,1,1
AEN,1,1,1
AFF2-IT1,1,1,1
AFMID,1,1,1
AGBL2,1,1,1
AGBL5,1,1,1
AGMAT,1,1,1
AGPAT3,1,1,1
AGR2,1,1,1
AHCYL1,1,1,1
AIFM1,1,1,1
AIFM2,1,1,1
AIPL1,1,1,1
AIRN,1,1,1
AJUBA-DT,1,1,1
AKAP1,1,1,1
AKAP1-DT,1,1,1
AKAP14,1,1,1
AKAP3,1,1,1
AKIRIN1,1,1,1
AKIRIN2,1,1,1
AKR1C8,1,1,1
AKR1E2,1,1,1
AKR7A2,1,1,1
ALAS2,1,1,1
ALB,1,1,1
ALDH5A1,1,1,1
ALDH7A1,1,1,1
ALDH8A1,1,1,1
ALDOA,1,1,1
ALG12,1,1,1
ALG13-AS1,1,1,1
ALKBH4,1,1,1
ALMS1P1,1,1,1
ALOX12B,1,1,1
ALOX5,1,1,1
AMACR,1,1,1
AMIGO1,1,1,1
AMOT,1,1,1
AMOTL2,1,1,1
AMY2A,1,1,1
ANK2-AS1,1,1,1
ANKRD13B,1,1,1
ANKRD17-DT,1,1,1
ANKRD18B,1,1,1
ANKRD26,1,1,1
ANKRD28,1,1,1
ANKRD37,1,1,1
ANKRD49,1,1,1
ANKRD54,1,1,1
ANKRD62,1,1,1
ANKRD9,1,1,1
ANKS3,1,1,1
ANKS4B,1,1,1
ANKS6,1,1,1
ANLN,1,1,1
ANTXR1,1,1,1
AP4M1,1,1,1
APC,1,1,1
APC2,1,1,1
APELA,1,1,1
APOBEC3A,1,1,1
APOBEC4,1,1,1
APOL4,1,1,1
AQP4,1,1,1
AQP8,1,1,1
ARAF,1,1,1
ARAP3,1,1,1
ARF4-AS1,1,1,1
ARFIP2,1,1,1
ARFRP1,1,1,1
ARGLU1,1,1,1
ARHGAP11B,1,1,1
ARHGAP28-AS1,1,1,1
ARHGAP29-AS1,1,1,1
ARHGAP31-AS1,1,1,1
ARHGAP32,1,1,1
ARHGAP45,1,1,1
ARHGAP5,1,1,1
ARHGAP8,1,1,1
ARHGEF3-AS1,1,1,1
ARHGEF38,1,1,1
ARL13A,1,1,1
ARL17A,1,1,1
ARL2BP,1,1,1
ARL5A,1,1,1
ARL6,1,1,1
ARMC12,1,1,1
ARMC9,1,1,1
ARMCX2,1,1,1
ARMCX3-AS1,1,1,1
ARMCX6,1,1,1
ARMS2,1,1,1
ARPC2,1,1,1
ARR3,1,1,1
ARRDC1,1,1,1
ARRDC4,1,1,1
ARRDC5,1,1,1
ARSL,1,1,1
ARV1,1,1,1
ASAH2,1,1,1
ASB1,1,1,1
ASB15,1,1,1
ASB5,1,1,1
ASCL2,1,1,1
ASF1A,1,1,1
ASF1B,1,1,1
ASGR1,1,1,1
ASNSP1,1,1,1
ASPG,1,1,1
ASPN,1,1,1
ASPRV1,1,1,1
ASRGL1,1,1,1
ASS1,1,1,1
ATAD2,1,1,1
ATAD3A,1,1,1
ATAD5,1,1,1
ATCAY,1,1,1
ATF5,1,1,1
ATF6-DT,1,1,1
ATG10,1,1,1
ATOH7,1,1,1
ATP12A,1,1,1
ATP13A5-AS1,1,1,1
ATP2A2,1,1,1
ATP4A,1,1,1
ATRIP,1,1,1
ATXN1L,1,1,1
AUNIP,1,1,1
AXDND1,1,1,1
B3GALNT2,1,1,1
B4GALT4-AS1,1,1,1
BABAM1,1,1,1
BACH1-IT1,1,1,1
BAG2,1,1,1
BAG3,1,1,1
BAIAP2L2,1,2,2
BAZ1A,1,1,1
BCAM,1,1,1
BCAT1,1,1,1
BCAT2,1,1,1
BCL2L1,1,1,1
BCL2L10,1,1,1
BCL2L12,1,1,1
BCL2L13,1,1,1
BCL2L15,1,1,1
BCOR,1,1,1
BCR,1,1,1
BDP1,1,1,1
BEST2,1,1,1
BEST4,1,1,1
BET1,1,1,1
BET1-AS1,1,1,1
BFSP2-AS1,1,1,1
BGLAP,1,1,1
BHLHE40,1,1,1
BHMT,1,1,1
BICDL2,1,1,1
BICRA-AS1,1,1,1
BIN2,1,1,1
BIRC6-AS1,1,1,1
BLOC1S5,1,1,1
BLOC1S6,1,1,1
BLZF1,1,1,1
BMAL2-AS1,1,1,1
BMF,1,1,1
BNC1,1,1,1
BOLA2B,1,1,1
BORCS7,1,1,1
BPGM,1,1,1
BPIFB1,1,1,1
BRD7,1,1,1
BRINP3-DT,1,1,1
BROX,1,1,1
BRPF3-AS1,1,1,1
BSG-AS1,1,1,1
BSPRY,1,1,1
BTC,1,1,1
BTF3L4,1,1,1
BTG2,1,1,1
BTG3,1,1,1
BTK,1,1,1
BUD23,1,1,1
BVES,1,1,1
BYSL,1,1,1
C10orf82,1,1,1
C10orf90,1,1,1
C11orf71,1,1,1
C11orf96,1,1,1
C11orf98,1,1,1
C12orf29,1,1,1
C12orf43,1,1,1
C12orf50,1,1,1
C12orf60,1,1,1
C12orf76,1,1,1
C15orf48,1,1,1
C16orf95-DT,1,1,1
C17orf100,1,1,1
C17orf80,1,1,1
C17orf97,1,1,1
C19orf12,1,1,1
C19orf18,1,1,1
C19orf73,1,1,1
C19orf81,1,1,1
C1GALT1,1,1,1
C1GALT1C1L,1,1,1
C1QTNF2,1,1,1
C1QTNF7-AS1,1,1,1
C1orf100,1,1,1
C1orf105,1,1,1
C1orf131,1,1,1
C1orf174,1,1,1
C1orf21-DT,1,1,1
C1orf216,1,1,1
C1orf35,1,1,1
C1orf50,1,1,1
C1orf53,1,1,1
C1orf74,1,1,1
C1orf87,1,1,1
C1orf94,1,1,1
C20orf202,1,1,1
C2CD3,1,1,1
C2CD4D,1,1,1
C2CD5,1,1,1
C2orf16,1,1,1
C2orf50,1,1,1
C2orf68,1,1,1
C2orf73,1,1,1
C2orf74,1,1,1
C2orf80,1,1,1
C2orf88,1,1,1
C3,1,1,1
C3P1,1,1,1
C3orf20,1,1,1
C3orf52,1,1,1
C3orf80,1,1,1
C4orf54,1,1,1
C5,1,1,1
C5AR1,1,1,1
C5orf34-AS1,1,1,1
C5orf64,1,1,1
C6orf163,1,1,1
C6orf226,1,1,1
C6orf58,1,1,1
C7orf31,1,1,1
C8orf88,1,1,1
C8orf89,1,1,1
C9orf163,1,1,1
C9orf57,1,1,1
C9orf85,1,1,1
CA14,1,1,1
CA5A,1,1,1
CA5BP1,1,1,1
CA9,1,1,1
CABLES2,1,1,1
CABP1-DT,1,1,1
CACNA1C-IT3,1,1,1
CACNA1G-AS1,1,1,1
CACNB1,1,1,1
CACNG7,1,1,1
CACTIN,1,1,1
CALR3,1,1,1
CAMK1,1,1,1
CAMK1G,1,1,1
CAMK2G,1,1,1
CAMTA1-AS3,1,1,1
CAMTA1-DT,1,1,1
CAMTA1-IT1,1,1,1
CAND1,1,1,1
CAP1,1,1,1
CAPG,1,1,1
CAPN14,1,1,1
CAPNS1,1,1,1
CAPS2-AS1,1,1,1
CARD6,1,1,1
CARF,1,1,1
CASC8,1,1,1
CASKIN1,1,1,1
CASTOR1,1,1,1
CATIP,1,1,1
CATSPERG,1,1,1
CAVIN1,1,1,1
CAVIN3,1,1,1
CAVIN4,1,1,1
CBFA2T2,1,1,1
CBR1-AS1,1,1,1
CBX8,1,1,1
CBY1,1,1,1
CBY3,1,1,1
CCDC112,1,1,1
CCDC113,1,1,1
CCDC115,1,1,1
CCDC12,1,1,1
CCDC13-AS2,1,1,1
CCDC15-DT,1,1,1
CCDC160,1,1,1
CCDC171,1,1,1
CCDC172,1,1,1
CCDC27,1,1,1
CCDC28A-AS1,1,1,1
CCDC3,1,1,1
CCDC32,1,1,1
CCDC59,1,1,1
CCDC61,1,1,1
CCDC65,1,1,1
CCDC71,1,1,1
CCDC74A,1,1,1
CCDC86,1,1,1
CCDC92,1,1,1
CCDC96,1,1,1
CCER2,1,1,1
CCHCR1,1,1,1
CCL27,1,1,1
CCL4L2,1,1,1
CCL5,1,1,1
CCN1,1,1,1
CCNA1,1,1,1
CCNA2,1,1,1
CCNB1,1,1,1
CCND3,1,1,1
CCNE2,1,1,1
CCT5,1,1,1
CD151,1,1,1
CD163,1,1,1
CD1D,1,1,1
CD247,1,1,1
CD27,1,1,1
CD302,1,1,1
CD320,1,1,1
CD4,1,1,1
CD63-AS1,1,1,1
CD74,1,1,1
CDC20,1,1,1
CDC34,1,1,1
CDC37L1-DT,1,1,1
CDC42-IT1,1,1,1
CDC42EP1,1,1,1
CDC42EP5,1,1,1
CDC5L,1,1,1
CDC6,1,1,1
CDCA2,1,1,1
CDCA5,1,1,1
CDH26,1,1,1
CDK10,1,1,1
CDK11A,1,1,1
CDK20,1,1,1
CDK2AP2,1,1,1
CDK5RAP2,1,1,1
CDK5RAP3,1,1,1
CDK6-AS1,1,1,1
CDKN2B-AS1,1,1,1
CDKN3,1,1,1
CDPF1,1,1,1
CDR1,1,1,1
CDYL,1,1,1
CEACAM20,1,1,1
CEBPB-AS1,1,1,1
CEDORA,1,1,1
CELA3B,1,1,1
CENPA,1,1,1
CENPB,1,1,1
CENPL,1,1,1
CENPM,1,1,1
CENPN,1,1,1
CENPU,1,1,1
CENPVL3,1,1,1
CEP152,1,1,1
CEP164,1,1,1
CEP20,1,1,1
CEP55,1,1,1
CEP63,1,1,1
CEP68,1,1,1
CEP70,1,1,1
CEP76,1,1,1
CEP83-DT,1,1,1
CERS1,1,1,1
CERS3,1,1,1
CES5A,1,1,1
CFAP126,1,1,1
CFAP157,1,1,1
CFAP300,1,1,1
CFAP52,1,1,1
CFAP65,1,1,1
CFAP97D2,1,1,1
CFH,1,1,1
CFLAR,1,1,1
CGAS,1,1,1
CGGBP1,1,1,1
CHAC1,1,1,1
CHAF1A,1,1,1
CHAF1B,1,1,1
CHAMP1,1,1,1
CHCHD5,1,1,1
CHDH,1,1,1
CHML,1,1,1
CHMP3-AS1,1,1,1
CHMP4B,1,1,1
CHN2-AS1,1,1,1
CHPF2,1,1,1
CHRM1,1,1,1
CHRNA6,1,1,1
CHRNB1,1,1,1
CHST11,1,1,1
CHST4,1,1,1
CHSY1,1,1,1
CHTOP,1,1,1
CIAO3,1,1,1
CIB2,1,1,1
CIC,1,1,1
CILP,1,1,1
CINP,1,1,1
CISD3,1,1,1
CITED4,1,1,1
CKM,1,1,1
CKMT2-AS1,1,1,1
CKS2,1,1,1
CLASP1,1,1,1
CLASRP,1,1,1
CLDN10,1,1,1
CLDN12,1,1,1
CLDN14,1,1,1
CLDN6,1,1,1
CLDND2,1,1,1
CLEC4A,1,1,1
CLEC5A,1,1,1
CLEC6A,1,1,1
CLIC2,1,1,1
CLMAT3,1,1,1
CLN5,1,1,1
CLOCK,1,1,1
CLRN3,1,1,1
CLVS2,1,1,1
CMAS,1,1,1
CMIP,1,1,1
CMTM3,1,1,1
CMTR1,1,1,1
CNDP1,1,1,1
CNFN,1,1,1
CNIH4,1,1,1
CNN3,1,1,1
CNOT2,1,1,1
CNOT4,1,1,1
CNP,1,1,1
CNPPD1,1,1,1
CNPY2,1,1,1
CNR2,1,1,1
CNTROB,1,1,1
COA5,1,1,1
COA7,1,1,1
COIL,1,1,1
COL10A1,1,1,1
COL14A1,1,1,1
COL4A2-AS1,1,1,1
COL6A4P1,1,1,1
COL8A1,1,1,1
COL8A2,1,1,1
COL9A3,1,1,1
COLEC10,1,1,1
COMETT,1,1,1
COMMD3,1,1,1
COMMD4,1,1,1
COMMD9,1,1,1
COQ10A,1,1,1
COQ7-DT,1,1,1
COQ9,1,1,1
CORO1A,1,1,1
CORO1C,1,1,1
CORO7,1,1,1
COX6B2,1,1,1
CP,1,1,1
CPB1,1,1,1
CPB2-AS1,1,1,1
CPD,1,1,1
CPLANE1-AS1,1,1,1
CPLANE2,1,1,1
CPM,1,1,1
CPMER,1,1,1
CPNE8-AS1,1,1,1
CPOX,1,1,1
CPPED1,1,1,1
CPSF1,1,1,1
CPSF4L,1,1,1
CPSF6,1,1,1
CPXM1,1,1,1
CPXM2,1,1,1
CR1,1,1,1
CRABP1,1,1,1
CRADD-AS1,1,1,1
CREG2,1,1,1
CRELD1,1,1,1
CRHR1,1,1,1
CRISPLD2,1,1,1
CRLS1,1,1,1
CRNKL1,1,1,1
CROCC,1,1,1
CRPPA-AS1,1,1,1
CRTAC1,1,1,1
CRTC3-AS1,1,1,1
CRY2,1,1,1
CRYAB,1,1,1
CRYBB3,1,1,1
CRYBG2,1,1,1
CRYBG3,1,1,1
CRYGB,1,1,1
CRYZ,1,1,1
CSF1R,1,1,1
CSNK2A3,1,1,1
CSRP1,1,1,1
CSTF2,1,1,1
CT70,1,1,1
CTBP1,1,1,1
CTC1,1,1,1
CTCF-DT,1,1,1
CTDSP1,1,1,1
CTNNA1,1,1,1
CTNNAL1,1,1,1
CTNND1,1,1,1
CTRL,1,1,1
CTSD,1,1,1
CTSL,1,1,1
CTSO,1,1,1
CTSZ,1,1,1
CUL9,1,1,1
CXorf58,1,1,1
CYB5B,1,1,1
CYB5R1,1,1,1
CYB5R3,1,1,1
CYP20A1,1,1,1
CYP2C18,1,1,1
CYP2C8,1,1,1
CYP2J2,1,1,1
CYP51A1-AS1,1,1,1
CYS1,1,1,1
CYSLTR2,1,1,1
CYTH4,1,1,1
DAB2,1,1,1
DAND5,1,1,1
DANT1,1,1,1
DAP-DT,1,1,1
DAPL1,1,1,1
DARS1-AS1,1,1,1
DAZAP1,1,1,1
DBF4,1,1,1
DBF4B,1,1,1
DBH,1,1,1
DBX2,1,1,1
DCAF13,1,1,1
DCDC2C,1,1,1
DCHS1,1,1,1
DCK,1,1,1
DCST2,1,1,1
DCTN1-AS1,1,1,1
DCTN6-DT,1,1,1
DCXR-DT,1,1,1
DDB2,1,1,1
DDC,1,1,1
DDR1,1,1,1
DDRGK1,1,1,1
DDTL,1,1,1
DDX1,1,1,1
DDX19A-DT,1,1,1
DDX23,1,1,1
DDX4,1,1,1
DDX59,1,1,1
DDX60,1,1,1
DEAF1,1,1,1
DEFB109B,1,1,1
DEFB134,1,1,1
DEGS2,1,1,1
DENND2B-AS1,1,1,1
DEPDC7,1,1,1
DERL3,1,1,1
DGAT1,1,1,1
DGCR11,1,1,1
DGCR5,1,1,1
DGCR8,1,1,1
DGKE,1,1,1
DHDDS-AS1,1,1,1
DHH,1,1,1
DHRS11,1,1,1
DHX34,1,1,1
DHX37,1,1,1
DHX9-AS1,1,1,1
DIO2-AS1,1,1,1
DIP2A-IT1,1,1,1
DIPK1C,1,1,1
DISP1,1,1,1
DLGAP1-AS3,1,1,1
DLK2,1,1,1
DMRTA1,1,1,1
DMTF1,1,1,1
DMTF1-AS1,1,1,1
DMWD,1,1,1
DMXL1-DT,1,1,1
DNAAF4,1,1,1
DNAH12,1,1,1
DNAH17,1,1,1
DNAH8,1,1,1
DNAI2,1,1,1
DNAJB2,1,1,1
DNAJC10,1,1,1
DNAJC15,1,1,1
DNAJC4,1,1,1
DNAJC9,1,1,1
DNAL4,1,1,1
DNPEP,1,1,1
DOC2A,1,1,1
DOCK6,1,1,1
DOCK7-DT,1,1,1
DOCK8,1,1,1
DOLPP1,1,1,1
DPH7,1,1,1
DPP3-DT,1,1,1
DPY30,1,1,1
DPYD-IT1,1,1,1
DRD4,1,1,1
DRG2,1,1,1
DST,1,1,1
DST-AS1,1,1,1
DTHD1,1,1,1
DTNB,1,1,1
DTWD1,1,1,1
DUOX1,1,1,1
DUS3L,1,1,1
DUSP1,1,1,1
DUSP16,1,1,1
DUSP2,1,1,1
DUSP26,1,1,1
DUSP28,1,1,1
DUSP29,1,1,1
DUSP3,1,1,1
DUSP5-DT,1,1,1
DYNC1H1,1,1,1
DYNC2H1,1,1,1
DYNC2I1,1,1,1
DYNC2LI1,1,1,1
DYNLRB2-AS1,1,1,1
DYNLT5,1,1,1
DZANK1,1,1,1
DZIP3,1,1,1
E2F3-IT1,1,1,1
E2F5-DT,1,1,1
E2F7,1,1,1
EAPP,1,1,1
ECEL1,1,1,1
ECI1-AS1,1,1,1
ECI2-DT,1,1,1
ECM2,1,1,1
ECRG4,1,1,1
ECSIT,1,1,1
EDA2R,1,1,1
EDAR,1,1,1
EDC4,1,1,1
EDEM2,1,1,1
EDNRB-AS1,1,1,1
EEF1A1-AS1,1,1,1
EEF2K,1,1,1
EFCAB13,1,1,1
EFCAB13-DT,1,1,1
EFCAB14,1,1,1
EFCAB8,1,1,1
EFHD2,1,1,1
EGF,1,1,1
EGFL8,1,1,1
EHD3,1,1,1
EHD4,1,1,1
EID2B,1,1,1
EIF3A,1,1,1
EIF3CL,1,1,1
EIF4EBP2,1,1,1
EIF4EBP3,1,1,1
ELF1,1,1,1
ELF3-AS1,1,1,1
ELF4,1,1,1
ELMO3,1,1,1
ELOVL2,1,1,1
ELOVL2-AS1,1,1,1
ELP1,1,1,1
ELP4,1,1,1
ELP6,1,1,1
EMC3,1,1,1
EMC8,1,1,1
EMD,1,1,1
EME1,1,1,1
EMILIN1,1,1,1
EML2,1,1,1
EML4-AS1,1,1,1
ENG,1,1,1
ENOX1-AS2,1,1,1
ENPP5,1,1,1
ENSG00000145063,1,1,1
ENSG00000170846,1,1,1
ENSG00000176320,1,1,1
ENSG00000176515,1,1,1
ENSG00000179066,1,1,1
ENSG00000197815,1,1,1
ENSG00000203327,1,1,1
ENSG00000203469,1,1,1
ENSG00000203496,1,1,1
ENSG00000203593,1,1,1
ENSG00000206567,1,1,1
ENSG00000213600,1,1,1
ENSG00000213981,1,1,1
ENSG00000214559,1,1,1
ENSG00000214650,1,1,1
ENSG00000214970,1,1,1
ENSG00000220256,1,1,1
ENSG00000222031,1,1,1
ENSG00000223343,1,1,1
ENSG00000223344,1,1,1
ENSG00000223461,1,1,1
ENSG00000223642,1,1,1
ENSG00000223711,1,1,1
ENSG00000223754,1,1,1
ENSG00000223808,1,1,1
ENSG00000223834,1,1,1
ENSG00000224066,1,1,1
ENSG00000224675,1,1,1
ENSG00000224733,1,1,1
ENSG00000224738,1,1,1
ENSG00000224750,1,1,1
ENSG00000224789,1,1,1
ENSG00000224799,1,1,1
ENSG00000224810,1,1,1
ENSG00000224848,1,1,1
ENSG00000224919,1,1,1
ENSG00000224969,1,1,1
ENSG00000225112,1,1,1
ENSG00000225140,1,1,1
ENSG00000225166,1,1,1
ENSG00000225218,1,1,1
ENSG00000225258,1,1,1
ENSG00000225299,1,1,1
ENSG00000225311,1,1,1
ENSG00000225365,1,1,1
ENSG00000225407,1,1,1
ENSG00000225408,1,1,1
ENSG00000225498,1,1,1
ENSG00000225555,1,1,1
ENSG00000225647,1,1,1
ENSG00000225775,1,1,1
ENSG00000225806,1,1,1
ENSG00000225807,1,1,1
ENSG00000225850,1,1,1
ENSG00000225886,1,1,1
ENSG00000225952,1,1,1
ENSG00000226079,1,1,1
ENSG00000226207,1,1,1
ENSG00000226281,1,1,1
ENSG00000226308,1,1,1
ENSG00000226526,1,1,1
ENSG00000226649,1,1,1
ENSG00000226733,1,1,1
ENSG00000226772,1,1,1
ENSG00000226797,1,1,1
ENSG00000226904,1,1,1
ENSG00000226990,1,1,1
ENSG00000227098,1,1,1
ENSG00000227157,1,1,1
ENSG00000227192,1,1,1
ENSG00000227279,1,1,1
ENSG00000227307,1,1,1
ENSG00000227388,1,1,1
ENSG00000227463,1,1,1
ENSG00000227554,1,1,1
ENSG00000227678,1,1,1
ENSG00000227712,1,1,1
ENSG00000228008,1,1,1
ENSG00000228027,1,1,1
ENSG00000228048,1,1,1
ENSG00000228107,1,1,1
ENSG00000228201,1,1,1
ENSG00000228204,1,1,1
ENSG00000228272,1,1,1
ENSG00000228274,1,1,1
ENSG00000228302,1,1,1
ENSG00000228395,1,1,1
ENSG00000228404,1,1,1
ENSG00000228423,1,1,1
ENSG00000228444,1,1,1
ENSG00000228487,1,1,1
ENSG00000228549,1,1,1
ENSG00000228679,1,1,1
ENSG00000228826,1,1,1
ENSG00000228852,1,1,1
ENSG00000228886,1,1,1
ENSG00000229044,1,1,1
ENSG00000229178,1,1,1
ENSG00000229257,1,1,1
ENSG00000229269,1,1,1
ENSG00000229278,1,1,1
ENSG00000229458,1,1,1
ENSG00000229587,1,1,1
ENSG00000229591,1,1,1
ENSG00000229642,1,1,1
ENSG00000229672,1,1,1
ENSG00000229717,1,1,1
ENSG00000229797,1,1,1
ENSG00000229839,1,1,1
ENSG00000229960,1,1,1
ENSG00000230186,1,1,1
ENSG00000230393,1,1,1
ENSG00000230498,1,1,1
ENSG00000230612,1,1,1
ENSG00000230699,1,1,1
ENSG00000230730,1,1,1
ENSG00000230805,1,1,1
ENSG00000230912,1,1,1
ENSG00000230920,1,1,1
ENSG00000230928,1,1,1
ENSG00000230972,1,1,1
ENSG00000231039,1,1,1
ENSG00000231092,1,1,1
ENSG00000231125,1,1,1
ENSG00000231188,1,1,1
ENSG00000231236,1,1,1
ENSG00000231482,1,1,1
ENSG00000231509,1,1,1
ENSG00000231521,1,1,1
ENSG00000231563,1,1,1
ENSG00000231606,1,1,1
ENSG00000231691,1,1,1
ENSG00000231876,1,1,1
ENSG00000231881,1,1,1
ENSG00000232153,1,1,1
ENSG00000232220,1,1,1
ENSG00000232358,1,1,1
ENSG00000232359,1,1,1
ENSG00000232519,1,1,1
ENSG00000232545,1,1,1
ENSG00000232597,1,1,1
ENSG00000232611,1,1,1
ENSG00000232693,1,1,1
ENSG00000232710,1,1,1
ENSG00000232732,1,1,1
ENSG00000232807,1,1,1
ENSG00000232939,1,1,1
ENSG00000233060,1,1,1
ENSG00000233064,1,1,1
ENSG00000233138,1,1,1
ENSG00000233144,1,1,1
ENSG00000233178,1,1,1
ENSG00000233293,1,1,1
ENSG00000233339,1,1,1
ENSG00000233358,1,1,1
ENSG00000233359,1,1,1
ENSG00000233365,1,1,1
ENSG00000233367,1,1,1
ENSG00000233478,1,1,1
ENSG00000233517,1,1,1
ENSG00000233519,1,1,1
ENSG00000233635,1,1,1
ENSG00000233728,1,1,1
ENSG00000234050,1,1,1
ENSG00000234139,1,1,1
ENSG00000234156,1,1,1
ENSG00000234185,1,1,1
ENSG00000234203,1,1,1
ENSG00000234210,1,1,1
ENSG00000234223,1,1,1
ENSG00000234286,1,1,1
ENSG00000234352,1,1,1
ENSG00000234446,1,1,1
ENSG00000234459,1,1,1
ENSG00000234464,1,1,1
ENSG00000234477,1,1,1
ENSG00000234578,1,1,1
ENSG00000234597,1,1,1
ENSG00000234810,1,1,1
ENSG00000234915,1,1,1
ENSG00000235023,1,1,1
ENSG00000235066,1,1,1
ENSG00000235149,1,1,1
ENSG00000235288,1,1,1
ENSG00000235403,1,1,1
ENSG00000235461,1,1,1
ENSG00000235537,1,1,1
ENSG00000235615,1,1,1
ENSG00000235728,1,1,1
ENSG00000235785,1,1,1
ENSG00000235852,1,1,1
ENSG00000235902,1,1,1
ENSG00000235979,1,1,1
ENSG00000236075,1,1,1
ENSG00000236209,1,1,1
ENSG00000236230,1,1,1
ENSG00000236332,1,1,1
ENSG00000236364,1,1,1
ENSG00000236556,1,1,1
ENSG00000236772,1,1,1
ENSG00000236817,1,1,1
ENSG00000236892,1,1,1
ENSG00000237015,1,1,1
ENSG00000237070,1,1,1
ENSG00000237234,1,1,1
ENSG00000237321,1,1,1
ENSG00000237429,1,1,1
ENSG00000237525,1,1,1
ENSG00000237531,1,1,1
ENSG00000237689,1,1,1
ENSG00000237734,1,1,1
ENSG00000237862,1,1,1
ENSG00000237993,1,1,1
ENSG00000238039,1,1,1
ENSG00000238282,1,1,1
ENSG00000239462,1,1,1
ENSG00000240219,1,1,1
ENSG00000240777,1,1,1
ENSG00000241505,1,1,1
ENSG00000241770,1,1,1
ENSG00000242029,1,1,1
ENSG00000242375,1,1,1
ENSG00000242828,1,1,1
ENSG00000243089,1,1,1
ENSG00000243107,1,1,1
ENSG00000243486,1,1,1
ENSG00000244125,1,1,1
ENSG00000244464,1,1,1
ENSG00000245025,1,1,1
ENSG00000245059,1,1,1
ENSG00000245261,1,1,1
ENSG00000245667,1,1,1
ENSG00000246250,1,1,1
ENSG00000246792,1,1,1
ENSG00000247970,1,1,1
ENSG00000248161,1,1,1
ENSG00000248199,1,1,1
ENSG00000248240,1,1,1
ENSG00000248378,1,1,1
ENSG00000248491,1,1,1
ENSG00000248529,1,1,1
ENSG00000248646,1,1,1
ENSG00000248774,1,1,1
ENSG00000248927,1,1,1
ENSG00000248969,1,1,1
ENSG00000248973,1,1,1
ENSG00000248975,1,1,1
ENSG00000249001,1,1,1
ENSG00000249061,1,1,1
ENSG00000249102,1,1,1
ENSG00000249199,1,1,1
ENSG00000249318,1,1,1
ENSG00000249328,1,1,1
ENSG00000249373,1,1,1
ENSG00000249474,1,1,1
ENSG00000249526,1,1,1
ENSG00000249678,1,1,1
ENSG00000249725,1,1,1
ENSG00000249849,1,1,1
ENSG00000249916,1,1,1
ENSG00000249998,1,1,1
ENSG00000250015,1,1,1
ENSG00000250027,1,1,1
ENSG00000250041,1,1,1
ENSG00000250098,1,1,1
ENSG00000250379,1,1,1
ENSG00000250519,1,1,1
ENSG00000250522,1,1,1
ENSG00000250602,1,1,1
ENSG00000250646,1,1,1
ENSG00000250699,1,1,1
ENSG00000250706,1,1,1
ENSG00000250781,1,1,1
ENSG00000250831,1,1,1
ENSG00000250882,1,1,1
ENSG00000250934,1,1,1
ENSG00000250945,1,1,1
ENSG00000250993,1,1,1
ENSG00000251088,1,1,1
ENSG00000251161,1,1,1
ENSG00000251185,1,1,1
ENSG00000251186,1,1,1
ENSG00000251218,1,1,1
ENSG00000251259,1,1,1
ENSG00000251361,1,1,1
ENSG00000251393,1,1,1
ENSG00000251408,1,1,1
ENSG00000251412,1,1,1
ENSG00000251414,1,1,1
ENSG00000251417,1,1,1
ENSG00000251461,1,1,1
ENSG00000251567,1,1,1
ENSG00000251574,1,1,1
ENSG00000251615,1,1,1
ENSG00000253122,1,1,1
ENSG00000253154,1,1,1
ENSG00000253162,1,1,1
ENSG00000253168,1,1,1
ENSG00000253190,1,1,1
ENSG00000253197,1,1,1
ENSG00000253200,1,1,1
ENSG00000253282,1,1,1
ENSG00000253286,1,1,1
ENSG00000253300,1,1,1
ENSG00000253322,1,1,1
ENSG00000253335,1,1,1
ENSG00000253356,1,1,1
ENSG00000253363,1,1,1
ENSG00000253407,1,1,1
ENSG00000253444,1,1,1
ENSG00000253469,1,1,1
ENSG00000253477,1,1,1
ENSG00000253507,1,1,1
ENSG00000253519,1,1,1
ENSG00000253524,1,1,1
ENSG00000253557,1,1,1
ENSG00000253562,1,1,1
ENSG00000253596,1,1,1
ENSG00000253642,1,1,1
ENSG00000253652,1,1,1
ENSG00000253653,1,1,1
ENSG00000253678,1,1,1
ENSG00000253682,1,1,1
ENSG00000253722,1,1,1
ENSG00000253730,1,1,1
ENSG00000253735,1,1,1
ENSG00000253749,1,1,1
ENSG00000253754,1,1,1
ENSG00000253778,1,1,1
ENSG00000253829,1,1,1
ENSG00000253832,1,1,1
ENSG00000253855,1,1,1
ENSG00000253875,1,1,1
ENSG00000253880,1,1,1
ENSG00000253894,1,1,1
ENSG00000254031,1,1,1
ENSG00000254033,1,1,1
ENSG00000254115,1,1,1
ENSG00000254165,1,1,1
ENSG00000254237,1,1,1
ENSG00000254248,1,1,1
ENSG00000254251,1,1,1
ENSG00000254277,1,1,1
ENSG00000254306,1,1,1
ENSG00000254363,1,1,1
ENSG00000254370,1,1,1
ENSG00000254396,1,1,1
ENSG00000254397,1,1,1
ENSG00000254404,1,1,1
ENSG00000254467,1,1,1
ENSG00000254519,1,1,1
ENSG00000254539,1,1,1
ENSG00000254540,1,1,1
ENSG00000254575,1,1,1
ENSG00000254664,1,1,1
ENSG00000254687,1,1,1
ENSG00000254710,1,1,1
ENSG00000254733,1,1,1
ENSG00000254744,1,1,1
ENSG00000254812,1,1,1
ENSG00000254833,1,1,1
ENSG00000254839,1,1,1
ENSG00000254885,1,1,1
ENSG00000255005,1,1,1
ENSG00000255029,1,1,1
ENSG00000255101,1,1,1
ENSG00000255158,1,1,1
ENSG00000255167,1,1,1
ENSG00000255206,1,1,1
ENSG00000255219,1,1,1
ENSG00000255237,1,1,1
ENSG00000255299,1,1,1
ENSG00000255306,1,1,1
ENSG00000255310,1,1,1
ENSG00000255317,1,1,1
ENSG00000255340,1,1,1
ENSG00000255348,1,1,1
ENSG00000255395,1,1,1
ENSG00000255434,1,1,1
ENSG00000255487,1,1,1
ENSG00000255496,1,1,1
ENSG00000255520,1,1,1
ENSG00000255537,1,1,1
ENSG00000255565,1,1,1
ENSG00000255608,1,1,1
ENSG00000255621,1,1,1
ENSG00000256149,1,1,1
ENSG00000256195,1,1,1
ENSG00000256209,1,1,1
ENSG00000256299,1,1,1
ENSG00000256341,1,1,1
ENSG00000256448,1,1,1
ENSG00000256469,1,1,1
ENSG00000256967,1,1,1
ENSG00000256973,1,1,1
ENSG00000256988,1,1,1
ENSG00000257165,1,1,1
ENSG00000257221,1,1,1
ENSG00000257298,1,1,1
ENSG00000257322,1,1,1
ENSG00000257407,1,1,1
ENSG00000257434,1,1,1
ENSG00000257456,1,1,1
ENSG00000257470,1,1,1
ENSG00000257568,1,1,1
ENSG00000257732,1,1,1
ENSG00000257831,1,1,1
ENSG00000257835,1,1,1
ENSG00000257869,1,1,1
ENSG00000257880,1,1,1
ENSG00000257883,1,1,1
ENSG00000258050,1,1,1
ENSG00000258101,1,1,1
ENSG00000258168,1,1,1
ENSG00000258170,1,1,1
ENSG00000258232,1,1,1
ENSG00000258317,1,1,1
ENSG00000258344,1,1,1
ENSG00000258365,1,1,1
ENSG00000258377,1,1,1
ENSG00000258425,1,1,1
ENSG00000258515,1,1,1
ENSG00000258535,1,1,1
ENSG00000258560,1,1,1
ENSG00000258598,1,1,1
ENSG00000258666,1,1,1
ENSG00000258693,1,1,1
ENSG00000258747,1,1,1
ENSG00000258776,1,1,1
ENSG00000258792,1,1,1
ENSG00000258868,1,1,1
ENSG00000258902,1,1,1
ENSG00000258935,1,1,1
ENSG00000258942,1,1,1
ENSG00000258945,1,1,1
ENSG00000258970,1,1,1
ENSG00000258983,1,1,1
ENSG00000259076,1,1,1
ENSG00000259097,1,1,1
ENSG00000259103,1,1,1
ENSG00000259175,1,1,1
ENSG00000259209,1,1,1
ENSG00000259219,1,1,1
ENSG00000259250,1,1,1
ENSG00000259327,1,1,1
ENSG00000259366,1,1,1
ENSG00000259407,1,1,1
ENSG00000259410,1,1,1
ENSG00000259418,1,1,1
ENSG00000259432,1,1,1
ENSG00000259463,1,1,1
ENSG00000259468,1,1,1
ENSG00000259515,1,1,1
ENSG00000259532,1,1,1
ENSG00000259536,1,1,1
ENSG00000259544,1,1,1
ENSG00000259563,1,1,1
ENSG00000259579,1,1,1
ENSG00000259589,1,1,1
ENSG00000259591,1,1,1
ENSG00000259617,1,1,1
ENSG00000259627,1,1,1
ENSG00000259654,1,1,1
ENSG00000259661,1,1,1
ENSG00000259668,1,1,1
ENSG00000259704,1,1,1
ENSG00000259713,1,1,1
ENSG00000259720,1,1,1
ENSG00000259735,1,1,1
ENSG00000259755,1,1,1
ENSG00000259760,1,1,1
ENSG00000259762,1,1,1
ENSG00000259767,1,1,1
ENSG00000259793,1,1,1
ENSG00000259821,1,1,1
ENSG00000259915,1,1,1
ENSG00000259935,1,1,1
ENSG00000259941,1,1,1
ENSG00000260005,1,1,1
ENSG00000260011,1,1,1
ENSG00000260022,1,1,1
ENSG00000260038,1,1,1
ENSG00000260059,1,1,1
ENSG00000260060,1,1,1
ENSG00000260111,1,1,1
ENSG00000260136,1,1,1
ENSG00000260160,1,1,1
ENSG00000260167,1,1,1
ENSG00000260209,1,1,1
ENSG00000260279,1,1,1
ENSG00000260304,1,1,1
ENSG00000260316,1,1,1
ENSG00000260361,1,1,1
ENSG00000260381,1,1,1
ENSG00000260392,1,1,1
ENSG00000260398,1,1,1
ENSG00000260409,1,1,1
ENSG00000260430,1,1,1
ENSG00000260447,1,1,1
ENSG00000260498,1,1,1
ENSG00000260509,1,1,1
ENSG00000260510,1,1,1
ENSG00000260573,1,1,1
ENSG00000260592,1,1,1
ENSG00000260618,1,1,1
ENSG00000260626,1,1,1
ENSG00000260740,1,1,1
ENSG00000260751,1,1,1
ENSG00000260796,1,1,1
ENSG00000260814,1,1,1
ENSG00000260835,1,1,1
ENSG00000260855,1,1,1
ENSG00000260877,1,1,1
ENSG00000260894,1,1,1
ENSG00000260926,1,1,1
ENSG00000260948,1,1,1
ENSG00000260955,1,1,1
ENSG00000260989,1,1,1
ENSG00000261003,1,1,1
ENSG00000261019,1,1,1
ENSG00000261020,1,1,1
ENSG00000261028,1,1,1
ENSG00000261037,1,1,1
ENSG00000261070,1,1,1
ENSG00000261079,1,1,1
ENSG00000261114,1,1,1
ENSG00000261141,1,1,1
ENSG00000261168,1,1,1
ENSG00000261187,1,1,1
ENSG00000261193,1,1,1
ENSG00000261207,1,1,1
ENSG00000261248,1,1,1
ENSG00000261273,1,1,1
ENSG00000261285,1,1,1
ENSG00000261312,1,1,1
ENSG00000261324,1,1,1
ENSG00000261327,1,1,1
ENSG00000261363,1,1,1
ENSG00000261367,1,1,1
ENSG00000261402,1,1,1
ENSG00000261472,1,1,1
ENSG00000261512,1,1,1
ENSG00000261543,1,1,1
ENSG00000261578,1,1,1
ENSG00000261584,1,1,1
ENSG00000261604,1,1,1
ENSG00000261610,1,1,1
ENSG00000261654,1,1,1
ENSG00000261668,1,1,1
ENSG00000261670,1,1,1
ENSG00000261687,1,1,1
ENSG00000261722,1,1,1
ENSG00000261757,1,1,1
ENSG00000261763,1,1,1
ENSG00000261765,1,1,1
ENSG00000261775,1,1,1
ENSG00000261783,1,1,1
ENSG00000261790,1,1,1
ENSG00000261822,1,1,1
ENSG00000261829,1,1,1
ENSG00000261838,1,1,1
ENSG00000261840,1,1,1
ENSG00000261845,1,1,1
ENSG00000261872,1,1,1
ENSG00000261924,1,1,1
ENSG00000262038,1,1,1
ENSG00000262052,1,1,1
ENSG00000262160,1,1,1
ENSG00000262227,1,1,1
ENSG00000262533,1,1,1
ENSG00000262580,1,1,1
ENSG00000262692,1,1,1
ENSG00000262721,1,1,1
ENSG00000262769,1,1,1
ENSG00000262848,1,1,1
ENSG00000262873,1,1,1
ENSG00000262899,1,1,1
ENSG00000263096,1,1,1
ENSG00000263235,1,1,1
ENSG00000263257,1,1,1
ENSG00000263276,1,1,1
ENSG00000263321,1,1,1
ENSG00000263424,1,1,1
ENSG00000263435,1,1,1
ENSG00000263466,1,1,1
ENSG00000263494,1,1,1
ENSG00000263501,1,1,1
ENSG00000263655,1,1,1
ENSG00000263680,1,1,1
ENSG00000263708,1,1,1
ENSG00000263826,1,1,1
ENSG00000263923,1,1,1
ENSG00000263982,1,1,1
ENSG00000263986,1,1,1
ENSG00000263990,1,1,1
ENSG00000264015,1,1,1
ENSG00000264067,1,1,1
ENSG00000264558,1,1,1
ENSG00000264577,1,1,1
ENSG00000264634,1,1,1
ENSG00000264635,1,1,1
ENSG00000264701,1,1,1
ENSG00000264914,1,1,1
ENSG00000264932,1,1,1
ENSG00000264985,1,1,1
ENSG00000265126,1,1,1
ENSG00000265204,1,1,1
ENSG00000265205,1,1,1
ENSG00000265287,1,1,1
ENSG00000265316,1,1,1
ENSG00000265349,1,1,1
ENSG00000265393,1,1,1
ENSG00000265401,1,1,1
ENSG00000265494,1,1,1
ENSG00000265496,1,1,1
ENSG00000265542,1,1,1
ENSG00000265697,1,1,1
ENSG00000265737,1,1,1
ENSG00000265800,1,1,1
ENSG00000265994,1,1,1
ENSG00000266120,1,1,1
ENSG00000266237,1,1,1
ENSG00000266261,1,1,1
ENSG00000266397,1,1,1
ENSG00000266456,1,1,1
ENSG00000266469,1,1,1
ENSG00000266513,1,1,1
ENSG00000266602,1,1,1
ENSG00000266667,1,1,1
ENSG00000266696,1,1,1
ENSG00000266717,1,1,1
ENSG00000266744,1,1,1
ENSG00000266783,1,1,1
ENSG00000266844,1,1,1
ENSG00000266872,1,1,1
ENSG00000266900,1,1,1
ENSG00000266947,1,1,1
ENSG00000266965,1,1,1
ENSG00000267002,1,1,1
ENSG00000267007,1,1,1
ENSG00000267016,1,1,1
ENSG00000267024,1,1,1
ENSG00000267053,1,1,1
ENSG00000267070,1,1,1
ENSG00000267114,1,1,1
ENSG00000267131,1,1,1
ENSG00000267239,1,1,1
ENSG00000267260,1,1,1
ENSG00000267279,1,1,1
ENSG00000267316,1,1,1
ENSG00000267353,1,1,1
ENSG00000267375,1,1,1
ENSG00000267388,1,1,1
ENSG00000267396,1,1,1
ENSG00000267405,1,1,1
ENSG00000267424,1,1,1
ENSG00000267481,1,1,1
ENSG00000267505,1,1,1
ENSG00000267509,1,1,1
ENSG00000267523,1,1,1
ENSG00000267559,1,1,1
ENSG00000267563,1,1,1
ENSG00000267576,1,1,1
ENSG00000267627,1,1,1
ENSG00000267638,1,1,1
ENSG00000267653,1,1,1
ENSG00000267686,1,1,1
ENSG00000267787,1,1,1
ENSG00000267882,1,1,1
ENSG00000267886,1,1,1
ENSG00000267890,1,1,1
ENSG00000267904,1,1,1
ENSG00000267919,1,1,1
ENSG00000268056,1,1,1
ENSG00000268087,1,1,1
ENSG00000268120,1,1,1
ENSG00000268129,1,1,1
ENSG00000268218,1,1,1
ENSG00000268458,1,1,1
ENSG00000268583,1,1,1
ENSG00000268635,1,1,1
ENSG00000268649,1,1,1
ENSG00000268678,1,1,1
ENSG00000268686,1,1,1
ENSG00000268798,1,1,1
ENSG00000268810,1,1,1
ENSG00000268858,1,1,1
ENSG00000268896,1,1,1
ENSG00000269102,1,1,1
ENSG00000269139,1,1,1
ENSG00000269151,1,1,1
ENSG00000269161,1,1,1
ENSG00000269172,1,1,1
ENSG00000269176,1,1,1
ENSG00000269191,1,1,1
ENSG00000269318,1,1,1
ENSG00000269387,1,1,1
ENSG00000269399,1,1,1
ENSG00000269506,1,1,1
ENSG00000269570,1,1,1
ENSG00000269688,1,1,1
ENSG00000269802,1,1,1
ENSG00000269842,1,1,1
ENSG00000269843,1,1,1
ENSG00000269873,1,1,1
ENSG00000269902,1,1,1
ENSG00000269906,1,1,1
ENSG00000269924,1,1,1
ENSG00000269976,1,1,1
ENSG00000269978,1,1,1
ENSG00000269984,1,1,1
ENSG00000269987,1,1,1
ENSG00000270012,1,1,1
ENSG00000270021,1,1,1
ENSG00000270031,1,1,1
ENSG00000270039,1,1,1
ENSG00000270074,1,1,1
ENSG00000270087,1,1,1
ENSG00000270091,1,1,1
ENSG00000270096,1,1,1
ENSG00000270100,1,1,1
ENSG00000270117,1,1,1
ENSG00000270135,1,1,1
ENSG00000270139,1,1,1
ENSG00000270140,1,1,1
ENSG00000270147,1,1,1
ENSG00000270240,1,1,1
ENSG00000270277,1,1,1
ENSG00000270412,1,1,1
ENSG00000270457,1,1,1
ENSG00000270605,1,1,1
ENSG00000270755,1,1,1
ENSG00000270792,1,1,1
ENSG00000270823,1,1,1
ENSG00000271011,1,1,1
ENSG00000271234,1,1,1
ENSG00000271259,1,1,1
ENSG00000271320,1,1,1
ENSG00000271427,1,1,1
ENSG00000271452,1,1,1
ENSG00000271716,1,1,1
ENSG00000271730,1,1,1
ENSG00000271755,1,1,1
ENSG00000271795,1,1,1
ENSG00000271882,1,1,1
ENSG00000271892,1,1,1
ENSG00000271911,1,1,1
ENSG00000271916,1,1,1
ENSG00000271936,1,1,1
ENSG00000271959,1,1,1
ENSG00000271983,1,1,1
ENSG00000271996,1,1,1
ENSG00000272024,1,1,1
ENSG00000272046,1,1,1
ENSG00000272072,1,1,1
ENSG00000272078,1,1,1
ENSG00000272106,1,1,1
ENSG00000272129,1,1,1
ENSG00000272144,1,1,1
ENSG00000272156,1,1,1
ENSG00000272181,1,1,1
ENSG00000272312,1,1,1
ENSG00000272345,1,1,1
ENSG00000272361,1,1,1
ENSG00000272368,1,1,1
ENSG00000272402,1,1,1
ENSG00000272406,1,1,1
ENSG00000272417,1,1,1
ENSG00000272420,1,1,1
ENSG00000272425,1,1,1
ENSG00000272432,1,1,1
ENSG00000272438,1,1,1
ENSG00000272444,1,1,1
ENSG00000272461,1,1,1
ENSG00000272463,1,1,1
ENSG00000272506,1,1,1
ENSG00000272512,1,1,1
ENSG00000272519,1,1,1
ENSG00000272541,1,1,1
ENSG00000272554,1,1,1
ENSG00000272563,1,1,1
ENSG00000272582,1,1,1
ENSG00000272627,1,1,1
ENSG00000272650,1,1,1
ENSG00000272656,1,1,1
ENSG00000272667,1,1,1
ENSG00000272702,1,1,1
ENSG00000272720,1,1,1
ENSG00000272736,1,1,1
ENSG00000272755,1,1,1
ENSG00000272770,1,1,1
ENSG00000272777,1,1,1
ENSG00000272787,1,1,1
ENSG00000272829,1,1,1
ENSG00000272843,1,1,1
ENSG00000272849,1,1,1
ENSG00000272856,1,1,1
ENSG00000272862,1,1,1
ENSG00000272885,1,1,1
ENSG00000272906,1,1,1
ENSG00000272909,1,1,1
ENSG00000272918,1,1,1
ENSG00000272953,1,1,1
ENSG00000272966,1,1,1
ENSG00000272982,1,1,1
ENSG00000272991,1,1,1
ENSG00000272995,1,1,1
ENSG00000273011,1,1,1
ENSG00000273017,1,1,1
ENSG00000273026,1,1,1
ENSG00000273055,1,1,1
ENSG00000273059,1,1,1
ENSG00000273139,1,1,1
ENSG00000273165,1,1,1
ENSG00000273175,1,1,1
ENSG00000273177,1,1,1
ENSG00000273221,1,1,1
ENSG00000273230,1,1,1
ENSG00000273233,1,1,1
ENSG00000273261,1,1,1
ENSG00000273302,1,1,1
ENSG00000273320,1,1,1
ENSG00000273360,1,1,1
ENSG00000273369,1,1,1
ENSG00000273375,1,1,1
ENSG00000273437,1,1,1
ENSG00000273442,1,1,1
ENSG00000273455,1,1,1
ENSG00000273507,1,1,1
ENSG00000273702,1,1,1
ENSG00000273747,1,1,1
ENSG00000273890,1,1,1
ENSG00000273891,1,1,1
ENSG00000273987,1,1,1
ENSG00000274191,1,1,1
ENSG00000274204,1,1,1
ENSG00000274281,1,1,1
ENSG00000274421,1,1,1
ENSG00000274422,1,1,1
ENSG00000274591,1,1,1
ENSG00000274678,1,1,1
ENSG00000274797,1,1,1
ENSG00000274863,1,1,1
ENSG00000275005,1,1,1
ENSG00000275185,1,1,1
ENSG00000275197,1,1,1
ENSG00000275202,1,1,1
ENSG00000275401,1,1,1
ENSG00000275427,1,1,1
ENSG00000275454,1,1,1
ENSG00000275476,1,1,1
ENSG00000275481,1,1,1
ENSG00000275632,1,1,1
ENSG00000275807,1,1,1
ENSG00000275995,1,1,1
ENSG00000276007,1,1,1
ENSG00000276030,1,1,1
ENSG00000276092,1,1,1
ENSG00000276136,1,1,1
ENSG00000276148,1,1,1
ENSG00000276166,1,1,1
ENSG00000276261,1,1,1
ENSG00000276649,1,1,1
ENSG00000276663,1,1,1
ENSG00000276742,1,1,1
ENSG00000276759,1,1,1
ENSG00000276791,1,1,1
ENSG00000276809,1,1,1
ENSG00000276853,1,1,1
ENSG00000276900,1,1,1
ENSG00000277159,1,1,1
ENSG00000277218,1,1,1
ENSG00000277245,1,1,1
ENSG00000277423,1,1,1
ENSG00000277425,1,1,1
ENSG00000277543,1,1,1
ENSG00000277579,1,1,1
ENSG00000277589,1,1,1
ENSG00000277621,1,1,1
ENSG00000277935,1,1,1
ENSG00000278011,1,1,1
ENSG00000278012,1,1,1
ENSG00000278013,1,1,1
ENSG00000278126,1,1,1
ENSG00000278291,1,1,1
ENSG00000278356,1,1,1
ENSG00000278431,1,1,1
ENSG00000278467,1,1,1
ENSG00000278627,1,1,1
ENSG00000278638,1,1,1
ENSG00000278743,1,1,1
ENSG00000278817,1,1,1
ENSG00000278932,1,1,1
ENSG00000279145,1,1,1
ENSG00000279168,1,1,1
ENSG00000279175,1,1,1
ENSG00000279182,1,1,1
ENSG00000279342,1,1,1
ENSG00000279738,1,1,1
ENSG00000279833,1,1,1
ENSG00000279927,1,1,1
ENSG00000280036,1,1,1
ENSG00000280118,1,1,1
ENSG00000280474,1,1,1
ENSG00000280486,1,1,1
ENSG00000281021,1,1,1
ENSG00000281120,1,1,1
ENSG00000281181,1,1,1
ENSG00000281195,1,1,1
ENSG00000281383,1,1,1
ENSG00000281530,1,1,1
ENSG00000282121,1,1,1
ENSG00000282527,1,1,1
ENSG00000282535,1,1,1
ENSG00000282828,1,1,1
ENSG00000282915,1,1,1
ENSG00000282936,1,1,1
ENSG00000282987,1,1,1
ENSG00000283064,1,1,1
ENSG00000283072,1,1,1
ENSG00000283078,1,1,1
ENSG00000283098,1,1,1
ENSG00000283240,1,1,1
ENSG00000283380,1,1,1
ENSG00000283392,1,1,1
ENSG00000283445,1,1,1
ENSG00000283517,1,1,1
ENSG00000283959,1,1,1
ENSG00000284070,1,1,1
ENSG00000284188,1,1,1
ENSG00000284418,1,1,1
ENSG00000284430,1,1,1
ENSG00000284526,1,1,1
ENSG00000284600,1,1,1
ENSG00000284675,1,1,1
ENSG00000284708,1,1,1
ENSG00000284721,1,1,1
ENSG00000284735,1,1,1
ENSG00000284748,1,1,1
ENSG00000284797,1,1,1
ENSG00000284809,1,1,1
ENSG00000284830,1,1,1
ENSG00000284930,1,1,1
ENSG00000284966,1,1,1
ENSG00000285090,1,1,1
ENSG00000285103,1,1,1
ENSG00000285300,1,1,1
ENSG00000285347,1,1,1
ENSG00000285407,1,1,1
ENSG00000285412,1,1,1
ENSG00000285492,1,1,1
ENSG00000285518,1,1,1
ENSG00000285534,1,1,1
ENSG00000285557,1,1,1
ENSG00000285560,1,1,1
ENSG00000285569,1,1,1
ENSG00000285570,1,1,1
ENSG00000285577,1,1,1
ENSG00000285578,1,1,1
ENSG00000285610,1,1,1
ENSG00000285619,1,1,1
ENSG00000285642,1,1,1
ENSG00000285664,1,1,1
ENSG00000285667,1,1,1
ENSG00000285672,1,1,1
ENSG00000285677,1,1,1
ENSG00000285680,1,1,1
ENSG00000285692,1,1,1
ENSG00000285703,1,1,1
ENSG00000285705,1,1,1
ENSG00000285731,1,1,1
ENSG00000285748,1,1,1
ENSG00000285750,1,1,1
ENSG00000285782,1,1,1
ENSG00000285783,1,1,1
ENSG00000285801,1,1,1
ENSG00000285805,1,1,1
ENSG00000285822,1,1,1
ENSG00000285833,1,1,1
ENSG00000285840,1,1,1
ENSG00000285842,1,1,1
ENSG00000285856,1,1,1
ENSG00000285872,1,1,1
ENSG00000285888,1,1,1
ENSG00000285892,1,1,1
ENSG00000285921,1,1,1
ENSG00000285960,1,1,1
ENSG00000285974,1,1,1
ENSG00000285987,1,1,1
ENSG00000286000,1,1,1
ENSG00000286010,1,1,1
ENSG00000286016,1,1,1
ENSG00000286024,1,1,1
ENSG00000286035,1,1,1
ENSG00000286055,1,1,1
ENSG00000286066,1,1,1
ENSG00000286067,1,1,1
ENSG00000286086,1,1,1
ENSG00000286089,1,1,1
ENSG00000286099,1,1,1
ENSG00000286128,1,1,1
ENSG00000286152,1,1,1
ENSG00000286158,1,1,1
ENSG00000286162,1,1,1
ENSG00000286164,1,1,1
ENSG00000286176,1,1,1
ENSG00000286195,1,1,1
ENSG00000286207,1,1,1
ENSG00000286227,1,1,1
ENSG00000286230,1,1,1
ENSG00000286234,1,1,1
ENSG00000286244,1,1,1
ENSG00000286245,1,1,1
ENSG00000286257,1,1,1
ENSG00000286259,1,1,1
ENSG00000286264,1,1,1
ENSG00000286271,1,1,1
ENSG00000286272,1,1,1
ENSG00000286293,1,1,1
ENSG00000286305,1,1,1
ENSG00000286310,1,1,1
ENSG00000286312,1,1,1
ENSG00000286341,1,1,1
ENSG00000286342,1,1,1
ENSG00000286343,1,1,1
ENSG00000286355,1,1,1
ENSG00000286358,1,1,1
ENSG00000286365,1,1,1
ENSG00000286372,1,1,1
ENSG00000286373,1,1,1
ENSG00000286375,1,1,1
ENSG00000286376,1,1,1
ENSG00000286391,1,1,1
ENSG00000286401,1,1,1
ENSG00000286408,1,1,1
ENSG00000286409,1,1,1
ENSG00000286414,1,1,1
ENSG00000286423,1,1,1
ENSG00000286439,1,1,1
ENSG00000286447,1,1,1
ENSG00000286473,1,1,1
ENSG00000286476,1,1,1
ENSG00000286480,1,1,1
ENSG00000286485,1,1,1
ENSG00000286503,1,1,1
ENSG00000286504,1,1,1
ENSG00000286521,1,1,1
ENSG00000286524,1,1,1
ENSG00000286525,1,1,1
ENSG00000286536,1,1,1
ENSG00000286542,1,1,1
ENSG00000286561,1,1,1
ENSG00000286562,1,1,1
ENSG00000286569,1,1,1
ENSG00000286582,1,1,1
ENSG00000286585,1,1,1
ENSG00000286586,1,1,1
ENSG00000286590,1,1,1
ENSG00000286602,1,1,1
ENSG00000286606,1,1,1
ENSG00000286616,1,1,1
ENSG00000286636,1,1,1
ENSG00000286637,1,1,1
ENSG00000286653,1,1,1
ENSG00000286667,1,1,1
ENSG00000286687,1,1,1
ENSG00000286716,1,1,1
ENSG00000286720,1,1,1
ENSG00000286721,1,1,1
ENSG00000286730,1,1,1
ENSG00000286738,1,1,1
ENSG00000286742,1,1,1
ENSG00000286756,1,1,1
ENSG00000286760,1,1,1
ENSG00000286763,1,1,1
ENSG00000286771,1,1,1
ENSG00000286774,1,1,1
ENSG00000286778,1,1,1
ENSG00000286786,1,1,1
ENSG00000286789,1,1,1
ENSG00000286829,1,1,1
ENSG00000286834,1,1,1
ENSG00000286838,1,1,1
ENSG00000286869,1,1,1
ENSG00000286874,1,1,1
ENSG00000286875,1,1,1
ENSG00000286890,1,1,1
ENSG00000286904,1,1,1
ENSG00000286912,1,1,1
ENSG00000286915,1,1,1
ENSG00000286937,1,1,1
ENSG00000286938,1,1,1
ENSG00000286944,1,1,1
ENSG00000286947,1,1,1
ENSG00000286956,1,1,1
ENSG00000286957,1,1,1
ENSG00000286967,1,1,1
ENSG00000286981,1,1,1
ENSG00000286990,1,1,1
ENSG00000287023,1,1,1
ENSG00000287025,1,1,1
ENSG00000287026,1,1,1
ENSG00000287031,1,1,1
ENSG00000287038,1,1,1
ENSG00000287051,1,1,1
ENSG00000287059,1,1,1
ENSG00000287066,1,1,1
ENSG00000287070,1,1,1
ENSG00000287078,1,1,1
ENSG00000287105,1,1,1
ENSG00000287120,1,1,1
ENSG00000287125,1,1,1
ENSG00000287129,1,1,1
ENSG00000287133,1,1,1
ENSG00000287137,1,1,1
ENSG00000287144,1,1,1
ENSG00000287166,1,1,1
ENSG00000287171,1,1,1
ENSG00000287172,1,1,1
ENSG00000287176,1,1,1
ENSG00000287181,1,1,1
ENSG00000287192,1,1,1
ENSG00000287197,1,1,1
ENSG00000287214,1,1,1
ENSG00000287218,1,1,1
ENSG00000287222,1,1,1
ENSG00000287225,1,1,1
ENSG00000287226,1,1,1
ENSG00000287234,1,1,1
ENSG00000287241,1,1,1
ENSG00000287246,1,1,1
ENSG00000287252,1,1,1
ENSG00000287262,1,1,1
ENSG00000287280,1,1,1
ENSG00000287315,1,1,1
ENSG00000287318,1,1,1
ENSG00000287329,1,1,1
ENSG00000287352,1,1,1
ENSG00000287354,1,1,1
ENSG00000287377,1,1,1
ENSG00000287379,1,1,1
ENSG00000287386,1,1,1
ENSG00000287402,1,1,1
ENSG00000287404,1,1,1
ENSG00000287411,1,1,1
ENSG00000287466,1,1,1
ENSG00000287476,1,1,1
ENSG00000287477,1,1,1
ENSG00000287478,1,1,1
ENSG00000287523,1,1,1
ENSG00000287526,1,1,1
ENSG00000287530,1,1,1
ENSG00000287537,1,1,1
ENSG00000287539,1,1,1
ENSG00000287544,1,1,1
ENSG00000287551,1,1,1
ENSG00000287553,1,1,1
ENSG00000287567,1,1,1
ENSG00000287587,1,1,1
ENSG00000287603,1,1,1
ENSG00000287615,1,1,1
ENSG00000287631,1,1,1
ENSG00000287635,1,1,1
ENSG00000287647,1,1,1
ENSG00000287653,1,1,1
ENSG00000287655,1,1,1
ENSG00000287660,1,1,1
ENSG00000287675,1,1,1
ENSG00000287685,1,1,1
ENSG00000287690,1,1,1
ENSG00000287695,1,1,1
ENSG00000287710,1,1,1
ENSG00000287721,1,1,1
ENSG00000287749,1,1,1
ENSG00000287765,1,1,1
ENSG00000287782,1,1,1
ENSG00000287796,1,1,1
ENSG00000287801,1,1,1
ENSG00000287813,1,1,1
ENSG00000287817,1,1,1
ENSG00000287829,1,1,1
ENSG00000287831,1,1,1
ENSG00000287849,1,1,1
ENSG00000287877,1,1,1
ENSG00000287879,1,1,1
ENSG00000287894,1,1,1
ENSG00000287897,1,1,1
ENSG00000287899,1,1,1
ENSG00000287903,1,1,1
ENSG00000287912,1,1,1
ENSG00000287918,1,1,1
ENSG00000287919,1,1,1
ENSG00000287928,1,1,1
ENSG00000287933,1,1,1
ENSG00000287934,1,1,1
ENSG00000287938,1,1,1
ENSG00000287939,1,1,1
ENSG00000287940,1,1,1
ENSG00000287948,1,1,1
ENSG00000287955,1,1,1
ENSG00000287962,1,1,1
ENSG00000287975,1,1,1
ENSG00000287979,1,1,1
ENSG00000287981,1,1,1
ENSG00000287985,1,1,1
ENSG00000287987,1,1,1
ENSG00000287990,1,1,1
ENSG00000288005,1,1,1
ENSG00000288006,1,1,1
ENSG00000288012,1,1,1
ENSG00000288023,1,1,1
ENSG00000288044,1,1,1
ENSG00000288045,1,1,1
ENSG00000288054,1,1,1
ENSG00000288062,1,1,1
ENSG00000288064,1,1,1
ENSG00000288069,1,1,1
ENSG00000288074,1,1,1
ENSG00000288093,1,1,1
ENSG00000288095,1,1,1
ENSG00000288187,1,1,1
ENSG00000288539,1,1,1
ENSG00000288545,1,1,1
ENSG00000288553,1,1,1
ENSG00000288554,1,1,1
ENSG00000288557,1,1,1
ENSG00000288577,1,1,1
ENSG00000288692,1,1,1
ENSG00000288714,1,1,1
ENSG00000288729,1,1,1
ENSG00000288741,1,1,1
ENSG00000288743,1,1,1
ENSG00000288745,1,1,1
ENSG00000288750,1,1,1
ENSG00000288757,1,1,1
ENSG00000288764,1,1,1
ENSG00000288772,1,1,1
ENSG00000288800,1,1,1
ENSG00000288812,1,1,1
ENSG00000288818,1,1,1
ENSG00000288820,1,1,1
ENSG00000288833,1,1,1
ENSG00000288838,1,1,1
ENSG00000288839,1,1,1
ENSG00000288848,1,1,1
ENSG00000288857,1,1,1
ENSG00000288863,1,1,1
ENSG00000288872,1,1,1
ENSG00000288878,1,1,1
ENSG00000288880,1,1,1
ENSG00000288886,1,1,1
ENSG00000288899,1,1,1
ENSG00000288906,1,1,1
ENSG00000288913,1,1,1
ENSG00000288918,1,1,1
ENSG00000288935,1,1,1
ENSG00000288942,1,1,1
ENSG00000288948,1,1,1
ENSG00000288951,1,1,1
ENSG00000288953,1,1,1
ENSG00000288957,1,1,1
ENSG00000288971,1,1,1
ENSG00000288983,1,1,1
ENSG00000288994,1,1,1
ENSG00000289004,1,1,1
ENSG00000289005,1,1,1
ENSG00000289019,1,1,1
ENSG00000289021,1,1,1
ENSG00000289031,1,1,1
ENSG00000289034,1,1,1
ENSG00000289044,1,1,1
ENSG00000289056,1,1,1
ENSG00000289065,1,1,1
ENSG00000289067,1,1,1
ENSG00000289076,1,1,1
ENSG00000289079,1,1,1
ENSG00000289115,1,1,1
ENSG00000289117,1,1,1
ENSG00000289127,1,1,1
ENSG00000289149,1,1,1
ENSG00000289165,1,1,1
ENSG00000289168,1,1,1
ENSG00000289177,1,1,1
ENSG00000289183,1,1,1
ENSG00000289186,1,1,1
ENSG00000289187,1,1,1
ENSG00000289190,1,1,1
ENSG00000289204,1,1,1
ENSG00000289210,1,1,1
ENSG00000289212,1,1,1
ENSG00000289213,1,1,1
ENSG00000289217,1,1,1
ENSG00000289235,1,1,1
ENSG00000289242,1,1,1
ENSG00000289244,1,1,1
ENSG00000289268,1,1,1
ENSG00000289294,1,1,1
ENSG00000289296,1,1,1
ENSG00000289306,1,1,1
ENSG00000289311,1,1,1
ENSG00000289314,1,1,1
ENSG00000289315,1,1,1
ENSG00000289319,1,1,1
ENSG00000289334,1,1,1
ENSG00000289352,1,1,1
ENSG00000289353,1,1,1
ENSG00000289361,1,1,1
ENSG00000289382,1,1,1
ENSG00000289395,1,1,1
ENSG00000289397,1,1,1
ENSG00000289399,1,1,1
ENSG00000289401,1,1,1
ENSG00000289405,1,1,1
ENSG00000289412,1,1,1
ENSG00000289415,1,1,1
ENSG00000289438,1,1,1
ENSG00000289440,1,1,1
ENSG00000289443,1,1,1
ENSG00000289446,1,1,1
ENSG00000289460,1,1,1
ENSG00000289483,1,1,1
ENSG00000289492,1,1,1
ENSG00000289497,1,1,1
ENSG00000289504,1,1,1
ENSG00000289506,1,1,1
ENSG00000289507,1,1,1
ENSG00000289512,1,1,1
ENSG00000289520,1,1,1
ENSG00000289526,1,1,1
ENSG00000289532,1,1,1
ENSG00000289558,1,1,1
ENSG00000289562,1,1,1
ENSG00000289564,1,1,1
ENSG00000289567,1,1,1
ENSG00000289569,1,1,1
ENSG00000289570,1,1,1
ENSG00000289576,1,1,1
ENSG00000289578,1,1,1
ENSG00000289584,1,1,1
ENSG00000289605,1,1,1
ENSG00000289612,1,1,1
ENSG00000289614,1,1,1
ENSG00000289629,1,1,1
ENSG00000289691,1,1,1
ENSG00000289832,1,1,1
ENSG00000289852,1,1,1
ENSG00000289855,1,1,1
ENSG00000289858,1,1,1
ENSG00000289873,1,1,1
ENSG00000289881,1,1,1
ENSG00000289884,1,1,1
ENSG00000289910,1,1,1
ENSG00000289943,1,2,2
ENSG00000289946,1,1,1
ENSG00000289960,1,1,1
ENSG00000289977,1,1,1
ENSG00000289979,1,1,1
ENSG00000289982,1,1,1
ENSG00000290008,1,1,1
ENSG00000290017,1,1,1
ENSG00000290032,1,1,1
ENSG00000290033,1,1,1
ENSG00000290043,1,1,1
ENSG00000290045,1,1,1
ENSG00000290046,1,1,1
ENSG00000290047,1,1,1
ENSG00000290065,1,1,1
ENSG00000290072,1,1,1
ENSG00000290086,1,1,1
ENSG00000290088,1,1,1
ENSG00000290098,1,1,1
ENSG00000290112,1,1,1
ENSG00000290124,1,1,1
ENSG00000290126,1,1,1
ENSG00000290241,1,1,1
ENSG00000290395,1,1,1
ENSG00000290397,1,1,1
ENSG00000290399,1,1,1
ENSG00000290410,1,1,1
ENSG00000290429,1,1,1
ENSG00000290443,1,1,1
ENSG00000290454,1,1,1
ENSG00000290459,1,1,1
ENSG00000290460,1,1,1
ENSG00000290482,1,1,1
ENSG00000290490,1,1,1
ENSG00000290522,1,1,1
ENSG00000290535,1,1,1
ENSG00000290546,1,1,1
ENSG00000290559,1,1,1
ENSG00000290608,1,1,1
ENSG00000290609,1,1,1
ENSG00000290612,1,1,1
ENSG00000290674,1,1,1
ENSG00000290688,1,1,1
ENSG00000290721,1,1,1
ENSG00000290790,1,1,1
ENSG00000290796,1,1,1
ENSG00000290798,1,1,1
ENSG00000290805,1,1,1
ENSG00000290829,1,1,1
ENSG00000290834,1,1,1
ENSG00000290839,1,1,1
ENSG00000290876,1,1,1
ENSG00000290914,1,1,1
ENSG00000290927,1,1,1
ENSG00000290934,1,1,1
ENSG00000290937,1,1,1
ENSG00000290957,1,1,1
ENSG00000291006,1,1,1
ENSG00000291026,1,1,1
ENSG00000291047,1,1,1
ENSG00000291058,1,1,1
ENSG00000291062,1,1,1
ENSG00000291067,1,1,1
ENSG00000291089,1,1,1
ENSG00000291132,1,1,1
ENSG00000291138,1,1,1
ENSG00000291142,1,1,1
ENSG00000291175,1,1,1
ENSG00000291176,1,1,1
ENSG00000291188,1,1,1
ENSG00000291199,1,1,1
ENSG00000291209,1,1,1
ENSG00000291219,1,1,1
ENSG00000291231,1,1,1
ENSG00000291235,1,1,1
ENSG00000291252,1,1,1
ENSG00000291253,1,1,1
ENSG00000291258,1,1,1
ENSG00000291272,1,1,1
ENTPD2,1,1,1
ENTR1,1,1,1
EPB41L1-AS1,1,1,1
EPC1-AS1,1,1,1
EPC2,1,1,1
EPHB4,1,1,1
EPHX3,1,1,1
EPOP,1,1,1
EPS8L1,1,1,1
EPS8L2,1,1,1
ERAP1,1,1,1
ERAS,1,1,1
ERCC6L,1,1,1
ERI2,1,1,1
ERICH6B,1,1,1
ERVK9-11,1,1,1
ERVMER34-1,1,1,1
ERVW-1,1,1,1
ESPN,1,1,1
ETNK1,1,1,1
ETNK2,1,1,1
ETS1,1,1,1
ETV3,1,1,1
ETV5-AS1,1,1,1
EVA1A-AS,1,1,1
EVC,1,1,1
EVI5,1,1,1
EXO1,1,1,1
EXOC8,1,1,1
F10,1,1,1
F13A1,1,1,1
F2RL2,1,1,1
FAF1,1,1,1
FAH,1,1,1
FALEC,1,1,1
FAM110D,1,1,1
FAM111A,1,1,1
FAM111B,1,1,1
FAM124A,1,1,1
FAM131C,1,1,1
FAM135A-AS1,1,1,1
FAM13A,1,1,1
FAM151B,1,1,1
FAM167A,1,1,1
FAM167A-AS1,1,1,1
FAM167B,1,1,1
FAM169A,1,1,1
FAM169A-AS1,1,1,1
FAM174A-DT,1,1,1
FAM180B,1,1,1
FAM182B,1,1,1
FAM186A,1,1,1
FAM193B-DT,1,1,1
FAM200B,1,1,1
FAM215B,1,1,1
FAM216A,1,1,1
FAM221B,1,1,1
FAM227B,1,1,1
FAM234B,1,1,1
FAM242A,1,1,1
FAM3B,1,1,1
FAM50B,1,1,1
FAM66A,1,1,1
FAM66E,1,1,1
FAM72A,1,1,1
FAM85B,1,1,1
FAM86B1,1,1,1
FAM86EP,1,1,1
FAM88B,1,1,1
FAM90A26,1,1,1
FAM95A,1,1,1
FANCG,1,1,1
FASTK,1,1,1
FASTKD5,1,1,1
FBLN7,1,1,1
FBN3,1,1,1
FBXL3,1,1,1
FBXL8,1,1,1
FBXO36,1,1,1
FBXO42,1,1,1
FBXO48,1,1,1
FCHSD1,1,1,1
FCHSD2,1,1,1
FCRLB,1,1,1
FECH,1,1,1
FEM1B,1,1,1
FER,1,1,1
FER1L6,1,1,1
FERMT2,1,1,1
FFAR4,1,1,1
FGD5-AS1,1,1,1
FGF10,1,1,1
FGF2,1,1,1
FGGY,1,1,1
FHIP2B,1,1,1
FIBIN,1,1,1
FIG4,1,1,1
FKBP7,1,1,1
FKBPL,1,1,1
FLJ20021,1,1,1
FLRT1,1,1,1
FMNL1-AS1,1,1,1
FMO1,1,1,1
FMR1NB,1,1,1
FN3K,1,1,1
FNDC3B,1,1,1
FOXD4L5,1,1,1
FOXN4,1,1,1
FOXO3B,1,1,1
FOXQ1,1,1,1
FOXRED1,1,1,1
FRA10AC1,1,1,1
FRMD3-AS1,1,1,1
FSCN3,1,1,1
FSHR,1,1,1
FTX,1,1,1
FUCA1,1,1,1
FURIN,1,1,1
FUT1,1,1,1
FUT6,1,1,1
FYCO1,1,1,1
FZD4,1,1,1
FZD5,1,1,1
FZD8,1,1,1
GABARAPL1,1,1,1
GABPB2,1,1,1
GABRD,1,1,1
GACAT1,1,1,1
GACAT2,1,1,1
GACAT3,1,1,1
GALNS,1,1,1
GALNT15,1,1,1
GALNT6,1,1,1
GALR1,1,1,1
GAR1-DT,1,1,1
GAS8,1,1,1
GASAL1,1,1,1
GASK1B,1,1,1
GATA2-AS1,1,1,1
GATB,1,1,1
GATD1-DT,1,1,1
GATM,1,1,1
GBP3,1,1,1
GBP7,1,1,1
GBX1,1,1,1
GCKR,1,1,1
GCNT4,1,1,1
GCOM1,1,1,1
GCSAML,1,1,1
GDI2,1,1,1
GDPD4,1,1,1
GEN1,1,2,2
GET1,1,1,1
GFAP,1,1,1
GGT5,1,1,1
GHDC,1,1,1
GHRL,1,1,1
GID4,1,1,1
GID8,1,1,1
GIHCG,1,1,1
GIN1,1,1,1
GINS2,1,1,1
GJA1,1,1,1
GLDC,1,1,1
GLE1,1,1,1
GLIPR1L1,1,1,1
GLIPR1L2,1,1,1
GLIPR2,1,1,1
GLMN,1,1,1
GLP2R,1,1,1
GLUD2,1,1,1
GLUL,1,1,1
GLYAT,1,1,1
GMFB,1,1,1
GMPR2,1,1,1
GNAO1,1,1,1
GNAQ,1,1,1
GNAS-AS1,1,1,1
GNB4,1,1,1
GNGT1,1,1,1
GNPTG,1,1,1
GOLGA7B-DT,1,1,1
GOLPH3-DT,1,1,1
GOLT1B,1,1,1
GORASP1,1,1,1
GPAT2,1,1,1
GPAT4-AS1,1,1,1
GPC4,1,1,1
GPD1,1,1,1
GPM6B,1,1,1
GPR12,1,1,1
GPR137,1,1,1
GPR141,1,1,1
GPR176-DT,1,1,1
GPR55,1,1,1
GPR82,1,1,1
GPS1,1,1,1
GPX2,1,1,1
GPX7,1,1,1
GRAMD1A,1,1,1
GRHL1,1,1,1
GRHL3,1,1,1
GRIN1,1,1,1
GRK3-AS1,1,1,1
GRN,1,1,1
GRTP1,1,1,1
GRWD1,1,1,1
GS1-24F4.2,1,1,1
GSDMA,1,1,1
GSDME,1,1,1
GSEC,1,1,1
GSG1L2,1,1,1
GSN,1,1,1
GSTZ1,1,1,1
GTF2A1-AS1,1,1,1
GTF2A1L,1,1,1
GTF3A,1,1,1
GTSE1,1,1,1
GUCA1C,1,1,1
GUCD1,1,1,1
GZMM,1,1,1
H1-10-AS1,1,1,1
H2AC14,1,1,1
H2AC17,1,1,1
H2AZ1-DT,1,1,1
H2AZ2-DT,1,1,1
H2BC11,1,1,1
H2BC13,1,1,1
H2BC18,1,1,1
H3C1,1,1,1
H3C10,1,1,1
H3C12,1,1,1
H4C11,1,1,1
H4C2,1,1,1
HACD1,1,1,1
HAGHL,1,1,1
HAUS6,1,1,1
HBB,1,1,1
HBP1,1,1,1
HBQ1,1,1,1
HBZ,1,1,1
HCG22,1,1,1
HCN3,1,1,1
HCN4,1,1,1
HDAC1,1,1,1
HDAC3,1,1,1
HDGF,1,1,1
HEATR1,1,1,1
HEATR3,1,1,1
HEATR3-AS1,1,1,1
HEATR6-DT,1,1,1
HECTD2,1,1,1
HECW2-AS1,1,1,1
HEIH,1,1,1
HELZ2,1,1,1
HEPACAM,1,1,1
HERC4,1,1,1
HERC5,1,1,1
HERPUD1,1,1,1
HEXIM2,1,1,1
HEY2,1,1,1
HFE,1,1,1
HHLA2,1,1,1
HIBCH,1,1,1
HIRIP3,1,1,1
HJV,1,1,1
HKDC1,1,1,1
HMBS,1,1,1
HMG20B,1,1,1
HMGCLL1,1,1,1
HMGN5,1,1,1
HMGXB3,1,1,1
HMMR,1,1,1
HMSD,1,1,1
HNRNPDL,1,1,1
HOMER2,1,1,1
HOOK2,1,1,1
HPN-AS1,1,1,1
HPSE,1,1,1
HRAT17,1,1,1
HS6ST1,1,1,1
HSD11B1,1,1,1
HSD17B1-AS1,1,1,1
HSD17B3,1,1,1
HSD17B6,1,1,1
HSD17B7P2,1,1,1
HSD17B8,1,1,1
HSD3B7,1,1,1
HSDL2,1,1,1
HSF5,1,1,1
HSPA12A-AS1,1,1,1
HSPA1L,1,1,1
HSPA5-DT,1,1,1
HSPB8,1,1,1
HSPG2,1,1,1
HSPH1,1,1,1
HTR3E,1,1,1
HTRA4,1,1,1
HYLS1,1,1,1
IATPR,1,1,1
ICOSLG,1,1,1
ID1,1,1,1
IDH1-AS1,1,1,1
IDH2-DT,1,1,1
IDS,1,1,1
IER3,1,1,1
IFI44,1,1,1
IFIT1B,1,1,1
IFITM10,1,1,1
IFITM2,1,1,1
IFITM3,1,1,1
IFNAR2,1,1,1
IFRD1,1,1,1
IFT81,1,1,1
IGDCC3,1,1,1
IGF2R,1,1,1
IGFLR1,1,1,1
IGSF22-AS1,1,1,1
IKBKE-AS1,1,1,1
IKZF4,1,1,1
IL12RB1,1,1,1
IL13RA1,1,1,1
IL15,1,1,1
IL17RA,1,1,1
IL20RB,1,1,1
IL20RB-AS1,1,1,1
IL7,1,2,2
IMPA1,1,1,1
IMPDH1,1,1,1
IMPG1,1,1,1
INE1,1,1,1
ING1,1,1,1
ING2-DT,1,1,1
ING4,1,1,1
INHBC,1,1,1
INMT,1,1,1
INO80C,1,1,1
INPP5D,1,1,1
INSYN1,1,1,1
INSYN1-AS1,1,1,1
INTS6L,1,1,1
INTS9,1,1,1
IP6K3,1,1,1
IPO13,1,1,1
IQCG,1,1,1
IQSEC3,1,1,1
IQSEC3-AS1,1,1,1
IRF5,1,1,1
IRF9,1,1,1
IRGQ,1,1,1
ITGA1,1,1,1
ITGA4,1,1,1
ITGAL,1,1,1
ITGB1-DT,1,1,1
ITGB2,1,1,1
ITGB8-AS1,1,1,1
ITIH3,1,1,1
ITIH4,1,1,1
ITK,1,1,1
ITPA,1,1,1
ITPR3,1,1,1
ITPRIP,1,1,1
ITPRIPL1,1,1,1
ITPRIPL2,1,1,1
IYD,1,1,1
JAZF1-AS1,1,1,1
JKAMP,1,1,1
JMJD1C-AS1,1,1,1
JMJD7,1,1,1
JOSD2,1,1,1
JPH2,1,1,1
JPT2,1,1,1
JTB-DT,1,1,1
KAT6B,1,1,1
KBTBD3,1,1,1
KBTBD7,1,1,1
KCND1,1,1,1
KCNE3,1,1,1
KCNG1,1,1,1
KCNH6,1,1,1
KCNJ1,1,1,1
KCNJ14,1,1,1
KCNJ5,1,1,1
KCNK3,1,1,1
KCNK6,1,1,1
KCNMB1,1,1,1
KCNN1,1,1,1
KCNQ2-AS1,1,1,1
KCNQ4,1,1,1
KCNS1,1,1,1
KCTD13-DT,1,1,1
KCTD21,1,1,1
KCTD21-AS1,1,1,1
KDELR2,1,1,1
KDM4A-AS1,1,1,1
KDM4B,1,1,1
KDM4C,1,1,1
KDM5C,1,1,1
KDM5D,1,1,1
KDM6A,1,1,1
KHK,1,1,1
KIAA0087,1,1,1
KIAA1328,1,1,1
KIAA1522,1,1,1
KIAA1549,1,1,1
KIAA1671-AS1,1,1,1
KIAA2012-AS1,1,1,1
KIF16B,1,1,1
KIF18A,1,1,1
KIF18B,1,1,1
KIF20B,1,1,1
KIF21B,1,1,1
KIF23,1,1,1
KIF5C-AS1,1,1,1
KIFBP,1,1,1
KIFC3,1,1,1
KLC2,1,1,1
KLC3,1,1,1
KLF11,1,1,1
KLF8,1,1,1
KLF9,1,1,1
KLHDC4,1,1,1
KLHL24,1,1,1
KLHL31,1,1,1
KLHL35,1,1,1
KLHL36,1,1,1
KLHL8,1,1,1
KLK14,1,1,1
KLRG2,1,1,1
KMO,1,1,1
KMT5C,1,1,1
KNL1,1,1,1
KNSTRN,1,1,1
KRBOX1,1,1,1
KRI1,1,1,1
KRT15,1,1,1
KRT18,1,1,1
KRTAP5-11,1,1,1
KRTAP5-2,1,1,1
KRTAP5-7,1,1,1
KTI12,1,1,1
L1TD1,1,1,1
LACTB2,1,1,1
LAG3,1,1,1
LAMB3,1,1,1
LAMTOR5-AS1,1,1,1
LANCL2,1,1,1
LAPTM4A,1,1,1
LBP,1,1,1
LCNL1,1,1,1
LCTL,1,1,1
LDHD,1,1,1
LDLRAP1,1,1,1
LDOC1,1,1,1
LEF1-AS1,1,1,1
LEKR1,1,1,1
LEMD1,1,1,1
LEMD1-AS1,1,1,1
LEPROTL1,1,1,1
LERFS,1,1,1
LETM2,1,1,1
LFNG,1,1,1
LGALS3,1,1,1
LGALS4,1,1,1
LGALSL-DT,1,1,1
LGMN,1,1,1
LGR5,1,1,1
LHFPL1,1,1,1
LHFPL3-AS2,1,1,1
LHX4,1,1,1
LIAS,1,1,1
LIFR-AS1,1,1,1
LIG3,1,1,1
LILRA6,1,1,1
LIMS2,1,1,1
LIN37,1,1,1
LINC00158,1,1,1
LINC00235,1,1,1
LINC00237,1,1,1
LINC00243,1,1,1
LINC00265,1,1,1
LINC00311,1,1,1
LINC00324,1,1,1
LINC00343,1,1,1
LINC00365,1,1,1
LINC00381,1,1,1
LINC00382,1,1,1
LINC00437,1,1,1
LINC00458,1,1,1
LINC00466,1,1,1
LINC00484,1,1,1
LINC00484.1,1,1,1
LINC00487,1,1,1
LINC00491,1,1,1
LINC00507,1,1,1
LINC00587,1,1,1
LINC00612,1,1,1
LINC00616,1,1,1
LINC00622,1,1,1
LINC00626,1,1,1
LINC00642,1,1,1
LINC00680,1,1,1
LINC00683,1,1,1
LINC00685,1,1,1
LINC00691,1,1,1
LINC00698,1,1,1
LINC00839,1,1,1
LINC00845,1,1,1
LINC00850,1,1,1
LINC00868,1,1,1
LINC00900,1,1,1
LINC00906,1,1,1
LINC00926,1,1,1
LINC00933,1,1,1
LINC00939,1,1,1
LINC00940,1,1,1
LINC00943,1,1,1
LINC00944,1,1,1
LINC00957,1,1,1
LINC00964,1,1,1
LINC00971,1,1,1
LINC00987,1,1,1
LINC00989,1,1,1
LINC00992,1,1,1
LINC01010,1,1,1
LINC01030,1,1,1
LINC01033,1,1,1
LINC01049,1,1,1
LINC01055,1,1,1
LINC01091,1,1,1
LINC01094,1,1,1
LINC01116,1,1,1
LINC01133,1,1,1
LINC01186,1,1,1
LINC01194,1,1,1
LINC01198,1,1,1
LINC01201,1,1,1
LINC01209,1,1,1
LINC01226,1,1,1
LINC01231,1,1,1
LINC01232,1,1,1
LINC01238.1,1,1,1
LINC01248,1,1,1
LINC01256,1,1,1
LINC01258,1,1,1
LINC01260,1,1,1
LINC01280,1,1,1
LINC01285,1,1,1
LINC01289,1,1,1
LINC01290,1,1,1
LINC01309,1,1,1
LINC01339,1,1,1
LINC01347,1,1,1
LINC01353,1,1,1
LINC01396,1,1,1
LINC01397,1,1,1
LINC01409,1,1,1
LINC01410,1,1,1
LINC01433,1,1,1
LINC01445,1,1,1
LINC01446,1,1,1
LINC01498,1,1,1
LINC01499,1,1,1
LINC01508,1,1,1
LINC01513,1,1,1
LINC01524,1,1,1
LINC01525,1,1,1
LINC01530,1,1,1
LINC01554,1,1,1
LINC01567,1,1,1
LINC01568,1,1,1
LINC01574,1,1,1
LINC01592,1,1,1
LINC01596,1,1,1
LINC01597,1,1,1
LINC01602,1,1,1
LINC01605,1,1,1
LINC01616,1,1,1
LINC01622,1,1,1
LINC01623,1,1,1
LINC01625,1,1,1
LINC01629,1,1,1
LINC01643,1,1,1
LINC01676,1,1,1
LINC01681,1,1,1
LINC01684,1,1,1
LINC01712,1,1,1
LINC01717,1,1,1
LINC01723,1,1,1
LINC01730,1,1,1
LINC01750,1,1,1
LINC01754,1,1,1
LINC01768,1,1,1
LINC01775,1,1,1
LINC01783,1,1,1
LINC01789,1,1,1
LINC01794,1,1,1
LINC01799,1,1,1
LINC01804,1,1,1
LINC01808,1,1,1
LINC01829,1,1,1
LINC01841,1,1,1
LINC01846,1,1,1
LINC01847,1,1,1
LINC01859,1,1,1
LINC01885,1,1,1
LINC01891,1,1,1
LINC01893,1,1,1
LINC01900,1,1,1
LINC01909,1,1,1
LINC01915,1,1,1
LINC01919,1,1,1
LINC01924,1,1,1
LINC01938,1,1,1
LINC01948,1,1,1
LINC01963,1,1,1
LINC01970,1,1,1
LINC01993,1,1,1
LINC01997,1,1,1
LINC02005,1,1,1
LINC02012,1,1,1
LINC02015,1,1,1
LINC02019,1,1,1
LINC02035,1,1,1
LINC02043,1,1,1
LINC02050,1,1,1
LINC02058,1,1,1
LINC02105,1,1,1
LINC02141,1,1,1
LINC02143,1,1,1
LINC02145,1,1,1
LINC02156,1,1,1
LINC02204,1,1,1
LINC02213,1,1,1
LINC02248,1,1,1
LINC02249,1,1,1
LINC02259,1,1,1
LINC02265,1,1,1
LINC02267,1,1,1
LINC02288,1,1,1
LINC02301,1,1,1
LINC02313,1,1,1
LINC02334,1,1,1
LINC02338,1,1,1
LINC02346,1,1,1
LINC02348,1,1,1
LINC02365,1,1,1
LINC02367,1,1,1
LINC02371,1,1,1
LINC02378,1,1,1
LINC02385,1,1,1
LINC02417,1,1,1
LINC02436,1,1,1
LINC02438,1,1,1
LINC02444,1,1,1
LINC02458,1,1,1
LINC02466,1,1,1
LINC02476,1,1,1
LINC02487,1,1,1
LINC02505,1,1,1
LINC02506,1,1,1
LINC02507,1,1,1
LINC02521,1,1,1
LINC02539,1,1,1
LINC02542,1,1,1
LINC02543,1,1,1
LINC02551,1,1,1
LINC02566,1,1,1
LINC02580,1,1,1
LINC02606,1,1,1
LINC02631,1,1,1
LINC02634,1,1,1
LINC02654,1,1,1
LINC02663,1,1,1
LINC02664,1,1,1
LINC02709,1,1,1
LINC02716,1,1,1
LINC02724,1,1,1
LINC02736,1,1,1
LINC02739,1,1,1
LINC02745,1,1,1
LINC02749,1,1,1
LINC02766,1,1,1
LINC02803,1,1,1
LINC02810,1,1,1
LINC02811,1,1,1
LINC02821,1,1,1
LINC02825,1,1,1
LINC02832,1,1,1
LINC02869,1,1,1
LINC02884,1,1,1
LINC02915,1,1,1
LINC02916,1,1,1
LINC02926,1,1,1
LINC02933,1,1,1
LINC02936,1,1,1
LINC02954,1,1,1
LINC02973,1,1,1
LINC02984,1,1,1
LINC03003,1,1,1
LINC03013,1,1,1
LINC03026,1,1,1
LINC03063,1,1,1
LINC03077,1,1,1
LINCADL,1,1,1
LINGO1-AS1,1,1,1
LINP1,1,1,1
LIPC,1,1,1
LIPE,1,1,1
LIPT2,1,1,1
LIPT2-AS1,1,1,1
LIX1,1,1,1
LIX1-AS1,1,1,1
LMAN1,1,1,1
LMBR1L,1,1,1
LMNB1-DT,1,1,1
LMNTD2,1,1,1
LMOD3,1,1,1
LNCAROD,1,1,1
LNCBRM,1,1,1
LOXL2-AS1,1,1,1
LPA,1,1,1
LPIN2,1,1,1
LRATD2,1,1,1
LRIG3,1,1,1
LRP1-AS,1,1,1
LRP11,1,1,1
LRP3,1,1,1
LRP6,1,1,1
LRR1,1,1,1
LRRC28,1,1,1
LRRC34,1,1,1
LRRC38,1,1,1
LRRC3B-AS1,1,1,1
LRRC40,1,1,1
LRRC43,1,1,1
LRRC45,1,1,1
LRRC74A,1,1,1
LRRC74B,1,1,1
LRRC75A,1,1,1
LRRC8D,1,1,1
LRRC8D-DT,1,1,1
LRRTM4-AS1,1,1,1
LSMEM2,1,1,1
LSP1P5,1,1,1
LTBP3,1,1,1
LUARIS,1,1,1
LUC7L,1,1,1
LVRN,1,1,1
LY6G6C,1,1,1
LY6G6D,1,1,1
LY6G6F,1,1,1
LY86-AS1,1,1,1
LYL1,1,1,1
LYNX1,1,1,1
LYSET,1,1,1
LYSMD2,1,1,1
LYST,1,1,1
LYVE1,1,1,1
LZTS2,1,1,1
MACO1,1,1,1
MACROD1,1,1,1
MACROH2A2,1,1,1
MAD2L1-DT,1,1,1
MAEA,1,1,1
MAGEE1,1,1,1
MAGEL2,1,1,1
MAGOHB,1,1,1
MAMSTR,1,1,1
MAN2A2,1,1,1
MAN2B1,1,1,1
MAN2C1,1,1,1
MAP10,1,1,1
MAP1B,1,1,1
MAP2,1,1,1
MAP2K4,1,1,1
MAP2K5,1,1,1
MAP3K14,1,1,1
MAP3K19,1,1,1
MAP3K3,1,1,1
MAP3K5-AS1,1,1,1
MAP3K7CL,1,1,1
MAP4K1,1,1,1
MAP4K5,1,1,1
MAP7-AS1,1,1,1
MAP7D1,1,1,1
MAPK7,1,1,1
MAPKAPK3,1,1,1
MAPKAPK5-AS1,1,1,1
MARCHF6,1,1,1
MASP2,1,1,1
MAT2B,1,1,1
MATK,1,1,1
MBD3,1,1,1
MBD3L1,1,1,1
MBD5,1,1,1
MBNL1-AS1,1,1,1
MBOAT4,1,1,1
MBTPS1-DT,1,1,1
MC5R,1,1,1
MCM2,1,1,1
MCOLN1,1,1,1
MCRIP2,1,1,1
MCRS1,1,1,1
MCTP1-AS1,1,1,1
MDC1,1,1,1
MED27,1,1,1
MED29,1,1,1
MED31,1,1,1
MEIOSIN,1,1,1
MEIS1-AS2,1,1,1
MEP1B,1,1,1
MERTK,1,1,1
MESD,1,1,1
METTL15,1,1,1
METTL17,1,1,1
METTL21C,1,1,1
METTL9,1,1,1
MFAP2,1,1,1
MFAP3,1,1,1
MFSD1,1,1,1
MFSD10,1,1,1
MFSD13A,1,1,1
MFSD4B-DT,1,1,1
MFSD9,1,1,1
MGAM2,1,1,1
MIA2-AS1,1,1,1
MICU3,1,1,1
MIDEAS,1,1,1
MIEF2,1,1,1
MIGA2,1,1,1
MILR1,1,1,1
MINDY3,1,1,1
MIP,1,1,1
MIR100HG,1,1,1
MIR124-2HG,1,1,1
MIR210HG,1,1,1
MIR31HG,1,1,1
MIR4733HG,1,1,1
MIR503HG,1,1,1
MIR762HG,1,1,1
MIR9-3HG,1,1,1
MITD1,1,1,1
MLF1,1,1,1
MMP19,1,1,1
MMP21,1,1,1
MMP26,1,1,1
MMRN1,1,1,1
MND1,1,1,1
MNT,1,1,1
MNX1,1,1,1
MOB1A,1,1,1
MOBP,1,1,1
MOCOS,1,1,1
MOCS2,1,1,1
MOG,1,1,1
MORF4L2,1,1,1
MPIG6B,1,1,1
MPRIP,1,1,1
MPST,1,1,1
MPZL3,1,1,1
MRI1,1,1,1
MRPL18,1,1,1
MRPL20-AS1,1,1,1
MRPL27,1,1,1
MRPL49,1,1,1
MRPL58,1,1,1
MRPS10,1,1,1
MRPS11,1,1,1
MRPS12,1,1,1
MRPS14,1,1,1
MRPS15,1,1,1
MRPS18B,1,1,1
MRPS2,1,1,1
MRPS36,1,1,1
MS4A3,1,1,1
MS4A4E,1,1,1
MS4A8,1,1,1
MSANTD3,1,1,1
MSANTD7,1,1,1
MSH5,1,1,1
MSI1,1,1,1
MSRB1,1,1,1
MSRB3-AS1,1,1,1
MT1E,1,1,1
MTERF1,1,1,1
MTFR1,1,1,1
MTIF2,1,1,1
MTIF3,1,1,1
MTMR11,1,1,1
MTMR6,1,1,1
MUC16,1,1,1
MVP-DT,1,1,1
MX1,1,1,1
MX2,1,1,1
MXI1,1,1,1
MYB,1,1,1
MYCNUT,1,1,1
MYH14,1,1,1
MYL11,1,1,1
MYL12-AS1,1,1,1
MYL3,1,1,1
MYLK-AS2,1,1,1
MYO16-AS2,1,1,1
MYO9B,1,1,1
MYOF,1,1,1
MYOM2,1,1,1
MYOT,1,1,1
MYRF-AS1,1,1,1
MYT1L,1,1,1
NAA16,1,1,1
NABP2,1,1,1
NADK,1,1,1
NAGA,1,1,1
NAIF1,1,1,1
NAP1L1,1,1,1
NAP1L4,1,1,1
NAPRT,1,1,1
NAPSA,1,1,1
NASP,1,1,1
NAT14,1,1,1
NAT8L,1,1,1
NAV1,1,1,1
NAV2-AS6,1,1,1
NBPF10,1,1,1
NBPF19,1,1,1
NBPF3,1,1,1
NCAPD3,1,1,1
NCK1,1,1,1
NCKAP1L,1,1,1
NCRNA00250,1,1,1
NDP-AS1,1,1,1
NDRG2,1,1,1
NDUFB2-AS1,1,1,1
NDUFV2-AS1,1,1,1
NECAP2,1,1,1
NEDD9,1,1,1
NEK11,1,1,1
NEK5,1,1,1
NET1,1,1,1
NEURL2,1,1,1
NEUROD4,1,1,1
NFASC,1,1,1
NFATC1,1,1,1
NFIC,1,1,1
NFU1,1,1,1
NFYC,1,1,1
NGB,1,1,1
NGFR,1,1,1
NGLY1,1,1,1
NHLRC1,1,1,1
NID2,1,1,1
NINL,1,1,1
NIPBL,1,1,1
NIPBL-DT,1,1,1
NIPSNAP3B,1,1,1
NKAPD1,1,1,1
NKAPL,1,1,1
NKD1,1,1,1
NKIRAS1,1,1,1
NKRF,1,1,1
NLE1,1,1,1
NLGN3,1,1,1
NLRC4,1,1,1
NLRP10,1,1,1
NLRP14,1,1,1
NLRP7,1,1,1
NLRP9,1,1,1
NMRAL1,1,1,1
NOD1,1,1,1
NOL12,1,1,1
NOL4L-DT,1,1,1
NOMO2,1,1,1
NOP16,1,1,1
NOP2,1,1,1
NOS3,1,1,1
NOTCH2NLB,1,1,1
NOVA2,1,1,1
NOXO1,1,1,1
NPAS2-AS1,1,1,1
NPIPA5,1,1,1
NPIPA7,1,1,1
NPIPB7,1,1,1
NPIPB8,1,1,1
NPIPB9,1,1,1
NPW,1,1,1
NQO2,1,1,1
NQO2-AS1,1,1,1
NR1D1,1,1,1
NR1H4,1,1,1
NR2C2AP,1,1,1
NR2E1,1,1,1
NR5A2,1,1,1
NRBF2,1,1,1
NRBP2,1,1,1
NRF1,1,1,1
NRG1-IT3,1,1,1
NRIP2,1,1,1
NRN1L,1,1,1
NRSN1,1,1,1
NRSN2,1,1,1
NSMCE1,1,1,1
NSRP1,1,1,1
NSUN5,1,1,1
NTN5,1,1,1
NTNG2,1,1,1
NTRK1,1,1,1
NUCB1,1,1,1
NUCB1-AS1,1,1,1
NUDT10,1,1,1
NUDT17,1,1,1
NUFIP2,1,1,1
NUMA1,1,1,1
NUP107-DT,1,1,1
NUP133-DT,1,1,1
NUP205,1,1,1
NUP210L,1,1,1
NUP37,1,1,1
NUPR2,1,1,1
NUTM2A,1,1,1
NUTM2B-AS1,1,1,1
NXPE1,1,1,1
NXPE4,1,1,1
NYNRIN,1,1,1
OARD1,1,1,1
OBSL1,1,1,1
OC90,1,1,1
OCEL1,1,1,1
OCIAD1,1,1,1
OCM,1,1,1
ODAD1,1,1,1
ODAD3,1,1,1
OGFOD3,1,1,1
OGN,1,1,1
OIP5,1,1,1
OLIG1,1,1,1
ONECUT3,1,1,1
OPN1SW,1,1,1
OR10A2,1,1,1
OR11G2,1,1,1
OR11H4,1,1,1
OR13G1,1,1,1
OR1A1,1,1,1
OR1C1,1,1,1
OR2AG1,1,1,1
OR2AG2,1,1,1
OR2AJ1,1,1,1
OR2L2,1,1,1
OR2L3,1,1,1
OR2M3,1,1,1
OR2T12,1,1,1
OR2W1-AS1,1,1,1
OR3A3,1,1,1
OR56A3,1,1,1
OR56A4,1,1,1
OR5H14,1,1,1
OR6F1,1,1,1
OR7C1,1,1,1
OR9H1P,1,1,1
ORAI3,1,1,1
OSCAR,1,1,1
OSCP1,1,1,1
OSER1,1,1,1
OSGEP,1,1,1
OSGIN2,1,1,1
OSMR,1,1,1
OSTC,1,1,1
OTOAP1,1,1,1
OTUB2,1,1,1
OVAAL,1,1,1
OVCH2,1,1,1
OXA1L,1,1,1
OXR1-AS1,1,1,1
P3H4,1,1,1
PABIR3,1,1,1
PABPC4,1,1,1
PABPC5,1,1,1
PACRG-AS1,1,1,1
PACSIN3,1,1,1
PADI4,1,1,1
PAFAH2,1,1,1
PAK5,1,1,1
PALM3,1,1,1
PALS1,1,1,1
PANK3,1,1,1
PAPSS1,1,1,1
PARD6G-AS1,1,1,1
PARN,1,1,1
PARP9,1,1,1
PARS2,1,1,1
PARVG,1,1,1
PATE1,1,1,1
PATE4,1,1,1
PATL2,1,1,1
PAX5,1,1,1
PAXIP1,1,1,1
PAXIP1-AS2,1,1,1
PBX4,1,1,1
PBXIP1,1,1,1
PCAT1,1,1,1
PCAT19,1,1,1
PCAT6,1,1,1
PCDH9-AS1,1,1,1
PCDHA1,1,1,1
PCDHA5,1,1,1
PCDHA7,1,1,1
PCDHAC1,1,1,1
PCDHAC2,1,1,1
PCDHB16,1,1,1
PCDHGA11,1,1,1
PCDHGA3,1,1,1
PCDHGB1,1,1,1
PCDHGB4,1,1,1
PCDHGB5,1,1,1
PCDHGC4,1,1,1
PCDHGC5,1,1,1
PCGF1,1,1,1
PCGF3-AS1,1,2,2
PCNX3,1,1,1
PCOLCE-AS1,1,1,1
PCOTH,1,1,1
PDE4C,1,1,1
PDE5A,1,2,2
PDE7A,1,1,1
PDE9A-AS1,1,1,1
PDGFB,1,1,1
PDGFRB,1,1,1
PDIK1L,1,1,1
PDK1-AS1,1,1,1
PDLIM1,1,1,1
PDLIM4,1,1,1
PDPK1,1,1,1
PDXK,1,1,1
PDZRN3-AS1,1,1,1
PECAM1,1,1,1
PELO,1,1,1
PES1,1,1,1
PEX11B,1,1,1
PEX13,1,1,1
PFKFB1,1,1,1
PFKM,1,1,1
PGAM2,1,1,1
PGAP2,1,1,1
PGF,1,1,1
PGLYRP1,1,1,1
PGM5,1,1,1
PGR,1,1,1
PHACTR3,1,1,1
PHETA1,1,1,1
PHETA2,1,1,1
PHF6,1,1,1
PHF8,1,1,1
PHKA2,1,1,1
PHKA2-AS1,1,1,1
PHKB,1,1,1
PHKG1,1,1,1
PHYHD1,1,1,1
PIANP,1,1,1
PIAS1,1,1,1
PIEZO1,1,1,1
PIGBOS1,1,1,1
PIK3C3,1,1,1
PIK3CD,1,1,1
PINK1-AS,1,1,1
PINX1,1,1,1
PIP4K2B,1,1,1
PITPNM1,1,1,1
PIWIL2,1,1,1
PKDCC,1,1,1
PKMYT1,1,1,1
PKNOX2,1,1,1
PLAT,1,1,1
PLCB3,1,1,1
PLCD3,1,1,1
PLCD4,1,1,1
PLCE1-AS1,1,1,1
PLCG1,1,1,1
PLCG1-AS1,1,1,1
PLCXD2,1,1,1
PLEKHM1,1,1,1
PLG,1,1,1
PLIN3,1,1,1
PLIN4,1,1,1
PLSCR3,1,1,1
PLXNA3,1,1,1
PM20D2,1,1,1
PMFBP1,1,1,1
PMM1,1,1,1
PMP2,1,1,1
PMP22,1,1,1
PNLDC1,1,1,1
PNMA5,1,1,1
PNMA8A,1,1,1
PNMA8C,1,1,1
PNMT,1,1,1
PNPLA3,1,1,1
PNPLA6,1,1,1
PNRC2,1,1,1
POC1B-AS1,1,1,1
PODNL1,1,1,1
PODXL2,1,1,1
POF1B,1,1,1
POLE2,1,1,1
POLE3,1,1,1
POLG,1,1,1
POLG-DT,1,1,1
POLR1C,1,1,1
POLR2C,1,1,1
POLR2E,1,1,1
POLR3H,1,1,1
POLRMT,1,1,1
POMZP3,1,1,1
POPDC2,1,1,1
POTEG,1,1,1
POU2F2-AS1,1,1,1
POU5F1,1,1,1
POU5F1B,1,1,1
PP7080,1,1,1
PPARA,1,1,1
PPCDC,1,1,1
PPM1D,1,1,1
PPP1R10,1,1,1
PPP1R13L,1,1,1
PPP1R14A,1,1,1
PPP1R14B-AS1,1,1,1
PPP1R15A,1,1,1
PPP1R15B-AS1,1,1,1
PPP1R18,1,1,1
PPP1R32,1,1,1
PPP1R35,1,1,1
PPP1R36,1,1,1
PPP1R37,1,1,1
PPP1R3E,1,1,1
PPP1R3G,1,1,1
PPP1R42,1,1,1
PPP1R7,1,1,1
PPP2R3C,1,1,1
PPP3CB-AS1,1,1,1
PPP5D1P,1,1,1
PRAP1,1,1,1
PRB3,1,1,1
PRCD,1,1,1
PRDM7,1,1,1
PRDX3,1,1,1
PRDX6-AS1,1,1,1
PRH2,1,1,1
PRICKLE2-AS2,1,1,1
PRKACB-DT,1,1,1
PRKAR1A,1,1,1
PRKAR2B,1,1,1
PRKAR2B-AS1,1,1,1
PRKCSH,1,1,1
PRKD3,1,1,1
PRKX,1,1,1
PRKX-AS1,1,1,1
PRL,1,1,1
PRMT5-AS1,1,1,1
PROSER2-AS1,1,1,1
PROX2,1,2,2
PRPF31,1,1,1
PRPF4B,1,1,1
PRR15-DT,1,1,1
PRSS36,1,1,1
PRSS37,1,1,1
PRSS54,1,1,1
PRTG,1,1,1
PSCA,1,1,1
PSG1,1,1,1
PSG2,1,1,1
PSG7,1,1,1
PSG8-AS1,1,1,1
PSKH1,1,1,1
PSMA6,1,1,1
PSMB7,1,1,1
PSMD10,1,1,1
PSME2,1,1,1
PSMG1,1,1,1
PSPN,1,1,1
PTBP1,1,1,1
PTCHD3,1,1,1
PTDSS1,1,1,1
PTDSS2,1,1,1
PTGER4P2-CDK2AP2P2,1,1,1
PTGES,1,1,1
PTH,1,1,1
PTP4A1,1,1,1
PTPMT1,1,1,1
PTPN4,1,1,1
PTPN5,1,1,1
PTPRH,1,1,1
PTPRN,1,1,1
PTRH1,1,1,1
PUM2,1,1,1
PURA,1,1,1
PVALEF,1,1,1
PWWP2B,1,1,1
PXT1,1,1,1
PXYLP1,1,1,1
PYCR1,1,1,1
PYDC1,1,1,1
PYDC5,1,1,1
PYY,1,1,1
PYY2,1,1,1
QDPR,1,1,1
QPCTL,1,1,1
QPRT,1,1,1
QSER1,1,1,1
QTRT1,1,1,1
R3HDM4,1,1,1
RAB11A,1,1,1
RAB12,1,1,1
RAB17,1,1,1
RAB27B,1,1,1
RAB29,1,1,1
RAB39B,1,1,1
RAB6B,1,1,1
RAB6C-AS1,1,1,1
RAB6D,1,1,1
RAB9A,1,1,1
RABGAP1,1,1,1
RAD51,1,1,1
RAD9A,1,1,1
RAG1,1,1,1
RAI2,1,1,1
RALGDS,1,1,1
RALY-AS1,1,1,1
RANBP3-DT,1,1,1
RAP1A,1,1,1
RAP2B,1,1,1
RARA,1,1,1
RARRES2,1,1,1
RASA2-IT1,1,1,1
RASA4,1,1,1
RASGRP3,1,1,1
RASL10B,1,1,1
RASL11A,1,1,1
RBAKDN,1,1,1
RBBP8,1,1,1
RBM33,1,1,1
RBM41,1,1,1
RBM42,1,1,1
RBM7,1,1,1
RBP2,1,1,1
RBPMS,1,1,1
RBPMS2,1,1,1
RCE1,1,1,1
RCL1,1,1,1
RCVRN,1,1,1
RDH12,1,1,1
RDH14,1,1,1
RDH16,1,1,1
RDM1,1,1,1
REC8,1,1,1
RECQL5,1,1,1
REEP4,1,1,1
RELT,1,1,1
REM2,1,1,1
RERE,1,1,1
RETREG1-AS1,1,1,1
RETSAT,1,1,1
REV3L,1,1,1
RFC5,1,1,1
RFPL1,1,1,1
RFXANK,1,1,1
RGL3,1,1,1
RGS16,1,1,1
RGS20,1,1,1
RGS3,1,1,1
RGS4,1,1,1
RGS5,1,1,1
RGS5-AS1,1,1,1
RGS7BP,1,1,1
RHEB,1,1,1
RHOA-IT1,1,1,1
RHOBTB1,1,1,1
RHOF,1,1,1
RHOG,1,1,1
RHOQ-AS1,1,1,1
RHOV,1,1,1
RHOXF2,1,1,1
RIBC2,1,1,1
RIGI,1,1,1
RIIAD1,1,1,1
RILPL2,1,1,1
RIMOC1,1,1,1
RIMS1,1,1,1
RING1,1,1,1
RLBP1,1,1,1
RMND5B,1,1,1
RNASE4,1,1,1
RNASEH1,1,1,1
RNF103,1,1,1
RNF135,1,1,1
RNF144B,1,1,1
RNF19A,1,1,1
RNF212B,1,1,1
RNF215,1,1,1
RNF216P1,1,1,1
RNF217-AS1,1,1,1
RNF32-AS1,1,1,1
RNF6,1,1,1
RNFT2,1,1,1
RNGTT,1,1,1
RNPS1,1,1,1
ROCK1,1,1,1
RPF1,1,1,1
RPH3AL-AS2,1,1,1
RPL23AP7,1,1,1
RPL26L1-AS1,1,1,1
RPP25L,1,1,1
RPP38,1,1,1
RPS27L,1,1,1
RPS6KA1,1,1,1
RPUSD1,1,1,1
RPUSD3,1,1,1
RRAD,1,1,1
RREB1,1,1,1
RRM2,1,1,1
RRM2B,1,1,1
RRS1,1,1,1
RSAD1,1,1,1
RSRP1,1,1,1
RTEL1,1,1,1
RTF1,1,1,1
RTKN,1,1,1
RTL8B,1,1,1
RTN2,1,1,1
RTN3,1,1,1
RTTN,1,1,1
RUFY1-AS1,1,1,1
RUNDC1,1,1,1
RWDD1,1,1,1
RWDD2A,1,1,1
RWDD3,1,1,1
RYR3-DT,1,1,1
SACS-AS1,1,1,1
SALL3,1,1,1
SAMD11,1,1,1
SAMD7,1,1,1
SAP30-DT,1,1,1
SAP30L,1,1,1
SAPCD2,1,1,1
SAR1A,1,1,1
SART1,1,1,1
SAV1,1,1,1
SAXO2,1,1,1
SBSPON,1,1,1
SCAANT1,1,1,1
SCARF2,1,1,1
SCARNA9,1,1,1
SCART1,1,1,1
SCAT8,1,1,1
SCEL,1,1,1
SCIMP,1,1,1
SCML4,1,1,1
SCN3A,1,1,1
SCN3B,1,1,1
SCNN1B,1,1,1
SCNN1D,1,1,1
SCNN1G,1,1,1
SCP2D1-AS1,1,1,1
SCYL1,1,1,1
SDK1-AS1,1,1,1
SEC14L2,1,1,1
SEC23A,1,1,1
SEC31B,1,1,1
SEC61A1,1,1,1
SEH1L,1,1,1
SELENOT,1,1,1
SELPLG,1,1,1
SEM1,1,1,1
SEMA4A,1,1,1
SENP6,1,1,1
SENP7,1,1,1
SEPHS1,1,1,1
SEPHS2,1,1,1
SEPTIN1,1,1,1
SEPTIN14,1,1,1
SEPTIN6,1,1,1
SEPTIN7P11,1,1,1
SERF1B,1,1,1
SERHL2,1,1,1
SERPINE1,1,1,1
SERPINE2,1,1,1
SERPINE3,1,1,1
SERPINF2,1,1,1
SERPINH1,1,1,1
SESN1,1,1,1
SETD3,1,1,1
SEZ6L,1,1,1
SFI1,1,1,1
SFRP2,1,1,1
SGCB,1,1,1
SGK1,1,1,1
SGO1-AS1,1,1,1
SGO2,1,1,1
SH2D2A,1,1,1
SH2D4A,1,1,1
SH3BGRL2,1,1,1
SH3BP5L,1,1,1
SH3PXD2A-AS1,1,1,1
SH3TC2-DT,1,1,1
SHE,1,1,1
SHISAL2B,1,1,1
SIGLEC5,1,1,1
SIK2,1,1,1
SIRT2,1,1,1
SIVA1,1,1,1
SKA1,1,1,1
SKA2,1,1,1
SLA2,1,1,1
SLC10A4,1,1,1
SLC12A1,1,1,1
SLC12A4,1,1,1
SLC14A2,1,1,1
SLC15A5,1,1,1
SLC16A12,1,1,1
SLC16A4,1,1,1
SLC16A4-AS1,1,1,1
SLC16A5,1,1,1
SLC16A6,1,1,1
SLC17A6,1,1,1
SLC17A6-DT,1,1,1
SLC18B1,1,1,1
SLC1A2,1,1,1
SLC1A2-AS1,1,1,1
SLC1A3-AS1,1,1,1
SLC1A4,1,1,1
SLC1A5,1,1,1
SLC20A1,1,1,1
SLC22A1,1,1,1
SLC22A10,1,1,1
SLC22A13,1,1,1
SLC22A2,1,1,1
SLC22A8,1,1,1
SLC23A3,1,1,1
SLC24A5,1,1,1
SLC25A13,1,1,1
SLC25A15,1,1,1
SLC25A18,1,1,1
SLC25A22,1,1,1
SLC25A25,1,1,1
SLC25A29,1,1,1
SLC25A31,1,1,1
SLC25A34-AS1,1,1,1
SLC25A5-AS1,1,1,1
SLC27A2,1,1,1
SLC29A2,1,1,1
SLC2A2,1,1,1
SLC30A2,1,1,1
SLC30A8,1,1,1
SLC35A2,1,1,1
SLC35B2,1,1,1
SLC35C1,1,1,1
SLC35G5,1,1,1
SLC36A1,1,1,1
SLC37A4,1,1,1
SLC38A8,1,1,1
SLC38A9,1,1,1
SLC39A1,1,1,1
SLC41A2,1,1,1
SLC44A3,1,1,1
SLC46A2,1,1,1
SLC48A1,1,1,1
SLC51A,1,1,1
SLC5A1,1,1,1
SLC5A11,1,1,1
SLC5A12,1,1,1
SLC6A12,1,1,1
SLC6A13,1,1,1
SLC6A9,1,1,1
SLC7A11-AS1,1,1,1
SLC7A7,1,1,1
SLC9B1,1,1,1
SLCO1A2,1,1,1
SLX9,1,1,1
SMAD6,1,1,1
SMARCAD1,1,1,1
SMARCAD1-DT,1,1,1
SMC2-DT,1,1,1
SMC5-DT,1,1,1
SMCO1,1,1,1
SMG1P7,1,1,1
SMG6,1,1,1
SMIM1,1,1,1
SMIM12,1,1,1
SMIM27,1,1,1
SMIM31,1,1,1
SMIM32,1,1,1
SMO,1,1,1
SMPD2,1,1,1
SMTN,1,1,1
SMTNL2,1,1,1
SMYD3-IT1,1,1,1
SNAP29,1,1,1
SNF8,1,1,1
SNHG1,1,1,1
SNHG12,1,1,1
SNHG15,1,1,1
SNHG26,1,1,1
SNHG27,1,1,1
SNIP1,1,1,1
SNRPA1,1,1,1
SNW1,1,1,1
SNX17,1,1,1
SNX19,1,1,1
SNX3,1,1,1
SOCS3,1,1,1
SOCS7,1,1,1
SORD2P,1,1,1
SOS1,1,1,1
SOX7,1,1,1
SOX8,1,1,1
SP2,1,1,1
SP8,1,1,1
SPACA6-AS1,1,1,1
SPATA22,1,1,1
SPATA4,1,1,1
SPATA46,1,1,1
SPATS1,1,1,1
SPDYE17,1,1,1
SPDYE2B,1,1,1
SPECC1-DT,1,1,1
SPEF2,1,1,1
SPIDR,1,1,1
SPINT1-AS1,1,1,1
SPIRE2,1,1,1
SPNS1,1,1,1
SPON1-AS1,1,1,1
SPP1,1,1,1
SPPL3,1,1,1
SPSB2,1,1,1
SPSB3,1,1,1
SPTY2D1,1,1,1
SPX,1,1,1
SRA1,1,1,1
SRGAP2B,1,1,1
SRGAP3-AS4,1,1,1
SRPRB,1,1,1
SRRM5,1,1,1
SRSF5,1,1,1
SRSF6,1,1,1
SRSF7,1,1,1
SRXN1,1,1,1
SSBP3-AS1,1,1,1
SSC5D,1,1,1
ST20,1,1,1
ST3GAL2,1,1,1
ST3GAL6-AS1,1,1,1
ST6GAL2-IT1,1,1,1
ST6GALNAC1,1,1,1
ST6GALNAC2,1,1,1
ST7-AS2,1,1,1
STAG1,1,1,1
STAG3L5P,1,1,1
STAM-DT,1,1,1
STARD10,1,1,1
STARD7,1,1,1
STARD8,1,1,1
STAT1,1,1,1
STAT6,1,1,1
STBD1,1,1,1
STC2,1,1,1
STIP1,1,1,1
STK11,1,1,1
STK11IP,1,1,1
STK25,1,1,1
STK39,1,1,1
STRA6,1,1,1
STRAP,1,1,1
STRN4,1,1,1
STX10,1,1,1
STX17,1,1,1
STXBP2,1,1,1
STXBP3,1,1,1
SUGT1-DT,1,1,1
SULT1C5P,1,1,1
SULT2B1,1,1,1
SUMF2,1,1,1
SUN1,1,1,1
SUPT5H,1,1,1
SVOP,1,1,1
SVOPL,1,1,1
SYCP2,1,1,1
SYNE4,1,1,1
SYNGR1,1,1,1
SYNGR2,1,1,1
SYNM,1,1,1
SYT12,1,1,1
SYT15B,1,1,1
SYTL1,1,1,1
SYTL4,1,1,1
TACR2,1,1,1
TAF11,1,1,1
TAF5,1,1,1
TAF7L,1,1,1
TAGAP-AS1,1,1,1
TANC2,1,1,1
TAP1,1,1,1
TARS1,1,1,1
TARS1-DT,1,1,1
TARS3,1,1,1
TAS2R19,1,1,1
TAS2R8,1,1,1
TASP1,1,1,1
TBC1D14,1,1,1
TBC1D24,1,1,1
TBC1D32,1,1,1
TBC1D7,1,1,1
TBC1D8,1,1,1
TBC1D8-AS1,1,1,1
TBC1D9,1,1,1
TBCCD1,1,1,1
TBL2,1,1,1
TBRG4,1,1,1
TBX22,1,1,1
TBXAS1,1,1,1
TCAP,1,1,1
TCN2,1,1,1
TCP10L3,1,1,1
TCTN1,1,1,1
TDO2,1,1,1
TDP2,1,1,1
TDRD9,1,1,1
TDRKH,1,1,1
TEAD3,1,1,1
TEC,1,1,1
TECR,1,1,1
TECRL,1,1,1
TECTA,1,1,1
TEDC2-AS1,1,1,1
TEDDM1,1,1,1
TEK,1,1,1
TEKTIP1,1,1,1
TENT5D,1,1,1
TES,1,1,1
TESC-AS1,1,1,1
TESK1,1,1,1
TET1,1,1,1
TET2-AS1,1,1,1
TEX26-AS1,1,1,1
TEX264,1,1,1
TEX53,1,1,1
TEX55,1,1,1
TF,1,1,1
TFAP2E,1,1,1
TFR2,1,1,1
TGFB1I1,1,1,1
TGFB3,1,1,1
TGM3,1,1,1
TGM4,1,1,1
THAP10,1,1,1
THAP8,1,1,1
THAP9-AS1,1,1,1
THBS3-AS1,1,1,1
THBS4-AS1,1,1,1
THEMIS,1,1,1
THG1L,1,1,1
THNSL1,1,1,1
THOC1-DT,1,1,1
THRIL,1,1,1
THUMPD3-AS1,1,1,1
TIAM1-AS1,1,1,1
TICAM2,1,1,1
TIGD4,1,1,1
TIGD5,1,1,1
TIGD6,1,1,1
TIGD7,1,1,1
TIMELESS,1,1,1
TIMM50,1,1,1
TIPRL,1,1,1
TKTL1,1,1,1
TLCD3A,1,1,1
TLDC2,1,1,1
TLE6,1,1,1
TM2D2,1,1,1
TM4SF19,1,1,1
TM4SF19-AS1,1,1,1
TMA16,1,1,1
TMCC1,1,1,1
TMCC2-AS1,1,1,1
TMCO1-AS1,1,1,1
TMED7,1,1,1
TMEFF1,1,1,1
TMEM101,1,1,1
TMEM106A,1,1,1
TMEM126B,1,1,1
TMEM129,1,1,1
TMEM164,1,1,1
TMEM167A,1,1,1
TMEM167B,1,1,1
TMEM168,1,1,1
TMEM17,1,1,1
TMEM179,1,1,1
TMEM179B,1,1,1
TMEM182,1,1,1
TMEM185B,1,1,1
TMEM213,1,1,1
TMEM238,1,1,1
TMEM244,1,1,1
TMEM25,1,1,1
TMEM31,1,1,1
TMEM33,1,1,1
TMEM38B,1,1,1
TMEM42,1,1,1
TMEM50A,1,1,1
TMEM61,1,1,1
TMEM65,1,1,1
TMEM70,1,1,1
TMEM71,1,1,1
TMEM81,1,1,1
TMEM87B,1,1,1
TMEM91,1,1,1
TMEM9B-AS1,1,1,1
TMIE,1,1,1
TMOD3,1,1,1
TMPO-AS1,1,1,1
TMPRSS12,1,1,1
TMPRSS5,1,1,1
TMTC3,1,1,1
TMX4-AS1,1,1,1
TNFRSF17,1,1,1
TNFRSF21,1,1,1
TNFRSF6B,1,1,1
TNFSF10,1,1,1
TNKS,1,1,1
TNRC6A,1,1,1
TNS1,1,1,1
TNS2,1,1,1
TOB1,1,1,1
TOGARAM2,1,1,1
TOMM20L,1,1,1
TONSL,1,1,1
TOPORS,1,1,1
TOR3A,1,1,1
TP53TG3D,1,1,1
TPH2,1,1,1
TPP1,1,1,1
TPRG1-AS1,1,1,1
TPRG1L,1,1,1
TPRKB,1,1,1
TPRN,1,1,1
TPTE2,1,1,1
TPX2,1,1,1
TRABD-AS1,1,1,1
TRAF3IP1,1,1,1
TRAF5,1,1,1
TRAM1,1,1,1
TRAM2,1,1,1
TRAM2-AS1,1,1,1
TRAPPC6A,1,1,1
TRAPPC8,1,1,1
TRAPPC9,1,1,1
TRDN,1,1,1
TREH,1,1,1
TRG-AS1,1,1,1
TRH,1,1,1
TRIB3,1,1,1
TRIM16,1,1,1
TRIM45,1,1,1
TRIM52-AS1,1,1,1
TRIM60,1,1,1
TRIM69,1,1,1
TRIM73,1,1,1
TRIO,1,1,1
TRIQK,1,1,1
TRMT10A,1,1,1
TRMT2A,1,1,1
TRMT61A-DT,1,1,1
TRPM8,1,1,1
TRPV2,1,1,1
TSBP1,1,1,1
TSG101,1,1,1
TSKS,1,1,1
TSN,1,1,1
TSPAN1,1,1,1
TSPAN10,1,1,1
TSPAN19,1,1,1
TSPAN3,1,1,1
TSPAN31,1,1,1
TSPAN32,1,1,1
TSPEAR-AS2,1,1,1
TSR1,1,1,1
TSR2,1,1,1
TSSK6,1,1,1
TTC21A,1,1,1
TTC23,1,1,1
TTC29,1,1,1
TTC3-AS1,1,1,1
TTC30B,1,1,1
TTC38,1,1,1
TTC39A-AS1,1,1,1
TTC39C-AS1,1,1,1
TTC9,1,1,1
TTF2,1,1,1
TTLL1,1,1,1
TTLL12,1,1,1
TTLL5,1,1,1
TTTY10,1,1,1
TUBG1,1,1,1
TUBG2,1,1,1
TUBGCP2,1,1,1
TULP3,1,1,1
TUT4,1,1,1
TVP23B,1,1,1
TXNDC11-AS1,1,1,1
TYMS,1,1,1
TYROBP,1,1,1
TYW1,1,1,1
U2AF1,1,1,1
UBA1,1,1,1
UBA7,1,1,1
UBE2C,1,1,1
UBE2V1,1,1,1
UBE2V2,1,1,1
UBE3B,1,1,1
UBE3D,1,1,1
UBFD1,1,1,1
UBIAD1,1,1,1
UBR5,1,1,1
UBTD1,1,1,1
UBXN10,1,1,1
UBXN7,1,1,1
UCP2,1,1,1
UFSP1,1,1,1
UGCG,1,1,1
UHRF1,1,1,1
UHRF2,1,1,1
ULK4,1,1,1
UNC119,1,1,1
UNC5C-AS1,1,1,1
UPF1,1,1,1
UQCC6,1,1,1
UQCRFS1-DT,1,1,1
USHBP1,1,1,1
USO1,1,1,1
USP12,1,1,1
USP12-DT,1,1,1
USP18,1,1,1
USP2-AS1,1,1,1
USP26,1,1,1
USP27X,1,1,1
USP40,1,1,1
USP43,1,1,1
USP46,1,1,1
USP5,1,1,1
USP54,1,1,1
UTP11,1,1,1
UTP15,1,1,1
UTS2B,1,1,1
VAMP5,1,1,1
VAMP7,1,1,1
VANGL2,1,1,1
VASN,1,1,1
VCPKMT,1,1,1
VDAC3,1,1,1
VDR,1,1,1
VEZF1,1,1,1
VLDLR,1,1,1
VOPP1-DT,1,1,1
VPS11-DT,1,1,1
VPS13C-DT,1,1,1
VPS35,1,1,1
VPS37C,1,1,1
VPS9D1-AS1,1,1,1
VTI1A,1,1,1
VTI1B,1,1,1
VWA1,1,1,1
VWA8-AS1,1,1,1
WARS2,1,1,1
WASHC5,1,1,1
WASIR2,1,1,1
WASL-DT,1,1,1
WBP11,1,1,1
WDFY3,1,1,1
WDFY3-AS2,1,1,1
WDFY4,1,1,1
WDHD1,1,1,1
WDR26,1,1,1
WDR31,1,1,1
WDR45,1,1,1
WDR64,1,1,1
WDR7,1,1,1
WDR7-OT1,1,1,1
WDR74,1,1,1
WDR77,1,1,1
WDSUB1,1,1,1
WEE1,1,1,1
WEE2-AS1,1,1,1
WNT7A,1,1,1
WNT9B,1,1,1
WT1-AS,1,1,1
XAF1,1,1,1
XIAP-AS1,1,1,1
XIRP2,1,1,1
XIST,1,1,1
XK,1,1,1
XRCC6,1,1,1
XYLT2,1,1,1
YIF1A,1,1,1
YIPF1,1,1,1
YJU2,1,1,1
YKT6,1,1,1
YPEL1,1,1,1
YPEL4,1,1,1
YRDC,1,1,1
ZBED5-AS1,1,1,1
ZBTB37,1,1,1
ZBTB46-AS1,1,1,1
ZBTB7C,1,1,1
ZBTB7C-AS1,1,1,1
ZBTB8OS,1,1,1
ZBTB9,1,1,1
ZC2HC1A,1,1,1
ZC2HC1C,1,1,1
ZC3H11C,1,1,1
ZCCHC14-DT,1,1,1
ZCCHC18,1,1,1
ZCCHC3,1,1,1
ZCCHC9,1,1,1
ZDHHC12-DT,1,1,1
ZDHHC13,1,1,1
ZDHHC6,1,1,1
ZFAT-AS1,1,1,1
ZFHX2,1,1,1
ZFHX3-AS1,1,1,1
ZFP2,1,1,1
ZFP28,1,1,1
ZFP41,1,1,1
ZFP62,1,1,1
ZFY-AS1,1,1,1
ZFYVE9,1,1,1
ZHX1,1,1,1
ZHX3,1,1,1
ZMPSTE24-DT,1,1,1
ZMYM4,1,1,1
ZMYM4-AS1,1,1,1
ZNF10,1,1,1
ZNF106,1,1,1
ZNF124,1,1,1
ZNF136,1,1,1
ZNF14,1,1,1
ZNF189,1,1,1
ZNF207,1,1,1
ZNF222,1,1,1
ZNF229,1,1,1
ZNF232,1,1,1
ZNF232-AS1,1,1,1
ZNF236,1,1,1
ZNF280D,1,1,1
ZNF283,1,1,1
ZNF286B,1,1,1
ZNF296,1,1,1
ZNF317,1,1,1
ZNF32,1,1,1
ZNF32-AS2,1,1,1
ZNF330,1,1,1
ZNF335,1,1,1
ZNF337,1,1,1
ZNF33A,1,1,1
ZNF358,1,1,1
ZNF365,1,1,1
ZNF436,1,1,1
ZNF439,1,1,1
ZNF454-DT,1,1,1
ZNF460,1,1,1
ZNF460-AS1,1,1,1
ZNF462,1,1,1
ZNF470,1,1,1
ZNF471,1,1,1
ZNF500,1,1,1
ZNF532,1,1,1
ZNF554,1,1,1
ZNF563,1,1,1
ZNF572,1,1,1
ZNF574,1,1,1
ZNF578,1,1,1
ZNF579,1,1,1
ZNF582-DT,1,1,1
ZNF598,1,1,1
ZNF605,1,1,1
ZNF611,1,1,1
ZNF613,1,1,1
ZNF615,1,1,1
ZNF619,1,1,1
ZNF628,1,1,1
ZNF629,1,1,1
ZNF649,1,1,1
ZNF652-AS1,1,1,1
ZNF664,1,1,1
ZNF689,1,1,1
ZNF691,1,1,1
ZNF691-DT,1,1,1
ZNF70,1,1,1
ZNF701,1,1,1
ZNF718,1,1,1
ZNF727,1,1,1
ZNF75D,1,1,1
ZNF76,1,1,1
ZNF766,1,1,1
ZNF768,1,1,1
ZNF787,1,1,1
ZNF83,1,1,1
ZNF835,1,1,1
ZNF862,1,1,1
ZNF888-AS1,1,1,1
ZNF90,1,1,1
ZNF91,1,1,1
ZNG1C,1,1,1
ZNRD2,1,1,1
ZPR1,1,1,1
ZRANB2-DT,1,1,1
ZSCAN18,1,1,1
ZSCAN29,1,1,1
ZSCAN5A-AS1,1,1,1
ZWINT,1,1,1
ZXDC,1,1,1
ZZZ3,1,1,1
