hormone,subset,covariate,compound_id,Name,Super.Class,Pathways,rho,p,fdr,sig,n
E2,Sex-combined,Sex,Amide-Pos-000240,"N,N-Diethylethanolamine",Organic nitrogen compounds,NA,0.6150752708765851,0.005065689720867988,0.863701637440574,FALSE,20
E2,Sex-combined,Sex,C8-Pos-002412,Lpe 22:3,Lipids and lipid-like molecules,NA,-0.601037851037851,0.006494801277185306,0.863701637440574,FALSE,20
E2,Sex-combined,Sex,C8-Pos-000382,D-Sphingosine,Organic nitrogen compounds,R-HSA-9845614;WP1422;WP4142;WP4153;WP4725;WP4726;WP4846;WP4949;WP5143;WP5194,0.5999256336628761,0.006620803924810737,0.863701637440574,FALSE,20
E2,Sex-combined,Sex,C8-Neg-003489,Ps(16:1_26:4),Lipids and lipid-like molecules,NA,0.5972378425130395,0.040315166427421806,0.863701637440574,FALSE,13
E2,Sex-combined,Sex,Amide-Pos-000085,Cyclohexylamine,Organic nitrogen compounds,NA,0.593010613255737,0.007449671569277943,0.863701637440574,FALSE,20
E2,Sex-combined,Sex,Amide-Pos-000913,Anserine,Organic acids and derivatives,map00340;map00410;R-HSA-70921;WP4486,0.5858403211830235,0.010626431295546539,0.863701637440574,FALSE,19
E2,Sex-combined,Sex,C18-Pos-000931,"1,3-Benzodioxolylbutanamine (Bdb)",Organoheterocyclic compounds,NA,-0.5768228043143948,0.06320007877796455,0.863701637440574,FALSE,12
E2,Sex-combined,Sex,Amide-Neg-000001,Acrylic Acid,Organic acids and derivatives,NA,0.5756734815703576,0.012420848313702975,0.863701637440574,FALSE,19
E2,Sex-combined,Sex,Amide-Pos-001360,"D-Myo-Inositol-1,2-Diphosphate",Organic oxygen compounds,NA,0.5462324503064051,0.015535967162735554,0.863701637440574,FALSE,20
E2,Sex-combined,Sex,C8-Neg-003462,Pc(17:3_20:1),Lipids and lipid-like molecules,NA,0.5436984925295076,0.02407527707582235,0.863701637440574,FALSE,18
E2,Sex-combined,Sex,C8-Neg-002321,"(2s)-2-Hydroxy-3-[(Hydroxy{[(1s,2r,3r,4s,5s,6r)-2,3,4,5,6-Pentahydroxycyclohexyl]Oxy}Phosphoryl)Oxy]Propyl (12z)-12-Octadecenoate",Lipids and lipid-like molecules,NA,-0.5381589277020896,0.017459503357201946,0.863701637440574,FALSE,20
E2,Sex-combined,Sex,C8-Pos-003614,Tg(36:6_4:0),Lipids and lipid-like molecules,NA,0.5172168232179383,0.023340377220932004,0.863701637440574,FALSE,20
E2,Sex-combined,Sex,Amide-Pos-000180,Uracil,Organoheterocyclic compounds,map00410;R-HSA-110329;R-HSA-425397;R-HSA-73614;R-HSA-73621;R-HSA-73884;R-HSA-73928;R-HSA-73929;R-HSA-83936;R-HSA-8956319;R-HSA-8956321;WP4022;WP4157;WP4225;WP4584;WP4595,-0.5123830475562791,0.024896954816747432,0.863701637440574,FALSE,20
E2,Sex-combined,Sex,Amide-Pos-000957,Uridine,"Nucleosides, nucleotides, and analogues",R-HSA-425397;R-HSA-5619063;R-HSA-73614;R-HSA-73621;R-HSA-83936;R-HSA-8956319;R-HSA-8956321;WP4022;WP4225;WP4485;WP4584;WP4595;WP5408,-0.5098220913113662,0.02575405201059562,0.863701637440574,FALSE,20
E2,Sex-combined,Sex,Amide-Pos-001770,Cytidine 5'-Triphosphate,Organic oxygen compounds,R-HSA-1483148;R-HSA-1483191;R-HSA-1483213;R-HSA-1483226;R-HSA-4085001;R-HSA-446199;R-HSA-446219;R-HSA-4755583;R-HSA-499943;R-HSA-5609975;R-HSA-6784531;R-HSA-6785470;R-HSA-6807505;R-HSA-8850843;R-HSA-8956319;WP2533;WP4022;WP4225;WP4584;WP466;WP4906,0.49877893197777906,0.041543982293617276,0.863701637440574,FALSE,18
E2,Sex-combined,Sex,C8-Neg-003343,Pg(20:3_20:4),Lipids and lipid-like molecules,NA,0.49333432512464304,0.03184048361805116,0.863701637440574,FALSE,20
E2,Sex-combined,Sex,Amide-Neg-001873,"D-Fructose-1,6-Bisphosphate",Organic oxygen compounds,map00051;R-HSA-70171;R-HSA-70263;R-HSA-70268;R-HSA-70326;R-HSA-73817;R-HSA-8956320;WP1946;WP2456;WP4290;WP4628;WP4629;WP4949;WP5178;WP5216;WP534,0.4843864479652238,0.041640384029220205,0.863701637440574,FALSE,19
E2,Sex-combined,Sex,C18-Pos-001951,Gln-Gly-Ile,Organic acids and derivatives,NA,-0.4828872482141736,0.058139761937778756,0.863701637440574,FALSE,17
E2,Sex-combined,Sex,Amide-Pos-000167,Amifampridine,Organoheterocyclic compounds,NA,-0.48241205000848586,0.04260321119387298,0.863701637440574,FALSE,19
E2,Sex-combined,Sex,C8-Pos-003687,Dg(20:4_22:5),Lipids and lipid-like molecules,NA,0.48205917155578,0.03660867627050535,0.863701637440574,FALSE,20
E2,Sex-combined,Sex,C8-Pos-004362,"1,3,5-Tris(3,5-Di-Tert-Butyl-4-Hydroxybenzyl)-1,3,5-Triazine-2,4,6(1h,3h,5h)-Trione",Benzenoids,NA,-0.4808063688563766,0.043398668297152374,0.863701637440574,FALSE,19
E2,Sex-combined,Sex,Amide-Neg-000344,L-Ornithine,Organic acids and derivatives,map00330;R-HSA-351202;R-HSA-352230;R-HSA-420499;R-HSA-70635;R-HSA-71288;R-HSA-8964539;WP2525;WP3580;WP3602;WP4225;WP4571;WP4583;WP4595;WP497;WP5026;WP5078;WP661,0.47861254788858787,0.0445037147737201,0.863701637440574,FALSE,19
E2,Sex-combined,Sex,C8-Pos-004631,Pc(15:1cho_22:2),Lipids and lipid-like molecules,NA,-0.4779579933350636,0.03847359700052592,0.863701637440574,FALSE,20
E2,Sex-combined,Sex,C8-Pos-005302,Pe(26:4_19:6cooh),Lipids and lipid-like molecules,NA,-0.4768961841877625,0.061793368402629806,0.863701637440574,FALSE,17
E2,Sex-combined,Sex,Amide-Pos-000372,Asparagine,Organic acids and derivatives,map00250;map00910;R-HSA-352230;R-HSA-379716;R-HSA-379724;R-HSA-379726;R-HSA-442660;R-HSA-5676934;R-HSA-8963693;WP106;WP3953;WP4290,0.47597640598409824,0.03940052702284694,0.863701637440574,FALSE,20
E2,Sex-combined,Sex,Amide-Pos-001865,Guanosine-5'-Triphosphate,"Nucleosides, nucleotides, and analogues",map00020;map00051;map00250;map00620;map00790;R-HSA-114608;R-HSA-1445148;R-HSA-1483255;R-HSA-1660499;R-HSA-1660514;R-HSA-2132295;R-HSA-432040;R-HSA-445717;R-HSA-5620920;R-HSA-5620922;R-HSA-5620924;R-HSA-5624138;R-HSA-6811438;R-HSA-76005;R-HSA-8854214;R-HSA-9007101;R-HSA-983170;WP4236;WP4539;WP4928;WP4969;WP5366;WP585;WP78,0.474969474969475,0.03987808468822966,0.863701637440574,FALSE,20
E2,Sex-combined,Sex,Amide-Neg-001422,Adenosine Triphosphate (Atp),"Nucleosides, nucleotides, and analogues",map00020;map00051;map00052;map00071;map00100;map00120;map00190;map00250;map00270;map00280;map00330;map00340;map00360;map00380;map00450;map00480;map00520;map00561;map00562;map00620;map00640;map00650;map00670;map00730;map00740;map00760;map00770;map00780;map00910;map00920;map01040;WP111;WP1584;WP1602;WP176;WP2267;WP2333;WP2485;WP2533;WP2571;WP3580;WP3656;WP3869;WP4141;WP4191;WP4195;WP4206;WP4224;WP4236;WP4292;WP4317;WP4321;WP4518;WP4628;WP4629;WP4742;WP4900;WP4950;WP521;WP5283;WP531;WP5396;WP623;WP692;WP698;WP704;WP715;WP78,0.4683729490194961,0.04311775725638966,0.863701637440574,FALSE,20
E2,Sex-combined,Sex,C8-Pos-000708,"N,N-Dimethylsphingosine",Organic nitrogen compounds,NA,-0.46774310301552435,0.04343733193967805,0.863701637440574,FALSE,20
E2,Sex-combined,Sex,Amide-Pos-001585,S-Adenosylmethionine,"Nucleosides, nucleotides, and analogues",NA,-0.4643525680955496,0.045188947575693694,0.863701637440574,FALSE,20
E2,Sex-combined,Sex,Amide-Neg-001626,Uridine 5'-Diphosphoglucuronic Acid,"Nucleosides, nucleotides, and analogues",map00150;map00520;map00860;WP3871;WP4784;WP5312;WP698,0.45767422396904844,0.04879664522933432,0.863701637440574,FALSE,20
E2,Sex-combined,Sex,C18-Pos-000695,2-Aminocaprylate,Organic acids and derivatives,NA,0.4541559883701746,0.050783367017484315,0.863701637440574,FALSE,20
E2,Sex-combined,Sex,C8-Neg-000223,Dodecyl Sulfate,Organic acids and derivatives,NA,0.4500277803500589,0.05319227615111599,0.863701637440574,FALSE,20
E2,Sex-combined,Sex,C8-Neg-003274,Cl(12:0cooh_22:0_24:1_21:2),Lipids and lipid-like molecules,NA,0.4500054199481194,0.053205555606975465,0.863701637440574,FALSE,20
E2,Sex-combined,Sex,C8-Pos-001297,Bis(4-Ethylbenzylidene)Sorbitol,Organoheterocyclic compounds,NA,-0.4494058246638205,0.05356258316359907,0.863701637440574,FALSE,20
E2,Sex-combined,Sex,Amide-Neg-002149,Uridine 5'-Triphosphate Sodium Salt,"Nucleosides, nucleotides, and analogues",map00052;map00520;R-HSA-156588;R-HSA-173599;R-HSA-3322077;R-HSA-417957;R-HSA-418038;R-HSA-429914;R-HSA-429947;R-HSA-446210;R-HSA-446219;R-HSA-499943;R-HSA-5683826;R-HSA-6807505;R-HSA-8850843;R-HSA-8956319;R-HSA-8982491;R-HSA-9816359;R-HSA-9820865;WP4022;WP4225;WP4584;WP466;WP4900;WP698,0.4490831387994795,0.0537554756776062,0.863701637440574,FALSE,20
E2,Sex-combined,Sex,C18-Pos-000219,N-Methylcyclohexylamine,Organic nitrogen compounds,NA,0.4479130653927983,0.05445932992688747,0.863701637440574,FALSE,20
E2,Sex-combined,Sex,Amide-Pos-001621,Cytidine 5'-Diphosphate,"Nucleosides, nucleotides, and analogues",R-HSA-446199;R-HSA-446219;R-HSA-499943;R-HSA-8850843;R-HSA-8956319;R-HSA-9660826;R-HSA-9664424;WP4022;WP4225;WP4584,0.44265216035999416,0.05771055398162599,0.863701637440574,FALSE,20
E2,Sex-combined,Sex,Amide-Neg-000697,Dl-Arginine,Organic acids and derivatives,WP5029;WP5078;WP5192,0.4408028551230044,0.05888751802102134,0.863701637440574,FALSE,20
E2,Sex-combined,Sex,Amide-Pos-000411,Hypoxanthtine,Organoheterocyclic compounds,R-HSA-110331;R-HSA-425397;R-HSA-73884;R-HSA-73927;R-HSA-73929;R-HSA-74217;R-HSA-74259;R-HSA-83936;R-HSA-8956319;R-HSA-8956321;R-HSA-9734207;R-HSA-9734281;R-HSA-9735804;WP4224;WP4792;WP661,-0.43768133918819163,0.06091507651545901,0.863701637440574,FALSE,20
E2,Sex-combined,Sex,Amide-Pos-000448,Proline Betaine,Organic acids and derivatives,NA,0.43414524575982305,0.06327484523374169,0.863701637440574,FALSE,20
E2,Sex-combined,Sex,C8-Neg-003610,Pc(19:5cooh_25:8),Lipids and lipid-like molecules,NA,0.4556844358596701,0.06602711846294093,0.8682199759081259,FALSE,18
E2,Sex-combined,Sex,C8-Neg-003063,Pi(O-5:0_21:0),Lipids and lipid-like molecules,NA,0.42906230453089206,0.06678615199293277,0.8682199759081259,FALSE,20
E2,Sex-combined,Sex,C8-Neg-002972,Oahfa(15:1_27:4),Lipids and lipid-like molecules,NA,-0.43766790324237936,0.06930032529883828,0.8799529677480395,FALSE,19
E2,Sex-combined,Sex,C18-Pos-001575,Asp-Phe,Organic acids and derivatives,NA,0.4221323761002711,0.07180541555144078,0.8910399293428787,FALSE,20
E2,Sex-combined,Sex,C18-Pos-000393,L-Aspartic Acid,Organic acids and derivatives,map00250;map00330;map00350;map00410;map00910;R-HSA-1638091;R-HSA-2024096;R-HSA-379716;R-HSA-379724;R-HSA-379726;R-HSA-389661;R-HSA-500753;R-HSA-5619062;R-HSA-5619067;R-HSA-5676934;R-HSA-70635;R-HSA-73817;R-HSA-8956320;R-HSA-8963691;R-HSA-8963693;R-HSA-8964208;R-HSA-8964539;R-HSA-9717189;R-HSA-9717207;R-HSA-9856872;WP106;WP3602;WP4224;WP4225;WP4519;WP4571;WP4583;WP4595;WP497;WP5029;WP534;WP5365,0.4297980913260756,0.07505001109469676,0.9106068012823207,FALSE,19
E2,Sex-combined,Sex,Amide-Pos-001079,Inosine,"Nucleosides, nucleotides, and analogues",R-HSA-2161522;R-HSA-2161541;R-HSA-425397;R-HSA-5619063;R-HSA-5683826;R-HSA-74217;R-HSA-74259;R-HSA-83936;R-HSA-8956319;R-HSA-8956321;R-HSA-9735763;R-HSA-9735786;R-HSA-9735804;R-HSA-9755088;WP4224;WP4485;WP4792,-0.41134956923021004,0.0801656586676771,0.9515315137511238,FALSE,20
E2,Sex-combined,Sex,Amide-Neg-000195,L-Malic Acid,Organic acids and derivatives,map00020;map00620;R-HSA-1614517;R-HSA-1614558;R-HSA-1614635;R-HSA-428643;R-HSA-70263;R-HSA-70268;R-HSA-70326;R-HSA-71403;R-HSA-9856872;WP106;WP2453;WP3602;WP4206;WP4236;WP4241;WP4290;WP4315;WP4595;WP4661;WP5046;WP5050;WP5213;WP534;WP5401;WP5434;WP661;WP78,0.42442899702085407,0.13038327546901424,0.9534436589801626,FALSE,15
E2,Sex-combined,Sex,C18-Pos-001644,Adenylyl(3'-5')Cytidine,"Nucleosides, nucleotides, and analogues",NA,0.41715192240923643,0.08501400714251921,0.9534436589801626,FALSE,19
E2,Sex-combined,Sex,Amide-Pos-002120,Dihydronicotinamide-Adenine Dinucleotide,"Nucleosides, nucleotides, and analogues",NA,-0.41636416091547634,0.08566507275625172,0.9534436589801626,FALSE,19
E2,Sex-combined,Sex,Amide-Neg-000094,Levulinic Acid,Organic acids and derivatives,NA,0.4089264370582064,0.09199237231099854,0.9534436589801626,FALSE,19
E2,Sex-combined,Sex,Amide-Neg-001041,Phosphocreatine,Organic acids and derivatives,map00330;R-HSA-71288;WP4584;WP4628;WP497;WP5190,0.40304226680923677,0.0870803091636187,0.9534436589801626,FALSE,20
E2,Sex-combined,Sex,C8-Neg-003578,Pc(19:1cooh_23:3),Lipids and lipid-like molecules,NA,0.3998821345177704,0.11175289117545209,0.9534436589801626,FALSE,18
E2,Sex-combined,Sex,Amide-Pos-002316,Pe(18:0_22:6),Lipids and lipid-like molecules,NA,0.39982050285327403,0.11181325429365307,0.9534436589801626,FALSE,18
E2,Sex-combined,Sex,Amide-Neg-000484,L-Lysine,Organic acids and derivatives,map00310;map00780;R-HSA-196780;R-HSA-264876;R-HSA-2980736;R-HSA-352230;R-HSA-379716;R-HSA-379724;R-HSA-379726;R-HSA-420499;R-HSA-442660;R-HSA-5223345;R-HSA-5619094;R-HSA-5619113;R-HSA-5660883;R-HSA-5689603;R-HSA-71064;WP4228;WP661,0.3932562701932439,0.09577489337022144,0.9534436589801626,FALSE,20
E2,Sex-combined,Sex,C8-Pos-005192,Ps(20:5_24:4),Lipids and lipid-like molecules,NA,-0.39271563751646055,0.09627294574080147,0.9534436589801626,FALSE,20
E2,Sex-combined,Sex,Amide-Neg-001170,N-Beta-Alanyl-L-Histidine,Organic acids and derivatives,map00340;map00410;R-HSA-70921;WP106;WP4486;WP5313,0.3883543334624816,0.10035977305509339,0.9534436589801626,FALSE,20
E2,Sex-combined,Sex,Amide-Pos-000536,L-Histidine,Organic acids and derivatives,map00340;map00410;map00910;R-HSA-352230;R-HSA-379716;R-HSA-379724;R-HSA-379726;R-HSA-427975;R-HSA-442660;R-HSA-5223345;R-HSA-5619094;R-HSA-70921;R-HSA-71240;WP4486;WP4661;WP5313;WP550;WP661,0.38473492240887175,0.10384556112984011,0.9534436589801626,FALSE,20
E2,Sex-combined,Sex,Amide-Pos-000599,1-Methylhistidine,Organic acids and derivatives,map00340;map00410,0.3844339622641509,0.12761317801683084,0.9534436589801626,FALSE,18
E2,Sex-combined,Sex,Amide-Neg-000214,L-Valine,Organic acids and derivatives,map00280;map00640;R-HSA-352230;R-HSA-379716;R-HSA-379724;R-HSA-379726;R-HSA-442660;R-HSA-5619044;R-HSA-5619094;R-HSA-5659735;R-HSA-70895;R-HSA-71240;WP3953;WP4225;WP4233;WP4686;WP661,0.3825519412365297,0.10598971026638133,0.9534436589801626,FALSE,20
E2,Sex-combined,Sex,Amide-Pos-000296,5-Methylcytosine,Organoheterocyclic compounds,R-HSA-212300;R-HSA-427413;R-HSA-5221030;R-HSA-5250941;R-HSA-5334118;R-HSA-73728;R-HSA-73854;R-HSA-73864;R-HSA-9816359;R-HSA-9821002;R-HSA-9842860;R-HSA-9845323;WP3585,-0.3812923018467849,0.10724134936991417,0.9534436589801626,FALSE,20
E2,Sex-combined,Sex,Amide-Pos-000383,Adenine,Organoheterocyclic compounds,R-HSA-110331;R-HSA-1237112;R-HSA-1614635;R-HSA-425397;R-HSA-5619063;R-HSA-73884;R-HSA-73927;R-HSA-73929;R-HSA-74217;R-HSA-83936;R-HSA-8956321;R-HSA-9734195;R-HSA-9734207;R-HSA-9735804;WP3580;WP4224;WP4792;WP5078;WP80,-0.38071403239630947,0.1190797757325062,0.9534436589801626,FALSE,19
E2,Sex-combined,Sex,Amide-Pos-000376,L(+)-Ornithine,Organic acids and derivatives,map00330;R-HSA-351202;R-HSA-352230;R-HSA-420499;R-HSA-70635;R-HSA-71288;R-HSA-8964539;WP2525;WP3580;WP3602;WP4225;WP4571;WP4583;WP4595;WP497;WP5026;WP5078;WP661,0.38060372496491884,0.1079300294327122,0.9534436589801626,FALSE,20
E2,Sex-combined,Sex,C8-Pos-003647,Lpe 34:1,Lipids and lipid-like molecules,NA,0.3795797057998649,0.10896007255945024,0.9534436589801626,FALSE,20
E2,Sex-combined,Sex,C18-Pos-002636,S-4-(2-Oxo-Butyl)Glutathione,Organic acids and derivatives,NA,0.37628737703606707,0.12379208270229795,0.9534436589801626,FALSE,19
E2,Sex-combined,Sex,Amide-Pos-000754,Acetyl-L-Carnitine,Lipids and lipid-like molecules,map01040;R-HSA-389887;R-HSA-390918;WP106,0.3751614369074914,0.11348533879538765,0.9534436589801626,FALSE,20
E2,Sex-combined,Sex,C8-Pos-004628,Pc(9:0_28:7),Lipids and lipid-like molecules,NA,0.3734170708405649,0.11530843019608464,0.9534436589801626,FALSE,20
E2,Sex-combined,Sex,Amide-Pos-000094,3-(Ethenyloxy)Propan-1-Amine,Organic oxygen compounds,NA,0.37142517854293516,0.11741568259453115,0.9534436589801626,FALSE,20
E2,Sex-combined,Sex,Amide-Neg-001243,D-Ribose 5-Phosphate,Organic oxygen compounds,R-HSA-163754;R-HSA-2393930;R-HSA-5663084;R-HSA-6791465;R-HSA-71336;R-HSA-73843;R-HSA-74259;R-HSA-8956319;WP134;WP3602;WP4224;WP4290;WP4297;WP4792;WP5043;WP5220,0.3681361842931286,0.12095499451203878,0.9534436589801626,FALSE,20
E2,Sex-combined,Sex,C8-Neg-003619,Ps(22:3_24:7),Lipids and lipid-like molecules,NA,-0.36729029565248283,0.12187738214931686,0.9534436589801626,FALSE,20
E2,Sex-combined,Sex,C18-Pos-002570,Myristoyl-L-Carnitine,Lipids and lipid-like molecules,NA,0.36502289282203854,0.1243744495635835,0.9534436589801626,FALSE,20
E2,Sex-combined,Sex,Amide-Neg-000135,D-Glyceric Acid,Organic oxygen compounds,map00561;R-HSA-5652084;R-HSA-70350;WP5166;WP5178,0.3634452429079855,0.1261331383175278,0.9534436589801626,FALSE,20
E2,Sex-combined,Sex,C8-Pos-005434,Pi(18:0_22:6),Lipids and lipid-like molecules,NA,-0.3620394740290958,0.1277149766126861,0.9534436589801626,FALSE,20
E2,Sex-combined,Sex,Amide-Neg-000331,D-Asparagine,Organic acids and derivatives,NA,0.3620268620268621,0.12772923134034658,0.9534436589801626,FALSE,20
E2,Sex-combined,Sex,Amide-Pos-000747,"N3,N4-Dimethyl-L-Arginine",Organic acids and derivatives,WP4947,-0.3604038601221446,0.12957301986664505,0.9534436589801626,FALSE,20
E2,Sex-combined,Sex,C18-Pos-002454,Guanosine-5'-Monophosphate,"Nucleosides, nucleotides, and analogues",map00250;R-HSA-157579;R-HSA-174414;R-HSA-174417;R-HSA-174437;R-HSA-180786;R-HSA-2485179;R-HSA-2514856;R-HSA-3000480;R-HSA-3299685;R-HSA-392154;R-HSA-4086398;R-HSA-418346;R-HSA-418457;R-HSA-425397;R-HSA-429914;R-HSA-429958;R-HSA-430039;R-HSA-499943;R-HSA-69166;R-HSA-69183;R-HSA-69186;R-HSA-69190;R-HSA-69239;R-HSA-72086;R-HSA-727802;R-HSA-73817;R-HSA-73886;R-HSA-74217;R-HSA-74259;R-HSA-8850843;R-HSA-8956319;R-HSA-8956320;R-HSA-8956321;R-HSA-9660826;R-HSA-9664424;R-HSA-9717189;R-HSA-9717207;WP411;WP4222;WP4224;WP4792;WP5294;WP5348,-0.3591871166469571,0.13096753557419816,0.9534436589801626,FALSE,20
E2,Sex-combined,Sex,Amide-Pos-000661,N8-Acetylspermidine,Organic acids and derivatives,NA,-0.44359860211906743,0.14860101303574452,0.9595466927602103,FALSE,13
E2,Sex-combined,Sex,C8-Pos-004340,Pc(19:1_15:0),Lipids and lipid-like molecules,NA,0.41565114387876034,0.15779336904737107,0.9595466927602103,FALSE,14
E2,Sex-combined,Sex,Amide-Neg-000866,N-Acetyl-L-Methionine,Organic acids and derivatives,NA,0.4142665472473027,0.1408432902345805,0.9595466927602103,FALSE,15
E2,Sex-combined,Sex,Amide-Pos-000860,L-Ergothioneine,Organic acids and derivatives,R-HSA-549127;R-HSA-549132,0.4130675868767851,0.14211314907530362,0.9595466927602103,FALSE,15
E2,Sex-combined,Sex,C8-Pos-003929,Tg(28:6_14:3cho),Lipids and lipid-like molecules,NA,0.38729172623272046,0.15380246566046543,0.9595466927602103,FALSE,16
E2,Sex-combined,Sex,C8-Pos-003874,Pc 16:0_16:1,Lipids and lipid-like molecules,NA,0.3856739828310449,0.24141922565404317,0.9595466927602103,FALSE,12
E2,Sex-combined,Sex,C8-Pos-003685,Pe(O-26:3_7:0),Lipids and lipid-like molecules,NA,0.3839221993097365,0.14208394687525994,0.9595466927602103,FALSE,17
E2,Sex-combined,Sex,C8-Neg-003596,Ps(23:2_21:0),Lipids and lipid-like molecules,NA,-0.3830229586152079,0.19642378426732465,0.9595466927602103,FALSE,14
E2,Sex-combined,Sex,C18-Pos-002092,Adenosine 3'5'-Cyclic Monophosphate,"Nucleosides, nucleotides, and analogues",R-HSA-109703;R-HSA-109704;R-HSA-111885;R-HSA-111931;R-HSA-111933;R-HSA-111957;R-HSA-111996;R-HSA-111997;R-HSA-112040;R-HSA-112043;R-HSA-112399;R-HSA-1296061;R-HSA-1296071;R-HSA-1489509;R-HSA-163359;R-HSA-163615;R-HSA-164378;R-HSA-165160;R-HSA-170660;R-HSA-180024;R-HSA-2404192;R-HSA-2428924;R-HSA-2428928;R-HSA-381676;R-HSA-392517;R-HSA-418597;R-HSA-422356;R-HSA-432040;R-HSA-438064;R-HSA-442720;R-HSA-442755;R-HSA-445717;R-HSA-5210891;R-HSA-5339562;R-HSA-5610787;R-HSA-70171;R-HSA-70268;R-HSA-70326;R-HSA-74751;R-HSA-74752;R-HSA-9634597;R-HSA-9660821;R-HSA-9664323;WP1403;WP1602;WP1981;WP2197;WP2355;WP2380;WP2526;WP2571;WP2636;WP3298;WP35;WP3676;WP3869;WP3876;WP391;WP4008;WP4149;WP4222;WP4321;WP4549;WP4589;WP474;WP4746;WP4808;WP4838;WP4900;WP4941;WP500;WP5085;WP5088;WP5094;WP5122;WP5191;WP5231;WP5318;WP5321;WP5342;WP5344;WP5360;WP5366;WP5408;WP5434;WP712;WP734,0.37553753609755747,0.18577264838972735,0.9595466927602103,FALSE,15
E2,Sex-combined,Sex,C8-Pos-004871,Pe(20:5_22:2),Lipids and lipid-like molecules,NA,-0.35648798312830227,0.16016027785637904,0.9595466927602103,FALSE,18
E2,Sex-combined,Sex,C8-Neg-003418,Ps(15:0_25:3),Lipids and lipid-like molecules,NA,0.3532682497967385,0.21534225549801372,0.9595466927602103,FALSE,15
E2,Sex-combined,Sex,C8-Pos-004942,Pc(21:2cho_19:4),Lipids and lipid-like molecules,NA,-0.3500085702249735,0.14182889290581027,0.9595466927602103,FALSE,20
E2,Sex-combined,Sex,Amide-Neg-002218,Cytidine-5'-Monophospho-N-Acetylneuraminic Acid,"Nucleosides, nucleotides, and analogues",map00520;WP5151,0.34956332964724024,0.14237125045629673,0.9595466927602103,FALSE,20
E2,Sex-combined,Sex,C8-Neg-002450,Lpc(20:1),Lipids and lipid-like molecules,NA,-0.348765939053407,0.14334618052894454,0.9595466927602103,FALSE,20
E2,Sex-combined,Sex,C8-Neg-003730,Pc(18:3cho_26:8),Lipids and lipid-like molecules,NA,0.34743873353326915,0.14497918457866246,0.9595466927602103,FALSE,20
E2,Sex-combined,Sex,Amide-Pos-000937,Cytarabine,"Nucleosides, nucleotides, and analogues",NA,-0.34450916845931795,0.14862945000482186,0.9595466927602103,FALSE,20
E2,Sex-combined,Sex,C8-Neg-003556,Ps(20:1_24:6),Lipids and lipid-like molecules,NA,0.34316516579280104,0.1774931677507044,0.9595466927602103,FALSE,18
E2,Sex-combined,Sex,C8-Neg-003439,Dgdg(18:0_11:1),Lipids and lipid-like molecules,NA,-0.34065934065934067,0.1535225998394784,0.9595466927602103,FALSE,20
E2,Sex-combined,Sex,Amide-Neg-001697,Udp-N-Acetylglucosamine,"Nucleosides, nucleotides, and analogues",map00520;WP5151;WP5220,0.33878194162932507,0.281389141929412,0.9595466927602103,FALSE,13
E2,Sex-combined,Sex,C8-Neg-003644,Pc(21:1cooh_23:6),Lipids and lipid-like molecules,NA,0.3370578437189742,0.15819979292223885,0.9595466927602103,FALSE,20
E2,Sex-combined,Sex,C8-Pos-004614,Pc(15:2cho_22:2),Lipids and lipid-like molecules,NA,-0.33325746456902133,0.1632405463601831,0.9595466927602103,FALSE,20
E2,Sex-combined,Sex,C18-Neg-001236,"5,5-Dimethyl-2-{[(2-Phenylacetyl)Amino]Methyl}-1,3-Thiazolane-4-Carboxylic Acid",Organic acids and derivatives,NA,-0.33154952036859436,0.19358981675189033,0.9595466927602103,FALSE,18
E2,Sex-combined,Sex,C8-Pos-001332,Palmitoylcarnitine,Lipids and lipid-like molecules,NA,0.3311932841670872,0.16602401964313232,0.9595466927602103,FALSE,20
E2,Sex-combined,Sex,Amide-Pos-001107,L-Saccharopine,Organic acids and derivatives,map00310;R-HSA-71064;WP4228,-0.33086541892336196,0.16646909866509071,0.9595466927602103,FALSE,20
E2,Sex-combined,Sex,Amide-Neg-000523,Xanthine,Organoheterocyclic compounds,R-HSA-74259;R-HSA-8956319;WP3633;WP4224;WP4507;WP4792,0.330728528224221,0.16665516945808545,0.9595466927602103,FALSE,20
E2,Sex-combined,Sex,C8-Pos-004831,2-Docosahexaenoyl-1-Stearoyl-Sn-Glycero-3-Phosphoserine,Lipids and lipid-like molecules,NA,-0.32977398844830047,0.23000363959262732,0.9595466927602103,FALSE,16
E2,Sex-combined,Sex,Amide-Pos-001025,5-Methylcytidine,"Nucleosides, nucleotides, and analogues",NA,-0.32709874889652824,0.1851935085054663,0.9595466927602103,FALSE,19
E2,Sex-combined,Sex,C8-Pos-004505,Pe(P-19:4_23:5),Lipids and lipid-like molecules,NA,0.32646232093119054,0.1725253911712292,0.9595466927602103,FALSE,20
E2,Sex-combined,Sex,C18-Pos-002507,2-(Alpha-D-Mannopyranosyl)-L-Tryptophan,Organoheterocyclic compounds,NA,0.3215473990741407,0.22458103060577267,0.9595466927602103,FALSE,17
E2,Sex-combined,Sex,C18-Pos-000567,Phloretic Acid,Phenylpropanoids and polyketides,NA,0.3203942480514286,0.18111443780375888,0.9595466927602103,FALSE,20
E2,Sex-combined,Sex,Amide-Neg-000658,Dihydroxyacetone Phosphate,Organic oxygen compounds,R-HSA-1483166;R-HSA-163560;R-HSA-5652084;R-HSA-70171;R-HSA-70263;R-HSA-70326;R-HSA-70350;R-HSA-75896;R-HSA-8848584;R-HSA-8979227;WP143;WP1946;WP2456;WP2533;WP325;WP3602;WP4297;WP4628;WP4629;WP4949;WP5178;WP5275;WP534;WP690,-0.318293937758534,0.21309740941707359,0.9595466927602103,FALSE,18
E2,Sex-combined,Sex,C8-Neg-000432,"8z,11z,14z-Eicosatrienoic Acid",Lipids and lipid-like molecules,map00592;R-HSA-2980736;R-HSA-381771;R-HSA-400508;R-HSA-444209;WP4586;WP4723;WP4853,-0.31736021161154776,0.18551518966698263,0.9595466927602103,FALSE,20
E2,Sex-combined,Sex,C8-Pos-002684,Tg(15:1cho_15:2),Lipids and lipid-like molecules,NA,0.31502961808811225,0.23465087900238005,0.9595466927602103,FALSE,17
E2,Sex-combined,Sex,Amide-Neg-000288,N-Acetyl-Serine,Organic acids and derivatives,NA,0.3118088823091679,0.29968325418668623,0.9595466927602103,FALSE,14
E2,Sex-combined,Sex,Amide-Pos-000503,Guanine,Organoheterocyclic compounds,R-HSA-425397;R-HSA-6782315;R-HSA-74217;R-HSA-74259;R-HSA-83936;R-HSA-8956319;R-HSA-8956321;R-HSA-9734207;R-HSA-9734281;R-HSA-9735804;WP4224;WP4792,-0.31084677215784356,0.19520373331037794,0.9595466927602103,FALSE,20
E2,Sex-combined,Sex,C8-Pos-005843,Tg(20:1_24:5_20:6),Lipids and lipid-like molecules,NA,-0.3084384159351408,0.19886982849894494,0.9595466927602103,FALSE,20
E2,Sex-combined,Sex,Amide-Pos-001508,Tetradecanoyl-L-Carnitine,Lipids and lipid-like molecules,NA,0.3071796613699291,0.20080402091322092,0.9595466927602103,FALSE,20
E2,Sex-combined,Sex,Amide-Pos-001947,Udp-Β-D-Glucose (Sodium Salt),"Nucleosides, nucleotides, and analogues",map00052;map00520;WP3602;WP4784;WP4900;WP500;WP5173;WP5312;WP5314;WP5345;WP698,-0.3057623391816145,0.26773755981391034,0.9595466927602103,FALSE,16
E2,Sex-combined,Sex,C8-Pos-005193,Pc(20:0_22:5),Lipids and lipid-like molecules,NA,-0.30508960939112506,0.268845453498621,0.9595466927602103,FALSE,16
E2,Sex-combined,Sex,C8-Pos-003050,Tg(29:3cooh_2:0),Lipids and lipid-like molecules,NA,0.3044629568843143,0.23476053045361928,0.9595466927602103,FALSE,18
E2,Sex-combined,Sex,Amide-Pos-000200,Creatine,Organic acids and derivatives,map00330;R-HSA-71288;WP1495;WP4583;WP4584;WP4628;WP497;WP5190,-0.3042266751647612,0.20539035960454774,0.9595466927602103,FALSE,20
E2,Sex-combined,Sex,Amide-Pos-000849,Carnosine,Organic acids and derivatives,NA,0.30291341910712816,0.20745203217066335,0.9595466927602103,FALSE,20
E2,Sex-combined,Sex,Amide-Neg-000405,L-Threonic Acid Calcium Salt,Organic oxygen compounds,R-HSA-196836,-0.30208122270642573,0.27383363231397984,0.9595466927602103,FALSE,16
E2,Sex-combined,Sex,Amide-Pos-001042,Lhnfrfaovvpesm-Crgcijnfna-N,Organic oxygen compounds,NA,0.3013584220891243,0.20991078583576936,0.9595466927602103,FALSE,20
E2,Sex-combined,Sex,Amide-Pos-002017,Guanosine 5'-Diphospho-Α-D-Mannose,"Nucleosides, nucleotides, and analogues",NA,0.3013584220891243,0.20991078583576936,0.9595466927602103,FALSE,20
E2,Sex-combined,Sex,Amide-Pos-000314,4-Piperidinecarboxamide,Organoheterocyclic compounds,NA,0.3003663003663004,0.21148949375835732,0.9595466927602103,FALSE,20
E2,Sex-combined,Sex,Amide-Neg-000078,Isobutyric Acid,Organic acids and derivatives,NA,0.2997759738814745,0.21243253666015233,0.9595466927602103,FALSE,20
E2,Sex-combined,Sex,Amide-Neg-000678,Dehydroascorbic Acid,Organoheterocyclic compounds,map00350,0.2949432753926186,0.23476882181633282,0.9595466927602103,FALSE,19
E2,Sex-combined,Sex,Amide-Pos-000447,L-2-Aminoadipic Acid,Organic acids and derivatives,map00310;R-HSA-71064;WP4228;WP4519,0.29487179487179477,0.22037356469945102,0.9595466927602103,FALSE,20
E2,Sex-combined,Sex,Amide-Neg-000051,Dl-Lactic Acid,Organic acids and derivatives,WP1946;WP4141;WP4206;WP4236;WP4917;WP5046;WP5049;WP5092;WP5216;WP5220;WP5313;WP5314;WP5356,-0.294818652849741,0.30619482633459405,0.9595466927602103,FALSE,15
E2,Sex-combined,Sex,Amide-Neg-000876,Citric Acid,Organic acids and derivatives,map00020;R-HSA-200425;R-HSA-389542;R-HSA-428643;R-HSA-433137;R-HSA-70171;R-HSA-70326;R-HSA-71403;R-HSA-75105;R-HSA-8978934;R-HSA-9717189;R-HSA-9729555;WP106;WP2453;WP357;WP3602;WP4206;WP4290;WP4661;WP4966;WP5213;WP78,0.2934388417298823,0.2700048150783762,0.9595466927602103,FALSE,17
E2,Sex-combined,Sex,C8-Pos-004667,Tg(5:0_15:0cho_28:3),Lipids and lipid-like molecules,NA,0.2930056507632455,0.25372570452107307,0.9595466927602103,FALSE,18
E2,Sex-combined,Sex,C8-Neg-003529,Ps 22:6_22:6,Lipids and lipid-like molecules,NA,0.2926819857120771,0.25427492626967,0.9595466927602103,FALSE,18
E2,Sex-combined,Sex,Amide-Pos-000171,Cytosine,Organoheterocyclic compounds,R-HSA-425397;R-HSA-83936;WP3585;WP4584,-0.29235713510542793,0.2245193911633107,0.9595466927602103,FALSE,20
E2,Sex-combined,Sex,C18-Pos-000207,Caprolactam,Organoheterocyclic compounds,R-HSA-9717189;R-HSA-9717207,0.28975317364705716,0.2592784356708332,0.9595466927602103,FALSE,18
E2,Sex-combined,Sex,Amide-Pos-001132,1-Methyladenosine,"Nucleosides, nucleotides, and analogues",WP4485,-0.2889313646548839,0.23024827864632832,0.9595466927602103,FALSE,20
E2,Sex-combined,Sex,C8-Pos-004333,Pe(17:5cho_22:6),Lipids and lipid-like molecules,NA,-0.28793072263387826,0.23193929027714555,0.9595466927602103,FALSE,20
E2,Sex-combined,Sex,C8-Pos-005189,Ps 22:4_22:5,Lipids and lipid-like molecules,NA,-0.2876269982429142,0.2324541421748997,0.9595466927602103,FALSE,20
E2,Sex-combined,Sex,C8-Neg-000086,Myristic Acid,Lipids and lipid-like molecules,R-HSA-112310;R-HSA-2980736;R-HSA-381771;R-HSA-400508;R-HSA-425397;R-HSA-444209;R-HSA-5619108;R-HSA-804914;WP4724,0.28727056529924155,0.2330592805671793,0.9595466927602103,FALSE,20
E2,Sex-combined,Sex,C8-Pos-000689,Oleoyl Ethanolamide,Organic nitrogen compounds,R-HSA-112310;R-HSA-2980736;R-HSA-381771;R-HSA-400508;R-HSA-400511;WP4949,-0.285896203942877,0.2354021129602081,0.9595466927602103,FALSE,20
E2,Sex-combined,Sex,C8-Neg-000566,Docosatrienoic Acid,Lipids and lipid-like molecules,NA,-0.28446978647596843,0.23784963770071063,0.9595466927602103,FALSE,20
E2,Sex-combined,Sex,Amide-Neg-000158,Maleic Hydrazide,Organoheterocyclic compounds,NA,0.2841091229817726,0.23847105908438018,0.9595466927602103,FALSE,20
E2,Sex-combined,Sex,Amide-Neg-002264,2-Oleoyl-1-Stearoyl-Sn-Glycero-3-Phosphoserine,Lipids and lipid-like molecules,NA,0.27942163076632603,0.2774126482478709,0.9595466927602103,FALSE,18
E2,Sex-combined,Sex,C18-Pos-004585,1-Oleoyl-Sn-Glycero-3-Phosphocholine,Lipids and lipid-like molecules,NA,-0.2777093341965546,0.2496709564704449,0.9595466927602103,FALSE,20
E2,Sex-combined,Sex,C18-Pos-001031,Triethylene Glycol Monobutyl Ether,Organic oxygen compounds,NA,-0.2772383610108746,0.25050813795414417,0.9595466927602103,FALSE,20
E2,Sex-combined,Sex,Amide-Pos-000270,Trometamol,Organic nitrogen compounds,NA,0.27424557015821965,0.30400770617524386,0.9595466927602103,FALSE,17
E2,Sex-combined,Sex,Amide-Pos-000236,Dl-Valine,Organic acids and derivatives,WP4686;WP5029,0.2739606699508286,0.2563836784335592,0.9595466927602103,FALSE,20
E2,Sex-combined,Sex,C8-Pos-005013,Pc(18:2_20:4cooh),Lipids and lipid-like molecules,NA,-0.2731138133851448,0.28885483952392776,0.9595466927602103,FALSE,18
E2,Sex-combined,Sex,C8-Pos-004273,Pe(O-16:2_22:3),Lipids and lipid-like molecules,NA,0.2709765764977309,0.2618078712056027,0.9595466927602103,FALSE,20
E2,Sex-combined,Sex,C18-Pos-003241,Oleoyl-L-Carnitine,Lipids and lipid-like molecules,NA,0.2698139338300358,0.26394055573747954,0.9595466927602103,FALSE,20
E2,Sex-combined,Sex,C8-Pos-005214,Pc(14:1_28:3),Lipids and lipid-like molecules,NA,-0.26869816580268596,0.2659974594157771,0.9595466927602103,FALSE,20
E2,Sex-combined,Sex,C8-Pos-003565,Cerp(D18:0_20:3),Lipids and lipid-like molecules,NA,0.26829545846107816,0.2667422995652532,0.9595466927602103,FALSE,20
E2,Sex-combined,Sex,Amide-Pos-000026,Beta-Alanine,Organic acids and derivatives,map00250;map00340;map00410;map00640;R-HSA-112310;R-HSA-352230;R-HSA-442660;R-HSA-5619094;R-HSA-70921;R-HSA-73621;R-HSA-888590;R-HSA-888593;R-HSA-8956319;R-HSA-8963693;WP106;WP4022;WP4157;WP4225;WP4486;WP4583;WP4584;WP4686;WP5313,-0.2682199341427787,0.266882132941603,0.9595466927602103,FALSE,20
E2,Sex-combined,Sex,C8-Neg-003658,Pc(19:2cooh_21:6),Lipids and lipid-like molecules,NA,-0.26801355552192035,0.26726447676117565,0.9595466927602103,FALSE,20
E2,Sex-combined,Sex,C8-Pos-001413,Miltefosine,Organic nitrogen compounds,NA,-0.2674878842500068,0.2682398972966654,0.9595466927602103,FALSE,20
E2,Sex-combined,Sex,C8-Neg-003713,Pc(20:3_25:5),Lipids and lipid-like molecules,NA,0.2670973160932025,0.2689660607931145,0.9595466927602103,FALSE,20
E2,Sex-combined,Sex,Amide-Pos-000144,2-Aminoisobutyric Acid,Organic acids and derivatives,NA,-0.2667264791718322,0.2696566723908014,0.9595466927602103,FALSE,20
E2,Sex-combined,Sex,C8-Pos-002045,Lpe 18:1,Lipids and lipid-like molecules,NA,-0.26648379778492304,0.27010921688714984,0.9595466927602103,FALSE,20
E2,Sex-combined,Sex,Amide-Neg-000291,Dl-Pyroglutamic Acid,Organic acids and derivatives,WP4518,0.2655934906750384,0.271773482036923,0.9595466927602103,FALSE,20
E2,Sex-combined,Sex,Amide-Pos-000918,3-Hydroxy-1-Methyl-3-(2-Oxopropyl)Indol-2-One,Organoheterocyclic compounds,NA,0.26495404004792583,0.2729727435661873,0.9595466927602103,FALSE,20
E2,Sex-combined,Sex,C8-Neg-000175,Δ2-Cis-Hexadecenoic Acid,Lipids and lipid-like molecules,NA,0.2646003023681568,0.27363757315688075,0.9595466927602103,FALSE,20
E2,Sex-combined,Sex,C8-Pos-005188,Pe(22:2_21:4cooh),Lipids and lipid-like molecules,NA,-0.2639703007543078,0.2748241123212891,0.9595466927602103,FALSE,20
E2,Sex-combined,Sex,C8-Neg-001716,Lpi(O-14:1),Lipids and lipid-like molecules,NA,-0.2637972319060204,0.29017837980390615,0.9595466927602103,FALSE,19
E2,Sex-combined,Sex,Amide-Pos-002257,1-Stearoyl-2-Oleoyl-Sn-Glycero-3-Phosphoethanolamine,Lipids and lipid-like molecules,NA,0.2632878577768177,0.27611301368357066,0.9595466927602103,FALSE,20
E2,Sex-combined,Sex,C8-Pos-001064,4-Cholestenone,Lipids and lipid-like molecules,WP4718;WP5329,0.2629098833194082,0.27682848664320586,0.9595466927602103,FALSE,20
E2,Sex-combined,Sex,Amide-Pos-001385,"[2,2'-Biquinoline]-4,4'-Dicarboxylic Acid",Organoheterocyclic compounds,NA,0.26221278036261675,0.27815104960339787,0.9595466927602103,FALSE,20
E2,Sex-combined,Sex,Amide-Neg-001943,5'-Xanthylic Acid,"Nucleosides, nucleotides, and analogues",map00250;R-HSA-73817;R-HSA-74259;R-HSA-8956319;R-HSA-8956320;WP4224;WP4792,0.26220483131677536,0.3093044284355257,0.9595466927602103,FALSE,18
E2,Sex-combined,Sex,Amide-Pos-001528,Hyflavin,Organoheterocyclic compounds,NA,-0.26166771208331113,0.27918788490630164,0.9595466927602103,FALSE,20
E2,Sex-combined,Sex,C8-Neg-003585,Pc(12:1_28:3),Lipids and lipid-like molecules,NA,0.2612437870161845,0.27999592826927494,0.9595466927602103,FALSE,20
E2,Sex-combined,Sex,C8-Neg-003377,Pi(16:1_18:3),Lipids and lipid-like molecules,NA,0.257441913351911,0.3023828382915826,0.9595466927602103,FALSE,19
E2,Sex-combined,Sex,C8-Pos-004891,Pet(20:0_23:6),Lipids and lipid-like molecules,NA,-0.256822013711398,0.2885102026112303,0.9595466927602103,FALSE,20
E2,Sex-combined,Sex,C8-Pos-004446,Pc 38:4,Lipids and lipid-like molecules,NA,0.25640125987246376,0.289328546525211,0.9595466927602103,FALSE,20
E2,Sex-combined,Sex,C8-Pos-001006,Citroflex 4,Organic acids and derivatives,NA,0.25368403701233433,0.2946475560714984,0.9595466927602103,FALSE,20
E2,Sex-combined,Sex,Amide-Pos-001135,Risedronic Acid,Organic acids and derivatives,R-HSA-191273;WP4189,0.2528480835660964,0.29629584123174213,0.9595466927602103,FALSE,20
E2,Sex-combined,Sex,Amide-Pos-001139,N-Acetyl-D-Glucosamine 6-Phosphate,Organic oxygen compounds,map00250;map00520;R-HSA-446210;R-HSA-446219;WP5220;WP5394,0.25159851751300477,0.29877009072708516,0.9595466927602103,FALSE,20
E2,Sex-combined,Sex,Amide-Neg-000499,D-(+)-Ribonic Acid Gamma-Lactone,Organic oxygen compounds,NA,0.25122744011040077,0.29950726152024687,0.9595466927602103,FALSE,20
E2,Sex-combined,Sex,C8-Pos-001356,Citroflex A-4,Organic acids and derivatives,NA,0.24904455958315425,0.30386598717854574,0.9595466927602103,FALSE,20
E2,Sex-combined,Sex,C8-Pos-002720,Lpc 22:6-Sn1,Lipids and lipid-like molecules,NA,-0.24820146558379952,0.30555964885185205,0.9595466927602103,FALSE,20
E2,Sex-combined,Sex,C8-Pos-004921,Tg(49:11_2:0),Lipids and lipid-like molecules,NA,-0.24780737774847347,0.3063532642983835,0.9595466927602103,FALSE,20
E2,Sex-combined,Sex,C8-Pos-005208,Pc(15:1cooh_27:7),Lipids and lipid-like molecules,NA,-0.24755799755799754,0.30685610739650276,0.9595466927602103,FALSE,20
E2,Sex-combined,Sex,C8-Pos-004202,Pe(18:0_20:4),Lipids and lipid-like molecules,WP4313,0.2464751704637186,0.3090452440429648,0.9595466927602103,FALSE,20
E2,Sex-combined,Sex,C8-Pos-005110,Pe(O-14:0_32:0),Lipids and lipid-like molecules,NA,-0.25909009498552177,0.31529636940941147,0.9726091395341168,FALSE,18
E2,Sex-combined,Sex,C18-Pos-000286,Nicotinamide,Organoheterocyclic compounds,map00760;R-HSA-110362;R-HSA-110373;R-HSA-1592230;R-HSA-170834;R-HSA-196807;R-HSA-197264;R-HSA-204174;R-HSA-2151201;R-HSA-2173793;R-HSA-2173795;R-HSA-2408508;R-HSA-2995383;R-HSA-2995410;R-HSA-3371453;R-HSA-3371556;R-HSA-427359;R-HSA-4641257;R-HSA-5250941;R-HSA-5336415;R-HSA-5339562;R-HSA-5685939;R-HSA-5693538;R-HSA-5693567;R-HSA-5693607;R-HSA-5696394;R-HSA-5696398;R-HSA-5696399;R-HSA-6807070;R-HSA-70268;R-HSA-71403;R-HSA-73884;R-HSA-73933;R-HSA-8948751;R-HSA-9614085;R-HSA-9617629;R-HSA-9635486;R-HSA-9637679;R-HSA-9637698;R-HSA-9683610;R-HSA-9683701;R-HSA-9694631;R-HSA-9694635;R-HSA-9730414;R-HSA-9772573;R-HSA-9854311;R-HSA-9856649;R-HSA-9861718;WP2848;WP3644;WP3645;WP4210;WP5046;WP5346,0.26916312653832336,0.42349593159785137,0.9809389402494415,FALSE,12
E2,Sex-combined,Sex,C8-Neg-003216,Sqdg(2:0_28:0),Lipids and lipid-like molecules,NA,-0.26797726572229796,0.3997254157706943,0.9809389402494415,FALSE,13
E2,Sex-combined,Sex,C8-Neg-003657,Ps(17:1_29:3),Lipids and lipid-like molecules,NA,0.2558132750339872,0.4222537473959631,0.9809389402494415,FALSE,13
E2,Sex-combined,Sex,C18-Pos-000384,Cis-4-Hydroxy-D-Proline,Organic acids and derivatives,NA,-0.25339821189833067,0.34366229822927696,0.9809389402494415,FALSE,17
E2,Sex-combined,Sex,Amide-Neg-000729,L-Ascorbic Acid,Organoheterocyclic compounds,map00350;R-HSA-1234174;R-HSA-1234176;R-HSA-1474151;R-HSA-1474290;R-HSA-1650814;R-HSA-196836;R-HSA-209776;R-HSA-209905;R-HSA-5221030;R-HSA-71262;R-HSA-8963684;R-HSA-8963691;R-HSA-8978934;WP1533;WP1995;WP2848;WP4269,0.24690274231193227,0.32328922230140344,0.9809389402494415,FALSE,19
E2,Sex-combined,Sex,Amide-Neg-000108,2-Oxobutanoic Acid,Organic acids and derivatives,map00270;map00450;map00640;R-HSA-1614558;R-HSA-1614603;R-HSA-1614635;R-HSA-2408508;R-HSA-8849175;WP2525;WP4504,0.2467546734904721,0.395070663198963,0.9809389402494415,FALSE,15
E2,Sex-combined,Sex,C8-Pos-004870,Pe(15:0_27:7),Lipids and lipid-like molecules,NA,0.24298795154285016,0.33126598936458185,0.9809389402494415,FALSE,19
E2,Sex-combined,Sex,Amide-Pos-000336,N-Acetylputrescine,Organic acids and derivatives,WP4157,-0.23978054017617637,0.3227870286077277,0.9809389402494415,FALSE,20
E2,Sex-combined,Sex,Amide-Pos-001163,Ophthalmate,Organic acids and derivatives,WP2525;WP4487,0.23938547510660727,0.32360909299548957,0.9809389402494415,FALSE,20
E2,Sex-combined,Sex,Amide-Pos-000230,Prolinamide,Organic acids and derivatives,NA,0.23750567964348118,0.3586700948095741,0.9809389402494415,FALSE,18
E2,Sex-combined,Sex,Amide-Neg-000119,"D,L-Serine",Organic acids and derivatives,map00270;map00450;map00910;R-HSA-1483101;R-HSA-1614558;R-HSA-1614603;R-HSA-1614635;R-HSA-1660661;R-HSA-196757;R-HSA-2408508;R-HSA-2408557;R-HSA-352230;R-HSA-379716;R-HSA-379724;R-HSA-379726;R-HSA-442660;R-HSA-5619044;R-HSA-5619094;R-HSA-5659735;R-HSA-977347;WP1422;WP1495;WP1533;WP176;WP241;WP2525;WP2533;WP3933;WP3996;WP4142;WP4259;WP4290;WP4297;WP4504;WP4577;WP4589;WP4628;WP4688;WP4725;WP4726;WP5028;WP5029;WP5049;WP5121;WP5166;WP5194;WP5213;WP5312,0.23681266816629037,0.328992937943995,0.9809389402494415,FALSE,20
E2,Sex-combined,Sex,C8-Neg-003637,Dgdg(6:0_28:2),Lipids and lipid-like molecules,NA,0.23644010926899703,0.3297768978146237,0.9809389402494415,FALSE,20
E2,Sex-combined,Sex,Amide-Neg-000449,O-Phosphocolamine,Organic acids and derivatives,R-HSA-1483213;R-HSA-9845614;WP1422;WP2525;WP2533;WP3933;WP4142;WP4722;WP4725;WP4726;WP5090;WP5194,0.2355708401118696,0.33161033287992936,0.9809389402494415,FALSE,20
E2,Sex-combined,Sex,C18-Pos-001415,(R)-Pantetheine,Organic acids and derivatives,map00640;map00770;R-HSA-199220;WP5345,-0.23449355031496372,0.333890804892675,0.9809389402494415,FALSE,20
E2,Sex-combined,Sex,Amide-Pos-001317,N-Acetyl-Neuraminic Acid,Organic oxygen compounds,R-HSA-1660662;R-HSA-4085001;R-HSA-428643;R-HSA-446219;R-HSA-5619035;R-HSA-975576;R-HSA-975577;R-HSA-9840310;WP5151,-0.2319383595699116,0.4457661768050599,0.9809389402494415,FALSE,14
E2,Sex-combined,Sex,C8-Pos-004801,Pc(16:1cooh_23:3),Lipids and lipid-like molecules,NA,0.2307692307692307,0.34184519380515066,0.9809389402494415,FALSE,20
E2,Sex-combined,Sex,C8-Neg-003398,Pi(22:0_12:1),Lipids and lipid-like molecules,NA,0.23068746673918714,0.34202105025049145,0.9809389402494415,FALSE,20
E2,Sex-combined,Sex,C8-Neg-003479,Ps(18:0_24:6),Lipids and lipid-like molecules,NA,0.230472522123475,0.34248359952953866,0.9809389402494415,FALSE,20
E2,Sex-combined,Sex,C8-Pos-001073,Cer(D15:2_7:0),Lipids and lipid-like molecules,NA,0.22917248669322635,0.3603216027443418,0.9809389402494415,FALSE,19
E2,Sex-combined,Sex,Amide-Neg-001874,"D-Fructose 1,6-Bisphosphate",Organic oxygen compounds,WP5220,0.22779183943644957,0.34828276005180236,0.9809389402494415,FALSE,20
E2,Sex-combined,Sex,C18-Pos-000645,Diethyl Phosphate,Organic acids and derivatives,NA,-0.22685055177280347,0.38125778202233496,0.9809389402494415,FALSE,18
E2,Sex-combined,Sex,C8-Neg-003628,Pc(30:8_11:3cooh),Lipids and lipid-like molecules,NA,-0.2260736185984082,0.3670309639701723,0.9809389402494415,FALSE,19
E2,Sex-combined,Sex,Amide-Pos-000960,Pro-Glu,Organic acids and derivatives,NA,0.22573231112714295,0.35277641865728093,0.9809389402494415,FALSE,20
E2,Sex-combined,Sex,Amide-Neg-000235,D-Threonine,Organic acids and derivatives,NA,0.22541868699012232,0.4012355444828637,0.9809389402494415,FALSE,17
E2,Sex-combined,Sex,Amide-Pos-000996,2'-Deoxyadenosine,"Nucleosides, nucleotides, and analogues",R-HSA-1222556;R-HSA-425397;R-HSA-74217;R-HSA-74259;R-HSA-83936;R-HSA-8956319;R-HSA-8956321;R-HSA-9734207;R-HSA-9734735;R-HSA-9735804;WP4224;WP4792;WP5269,-0.22178806375529764,0.36147475115770156,0.9809389402494415,FALSE,20
E2,Sex-combined,Sex,C8-Pos-001592,"2-[{[(1s,4s,6s)-4-({5-[4-(Dimethylamino)Phenyl]-1,3,4-Oxadiazol-2-Yl}Methyl)-6-Isopropyl-3-Methyl-2-Cyclohexen-1-Yl]Methyl}(Methyl)Amino]Ethanol",Lipids and lipid-like molecules,NA,0.22098299385036074,0.3782038322735436,0.9809389402494415,FALSE,19
E2,Sex-combined,Sex,C8-Pos-001241,Dg(3:0_15:0),Lipids and lipid-like molecules,NA,0.21855921855921856,0.36868540002752903,0.9809389402494415,FALSE,20
E2,Sex-combined,Sex,C18-Pos-002294,Inosine-5'-Monophosphate (Imp),"Nucleosides, nucleotides, and analogues",map00250;R-HSA-2161522;R-HSA-2161541;R-HSA-2393930;R-HSA-3000480;R-HSA-73817;R-HSA-74217;R-HSA-74259;R-HSA-8850843;R-HSA-8956319;R-HSA-8956320;R-HSA-8956321;R-HSA-9717189;R-HSA-9717207;R-HSA-9755088;WP4224;WP4290;WP4792,0.21846915318881946,0.49513890972230257,0.9809389402494415,FALSE,13
E2,Sex-combined,Sex,Amide-Pos-001195,"Dodecanamide,N-[3-(Dimethyloxidoamino)Propyl]",Lipids and lipid-like molecules,NA,-0.2171802910552041,0.4368558087210803,0.9809389402494415,FALSE,16
E2,Sex-combined,Sex,Amide-Pos-001066,Adenosine,"Nucleosides, nucleotides, and analogues",map00270;map00450;R-HSA-156581;R-HSA-1614635;R-HSA-166520;R-HSA-187015;R-HSA-187024;R-HSA-187037;R-HSA-2161522;R-HSA-2161541;R-HSA-2408508;R-HSA-417973;R-HSA-418038;R-HSA-425397;R-HSA-5619063;R-HSA-5683826;R-HSA-73942;R-HSA-73943;R-HSA-74217;R-HSA-74259;R-HSA-83936;R-HSA-8956319;R-HSA-8956321;R-HSA-9660821;R-HSA-9734207;R-HSA-9734735;R-HSA-9735804;WP3580;WP4224;WP4292;WP4485;WP4504;WP4792;WP4900;WP5078;WP5408;WP80,-0.21534001690768897,0.3759547556595346,0.9809389402494415,FALSE,20
E2,Sex-combined,Sex,C18-Neg-001023,Xanthosine,"Nucleosides, nucleotides, and analogues",WP4224;WP4792,0.2151475134799722,0.501881284052157,0.9809389402494415,FALSE,13
E2,Sex-combined,Sex,Amide-Neg-000220,"L-Threonic Acid-1,4-Lactone",Organoheterocyclic compounds,NA,0.21503686880251668,0.3766434143105575,0.9809389402494415,FALSE,20
E2,Sex-combined,Sex,C8-Pos-000245,Monolaurin,Lipids and lipid-like molecules,NA,-0.21447203472701618,0.3779284264458478,0.9809389402494415,FALSE,20
E2,Sex-combined,Sex,C8-Pos-004866,Pet(16:0_27:7),Lipids and lipid-like molecules,NA,-0.21400187373341792,0.3789999233632291,0.9809389402494415,FALSE,20
E2,Sex-combined,Sex,Amide-Pos-000658,Trans-3-Indoleacrylic Acid,Organoheterocyclic compounds,WP465,0.2128967950088618,0.3815250736048996,0.9809389402494415,FALSE,20
E2,Sex-combined,Sex,C8-Neg-003604,Pg(24:1_22:7),Lipids and lipid-like molecules,NA,-0.21176936536362076,0.38411093375484606,0.9809389402494415,FALSE,20
E2,Sex-combined,Sex,C8-Pos-004019,Pa(18:1_20:0),Lipids and lipid-like molecules,NA,0.21133352077363904,0.48825384843370356,0.9809389402494415,FALSE,14
E2,Sex-combined,Sex,Amide-Pos-000635,Cysteinylglycine,Organic acids and derivatives,NA,0.20998026278290405,0.3882343295155446,0.9809389402494415,FALSE,20
E2,Sex-combined,Sex,Amide-Pos-000072,Hypotaurine,Organic acids and derivatives,map00430;R-HSA-1614558;R-HSA-1614635;R-HSA-8963693;WP2525;WP4292;WP4504,0.20940170940170938,0.3895729585906378,0.9809389402494415,FALSE,20
E2,Sex-combined,Sex,C8-Pos-005313,Pe(21:4cooh_24:6),Lipids and lipid-like molecules,NA,0.2092921087374663,0.38982683434783083,0.9809389402494415,FALSE,20
E2,Sex-combined,Sex,Amide-Neg-000047,Dl-Alanine,Organic acids and derivatives,map00250;map00330;map00380;map00450;map00480;R-HSA-1362409;R-HSA-209776;R-HSA-209968;R-HSA-2408508;R-HSA-352230;R-HSA-379716;R-HSA-379724;R-HSA-379726;R-HSA-389661;R-HSA-428559;R-HSA-442660;R-HSA-5619044;R-HSA-5619094;R-HSA-5659735;R-HSA-70268;R-HSA-71240;R-HSA-73621;R-HSA-8956319;R-HSA-8963691;R-HSA-8964208;R-HSA-8964539;R-HSA-8964540;R-HSA-947581;WP106;WP1946;WP2485;WP3953;WP4210;WP4236;WP4595;WP4661;WP4917;WP5029;WP5166;WP5179;WP5194,0.2083296603466592,0.3920601434919416,0.9809389402494415,FALSE,20
E2,Sex-combined,Sex,C8-Pos-004302,Pc(18:1_16:2),Lipids and lipid-like molecules,NA,-0.20666729118173438,0.410618016774137,0.9809389402494415,FALSE,19
E2,Sex-combined,Sex,Amide-Neg-001061,2-Deoxyribose 5-Phosphate,Organic oxygen compounds,R-HSA-71336,0.20562388845415414,0.48066363663702527,0.9809389402494415,FALSE,15
E2,Sex-combined,Sex,C8-Pos-005326,Pi(29:7_11:0),Lipids and lipid-like molecules,NA,-0.20433360122890196,0.40140784657810036,0.9809389402494415,FALSE,20
E2,Sex-combined,Sex,Amide-Neg-000933,L-N-Acetylhistidine,Organic acids and derivatives,NA,0.20166674354509753,0.4077132058367412,0.9809389402494415,FALSE,20
E2,Sex-combined,Sex,C8-Neg-000383,(Rac)-Idroxioleic Acid,Lipids and lipid-like molecules,NA,0.20166674354509753,0.4077132058367412,0.9809389402494415,FALSE,20
E2,Sex-combined,Sex,C18-Neg-001640,2'-Guanylic Acid,Organic oxygen compounds,NA,-0.19988909498078092,0.44177453717082216,0.9809389402494415,FALSE,18
E2,Sex-combined,Sex,C8-Pos-005012,Pc(17:4cooh_23:5),Lipids and lipid-like molecules,NA,-0.1991744573570435,0.4136539573522502,0.9809389402494415,FALSE,20
E2,Sex-combined,Sex,C8-Pos-004731,Pe 18:0_24:5,Lipids and lipid-like molecules,NA,0.19843711693453264,0.41542039876226466,0.9809389402494415,FALSE,20
E2,Sex-combined,Sex,Amide-Neg-000114,Γ-Aminobutyric Acid,Organic acids and derivatives,map00250;R-HSA-112310;R-HSA-1236394;R-HSA-1296041;R-HSA-1296059;R-HSA-1296065;R-HSA-1296071;R-HSA-352230;R-HSA-420499;R-HSA-442660;R-HSA-888568;R-HSA-888590;R-HSA-888593;R-HSA-916853;R-HSA-977443;R-HSA-977444;R-HSA-991365;R-HSA-997272;WP3584;WP3679;WP3869;WP3871;WP4157;WP4159;WP4486;WP4549;WP4932;WP5200;WP5360;WP5366;WP5444;WP5470;WP550;WP727,0.19805656974158337,0.4163336542715753,0.9809389402494415,FALSE,20
E2,Sex-combined,Sex,C8-Pos-001973,Lpc 14:0-Sn2,Lipids and lipid-like molecules,NA,-0.19529478338985617,0.42299368010259,0.9809389402494415,FALSE,20
E2,Sex-combined,Sex,Amide-Pos-000255,L-Threonine,Organic acids and derivatives,R-HSA-352230;R-HSA-379716;R-HSA-379724;R-HSA-379726;R-HSA-442660;R-HSA-8849175;WP3953;WP4583;WP4589,-0.1952448031373694,0.4231147264836864,0.9809389402494415,FALSE,20
E2,Sex-combined,Sex,Amide-Pos-000193,Creatinine,Organic acids and derivatives,R-HSA-549127;R-HSA-549132;R-HSA-71288;WP1533;WP497;WP5190,-0.19458677420684953,0.42471011332174213,0.9809389402494415,FALSE,20
E2,Sex-combined,Sex,C18-Pos-004919,Cyclic Adp-Ribose,Organic oxygen compounds,WP3679;WP4962,0.19453014795304352,0.470329497030497,0.9809389402494415,FALSE,17
E2,Sex-combined,Sex,Amide-Pos-001479,Xanthosine 5'-Monophosphate,"Nucleosides, nucleotides, and analogues",NA,0.19450989359445417,0.42489671795517436,0.9809389402494415,FALSE,20
E2,Sex-combined,Sex,Amide-Pos-000621,Citrulline,Organic acids and derivatives,NA,0.19427443588549032,0.42546849157868827,0.9809389402494415,FALSE,20
E2,Sex-combined,Sex,C18-Pos-001855,L-Glutathione (Reduced),Organic acids and derivatives,map00250;map00480;map00590;map00620;R-HSA-1222499;R-HSA-1222538;R-HSA-1222556;R-HSA-156581;R-HSA-156590;R-HSA-1614517;R-HSA-1614558;R-HSA-1614635;R-HSA-174403;R-HSA-196741;R-HSA-196836;R-HSA-204174;R-HSA-2142688;R-HSA-2142691;R-HSA-2142712;R-HSA-2142770;R-HSA-2162123;R-HSA-2408499;R-HSA-2408550;R-HSA-3299685;R-HSA-499943;R-HSA-5423646;R-HSA-5579022;R-HSA-5579029;R-HSA-5628897;R-HSA-70268;R-HSA-8963684;R-HSA-8963691;R-HSA-9018676;R-HSA-9018677;R-HSA-9018679;R-HSA-9018896;R-HSA-9020265;R-HSA-9023661;R-HSA-9026395;R-HSA-9026762;R-HSA-9026766;R-HSA-9635486;R-HSA-9748787;R-HSA-9753281;R-HSA-9759218;R-HSA-9861718;WP100;WP1438;WP1495;WP2333;WP2436;WP2525;WP314;WP3287;WP4233;WP4290;WP4313;WP4487;WP4504;WP4518;WP4584;WP4900;WP5030;WP5171;WP5213;WP5233;WP5238;WP692,0.1938045888793398,0.4409659147471121,0.9809389402494415,FALSE,19
E2,Sex-combined,Sex,C8-Pos-005112,Pi 36:4,Lipids and lipid-like molecules,NA,-0.19377616143503618,0.42667982062299425,0.9809389402494415,FALSE,20
E2,Sex-combined,Sex,C8-Pos-000327,Methyl Palmitate,Lipids and lipid-like molecules,NA,0.1932714388710153,0.42790868508459035,0.9809389402494415,FALSE,20
E2,Sex-combined,Sex,Amide-Pos-000244,3-Isopropoxypropylamine,Organic oxygen compounds,NA,-0.19296471757642866,0.4286563827208323,0.9809389402494415,FALSE,20
E2,Sex-combined,Sex,Amide-Pos-002309,1-Octadecanoyl-2-Octadecenoyl-Sn-Glycero-3-Phosphocholine,Lipids and lipid-like molecules,NA,0.1928194018561599,0.42901086118892795,0.9809389402494415,FALSE,20
E2,Sex-combined,Sex,Amide-Pos-001033,Hexanoylcarnitine,Lipids and lipid-like molecules,NA,-0.1915199891528914,0.43218747938399926,0.9809389402494415,FALSE,20
E2,Sex-combined,Sex,Amide-Pos-001218,"Cytidine 2',3'-Cyclic Monophosphoric Acid","Nucleosides, nucleotides, and analogues",WP100;WP2289;WP2525;WP4313;WP5233,-0.19110659620155301,0.43320067135829976,0.9809389402494415,FALSE,20
E2,Sex-combined,Sex,C18-Neg-000965,"2-(6-Hydroxy-1-Methyl-2-Methylidene-9-Propan-2-Yl-5-Oxatricyclo[5.4.0.03,8]Undecan-4-Yl)Acetic Acid",Lipids and lipid-like molecules,NA,0.1907457558130391,0.4340860806328275,0.9809389402494415,FALSE,20
E2,Sex-combined,Sex,Amide-Pos-001983,Gdp-L-Fucose,"Nucleosides, nucleotides, and analogues",NA,-0.18990169938645995,0.43616088263913755,0.9809389402494415,FALSE,20
E2,Sex-combined,Sex,Amide-Pos-000686,"N6,N6,N6-Trimethyl-L-Lysine",Organic acids and derivatives,R-HSA-71262,-0.18945875661128092,0.48220112782586944,0.9809389402494415,FALSE,17
E2,Sex-combined,Sex,C8-Pos-002633,Lpe 24:4,Lipids and lipid-like molecules,NA,-0.1893238738485715,0.4375842425078005,0.9809389402494415,FALSE,20
E2,Sex-combined,Sex,C8-Neg-003487,Pe(19:1cooh_24:4),Lipids and lipid-like molecules,NA,0.1892092108056146,0.4378669808425124,0.9809389402494415,FALSE,20
E2,Sex-combined,Sex,Amide-Pos-000562,Dl-Carnitine,Organic nitrogen compounds,map00071;map01040;R-HSA-200425;R-HSA-389887;R-HSA-390918;R-HSA-5362517;R-HSA-549127;R-HSA-549132;R-HSA-5619053;R-HSA-71262;WP4321;WP5123;WP5219,0.18856573272213475,0.4394554513508313,0.9809389402494415,FALSE,20
E2,Sex-combined,Sex,Amide-Pos-000601,3-Methylhistidine,Organic acids and derivatives,NA,0.18784363977485152,0.4412415606823954,0.9809389402494415,FALSE,20
E2,Sex-combined,Sex,C8-Pos-000696,Octabenzone,Benzenoids,NA,0.1869495918783783,0.47246565081808223,0.9809389402494415,FALSE,18
E2,Sex-combined,Sex,Amide-Neg-000149,2-Furoic Acid,Organoheterocyclic compounds,NA,0.18659232743771645,0.458475200254449,0.9809389402494415,FALSE,19
E2,Sex-combined,Sex,C18-Pos-000839,Triethyl Phosphate,Organic acids and derivatives,NA,0.1854415016051768,0.44721038571106897,0.9809389402494415,FALSE,20
E2,Sex-combined,Sex,Amide-Pos-000091,1-Aminocyclopropanecarboxylic Acid,Organic acids and derivatives,NA,-0.18466442970611596,0.4491501377082431,0.9809389402494415,FALSE,20
E2,Sex-combined,Sex,Amide-Pos-000682,"Ne,Ne,Ne-Trimethyllysine",Organic acids and derivatives,R-HSA-71262,-0.18217857500000703,0.4553844243448022,0.9809389402494415,FALSE,20
E2,Sex-combined,Sex,C8-Neg-000540,"All-Cis-4,7,10,13,16-Docosapentaenoic Acid",Lipids and lipid-like molecules,map00592;R-HSA-2046104;R-HSA-2046105;R-HSA-9018683;R-HSA-9025106;WP4723,0.18217857500000703,0.4553844243448022,0.9809389402494415,FALSE,20
E2,Sex-combined,Sex,C8-Neg-002832,Oahfa(15:1_25:3),Lipids and lipid-like molecules,NA,0.18160687040551932,0.4707806493200395,0.9809389402494415,FALSE,19
E2,Sex-combined,Sex,Amide-Pos-000156,Taurine,Organic acids and derivatives,map00120;map00430;R-HSA-159418;R-HSA-1614558;R-HSA-1614635;R-HSA-192105;R-HSA-193368;R-HSA-194068;R-HSA-352230;R-HSA-442660;R-HSA-8963693;WP2333;WP2525;WP2848;WP4292;WP4504;WP5176;WP715,-0.1805315497456807,0.459539237945897,0.9809389402494415,FALSE,20
E2,Sex-combined,Sex,C18-Pos-000888,(2s)-2-[(2-Azaniumylacetyl)Amino]-4-Methylpentanoate,Organic acids and derivatives,NA,-0.18022176452892857,0.46032285551237206,0.9809389402494415,FALSE,20
E2,Sex-combined,Sex,Amide-Neg-000196,Maleic Acid,Organic acids and derivatives,NA,0.18020546141827742,0.46036411386636056,0.9809389402494415,FALSE,20
E2,Sex-combined,Sex,C8-Pos-004266,Ganglioside-Gm1(D18:1/18:0),Lipids and lipid-like molecules,NA,-0.17979242979242982,0.4614100014613922,0.9809389402494415,FALSE,20
E2,Sex-combined,Sex,Amide-Neg-000605,D-(+)-Glucose,Organic oxygen compounds,map00052;R-HSA-9683686;R-HSA-9683701;R-HSA-9694548;R-HSA-9694635;R-HSA-9772573;WP1403;WP1533;WP1584;WP176;WP1946;WP1982;WP2456;WP2868;WP3602;WP3915;WP4521;WP4628;WP4629;WP500;WP5094;WP5216;WP5312;WP534;WP5394;WP5433;WP661;WP690;WP698,0.17883654616263367,0.4638351279182519,0.9809389402494415,FALSE,20
E2,Sex-combined,Sex,C8-Pos-003535,Pe 16:1_16:1,Lipids and lipid-like molecules,NA,-0.178834471766682,0.4638403977705301,0.9809389402494415,FALSE,20
E2,Sex-combined,Sex,Amide-Pos-000781,Phosphoserine,Organic acids and derivatives,R-HSA-977347;WP2525;WP4688;WP5213,0.17602566243802312,0.47100368118127733,0.9809389402494415,FALSE,20
E2,Sex-combined,Sex,Amide-Neg-000332,Dl-Xylose,Organic oxygen compounds,R-HSA-1638091;R-HSA-2024096,-0.17577941928911972,0.48536997794905457,0.9809389402494415,FALSE,19
E2,Sex-combined,Sex,Amide-Pos-000757,Sb01966,Organic oxygen compounds,NA,-0.17566482379946166,0.47192792497400626,0.9809389402494415,FALSE,20
E2,Sex-combined,Sex,C8-Pos-000506,D-Erythro-Sphinganine,Organic nitrogen compounds,WP1422;WP4142;WP4577;WP4725;WP4726;WP5121;WP5194,0.17547417097976137,0.4861402165038504,0.9809389402494415,FALSE,19
E2,Sex-combined,Sex,C8-Pos-000022,Chalcone,Phenylpropanoids and polyketides,NA,-0.1744451413888741,0.47505870073868217,0.9809389402494415,FALSE,20
E2,Sex-combined,Sex,Amide-Pos-000761,Tryptophan,Organoheterocyclic compounds,map00380;R-HSA-209776;R-HSA-209931;R-HSA-352230;R-HSA-379716;R-HSA-379724;R-HSA-379726;R-HSA-442660;R-HSA-5619044;R-HSA-5619094;R-HSA-5659735;R-HSA-71240;WP1455;WP2485;WP3627;WP3644;WP3645;WP3953;WP4156;WP4210;WP4220;WP4519;WP465;WP5029;WP5044;WP5078;WP5414;WP550;WP727,0.1742997922332714,0.48910910081377246,0.9809389402494415,FALSE,19
E2,Sex-combined,Sex,C8-Pos-000616,Progesterone,Lipids and lipid-like molecules,map00140;R-HSA-1187000;R-HSA-1300642;R-HSA-1474165;R-HSA-193048;R-HSA-193993;R-HSA-194002;R-HSA-196071;R-HSA-211976;R-HSA-3371497;R-HSA-5579021;R-HSA-5579028;R-HSA-5579029;R-HSA-9018519;WP170;WP2263;WP2817;WP4523;WP4524;WP4756;WP4871;WP496;WP5074;WP5094;WP5277;WP5279;WP5320;WP5434;WP98,0.1725877218170678,0.47984628507981675,0.9809389402494415,FALSE,20
E2,Sex-combined,Sex,Amide-Pos-000317,L-Pyroglutamic Acid,Organic acids and derivatives,map00480;R-HSA-156590;R-HSA-174403;R-HSA-5578998;R-HSA-5579029;WP100;WP2525,-0.17249482466750485,0.4800863576205038,0.9809389402494415,FALSE,20
E2,Sex-combined,Sex,C8-Pos-005464,Pc(26:6_21:6cho),Lipids and lipid-like molecules,NA,-0.17172646249726195,0.4820743018582385,0.9809389402494415,FALSE,20
E2,Sex-combined,Sex,Amide-Neg-000527,D-(+)-Arabitol,Organic oxygen compounds,NA,-0.17104727622660096,0.48383490529834006,0.9809389402494415,FALSE,20
E2,Sex-combined,Sex,C8-Pos-004445,Pc(P-12:1_26:4),Lipids and lipid-like molecules,NA,0.1707386725768104,0.4846359209717568,0.9809389402494415,FALSE,20
E2,Sex-combined,Sex,Amide-Pos-002307,"1,2-Dioleoyl-Sn-Glycero-3-Phosphatidylcholine",Lipids and lipid-like molecules,NA,0.1706931077217717,0.48475424499444486,0.9809389402494415,FALSE,20
E2,Sex-combined,Sex,Amide-Pos-002276,2-Oleoyl-1-Palmitoyl-Sn-Glycero-3-Phosphocholine,Lipids and lipid-like molecules,NA,0.1703075343634977,0.48575608113630475,0.9809389402494415,FALSE,20
E2,Sex-combined,Sex,C8-Pos-003642,Palmitoyl Sphingomyelin,Lipids and lipid-like molecules,WP4726,0.16810018413876573,0.49151097398450616,0.9809389402494415,FALSE,20
E2,Sex-combined,Sex,C8-Neg-003382,Cl(23:1_19:4cho_22:4_22:4cho),Lipids and lipid-like molecules,NA,0.16623356301196862,0.4964033424161254,0.9809389402494415,FALSE,20
E2,Sex-combined,Sex,Amide-Pos-001387,Asp-Pro-Asn,Organic acids and derivatives,NA,0.16613724185731157,0.49665643615242827,0.9809389402494415,FALSE,20
E2,Sex-combined,Sex,C8-Pos-004303,Pe 20:2_20:2,Lipids and lipid-like molecules,NA,0.164980522102211,0.49970071045392517,0.9809389402494415,FALSE,20
E2,Sex-combined,Sex,C18-Pos-001159,Biotin,Organoheterocyclic compounds,map00020;map00250;map00280;map00620;map00640;map00780;map00910;R-HSA-196780;R-HSA-3296482;R-HSA-3323169;R-HSA-3371599;R-HSA-425397;WP4686;WP5031,-0.16451868450479545,0.5009186906231914,0.9809389402494415,FALSE,20
E2,Sex-combined,Sex,C8-Pos-004612,Pc(9:0cho_26:1),Lipids and lipid-like molecules,NA,0.1638997882107087,0.5025531114201898,0.9809389402494415,FALSE,20
E2,Sex-combined,Sex,C8-Pos-000497,Palmitoyl Ethanolamide,Organic acids and derivatives,R-HSA-112310;WP4949,0.1631738460815914,0.5044734845203556,0.9809389402494415,FALSE,20
E2,Sex-combined,Sex,Amide-Neg-000015,Glycolic Acid,Organic acids and derivatives,R-HSA-389661;WP4157;WP5166,0.16303461474655118,0.5048422018499873,0.9809389402494415,FALSE,20
E2,Sex-combined,Sex,C8-Pos-003942,Pe(16:1_20:4),Lipids and lipid-like molecules,NA,0.21194986157483842,0.5315412567361661,0.9832843662618258,FALSE,12
E2,Sex-combined,Sex,C8-Pos-004803,Pi(O-16:2_18:3),Lipids and lipid-like molecules,NA,-0.20761943632490887,0.540153931401907,0.9832843662618258,FALSE,12
E2,Sex-combined,Sex,C8-Pos-004593,Pc(32:2_4:0),Lipids and lipid-like molecules,NA,0.2012918111051067,0.5304381422968503,0.9832843662618258,FALSE,13
E2,Sex-combined,Sex,C8-Pos-004263,Tg(32:4cooh_12:0),Lipids and lipid-like molecules,NA,0.189648910745596,0.5160945320949735,0.9832843662618258,FALSE,15
E2,Sex-combined,Sex,Amide-Pos-000363,Leucine,Organic acids and derivatives,map00280;R-HSA-352230;R-HSA-379716;R-HSA-379724;R-HSA-379726;R-HSA-442660;R-HSA-5619044;R-HSA-5619094;R-HSA-5619113;R-HSA-5659735;R-HSA-5660862;R-HSA-5660883;R-HSA-70895;R-HSA-71240;R-HSA-9639288;WP3953;WP4686;WP5175,-0.1881651870543272,0.5194437133757406,0.9832843662618258,FALSE,15
E2,Sex-combined,Sex,Amide-Pos-000561,Acetyl-Β-Methylcholine,Organic nitrogen compounds,NA,-0.17724587444820306,0.6021071527841997,0.9832843662618258,FALSE,12
E2,Sex-combined,Sex,Amide-Neg-000318,N-Acetylalanine,Organic acids and derivatives,NA,0.1606155990246413,0.5112688522336503,0.9832843662618258,FALSE,20
E2,Sex-combined,Sex,C8-Pos-003357,Dg(4:0_34:6),Lipids and lipid-like molecules,NA,0.160427807486631,0.5528315302612518,0.9832843662618258,FALSE,17
E2,Sex-combined,Sex,C8-Neg-003407,Pc(27:6_8:1cooh),Lipids and lipid-like molecules,NA,-0.15945853187487996,0.5273729702710374,0.9832843662618258,FALSE,19
E2,Sex-combined,Sex,C8-Pos-004339,Tg(O-27:8_21:6),Lipids and lipid-like molecules,NA,0.159316944869207,0.6209001012991,0.9832843662618258,FALSE,13
E2,Sex-combined,Sex,C8-Pos-001061,Cholest-4-En-3-One,Lipids and lipid-like molecules,WP4718;WP5329,0.15848903998595956,0.5169503894853856,0.9832843662618258,FALSE,20
E2,Sex-combined,Sex,C8-Neg-000519,4-Dodecylbenzenesulfonic Acid,Benzenoids,NA,0.1570255101283914,0.5208776851478631,0.9832843662618258,FALSE,20
E2,Sex-combined,Sex,C8-Neg-002622,Lpc(23:6),Lipids and lipid-like molecules,NA,-0.15677233307006877,0.5344424301583116,0.9832843662618258,FALSE,19
E2,Sex-combined,Sex,Amide-Pos-001617,Uridine 5'-Diphosphate,"Nucleosides, nucleotides, and analogues",map00052;map00150;map00520;map00860;R-HSA-1474290;R-HSA-156588;R-HSA-162710;R-HSA-163125;R-HSA-1638074;R-HSA-1638091;R-HSA-1650814;R-HSA-1660662;R-HSA-1793185;R-HSA-189445;R-HSA-189483;R-HSA-190236;R-HSA-190239;R-HSA-190372;R-HSA-1912399;R-HSA-1912420;R-HSA-1912422;R-HSA-1971475;R-HSA-2022854;R-HSA-2022870;R-HSA-2022928;R-HSA-2161522;R-HSA-2161541;R-HSA-3322077;R-HSA-4085001;R-HSA-417957;R-HSA-418038;R-HSA-446219;R-HSA-480985;R-HSA-499943;R-HSA-5173105;R-HSA-5173214;R-HSA-5213460;R-HSA-5218859;R-HSA-5653890;R-HSA-5654741;R-HSA-5675482;R-HSA-8850843;R-HSA-8956319;R-HSA-8982491;R-HSA-9033658;R-HSA-9033807;R-HSA-9037629;R-HSA-913709;R-HSA-964739;R-HSA-9660826;R-HSA-9664424;R-HSA-9683673;R-HSA-9683686;R-HSA-9683701;R-HSA-9694635;R-HSA-9694719;R-HSA-9749641;R-HSA-9753281;R-HSA-9754706;R-HSA-975576;R-HSA-975578;R-HSA-9757110;R-HSA-9772573;R-HSA-9840309;WP3871;WP4022;WP4225;WP4521;WP4584;WP4784;WP4900;WP5269;WP5348;WP5380;WP698,0.15594947300988096,0.5237740418380952,0.9832843662618258,FALSE,20
E2,Sex-combined,Sex,C8-Pos-003474,"1,2-Dimyristoyl-Sn-Glycero-3-Pc",Lipids and lipid-like molecules,NA,-0.1554721313547295,0.5250612946178979,0.9832843662618258,FALSE,20
E2,Sex-combined,Sex,C8-Pos-000768,Penicillin G,Organic acids and derivatives,NA,-0.1536704541087801,0.5299331117339513,0.9832843662618258,FALSE,20
E2,Sex-combined,Sex,C18-Pos-001113,Methyl L-Tryptophanate,Organic acids and derivatives,NA,0.15301133585846086,0.5317205943231663,0.9832843662618258,FALSE,20
E2,Sex-combined,Sex,C18-Pos-001412,Glucose 1-Phosphate,Organic oxygen compounds,map00052;map00520;R-HSA-156588;R-HSA-173599;R-HSA-3322077;R-HSA-446219;R-HSA-480985;R-HSA-70221;R-HSA-70370;R-HSA-8982491;WP3602;WP4297;WP500;WP5043;WP5173;WP5178;WP5312;WP5314;WP698,-0.15287257498989779,0.5719191778171757,0.9832843662618258,FALSE,17
E2,Sex-combined,Sex,Amide-Neg-000032,Pyruvic Acid,Organic acids and derivatives,map00020;map00250;map00270;map00330;map00520;map00620;map00910;R-HSA-1614558;R-HSA-1614635;R-HSA-196807;R-HSA-197264;R-HSA-204174;R-HSA-2408508;R-HSA-389661;R-HSA-4085001;R-HSA-427601;R-HSA-428643;R-HSA-433692;R-HSA-446219;R-HSA-5362517;R-HSA-5619070;R-HSA-6782315;R-HSA-6782861;R-HSA-70171;R-HSA-70263;R-HSA-70268;R-HSA-70326;R-HSA-71240;R-HSA-73621;R-HSA-8956319;R-HSA-8963691;R-HSA-8964208;R-HSA-8964539;R-HSA-8964540;R-HSA-9749641;R-HSA-977347;R-HSA-9861559;R-HSA-9861718;WP106;WP1495;WP1584;WP1946;WP2333;WP2453;WP2456;WP2868;WP357;WP3580;WP3602;WP3644;WP3965;WP4141;WP4206;WP4236;WP4290;WP4297;WP4504;WP4595;WP4628;WP4629;WP4661;WP4688;WP4742;WP5030;WP5031;WP5046;WP5049;WP5050;WP5166;WP5178;WP5211;WP5213;WP5216;WP5220;WP528;WP5312;WP5314;WP534;WP5433;WP661,-0.15277914412198723,0.5450306458162764,0.9832843662618258,FALSE,19
E2,Sex-combined,Sex,Amide-Neg-000118,3-Hydroxybutyric Acid,Organic acids and derivatives,map00072;R-HSA-3296197;R-HSA-433692;R-HSA-5619070;R-HSA-74182;R-HSA-77108;R-HSA-77111;R-HSA-9749641;WP3602;WP4686;WP4742;WP5175;WP5195;WP661,-0.15231071744258076,0.5462788395793019,0.9832843662618258,FALSE,19
E2,Sex-combined,Sex,C8-Pos-001637,"2,5-Bis(5-Tert-Butyl-Benzoxazol-2-Yl)Thiophene",Organoheterocyclic compounds,NA,-0.15140928390468814,0.5360767838624055,0.9832843662618258,FALSE,20
E2,Sex-combined,Sex,Amide-Neg-000104,Ethyl Acetoacetate,Organic acids and derivatives,map00072;map00280;map00350;map00360;map00650;R-HSA-433692;R-HSA-5619070;R-HSA-74182;R-HSA-77108;R-HSA-77111;R-HSA-8963684;R-HSA-8963691;R-HSA-9749641;WP3602;WP4190;WP4506;WP4686;WP4742;WP5175;WP5195,0.15066530650585017,0.59197447903377165,0.9832843662618258,FALSE,16
E2,Sex-combined,Sex,Amide-Neg-000066,L-(+)-Lactic Acid,Organic acids and derivatives,map00620;R-HSA-196807;R-HSA-197264;R-HSA-3296197;R-HSA-427601;R-HSA-428643;R-HSA-433692;R-HSA-549132;R-HSA-561048;R-HSA-5619070;R-HSA-5619071;R-HSA-70268;R-HSA-9749641;WP2456;WP2868;WP3644;WP4290;WP4595;WP4628;WP4629;WP5211;WP5239;WP5312;WP534;WP5433;WP661,-0.14900172465240788,0.5426537791294814,0.9832843662618258,FALSE,20
E2,Sex-combined,Sex,C8-Neg-002641,Lpc(23:5),Lipids and lipid-like molecules,NA,0.14862523233729827,0.5561436953805431,0.9832843662618258,FALSE,19
E2,Sex-combined,Sex,Amide-Neg-000221,Succinic Acid,Organic acids and derivatives,map00020;map00072;map00190;map00250;map00280;map00330;map00650;R-HSA-112122;R-HSA-112126;R-HSA-112310;R-HSA-1234174;R-HSA-1234176;R-HSA-1474290;R-HSA-163841;R-HSA-1650814;R-HSA-2299718;R-HSA-2559580;R-HSA-3214842;R-HSA-389599;R-HSA-390918;R-HSA-433137;R-HSA-5221030;R-HSA-5625740;R-HSA-5625886;R-HSA-6782315;R-HSA-6782861;R-HSA-68875;R-HSA-71262;R-HSA-71403;R-HSA-73942;R-HSA-73943;R-HSA-74182;R-HSA-77108;R-HSA-888590;R-HSA-916853;R-HSA-9629569;R-HSA-9816359;R-HSA-9821002;WP106;WP111;WP2453;WP3602;WP4157;WP4159;WP4206;WP4236;WP4297;WP4661;WP5195;WP5348;WP78,-0.14860141673867053,0.5437508745644442,0.9832843662618258,FALSE,20
E2,Sex-combined,Sex,Amide-Pos-002283,2-Oleoyl-1-Palmitoyl-Sn-Glycero-3-Phosphoserine,Lipids and lipid-like molecules,NA,0.14808054894133496,0.5451798789535849,0.9832843662618258,FALSE,20
E2,Sex-combined,Sex,C8-Neg-003255,Ps(19:1_17:2),Lipids and lipid-like molecules,NA,0.14767413353267547,0.5462960573592381,0.9832843662618258,FALSE,20
E2,Sex-combined,Sex,C8-Neg-003405,Ps 18:0_22:5,Lipids and lipid-like molecules,NA,0.14710637742039134,0.5602318586819797,0.9832843662618258,FALSE,19
E2,Sex-combined,Sex,Amide-Pos-000475,Dl-Glutamine,Organic acids and derivatives,WP4157;WP4290;WP4504;WP5029;WP5049;WP5220;WP5314,-0.14461264278936015,0.5547370172914294,0.9832843662618258,FALSE,20
E2,Sex-combined,Sex,C8-Pos-005761,Pc(22:3cho_28:6),Lipids and lipid-like molecules,NA,0.14446568232744192,0.5551436599498194,0.9832843662618258,FALSE,20
E2,Sex-combined,Sex,C8-Pos-004641,N-Nervonoyl-D-Erythro-Sphingosylphosphorylcholine,Lipids and lipid-like molecules,WP4726,0.14142429954160107,0.5635887817607408,0.9832843662618258,FALSE,20
E2,Sex-combined,Sex,C8-Pos-005440,Pi(20:4_20:4),Lipids and lipid-like molecules,NA,0.14062085324615756,0.5658290918256785,0.9832843662618258,FALSE,20
E2,Sex-combined,Sex,C8-Neg-003538,Pc(20:4cooh_23:6),Lipids and lipid-like molecules,NA,-0.1399275679689705,0.5677653479773693,0.9832843662618258,FALSE,20
E2,Sex-combined,Sex,Amide-Pos-000349,L-Hydroxyproline,Organic acids and derivatives,R-HSA-352230;R-HSA-389661;R-HSA-442660;R-HSA-70688;WP5166,-0.13828014101291247,0.5723779156603368,0.9832843662618258,FALSE,20
E2,Sex-combined,Sex,Amide-Neg-000557,N-Acetyl-L-Aspartic Acid,Organic acids and derivatives,map00250;R-HSA-8963693;R-HSA-8964539;WP4519;WP5365,0.13815960331595406,0.572716038249025,0.9832843662618258,FALSE,20
E2,Sex-combined,Sex,C8-Neg-003554,Ps(24:2_20:5),Lipids and lipid-like molecules,NA,0.13714772209629145,0.687600231166059,0.9832843662618258,FALSE,12
E2,Sex-combined,Sex,C8-Pos-000610,"2-Methyl-5-{2-[2-(4-Methyl-3,6-Dioxocyclohexa-1,4-Dienyl)Ethoxy]Ethyl}Benzo-1,4-Quinone",Organic oxygen compounds,NA,0.1361416361416361,0.5783894217000882,0.9832843662618258,FALSE,20
E2,Sex-combined,Sex,C18-Pos-001811,N-Acetyl-1-Aspartylglutamic Acid,Organic acids and derivatives,R-HSA-8963693;R-HSA-8964539,-0.1358277398306961,0.590992319608252,0.9832843662618258,FALSE,19
E2,Sex-combined,Sex,C18-Pos-002017,Uridine Monophosphate,"Nucleosides, nucleotides, and analogues",R-HSA-157579;R-HSA-1638074;R-HSA-1638091;R-HSA-174414;R-HSA-174417;R-HSA-174437;R-HSA-180786;R-HSA-2022854;R-HSA-2022928;R-HSA-3322077;R-HSA-425397;R-HSA-429914;R-HSA-429958;R-HSA-430039;R-HSA-446219;R-HSA-480985;R-HSA-499943;R-HSA-500753;R-HSA-5619072;R-HSA-5619083;R-HSA-69166;R-HSA-69183;R-HSA-69186;R-HSA-69190;R-HSA-69239;R-HSA-727802;R-HSA-73614;R-HSA-73621;R-HSA-73886;R-HSA-8850843;R-HSA-8956319;R-HSA-8956320;R-HSA-8956321;R-HSA-8982491;R-HSA-9660826;R-HSA-9664424;WP4022;WP4225;WP4584;WP4595;WP4784,0.13568106176689954,0.6585137714419234,0.9832843662618258,FALSE,14
E2,Sex-combined,Sex,C8-Pos-000887,5-(Z-Heptadec-8-Enyl) Resorcinol,Benzenoids,NA,-0.13482651911294133,0.5820996521377089,0.9832843662618258,FALSE,20
E2,Sex-combined,Sex,Amide-Neg-000340,Xylose,Organic oxygen compounds,NA,0.13252333109287479,0.651537376113767,0.9832843662618258,FALSE,15
E2,Sex-combined,Sex,Amide-Pos-001102,Gamma-Glu-Glu,Organic acids and derivatives,NA,-0.13251693348165472,0.5886398062041719,0.9832843662618258,FALSE,20
E2,Sex-combined,Sex,C8-Pos-002038,1-Palmitoyl-Sn-Glycero-3-Phosphocholine,Lipids and lipid-like molecules,map00564;WP4949,-0.13179825940293216,0.5906811751887623,0.9832843662618258,FALSE,20
E2,Sex-combined,Sex,C8-Neg-000532,Docosahexaenoic Acid,Lipids and lipid-like molecules,map00592;R-HSA-2046104;R-HSA-2046106;R-HSA-211976;R-HSA-2453902;R-HSA-2980736;R-HSA-381771;R-HSA-400508;R-HSA-444209;R-HSA-9018677;R-HSA-9018682;R-HSA-9027307;R-HSA-9027604;R-HSA-9843743;R-HSA-9843745;R-HSA-9844594;WP4723;WP5470,0.13179426029667,0.5906925427879444,0.9832843662618258,FALSE,20
E2,Sex-combined,Sex,C8-Pos-000483,5'-S-Methyl-5'-Thioadenosine,"Nucleosides, nucleotides, and analogues",map00270;R-HSA-1237112;R-HSA-1614635;R-HSA-163841;R-HSA-351202;R-HSA-5358493;R-HSA-6782315;R-HSA-6782861;R-HSA-6790901;WP3580;WP4485,-0.13125321383436506,0.5922313285883836,0.9832843662618258,FALSE,20
E2,Sex-combined,Sex,C8-Pos-004750,Pe 21:2_21:2,Lipids and lipid-like molecules,NA,-0.13109977916475518,0.6284150774010671,0.9832843662618258,FALSE,17
E2,Sex-combined,Sex,C8-Pos-003575,Dg(21:1_19:4),Lipids and lipid-like molecules,NA,0.13098340864138136,0.6044155281238013,0.9832843662618258,FALSE,19
E2,Sex-combined,Sex,Amide-Pos-000025,Putrescine,Organic nitrogen compounds,map00270;R-HSA-140179;R-HSA-141334;R-HSA-351143;R-HSA-351200;R-HSA-351202;WP2525;WP3580;WP4157;WP497,-0.1305426618363593,0.6056429002580769,0.9832843662618258,FALSE,19
E2,Sex-combined,Sex,Amide-Pos-001016,3-Ketocarbofuran,Organoheterocyclic compounds,NA,0.13028688003789735,0.5949838190374295,0.9832843662618258,FALSE,20
E2,Sex-combined,Sex,C8-Pos-005260,Tg(15:0_15:0_24:6),Lipids and lipid-like molecules,NA,0.12925876839823755,0.5979180871653988,0.9832843662618258,FALSE,20
E2,Sex-combined,Sex,C8-Pos-000407,Glycerol Monomyristate,Lipids and lipid-like molecules,NA,-0.12810277420160288,0.601224446548461,0.9832843662618258,FALSE,20
E2,Sex-combined,Sex,C8-Pos-004650,Tg(39:10_9:2cho),Lipids and lipid-like molecules,NA,-0.12734221463211196,0.6034038693413146,0.9832843662618258,FALSE,20
E2,Sex-combined,Sex,C8-Pos-005020,Pc(11:1_29:4),Lipids and lipid-like molecules,NA,0.126724600658435,0.6659593583525132,0.9832843662618258,FALSE,15
E2,Sex-combined,Sex,Amide-Pos-000563,5-Methyl D-Glutamate,Organic acids and derivatives,NA,0.12670713201820938,0.6163660989237065,0.9832843662618258,FALSE,19
E2,Sex-combined,Sex,Amide-Neg-001092,D-Mannose,Organic oxygen compounds,map00051;map00052;R-HSA-189200;R-HSA-3000480;R-HSA-446205;R-HSA-446219;R-HSA-532668;R-HSA-8853383;R-HSA-901032;R-HSA-901042;R-HSA-964739;R-HSA-964827;R-HSA-975576;R-HSA-975578,-0.12513444907717067,0.609748525566115,0.9832843662618258,FALSE,20
E2,Sex-combined,Sex,Amide-Neg-000145,Histamine,Organic nitrogen compounds,map00340;R-HSA-2408508;R-HSA-375280;R-HSA-390650;R-HSA-442660;R-HSA-549127;R-HSA-549132;R-HSA-70921;WP2596;WP2597;WP4486;WP4545;WP5097;WP550;WP58,0.12419308569139813,0.6722896263141127,0.9832843662618258,FALSE,15
E2,Sex-combined,Sex,C8-Neg-003404,Ps 40:5,Lipids and lipid-like molecules,NA,-0.1239940883192343,0.6472998861672313,0.9832843662618258,FALSE,17
E2,Sex-combined,Sex,C8-Neg-003509,Ps(14:2_29:7),Lipids and lipid-like molecules,NA,0.12334648308025618,0.6149063993980661,0.9832843662618258,FALSE,20
E2,Sex-combined,Sex,C8-Pos-004775,Pc(16:0_22:6),Lipids and lipid-like molecules,NA,0.12333659517071809,0.614934972200984,0.9832843662618258,FALSE,20
E2,Sex-combined,Sex,Amide-Pos-001779,Cytidine 5'-Diphosphocholine,"Nucleosides, nucleotides, and analogues",map00564;R-HSA-1483191;WP2525;WP2533;WP3933;WP4288;WP4722;WP4906;WP528,-0.1227489602942085,0.6166339953919624,0.9832843662618258,FALSE,20
E2,Sex-combined,Sex,C8-Pos-004855,Pc(14:1_25:7),Lipids and lipid-like molecules,NA,-0.12238038456119352,0.6177006083746024,0.9832843662618258,FALSE,20
E2,Sex-combined,Sex,C8-Pos-004421,Tg(11:0_9:2cho_26:8),Lipids and lipid-like molecules,NA,-0.12225240004362288,0.6907250108993053,0.9832843662618258,FALSE,14
E2,Sex-combined,Sex,C18-Pos-001025,D-Panthenol,Organic oxygen compounds,map00770,-0.12191626737461207,0.6528610790073965,0.9832843662618258,FALSE,17
E2,Sex-combined,Sex,C8-Pos-000582,Monopalmitolein (9c),Lipids and lipid-like molecules,NA,0.12112198407295528,0.6213477771024096,0.9832843662618258,FALSE,20
E2,Sex-combined,Sex,Amide-Pos-000319,L-Glutamic Acid,Organic acids and derivatives,map00250;map00270;map00280;map00310;map00330;map00340;map00350;map00360;map00380;map00410;map00480;map00520;map00590;map00640;map00670;map00760;map00910;R-HSA-112310;R-HSA-112313;R-HSA-156590;R-HSA-1614558;R-HSA-1614635;R-HSA-174403;R-HSA-196757;R-HSA-196807;R-HSA-210455;R-HSA-210500;R-HSA-2142691;R-HSA-2682334;R-HSA-352230;R-HSA-379716;R-HSA-379724;R-HSA-379726;R-HSA-3928662;R-HSA-399710;R-HSA-399721;R-HSA-420499;R-HSA-428643;R-HSA-438064;R-HSA-438066;R-HSA-442742;R-HSA-442755;R-HSA-442982;R-HSA-446210;R-HSA-446219;R-HSA-451306;R-HSA-451307;R-HSA-451308;R-HSA-451326;R-HSA-499943;R-HSA-500657;R-HSA-500753;R-HSA-5423646;R-HSA-5578999;R-HSA-5579029;R-HSA-5619062;R-HSA-5619067;R-HSA-5619076;R-HSA-5628897;R-HSA-6794362;R-HSA-70263;R-HSA-70268;R-HSA-70326;R-HSA-70635;R-HSA-70688;R-HSA-70895;R-HSA-70921;R-HSA-71064;R-HSA-71240;R-HSA-73817;R-HSA-8849932;R-HSA-888568;R-HSA-888590;R-HSA-8955332;R-HSA-8956320;R-HSA-8963684;R-HSA-8963691;R-HSA-8963693;R-HSA-8964539;R-HSA-8964540;R-HSA-9018677;R-HSA-9026395;R-HSA-9026762;R-HSA-9026766;R-HSA-916853;R-HSA-9617324;R-HSA-9620244;R-HSA-9659379;R-HSA-9662360;R-HSA-9664535;R-HSA-9717189;R-HSA-9717207;R-HSA-9748787;R-HSA-9753281;R-HSA-977347;R-HSA-9856872;WP100;WP2333;WP2447;WP2485;WP3580;WP3602;WP3853;WP3869;WP4008;WP4157;WP4159;WP4222;WP4224;WP4225;WP4228;WP4259;WP4315;WP4504;WP4571;WP4583;WP4595;WP4661;WP4688;WP497;WP5026;WP5029;WP5094;WP5213;WP5312;WP5402;WP550,-0.12055359920900535,0.6229978847103084,0.9832843662618258,FALSE,20
E2,Sex-combined,Sex,Amide-Neg-000142,Pyrrole-2-Carboxylic Acid,Organoheterocyclic compounds,NA,0.11990783268455472,0.6355569719780305,0.9832843662618258,FALSE,19
E2,Sex-combined,Sex,Amide-Pos-000866,Pro-Asp,Organic acids and derivatives,NA,0.11942377098268707,0.6262830545535317,0.9832843662618258,FALSE,20
E2,Sex-combined,Sex,C8-Neg-003309,Cl(18:0_20:1cho_23:1_21:2),Lipids and lipid-like molecules,NA,0.11802401751136907,0.630362437159272,0.9832843662618258,FALSE,20
E2,Sex-combined,Sex,Amide-Pos-002228,1-Oleoyl-2-Myristoyl-Sn-Glycero-3-Phosphocholine,Lipids and lipid-like molecules,NA,0.11754133930307055,0.6317715193154145,0.9832843662618258,FALSE,20
E2,Sex-combined,Sex,C8-Pos-000007,9-Methoxy-9-Oxononanoic Acid,Lipids and lipid-like molecules,NA,0.11672829476368249,0.6341477879006805,0.9832843662618258,FALSE,20
E2,Sex-combined,Sex,C18-Pos-000742,Uric Acid,Organoheterocyclic compounds,R-HSA-189200;R-HSA-2672351;R-HSA-549132;R-HSA-561048;R-HSA-5619047;R-HSA-5619071;R-HSA-74259;R-HSA-8956319;WP4224;WP4507;WP4792,0.11669427656231265,0.6555802457329805,0.9832843662618258,FALSE,18
E2,Sex-combined,Sex,Amide-Pos-000604,D-Histidine Methyl Ester,Organic acids and derivatives,NA,-0.11667386897964489,0.6343069798004398,0.9832843662618258,FALSE,20
E2,Sex-combined,Sex,C8-Pos-004875,Ps 20:2_20:2,Lipids and lipid-like molecules,NA,-0.11656753955919134,0.6346180308308796,0.9832843662618258,FALSE,20
E2,Sex-combined,Sex,Amide-Neg-000316,Acetyl-D-Alanine,Organic acids and derivatives,NA,0.11527188699169667,0.6947567944265013,0.9832843662618258,FALSE,15
E2,Sex-combined,Sex,Amide-Neg-000141,"2,6-Dihydroxypyridine Hcl",Organoheterocyclic compounds,NA,-0.11424544564953494,0.6414255195452906,0.9832843662618258,FALSE,20
E2,Sex-combined,Sex,C18-Neg-000283,Octanedioic Acid,Lipids and lipid-like molecules,NA,0.11292808845396006,0.6660803578367466,0.9832843662618258,FALSE,18
E2,Sex-combined,Sex,C8-Pos-000342,Palmitic Acid,Lipids and lipid-like molecules,map00062;map00071;map00100;map00120;map00561;R-HSA-112310;R-HSA-1368082;R-HSA-1368108;R-HSA-1592230;R-HSA-163560;R-HSA-1655829;R-HSA-192456;R-HSA-1989781;R-HSA-202131;R-HSA-203615;R-HSA-2151201;R-HSA-2187335;R-HSA-2426168;R-HSA-2453902;R-HSA-2980736;R-HSA-373760;R-HSA-381340;R-HSA-381771;R-HSA-400206;R-HSA-400253;R-HSA-400451;R-HSA-400508;R-HSA-400511;R-HSA-422356;R-HSA-425397;R-HSA-434313;R-HSA-434316;R-HSA-444209;R-HSA-5619108;R-HSA-6806667;R-HSA-75105;R-HSA-75876;R-HSA-75896;R-HSA-804914;R-HSA-8848584;R-HSA-8935690;R-HSA-8963743;R-HSA-8979227;R-HSA-9009391;R-HSA-9648002;R-HSA-9707564;R-HSA-9707616;R-HSA-975634;R-HSA-9843745;R-HSA-9845614;WP357;WP3602;WP3965;WP4724;WP4853;WP4949;WP5181;WP5315,0.11136636325340069,0.6499040226754669,0.9832843662618258,FALSE,20
E2,Sex-combined,Sex,C18-Pos-001332,Hypaphorine,Organic acids and derivatives,NA,0.11101047168319222,0.6509549671321112,0.9832843662618258,FALSE,20
E2,Sex-combined,Sex,C8-Pos-000500,Rjipnphmqgdubw-Lrankocbsa-N,Lipids and lipid-like molecules,NA,0.11092651993903277,0.7314460929672529,0.9832843662618258,FALSE,13
E2,Sex-combined,Sex,C18-Pos-001046,L-Kynurenine,Organic oxygen compounds,map00380;R-HSA-71240;WP2485;WP3645;WP4210;WP5414,0.11052687124581001,0.6728058293430692,0.9832843662618258,FALSE,18
E2,Sex-combined,Sex,C8-Neg-000679,Lithocholic Acid,Lipids and lipid-like molecules,map00120;R-HSA-156584;R-HSA-159418;R-HSA-192105;R-HSA-193368;R-HSA-193807;R-HSA-194068;R-HSA-1989781;R-HSA-211976;R-HSA-400206;WP5273,-0.11028201362876681,0.6531080619386936,0.9832843662618258,FALSE,20
E2,Sex-combined,Sex,C8-Pos-000209,Ppg N4,Organic oxygen compounds,NA,-0.11027986273650149,0.6531144232039657,0.9832843662618258,FALSE,20
E2,Sex-combined,Sex,Amide-Neg-000171,Glutaric Anhydride,Organoheterocyclic compounds,NA,0.10972649488965985,0.6750528218342777,0.9832843662618258,FALSE,18
E2,Sex-combined,Sex,C8-Pos-001076,Bis(Methylbenzylidene)Sorbitol,Phenylpropanoids and polyketides,NA,-0.10958485958485958,0.6551710931749029,0.9832843662618258,FALSE,20
E2,Sex-combined,Sex,C8-Pos-004991,Pc(18:1_22:6),Lipids and lipid-like molecules,NA,-0.10958485958485958,0.6551710931749029,0.9832843662618258,FALSE,20
E2,Sex-combined,Sex,Amide-Neg-001445,D-Mannitol 1-Phosphate,Organic oxygen compounds,NA,-0.10905615644655842,0.6666442848832946,0.9832843662618258,FALSE,19
E2,Sex-combined,Sex,Amide-Pos-000092,3-[(2-Hydroxyethyl)Amino]-1-Propanol,Organic nitrogen compounds,NA,-0.10869373583303958,0.6578116076488556,0.9832843662618258,FALSE,20
E2,Sex-combined,Sex,Amide-Neg-001321,Cytidine,"Nucleosides, nucleotides, and analogues",R-HSA-425397;R-HSA-5619063;R-HSA-73614;R-HSA-73621;R-HSA-83936;R-HSA-8956319;R-HSA-8956321;WP4022;WP4225;WP4485;WP4584;WP5408,0.10838139751168023,0.6587380272161866,0.9832843662618258,FALSE,20
E2,Sex-combined,Sex,C18-Pos-000574,L-(-)-Methionine,Organic acids and derivatives,map00270;R-HSA-1237112;R-HSA-156581;R-HSA-1614635;R-HSA-196741;R-HSA-2514856;R-HSA-2514859;R-HSA-352230;R-HSA-379716;R-HSA-379724;R-HSA-379726;R-HSA-442660;R-HSA-5579024;R-HSA-5579029;R-HSA-5619044;R-HSA-5619094;R-HSA-5659735;R-HSA-5676934;R-HSA-6782315;R-HSA-6782861;R-HSA-6798163;R-HSA-71240;R-HSA-947581;R-HSA-9759218;R-HSA-9857492;WP1533;WP1589;WP176;WP2333;WP241;WP2525;WP3580;WP3996;WP4224;WP4259;WP4288;WP4292;WP4313;WP4504;WP4583;WP5150;WP5402;WP661;WP704,0.10822041234180678,0.6792880591223136,0.9832843662618258,FALSE,18
E2,Sex-combined,Sex,C8-Pos-003290,Tg(2:0_11:0_23:4),Lipids and lipid-like molecules,NA,-0.10796908889735136,0.6599616953042602,0.9832843662618258,FALSE,20
E2,Sex-combined,Sex,Amide-Neg-000783,Dl-P-Hydroxyphenyllactic Acid,Benzenoids,NA,-0.1074340980654451,0.7031298033534796,0.9832843662618258,FALSE,16
E2,Sex-combined,Sex,Amide-Neg-001099,D-Glucose,Organic oxygen compounds,map00051;map00052;map00520;map00830;R-HSA-1660662;R-HSA-170822;R-HSA-189085;R-HSA-189200;R-HSA-2980736;R-HSA-381771;R-HSA-400508;R-HSA-420499;R-HSA-422085;R-HSA-422356;R-HSA-532668;R-HSA-5619047;R-HSA-5619056;R-HSA-5619073;R-HSA-5619098;R-HSA-5652084;R-HSA-5652227;R-HSA-5653890;R-HSA-5656364;R-HSA-5658208;R-HSA-70171;R-HSA-70221;R-HSA-70263;R-HSA-70326;R-HSA-8935690;R-HSA-8963676;R-HSA-8963743;R-HSA-8981373;R-HSA-8982491;R-HSA-901042;R-HSA-964739;R-HSA-9683686;R-HSA-9683701;R-HSA-9694548;R-HSA-9694635;R-HSA-9717189;R-HSA-9717207;R-HSA-9772573;R-HSA-9840310;WP1403;WP1533;WP1584;WP176;WP1946;WP1982;WP2456;WP2868;WP3602;WP3915;WP4521;WP4628;WP4629;WP500;WP5094;WP5216;WP5312;WP534;WP5394;WP5433;WP661;WP690;WP698,0.10715570360777885,0.662378119323149,0.9832843662618258,FALSE,20
E2,Sex-combined,Sex,C8-Neg-000556,"7(Z),10(Z),13(Z),16(Z)-Docosatetraenoic Acid",Lipids and lipid-like molecules,map00592;R-HSA-2980736;R-HSA-381771;R-HSA-400508;R-HSA-444209;WP4723;WP5122;WP5321,0.10601696337793054,0.6657664834237296,0.9832843662618258,FALSE,20
E2,Sex-combined,Sex,Amide-Pos-002176,"1,2-Dipentadecanoyl-Sn-Glycero-3-Phosphocholine",Lipids and lipid-like molecules,NA,0.10545733444572458,0.6674339601134076,0.9832843662618258,FALSE,20
E2,Sex-combined,Sex,Amide-Neg-000781,D-Tyrosine,Organic acids and derivatives,WP5029;WP5274;WP5376,0.10499013139145198,0.6688271877085776,0.9832843662618258,FALSE,20
E2,Sex-combined,Sex,Amide-Pos-001056,Thiamine,Organoheterocyclic compounds,map00730;R-HSA-196819,-0.1034798534798535,0.6733380007763343,0.9832843662618258,FALSE,20
E2,Sex-combined,Sex,Amide-Neg-001431,D-Glucose 6-Phosphate,Organic oxygen compounds,map00052;map00520;map00562;R-HSA-1483249;R-HSA-1855183;WP134;WP1946;WP3915;WP4141;WP4290;WP4297;WP5153;WP5173;WP5178;WP5211;WP5216;WP5312;WP5314;WP534;WP5380;WP5394;WP698,0.10340701471859003,0.6735558230733738,0.9832843662618258,FALSE,20
E2,Sex-combined,Sex,Amide-Pos-000365,Triethanolamine,Organic nitrogen compounds,NA,-0.10175966581017658,0.6784887889381949,0.9832843662618258,FALSE,20
E2,Sex-combined,Sex,C18-Neg-000934,Yrquylsqfnxrba-Izzdovswsa-N,Lipids and lipid-like molecules,NA,0.09962080362832448,0.7036417139838855,0.9832843662618258,FALSE,18
E2,Sex-combined,Sex,Amide-Pos-001185,7-Methylguanosine,"Nucleosides, nucleotides, and analogues",R-HSA-429914;R-HSA-429958;R-HSA-430039;R-HSA-6790901;WP4485,-0.09884157800711649,0.6872576598337254,0.9832843662618258,FALSE,20
E2,Sex-combined,Sex,Amide-Pos-001017,Glycerophosphocholine,Lipids and lipid-like molecules,map00830;R-HSA-1483115;R-HSA-1483255;R-HSA-6814848;WP4195;WP4949;WP528,0.09810297828137411,0.689483284472842,0.9832843662618258,FALSE,20
E2,Sex-combined,Sex,C8-Pos-000148,Palmitoleic Acid,Lipids and lipid-like molecules,R-HSA-2980736;R-HSA-381771;R-HSA-400508;R-HSA-444209;WP4718;WP4724,0.09726931713275691,0.69199829301823,0.9832843662618258,FALSE,20
E2,Sex-combined,Sex,C18-Pos-003970,1-(9z-Octadecenoyl)-Sn-Glycero-3-Phosphoethanolamine,Lipids and lipid-like molecules,NA,-0.096369535791073,0.6947162414228859,0.9832843662618258,FALSE,20
E2,Sex-combined,Sex,Amide-Neg-000252,Meso-Erythritol,Organic oxygen compounds,NA,-0.09630224106256403,0.6949196609051558,0.9832843662618258,FALSE,20
E2,Sex-combined,Sex,C8-Pos-001359,Gly-Met-Arg,Organic acids and derivatives,NA,-0.09584859584859584,0.6962914664435595,0.9832843662618258,FALSE,20
E2,Sex-combined,Sex,C18-Pos-000763,N-Acetylglutamic Acid,Organic acids and derivatives,R-HSA-70635;WP4571;WP4583;WP4595;WP497,-0.09514214003985255,0.7462909422769071,0.9832843662618258,FALSE,15
E2,Sex-combined,Sex,C8-Pos-000709,Stearoyl Ethanolamide,Organic nitrogen compounds,R-HSA-112310,0.09413875735476428,0.7014700391447521,0.9832843662618258,FALSE,20
E2,Sex-combined,Sex,Amide-Neg-000323,6-Aminocaproic Acid,Lipids and lipid-like molecules,NA,-0.09404381372467752,0.7599157657555013,0.9832843662618258,FALSE,14
E2,Sex-combined,Sex,C18-Pos-003617,1-Hexadecanoyl-Sn-Glycero-3-Phosphoethanolamine,Lipids and lipid-like molecules,map00564,-0.09361082048382505,0.7030715582928092,0.9832843662618258,FALSE,20
E2,Sex-combined,Sex,C8-Pos-001474,Diosgenin,Lipids and lipid-like molecules,NA,0.09324224349350262,0.7041903630067052,0.9832843662618258,FALSE,20
E2,Sex-combined,Sex,C8-Pos-000593,Glycerol Monopalmitate,Lipids and lipid-like molecules,NA,0.09280856223014104,0.7055075349201545,0.9832843662618258,FALSE,20
E2,Sex-combined,Sex,C8-Pos-000820,Docosanamide,Lipids and lipid-like molecules,NA,-0.09256977806551821,0.7062331102638488,0.9832843662618258,FALSE,20
E2,Sex-combined,Sex,C8-Pos-005546,Pc(19:4cho_29:7),Lipids and lipid-like molecules,NA,0.09256977806551821,0.7062331102638488,0.9832843662618258,FALSE,20
E2,Sex-combined,Sex,C18-Pos-000925,S-Adenosyl-L-Homocysteine,"Nucleosides, nucleotides, and analogues",map00130;map00270;map00330;map00340;map00350;map00380;map00760;R-HSA-112311;R-HSA-1474165;R-HSA-1483191;R-HSA-1500620;R-HSA-156581;R-HSA-1614635;R-HSA-163841;R-HSA-196741;R-HSA-196807;R-HSA-197264;R-HSA-201722;R-HSA-203927;R-HSA-209776;R-HSA-209905;R-HSA-209931;R-HSA-211000;R-HSA-212300;R-HSA-2142789;R-HSA-2299718;R-HSA-2408499;R-HSA-2408508;R-HSA-2408552;R-HSA-2514856;R-HSA-2514859;R-HSA-2559580;R-HSA-2559582;R-HSA-3214841;R-HSA-3214858;R-HSA-379397;R-HSA-379401;R-HSA-389661;R-HSA-427359;R-HSA-427389;R-HSA-427413;R-HSA-5250913;R-HSA-5250941;R-HSA-5334118;R-HSA-5358493;R-HSA-5578997;R-HSA-5579029;R-HSA-5601884;R-HSA-5676934;R-HSA-5693565;R-HSA-5693606;R-HSA-6782315;R-HSA-6782861;R-HSA-6787450;R-HSA-6790901;R-HSA-6793080;R-HSA-6804760;R-HSA-68875;R-HSA-69273;R-HSA-70921;R-HSA-71288;R-HSA-71403;R-HSA-72086;R-HSA-72764;R-HSA-8868766;R-HSA-8876725;R-HSA-8936459;R-HSA-8939236;R-HSA-8978934;R-HSA-9009391;R-HSA-912446;R-HSA-9645723;R-HSA-9648002;R-HSA-9679514;R-HSA-9682706;R-HSA-9682708;R-HSA-9694631;R-HSA-9694635;R-HSA-9694682;R-HSA-9694686;R-HSA-9694786;R-HSA-9710421;R-HSA-9748787;R-HSA-9759218;R-HSA-9772572;R-HSA-9772573;R-HSA-9816359;R-HSA-9820952;R-HSA-9820965;R-HSA-9821993;R-HSA-9828642;R-HSA-9842860;R-HSA-9843940;R-HSA-9843970;R-HSA-9845323;R-HSA-9854311;WP1533;WP1589;WP176;WP2333;WP241;WP2436;WP2525;WP2533;WP3391;WP3580;WP3933;WP3996;WP4259;WP4271;WP4288;WP4292;WP4504;WP4932;WP5150;WP5190;WP5233;WP5351;WP704,-0.09170364456901618,0.7768344445923137,0.9832843662618258,FALSE,13
E2,Sex-combined,Sex,Amide-Neg-000219,N-Acetylglycine,Organic acids and derivatives,NA,0.08994975493543897,0.7142101950482717,0.9832843662618258,FALSE,20
E2,Sex-combined,Sex,C8-Pos-004241,Hex1cer(D24:2_12:0),Lipids and lipid-like molecules,NA,-0.08943181948702605,0.7157905284011227,0.9832843662618258,FALSE,20
E2,Sex-combined,Sex,C8-Pos-004759,Pe(O-20:1_22:6),Lipids and lipid-like molecules,NA,0.08936461529145427,0.7330451196243168,0.9832843662618258,FALSE,18
E2,Sex-combined,Sex,C18-Neg-000020,Methyl Dihydrogen Phosphate,Organic acids and derivatives,NA,0.088552264199652,0.7536539425318014,0.9832843662618258,FALSE,16
E2,Sex-combined,Sex,Amide-Pos-000836,Cystathionine,Organic acids and derivatives,NA,0.08565027825184984,0.7273620184054438,0.9832843662618258,FALSE,20
E2,Sex-combined,Sex,Amide-Pos-000303,1h-Imidazole-1-Acetic Acid,Organic acids and derivatives,NA,-0.08552313550052808,0.7712837907592979,0.9832843662618258,FALSE,15
E2,Sex-combined,Sex,Amide-Pos-000690,Gly-Asp,Organic acids and derivatives,NA,-0.08490943891635049,0.8039668612405607,0.9832843662618258,FALSE,12
E2,Sex-combined,Sex,C8-Pos-000033,"1,3-Diphenylacetone",Phenylpropanoids and polyketides,NA,-0.08469171212374908,0.730304333156709,0.9832843662618258,FALSE,20
E2,Sex-combined,Sex,Amide-Neg-001329,Spongouridin,"Nucleosides, nucleotides, and analogues",NA,-0.08424465222963054,0.7316778187006061,0.9832843662618258,FALSE,20
E2,Sex-combined,Sex,C8-Pos-003694,Tg(15:1cooh_24:0),Lipids and lipid-like molecules,NA,0.08363802661062428,0.7335427813923965,0.9832843662618258,FALSE,20
E2,Sex-combined,Sex,C8-Pos-003714,Pc(O-10:0_23:2),Lipids and lipid-like molecules,NA,0.08337580579977688,0.7343493758696866,0.9832843662618258,FALSE,20
E2,Sex-combined,Sex,C8-Pos-005755,Pc(36:6_13:4cooh),Lipids and lipid-like molecules,NA,0.08315590233004178,0.7350260071018511,0.9832843662618258,FALSE,20
E2,Sex-combined,Sex,C8-Neg-003656,Pe(19:1cooh_28:3),Lipids and lipid-like molecules,NA,-0.07977162163639283,0.7690094783530486,0.9832843662618258,FALSE,17
E2,Sex-combined,Sex,C8-Pos-003944,Pc(O-24:5_10:0),Lipids and lipid-like molecules,NA,-0.07800317439008489,0.7509332115885604,0.9832843662618258,FALSE,20
E2,Sex-combined,Sex,Amide-Neg-000574,N-Acetyl-L-Valine,Organic acids and derivatives,NA,0.07763789275398167,0.7520646308538729,0.9832843662618258,FALSE,20
E2,Sex-combined,Sex,Amide-Pos-001743,1-Myristoyl-Sn-Glycero-3-Phosphocholine,Lipids and lipid-like molecules,map00590,-0.07726314978991586,0.7532258588144016,0.9832843662618258,FALSE,20
E2,Sex-combined,Sex,Amide-Pos-000616,Ser-Ser,Organic acids and derivatives,NA,0.07697761712351564,0.7769058100418269,0.9832843662618258,FALSE,17
E2,Sex-combined,Sex,Amide-Pos-000010,Crotonic Acid,Lipids and lipid-like molecules,NA,-0.07691361121493515,0.7543094425976532,0.9832843662618258,FALSE,20
E2,Sex-combined,Sex,Amide-Pos-001381,O-Dodecanoylcarnitine,Lipids and lipid-like molecules,NA,0.07683398148288852,0.7773123095425638,0.9832843662618258,FALSE,17
E2,Sex-combined,Sex,C8-Pos-005152,Pc(10:0cooh_30:8),Lipids and lipid-like molecules,NA,0.07624081665629426,0.7955992609849643,0.9832843662618258,FALSE,15
E2,Sex-combined,Sex,Amide-Pos-000224,D-Proline,Organic acids and derivatives,map00330,0.0758029917494035,0.75775531701711,0.9832843662618258,FALSE,20
E2,Sex-combined,Sex,Amide-Pos-001677,Adenosine 5'-Diphosphate,"Nucleosides, nucleotides, and analogues",map00020;map00051;map00052;map00100;map00120;map00190;map00250;map00270;map00280;map00330;map00340;map00450;map00480;map00520;map00561;map00562;map00620;map00640;map00670;map00730;map00740;map00760;map00770;map00910;map00920;map01040;R-HSA-1059683;R-HSA-109606;R-HSA-109703;R-HSA-109704;R-HSA-110056;R-HSA-110313;R-HSA-110320;R-HSA-111446;R-HSA-111447;R-HSA-111458;R-HSA-111459;R-HSA-111461;R-HSA-111471;R-HSA-111885;R-HSA-111931;R-HSA-111932;R-HSA-111933;R-HSA-111995;R-HSA-111996;R-HSA-111997;R-HSA-112040;R-HSA-112043;R-HSA-112310;R-HSA-112313;R-HSA-112382;R-HSA-112399;R-HSA-112409;R-HSA-112411;R-HSA-114452;R-HSA-114508;R-HSA-114516;R-HSA-114604;R-HSA-114608;R-HSA-1168372;R-HSA-1169091;R-HSA-1169092;R-HSA-1170546;R-HSA-1181150;R-HSA-1221632;R-HSA-1226099;R-HSA-1227986;R-HSA-1227990;R-HSA-1236382;R-HSA-1236394;R-HSA-1236974;R-HSA-1236975;R-HSA-1250196;R-HSA-1250342;R-HSA-1250347;R-HSA-1251932;R-HSA-1266695;R-HSA-1268020;R-HSA-1295596;R-HSA-1307965;R-HSA-1358803;R-HSA-1369007;R-HSA-1369062;R-HSA-139910;R-HSA-1433557;R-HSA-1433559;R-HSA-1445148;R-HSA-1474151;R-HSA-1474165;R-HSA-1483191;R-HSA-1483213;R-HSA-1483248;R-HSA-1483249;R-HSA-1483255;R-HSA-1489509;R-HSA-1500620;R-HSA-1502540;R-HSA-1538133;R-HSA-156584;R-HSA-156590;R-HSA-156711;R-HSA-156827;R-HSA-157579;R-HSA-157858;R-HSA-1592230;R-HSA-159236;R-HSA-159418;R-HSA-1606322;R-HSA-1606341;R-HSA-162658;R-HSA-163210;R-HSA-163358;R-HSA-163560;R-HSA-163680;R-HSA-163841;R-HSA-1643713;R-HSA-165158;R-HSA-165159;R-HSA-165160;R-HSA-165181;R-HSA-1660499;R-HSA-1660514;R-HSA-1660516;R-HSA-1660517;R-HSA-166058;R-HSA-1660661;R-HSA-1660662;R-HSA-166166;R-HSA-166187;R-HSA-166208;R-HSA-166520;R-HSA-167021;R-HSA-167044;R-HSA-167152;R-HSA-167160;R-HSA-167169;R-HSA-167172;R-HSA-167200;R-HSA-167246;R-HSA-1679131;R-HSA-168138;R-HSA-168142;R-HSA-168164;R-HSA-168176;R-HSA-168179;R-HSA-168181;R-HSA-168188;R-HSA-168638;R-HSA-168643;R-HSA-168928;R-HSA-169893;R-HSA-170145;R-HSA-170834;R-HSA-170968;R-HSA-170984;R-HSA-171007;R-HSA-171319;R-HSA-174143;R-HSA-174362;R-HSA-174403;R-HSA-174411;R-HSA-174414;R-HSA-174417;R-HSA-174824;R-HSA-176187;R-HSA-176408;R-HSA-176417;R-HSA-177929;R-HSA-180024;R-HSA-180292;R-HSA-180336;R-HSA-180786;R-HSA-1810476;R-HSA-181429;R-HSA-181430;R-HSA-181438;R-HSA-182971;R-HSA-1834941;R-HSA-1834949;R-HSA-1839117;R-HSA-1839120;R-HSA-1839122;R-HSA-1839124;R-HSA-1839126;R-HSA-1839128;R-HSA-1839130;R-HSA-1855167;R-HSA-1855191;R-HSA-1855204;R-HSA-186712;R-HSA-186763;R-HSA-186797;R-HSA-187015;R-HSA-187024;R-HSA-187037;R-HSA-187042;R-HSA-187577;R-HSA-187687;R-HSA-189445;R-HSA-189451;R-HSA-189483;R-HSA-190236;R-HSA-190239;R-HSA-190241;R-HSA-190242;R-HSA-190322;R-HSA-190370;R-HSA-190371;R-HSA-190372;R-HSA-190373;R-HSA-190374;R-HSA-190375;R-HSA-190377;R-HSA-1912408;R-HSA-1912422;R-HSA-191273;R-HSA-191650;R-HSA-192105;R-HSA-193368;R-HSA-193639;R-HSA-193648;R-HSA-193704;R-HSA-194068;R-HSA-194138;R-HSA-195253;R-HSA-196299;R-HSA-1963642;R-HSA-196741;R-HSA-196757;R-HSA-196783;R-HSA-196807;R-HSA-196819;R-HSA-196843;R-HSA-197264;R-HSA-1980143;R-HSA-198203;R-HSA-198323;R-HSA-198693;R-HSA-198725;R-HSA-198745;R-HSA-198753;R-HSA-198765;R-HSA-199220;R-HSA-199418;R-HSA-199920;R-HSA-199992;R-HSA-200425;R-HSA-201451;R-HSA-201556;R-HSA-201688;R-HSA-202131;R-HSA-2023837;R-HSA-202403;R-HSA-202424;R-HSA-202427;R-HSA-202430;R-HSA-202433;R-HSA-2028269;R-HSA-2029481;R-HSA-2029485;R-HSA-2033514;R-HSA-2033515;R-HSA-2033519;R-HSA-203615;R-HSA-204005;R-HSA-204174;R-HSA-2046104;R-HSA-2046105;R-HSA-2046106;R-HSA-204998;R-HSA-205043;R-HSA-209543;R-HSA-209560;R-HSA-210455;R-HSA-210745;R-HSA-210990;R-HSA-210993;R-HSA-211163;R-HSA-211736;R-HSA-2122947;R-HSA-212676;R-HSA-212718;R-HSA-2132295;R-HSA-2142691;R-HSA-2151201;R-HSA-2151209;R-HSA-2161517;R-HSA-2161522;R-HSA-2161541;R-HSA-2172127;R-HSA-2173789;R-HSA-2173791;R-HSA-2173793;R-HSA-2173795;R-HSA-2173796;R-HSA-2219528;R-HSA-2219530;R-HSA-2299718;R-HSA-2404192;R-HSA-2408550;R-HSA-2408557;R-HSA-2424491;R-HSA-2428924;R-HSA-2428928;R-HSA-2428933;R-HSA-2453902;R-HSA-2465910;R-HSA-2500257;R-HSA-2514853;R-HSA-2514856;R-HSA-2514859;R-HSA-2559580;R-HSA-2559582;R-HSA-2559585;R-HSA-2559586;R-HSA-2565942;R-HSA-2586552;R-HSA-2644602;R-HSA-2644603;R-HSA-2644606;R-HSA-264642;R-HSA-2672351;R-HSA-2682334;R-HSA-2730905;R-HSA-2871796;R-HSA-2871809;R-HSA-2894858;R-HSA-2894862;R-HSA-2980766;R-HSA-2980767;R-HSA-2995383;R-HSA-2995410;R-HSA-3134973;R-HSA-3214858;R-HSA-3249367;R-HSA-3270619;R-HSA-3299685;R-HSA-3301854;R-HSA-3371453;R-HSA-3371497;R-HSA-3371556;R-HSA-3371571;R-HSA-349425;R-HSA-354192;R-HSA-372708;R-HSA-373752;R-HSA-373753;R-HSA-373755;R-HSA-373760;R-HSA-375165;R-HSA-3769402;R-HSA-380259;R-HSA-380284;R-HSA-380287;R-HSA-380972;R-HSA-381042;R-HSA-381070;R-HSA-381119;R-HSA-381426;R-HSA-382556;R-HSA-388841;R-HSA-389356;R-HSA-389357;R-HSA-389359;R-HSA-389513;R-HSA-389948;R-HSA-389957;R-HSA-389958;R-HSA-389960;R-HSA-390450;R-HSA-390466;R-HSA-390471;R-HSA-390522;R-HSA-391160;R-HSA-391251;R-HSA-392170;R-HSA-392451;R-HSA-392517;R-HSA-392518;R-HSA-3928662;R-HSA-3928663;R-HSA-3928664;R-HSA-3928665;R-HSA-397795;R-HSA-399719;R-HSA-399721;R-HSA-399954;R-HSA-399955;R-HSA-399956;R-HSA-399997;R-HSA-400253;R-HSA-400685;R-HSA-4085001;R-HSA-4086398;R-HSA-4086400;R-HSA-416550;R-HSA-416572;R-HSA-416993;R-HSA-417957;R-HSA-418038;R-HSA-418346;R-HSA-418592;R-HSA-418597;R-HSA-418885;R-HSA-418886;R-HSA-418889;R-HSA-418890;R-HSA-422356;R-HSA-425397;R-HSA-428542;R-HSA-428890;R-HSA-432040;R-HSA-432142;R-HSA-432720;R-HSA-432722;R-HSA-437239;R-HSA-438064;R-HSA-4419969;R-HSA-4420097;R-HSA-442720;R-HSA-442729;R-HSA-442742;R-HSA-442755;R-HSA-444257;R-HSA-445095;R-HSA-445144;R-HSA-445355;R-HSA-445717;R-HSA-445989;R-HSA-446199;R-HSA-446205;R-HSA-446210;R-HSA-446219;R-HSA-447041;R-HSA-447043;R-HSA-447115;R-HSA-448424;R-HSA-450282;R-HSA-450294;R-HSA-450302;R-HSA-450321;R-HSA-450341;R-HSA-450385;R-HSA-450513;R-HSA-450520;R-HSA-450531;R-HSA-450604;R-HSA-451927;R-HSA-453276;R-HSA-4608870;R-HSA-4641262;R-HSA-499943;R-HSA-500753;R-HSA-5099900;R-HSA-512988;R-HSA-5173105;R-HSA-5205647;R-HSA-5205685;R-HSA-5213460;R-HSA-5218859;R-HSA-5218920;R-HSA-5218921;R-HSA-525793;R-HSA-5357769;R-HSA-5357905;R-HSA-5358346;R-HSA-5358508;R-HSA-5358565;R-HSA-5358606;R-HSA-5362517;R-HSA-5362768;R-HSA-5387390;R-HSA-5578775;R-HSA-5607761;R-HSA-5607764;R-HSA-5610780;R-HSA-5610783;R-HSA-5610785;R-HSA-5610787;R-HSA-5619084;R-HSA-5621480;R-HSA-5621575;R-HSA-5625740;R-HSA-5625886;R-HSA-5625900;R-HSA-5627117;R-HSA-5627123;R-HSA-5628897;R-HSA-5632684;R-HSA-5633008;R-HSA-5635838;R-HSA-5637810;R-HSA-5637812;R-HSA-5637815;R-HSA-5652084;R-HSA-5654219;R-HSA-5654221;R-HSA-5654227;R-HSA-5654228;R-HSA-5654687;R-HSA-5654688;R-HSA-5654689;R-HSA-5654693;R-HSA-5654695;R-HSA-5654696;R-HSA-5654699;R-HSA-5654700;R-HSA-5654704;R-HSA-5654706;R-HSA-5654708;R-HSA-5654710;R-HSA-5654712;R-HSA-5654716;R-HSA-5654719;R-HSA-5654720;R-HSA-5654726;R-HSA-5654727;R-HSA-5654732;R-HSA-5654733;R-HSA-5654736;R-HSA-5654738;R-HSA-5654741;R-HSA-5654743;R-HSA-5655253;R-HSA-5655291;R-HSA-5655302;R-HSA-5655332;R-HSA-5661270;R-HSA-5663213;R-HSA-5663220;R-HSA-5668541;R-HSA-5668599;R-HSA-5673000;R-HSA-5674135;R-HSA-5674400;R-HSA-5674499;R-HSA-5675221;R-HSA-5676590;R-HSA-5678895;R-HSA-5683826;R-HSA-5684264;R-HSA-5685938;R-HSA-5685942;R-HSA-5687128;R-HSA-5689896;R-HSA-5690714;R-HSA-5693537;R-HSA-5693538;R-HSA-5693548;R-HSA-5693554;R-HSA-5693565;R-HSA-5693567;R-HSA-5693568;R-HSA-5693571;R-HSA-5693579;R-HSA-5693606;R-HSA-5693607;R-HSA-5693616;R-HSA-5696395;R-HSA-5696398;R-HSA-5696399;R-HSA-6781827;R-HSA-6782135;R-HSA-6783310;R-HSA-6783589;R-HSA-6783783;R-HSA-6785807;R-HSA-6787639;R-HSA-6790901;R-HSA-6791312;R-HSA-6796648;R-HSA-6802946;R-HSA-6802948;R-HSA-6802949;R-HSA-6802952;R-HSA-6802955;R-HSA-6802957;R-HSA-6803157;R-HSA-6803204;R-HSA-6803207;R-HSA-6803544;R-HSA-6804115;R-HSA-6804756;R-HSA-6804757;R-HSA-6804758;R-HSA-6804759;R-HSA-6804760;R-HSA-6806003;R-HSA-6806834;R-HSA-6806942;R-HSA-6807004;R-HSA-6807070;R-HSA-6807505;R-HSA-6807878;R-HSA-6811436;R-HSA-6811438;R-HSA-6811440;R-HSA-6811555;R-HSA-6811558;R-HSA-6814122;R-HSA-68616;R-HSA-68867;R-HSA-68875;R-HSA-68881;R-HSA-68884;R-HSA-68911;R-HSA-68949;R-HSA-68962;R-HSA-69002;R-HSA-69017;R-HSA-69052;R-HSA-69091;R-HSA-69109;R-HSA-69186;R-HSA-69190;R-HSA-69200;R-HSA-69202;R-HSA-69206;R-HSA-69231;R-HSA-69236;R-HSA-69239;R-HSA-69273;R-HSA-69473;R-HSA-69478;R-HSA-69541;R-HSA-69563;R-HSA-69580;R-HSA-69601;R-HSA-69610;R-HSA-69613;R-HSA-69615;R-HSA-69656;R-HSA-70171;R-HSA-70221;R-HSA-70263;R-HSA-70268;R-HSA-70326;R-HSA-70350;R-HSA-70370;R-HSA-70635;R-HSA-70895;R-HSA-70921;R-HSA-71032;R-HSA-71288;R-HSA-71336;R-HSA-71403;R-HSA-72202;R-HSA-72613;R-HSA-72662;R-HSA-72702;R-HSA-72737;R-HSA-73614;R-HSA-73621;R-HSA-73728;R-HSA-73817;R-HSA-73854;R-HSA-73864;R-HSA-73886;R-HSA-73893;R-HSA-74217;R-HSA-74259;R-HSA-74713;R-HSA-74749;R-HSA-74751;R-HSA-74752;R-HSA-75035;R-HSA-75105;R-HSA-75109;R-HSA-75153;R-HSA-75815;R-HSA-75893;R-HSA-75955;R-HSA-76005;R-HSA-76009;R-HSA-76042;R-HSA-77075;R-HSA-77289;R-HSA-83936;R-HSA-877300;R-HSA-881907;R-HSA-8847453;R-HSA-8847993;R-HSA-8848021;R-HSA-8849468;R-HSA-8849469;R-HSA-8849470;R-HSA-8849471;R-HSA-8849472;R-HSA-8849474;R-HSA-8850843;R-HSA-8851805;R-HSA-8851907;R-HSA-8852276;R-HSA-8852405;R-HSA-8853333;R-HSA-8853334;R-HSA-8853336;R-HSA-8853659;R-HSA-8854518;R-HSA-8854521;R-HSA-8854691;R-HSA-8856688;R-HSA-8856825;R-HSA-8857538;R-HSA-8862803;R-HSA-8863678;R-HSA-8863795;R-HSA-8866376;R-HSA-8874081;R-HSA-8875360;R-HSA-8875791;R-HSA-8875878;R-HSA-8876198;R-HSA-8876384;R-HSA-8876493;R-HSA-8878159;R-HSA-8878166;R-HSA-8934593;R-HSA-8934903;R-HSA-8939236;R-HSA-8939243;R-HSA-8939902;R-HSA-8940973;R-HSA-8941326;R-HSA-8941332;R-HSA-8941858;R-HSA-8943724;R-HSA-8948751;R-HSA-8953750;R-HSA-8955332;R-HSA-8956319;R-HSA-8956320;R-HSA-8956321;R-HSA-8957275;R-HSA-8963896;R-HSA-8963898;R-HSA-8963899;R-HSA-8964058;R-HSA-8964539;R-HSA-8978934;R-HSA-8979227;R-HSA-8982491;R-HSA-8983432;R-HSA-8984722;R-HSA-8985947;R-HSA-8986944;R-HSA-9006115;R-HSA-9006335;R-HSA-9006927;R-HSA-9007101;R-HSA-9007892;R-HSA-9008059;R-HSA-9009391;R-HSA-9010642;R-HSA-9012852;R-HSA-9013420;R-HSA-9013507;R-HSA-9013694;R-HSA-9013973;R-HSA-9014325;R-HSA-9018519;R-HSA-9020558;R-HSA-9020591;R-HSA-9020702;R-HSA-9020933;R-HSA-9020956;R-HSA-9020958;R-HSA-9022692;R-HSA-9024909;R-HSA-9025046;R-HSA-9026357;R-HSA-9026519;R-HSA-9026527;R-HSA-9027276;R-HSA-9027277;R-HSA-9027283;R-HSA-9027284;R-HSA-9028335;R-HSA-9028731;R-HSA-9031628;R-HSA-9032500;R-HSA-9032845;R-HSA-9033241;R-HSA-9034013;R-HSA-9034015;R-HSA-9034793;R-HSA-9034864;R-HSA-909733;R-HSA-912526;R-HSA-912631;R-HSA-917729;R-HSA-917937;R-HSA-917977;R-HSA-918233;R-HSA-927802;R-HSA-933541;R-HSA-933542;R-HSA-936837;R-HSA-936964;R-HSA-937039;R-HSA-937042;R-HSA-937061;R-HSA-937072;R-HSA-9603381;R-HSA-9604323;R-HSA-9607240;R-HSA-9609523;R-HSA-9609736;R-HSA-9613354;R-HSA-9614085;R-HSA-9614399;R-HSA-9619229;R-HSA-9619483;R-HSA-9620244;R-HSA-9627069;R-HSA-9633012;R-HSA-9634285;R-HSA-9634597;R-HSA-9634600;R-HSA-9634635;R-HSA-9634638;R-HSA-9634815;R-HSA-9645135;R-HSA-9645460;R-HSA-9645723;R-HSA-9648002;R-HSA-9648025;R-HSA-9648895;R-HSA-964975;R-HSA-9649948;R-HSA-9652169;R-HSA-9656223;R-HSA-9659379;R-HSA-9660821;R-HSA-9660826;R-HSA-9662360;R-HSA-9662361;R-HSA-9662834;R-HSA-9663891;R-HSA-9664323;R-HSA-9664420;R-HSA-9664424;R-HSA-9664565;R-HSA-9665348;R-HSA-9665686;R-HSA-9668328;R-HSA-9669933;R-HSA-9669935;R-HSA-9669938;R-HSA-9670439;R-HSA-9671555;R-HSA-9673324;R-HSA-9673766;R-HSA-9673767;R-HSA-9673768;R-HSA-9673770;R-HSA-9674555;R-HSA-9679514;R-HSA-9680187;R-HSA-9680350;R-HSA-9682385;R-HSA-9682706;R-HSA-9683610;R-HSA-9683701;R-HSA-9694631;R-HSA-9694635;R-HSA-9694682;R-HSA-9694686;R-HSA-9700206;R-HSA-9702518;R-HSA-9703465;R-HSA-9703648;R-HSA-9706019;R-HSA-9706369;R-HSA-9707564;R-HSA-9708530;R-HSA-9725370;R-HSA-9725371;R-HSA-9727281;R-HSA-9730414;R-HSA-9732724;R-HSA-9734009;R-HSA-9748787;R-HSA-9749641;R-HSA-975110;R-HSA-975138;R-HSA-975144;R-HSA-975155;R-HSA-975163;R-HSA-9753281;R-HSA-9755088;R-HSA-9755511;R-HSA-9755779;R-HSA-9757110;R-HSA-975871;R-HSA-9758881;R-HSA-9758890;R-HSA-9759194;R-HSA-975957;R-HSA-9762114;R-HSA-9768919;R-HSA-9772572;R-HSA-9772573;R-HSA-9793528;R-HSA-9816359;R-HSA-9818027;R-HSA-9820952;R-HSA-9820965;R-HSA-9821993;R-HSA-9824585;R-HSA-982772;R-HSA-9828806;R-HSA-983170;R-HSA-983189;R-HSA-9833482;R-HSA-9836573;R-HSA-983695;R-HSA-9837999;R-HSA-9839373;R-HSA-9839389;R-HSA-9840309;R-HSA-9842640;R-HSA-9842663;R-HSA-9853506;R-HSA-9856649;R-HSA-9856651;R-HSA-9860276;R-HSA-9861718;WP176;WP1946;WP2267;WP2333;WP2533;WP2571;WP3391;WP3656;WP3933;WP3953;WP4195;WP4224;WP4236;WP4321;WP4518;WP4628;WP4629;WP466;WP4725;WP4726;WP4792;WP4900;WP4905;WP4932;WP4950;WP4971;WP5090;WP5179;WP5190;WP5283;WP5313;WP5314;WP5346;WP5408;WP623;WP692;WP78,0.07555231872909991,0.758533678036255,0.9832843662618258,FALSE,20
E2,Sex-combined,Sex,C8-Pos-005561,Pc(22:5cooh_25:8),Lipids and lipid-like molecules,NA,-0.07549061487764751,0.7587253078753484,0.9832843662618258,FALSE,20
E2,Sex-combined,Sex,Amide-Neg-000787,D-(-)-Mannitol,Organic oxygen compounds,NA,0.07532364895907363,0.7592439111046709,0.9832843662618258,FALSE,20
E2,Sex-combined,Sex,Amide-Neg-000749,"N2-[5-Phenyl-4-(Trifluoromethyl)-1,3-Thiazol-2-Yl]Thiophene-2-Carboxamide",Organoheterocyclic compounds,NA,0.07383706676633772,0.7638656132894583,0.9832843662618258,FALSE,20
E2,Sex-combined,Sex,C8-Pos-005741,Pc(28:1_21:0cooh),Lipids and lipid-like molecules,NA,-0.07312241982846909,0.7660901455480275,0.9832843662618258,FALSE,20
E2,Sex-combined,Sex,C8-Pos-000350,Citroflex 2,Organic acids and derivatives,NA,0.07291478384415011,0.7667367983190083,0.9832843662618258,FALSE,20
E2,Sex-combined,Sex,C8-Neg-000367,Myristyl Sulfate,Organic acids and derivatives,NA,0.07159266209147187,0.7708578056387076,0.9832843662618258,FALSE,20
E2,Sex-combined,Sex,C18-Pos-001425,(2r)-3-Hydroxyisovaleroylcarnitine,Lipids and lipid-like molecules,NA,0.07142438869812491,0.8346949943054478,0.9832843662618258,FALSE,12
E2,Sex-combined,Sex,C18-Pos-000591,N-Methyl-2-Phenylpropan-1-Amine,Benzenoids,NA,-0.07051703036296145,0.8276074504690414,0.9832843662618258,FALSE,13
E2,Sex-combined,Sex,C8-Pos-000501,(±)5-Hepe,Lipids and lipid-like molecules,R-HSA-9027604,0.07005511115816054,0.7893373919571579,0.9832843662618258,FALSE,18
E2,Sex-combined,Sex,C8-Pos-004352,Tg(20:2cho_26:3),Lipids and lipid-like molecules,NA,0.06993949267087335,0.776018945420151,0.9832843662618258,FALSE,20
E2,Sex-combined,Sex,C8-Pos-004574,1-Palmitoyl-2-Docosahexaenoyl-Sn-Glycero-3-Phosphocholine,Lipids and lipid-like molecules,NA,0.06967937365542627,0.7835199182312651,0.9832843662618258,FALSE,19
E2,Sex-combined,Sex,C8-Pos-002844,Dg(16:0_16:1),Lipids and lipid-like molecules,NA,0.06891013682316613,0.7792371207893364,0.9832843662618258,FALSE,20
E2,Sex-combined,Sex,C8-Pos-000612,"4-Hydroxy-6-[2-(2-Methyl-1,2,4a,5,6,7,8,8a-Octahydronaphthalen-1-Yl)Ethyl]Oxan-2-One",Organoheterocyclic compounds,NA,0.06856922354130955,0.780303712350288,0.9832843662618258,FALSE,20
E2,Sex-combined,Sex,Amide-Neg-000587,2-Oxoadipic Acid,Organic acids and derivatives,map00310;R-HSA-71064;R-HSA-9858328;WP4519;WP465,0.06796241625333335,0.7822031165985279,0.9832843662618258,FALSE,20
E2,Sex-combined,Sex,C8-Pos-002985,Pc(11:2cho_11:2),Lipids and lipid-like molecules,NA,0.06746250395280572,0.79025944786283,0.9832843662618258,FALSE,19
E2,Sex-combined,Sex,C8-Pos-001012,2-Arachidonoyl Glycerol,Lipids and lipid-like molecules,R-HSA-114508;R-HSA-426048;WP3869;WP4321;WP5094,0.06705220532136905,0.7850544338595932,0.9832843662618258,FALSE,20
E2,Sex-combined,Sex,C8-Neg-003546,Ps(23:4_21:5),Lipids and lipid-like molecules,NA,-0.06687338401065877,0.7856149170003166,0.9832843662618258,FALSE,20
E2,Sex-combined,Sex,Amide-Neg-000314,Mesaconic Acid,Lipids and lipid-like molecules,NA,0.06614570564484422,0.7878967326058058,0.9832843662618258,FALSE,20
E2,Sex-combined,Sex,Amide-Pos-000235,"N,N-Dimethyl-Beta-Alanine Hcl",Organic nitrogen compounds,NA,0.06460931162550894,0.7927198923640971,0.9832843662618258,FALSE,20
E2,Sex-combined,Sex,Amide-Neg-000766,I-Inositol,Organic oxygen compounds,NA,-0.06438957088436939,0.793410312178991,0.9832843662618258,FALSE,20
E2,Sex-combined,Sex,Amide-Pos-001105,Υ-L-Glutamyl-L-Glutamic Acid,Organic acids and derivatives,NA,-0.06406162908640005,0.8136642923110926,0.9832843662618258,FALSE,17
E2,Sex-combined,Sex,C8-Pos-000335,Galaxolidone,Organoheterocyclic compounds,NA,0.06394387340648557,0.7948111337456276,0.9832843662618258,FALSE,20
E2,Sex-combined,Sex,C8-Neg-000301,Ala-Pro-Asn,Organic acids and derivatives,NA,0.06306916119624681,0.7975620879500651,0.9832843662618258,FALSE,20
E2,Sex-combined,Sex,Amide-Pos-000902,2-Sc S-(2-Succinyl)-L-Cysteine,Organic acids and derivatives,NA,0.06288156288156287,0.798152380083501,0.9832843662618258,FALSE,20
E2,Sex-combined,Sex,C8-Pos-004250,1-(1z-Octadecenyl)-2-(9z-Octadecenoyl)-Sn-Glycero-3-Phosphocholine,Lipids and lipid-like molecules,NA,0.06265818889647594,0.7988553797974123,0.9832843662618258,FALSE,20
E2,Sex-combined,Sex,C8-Neg-003594,Pe(22:3_26:5),Lipids and lipid-like molecules,NA,0.06167135395741263,0.8570514729412442,0.9832843662618258,FALSE,12
E2,Sex-combined,Sex,C8-Neg-003470,Pc(20:2cho_22:5),Lipids and lipid-like molecules,NA,0.060903021323065715,0.8508602357533435,0.9832843662618258,FALSE,13
E2,Sex-combined,Sex,C8-Pos-000642,"16-Hydroxycleroda-3,13-Dien-15,16-Olide",Lipids and lipid-like molecules,NA,0.060277725984524556,0.8063562457980893,0.9832843662618258,FALSE,20
E2,Sex-combined,Sex,C18-Neg-002092,1-Stearoyl-2-Hydroxy-Sn-Glycero-3-Phosphoethanolamine,Lipids and lipid-like molecules,WP4313,0.05847520355292376,0.8360084861979434,0.9832843662618258,FALSE,16
E2,Sex-combined,Sex,Amide-Neg-000307,Citraconic Acid,Lipids and lipid-like molecules,NA,0.057863187932932283,0.8196005119386351,0.9832843662618258,FALSE,19
E2,Sex-combined,Sex,C18-Pos-002221,Cocamidopropyl Betaine,Organic acids and derivatives,NA,-0.057786272930976774,0.8142242055948195,0.9832843662618258,FALSE,20
E2,Sex-combined,Sex,C8-Neg-002843,Pc(18:1_5:1cho),Lipids and lipid-like molecules,NA,0.05684557448739427,0.8171993892660296,0.9832843662618258,FALSE,20
E2,Sex-combined,Sex,C8-Neg-003571,Pc(20:2_21:4),Lipids and lipid-like molecules,NA,-0.053847472342303616,0.8266974001964336,0.9832843662618258,FALSE,20
E2,Sex-combined,Sex,C8-Pos-004203,Pc(O-29:1_5:0),Lipids and lipid-like molecules,NA,0.0538395278504546,0.8267225996352268,0.9832843662618258,FALSE,20
E2,Sex-combined,Sex,Amide-Neg-000753,N-Formyl-L-Methionine,Organic acids and derivatives,NA,0.05354349081073484,0.8382790897717104,0.9832843662618258,FALSE,18
E2,Sex-combined,Sex,C8-Pos-004114,Pe(19:4_19:4),Lipids and lipid-like molecules,NA,0.05330268209104487,0.8284258158210356,0.9832843662618258,FALSE,20
E2,Sex-combined,Sex,Amide-Pos-000636,6-Chloropicolinic Acid,Organoheterocyclic compounds,NA,-0.05306812382482933,0.829170214434031,0.9832843662618258,FALSE,20
E2,Sex-combined,Sex,C18-Pos-001343,3-Hydroxybutyrylcarnitine,Lipids and lipid-like molecules,NA,-0.05186131805820067,0.8380647918219203,0.9832843662618258,FALSE,19
E2,Sex-combined,Sex,C8-Neg-003516,Pa(29:1_20:6),Lipids and lipid-like molecules,NA,0.05185505287984216,0.8330222511097878,0.9832843662618258,FALSE,20
E2,Sex-combined,Sex,C8-Pos-002819,Pe(7:0_16:0cho),Lipids and lipid-like molecules,NA,-0.05158730158730157,0.8338729739530952,0.9832843662618258,FALSE,20
E2,Sex-combined,Sex,C18-Pos-001015,D-(+)-Tryptophan,Organoheterocyclic compounds,R-HSA-420499;R-HSA-9717189;R-HSA-9717207;WP5078,-0.0512366020655519,0.8349875143967112,0.9832843662618258,FALSE,20
E2,Sex-combined,Sex,Amide-Pos-000316,D-Lysine,Organic acids and derivatives,map00310;map00780,-0.05122761085980635,0.8350160928627344,0.9832843662618258,FALSE,20
E2,Sex-combined,Sex,Amide-Neg-000116,Malonic Acid,Organic acids and derivatives,map00250;WP4686,0.05066794335487066,0.8468652063158812,0.9832843662618258,FALSE,18
E2,Sex-combined,Sex,C8-Pos-001317,Solanidine,Lipids and lipid-like molecules,NA,0.050315115072591496,0.8428350245479665,0.9832843662618258,FALSE,19
E2,Sex-combined,Sex,C8-Neg-002453,Pc(14:0_4:1cho),Lipids and lipid-like molecules,NA,-0.0500030867055621,0.8389100671023968,0.9832843662618258,FALSE,20
E2,Sex-combined,Sex,Amide-Neg-000851,Α-Cyano-3-Hydroxycinnamic Acid,Phenylpropanoids and polyketides,NA,0.04980609438451184,0.84944182660577,0.9832843662618258,FALSE,18
E2,Sex-combined,Sex,Amide-Neg-001331,Pseudouridine,"Nucleosides, nucleotides, and analogues",R-HSA-73614;R-HSA-8956321;WP4485,0.04949591804235382,0.8405239136003795,0.9832843662618258,FALSE,20
E2,Sex-combined,Sex,Amide-Pos-000987,Asp-Asp,Organic acids and derivatives,NA,0.04939524573176179,0.840844332668228,0.9832843662618258,FALSE,20
E2,Sex-combined,Sex,C8-Pos-005016,Pc(28:6_10:0cooh),Lipids and lipid-like molecules,NA,-0.048534798534798536,0.8435839301742771,0.9832843662618258,FALSE,20
E2,Sex-combined,Sex,Amide-Neg-000920,D-Gluconic Acid,Organic oxygen compounds,NA,0.04815839483419688,0.844782913281546,0.9832843662618258,FALSE,20
E2,Sex-combined,Sex,Amide-Pos-000620,D-Arginine,Organic acids and derivatives,map00472,0.04714143318053368,0.848023934421075,0.9832843662618258,FALSE,20
E2,Sex-combined,Sex,C8-Pos-003127,Pc(6:0_17:0cho),Lipids and lipid-like molecules,NA,-0.04630625986622252,0.850687352160917,0.9832843662618258,FALSE,20
E2,Sex-combined,Sex,C8-Pos-004947,Pc O-42:6,Lipids and lipid-like molecules,NA,0.046148166728961076,0.8511916958155181,0.9832843662618258,FALSE,20
E2,Sex-combined,Sex,C8-Pos-005548,Pg(O-29:8_21:6),Lipids and lipid-like molecules,NA,0.044783027633780996,0.8555490002720239,0.9832843662618258,FALSE,20
E2,Sex-combined,Sex,Amide-Neg-000402,Allopurinol,Organoheterocyclic compounds,NA,-0.0446643799543812,0.8559278954922315,0.9832843662618258,FALSE,20
E2,Sex-combined,Sex,Amide-Pos-001703,Guanosine 5'-Diphosphate (Gdp),"Nucleosides, nucleotides, and analogues",map00020;map00250;map00620;R-HSA-111885;R-HSA-112040;R-HSA-112043;R-HSA-112399;R-HSA-112412;R-HSA-114604;R-HSA-114608;R-HSA-1168372;R-HSA-1169092;R-HSA-1226099;R-HSA-1227986;R-HSA-1227990;R-HSA-1236382;R-HSA-1236394;R-HSA-1250196;R-HSA-1250347;R-HSA-1433557;R-HSA-1445148;R-HSA-156842;R-HSA-156902;R-HSA-157858;R-HSA-162699;R-HSA-162909;R-HSA-163125;R-HSA-163359;R-HSA-1643713;R-HSA-165054;R-HSA-165159;R-HSA-1660662;R-HSA-166187;R-HSA-166208;R-HSA-166520;R-HSA-167044;R-HSA-168274;R-HSA-168333;R-HSA-169893;R-HSA-170660;R-HSA-170670;R-HSA-170968;R-HSA-170984;R-HSA-171007;R-HSA-177243;R-HSA-177504;R-HSA-177929;R-HSA-179812;R-HSA-180336;R-HSA-180746;R-HSA-186763;R-HSA-186797;R-HSA-187037;R-HSA-187687;R-HSA-187706;R-HSA-190236;R-HSA-190828;R-HSA-190840;R-HSA-190861;R-HSA-190872;R-HSA-1912399;R-HSA-1912422;R-HSA-193634;R-HSA-193648;R-HSA-193697;R-HSA-193704;R-HSA-194138;R-HSA-1963640;R-HSA-199992;R-HSA-202040;R-HSA-203927;R-HSA-204005;R-HSA-204998;R-HSA-209563;R-HSA-210993;R-HSA-211000;R-HSA-2132295;R-HSA-2172127;R-HSA-2179392;R-HSA-2404192;R-HSA-2408557;R-HSA-2424491;R-HSA-2428924;R-HSA-2428928;R-HSA-2428933;R-HSA-2485179;R-HSA-2500257;R-HSA-2514856;R-HSA-2514859;R-HSA-2682334;R-HSA-2871796;R-HSA-2995410;R-HSA-3371497;R-HSA-354192;R-HSA-373080;R-HSA-373752;R-HSA-373755;R-HSA-373760;R-HSA-375165;R-HSA-380320;R-HSA-380972;R-HSA-381676;R-HSA-388841;R-HSA-389356;R-HSA-389359;R-HSA-392170;R-HSA-392517;R-HSA-392518;R-HSA-392851;R-HSA-3928662;R-HSA-3928663;R-HSA-3928664;R-HSA-3928665;R-HSA-399955;R-HSA-399997;R-HSA-400042;R-HSA-400451;R-HSA-400685;R-HSA-4086398;R-HSA-416482;R-HSA-416550;R-HSA-416572;R-HSA-418346;R-HSA-418592;R-HSA-418597;R-HSA-418885;R-HSA-420092;R-HSA-422356;R-HSA-428540;R-HSA-428543;R-HSA-428930;R-HSA-432040;R-HSA-432720;R-HSA-432722;R-HSA-434316;R-HSA-437239;R-HSA-438064;R-HSA-4420097;R-HSA-442742;R-HSA-442755;R-HSA-442982;R-HSA-445144;R-HSA-445717;R-HSA-446219;R-HSA-456926;R-HSA-499943;R-HSA-5368286;R-HSA-5368287;R-HSA-5389840;R-HSA-5419276;R-HSA-5610787;R-HSA-5620912;R-HSA-5620916;R-HSA-5620920;R-HSA-5620924;R-HSA-5621575;R-HSA-5624138;R-HSA-5626467;R-HSA-5628897;R-HSA-5637810;R-HSA-5637812;R-HSA-5637815;R-HSA-5654687;R-HSA-5654688;R-HSA-5654693;R-HSA-5654696;R-HSA-5654699;R-HSA-5654700;R-HSA-5654704;R-HSA-5654706;R-HSA-5654708;R-HSA-5654712;R-HSA-5654716;R-HSA-5654719;R-HSA-5654736;R-HSA-5654738;R-HSA-5654741;R-HSA-5654743;R-HSA-5655253;R-HSA-5655291;R-HSA-5655302;R-HSA-5655332;R-HSA-5658442;R-HSA-5663220;R-HSA-6784531;R-HSA-6806834;R-HSA-6807070;R-HSA-6807878;R-HSA-6811434;R-HSA-6811436;R-HSA-6811438;R-HSA-6811440;R-HSA-70263;R-HSA-70326;R-HSA-71064;R-HSA-71403;R-HSA-72086;R-HSA-72613;R-HSA-72706;R-HSA-72731;R-HSA-72737;R-HSA-72764;R-HSA-73817;R-HSA-74751;R-HSA-74752;R-HSA-76005;R-HSA-76009;R-HSA-881907;R-HSA-8848021;R-HSA-8849471;R-HSA-8850843;R-HSA-8851805;R-HSA-8852135;R-HSA-8852276;R-HSA-8854214;R-HSA-8856688;R-HSA-8866654;R-HSA-8873719;R-HSA-8875555;R-HSA-8875878;R-HSA-8876198;R-HSA-8943724;R-HSA-8955332;R-HSA-8956319;R-HSA-8956320;R-HSA-8985586;R-HSA-9006115;R-HSA-9006335;R-HSA-9006927;R-HSA-9007101;R-HSA-9009391;R-HSA-9013026;R-HSA-9013106;R-HSA-9013404;R-HSA-9013405;R-HSA-9013406;R-HSA-9013408;R-HSA-9013409;R-HSA-9013419;R-HSA-9013420;R-HSA-9013423;R-HSA-9013424;R-HSA-9013425;R-HSA-9026519;R-HSA-9027284;R-HSA-9028731;R-HSA-9032500;R-HSA-9032759;R-HSA-9032845;R-HSA-9033658;R-HSA-9033807;R-HSA-9034015;R-HSA-9034864;R-HSA-9035034;R-HSA-9037629;R-HSA-927802;R-HSA-9607240;R-HSA-9609736;R-HSA-9615933;R-HSA-9619229;R-HSA-9619483;R-HSA-9634285;R-HSA-9634597;R-HSA-9634635;R-HSA-9635486;R-HSA-9636383;R-HSA-9637687;R-HSA-9637690;R-HSA-9639288;R-HSA-9646399;R-HSA-9648002;R-HSA-9648025;R-HSA-9660821;R-HSA-9660826;R-HSA-9663891;R-HSA-9664424;R-HSA-9664565;R-HSA-9665348;R-HSA-9665686;R-HSA-9668328;R-HSA-9669938;R-HSA-9670439;R-HSA-9671555;R-HSA-9673767;R-HSA-9673770;R-HSA-9680350;R-HSA-9682385;R-HSA-9703465;R-HSA-9703648;R-HSA-9715370;R-HSA-9717189;R-HSA-9717207;R-HSA-9748787;R-HSA-975576;R-HSA-975578;R-HSA-975956;R-HSA-975957;R-HSA-977443;R-HSA-977444;R-HSA-983170;R-HSA-983189;R-HSA-9833482;R-HSA-9840309;R-HSA-991365;WP422;WP4224;WP4236;WP4521;WP4539;WP4656;WP4792;WP4928;WP4962;WP5222;WP5223;WP5366;WP5406;WP585;WP78,0.0442755809405501,0.8571697160807246,0.9832843662618258,FALSE,20
E2,Sex-combined,Sex,Amide-Neg-000333,2-Methylsuccinic Acid,Lipids and lipid-like molecules,NA,-0.04425904977375566,0.8707121593750373,0.9832843662618258,FALSE,17
E2,Sex-combined,Sex,C18-Pos-001141,Tetraglyme,Organic oxygen compounds,NA,0.0441000503946928,0.8577304645278317,0.9832843662618258,FALSE,20
E2,Sex-combined,Sex,C8-Pos-002542,Lpc 20:3-Sn1,Lipids and lipid-like molecules,NA,-0.04199605255658081,0.8644568844301737,0.9832843662618258,FALSE,20
E2,Sex-combined,Sex,C18-Pos-002968,Acetyltributyl Citrate,Organic acids and derivatives,NA,-0.04105866760885191,0.8674565806296614,0.9832843662618258,FALSE,20
E2,Sex-combined,Sex,C8-Neg-003707,Ps(24:4_24:4),Lipids and lipid-like molecules,NA,0.040625471460260076,0.8688434266348847,0.9832843662618258,FALSE,20
E2,Sex-combined,Sex,Amide-Pos-000155,L-Serine,Organic acids and derivatives,map00270;map00450;map00910;R-HSA-1483101;R-HSA-1614558;R-HSA-1614603;R-HSA-1614635;R-HSA-1660661;R-HSA-196757;R-HSA-2408508;R-HSA-2408557;R-HSA-352230;R-HSA-379716;R-HSA-379724;R-HSA-379726;R-HSA-442660;R-HSA-5619044;R-HSA-5619094;R-HSA-5659735;R-HSA-977347;WP1422;WP1495;WP1533;WP176;WP241;WP2525;WP2533;WP3933;WP3996;WP4142;WP4259;WP4290;WP4297;WP4504;WP4577;WP4589;WP4628;WP4688;WP4725;WP4726;WP5028;WP5029;WP5049;WP5121;WP5166;WP5194;WP5213;WP5312,0.039261806685311595,0.8732114768860983,0.9832843662618258,FALSE,20
E2,Sex-combined,Sex,Amide-Pos-000461,4-Quinolinol,Organoheterocyclic compounds,NA,0.03895370917310197,0.8903750129041301,0.9832843662618258,FALSE,16
E2,Sex-combined,Sex,Amide-Pos-000558,Delta-Valerobetaine,Lipids and lipid-like molecules,NA,0.03887672204339285,0.8744456100976221,0.9832843662618258,FALSE,20
E2,Sex-combined,Sex,C8-Pos-000787,1-Linoleoyl Glycerol,Lipids and lipid-like molecules,NA,0.03792406316666139,0.8774999129006293,0.9832843662618258,FALSE,20
E2,Sex-combined,Sex,C8-Neg-003577,Ps(22:0_22:4),Lipids and lipid-like molecules,NA,0.0377158959609176,0.8981435339414283,0.9832843662618258,FALSE,15
E2,Sex-combined,Sex,Amide-Pos-000583,D-Phenylalanine,Organic acids and derivatives,WP4156;WP5029,-0.03685592192039847,0.8809264314457932,0.9832843662618258,FALSE,20
E2,Sex-combined,Sex,C8-Pos-001872,Pe(O-10:0_6:0),Lipids and lipid-like molecules,NA,-0.03653494190253535,0.8892850816053213,0.9832843662618258,FALSE,18
E2,Sex-combined,Sex,Amide-Neg-000486,L-Glutamine,Organic acids and derivatives,map00250;map00330;map00360;map00520;map00760;map00910;R-HSA-112310;R-HSA-112313;R-HSA-156587;R-HSA-159424;R-HSA-177162;R-HSA-196807;R-HSA-210455;R-HSA-210500;R-HSA-352230;R-HSA-379716;R-HSA-379724;R-HSA-379726;R-HSA-4085023;R-HSA-442660;R-HSA-446210;R-HSA-446219;R-HSA-499943;R-HSA-500753;R-HSA-5609975;R-HSA-5619044;R-HSA-5628897;R-HSA-5659735;R-HSA-73817;R-HSA-8956320;R-HSA-8963693;R-HSA-8964539;R-HSA-9748787;WP1982;WP2267;WP2485;WP3602;WP3953;WP4022;WP4224;WP4225;WP4313;WP4571;WP4583;WP4595;WP5213;WP5312;WP5470;WP715,0.034425048453178585,0.8887319579063331,0.9832843662618258,FALSE,20
E2,Sex-combined,Sex,C8-Neg-003430,Dgdg(2:0_27:3),Lipids and lipid-like molecules,NA,0.03384198893457146,0.8906056452733582,0.9832843662618258,FALSE,20
E2,Sex-combined,Sex,C8-Pos-004035,Lpe 38:6,Lipids and lipid-like molecules,NA,0.03373253870680538,0.8909574305732297,0.9832843662618258,FALSE,20
E2,Sex-combined,Sex,C8-Neg-003807,Sqdg(14:0_30:6),Lipids and lipid-like molecules,NA,-0.03362773782399103,0.8980500436033736,0.9832843662618258,FALSE,18
E2,Sex-combined,Sex,C18-Pos-000538,Indole-3-Carboxaldehyde,Organoheterocyclic compounds,WP465,-0.03304609245648023,0.8931641880393346,0.9832843662618258,FALSE,20
E2,Sex-combined,Sex,C18-Pos-001333,Asp-Leu,Organic acids and derivatives,NA,0.03272813827625935,0.8941865889744512,0.9832843662618258,FALSE,20
E2,Sex-combined,Sex,C8-Pos-001521,Triethyleneglycol Bis(2-Ethylhexanoate),Lipids and lipid-like molecules,NA,0.032430864024341956,0.8951426368983273,0.9832843662618258,FALSE,20
E2,Sex-combined,Sex,C18-Pos-002279,Vidarabine Phosphate,"Nucleosides, nucleotides, and analogues",NA,0.0324218485982021,0.901689021393965,0.9832843662618258,FALSE,18
E2,Sex-combined,Sex,C8-Pos-004510,Pc(20:0_18:1),Lipids and lipid-like molecules,NA,-0.031530216655724246,0.8980400007852497,0.9832843662618258,FALSE,20
E2,Sex-combined,Sex,C8-Pos-004916,Pe(21:0_21:5),Lipids and lipid-like molecules,NA,0.031230209791779737,0.8990053927111251,0.9832843662618258,FALSE,20
E2,Sex-combined,Sex,C8-Neg-003419,Ps(23:1_17:2),Lipids and lipid-like molecules,NA,-0.031108366316481773,0.9056547846031026,0.9832843662618258,FALSE,18
E2,Sex-combined,Sex,C18-Pos-001870,Ppg N5,Organic oxygen compounds,NA,0.03064376804279763,0.9008928943456465,0.9832843662618258,FALSE,20
E2,Sex-combined,Sex,Amide-Pos-001548,Phthalylsulfathiazole,Benzenoids,NA,0.02982866584009404,0.9035171986881934,0.9832843662618258,FALSE,20
E2,Sex-combined,Sex,C8-Pos-005692,Pc(22:3cho_27:6),Lipids and lipid-like molecules,NA,0.028629456111362698,0.9073799105831393,0.9832843662618258,FALSE,20
E2,Sex-combined,Sex,C8-Pos-003901,Dl-Dipalmitoylphosphatidylcholine,Lipids and lipid-like molecules,map00564;map00590;WP528,-0.028519942534880962,0.9077327595294039,0.9832843662618258,FALSE,20
E2,Sex-combined,Sex,C8-Neg-000295,Linoleic Acid,Lipids and lipid-like molecules,map00592;R-HSA-1368082;R-HSA-1368108;R-HSA-1592230;R-HSA-1655829;R-HSA-1989781;R-HSA-2046104;R-HSA-2046105;R-HSA-2151201;R-HSA-2426168;R-HSA-2453902;R-HSA-381340;R-HSA-400206;R-HSA-400253;R-HSA-425397;R-HSA-5619108;R-HSA-6806667;R-HSA-804914;R-HSA-9707564;R-HSA-9707616;R-HSA-975634;R-HSA-9843745;WP4586;WP4723;WP4853;WP5137;WP5324,-0.02830094572766802,0.9084384092089429,0.9832843662618258,FALSE,20
E2,Sex-combined,Sex,C8-Pos-004529,Dg(25:3_25:7),Lipids and lipid-like molecules,NA,0.028074416576216572,0.9091683986232084,0.9832843662618258,FALSE,20
E2,Sex-combined,Sex,C8-Pos-000495,"17-(1-Hydroxyethyl)-10,13-Dimethyl-2,3,6,7,8,9,10,11,12,13,14,15,16,17-Tetradecahydro-1h-Cyclopenta[A]Phenanthren-3-One",Lipids and lipid-like molecules,WP5277,-0.027485772279619205,0.911065627324549,0.9832843662618258,FALSE,20
E2,Sex-combined,Sex,C18-Pos-000820,Propham,Benzenoids,NA,-0.027269402429054054,0.9117631140407694,0.9832843662618258,FALSE,20
E2,Sex-combined,Sex,Amide-Pos-000467,Acetylcholine,Organic nitrogen compounds,map00564;R-HSA-112310;R-HSA-112311;R-HSA-1483191;R-HSA-181431;R-HSA-264642;R-HSA-2980736;R-HSA-375280;R-HSA-381771;R-HSA-390648;R-HSA-399997;R-HSA-400508;R-HSA-422356;R-HSA-622323;R-HSA-622327;R-HSA-629587;R-HSA-629594;R-HSA-629597;R-HSA-9659379;R-HSA-9662361;R-HSA-9667769;WP2525;WP2596;WP2597;WP4195;WP4698;WP4932;WP4942;WP5055;WP528;WP5352;WP5360;WP5407;WP550;WP58,-0.02699419015367041,0.9126503735469422,0.9832843662618258,FALSE,20
E2,Sex-combined,Sex,C8-Pos-003759,Pe 16:0_18:1,Lipids and lipid-like molecules,NA,0.026677447740133413,0.9136716448791027,0.9832843662618258,FALSE,20
E2,Sex-combined,Sex,Amide-Pos-001625,Glu-Glu-Glu,Organic acids and derivatives,NA,-0.02636433361143114,0.9146813448795833,0.9832843662618258,FALSE,20
E2,Sex-combined,Sex,C8-Pos-000955,3-Hexadecyl-4-Methoxy-5-Methyloxolan-2-One,Organoheterocyclic compounds,NA,-0.026311833076352906,0.914850655789391,0.9832843662618258,FALSE,20
E2,Sex-combined,Sex,Amide-Pos-000097,Choline,Organic nitrogen compounds,map00270;map00564;R-HSA-112310;R-HSA-112311;R-HSA-1483101;R-HSA-1483115;R-HSA-1483148;R-HSA-1483166;R-HSA-1483191;R-HSA-1483255;R-HSA-2029485;R-HSA-264642;R-HSA-549127;R-HSA-549132;R-HSA-5619114;R-HSA-5658471;R-HSA-6798163;R-HSA-6814848;WP241;WP2525;WP2533;WP3580;WP3933;WP4195;WP4288;WP4722;WP4949;WP5219;WP528;WP5352;WP550,0.0265624396413393,0.9193959071961253,0.9842944418217341,FALSE,18
E2,Sex-combined,Sex,C8-Pos-001060,Vitamin D3,Lipids and lipid-like molecules,map00100;R-HSA-196791;R-HSA-211916;R-HSA-5579027;R-HSA-5579029;WP1531;WP322;WP4342;WP4698;WP4961;WP4969;WP5133;WP716,0.0252856550585294,0.9181607114085666,0.9842944418217341,FALSE,20
E2,Sex-combined,Sex,Amide-Pos-001270,2-Acetamido-N-Β-Aspartyl-2-Deoxyhexopyranosylamine,Organic oxygen compounds,NA,0.024050050744666807,0.922148001989624,0.9850274790902015,FALSE,20
E2,Sex-combined,Sex,C8-Neg-001710,Lpc(14:0),Lipids and lipid-like molecules,NA,0.023074083364480538,0.9252987069914504,0.9850274790902015,FALSE,20
E2,Sex-combined,Sex,C8-Pos-004072,Pe(O-17:3_21:1),Lipids and lipid-like molecules,NA,-0.023013955866455323,0.9254928512331013,0.9850274790902015,FALSE,20
E2,Sex-combined,Sex,C18-Neg-000218,Meglutol,Lipids and lipid-like molecules,WP4686,0.022898899310240785,0.9329166643223918,0.9879371559444307,FALSE,17
E2,Sex-combined,Sex,C8-Pos-003179,Nervonic Ceramide,Lipids and lipid-like molecules,R-HSA-6809371;WP231;WP2513;WP314;WP4142;WP4153;WP4288;WP4577;WP4688;WP4726;WP5121,-0.02237632283841728,0.9394771129444667,0.9879371559444307,FALSE,15
E2,Sex-combined,Sex,C18-Pos-000992,D-Pantothenic Acid,Organic oxygen compounds,map00410;map00770;R-HSA-196783;R-HSA-199220;R-HSA-425397;WP4577;WP5172,0.02144561583189118,0.9305582201457337,0.9879371559444307,FALSE,20
E2,Sex-combined,Sex,C8-Pos-000806,Glycerol Monooleate,Lipids and lipid-like molecules,WP4905,0.01986873231484037,0.9356537604357277,0.9879371559444307,FALSE,20
E2,Sex-combined,Sex,C8-Pos-002923,2-(5-Oxovaleryl)Phosphatidylcholine,Lipids and lipid-like molecules,NA,-0.019417833215238097,0.9371112443002094,0.9879371559444307,FALSE,20
E2,Sex-combined,Sex,C8-Pos-000909,Sphp(D16:2),Lipids and lipid-like molecules,NA,0.018613024429911543,0.9397131770315151,0.9879371559444307,FALSE,20
E2,Sex-combined,Sex,C8-Pos-000832,1-Stearoylglycerol,Lipids and lipid-like molecules,NA,-0.018248296715045294,0.9408925294708863,0.9879371559444307,FALSE,20
E2,Sex-combined,Sex,C8-Pos-003992,Bismepa(18:0_19:1),Lipids and lipid-like molecules,NA,0.015382722242987033,0.950162318326168,0.9939261685280207,FALSE,20
E2,Sex-combined,Sex,C18-Pos-001439,Phenylacetylglutamine,Organic acids and derivatives,map00360;R-HSA-156587;R-HSA-159424;R-HSA-177162,0.014679901103887533,0.9524368404764978,0.9939261685280207,FALSE,20
E2,Sex-combined,Sex,C8-Pos-004336,"1-Hexadecanoyl-2-(5z,8z,11z,14z-Eicosatetraenoyl)-Sn-Glycero-3-Phosphocholine",Lipids and lipid-like molecules,NA,0.014317499523409633,0.9647751570630495,0.9939261685280207,FALSE,13
E2,Sex-combined,Sex,Amide-Neg-001726,Cytidine 2'_3'-Cyclic Phosphate,"Nucleosides, nucleotides, and analogues",WP100;WP2289;WP2525;WP4313;WP5233,0.013686222536283965,0.9556532539931808,0.9939261685280207,FALSE,20
E2,Sex-combined,Sex,C8-Pos-001736,Tg(5:0_10:0_6:1cho),Lipids and lipid-like molecules,NA,0.013664058598604919,0.9557250035530059,0.9939261685280207,FALSE,20
E2,Sex-combined,Sex,C18-Pos-000375,L-Isoleucine,Organic acids and derivatives,map00280;R-HSA-352230;R-HSA-379716;R-HSA-379724;R-HSA-379726;R-HSA-442660;R-HSA-5619044;R-HSA-5619094;R-HSA-5659735;R-HSA-70895;R-HSA-71240;WP3953;WP4686;WP661,-0.011791934895928656,0.9641732820801845,0.9939261685280207,FALSE,18
E2,Sex-combined,Sex,Amide-Pos-000331,L-Pipecolinic Acid,Organic acids and derivatives,map00310;R-HSA-71064;WP4228,0.011656582111812223,0.9622249347976792,0.9939261685280207,FALSE,20
E2,Sex-combined,Sex,Amide-Pos-001446,Glutathionesulfonic Acid,Organic acids and derivatives,NA,0.009994826283497897,0.9676072139048426,0.9939261685280207,FALSE,20
E2,Sex-combined,Sex,C8-Pos-001621,3-Hydroxystigmast-5-En-7-One,Lipids and lipid-like molecules,NA,0.009582028711014578,0.968944445090607,0.9939261685280207,FALSE,20
E2,Sex-combined,Sex,C8-Neg-000422,Arachidonic Acid,Lipids and lipid-like molecules,map00590;map00592;R-HSA-111885;R-HSA-111995;R-HSA-111996;R-HSA-112040;R-HSA-112043;R-HSA-112310;R-HSA-114508;R-HSA-1368082;R-HSA-1368108;R-HSA-140180;R-HSA-1592230;R-HSA-1655829;R-HSA-1989781;R-HSA-2029485;R-HSA-211935;R-HSA-211958;R-HSA-2142670;R-HSA-2142688;R-HSA-2142691;R-HSA-2142696;R-HSA-2142712;R-HSA-2142770;R-HSA-2142816;R-HSA-2151201;R-HSA-2162123;R-HSA-2426168;R-HSA-381340;R-HSA-400206;R-HSA-400253;R-HSA-426048;R-HSA-5579011;R-HSA-5579029;R-HSA-5668599;R-HSA-75105;R-HSA-75876;R-HSA-9707564;R-HSA-9707616;R-HSA-9843745;WP167;WP2197;WP231;WP2431;WP2435;WP2513;WP2526;WP3869;WP4195;WP4216;WP4313;WP4341;WP4483;WP4580;WP4586;WP4719;WP4720;WP4721;WP4723;WP4853;WP4969;WP5094;WP5122;WP5155;WP5171;WP5321;WP678;WP98,0.009462759462759459,0.9693308250751395,0.9939261685280207,FALSE,20
E2,Sex-combined,Sex,C8-Pos-000542,L-Glutathione Oxidized,Organic acids and derivatives,map00250;map00480;map00590;WP100;WP2289;WP2525;WP4313;WP5233;WP692,-0.009335307134916239,0.971633915364078,0.9939261685280207,FALSE,18
E2,Sex-combined,Sex,C8-Pos-005132,Pi(19:4_19:4),Lipids and lipid-like molecules,NA,-0.008421502101395632,0.9792771693303434,0.9939261685280207,FALSE,13
E2,Sex-combined,Sex,C8-Pos-004173,Pe 16:0_22:5,Lipids and lipid-like molecules,NA,-0.008405937953733369,0.9727547390007089,0.9939261685280207,FALSE,20
E2,Sex-combined,Sex,Amide-Neg-000011,Glycine,Organic acids and derivatives,map00120;map00250;map00270;map00330;map00480;map00860;map00910;R-HSA-156587;R-HSA-156590;R-HSA-159418;R-HSA-159424;R-HSA-174403;R-HSA-177128;R-HSA-177135;R-HSA-189445;R-HSA-189451;R-HSA-192105;R-HSA-193368;R-HSA-194068;R-HSA-196757;R-HSA-2142691;R-HSA-2408508;R-HSA-2682334;R-HSA-352230;R-HSA-379716;R-HSA-379724;R-HSA-379726;R-HSA-389661;R-HSA-3928662;R-HSA-428559;R-HSA-438064;R-HSA-438066;R-HSA-442660;R-HSA-442742;R-HSA-442755;R-HSA-442982;R-HSA-5423646;R-HSA-5579006;R-HSA-5579029;R-HSA-5619041;R-HSA-5619044;R-HSA-5619089;R-HSA-5619094;R-HSA-5659735;R-HSA-6783984;R-HSA-6794362;R-HSA-6798163;R-HSA-71262;R-HSA-71288;R-HSA-73817;R-HSA-8849175;R-HSA-8849932;R-HSA-8955332;R-HSA-8956320;R-HSA-9018677;R-HSA-9026395;R-HSA-9026762;R-HSA-9026766;R-HSA-9617324;R-HSA-9620244;R-HSA-9664535;R-HSA-9749641;R-HSA-9753281;WP100;WP1495;WP176;WP241;WP2525;WP3584;WP3996;WP4259;WP4290;WP4292;WP4504;WP4518;WP4688;WP4917;WP5028;WP5029;WP5166;WP5169;WP5190;WP521;WP5312;WP561;WP715,0.007844896446230362,0.974572602871404,0.9939261685280207,FALSE,20
E2,Sex-combined,Sex,Amide-Pos-000068,Sarcosine,Organic acids and derivatives,map00270;R-HSA-2408508;R-HSA-389661;R-HSA-6798163;WP2525;WP4292;WP497,-0.005885723011217777,0.9809215224353258,0.9939261685280207,FALSE,20
E2,Sex-combined,Sex,C8-Neg-001880,Lpc(16:2),Lipids and lipid-like molecules,NA,-0.005885723011217777,0.9809215224353258,0.9939261685280207,FALSE,20
E2,Sex-combined,Sex,C8-Pos-000098,Dibenzoylmethane,Phenylpropanoids and polyketides,NA,-0.005885723011217777,0.9809215224353258,0.9939261685280207,FALSE,20
E2,Sex-combined,Sex,C8-Neg-003536,Pi 38:6,Lipids and lipid-like molecules,NA,-0.0052866365302149405,0.9828631650026072,0.9939261685280207,FALSE,20
E2,Sex-combined,Sex,C8-Pos-003830,Pe(P-11:0_23:0),Lipids and lipid-like molecules,NA,-0.004907204096266517,0.9845819901690747,0.9939261685280207,FALSE,19
E2,Sex-combined,Sex,Amide-Neg-000296,"5,5-Dimethyloxazolidine-2,4-Dione",Organoheterocyclic compounds,NA,-0.004687360888951953,0.9884650357339106,0.9939261685280207,FALSE,13
E2,Sex-combined,Sex,C8-Neg-003393,Ps(18:2_22:4),Lipids and lipid-like molecules,NA,0.004500078189537816,0.9873009265272449,0.9939261685280207,FALSE,16
E2,Sex-combined,Sex,Amide-Pos-002226,N-(Octadecanoyl)Sphing-4-Enine-1-Phosphocholine,Lipids and lipid-like molecules,NA,-0.0042476510158333345,0.9862307354010301,0.9939261685280207,FALSE,20
E2,Sex-combined,Sex,C8-Pos-002397,Tg(18:1_3:0_4:0cooh),Lipids and lipid-like molecules,NA,0.003960403804347977,0.9871618056377899,0.9939261685280207,FALSE,20
E2,Sex-combined,Sex,C8-Pos-000337,Geranyllinalool,Lipids and lipid-like molecules,NA,0.0027306327958928566,0.9911480956382298,0.9947920224604292,FALSE,20
E2,Sex-combined,Sex,Amide-Pos-001103,L-Glutarylcarnitine,Lipids and lipid-like molecules,NA,0.001831501831501831,0.9940627515607373,0.9958867199122249,FALSE,20
E2,Sex-combined,Sex,Amide-Neg-000479,4-(Acetylamino)Butanoic Acid,Organic acids and derivatives,WP4157,6.135043216743283e-4,0.9980111651364789,0.9980111651364789,FALSE,20
P4,Sex-combined,Sex,C8-Pos-000616,Progesterone,Lipids and lipid-like molecules,map00140;R-HSA-1187000;R-HSA-1300642;R-HSA-1474165;R-HSA-193048;R-HSA-193993;R-HSA-194002;R-HSA-196071;R-HSA-211976;R-HSA-3371497;R-HSA-5579021;R-HSA-5579028;R-HSA-5579029;R-HSA-9018519;WP170;WP2263;WP2817;WP4523;WP4524;WP4756;WP4871;WP496;WP5074;WP5094;WP5277;WP5279;WP5320;WP5434;WP98,0.9716351608995826,1.0184876547427666e-12,5.642421607274926e-10,TRUE,21
P4,Sex-combined,Sex,C8-Pos-000495,"17-(1-Hydroxyethyl)-10,13-Dimethyl-2,3,6,7,8,9,10,11,12,13,14,15,16,17-Tetradecahydro-1h-Cyclopenta[A]Phenanthren-3-One",Lipids and lipid-like molecules,WP5277,0.8104084591538315,1.4763238461223197e-5,0.004089417053758826,TRUE,21
P4,Sex-combined,Sex,C8-Pos-005020,Pc(11:1_29:4),Lipids and lipid-like molecules,NA,0.8416171502021773,8.358428608010392e-5,0.015435231496125856,TRUE,16
P4,Sex-combined,Sex,C8-Pos-002542,Lpc 20:3-Sn1,Lipids and lipid-like molecules,NA,0.5871949345061224,0.0064875551030272325,0.8985263817692717,FALSE,21
P4,Sex-combined,Sex,C8-Pos-004916,Pe(21:0_21:5),Lipids and lipid-like molecules,NA,0.5699798418271818,0.008695789457608478,0.9634934719030193,FALSE,21
P4,Sex-combined,Sex,C8-Neg-001710,Lpc(14:0),Lipids and lipid-like molecules,NA,0.5172550422337543,0.019511106086658993,0.9863143958388217,FALSE,21
P4,Sex-combined,Sex,C8-Pos-003830,Pe(P-11:0_23:0),Lipids and lipid-like molecules,NA,0.5032671996483875,0.02805351150581428,0.9863143958388217,FALSE,20
P4,Sex-combined,Sex,C8-Pos-004870,Pe(15:0_27:7),Lipids and lipid-like molecules,NA,0.4955553323229214,0.030961055224942594,0.9863143958388217,FALSE,20
P4,Sex-combined,Sex,C8-Pos-005193,Pc(20:0_22:5),Lipids and lipid-like molecules,NA,-0.49478480883187054,0.060781731942755914,0.9863143958388217,FALSE,16
P4,Sex-combined,Sex,C8-Pos-004759,Pe(O-20:1_22:6),Lipids and lipid-like molecules,NA,-0.4885114885114883,0.046623984947144835,0.9863143958388217,FALSE,18
P4,Sex-combined,Sex,C8-Neg-003730,Pc(18:3cho_26:8),Lipids and lipid-like molecules,NA,0.4882608026525926,0.028945828175362252,0.9863143958388217,FALSE,21
P4,Sex-combined,Sex,C18-Pos-001733,N2-Methylguanosine,"Nucleosides, nucleotides, and analogues",WP4485,-0.4882292737690152,0.12759562628321403,0.9863143958388217,FALSE,12
P4,Sex-combined,Sex,C8-Pos-005189,Ps 22:4_22:5,Lipids and lipid-like molecules,NA,-0.48768198857297407,0.029165208412633026,0.9863143958388217,FALSE,21
P4,Sex-combined,Sex,C8-Neg-002453,Pc(14:0_4:1cho),Lipids and lipid-like molecules,NA,0.47740712713270644,0.03328142920913244,0.9863143958388217,FALSE,21
P4,Sex-combined,Sex,C8-Pos-005546,Pc(19:4cho_29:7),Lipids and lipid-like molecules,NA,0.4713304912773308,0.035921108309255864,0.9863143958388217,FALSE,21
P4,Sex-combined,Sex,C8-Neg-003462,Pc(17:3_20:1),Lipids and lipid-like molecules,NA,0.4701999447881986,0.04894059791220541,0.9863143958388217,FALSE,19
P4,Sex-combined,Sex,C8-Pos-005260,Tg(15:0_15:0_24:6),Lipids and lipid-like molecules,NA,0.46503793871234067,0.03882347047089409,0.9863143958388217,FALSE,21
P4,Sex-combined,Sex,C18-Neg-000218,Meglutol,Lipids and lipid-like molecules,WP4686,-0.46450917845006573,0.060311880895505925,0.9863143958388217,FALSE,18
P4,Sex-combined,Sex,C8-Pos-004302,Pc(18:1_16:2),Lipids and lipid-like molecules,NA,0.45166352220427697,0.052227635232122205,0.9863143958388217,FALSE,20
P4,Sex-combined,Sex,C8-Neg-001880,Lpc(16:2),Lipids and lipid-like molecules,NA,0.4485572111729161,0.047289476076986206,0.9863143958388217,FALSE,21
P4,Sex-combined,Sex,Amide-Pos-000503,Guanine,Organoheterocyclic compounds,R-HSA-425397;R-HSA-6782315;R-HSA-74217;R-HSA-74259;R-HSA-83936;R-HSA-8956319;R-HSA-8956321;R-HSA-9734207;R-HSA-9734281;R-HSA-9735804;WP4224;WP4792,0.44836642862309845,0.04739514500230926,0.9863143958388217,FALSE,21
P4,Sex-combined,Sex,C8-Neg-003255,Ps(19:1_17:2),Lipids and lipid-like molecules,NA,0.4467037530854316,0.048323743429507786,0.9863143958388217,FALSE,21
P4,Sex-combined,Sex,C8-Neg-002832,Oahfa(15:1_25:3),Lipids and lipid-like molecules,NA,0.4436752403848462,0.05706710310476006,0.9863143958388217,FALSE,20
P4,Sex-combined,Sex,Amide-Pos-000091,1-Aminocyclopropanecarboxylic Acid,Organic acids and derivatives,NA,-0.440076624994763,0.052164246729945754,0.9863143958388217,FALSE,21
P4,Sex-combined,Sex,C8-Pos-000342,Palmitic Acid,Lipids and lipid-like molecules,map00062;map00071;map00100;map00120;map00561;R-HSA-112310;R-HSA-1368082;R-HSA-1368108;R-HSA-1592230;R-HSA-163560;R-HSA-1655829;R-HSA-192456;R-HSA-1989781;R-HSA-202131;R-HSA-203615;R-HSA-2151201;R-HSA-2187335;R-HSA-2426168;R-HSA-2453902;R-HSA-2980736;R-HSA-373760;R-HSA-381340;R-HSA-381771;R-HSA-400206;R-HSA-400253;R-HSA-400451;R-HSA-400508;R-HSA-400511;R-HSA-422356;R-HSA-425397;R-HSA-434313;R-HSA-434316;R-HSA-444209;R-HSA-5619108;R-HSA-6806667;R-HSA-75105;R-HSA-75876;R-HSA-75896;R-HSA-804914;R-HSA-8848584;R-HSA-8935690;R-HSA-8963743;R-HSA-8979227;R-HSA-9009391;R-HSA-9648002;R-HSA-9707564;R-HSA-9707616;R-HSA-975634;R-HSA-9843745;R-HSA-9845614;WP357;WP3602;WP3965;WP4724;WP4853;WP4949;WP5181;WP5315,0.43242708721612066,0.05688223091958156,0.9863143958388217,FALSE,21
P4,Sex-combined,Sex,C8-Pos-003050,Tg(29:3cooh_2:0),Lipids and lipid-like molecules,NA,0.4250609323275865,0.07867606019152724,0.9863143958388217,FALSE,19
P4,Sex-combined,Sex,C8-Pos-004072,Pe(O-17:3_21:1),Lipids and lipid-like molecules,NA,-0.4194337074203854,0.06563001846328372,0.9863143958388217,FALSE,21
P4,Sex-combined,Sex,C8-Pos-004446,Pc 38:4,Lipids and lipid-like molecules,NA,0.41930575780826307,0.06572091518314217,0.9863143958388217,FALSE,21
P4,Sex-combined,Sex,Amide-Neg-000486,L-Glutamine,Organic acids and derivatives,map00250;map00330;map00360;map00520;map00760;map00910;R-HSA-112310;R-HSA-112313;R-HSA-156587;R-HSA-159424;R-HSA-177162;R-HSA-196807;R-HSA-210455;R-HSA-210500;R-HSA-352230;R-HSA-379716;R-HSA-379724;R-HSA-379726;R-HSA-4085023;R-HSA-442660;R-HSA-446210;R-HSA-446219;R-HSA-499943;R-HSA-500753;R-HSA-5609975;R-HSA-5619044;R-HSA-5628897;R-HSA-5659735;R-HSA-73817;R-HSA-8956320;R-HSA-8963693;R-HSA-8964539;R-HSA-9748787;WP1982;WP2267;WP2485;WP3602;WP3953;WP4022;WP4224;WP4225;WP4313;WP4571;WP4583;WP4595;WP5213;WP5312;WP5470;WP715,-0.41300922607664703,0.07031219634227515,0.9863143958388217,FALSE,21
P4,Sex-combined,Sex,C8-Pos-005110,Pe(O-14:0_32:0),Lipids and lipid-like molecules,NA,-0.40559624824706053,0.0949324458538284,0.9863143958388217,FALSE,19
P4,Sex-combined,Sex,C8-Neg-003419,Ps(23:1_17:2),Lipids and lipid-like molecules,NA,-0.4049510433659507,0.0955098275519348,0.9863143958388217,FALSE,19
P4,Sex-combined,Sex,C8-Neg-003713,Pc(20:3_25:5),Lipids and lipid-like molecules,NA,0.3929746741039642,0.08652461600132443,0.9863143958388217,FALSE,21
P4,Sex-combined,Sex,Amide-Pos-000661,N8-Acetylspermidine,Organic acids and derivatives,NA,-0.3911392405063291,0.18631005055085348,0.9863143958388217,FALSE,14
P4,Sex-combined,Sex,C8-Pos-001973,Lpc 14:0-Sn2,Lipids and lipid-like molecules,NA,0.3887511281989391,0.09026769540395423,0.9863143958388217,FALSE,21
P4,Sex-combined,Sex,C8-Neg-003637,Dgdg(6:0_28:2),Lipids and lipid-like molecules,NA,0.38757703571941243,0.09132904074058323,0.9863143958388217,FALSE,21
P4,Sex-combined,Sex,C8-Pos-004942,Pc(21:2cho_19:4),Lipids and lipid-like molecules,NA,-0.37864833176916735,0.09970204466301409,0.9863143958388217,FALSE,21
P4,Sex-combined,Sex,C8-Pos-005132,Pi(19:4_19:4),Lipids and lipid-like molecules,NA,-0.3695920628903466,0.2139011826409426,0.9863143958388217,FALSE,14
P4,Sex-combined,Sex,C8-Pos-002412,Lpe 22:3,Lipids and lipid-like molecules,NA,-0.3690395310024749,0.10932295742732098,0.9863143958388217,FALSE,21
P4,Sex-combined,Sex,C8-Pos-003614,Tg(36:6_4:0),Lipids and lipid-like molecules,NA,0.36632905070322863,0.11215405838892333,0.9863143958388217,FALSE,21
P4,Sex-combined,Sex,Amide-Pos-000200,Creatine,Organic acids and derivatives,map00330;R-HSA-71288;WP1495;WP4583;WP4584;WP4628;WP497;WP5190,-0.36593568082603384,0.11256927962613748,0.9863143958388217,FALSE,21
P4,Sex-combined,Sex,Amide-Pos-001102,Gamma-Glu-Glu,Organic acids and derivatives,NA,-0.3652730653948329,0.11327120329818142,0.9863143958388217,FALSE,21
P4,Sex-combined,Sex,C8-Pos-005692,Pc(22:3cho_27:6),Lipids and lipid-like molecules,NA,0.3642793362896029,0.11432977806762126,0.9863143958388217,FALSE,21
P4,Sex-combined,Sex,C8-Pos-004750,Pe 21:2_21:2,Lipids and lipid-like molecules,NA,-0.36385330040139807,0.15108776142345529,0.9863143958388217,FALSE,18
P4,Sex-combined,Sex,C8-Pos-000612,"4-Hydroxy-6-[2-(2-Methyl-1,2,4a,5,6,7,8,8a-Octahydronaphthalen-1-Yl)Ethyl]Oxan-2-One",Organoheterocyclic compounds,NA,0.3635983359013452,0.1150593116248571,0.9863143958388217,FALSE,21
P4,Sex-combined,Sex,Amide-Pos-000156,Taurine,Organic acids and derivatives,map00120;map00430;R-HSA-159418;R-HSA-1614558;R-HSA-1614635;R-HSA-192105;R-HSA-193368;R-HSA-194068;R-HSA-352230;R-HSA-442660;R-HSA-8963693;WP2333;WP2525;WP2848;WP4292;WP4504;WP5176;WP715,-0.36341525364165006,0.11525601075559463,0.9863143958388217,FALSE,21
P4,Sex-combined,Sex,Amide-Pos-000349,L-Hydroxyproline,Organic acids and derivatives,R-HSA-352230;R-HSA-389661;R-HSA-442660;R-HSA-70688;WP5166,-0.3626432870614345,0.11608804945291094,0.9863143958388217,FALSE,21
P4,Sex-combined,Sex,C8-Pos-000909,Sphp(D16:2),Lipids and lipid-like molecules,NA,-0.362550500747603,0.11618834554768631,0.9863143958388217,FALSE,21
P4,Sex-combined,Sex,C8-Pos-004831,2-Docosahexaenoyl-1-Stearoyl-Sn-Glycero-3-Phosphoserine,Lipids and lipid-like molecules,NA,-0.3574481638224321,0.17407393825415432,0.9863143958388217,FALSE,17
P4,Sex-combined,Sex,C8-Pos-000787,1-Linoleoyl Glycerol,Lipids and lipid-like molecules,NA,0.3567479239343709,0.12258479709636401,0.9863143958388217,FALSE,21
P4,Sex-combined,Sex,C8-Neg-003404,Ps 40:5,Lipids and lipid-like molecules,NA,-0.3565137310028583,0.16012793439751366,0.9863143958388217,FALSE,18
P4,Sex-combined,Sex,C8-Neg-000086,Myristic Acid,Lipids and lipid-like molecules,R-HSA-112310;R-HSA-2980736;R-HSA-381771;R-HSA-400508;R-HSA-425397;R-HSA-444209;R-HSA-5619108;R-HSA-804914;WP4724,0.35601966392955453,0.12340497994830538,0.9863143958388217,FALSE,21
P4,Sex-combined,Sex,C8-Neg-000540,"All-Cis-4,7,10,13,16-Docosapentaenoic Acid",Lipids and lipid-like molecules,map00592;R-HSA-2046104;R-HSA-2046105;R-HSA-9018683;R-HSA-9025106;WP4723,0.3544785062378652,0.12515355444124404,0.9863143958388217,FALSE,21
P4,Sex-combined,Sex,Amide-Pos-000255,L-Threonine,Organic acids and derivatives,R-HSA-352230;R-HSA-379716;R-HSA-379724;R-HSA-379726;R-HSA-442660;R-HSA-8849175;WP3953;WP4583;WP4589,-0.3532400837961957,0.1265713771173968,0.9863143958388217,FALSE,21
P4,Sex-combined,Sex,Amide-Pos-000563,5-Methyl D-Glutamate,Organic acids and derivatives,NA,-0.35300917811408655,0.13821133810609942,0.9863143958388217,FALSE,20
P4,Sex-combined,Sex,C8-Neg-003063,Pi(O-5:0_21:0),Lipids and lipid-like molecules,NA,0.35138719299670945,0.12871395156256585,0.9863143958388217,FALSE,21
P4,Sex-combined,Sex,Amide-Neg-000920,D-Gluconic Acid,Organic oxygen compounds,NA,0.35096349545291766,0.12920748433386856,0.9863143958388217,FALSE,21
P4,Sex-combined,Sex,C8-Pos-000098,Dibenzoylmethane,Phenylpropanoids and polyketides,NA,0.34937334408934395,0.13107170308816224,0.9863143958388217,FALSE,21
P4,Sex-combined,Sex,Amide-Neg-001874,"D-Fructose 1,6-Bisphosphate",Organic oxygen compounds,WP5220,-0.34783996077850365,0.13288733550672369,0.9863143958388217,FALSE,21
P4,Sex-combined,Sex,C18-Pos-000207,Caprolactam,Organoheterocyclic compounds,R-HSA-9717189;R-HSA-9717207,0.3472020182737992,0.15804697635635143,0.9863143958388217,FALSE,19
P4,Sex-combined,Sex,C8-Pos-000382,D-Sphingosine,Organic nitrogen compounds,R-HSA-9845614;WP1422;WP4142;WP4153;WP4725;WP4726;WP4846;WP4949;WP5143;WP5194,0.33664613567055446,0.14668273117708913,0.9863143958388217,FALSE,21
P4,Sex-combined,Sex,C18-Pos-002092,Adenosine 3'5'-Cyclic Monophosphate,"Nucleosides, nucleotides, and analogues",R-HSA-109703;R-HSA-109704;R-HSA-111885;R-HSA-111931;R-HSA-111933;R-HSA-111957;R-HSA-111996;R-HSA-111997;R-HSA-112040;R-HSA-112043;R-HSA-112399;R-HSA-1296061;R-HSA-1296071;R-HSA-1489509;R-HSA-163359;R-HSA-163615;R-HSA-164378;R-HSA-165160;R-HSA-170660;R-HSA-180024;R-HSA-2404192;R-HSA-2428924;R-HSA-2428928;R-HSA-381676;R-HSA-392517;R-HSA-418597;R-HSA-422356;R-HSA-432040;R-HSA-438064;R-HSA-442720;R-HSA-442755;R-HSA-445717;R-HSA-5210891;R-HSA-5339562;R-HSA-5610787;R-HSA-70171;R-HSA-70268;R-HSA-70326;R-HSA-74751;R-HSA-74752;R-HSA-9634597;R-HSA-9660821;R-HSA-9664323;WP1403;WP1602;WP1981;WP2197;WP2355;WP2380;WP2526;WP2571;WP2636;WP3298;WP35;WP3676;WP3869;WP3876;WP391;WP4008;WP4149;WP4222;WP4321;WP4549;WP4589;WP474;WP4746;WP4808;WP4838;WP4900;WP4941;WP500;WP5085;WP5088;WP5094;WP5122;WP5191;WP5231;WP5318;WP5321;WP5342;WP5344;WP5360;WP5366;WP5408;WP5434;WP712;WP734,0.3358016155755214,0.24047937767637634,0.9863143958388217,FALSE,15
P4,Sex-combined,Sex,Amide-Neg-000678,Dehydroascorbic Acid,Organoheterocyclic compounds,map00350,0.33578143769757895,0.15988069911140027,0.9863143958388217,FALSE,20
P4,Sex-combined,Sex,Amide-Neg-000108,2-Oxobutanoic Acid,Organic acids and derivatives,map00270;map00450;map00640;R-HSA-1614558;R-HSA-1614603;R-HSA-1614635;R-HSA-2408508;R-HSA-8849175;WP2525;WP4504,0.33559676817763556,0.22138338926108342,0.9863143958388217,FALSE,16
P4,Sex-combined,Sex,Amide-Pos-001779,Cytidine 5'-Diphosphocholine,"Nucleosides, nucleotides, and analogues",map00564;R-HSA-1483191;WP2525;WP2533;WP3933;WP4288;WP4722;WP4906;WP528,-0.33484004454875727,0.1489988463978415,0.9863143958388217,FALSE,21
P4,Sex-combined,Sex,C8-Pos-005755,Pc(36:6_13:4cooh),Lipids and lipid-like molecules,NA,0.33421939571734166,0.14980061471728257,0.9863143958388217,FALSE,21
P4,Sex-combined,Sex,C8-Pos-004340,Pc(19:1_15:0),Lipids and lipid-like molecules,NA,0.33344784423696433,0.2655488879329271,0.9863143958388217,FALSE,14
P4,Sex-combined,Sex,C18-Pos-001951,Gln-Gly-Ile,Organic acids and derivatives,NA,-0.3332648683471684,0.19115441108229217,0.9863143958388217,FALSE,18
P4,Sex-combined,Sex,C8-Pos-004263,Tg(32:4cooh_12:0),Lipids and lipid-like molecules,NA,0.33261833576141253,0.2452456124728753,0.9863143958388217,FALSE,15
P4,Sex-combined,Sex,Amide-Pos-000937,Cytarabine,"Nucleosides, nucleotides, and analogues",NA,-0.33245431356360367,0.15209720682157327,0.9863143958388217,FALSE,21
P4,Sex-combined,Sex,C8-Pos-000582,Monopalmitolein (9c),Lipids and lipid-like molecules,NA,0.33234360344796327,0.15224206571576826,0.9863143958388217,FALSE,21
P4,Sex-combined,Sex,Amide-Neg-000051,Dl-Lactic Acid,Organic acids and derivatives,WP1946;WP4141;WP4206;WP4236;WP4917;WP5046;WP5049;WP5092;WP5216;WP5220;WP5313;WP5314;WP5356,0.3312354399324135,0.2473339689271826,0.9863143958388217,FALSE,15
P4,Sex-combined,Sex,C8-Neg-003578,Pc(19:1cooh_23:3),Lipids and lipid-like molecules,NA,0.33069041483101963,0.18012960834711303,0.9863143958388217,FALSE,19
P4,Sex-combined,Sex,C8-Neg-003439,Dgdg(18:0_11:1),Lipids and lipid-like molecules,NA,-0.3292568790152488,0.15631959230273204,0.9863143958388217,FALSE,21
P4,Sex-combined,Sex,Amide-Pos-000996,2'-Deoxyadenosine,"Nucleosides, nucleotides, and analogues",R-HSA-1222556;R-HSA-425397;R-HSA-74217;R-HSA-74259;R-HSA-83936;R-HSA-8956319;R-HSA-8956321;R-HSA-9734207;R-HSA-9734735;R-HSA-9735804;WP4224;WP4792;WP5269,0.3278328828371297,0.15822594201937948,0.9863143958388217,FALSE,21
P4,Sex-combined,Sex,C8-Pos-002397,Tg(18:1_3:0_4:0cooh),Lipids and lipid-like molecules,NA,0.32616481116960255,0.16047942189372685,0.9863143958388217,FALSE,21
P4,Sex-combined,Sex,C8-Pos-004891,Pet(20:0_23:6),Lipids and lipid-like molecules,NA,-0.3219277735568748,0.1663027945230209,0.9863143958388217,FALSE,21
P4,Sex-combined,Sex,C8-Pos-004775,Pc(16:0_22:6),Lipids and lipid-like molecules,NA,0.3202971911978373,0.168582043437681,0.9863143958388217,FALSE,21
P4,Sex-combined,Sex,C8-Pos-004336,"1-Hexadecanoyl-2-(5z,8z,11z,14z-Eicosatetraenoyl)-Sn-Glycero-3-Phosphocholine",Lipids and lipid-like molecules,NA,-0.31950160657284893,0.2872743339338659,0.9863143958388217,FALSE,14
P4,Sex-combined,Sex,C8-Neg-002622,Lpc(23:6),Lipids and lipid-like molecules,NA,0.3181818181818182,0.18431645963419954,0.9863143958388217,FALSE,20
P4,Sex-combined,Sex,Amide-Pos-001983,Gdp-L-Fucose,"Nucleosides, nucleotides, and analogues",NA,0.31783426656796776,0.17206519877364396,0.9863143958388217,FALSE,21
P4,Sex-combined,Sex,C8-Pos-004333,Pe(17:5cho_22:6),Lipids and lipid-like molecules,NA,0.31778283387285367,0.172138456858961,0.9863143958388217,FALSE,21
P4,Sex-combined,Sex,Amide-Pos-000583,D-Phenylalanine,Organic acids and derivatives,WP4156;WP5029,-0.3163752782619944,0.17415158613974985,0.9863143958388217,FALSE,21
P4,Sex-combined,Sex,C8-Pos-004875,Ps 20:2_20:2,Lipids and lipid-like molecules,NA,-0.31618834025458714,0.174420153522396,0.9863143958388217,FALSE,21
P4,Sex-combined,Sex,C8-Pos-004574,1-Palmitoyl-2-Docosahexaenoyl-Sn-Glycero-3-Phosphocholine,Lipids and lipid-like molecules,NA,0.3150235456426395,0.18895298351774267,0.9863143958388217,FALSE,20
P4,Sex-combined,Sex,C8-Pos-004947,Pc O-42:6,Lipids and lipid-like molecules,NA,-0.31435863311203993,0.17706375136911964,0.9863143958388217,FALSE,21
P4,Sex-combined,Sex,C8-Neg-000556,"7(Z),10(Z),13(Z),16(Z)-Docosatetraenoic Acid",Lipids and lipid-like molecules,map00592;R-HSA-2980736;R-HSA-381771;R-HSA-400508;R-HSA-444209;WP4723;WP5122;WP5321,0.3106725221143734,0.18247200214552123,0.9863143958388217,FALSE,21
P4,Sex-combined,Sex,Amide-Pos-001195,"Dodecanamide,N-[3-(Dimethyloxidoamino)Propyl]",Lipids and lipid-like molecules,NA,-0.3102361154228885,0.24223492622924148,0.9863143958388217,FALSE,17
P4,Sex-combined,Sex,C8-Pos-005302,Pe(26:4_19:6cooh),Lipids and lipid-like molecules,NA,-0.3101691337851812,0.22566032002279168,0.9863143958388217,FALSE,18
P4,Sex-combined,Sex,Amide-Pos-001625,Glu-Glu-Glu,Organic acids and derivatives,NA,0.309869325957256,0.18366512830028853,0.9863143958388217,FALSE,21
P4,Sex-combined,Sex,C8-Pos-004921,Tg(49:11_2:0),Lipids and lipid-like molecules,NA,-0.3084718849365053,0.18575354788304974,0.9863143958388217,FALSE,21
P4,Sex-combined,Sex,Amide-Pos-000230,Prolinamide,Organic acids and derivatives,NA,-0.30801453171515336,0.21368923691633213,0.9863143958388217,FALSE,19
P4,Sex-combined,Sex,Amide-Pos-000860,L-Ergothioneine,Organic acids and derivatives,R-HSA-549127;R-HSA-549132,0.30757951863131244,0.2647587218143296,0.9863143958388217,FALSE,16
P4,Sex-combined,Sex,C8-Pos-005326,Pi(29:7_11:0),Lipids and lipid-like molecules,NA,-0.3048006411082386,0.1913162956491246,0.9863143958388217,FALSE,21
P4,Sex-combined,Sex,Amide-Pos-001446,Glutathionesulfonic Acid,Organic acids and derivatives,NA,-0.30473022702800207,0.1914240705030537,0.9863143958388217,FALSE,21
P4,Sex-combined,Sex,Amide-Pos-001548,Phthalylsulfathiazole,Benzenoids,NA,-0.3047048933696227,0.19146285584239225,0.9863143958388217,FALSE,21
P4,Sex-combined,Sex,C8-Pos-000506,D-Erythro-Sphinganine,Organic nitrogen compounds,WP1422;WP4142;WP4577;WP4725;WP4726;WP5121;WP5194,0.30386543471875366,0.2059561148886307,0.9863143958388217,FALSE,20
P4,Sex-combined,Sex,C8-Pos-004628,Pc(9:0_28:7),Lipids and lipid-like molecules,NA,0.3033397460484907,0.1935606844740759,0.9863143958388217,FALSE,21
P4,Sex-combined,Sex,Amide-Pos-001703,Guanosine 5'-Diphosphate (Gdp),"Nucleosides, nucleotides, and analogues",map00020;map00250;map00620;R-HSA-111885;R-HSA-112040;R-HSA-112043;R-HSA-112399;R-HSA-112412;R-HSA-114604;R-HSA-114608;R-HSA-1168372;R-HSA-1169092;R-HSA-1226099;R-HSA-1227986;R-HSA-1227990;R-HSA-1236382;R-HSA-1236394;R-HSA-1250196;R-HSA-1250347;R-HSA-1433557;R-HSA-1445148;R-HSA-156842;R-HSA-156902;R-HSA-157858;R-HSA-162699;R-HSA-162909;R-HSA-163125;R-HSA-163359;R-HSA-1643713;R-HSA-165054;R-HSA-165159;R-HSA-1660662;R-HSA-166187;R-HSA-166208;R-HSA-166520;R-HSA-167044;R-HSA-168274;R-HSA-168333;R-HSA-169893;R-HSA-170660;R-HSA-170670;R-HSA-170968;R-HSA-170984;R-HSA-171007;R-HSA-177243;R-HSA-177504;R-HSA-177929;R-HSA-179812;R-HSA-180336;R-HSA-180746;R-HSA-186763;R-HSA-186797;R-HSA-187037;R-HSA-187687;R-HSA-187706;R-HSA-190236;R-HSA-190828;R-HSA-190840;R-HSA-190861;R-HSA-190872;R-HSA-1912399;R-HSA-1912422;R-HSA-193634;R-HSA-193648;R-HSA-193697;R-HSA-193704;R-HSA-194138;R-HSA-1963640;R-HSA-199992;R-HSA-202040;R-HSA-203927;R-HSA-204005;R-HSA-204998;R-HSA-209563;R-HSA-210993;R-HSA-211000;R-HSA-2132295;R-HSA-2172127;R-HSA-2179392;R-HSA-2404192;R-HSA-2408557;R-HSA-2424491;R-HSA-2428924;R-HSA-2428928;R-HSA-2428933;R-HSA-2485179;R-HSA-2500257;R-HSA-2514856;R-HSA-2514859;R-HSA-2682334;R-HSA-2871796;R-HSA-2995410;R-HSA-3371497;R-HSA-354192;R-HSA-373080;R-HSA-373752;R-HSA-373755;R-HSA-373760;R-HSA-375165;R-HSA-380320;R-HSA-380972;R-HSA-381676;R-HSA-388841;R-HSA-389356;R-HSA-389359;R-HSA-392170;R-HSA-392517;R-HSA-392518;R-HSA-392851;R-HSA-3928662;R-HSA-3928663;R-HSA-3928664;R-HSA-3928665;R-HSA-399955;R-HSA-399997;R-HSA-400042;R-HSA-400451;R-HSA-400685;R-HSA-4086398;R-HSA-416482;R-HSA-416550;R-HSA-416572;R-HSA-418346;R-HSA-418592;R-HSA-418597;R-HSA-418885;R-HSA-420092;R-HSA-422356;R-HSA-428540;R-HSA-428543;R-HSA-428930;R-HSA-432040;R-HSA-432720;R-HSA-432722;R-HSA-434316;R-HSA-437239;R-HSA-438064;R-HSA-4420097;R-HSA-442742;R-HSA-442755;R-HSA-442982;R-HSA-445144;R-HSA-445717;R-HSA-446219;R-HSA-456926;R-HSA-499943;R-HSA-5368286;R-HSA-5368287;R-HSA-5389840;R-HSA-5419276;R-HSA-5610787;R-HSA-5620912;R-HSA-5620916;R-HSA-5620920;R-HSA-5620924;R-HSA-5621575;R-HSA-5624138;R-HSA-5626467;R-HSA-5628897;R-HSA-5637810;R-HSA-5637812;R-HSA-5637815;R-HSA-5654687;R-HSA-5654688;R-HSA-5654693;R-HSA-5654696;R-HSA-5654699;R-HSA-5654700;R-HSA-5654704;R-HSA-5654706;R-HSA-5654708;R-HSA-5654712;R-HSA-5654716;R-HSA-5654719;R-HSA-5654736;R-HSA-5654738;R-HSA-5654741;R-HSA-5654743;R-HSA-5655253;R-HSA-5655291;R-HSA-5655302;R-HSA-5655332;R-HSA-5658442;R-HSA-5663220;R-HSA-6784531;R-HSA-6806834;R-HSA-6807070;R-HSA-6807878;R-HSA-6811434;R-HSA-6811436;R-HSA-6811438;R-HSA-6811440;R-HSA-70263;R-HSA-70326;R-HSA-71064;R-HSA-71403;R-HSA-72086;R-HSA-72613;R-HSA-72706;R-HSA-72731;R-HSA-72737;R-HSA-72764;R-HSA-73817;R-HSA-74751;R-HSA-74752;R-HSA-76005;R-HSA-76009;R-HSA-881907;R-HSA-8848021;R-HSA-8849471;R-HSA-8850843;R-HSA-8851805;R-HSA-8852135;R-HSA-8852276;R-HSA-8854214;R-HSA-8856688;R-HSA-8866654;R-HSA-8873719;R-HSA-8875555;R-HSA-8875878;R-HSA-8876198;R-HSA-8943724;R-HSA-8955332;R-HSA-8956319;R-HSA-8956320;R-HSA-8985586;R-HSA-9006115;R-HSA-9006335;R-HSA-9006927;R-HSA-9007101;R-HSA-9009391;R-HSA-9013026;R-HSA-9013106;R-HSA-9013404;R-HSA-9013405;R-HSA-9013406;R-HSA-9013408;R-HSA-9013409;R-HSA-9013419;R-HSA-9013420;R-HSA-9013423;R-HSA-9013424;R-HSA-9013425;R-HSA-9026519;R-HSA-9027284;R-HSA-9028731;R-HSA-9032500;R-HSA-9032759;R-HSA-9032845;R-HSA-9033658;R-HSA-9033807;R-HSA-9034015;R-HSA-9034864;R-HSA-9035034;R-HSA-9037629;R-HSA-927802;R-HSA-9607240;R-HSA-9609736;R-HSA-9615933;R-HSA-9619229;R-HSA-9619483;R-HSA-9634285;R-HSA-9634597;R-HSA-9634635;R-HSA-9635486;R-HSA-9636383;R-HSA-9637687;R-HSA-9637690;R-HSA-9639288;R-HSA-9646399;R-HSA-9648002;R-HSA-9648025;R-HSA-9660821;R-HSA-9660826;R-HSA-9663891;R-HSA-9664424;R-HSA-9664565;R-HSA-9665348;R-HSA-9665686;R-HSA-9668328;R-HSA-9669938;R-HSA-9670439;R-HSA-9671555;R-HSA-9673767;R-HSA-9673770;R-HSA-9680350;R-HSA-9682385;R-HSA-9703465;R-HSA-9703648;R-HSA-9715370;R-HSA-9717189;R-HSA-9717207;R-HSA-9748787;R-HSA-975576;R-HSA-975578;R-HSA-975956;R-HSA-975957;R-HSA-977443;R-HSA-977444;R-HSA-983170;R-HSA-983189;R-HSA-9833482;R-HSA-9840309;R-HSA-991365;WP422;WP4224;WP4236;WP4521;WP4539;WP4656;WP4792;WP4928;WP4962;WP5222;WP5223;WP5366;WP5406;WP585;WP78,-0.30228247720397666,0.1951959504699274,0.9863143958388217,FALSE,21
P4,Sex-combined,Sex,C8-Pos-001872,Pe(O-10:0_6:0),Lipids and lipid-like molecules,NA,0.3014501532721581,0.22411551120431242,0.9863143958388217,FALSE,19
P4,Sex-combined,Sex,Amide-Pos-000026,Beta-Alanine,Organic acids and derivatives,map00250;map00340;map00410;map00640;R-HSA-112310;R-HSA-352230;R-HSA-442660;R-HSA-5619094;R-HSA-70921;R-HSA-73621;R-HSA-888590;R-HSA-888593;R-HSA-8956319;R-HSA-8963693;WP106;WP4022;WP4157;WP4225;WP4486;WP4583;WP4584;WP4686;WP5313,-0.29864734305326124,0.20088886624725263,0.9863143958388217,FALSE,21
P4,Sex-combined,Sex,C18-Pos-001644,Adenylyl(3'-5')Cytidine,"Nucleosides, nucleotides, and analogues",NA,0.29853562429446323,0.21442296315212864,0.9863143958388217,FALSE,20
P4,Sex-combined,Sex,C18-Pos-000839,Triethyl Phosphate,Organic acids and derivatives,NA,-0.2984832800889926,0.20114838359265014,0.9863143958388217,FALSE,21
P4,Sex-combined,Sex,C8-Neg-000295,Linoleic Acid,Lipids and lipid-like molecules,map00592;R-HSA-1368082;R-HSA-1368108;R-HSA-1592230;R-HSA-1655829;R-HSA-1989781;R-HSA-2046104;R-HSA-2046105;R-HSA-2151201;R-HSA-2426168;R-HSA-2453902;R-HSA-381340;R-HSA-400206;R-HSA-400253;R-HSA-425397;R-HSA-5619108;R-HSA-6806667;R-HSA-804914;R-HSA-9707564;R-HSA-9707616;R-HSA-975634;R-HSA-9843745;WP4586;WP4723;WP4853;WP5137;WP5324,0.2971007654912452,0.20334414100010084,0.9863143958388217,FALSE,21
P4,Sex-combined,Sex,C8-Neg-000422,Arachidonic Acid,Lipids and lipid-like molecules,map00590;map00592;R-HSA-111885;R-HSA-111995;R-HSA-111996;R-HSA-112040;R-HSA-112043;R-HSA-112310;R-HSA-114508;R-HSA-1368082;R-HSA-1368108;R-HSA-140180;R-HSA-1592230;R-HSA-1655829;R-HSA-1989781;R-HSA-2029485;R-HSA-211935;R-HSA-211958;R-HSA-2142670;R-HSA-2142688;R-HSA-2142691;R-HSA-2142696;R-HSA-2142712;R-HSA-2142770;R-HSA-2142816;R-HSA-2151201;R-HSA-2162123;R-HSA-2426168;R-HSA-381340;R-HSA-400206;R-HSA-400253;R-HSA-426048;R-HSA-5579011;R-HSA-5579029;R-HSA-5668599;R-HSA-75105;R-HSA-75876;R-HSA-9707564;R-HSA-9707616;R-HSA-9843745;WP167;WP2197;WP231;WP2431;WP2435;WP2513;WP2526;WP3869;WP4195;WP4216;WP4313;WP4341;WP4483;WP4580;WP4586;WP4719;WP4720;WP4721;WP4723;WP4853;WP4969;WP5094;WP5122;WP5155;WP5171;WP5321;WP678;WP98,0.2956144068062285,0.20572254700603593,0.9863143958388217,FALSE,21
P4,Sex-combined,Sex,Amide-Pos-000155,L-Serine,Organic acids and derivatives,map00270;map00450;map00910;R-HSA-1483101;R-HSA-1614558;R-HSA-1614603;R-HSA-1614635;R-HSA-1660661;R-HSA-196757;R-HSA-2408508;R-HSA-2408557;R-HSA-352230;R-HSA-379716;R-HSA-379724;R-HSA-379726;R-HSA-442660;R-HSA-5619044;R-HSA-5619094;R-HSA-5659735;R-HSA-977347;WP1422;WP1495;WP1533;WP176;WP241;WP2525;WP2533;WP3933;WP3996;WP4142;WP4259;WP4290;WP4297;WP4504;WP4577;WP4589;WP4628;WP4688;WP4725;WP4726;WP5028;WP5029;WP5049;WP5121;WP5166;WP5194;WP5213;WP5312,-0.294352995643593,0.20775542845793707,0.9863143958388217,FALSE,21
P4,Sex-combined,Sex,C8-Pos-002633,Lpe 24:4,Lipids and lipid-like molecules,NA,0.29370848767979174,0.2087992324138454,0.9863143958388217,FALSE,21
P4,Sex-combined,Sex,C8-Neg-000532,Docosahexaenoic Acid,Lipids and lipid-like molecules,map00592;R-HSA-2046104;R-HSA-2046106;R-HSA-211976;R-HSA-2453902;R-HSA-2980736;R-HSA-381771;R-HSA-400508;R-HSA-444209;R-HSA-9018677;R-HSA-9018682;R-HSA-9027307;R-HSA-9027604;R-HSA-9843743;R-HSA-9843745;R-HSA-9844594;WP4723;WP5470,0.2932760537925481,0.20950151729534014,0.9863143958388217,FALSE,21
P4,Sex-combined,Sex,C8-Pos-001736,Tg(5:0_10:0_6:1cho),Lipids and lipid-like molecules,NA,-0.29304817712719955,0.20987222339323663,0.9863143958388217,FALSE,21
P4,Sex-combined,Sex,C18-Pos-000645,Diethyl Phosphate,Organic acids and derivatives,NA,-0.29071226847720805,0.2418666264967608,0.9863143958388217,FALSE,19
P4,Sex-combined,Sex,C8-Neg-003807,Sqdg(14:0_30:6),Lipids and lipid-like molecules,NA,0.29044468679082064,0.2423200420727113,0.9863143958388217,FALSE,19
P4,Sex-combined,Sex,Amide-Pos-000747,"N3,N4-Dimethyl-L-Arginine",Organic acids and derivatives,WP4947,-0.2903955975887432,0.21421932052705173,0.9863143958388217,FALSE,21
P4,Sex-combined,Sex,C8-Neg-003707,Ps(24:4_24:4),Lipids and lipid-like molecules,NA,0.2897201821520849,0.21533560697236537,0.9863143958388217,FALSE,21
P4,Sex-combined,Sex,C8-Pos-001621,3-Hydroxystigmast-5-En-7-One,Lipids and lipid-like molecules,NA,-0.28907094218228263,0.21641223458958314,0.9863143958388217,FALSE,21
P4,Sex-combined,Sex,C18-Pos-000763,N-Acetylglutamic Acid,Organic acids and derivatives,R-HSA-70635;WP4571;WP4583;WP4595;WP497,0.2888526514837411,0.2964216514060323,0.9863143958388217,FALSE,16
P4,Sex-combined,Sex,C8-Pos-003901,Dl-Dipalmitoylphosphatidylcholine,Lipids and lipid-like molecules,map00564;map00590;WP528,-0.28800926090668255,0.218180423706302,0.9863143958388217,FALSE,21
P4,Sex-combined,Sex,Amide-Neg-000405,L-Threonic Acid Calcium Salt,Organic oxygen compounds,R-HSA-196836,0.28671258183830406,0.2816458488429878,0.9863143958388217,FALSE,17
P4,Sex-combined,Sex,C8-Pos-001317,Solanidine,Lipids and lipid-like molecules,NA,0.28424023650816677,0.23824503084765244,0.9863143958388217,FALSE,20
P4,Sex-combined,Sex,C18-Pos-001046,L-Kynurenine,Organic oxygen compounds,map00380;R-HSA-71240;WP2485;WP3645;WP4210;WP5414,-0.28354400074120467,0.25419956978739283,0.9863143958388217,FALSE,19
P4,Sex-combined,Sex,C18-Pos-002221,Cocamidopropyl Betaine,Organic acids and derivatives,NA,0.2810662997690114,0.2299772318434916,0.9863143958388217,FALSE,21
P4,Sex-combined,Sex,C8-Pos-000483,5'-S-Methyl-5'-Thioadenosine,"Nucleosides, nucleotides, and analogues",map00270;R-HSA-1237112;R-HSA-1614635;R-HSA-163841;R-HSA-351202;R-HSA-5358493;R-HSA-6782315;R-HSA-6782861;R-HSA-6790901;WP3580;WP4485,0.2793900057667579,0.23288631229966728,0.9863143958388217,FALSE,21
P4,Sex-combined,Sex,C8-Pos-002684,Tg(15:1cho_15:2),Lipids and lipid-like molecules,NA,0.27853175284524895,0.27900985365548114,0.9863143958388217,FALSE,18
P4,Sex-combined,Sex,C8-Neg-003489,Ps(16:1_26:4),Lipids and lipid-like molecules,NA,0.27649769585253453,0.3604616827993522,0.9863143958388217,FALSE,14
P4,Sex-combined,Sex,C8-Neg-000223,Dodecyl Sulfate,Organic acids and derivatives,NA,0.27431528251258674,0.2418379371271582,0.9863143958388217,FALSE,21
P4,Sex-combined,Sex,C8-Pos-002038,1-Palmitoyl-Sn-Glycero-3-Phosphocholine,Lipids and lipid-like molecules,map00564;WP4949,0.27297495998443044,0.24423862270862398,0.9863143958388217,FALSE,21
P4,Sex-combined,Sex,C8-Pos-005548,Pg(O-29:8_21:6),Lipids and lipid-like molecules,NA,0.27253630897521564,0.24502760966941248,0.9863143958388217,FALSE,21
P4,Sex-combined,Sex,Amide-Neg-000135,D-Glyceric Acid,Organic oxygen compounds,map00561;R-HSA-5652084;R-HSA-70350;WP5166;WP5178,0.27249755423846245,0.24509739497827546,0.9863143958388217,FALSE,21
P4,Sex-combined,Sex,Amide-Neg-000158,Maleic Hydrazide,Organoheterocyclic compounds,NA,0.2714097339780753,0.24706142107953882,0.9863143958388217,FALSE,21
P4,Sex-combined,Sex,C8-Pos-000022,Chalcone,Phenylpropanoids and polyketides,NA,-0.2710154208478253,0.24777582064699144,0.9863143958388217,FALSE,21
P4,Sex-combined,Sex,Amide-Neg-000171,Glutaric Anhydride,Organoheterocyclic compounds,NA,0.2707730015864984,0.2771324467157074,0.9863143958388217,FALSE,19
P4,Sex-combined,Sex,Amide-Neg-000333,2-Methylsuccinic Acid,Lipids and lipid-like molecules,NA,0.26869748566678886,0.2970327851767716,0.9863143958388217,FALSE,18
P4,Sex-combined,Sex,C8-Pos-005152,Pc(10:0cooh_30:8),Lipids and lipid-like molecules,NA,-0.2686933143993134,0.35295761861543173,0.9863143958388217,FALSE,15
P4,Sex-combined,Sex,C8-Neg-003470,Pc(20:2cho_22:5),Lipids and lipid-like molecules,NA,0.2681359921897542,0.3757545213375131,0.9863143958388217,FALSE,14
P4,Sex-combined,Sex,Amide-Neg-000032,Pyruvic Acid,Organic acids and derivatives,map00020;map00250;map00270;map00330;map00520;map00620;map00910;R-HSA-1614558;R-HSA-1614635;R-HSA-196807;R-HSA-197264;R-HSA-204174;R-HSA-2408508;R-HSA-389661;R-HSA-4085001;R-HSA-427601;R-HSA-428643;R-HSA-433692;R-HSA-446219;R-HSA-5362517;R-HSA-5619070;R-HSA-6782315;R-HSA-6782861;R-HSA-70171;R-HSA-70263;R-HSA-70268;R-HSA-70326;R-HSA-71240;R-HSA-73621;R-HSA-8956319;R-HSA-8963691;R-HSA-8964208;R-HSA-8964539;R-HSA-8964540;R-HSA-9749641;R-HSA-977347;R-HSA-9861559;R-HSA-9861718;WP106;WP1495;WP1584;WP1946;WP2333;WP2453;WP2456;WP2868;WP357;WP3580;WP3602;WP3644;WP3965;WP4141;WP4206;WP4236;WP4290;WP4297;WP4504;WP4595;WP4628;WP4629;WP4661;WP4688;WP4742;WP5030;WP5031;WP5046;WP5049;WP5050;WP5166;WP5178;WP5211;WP5213;WP5216;WP5220;WP528;WP5312;WP5314;WP534;WP5433;WP661,-0.2658845909427264,0.27122862356325783,0.9863143958388217,FALSE,20
P4,Sex-combined,Sex,Amide-Neg-000219,N-Acetylglycine,Organic acids and derivatives,NA,-0.2658346963344337,0.25728466724292987,0.9863143958388217,FALSE,21
P4,Sex-combined,Sex,C8-Neg-003479,Ps(18:0_24:6),Lipids and lipid-like molecules,NA,0.2646559661944605,0.2594799917928649,0.9863143958388217,FALSE,21
P4,Sex-combined,Sex,Amide-Neg-000235,D-Threonine,Organic acids and derivatives,NA,-0.26459366371769744,0.30475495406307246,0.9863143958388217,FALSE,18
P4,Sex-combined,Sex,C8-Pos-004529,Dg(25:3_25:7),Lipids and lipid-like molecules,NA,-0.2640110851666464,0.26068604952201657,0.9863143958388217,FALSE,21
P4,Sex-combined,Sex,Amide-Neg-000066,L-(+)-Lactic Acid,Organic acids and derivatives,map00620;R-HSA-196807;R-HSA-197264;R-HSA-3296197;R-HSA-427601;R-HSA-428643;R-HSA-433692;R-HSA-549132;R-HSA-561048;R-HSA-5619070;R-HSA-5619071;R-HSA-70268;R-HSA-9749641;WP2456;WP2868;WP3644;WP4290;WP4595;WP4628;WP4629;WP5211;WP5239;WP5312;WP534;WP5433;WP661,0.2632789189269996,0.2620596354345142,0.9863143958388217,FALSE,21
P4,Sex-combined,Sex,Amide-Pos-000558,Delta-Valerobetaine,Lipids and lipid-like molecules,NA,-0.2624074455416916,0.26370051293185254,0.9863143958388217,FALSE,21
P4,Sex-combined,Sex,C8-Neg-003577,Ps(22:0_22:4),Lipids and lipid-like molecules,NA,0.26001519944548734,0.34932044824649455,0.9863143958388217,FALSE,16
P4,Sex-combined,Sex,C8-Neg-003554,Ps(24:2_20:5),Lipids and lipid-like molecules,NA,-0.2597296115061984,0.4405367199008403,0.9863143958388217,FALSE,12
P4,Sex-combined,Sex,C8-Pos-004964,Bmp 22:5_22:6,Lipids and lipid-like molecules,NA,-0.2576487660667687,0.44433841619634973,0.9863143958388217,FALSE,12
P4,Sex-combined,Sex,C8-Pos-005208,Pc(15:1cooh_27:7),Lipids and lipid-like molecules,NA,-0.2566776751437502,0.27464986587795265,0.9863143958388217,FALSE,21
P4,Sex-combined,Sex,Amide-Pos-001132,1-Methyladenosine,"Nucleosides, nucleotides, and analogues",WP4485,-0.25659571951131604,0.27480850605659546,0.9863143958388217,FALSE,21
P4,Sex-combined,Sex,C8-Pos-001521,Triethyleneglycol Bis(2-Ethylhexanoate),Lipids and lipid-like molecules,NA,0.2563748840638873,0.27523625809770486,0.9863143958388217,FALSE,21
P4,Sex-combined,Sex,Amide-Pos-000601,3-Methylhistidine,Organic acids and derivatives,NA,0.25583172111249397,0.27629011484486576,0.9863143958388217,FALSE,21
P4,Sex-combined,Sex,C8-Neg-003585,Pc(12:1_28:3),Lipids and lipid-like molecules,NA,0.2557037356243978,0.27653880053501845,0.9863143958388217,FALSE,21
P4,Sex-combined,Sex,C8-Neg-003644,Pc(21:1cooh_23:6),Lipids and lipid-like molecules,NA,0.25461067503164947,0.2786683793672609,0.9863143958388217,FALSE,21
P4,Sex-combined,Sex,Amide-Neg-000149,2-Furoic Acid,Organoheterocyclic compounds,NA,0.25453280605127415,0.29297972552343765,0.9863143958388217,FALSE,20
P4,Sex-combined,Sex,C8-Pos-000033,"1,3-Diphenylacetone",Phenylpropanoids and polyketides,NA,0.2524959972268212,0.2828171982794096,0.9863143958388217,FALSE,21
P4,Sex-combined,Sex,C18-Pos-001031,Triethylene Glycol Monobutyl Ether,Organic oxygen compounds,NA,0.25226454328305087,0.2832736006496021,0.9863143958388217,FALSE,21
P4,Sex-combined,Sex,C18-Neg-000283,Octanedioic Acid,Lipids and lipid-like molecules,NA,0.2521769360146107,0.31272305715946686,0.9863143958388217,FALSE,19
P4,Sex-combined,Sex,C8-Pos-001474,Diosgenin,Lipids and lipid-like molecules,NA,0.2519940053266717,0.28380764996899865,0.9863143958388217,FALSE,21
P4,Sex-combined,Sex,Amide-Pos-000372,Asparagine,Organic acids and derivatives,map00250;map00910;R-HSA-352230;R-HSA-379716;R-HSA-379724;R-HSA-379726;R-HSA-442660;R-HSA-5676934;R-HSA-8963693;WP106;WP3953;WP4290,0.2515297995339284,0.2847254550625569,0.9863143958388217,FALSE,21
P4,Sex-combined,Sex,C8-Pos-004510,Pc(20:0_18:1),Lipids and lipid-like molecules,NA,-0.25146427416347167,0.284855156210402,0.9863143958388217,FALSE,21
P4,Sex-combined,Sex,C8-Neg-003382,Cl(23:1_19:4cho_22:4_22:4cho),Lipids and lipid-like molecules,NA,0.2511179361162741,0.28554130537668937,0.9863143958388217,FALSE,21
P4,Sex-combined,Sex,Amide-Pos-000025,Putrescine,Organic nitrogen compounds,map00270;R-HSA-140179;R-HSA-141334;R-HSA-351143;R-HSA-351200;R-HSA-351202;WP2525;WP3580;WP4157;WP497,-0.25042618449256787,0.30110276637684397,0.9863143958388217,FALSE,20
P4,Sex-combined,Sex,Amide-Pos-000757,Sb01966,Organic oxygen compounds,NA,-0.2504125202223636,0.28694199709146584,0.9863143958388217,FALSE,21
P4,Sex-combined,Sex,C8-Pos-004650,Tg(39:10_9:2cho),Lipids and lipid-like molecules,NA,-0.24700792295596286,0.29376171143300933,0.9863143958388217,FALSE,21
P4,Sex-combined,Sex,C18-Pos-001333,Asp-Leu,Organic acids and derivatives,NA,-0.24632320103101404,0.29514516322383516,0.9863143958388217,FALSE,21
P4,Sex-combined,Sex,C8-Pos-004641,N-Nervonoyl-D-Erythro-Sphingosylphosphorylcholine,Lipids and lipid-like molecules,WP4726,-0.24617523785610315,0.29544463960200695,0.9863143958388217,FALSE,21
P4,Sex-combined,Sex,Amide-Pos-000604,D-Histidine Methyl Ester,Organic acids and derivatives,NA,-0.2453726486301413,0.2970723121687105,0.9863143958388217,FALSE,21
P4,Sex-combined,Sex,C18-Pos-000695,2-Aminocaprylate,Organic acids and derivatives,NA,0.24533736891859995,0.29714398581326257,0.9863143958388217,FALSE,21
P4,Sex-combined,Sex,C8-Pos-003535,Pe 16:1_16:1,Lipids and lipid-like molecules,NA,-0.24424612852184666,0.2993661459408384,0.9863143958388217,FALSE,21
P4,Sex-combined,Sex,C8-Pos-005112,Pi 36:4,Lipids and lipid-like molecules,NA,-0.2434546983250521,0.3009841034920828,0.9863143958388217,FALSE,21
P4,Sex-combined,Sex,C18-Neg-000934,Yrquylsqfnxrba-Izzdovswsa-N,Lipids and lipid-like molecules,NA,0.24312358648406013,0.3309877159871978,0.9863143958388217,FALSE,19
P4,Sex-combined,Sex,C8-Pos-005434,Pi(18:0_22:6),Lipids and lipid-like molecules,NA,-0.24280360566691428,0.3023191443360598,0.9863143958388217,FALSE,21
P4,Sex-combined,Sex,Amide-Pos-000365,Triethanolamine,Organic nitrogen compounds,NA,0.240338316940449,0.3074066754101542,0.9863143958388217,FALSE,21
P4,Sex-combined,Sex,Amide-Neg-001726,Cytidine 2'_3'-Cyclic Phosphate,"Nucleosides, nucleotides, and analogues",WP100;WP2289;WP2525;WP4313;WP5233,0.23899000263956852,0.31021091204959894,0.9863143958388217,FALSE,21
P4,Sex-combined,Sex,C8-Neg-000432,"8z,11z,14z-Eicosatrienoic Acid",Lipids and lipid-like molecules,map00592;R-HSA-2980736;R-HSA-381771;R-HSA-400508;R-HSA-444209;WP4586;WP4723;WP4853,-0.23835353032752518,0.31153999604734306,0.9863143958388217,FALSE,21
P4,Sex-combined,Sex,C18-Neg-002092,1-Stearoyl-2-Hydroxy-Sn-Glycero-3-Phosphoethanolamine,Lipids and lipid-like molecules,WP4313,0.23821895858311584,0.37428786961558347,0.9863143958388217,FALSE,17
P4,Sex-combined,Sex,Amide-Pos-002176,"1,2-Dipentadecanoyl-Sn-Glycero-3-Phosphocholine",Lipids and lipid-like molecules,NA,0.23816522374641275,0.3119338751793522,0.9863143958388217,FALSE,21
P4,Sex-combined,Sex,Amide-Neg-000314,Mesaconic Acid,Lipids and lipid-like molecules,NA,0.23652926965251417,0.3153683949896139,0.9863143958388217,FALSE,21
P4,Sex-combined,Sex,Amide-Neg-000195,L-Malic Acid,Organic acids and derivatives,map00020;map00620;R-HSA-1614517;R-HSA-1614558;R-HSA-1614635;R-HSA-428643;R-HSA-70263;R-HSA-70268;R-HSA-70326;R-HSA-71403;R-HSA-9856872;WP106;WP2453;WP3602;WP4206;WP4236;WP4241;WP4290;WP4315;WP4595;WP4661;WP5046;WP5050;WP5213;WP534;WP5401;WP5434;WP661;WP78,0.23542255219450847,0.3983043747205127,0.9863143958388217,FALSE,16
P4,Sex-combined,Sex,C8-Pos-004266,Ganglioside-Gm1(D18:1/18:0),Lipids and lipid-like molecules,NA,-0.23480944499789222,0.3190033574759063,0.9863143958388217,FALSE,21
P4,Sex-combined,Sex,C8-Pos-002819,Pe(7:0_16:0cho),Lipids and lipid-like molecules,NA,-0.2338590821209559,0.32102271366282953,0.9863143958388217,FALSE,21
P4,Sex-combined,Sex,C8-Pos-005464,Pc(26:6_21:6cho),Lipids and lipid-like molecules,NA,0.23351603605123994,0.3217534967210823,0.9863143958388217,FALSE,21
P4,Sex-combined,Sex,C8-Pos-003694,Tg(15:1cooh_24:0),Lipids and lipid-like molecules,NA,0.23311506406091048,0.32260893456983586,0.9863143958388217,FALSE,21
P4,Sex-combined,Sex,C8-Pos-005016,Pc(28:6_10:0cooh),Lipids and lipid-like molecules,NA,-0.23210030550288657,0.32477987912648343,0.9863143958388217,FALSE,21
P4,Sex-combined,Sex,C8-Neg-002641,Lpc(23:5),Lipids and lipid-like molecules,NA,0.23145590578900918,0.3403703817751095,0.9863143958388217,FALSE,20
P4,Sex-combined,Sex,C18-Pos-001343,3-Hydroxybutyrylcarnitine,Lipids and lipid-like molecules,NA,-0.23070625529209526,0.34198063555423175,0.9863143958388217,FALSE,20
P4,Sex-combined,Sex,C8-Neg-003619,Ps(22:3_24:7),Lipids and lipid-like molecules,NA,-0.23059649962850465,0.328013008279991,0.9863143958388217,FALSE,21
P4,Sex-combined,Sex,C18-Pos-002968,Acetyltributyl Citrate,Organic acids and derivatives,NA,0.2302358104940429,0.3287913034327852,0.9863143958388217,FALSE,21
P4,Sex-combined,Sex,Amide-Pos-002316,Pe(18:0_22:6),Lipids and lipid-like molecules,NA,0.22966955468857145,0.3592519103131261,0.9863143958388217,FALSE,19
P4,Sex-combined,Sex,C8-Pos-000887,5-(Z-Heptadec-8-Enyl) Resorcinol,Benzenoids,NA,0.22945409678870834,0.3304818356591249,0.9863143958388217,FALSE,21
P4,Sex-combined,Sex,Amide-Pos-000621,Citrulline,Organic acids and derivatives,NA,-0.22609864270555563,0.33779654197596354,0.9863143958388217,FALSE,21
P4,Sex-combined,Sex,C8-Pos-000148,Palmitoleic Acid,Lipids and lipid-like molecules,R-HSA-2980736;R-HSA-381771;R-HSA-400508;R-HSA-444209;WP4718;WP4724,0.22609864270555563,0.33779654197596354,0.9863143958388217,FALSE,21
P4,Sex-combined,Sex,Amide-Neg-000331,D-Asparagine,Organic acids and derivatives,NA,0.22596166532548428,0.3380971481746943,0.9863143958388217,FALSE,21
P4,Sex-combined,Sex,C8-Pos-004991,Pc(18:1_22:6),Lipids and lipid-like molecules,NA,0.2257154619960861,0.3386378526482676,0.9863143958388217,FALSE,21
P4,Sex-combined,Sex,C8-Pos-001012,2-Arachidonoyl Glycerol,Lipids and lipid-like molecules,R-HSA-114508;R-HSA-426048;WP3869;WP4321;WP5094,0.22547110674917303,0.3391749995395895,0.9863143958388217,FALSE,21
P4,Sex-combined,Sex,Amide-Pos-000461,4-Quinolinol,Organoheterocyclic compounds,NA,-0.2245435618173646,0.40311475541403674,0.9863143958388217,FALSE,17
P4,Sex-combined,Sex,Amide-Pos-000314,4-Piperidinecarboxamide,Organoheterocyclic compounds,NA,0.2244969373131605,0.34132139927251604,0.9863143958388217,FALSE,21
P4,Sex-combined,Sex,Amide-Pos-001033,Hexanoylcarnitine,Lipids and lipid-like molecules,NA,-0.2240823302163435,0.3422373126358491,0.9863143958388217,FALSE,21
P4,Sex-combined,Sex,C8-Neg-003309,Cl(18:0_20:1cho_23:1_21:2),Lipids and lipid-like molecules,NA,0.22388737047482876,0.34266849641331865,0.9863143958388217,FALSE,21
P4,Sex-combined,Sex,Amide-Pos-001387,Asp-Pro-Asn,Organic acids and derivatives,NA,0.2230605538673896,0.3445006534929378,0.9863143958388217,FALSE,21
P4,Sex-combined,Sex,Amide-Neg-001697,Udp-N-Acetylglucosamine,"Nucleosides, nucleotides, and analogues",map00520;WP5151;WP5220,0.2228328690393543,0.48634364317953216,0.9863143958388217,FALSE,13
P4,Sex-combined,Sex,C8-Neg-003596,Ps(23:2_21:0),Lipids and lipid-like molecules,NA,-0.22196193587459695,0.466108414052958,0.9863143958388217,FALSE,14
P4,Sex-combined,Sex,Amide-Pos-000636,6-Chloropicolinic Acid,Organoheterocyclic compounds,NA,-0.22160405290527324,0.3477419960121315,0.9863143958388217,FALSE,21
P4,Sex-combined,Sex,C8-Pos-000642,"16-Hydroxycleroda-3,13-Dien-15,16-Olide",Lipids and lipid-like molecules,NA,0.2214417192192333,0.3481043523375431,0.9863143958388217,FALSE,21
P4,Sex-combined,Sex,Amide-Pos-001105,Υ-L-Glutamyl-L-Glutamic Acid,Organic acids and derivatives,NA,-0.2212053987488098,0.41032583062031824,0.9863143958388217,FALSE,17
P4,Sex-combined,Sex,Amide-Pos-000987,Asp-Asp,Organic acids and derivatives,NA,-0.22109224235644964,0.3488851879198096,0.9863143958388217,FALSE,21
P4,Sex-combined,Sex,C18-Pos-002294,Inosine-5'-Monophosphate (Imp),"Nucleosides, nucleotides, and analogues",map00250;R-HSA-2161522;R-HSA-2161541;R-HSA-2393930;R-HSA-3000480;R-HSA-73817;R-HSA-74217;R-HSA-74259;R-HSA-8850843;R-HSA-8956319;R-HSA-8956320;R-HSA-8956321;R-HSA-9717189;R-HSA-9717207;R-HSA-9755088;WP4224;WP4290;WP4792,-0.21998612252530636,0.492073319765032,0.9863143958388217,FALSE,13
P4,Sex-combined,Sex,C8-Pos-004202,Pe(18:0_20:4),Lipids and lipid-like molecules,WP4313,0.21969242469327763,0.3520229745812412,0.9863143958388217,FALSE,21
P4,Sex-combined,Sex,C8-Neg-000367,Myristyl Sulfate,Organic acids and derivatives,NA,0.21945349021848648,0.35256018832356417,0.9863143958388217,FALSE,21
P4,Sex-combined,Sex,C8-Pos-001076,Bis(Methylbenzylidene)Sorbitol,Phenylpropanoids and polyketides,NA,0.2154651846907796,0.361597213914997,0.9863143958388217,FALSE,21
P4,Sex-combined,Sex,C8-Pos-000501,(±)5-Hepe,Lipids and lipid-like molecules,R-HSA-9027604,0.2150166897712247,0.39153593628955163,0.9863143958388217,FALSE,19
P4,Sex-combined,Sex,Amide-Pos-001017,Glycerophosphocholine,Lipids and lipid-like molecules,map00830;R-HSA-1483115;R-HSA-1483255;R-HSA-6814848;WP4195;WP4949;WP528,-0.21494089681989126,0.36279496506234543,0.9863143958388217,FALSE,21
P4,Sex-combined,Sex,Amide-Pos-001056,Thiamine,Organoheterocyclic compounds,map00730;R-HSA-196819,-0.21394237712565523,0.36508237979705027,0.9863143958388217,FALSE,21
P4,Sex-combined,Sex,Amide-Pos-000960,Pro-Glu,Organic acids and derivatives,NA,0.21367183330318115,0.3657035569468604,0.9863143958388217,FALSE,21
P4,Sex-combined,Sex,C18-Pos-000591,N-Methyl-2-Phenylpropan-1-Amine,Benzenoids,NA,-0.2128736755576236,0.48501505316585014,0.9863143958388217,FALSE,14
P4,Sex-combined,Sex,C8-Pos-000500,Rjipnphmqgdubw-Lrankocbsa-N,Lipids and lipid-like molecules,NA,0.21270122160529986,0.48537721097460096,0.9863143958388217,FALSE,14
P4,Sex-combined,Sex,Amide-Pos-000448,Proline Betaine,Organic acids and derivatives,NA,0.211320123689237,0.37112850223199645,0.9863143958388217,FALSE,21
P4,Sex-combined,Sex,Amide-Neg-002218,Cytidine-5'-Monophospho-N-Acetylneuraminic Acid,"Nucleosides, nucleotides, and analogues",map00520;WP5151,0.2110994838277092,0.37163980549199793,0.9863143958388217,FALSE,21
P4,Sex-combined,Sex,C8-Neg-003418,Ps(15:0_25:3),Lipids and lipid-like molecules,NA,0.21092838742298897,0.45048732913648737,0.9863143958388217,FALSE,16
P4,Sex-combined,Sex,C8-Pos-001468,Dg(2:0_18:2),Lipids and lipid-like molecules,NA,-0.20964016867843388,0.5361278190495918,0.9863143958388217,FALSE,12
P4,Sex-combined,Sex,Amide-Pos-000317,L-Pyroglutamic Acid,Organic acids and derivatives,map00480;R-HSA-156590;R-HSA-174403;R-HSA-5578998;R-HSA-5579029;WP100;WP2525,-0.20876085335787165,0.37708376427888346,0.9863143958388217,FALSE,21
P4,Sex-combined,Sex,Amide-Pos-002228,1-Oleoyl-2-Myristoyl-Sn-Glycero-3-Phosphocholine,Lipids and lipid-like molecules,NA,0.208458559159559,0.377790719191753,0.9863143958388217,FALSE,21
P4,Sex-combined,Sex,C8-Neg-003536,Pi 38:6,Lipids and lipid-like molecules,NA,-0.20816625127230062,0.378475028827047,0.9863143958388217,FALSE,21
P4,Sex-combined,Sex,Amide-Neg-000316,Acetyl-D-Alanine,Organic acids and derivatives,NA,-0.20760043220072935,0.45782880348206856,0.9863143958388217,FALSE,16
P4,Sex-combined,Sex,C8-Pos-005761,Pc(22:3cho_28:6),Lipids and lipid-like molecules,NA,0.20715188345514668,0.38085512439234126,0.9863143958388217,FALSE,21
P4,Sex-combined,Sex,C8-Pos-004099,1-Hexadecanoyl-2-Octadecadienoyl-Sn-Glycero-3-Phosphocholine,Lipids and lipid-like molecules,NA,-0.20687861564189544,0.5416330495264858,0.9863143958388217,FALSE,12
P4,Sex-combined,Sex,Amide-Pos-000902,2-Sc S-(2-Succinyl)-L-Cysteine,Organic acids and derivatives,NA,-0.2064287539310707,0.3825569778494591,0.9863143958388217,FALSE,21
P4,Sex-combined,Sex,Amide-Neg-000332,Dl-Xylose,Organic oxygen compounds,R-HSA-1638091;R-HSA-2024096,0.20636300065679436,0.39664552340240977,0.9863143958388217,FALSE,20
P4,Sex-combined,Sex,C8-Pos-001073,Cer(D15:2_7:0),Lipids and lipid-like molecules,NA,0.2061811705772426,0.39707094959203026,0.9863143958388217,FALSE,20
P4,Sex-combined,Sex,C8-Pos-004203,Pc(O-29:1_5:0),Lipids and lipid-like molecules,NA,-0.20616172384542625,0.38318649637925195,0.9863143958388217,FALSE,21
P4,Sex-combined,Sex,Amide-Neg-001873,"D-Fructose-1,6-Bisphosphate",Organic oxygen compounds,map00051;R-HSA-70171;R-HSA-70263;R-HSA-70268;R-HSA-70326;R-HSA-73817;R-HSA-8956320;WP1946;WP2456;WP4290;WP4628;WP4629;WP4949;WP5178;WP5216;WP534,-0.20281797728454226,0.40498474746098934,0.9863143958388217,FALSE,20
P4,Sex-combined,Sex,C18-Pos-000219,N-Methylcyclohexylamine,Organic nitrogen compounds,NA,0.20272443002565294,0.39134148045821304,0.9863143958388217,FALSE,21
P4,Sex-combined,Sex,C18-Pos-002507,2-(Alpha-D-Mannopyranosyl)-L-Tryptophan,Organoheterocyclic compounds,NA,0.20149537455341537,0.4380375565090232,0.9863143958388217,FALSE,18
P4,Sex-combined,Sex,Amide-Neg-000574,N-Acetyl-L-Valine,Organic acids and derivatives,NA,0.19988268004990856,0.3981555806649748,0.9863143958388217,FALSE,21
P4,Sex-combined,Sex,C8-Pos-000497,Palmitoyl Ethanolamide,Organic acids and derivatives,R-HSA-112310;WP4949,0.19904208023500738,0.40018365446237814,0.9863143958388217,FALSE,21
P4,Sex-combined,Sex,C8-Pos-004114,Pe(19:4_19:4),Lipids and lipid-like molecules,NA,0.19713744365842384,0.4047998065739179,0.9863143958388217,FALSE,21
P4,Sex-combined,Sex,C8-Pos-000709,Stearoyl Ethanolamide,Organic nitrogen compounds,R-HSA-112310,0.19622342116614128,0.4070253526748777,0.9863143958388217,FALSE,21
P4,Sex-combined,Sex,C8-Pos-001592,"2-[{[(1s,4s,6s)-4-({5-[4-(Dimethylamino)Phenyl]-1,3,4-Oxadiazol-2-Yl}Methyl)-6-Isopropyl-3-Methyl-2-Cyclohexen-1-Yl]Methyl}(Methyl)Amino]Ethanol",Lipids and lipid-like molecules,NA,0.1944472229168404,0.42504886442224776,0.9863143958388217,FALSE,20
P4,Sex-combined,Sex,Amide-Pos-001163,Ophthalmate,Organic acids and derivatives,WP2525;WP4487,0.19419422187634322,0.41198999156621285,0.9863143958388217,FALSE,21
P4,Sex-combined,Sex,C8-Pos-000610,"2-Methyl-5-{2-[2-(4-Methyl-3,6-Dioxocyclohexa-1,4-Dienyl)Ethoxy]Ethyl}Benzo-1,4-Quinone",Organic oxygen compounds,NA,0.19385656445172836,0.41281927540552776,0.9863143958388217,FALSE,21
P4,Sex-combined,Sex,Amide-Pos-000682,"Ne,Ne,Ne-Trimethyllysine",Organic acids and derivatives,R-HSA-71262,0.1931043488972542,0.4146699558180319,0.9863143958388217,FALSE,21
P4,Sex-combined,Sex,C18-Pos-000567,Phloretic Acid,Phenylpropanoids and polyketides,NA,0.1931043488972542,0.4146699558180319,0.9863143958388217,FALSE,21
P4,Sex-combined,Sex,C8-Pos-003874,Pc 16:0_16:1,Lipids and lipid-like molecules,NA,-0.19205718777653824,0.5498461246023307,0.9863143958388217,FALSE,13
P4,Sex-combined,Sex,C8-Pos-004593,Pc(32:2_4:0),Lipids and lipid-like molecules,NA,0.19205181710733682,0.5296267942720527,0.9863143958388217,FALSE,14
P4,Sex-combined,Sex,Amide-Pos-002226,N-(Octadecanoyl)Sphing-4-Enine-1-Phosphocholine,Lipids and lipid-like molecules,NA,0.18820515511045813,0.42683254726737807,0.9863143958388217,FALSE,21
P4,Sex-combined,Sex,Amide-Neg-001431,D-Glucose 6-Phosphate,Organic oxygen compounds,map00052;map00520;map00562;R-HSA-1483249;R-HSA-1855183;WP134;WP1946;WP3915;WP4141;WP4290;WP4297;WP5153;WP5173;WP5178;WP5211;WP5216;WP5312;WP5314;WP534;WP5380;WP5394;WP698,-0.18571090882372257,0.4330968476017687,0.9863143958388217,FALSE,21
P4,Sex-combined,Sex,C8-Pos-003127,Pc(6:0_17:0cho),Lipids and lipid-like molecules,NA,0.18476253571332255,0.4354913705161523,0.9863143958388217,FALSE,21
P4,Sex-combined,Sex,C8-Pos-000245,Monolaurin,Lipids and lipid-like molecules,NA,0.18451367312610947,0.4361208709238341,0.9863143958388217,FALSE,21
P4,Sex-combined,Sex,C8-Pos-005561,Pc(22:5cooh_25:8),Lipids and lipid-like molecules,NA,-0.1840385050745902,0.45071573821010513,0.9863143958388217,FALSE,20
P4,Sex-combined,Sex,C8-Pos-001241,Dg(3:0_15:0),Lipids and lipid-like molecules,NA,0.18271073850680297,0.4406956963047366,0.9863143958388217,FALSE,21
P4,Sex-combined,Sex,C8-Neg-003538,Pc(20:4cooh_23:6),Lipids and lipid-like molecules,NA,-0.18217299556121197,0.44206503142904885,0.9863143958388217,FALSE,21
P4,Sex-combined,Sex,Amide-Pos-002276,2-Oleoyl-1-Palmitoyl-Sn-Glycero-3-Phosphocholine,Lipids and lipid-like molecules,NA,0.18123755695252172,0.44445237044666763,0.9863143958388217,FALSE,21
P4,Sex-combined,Sex,C8-Pos-005046,Ps(18:3_24:4),Lipids and lipid-like molecules,NA,0.1796393890898848,0.5971312750362021,0.9863143958388217,FALSE,12
P4,Sex-combined,Sex,Amide-Pos-001617,Uridine 5'-Diphosphate,"Nucleosides, nucleotides, and analogues",map00052;map00150;map00520;map00860;R-HSA-1474290;R-HSA-156588;R-HSA-162710;R-HSA-163125;R-HSA-1638074;R-HSA-1638091;R-HSA-1650814;R-HSA-1660662;R-HSA-1793185;R-HSA-189445;R-HSA-189483;R-HSA-190236;R-HSA-190239;R-HSA-190372;R-HSA-1912399;R-HSA-1912420;R-HSA-1912422;R-HSA-1971475;R-HSA-2022854;R-HSA-2022870;R-HSA-2022928;R-HSA-2161522;R-HSA-2161541;R-HSA-3322077;R-HSA-4085001;R-HSA-417957;R-HSA-418038;R-HSA-446219;R-HSA-480985;R-HSA-499943;R-HSA-5173105;R-HSA-5173214;R-HSA-5213460;R-HSA-5218859;R-HSA-5653890;R-HSA-5654741;R-HSA-5675482;R-HSA-8850843;R-HSA-8956319;R-HSA-8982491;R-HSA-9033658;R-HSA-9033807;R-HSA-9037629;R-HSA-913709;R-HSA-964739;R-HSA-9660826;R-HSA-9664424;R-HSA-9683673;R-HSA-9683686;R-HSA-9683701;R-HSA-9694635;R-HSA-9694719;R-HSA-9749641;R-HSA-9753281;R-HSA-9754706;R-HSA-975576;R-HSA-975578;R-HSA-9757110;R-HSA-9772573;R-HSA-9840309;WP3871;WP4022;WP4225;WP4521;WP4584;WP4784;WP4900;WP5269;WP5348;WP5380;WP698,-0.17937809161769577,0.44921781786067794,0.9863143958388217,FALSE,21
P4,Sex-combined,Sex,Amide-Neg-000523,Xanthine,Organoheterocyclic compounds,R-HSA-74259;R-HSA-8956319;WP3633;WP4224;WP4507;WP4792,0.17873480706062833,0.4508725730265144,0.9863143958388217,FALSE,21
P4,Sex-combined,Sex,Amide-Pos-000475,Dl-Glutamine,Organic acids and derivatives,WP4157;WP4290;WP4504;WP5029;WP5049;WP5220;WP5314,-0.1781964578924688,0.4522598168513251,0.9863143958388217,FALSE,21
P4,Sex-combined,Sex,C18-Pos-000393,L-Aspartic Acid,Organic acids and derivatives,map00250;map00330;map00350;map00410;map00910;R-HSA-1638091;R-HSA-2024096;R-HSA-379716;R-HSA-379724;R-HSA-379726;R-HSA-389661;R-HSA-500753;R-HSA-5619062;R-HSA-5619067;R-HSA-5676934;R-HSA-70635;R-HSA-73817;R-HSA-8956320;R-HSA-8963691;R-HSA-8963693;R-HSA-8964208;R-HSA-8964539;R-HSA-9717189;R-HSA-9717207;R-HSA-9856872;WP106;WP3602;WP4224;WP4225;WP4519;WP4571;WP4583;WP4595;WP497;WP5029;WP534;WP5365,0.17662033421833515,0.4694824849570972,0.9863143958388217,FALSE,20
P4,Sex-combined,Sex,C8-Neg-003658,Pc(19:2cooh_21:6),Lipids and lipid-like molecules,NA,0.17558212941371135,0.4590277720321674,0.9863143958388217,FALSE,21
P4,Sex-combined,Sex,Amide-Neg-000787,D-(-)-Mannitol,Organic oxygen compounds,NA,-0.1751378733670126,0.4601829882548567,0.9863143958388217,FALSE,21
P4,Sex-combined,Sex,Amide-Neg-001321,Cytidine,"Nucleosides, nucleotides, and analogues",R-HSA-425397;R-HSA-5619063;R-HSA-73614;R-HSA-73621;R-HSA-83936;R-HSA-8956319;R-HSA-8956321;WP4022;WP4225;WP4485;WP4584;WP5408,0.1751314154290148,0.4601997920337091,0.9863143958388217,FALSE,21
P4,Sex-combined,Sex,C18-Pos-000384,Cis-4-Hydroxy-D-Proline,Organic acids and derivatives,NA,-0.17496144453486517,0.5018083190992103,0.9863143958388217,FALSE,18
P4,Sex-combined,Sex,Amide-Pos-000376,L(+)-Ornithine,Organic acids and derivatives,map00330;R-HSA-351202;R-HSA-352230;R-HSA-420499;R-HSA-70635;R-HSA-71288;R-HSA-8964539;WP2525;WP3580;WP3602;WP4225;WP4571;WP4583;WP4595;WP497;WP5026;WP5078;WP661,0.17474106780331414,0.46121607241375007,0.9863143958388217,FALSE,21
P4,Sex-combined,Sex,C18-Pos-001141,Tetraglyme,Organic oxygen compounds,NA,0.17473653656645755,0.4612278763327493,0.9863143958388217,FALSE,21
P4,Sex-combined,Sex,C8-Pos-001061,Cholest-4-En-3-One,Lipids and lipid-like molecules,WP4718;WP5329,0.17451938874230627,0.46179372943982466,0.9863143958388217,FALSE,21
P4,Sex-combined,Sex,C8-Pos-000350,Citroflex 2,Organic acids and derivatives,NA,0.17444824284081753,0.4619792014814933,0.9863143958388217,FALSE,21
P4,Sex-combined,Sex,C8-Neg-003377,Pi(16:1_18:3),Lipids and lipid-like molecules,NA,0.17430214643792658,0.47542642817853786,0.9863143958388217,FALSE,20
P4,Sex-combined,Sex,C8-Neg-003216,Sqdg(2:0_28:0),Lipids and lipid-like molecules,NA,-0.17381774143080425,0.5700936733773668,0.9863143958388217,FALSE,14
P4,Sex-combined,Sex,Amide-Pos-001385,"[2,2'-Biquinoline]-4,4'-Dicarboxylic Acid",Organoheterocyclic compounds,NA,0.17339579240755418,0.4647272940878625,0.9863143958388217,FALSE,21
P4,Sex-combined,Sex,Amide-Pos-001066,Adenosine,"Nucleosides, nucleotides, and analogues",map00270;map00450;R-HSA-156581;R-HSA-1614635;R-HSA-166520;R-HSA-187015;R-HSA-187024;R-HSA-187037;R-HSA-2161522;R-HSA-2161541;R-HSA-2408508;R-HSA-417973;R-HSA-418038;R-HSA-425397;R-HSA-5619063;R-HSA-5683826;R-HSA-73942;R-HSA-73943;R-HSA-74217;R-HSA-74259;R-HSA-83936;R-HSA-8956319;R-HSA-8956321;R-HSA-9660821;R-HSA-9734207;R-HSA-9734735;R-HSA-9735804;WP3580;WP4224;WP4292;WP4485;WP4504;WP4792;WP4900;WP5078;WP5408;WP80,0.17250557602494115,0.46705824035632104,0.9863143958388217,FALSE,21
P4,Sex-combined,Sex,Amide-Pos-001185,7-Methylguanosine,"Nucleosides, nucleotides, and analogues",R-HSA-429914;R-HSA-429958;R-HSA-430039;R-HSA-6790901;WP4485,-0.1702774463799597,0.4729182556077923,0.9863143958388217,FALSE,21
P4,Sex-combined,Sex,Amide-Pos-000068,Sarcosine,Organic acids and derivatives,map00270;R-HSA-2408508;R-HSA-389661;R-HSA-6798163;WP2525;WP4292;WP497,-0.1696075027330471,0.47468741649373625,0.9863143958388217,FALSE,21
P4,Sex-combined,Sex,C8-Pos-003759,Pe 16:0_18:1,Lipids and lipid-like molecules,NA,-0.16803330600585858,0.47885752514658075,0.9863143958388217,FALSE,21
P4,Sex-combined,Sex,Amide-Neg-000557,N-Acetyl-L-Aspartic Acid,Organic acids and derivatives,map00250;R-HSA-8963693;R-HSA-8964539;WP4519;WP5365,0.16799046351828548,0.47897127145002216,0.9863143958388217,FALSE,21
P4,Sex-combined,Sex,Amide-Neg-000078,Isobutyric Acid,Organic acids and derivatives,NA,0.1678363348013899,0.47938059285222356,0.9863143958388217,FALSE,21
P4,Sex-combined,Sex,C18-Neg-001236,"5,5-Dimethyl-2-{[(2-Phenylacetyl)Amino]Methyl}-1,3-Thiazolane-4-Carboxylic Acid",Organic acids and derivatives,NA,0.1676292249289034,0.5061382103899991,0.9863143958388217,FALSE,19
P4,Sex-combined,Sex,C8-Pos-004667,Tg(5:0_15:0cho_28:3),Lipids and lipid-like molecules,NA,0.16748391982853966,0.5065122590350093,0.9863143958388217,FALSE,19
P4,Sex-combined,Sex,C8-Pos-001359,Gly-Met-Arg,Organic acids and derivatives,NA,0.16715231230157368,0.48119926196380824,0.9863143958388217,FALSE,21
P4,Sex-combined,Sex,C8-Pos-004866,Pet(16:0_27:7),Lipids and lipid-like molecules,NA,-0.16665672878667878,0.4825190529166751,0.9863143958388217,FALSE,21
P4,Sex-combined,Sex,Amide-Pos-000686,"N6,N6,N6-Trimethyl-L-Lysine",Organic acids and derivatives,R-HSA-71262,-0.1666151342660718,0.5227335705640779,0.9863143958388217,FALSE,18
P4,Sex-combined,Sex,C8-Neg-003556,Ps(20:1_24:6),Lipids and lipid-like molecules,NA,0.166248081293492,0.5096988841697309,0.9863143958388217,FALSE,19
P4,Sex-combined,Sex,C8-Pos-005012,Pc(17:4cooh_23:5),Lipids and lipid-like molecules,NA,-0.16572808714618426,0.4849969540615131,0.9863143958388217,FALSE,21
P4,Sex-combined,Sex,Amide-Neg-000015,Glycolic Acid,Organic acids and derivatives,R-HSA-389661;WP4157;WP5166,0.165298215545544,0.4861461118346132,0.9863143958388217,FALSE,21
P4,Sex-combined,Sex,Amide-Pos-000085,Cyclohexylamine,Organic nitrogen compounds,NA,0.165298215545544,0.4861461118346132,0.9863143958388217,FALSE,21
P4,Sex-combined,Sex,C8-Neg-002321,"(2s)-2-Hydroxy-3-[(Hydroxy{[(1s,2r,3r,4s,5s,6r)-2,3,4,5,6-Pentahydroxycyclohexyl]Oxy}Phosphoryl)Oxy]Propyl (12z)-12-Octadecenoate",Lipids and lipid-like molecules,NA,0.16513317671363287,0.4865876604022229,0.9863143958388217,FALSE,21
P4,Sex-combined,Sex,Amide-Neg-000214,L-Valine,Organic acids and derivatives,map00280;map00640;R-HSA-352230;R-HSA-379716;R-HSA-379724;R-HSA-379726;R-HSA-442660;R-HSA-5619044;R-HSA-5619094;R-HSA-5659735;R-HSA-70895;R-HSA-71240;WP3953;WP4225;WP4233;WP4686;WP661,0.16493748371023395,0.4871114783687942,0.9863143958388217,FALSE,21
P4,Sex-combined,Sex,Amide-Pos-000599,1-Methylhistidine,Organic acids and derivatives,map00340;map00410,0.16439901540611165,0.5144843385574713,0.9863143958388217,FALSE,19
P4,Sex-combined,Sex,Amide-Neg-001445,D-Mannitol 1-Phosphate,Organic oxygen compounds,NA,-0.16384176449424187,0.5027064753739788,0.9863143958388217,FALSE,20
P4,Sex-combined,Sex,C18-Pos-000742,Uric Acid,Organoheterocyclic compounds,R-HSA-189200;R-HSA-2672351;R-HSA-549132;R-HSA-561048;R-HSA-5619047;R-HSA-5619071;R-HSA-74259;R-HSA-8956319;WP4224;WP4507;WP4792,0.16270872700750427,0.5188772273368019,0.9863143958388217,FALSE,19
P4,Sex-combined,Sex,Amide-Neg-000094,Levulinic Acid,Organic acids and derivatives,NA,-0.162223998770248,0.5069914631652874,0.9863143958388217,FALSE,20
P4,Sex-combined,Sex,Amide-Neg-000323,6-Aminocaproic Acid,Lipids and lipid-like molecules,NA,0.16149610170795597,0.5812444868033251,0.9863143958388217,FALSE,15
P4,Sex-combined,Sex,Amide-Neg-001626,Uridine 5'-Diphosphoglucuronic Acid,"Nucleosides, nucleotides, and analogues",map00150;map00520;map00860;WP3871;WP4784;WP5312;WP698,0.16125467909493799,0.49702101338630145,0.9863143958388217,FALSE,21
P4,Sex-combined,Sex,C18-Pos-002454,Guanosine-5'-Monophosphate,"Nucleosides, nucleotides, and analogues",map00250;R-HSA-157579;R-HSA-174414;R-HSA-174417;R-HSA-174437;R-HSA-180786;R-HSA-2485179;R-HSA-2514856;R-HSA-3000480;R-HSA-3299685;R-HSA-392154;R-HSA-4086398;R-HSA-418346;R-HSA-418457;R-HSA-425397;R-HSA-429914;R-HSA-429958;R-HSA-430039;R-HSA-499943;R-HSA-69166;R-HSA-69183;R-HSA-69186;R-HSA-69190;R-HSA-69239;R-HSA-72086;R-HSA-727802;R-HSA-73817;R-HSA-73886;R-HSA-74217;R-HSA-74259;R-HSA-8850843;R-HSA-8956319;R-HSA-8956320;R-HSA-8956321;R-HSA-9660826;R-HSA-9664424;R-HSA-9717189;R-HSA-9717207;WP411;WP4222;WP4224;WP4792;WP5294;WP5348,-0.16095834247878638,0.49782262483565676,0.9863143958388217,FALSE,21
P4,Sex-combined,Sex,Amide-Neg-000658,Dihydroxyacetone Phosphate,Organic oxygen compounds,R-HSA-1483166;R-HSA-163560;R-HSA-5652084;R-HSA-70171;R-HSA-70263;R-HSA-70326;R-HSA-70350;R-HSA-75896;R-HSA-8848584;R-HSA-8979227;WP143;WP1946;WP2456;WP2533;WP325;WP3602;WP4297;WP4628;WP4629;WP4949;WP5178;WP5275;WP534;WP690,-0.16031153858698172,0.5251371001115117,0.9863143958388217,FALSE,19
P4,Sex-combined,Sex,C8-Pos-004241,Hex1cer(D24:2_12:0),Lipids and lipid-like molecules,NA,0.16003653655902114,0.500320188483834,0.9863143958388217,FALSE,21
P4,Sex-combined,Sex,C8-Pos-004614,Pc(15:2cho_22:2),Lipids and lipid-like molecules,NA,-0.15947459218349333,0.5018457077154619,0.9863143958388217,FALSE,21
P4,Sex-combined,Sex,C18-Neg-001023,Xanthosine,"Nucleosides, nucleotides, and analogues",WP4224;WP4792,0.15879147195756693,0.6043536996526253,0.9863143958388217,FALSE,14
P4,Sex-combined,Sex,Amide-Pos-001025,5-Methylcytidine,"Nucleosides, nucleotides, and analogues",NA,0.15767574579161678,0.5191310945760885,0.9863143958388217,FALSE,20
P4,Sex-combined,Sex,C8-Neg-003274,Cl(12:0cooh_22:0_24:1_21:2),Lipids and lipid-like molecules,NA,-0.15695175132067418,0.5087221086055399,0.9863143958388217,FALSE,21
P4,Sex-combined,Sex,Amide-Neg-000142,Pyrrole-2-Carboxylic Acid,Organoheterocyclic compounds,NA,-0.15636011485168017,0.522667837231851,0.9863143958388217,FALSE,20
P4,Sex-combined,Sex,Amide-Neg-000307,Citraconic Acid,Lipids and lipid-like molecules,NA,0.15540039031607128,0.5252548865911958,0.9863143958388217,FALSE,20
P4,Sex-combined,Sex,C8-Pos-000335,Galaxolidone,Organoheterocyclic compounds,NA,-0.15445440078693667,0.5155731666277992,0.9863143958388217,FALSE,21
P4,Sex-combined,Sex,Amide-Pos-000616,Ser-Ser,Organic acids and derivatives,NA,0.15405579154049487,0.5549571376350022,0.9863143958388217,FALSE,18
P4,Sex-combined,Sex,C8-Pos-004339,Tg(O-27:8_21:6),Lipids and lipid-like molecules,NA,-0.15369303835291367,0.6161545273120627,0.9863143958388217,FALSE,14
P4,Sex-combined,Sex,C8-Pos-004855,Pc(14:1_25:7),Lipids and lipid-like molecules,NA,0.15311889312083646,0.5192547669047767,0.9863143958388217,FALSE,21
P4,Sex-combined,Sex,Amide-Neg-000766,I-Inositol,Organic oxygen compounds,NA,-0.1520796704328231,0.5221281486144393,0.9863143958388217,FALSE,21
P4,Sex-combined,Sex,C8-Neg-000679,Lithocholic Acid,Lipids and lipid-like molecules,map00120;R-HSA-156584;R-HSA-159418;R-HSA-192105;R-HSA-193368;R-HSA-193807;R-HSA-194068;R-HSA-1989781;R-HSA-211976;R-HSA-400206;WP5273,0.1513780343925847,0.52407233933574,0.9863143958388217,FALSE,21
P4,Sex-combined,Sex,Amide-Neg-000288,N-Acetyl-Serine,Organic acids and derivatives,NA,0.1510087559148358,0.6063326294224668,0.9863143958388217,FALSE,15
P4,Sex-combined,Sex,C8-Neg-003398,Pi(22:0_12:1),Lipids and lipid-like molecules,NA,-0.1499216818604871,0.5401363235585908,0.9863143958388217,FALSE,20
P4,Sex-combined,Sex,Amide-Pos-001743,1-Myristoyl-Sn-Glycero-3-Phosphocholine,Lipids and lipid-like molecules,map00590,0.14862658415011742,0.5317289990739141,0.9863143958388217,FALSE,21
P4,Sex-combined,Sex,Amide-Pos-000913,Anserine,Organic acids and derivatives,map00340;map00410;R-HSA-70921;WP4486,0.14793937919762887,0.5455674706176057,0.9863143958388217,FALSE,20
P4,Sex-combined,Sex,Amide-Pos-000336,N-Acetylputrescine,Organic acids and derivatives,WP4157,-0.1476712002043755,0.5343996708736689,0.9863143958388217,FALSE,21
P4,Sex-combined,Sex,C8-Pos-002985,Pc(11:2cho_11:2),Lipids and lipid-like molecules,NA,-0.14716497715613397,0.5476958533674164,0.9863143958388217,FALSE,20
P4,Sex-combined,Sex,C8-Pos-000209,Ppg N4,Organic oxygen compounds,NA,0.14622990119282406,0.5384403318305165,0.9863143958388217,FALSE,21
P4,Sex-combined,Sex,C8-Neg-002450,Lpc(20:1),Lipids and lipid-like molecules,NA,0.14507248904631231,0.5416952219149989,0.9863143958388217,FALSE,21
P4,Sex-combined,Sex,C8-Pos-005188,Pe(22:2_21:4cooh),Lipids and lipid-like molecules,NA,-0.14497163358762155,0.5419792733896969,0.9863143958388217,FALSE,21
P4,Sex-combined,Sex,Amide-Pos-002307,"1,2-Dioleoyl-Sn-Glycero-3-Phosphatidylcholine",Lipids and lipid-like molecules,NA,0.1447407640708435,0.5426297547492167,0.9863143958388217,FALSE,21
P4,Sex-combined,Sex,Amide-Pos-001585,S-Adenosylmethionine,"Nucleosides, nucleotides, and analogues",NA,-0.14368020447272906,0.5456224704253589,0.9863143958388217,FALSE,21
P4,Sex-combined,Sex,Amide-Neg-000145,Histamine,Organic nitrogen compounds,map00340;R-HSA-2408508;R-HSA-375280;R-HSA-390650;R-HSA-442660;R-HSA-549127;R-HSA-549132;R-HSA-70921;WP2596;WP2597;WP4486;WP4545;WP5097;WP550;WP58,0.1431247815654989,0.6108480546028726,0.9863143958388217,FALSE,16
P4,Sex-combined,Sex,C8-Pos-001637,"2,5-Bis(5-Tert-Butyl-Benzoxazol-2-Yl)Thiophene",Organoheterocyclic compounds,NA,0.1428623849893587,0.5479353115098311,0.9863143958388217,FALSE,21
P4,Sex-combined,Sex,Amide-Pos-000303,1h-Imidazole-1-Acetic Acid,Organic acids and derivatives,NA,0.14250247600203098,0.6124160702617529,0.9863143958388217,FALSE,16
P4,Sex-combined,Sex,C8-Pos-004445,Pc(P-12:1_26:4),Lipids and lipid-like molecules,NA,-0.142050663619741,0.550235275376376,0.9863143958388217,FALSE,21
P4,Sex-combined,Sex,Amide-Neg-001243,D-Ribose 5-Phosphate,Organic oxygen compounds,R-HSA-163754;R-HSA-2393930;R-HSA-5663084;R-HSA-6791465;R-HSA-71336;R-HSA-73843;R-HSA-74259;R-HSA-8956319;WP134;WP3602;WP4224;WP4290;WP4297;WP4792;WP5043;WP5220,-0.14198931382837626,0.5504092827413641,0.9863143958388217,FALSE,21
P4,Sex-combined,Sex,C18-Neg-001640,2'-Guanylic Acid,Organic oxygen compounds,NA,0.14172859005095553,0.5748113157985391,0.9863143958388217,FALSE,19
P4,Sex-combined,Sex,C8-Pos-004019,Pa(18:1_20:0),Lipids and lipid-like molecules,NA,0.141332902556936,0.6298435674436409,0.9863143958388217,FALSE,15
P4,Sex-combined,Sex,Amide-Pos-002120,Dihydronicotinamide-Adenine Dinucleotide,"Nucleosides, nucleotides, and analogues",NA,-0.14058591879677593,0.565926590255032,0.9863143958388217,FALSE,20
P4,Sex-combined,Sex,Amide-Neg-000011,Glycine,Organic acids and derivatives,map00120;map00250;map00270;map00330;map00480;map00860;map00910;R-HSA-156587;R-HSA-156590;R-HSA-159418;R-HSA-159424;R-HSA-174403;R-HSA-177128;R-HSA-177135;R-HSA-189445;R-HSA-189451;R-HSA-192105;R-HSA-193368;R-HSA-194068;R-HSA-196757;R-HSA-2142691;R-HSA-2408508;R-HSA-2682334;R-HSA-352230;R-HSA-379716;R-HSA-379724;R-HSA-379726;R-HSA-389661;R-HSA-3928662;R-HSA-428559;R-HSA-438064;R-HSA-438066;R-HSA-442660;R-HSA-442742;R-HSA-442755;R-HSA-442982;R-HSA-5423646;R-HSA-5579006;R-HSA-5579029;R-HSA-5619041;R-HSA-5619044;R-HSA-5619089;R-HSA-5619094;R-HSA-5659735;R-HSA-6783984;R-HSA-6794362;R-HSA-6798163;R-HSA-71262;R-HSA-71288;R-HSA-73817;R-HSA-8849175;R-HSA-8849932;R-HSA-8955332;R-HSA-8956320;R-HSA-9018677;R-HSA-9026395;R-HSA-9026762;R-HSA-9026766;R-HSA-9617324;R-HSA-9620244;R-HSA-9664535;R-HSA-9749641;R-HSA-9753281;WP100;WP1495;WP176;WP241;WP2525;WP3584;WP3996;WP4259;WP4290;WP4292;WP4504;WP4518;WP4688;WP4917;WP5028;WP5029;WP5166;WP5169;WP5190;WP521;WP5312;WP561;WP715,0.1403007092471491,0.5552083885699965,0.9863143958388217,FALSE,21
P4,Sex-combined,Sex,Amide-Neg-000484,L-Lysine,Organic acids and derivatives,map00310;map00780;R-HSA-196780;R-HSA-264876;R-HSA-2980736;R-HSA-352230;R-HSA-379716;R-HSA-379724;R-HSA-379726;R-HSA-420499;R-HSA-442660;R-HSA-5223345;R-HSA-5619094;R-HSA-5619113;R-HSA-5660883;R-HSA-5689603;R-HSA-71064;WP4228;WP661,0.13835794448844765,0.5607528223359103,0.9863143958388217,FALSE,21
P4,Sex-combined,Sex,C8-Pos-004173,Pe 16:0_22:5,Lipids and lipid-like molecules,NA,0.137669614392577,0.562723097790088,0.9863143958388217,FALSE,21
P4,Sex-combined,Sex,C8-Pos-001006,Citroflex 4,Organic acids and derivatives,NA,0.1374193452875303,0.563440223863489,0.9863143958388217,FALSE,21
P4,Sex-combined,Sex,C8-Neg-003571,Pc(20:2_21:4),Lipids and lipid-like molecules,NA,0.1365409948840578,0.5659602468167463,0.9863143958388217,FALSE,21
P4,Sex-combined,Sex,C18-Pos-001104,Propionylcarnitine,Lipids and lipid-like molecules,R-HSA-389887;R-HSA-390918;WP4236;WP4686,-0.1364630574622526,0.6890922758942668,0.9863143958388217,FALSE,12
P4,Sex-combined,Sex,C8-Pos-001356,Citroflex A-4,Organic acids and derivatives,NA,0.13521006803981803,0.5697881215210528,0.9863143958388217,FALSE,21
P4,Sex-combined,Sex,C18-Pos-001159,Biotin,Organoheterocyclic compounds,map00020;map00250;map00280;map00620;map00640;map00780;map00910;R-HSA-196780;R-HSA-3296482;R-HSA-3323169;R-HSA-3371599;R-HSA-425397;WP4686;WP5031,0.1343193093462709,0.572356315480895,0.9863143958388217,FALSE,21
P4,Sex-combined,Sex,C18-Pos-003241,Oleoyl-L-Carnitine,Lipids and lipid-like molecules,NA,0.13270595367554966,0.5770206091519425,0.9863143958388217,FALSE,21
P4,Sex-combined,Sex,Amide-Neg-000252,Meso-Erythritol,Organic oxygen compounds,NA,-0.1315987930457572,0.5802309030389023,0.9863143958388217,FALSE,21
P4,Sex-combined,Sex,Amide-Pos-000849,Carnosine,Organic acids and derivatives,NA,-0.13108238125075428,0.5817308876886689,0.9863143958388217,FALSE,21
P4,Sex-combined,Sex,Amide-Pos-000010,Crotonic Acid,Lipids and lipid-like molecules,NA,0.12822012694354157,0.5900745264600953,0.9863143958388217,FALSE,21
P4,Sex-combined,Sex,Amide-Pos-000171,Cytosine,Organoheterocyclic compounds,R-HSA-425397;R-HSA-83936;WP3585;WP4584,-0.12810109172606288,0.5904226090932703,0.9863143958388217,FALSE,21
P4,Sex-combined,Sex,Amide-Neg-000402,Allopurinol,Organoheterocyclic compounds,NA,0.12788208843015247,0.591063243793555,0.9863143958388217,FALSE,21
P4,Sex-combined,Sex,C8-Pos-003929,Tg(28:6_14:3cho),Lipids and lipid-like molecules,NA,0.12697806200479836,0.6393439764530726,0.9863143958388217,FALSE,17
P4,Sex-combined,Sex,Amide-Pos-000224,D-Proline,Organic acids and derivatives,map00330,-0.12691732593975452,0.5938888648189982,0.9863143958388217,FALSE,21
P4,Sex-combined,Sex,C8-Neg-000301,Ala-Pro-Asn,Organic acids and derivatives,NA,-0.1264665073277412,0.5952111666440576,0.9863143958388217,FALSE,21
P4,Sex-combined,Sex,Amide-Pos-002309,1-Octadecanoyl-2-Octadecenoyl-Sn-Glycero-3-Phosphocholine,Lipids and lipid-like molecules,NA,0.12604558764129425,0.5964468787066228,0.9863143958388217,FALSE,21
P4,Sex-combined,Sex,Amide-Pos-000270,Trometamol,Organic nitrogen compounds,NA,0.1255029333336673,0.631261411179947,0.9863143958388217,FALSE,18
P4,Sex-combined,Sex,Amide-Pos-000635,Cysteinylglycine,Organic acids and derivatives,NA,0.12492354817930039,0.5997461008540246,0.9863143958388217,FALSE,21
P4,Sex-combined,Sex,Amide-Pos-000316,D-Lysine,Organic acids and derivatives,map00310;map00780,-0.12459914791602886,0.6007013654642562,0.9863143958388217,FALSE,21
P4,Sex-combined,Sex,C8-Neg-000383,(Rac)-Idroxioleic Acid,Lipids and lipid-like molecules,NA,0.12412973920252873,0.6020847488864427,0.9863143958388217,FALSE,21
P4,Sex-combined,Sex,C8-Neg-003405,Ps 18:0_22:5,Lipids and lipid-like molecules,NA,-0.12350972045424824,0.6144347738727278,0.9863143958388217,FALSE,20
P4,Sex-combined,Sex,Amide-Neg-001099,D-Glucose,Organic oxygen compounds,map00051;map00052;map00520;map00830;R-HSA-1660662;R-HSA-170822;R-HSA-189085;R-HSA-189200;R-HSA-2980736;R-HSA-381771;R-HSA-400508;R-HSA-420499;R-HSA-422085;R-HSA-422356;R-HSA-532668;R-HSA-5619047;R-HSA-5619056;R-HSA-5619073;R-HSA-5619098;R-HSA-5652084;R-HSA-5652227;R-HSA-5653890;R-HSA-5656364;R-HSA-5658208;R-HSA-70171;R-HSA-70221;R-HSA-70263;R-HSA-70326;R-HSA-8935690;R-HSA-8963676;R-HSA-8963743;R-HSA-8981373;R-HSA-8982491;R-HSA-901042;R-HSA-964739;R-HSA-9683686;R-HSA-9683701;R-HSA-9694548;R-HSA-9694635;R-HSA-9717189;R-HSA-9717207;R-HSA-9772573;R-HSA-9840310;WP1403;WP1533;WP1584;WP176;WP1946;WP1982;WP2456;WP2868;WP3602;WP3915;WP4521;WP4628;WP4629;WP500;WP5094;WP5216;WP5312;WP534;WP5394;WP5433;WP661;WP690;WP698,0.12209051687733634,0.6081096557419698,0.9863143958388217,FALSE,21
P4,Sex-combined,Sex,C8-Pos-004803,Pi(O-16:2_18:3),Lipids and lipid-like molecules,NA,0.12188453528017726,0.705912249436597,0.9863143958388217,FALSE,13
P4,Sex-combined,Sex,C8-Pos-004871,Pe(20:5_22:2),Lipids and lipid-like molecules,NA,-0.12095910950705441,0.6325748951085757,0.9863143958388217,FALSE,19
P4,Sex-combined,Sex,C18-Pos-000888,(2s)-2-[(2-Azaniumylacetyl)Amino]-4-Methylpentanoate,Organic acids and derivatives,NA,-0.12028165132947358,0.6134744127583629,0.9863143958388217,FALSE,21
P4,Sex-combined,Sex,Amide-Neg-000220,"L-Threonic Acid-1,4-Lactone",Organoheterocyclic compounds,NA,0.12017589516915501,0.6137886553368046,0.9863143958388217,FALSE,21
P4,Sex-combined,Sex,C8-Pos-005313,Pe(21:4cooh_24:6),Lipids and lipid-like molecules,NA,-0.11951913684822696,0.6157415890410125,0.9863143958388217,FALSE,21
P4,Sex-combined,Sex,C18-Pos-001425,(2r)-3-Hydroxyisovaleroylcarnitine,Lipids and lipid-like molecules,NA,-0.11928237475441124,0.7119515843451338,0.9863143958388217,FALSE,13
P4,Sex-combined,Sex,Amide-Pos-000094,3-(Ethenyloxy)Propan-1-Amine,Organic oxygen compounds,NA,0.11883786924644689,0.6177700342682508,0.9863143958388217,FALSE,21
P4,Sex-combined,Sex,Amide-Pos-000866,Pro-Asp,Organic acids and derivatives,NA,-0.11799621154318882,0.6202797155584895,0.9863143958388217,FALSE,21
P4,Sex-combined,Sex,C8-Neg-003487,Pe(19:1cooh_24:4),Lipids and lipid-like molecules,NA,0.11749754671829053,0.6217685608362062,0.9863143958388217,FALSE,21
P4,Sex-combined,Sex,Amide-Neg-000876,Citric Acid,Organic acids and derivatives,map00020;R-HSA-200425;R-HSA-389542;R-HSA-428643;R-HSA-433137;R-HSA-70171;R-HSA-70326;R-HSA-71403;R-HSA-75105;R-HSA-8978934;R-HSA-9717189;R-HSA-9729555;WP106;WP2453;WP357;WP3602;WP4206;WP4290;WP4661;WP4966;WP5213;WP78,0.11741185372303452,0.6535864716911779,0.9863143958388217,FALSE,18
P4,Sex-combined,Sex,C8-Pos-000007,9-Methoxy-9-Oxononanoic Acid,Lipids and lipid-like molecules,NA,-0.11652176526653846,0.6246860074988817,0.9863143958388217,FALSE,21
P4,Sex-combined,Sex,C8-Pos-002844,Dg(16:0_16:1),Lipids and lipid-like molecules,NA,-0.11408852623097722,0.6319844226022812,0.9863143958388217,FALSE,21
P4,Sex-combined,Sex,Amide-Pos-000761,Tryptophan,Organoheterocyclic compounds,map00380;R-HSA-209776;R-HSA-209931;R-HSA-352230;R-HSA-379716;R-HSA-379724;R-HSA-379726;R-HSA-442660;R-HSA-5619044;R-HSA-5619094;R-HSA-5659735;R-HSA-71240;WP1455;WP2485;WP3627;WP3644;WP3645;WP3953;WP4156;WP4210;WP4220;WP4519;WP465;WP5029;WP5044;WP5078;WP5414;WP550;WP727,0.1121643397071689,0.6475499071235684,0.9863143958388217,FALSE,20
P4,Sex-combined,Sex,Amide-Neg-000116,Malonic Acid,Organic acids and derivatives,map00250;WP4686,-0.11185084861289044,0.658586158097298,0.9863143958388217,FALSE,19
P4,Sex-combined,Sex,Amide-Pos-002257,1-Stearoyl-2-Oleoyl-Sn-Glycero-3-Phosphoethanolamine,Lipids and lipid-like molecules,NA,0.11140987436216687,0.6400569886939305,0.9863143958388217,FALSE,21
P4,Sex-combined,Sex,C8-Neg-003604,Pg(24:1_22:7),Lipids and lipid-like molecules,NA,0.10975502859465337,0.6450637444298222,0.9863143958388217,FALSE,21
P4,Sex-combined,Sex,Amide-Pos-000072,Hypotaurine,Organic acids and derivatives,map00430;R-HSA-1614558;R-HSA-1614635;R-HSA-8963693;WP2525;WP4292;WP4504,-0.1095238547236296,0.6457643420478408,0.9863143958388217,FALSE,21
P4,Sex-combined,Sex,C8-Pos-004250,1-(1z-Octadecenyl)-2-(9z-Octadecenoyl)-Sn-Glycero-3-Phosphocholine,Lipids and lipid-like molecules,NA,-0.1092826707792003,0.6464955825283207,0.9863143958388217,FALSE,21
P4,Sex-combined,Sex,Amide-Neg-000001,Acrylic Acid,Organic acids and derivatives,NA,-0.10807689279357374,0.6596416700848526,0.9863143958388217,FALSE,20
P4,Sex-combined,Sex,Amide-Neg-000479,4-(Acetylamino)Butanoic Acid,Organic acids and derivatives,WP4157,-0.10767663801198107,0.6513728120052191,0.9863143958388217,FALSE,21
P4,Sex-combined,Sex,C8-Pos-005440,Pi(20:4_20:4),Lipids and lipid-like molecules,NA,-0.10685214290735891,0.653881975641433,0.9863143958388217,FALSE,21
P4,Sex-combined,Sex,Amide-Pos-001139,N-Acetyl-D-Glucosamine 6-Phosphate,Organic oxygen compounds,map00250;map00520;R-HSA-446210;R-HSA-446219;WP5220;WP5394,0.10644638324918981,0.6551181290092059,0.9863143958388217,FALSE,21
P4,Sex-combined,Sex,C8-Pos-003565,Cerp(D18:0_20:3),Lipids and lipid-like molecules,NA,-0.10546166192784759,0.6581216871900227,0.9863143958388217,FALSE,21
P4,Sex-combined,Sex,C8-Pos-002720,Lpc 22:6-Sn1,Lipids and lipid-like molecules,NA,0.10508612509893296,0.6592684674544218,0.9863143958388217,FALSE,21
P4,Sex-combined,Sex,Amide-Pos-000167,Amifampridine,Organoheterocyclic compounds,NA,-0.10488144829045459,0.6691514360563138,0.9863143958388217,FALSE,20
P4,Sex-combined,Sex,Amide-Neg-002149,Uridine 5'-Triphosphate Sodium Salt,"Nucleosides, nucleotides, and analogues",map00052;map00520;R-HSA-156588;R-HSA-173599;R-HSA-3322077;R-HSA-417957;R-HSA-418038;R-HSA-429914;R-HSA-429947;R-HSA-446210;R-HSA-446219;R-HSA-499943;R-HSA-5683826;R-HSA-6807505;R-HSA-8850843;R-HSA-8956319;R-HSA-8982491;R-HSA-9816359;R-HSA-9820865;WP4022;WP4225;WP4584;WP466;WP4900;WP698,0.10482758762610772,0.6600583915282033,0.9863143958388217,FALSE,21
P4,Sex-combined,Sex,C8-Pos-000696,Octabenzone,Benzenoids,NA,-0.10461721181292159,0.6795147704274407,0.9863143958388217,FALSE,19
P4,Sex-combined,Sex,Amide-Neg-001170,N-Beta-Alanyl-L-Histidine,Organic acids and derivatives,map00340;map00410;R-HSA-70921;WP106;WP4486;WP5313,-0.10435440468996447,0.661505030647614,0.9863143958388217,FALSE,21
P4,Sex-combined,Sex,C8-Pos-003357,Dg(4:0_34:6),Lipids and lipid-like molecules,NA,0.10407001693426081,0.6910060435293501,0.9863143958388217,FALSE,18
P4,Sex-combined,Sex,C8-Pos-004631,Pc(15:1cho_22:2),Lipids and lipid-like molecules,NA,-0.10347062715515623,0.6642100529605566,0.9863143958388217,FALSE,21
P4,Sex-combined,Sex,Amide-Pos-000296,5-Methylcytosine,Organoheterocyclic compounds,R-HSA-212300;R-HSA-427413;R-HSA-5221030;R-HSA-5250941;R-HSA-5334118;R-HSA-73728;R-HSA-73854;R-HSA-73864;R-HSA-9816359;R-HSA-9821002;R-HSA-9842860;R-HSA-9845323;WP3585,-0.1026027799168861,0.6668702127480732,0.9863143958388217,FALSE,21
P4,Sex-combined,Sex,C8-Neg-003393,Ps(18:2_22:4),Lipids and lipid-like molecules,NA,-0.10213458787888517,0.706630444315024,0.9863143958388217,FALSE,17
P4,Sex-combined,Sex,C8-Pos-004505,Pe(P-19:4_23:5),Lipids and lipid-like molecules,NA,0.10169491023486982,0.6696571526880322,0.9863143958388217,FALSE,21
P4,Sex-combined,Sex,C8-Pos-005843,Tg(20:1_24:5_20:6),Lipids and lipid-like molecules,NA,0.1010402790573002,0.6716692967586124,0.9863143958388217,FALSE,21
P4,Sex-combined,Sex,C18-Pos-000574,L-(-)-Methionine,Organic acids and derivatives,map00270;R-HSA-1237112;R-HSA-156581;R-HSA-1614635;R-HSA-196741;R-HSA-2514856;R-HSA-2514859;R-HSA-352230;R-HSA-379716;R-HSA-379724;R-HSA-379726;R-HSA-442660;R-HSA-5579024;R-HSA-5579029;R-HSA-5619044;R-HSA-5619094;R-HSA-5659735;R-HSA-5676934;R-HSA-6782315;R-HSA-6782861;R-HSA-6798163;R-HSA-71240;R-HSA-947581;R-HSA-9759218;R-HSA-9857492;WP1533;WP1589;WP176;WP2333;WP241;WP2525;WP3580;WP3996;WP4224;WP4259;WP4288;WP4292;WP4313;WP4504;WP4583;WP5150;WP5402;WP661;WP704,-0.09923298696624074,0.6952396649385002,0.9863143958388217,FALSE,19
P4,Sex-combined,Sex,Amide-Neg-000527,D-(+)-Arabitol,Organic oxygen compounds,NA,-0.09844007719314275,0.6796826923986834,0.9863143958388217,FALSE,21
P4,Sex-combined,Sex,C18-Pos-000992,D-Pantothenic Acid,Organic oxygen compounds,map00410;map00770;R-HSA-196783;R-HSA-199220;R-HSA-425397;WP4577;WP5172,-0.09831451951486445,0.680070487126573,0.9863143958388217,FALSE,21
P4,Sex-combined,Sex,Amide-Pos-001381,O-Dodecanoylcarnitine,Lipids and lipid-like molecules,NA,0.09828217379253405,0.7074579605151636,0.9863143958388217,FALSE,18
P4,Sex-combined,Sex,C18-Pos-002017,Uridine Monophosphate,"Nucleosides, nucleotides, and analogues",R-HSA-157579;R-HSA-1638074;R-HSA-1638091;R-HSA-174414;R-HSA-174417;R-HSA-174437;R-HSA-180786;R-HSA-2022854;R-HSA-2022928;R-HSA-3322077;R-HSA-425397;R-HSA-429914;R-HSA-429958;R-HSA-430039;R-HSA-446219;R-HSA-480985;R-HSA-499943;R-HSA-500753;R-HSA-5619072;R-HSA-5619083;R-HSA-69166;R-HSA-69183;R-HSA-69186;R-HSA-69190;R-HSA-69239;R-HSA-727802;R-HSA-73614;R-HSA-73621;R-HSA-73886;R-HSA-8850843;R-HSA-8956319;R-HSA-8956320;R-HSA-8956321;R-HSA-8982491;R-HSA-9660826;R-HSA-9664424;WP4022;WP4225;WP4584;WP4595;WP4784,0.09779697804738904,0.7394324769845546,0.9863143958388217,FALSE,15
P4,Sex-combined,Sex,C18-Neg-000020,Methyl Dihydrogen Phosphate,Organic acids and derivatives,NA,-0.09637046307884856,0.7225593279797328,0.9863143958388217,FALSE,17
P4,Sex-combined,Sex,C8-Pos-003290,Tg(2:0_11:0_23:4),Lipids and lipid-like molecules,NA,0.09552842157618786,0.6886953139501961,0.9863143958388217,FALSE,21
P4,Sex-combined,Sex,Amide-Pos-000144,2-Aminoisobutyric Acid,Organic acids and derivatives,NA,0.09527915229677117,0.6894687925575365,0.9863143958388217,FALSE,21
P4,Sex-combined,Sex,C8-Neg-002972,Oahfa(15:1_27:4),Lipids and lipid-like molecules,NA,-0.09476301400048756,0.6995778840091227,0.9863143958388217,FALSE,20
P4,Sex-combined,Sex,C8-Neg-002843,Pc(18:1_5:1cho),Lipids and lipid-like molecules,NA,0.09420405989687827,0.6928081776927342,0.9863143958388217,FALSE,21
P4,Sex-combined,Sex,C8-Pos-005214,Pc(14:1_28:3),Lipids and lipid-like molecules,NA,-0.09380462647025509,0.6940502680723888,0.9863143958388217,FALSE,21
P4,Sex-combined,Sex,Amide-Pos-000957,Uridine,"Nucleosides, nucleotides, and analogues",R-HSA-425397;R-HSA-5619063;R-HSA-73614;R-HSA-73621;R-HSA-83936;R-HSA-8956319;R-HSA-8956321;WP4022;WP4225;WP4485;WP4584;WP4595;WP5408,-0.09337174121147566,0.6953972297088427,0.9863143958388217,FALSE,21
P4,Sex-combined,Sex,Amide-Neg-000196,Maleic Acid,Organic acids and derivatives,NA,0.09262040902414378,0.6977371525565539,0.9863143958388217,FALSE,21
P4,Sex-combined,Sex,C8-Pos-004612,Pc(9:0cho_26:1),Lipids and lipid-like molecules,NA,-0.09224290076356273,0.6989138447894732,0.9863143958388217,FALSE,21
P4,Sex-combined,Sex,Amide-Pos-000236,Dl-Valine,Organic acids and derivatives,WP4686;WP5029,-0.09154825102601899,0.701080792701132,0.9863143958388217,FALSE,21
P4,Sex-combined,Sex,Amide-Pos-000781,Phosphoserine,Organic acids and derivatives,R-HSA-977347;WP2525;WP4688;WP5213,0.0911175147744926,0.7024255853905383,0.9863143958388217,FALSE,21
P4,Sex-combined,Sex,C8-Pos-003575,Dg(21:1_19:4),Lipids and lipid-like molecules,NA,-0.09027713070121936,0.7132118743225366,0.9863143958388217,FALSE,20
P4,Sex-combined,Sex,C8-Pos-005192,Ps(20:5_24:4),Lipids and lipid-like molecules,NA,-0.089414562229256,0.7077506449512156,0.9863143958388217,FALSE,21
P4,Sex-combined,Sex,Amide-Neg-001092,D-Mannose,Organic oxygen compounds,map00051;map00052;R-HSA-189200;R-HSA-3000480;R-HSA-446205;R-HSA-446219;R-HSA-532668;R-HSA-8853383;R-HSA-901032;R-HSA-901042;R-HSA-964739;R-HSA-964827;R-HSA-975576;R-HSA-975578,-0.08935077362700657,0.7079503649755925,0.9863143958388217,FALSE,21
P4,Sex-combined,Sex,C8-Pos-003992,Bismepa(18:0_19:1),Lipids and lipid-like molecules,NA,0.08769767987903507,0.7131325169420056,0.9863143958388217,FALSE,21
P4,Sex-combined,Sex,C8-Pos-004352,Tg(20:2cho_26:3),Lipids and lipid-like molecules,NA,-0.08712873986059944,0.7149188572407703,0.9863143958388217,FALSE,21
P4,Sex-combined,Sex,Amide-Neg-001041,Phosphocreatine,Organic acids and derivatives,map00330;R-HSA-71288;WP4584;WP4628;WP497;WP5190,-0.08705471494823183,0.7151513835538963,0.9863143958388217,FALSE,21
P4,Sex-combined,Sex,Amide-Pos-000620,D-Arginine,Organic acids and derivatives,map00472,-0.08705471494823183,0.7151513835538963,0.9863143958388217,FALSE,21
P4,Sex-combined,Sex,C8-Pos-000955,3-Hexadecyl-4-Methoxy-5-Methyloxolan-2-One,Organoheterocyclic compounds,NA,0.0866701285706938,0.7163598308307115,0.9863143958388217,FALSE,21
P4,Sex-combined,Sex,C18-Pos-001855,L-Glutathione (Reduced),Organic acids and derivatives,map00250;map00480;map00590;map00620;R-HSA-1222499;R-HSA-1222538;R-HSA-1222556;R-HSA-156581;R-HSA-156590;R-HSA-1614517;R-HSA-1614558;R-HSA-1614635;R-HSA-174403;R-HSA-196741;R-HSA-196836;R-HSA-204174;R-HSA-2142688;R-HSA-2142691;R-HSA-2142712;R-HSA-2142770;R-HSA-2162123;R-HSA-2408499;R-HSA-2408550;R-HSA-3299685;R-HSA-499943;R-HSA-5423646;R-HSA-5579022;R-HSA-5579029;R-HSA-5628897;R-HSA-70268;R-HSA-8963684;R-HSA-8963691;R-HSA-9018676;R-HSA-9018677;R-HSA-9018679;R-HSA-9018896;R-HSA-9020265;R-HSA-9023661;R-HSA-9026395;R-HSA-9026762;R-HSA-9026766;R-HSA-9635486;R-HSA-9748787;R-HSA-9753281;R-HSA-9759218;R-HSA-9861718;WP100;WP1438;WP1495;WP2333;WP2436;WP2525;WP314;WP3287;WP4233;WP4290;WP4313;WP4487;WP4504;WP4518;WP4584;WP4900;WP5030;WP5171;WP5213;WP5233;WP5238;WP692,-0.0864076122524145,0.7250399626820205,0.9863143958388217,FALSE,20
P4,Sex-combined,Sex,C8-Pos-004273,Pe(O-16:2_22:3),Lipids and lipid-like molecules,NA,0.08542691732679865,0.7202706794885132,0.9863143958388217,FALSE,21
P4,Sex-combined,Sex,Amide-Pos-000180,Uracil,Organoheterocyclic compounds,map00410;R-HSA-110329;R-HSA-425397;R-HSA-73614;R-HSA-73621;R-HSA-73884;R-HSA-73928;R-HSA-73929;R-HSA-83936;R-HSA-8956319;R-HSA-8956321;WP4022;WP4157;WP4225;WP4584;WP4595,-0.08518053745235667,0.7210465305926709,0.9863143958388217,FALSE,21
P4,Sex-combined,Sex,C8-Pos-001413,Miltefosine,Organic nitrogen compounds,NA,0.08439973553508628,0.7235070092746103,0.9863143958388217,FALSE,21
P4,Sex-combined,Sex,C18-Pos-003970,1-(9z-Octadecenoyl)-Sn-Glycero-3-Phosphoethanolamine,Lipids and lipid-like molecules,NA,0.08386538234851036,0.7251923818685927,0.9863143958388217,FALSE,21
P4,Sex-combined,Sex,C18-Pos-001415,(R)-Pantetheine,Organic acids and derivatives,map00640;map00770;R-HSA-199220;WP5345,-0.08373699247314444,0.7255975106402117,0.9863143958388217,FALSE,21
P4,Sex-combined,Sex,Amide-Pos-000097,Choline,Organic nitrogen compounds,map00270;map00564;R-HSA-112310;R-HSA-112311;R-HSA-1483101;R-HSA-1483115;R-HSA-1483148;R-HSA-1483166;R-HSA-1483191;R-HSA-1483255;R-HSA-2029485;R-HSA-264642;R-HSA-549127;R-HSA-549132;R-HSA-5619114;R-HSA-5658471;R-HSA-6798163;R-HSA-6814848;WP241;WP2525;WP2533;WP3580;WP3933;WP4195;WP4288;WP4722;WP4949;WP5219;WP528;WP5352;WP550,-0.08303038921905324,0.7432560918165345,0.9863143958388217,FALSE,19
P4,Sex-combined,Sex,C8-Pos-000593,Glycerol Monopalmitate,Lipids and lipid-like molecules,NA,0.08288572688962316,0.7282854136688908,0.9863143958388217,FALSE,21
P4,Sex-combined,Sex,Amide-Neg-001329,Spongouridin,"Nucleosides, nucleotides, and analogues",NA,0.08173100757127252,0.7319363639686755,0.9863143958388217,FALSE,21
P4,Sex-combined,Sex,C8-Neg-003407,Pc(27:6_8:1cooh),Lipids and lipid-like molecules,NA,-0.08154568623246591,0.7399862223630636,0.9863143958388217,FALSE,20
P4,Sex-combined,Sex,Amide-Pos-001865,Guanosine-5'-Triphosphate,"Nucleosides, nucleotides, and analogues",map00020;map00051;map00250;map00620;map00790;R-HSA-114608;R-HSA-1445148;R-HSA-1483255;R-HSA-1660499;R-HSA-1660514;R-HSA-2132295;R-HSA-432040;R-HSA-445717;R-HSA-5620920;R-HSA-5620922;R-HSA-5620924;R-HSA-5624138;R-HSA-6811438;R-HSA-76005;R-HSA-8854214;R-HSA-9007101;R-HSA-983170;WP4236;WP4539;WP4928;WP4969;WP5366;WP585;WP78,-0.08087018744885348,0.7346616919009317,0.9863143958388217,FALSE,21
P4,Sex-combined,Sex,Amide-Neg-000781,D-Tyrosine,Organic acids and derivatives,WP5029;WP5274;WP5376,0.07960585067076173,0.7386700746188197,0.9863143958388217,FALSE,21
P4,Sex-combined,Sex,C8-Pos-000327,Methyl Palmitate,Lipids and lipid-like molecules,NA,0.07875458508724051,0.7413725475521656,0.9863143958388217,FALSE,21
P4,Sex-combined,Sex,Amide-Pos-000836,Cystathionine,Organic acids and derivatives,NA,-0.07871496816320415,0.741498388838301,0.9863143958388217,FALSE,21
P4,Sex-combined,Sex,Amide-Pos-000411,Hypoxanthtine,Organoheterocyclic compounds,R-HSA-110331;R-HSA-425397;R-HSA-73884;R-HSA-73927;R-HSA-73929;R-HSA-74217;R-HSA-74259;R-HSA-83936;R-HSA-8956319;R-HSA-8956321;R-HSA-9734207;R-HSA-9734281;R-HSA-9735804;WP4224;WP4792;WP661,-0.07866058194541097,0.7416711543775565,0.9863143958388217,FALSE,21
P4,Sex-combined,Sex,Amide-Neg-000114,Γ-Aminobutyric Acid,Organic acids and derivatives,map00250;R-HSA-112310;R-HSA-1236394;R-HSA-1296041;R-HSA-1296059;R-HSA-1296065;R-HSA-1296071;R-HSA-352230;R-HSA-420499;R-HSA-442660;R-HSA-888568;R-HSA-888590;R-HSA-888593;R-HSA-916853;R-HSA-977443;R-HSA-977444;R-HSA-991365;R-HSA-997272;WP3584;WP3679;WP3869;WP3871;WP4157;WP4159;WP4486;WP4549;WP4932;WP5200;WP5360;WP5366;WP5444;WP5470;WP550;WP727,0.07739414124231322,0.7456975319893234,0.9863143958388217,FALSE,21
P4,Sex-combined,Sex,C8-Neg-003516,Pa(29:1_20:6),Lipids and lipid-like molecules,NA,0.07730944765215748,0.7459670250116721,0.9863143958388217,FALSE,21
P4,Sex-combined,Sex,C8-Pos-000708,"N,N-Dimethylsphingosine",Organic nitrogen compounds,NA,0.07637821698619288,0.7489320460520565,0.9878770321734269,FALSE,21
P4,Sex-combined,Sex,C8-Pos-004421,Tg(11:0_9:2cho_26:8),Lipids and lipid-like molecules,NA,0.0916634190673321,0.7553042374776237,0.9917075352402693,FALSE,15
P4,Sex-combined,Sex,Amide-Pos-001621,Cytidine 5'-Diphosphate,"Nucleosides, nucleotides, and analogues",R-HSA-446199;R-HSA-446219;R-HSA-499943;R-HSA-8850843;R-HSA-8956319;R-HSA-9660826;R-HSA-9664424;WP4022;WP4225;WP4584,0.0743454106126417,0.7554162091541402,0.9917075352402693,FALSE,21
P4,Sex-combined,Sex,C8-Pos-004731,Pe 18:0_24:5,Lipids and lipid-like molecules,NA,0.07355423839509063,0.7579441474891986,0.992673895293182,FALSE,21
P4,Sex-combined,Sex,C8-Neg-001716,Lpi(O-14:1),Lipids and lipid-like molecules,NA,-0.07484489890014621,0.7607314739944697,0.9939746146059817,FALSE,20
P4,Sex-combined,Sex,Amide-Pos-000561,Acetyl-Β-Methylcholine,Organic nitrogen compounds,NA,0.08861032312543725,0.7955753362518488,0.9967580696179879,FALSE,12
P4,Sex-combined,Sex,C8-Neg-003594,Pe(22:3_26:5),Lipids and lipid-like molecules,NA,0.08727792082419235,0.7873810766227283,0.9967580696179879,FALSE,13
P4,Sex-combined,Sex,Amide-Neg-002264,2-Oleoyl-1-Stearoyl-Sn-Glycero-3-Phosphoserine,Lipids and lipid-like molecules,NA,-0.07481012256378648,0.7679787191737721,0.9967580696179879,FALSE,19
P4,Sex-combined,Sex,C8-Pos-003685,Pe(O-26:3_7:0),Lipids and lipid-like molecules,NA,-0.07199819165941969,0.7836230569747483,0.9967580696179879,FALSE,18
P4,Sex-combined,Sex,C8-Pos-003642,Palmitoyl Sphingomyelin,Lipids and lipid-like molecules,WP4726,-0.0702536886797132,0.7685152731381287,0.9967580696179879,FALSE,21
P4,Sex-combined,Sex,Amide-Pos-000193,Creatinine,Organic acids and derivatives,R-HSA-549127;R-HSA-549132;R-HSA-71288;WP1533;WP497;WP5190,-0.06911525421501427,0.7721707405130576,0.9967580696179879,FALSE,21
P4,Sex-combined,Sex,Amide-Neg-000104,Ethyl Acetoacetate,Organic acids and derivatives,map00072;map00280;map00350;map00360;map00650;R-HSA-433692;R-HSA-5619070;R-HSA-74182;R-HSA-77108;R-HSA-77111;R-HSA-8963684;R-HSA-8963691;R-HSA-9749641;WP3602;WP4190;WP4506;WP4686;WP4742;WP5175;WP5195,-0.06847228186576212,0.8010667373114062,0.9967580696179879,FALSE,17
P4,Sex-combined,Sex,Amide-Pos-000240,"N,N-Diethylethanolamine",Organic nitrogen compounds,NA,0.06842173912887436,0.7743998620521837,0.9967580696179879,FALSE,21
P4,Sex-combined,Sex,Amide-Pos-000754,Acetyl-L-Carnitine,Lipids and lipid-like molecules,map01040;R-HSA-389887;R-HSA-390918;WP106,0.06733279898358721,0.7779033994098589,0.9967580696179879,FALSE,21
P4,Sex-combined,Sex,Amide-Neg-001943,5'-Xanthylic Acid,"Nucleosides, nucleotides, and analogues",map00250;R-HSA-73817;R-HSA-74259;R-HSA-8956319;R-HSA-8956320;WP4224;WP4792,-0.06648695255436243,0.7932297546473762,0.9967580696179879,FALSE,19
P4,Sex-combined,Sex,Amide-Pos-001528,Hyflavin,Organoheterocyclic compounds,NA,0.06591013968186232,0.7824868538537515,0.9967580696179879,FALSE,21
P4,Sex-combined,Sex,C8-Neg-003343,Pg(20:3_20:4),Lipids and lipid-like molecules,NA,0.06501298730972022,0.7853808181568167,0.9967580696179879,FALSE,21
P4,Sex-combined,Sex,Amide-Pos-000363,Leucine,Organic acids and derivatives,map00280;R-HSA-352230;R-HSA-379716;R-HSA-379724;R-HSA-379726;R-HSA-442660;R-HSA-5619044;R-HSA-5619094;R-HSA-5619113;R-HSA-5659735;R-HSA-5660862;R-HSA-5660883;R-HSA-70895;R-HSA-71240;R-HSA-9639288;WP3953;WP4686;WP5175,-0.06450393963699494,0.8193460327756258,0.9967580696179879,FALSE,16
P4,Sex-combined,Sex,Amide-Pos-001508,Tetradecanoyl-L-Carnitine,Lipids and lipid-like molecules,NA,-0.06400302632238286,0.7886419166348779,0.9967580696179879,FALSE,21
P4,Sex-combined,Sex,C18-Pos-002570,Myristoyl-L-Carnitine,Lipids and lipid-like molecules,NA,0.06368619165033813,0.7896656558264986,0.9967580696179879,FALSE,21
P4,Sex-combined,Sex,C18-Pos-001332,Hypaphorine,Organic acids and derivatives,NA,0.06323924196061247,0.7911103796796279,0.9967580696179879,FALSE,21
P4,Sex-combined,Sex,C8-Pos-001064,4-Cholestenone,Lipids and lipid-like molecules,WP4718;WP5329,0.06278496272967571,0.7925794679341519,0.9967580696179879,FALSE,21
P4,Sex-combined,Sex,Amide-Pos-001317,N-Acetyl-Neuraminic Acid,Organic oxygen compounds,R-HSA-1660662;R-HSA-4085001;R-HSA-428643;R-HSA-446219;R-HSA-5619035;R-HSA-975576;R-HSA-975577;R-HSA-9840310;WP5151,-0.06245468051878838,0.8320271973330502,0.9967580696179879,FALSE,15
P4,Sex-combined,Sex,Amide-Neg-000221,Succinic Acid,Organic acids and derivatives,map00020;map00072;map00190;map00250;map00280;map00330;map00650;R-HSA-112122;R-HSA-112126;R-HSA-112310;R-HSA-1234174;R-HSA-1234176;R-HSA-1474290;R-HSA-163841;R-HSA-1650814;R-HSA-2299718;R-HSA-2559580;R-HSA-3214842;R-HSA-389599;R-HSA-390918;R-HSA-433137;R-HSA-5221030;R-HSA-5625740;R-HSA-5625886;R-HSA-6782315;R-HSA-6782861;R-HSA-68875;R-HSA-71262;R-HSA-71403;R-HSA-73942;R-HSA-73943;R-HSA-74182;R-HSA-77108;R-HSA-888590;R-HSA-916853;R-HSA-9629569;R-HSA-9816359;R-HSA-9821002;WP106;WP111;WP2453;WP3602;WP4157;WP4159;WP4206;WP4236;WP4297;WP4661;WP5195;WP5348;WP78,0.062128714399502835,0.7947028892046325,0.9967580696179879,FALSE,21
P4,Sex-combined,Sex,Amide-Pos-001677,Adenosine 5'-Diphosphate,"Nucleosides, nucleotides, and analogues",map00020;map00051;map00052;map00100;map00120;map00190;map00250;map00270;map00280;map00330;map00340;map00450;map00480;map00520;map00561;map00562;map00620;map00640;map00670;map00730;map00740;map00760;map00770;map00910;map00920;map01040;R-HSA-1059683;R-HSA-109606;R-HSA-109703;R-HSA-109704;R-HSA-110056;R-HSA-110313;R-HSA-110320;R-HSA-111446;R-HSA-111447;R-HSA-111458;R-HSA-111459;R-HSA-111461;R-HSA-111471;R-HSA-111885;R-HSA-111931;R-HSA-111932;R-HSA-111933;R-HSA-111995;R-HSA-111996;R-HSA-111997;R-HSA-112040;R-HSA-112043;R-HSA-112310;R-HSA-112313;R-HSA-112382;R-HSA-112399;R-HSA-112409;R-HSA-112411;R-HSA-114452;R-HSA-114508;R-HSA-114516;R-HSA-114604;R-HSA-114608;R-HSA-1168372;R-HSA-1169091;R-HSA-1169092;R-HSA-1170546;R-HSA-1181150;R-HSA-1221632;R-HSA-1226099;R-HSA-1227986;R-HSA-1227990;R-HSA-1236382;R-HSA-1236394;R-HSA-1236974;R-HSA-1236975;R-HSA-1250196;R-HSA-1250342;R-HSA-1250347;R-HSA-1251932;R-HSA-1266695;R-HSA-1268020;R-HSA-1295596;R-HSA-1307965;R-HSA-1358803;R-HSA-1369007;R-HSA-1369062;R-HSA-139910;R-HSA-1433557;R-HSA-1433559;R-HSA-1445148;R-HSA-1474151;R-HSA-1474165;R-HSA-1483191;R-HSA-1483213;R-HSA-1483248;R-HSA-1483249;R-HSA-1483255;R-HSA-1489509;R-HSA-1500620;R-HSA-1502540;R-HSA-1538133;R-HSA-156584;R-HSA-156590;R-HSA-156711;R-HSA-156827;R-HSA-157579;R-HSA-157858;R-HSA-1592230;R-HSA-159236;R-HSA-159418;R-HSA-1606322;R-HSA-1606341;R-HSA-162658;R-HSA-163210;R-HSA-163358;R-HSA-163560;R-HSA-163680;R-HSA-163841;R-HSA-1643713;R-HSA-165158;R-HSA-165159;R-HSA-165160;R-HSA-165181;R-HSA-1660499;R-HSA-1660514;R-HSA-1660516;R-HSA-1660517;R-HSA-166058;R-HSA-1660661;R-HSA-1660662;R-HSA-166166;R-HSA-166187;R-HSA-166208;R-HSA-166520;R-HSA-167021;R-HSA-167044;R-HSA-167152;R-HSA-167160;R-HSA-167169;R-HSA-167172;R-HSA-167200;R-HSA-167246;R-HSA-1679131;R-HSA-168138;R-HSA-168142;R-HSA-168164;R-HSA-168176;R-HSA-168179;R-HSA-168181;R-HSA-168188;R-HSA-168638;R-HSA-168643;R-HSA-168928;R-HSA-169893;R-HSA-170145;R-HSA-170834;R-HSA-170968;R-HSA-170984;R-HSA-171007;R-HSA-171319;R-HSA-174143;R-HSA-174362;R-HSA-174403;R-HSA-174411;R-HSA-174414;R-HSA-174417;R-HSA-174824;R-HSA-176187;R-HSA-176408;R-HSA-176417;R-HSA-177929;R-HSA-180024;R-HSA-180292;R-HSA-180336;R-HSA-180786;R-HSA-1810476;R-HSA-181429;R-HSA-181430;R-HSA-181438;R-HSA-182971;R-HSA-1834941;R-HSA-1834949;R-HSA-1839117;R-HSA-1839120;R-HSA-1839122;R-HSA-1839124;R-HSA-1839126;R-HSA-1839128;R-HSA-1839130;R-HSA-1855167;R-HSA-1855191;R-HSA-1855204;R-HSA-186712;R-HSA-186763;R-HSA-186797;R-HSA-187015;R-HSA-187024;R-HSA-187037;R-HSA-187042;R-HSA-187577;R-HSA-187687;R-HSA-189445;R-HSA-189451;R-HSA-189483;R-HSA-190236;R-HSA-190239;R-HSA-190241;R-HSA-190242;R-HSA-190322;R-HSA-190370;R-HSA-190371;R-HSA-190372;R-HSA-190373;R-HSA-190374;R-HSA-190375;R-HSA-190377;R-HSA-1912408;R-HSA-1912422;R-HSA-191273;R-HSA-191650;R-HSA-192105;R-HSA-193368;R-HSA-193639;R-HSA-193648;R-HSA-193704;R-HSA-194068;R-HSA-194138;R-HSA-195253;R-HSA-196299;R-HSA-1963642;R-HSA-196741;R-HSA-196757;R-HSA-196783;R-HSA-196807;R-HSA-196819;R-HSA-196843;R-HSA-197264;R-HSA-1980143;R-HSA-198203;R-HSA-198323;R-HSA-198693;R-HSA-198725;R-HSA-198745;R-HSA-198753;R-HSA-198765;R-HSA-199220;R-HSA-199418;R-HSA-199920;R-HSA-199992;R-HSA-200425;R-HSA-201451;R-HSA-201556;R-HSA-201688;R-HSA-202131;R-HSA-2023837;R-HSA-202403;R-HSA-202424;R-HSA-202427;R-HSA-202430;R-HSA-202433;R-HSA-2028269;R-HSA-2029481;R-HSA-2029485;R-HSA-2033514;R-HSA-2033515;R-HSA-2033519;R-HSA-203615;R-HSA-204005;R-HSA-204174;R-HSA-2046104;R-HSA-2046105;R-HSA-2046106;R-HSA-204998;R-HSA-205043;R-HSA-209543;R-HSA-209560;R-HSA-210455;R-HSA-210745;R-HSA-210990;R-HSA-210993;R-HSA-211163;R-HSA-211736;R-HSA-2122947;R-HSA-212676;R-HSA-212718;R-HSA-2132295;R-HSA-2142691;R-HSA-2151201;R-HSA-2151209;R-HSA-2161517;R-HSA-2161522;R-HSA-2161541;R-HSA-2172127;R-HSA-2173789;R-HSA-2173791;R-HSA-2173793;R-HSA-2173795;R-HSA-2173796;R-HSA-2219528;R-HSA-2219530;R-HSA-2299718;R-HSA-2404192;R-HSA-2408550;R-HSA-2408557;R-HSA-2424491;R-HSA-2428924;R-HSA-2428928;R-HSA-2428933;R-HSA-2453902;R-HSA-2465910;R-HSA-2500257;R-HSA-2514853;R-HSA-2514856;R-HSA-2514859;R-HSA-2559580;R-HSA-2559582;R-HSA-2559585;R-HSA-2559586;R-HSA-2565942;R-HSA-2586552;R-HSA-2644602;R-HSA-2644603;R-HSA-2644606;R-HSA-264642;R-HSA-2672351;R-HSA-2682334;R-HSA-2730905;R-HSA-2871796;R-HSA-2871809;R-HSA-2894858;R-HSA-2894862;R-HSA-2980766;R-HSA-2980767;R-HSA-2995383;R-HSA-2995410;R-HSA-3134973;R-HSA-3214858;R-HSA-3249367;R-HSA-3270619;R-HSA-3299685;R-HSA-3301854;R-HSA-3371453;R-HSA-3371497;R-HSA-3371556;R-HSA-3371571;R-HSA-349425;R-HSA-354192;R-HSA-372708;R-HSA-373752;R-HSA-373753;R-HSA-373755;R-HSA-373760;R-HSA-375165;R-HSA-3769402;R-HSA-380259;R-HSA-380284;R-HSA-380287;R-HSA-380972;R-HSA-381042;R-HSA-381070;R-HSA-381119;R-HSA-381426;R-HSA-382556;R-HSA-388841;R-HSA-389356;R-HSA-389357;R-HSA-389359;R-HSA-389513;R-HSA-389948;R-HSA-389957;R-HSA-389958;R-HSA-389960;R-HSA-390450;R-HSA-390466;R-HSA-390471;R-HSA-390522;R-HSA-391160;R-HSA-391251;R-HSA-392170;R-HSA-392451;R-HSA-392517;R-HSA-392518;R-HSA-3928662;R-HSA-3928663;R-HSA-3928664;R-HSA-3928665;R-HSA-397795;R-HSA-399719;R-HSA-399721;R-HSA-399954;R-HSA-399955;R-HSA-399956;R-HSA-399997;R-HSA-400253;R-HSA-400685;R-HSA-4085001;R-HSA-4086398;R-HSA-4086400;R-HSA-416550;R-HSA-416572;R-HSA-416993;R-HSA-417957;R-HSA-418038;R-HSA-418346;R-HSA-418592;R-HSA-418597;R-HSA-418885;R-HSA-418886;R-HSA-418889;R-HSA-418890;R-HSA-422356;R-HSA-425397;R-HSA-428542;R-HSA-428890;R-HSA-432040;R-HSA-432142;R-HSA-432720;R-HSA-432722;R-HSA-437239;R-HSA-438064;R-HSA-4419969;R-HSA-4420097;R-HSA-442720;R-HSA-442729;R-HSA-442742;R-HSA-442755;R-HSA-444257;R-HSA-445095;R-HSA-445144;R-HSA-445355;R-HSA-445717;R-HSA-445989;R-HSA-446199;R-HSA-446205;R-HSA-446210;R-HSA-446219;R-HSA-447041;R-HSA-447043;R-HSA-447115;R-HSA-448424;R-HSA-450282;R-HSA-450294;R-HSA-450302;R-HSA-450321;R-HSA-450341;R-HSA-450385;R-HSA-450513;R-HSA-450520;R-HSA-450531;R-HSA-450604;R-HSA-451927;R-HSA-453276;R-HSA-4608870;R-HSA-4641262;R-HSA-499943;R-HSA-500753;R-HSA-5099900;R-HSA-512988;R-HSA-5173105;R-HSA-5205647;R-HSA-5205685;R-HSA-5213460;R-HSA-5218859;R-HSA-5218920;R-HSA-5218921;R-HSA-525793;R-HSA-5357769;R-HSA-5357905;R-HSA-5358346;R-HSA-5358508;R-HSA-5358565;R-HSA-5358606;R-HSA-5362517;R-HSA-5362768;R-HSA-5387390;R-HSA-5578775;R-HSA-5607761;R-HSA-5607764;R-HSA-5610780;R-HSA-5610783;R-HSA-5610785;R-HSA-5610787;R-HSA-5619084;R-HSA-5621480;R-HSA-5621575;R-HSA-5625740;R-HSA-5625886;R-HSA-5625900;R-HSA-5627117;R-HSA-5627123;R-HSA-5628897;R-HSA-5632684;R-HSA-5633008;R-HSA-5635838;R-HSA-5637810;R-HSA-5637812;R-HSA-5637815;R-HSA-5652084;R-HSA-5654219;R-HSA-5654221;R-HSA-5654227;R-HSA-5654228;R-HSA-5654687;R-HSA-5654688;R-HSA-5654689;R-HSA-5654693;R-HSA-5654695;R-HSA-5654696;R-HSA-5654699;R-HSA-5654700;R-HSA-5654704;R-HSA-5654706;R-HSA-5654708;R-HSA-5654710;R-HSA-5654712;R-HSA-5654716;R-HSA-5654719;R-HSA-5654720;R-HSA-5654726;R-HSA-5654727;R-HSA-5654732;R-HSA-5654733;R-HSA-5654736;R-HSA-5654738;R-HSA-5654741;R-HSA-5654743;R-HSA-5655253;R-HSA-5655291;R-HSA-5655302;R-HSA-5655332;R-HSA-5661270;R-HSA-5663213;R-HSA-5663220;R-HSA-5668541;R-HSA-5668599;R-HSA-5673000;R-HSA-5674135;R-HSA-5674400;R-HSA-5674499;R-HSA-5675221;R-HSA-5676590;R-HSA-5678895;R-HSA-5683826;R-HSA-5684264;R-HSA-5685938;R-HSA-5685942;R-HSA-5687128;R-HSA-5689896;R-HSA-5690714;R-HSA-5693537;R-HSA-5693538;R-HSA-5693548;R-HSA-5693554;R-HSA-5693565;R-HSA-5693567;R-HSA-5693568;R-HSA-5693571;R-HSA-5693579;R-HSA-5693606;R-HSA-5693607;R-HSA-5693616;R-HSA-5696395;R-HSA-5696398;R-HSA-5696399;R-HSA-6781827;R-HSA-6782135;R-HSA-6783310;R-HSA-6783589;R-HSA-6783783;R-HSA-6785807;R-HSA-6787639;R-HSA-6790901;R-HSA-6791312;R-HSA-6796648;R-HSA-6802946;R-HSA-6802948;R-HSA-6802949;R-HSA-6802952;R-HSA-6802955;R-HSA-6802957;R-HSA-6803157;R-HSA-6803204;R-HSA-6803207;R-HSA-6803544;R-HSA-6804115;R-HSA-6804756;R-HSA-6804757;R-HSA-6804758;R-HSA-6804759;R-HSA-6804760;R-HSA-6806003;R-HSA-6806834;R-HSA-6806942;R-HSA-6807004;R-HSA-6807070;R-HSA-6807505;R-HSA-6807878;R-HSA-6811436;R-HSA-6811438;R-HSA-6811440;R-HSA-6811555;R-HSA-6811558;R-HSA-6814122;R-HSA-68616;R-HSA-68867;R-HSA-68875;R-HSA-68881;R-HSA-68884;R-HSA-68911;R-HSA-68949;R-HSA-68962;R-HSA-69002;R-HSA-69017;R-HSA-69052;R-HSA-69091;R-HSA-69109;R-HSA-69186;R-HSA-69190;R-HSA-69200;R-HSA-69202;R-HSA-69206;R-HSA-69231;R-HSA-69236;R-HSA-69239;R-HSA-69273;R-HSA-69473;R-HSA-69478;R-HSA-69541;R-HSA-69563;R-HSA-69580;R-HSA-69601;R-HSA-69610;R-HSA-69613;R-HSA-69615;R-HSA-69656;R-HSA-70171;R-HSA-70221;R-HSA-70263;R-HSA-70268;R-HSA-70326;R-HSA-70350;R-HSA-70370;R-HSA-70635;R-HSA-70895;R-HSA-70921;R-HSA-71032;R-HSA-71288;R-HSA-71336;R-HSA-71403;R-HSA-72202;R-HSA-72613;R-HSA-72662;R-HSA-72702;R-HSA-72737;R-HSA-73614;R-HSA-73621;R-HSA-73728;R-HSA-73817;R-HSA-73854;R-HSA-73864;R-HSA-73886;R-HSA-73893;R-HSA-74217;R-HSA-74259;R-HSA-74713;R-HSA-74749;R-HSA-74751;R-HSA-74752;R-HSA-75035;R-HSA-75105;R-HSA-75109;R-HSA-75153;R-HSA-75815;R-HSA-75893;R-HSA-75955;R-HSA-76005;R-HSA-76009;R-HSA-76042;R-HSA-77075;R-HSA-77289;R-HSA-83936;R-HSA-877300;R-HSA-881907;R-HSA-8847453;R-HSA-8847993;R-HSA-8848021;R-HSA-8849468;R-HSA-8849469;R-HSA-8849470;R-HSA-8849471;R-HSA-8849472;R-HSA-8849474;R-HSA-8850843;R-HSA-8851805;R-HSA-8851907;R-HSA-8852276;R-HSA-8852405;R-HSA-8853333;R-HSA-8853334;R-HSA-8853336;R-HSA-8853659;R-HSA-8854518;R-HSA-8854521;R-HSA-8854691;R-HSA-8856688;R-HSA-8856825;R-HSA-8857538;R-HSA-8862803;R-HSA-8863678;R-HSA-8863795;R-HSA-8866376;R-HSA-8874081;R-HSA-8875360;R-HSA-8875791;R-HSA-8875878;R-HSA-8876198;R-HSA-8876384;R-HSA-8876493;R-HSA-8878159;R-HSA-8878166;R-HSA-8934593;R-HSA-8934903;R-HSA-8939236;R-HSA-8939243;R-HSA-8939902;R-HSA-8940973;R-HSA-8941326;R-HSA-8941332;R-HSA-8941858;R-HSA-8943724;R-HSA-8948751;R-HSA-8953750;R-HSA-8955332;R-HSA-8956319;R-HSA-8956320;R-HSA-8956321;R-HSA-8957275;R-HSA-8963896;R-HSA-8963898;R-HSA-8963899;R-HSA-8964058;R-HSA-8964539;R-HSA-8978934;R-HSA-8979227;R-HSA-8982491;R-HSA-8983432;R-HSA-8984722;R-HSA-8985947;R-HSA-8986944;R-HSA-9006115;R-HSA-9006335;R-HSA-9006927;R-HSA-9007101;R-HSA-9007892;R-HSA-9008059;R-HSA-9009391;R-HSA-9010642;R-HSA-9012852;R-HSA-9013420;R-HSA-9013507;R-HSA-9013694;R-HSA-9013973;R-HSA-9014325;R-HSA-9018519;R-HSA-9020558;R-HSA-9020591;R-HSA-9020702;R-HSA-9020933;R-HSA-9020956;R-HSA-9020958;R-HSA-9022692;R-HSA-9024909;R-HSA-9025046;R-HSA-9026357;R-HSA-9026519;R-HSA-9026527;R-HSA-9027276;R-HSA-9027277;R-HSA-9027283;R-HSA-9027284;R-HSA-9028335;R-HSA-9028731;R-HSA-9031628;R-HSA-9032500;R-HSA-9032845;R-HSA-9033241;R-HSA-9034013;R-HSA-9034015;R-HSA-9034793;R-HSA-9034864;R-HSA-909733;R-HSA-912526;R-HSA-912631;R-HSA-917729;R-HSA-917937;R-HSA-917977;R-HSA-918233;R-HSA-927802;R-HSA-933541;R-HSA-933542;R-HSA-936837;R-HSA-936964;R-HSA-937039;R-HSA-937042;R-HSA-937061;R-HSA-937072;R-HSA-9603381;R-HSA-9604323;R-HSA-9607240;R-HSA-9609523;R-HSA-9609736;R-HSA-9613354;R-HSA-9614085;R-HSA-9614399;R-HSA-9619229;R-HSA-9619483;R-HSA-9620244;R-HSA-9627069;R-HSA-9633012;R-HSA-9634285;R-HSA-9634597;R-HSA-9634600;R-HSA-9634635;R-HSA-9634638;R-HSA-9634815;R-HSA-9645135;R-HSA-9645460;R-HSA-9645723;R-HSA-9648002;R-HSA-9648025;R-HSA-9648895;R-HSA-964975;R-HSA-9649948;R-HSA-9652169;R-HSA-9656223;R-HSA-9659379;R-HSA-9660821;R-HSA-9660826;R-HSA-9662360;R-HSA-9662361;R-HSA-9662834;R-HSA-9663891;R-HSA-9664323;R-HSA-9664420;R-HSA-9664424;R-HSA-9664565;R-HSA-9665348;R-HSA-9665686;R-HSA-9668328;R-HSA-9669933;R-HSA-9669935;R-HSA-9669938;R-HSA-9670439;R-HSA-9671555;R-HSA-9673324;R-HSA-9673766;R-HSA-9673767;R-HSA-9673768;R-HSA-9673770;R-HSA-9674555;R-HSA-9679514;R-HSA-9680187;R-HSA-9680350;R-HSA-9682385;R-HSA-9682706;R-HSA-9683610;R-HSA-9683701;R-HSA-9694631;R-HSA-9694635;R-HSA-9694682;R-HSA-9694686;R-HSA-9700206;R-HSA-9702518;R-HSA-9703465;R-HSA-9703648;R-HSA-9706019;R-HSA-9706369;R-HSA-9707564;R-HSA-9708530;R-HSA-9725370;R-HSA-9725371;R-HSA-9727281;R-HSA-9730414;R-HSA-9732724;R-HSA-9734009;R-HSA-9748787;R-HSA-9749641;R-HSA-975110;R-HSA-975138;R-HSA-975144;R-HSA-975155;R-HSA-975163;R-HSA-9753281;R-HSA-9755088;R-HSA-9755511;R-HSA-9755779;R-HSA-9757110;R-HSA-975871;R-HSA-9758881;R-HSA-9758890;R-HSA-9759194;R-HSA-975957;R-HSA-9762114;R-HSA-9768919;R-HSA-9772572;R-HSA-9772573;R-HSA-9793528;R-HSA-9816359;R-HSA-9818027;R-HSA-9820952;R-HSA-9820965;R-HSA-9821993;R-HSA-9824585;R-HSA-982772;R-HSA-9828806;R-HSA-983170;R-HSA-983189;R-HSA-9833482;R-HSA-9836573;R-HSA-983695;R-HSA-9837999;R-HSA-9839373;R-HSA-9839389;R-HSA-9840309;R-HSA-9842640;R-HSA-9842663;R-HSA-9853506;R-HSA-9856649;R-HSA-9856651;R-HSA-9860276;R-HSA-9861718;WP176;WP1946;WP2267;WP2333;WP2533;WP2571;WP3391;WP3656;WP3933;WP3953;WP4195;WP4224;WP4236;WP4321;WP4518;WP4628;WP4629;WP466;WP4725;WP4726;WP4792;WP4900;WP4905;WP4932;WP4950;WP4971;WP5090;WP5179;WP5190;WP5283;WP5313;WP5314;WP5346;WP5408;WP623;WP692;WP78,-0.061026206875527934,0.7982733948132527,0.9967580696179879,FALSE,21
P4,Sex-combined,Sex,Amide-Neg-000866,N-Acetyl-L-Methionine,Organic acids and derivatives,NA,-0.06078641082639547,0.8364581597422689,0.9967580696179879,FALSE,15
P4,Sex-combined,Sex,Amide-Neg-000318,N-Acetylalanine,Organic acids and derivatives,NA,-0.060391008022927656,0.8003322633493632,0.9967580696179879,FALSE,21
P4,Sex-combined,Sex,C8-Pos-001297,Bis(4-Ethylbenzylidene)Sorbitol,Organoheterocyclic compounds,NA,-0.05934723791814832,0.803718182192838,0.9967580696179879,FALSE,21
P4,Sex-combined,Sex,C8-Pos-004801,Pc(16:1cooh_23:3),Lipids and lipid-like molecules,NA,-0.05839846154508903,0.8067988727109828,0.9967580696179879,FALSE,21
P4,Sex-combined,Sex,Amide-Neg-000783,Dl-P-Hydroxyphenyllactic Acid,Benzenoids,NA,0.05671750656033995,0.8347342480508391,0.9967580696179879,FALSE,17
P4,Sex-combined,Sex,Amide-Pos-000690,Gly-Asp,Organic acids and derivatives,NA,0.056298013972061973,0.8620379273775165,0.9967580696179879,FALSE,13
P4,Sex-combined,Sex,C8-Pos-003474,"1,2-Dimyristoyl-Sn-Glycero-3-Pc",Lipids and lipid-like molecules,NA,-0.05544667471074988,0.8164007091009726,0.9967580696179879,FALSE,21
P4,Sex-combined,Sex,C18-Pos-001412,Glucose 1-Phosphate,Organic oxygen compounds,map00052;map00520;R-HSA-156588;R-HSA-173599;R-HSA-3322077;R-HSA-446219;R-HSA-480985;R-HSA-70221;R-HSA-70370;R-HSA-8982491;WP3602;WP4297;WP500;WP5043;WP5173;WP5178;WP5312;WP5314;WP698,0.054567827844624536,0.8352246276225037,0.9967580696179879,FALSE,18
P4,Sex-combined,Sex,C8-Neg-000175,Δ2-Cis-Hexadecenoic Acid,Lipids and lipid-like molecules,NA,0.0544738876951632,0.8195706736475824,0.9967580696179879,FALSE,21
P4,Sex-combined,Sex,C8-Pos-005741,Pc(28:1_21:0cooh),Lipids and lipid-like molecules,NA,0.052399444500175384,0.8263394902834968,0.9967580696179879,FALSE,21
P4,Sex-combined,Sex,Amide-Neg-000141,"2,6-Dihydroxypyridine Hcl",Organoheterocyclic compounds,NA,0.05172243745269594,0.8285511134160817,0.9967580696179879,FALSE,21
P4,Sex-combined,Sex,C18-Pos-004919,Cyclic Adp-Ribose,Organic oxygen compounds,WP3679;WP4962,-0.05113510261176589,0.8454691783172797,0.9967580696179879,FALSE,18
P4,Sex-combined,Sex,C8-Pos-003647,Lpe 34:1,Lipids and lipid-like molecules,NA,0.05077777486058542,0.8316391778243402,0.9967580696179879,FALSE,21
P4,Sex-combined,Sex,C18-Pos-001015,D-(+)-Tryptophan,Organoheterocyclic compounds,R-HSA-420499;R-HSA-9717189;R-HSA-9717207;WP5078,0.05049152550211849,0.8325753868181152,0.9967580696179879,FALSE,21
P4,Sex-combined,Sex,Amide-Pos-001103,L-Glutarylcarnitine,Lipids and lipid-like molecules,NA,0.0499558492530395,0.8343279552966367,0.9967580696179879,FALSE,21
P4,Sex-combined,Sex,Amide-Neg-000344,L-Ornithine,Organic acids and derivatives,map00330;R-HSA-351202;R-HSA-352230;R-HSA-420499;R-HSA-70635;R-HSA-71288;R-HSA-8964539;WP2525;WP3580;WP3602;WP4225;WP4571;WP4583;WP4595;WP497;WP5026;WP5078;WP661,0.049289398297827934,0.8411812489174754,0.9967580696179879,FALSE,20
P4,Sex-combined,Sex,C8-Pos-000337,Geranyllinalool,Lipids and lipid-like molecules,NA,0.04776464373775362,0.8415046583115607,0.9967580696179879,FALSE,21
P4,Sex-combined,Sex,C8-Neg-003546,Ps(23:4_21:5),Lipids and lipid-like molecules,NA,0.04748643756881136,0.8424167212621072,0.9967580696179879,FALSE,21
P4,Sex-combined,Sex,C8-Neg-000566,Docosatrienoic Acid,Lipids and lipid-like molecules,NA,-0.04508878510431171,0.8502850085817735,0.9967580696179879,FALSE,21
P4,Sex-combined,Sex,C18-Pos-001439,Phenylacetylglutamine,Organic acids and derivatives,map00360;R-HSA-156587;R-HSA-159424;R-HSA-177162,-0.04484478210122747,0.8510865212525545,0.9967580696179879,FALSE,21
P4,Sex-combined,Sex,Amide-Neg-000119,"D,L-Serine",Organic acids and derivatives,map00270;map00450;map00910;R-HSA-1483101;R-HSA-1614558;R-HSA-1614603;R-HSA-1614635;R-HSA-1660661;R-HSA-196757;R-HSA-2408508;R-HSA-2408557;R-HSA-352230;R-HSA-379716;R-HSA-379724;R-HSA-379726;R-HSA-442660;R-HSA-5619044;R-HSA-5619094;R-HSA-5659735;R-HSA-977347;WP1422;WP1495;WP1533;WP176;WP241;WP2525;WP2533;WP3933;WP3996;WP4142;WP4259;WP4290;WP4297;WP4504;WP4577;WP4589;WP4628;WP4688;WP4725;WP4726;WP5028;WP5029;WP5049;WP5121;WP5166;WP5194;WP5213;WP5312,-0.044681479188631266,0.8516230250229362,0.9967580696179879,FALSE,21
P4,Sex-combined,Sex,Amide-Pos-001079,Inosine,"Nucleosides, nucleotides, and analogues",R-HSA-2161522;R-HSA-2161541;R-HSA-425397;R-HSA-5619063;R-HSA-5683826;R-HSA-74217;R-HSA-74259;R-HSA-83936;R-HSA-8956319;R-HSA-8956321;R-HSA-9735763;R-HSA-9735786;R-HSA-9735804;R-HSA-9755088;WP4224;WP4485;WP4792,-0.043874508337375176,0.8542751067276348,0.9967580696179879,FALSE,21
P4,Sex-combined,Sex,C8-Pos-003944,Pc(O-24:5_10:0),Lipids and lipid-like molecules,NA,-0.043843971639734115,0.8543754942612986,0.9967580696179879,FALSE,21
P4,Sex-combined,Sex,C8-Pos-004035,Lpe 38:6,Lipids and lipid-like molecules,NA,0.043319802879867385,0.8560990018245853,0.9967580696179879,FALSE,21
P4,Sex-combined,Sex,Amide-Neg-000340,Xylose,Organic oxygen compounds,NA,0.04323597345983643,0.8784020761438175,0.9967580696179879,FALSE,16
P4,Sex-combined,Sex,C18-Neg-000965,"2-(6-Hydroxy-1-Methyl-2-Methylidene-9-Propan-2-Yl-5-Oxatricyclo[5.4.0.03,8]Undecan-4-Yl)Acetic Acid",Lipids and lipid-like molecules,NA,-0.04279361025882179,0.8578297950888143,0.9967580696179879,FALSE,21
P4,Sex-combined,Sex,C18-Pos-001113,Methyl L-Tryptophanate,Organic acids and derivatives,NA,-0.04244523943426174,0.8589760274560999,0.9967580696179879,FALSE,21
P4,Sex-combined,Sex,C18-Pos-004585,1-Oleoyl-Sn-Glycero-3-Phosphocholine,Lipids and lipid-like molecules,NA,0.04201792588684127,0.8603823731214296,0.9967580696179879,FALSE,21
P4,Sex-combined,Sex,C18-Pos-000538,Indole-3-Carboxaldehyde,Organoheterocyclic compounds,WP465,-0.041803202244077964,0.86108921021909135,0.9967580696179879,FALSE,21
P4,Sex-combined,Sex,C18-Pos-001870,Ppg N5,Organic oxygen compounds,NA,0.04176831964146663,0.8612040479802541,0.9967580696179879,FALSE,21
P4,Sex-combined,Sex,Amide-Pos-000092,3-[(2-Hydroxyethyl)Amino]-1-Propanol,Organic nitrogen compounds,NA,0.04104852718185686,0.8635742875280276,0.9967580696179879,FALSE,21
P4,Sex-combined,Sex,C8-Pos-003687,Dg(20:4_22:5),Lipids and lipid-like molecules,NA,-0.040128096596041274,0.8666068511946317,0.9967580696179879,FALSE,21
P4,Sex-combined,Sex,C18-Pos-003617,1-Hexadecanoyl-Sn-Glycero-3-Phosphoethanolamine,Lipids and lipid-like molecules,map00564,-0.0396667940013062,0.8681273933582891,0.9967580696179879,FALSE,21
P4,Sex-combined,Sex,Amide-Pos-000536,L-Histidine,Organic acids and derivatives,map00340;map00410;map00910;R-HSA-352230;R-HSA-379716;R-HSA-379724;R-HSA-379726;R-HSA-427975;R-HSA-442660;R-HSA-5223345;R-HSA-5619094;R-HSA-70921;R-HSA-71240;WP4486;WP4661;WP5313;WP550;WP661,-0.03932018907600574,0.8692701636071982,0.9967580696179879,FALSE,21
P4,Sex-combined,Sex,Amide-Pos-001270,2-Acetamido-N-Β-Aspartyl-2-Deoxyhexopyranosylamine,Organic oxygen compounds,NA,0.037808065773060166,0.8742585859388581,0.9967580696179879,FALSE,21
P4,Sex-combined,Sex,Amide-Neg-000499,D-(+)-Ribonic Acid Gamma-Lactone,Organic oxygen compounds,NA,0.03707321758609095,0.8766844766780617,0.9967580696179879,FALSE,21
P4,Sex-combined,Sex,Amide-Pos-001107,L-Saccharopine,Organic acids and derivatives,map00310;R-HSA-71064;WP4228,0.03704369625224236,0.8767819551695473,0.9967580696179879,FALSE,21
P4,Sex-combined,Sex,C8-Pos-000407,Glycerol Monomyristate,Lipids and lipid-like molecules,NA,0.03685435297253011,0.8774072011174725,0.9967580696179879,FALSE,21
P4,Sex-combined,Sex,Amide-Pos-002017,Guanosine 5'-Diphospho-Α-D-Mannose,"Nucleosides, nucleotides, and analogues",NA,0.036556216170383335,0.8783918446263685,0.9967580696179879,FALSE,21
P4,Sex-combined,Sex,Amide-Pos-000383,Adenine,Organoheterocyclic compounds,R-HSA-110331;R-HSA-1237112;R-HSA-1614635;R-HSA-425397;R-HSA-5619063;R-HSA-73884;R-HSA-73927;R-HSA-73929;R-HSA-74217;R-HSA-83936;R-HSA-8956321;R-HSA-9734195;R-HSA-9734207;R-HSA-9735804;WP3580;WP4224;WP4792;WP5078;WP80,0.03653801909794903,0.8819466342897317,0.9967580696179879,FALSE,20
P4,Sex-combined,Sex,C18-Pos-002279,Vidarabine Phosphate,"Nucleosides, nucleotides, and analogues",NA,0.03643325725418659,0.885877146310359,0.9967580696179879,FALSE,19
P4,Sex-combined,Sex,Amide-Pos-001135,Risedronic Acid,Organic acids and derivatives,R-HSA-191273;WP4189,-0.03449668714393316,0.8851983844976616,0.9967580696179879,FALSE,21
P4,Sex-combined,Sex,Amide-Neg-000749,"N2-[5-Phenyl-4-(Trifluoromethyl)-1,3-Thiazol-2-Yl]Thiophene-2-Carboxamide",Organoheterocyclic compounds,NA,-0.03439754997259506,0.8855262222213276,0.9967580696179879,FALSE,21
P4,Sex-combined,Sex,C8-Neg-003657,Ps(17:1_29:3),Lipids and lipid-like molecules,NA,0.03439540806336742,0.9154884266639652,0.9967580696179879,FALSE,13
P4,Sex-combined,Sex,Amide-Pos-001360,"D-Myo-Inositol-1,2-Diphosphate",Organic oxygen compounds,NA,-0.03353008588926817,0.8883956064058388,0.9967580696179879,FALSE,21
P4,Sex-combined,Sex,Amide-Neg-000851,Α-Cyano-3-Hydroxycinnamic Acid,Phenylpropanoids and polyketides,NA,0.03232711011355461,0.898672533207766,0.9967580696179879,FALSE,19
P4,Sex-combined,Sex,Amide-Neg-001061,2-Deoxyribose 5-Phosphate,Organic oxygen compounds,R-HSA-71336,-0.03193176259205949,0.9100544859283703,0.9967580696179879,FALSE,16
P4,Sex-combined,Sex,C8-Pos-003942,Pe(16:1_20:4),Lipids and lipid-like molecules,NA,0.03177822881280255,0.921900969376086,0.9967580696179879,FALSE,13
P4,Sex-combined,Sex,C8-Neg-003656,Pe(19:1cooh_28:3),Lipids and lipid-like molecules,NA,-0.03029989745150998,0.9113049336393738,0.9967580696179879,FALSE,17
P4,Sex-combined,Sex,C8-Pos-001060,Vitamin D3,Lipids and lipid-like molecules,map00100;R-HSA-196791;R-HSA-211916;R-HSA-5579027;R-HSA-5579029;WP1531;WP322;WP4342;WP4698;WP4961;WP4969;WP5133;WP716,-0.02981381358623333,0.9007029464859938,0.9967580696179879,FALSE,21
P4,Sex-combined,Sex,C8-Pos-000820,Docosanamide,Lipids and lipid-like molecules,NA,-0.029506893647238585,0.9017204004092013,0.9967580696179879,FALSE,21
P4,Sex-combined,Sex,C8-Neg-003509,Ps(14:2_29:7),Lipids and lipid-like molecules,NA,-0.028655101774708876,0.9045448985974778,0.9967580696179879,FALSE,21
P4,Sex-combined,Sex,C8-Pos-004362,"1,3,5-Tris(3,5-Di-Tert-Butyl-4-Hydroxybenzyl)-1,3,5-Triazine-2,4,6(1h,3h,5h)-Trione",Benzenoids,NA,0.028210394059798385,0.9087302032510922,0.9967580696179879,FALSE,20
P4,Sex-combined,Sex,C8-Pos-001332,Palmitoylcarnitine,Lipids and lipid-like molecules,NA,0.027886147512658457,0.9070956607427311,0.9967580696179879,FALSE,21
P4,Sex-combined,Sex,Amide-Pos-001042,Lhnfrfaovvpesm-Crgcijnfna-N,Organic oxygen compounds,NA,-0.027803836191187595,0.9073687547973954,0.9967580696179879,FALSE,21
P4,Sex-combined,Sex,Amide-Pos-001016,3-Ketocarbofuran,Organoheterocyclic compounds,NA,0.025209117528258856,0.9159825385493016,0.9967580696179879,FALSE,21
P4,Sex-combined,Sex,C8-Pos-000542,L-Glutathione Oxidized,Organic acids and derivatives,map00250;map00480;map00590;WP100;WP2289;WP2525;WP4313;WP5233;WP692,0.02475748137127882,0.9223209003498128,0.9967580696179879,FALSE,19
P4,Sex-combined,Sex,Amide-Pos-000562,Dl-Carnitine,Organic nitrogen compounds,map00071;map01040;R-HSA-200425;R-HSA-389887;R-HSA-390918;R-HSA-5362517;R-HSA-549127;R-HSA-549132;R-HSA-5619053;R-HSA-71262;WP4321;WP5123;WP5219,-0.02464560288760722,0.9178544836482518,0.9967580696179879,FALSE,21
P4,Sex-combined,Sex,C8-Pos-004303,Pe 20:2_20:2,Lipids and lipid-like molecules,NA,0.02422652723427123,0.9192468858024355,0.9967580696179879,FALSE,21
P4,Sex-combined,Sex,Amide-Pos-002283,2-Oleoyl-1-Palmitoyl-Sn-Glycero-3-Phosphoserine,Lipids and lipid-like molecules,NA,0.022931175464288384,0.9235521779837165,0.9967580696179879,FALSE,21
P4,Sex-combined,Sex,C8-Pos-003179,Nervonic Ceramide,Lipids and lipid-like molecules,R-HSA-6809371;WP231;WP2513;WP314;WP4142;WP4153;WP4288;WP4577;WP4688;WP4726;WP5121,0.022474099478707852,0.9392130933915501,0.9967580696179879,FALSE,15
P4,Sex-combined,Sex,C18-Pos-001811,N-Acetyl-1-Aspartylglutamic Acid,Organic acids and derivatives,R-HSA-8963693;R-HSA-8964539,0.022370840270042602,0.9275696418932199,0.9967580696179879,FALSE,20
P4,Sex-combined,Sex,C8-Neg-003628,Pc(30:8_11:3cooh),Lipids and lipid-like molecules,NA,-0.020141318143240307,0.9347727501865348,0.9967580696179879,FALSE,20
P4,Sex-combined,Sex,C18-Pos-000925,S-Adenosyl-L-Homocysteine,"Nucleosides, nucleotides, and analogues",map00130;map00270;map00330;map00340;map00350;map00380;map00760;R-HSA-112311;R-HSA-1474165;R-HSA-1483191;R-HSA-1500620;R-HSA-156581;R-HSA-1614635;R-HSA-163841;R-HSA-196741;R-HSA-196807;R-HSA-197264;R-HSA-201722;R-HSA-203927;R-HSA-209776;R-HSA-209905;R-HSA-209931;R-HSA-211000;R-HSA-212300;R-HSA-2142789;R-HSA-2299718;R-HSA-2408499;R-HSA-2408508;R-HSA-2408552;R-HSA-2514856;R-HSA-2514859;R-HSA-2559580;R-HSA-2559582;R-HSA-3214841;R-HSA-3214858;R-HSA-379397;R-HSA-379401;R-HSA-389661;R-HSA-427359;R-HSA-427389;R-HSA-427413;R-HSA-5250913;R-HSA-5250941;R-HSA-5334118;R-HSA-5358493;R-HSA-5578997;R-HSA-5579029;R-HSA-5601884;R-HSA-5676934;R-HSA-5693565;R-HSA-5693606;R-HSA-6782315;R-HSA-6782861;R-HSA-6787450;R-HSA-6790901;R-HSA-6793080;R-HSA-6804760;R-HSA-68875;R-HSA-69273;R-HSA-70921;R-HSA-71288;R-HSA-71403;R-HSA-72086;R-HSA-72764;R-HSA-8868766;R-HSA-8876725;R-HSA-8936459;R-HSA-8939236;R-HSA-8978934;R-HSA-9009391;R-HSA-912446;R-HSA-9645723;R-HSA-9648002;R-HSA-9679514;R-HSA-9682706;R-HSA-9682708;R-HSA-9694631;R-HSA-9694635;R-HSA-9694682;R-HSA-9694686;R-HSA-9694786;R-HSA-9710421;R-HSA-9748787;R-HSA-9759218;R-HSA-9772572;R-HSA-9772573;R-HSA-9816359;R-HSA-9820952;R-HSA-9820965;R-HSA-9821993;R-HSA-9828642;R-HSA-9842860;R-HSA-9843940;R-HSA-9843970;R-HSA-9845323;R-HSA-9854311;WP1533;WP1589;WP176;WP2333;WP241;WP2436;WP2525;WP2533;WP3391;WP3580;WP3933;WP3996;WP4259;WP4271;WP4288;WP4292;WP4504;WP4932;WP5150;WP5190;WP5233;WP5351;WP704,-0.019402218980321465,0.9522763094979467,0.9967580696179879,FALSE,13
P4,Sex-combined,Sex,C8-Pos-004104,Tg(O-25:8_2:0_19:4),Lipids and lipid-like molecules,NA,-0.019238775194669336,0.9552274383420927,0.9967580696179879,FALSE,12
P4,Sex-combined,Sex,Amide-Pos-001218,"Cytidine 2',3'-Cyclic Monophosphoric Acid","Nucleosides, nucleotides, and analogues",WP100;WP2289;WP2525;WP4313;WP5233,-0.018697366574439465,0.9376375425693084,0.9967580696179879,FALSE,21
P4,Sex-combined,Sex,C18-Pos-000820,Propham,Benzenoids,NA,0.01862108716883871,0.9378914906707787,0.9967580696179879,FALSE,21
P4,Sex-combined,Sex,Amide-Pos-000447,L-2-Aminoadipic Acid,Organic acids and derivatives,map00310;R-HSA-71064;WP4228;WP4519,-0.017875028625503702,0.9403755568455423,0.9967580696179879,FALSE,21
P4,Sex-combined,Sex,Amide-Neg-001422,Adenosine Triphosphate (Atp),"Nucleosides, nucleotides, and analogues",map00020;map00051;map00052;map00071;map00100;map00120;map00190;map00250;map00270;map00280;map00330;map00340;map00360;map00380;map00450;map00480;map00520;map00561;map00562;map00620;map00640;map00650;map00670;map00730;map00740;map00760;map00770;map00780;map00910;map00920;map01040;WP111;WP1584;WP1602;WP176;WP2267;WP2333;WP2485;WP2533;WP2571;WP3580;WP3656;WP3869;WP4141;WP4191;WP4195;WP4206;WP4224;WP4236;WP4292;WP4317;WP4321;WP4518;WP4628;WP4629;WP4742;WP4900;WP4950;WP521;WP5283;WP531;WP5396;WP623;WP692;WP698;WP704;WP715;WP78,-0.01785164554290173,0.9404534215180951,0.9967580696179879,FALSE,21
P4,Sex-combined,Sex,C18-Pos-000375,L-Isoleucine,Organic acids and derivatives,map00280;R-HSA-352230;R-HSA-379716;R-HSA-379724;R-HSA-379726;R-HSA-442660;R-HSA-5619044;R-HSA-5619094;R-HSA-5659735;R-HSA-70895;R-HSA-71240;WP3953;WP4686;WP661,-0.017750858714099933,0.9442661904416754,0.9967580696179879,FALSE,19
P4,Sex-combined,Sex,Amide-Pos-000319,L-Glutamic Acid,Organic acids and derivatives,map00250;map00270;map00280;map00310;map00330;map00340;map00350;map00360;map00380;map00410;map00480;map00520;map00590;map00640;map00670;map00760;map00910;R-HSA-112310;R-HSA-112313;R-HSA-156590;R-HSA-1614558;R-HSA-1614635;R-HSA-174403;R-HSA-196757;R-HSA-196807;R-HSA-210455;R-HSA-210500;R-HSA-2142691;R-HSA-2682334;R-HSA-352230;R-HSA-379716;R-HSA-379724;R-HSA-379726;R-HSA-3928662;R-HSA-399710;R-HSA-399721;R-HSA-420499;R-HSA-428643;R-HSA-438064;R-HSA-438066;R-HSA-442742;R-HSA-442755;R-HSA-442982;R-HSA-446210;R-HSA-446219;R-HSA-451306;R-HSA-451307;R-HSA-451308;R-HSA-451326;R-HSA-499943;R-HSA-500657;R-HSA-500753;R-HSA-5423646;R-HSA-5578999;R-HSA-5579029;R-HSA-5619062;R-HSA-5619067;R-HSA-5619076;R-HSA-5628897;R-HSA-6794362;R-HSA-70263;R-HSA-70268;R-HSA-70326;R-HSA-70635;R-HSA-70688;R-HSA-70895;R-HSA-70921;R-HSA-71064;R-HSA-71240;R-HSA-73817;R-HSA-8849932;R-HSA-888568;R-HSA-888590;R-HSA-8955332;R-HSA-8956320;R-HSA-8963684;R-HSA-8963691;R-HSA-8963693;R-HSA-8964539;R-HSA-8964540;R-HSA-9018677;R-HSA-9026395;R-HSA-9026762;R-HSA-9026766;R-HSA-916853;R-HSA-9617324;R-HSA-9620244;R-HSA-9659379;R-HSA-9662360;R-HSA-9664535;R-HSA-9717189;R-HSA-9717207;R-HSA-9748787;R-HSA-9753281;R-HSA-977347;R-HSA-9856872;WP100;WP2333;WP2447;WP2485;WP3580;WP3602;WP3853;WP3869;WP4008;WP4157;WP4159;WP4222;WP4224;WP4225;WP4228;WP4259;WP4315;WP4504;WP4571;WP4583;WP4595;WP4661;WP4688;WP497;WP5026;WP5029;WP5094;WP5213;WP5312;WP5402;WP550,-0.017337108424182634,0.942166938749613,0.9967580696179879,FALSE,21
P4,Sex-combined,Sex,Amide-Neg-001331,Pseudouridine,"Nucleosides, nucleotides, and analogues",R-HSA-73614;R-HSA-8956321;WP4485,0.017055135458506183,0.9431060724923682,0.9967580696179879,FALSE,21
P4,Sex-combined,Sex,Amide-Pos-000918,3-Hydroxy-1-Methyl-3-(2-Oxopropyl)Indol-2-One,Organoheterocyclic compounds,NA,0.0165155922035214,0.9449032653711145,0.9967580696179879,FALSE,21
P4,Sex-combined,Sex,Amide-Neg-000753,N-Formyl-L-Methionine,Organic acids and derivatives,NA,0.016149068322981366,0.9492890391383901,0.9967580696179879,FALSE,19
P4,Sex-combined,Sex,Amide-Neg-000729,L-Ascorbic Acid,Organoheterocyclic compounds,map00350;R-HSA-1234174;R-HSA-1234176;R-HSA-1474151;R-HSA-1474290;R-HSA-1650814;R-HSA-196836;R-HSA-209776;R-HSA-209905;R-HSA-5221030;R-HSA-71262;R-HSA-8963684;R-HSA-8963691;R-HSA-8978934;WP1533;WP1995;WP2848;WP4269,0.015566155685541075,0.9495687373750449,0.9967580696179879,FALSE,20
P4,Sex-combined,Sex,C8-Neg-003430,Dgdg(2:0_27:3),Lipids and lipid-like molecules,NA,0.015181786930095214,0.9493471896751395,0.9967580696179879,FALSE,21
P4,Sex-combined,Sex,C8-Neg-003610,Pc(19:5cooh_25:8),Lipids and lipid-like molecules,NA,0.014781768771236364,0.9535780247732786,0.9967580696179879,FALSE,19
P4,Sex-combined,Sex,C8-Pos-000768,Penicillin G,Organic acids and derivatives,NA,0.014534831445260892,0.951503219180932,0.9967580696179879,FALSE,21
P4,Sex-combined,Sex,Amide-Pos-000658,Trans-3-Indoleacrylic Acid,Organoheterocyclic compounds,WP465,-0.014527100740313955,0.9515289843473327,0.9967580696179879,FALSE,21
P4,Sex-combined,Sex,Amide-Pos-000331,L-Pipecolinic Acid,Organic acids and derivatives,map00310;R-HSA-71064;WP4228,0.013912336262030036,0.9535780393058474,0.9967580696179879,FALSE,21
P4,Sex-combined,Sex,C18-Pos-001025,D-Panthenol,Organic oxygen compounds,map00770,0.012972879475079446,0.9605877871001058,0.9967580696179879,FALSE,18
P4,Sex-combined,Sex,Amide-Pos-001770,Cytidine 5'-Triphosphate,Organic oxygen compounds,R-HSA-1483148;R-HSA-1483191;R-HSA-1483213;R-HSA-1483226;R-HSA-4085001;R-HSA-446199;R-HSA-446219;R-HSA-4755583;R-HSA-499943;R-HSA-5609975;R-HSA-6784531;R-HSA-6785470;R-HSA-6807505;R-HSA-8850843;R-HSA-8956319;WP2533;WP4022;WP4225;WP4584;WP466;WP4906,0.012913704351024109,0.9594397647306161,0.9967580696179879,FALSE,19
P4,Sex-combined,Sex,Amide-Pos-000235,"N,N-Dimethyl-Beta-Alanine Hcl",Organic nitrogen compounds,NA,0.012694328048740737,0.9576385661387189,0.9967580696179879,FALSE,21
P4,Sex-combined,Sex,C18-Pos-000931,"1,3-Benzodioxolylbutanamine (Bdb)",Organoheterocyclic compounds,NA,-0.0114024567345102,0.9719441305205521,0.9967580696179879,FALSE,13
P4,Sex-combined,Sex,C8-Neg-000519,4-Dodecylbenzenesulfonic Acid,Benzenoids,NA,-0.0113032879831023,0.9622771602638012,0.9967580696179879,FALSE,21
P4,Sex-combined,Sex,C8-Pos-002923,2-(5-Oxovaleryl)Phosphatidylcholine,Lipids and lipid-like molecules,NA,0.011217915278092657,0.9625618855232998,0.9967580696179879,FALSE,21
P4,Sex-combined,Sex,Amide-Neg-000118,3-Hydroxybutyric Acid,Organic acids and derivatives,map00072;R-HSA-3296197;R-HSA-433692;R-HSA-5619070;R-HSA-74182;R-HSA-77108;R-HSA-77111;R-HSA-9749641;WP3602;WP4686;WP4742;WP5175;WP5195;WP661,0.010687123914790335,0.9664290437191712,0.9967580696179879,FALSE,19
P4,Sex-combined,Sex,Amide-Neg-000047,Dl-Alanine,Organic acids and derivatives,map00250;map00330;map00380;map00450;map00480;R-HSA-1362409;R-HSA-209776;R-HSA-209968;R-HSA-2408508;R-HSA-352230;R-HSA-379716;R-HSA-379724;R-HSA-379726;R-HSA-389661;R-HSA-428559;R-HSA-442660;R-HSA-5619044;R-HSA-5619094;R-HSA-5659735;R-HSA-70268;R-HSA-71240;R-HSA-73621;R-HSA-8956319;R-HSA-8963691;R-HSA-8964208;R-HSA-8964539;R-HSA-8964540;R-HSA-947581;WP106;WP1946;WP2485;WP3953;WP4210;WP4236;WP4595;WP4661;WP4917;WP5029;WP5166;WP5179;WP5194,0.01048662370149474,0.9650009807090798,0.9967580696179879,FALSE,21
P4,Sex-combined,Sex,Amide-Pos-000467,Acetylcholine,Organic nitrogen compounds,map00564;R-HSA-112310;R-HSA-112311;R-HSA-1483191;R-HSA-181431;R-HSA-264642;R-HSA-2980736;R-HSA-375280;R-HSA-381771;R-HSA-390648;R-HSA-399997;R-HSA-400508;R-HSA-422356;R-HSA-622323;R-HSA-622327;R-HSA-629587;R-HSA-629594;R-HSA-629597;R-HSA-9659379;R-HSA-9662361;R-HSA-9667769;WP2525;WP2596;WP2597;WP4195;WP4698;WP4932;WP4942;WP5055;WP528;WP5352;WP5360;WP5407;WP550;WP58,0.009752732989484125,0.9674490457587113,0.9967580696179879,FALSE,21
P4,Sex-combined,Sex,Amide-Neg-000587,2-Oxoadipic Acid,Organic acids and derivatives,map00310;R-HSA-71064;R-HSA-9858328;WP4519;WP465,0.00928756961567431,0.9690008540941464,0.9967580696179879,FALSE,21
P4,Sex-combined,Sex,C8-Pos-000832,1-Stearoylglycerol,Lipids and lipid-like molecules,NA,-0.008649367645554268,0.9711301013430156,0.9967580696179879,FALSE,21
P4,Sex-combined,Sex,C18-Pos-002636,S-4-(2-Oxo-Butyl)Glutathione,Organic acids and derivatives,NA,0.008250592353430368,0.9732580709866563,0.9967580696179879,FALSE,20
P4,Sex-combined,Sex,Amide-Neg-000449,O-Phosphocolamine,Organic acids and derivatives,R-HSA-1483213;R-HSA-9845614;WP1422;WP2525;WP2533;WP3933;WP4142;WP4722;WP4725;WP4726;WP5090;WP5194,-0.008210911395183517,0.9725930423913478,0.9967580696179879,FALSE,21
P4,Sex-combined,Sex,Amide-Pos-001479,Xanthosine 5'-Monophosphate,"Nucleosides, nucleotides, and analogues",NA,0.008143646358389338,0.9728174846289644,0.9967580696179879,FALSE,21
P4,Sex-combined,Sex,Amide-Pos-000244,3-Isopropoxypropylamine,Organic oxygen compounds,NA,0.008141932642675044,0.9728232027842073,0.9967580696179879,FALSE,21
P4,Sex-combined,Sex,C8-Neg-003529,Ps 22:6_22:6,Lipids and lipid-like molecules,NA,-0.00796239846513745,0.9749851292968243,0.9967580696179879,FALSE,19
P4,Sex-combined,Sex,Amide-Neg-000605,D-(+)-Glucose,Organic oxygen compounds,map00052;R-HSA-9683686;R-HSA-9683701;R-HSA-9694548;R-HSA-9694635;R-HSA-9772573;WP1403;WP1533;WP1584;WP176;WP1946;WP1982;WP2456;WP2868;WP3602;WP3915;WP4521;WP4628;WP4629;WP500;WP5094;WP5216;WP5312;WP534;WP5394;WP5433;WP661;WP690;WP698,-0.00763759219601968,0.9745060898909723,0.9967580696179879,FALSE,21
P4,Sex-combined,Sex,C8-Pos-005013,Pc(18:2_20:4cooh),Lipids and lipid-like molecules,NA,0.0074639832372972925,0.9765505424189421,0.9967580696179879,FALSE,19
P4,Sex-combined,Sex,C8-Pos-002045,Lpe 18:1,Lipids and lipid-like molecules,NA,-0.006492708217354188,0.9783267218562204,0.9967580696179879,FALSE,21
P4,Sex-combined,Sex,Amide-Neg-000933,L-N-Acetylhistidine,Organic acids and derivatives,NA,-0.005779349607521788,0.9807075304569912,0.9967580696179879,FALSE,21
P4,Sex-combined,Sex,Amide-Pos-001947,Udp-Β-D-Glucose (Sodium Salt),"Nucleosides, nucleotides, and analogues",map00052;map00520;WP3602;WP4784;WP4900;WP500;WP5173;WP5312;WP5314;WP5345;WP698,0.005149893877496148,0.9848981337571565,0.9967580696179879,FALSE,17
P4,Sex-combined,Sex,Amide-Neg-000296,"5,5-Dimethyloxazolidine-2,4-Dione",Organoheterocyclic compounds,NA,0.004134586504877057,0.9893045149403528,0.9967580696179879,FALSE,14
P4,Sex-combined,Sex,C18-Pos-001575,Asp-Phe,Organic acids and derivatives,NA,0.0033931476783035912,0.9886724245005807,0.9967580696179879,FALSE,21
P4,Sex-combined,Sex,C8-Pos-000806,Glycerol Monooleate,Lipids and lipid-like molecules,WP4905,-0.0029958544740381044,0.9899986677092858,0.9967580696179879,FALSE,21
P4,Sex-combined,Sex,Amide-Neg-000697,Dl-Arginine,Organic acids and derivatives,WP5029;WP5078;WP5192,0.002755556546415622,0.9908008421393342,0.9967580696179879,FALSE,21
P4,Sex-combined,Sex,Amide-Neg-000291,Dl-Pyroglutamic Acid,Organic acids and derivatives,WP4518,0.0024912036929519783,0.9916833277017587,0.9967580696179879,FALSE,21
P4,Sex-combined,Sex,C8-Pos-000689,Oleoyl Ethanolamide,Organic nitrogen compounds,R-HSA-112310;R-HSA-2980736;R-HSA-381771;R-HSA-400508;R-HSA-400511;WP4949,0.0018363198944999289,0.9938695554051865,0.9967580696179879,FALSE,21
P4,Sex-combined,Sex,C18-Pos-000832,L-Tyrosine,Organic acids and derivatives,map00350;map00360;R-HSA-209776;R-HSA-209905;R-HSA-209968;R-HSA-352230;R-HSA-379716;R-HSA-379724;R-HSA-379726;R-HSA-442660;R-HSA-5619044;R-HSA-5659735;R-HSA-5662702;R-HSA-71240;R-HSA-8955332;R-HSA-8963684;R-HSA-8963691;R-HSA-8964208;WP1602;WP1981;WP2371;WP2436;WP3953;WP3998;WP4156;WP4220;WP4506;WP4583;WP4941;WP550;WP661,-0.0015612557167552978,0.9963650800182374,0.9967580696179879,FALSE,12
P4,Sex-combined,Sex,C18-Pos-000286,Nicotinamide,Organoheterocyclic compounds,map00760;R-HSA-110362;R-HSA-110373;R-HSA-1592230;R-HSA-170834;R-HSA-196807;R-HSA-197264;R-HSA-204174;R-HSA-2151201;R-HSA-2173793;R-HSA-2173795;R-HSA-2408508;R-HSA-2995383;R-HSA-2995410;R-HSA-3371453;R-HSA-3371556;R-HSA-427359;R-HSA-4641257;R-HSA-5250941;R-HSA-5336415;R-HSA-5339562;R-HSA-5685939;R-HSA-5693538;R-HSA-5693567;R-HSA-5693607;R-HSA-5696394;R-HSA-5696398;R-HSA-5696399;R-HSA-6807070;R-HSA-70268;R-HSA-71403;R-HSA-73884;R-HSA-73933;R-HSA-8948751;R-HSA-9614085;R-HSA-9617629;R-HSA-9635486;R-HSA-9637679;R-HSA-9637698;R-HSA-9683610;R-HSA-9683701;R-HSA-9694631;R-HSA-9694635;R-HSA-9730414;R-HSA-9772573;R-HSA-9854311;R-HSA-9856649;R-HSA-9861718;WP2848;WP3644;WP3645;WP4210;WP5046;WP5346,-0.0013275154452559775,0.9967330751353365,0.9967580696179879,FALSE,13
P4,Sex-combined,Sex,C8-Pos-003714,Pc(O-10:0_23:2),Lipids and lipid-like molecules,NA,9.710849846577053e-4,0.9967580696179879,0.9967580696179879,FALSE,21
TT,Males,GW,Amide-Pos-002283,2-Oleoyl-1-Palmitoyl-Sn-Glycero-3-Phosphoserine,Lipids and lipid-like molecules,NA,0.890369836668159,5.525710447041842e-4,0.1298541955054833,FALSE,11
TT,Males,GW,Amide-Pos-002307,"1,2-Dioleoyl-Sn-Glycero-3-Phosphatidylcholine",Lipids and lipid-like molecules,NA,0.890369836668159,5.525710447041842e-4,0.1298541955054833,FALSE,11
TT,Males,GW,Amide-Pos-002257,1-Stearoyl-2-Oleoyl-Sn-Glycero-3-Phosphoethanolamine,Lipids and lipid-like molecules,NA,0.869149787307357,0.0010919419275093097,0.13557810118480806,FALSE,11
TT,Males,GW,Amide-Pos-002276,2-Oleoyl-1-Palmitoyl-Sn-Glycero-3-Phosphocholine,Lipids and lipid-like molecules,NA,0.867253845062396,0.0011538561802962389,0.13557810118480806,FALSE,11
TT,Males,GW,Amide-Pos-000761,Tryptophan,Organoheterocyclic compounds,map00380;R-HSA-209776;R-HSA-209931;R-HSA-352230;R-HSA-379716;R-HSA-379724;R-HSA-379726;R-HSA-442660;R-HSA-5619044;R-HSA-5619094;R-HSA-5659735;R-HSA-71240;WP1455;WP2485;WP3627;WP3644;WP3645;WP3953;WP4156;WP4210;WP4220;WP4519;WP465;WP5029;WP5044;WP5078;WP5414;WP550;WP727,0.8530844500217354,0.00170041193584374,0.155918499520598,FALSE,11
TT,Males,GW,Amide-Pos-002228,1-Oleoyl-2-Myristoyl-Sn-Glycero-3-Phosphocholine,Lipids and lipid-like molecules,NA,0.8468836529774162,0.001990448930050187,0.155918499520598,FALSE,11
TT,Males,GW,Amide-Pos-002176,"1,2-Dipentadecanoyl-Sn-Glycero-3-Phosphocholine",Lipids and lipid-like molecules,NA,0.8320613128587213,0.0028265965195350853,0.18978576631164143,FALSE,11
TT,Males,GW,C8-Pos-004866,Pet(16:0_27:7),Lipids and lipid-like molecules,NA,-0.822760737327218,0.003465204674735353,0.1918178742696467,FALSE,11
TT,Males,GW,Amide-Pos-002309,1-Octadecanoyl-2-Octadecenoyl-Sn-Glycero-3-Phosphocholine,Lipids and lipid-like molecules,NA,0.8200007427178139,0.003673108230695362,0.1918178742696467,FALSE,11
TT,Males,GW,C18-Pos-000695,2-Aminocaprylate,Organic acids and derivatives,NA,0.8043478859363009,0.005024974849561068,0.22428212659969152,FALSE,11
TT,Males,GW,Amide-Pos-002226,N-(Octadecanoyl)Sphing-4-Enine-1-Phosphocholine,Lipids and lipid-like molecules,NA,0.802054686389024,0.005249156154460866,0.22428212659969152,FALSE,11
TT,Males,GW,Amide-Neg-002264,2-Oleoyl-1-Stearoyl-Sn-Glycero-3-Phosphoserine,Lipids and lipid-like molecules,NA,0.7892760226425632,0.011429884798156882,0.439977449866481,FALSE,10
TT,Males,GW,Amide-Pos-002316,Pe(18:0_22:6),Lipids and lipid-like molecules,NA,0.7852038128192782,0.012169589038860113,0.439977449866481,FALSE,10
TT,Males,GW,C8-Neg-003509,Ps(14:2_29:7),Lipids and lipid-like molecules,NA,-0.73525872409220006,0.015388466482312109,0.47139893082807544,FALSE,11
TT,Males,GW,C18-Pos-000219,N-Methylcyclohexylamine,Organic nitrogen compounds,NA,0.7315338570892076,0.016192664318347608,0.47139893082807544,FALSE,11
TT,Males,GW,C8-Pos-002038,1-Palmitoyl-Sn-Glycero-3-Phosphocholine,Lipids and lipid-like molecules,map00564;WP4949,0.7306296277017633,0.016392209367945502,0.47139893082807544,FALSE,11
TT,Males,GW,C8-Neg-000223,Dodecyl Sulfate,Organic acids and derivatives,NA,0.7257723167984695,0.017493468614902204,0.47139893082807544,FALSE,11
TT,Males,GW,C18-Pos-000393,L-Aspartic Acid,Organic acids and derivatives,map00250;map00330;map00350;map00410;map00910;R-HSA-1638091;R-HSA-2024096;R-HSA-379716;R-HSA-379724;R-HSA-379726;R-HSA-389661;R-HSA-500753;R-HSA-5619062;R-HSA-5619067;R-HSA-5676934;R-HSA-70635;R-HSA-73817;R-HSA-8956320;R-HSA-8963691;R-HSA-8963693;R-HSA-8964208;R-HSA-8964539;R-HSA-9717189;R-HSA-9717207;R-HSA-9856872;WP106;WP3602;WP4224;WP4225;WP4519;WP4571;WP4583;WP4595;WP497;WP5029;WP534;WP5365,0.7223011888636788,0.018311220116419755,0.47139893082807544,FALSE,11
TT,Males,GW,C8-Neg-003405,Ps 18:0_22:5,Lipids and lipid-like molecules,NA,-0.7175995672387744,0.019460603530334745,0.47139893082807544,FALSE,11
TT,Males,GW,C8-Pos-000612,"4-Hydroxy-6-[2-(2-Methyl-1,2,4a,5,6,7,8,8a-Octahydronaphthalen-1-Yl)Ethyl]Oxan-2-One",Organoheterocyclic compounds,NA,0.7099211258615737,0.02144350873935522,0.47139893082807544,FALSE,11
TT,Males,GW,C8-Neg-003404,Ps 40:5,Lipids and lipid-like molecules,NA,-0.7041661769854586,0.02301804879790099,0.47139893082807544,FALSE,11
TT,Males,GW,C8-Pos-003614,Tg(36:6_4:0),Lipids and lipid-like molecules,NA,0.7031377795859404,0.023307555378059217,0.47139893082807544,FALSE,11
TT,Males,GW,Amide-Pos-000448,Proline Betaine,Organic acids and derivatives,NA,0.7022331710039642,0.02356427611297472,0.47139893082807544,FALSE,11
TT,Males,GW,Amide-Pos-000010,Crotonic Acid,Lipids and lipid-like molecules,NA,0.7004658172463201,0.02407143476568896,0.47139893082807544,FALSE,11
TT,Males,GW,Amide-Pos-001381,O-Dodecanoylcarnitine,Lipids and lipid-like molecules,NA,0.7207269664338526,0.02847363167872748,0.4779502460357827,FALSE,10
TT,Males,GW,C8-Pos-001012,2-Arachidonoyl Glycerol,Lipids and lipid-like molecules,R-HSA-114508;R-HSA-426048;WP3869;WP4321;WP5094,0.6913802639518601,0.026797374871856582,0.4779502460357827,FALSE,11
TT,Males,GW,Amide-Pos-001983,Gdp-L-Fucose,"Nucleosides, nucleotides, and analogues",NA,0.6897755042938721,0.027299855217470023,0.4779502460357827,FALSE,11
TT,Males,GW,C8-Neg-000519,4-Dodecylbenzenesulfonic Acid,Benzenoids,NA,0.6875014865309209,0.028022873880048215,0.4779502460357827,FALSE,11
TT,Males,GW,C8-Neg-003619,Ps(22:3_24:7),Lipids and lipid-like molecules,NA,-0.6743240831764388,0.032471521743253434,0.5262625937699695,FALSE,11
TT,Males,GW,Amide-Pos-001779,Cytidine 5'-Diphosphocholine,"Nucleosides, nucleotides, and analogues",map00564;R-HSA-1483191;WP2525;WP2533;WP3933;WP4288;WP4722;WP4906;WP528,0.654217615042121,0.04014677247712849,0.5771143917051181,FALSE,11
TT,Males,GW,Amide-Pos-000987,Asp-Asp,Organic acids and derivatives,NA,0.6510190355646711,0.04147064881908409,0.5771143917051181,FALSE,11
TT,Males,GW,Amide-Neg-000486,L-Glutamine,Organic acids and derivatives,map00250;map00330;map00360;map00520;map00760;map00910;R-HSA-112310;R-HSA-112313;R-HSA-156587;R-HSA-159424;R-HSA-177162;R-HSA-196807;R-HSA-210455;R-HSA-210500;R-HSA-352230;R-HSA-379716;R-HSA-379724;R-HSA-379726;R-HSA-4085023;R-HSA-442660;R-HSA-446210;R-HSA-446219;R-HSA-499943;R-HSA-500753;R-HSA-5609975;R-HSA-5619044;R-HSA-5628897;R-HSA-5659735;R-HSA-73817;R-HSA-8956320;R-HSA-8963693;R-HSA-8964539;R-HSA-9748787;WP1982;WP2267;WP2485;WP3602;WP3953;WP4022;WP4224;WP4225;WP4313;WP4571;WP4583;WP4595;WP5213;WP5312;WP5470;WP715,0.6507982764553487,0.04156308736117669,0.5771143917051181,FALSE,11
TT,Males,GW,C8-Pos-004612,Pc(9:0cho_26:1),Lipids and lipid-like molecules,NA,0.65035599415352,0.041748700676540455,0.5771143917051181,FALSE,11
TT,Males,GW,C8-Pos-004801,Pc(16:1cooh_23:3),Lipids and lipid-like molecules,NA,0.65035599415352,0.041748700676540455,0.5771143917051181,FALSE,11
TT,Males,GW,Amide-Neg-000876,Citric Acid,Organic acids and derivatives,map00020;R-HSA-200425;R-HSA-389542;R-HSA-428643;R-HSA-433137;R-HSA-70171;R-HSA-70326;R-HSA-71403;R-HSA-75105;R-HSA-8978934;R-HSA-9717189;R-HSA-9729555;WP106;WP2453;WP357;WP3602;WP4206;WP4290;WP4661;WP4966;WP5213;WP78,0.6574479408785331,0.05430783412089474,0.5864174861106819,FALSE,10
TT,Males,GW,Amide-Pos-001865,Guanosine-5'-Triphosphate,"Nucleosides, nucleotides, and analogues",map00020;map00051;map00250;map00620;map00790;R-HSA-114608;R-HSA-1445148;R-HSA-1483255;R-HSA-1660499;R-HSA-1660514;R-HSA-2132295;R-HSA-432040;R-HSA-445717;R-HSA-5620920;R-HSA-5620922;R-HSA-5620924;R-HSA-5624138;R-HSA-6811438;R-HSA-76005;R-HSA-8854214;R-HSA-9007101;R-HSA-983170;WP4236;WP4539;WP4928;WP4969;WP5366;WP585;WP78,0.643322405507626,0.04477570771736338,0.5864174861106819,FALSE,11
TT,Males,GW,C18-Pos-002507,2-(Alpha-D-Mannopyranosyl)-L-Tryptophan,Organoheterocyclic compounds,NA,0.6394802324782475,0.06366630911263652,0.5864174861106819,FALSE,10
TT,Males,GW,C8-Pos-003929,Tg(28:6_14:3cho),Lipids and lipid-like molecules,NA,0.6382299960158284,0.06435270961382943,0.5864174861106819,FALSE,10
TT,Males,GW,C8-Neg-003536,Pi 38:6,Lipids and lipid-like molecules,NA,-0.63593220100686,0.048110842119609164,0.5864174861106819,FALSE,11
TT,Males,GW,C8-Pos-005193,Pc(20:0_22:5),Lipids and lipid-like molecules,NA,-0.6347051795911072,0.06631288504177262,0.5864174861106819,FALSE,10
TT,Males,GW,Amide-Pos-000754,Acetyl-L-Carnitine,Lipids and lipid-like molecules,map01040;R-HSA-389887;R-HSA-390918;WP106,0.6336384442231892,0.04917872570739608,0.5864174861106819,FALSE,11
TT,Males,GW,Amide-Neg-000220,"L-Threonic Acid-1,4-Lactone",Organoheterocyclic compounds,NA,0.6188101494560736,0.05646450283485914,0.5864174861106819,FALSE,11
TT,Males,GW,Amide-Neg-000078,Isobutyric Acid,Organic acids and derivatives,NA,0.6163956525180585,0.05771457688366216,0.5864174861106819,FALSE,11
TT,Males,GW,Amide-Pos-000156,Taurine,Organic acids and derivatives,map00120;map00430;R-HSA-159418;R-HSA-1614558;R-HSA-1614635;R-HSA-192105;R-HSA-193368;R-HSA-194068;R-HSA-352230;R-HSA-442660;R-HSA-8963693;WP2333;WP2525;WP2848;WP4292;WP4504;WP5176;WP715,0.6145817757387706,0.05866561019690867,0.5864174861106819,FALSE,11
TT,Males,GW,C18-Pos-004585,1-Oleoyl-Sn-Glycero-3-Phosphocholine,Lipids and lipid-like molecules,NA,0.6110747589633269,0.060533555764932724,0.5864174861106819,FALSE,11
TT,Males,GW,Amide-Pos-001139,N-Acetyl-D-Glucosamine 6-Phosphate,Organic oxygen compounds,map00250;map00520;R-HSA-446210;R-HSA-446219;WP5220;WP5394,0.609995621040774,0.061116115707933565,0.5864174861106819,FALSE,11
TT,Males,GW,Amide-Neg-000920,D-Gluconic Acid,Organic oxygen compounds,NA,-0.6097909582519335,0.06122701492811404,0.5864174861106819,FALSE,11
TT,Males,GW,Amide-Pos-002017,Guanosine 5'-Diphospho-Α-D-Mannose,"Nucleosides, nucleotides, and analogues",NA,0.6095040196740213,0.061382719112610756,0.5864174861106819,FALSE,11
TT,Males,GW,C8-Neg-003479,Ps(18:0_24:6),Lipids and lipid-like molecules,NA,0.6093251883929232,0.061479891611973037,0.5864174861106819,FALSE,11
TT,Males,GW,Amide-Pos-001508,Tetradecanoyl-L-Carnitine,Lipids and lipid-like molecules,NA,0.6067153026486656,0.06290956417594055,0.5864174861106819,FALSE,11
TT,Males,GW,Amide-Neg-000851,Α-Cyano-3-Hydroxycinnamic Acid,Phenylpropanoids and polyketides,NA,0.6053441139014095,0.06366935995147976,0.5864174861106819,FALSE,11
TT,Males,GW,Amide-Neg-000318,N-Acetylalanine,Organic acids and derivatives,NA,0.6003671699100135,0.06647766745893814,0.5864174861106819,FALSE,11
TT,Males,GW,Amide-Neg-000235,D-Threonine,Organic acids and derivatives,NA,0.598804895657278,0.06737562606378047,0.5864174861106819,FALSE,11
TT,Males,GW,C8-Pos-000709,Stearoyl Ethanolamide,Organic nitrogen compounds,R-HSA-112310,0.598804895657278,0.06737562606378047,0.5864174861106819,FALSE,11
TT,Males,GW,C8-Pos-000497,Palmitoyl Ethanolamide,Organic acids and derivatives,R-HSA-112310;WP4949,0.595427319221064,0.06934398715634336,0.592575890245116,FALSE,11
TT,Males,GW,Amide-Neg-000196,Maleic Acid,Organic acids and derivatives,NA,0.5881741037845905,0.07369681623708246,0.6185268505612278,FALSE,11
TT,Males,GW,C8-Neg-003556,Ps(20:1_24:6),Lipids and lipid-like molecules,NA,0.5774851701532558,0.08042883278987856,0.6553561008474746,FALSE,11
TT,Males,GW,C8-Pos-004631,Pc(15:1cho_22:2),Lipids and lipid-like molecules,NA,0.5767994959585357,0.08087373159394368,0.6553561008474746,FALSE,11
TT,Males,GW,Amide-Neg-000729,L-Ascorbic Acid,Organoheterocyclic compounds,map00350;R-HSA-1234174;R-HSA-1234176;R-HSA-1474151;R-HSA-1474290;R-HSA-1650814;R-HSA-196836;R-HSA-209776;R-HSA-209905;R-HSA-5221030;R-HSA-71262;R-HSA-8963684;R-HSA-8963691;R-HSA-8978934;WP1533;WP1995;WP2848;WP4269,0.6050126565462698,0.08431589514784057,0.6607371989605555,FALSE,10
TT,Males,GW,C8-Neg-000383,(Rac)-Idroxioleic Acid,Lipids and lipid-like molecules,NA,-0.5715246681028515,0.084349429654539,0.6607371989605555,FALSE,11
TT,Males,GW,C18-Pos-002570,Myristoyl-L-Carnitine,Lipids and lipid-like molecules,NA,0.5654058959309837,0.08849982782204266,0.6652781765625427,FALSE,11
TT,Males,GW,Amide-Neg-000574,N-Acetyl-L-Valine,Organic acids and derivatives,NA,0.5620758162913949,0.09081259642713102,0.6652781765625427,FALSE,11
TT,Males,GW,Amide-Pos-001270,2-Acetamido-N-Β-Aspartyl-2-Deoxyhexopyranosylamine,Organic oxygen compounds,NA,0.5599749469671099,0.09229135001225404,0.6652781765625427,FALSE,11
TT,Males,GW,Amide-Pos-000902,2-Sc S-(2-Succinyl)-L-Cysteine,Organic acids and derivatives,NA,0.558049972931472,0.09365971241020375,0.6652781765625427,FALSE,11
TT,Males,GW,C18-Neg-000965,"2-(6-Hydroxy-1-Methyl-2-Methylidene-9-Propan-2-Yl-5-Oxatricyclo[5.4.0.03,8]Undecan-4-Yl)Acetic Acid",Lipids and lipid-like molecules,NA,0.557938184668728,0.09373957179137349,0.6652781765625427,FALSE,11
TT,Males,GW,Amide-Pos-000866,Pro-Asp,Organic acids and derivatives,NA,0.556273032732854,0.09493426673689032,0.6652781765625427,FALSE,11
TT,Males,GW,Amide-Pos-000376,L(+)-Ornithine,Organic acids and derivatives,map00330;R-HSA-351202;R-HSA-352230;R-HSA-420499;R-HSA-70635;R-HSA-71288;R-HSA-8964539;WP2525;WP3580;WP3602;WP4225;WP4571;WP4583;WP4595;WP497;WP5026;WP5078;WP661,0.5542161462500828,0.09642334911189407,0.6652781765625427,FALSE,11
TT,Males,GW,Amide-Neg-000499,D-(+)-Ribonic Acid Gamma-Lactone,Organic oxygen compounds,NA,0.5495156836219087,0.09988176943645555,0.6652781765625427,FALSE,11
TT,Males,GW,Amide-Pos-000635,Cysteinylglycine,Organic acids and derivatives,NA,0.5488100975604092,0.10040760303967612,0.6652781765625427,FALSE,11
TT,Males,GW,Amide-Neg-000135,D-Glyceric Acid,Organic oxygen compounds,map00561;R-HSA-5652084;R-HSA-70350;WP5166;WP5178,0.5487570084641523,0.10044723817478338,0.6652781765625427,FALSE,11
TT,Males,GW,C18-Pos-001015,D-(+)-Tryptophan,Organoheterocyclic compounds,R-HSA-420499;R-HSA-9717189;R-HSA-9717207;WP5078,0.5486870681000564,0.1004994692254054,0.6652781765625427,FALSE,11
TT,Males,GW,Amide-Neg-000219,N-Acetylglycine,Organic acids and derivatives,NA,0.532020646147964,0.11343995151277755,0.7173502224322357,FALSE,11
TT,Males,GW,Amide-Neg-000587,2-Oxoadipic Acid,Organic acids and derivatives,map00310;R-HSA-71064;R-HSA-9858328;WP4519;WP465,0.5312804290581098,0.11403766954550314,0.7173502224322357,FALSE,11
TT,Males,GW,Amide-Neg-001445,D-Mannitol 1-Phosphate,Organic oxygen compounds,NA,0.5311187646218625,0.11416847381020875,0.7173502224322357,FALSE,11
TT,Males,GW,Amide-Pos-001385,"[2,2'-Biquinoline]-4,4'-Dicarboxylic Acid",Organoheterocyclic compounds,NA,0.5306260936241333,0.11456767787674521,0.7173502224322357,FALSE,11
TT,Males,GW,Amide-Neg-000307,Citraconic Acid,Lipids and lipid-like molecules,NA,0.5288708055051089,0.11599705724436152,0.7173502224322357,FALSE,11
TT,Males,GW,Amide-Pos-000236,Dl-Valine,Organic acids and derivatives,WP4686;WP5029,0.5218915694481524,0.12179040752399153,0.7404002100775273,FALSE,11
TT,Males,GW,C18-Pos-001333,Asp-Leu,Organic acids and derivatives,NA,0.5193203542289726,0.12396919527192521,0.7404002100775273,FALSE,11
TT,Males,GW,C8-Pos-000327,Methyl Palmitate,Lipids and lipid-like molecules,NA,0.5187564475998468,0.12445024807686099,0.7404002100775273,FALSE,11
TT,Males,GW,C18-Neg-001236,"5,5-Dimethyl-2-{[(2-Phenylacetyl)Amino]Methyl}-1,3-Thiazolane-4-Carboxylic Acid",Organic acids and derivatives,NA,-0.5097357940722181,0.1323031390507058,0.7688842017011276,FALSE,11
TT,Males,GW,C8-Pos-005302,Pe(26:4_19:6cooh),Lipids and lipid-like molecules,NA,-0.5079069406248721,0.13393153133634142,0.7688842017011276,FALSE,11
TT,Males,GW,C8-Pos-001073,Cer(D15:2_7:0),Lipids and lipid-like molecules,NA,0.5051916515349322,0.13637184642558534,0.7688842017011276,FALSE,11
TT,Males,GW,C18-Pos-003970,1-(9z-Octadecenoyl)-Sn-Glycero-3-Phosphoethanolamine,Lipids and lipid-like molecules,NA,0.5038772304083621,0.1375628950701802,0.7688842017011276,FALSE,11
TT,Males,GW,C18-Pos-001332,Hypaphorine,Organic acids and derivatives,NA,0.5037160049996668,0.13770942556675614,0.7688842017011276,FALSE,11
TT,Males,GW,C8-Pos-004303,Pe 20:2_20:2,Lipids and lipid-like molecules,NA,0.5022379521568895,0.13905722303456908,0.7688842017011276,FALSE,11
TT,Males,GW,C8-Neg-003571,Pc(20:2_21:4),Lipids and lipid-like molecules,NA,-0.5004596855782666,0.14068944967297228,0.7688842017011276,FALSE,11
TT,Males,GW,Amide-Neg-000214,L-Valine,Organic acids and derivatives,map00280;map00640;R-HSA-352230;R-HSA-379716;R-HSA-379724;R-HSA-379726;R-HSA-442660;R-HSA-5619044;R-HSA-5619094;R-HSA-5659735;R-HSA-70895;R-HSA-71240;WP3953;WP4225;WP4233;WP4686;WP661,0.4937473969427935,0.14695576093015209,0.7799222232667983,FALSE,11
TT,Males,GW,Amide-Neg-000015,Glycolic Acid,Organic acids and derivatives,R-HSA-389661;WP4157;WP5166,0.4930657180607523,0.14760147578019683,0.7799222232667983,FALSE,11
TT,Males,GW,C8-Pos-005546,Pc(19:4cho_29:7),Lipids and lipid-like molecules,NA,0.4929751453177521,0.14768739972498945,0.7799222232667983,FALSE,11
TT,Males,GW,Amide-Pos-000658,Trans-3-Indoleacrylic Acid,Organoheterocyclic compounds,WP465,0.5186347666968338,0.15255184383772505,0.787905127513525,FALSE,10
TT,Males,GW,C8-Pos-003474,"1,2-Dimyristoyl-Sn-Glycero-3-Pc",Lipids and lipid-like molecules,NA,0.4890385708443426,0.15145133242287792,0.787905127513525,FALSE,11
TT,Males,GW,C8-Neg-002843,Pc(18:1_5:1cho),Lipids and lipid-like molecules,NA,0.48394192021344457,0.15641001259381915,0.7888990534707483,FALSE,11
TT,Males,GW,Amide-Neg-000119,"D,L-Serine",Organic acids and derivatives,map00270;map00450;map00910;R-HSA-1483101;R-HSA-1614558;R-HSA-1614603;R-HSA-1614635;R-HSA-1660661;R-HSA-196757;R-HSA-2408508;R-HSA-2408557;R-HSA-352230;R-HSA-379716;R-HSA-379724;R-HSA-379726;R-HSA-442660;R-HSA-5619044;R-HSA-5619094;R-HSA-5659735;R-HSA-977347;WP1422;WP1495;WP1533;WP176;WP241;WP2525;WP2533;WP3933;WP3996;WP4142;WP4259;WP4290;WP4297;WP4504;WP4577;WP4589;WP4628;WP4688;WP4725;WP4726;WP5028;WP5029;WP5049;WP5121;WP5166;WP5194;WP5213;WP5312,0.48365566410175276,0.15669138721347806,0.7888990534707483,FALSE,11
TT,Males,GW,Amide-Pos-000224,D-Proline,Organic acids and derivatives,map00330,0.48038701684405,0.15992594868859963,0.7888990534707483,FALSE,11
TT,Males,GW,C18-Pos-003617,1-Hexadecanoyl-Sn-Glycero-3-Phosphoethanolamine,Lipids and lipid-like molecules,map00564,0.47797750553855356,0.16233585167759798,0.7888990534707483,FALSE,11
TT,Males,GW,Amide-Neg-000449,O-Phosphocolamine,Organic acids and derivatives,R-HSA-1483213;R-HSA-9845614;WP1422;WP2525;WP2533;WP3933;WP4142;WP4722;WP4725;WP4726;WP5090;WP5194,0.47651769548072503,0.16380644453278054,0.7888990534707483,FALSE,11
TT,Males,GW,C8-Pos-003992,Bismepa(18:0_19:1),Lipids and lipid-like molecules,NA,0.47468555154133296,0.16566338987275084,0.7888990534707483,FALSE,11
TT,Males,GW,C8-Pos-004891,Pet(20:0_23:6),Lipids and lipid-like molecules,NA,-0.4746094390655479,0.16574080413595707,0.7888990534707483,FALSE,11
TT,Males,GW,C18-Pos-000538,Indole-3-Carboxaldehyde,Organoheterocyclic compounds,WP465,0.474185535871271,0.1661723538161789,0.7888990534707483,FALSE,11
TT,Males,GW,C18-Pos-003241,Oleoyl-L-Carnitine,Lipids and lipid-like molecules,NA,0.472044151833917,0.1683626378057406,0.7896387396494017,FALSE,11
TT,Males,GW,Amide-Pos-001625,Glu-Glu-Glu,Organic acids and derivatives,NA,0.4707561412414063,0.16968832490338207,0.7896387396494017,FALSE,11
TT,Males,GW,C8-Pos-004871,Pe(20:5_22:2),Lipids and lipid-like molecules,NA,-0.48801356663840273,0.18260350705608855,0.7917750724129802,FALSE,10
TT,Males,GW,Amide-Neg-000094,Levulinic Acid,Organic acids and derivatives,NA,0.487025892061789,0.1836244316872656,0.7917750724129802,FALSE,10
TT,Males,GW,C8-Pos-001060,Vitamin D3,Lipids and lipid-like molecules,map00100;R-HSA-196791;R-HSA-211916;R-HSA-5579027;R-HSA-5579029;WP1531;WP322;WP4342;WP4698;WP4961;WP4969;WP5133;WP716,0.4661016724202589,0.17453073320866025,0.7917750724129802,FALSE,11
TT,Males,GW,C18-Pos-001031,Triethylene Glycol Monobutyl Ether,Organic oxygen compounds,NA,0.4652806644442016,0.1753933142709227,0.7917750724129802,FALSE,11
TT,Males,GW,Amide-Pos-001016,3-Ketocarbofuran,Organoheterocyclic compounds,NA,0.4618040509576328,0.17907398382723125,0.7917750724129802,FALSE,11
TT,Males,GW,C8-Pos-004529,Dg(25:3_25:7),Lipids and lipid-like molecules,NA,0.46098335930421414,0.17994945944904955,0.7917750724129802,FALSE,11
TT,Males,GW,C8-Neg-003439,Dgdg(18:0_11:1),Lipids and lipid-like molecules,NA,-0.4583981358598128,0.18272377587236666,0.7917750724129802,FALSE,11
TT,Males,GW,C8-Pos-004731,Pe 18:0_24:5,Lipids and lipid-like molecules,NA,-0.45830504546726347,0.18282414313017928,0.7917750724129802,FALSE,11
TT,Males,GW,C8-Neg-002972,Oahfa(15:1_27:4),Lipids and lipid-like molecules,NA,-0.4642379985831787,0.20807351087579642,0.7952849878604749,FALSE,10
TT,Males,GW,Amide-Pos-001387,Asp-Pro-Asn,Organic acids and derivatives,NA,0.4615482557762501,0.21107214844268382,0.7952849878604749,FALSE,10
TT,Males,GW,C8-Pos-001592,"2-[{[(1s,4s,6s)-4-({5-[4-(Dimethylamino)Phenyl]-1,3,4-Oxadiazol-2-Yl}Methyl)-6-Isopropyl-3-Methyl-2-Cyclohexen-1-Yl]Methyl}(Methyl)Amino]Ethanol",Lipids and lipid-like molecules,NA,0.4613351668573009,0.21131072430286207,0.7952849878604749,FALSE,10
TT,Males,GW,C18-Pos-001951,Gln-Gly-Ile,Organic acids and derivatives,NA,-0.4568920632650339,0.21631918176245052,0.7952849878604749,FALSE,10
TT,Males,GW,Amide-Neg-000479,4-(Acetylamino)Butanoic Acid,Organic acids and derivatives,WP4157,0.4522588099742936,0.1894126971507327,0.7952849878604749,FALSE,11
TT,Males,GW,Amide-Pos-000447,L-2-Aminoadipic Acid,Organic acids and derivatives,map00310;R-HSA-71064;WP4228;WP4519,0.45191361439394107,0.18979299790062715,0.7952849878604749,FALSE,11
TT,Males,GW,C8-Neg-003407,Pc(27:6_8:1cooh),Lipids and lipid-like molecules,NA,-0.44948307001099125,0.22481466393083407,0.7952849878604749,FALSE,10
TT,Males,GW,Amide-Neg-000678,Dehydroascorbic Acid,Organoheterocyclic compounds,map00350,0.44797565778179804,0.19416310914398746,0.7952849878604749,FALSE,11
TT,Males,GW,Amide-Pos-000365,Triethanolamine,Organic nitrogen compounds,NA,0.44629575290275014,0.1960450941508408,0.7952849878604749,FALSE,11
TT,Males,GW,C8-Pos-005326,Pi(29:7_11:0),Lipids and lipid-like molecules,NA,-0.444404293146565,0.19817677047228469,0.7952849878604749,FALSE,11
TT,Males,GW,C18-Pos-000820,Propham,Benzenoids,NA,0.43852337383239093,0.2048904141174999,0.7952849878604749,FALSE,11
TT,Males,GW,Amide-Pos-000536,L-Histidine,Organic acids and derivatives,map00340;map00410;map00910;R-HSA-352230;R-HSA-379716;R-HSA-379724;R-HSA-379726;R-HSA-427975;R-HSA-442660;R-HSA-5223345;R-HSA-5619094;R-HSA-70921;R-HSA-71240;WP4486;WP4661;WP5313;WP550;WP661,0.43844261698287396,0.20498350997675063,0.7952849878604749,FALSE,11
TT,Males,GW,Amide-Pos-000583,D-Phenylalanine,Organic acids and derivatives,WP4156;WP5029,0.4375439068367853,0.2060211884841156,0.7952849878604749,FALSE,11
TT,Males,GW,Amide-Neg-000104,Ethyl Acetoacetate,Organic acids and derivatives,map00072;map00280;map00350;map00360;map00650;R-HSA-433692;R-HSA-5619070;R-HSA-74182;R-HSA-77108;R-HSA-77111;R-HSA-8963684;R-HSA-8963691;R-HSA-9749641;WP3602;WP4190;WP4506;WP4686;WP4742;WP5175;WP5195,0.4336451686563606,0.24357489681627373,0.7952849878604749,FALSE,10
TT,Males,GW,C8-Pos-003642,Palmitoyl Sphingomyelin,Lipids and lipid-like molecules,WP4726,0.43268260148994075,0.2116867562014269,0.7952849878604749,FALSE,11
TT,Males,GW,C8-Neg-003807,Sqdg(14:0_30:6),Lipids and lipid-like molecules,NA,0.4323435687030855,0.24515282490586895,0.7952849878604749,FALSE,10
TT,Males,GW,Amide-Pos-000636,6-Chloropicolinic Acid,Organoheterocyclic compounds,NA,-0.4313421994787005,0.2132645128231165,0.7952849878604749,FALSE,11
TT,Males,GW,C8-Pos-000708,"N,N-Dimethylsphingosine",Organic nitrogen compounds,NA,-0.42883995130235036,0.21622788247759014,0.7952849878604749,FALSE,11
TT,Males,GW,C8-Pos-002045,Lpe 18:1,Lipids and lipid-like molecules,NA,0.428575316960294,0.216542657034604,0.7952849878604749,FALSE,11
TT,Males,GW,Amide-Neg-001331,Pseudouridine,"Nucleosides, nucleotides, and analogues",R-HSA-73614;R-HSA-8956321;WP4485,0.4284212962505688,0.21672598087056022,0.7952849878604749,FALSE,11
TT,Males,GW,Amide-Pos-000094,3-(Ethenyloxy)Propan-1-Amine,Organic oxygen compounds,NA,0.42760337139839233,0.21770100940284748,0.7952849878604749,FALSE,11
TT,Males,GW,C8-Pos-005208,Pc(15:1cooh_27:7),Lipids and lipid-like molecules,NA,-0.42558399026844396,0.22011900000098544,0.7952849878604749,FALSE,11
TT,Males,GW,C8-Neg-003430,Dgdg(2:0_27:3),Lipids and lipid-like molecules,NA,-0.42392863336081577,0.22211250357642517,0.7952849878604749,FALSE,11
TT,Males,GW,Amide-Neg-000032,Pyruvic Acid,Organic acids and derivatives,map00020;map00250;map00270;map00330;map00520;map00620;map00910;R-HSA-1614558;R-HSA-1614635;R-HSA-196807;R-HSA-197264;R-HSA-204174;R-HSA-2408508;R-HSA-389661;R-HSA-4085001;R-HSA-427601;R-HSA-428643;R-HSA-433692;R-HSA-446219;R-HSA-5362517;R-HSA-5619070;R-HSA-6782315;R-HSA-6782861;R-HSA-70171;R-HSA-70263;R-HSA-70268;R-HSA-70326;R-HSA-71240;R-HSA-73621;R-HSA-8956319;R-HSA-8963691;R-HSA-8964208;R-HSA-8964539;R-HSA-8964540;R-HSA-9749641;R-HSA-977347;R-HSA-9861559;R-HSA-9861718;WP106;WP1495;WP1584;WP1946;WP2333;WP2453;WP2456;WP2868;WP357;WP3580;WP3602;WP3644;WP3965;WP4141;WP4206;WP4236;WP4290;WP4297;WP4504;WP4595;WP4628;WP4629;WP4661;WP4688;WP4742;WP5030;WP5031;WP5046;WP5049;WP5050;WP5166;WP5178;WP5211;WP5213;WP5216;WP5220;WP528;WP5312;WP5314;WP534;WP5433;WP661,-0.4214129506295314,0.2586193315234952,0.7952849878604749,FALSE,10
TT,Males,GW,Amide-Neg-000557,N-Acetyl-L-Aspartic Acid,Organic acids and derivatives,map00250;R-HSA-8963693;R-HSA-8964539;WP4519;WP5365,0.42031938978112765,0.22649458438012557,0.7952849878604749,FALSE,11
TT,Males,GW,Amide-Pos-001360,"D-Myo-Inositol-1,2-Diphosphate",Organic oxygen compounds,NA,0.4188435689475885,0.2283004541025778,0.7952849878604749,FALSE,11
TT,Males,GW,Amide-Neg-001422,Adenosine Triphosphate (Atp),"Nucleosides, nucleotides, and analogues",map00020;map00051;map00052;map00071;map00100;map00120;map00190;map00250;map00270;map00280;map00330;map00340;map00360;map00380;map00450;map00480;map00520;map00561;map00562;map00620;map00640;map00650;map00670;map00730;map00740;map00760;map00770;map00780;map00910;map00920;map01040;WP111;WP1584;WP1602;WP176;WP2267;WP2333;WP2485;WP2533;WP2571;WP3580;WP3656;WP3869;WP4141;WP4191;WP4195;WP4206;WP4224;WP4236;WP4292;WP4317;WP4321;WP4518;WP4628;WP4629;WP4742;WP4900;WP4950;WP521;WP5283;WP531;WP5396;WP623;WP692;WP698;WP704;WP715;WP78,0.41829962034654244,0.2289681034570793,0.7952849878604749,FALSE,11
TT,Males,GW,C8-Neg-003604,Pg(24:1_22:7),Lipids and lipid-like molecules,NA,0.4182614666679669,0.2290149752625705,0.7952849878604749,FALSE,11
TT,Males,GW,C8-Pos-000350,Citroflex 2,Organic acids and derivatives,NA,0.415951883131766,0.23186242786418024,0.7952849878604749,FALSE,11
TT,Males,GW,Amide-Neg-002218,Cytidine-5'-Monophospho-N-Acetylneuraminic Acid,"Nucleosides, nucleotides, and analogues",map00520;WP5151,0.4147763510213919,0.23331937392367064,0.7952849878604749,FALSE,11
TT,Males,GW,C8-Pos-001332,Palmitoylcarnitine,Lipids and lipid-like molecules,NA,0.41296681441178384,0.23557217887466056,0.7952849878604749,FALSE,11
TT,Males,GW,Amide-Neg-000001,Acrylic Acid,Organic acids and derivatives,NA,0.4100587708930583,0.2392181589777928,0.7952849878604749,FALSE,11
TT,Males,GW,C8-Pos-003830,Pe(P-11:0_23:0),Lipids and lipid-like molecules,NA,0.409778949593713,0.23957064864480077,0.7952849878604749,FALSE,11
TT,Males,GW,C8-Pos-004273,Pe(O-16:2_22:3),Lipids and lipid-like molecules,NA,0.4090190591326913,0.24052935022946584,0.7952849878604749,FALSE,11
TT,Males,GW,Amide-Neg-000344,L-Ornithine,Organic acids and derivatives,map00330;R-HSA-351202;R-HSA-352230;R-HSA-420499;R-HSA-70635;R-HSA-71288;R-HSA-8964539;WP2525;WP3580;WP3602;WP4225;WP4571;WP4583;WP4595;WP497;WP5026;WP5078;WP661,0.4056721863938222,0.27868294136261107,0.7952849878604749,FALSE,10
TT,Males,GW,Amide-Neg-000142,Pyrrole-2-Carboxylic Acid,Organoheterocyclic compounds,NA,0.4051976736623845,0.27929996712394806,0.7952849878604749,FALSE,10
TT,Males,GW,C18-Pos-001855,L-Glutathione (Reduced),Organic acids and derivatives,map00250;map00480;map00590;map00620;R-HSA-1222499;R-HSA-1222538;R-HSA-1222556;R-HSA-156581;R-HSA-156590;R-HSA-1614517;R-HSA-1614558;R-HSA-1614635;R-HSA-174403;R-HSA-196741;R-HSA-196836;R-HSA-204174;R-HSA-2142688;R-HSA-2142691;R-HSA-2142712;R-HSA-2142770;R-HSA-2162123;R-HSA-2408499;R-HSA-2408550;R-HSA-3299685;R-HSA-499943;R-HSA-5423646;R-HSA-5579022;R-HSA-5579029;R-HSA-5628897;R-HSA-70268;R-HSA-8963684;R-HSA-8963691;R-HSA-9018676;R-HSA-9018677;R-HSA-9018679;R-HSA-9018896;R-HSA-9020265;R-HSA-9023661;R-HSA-9026395;R-HSA-9026762;R-HSA-9026766;R-HSA-9635486;R-HSA-9748787;R-HSA-9753281;R-HSA-9759218;R-HSA-9861718;WP100;WP1438;WP1495;WP2333;WP2436;WP2525;WP314;WP3287;WP4233;WP4290;WP4313;WP4487;WP4504;WP4518;WP4584;WP4900;WP5030;WP5171;WP5213;WP5233;WP5238;WP692,0.40200185543972194,0.2834740824399832,0.7952849878604749,FALSE,10
TT,Males,GW,C18-Pos-000384,Cis-4-Hydroxy-D-Proline,Organic acids and derivatives,NA,0.4017844111204805,0.28375925806871205,0.7952849878604749,FALSE,10
TT,Males,GW,Amide-Neg-000697,Dl-Arginine,Organic acids and derivatives,WP5029;WP5078;WP5192,0.40081222172165204,0.25102014414906787,0.7952849878604749,FALSE,11
TT,Males,GW,Amide-Neg-000331,D-Asparagine,Organic acids and derivatives,NA,0.4005750625327914,0.25132702101024107,0.7952849878604749,FALSE,11
TT,Males,GW,Amide-Neg-000314,Mesaconic Acid,Lipids and lipid-like molecules,NA,0.40051840835995683,0.25140036064965793,0.7952849878604749,FALSE,11
TT,Males,GW,Amide-Pos-000836,Cystathionine,Organic acids and derivatives,NA,0.399151109566501,0.2531739548998848,0.7952849878604749,FALSE,11
TT,Males,GW,Amide-Pos-001025,5-Methylcytidine,"Nucleosides, nucleotides, and analogues",NA,0.3988242257398129,0.2876562722048526,0.7952849878604749,FALSE,10
TT,Males,GW,C8-Pos-003050,Tg(29:3cooh_2:0),Lipids and lipid-like molecules,NA,0.39822511867485166,0.2543790373667565,0.7952849878604749,FALSE,11
TT,Males,GW,Amide-Pos-000918,3-Hydroxy-1-Methyl-3-(2-Oxopropyl)Indol-2-One,Organoheterocyclic compounds,NA,0.3970728577535096,0.2558830175991754,0.7952849878604749,FALSE,11
TT,Males,GW,C8-Neg-000367,Myristyl Sulfate,Organic acids and derivatives,NA,0.3966693090448809,0.256410907620236,0.7952849878604749,FALSE,11
TT,Males,GW,Amide-Pos-001033,Hexanoylcarnitine,Lipids and lipid-like molecules,NA,0.39559114630924697,0.2578242259895247,0.7952849878604749,FALSE,11
TT,Males,GW,C8-Pos-003714,Pc(O-10:0_23:2),Lipids and lipid-like molecules,NA,0.39228210571391436,0.2621887108322261,0.7952849878604749,FALSE,11
TT,Males,GW,Amide-Pos-001585,S-Adenosylmethionine,"Nucleosides, nucleotides, and analogues",NA,0.38551152577631753,0.27124449022378627,0.7952849878604749,FALSE,11
TT,Males,GW,Amide-Neg-001873,"D-Fructose-1,6-Bisphosphate",Organic oxygen compounds,map00051;R-HSA-70171;R-HSA-70263;R-HSA-70268;R-HSA-70326;R-HSA-73817;R-HSA-8956320;WP1946;WP2456;WP4290;WP4628;WP4629;WP4949;WP5178;WP5216;WP534,0.38428682416304427,0.2729005335380566,0.7952849878604749,FALSE,11
TT,Males,GW,C18-Pos-001644,Adenylyl(3'-5')Cytidine,"Nucleosides, nucleotides, and analogues",NA,0.38403634995043406,0.27323990223491323,0.7952849878604749,FALSE,11
TT,Males,GW,C8-Neg-003585,Pc(12:1_28:3),Lipids and lipid-like molecules,NA,-0.383561963759484,0.27388328013813884,0.7952849878604749,FALSE,11
TT,Males,GW,C8-Pos-005434,Pi(18:0_22:6),Lipids and lipid-like molecules,NA,-0.38282243848577224,0.27488789182112794,0.7952849878604749,FALSE,11
TT,Males,GW,Amide-Neg-000158,Maleic Hydrazide,Organoheterocyclic compounds,NA,0.38281500196530255,0.2748980041648773,0.7952849878604749,FALSE,11
TT,Males,GW,C8-Pos-000382,D-Sphingosine,Organic nitrogen compounds,R-HSA-9845614;WP1422;WP4142;WP4153;WP4725;WP4726;WP4846;WP4949;WP5143;WP5194,0.382216220026526,0.27571290510443636,0.7952849878604749,FALSE,11
TT,Males,GW,Amide-Neg-000047,Dl-Alanine,Organic acids and derivatives,map00250;map00330;map00380;map00450;map00480;R-HSA-1362409;R-HSA-209776;R-HSA-209968;R-HSA-2408508;R-HSA-352230;R-HSA-379716;R-HSA-379724;R-HSA-379726;R-HSA-389661;R-HSA-428559;R-HSA-442660;R-HSA-5619044;R-HSA-5619094;R-HSA-5659735;R-HSA-70268;R-HSA-71240;R-HSA-73621;R-HSA-8956319;R-HSA-8963691;R-HSA-8964208;R-HSA-8964539;R-HSA-8964540;R-HSA-947581;WP106;WP1946;WP2485;WP3953;WP4210;WP4236;WP4595;WP4661;WP4917;WP5029;WP5166;WP5179;WP5194,0.38063074103271877,0.277876964840689,0.7952849878604749,FALSE,11
TT,Males,GW,C8-Neg-001710,Lpc(14:0),Lipids and lipid-like molecules,NA,0.37989396528139413,0.2788857343056103,0.7952849878604749,FALSE,11
TT,Males,GW,C18-Pos-000567,Phloretic Acid,Phenylpropanoids and polyketides,NA,-0.3795620432625548,0.27934083875338817,0.7952849878604749,FALSE,11
TT,Males,GW,C8-Pos-000593,Glycerol Monopalmitate,Lipids and lipid-like molecules,NA,0.3781672216636962,0.2812576984098486,0.7952849878604749,FALSE,11
TT,Males,GW,C8-Pos-004203,Pc(O-29:1_5:0),Lipids and lipid-like molecules,NA,0.3743393067213854,0.2865546945166389,0.7952849878604749,FALSE,11
TT,Males,GW,C8-Pos-001297,Bis(4-Ethylbenzylidene)Sorbitol,Organoheterocyclic compounds,NA,0.3737139537330381,0.2874251093773446,0.7952849878604749,FALSE,11
TT,Males,GW,C8-Pos-005464,Pc(26:6_21:6cho),Lipids and lipid-like molecules,NA,-0.37148315924574987,0.2905416626556023,0.7970317352347268,FALSE,11
TT,Males,GW,Amide-Pos-001218,"Cytidine 2',3'-Cyclic Monophosphoric Acid","Nucleosides, nucleotides, and analogues",WP100;WP2289;WP2525;WP4313;WP5233,0.3706717674828896,0.29167969885185746,0.7970317352347268,FALSE,11
TT,Males,GW,C18-Pos-001046,L-Kynurenine,Organic oxygen compounds,map00380;R-HSA-71240;WP2485;WP3645;WP4210;WP5414,0.37525767337038024,0.319652601333607,0.7985386405009666,FALSE,10
TT,Males,GW,Amide-Neg-000141,"2,6-Dihydroxypyridine Hcl",Organoheterocyclic compounds,NA,0.3671732826922136,0.2966138463695585,0.7985386405009666,FALSE,11
TT,Males,GW,C18-Pos-002636,S-4-(2-Oxo-Butyl)Glutathione,Organic acids and derivatives,NA,0.3668321929849994,0.2970972727192286,0.7985386405009666,FALSE,11
TT,Males,GW,C8-Neg-000679,Lithocholic Acid,Lipids and lipid-like molecules,map00120;R-HSA-156584;R-HSA-159418;R-HSA-192105;R-HSA-193368;R-HSA-193807;R-HSA-194068;R-HSA-1989781;R-HSA-211976;R-HSA-400206;WP5273,-0.3651375227190816,0.2995053458956269,0.7985386405009666,FALSE,11
TT,Males,GW,C8-Neg-003658,Pc(19:2cooh_21:6),Lipids and lipid-like molecules,NA,-0.3636472349605473,0.3016315415706862,0.7985386405009666,FALSE,11
TT,Males,GW,C8-Neg-003382,Cl(23:1_19:4cho_22:4_22:4cho),Lipids and lipid-like molecules,NA,-0.36273920471845617,0.30293094384501673,0.7985386405009666,FALSE,11
TT,Males,GW,C8-Pos-005440,Pi(20:4_20:4),Lipids and lipid-like molecules,NA,-0.3620789695448,0.30387760738033404,0.7985386405009666,FALSE,11
TT,Males,GW,C8-Pos-000642,"16-Hydroxycleroda-3,13-Dien-15,16-Olide",Lipids and lipid-like molecules,NA,-0.36182690637575465,0.3042394351481896,0.7985386405009666,FALSE,11
TT,Males,GW,Amide-Neg-001092,D-Mannose,Organic oxygen compounds,map00051;map00052;R-HSA-189200;R-HSA-3000480;R-HSA-446205;R-HSA-446219;R-HSA-532668;R-HSA-8853383;R-HSA-901032;R-HSA-901042;R-HSA-964739;R-HSA-964827;R-HSA-975576;R-HSA-975578,-0.35569975155943756,0.3131046957453172,0.7985386405009666,FALSE,11
TT,Males,GW,Amide-Pos-000601,3-Methylhistidine,Organic acids and derivatives,NA,0.3534494158548691,0.3163942879491533,0.7985386405009666,FALSE,11
TT,Males,GW,C8-Pos-001359,Gly-Met-Arg,Organic acids and derivatives,NA,0.3534398553363204,0.31640830214406557,0.7985386405009666,FALSE,11
TT,Males,GW,C8-Neg-003713,Pc(20:3_25:5),Lipids and lipid-like molecules,NA,-0.3521251707025109,0.3183385106563714,0.7985386405009666,FALSE,11
TT,Males,GW,Amide-Neg-000527,D-(+)-Arabitol,Organic oxygen compounds,NA,0.35180366853496203,0.318811470536527,0.7985386405009666,FALSE,11
TT,Males,GW,Amide-Neg-001626,Uridine 5'-Diphosphoglucuronic Acid,"Nucleosides, nucleotides, and analogues",map00150;map00520;map00860;WP3871;WP4784;WP5312;WP698,0.3517664496667651,0.3188662466558561,0.7985386405009666,FALSE,11
TT,Males,GW,C8-Pos-004921,Tg(49:11_2:0),Lipids and lipid-like molecules,NA,-0.3501481806148001,0.3212526470308937,0.7985386405009666,FALSE,11
TT,Males,GW,Amide-Pos-001185,7-Methylguanosine,"Nucleosides, nucleotides, and analogues",R-HSA-429914;R-HSA-429958;R-HSA-430039;R-HSA-6790901;WP4485,0.3490846547949896,0.3228260349277905,0.7985386405009666,FALSE,11
TT,Males,GW,C8-Neg-000301,Ala-Pro-Asn,Organic acids and derivatives,NA,0.34890343033987126,0.3230945383629792,0.7985386405009666,FALSE,11
TT,Males,GW,Amide-Pos-001103,L-Glutarylcarnitine,Lipids and lipid-like molecules,NA,0.34888166698528006,0.3231267909059895,0.7985386405009666,FALSE,11
TT,Males,GW,C8-Pos-000483,5'-S-Methyl-5'-Thioadenosine,"Nucleosides, nucleotides, and analogues",map00270;R-HSA-1237112;R-HSA-1614635;R-HSA-163841;R-HSA-351202;R-HSA-5358493;R-HSA-6782315;R-HSA-6782861;R-HSA-6790901;WP3580;WP4485,0.34794767464946486,0.32451251135252046,0.7985386405009666,FALSE,11
TT,Males,GW,Amide-Pos-000757,Sb01966,Organic oxygen compounds,NA,0.34546712631830245,0.3282077149009704,0.7999738509920743,FALSE,11
TT,Males,GW,Amide-Pos-000296,5-Methylcytosine,Organoheterocyclic compounds,R-HSA-212300;R-HSA-427413;R-HSA-5221030;R-HSA-5250941;R-HSA-5334118;R-HSA-73728;R-HSA-73854;R-HSA-73864;R-HSA-9816359;R-HSA-9821002;R-HSA-9842860;R-HSA-9845323;WP3585,-0.3452716036167743,0.32849990051376665,0.7999738509920743,FALSE,11
TT,Males,GW,C8-Neg-003637,Dgdg(6:0_28:2),Lipids and lipid-like molecules,NA,0.3435133137115423,0.33113349190019187,0.8022306247066503,FALSE,11
TT,Males,GW,Amide-Pos-001195,"Dodecanamide,N-[3-(Dimethyloxidoamino)Propyl]",Lipids and lipid-like molecules,NA,0.3614409570107685,0.33920091267296526,0.8054691018114285,FALSE,10
TT,Males,GW,C8-Pos-004035,Lpe 38:6,Lipids and lipid-like molecules,NA,0.33909308343517924,0.3378020104908679,0.8054691018114285,FALSE,11
TT,Males,GW,C8-Pos-005192,Ps(20:5_24:4),Lipids and lipid-like molecules,NA,-0.33852598203682166,0.3386624986516517,0.8054691018114285,FALSE,11
TT,Males,GW,Amide-Neg-001874,"D-Fructose 1,6-Bisphosphate",Organic oxygen compounds,WP5220,0.33808968027715186,0.33932528118864436,0.8054691018114285,FALSE,11
TT,Males,GW,C8-Pos-005020,Pc(11:1_29:4),Lipids and lipid-like molecules,NA,0.3601454762796741,0.3410631916469218,0.805526131025393,FALSE,10
TT,Males,GW,C8-Neg-003377,Pi(16:1_18:3),Lipids and lipid-like molecules,NA,-0.35536970092445347,0.34797156368108906,0.8105565419993125,FALSE,10
TT,Males,GW,C8-Pos-000768,Penicillin G,Organic acids and derivatives,NA,-0.33422447723908905,0.3452257703023955,0.8105565419993125,FALSE,11
TT,Males,GW,C8-Pos-000007,9-Methoxy-9-Oxononanoic Acid,Lipids and lipid-like molecules,NA,0.3321805684622863,0.3483668542209811,0.8105565419993125,FALSE,11
TT,Males,GW,Amide-Neg-000753,N-Formyl-L-Methionine,Organic acids and derivatives,NA,0.3301471993882623,0.3515060452690402,0.8115303604854592,FALSE,11
TT,Males,GW,C8-Pos-000022,Chalcone,Phenylpropanoids and polyketides,NA,-0.329281472759264,0.3528469058910261,0.8115303604854592,FALSE,11
TT,Males,GW,Amide-Neg-001041,Phosphocreatine,Organic acids and derivatives,map00330;R-HSA-71288;WP4584;WP4628;WP497;WP5190,0.32750029761054766,0.3556137321908717,0.8115303604854592,FALSE,11
TT,Males,GW,C8-Pos-005188,Pe(22:2_21:4cooh),Lipids and lipid-like molecules,NA,-0.32744999399230323,0.35569203034043534,0.8115303604854592,FALSE,11
TT,Males,GW,Amide-Neg-001431,D-Glucose 6-Phosphate,Organic oxygen compounds,map00052;map00520;map00562;R-HSA-1483249;R-HSA-1855183;WP134;WP1946;WP3915;WP4141;WP4290;WP4297;WP5153;WP5173;WP5178;WP5211;WP5216;WP5312;WP5314;WP534;WP5380;WP5394;WP698,0.32416045096723,0.3608310262392188,0.8164473246870332,FALSE,11
TT,Males,GW,C8-Neg-002453,Pc(14:0_4:1cho),Lipids and lipid-like molecules,NA,0.323847805770131,0.3613213692231977,0.8164473246870332,FALSE,11
TT,Males,GW,Amide-Neg-001243,D-Ribose 5-Phosphate,Organic oxygen compounds,R-HSA-163754;R-HSA-2393930;R-HSA-5663084;R-HSA-6791465;R-HSA-71336;R-HSA-73843;R-HSA-74259;R-HSA-8956319;WP134;WP3602;WP4224;WP4290;WP4297;WP4792;WP5043;WP5220,0.3224546562547759,0.3635103857983661,0.8174635470106797,FALSE,11
TT,Males,GW,C8-Neg-000086,Myristic Acid,Lipids and lipid-like molecules,R-HSA-112310;R-HSA-2980736;R-HSA-381771;R-HSA-400508;R-HSA-425397;R-HSA-444209;R-HSA-5619108;R-HSA-804914;WP4724,0.3210309408516955,0.3657542429873737,0.8185928295431697,FALSE,11
TT,Males,GW,Amide-Neg-001726,Cytidine 2'_3'-Cyclic Phosphate,"Nucleosides, nucleotides, and analogues",WP100;WP2289;WP2525;WP4313;WP5233,0.31981247589177303,0.3676800708600725,0.8190030014418677,FALSE,11
TT,Males,GW,C8-Pos-000245,Monolaurin,Lipids and lipid-like molecules,NA,0.3182731321134007,0.3701202383326332,0.8191292402956428,FALSE,11
TT,Males,GW,C18-Pos-001439,Phenylacetylglutamine,Organic acids and derivatives,map00360;R-HSA-156587;R-HSA-159424;R-HSA-177162,-0.3161527230148875,0.3734945970051957,0.8191292402956428,FALSE,11
TT,Males,GW,Amide-Neg-000291,Dl-Pyroglutamic Acid,Organic acids and derivatives,WP4518,0.3153069767216204,0.37484471300860467,0.8191292402956428,FALSE,11
TT,Males,GW,C8-Pos-005189,Ps 22:4_22:5,Lipids and lipid-like molecules,NA,-0.31457697518841393,0.3760119892297348,0.8191292402956428,FALSE,11
TT,Males,GW,C18-Pos-002221,Cocamidopropyl Betaine,Organic acids and derivatives,NA,0.31430278341440115,0.3764508849018273,0.8191292402956428,FALSE,11
TT,Males,GW,Amide-Pos-001770,Cytidine 5'-Triphosphate,Organic oxygen compounds,R-HSA-1483148;R-HSA-1483191;R-HSA-1483213;R-HSA-1483226;R-HSA-4085001;R-HSA-446199;R-HSA-446219;R-HSA-4755583;R-HSA-499943;R-HSA-5609975;R-HSA-6784531;R-HSA-6785470;R-HSA-6807505;R-HSA-8850843;R-HSA-8956319;WP2533;WP4022;WP4225;WP4584;WP466;WP4906,0.3198865945070744,0.4013746018920725,0.8333678339977281,FALSE,10
TT,Males,GW,Amide-Neg-000484,L-Lysine,Organic acids and derivatives,map00310;map00780;R-HSA-196780;R-HSA-264876;R-HSA-2980736;R-HSA-352230;R-HSA-379716;R-HSA-379724;R-HSA-379726;R-HSA-420499;R-HSA-442660;R-HSA-5223345;R-HSA-5619094;R-HSA-5619113;R-HSA-5660883;R-HSA-5689603;R-HSA-71064;WP4228;WP661,0.30599823445978186,0.38986265091359473,0.8333678339977281,FALSE,11
TT,Males,GW,C8-Pos-005761,Pc(22:3cho_28:6),Lipids and lipid-like molecules,NA,0.30565828260326944,0.39041654209366217,0.8333678339977281,FALSE,11
TT,Males,GW,C18-Pos-001575,Asp-Phe,Organic acids and derivatives,NA,0.30492019180786745,0.3916204414033715,0.8333678339977281,FALSE,11
TT,Males,GW,Amide-Neg-000066,L-(+)-Lactic Acid,Organic acids and derivatives,map00620;R-HSA-196807;R-HSA-197264;R-HSA-3296197;R-HSA-427601;R-HSA-428643;R-HSA-433692;R-HSA-549132;R-HSA-561048;R-HSA-5619070;R-HSA-5619071;R-HSA-70268;R-HSA-9749641;WP2456;WP2868;WP3644;WP4290;WP4595;WP4628;WP4629;WP5211;WP5239;WP5312;WP534;WP5433;WP661,0.30466891214782066,0.3920307128546251,0.8333678339977281,FALSE,11
TT,Males,GW,Amide-Pos-001056,Thiamine,Organoheterocyclic compounds,map00730;R-HSA-196819,0.30229228368252403,0.39592136428861346,0.8333678339977281,FALSE,11
TT,Males,GW,C8-Pos-003127,Pc(6:0_17:0cho),Lipids and lipid-like molecules,NA,0.3012584365773554,0.39761959994186835,0.8333678339977281,FALSE,11
TT,Males,GW,C8-Pos-001413,Miltefosine,Organic nitrogen compounds,NA,0.29769564255891096,0.40349869947722206,0.8333678339977281,FALSE,11
TT,Males,GW,C8-Pos-001076,Bis(Methylbenzylidene)Sorbitol,Phenylpropanoids and polyketides,NA,0.2954663211084544,0.4071983581014649,0.8333678339977281,FALSE,11
TT,Males,GW,C8-Pos-003901,Dl-Dipalmitoylphosphatidylcholine,Lipids and lipid-like molecules,map00564;map00590;WP528,0.2951002253676873,0.40780744707750294,0.8333678339977281,FALSE,11
TT,Males,GW,Amide-Pos-000085,Cyclohexylamine,Organic nitrogen compounds,NA,0.2950940030100185,0.4078178032173291,0.8333678339977281,FALSE,11
TT,Males,GW,C8-Pos-000098,Dibenzoylmethane,Phenylpropanoids and polyketides,NA,0.2941509453980786,0.40938881883353473,0.8333678339977281,FALSE,11
TT,Males,GW,Amide-Pos-001042,Lhnfrfaovvpesm-Crgcijnfna-N,Organic oxygen compounds,NA,0.29378446644086686,0.4100001001279412,0.8333678339977281,FALSE,11
TT,Males,GW,C8-Pos-005012,Pc(17:4cooh_23:5),Lipids and lipid-like molecules,NA,-0.29346299779566726,0.41053666087297547,0.8333678339977281,FALSE,11
TT,Males,GW,Amide-Neg-001170,N-Beta-Alanyl-L-Histidine,Organic acids and derivatives,map00340;map00410;R-HSA-70921;WP106;WP4486;WP5313,0.29335549885081874,0.41071616068357253,0.8333678339977281,FALSE,11
TT,Males,GW,C8-Pos-005548,Pg(O-29:8_21:6),Lipids and lipid-like molecules,NA,0.2923089629393988,0.412465588402415,0.8333678339977281,FALSE,11
TT,Males,GW,Amide-Pos-001107,L-Saccharopine,Organic acids and derivatives,map00310;R-HSA-71064;WP4228,-0.29115398490972627,0.41440037129838336,0.8333678339977281,FALSE,11
TT,Males,GW,C18-Pos-001870,Ppg N5,Organic oxygen compounds,NA,-0.2908497101130588,0.41491079394780506,0.8333678339977281,FALSE,11
TT,Males,GW,Amide-Pos-000068,Sarcosine,Organic acids and derivatives,map00270;R-HSA-2408508;R-HSA-389661;R-HSA-6798163;WP2525;WP4292;WP497,-0.2893070876027931,0.4175031045173758,0.8350062090347516,FALSE,11
TT,Males,GW,Amide-Neg-000605,D-(+)-Glucose,Organic oxygen compounds,map00052;R-HSA-9683686;R-HSA-9683701;R-HSA-9694548;R-HSA-9694635;R-HSA-9772573;WP1403;WP1533;WP1584;WP176;WP1946;WP1982;WP2456;WP2868;WP3602;WP3915;WP4521;WP4628;WP4629;WP500;WP5094;WP5216;WP5312;WP534;WP5394;WP5433;WP661;WP690;WP698,0.2873759180363449,0.42075904231071093,0.8358888243055309,FALSE,11
TT,Males,GW,C8-Pos-005013,Pc(18:2_20:4cooh),Lipids and lipid-like molecules,NA,-0.2868889762373524,0.4541703594150259,0.8358888243055309,FALSE,10
TT,Males,GW,Amide-Neg-000749,"N2-[5-Phenyl-4-(Trifluoromethyl)-1,3-Thiazol-2-Yl]Thiophene-2-Carboxamide",Organoheterocyclic compounds,NA,0.28685005194997304,0.421647701696651,0.8358888243055309,FALSE,11
TT,Males,GW,C8-Pos-005313,Pe(21:4cooh_24:6),Lipids and lipid-like molecules,NA,0.2858765719674817,0.4232950956129876,0.8358888243055309,FALSE,11
TT,Males,GW,Amide-Neg-000171,Glutaric Anhydride,Organoheterocyclic compounds,NA,0.2821742464568374,0.4295877704970268,0.8358888243055309,FALSE,11
TT,Males,GW,Amide-Pos-000996,2'-Deoxyadenosine,"Nucleosides, nucleotides, and analogues",R-HSA-1222556;R-HSA-425397;R-HSA-74217;R-HSA-74259;R-HSA-83936;R-HSA-8956319;R-HSA-8956321;R-HSA-9734207;R-HSA-9734735;R-HSA-9735804;WP4224;WP4792;WP5269,0.2813644701248122,0.4309698547984656,0.8358888243055309,FALSE,11
TT,Males,GW,C8-Pos-002397,Tg(18:1_3:0_4:0cooh),Lipids and lipid-like molecules,NA,0.2811061771917948,0.4314111279131514,0.8358888243055309,FALSE,11
TT,Males,GW,Amide-Pos-000240,"N,N-Diethylethanolamine",Organic nitrogen compounds,NA,0.2808537117995921,0.43184264690472673,0.8358888243055309,FALSE,11
TT,Males,GW,C8-Pos-001061,Cholest-4-En-3-One,Lipids and lipid-like molecules,WP4718;WP5329,0.2790257621797146,0.4349729552953334,0.8358888243055309,FALSE,11
TT,Males,GW,Amide-Pos-000155,L-Serine,Organic acids and derivatives,map00270;map00450;map00910;R-HSA-1483101;R-HSA-1614558;R-HSA-1614603;R-HSA-1614635;R-HSA-1660661;R-HSA-196757;R-HSA-2408508;R-HSA-2408557;R-HSA-352230;R-HSA-379716;R-HSA-379724;R-HSA-379726;R-HSA-442660;R-HSA-5619044;R-HSA-5619094;R-HSA-5659735;R-HSA-977347;WP1422;WP1495;WP1533;WP176;WP241;WP2525;WP2533;WP3933;WP3996;WP4142;WP4259;WP4290;WP4297;WP4504;WP4577;WP4589;WP4628;WP4688;WP4725;WP4726;WP5028;WP5029;WP5049;WP5121;WP5166;WP5194;WP5213;WP5312,0.2776285229938418,0.43737270425284924,0.8358888243055309,FALSE,11
TT,Males,GW,Amide-Neg-000149,2-Furoic Acid,Organoheterocyclic compounds,NA,0.27758880971278355,0.469565607791114,0.8358888243055309,FALSE,10
TT,Males,GW,C8-Pos-004667,Tg(5:0_15:0cho_28:3),Lipids and lipid-like molecules,NA,0.2774921159300332,0.437607307457193,0.8358888243055309,FALSE,11
TT,Males,GW,Amide-Pos-000621,Citrulline,Organic acids and derivatives,NA,0.2771927012538543,0.43812246592185966,0.8358888243055309,FALSE,11
TT,Males,GW,C8-Pos-004775,Pc(16:0_22:6),Lipids and lipid-like molecules,NA,0.27563591711744845,0.4408054689999604,0.8358888243055309,FALSE,11
TT,Males,GW,Amide-Pos-000244,3-Isopropoxypropylamine,Organic oxygen compounds,NA,-0.2732515257642415,0.44492929611541443,0.8358888243055309,FALSE,11
TT,Males,GW,C8-Neg-003274,Cl(12:0cooh_22:0_24:1_21:2),Lipids and lipid-like molecules,NA,-0.27270756140236185,0.4458725370776989,0.8358888243055309,FALSE,11
TT,Males,GW,C8-Pos-005260,Tg(15:0_15:0_24:6),Lipids and lipid-like molecules,NA,0.2672678691291714,0.4553547364800853,0.8358888243055309,FALSE,11
TT,Males,GW,C8-Pos-000616,Progesterone,Lipids and lipid-like molecules,map00140;R-HSA-1187000;R-HSA-1300642;R-HSA-1474165;R-HSA-193048;R-HSA-193993;R-HSA-194002;R-HSA-196071;R-HSA-211976;R-HSA-3371497;R-HSA-5579021;R-HSA-5579028;R-HSA-5579029;R-HSA-9018519;WP170;WP2263;WP2817;WP4523;WP4524;WP4756;WP4871;WP496;WP5074;WP5094;WP5277;WP5279;WP5320;WP5434;WP98,0.26686503343185514,0.45606051425288974,0.8358888243055309,FALSE,11
TT,Males,GW,C8-Pos-002720,Lpc 22:6-Sn1,Lipids and lipid-like molecules,NA,-0.26624056047049155,0.4571555748042858,0.8358888243055309,FALSE,11
TT,Males,GW,C8-Neg-002641,Lpc(23:5),Lipids and lipid-like molecules,NA,-0.2656863594938457,0.4895841823939453,0.8358888243055309,FALSE,10
TT,Males,GW,C8-Pos-000209,Ppg N4,Organic oxygen compounds,NA,0.2634021496964436,0.462147739105349,0.8358888243055309,FALSE,11
TT,Males,GW,Amide-Neg-001329,Spongouridin,"Nucleosides, nucleotides, and analogues",NA,0.2631366234635974,0.4626159802305916,0.8358888243055309,FALSE,11
TT,Males,GW,Amide-Neg-002149,Uridine 5'-Triphosphate Sodium Salt,"Nucleosides, nucleotides, and analogues",map00052;map00520;R-HSA-156588;R-HSA-173599;R-HSA-3322077;R-HSA-417957;R-HSA-418038;R-HSA-429914;R-HSA-429947;R-HSA-446210;R-HSA-446219;R-HSA-499943;R-HSA-5683826;R-HSA-6807505;R-HSA-8850843;R-HSA-8956319;R-HSA-8982491;R-HSA-9816359;R-HSA-9820865;WP4022;WP4225;WP4584;WP466;WP4900;WP698,0.2624324686307218,0.4638587401899166,0.8358888243055309,FALSE,11
TT,Males,GW,C18-Pos-002279,Vidarabine Phosphate,"Nucleosides, nucleotides, and analogues",NA,0.2613875855393586,0.49689928755712676,0.8358888243055309,FALSE,10
TT,Males,GW,C8-Neg-000532,Docosahexaenoic Acid,Lipids and lipid-like molecules,map00592;R-HSA-2046104;R-HSA-2046106;R-HSA-211976;R-HSA-2453902;R-HSA-2980736;R-HSA-381771;R-HSA-400508;R-HSA-444209;R-HSA-9018677;R-HSA-9018682;R-HSA-9027307;R-HSA-9027604;R-HSA-9843743;R-HSA-9843745;R-HSA-9844594;WP4723;WP5470,-0.26119665061870445,0.46604340837915015,0.8358888243055309,FALSE,11
TT,Males,GW,Amide-Pos-000563,5-Methyl D-Glutamate,Organic acids and derivatives,NA,0.2592313635595393,0.4695269817070816,0.8358888243055309,FALSE,11
TT,Males,GW,C8-Pos-003575,Dg(21:1_19:4),Lipids and lipid-like molecules,NA,-0.257569997241085,0.47248076095788805,0.8358888243055309,FALSE,11
TT,Males,GW,Amide-Pos-000072,Hypotaurine,Organic acids and derivatives,map00430;R-HSA-1614558;R-HSA-1614635;R-HSA-8963693;WP2525;WP4292;WP4504,0.2566336386511958,0.4741491196857094,0.8358888243055309,FALSE,11
TT,Males,GW,C8-Neg-002450,Lpc(20:1),Lipids and lipid-like molecules,NA,0.256463045836483,0.47445335148179457,0.8358888243055309,FALSE,11
TT,Males,GW,C8-Pos-000832,1-Stearoylglycerol,Lipids and lipid-like molecules,NA,0.25637102037911447,0.47461750333521346,0.8358888243055309,FALSE,11
TT,Males,GW,C18-Pos-000574,L-(-)-Methionine,Organic acids and derivatives,map00270;R-HSA-1237112;R-HSA-156581;R-HSA-1614635;R-HSA-196741;R-HSA-2514856;R-HSA-2514859;R-HSA-352230;R-HSA-379716;R-HSA-379724;R-HSA-379726;R-HSA-442660;R-HSA-5579024;R-HSA-5579029;R-HSA-5619044;R-HSA-5619094;R-HSA-5659735;R-HSA-5676934;R-HSA-6782315;R-HSA-6782861;R-HSA-6798163;R-HSA-71240;R-HSA-947581;R-HSA-9759218;R-HSA-9857492;WP1533;WP1589;WP176;WP2333;WP241;WP2525;WP3580;WP3996;WP4224;WP4259;WP4288;WP4292;WP4313;WP4504;WP4583;WP5150;WP5402;WP661;WP704,0.2557674695385911,0.47569471283895126,0.8358888243055309,FALSE,11
TT,Males,GW,Amide-Neg-000221,Succinic Acid,Organic acids and derivatives,map00020;map00072;map00190;map00250;map00280;map00330;map00650;R-HSA-112122;R-HSA-112126;R-HSA-112310;R-HSA-1234174;R-HSA-1234176;R-HSA-1474290;R-HSA-163841;R-HSA-1650814;R-HSA-2299718;R-HSA-2559580;R-HSA-3214842;R-HSA-389599;R-HSA-390918;R-HSA-433137;R-HSA-5221030;R-HSA-5625740;R-HSA-5625886;R-HSA-6782315;R-HSA-6782861;R-HSA-68875;R-HSA-71262;R-HSA-71403;R-HSA-73942;R-HSA-73943;R-HSA-74182;R-HSA-77108;R-HSA-888590;R-HSA-916853;R-HSA-9629569;R-HSA-9816359;R-HSA-9821002;WP106;WP111;WP2453;WP3602;WP4157;WP4159;WP4206;WP4236;WP4297;WP4661;WP5195;WP5348;WP78,0.2544885057988639,0.47798091782482566,0.8358888243055309,FALSE,11
TT,Males,GW,C8-Pos-000495,"17-(1-Hydroxyethyl)-10,13-Dimethyl-2,3,6,7,8,9,10,11,12,13,14,15,16,17-Tetradecahydro-1h-Cyclopenta[A]Phenanthren-3-One",Lipids and lipid-like molecules,WP5277,0.25442701121441424,0.47809096270028384,0.8358888243055309,FALSE,11
TT,Males,GW,C8-Pos-001006,Citroflex 4,Organic acids and derivatives,NA,-0.2526620975937397,0.4812539849737688,0.8358888243055309,FALSE,11
TT,Males,GW,C8-Pos-000506,D-Erythro-Sphinganine,Organic nitrogen compounds,WP1422;WP4142;WP4577;WP4725;WP4726;WP5121;WP5194,0.2510178545025173,0.4842088918892036,0.8358888243055309,FALSE,11
TT,Males,GW,C18-Neg-000218,Meglutol,Lipids and lipid-like molecules,WP4686,0.25042025339777757,0.5157611894651148,0.8358888243055309,FALSE,10
TT,Males,GW,C8-Neg-003707,Ps(24:4_24:4),Lipids and lipid-like molecules,NA,-0.2503135665300784,0.48547697827297076,0.8358888243055309,FALSE,11
TT,Males,GW,C8-Pos-002412,Lpe 22:3,Lipids and lipid-like molecules,NA,0.2502796891613204,0.48553801135558483,0.8358888243055309,FALSE,11
TT,Males,GW,C8-Pos-005112,Pi 36:4,Lipids and lipid-like molecules,NA,-0.24935985814271333,0.4871964333648464,0.8358888243055309,FALSE,11
TT,Males,GW,Amide-Neg-000781,D-Tyrosine,Organic acids and derivatives,WP5029;WP5274;WP5376,0.24913931079537613,0.48759443447263473,0.8358888243055309,FALSE,11
TT,Males,GW,Amide-Neg-000332,Dl-Xylose,Organic oxygen compounds,R-HSA-1638091;R-HSA-2024096,-0.2478004312561904,0.4900135844881517,0.8358888243055309,FALSE,11
TT,Males,GW,C8-Neg-001880,Lpc(16:2),Lipids and lipid-like molecules,NA,0.2466014808691725,0.4921842636285564,0.8358888243055309,FALSE,11
TT,Males,GW,C8-Pos-000820,Docosanamide,Lipids and lipid-like molecules,NA,-0.2466014808691725,0.4921842636285564,0.8358888243055309,FALSE,11
TT,Males,GW,Amide-Pos-000467,Acetylcholine,Organic nitrogen compounds,map00564;R-HSA-112310;R-HSA-112311;R-HSA-1483191;R-HSA-181431;R-HSA-264642;R-HSA-2980736;R-HSA-375280;R-HSA-381771;R-HSA-390648;R-HSA-399997;R-HSA-400508;R-HSA-422356;R-HSA-622323;R-HSA-622327;R-HSA-629587;R-HSA-629594;R-HSA-629597;R-HSA-9659379;R-HSA-9662361;R-HSA-9667769;WP2525;WP2596;WP2597;WP4195;WP4698;WP4932;WP4942;WP5055;WP528;WP5352;WP5360;WP5407;WP550;WP58,-0.24626007576653386,0.4928031230535417,0.8358888243055309,FALSE,11
TT,Males,GW,Amide-Pos-000781,Phosphoserine,Organic acids and derivatives,R-HSA-977347;WP2525;WP4688;WP5213,0.24417251887462468,0.49659442119756003,0.8358888243055309,FALSE,11
TT,Males,GW,C8-Pos-004266,Ganglioside-Gm1(D18:1/18:0),Lipids and lipid-like molecules,NA,-0.2428126544044664,0.49907077500925257,0.8358888243055309,FALSE,11
TT,Males,GW,Amide-Neg-000523,Xanthine,Organoheterocyclic compounds,R-HSA-74259;R-HSA-8956319;WP3633;WP4224;WP4507;WP4792,0.2421871417826224,0.5002116059137769,0.8358888243055309,FALSE,11
TT,Males,GW,C8-Pos-004202,Pe(18:0_20:4),Lipids and lipid-like molecules,WP4313,0.24082533171950996,0.5026991294527501,0.8358888243055309,FALSE,11
TT,Males,GW,C18-Pos-000888,(2s)-2-[(2-Azaniumylacetyl)Amino]-4-Methylpentanoate,Organic acids and derivatives,NA,-0.23862900732412567,0.5067219521918158,0.8358888243055309,FALSE,11
TT,Males,GW,C18-Pos-000375,L-Isoleucine,Organic acids and derivatives,map00280;R-HSA-352230;R-HSA-379716;R-HSA-379724;R-HSA-379726;R-HSA-442660;R-HSA-5619044;R-HSA-5619094;R-HSA-5659735;R-HSA-70895;R-HSA-71240;WP3953;WP4686;WP661,0.23797661932788416,0.5079194690045032,0.8358888243055309,FALSE,11
TT,Males,GW,Amide-Neg-000783,Dl-P-Hydroxyphenyllactic Acid,Benzenoids,NA,0.23681354789294026,0.510057324239565,0.8358888243055309,FALSE,11
TT,Males,GW,C8-Pos-004333,Pe(17:5cho_22:6),Lipids and lipid-like molecules,NA,0.2367206836844353,0.5102281807106415,0.8358888243055309,FALSE,11
TT,Males,GW,Amide-Pos-000235,"N,N-Dimethyl-Beta-Alanine Hcl",Organic nitrogen compounds,NA,-0.2346543349442788,0.5140361211545437,0.8358888243055309,FALSE,11
TT,Males,GW,C8-Neg-003063,Pi(O-5:0_21:0),Lipids and lipid-like molecules,NA,-0.2346543349442788,0.5140361211545437,0.8358888243055309,FALSE,11
TT,Males,GW,C8-Neg-003516,Pa(29:1_20:6),Lipids and lipid-like molecules,NA,-0.23438779657416267,0.5145281641333266,0.8358888243055309,FALSE,11
TT,Males,GW,C8-Neg-003610,Pc(19:5cooh_25:8),Lipids and lipid-like molecules,NA,-0.24743449775434956,0.5209447893142549,0.8413488185617067,FALSE,10
TT,Males,GW,Amide-Neg-000252,Meso-Erythritol,Organic oxygen compounds,NA,0.22997086387659965,0.5227103298298263,0.8413488185617067,FALSE,11
TT,Males,GW,C8-Neg-002622,Lpc(23:6),Lipids and lipid-like molecules,NA,-0.22795312193397385,0.5264657283911169,0.8445013390574231,FALSE,11
TT,Males,GW,C8-Neg-003393,Ps(18:2_22:4),Lipids and lipid-like molecules,NA,0.23675831341570627,0.5396456000918419,0.8449218660176265,FALSE,10
TT,Males,GW,C18-Pos-001343,3-Hydroxybutyrylcarnitine,Lipids and lipid-like molecules,NA,0.2360272123527899,0.5409355525357664,0.8449218660176265,FALSE,10
TT,Males,GW,C18-Pos-000207,Caprolactam,Organoheterocyclic compounds,R-HSA-9717189;R-HSA-9717207,0.23491101471739118,0.5429072415687728,0.8449218660176265,FALSE,10
TT,Males,GW,Amide-Pos-000503,Guanine,Organoheterocyclic compounds,R-HSA-425397;R-HSA-6782315;R-HSA-74217;R-HSA-74259;R-HSA-83936;R-HSA-8956319;R-HSA-8956321;R-HSA-9734207;R-HSA-9734281;R-HSA-9735804;WP4224;WP4792,0.225699614954649,0.5306728679869688,0.8449218660176265,FALSE,11
TT,Males,GW,Amide-Pos-000144,2-Aminoisobutyric Acid,Organic acids and derivatives,NA,-0.22453028983754186,0.5328612623150715,0.8449218660176265,FALSE,11
TT,Males,GW,C8-Pos-001621,3-Hydroxystigmast-5-En-7-One,Lipids and lipid-like molecules,NA,-0.2232489639864168,0.5352634377848593,0.8449218660176265,FALSE,11
TT,Males,GW,C8-Pos-004947,Pc O-42:6,Lipids and lipid-like molecules,NA,-0.22271295986499093,0.5362696051650703,0.8449218660176265,FALSE,11
TT,Males,GW,C8-Neg-000175,Δ2-Cis-Hexadecenoic Acid,Lipids and lipid-like molecules,NA,-0.21993785430171045,0.5414910303604573,0.8449218660176265,FALSE,11
TT,Males,GW,C8-Pos-000148,Palmitoleic Acid,Lipids and lipid-like molecules,R-HSA-2980736;R-HSA-381771;R-HSA-400508;R-HSA-444209;WP4718;WP4724,0.21968870167371546,0.5419608046691575,0.8449218660176265,FALSE,11
TT,Males,GW,C8-Neg-003487,Pe(19:1cooh_24:4),Lipids and lipid-like molecules,NA,-0.21802595424136315,0.5451000394885568,0.8455347147182234,FALSE,11
TT,Males,GW,Amide-Pos-000349,L-Hydroxyproline,Organic acids and derivatives,R-HSA-352230;R-HSA-389661;R-HSA-442660;R-HSA-70688;WP5166,0.21692531088155104,0.5471819833385381,0.8459721452931345,FALSE,11
TT,Males,GW,Amide-Neg-000766,I-Inositol,Organic oxygen compounds,NA,0.2153523244959656,0.5501628306189982,0.8477919029210791,FALSE,11
TT,Males,GW,C18-Pos-000742,Uric Acid,Organoheterocyclic compounds,R-HSA-189200;R-HSA-2672351;R-HSA-549132;R-HSA-561048;R-HSA-5619047;R-HSA-5619071;R-HSA-74259;R-HSA-8956319;WP4224;WP4507;WP4792,-0.2269348136213635,0.557075711869443,0.8528520670313949,FALSE,10
TT,Males,GW,C8-Pos-000582,Monopalmitolein (9c),Lipids and lipid-like molecules,NA,0.21191717365647997,0.5566945833916803,0.8528520670313949,FALSE,11
TT,Males,GW,C8-Pos-005214,Pc(14:1_28:3),Lipids and lipid-like molecules,NA,-0.21047834343444183,0.5594393600081922,0.8536899324800336,FALSE,11
TT,Males,GW,Amide-Pos-000092,3-[(2-Hydroxyethyl)Amino]-1-Propanol,Organic nitrogen compounds,NA,-0.20913606669643137,0.5620046570169966,0.8548290899611275,FALSE,11
TT,Males,GW,C8-Pos-001637,"2,5-Bis(5-Tert-Butyl-Benzoxazol-2-Yl)Thiophene",Organoheterocyclic compounds,NA,0.20771681880037823,0.5647219760301961,0.8561913830135232,FALSE,11
TT,Males,GW,C8-Pos-004173,Pe 16:0_22:5,Lipids and lipid-like molecules,NA,0.2064113392552606,0.5672259120605667,0.8572224394484449,FALSE,11
TT,Males,GW,Amide-Neg-000114,Γ-Aminobutyric Acid,Organic acids and derivatives,map00250;R-HSA-112310;R-HSA-1236394;R-HSA-1296041;R-HSA-1296059;R-HSA-1296065;R-HSA-1296071;R-HSA-352230;R-HSA-420499;R-HSA-442660;R-HSA-888568;R-HSA-888590;R-HSA-888593;R-HSA-916853;R-HSA-977443;R-HSA-977444;R-HSA-991365;R-HSA-997272;WP3584;WP3679;WP3869;WP3871;WP4157;WP4159;WP4486;WP4549;WP4932;WP5200;WP5360;WP5366;WP5444;WP5470;WP550;WP727,0.20414770907020527,0.5715776186287198,0.8573756128523603,FALSE,11
TT,Males,GW,C8-Pos-001356,Citroflex A-4,Organic acids and derivatives,NA,-0.20401081994697393,0.5718411860282847,0.8573756128523603,FALSE,11
TT,Males,GW,C8-Neg-000422,Arachidonic Acid,Lipids and lipid-like molecules,map00590;map00592;R-HSA-111885;R-HSA-111995;R-HSA-111996;R-HSA-112040;R-HSA-112043;R-HSA-112310;R-HSA-114508;R-HSA-1368082;R-HSA-1368108;R-HSA-140180;R-HSA-1592230;R-HSA-1655829;R-HSA-1989781;R-HSA-2029485;R-HSA-211935;R-HSA-211958;R-HSA-2142670;R-HSA-2142688;R-HSA-2142691;R-HSA-2142696;R-HSA-2142712;R-HSA-2142770;R-HSA-2142816;R-HSA-2151201;R-HSA-2162123;R-HSA-2426168;R-HSA-381340;R-HSA-400206;R-HSA-400253;R-HSA-426048;R-HSA-5579011;R-HSA-5579029;R-HSA-5668599;R-HSA-75105;R-HSA-75876;R-HSA-9707564;R-HSA-9707616;R-HSA-9843745;WP167;WP2197;WP231;WP2431;WP2435;WP2513;WP2526;WP3869;WP4195;WP4216;WP4313;WP4341;WP4483;WP4580;WP4586;WP4719;WP4720;WP4721;WP4723;WP4853;WP4969;WP5094;WP5122;WP5155;WP5171;WP5321;WP678;WP98,-0.2035131055241506,0.5727998775226407,0.8573756128523603,FALSE,11
TT,Males,GW,Amide-Neg-000116,Malonic Acid,Organic acids and derivatives,map00250;WP4686,0.2144718318157815,0.5794846840062542,0.8642728126855348,FALSE,10
TT,Males,GW,C8-Pos-004362,"1,3,5-Tris(3,5-Di-Tert-Butyl-4-Hydroxybenzyl)-1,3,5-Triazine-2,4,6(1h,3h,5h)-Trione",Benzenoids,NA,0.21297844646221592,0.5821913748399841,0.8642728126855348,FALSE,10
TT,Males,GW,C8-Pos-004241,Hex1cer(D24:2_12:0),Lipids and lipid-like molecules,NA,-0.1981104651772478,0.5832452374507098,0.8642728126855348,FALSE,11
TT,Males,GW,Amide-Pos-000604,D-Histidine Methyl Ester,Organic acids and derivatives,NA,0.1973282979433982,0.5847633073063832,0.8642728126855348,FALSE,11
TT,Males,GW,C8-Pos-004574,1-Palmitoyl-2-Docosahexaenoyl-Sn-Glycero-3-Phosphocholine,Lipids and lipid-like molecules,NA,-0.20843669041028595,0.5904507123468581,0.8699430558088505,FALSE,10
TT,Males,GW,C8-Pos-004855,Pc(14:1_25:7),Lipids and lipid-like molecules,NA,-0.19120902528141495,0.5966900316001605,0.8763884839127358,FALSE,11
TT,Males,GW,Amide-Pos-001132,1-Methyladenosine,"Nucleosides, nucleotides, and analogues",WP4485,-0.186591939548672,0.605746792340114,0.8818287990578233,FALSE,11
TT,Males,GW,C8-Pos-004870,Pe(15:0_27:7),Lipids and lipid-like molecules,NA,-0.18654481578252563,0.6058394816223249,0.8818287990578233,FALSE,11
TT,Males,GW,C8-Pos-003535,Pe 16:1_16:1,Lipids and lipid-like molecules,NA,0.1864516382810753,0.6060227704163339,0.8818287990578233,FALSE,11
TT,Males,GW,C8-Pos-003290,Tg(2:0_11:0_23:4),Lipids and lipid-like molecules,NA,-0.17764971578862365,0.6234250272769397,0.9043511198153138,FALSE,11
TT,Males,GW,C8-Pos-002633,Lpe 24:4,Lipids and lipid-like molecules,NA,0.17586420707743738,0.6269760565567727,0.9045620258699806,FALSE,11
TT,Males,GW,Amide-Pos-001163,Ophthalmate,Organic acids and derivatives,WP2525;WP4487,0.1756414224724997,0.6274196179438589,0.9045620258699806,FALSE,11
TT,Males,GW,Amide-Pos-001135,Risedronic Acid,Organic acids and derivatives,R-HSA-191273;WP4189,0.17353437542645472,0.6316200205695501,0.9078330570877325,FALSE,11
TT,Males,GW,C8-Pos-001973,Lpc 14:0-Sn2,Lipids and lipid-like molecules,NA,0.1699465988811057,0.6387940935440375,0.9153451950173708,FALSE,11
TT,Males,GW,C8-Neg-001716,Lpi(O-14:1),Lipids and lipid-like molecules,NA,-0.16654656543301016,0.668459081512769,0.9165197506405548,FALSE,10
TT,Males,GW,C8-Pos-003759,Pe 16:0_18:1,Lipids and lipid-like molecules,NA,0.16632467862528025,0.6460639030134148,0.9165197506405548,FALSE,11
TT,Males,GW,C8-Pos-003357,Dg(4:0_34:6),Lipids and lipid-like molecules,NA,0.1659614978141556,0.6695703100779822,0.9165197506405548,FALSE,10
TT,Males,GW,C8-Pos-004446,Pc 38:4,Lipids and lipid-like molecules,NA,0.16334963174263756,0.6520556040859251,0.9165197506405548,FALSE,11
TT,Males,GW,C8-Pos-001064,4-Cholestenone,Lipids and lipid-like molecules,WP4718;WP5329,0.16191779338683146,0.6549457315834709,0.9165197506405548,FALSE,11
TT,Males,GW,C18-Pos-001412,Glucose 1-Phosphate,Organic oxygen compounds,map00052;map00520;R-HSA-156588;R-HSA-173599;R-HSA-3322077;R-HSA-446219;R-HSA-480985;R-HSA-70221;R-HSA-70370;R-HSA-8982491;WP3602;WP4297;WP500;WP5043;WP5173;WP5178;WP5312;WP5314;WP698,0.1614476598596884,0.678162037351397,0.9165197506405548,FALSE,10
TT,Males,GW,Amide-Pos-000091,1-Aminocyclopropanecarboxylic Acid,Organic acids and derivatives,NA,-0.16043569818033357,0.6579416523285312,0.9165197506405548,FALSE,11
TT,Males,GW,C8-Pos-000335,Galaxolidone,Organoheterocyclic compounds,NA,-0.158417995663066,0.6620273045279232,0.9165197506405548,FALSE,11
TT,Males,GW,C18-Pos-002968,Acetyltributyl Citrate,Organic acids and derivatives,NA,0.15799136050263515,0.6628922329246445,0.9165197506405548,FALSE,11
TT,Males,GW,C8-Neg-003309,Cl(18:0_20:1cho_23:1_21:2),Lipids and lipid-like molecules,NA,0.15790005113655284,0.6630773933897101,0.9165197506405548,FALSE,11
TT,Males,GW,C8-Pos-004352,Tg(20:2cho_26:3),Lipids and lipid-like molecules,NA,0.1576949753754485,0.6634933133712019,0.9165197506405548,FALSE,11
TT,Males,GW,C8-Pos-002923,2-(5-Oxovaleryl)Phosphatidylcholine,Lipids and lipid-like molecules,NA,0.15646248360862605,0.6659947050796691,0.9165197506405548,FALSE,11
TT,Males,GW,C8-Pos-000501,(±)5-Hepe,Lipids and lipid-like molecules,R-HSA-9027604,-0.15519832950568205,0.6685634405408794,0.9165197506405548,FALSE,11
TT,Males,GW,Amide-Pos-000682,"Ne,Ne,Ne-Trimethyllysine",Organic acids and derivatives,R-HSA-71262,-0.15495794495748902,0.6690522485788482,0.9165197506405548,FALSE,11
TT,Males,GW,C8-Pos-002985,Pc(11:2cho_11:2),Lipids and lipid-like molecules,NA,-0.15495794495748902,0.6690522485788482,0.9165197506405548,FALSE,11
TT,Males,GW,Amide-Pos-000026,Beta-Alanine,Organic acids and derivatives,map00250;map00340;map00410;map00640;R-HSA-112310;R-HSA-352230;R-HSA-442660;R-HSA-5619094;R-HSA-70921;R-HSA-73621;R-HSA-888590;R-HSA-888593;R-HSA-8956319;R-HSA-8963693;WP106;WP4022;WP4157;WP4225;WP4486;WP4583;WP4584;WP4686;WP5313,-0.15286430803495413,0.6733142542674309,0.9165197506405548,FALSE,11
TT,Males,GW,C8-Pos-005016,Pc(28:6_10:0cooh),Lipids and lipid-like molecules,NA,-0.15277130180593973,0.6735037819194893,0.9165197506405548,FALSE,11
TT,Males,GW,C8-Pos-000033,"1,3-Diphenylacetone",Phenylpropanoids and polyketides,NA,0.1517643797815829,0.6755567400840551,0.9165197506405548,FALSE,11
TT,Males,GW,C18-Pos-001141,Tetraglyme,Organic oxygen compounds,NA,0.15087166417668654,0.6773784614680252,0.9165197506405548,FALSE,11
TT,Males,GW,C8-Pos-004505,Pe(P-19:4_23:5),Lipids and lipid-like molecules,NA,0.15026631608269655,0.6786146238785384,0.9165197506405548,FALSE,11
TT,Males,GW,Amide-Pos-001548,Phthalylsulfathiazole,Benzenoids,NA,0.14894914535379034,0.6813067592541269,0.9175191313737525,FALSE,11
TT,Males,GW,C18-Pos-001415,(R)-Pantetheine,Organic acids and derivatives,map00640;map00770;R-HSA-199220;WP5345,-0.1459921152549242,0.6873623387023209,0.9194880048713535,FALSE,11
TT,Males,GW,C8-Pos-000342,Palmitic Acid,Lipids and lipid-like molecules,map00062;map00071;map00100;map00120;map00561;R-HSA-112310;R-HSA-1368082;R-HSA-1368108;R-HSA-1592230;R-HSA-163560;R-HSA-1655829;R-HSA-192456;R-HSA-1989781;R-HSA-202131;R-HSA-203615;R-HSA-2151201;R-HSA-2187335;R-HSA-2426168;R-HSA-2453902;R-HSA-2980736;R-HSA-373760;R-HSA-381340;R-HSA-381771;R-HSA-400206;R-HSA-400253;R-HSA-400451;R-HSA-400508;R-HSA-400511;R-HSA-422356;R-HSA-425397;R-HSA-434313;R-HSA-434316;R-HSA-444209;R-HSA-5619108;R-HSA-6806667;R-HSA-75105;R-HSA-75876;R-HSA-75896;R-HSA-804914;R-HSA-8848584;R-HSA-8935690;R-HSA-8963743;R-HSA-8979227;R-HSA-9009391;R-HSA-9648002;R-HSA-9707564;R-HSA-9707616;R-HSA-975634;R-HSA-9843745;R-HSA-9845614;WP357;WP3602;WP3965;WP4724;WP4853;WP4949;WP5181;WP5315,0.1447934610251795,0.6898216008849982,0.9194880048713535,FALSE,11
TT,Males,GW,Amide-Pos-001677,Adenosine 5'-Diphosphate,"Nucleosides, nucleotides, and analogues",map00020;map00051;map00052;map00100;map00120;map00190;map00250;map00270;map00280;map00330;map00340;map00450;map00480;map00520;map00561;map00562;map00620;map00640;map00670;map00730;map00740;map00760;map00770;map00910;map00920;map01040;R-HSA-1059683;R-HSA-109606;R-HSA-109703;R-HSA-109704;R-HSA-110056;R-HSA-110313;R-HSA-110320;R-HSA-111446;R-HSA-111447;R-HSA-111458;R-HSA-111459;R-HSA-111461;R-HSA-111471;R-HSA-111885;R-HSA-111931;R-HSA-111932;R-HSA-111933;R-HSA-111995;R-HSA-111996;R-HSA-111997;R-HSA-112040;R-HSA-112043;R-HSA-112310;R-HSA-112313;R-HSA-112382;R-HSA-112399;R-HSA-112409;R-HSA-112411;R-HSA-114452;R-HSA-114508;R-HSA-114516;R-HSA-114604;R-HSA-114608;R-HSA-1168372;R-HSA-1169091;R-HSA-1169092;R-HSA-1170546;R-HSA-1181150;R-HSA-1221632;R-HSA-1226099;R-HSA-1227986;R-HSA-1227990;R-HSA-1236382;R-HSA-1236394;R-HSA-1236974;R-HSA-1236975;R-HSA-1250196;R-HSA-1250342;R-HSA-1250347;R-HSA-1251932;R-HSA-1266695;R-HSA-1268020;R-HSA-1295596;R-HSA-1307965;R-HSA-1358803;R-HSA-1369007;R-HSA-1369062;R-HSA-139910;R-HSA-1433557;R-HSA-1433559;R-HSA-1445148;R-HSA-1474151;R-HSA-1474165;R-HSA-1483191;R-HSA-1483213;R-HSA-1483248;R-HSA-1483249;R-HSA-1483255;R-HSA-1489509;R-HSA-1500620;R-HSA-1502540;R-HSA-1538133;R-HSA-156584;R-HSA-156590;R-HSA-156711;R-HSA-156827;R-HSA-157579;R-HSA-157858;R-HSA-1592230;R-HSA-159236;R-HSA-159418;R-HSA-1606322;R-HSA-1606341;R-HSA-162658;R-HSA-163210;R-HSA-163358;R-HSA-163560;R-HSA-163680;R-HSA-163841;R-HSA-1643713;R-HSA-165158;R-HSA-165159;R-HSA-165160;R-HSA-165181;R-HSA-1660499;R-HSA-1660514;R-HSA-1660516;R-HSA-1660517;R-HSA-166058;R-HSA-1660661;R-HSA-1660662;R-HSA-166166;R-HSA-166187;R-HSA-166208;R-HSA-166520;R-HSA-167021;R-HSA-167044;R-HSA-167152;R-HSA-167160;R-HSA-167169;R-HSA-167172;R-HSA-167200;R-HSA-167246;R-HSA-1679131;R-HSA-168138;R-HSA-168142;R-HSA-168164;R-HSA-168176;R-HSA-168179;R-HSA-168181;R-HSA-168188;R-HSA-168638;R-HSA-168643;R-HSA-168928;R-HSA-169893;R-HSA-170145;R-HSA-170834;R-HSA-170968;R-HSA-170984;R-HSA-171007;R-HSA-171319;R-HSA-174143;R-HSA-174362;R-HSA-174403;R-HSA-174411;R-HSA-174414;R-HSA-174417;R-HSA-174824;R-HSA-176187;R-HSA-176408;R-HSA-176417;R-HSA-177929;R-HSA-180024;R-HSA-180292;R-HSA-180336;R-HSA-180786;R-HSA-1810476;R-HSA-181429;R-HSA-181430;R-HSA-181438;R-HSA-182971;R-HSA-1834941;R-HSA-1834949;R-HSA-1839117;R-HSA-1839120;R-HSA-1839122;R-HSA-1839124;R-HSA-1839126;R-HSA-1839128;R-HSA-1839130;R-HSA-1855167;R-HSA-1855191;R-HSA-1855204;R-HSA-186712;R-HSA-186763;R-HSA-186797;R-HSA-187015;R-HSA-187024;R-HSA-187037;R-HSA-187042;R-HSA-187577;R-HSA-187687;R-HSA-189445;R-HSA-189451;R-HSA-189483;R-HSA-190236;R-HSA-190239;R-HSA-190241;R-HSA-190242;R-HSA-190322;R-HSA-190370;R-HSA-190371;R-HSA-190372;R-HSA-190373;R-HSA-190374;R-HSA-190375;R-HSA-190377;R-HSA-1912408;R-HSA-1912422;R-HSA-191273;R-HSA-191650;R-HSA-192105;R-HSA-193368;R-HSA-193639;R-HSA-193648;R-HSA-193704;R-HSA-194068;R-HSA-194138;R-HSA-195253;R-HSA-196299;R-HSA-1963642;R-HSA-196741;R-HSA-196757;R-HSA-196783;R-HSA-196807;R-HSA-196819;R-HSA-196843;R-HSA-197264;R-HSA-1980143;R-HSA-198203;R-HSA-198323;R-HSA-198693;R-HSA-198725;R-HSA-198745;R-HSA-198753;R-HSA-198765;R-HSA-199220;R-HSA-199418;R-HSA-199920;R-HSA-199992;R-HSA-200425;R-HSA-201451;R-HSA-201556;R-HSA-201688;R-HSA-202131;R-HSA-2023837;R-HSA-202403;R-HSA-202424;R-HSA-202427;R-HSA-202430;R-HSA-202433;R-HSA-2028269;R-HSA-2029481;R-HSA-2029485;R-HSA-2033514;R-HSA-2033515;R-HSA-2033519;R-HSA-203615;R-HSA-204005;R-HSA-204174;R-HSA-2046104;R-HSA-2046105;R-HSA-2046106;R-HSA-204998;R-HSA-205043;R-HSA-209543;R-HSA-209560;R-HSA-210455;R-HSA-210745;R-HSA-210990;R-HSA-210993;R-HSA-211163;R-HSA-211736;R-HSA-2122947;R-HSA-212676;R-HSA-212718;R-HSA-2132295;R-HSA-2142691;R-HSA-2151201;R-HSA-2151209;R-HSA-2161517;R-HSA-2161522;R-HSA-2161541;R-HSA-2172127;R-HSA-2173789;R-HSA-2173791;R-HSA-2173793;R-HSA-2173795;R-HSA-2173796;R-HSA-2219528;R-HSA-2219530;R-HSA-2299718;R-HSA-2404192;R-HSA-2408550;R-HSA-2408557;R-HSA-2424491;R-HSA-2428924;R-HSA-2428928;R-HSA-2428933;R-HSA-2453902;R-HSA-2465910;R-HSA-2500257;R-HSA-2514853;R-HSA-2514856;R-HSA-2514859;R-HSA-2559580;R-HSA-2559582;R-HSA-2559585;R-HSA-2559586;R-HSA-2565942;R-HSA-2586552;R-HSA-2644602;R-HSA-2644603;R-HSA-2644606;R-HSA-264642;R-HSA-2672351;R-HSA-2682334;R-HSA-2730905;R-HSA-2871796;R-HSA-2871809;R-HSA-2894858;R-HSA-2894862;R-HSA-2980766;R-HSA-2980767;R-HSA-2995383;R-HSA-2995410;R-HSA-3134973;R-HSA-3214858;R-HSA-3249367;R-HSA-3270619;R-HSA-3299685;R-HSA-3301854;R-HSA-3371453;R-HSA-3371497;R-HSA-3371556;R-HSA-3371571;R-HSA-349425;R-HSA-354192;R-HSA-372708;R-HSA-373752;R-HSA-373753;R-HSA-373755;R-HSA-373760;R-HSA-375165;R-HSA-3769402;R-HSA-380259;R-HSA-380284;R-HSA-380287;R-HSA-380972;R-HSA-381042;R-HSA-381070;R-HSA-381119;R-HSA-381426;R-HSA-382556;R-HSA-388841;R-HSA-389356;R-HSA-389357;R-HSA-389359;R-HSA-389513;R-HSA-389948;R-HSA-389957;R-HSA-389958;R-HSA-389960;R-HSA-390450;R-HSA-390466;R-HSA-390471;R-HSA-390522;R-HSA-391160;R-HSA-391251;R-HSA-392170;R-HSA-392451;R-HSA-392517;R-HSA-392518;R-HSA-3928662;R-HSA-3928663;R-HSA-3928664;R-HSA-3928665;R-HSA-397795;R-HSA-399719;R-HSA-399721;R-HSA-399954;R-HSA-399955;R-HSA-399956;R-HSA-399997;R-HSA-400253;R-HSA-400685;R-HSA-4085001;R-HSA-4086398;R-HSA-4086400;R-HSA-416550;R-HSA-416572;R-HSA-416993;R-HSA-417957;R-HSA-418038;R-HSA-418346;R-HSA-418592;R-HSA-418597;R-HSA-418885;R-HSA-418886;R-HSA-418889;R-HSA-418890;R-HSA-422356;R-HSA-425397;R-HSA-428542;R-HSA-428890;R-HSA-432040;R-HSA-432142;R-HSA-432720;R-HSA-432722;R-HSA-437239;R-HSA-438064;R-HSA-4419969;R-HSA-4420097;R-HSA-442720;R-HSA-442729;R-HSA-442742;R-HSA-442755;R-HSA-444257;R-HSA-445095;R-HSA-445144;R-HSA-445355;R-HSA-445717;R-HSA-445989;R-HSA-446199;R-HSA-446205;R-HSA-446210;R-HSA-446219;R-HSA-447041;R-HSA-447043;R-HSA-447115;R-HSA-448424;R-HSA-450282;R-HSA-450294;R-HSA-450302;R-HSA-450321;R-HSA-450341;R-HSA-450385;R-HSA-450513;R-HSA-450520;R-HSA-450531;R-HSA-450604;R-HSA-451927;R-HSA-453276;R-HSA-4608870;R-HSA-4641262;R-HSA-499943;R-HSA-500753;R-HSA-5099900;R-HSA-512988;R-HSA-5173105;R-HSA-5205647;R-HSA-5205685;R-HSA-5213460;R-HSA-5218859;R-HSA-5218920;R-HSA-5218921;R-HSA-525793;R-HSA-5357769;R-HSA-5357905;R-HSA-5358346;R-HSA-5358508;R-HSA-5358565;R-HSA-5358606;R-HSA-5362517;R-HSA-5362768;R-HSA-5387390;R-HSA-5578775;R-HSA-5607761;R-HSA-5607764;R-HSA-5610780;R-HSA-5610783;R-HSA-5610785;R-HSA-5610787;R-HSA-5619084;R-HSA-5621480;R-HSA-5621575;R-HSA-5625740;R-HSA-5625886;R-HSA-5625900;R-HSA-5627117;R-HSA-5627123;R-HSA-5628897;R-HSA-5632684;R-HSA-5633008;R-HSA-5635838;R-HSA-5637810;R-HSA-5637812;R-HSA-5637815;R-HSA-5652084;R-HSA-5654219;R-HSA-5654221;R-HSA-5654227;R-HSA-5654228;R-HSA-5654687;R-HSA-5654688;R-HSA-5654689;R-HSA-5654693;R-HSA-5654695;R-HSA-5654696;R-HSA-5654699;R-HSA-5654700;R-HSA-5654704;R-HSA-5654706;R-HSA-5654708;R-HSA-5654710;R-HSA-5654712;R-HSA-5654716;R-HSA-5654719;R-HSA-5654720;R-HSA-5654726;R-HSA-5654727;R-HSA-5654732;R-HSA-5654733;R-HSA-5654736;R-HSA-5654738;R-HSA-5654741;R-HSA-5654743;R-HSA-5655253;R-HSA-5655291;R-HSA-5655302;R-HSA-5655332;R-HSA-5661270;R-HSA-5663213;R-HSA-5663220;R-HSA-5668541;R-HSA-5668599;R-HSA-5673000;R-HSA-5674135;R-HSA-5674400;R-HSA-5674499;R-HSA-5675221;R-HSA-5676590;R-HSA-5678895;R-HSA-5683826;R-HSA-5684264;R-HSA-5685938;R-HSA-5685942;R-HSA-5687128;R-HSA-5689896;R-HSA-5690714;R-HSA-5693537;R-HSA-5693538;R-HSA-5693548;R-HSA-5693554;R-HSA-5693565;R-HSA-5693567;R-HSA-5693568;R-HSA-5693571;R-HSA-5693579;R-HSA-5693606;R-HSA-5693607;R-HSA-5693616;R-HSA-5696395;R-HSA-5696398;R-HSA-5696399;R-HSA-6781827;R-HSA-6782135;R-HSA-6783310;R-HSA-6783589;R-HSA-6783783;R-HSA-6785807;R-HSA-6787639;R-HSA-6790901;R-HSA-6791312;R-HSA-6796648;R-HSA-6802946;R-HSA-6802948;R-HSA-6802949;R-HSA-6802952;R-HSA-6802955;R-HSA-6802957;R-HSA-6803157;R-HSA-6803204;R-HSA-6803207;R-HSA-6803544;R-HSA-6804115;R-HSA-6804756;R-HSA-6804757;R-HSA-6804758;R-HSA-6804759;R-HSA-6804760;R-HSA-6806003;R-HSA-6806834;R-HSA-6806942;R-HSA-6807004;R-HSA-6807070;R-HSA-6807505;R-HSA-6807878;R-HSA-6811436;R-HSA-6811438;R-HSA-6811440;R-HSA-6811555;R-HSA-6811558;R-HSA-6814122;R-HSA-68616;R-HSA-68867;R-HSA-68875;R-HSA-68881;R-HSA-68884;R-HSA-68911;R-HSA-68949;R-HSA-68962;R-HSA-69002;R-HSA-69017;R-HSA-69052;R-HSA-69091;R-HSA-69109;R-HSA-69186;R-HSA-69190;R-HSA-69200;R-HSA-69202;R-HSA-69206;R-HSA-69231;R-HSA-69236;R-HSA-69239;R-HSA-69273;R-HSA-69473;R-HSA-69478;R-HSA-69541;R-HSA-69563;R-HSA-69580;R-HSA-69601;R-HSA-69610;R-HSA-69613;R-HSA-69615;R-HSA-69656;R-HSA-70171;R-HSA-70221;R-HSA-70263;R-HSA-70268;R-HSA-70326;R-HSA-70350;R-HSA-70370;R-HSA-70635;R-HSA-70895;R-HSA-70921;R-HSA-71032;R-HSA-71288;R-HSA-71336;R-HSA-71403;R-HSA-72202;R-HSA-72613;R-HSA-72662;R-HSA-72702;R-HSA-72737;R-HSA-73614;R-HSA-73621;R-HSA-73728;R-HSA-73817;R-HSA-73854;R-HSA-73864;R-HSA-73886;R-HSA-73893;R-HSA-74217;R-HSA-74259;R-HSA-74713;R-HSA-74749;R-HSA-74751;R-HSA-74752;R-HSA-75035;R-HSA-75105;R-HSA-75109;R-HSA-75153;R-HSA-75815;R-HSA-75893;R-HSA-75955;R-HSA-76005;R-HSA-76009;R-HSA-76042;R-HSA-77075;R-HSA-77289;R-HSA-83936;R-HSA-877300;R-HSA-881907;R-HSA-8847453;R-HSA-8847993;R-HSA-8848021;R-HSA-8849468;R-HSA-8849469;R-HSA-8849470;R-HSA-8849471;R-HSA-8849472;R-HSA-8849474;R-HSA-8850843;R-HSA-8851805;R-HSA-8851907;R-HSA-8852276;R-HSA-8852405;R-HSA-8853333;R-HSA-8853334;R-HSA-8853336;R-HSA-8853659;R-HSA-8854518;R-HSA-8854521;R-HSA-8854691;R-HSA-8856688;R-HSA-8856825;R-HSA-8857538;R-HSA-8862803;R-HSA-8863678;R-HSA-8863795;R-HSA-8866376;R-HSA-8874081;R-HSA-8875360;R-HSA-8875791;R-HSA-8875878;R-HSA-8876198;R-HSA-8876384;R-HSA-8876493;R-HSA-8878159;R-HSA-8878166;R-HSA-8934593;R-HSA-8934903;R-HSA-8939236;R-HSA-8939243;R-HSA-8939902;R-HSA-8940973;R-HSA-8941326;R-HSA-8941332;R-HSA-8941858;R-HSA-8943724;R-HSA-8948751;R-HSA-8953750;R-HSA-8955332;R-HSA-8956319;R-HSA-8956320;R-HSA-8956321;R-HSA-8957275;R-HSA-8963896;R-HSA-8963898;R-HSA-8963899;R-HSA-8964058;R-HSA-8964539;R-HSA-8978934;R-HSA-8979227;R-HSA-8982491;R-HSA-8983432;R-HSA-8984722;R-HSA-8985947;R-HSA-8986944;R-HSA-9006115;R-HSA-9006335;R-HSA-9006927;R-HSA-9007101;R-HSA-9007892;R-HSA-9008059;R-HSA-9009391;R-HSA-9010642;R-HSA-9012852;R-HSA-9013420;R-HSA-9013507;R-HSA-9013694;R-HSA-9013973;R-HSA-9014325;R-HSA-9018519;R-HSA-9020558;R-HSA-9020591;R-HSA-9020702;R-HSA-9020933;R-HSA-9020956;R-HSA-9020958;R-HSA-9022692;R-HSA-9024909;R-HSA-9025046;R-HSA-9026357;R-HSA-9026519;R-HSA-9026527;R-HSA-9027276;R-HSA-9027277;R-HSA-9027283;R-HSA-9027284;R-HSA-9028335;R-HSA-9028731;R-HSA-9031628;R-HSA-9032500;R-HSA-9032845;R-HSA-9033241;R-HSA-9034013;R-HSA-9034015;R-HSA-9034793;R-HSA-9034864;R-HSA-909733;R-HSA-912526;R-HSA-912631;R-HSA-917729;R-HSA-917937;R-HSA-917977;R-HSA-918233;R-HSA-927802;R-HSA-933541;R-HSA-933542;R-HSA-936837;R-HSA-936964;R-HSA-937039;R-HSA-937042;R-HSA-937061;R-HSA-937072;R-HSA-9603381;R-HSA-9604323;R-HSA-9607240;R-HSA-9609523;R-HSA-9609736;R-HSA-9613354;R-HSA-9614085;R-HSA-9614399;R-HSA-9619229;R-HSA-9619483;R-HSA-9620244;R-HSA-9627069;R-HSA-9633012;R-HSA-9634285;R-HSA-9634597;R-HSA-9634600;R-HSA-9634635;R-HSA-9634638;R-HSA-9634815;R-HSA-9645135;R-HSA-9645460;R-HSA-9645723;R-HSA-9648002;R-HSA-9648025;R-HSA-9648895;R-HSA-964975;R-HSA-9649948;R-HSA-9652169;R-HSA-9656223;R-HSA-9659379;R-HSA-9660821;R-HSA-9660826;R-HSA-9662360;R-HSA-9662361;R-HSA-9662834;R-HSA-9663891;R-HSA-9664323;R-HSA-9664420;R-HSA-9664424;R-HSA-9664565;R-HSA-9665348;R-HSA-9665686;R-HSA-9668328;R-HSA-9669933;R-HSA-9669935;R-HSA-9669938;R-HSA-9670439;R-HSA-9671555;R-HSA-9673324;R-HSA-9673766;R-HSA-9673767;R-HSA-9673768;R-HSA-9673770;R-HSA-9674555;R-HSA-9679514;R-HSA-9680187;R-HSA-9680350;R-HSA-9682385;R-HSA-9682706;R-HSA-9683610;R-HSA-9683701;R-HSA-9694631;R-HSA-9694635;R-HSA-9694682;R-HSA-9694686;R-HSA-9700206;R-HSA-9702518;R-HSA-9703465;R-HSA-9703648;R-HSA-9706019;R-HSA-9706369;R-HSA-9707564;R-HSA-9708530;R-HSA-9725370;R-HSA-9725371;R-HSA-9727281;R-HSA-9730414;R-HSA-9732724;R-HSA-9734009;R-HSA-9748787;R-HSA-9749641;R-HSA-975110;R-HSA-975138;R-HSA-975144;R-HSA-975155;R-HSA-975163;R-HSA-9753281;R-HSA-9755088;R-HSA-9755511;R-HSA-9755779;R-HSA-9757110;R-HSA-975871;R-HSA-9758881;R-HSA-9758890;R-HSA-9759194;R-HSA-975957;R-HSA-9762114;R-HSA-9768919;R-HSA-9772572;R-HSA-9772573;R-HSA-9793528;R-HSA-9816359;R-HSA-9818027;R-HSA-9820952;R-HSA-9820965;R-HSA-9821993;R-HSA-9824585;R-HSA-982772;R-HSA-9828806;R-HSA-983170;R-HSA-983189;R-HSA-9833482;R-HSA-9836573;R-HSA-983695;R-HSA-9837999;R-HSA-9839373;R-HSA-9839389;R-HSA-9840309;R-HSA-9842640;R-HSA-9842663;R-HSA-9853506;R-HSA-9856649;R-HSA-9856651;R-HSA-9860276;R-HSA-9861718;WP176;WP1946;WP2267;WP2333;WP2533;WP2571;WP3391;WP3656;WP3933;WP3953;WP4195;WP4224;WP4236;WP4321;WP4518;WP4628;WP4629;WP466;WP4725;WP4726;WP4792;WP4900;WP4905;WP4932;WP4950;WP4971;WP5090;WP5179;WP5190;WP5283;WP5313;WP5314;WP5346;WP5408;WP623;WP692;WP78,0.14403906640438238,0.6913707249899965,0.9194880048713535,FALSE,11
TT,Males,GW,C8-Pos-004942,Pc(21:2cho_19:4),Lipids and lipid-like molecules,NA,-0.1425078717964017,0.6945181488977819,0.9194880048713535,FALSE,11
TT,Males,GW,C8-Pos-000787,1-Linoleoyl Glycerol,Lipids and lipid-like molecules,NA,0.14206563421277374,0.6954279688656732,0.9194880048713535,FALSE,11
TT,Males,GW,C18-Pos-000839,Triethyl Phosphate,Organic acids and derivatives,NA,0.14176681693753115,0.6960429270071364,0.9194880048713535,FALSE,11
TT,Males,GW,C8-Neg-003419,Ps(23:1_17:2),Lipids and lipid-like molecules,NA,-0.14120066591482183,0.6972084882238501,0.9194880048713535,FALSE,11
TT,Males,GW,C8-Pos-003944,Pc(O-24:5_10:0),Lipids and lipid-like molecules,NA,0.14061267694283716,0.6984196122107941,0.9194880048713535,FALSE,11
TT,Males,GW,Amide-Pos-000599,1-Methylhistidine,Organic acids and derivatives,map00340;map00410,0.14821247845139343,0.7035366990053025,0.9236375657332182,FALSE,10
TT,Males,GW,C8-Pos-000610,"2-Methyl-5-{2-[2-(4-Methyl-3,6-Dioxocyclohexa-1,4-Dienyl)Ethoxy]Ethyl}Benzo-1,4-Quinone",Organic oxygen compounds,NA,-0.13610961604459795,0.7077150495655059,0.9265350231080439,FALSE,11
TT,Males,GW,C8-Pos-003565,Cerp(D18:0_20:3),Lipids and lipid-like molecules,NA,-0.1437083199207549,0.7122315283670603,0.9298578287014398,FALSE,10
TT,Males,GW,Amide-Pos-000913,Anserine,Organic acids and derivatives,map00340;map00410;R-HSA-70921;WP4486,0.13867496483501154,0.7219819318139815,0.9362275650358813,FALSE,10
TT,Males,GW,Amide-Pos-000097,Choline,Organic nitrogen compounds,map00270;map00564;R-HSA-112310;R-HSA-112311;R-HSA-1483101;R-HSA-1483115;R-HSA-1483148;R-HSA-1483166;R-HSA-1483191;R-HSA-1483255;R-HSA-2029485;R-HSA-264642;R-HSA-549127;R-HSA-549132;R-HSA-5619114;R-HSA-5658471;R-HSA-6798163;R-HSA-6814848;WP241;WP2525;WP2533;WP3580;WP3933;WP4195;WP4288;WP4722;WP4949;WP5219;WP528;WP5352;WP550,0.1378875521892233,0.7235104487052464,0.9362275650358813,FALSE,10
TT,Males,GW,C8-Pos-004750,Pe 21:2_21:2,Lipids and lipid-like molecules,NA,-0.13305642011391347,0.7329069400400683,0.9362275650358813,FALSE,10
TT,Males,GW,C8-Pos-003687,Dg(20:4_22:5),Lipids and lipid-like molecules,NA,-0.1301810473699416,0.720006129156042,0.9362275650358813,FALSE,11
TT,Males,GW,Amide-Neg-000118,3-Hydroxybutyric Acid,Organic acids and derivatives,map00072;R-HSA-3296197;R-HSA-433692;R-HSA-5619070;R-HSA-74182;R-HSA-77108;R-HSA-77111;R-HSA-9749641;WP3602;WP4686;WP4742;WP5175;WP5195;WP661,0.12813328885624528,0.7425140426274291,0.9362275650358813,FALSE,10
TT,Males,GW,C8-Pos-000909,Sphp(D16:2),Lipids and lipid-like molecules,NA,-0.12602635176539023,0.7286543559286291,0.9362275650358813,FALSE,11
TT,Males,GW,Amide-Pos-001446,Glutathionesulfonic Acid,Organic acids and derivatives,NA,0.12515970829697368,0.7304618358024831,0.9362275650358813,FALSE,11
TT,Males,GW,C8-Neg-000566,Docosatrienoic Acid,Lipids and lipid-like molecules,NA,-0.12334452033945574,0.7342514740435689,0.9362275650358813,FALSE,11
TT,Males,GW,Amide-Neg-000333,2-Methylsuccinic Acid,Lipids and lipid-like molecules,NA,0.12305150729441415,0.7348636955247854,0.9362275650358813,FALSE,11
TT,Males,GW,C8-Pos-001474,Diosgenin,Lipids and lipid-like molecules,NA,-0.12184697934173477,0.7373818459165489,0.9362275650358813,FALSE,11
TT,Males,GW,Amide-Pos-000957,Uridine,"Nucleosides, nucleotides, and analogues",R-HSA-425397;R-HSA-5619063;R-HSA-73614;R-HSA-73621;R-HSA-83936;R-HSA-8956319;R-HSA-8956321;WP4022;WP4225;WP4485;WP4584;WP4595;WP5408,0.12122121993892879,0.7386909301045943,0.9362275650358813,FALSE,11
TT,Males,GW,C8-Neg-003546,Ps(23:4_21:5),Lipids and lipid-like molecules,NA,-0.11962305878848144,0.7420370097948221,0.9362275650358813,FALSE,11
TT,Males,GW,C8-Pos-004510,Pc(20:0_18:1),Lipids and lipid-like molecules,NA,-0.11916053327269018,0.7430061314008165,0.9362275650358813,FALSE,11
TT,Males,GW,Amide-Pos-000747,"N3,N4-Dimethyl-L-Arginine",Organic acids and derivatives,WP4947,-0.11445435293938076,0.7528851868603713,0.9461391385678463,FALSE,11
TT,Males,GW,Amide-Pos-001743,1-Myristoyl-Sn-Glycero-3-Phosphocholine,Lipids and lipid-like molecules,map00590,0.11316365912118977,0.7556002834863297,0.9470190219695332,FALSE,11
TT,Males,GW,C8-Neg-000540,"All-Cis-4,7,10,13,16-Docosapentaenoic Acid",Lipids and lipid-like molecules,map00592;R-HSA-2046104;R-HSA-2046105;R-HSA-9018683;R-HSA-9025106;WP4723,-0.10992162110495127,0.762430794843382,0.9488622512509379,FALSE,11
TT,Males,GW,Amide-Pos-001066,Adenosine,"Nucleosides, nucleotides, and analogues",map00270;map00450;R-HSA-156581;R-HSA-1614635;R-HSA-166520;R-HSA-187015;R-HSA-187024;R-HSA-187037;R-HSA-2161522;R-HSA-2161541;R-HSA-2408508;R-HSA-417973;R-HSA-418038;R-HSA-425397;R-HSA-5619063;R-HSA-5683826;R-HSA-73942;R-HSA-73943;R-HSA-74217;R-HSA-74259;R-HSA-83936;R-HSA-8956319;R-HSA-8956321;R-HSA-9660821;R-HSA-9734207;R-HSA-9734735;R-HSA-9735804;WP3580;WP4224;WP4292;WP4485;WP4504;WP4792;WP4900;WP5078;WP5408;WP80,-0.10986848585876373,0.7625428676246103,0.9488622512509379,FALSE,11
TT,Males,GW,Amide-Pos-000171,Cytosine,Organoheterocyclic compounds,R-HSA-425397;R-HSA-83936;WP3585;WP4584,-0.1095913281104437,0.7631275127082011,0.9488622512509379,FALSE,11
TT,Males,GW,C8-Pos-003647,Lpe 34:1,Lipids and lipid-like molecules,NA,0.10829423246729694,0.765865075439738,0.9497535236323927,FALSE,11
TT,Males,GW,Amide-Neg-000402,Allopurinol,Organoheterocyclic compounds,NA,0.10654771635961285,0.7695548395627654,0.9518178278802625,FALSE,11
TT,Males,GW,C8-Neg-003398,Pi(22:0_12:1),Lipids and lipid-like molecules,NA,-0.11171280915766711,0.7747740415283115,0.9542382857846694,FALSE,10
TT,Males,GW,C18-Pos-001113,Methyl L-Tryptophanate,Organic acids and derivatives,NA,-0.10370357188025373,0.7755723939781781,0.9542382857846694,FALSE,11
TT,Males,GW,C8-Neg-000432,"8z,11z,14z-Eicosatrienoic Acid",Lipids and lipid-like molecules,map00592;R-HSA-2980736;R-HSA-381771;R-HSA-400508;R-HSA-444209;WP4586;WP4723;WP4853,-0.10222826438834186,0.7786980666184239,0.9555824838398412,FALSE,11
TT,Males,GW,C8-Neg-003538,Pc(20:4cooh_23:6),Lipids and lipid-like molecules,NA,0.1004256173234665,0.7825211377840902,0.9562611629048949,FALSE,11
TT,Males,GW,Amide-Neg-001099,D-Glucose,Organic oxygen compounds,map00051;map00052;map00520;map00830;R-HSA-1660662;R-HSA-170822;R-HSA-189085;R-HSA-189200;R-HSA-2980736;R-HSA-381771;R-HSA-400508;R-HSA-420499;R-HSA-422085;R-HSA-422356;R-HSA-532668;R-HSA-5619047;R-HSA-5619056;R-HSA-5619073;R-HSA-5619098;R-HSA-5652084;R-HSA-5652227;R-HSA-5653890;R-HSA-5656364;R-HSA-5658208;R-HSA-70171;R-HSA-70221;R-HSA-70263;R-HSA-70326;R-HSA-8935690;R-HSA-8963676;R-HSA-8963743;R-HSA-8981373;R-HSA-8982491;R-HSA-901042;R-HSA-964739;R-HSA-9683686;R-HSA-9683701;R-HSA-9694548;R-HSA-9694635;R-HSA-9717189;R-HSA-9717207;R-HSA-9772573;R-HSA-9840310;WP1403;WP1533;WP1584;WP176;WP1946;WP1982;WP2456;WP2868;WP3602;WP3915;WP4521;WP4628;WP4629;WP500;WP5094;WP5216;WP5312;WP534;WP5394;WP5433;WP661;WP690;WP698,0.09806758085564361,0.7875284090203861,0.9562611629048949,FALSE,11
TT,Males,GW,Amide-Pos-000316,D-Lysine,Organic acids and derivatives,map00310;map00780,0.09793189765984653,0.7878167463181918,0.9562611629048949,FALSE,11
TT,Males,GW,Amide-Pos-000372,Asparagine,Organic acids and derivatives,map00250;map00910;R-HSA-352230;R-HSA-379716;R-HSA-379724;R-HSA-379726;R-HSA-442660;R-HSA-5676934;R-HSA-8963693;WP106;WP3953;WP4290,0.0972060457841531,0.7893596312243215,0.9562611629048949,FALSE,11
TT,Males,GW,C18-Pos-002454,Guanosine-5'-Monophosphate,"Nucleosides, nucleotides, and analogues",map00250;R-HSA-157579;R-HSA-174414;R-HSA-174417;R-HSA-174437;R-HSA-180786;R-HSA-2485179;R-HSA-2514856;R-HSA-3000480;R-HSA-3299685;R-HSA-392154;R-HSA-4086398;R-HSA-418346;R-HSA-418457;R-HSA-425397;R-HSA-429914;R-HSA-429958;R-HSA-430039;R-HSA-499943;R-HSA-69166;R-HSA-69183;R-HSA-69186;R-HSA-69190;R-HSA-69239;R-HSA-72086;R-HSA-727802;R-HSA-73817;R-HSA-73886;R-HSA-74217;R-HSA-74259;R-HSA-8850843;R-HSA-8956319;R-HSA-8956320;R-HSA-8956321;R-HSA-9660826;R-HSA-9664424;R-HSA-9717189;R-HSA-9717207;WP411;WP4222;WP4224;WP4792;WP5294;WP5348,0.09698072569215199,0.7898387103738183,0.9562611629048949,FALSE,11
TT,Males,GW,C8-Pos-001521,Triethyleneglycol Bis(2-Ethylhexanoate),Lipids and lipid-like molecules,NA,0.09621903062871369,0.7914587071702216,0.9562611629048949,FALSE,11
TT,Males,GW,Amide-Pos-000363,Leucine,Organic acids and derivatives,map00280;R-HSA-352230;R-HSA-379716;R-HSA-379724;R-HSA-379726;R-HSA-442660;R-HSA-5619044;R-HSA-5619094;R-HSA-5619113;R-HSA-5659735;R-HSA-5660862;R-HSA-5660883;R-HSA-70895;R-HSA-71240;R-HSA-9639288;WP3953;WP4686;WP5175,0.09858070288880673,0.8007923265253567,0.9650574191459427,FALSE,10
TT,Males,GW,Amide-Pos-001947,Udp-Β-D-Glucose (Sodium Salt),"Nucleosides, nucleotides, and analogues",map00052;map00520;WP3602;WP4784;WP4900;WP500;WP5173;WP5312;WP5314;WP5345;WP698,-0.09403125094973108,0.8098469485319937,0.9672745273816624,FALSE,10
TT,Males,GW,C8-Pos-004875,Ps 20:2_20:2,Lipids and lipid-like molecules,NA,-0.08772214976107216,0.8095776362547789,0.9672745273816624,FALSE,11
TT,Males,GW,Amide-Pos-001079,Inosine,"Nucleosides, nucleotides, and analogues",R-HSA-2161522;R-HSA-2161541;R-HSA-425397;R-HSA-5619063;R-HSA-5683826;R-HSA-74217;R-HSA-74259;R-HSA-83936;R-HSA-8956319;R-HSA-8956321;R-HSA-9735763;R-HSA-9735786;R-HSA-9735804;R-HSA-9755088;WP4224;WP4485;WP4792,0.08745351295286433,0.8101518582162589,0.9672745273816624,FALSE,11
TT,Males,GW,C18-Neg-000934,Yrquylsqfnxrba-Izzdovswsa-N,Lipids and lipid-like molecules,NA,-0.08674752891952485,0.8116613156732373,0.9672745273816624,FALSE,11
TT,Males,GW,C8-Pos-001241,Dg(3:0_15:0),Lipids and lipid-like molecules,NA,-0.08560920965523626,0.8140963201319065,0.9672745273816624,FALSE,11
TT,Males,GW,Amide-Neg-000933,L-N-Acetylhistidine,Organic acids and derivatives,NA,0.08445793879252252,0.8165604888445168,0.9672745273816624,FALSE,11
TT,Males,GW,Amide-Neg-001321,Cytidine,"Nucleosides, nucleotides, and analogues",R-HSA-425397;R-HSA-5619063;R-HSA-73614;R-HSA-73621;R-HSA-83936;R-HSA-8956319;R-HSA-8956321;WP4022;WP4225;WP4485;WP4584;WP5408,0.08423479535702103,0.8170382710011064,0.9672745273816624,FALSE,11
TT,Males,GW,C8-Pos-004019,Pa(18:1_20:0),Lipids and lipid-like molecules,NA,-0.08655744647413441,0.8247638457616174,0.9690975187699005,FALSE,10
TT,Males,GW,C8-Pos-004445,Pc(P-12:1_26:4),Lipids and lipid-like molecules,NA,-0.08133657815066901,0.8232486497626883,0.9690975187699005,FALSE,11
TT,Males,GW,Amide-Pos-001017,Glycerophosphocholine,Lipids and lipid-like molecules,map00830;R-HSA-1483115;R-HSA-1483255;R-HSA-6814848;WP4195;WP4949;WP528,0.08077922620912052,0.8244439826173352,0.9690975187699005,FALSE,11
TT,Males,GW,C8-Pos-005692,Pc(22:3cho_27:6),Lipids and lipid-like molecules,NA,0.07306710544271779,0.8410163005107923,0.9761024118379727,FALSE,11
TT,Males,GW,Amide-Pos-000193,Creatinine,Organic acids and derivatives,R-HSA-549127;R-HSA-549132;R-HSA-71288;WP1533;WP497;WP5190,-0.07130317376400279,0.84481489393797,0.9761024118379727,FALSE,11
TT,Males,GW,C18-Pos-001159,Biotin,Organoheterocyclic compounds,map00020;map00250;map00280;map00620;map00640;map00780;map00910;R-HSA-196780;R-HSA-3296482;R-HSA-3323169;R-HSA-3371599;R-HSA-425397;WP4686;WP5031,-0.06965193900557264,0.8483734100147101,0.9761024118379727,FALSE,11
TT,Males,GW,Amide-Pos-000314,4-Piperidinecarboxamide,Organoheterocyclic compounds,NA,0.06948456287748121,0.8487342549786087,0.9761024118379727,FALSE,11
TT,Males,GW,C8-Pos-004759,Pe(O-20:1_22:6),Lipids and lipid-like molecules,NA,0.06912727474320807,0.8597346530766522,0.9761024118379727,FALSE,10
TT,Males,GW,C8-Pos-005843,Tg(20:1_24:5_20:6),Lipids and lipid-like molecules,NA,-0.06833657826515092,0.8512098653393428,0.9761024118379727,FALSE,11
TT,Males,GW,C8-Pos-005741,Pc(28:1_21:0cooh),Lipids and lipid-like molecules,NA,-0.0650857109059514,0.8582265977821832,0.9761024118379727,FALSE,11
TT,Males,GW,C8-Neg-000295,Linoleic Acid,Lipids and lipid-like molecules,map00592;R-HSA-1368082;R-HSA-1368108;R-HSA-1592230;R-HSA-1655829;R-HSA-1989781;R-HSA-2046104;R-HSA-2046105;R-HSA-2151201;R-HSA-2426168;R-HSA-2453902;R-HSA-381340;R-HSA-400206;R-HSA-400253;R-HSA-425397;R-HSA-5619108;R-HSA-6806667;R-HSA-804914;R-HSA-9707564;R-HSA-9707616;R-HSA-975634;R-HSA-9843745;WP4586;WP4723;WP4853;WP5137;WP5324,0.06476210991432903,0.8589255612620359,0.9761024118379727,FALSE,11
TT,Males,GW,C8-Pos-005755,Pc(36:6_13:4cooh),Lipids and lipid-like molecules,NA,0.06207149718486594,0.8647405398306554,0.9761024118379727,FALSE,11
TT,Males,GW,Amide-Pos-000960,Pro-Glu,Organic acids and derivatives,NA,0.0599890087352211,0.8692452649787821,0.9761024118379727,FALSE,11
TT,Males,GW,C8-Pos-002819,Pe(7:0_16:0cho),Lipids and lipid-like molecules,NA,0.059300234153945905,0.8707359362278082,0.9761024118379727,FALSE,11
TT,Males,GW,Amide-Pos-001102,Gamma-Glu-Glu,Organic acids and derivatives,NA,-0.05858377374307865,0.8722869151578089,0.9761024118379727,FALSE,11
TT,Males,GW,Amide-Pos-001479,Xanthosine 5'-Monophosphate,"Nucleosides, nucleotides, and analogues",NA,0.05828380316473167,0.8729364020558643,0.9761024118379727,FALSE,11
TT,Males,GW,C8-Pos-000407,Glycerol Monomyristate,Lipids and lipid-like molecules,NA,0.05748601309854916,0.8746640838815123,0.9761024118379727,FALSE,11
TT,Males,GW,C8-Pos-000806,Glycerol Monooleate,Lipids and lipid-like molecules,WP4905,0.05741102741027693,0.8748264963560415,0.9761024118379727,FALSE,11
TT,Males,GW,Amide-Pos-000411,Hypoxanthtine,Organoheterocyclic compounds,R-HSA-110331;R-HSA-425397;R-HSA-73884;R-HSA-73927;R-HSA-73929;R-HSA-74217;R-HSA-74259;R-HSA-83936;R-HSA-8956319;R-HSA-8956321;R-HSA-9734207;R-HSA-9734281;R-HSA-9735804;WP4224;WP4792;WP661,-0.0566467096763182,0.8764821811969399,0.9761024118379727,FALSE,11
TT,Males,GW,C8-Pos-004114,Pe(19:4_19:4),Lipids and lipid-like molecules,NA,0.05524756260753203,0.879514163696556,0.9761024118379727,FALSE,11
TT,Males,GW,C8-Pos-001317,Solanidine,Lipids and lipid-like molecules,NA,0.05291005191530301,0.8924636674890218,0.9761024118379727,FALSE,10
TT,Males,GW,Amide-Pos-000331,L-Pipecolinic Acid,Organic acids and derivatives,map00310;R-HSA-71064;WP4228,0.05260138586010645,0.8852523157162665,0.9761024118379727,FALSE,11
TT,Males,GW,C8-Pos-004250,1-(1z-Octadecenyl)-2-(9z-Octadecenoyl)-Sn-Glycero-3-Phosphocholine,Lipids and lipid-like molecules,NA,-0.05226842332585078,0.8859746800783537,0.9761024118379727,FALSE,11
TT,Males,GW,C8-Pos-004628,Pc(9:0_28:7),Lipids and lipid-like molecules,NA,-0.052103113699792425,0.8863333485056781,0.9761024118379727,FALSE,11
TT,Males,GW,Amide-Pos-000558,Delta-Valerobetaine,Lipids and lipid-like molecules,NA,-0.04985219967477404,0.8912189291324255,0.9761024118379727,FALSE,11
TT,Males,GW,C8-Pos-000337,Geranyllinalool,Lipids and lipid-like molecules,NA,-0.048991873237152914,0.8930871362228976,0.9761024118379727,FALSE,11
TT,Males,GW,C8-Neg-003628,Pc(30:8_11:3cooh),Lipids and lipid-like molecules,NA,-0.048978985282967055,0.900420085535205,0.9761024118379727,FALSE,10
TT,Males,GW,C8-Pos-001872,Pe(O-10:0_6:0),Lipids and lipid-like molecules,NA,0.04868782161646444,0.9010097093613773,0.9761024118379727,FALSE,10
TT,Males,GW,C8-Neg-003730,Pc(18:3cho_26:8),Lipids and lipid-like molecules,NA,-0.047903252251448813,0.8954517649279266,0.9761024118379727,FALSE,11
TT,Males,GW,C8-Pos-003694,Tg(15:1cooh_24:0),Lipids and lipid-like molecules,NA,0.047003344629738465,0.8974070439599885,0.9761024118379727,FALSE,11
TT,Males,GW,Amide-Pos-000383,Adenine,Organoheterocyclic compounds,R-HSA-110331;R-HSA-1237112;R-HSA-1614635;R-HSA-425397;R-HSA-5619063;R-HSA-73884;R-HSA-73927;R-HSA-73929;R-HSA-74217;R-HSA-83936;R-HSA-8956321;R-HSA-9734195;R-HSA-9734207;R-HSA-9735804;WP3580;WP4224;WP4792;WP5078;WP80,-0.046322606325909524,0.9058009421956509,0.9761024118379727,FALSE,10
TT,Males,GW,Amide-Pos-000319,L-Glutamic Acid,Organic acids and derivatives,map00250;map00270;map00280;map00310;map00330;map00340;map00350;map00360;map00380;map00410;map00480;map00520;map00590;map00640;map00670;map00760;map00910;R-HSA-112310;R-HSA-112313;R-HSA-156590;R-HSA-1614558;R-HSA-1614635;R-HSA-174403;R-HSA-196757;R-HSA-196807;R-HSA-210455;R-HSA-210500;R-HSA-2142691;R-HSA-2682334;R-HSA-352230;R-HSA-379716;R-HSA-379724;R-HSA-379726;R-HSA-3928662;R-HSA-399710;R-HSA-399721;R-HSA-420499;R-HSA-428643;R-HSA-438064;R-HSA-438066;R-HSA-442742;R-HSA-442755;R-HSA-442982;R-HSA-446210;R-HSA-446219;R-HSA-451306;R-HSA-451307;R-HSA-451308;R-HSA-451326;R-HSA-499943;R-HSA-500657;R-HSA-500753;R-HSA-5423646;R-HSA-5578999;R-HSA-5579029;R-HSA-5619062;R-HSA-5619067;R-HSA-5619076;R-HSA-5628897;R-HSA-6794362;R-HSA-70263;R-HSA-70268;R-HSA-70326;R-HSA-70635;R-HSA-70688;R-HSA-70895;R-HSA-70921;R-HSA-71064;R-HSA-71240;R-HSA-73817;R-HSA-8849932;R-HSA-888568;R-HSA-888590;R-HSA-8955332;R-HSA-8956320;R-HSA-8963684;R-HSA-8963691;R-HSA-8963693;R-HSA-8964539;R-HSA-8964540;R-HSA-9018677;R-HSA-9026395;R-HSA-9026762;R-HSA-9026766;R-HSA-916853;R-HSA-9617324;R-HSA-9620244;R-HSA-9659379;R-HSA-9662360;R-HSA-9664535;R-HSA-9717189;R-HSA-9717207;R-HSA-9748787;R-HSA-9753281;R-HSA-977347;R-HSA-9856872;WP100;WP2333;WP2447;WP2485;WP3580;WP3602;WP3853;WP3869;WP4008;WP4157;WP4159;WP4222;WP4224;WP4225;WP4228;WP4259;WP4315;WP4504;WP4571;WP4583;WP4595;WP4661;WP4688;WP497;WP5026;WP5029;WP5094;WP5213;WP5312;WP5402;WP550,0.04595045534619487,0.8996953454429046,0.9761024118379727,FALSE,11
TT,Males,GW,C18-Pos-000992,D-Pantothenic Acid,Organic oxygen compounds,map00410;map00770;R-HSA-196783;R-HSA-199220;R-HSA-425397;WP4577;WP5172,0.04484941615074728,0.9020890056245785,0.9761024118379727,FALSE,11
TT,Males,GW,C8-Neg-002321,"(2s)-2-Hydroxy-3-[(Hydroxy{[(1s,2r,3r,4s,5s,6r)-2,3,4,5,6-Pentahydroxycyclohexyl]Oxy}Phosphoryl)Oxy]Propyl (12z)-12-Octadecenoate",Lipids and lipid-like molecules,NA,0.04478085736226996,0.9022380761759748,0.9761024118379727,FALSE,11
TT,Males,GW,C8-Pos-004072,Pe(O-17:3_21:1),Lipids and lipid-like molecules,NA,-0.04408989153846583,0.903740628094994,0.9761024118379727,FALSE,11
TT,Males,GW,C8-Pos-000955,3-Hexadecyl-4-Methoxy-5-Methyloxolan-2-One,Organoheterocyclic compounds,NA,0.043940176568897836,0.9040662298455249,0.9761024118379727,FALSE,11
TT,Males,GW,C8-Pos-004641,N-Nervonoyl-D-Erythro-Sphingosylphosphorylcholine,Lipids and lipid-like molecules,WP4726,0.042252295838868775,0.9077379319003278,0.9761024118379727,FALSE,11
TT,Males,GW,C8-Neg-003644,Pc(21:1cooh_23:6),Lipids and lipid-like molecules,NA,-0.04220193370623887,0.9078475107887337,0.9761024118379727,FALSE,11
TT,Males,GW,C8-Pos-004916,Pe(21:0_21:5),Lipids and lipid-like molecules,NA,0.04207773120267545,0.908117758943918,0.9761024118379727,FALSE,11
TT,Males,GW,C8-Pos-002844,Dg(16:0_16:1),Lipids and lipid-like molecules,NA,-0.04138957158829454,0.9096152560262369,0.9761024118379727,FALSE,11
TT,Males,GW,Amide-Pos-001703,Guanosine 5'-Diphosphate (Gdp),"Nucleosides, nucleotides, and analogues",map00020;map00250;map00620;R-HSA-111885;R-HSA-112040;R-HSA-112043;R-HSA-112399;R-HSA-112412;R-HSA-114604;R-HSA-114608;R-HSA-1168372;R-HSA-1169092;R-HSA-1226099;R-HSA-1227986;R-HSA-1227990;R-HSA-1236382;R-HSA-1236394;R-HSA-1250196;R-HSA-1250347;R-HSA-1433557;R-HSA-1445148;R-HSA-156842;R-HSA-156902;R-HSA-157858;R-HSA-162699;R-HSA-162909;R-HSA-163125;R-HSA-163359;R-HSA-1643713;R-HSA-165054;R-HSA-165159;R-HSA-1660662;R-HSA-166187;R-HSA-166208;R-HSA-166520;R-HSA-167044;R-HSA-168274;R-HSA-168333;R-HSA-169893;R-HSA-170660;R-HSA-170670;R-HSA-170968;R-HSA-170984;R-HSA-171007;R-HSA-177243;R-HSA-177504;R-HSA-177929;R-HSA-179812;R-HSA-180336;R-HSA-180746;R-HSA-186763;R-HSA-186797;R-HSA-187037;R-HSA-187687;R-HSA-187706;R-HSA-190236;R-HSA-190828;R-HSA-190840;R-HSA-190861;R-HSA-190872;R-HSA-1912399;R-HSA-1912422;R-HSA-193634;R-HSA-193648;R-HSA-193697;R-HSA-193704;R-HSA-194138;R-HSA-1963640;R-HSA-199992;R-HSA-202040;R-HSA-203927;R-HSA-204005;R-HSA-204998;R-HSA-209563;R-HSA-210993;R-HSA-211000;R-HSA-2132295;R-HSA-2172127;R-HSA-2179392;R-HSA-2404192;R-HSA-2408557;R-HSA-2424491;R-HSA-2428924;R-HSA-2428928;R-HSA-2428933;R-HSA-2485179;R-HSA-2500257;R-HSA-2514856;R-HSA-2514859;R-HSA-2682334;R-HSA-2871796;R-HSA-2995410;R-HSA-3371497;R-HSA-354192;R-HSA-373080;R-HSA-373752;R-HSA-373755;R-HSA-373760;R-HSA-375165;R-HSA-380320;R-HSA-380972;R-HSA-381676;R-HSA-388841;R-HSA-389356;R-HSA-389359;R-HSA-392170;R-HSA-392517;R-HSA-392518;R-HSA-392851;R-HSA-3928662;R-HSA-3928663;R-HSA-3928664;R-HSA-3928665;R-HSA-399955;R-HSA-399997;R-HSA-400042;R-HSA-400451;R-HSA-400685;R-HSA-4086398;R-HSA-416482;R-HSA-416550;R-HSA-416572;R-HSA-418346;R-HSA-418592;R-HSA-418597;R-HSA-418885;R-HSA-420092;R-HSA-422356;R-HSA-428540;R-HSA-428543;R-HSA-428930;R-HSA-432040;R-HSA-432720;R-HSA-432722;R-HSA-434316;R-HSA-437239;R-HSA-438064;R-HSA-4420097;R-HSA-442742;R-HSA-442755;R-HSA-442982;R-HSA-445144;R-HSA-445717;R-HSA-446219;R-HSA-456926;R-HSA-499943;R-HSA-5368286;R-HSA-5368287;R-HSA-5389840;R-HSA-5419276;R-HSA-5610787;R-HSA-5620912;R-HSA-5620916;R-HSA-5620920;R-HSA-5620924;R-HSA-5621575;R-HSA-5624138;R-HSA-5626467;R-HSA-5628897;R-HSA-5637810;R-HSA-5637812;R-HSA-5637815;R-HSA-5654687;R-HSA-5654688;R-HSA-5654693;R-HSA-5654696;R-HSA-5654699;R-HSA-5654700;R-HSA-5654704;R-HSA-5654706;R-HSA-5654708;R-HSA-5654712;R-HSA-5654716;R-HSA-5654719;R-HSA-5654736;R-HSA-5654738;R-HSA-5654741;R-HSA-5654743;R-HSA-5655253;R-HSA-5655291;R-HSA-5655302;R-HSA-5655332;R-HSA-5658442;R-HSA-5663220;R-HSA-6784531;R-HSA-6806834;R-HSA-6807070;R-HSA-6807878;R-HSA-6811434;R-HSA-6811436;R-HSA-6811438;R-HSA-6811440;R-HSA-70263;R-HSA-70326;R-HSA-71064;R-HSA-71403;R-HSA-72086;R-HSA-72613;R-HSA-72706;R-HSA-72731;R-HSA-72737;R-HSA-72764;R-HSA-73817;R-HSA-74751;R-HSA-74752;R-HSA-76005;R-HSA-76009;R-HSA-881907;R-HSA-8848021;R-HSA-8849471;R-HSA-8850843;R-HSA-8851805;R-HSA-8852135;R-HSA-8852276;R-HSA-8854214;R-HSA-8856688;R-HSA-8866654;R-HSA-8873719;R-HSA-8875555;R-HSA-8875878;R-HSA-8876198;R-HSA-8943724;R-HSA-8955332;R-HSA-8956319;R-HSA-8956320;R-HSA-8985586;R-HSA-9006115;R-HSA-9006335;R-HSA-9006927;R-HSA-9007101;R-HSA-9009391;R-HSA-9013026;R-HSA-9013106;R-HSA-9013404;R-HSA-9013405;R-HSA-9013406;R-HSA-9013408;R-HSA-9013409;R-HSA-9013419;R-HSA-9013420;R-HSA-9013423;R-HSA-9013424;R-HSA-9013425;R-HSA-9026519;R-HSA-9027284;R-HSA-9028731;R-HSA-9032500;R-HSA-9032759;R-HSA-9032845;R-HSA-9033658;R-HSA-9033807;R-HSA-9034015;R-HSA-9034864;R-HSA-9035034;R-HSA-9037629;R-HSA-927802;R-HSA-9607240;R-HSA-9609736;R-HSA-9615933;R-HSA-9619229;R-HSA-9619483;R-HSA-9634285;R-HSA-9634597;R-HSA-9634635;R-HSA-9635486;R-HSA-9636383;R-HSA-9637687;R-HSA-9637690;R-HSA-9639288;R-HSA-9646399;R-HSA-9648002;R-HSA-9648025;R-HSA-9660821;R-HSA-9660826;R-HSA-9663891;R-HSA-9664424;R-HSA-9664565;R-HSA-9665348;R-HSA-9665686;R-HSA-9668328;R-HSA-9669938;R-HSA-9670439;R-HSA-9671555;R-HSA-9673767;R-HSA-9673770;R-HSA-9680350;R-HSA-9682385;R-HSA-9703465;R-HSA-9703648;R-HSA-9715370;R-HSA-9717189;R-HSA-9717207;R-HSA-9748787;R-HSA-975576;R-HSA-975578;R-HSA-975956;R-HSA-975957;R-HSA-977443;R-HSA-977444;R-HSA-983170;R-HSA-983189;R-HSA-9833482;R-HSA-9840309;R-HSA-991365;WP422;WP4224;WP4236;WP4521;WP4539;WP4656;WP4792;WP4928;WP4962;WP5222;WP5223;WP5366;WP5406;WP585;WP78,0.03956641363217297,0.9135838394691737,0.9761024118379727,FALSE,11
TT,Males,GW,C8-Pos-004614,Pc(15:2cho_22:2),Lipids and lipid-like molecules,NA,-0.037975028085089346,0.917049318459926,0.9761024118379727,FALSE,11
TT,Males,GW,Amide-Pos-001621,Cytidine 5'-Diphosphate,"Nucleosides, nucleotides, and analogues",R-HSA-446199;R-HSA-446219;R-HSA-499943;R-HSA-8850843;R-HSA-8956319;R-HSA-9660826;R-HSA-9664424;WP4022;WP4225;WP4584,0.037963672533568964,0.9170740514491588,0.9761024118379727,FALSE,11
TT,Males,GW,Amide-Pos-000336,N-Acetylputrescine,Organic acids and derivatives,WP4157,0.037838162914758985,0.9173474222717473,0.9761024118379727,FALSE,11
TT,Males,GW,C8-Neg-003255,Ps(19:1_17:2),Lipids and lipid-like molecules,NA,-0.03654237111774829,0.920170220396301,0.9761024118379727,FALSE,11
TT,Males,GW,Amide-Pos-000475,Dl-Glutamine,Organic acids and derivatives,WP4157;WP4290;WP4504;WP5029;WP5049;WP5220;WP5314,0.03649670596188667,0.9202697137844826,0.9761024118379727,FALSE,11
TT,Males,GW,C8-Neg-002832,Oahfa(15:1_25:3),Lipids and lipid-like molecules,NA,0.0356543155901118,0.9221052571405529,0.9761024118379727,FALSE,11
TT,Males,GW,Amide-Pos-000317,L-Pyroglutamic Acid,Organic acids and derivatives,map00480;R-HSA-156590;R-HSA-174403;R-HSA-5578998;R-HSA-5579029;WP100;WP2525,-0.032351802237017155,0.9293044563001467,0.9815125718226267,FALSE,11
TT,Males,GW,Amide-Pos-001528,Hyflavin,Organoheterocyclic compounds,NA,-0.02836445331854032,0.9380026538978784,0.9863890460325891,FALSE,11
TT,Males,GW,C8-Pos-004302,Pc(18:1_16:2),Lipids and lipid-like molecules,NA,0.028311163953529596,0.9381189437799304,0.9863890460325891,FALSE,11
TT,Males,GW,Amide-Neg-000011,Glycine,Organic acids and derivatives,map00120;map00250;map00270;map00330;map00480;map00860;map00910;R-HSA-156587;R-HSA-156590;R-HSA-159418;R-HSA-159424;R-HSA-174403;R-HSA-177128;R-HSA-177135;R-HSA-189445;R-HSA-189451;R-HSA-192105;R-HSA-193368;R-HSA-194068;R-HSA-196757;R-HSA-2142691;R-HSA-2408508;R-HSA-2682334;R-HSA-352230;R-HSA-379716;R-HSA-379724;R-HSA-379726;R-HSA-389661;R-HSA-3928662;R-HSA-428559;R-HSA-438064;R-HSA-438066;R-HSA-442660;R-HSA-442742;R-HSA-442755;R-HSA-442982;R-HSA-5423646;R-HSA-5579006;R-HSA-5579029;R-HSA-5619041;R-HSA-5619044;R-HSA-5619089;R-HSA-5619094;R-HSA-5659735;R-HSA-6783984;R-HSA-6794362;R-HSA-6798163;R-HSA-71262;R-HSA-71288;R-HSA-73817;R-HSA-8849175;R-HSA-8849932;R-HSA-8955332;R-HSA-8956320;R-HSA-9018677;R-HSA-9026395;R-HSA-9026762;R-HSA-9026766;R-HSA-9617324;R-HSA-9620244;R-HSA-9664535;R-HSA-9749641;R-HSA-9753281;WP100;WP1495;WP176;WP241;WP2525;WP3584;WP3996;WP4259;WP4290;WP4292;WP4504;WP4518;WP4688;WP4917;WP5028;WP5029;WP5166;WP5169;WP5190;WP521;WP5312;WP561;WP715,-0.023276106607309048,0.9491110932171766,0.9944975717371332,FALSE,11
TT,Males,GW,C8-Pos-002542,Lpc 20:3-Sn1,Lipids and lipid-like molecules,NA,0.022204901201240707,0.9514507209358289,0.9944975717371332,FALSE,11
TT,Males,GW,Amide-Neg-000787,D-(-)-Mannitol,Organic oxygen compounds,NA,0.020660576028342852,0.9548242769125015,0.9944975717371332,FALSE,11
TT,Males,GW,C18-Neg-000283,Octanedioic Acid,Lipids and lipid-like molecules,NA,-0.020402169170606388,0.9553888273648964,0.9944975717371332,FALSE,11
TT,Males,GW,C8-Neg-000556,"7(Z),10(Z),13(Z),16(Z)-Docosatetraenoic Acid",Lipids and lipid-like molecules,map00592;R-HSA-2980736;R-HSA-381771;R-HSA-400508;R-HSA-444209;WP4723;WP5122;WP5321,-0.018543299560313514,0.9594504772433964,0.9944975717371332,FALSE,11
TT,Males,GW,Amide-Pos-000849,Carnosine,Organic acids and derivatives,NA,0.017491626610012127,0.9617487714539983,0.9944975717371332,FALSE,11
TT,Males,GW,Amide-Pos-000255,L-Threonine,Organic acids and derivatives,R-HSA-352230;R-HSA-379716;R-HSA-379724;R-HSA-379726;R-HSA-442660;R-HSA-8849175;WP3953;WP4583;WP4589,0.01728500809466959,0.9622003396039371,0.9944975717371332,FALSE,11
TT,Males,GW,Amide-Pos-000620,D-Arginine,Organic acids and derivatives,map00472,0.01656039106415913,0.9637840777284636,0.9944975717371332,FALSE,11
TT,Males,GW,Amide-Pos-001617,Uridine 5'-Diphosphate,"Nucleosides, nucleotides, and analogues",map00052;map00150;map00520;map00860;R-HSA-1474290;R-HSA-156588;R-HSA-162710;R-HSA-163125;R-HSA-1638074;R-HSA-1638091;R-HSA-1650814;R-HSA-1660662;R-HSA-1793185;R-HSA-189445;R-HSA-189483;R-HSA-190236;R-HSA-190239;R-HSA-190372;R-HSA-1912399;R-HSA-1912420;R-HSA-1912422;R-HSA-1971475;R-HSA-2022854;R-HSA-2022870;R-HSA-2022928;R-HSA-2161522;R-HSA-2161541;R-HSA-3322077;R-HSA-4085001;R-HSA-417957;R-HSA-418038;R-HSA-446219;R-HSA-480985;R-HSA-499943;R-HSA-5173105;R-HSA-5173214;R-HSA-5213460;R-HSA-5218859;R-HSA-5653890;R-HSA-5654741;R-HSA-5675482;R-HSA-8850843;R-HSA-8956319;R-HSA-8982491;R-HSA-9033658;R-HSA-9033807;R-HSA-9037629;R-HSA-913709;R-HSA-964739;R-HSA-9660826;R-HSA-9664424;R-HSA-9683673;R-HSA-9683686;R-HSA-9683701;R-HSA-9694635;R-HSA-9694719;R-HSA-9749641;R-HSA-9753281;R-HSA-9754706;R-HSA-975576;R-HSA-975578;R-HSA-9757110;R-HSA-9772573;R-HSA-9840309;WP3871;WP4022;WP4225;WP4521;WP4584;WP4784;WP4900;WP5269;WP5348;WP5380;WP698,-0.015608785013513355,0.9658641002649868,0.9944975717371332,FALSE,11
TT,Males,GW,C8-Pos-001736,Tg(5:0_10:0_6:1cho),Lipids and lipid-like molecules,NA,0.015093636029876163,0.9669901920933401,0.9944975717371332,FALSE,11
TT,Males,GW,Amide-Pos-000025,Putrescine,Organic nitrogen compounds,map00270;R-HSA-140179;R-HSA-141334;R-HSA-351143;R-HSA-351200;R-HSA-351202;WP2525;WP3580;WP4157;WP497,-0.013111771019411446,0.9732927458974336,0.9969094814978763,FALSE,10
TT,Males,GW,Amide-Pos-000562,Dl-Carnitine,Organic nitrogen compounds,map00071;map01040;R-HSA-200425;R-HSA-389887;R-HSA-390918;R-HSA-5362517;R-HSA-549127;R-HSA-549132;R-HSA-5619053;R-HSA-71262;WP4321;WP5123;WP5219,-0.012080593770629623,0.9735775574628196,0.9969094814978763,FALSE,11
TT,Males,GW,C8-Pos-000887,5-(Z-Heptadec-8-Enyl) Resorcinol,Benzenoids,NA,0.008542741156203678,0.9813141174269185,1,FALSE,11
TT,Males,GW,Amide-Pos-000180,Uracil,Organoheterocyclic compounds,map00410;R-HSA-110329;R-HSA-425397;R-HSA-73614;R-HSA-73621;R-HSA-73884;R-HSA-73928;R-HSA-73929;R-HSA-83936;R-HSA-8956319;R-HSA-8956321;WP4022;WP4157;WP4225;WP4584;WP4595,-0.007294087230612012,0.9840450330645116,1,FALSE,11
TT,Males,GW,Amide-Pos-002120,Dihydronicotinamide-Adenine Dinucleotide,"Nucleosides, nucleotides, and analogues",NA,0.005852637736391745,0.9880774446363637,1,FALSE,10
TT,Males,GW,Amide-Pos-000937,Cytarabine,"Nucleosides, nucleotides, and analogues",NA,-0.00450133868679784,0.9901535211340935,1,FALSE,11
TT,Males,GW,Amide-Pos-000200,Creatine,Organic acids and derivatives,map00330;R-HSA-71288;WP1495;WP4583;WP4584;WP4628;WP497;WP5190,-0.00404014157676018,0.9911623345567292,1,FALSE,11
TT,Males,GW,C8-Pos-004650,Tg(39:10_9:2cho),Lipids and lipid-like molecules,NA,-0.0034100759056176024,0.9925405457000072,1,FALSE,11
TT,Males,GW,C18-Neg-001640,2'-Guanylic Acid,Organic oxygen compounds,NA,0.002937324435298313,0.9935746582350208,1,FALSE,11
TT,Males,GW,C8-Pos-000689,Oleoyl Ethanolamide,Organic nitrogen compounds,R-HSA-112310;R-HSA-2980736;R-HSA-381771;R-HSA-400508;R-HSA-400511;WP4949,-0.0017946463379505235,0.9960742237797148,1,FALSE,11
TT,Males,GW,C8-Neg-003343,Pg(20:3_20:4),Lipids and lipid-like molecules,NA,0.0016775881503871487,0.9963302862487224,1,FALSE,11
TT,Males,GW,Amide-Pos-000167,Amifampridine,Organoheterocyclic compounds,NA,2.5477979886515036e-4,0.9994426692261604,1,FALSE,11
TT,Males,GW,C8-Pos-004991,Pc(18:1_22:6),Lipids and lipid-like molecules,NA,-0,1,1,FALSE,11
