Name,logFC,AveExpr,t,P.Value,adj.P.Val,B,Compound.ID,Super.Class,Class
Pe(21:0_21:5),-0.08385335853336451,20.098870050691282,-5.224463732568205,2.356262414805598e-5,0.014137574488833588,2.6455086451314473,C8-Pos-004916,Lipids and lipid-like molecules,Glycerophospholipids
Pc(19:2cooh_21:6),-0.1812707520701904,17.97499355341092,-4.647695272929915,1.0171026204522974e-4,0.03051307861356892,1.3533732549605197,C8-Neg-003658,Lipids and lipid-like molecules,Glycerophospholipids
Biotin,-0.22236101145014994,22.305327178827543,-4.230233339181991,4.5295296067019965e-4,0.0717121845328546,0.061575019665692565,C18-Pos-001159,Organoheterocyclic compounds,Biotin and derivatives
L-(+)-Lactic Acid,0.3493430131412834,18.519230477889604,4.095252505645657,4.7808123021903073e-4,0.0717121845328546,-0.008021341841109475,Amide-Neg-000066,Organic acids and derivatives,Hydroxy acids and derivatives
Propionylcarnitine,0.3548283429726977,19.113347712214267,3.8271328090654877,8.145711164991199e-4,0.09774853397989439,-0.49321454251422736,C18-Pos-001104,Lipids and lipid-like molecules,Fatty Acyls
1-Linoleoyl-Sn-Glycero-3-Phosphorylcholine,0.13047145471925167,18.728926528869376,3.667369552343998,0.0012154076188289611,0.12154076188289611,-0.8480381529032499,C18-Pos-004537,Lipids and lipid-like molecules,Glycerophospholipids
Peg N14,-0.15809947067024824,20.195823426227083,-3.6051957555384795,0.0014191045046209217,0.12163752896750757,-0.9852828520665007,C8-Pos-003314,Organic oxygen compounds,Organooxygen compounds
"1,2-Dioleoyl-Sn-Glycero-3-Phosphatidylcholine",0.15140864757794545,16.50791891185648,3.4904957946373067,0.001886135041861466,0.14146012813960995,-1.237011155849328,Amide-Pos-002307,Lipids and lipid-like molecules,Glycerophospholipids
Peg N8,0.49976573276161995,17.028558103303713,3.444953691006793,0.0023093737616551586,0.14241451698209268,-1.3881448549137687,C8-Pos-001222,Organic oxygen compounds,Organooxygen compounds
Pc 16:0_16:1,-0.07891618322398343,19.042948936387475,-3.397242452416173,0.002373575283034878,0.14241451698209268,-1.4400857943330205,C8-Pos-003874,Lipids and lipid-like molecules,Glycerophospholipids
Pe(18:0_20:4),0.17865582682326356,20.390740991546885,3.5537412688079613,0.00288684926186138,0.15746450519243893,-1.4930728924461958,C8-Pos-004202,Lipids and lipid-like molecules,Glycerophospholipids
Inosine-5'-Monophosphate (Imp),0.10280467491232638,21.38427070981652,3.1517055702170147,0.0043159083121006156,0.21579541560503077,-1.966572663764996,C18-Pos-002294,"Nucleosides, nucleotides, and analogues",Purine nucleotides
Asp-Pro-Asn,0.16293159536476012,19.876146568431416,3.1113897590096675,0.004755612140206366,0.21948979108644764,-2.051710161882877,Amide-Pos-001387,Organic acids and derivatives,Carboxylic acids and derivatives
D-Threonine,0.11189455727454468,28.499103548189655,3.057475459135862,0.005411357842237441,0.22014982475438122,-2.164917095891159,Amide-Neg-000235,Organic acids and derivatives,Carboxylic acids and derivatives
3-Hydroxybutyric Acid,-0.07371816903173875,22.22816274710524,-3.050389023700387,0.0055037456188595305,0.22014982475438122,-2.179739964143159,Amide-Neg-000118,Organic acids and derivatives,Hydroxy acids and derivatives
Glycerol Monopalmitate,-0.10946678322253739,17.8050755612734,-2.985140967241655,0.006428471603837081,0.24106768514389054,-2.315573985300321,C8-Pos-000593,Lipids and lipid-like molecules,Glycerolipids
Dl-Valine,0.12032251036208264,15.568734103312568,2.963787527661463,0.006956195123990123,0.24551276908200437,-2.3680486262385902,Amide-Pos-000236,Organic acids and derivatives,Carboxylic acids and derivatives
Dgdg(6:0_28:2),-0.10608739622460844,23.713135520948562,-2.914397957476498,0.007598320628537254,0.25327735428457515,-2.4614691994881213,C8-Neg-003637,Lipids and lipid-like molecules,Glycerolipids
Glycerol Monooleate,-0.3755697934062087,20.328782045918544,-2.8590987471042544,0.008651252923738148,0.26523852753398897,-2.574457074550803,C8-Pos-000806,Lipids and lipid-like molecules,Glycerolipids
2-Oxobutanoic Acid,-0.09277682577801925,16.560962722989782,-2.8494738347010298,0.009074211024260198,0.26523852753398897,-2.608413499555383,Amide-Neg-000108,Organic acids and derivatives,Keto acids and derivatives
Palmitoleic Acid,-0.35590727053635113,19.655427133911733,-2.8288997570404093,0.009283348463689613,0.26523852753398897,-2.635750291506433,C8-Pos-000148,Lipids and lipid-like molecules,Fatty Acyls
L-Histidine,-0.30424470731168257,15.635881324000495,-2.890193201578957,0.011869452176674957,0.2894426546404294,-2.7031522366352148,Amide-Pos-000536,Organic acids and derivatives,Carboxylic acids and derivatives
Monopalmitolein (9c),-0.0699005469766105,18.994853483741167,-2.778513517897789,0.010436450071906174,0.284630456506532,-2.7373472137032464,C8-Pos-000582,Lipids and lipid-like molecules,Glycerolipids
Bismepa(18:0_19:1),0.13182647849652623,19.987234976457785,2.743815339047077,0.012165271079544147,0.2894426546404294,-2.809299126421988,C8-Pos-003992,Lipids and lipid-like molecules,"Derivatized lipids (biotinylation, diazomethane)"
Cytarabine,-0.1394146052971506,22.344641377803253,-2.7236105769547923,0.011846518077960859,0.2894426546404294,-2.8470626870815114,Amide-Pos-000937,"Nucleosides, nucleotides, and analogues",Pyrimidine nucleosides
"D-Fructose 1,6-Bisphosphate",0.16822546488857007,21.508365380180546,2.6987472811467663,0.012542515034418607,0.2894426546404294,-2.8963971302084683,Amide-Neg-001874,Organic oxygen compounds,Organooxygen compounds
Oahfa(15:1_25:3),0.27405522518483205,19.43835599148379,2.6514466987381637,0.013974026355135815,0.2980493167991241,-2.9896274442731956,C8-Neg-002832,Lipids and lipid-like molecules,Fatty acyls
Myristoyl-L-Carnitine,0.087857549592738865,18.367110683610292,2.6513558533174213,0.013976917694129119,0.2980493167991241,-2.989805699475069,C18-Pos-002570,Lipids and lipid-like molecules,Fatty Acyls
Guanosine-5'-Monophosphate,0.10855129233531964,20.383433347414933,2.633825559442543,0.014545475151265372,0.2980493167991241,-3.024144764702859,C18-Pos-002454,"Nucleosides, nucleotides, and analogues",Purine nucleotides
Dodecyl Sulfate,0.13651146406429696,22.147613430449507,2.6231438038650117,0.014902465839956205,0.2980493167991241,-3.0450111009343437,C8-Neg-000223,Organic acids and derivatives,Organic sulfuric acids and derivatives
O-Dodecanoylcarnitine,-0.2323226019775704,17.122399858254614,-2.6020394893466783,0.015936780322722364,0.3084538126978522,-3.0715816605310478,Amide-Pos-001381,Lipids and lipid-like molecules,Fatty Acyls
4-Quinolinol,0.22420238931575037,21.191406859243262,2.5190837972391766,0.018835337060553667,0.3296453669964084,-3.2459324550403177,Amide-Pos-000461,Organoheterocyclic compounds,Quinolines and derivatives
Choline,-0.10026664619854322,24.395328069946707,-2.511227686576851,0.019168439184824727,0.3296453669964084,-3.2609225557478907,Amide-Pos-000097,Organic nitrogen compounds,Organonitrogen compounds
1-Methyladenosine,-0.1724995695777304,18.06710546842314,-2.506527646847494,0.019707982820668064,0.3296453669964084,-3.2651682712911003,Amide-Pos-001132,"Nucleosides, nucleotides, and analogues",Purine nucleosides
D-Histidine Methyl Ester,-0.178961038491619,21.90631037966981,-2.506296830426794,0.019380296032070914,0.3296453669964084,-3.2703178618038433,Amide-Pos-000604,Organic acids and derivatives,Carboxylic acids and derivatives
Sqdg(14:0_30:6),0.11241112686153007,16.187917992376494,2.497157736242933,0.019778722019784502,0.3296453669964084,-3.287704592085549,C8-Neg-003807,Lipids and lipid-like molecules,Glycerolipids
Cl(12:0cooh_22:0_24:1_21:2),0.08668848709277222,19.26297918330438,2.4879240150595954,0.023521289939982114,0.356884017540339,-3.324862579144675,C8-Neg-003274,Lipids and lipid-like molecules,Glycerophospholipids
Acetylcholine,0.20665010283994534,25.16911998239261,2.476136379860709,0.020724180775234656,0.3360677963551566,-3.3275626038034183,Amide-Pos-000467,Organic nitrogen compounds,Organonitrogen compounds
Pe(26:4_19:6cooh),-0.18856513261541447,23.51644232377141,-2.445350322091933,0.02498188122782373,0.356884017540339,-3.3686402061946743,C8-Pos-005302,Lipids and lipid-like molecules,Glycerophospholipids
Dg(21:1_19:4),0.22919052189896116,16.52553434533489,2.404897775503966,0.029540203230858927,0.36494656822396987,-3.390971625448422,C8-Pos-003575,Lipids and lipid-like molecules,Glycerolipids
2-Aminocaprylate,0.09252621888084935,29.300223310658545,2.4364999449031814,0.022621679572147654,0.356884017540339,-3.4021989578878653,C18-Pos-000695,Organic acids and derivatives,Carboxylic acids and derivatives
Tg(49:11_2:0),-0.1606650878695876,20.77472030519866,-2.409357747019288,0.024012282307955855,0.356884017540339,-3.4529105971936485,C8-Pos-004921,Lipids and lipid-like molecules,Glycerolipids
Pe(21:4cooh_24:6),0.5758909965735751,27.429297554537893,2.3966190400166036,0.025934192570536373,0.3570449864803029,-3.4539770644863923,C8-Pos-005313,Lipids and lipid-like molecules,Glycerophospholipids
Citric Acid,0.20356928816973488,20.16674609345465,2.399111302445358,0.024557431255626573,0.356884017540339,-3.4719691977517164,Amide-Neg-000876,Organic acids and derivatives,Carboxylic acids and derivatives
Pg(24:1_22:7),-0.10373081192872947,19.414064248563797,-2.3634958910916244,0.02654213029704142,0.3570449864803029,-3.5378439617969843,C8-Neg-003604,Lipids and lipid-like molecules,Glycerophospholipids
Pc(6:0_17:0cho),-0.12336524378056463,19.92711281894775,-2.3570191578707207,0.026918508101902234,0.3570449864803029,-3.549760843194833,C8-Pos-003127,Lipids and lipid-like molecules,Glycerophospholipids
N-Acetylglutamic Acid,0.09165835794952618,26.74314289764745,2.3489583974904837,0.027393776036853675,0.3570449864803029,-3.564565067565396,C18-Pos-000763,Organic acids and derivatives,Carboxylic acids and derivatives
Pe(19:4_19:4),0.04030324740878249,19.512881161218967,2.339379979085537,0.027968523940957064,0.3570449864803029,-3.58211718135621,C8-Pos-004114,Lipids and lipid-like molecules,Glycerophospholipids
Xylose,0.05702352955567849,19.750215685546483,2.3041109745964965,0.030181303077550948,0.36494656822396987,-3.646373236113166,Amide-Neg-000340,Organic oxygen compounds,Organooxygen compounds
Asparagine,0.10695531829982793,20.502607834756574,2.300567948895995,0.030412214018664153,0.36494656822396987,-3.652795443763138,Amide-Pos-000372,Organic acids and derivatives,Carboxylic acids and derivatives
Dg(2:0_18:2),0.0571392850869945,19.33769179800047,2.29066535675948,0.03106617869364595,0.3654844552193641,-3.6707131527980135,C8-Pos-001468,Lipids and lipid-like molecules,Glycerolipids
Pc(14:0_4:1cho),-0.19165663909711253,26.972544125299127,-2.278750390319589,0.031870030272244845,0.36773111852590207,-3.6922091109197464,C8-Neg-002453,Lipids and lipid-like molecules,Glycerophospholipids
Succinic Acid,-0.04646442107440444,24.247547378814406,-2.2532100549684864,0.03408351879904145,0.3858511562155636,-3.73846666810915,Amide-Neg-000221,Organic acids and derivatives,Carboxylic acids and derivatives
Dipropyleneglycol Dibenzoate,-0.07052026901429644,21.759034118432886,-2.2306877682742323,0.03530851005598885,0.38851587402931914,-3.7782114965309432,C8-Pos-000855,Benzenoids,Benzene and substituted derivatives
N-Acetyl-Serine,0.18275098113564195,18.782513832313835,2.2266265828075436,0.03561395511935426,0.38851587402931914,-3.785425825326238,Amide-Neg-000288,Organic acids and derivatives,Carboxylic acids and derivatives
Prolinamide,0.06632780744986941,19.176597814729476,2.214796968658798,0.03651736989717436,0.391156052269913,-3.8063926705925013,Amide-Pos-000230,Organic acids and derivatives,Carboxylic acids and derivatives
Pe(19:1cooh_28:3),0.3280885141105769,15.593595430269243,2.133424150437305,0.05106719330014968,0.4390404353596269,-3.8134354186018777,C8-Neg-003656,Lipids and lipid-like molecules,Glycerophospholipids
Pi(29:7_11:0),0.46127285777352994,18.847622350326215,2.206544673891924,0.037159824965641734,0.391156052269913,-3.82097707780627,C8-Pos-005326,Lipids and lipid-like molecules,Glycerophospholipids
L-Glutathione (Reduced),0.6740517060580199,24.57907822303517,2.146229344687172,0.04986520327880224,0.4390404353596269,-3.85051600273124,C18-Pos-001855,Organic acids and derivatives,Carboxylic acids and derivatives
Pc O-42:6,-0.26789966405399557,19.700029480800854,-2.069073176893271,0.060786617696370414,0.457141372019062,-3.873051394337347,C8-Pos-004947,Lipids and lipid-like molecules,Glycerophospholipids
Ganglioside-Gm1(D18:1/18:0),-0.1296227562501243,18.17773955062562,-2.16451610839702,0.040593155200695695,0.4199291917313348,-3.8947127292253887,C8-Pos-004266,Lipids and lipid-like molecules,Sphingolipids
Pe(15:0_27:7),-0.41126338748817187,17.094115746203638,-2.140814458294635,0.04479161822525367,0.43078934874226554,-3.9055702145521005,C8-Pos-004870,Lipids and lipid-like molecules,Glycerophospholipids
3-[(2-Hydroxyethyl)Amino]-1-Propanol,0.09959962476910846,31.244817260300426,2.1563074034763066,0.04129620416496331,0.41996139828776247,-3.9090072119980706,Amide-Pos-000092,Organic nitrogen compounds,Organonitrogen compounds
Δ2-Cis-Hexadecenoic Acid,0.03896392905512682,16.674356029891992,2.1478364505417367,0.04203318871878149,0.4203318871878149,-3.923721279691384,C8-Neg-000175,Lipids and lipid-like molecules,Fatty Acyls
L-Serine,0.1252068722528519,16.342981711275062,2.1363021645992553,0.04352042344266473,0.4280697387803088,-3.947163841783423,Amide-Pos-000155,Organic acids and derivatives,Carboxylic acids and derivatives
Lithocholic Acid,-0.12189164677033244,19.1197338021375,-2.112540592883245,0.045232881617937884,0.43078934874226554,-3.9846206722661806,C8-Neg-000679,Lipids and lipid-like molecules,Steroids and steroid derivatives
L-Threonic Acid Calcium Salt,0.07557251237313842,18.28718261719877,2.0903776013437882,0.04735196944598135,0.4390404353596269,-4.022518689142947,Amide-Neg-000405,Organic oxygen compounds,Organooxygen compounds
Sarcosine,-0.1920318091956224,24.682350109492706,-2.0841511385226426,0.04796306596195735,0.4390404353596269,-4.033117701449823,Amide-Pos-000068,Organic acids and derivatives,Carboxylic acids and derivatives
Tg(15:0_15:0_24:6),-0.2057403844117451,16.592413916996303,-2.0752882041476415,0.048845068770117545,0.4390404353596269,-4.048168051039048,C8-Pos-005260,Lipids and lipid-like molecules,Glycerolipids
Pseudouridine,-0.19371577406839902,18.091461725447964,-2.0415855284649185,0.05336453290170906,0.4390404353596269,-4.07423851492207,Amide-Neg-001331,"Nucleosides, nucleotides, and analogues",Nucleoside and nucleotide analogues
Pc(21:1cooh_23:6),-0.08443584832415327,24.017392615838457,-2.0487076358604694,0.051577649087299934,0.4390404353596269,-4.093045251939845,C8-Neg-003644,Lipids and lipid-like molecules,Glycerophospholipids
D-Sphingosine,0.09043922507561951,19.14618005705981,1.9983507676419754,0.058790996427440706,0.45223843405723624,-4.102977765407572,C8-Pos-000382,Organic nitrogen compounds,Organonitrogen compounds
Pi(16:1_18:3),0.16593392864854156,17.02622195658041,2.0385898438753824,0.05265302419213556,0.4390404353596269,-4.110024301685394,C8-Neg-003377,Lipids and lipid-like molecules,Glycerophospholipids
Methanesulfonic Acid,0.042422741564268916,27.882618067044536,2.0319297329731483,0.053371727319322944,0.4390404353596269,-4.1211695541827345,Amide-Neg-000089,Organic acids and derivatives,Organic sulfonic acids and derivatives
1-Stearoylglycerol,0.05765666447473713,18.827034040639184,2.024069907303566,0.0542310874806184,0.4390404353596269,-4.134290305847856,C8-Pos-000832,Lipids and lipid-like molecules,Glycerolipids
Pc(15:1cho_22:2),0.0935678398125367,15.177072328192617,1.9856597351040401,0.060952182935874934,0.457141372019062,-4.139017249750343,C8-Pos-004631,Lipids and lipid-like molecules,Glycerophospholipids
Histamine,0.10804983236654135,18.280519718653387,2.018929515359154,0.05479973369779305,0.4390404353596269,-4.142852498201085,Amide-Neg-000145,Organic nitrogen compounds,Organonitrogen compounds
Cyclic Adp-Ribose,0.17508148583046348,21.219348801191362,2.0182072556384187,0.05488005441995336,0.4390404353596269,-4.144054344067552,C18-Pos-004919,Organic oxygen compounds,Organooxygen compounds
1-Hexadecanoyl-2-Octadecadienoyl-Sn-Glycero-3-Phosphocholine,-0.055169906509274926,19.88825807069088,-1.982507236791105,0.06486425861773078,0.4666912251480823,-4.153855352197679,C8-Pos-004099,Lipids and lipid-like molecules,Glycerophospholipids
Hypoxanthtine,0.07543019877214259,20.928021088792192,2.0106524453288044,0.05622828807629422,0.44390753744442807,-4.1589061864037875,Amide-Pos-000411,Organoheterocyclic compounds,Imidazopyrimidines
Pc(15:1cooh_27:7),0.08964599074986412,20.433080982103256,1.9890470294740055,0.05821123056534471,0.45223843405723624,-4.192328704307534,C8-Pos-005208,Lipids and lipid-like molecules,Glycerophospholipids
"17-(1-Hydroxyethyl)-10,13-Dimethyl-2,3,6,7,8,9,10,11,12,13,14,15,16,17-Tetradecahydro-1h-Cyclopenta[A]Phenanthren-3-One",-0.127877450931469,18.430373008910543,-1.9032175281374808,0.07312914803954175,0.4666912251480823,-4.21701601592117,C8-Pos-000495,Lipids and lipid-like molecules,Steroids and steroid derivatives
Pc(27:6_8:1cooh),0.16393047026126123,14.6298633418084,1.9541019919395926,0.06243747559316685,0.4624998192086433,-4.249533482476209,C8-Neg-003407,Lipids and lipid-like molecules,Glycerophospholipids
Caprolactam,0.10004030448767766,24.17326218969132,1.8316450325686076,0.09192722757533273,0.506021436194492,-4.257282282228769,C18-Pos-000207,Organoheterocyclic compounds,Lactams
5'-S-Methyl-5'-Thioadenosine,-0.1327890158316101,18.11662878155701,-1.9387833567041552,0.06437366083696333,0.4666912251480823,-4.274384717517368,C8-Pos-000483,"Nucleosides, nucleotides, and analogues",5'-deoxyribonucleosides
Ps 22:6_22:6,0.16571857956495167,15.880915081134116,1.8920507226749623,0.07305228586732845,0.4666912251480823,-4.2900865931840855,C8-Neg-003529,Lipids and lipid-like molecules,Glycerophospholipids
D-Pantothenic Acid,-0.08525056941942356,21.06685969004434,-1.9050102813870116,0.06882937024257384,0.4666912251480823,-4.328682172187378,C18-Pos-000992,Organic oxygen compounds,Organooxygen compounds
Glycolic Acid,0.10651289503542405,18.58864610802909,1.904932074252572,0.06883999346045401,0.4666912251480823,-4.32880711432969,Amide-Neg-000015,Organic acids and derivatives,Hydroxy acids and derivatives
Gamma-Glu-Glu,0.13795045143464857,26.01832005652673,1.8947267281110307,0.0707686989125067,0.4666912251480823,-4.34081804589588,Amide-Pos-001102,Organic acids and derivatives,Carboxylic acids and derivatives
Lhnfrfaovvpesm-Crgcijnfna-N,0.11238084015287912,17.728169866198748,1.8930230295203359,0.0704744528461818,0.4666912251480823,-4.3477896916107,Amide-Pos-001042,Organic oxygen compounds,Organooxygen compounds
Ethyl Acetoacetate,0.16542688862909105,21.696379868668057,1.879719199568225,0.07234026262809219,0.4666912251480823,-4.3688938659661964,Amide-Neg-000104,Organic acids and derivatives,Keto acids and derivatives
Sphp(D16:2),-0.05216965396565187,22.940995450134178,-1.8751913054214642,0.07298501815836698,0.4666912251480823,-4.376051981591431,C8-Pos-000909,Lipids and lipid-like molecules,Sphingolipids
1-Methylhistidine,0.11286125197791377,22.565054766485417,1.8725918111887092,0.07335743081878027,0.4666912251480823,-4.3801558419367455,Amide-Pos-000599,Organic acids and derivatives,Carboxylic acids and derivatives
Pc(O-10:0_23:2),-0.22095819265204714,20.999748106066686,-1.8717581907954122,0.0734772076109007,0.4666912251480823,-4.381471015200351,C8-Pos-003714,Lipids and lipid-like molecules,Glycerophospholipids
Pe(22:3_26:5),0.20910072807089677,19.183475774438502,1.8599305432601225,0.07519504031363866,0.4666912251480823,-4.400085135994239,C8-Neg-003594,Lipids and lipid-like molecules,Glycerophospholipids
Putrescine,0.10876103207419044,25.25662601456853,1.8588821722047342,0.07534897330576001,0.4666912251480823,-4.401730891542824,Amide-Pos-000025,Organic nitrogen compounds,Organonitrogen compounds
Ps(17:1_29:3),0.02693749880121606,24.486220341624612,1.8526788365117355,0.07626542048483367,0.4666912251480823,-4.41145514725835,C8-Neg-003657,Lipids and lipid-like molecules,Glycerophospholipids
1-Palmitoyl-2-Docosahexaenoyl-Sn-Glycero-3-Phosphocholine,-0.06333780675052933,19.62623668017055,-1.8505113013450418,0.07658791123596011,0.4666912251480823,-4.4148473378183954,C8-Pos-004574,Lipids and lipid-like molecules,Glycerophospholipids
Ps(15:0_25:3),-0.17786031592513185,18.741832806743627,-1.8486612418760104,0.0768641015768347,0.4666912251480823,-4.417740379246624,C8-Neg-003418,Lipids and lipid-like molecules,Glycerophospholipids
"D,L-Serine",0.09265254284091362,18.084983967286743,1.847725981876908,0.07700405214943358,0.4666912251480823,-4.419202090866347,Amide-Neg-000119,Organic acids and derivatives,Carboxylic acids and derivatives
Citroflex 4,-0.04293168893912338,19.486404145765555,-1.8309941733712944,0.07954531690660735,0.4772719014396441,-4.445260285304958,C8-Pos-001006,Organic acids and derivatives,Carboxylic acids and derivatives
Pc(18:1_22:6),-0.10471511593681665,19.927963888370915,-1.8200129024013356,0.08125230417146166,0.4826869554740297,-4.462267575241858,C8-Pos-004991,Lipids and lipid-like molecules,Glycerophospholipids
D-Erythro-Sphinganine,-0.08612527831765072,18.96599513676828,-1.8059203723933166,0.0834891548365128,0.49111267550889887,-4.4839823948310205,C8-Pos-000506,Organic nitrogen compounds,Organonitrogen compounds
Ps(14:2_29:7),-0.19718372975868703,24.66397835401848,-1.6999988246073097,0.10634476640816068,0.5241930673491214,-4.497642812096758,C8-Neg-003509,Lipids and lipid-like molecules,Glycerophospholipids
Glycerol Monomyristate,0.0918823594935693,15.92492512271259,1.7930394134357253,0.08557987726941277,0.49392499838001785,-4.503720476897833,C8-Pos-000407,Lipids and lipid-like molecules,Glycerolipids
Ps 18:0_22:5,-0.7082797427878238,17.802670019715652,-1.5934055691775257,0.13705256103824406,0.5554572422699785,-4.505811468013036,C8-Neg-003405,Lipids and lipid-like molecules,Glycerophospholipids
Cytidine 5'-Triphosphate,-0.09104561258348871,20.852710037494358,-1.7883708770825175,0.08634866413713141,0.49392499838001785,-4.5108482513695325,Amide-Pos-001770,Organic oxygen compounds,Organooxygen compounds
"L-Threonic Acid-1,4-Lactone",0.09398082267676006,20.558372136986907,1.782272331813949,0.08736186317521444,0.49392499838001785,-4.520138372213337,Amide-Neg-000220,Organoheterocyclic compounds,Lactones
Γ-Aminobutyric Acid,0.1227654444052025,20.8481390651117,1.642272147393173,0.12279604405467612,0.5545241419787678,-4.5223674324515954,Amide-Neg-000114,Organic acids and derivatives,Carboxylic acids and derivatives
Acrylic Acid,0.10595492343329815,21.085900474947227,1.6251551881599453,0.12642065031768016,0.5554572422699785,-4.524750622239525,Amide-Neg-000001,Organic acids and derivatives,Carboxylic acids and derivatives
1-Linoleoyl Glycerol,0.06037059640127652,21.52676301481887,1.7785073239698994,0.0879924517273639,0.49392499838001785,-4.525861862759724,C8-Pos-000787,Lipids and lipid-like molecules,Fatty Acyls
"1,3-Diphenylacetone",-0.06729652009535751,18.07582139555749,-1.7779668623385785,0.08808329137776985,0.49392499838001785,-4.526682716637304,C8-Pos-000033,Phenylpropanoids and polyketides,"Linear 1,3-diarylpropanoids"
Citraconic Acid,-0.2297236613330401,19.771732442824415,-1.7715952182555372,0.08916029775977748,0.4953349875543193,-4.536345850186825,Amide-Neg-000307,Lipids and lipid-like molecules,Fatty Acyls
Guanosine-5'-Triphosphate,-0.23166149497833763,16.26778197498107,-1.7287309549496792,0.09926461011035563,0.5087371863125124,-4.55661694232659,Amide-Pos-001865,"Nucleosides, nucleotides, and analogues",Purine nucleotides
(Rac)-Idroxioleic Acid,0.07228286867454478,23.98602530036321,1.726753794269541,0.09962617361306735,0.5087371863125124,-4.566729589639,C8-Neg-000383,Lipids and lipid-like molecules,Fatty Acyls
Pc(17:4cooh_23:5),0.16130160944161728,20.429608518456078,1.73609651879508,0.09592559227290003,0.5087371863125124,-4.573552260733318,C8-Pos-005012,Lipids and lipid-like molecules,Glycerophospholipids
Maleic Acid,0.1102443190315002,18.008165350874705,1.7453877684796184,0.09370949269538997,0.5087371863125124,-4.575816319738856,Amide-Neg-000196,Organic acids and derivatives,Carboxylic acids and derivatives
Lpe 22:3,0.3004361856009716,19.839511456008278,1.7402478890563269,0.09462454788171769,0.5087371863125124,-4.583505116628411,C8-Pos-002412,Lipids and lipid-like molecules,Glycerophospholipids
Pe(7:0_16:0cho),0.17335966187577787,16.51152290279749,1.7310194273076693,0.0962866033770485,0.5087371863125124,-4.59726678220655,C8-Pos-002819,Lipids and lipid-like molecules,Glycerophospholipids
Tg(2:0_11:0_23:4),-0.14759146967762032,14.589238166148915,-1.5540679288673593,0.14416657365743368,0.5554572422699785,-4.601691414990368,C8-Pos-003290,Lipids and lipid-like molecules,Glycerolipids
Trometamol,0.04743413598701797,16.353490748805147,1.7193110317133873,0.09959798071381692,0.5087371863125124,-4.610303095201004,Amide-Pos-000270,Organic nitrogen compounds,Organonitrogen compounds
L-N-Acetylhistidine,0.08676858181332739,19.1396740345955,1.7166730961163712,0.09891967339864031,0.5087371863125124,-4.618549429163485,Amide-Neg-000933,Organic acids and derivatives,Carboxylic acids and derivatives
Pc(14:1_25:7),-0.06421227601313166,20.11156811349039,-1.7106049854888545,0.10005164664146078,0.5087371863125124,-4.6275106147679805,C8-Pos-004855,Lipids and lipid-like molecules,Glycerophospholipids
Pc(12:1_28:3),0.05207913881864033,20.36741588852804,1.6890529734402167,0.104161183915735,0.5241930673491214,-4.659140608925532,C8-Neg-003585,Lipids and lipid-like molecules,Glycerophospholipids
Adenosine Triphosphate (Atp),-0.041527676567984013,22.465432969670946,-1.6317410769918834,0.12111810017801335,0.5545241419787678,-4.670518540984856,Amide-Neg-001422,"Nucleosides, nucleotides, and analogues",Purine nucleotides
Α-Cyano-3-Hydroxycinnamic Acid,-0.15258821330103717,24.001874454376654,-1.6777168640794362,0.1063793894712195,0.5241930673491214,-4.675653318612447,Amide-Neg-000851,Phenylpropanoids and polyketides,Cinnamic acids and derivatives
N-Acetylputrescine,-0.07355782888064354,18.509086144204062,-1.67610860725324,0.10669728974761204,0.5241930673491214,-4.677989004394153,Amide-Pos-000336,Organic acids and derivatives,Carboximidic acids and derivatives
Pc(20:0_18:1),-0.06470650875773533,21.28528651233028,-1.6722685725368587,0.10745957880656988,0.5241930673491214,-4.6835588921889,C8-Pos-004510,Lipids and lipid-like molecules,Glycerophospholipids
Sqdg(2:0_28:0),-0.15618855788122532,20.46429801702843,-1.5543894032821046,0.13964655394780684,0.5554572422699785,-4.703831047717179,C8-Neg-003216,Lipids and lipid-like molecules,Glycerolipids
"N2-[5-Phenyl-4-(Trifluoromethyl)-1,3-Thiazol-2-Yl]Thiophene-2-Carboxamide",-0.07334030810958372,22.102473830890307,-1.6481852521057208,0.11234559852959919,0.5402698362399556,-4.71826430784309,Amide-Neg-000749,Organoheterocyclic compounds,Azoles
Phosphocreatine,0.057859960470377995,19.17394390013809,1.6471670295253529,0.1125562158833241,0.5402698362399556,-4.71972296234312,Amide-Neg-001041,Organic acids and derivatives,Carboxylic acids and derivatives
Bis(Methylbenzylidene)Sorbitol,-0.04709268761854827,17.993891921156933,-1.629730903399388,0.11621448262164794,0.5519906785227099,-4.74459135981469,C8-Pos-001076,Phenylpropanoids and polyketides,Cinnamyl alcohols
Nervonic Ceramide,-0.0915956252187633,16.09889460698849,-1.6030922416855113,0.1225597616831553,0.5545241419787678,-4.746494518855039,C8-Pos-003179,Lipids and lipid-like molecules,Sphingolipids
Palmitoyl Sphingomyelin,-0.19483112361162447,20.703350193045388,-1.626804863734858,0.11683802695397359,0.5519906785227099,-4.748744265126389,C8-Pos-003642,Lipids and lipid-like molecules,Sphingolipids
Miltefosine,0.14997376027144038,16.1048130959457,1.4051883493412596,0.18033633197257004,0.6011211065752335,-4.753627347398562,C8-Pos-001413,Organic nitrogen compounds,Organonitrogen compounds
Bis(4-Ethylbenzylidene)Sorbitol,-0.10493064844796307,16.531206573032325,-1.52925044260783,0.1435854795308953,0.5554572422699785,-4.7544428868851,C8-Pos-001297,Organoheterocyclic compounds,Dioxanes
Pc(24:6_14:1),-0.14394953289826629,23.515200732460027,-1.52006842783783,0.1468735407322632,0.5577476230339108,-4.763215797012341,C8-Pos-004762,Lipids and lipid-like molecules,Glycerophospholipids
Amifampridine,0.07621587375860517,24.837167363304513,1.6101730319024095,0.12043556872644283,0.5545241419787678,-4.77223783763989,Amide-Pos-000167,Organoheterocyclic compounds,Pyridines and derivatives
Mesaconic Acid,-0.1470387216038829,18.828036730334933,-1.4431459842864791,0.16615681112566225,0.5850105481703223,-4.775347349868627,Amide-Neg-000314,Lipids and lipid-like molecules,Fatty Acyls
L-Valine,0.12885742464073596,21.390548488610676,1.6042407869514361,0.12174085219861921,0.5545241419787678,-4.780571331634473,Amide-Neg-000214,Organic acids and derivatives,Carboxylic acids and derivatives
Pi(20:4_20:4),0.1998299118608,17.95355808767287,1.4138267619193206,0.17783023210582666,0.6011211065752335,-4.783024729488682,C8-Pos-005440,Lipids and lipid-like molecules,Glycerophospholipids
Dl-Carnitine,-0.11108610806153728,19.90171189996868,-1.5989292528111816,0.12291951813862684,0.5545241419787678,-4.788012170146607,Amide-Pos-000562,Organic nitrogen compounds,Organonitrogen compounds
Tg(32:4cooh_12:0),0.051638933279730355,20.857069789089415,1.4792204081256377,0.15737249859206998,0.5828611058965555,-4.795366271598838,C8-Pos-004263,Lipids and lipid-like molecules,Glycerolipids
D-Phenylalanine,0.06609606841662795,28.669805146265904,1.5884025514879587,0.1252834700327697,0.5554572422699785,-4.80270089911866,Amide-Pos-000583,Organic acids and derivatives,Carboxylic acids and derivatives
N-Acetyl-L-Methionine,-0.1113745482269694,21.186824080980728,-1.587088560232196,0.1255811776359034,0.5554572422699785,-4.804528992936009,Amide-Neg-000866,Organic acids and derivatives,Carboxylic acids and derivatives
L-Pyroglutamic Acid,-0.05101945200017112,20.13183287022231,-1.5773743288776902,0.12780033194501692,0.5554572422699785,-4.818006503764758,Amide-Pos-000317,Organic acids and derivatives,Carboxylic acids and derivatives
Cl(23:1_19:4cho_22:4_22:4cho),-0.0693117398021158,24.198361053105295,-1.5761109498921195,0.1280913118187242,0.5554572422699785,-4.819754458837307,C8-Neg-003382,Lipids and lipid-like molecules,Glycerophospholipids
Pet(20:0_23:6),0.07949859845311387,16.888349394828634,1.5722934753118418,0.12897387686429118,0.5554572422699785,-4.825029343087784,C8-Pos-004891,Lipids and lipid-like molecules,Glycerophospholipids
Lpc 20:3-Sn1,0.10348183631021983,19.046668983216065,1.182288451371464,0.25998791410641764,0.7155630663479384,-4.826371238448556,C8-Pos-002542,Lipids and lipid-like molecules,Glycerophospholipids
Docosatrienoic Acid,0.0647344048551709,21.031297595690866,1.5608282772279545,0.13165476010614957,0.5554572422699785,-4.840810039095961,C8-Neg-000566,Lipids and lipid-like molecules,Fatty Acyls
Cl(18:0_17:1cho_22:4_22:4),0.13379319228985623,17.566519413029436,1.5604662867943235,0.13174014604593834,0.5554572422699785,-4.841306774038049,C8-Neg-003242,Lipids and lipid-like molecules,Glycerophospholipids
Glycerophosphocholine,-0.08884674376982646,26.24632732248825,-1.5548913301041782,0.13306093304974353,0.5554572422699785,-4.848945218475703,Amide-Pos-001017,Lipids and lipid-like molecules,Glycerophospholipids
Pc(18:3cho_26:8),-0.042028749753375234,19.589027476526876,-1.546821737964173,0.13499202080964845,0.5554572422699785,-4.859962684498116,C8-Neg-003730,Lipids and lipid-like molecules,Glycerophospholipids
"Bis(2,2,6,6-Tetramethyl-4-Piperidyl)Sebacate",0.12058223995351819,22.97142323479664,1.5463640286832308,0.13510223926981454,0.5554572422699785,-4.860586213974082,C18-Pos-001292,Lipids and lipid-like molecules,Fatty Acyls
Myristyl Sulfate,0.25568049837353346,20.29602910819684,1.534935126171372,0.13844215972235246,0.5554572422699785,-4.86936353994971,C8-Neg-000367,Organic acids and derivatives,Organic sulfuric acids and derivatives
N8-Acetylspermidine,-0.11284167081539406,17.082142525113365,-1.5327472828349853,0.13841516416149574,0.5554572422699785,-4.879067911319705,Amide-Pos-000661,Organic acids and derivatives,Carboximidic acids and derivatives
Tg(15:1cho_15:2),0.035965030509977375,16.259095647091943,1.5315595488552056,0.13870726701367878,0.5554572422699785,-4.8806737286467605,C8-Pos-002684,Lipids and lipid-like molecules,Glycerolipids
Ppg N4,-0.06623292389741203,23.60943570944349,-1.5281941363192566,0.1395376752675461,0.5554572422699785,-4.885218294570957,C8-Pos-000209,Organic oxygen compounds,Organooxygen compounds
1-Aminocyclopropanecarboxylic Acid,0.05497664317585156,28.298653956644646,1.513747924659557,0.1437111869758353,0.5554572422699785,-4.886512327017939,Amide-Pos-000091,Organic acids and derivatives,Carboxylic acids and derivatives
Ps(20:5_24:4),-0.0667958176120336,21.44358400183127,-1.4127973648166112,0.17308851418953491,0.5968569454811549,-4.8868611928125265,C8-Pos-005192,Lipids and lipid-like molecules,Glycerophospholipids
Acetyl-Β-Methylcholine,0.05215022259400923,17.069776749851354,1.515361122047414,0.14274159715797066,0.5554572422699785,-4.902473221500076,Amide-Pos-000561,Organic nitrogen compounds,Organonitrogen compounds
Cis-4-Hydroxy-D-Proline,0.15178253090591962,20.53046012574183,1.5151516195822592,0.14279439615280531,0.5554572422699785,-4.902753932206,C18-Pos-000384,Organic acids and derivatives,Carboxylic acids and derivatives
Creatine,0.07165523544933645,28.070766608394795,1.5084408317143663,0.14449410219785921,0.5554572422699785,-4.911728952070302,Amide-Pos-000200,Organic acids and derivatives,Carboxylic acids and derivatives
Pe 21:2_21:2,0.08753569686020657,17.437654073302543,1.5051068383302135,0.14534464506064437,0.5554572422699785,-4.916175772974688,C8-Pos-004750,Lipids and lipid-like molecules,Glycerophospholipids
Pe 16:1_16:1,-0.1590014124273933,18.133616820399016,-1.4929248073782175,0.14904829944404582,0.5624464129963993,-4.925410090339589,C8-Pos-003535,Lipids and lipid-like molecules,Glycerophospholipids
Stearoyl Ethanolamide,0.04732966373858794,16.436550010241703,1.4339224200213427,0.16565547854875884,0.5850105481703223,-4.938483181564019,C8-Pos-000709,Organic nitrogen compounds,Organonitrogen compounds
Citroflex 2,0.3161867271550537,16.754567292385225,1.2140536099184853,0.2423430802309866,0.6855498182699055,-4.948491981257638,C8-Pos-000350,Organic acids and derivatives,Carboxylic acids and derivatives
2-Aminoisobutyric Acid,-0.09975220066588397,20.24258237283656,-1.4741239604755307,0.15344509357973957,0.5754191009240234,-4.957114952818084,Amide-Pos-000144,Organic acids and derivatives,Carboxylic acids and derivatives
Peg N13,0.0647257015952365,18.45047300561391,1.4065787709214286,0.17417866942858115,0.5971840094694211,-4.972093711063182,C8-Pos-000470,Organic oxygen compounds,Organooxygen compounds
2'-Guanylic Acid,-0.12087116495013853,22.001250056430926,-1.4620045531216013,0.1567114559954108,0.5828611058965555,-4.972938489247176,C18-Neg-001640,Organic oxygen compounds,Organooxygen compounds
1-(9z-Octadecenoyl)-Sn-Glycero-3-Phosphoethanolamine,-0.041633967672432604,20.755242127638617,-1.4554331431622105,0.158505856519217,0.583457140561535,-4.9814732951441965,C18-Pos-003970,Lipids and lipid-like molecules,Glycerophospholipids
Pro-Glu,0.10046814507995709,16.042300102409403,1.4448817663970785,0.1619779904061381,0.5850105481703223,-4.988726161612759,Amide-Pos-000960,Organic acids and derivatives,Carboxylic acids and derivatives
2-Acetamido-N-Β-Aspartyl-2-Deoxyhexopyranosylamine,-0.03133529074123787,19.265921556898114,-1.4495971688059797,0.16011327063425929,0.5850105481703223,-4.98902628199496,Amide-Pos-001270,Organic oxygen compounds,Organooxygen compounds
Pe(O-16:2_22:3),-0.1383394974732224,18.924895549731495,-1.4349834908762735,0.1653561149263832,0.5850105481703223,-5.006185559038333,C8-Pos-004273,Lipids and lipid-like molecules,Glycerophospholipids
Ps(18:2_22:4),-0.08813093998175442,14.986340540755295,-1.435586235950941,0.16402583356027695,0.5850105481703223,-5.007056700992413,C8-Neg-003393,Lipids and lipid-like molecules,Glycerophospholipids
Pc(6:0cooh_30:1),0.02334536171132682,24.44558998539255,1.4278794569937194,0.16621039846075533,0.5850105481703223,-5.0169123869010726,C8-Pos-004874,Lipids and lipid-like molecules,Glycerophospholipids
D-Gluconic Acid,-0.0648137595648667,25.44427414172497,-1.4251628797974856,0.16698596363346913,0.5850105481703223,-5.020375909775751,Amide-Neg-000920,Organic oxygen compounds,Organooxygen compounds
Pc(O-29:1_5:0),-0.06596718249065758,18.886191296787484,-1.4226601838174493,0.16770302380882574,0.5850105481703223,-5.023561879092519,C8-Pos-004203,Lipids and lipid-like molecules,Glycerophospholipids
N-Acetylglycine,0.13146251382875562,22.65830815018987,1.416934904225287,0.16935264934677746,0.5873502289483612,-5.030832680174078,Amide-Neg-000219,Organic acids and derivatives,Carboxylic acids and derivatives
Pc(18:1_16:2),-0.10272640370431961,14.862259701668862,-1.3033237757659677,0.21211469825967386,0.6450661338369028,-5.03640641605376,C8-Pos-004302,Lipids and lipid-like molecules,Glycerophospholipids
Pc(21:2cho_19:4),-0.03268701185950293,16.506266062923135,-1.3684670761066788,0.18497937593225305,0.613191301432883,-5.049292652917653,C8-Pos-004942,Lipids and lipid-like molecules,Glycerophospholipids
Pi(17:3_25:6),0.26442877711349433,17.893376796478552,1.2941244398136391,0.21292716077524476,0.6450661338369028,-5.050416177006055,C8-Neg-003687,Lipids and lipid-like molecules,Glycerophospholipids
Ps(23:1_17:2),-0.21145483239859292,18.692760594886767,-1.2179537060096668,0.24337018548581646,0.6855498182699055,-5.050618952349166,C8-Neg-003419,Lipids and lipid-like molecules,Glycerophospholipids
2-Hydroxy-3-Methoxy-4-(1-Methoxypropan-2-Yl)-2h-Furan-5-One,0.08134566289443648,26.161378818514855,1.3818100399967592,0.18030516974259878,0.6011211065752335,-5.055875400639712,C18-Pos-001000,Organoheterocyclic compounds,Dihydrofurans
Dihydronicotinamide-Adenine Dinucleotide,-0.09671017663518679,16.19787686904657,-1.3846054066288613,0.17891173504089974,0.6011211065752335,-5.071428350993227,Amide-Pos-002120,"Nucleosides, nucleotides, and analogues",(5'->5')-dinucleotides
2-Oxoadipic Acid,0.123968244292402,24.06493628046783,1.3816039560155853,0.17982043973820347,0.6011211065752335,-5.07515728367933,Amide-Neg-000587,Organic acids and derivatives,Keto acids and derivatives
Pc(P-12:1_26:4),0.11154113237811944,18.8450422580304,1.1657901749399149,0.2619016874707221,0.7169776941720685,-5.091268902883337,C8-Pos-004445,Lipids and lipid-like molecules,Glycerophospholipids
3-Methylhistidine,0.10540579084040987,21.014850792745293,1.2150040805601405,0.23924784206057245,0.683565263030207,-5.09946212061036,Amide-Pos-000601,Organic acids and derivatives,Carboxylic acids and derivatives
Dl-Arginine,0.0498821667488538,17.577378766749927,1.348610272093475,0.1900512980837763,0.6265427409355262,-5.115696779091025,Amide-Neg-000697,Organic acids and derivatives,Carboxylic acids and derivatives
D-Mannitol 1-Phosphate,-0.11999213522312449,21.86717273457482,-1.3154409017518784,0.20132473256891642,0.6373406082120266,-5.116583610062954,Amide-Neg-001445,Organic oxygen compounds,Organooxygen compounds
Pg(20:4_24:8),0.09696653753635352,25.168665855894453,1.008509779979337,0.33032277750218797,0.7802900255957196,-5.120534888748754,C8-Neg-003491,Lipids and lipid-like molecules,Glycerophospholipids
Asp-Phe,-0.033358663548124924,23.74938234637351,-1.3437698842752217,0.19158987797998983,0.6281635343606224,-5.12157428426746,C18-Pos-001575,Organic acids and derivatives,Carboxylic acids and derivatives
Myristic Acid,0.04206758833047369,16.862215407085294,1.3303063585693862,0.19645802395399262,0.6371611587697058,-5.130246771966174,C8-Neg-000086,Lipids and lipid-like molecules,Fatty Acyls
D-Glucose,0.052896227308145305,20.36572150806297,1.3301405457451805,0.1959744874797538,0.6371611587697058,-5.138027211772468,Amide-Neg-001099,Organic oxygen compounds,Organooxygen compounds
Tg(15:1cooh_24:0),0.1361104793167428,16.717613789506146,1.3222463158594546,0.1985496272252452,0.6373406082120266,-5.147491430166322,C8-Pos-003694,Lipids and lipid-like molecules,Glycerolipids
2-Arachidonoyl Glycerol,0.05599751946757203,19.833893270387165,1.3194940881799264,0.19945357858839585,0.6373406082120266,-5.150779694785341,C8-Pos-001012,Lipids and lipid-like molecules,Endocannabinoids
Dg(20:4_22:5),0.039240973021583234,20.45850624105968,1.3145026005308256,0.20110115305661394,0.6373406082120266,-5.1567283876718255,C8-Pos-003687,Lipids and lipid-like molecules,Glycerolipids
Uridine,-0.03385192914562814,24.815699559392545,-1.312321091563496,0.20182452593380842,0.6373406082120266,-5.159322175642426,Amide-Pos-000957,"Nucleosides, nucleotides, and analogues",Pyrimidine nucleosides
Uridine 5'-Diphosphate,-0.14954519620564224,26.007402696546727,-1.1575634415867233,0.2630475408171885,0.7169776941720685,-5.1664385556296155,Amide-Pos-001617,"Nucleosides, nucleotides, and analogues",Pyrimidine nucleotides
6-Aminocaproic Acid,0.08190244054434613,14.993318801974777,0.9745284145498281,0.349029634330537,0.7872848894673767,-5.172149066855897,Amide-Neg-000323,Lipids and lipid-like molecules,Fatty Acyls
1-Hexadecanoyl-Sn-Glycero-3-Phosphoethanolamine,0.04695373253985467,21.383388762541163,1.299538083801508,0.2061038767369558,0.6450661338369028,-5.174446721588201,C18-Pos-003617,Lipids and lipid-like molecules,Glycerophospholipids
Peg N11,-0.08543689052762668,21.386987754252882,-1.2944669716760935,0.20782081871673774,0.6450661338369028,-5.180411492238065,C8-Pos-002320,Organic oxygen compounds,Organooxygen compounds
Lpc 22:6-Sn1,-0.11998415648025924,15.76163907355415,-1.2514625105528643,0.22334488781185008,0.6473764864111596,-5.190559579657341,C8-Pos-002720,Lipids and lipid-like molecules,Glycerophospholipids
Ethyl 3-Oxo-3-(1h-Pyrazol-5-Ylamino)Propanoate,0.0475276947472871,21.190626169152733,1.2855792233396197,0.21085654666094306,0.6450661338369028,-5.190817042192231,Amide-Pos-000718,Organic nitrogen compounds,Organonitrogen compounds
Adenosine 5'-Diphosphate,0.04174582056743531,24.958270341413854,1.2783052627625502,0.21336635054006473,0.6450661338369028,-5.199287193827483,Amide-Pos-001677,"Nucleosides, nucleotides, and analogues",Purine nucleotides
Ps(20:1_24:6),-0.02509999310238349,25.607093463861105,-1.2770476056028186,0.21380260758445463,0.6450661338369028,-5.20074746237124,C8-Neg-003556,Lipids and lipid-like molecules,Glycerophospholipids
Cerp(D18:0_20:3),-0.04376352821022815,21.551715347015925,-1.2769780945391833,0.21382673957504605,0.6450661338369028,-5.200828135605639,C8-Pos-003565,Lipids and lipid-like molecules,Sphingolipids
Uracil,0.1434614214759319,20.704452220603567,1.2677556414206188,0.21756954196970038,0.6450661338369028,-5.204529172810303,Amide-Pos-000180,Organoheterocyclic compounds,Diazines
Solanidine,-0.05935616504909418,18.306150296594375,-1.2736851488908754,0.2149723391735437,0.6450661338369028,-5.204645517324031,C8-Pos-001317,Lipids and lipid-like molecules,Steroids and steroid derivatives
2-Oleoyl-1-Palmitoyl-Sn-Glycero-3-Phosphoserine,0.07761520360435788,16.59679639332836,1.2594852828615115,0.22167396796893046,0.647102270582136,-5.205490540748735,Amide-Pos-002283,Lipids and lipid-like molecules,Glycerophospholipids
Cytosine,0.10138431788676279,25.167366634327774,1.2687635671431439,0.21669329337537185,0.6450661338369028,-5.210335017770182,Amide-Pos-000171,Organoheterocyclic compounds,Diazines
"N,N-Dimethylsphingosine",-0.05789139439997746,20.25940264543238,-1.2665499260574888,0.21747077741214277,0.6450661338369028,-5.212887838097849,C8-Pos-000708,Organic nitrogen compounds,Organonitrogen compounds
D-Tyrosine,0.10218596967082305,21.084548384610773,1.1011414878343841,0.28391116392926335,0.7444619579127413,-5.217268000822553,Amide-Neg-000781,Organic acids and derivatives,Carboxylic acids and derivatives
Udp-N-Acetylglucosamine,0.05421416249251221,21.801883968335446,1.2622900730950366,0.2189729395477425,0.6450661338369028,-5.217789527370688,Amide-Neg-001697,"Nucleosides, nucleotides, and analogues",Pyrimidine nucleotides
2-Sc S-(2-Succinyl)-L-Cysteine,0.06559757229629926,18.25724756459248,1.261302028881847,0.21932248550454694,0.6450661338369028,-5.21892439592378,Amide-Pos-000902,Organic acids and derivatives,Carboxylic acids and derivatives
Ps(18:0_24:6),-0.054824138412360224,25.893779436061074,-0.9698655673833794,0.34749287961622233,0.7872848894673767,-5.2261215488999815,C8-Neg-003479,Lipids and lipid-like molecules,Glycerophospholipids
Lpc(23:5),-0.041899822131487637,16.270344747073242,-1.2532925522091283,0.22217177956653333,0.647102270582136,-5.228095620700084,C8-Neg-002641,Lipids and lipid-like molecules,Glycerophospholipids
Meglutol,-0.10697285920573037,16.356582369794896,-0.8704149052923357,0.39875231331033556,0.8154057837525986,-5.249861793722792,C18-Neg-000218,Lipids and lipid-like molecules,Fatty Acyls
Pe(16:1_20:4),-0.08126988596908592,22.72092258751562,-1.222046391477827,0.23355701859475508,0.6737221690233319,-5.263387237882377,C8-Pos-003942,Lipids and lipid-like molecules,Glycerophospholipids
Bmp 22:5_22:6,0.14975717135546943,15.518151405119061,1.09787656049803,0.288505682836778,0.7450013293878434,-5.264906240028242,C8-Pos-004964,Lipids and lipid-like molecules,Glycerophospholipids
Dl-Pyroglutamic Acid,-0.02312291874513653,29.68323074666641,-1.2158429862862048,0.2358688424988913,0.6771354330111712,-5.270301162350812,Amide-Neg-000291,Organic acids and derivatives,Carboxylic acids and derivatives
Ps(23:2_21:0),-0.14823489027327189,18.28417383914946,-1.0978984010640906,0.28755596789504295,0.7450013293878434,-5.283393007717658,C8-Neg-003596,Lipids and lipid-like molecules,Glycerophospholipids
Tg(O-27:8_21:6),0.06632016028643224,19.844525470376002,1.2021172246270335,0.241045129005664,0.6854363857980966,-5.285489348187961,C8-Pos-004339,Lipids and lipid-like molecules,Glycerolipids
Isobutyric Acid,-0.0580081352038228,16.22309550780783,-0.8470174891485727,0.4135586261814954,0.8164350736804741,-5.298390816070772,Amide-Neg-000078,Organic acids and derivatives,Carboxylic acids and derivatives
(2s)-2-[(2-Azaniumylacetyl)Amino]-4-Methylpentanoate,-0.031500937807378324,21.398300323843852,-1.1860524206121499,0.24721100654889258,0.6931149716324091,-5.303073157842315,C18-Pos-000888,Organic acids and derivatives,Carboxylic acids and derivatives
Ps(24:2_20:5),0.06365306009270197,16.767372742650487,1.1414636737007193,0.2659495504492205,0.7169776941720685,-5.309352146084906,C8-Neg-003554,Lipids and lipid-like molecules,Glycerophospholipids
Pc(19:4cho_29:7),0.08705645607837917,15.420371274768867,0.9242603332987136,0.3710071900266366,0.8072032562487759,-5.310745413780882,C8-Pos-005546,Lipids and lipid-like molecules,Glycerophospholipids
Pc(19:1cooh_23:3),-0.08600356430332237,17.149763070941507,-1.1751007930089,0.2514812240238979,0.701808067043436,-5.314940709870544,C8-Neg-003578,Lipids and lipid-like molecules,Glycerophospholipids
Dg(25:3_25:7),-0.061770237504889365,20.73877215456379,-1.1620371830299707,0.25664620194374876,0.7129061165104132,-5.3289695241458075,C8-Pos-004529,Lipids and lipid-like molecules,Glycerolipids
Fentanyl,0.2613581668043732,17.112177553283434,0.9073375662869357,0.37958067013848495,0.8072032562487759,-5.330517872682793,C8-Pos-000786,Organoheterocyclic compounds,Piperidines
Lpe 34:1,0.04306381175671207,21.066786545729617,1.1556345754352795,0.25920603340686393,0.7155630663479384,-5.33579443526693,C8-Pos-003647,Lipids and lipid-like molecules,Glycerophospholipids
Ps 40:5,-0.4357474637109732,15.263164794344641,-0.8580498279346432,0.4043669834614192,0.8164350736804741,-5.344744996930012,C8-Neg-003404,Lipids and lipid-like molecules,Glycerophospholipids
Pe(P-19:4_23:5),-0.0884952280865219,20.861827888952696,-0.7722277776529215,0.4537896370601955,0.8250720673821735,-5.352887913126677,C8-Pos-004505,Lipids and lipid-like molecules,Glycerophospholipids
Pc(17:3_20:1),0.04357963205491902,20.286967870830587,1.0923064445795165,0.28707143263175255,0.7450013293878434,-5.354102233351152,C8-Neg-003462,Lipids and lipid-like molecules,Glycerophospholipids
Pe(20:5_22:2),-0.08098448057115272,17.570092206184412,-1.1339713698538865,0.2690121526375658,0.7169776941720685,-5.355948395572788,C8-Pos-004871,Lipids and lipid-like molecules,Glycerophospholipids
6-Chloropicolinic Acid,-0.04252782448027152,20.80522069009124,-1.134905424779162,0.26762266779464794,0.7169776941720685,-5.3576608739562515,Amide-Pos-000636,Organoheterocyclic compounds,Pyridines and derivatives
Pe 16:0_18:1,-0.06384634890483433,21.169327297955217,-1.081367782031315,0.2912448763347291,0.7450013293878434,-5.358724272052277,C8-Pos-003759,Lipids and lipid-like molecules,Glycerophospholipids
Allopurinol,0.03471010382380996,21.55796557101122,1.0037928747838833,0.3280915780709823,0.7802900255957196,-5.359090282444158,Amide-Neg-000402,Organoheterocyclic compounds,Pyrazolopyrimidines
N-Formyl-L-Methionine,-0.017124138183319246,19.282932540613796,-1.1321670418705438,0.2687493098395528,0.7169776941720685,-5.3605231400754185,Amide-Neg-000753,Organic acids and derivatives,Carboxylic acids and derivatives
Pc(16:0_22:6),-0.046234472149761924,17.768175621643103,-1.1316734629231102,0.2689527489366462,0.7169776941720685,-5.36103839249182,C8-Pos-004775,Lipids and lipid-like molecules,Glycerophospholipids
Hyflavin,0.02887305333926096,24.61059199210195,1.128987979733342,0.2700615981381458,0.7169776941720685,-5.36383828563401,Amide-Pos-001528,Organoheterocyclic compounds,Pteridines and derivatives
D-Panthenol,-0.05495691048272016,15.640626858390384,-0.40876992174378396,0.688127380721814,0.9229914195257372,-5.364594162626681,C18-Pos-001025,Organic oxygen compounds,Organooxygen compounds
5-Methylcytidine,0.053604206673141336,23.89088597287179,1.1165108624291542,0.27525718824795925,0.7275520394219187,-5.376769022864011,Amide-Pos-001025,"Nucleosides, nucleotides, and analogues",Pyrimidine nucleosides
Pc(18:1_5:1cho),-0.056487212636697745,24.542058022911828,-1.0858285989108691,0.2893096546009463,0.7450013293878434,-5.386522622758657,C8-Neg-002843,Lipids and lipid-like molecules,Glycerophospholipids
Cholest-4-En-3-One,0.09386674420107792,16.745763175725383,0.9896208606096885,0.3347954334928307,0.7838287837743805,-5.393791939896638,C8-Pos-001061,Lipids and lipid-like molecules,Steroids and steroid derivatives
N-Methyl-2-Phenylpropan-1-Amine,-0.19239196519466437,17.718490779203748,-1.0955774201637025,0.28413631393669625,0.7444619579127413,-5.398174344770997,C18-Pos-000591,Benzenoids,Benzene and substituted derivatives
Methyl Palmitate,-0.024262632207448804,22.418030019013734,-1.0751576230205522,0.2929944291885693,0.7450013293878434,-5.418703462582437,C8-Pos-000327,Lipids and lipid-like molecules,Fatty Acyls
Dl-Lactic Acid,-0.03302027441129845,20.036309412195305,-1.0750677297578,0.29303385622588507,0.7450013293878434,-5.41879306772503,Amide-Neg-000051,Organic acids and derivatives,Hydroxy acids and derivatives
Lpc(20:1),0.055691715181808404,20.23872422434562,1.0699252794012755,0.2952956335241598,0.747583882339645,-5.423907779917181,C8-Neg-002450,Lipids and lipid-like molecules,Glycerophospholipids
Bis(2-Ethylhexyl) Adipate,0.019654558311519167,25.934231050445256,1.0614410956858364,0.2990543139737724,0.750347109762626,-5.43229777460133,C8-Pos-001101,Lipids and lipid-like molecules,Fatty Acyls
Nicotinamide,0.047181708147308765,17.161060434601847,1.0613421513493058,0.29909834794749435,0.750347109762626,-5.432395264300986,C18-Pos-000286,Organoheterocyclic compounds,Pyridines and derivatives
Maleic Hydrazide,-0.0805477671266439,16.48631069597615,-0.6541492851994845,0.5253536469585111,0.8615422062537441,-5.434555193552078,Amide-Neg-000158,Organoheterocyclic compounds,Diazines
"Dodecanamide,N-[3-(Dimethyloxidoamino)Propyl]",-0.15628051288774988,17.247103736209564,-1.0590071583346947,0.3001388439050504,0.750347109762626,-5.434693543213757,Amide-Pos-001195,Lipids and lipid-like molecules,Fatty Acyls
"5,5-Dimethyloxazolidine-2,4-Dione",-0.08892099595403549,22.516181260624183,-0.8129783756717991,0.4308676363686391,0.8164350736804741,-5.450020104496015,Amide-Neg-000296,Organoheterocyclic compounds,Azolidines
Linoleic Acid,0.08773374970068566,20.69399764454519,1.0427004265469073,0.30747681374173086,0.7654049219945362,-5.45061602876198,C8-Neg-000295,Lipids and lipid-like molecules,Fatty Acyls
Pi 36:4,-0.047781712032506064,24.270992669014895,-0.8870516103798383,0.3861417475118907,0.8072032562487759,-5.4510056658348365,C8-Pos-005112,Lipids and lipid-like molecules,Glycerophospholipids
"1,2-Dimyristoyl-Sn-Glycero-3-Pc",-0.06378834019355105,18.88333322879051,-1.0399797198876626,0.30871331853779627,0.7654049219945362,-5.453250810123779,C8-Pos-003474,Lipids and lipid-like molecules,Glycerophospholipids
Propham,-0.06990017238699466,23.541961252943338,-0.7007114938469057,0.49496453147591535,0.8392983858915096,-5.456929138096781,C18-Pos-000820,Benzenoids,Benzene and substituted derivatives
Beta-Alanine,-0.13880524147933973,16.777797043403623,-0.8354660823857623,0.4165646002197875,0.8164350736804741,-5.467170695693843,Amide-Pos-000026,Organic acids and derivatives,Carboxylic acids and derivatives
Triethylene Glycol Monobutyl Ether,-0.025032176750756693,25.514469076573562,-1.0253729222683698,0.31541154431722007,0.7787939365857285,-5.467289307595318,C18-Pos-001031,Organic oxygen compounds,Organooxygen compounds
Triethyl Citrate,0.020327766960213996,26.660416999124518,0.5024463063038112,0.6244462821917665,0.9028139019639997,-5.467589386865029,C18-Pos-001549,Organic acids and derivatives,Carboxylic acids and derivatives
L-Phenylalanine,-0.04874265440123345,25.491394485969067,-1.021133401498643,0.31737453551279576,0.7802900255957196,-5.471330042210459,C18-Pos-000721,Organic acids and derivatives,Carboxylic acids and derivatives
5'-Xanthylic Acid,0.05740088937227084,24.66371752204624,1.0184266000483873,0.3186322906873711,0.7802900255957196,-5.473901945718387,Amide-Neg-001943,"Nucleosides, nucleotides, and analogues",Purine nucleotides
Octabenzone,-0.04930161831735461,19.6664916409109,-1.013565973160942,0.32089955555573096,0.7802900255957196,-5.478504709114803,C8-Pos-000696,Benzenoids,Benzene and substituted derivatives
L-Malic Acid,0.0681751753459837,18.44418668202673,1.0092071054835432,0.323846724808726,0.7802900255957196,-5.47978733490808,Amide-Neg-000195,Organic acids and derivatives,Hydroxy acids and derivatives
L-Hydroxyproline,-0.07878176590423995,18.656947824296065,-1.003235349151493,0.3261857574278735,0.7802900255957196,-5.480766190712159,Amide-Pos-000349,Organic acids and derivatives,Carboxylic acids and derivatives
Risedronic Acid,-0.04892303950151706,20.38973336867576,-1.0087083335678102,0.32317660178788676,0.7802900255957196,-5.483084566298034,Amide-Pos-001135,Organic acids and derivatives,Organic phosphonic acids and derivatives
Bis(2-Ethylhexyl) Sebacate,-0.06329032711951374,20.99775517683387,-1.008052360651355,0.3234849492839196,0.7802900255957196,-5.48370148799798,C8-Pos-001597,Lipids and lipid-like molecules,Fatty Acyls
Docosahexaenoic Acid,0.2195312813260929,20.43145907744653,0.8894939011738885,0.3843118841523179,0.8072032562487759,-5.4892465443294345,C8-Neg-000532,Lipids and lipid-like molecules,Fatty Acyls
Adenosine,-0.06917248651732509,21.892960672898315,-0.9585534485860322,0.34869024836257945,0.7872848894673767,-5.492591509213193,Amide-Pos-001066,"Nucleosides, nucleotides, and analogues",Purine nucleosides
9-Methoxy-9-Oxononanoic Acid,-0.06868678789993114,19.392302506841254,-0.9967388932498003,0.3288350560439869,0.7802900255957196,-5.494283713051634,C8-Pos-000007,Lipids and lipid-like molecules,Fatty Acyls
Ps 20:2_20:2,-0.01901705867498174,18.639715475178985,-0.7797492283018655,0.44625894992409876,0.8213354906578505,-5.494491345190622,C8-Pos-004875,Lipids and lipid-like molecules,Glycerophospholipids
"2-Methyl-5-{2-[2-(4-Methyl-3,6-Dioxocyclohexa-1,4-Dienyl)Ethoxy]Ethyl}Benzo-1,4-Quinone",-0.017786937345725562,24.22517002742292,-0.9949944714285403,0.32966538704536574,0.7802900255957196,-5.495905661795854,C8-Pos-000610,Organic oxygen compounds,Organooxygen compounds
Tetraglyme,-0.060547011880849114,25.060146758320666,-0.8012005087238928,0.434071314173452,0.8164350736804741,-5.496998989420162,C18-Pos-001141,Organic oxygen compounds,Organooxygen compounds
Palmitoyl Ethanolamide,-0.019516288162786784,21.716805182829,-0.9866360658911253,0.3336639469236441,0.7838287837743805,-5.503641124502727,C8-Pos-000497,Organic acids and derivatives,Carboximidic acids and derivatives
Ala-Pro-Asn,-0.060833261374849394,19.631793218598848,-0.8550407476885797,0.4021784063927055,0.8154057837525986,-5.505478742660782,C8-Neg-000301,Organic acids and derivatives,Carboxylic acids and derivatives
"5,5-Dimethyl-2-{[(2-Phenylacetyl)Amino]Methyl}-1,3-Thiazolane-4-Carboxylic Acid",0.06087131874588334,22.460570071204145,0.9789853329410084,0.3373530201259586,0.7838287837743805,-5.510669195783388,C18-Neg-001236,Organic acids and derivatives,Carboxylic acids and derivatives
Pi(18:0_22:6),0.05553214481158796,22.72168300806923,0.9786852745131747,0.33749827006947175,0.7838287837743805,-5.510943810405168,C8-Pos-005434,Lipids and lipid-like molecules,Glycerophospholipids
Tg(20:1_24:5_20:6),-0.06969343844230229,13.690683802301042,-0.828349951458316,0.417756451141882,0.8164350736804741,-5.511653042524627,C8-Pos-005843,Lipids and lipid-like molecules,Glycerolipids
Spongouridin,0.10320221262270471,14.227722516017376,0.9451143987146364,0.35486548554566044,0.797450529316091,-5.5120357699708045,Amide-Neg-001329,"Nucleosides, nucleotides, and analogues",Pyrimidine nucleosides
Pi(O-16:2_18:3),0.031214101331677287,19.199705742292696,0.9769218501477378,0.33835275832927425,0.7838287837743805,-5.51255614105415,C8-Pos-004803,Lipids and lipid-like molecules,Glycerophospholipids
L-Glutarylcarnitine,0.06255187450169633,22.478795425635894,0.9727175850879789,0.34039593961648573,0.7855290914226594,-5.516389399819658,Amide-Pos-001103,Lipids and lipid-like molecules,Fatty Acyls
L-Glutamine,-0.036175366732427376,22.4089838676188,-0.6125444437894955,0.5482843433663345,0.8702435540554697,-5.52035350787505,Amide-Neg-000486,Organic acids and derivatives,Carboxylic acids and derivatives
Cytidine,0.026477584522824192,22.73705791418148,0.9664736525514973,0.3434458396695137,0.7872848894673767,-5.52205428493928,Amide-Neg-001321,"Nucleosides, nucleotides, and analogues",Pyrimidine nucleosides
4-(Acetylamino)Butanoic Acid,0.07394714784489013,21.816487822189508,0.9628151589317481,0.3452414606598412,0.7872848894673767,-5.525357902870881,Amide-Neg-000479,Organic acids and derivatives,Carboxylic acids and derivatives
Levulinic Acid,0.08466423462379473,20.46485542405414,0.9564163538126563,0.34839732789708666,0.7872848894673767,-5.531108278295592,Amide-Neg-000094,Organic acids and derivatives,Keto acids and derivatives
Pyruvic Acid,-0.031023984735545664,19.111985002816148,-0.4088088281918729,0.6898811261912471,0.9229914195257372,-5.534368923531868,Amide-Neg-000032,Organic acids and derivatives,Keto acids and derivatives
Dehydroascorbic Acid,0.0763866111704521,20.862612980513582,0.7746117001167013,0.4492091224852336,0.821724004546159,-5.535529781925978,Amide-Neg-000678,Organoheterocyclic compounds,Lactones
Adenine,0.050669503077656323,20.674258901858412,0.8428550736629706,0.409276389410021,0.8164350736804741,-5.5369072735827345,Amide-Pos-000383,Organoheterocyclic compounds,Imidazopyrimidines
Pe(18:0_22:6),-0.03130769922378131,21.36522412059556,-0.9330211963271593,0.3609364990254823,0.8072032562487759,-5.541785009241832,Amide-Pos-002316,Lipids and lipid-like molecules,Glycerophospholipids
Tg(O-25:8_2:0_19:4),-0.04050532810972791,16.64140722105302,-0.5382792824789533,0.5994795345934837,0.8847897992367497,-5.551474779384183,C8-Pos-004104,Lipids and lipid-like molecules,Glycerolipids
Dl-Alanine,0.07113399066713355,15.84686601857736,0.9256493734583903,0.36384287855931863,0.8072032562487759,-5.558262818479053,Amide-Neg-000047,Organic acids and derivatives,Carboxylic acids and derivatives
N-(Octadecanoyl)Sphing-4-Enine-1-Phosphocholine,-0.08746229889576419,18.810575731236774,-0.9152234562173682,0.36917872599606505,0.8072032562487759,-5.567278085241903,Amide-Pos-002226,Lipids and lipid-like molecules,Sphingolipids
Pi 38:6,0.027709234291092507,25.329120919366712,0.9152174265911208,0.3691818267835072,0.8072032562487759,-5.5672832716368,C8-Neg-003536,Lipids and lipid-like molecules,Glycerophospholipids
Lpe 24:4,0.012476752496002557,19.71862999826929,0.9135615119702617,0.3700340470329574,0.8072032562487759,-5.568706409479235,C8-Pos-002633,Lipids and lipid-like molecules,Glycerophospholipids
Nicotinamide Adenine Dinucleotide (Nad+),-0.01962855460031013,17.73095137843689,-0.9134784000733751,0.3700768549925434,0.8072032562487759,-5.568777775041372,C18-Pos-002114,"Nucleosides, nucleotides, and analogues",(5'->5')-dinucleotides
Acetyl-D-Alanine,-0.061907328865329736,22.42401056256808,-0.9081803613691172,0.372812435473568,0.8072032562487759,-5.5733145895550065,Amide-Neg-000316,Organic acids and derivatives,Carboxylic acids and derivatives
Pi(22:0_12:1),0.036353374405284404,18.50846130694177,0.8878137944236427,0.3842445076414329,0.8072032562487759,-5.57460514744931,C8-Neg-003398,Lipids and lipid-like molecules,Glycerophospholipids
Phosphoserine,-0.05354314376046102,24.69071967628978,-0.906348893827625,0.3737611833688015,0.8072032562487759,-5.574877208422638,Amide-Pos-000781,Organic acids and derivatives,Carboxylic acids and derivatives
Lpc(16:2),0.02506047997261777,21.095594468981183,0.9026657626854837,0.37567394732968484,0.8072032562487759,-5.578010799215489,C8-Neg-001880,Lipids and lipid-like molecules,Glycerophospholipids
Yrquylsqfnxrba-Izzdovswsa-N,0.01443058195502103,27.476072289745574,0.9025442206447692,0.37573717726914957,0.8072032562487759,-5.57811400438922,C18-Neg-000934,Lipids and lipid-like molecules,Prenol lipids
2-Docosahexaenoyl-1-Stearoyl-Sn-Glycero-3-Phosphoserine,-0.07046113391018125,16.797404136621164,-0.9022139920156677,0.37590900773222713,0.8072032562487759,-5.578394346652214,C8-Pos-004831,Lipids and lipid-like molecules,Glycerophospholipids
Tg(20:2cho_26:3),-0.05260623649405293,20.678954137346683,-0.8912237124386013,0.38203780014633626,0.8072032562487759,-5.579263153063637,C8-Pos-004352,Lipids and lipid-like molecules,Glycerolipids
Dgdg(2:0_27:3),-0.125240466811934,17.184922621082478,-0.9005284418224807,0.37678686692494,0.8072032562487759,-5.579823780661098,C8-Neg-003430,Lipids and lipid-like molecules,Glycerolipids
3-(Ethenyloxy)Propan-1-Amine,0.03796463355769552,17.760801551223707,0.6658998720721424,0.5144098914922587,0.8526130798214232,-5.582965164927196,Amide-Pos-000094,Organic oxygen compounds,Organooxygen compounds
Pet(16:0_27:7),-0.054356223068092596,19.079466145132688,-0.8931786928518554,0.3806304231112291,0.8072032562487759,-5.58602767193354,C8-Pos-004866,Lipids and lipid-like molecules,Glycerophospholipids
Dl-P-Hydroxyphenyllactic Acid,-0.04943712724291513,21.073538022636047,-0.8015428472288214,0.4313900116603967,0.8164350736804741,-5.590630777638997,Amide-Neg-000783,Benzenoids,Benzene and substituted derivatives
N-Acetyl-Neuraminic Acid,0.01289688150064272,18.97466329869961,0.8804140783472358,0.38736632211798006,0.8072032562487759,-5.596689612078995,Amide-Pos-001317,Organic oxygen compounds,Organooxygen compounds
S-Adenosyl-L-Homocysteine,-0.024482691858275625,22.74737018484568,-0.8802421699166905,0.38745756299941236,0.8072032562487759,-5.596832225588174,C18-Pos-000925,"Nucleosides, nucleotides, and analogues",5'-deoxyribonucleosides
Lpc 14:0-Sn2,-0.02730631063451097,19.632029669004137,-0.876895918115364,0.3892363702430376,0.8075886129448198,-5.599603064032684,C8-Pos-001973,Lipids and lipid-like molecules,Glycerophospholipids
D-(+)-Glucose,0.06591331425907508,18.797435757465806,0.874835087322977,0.39033449625666283,0.8075886129448198,-5.601304615684317,Amide-Neg-000605,Organic oxygen compounds,Organooxygen compounds
Xanthine,-0.06939371077206748,21.003160112330526,-0.8628485551635288,0.39712880046699506,0.8154057837525986,-5.603552782440063,Amide-Neg-000523,Organoheterocyclic compounds,Imidazopyrimidines
L-Glutamic Acid,-0.08018058710673948,19.21819065661258,-0.39873878150539827,0.696100783356985,0.9229914195257372,-5.610736004225239,Amide-Pos-000319,Organic acids and derivatives,Carboxylic acids and derivatives
Tg(29:3cooh_2:0),-0.034915756596415985,24.034247014436012,-0.8567222655411829,0.40007198300532065,0.8154057837525986,-5.616098609814814,C8-Pos-003050,Lipids and lipid-like molecules,Glycerolipids
Tg(39:10_9:2cho),0.029186361907193547,19.61678578477022,0.8531727057852986,0.4019982916691779,0.8154057837525986,-5.618963820427747,C8-Pos-004650,Lipids and lipid-like molecules,Glycerolipids
L-Aspartic Acid,-0.11322824872606442,18.05227564062134,-0.8526786971350677,0.40226685331794865,0.8154057837525986,-5.619361701309988,C18-Pos-000393,Organic acids and derivatives,Carboxylic acids and derivatives
Pc(20:2cho_22:5),-0.029709013725099653,21.35933167842468,-0.39668170871840785,0.6985658668143784,0.9229914195257372,-5.620276342443341,C8-Neg-003470,Lipids and lipid-like molecules,Glycerophospholipids
Pyrrole-2-Carboxylic Acid,0.008474068274726493,15.919690361591458,0.05243308411083715,0.9589807308862297,0.9964296448375749,-5.620674555228123,Amide-Neg-000142,Organoheterocyclic compounds,Pyrroles
Dg(4:0_34:6),0.020204530296820244,17.646707660287838,0.13526748553714488,0.8941988268627513,0.989888000217068,-5.622125550654136,C8-Pos-003357,Lipids and lipid-like molecules,Glycerolipids
Phenylacetylglutamine,-0.04573915293781195,19.550820903898348,-0.8183067829829483,0.4215794078606223,0.8164350736804741,-5.6252982813803705,C18-Pos-001439,Organic acids and derivatives,Carboxylic acids and derivatives
Glucose 1-Phosphate,-0.04100709330983374,21.805976149814555,-0.8378020159113294,0.41040790637558244,0.8164350736804741,-5.631242263856901,C18-Pos-001412,Organic oxygen compounds,Organooxygen compounds
D-Ribose 5-Phosphate,-0.016628724743061617,22.034745657023112,-0.3667376290263209,0.7197145928606761,0.9408033893603609,-5.631491495451061,Amide-Neg-001243,Organic oxygen compounds,Organooxygen compounds
D-Proline,-0.01885528906753562,18.531485204637065,-0.836883754048927,0.4109138027560909,0.8164350736804741,-5.631969156988501,Amide-Pos-000224,Organic acids and derivatives,Carboxylic acids and derivatives
Phthalylsulfathiazole,-0.039612307453786653,27.31605096045153,-0.836366564065767,0.41119891061369673,0.8164350736804741,-5.632378233202783,Amide-Pos-001548,Benzenoids,Benzene and substituted derivatives
D-(+)-Ribonic Acid Gamma-Lactone,-0.06689941244063632,25.598934069468545,-0.6147788032283857,0.5463944246324917,0.8702435540554697,-5.6324374102344175,Amide-Neg-000499,Organic oxygen compounds,Organooxygen compounds
Tryptophan,-0.04982552180452028,20.241985505569033,-0.8316938914977491,0.41378044099486977,0.8164350736804741,-5.636063352079315,Amide-Pos-000761,Organoheterocyclic compounds,Indoles and derivatives
3-Hydroxy-1-Methyl-3-(2-Oxopropyl)Indol-2-One,0.05576661240495671,19.259252285426715,0.8261647205638312,0.4168483103876449,0.8164350736804741,-5.640398868774506,Amide-Pos-000918,Organoheterocyclic compounds,Indoles and derivatives
Ps(19:1_17:2),0.010614833633838684,19.266923416739278,0.05238837766263928,0.9589105328101029,0.9964296448375749,-5.643376270525819,C8-Neg-003255,Lipids and lipid-like molecules,Glycerophospholipids
Pc(20:3_25:5),0.04347226936288094,17.60883735388529,0.8111015197065776,0.42562147511351867,0.8164350736804741,-5.643611751906786,C8-Neg-003713,Lipids and lipid-like molecules,Glycerophospholipids
Progesterone,-0.02794735831404718,14.951108265074668,-0.7830226408818279,0.4419616950854902,0.8213354906578505,-5.6442816315535875,C8-Pos-000616,Lipids and lipid-like molecules,Steroids and steroid derivatives
"Octadecyl 3-(3,5-Di-Tert-Butyl-4-Hydroxyphenyl)Propionate",-0.07228973554749289,21.445073406247154,-0.8207474277741186,0.41986790239906835,0.8164350736804741,-5.644620261075763,C8-Pos-002408,Lipids and lipid-like molecules,Fatty Acyls
Citroflex A-4,0.02176924926496659,19.68673610326106,0.8161311298064492,0.4224517810579609,0.8164350736804741,-5.648196840143705,C8-Pos-001356,Organic acids and derivatives,Carboxylic acids and derivatives
Tg(18:1_3:0_4:0cooh),-0.0714238960034232,22.68448378474333,-0.8128578440572706,0.4242899267402065,0.8164350736804741,-5.6507213701051535,C8-Pos-002397,Lipids and lipid-like molecules,Glycerolipids
Ketamine,-0.10123119668121898,21.386731884069484,-0.8106570236358825,0.4255286105940279,0.8164350736804741,-5.652413380060681,C8-Pos-000080,Benzenoids,Benzene and substituted derivatives
Dl-Dipalmitoylphosphatidylcholine,0.0018067902809589336,21.571051086718445,0.024823797857767532,0.9805724983178132,0.9964296448375749,-5.6539747420587645,C8-Pos-003901,Lipids and lipid-like molecules,Glycerophospholipids
Pc(28:6_10:0cooh),-0.026449573146364088,18.703432399803997,-0.8048196169885802,0.42882492629245494,0.8164350736804741,-5.656880264629697,C8-Pos-005016,Lipids and lipid-like molecules,Glycerophospholipids
Carnosine,0.04533837083705945,16.451550792561605,0.7398215845872986,0.4668930309189333,0.8312635565322255,-5.6595230149092846,Amide-Pos-000849,Organic acids and derivatives,Peptidomimetics
N-Acetyl-L-Aspartic Acid,0.031085014084274363,19.807231740514208,0.8003631742728272,0.43135202787553495,0.8164350736804741,-5.660269897236659,Amide-Neg-000557,Organic acids and derivatives,Carboxylic acids and derivatives
Pe(O-10:0_6:0),-0.04026640542252203,20.721616067867703,-0.7985960702161835,0.43235663179363004,0.8164350736804741,-5.661609058997885,C8-Pos-001872,Lipids and lipid-like molecules,Glycerophospholipids
Uric Acid,0.01706014978320582,18.990169856881767,0.7969268283921842,0.4333069229527057,0.8164350736804741,-5.662871489206267,C18-Pos-000742,Organoheterocyclic compounds,Imidazopyrimidines
Geranylgeranylacetone,0.035840806440091896,18.488072837551126,0.18449614804895373,0.856095366374811,0.989883337268052,-5.665219018308895,C8-Pos-000740,Lipids and lipid-like molecules,Prenol lipids
Anserine,-0.05090574745633024,20.331173641066393,-0.7895791564347229,0.4375051673342202,0.8203221887516629,-5.668398764545114,Amide-Pos-000913,Organic acids and derivatives,Peptidomimetics
Pe(22:2_21:4cooh),-0.052984720606632646,14.297091435598313,-0.6359608615851304,0.5323882406773939,0.8680243054522726,-5.669629533625224,C8-Pos-005188,Lipids and lipid-like molecules,Glycerophospholipids
Dgdg(18:0_11:1),-0.05206504161070423,22.665961781980222,-0.7837529598646704,0.44085171882503527,0.8213354906578505,-5.67274707822085,C8-Neg-003439,Lipids and lipid-like molecules,Glycerolipids
Υ-L-Glutamyl-L-Glutamic Acid,-0.028420424601379266,19.392860292899933,-0.7788575405922497,0.4436756632971698,0.8213354906578505,-5.67637714028366,Amide-Pos-001105,Organic acids and derivatives,Carboxylic acids and derivatives
Phloretic Acid,-0.08561972003028978,15.327631921872808,-0.6516306274645619,0.5224440696224413,0.8611715433336944,-5.6784201262869285,C18-Pos-000567,Phenylpropanoids and polyketides,Phenylpropanoic acids
Galaxolidone,0.03195979417202332,15.968035578310216,0.7760166683799369,0.4453194604275613,0.8213354906578505,-5.6784738284860286,C8-Pos-000335,Organoheterocyclic compounds,Benzopyrans
Pc 38:4,-0.027683847562136533,17.74065281325025,-0.7641313325946302,0.45255734163306494,0.8250720673821735,-5.678684436779551,C8-Pos-004446,Lipids and lipid-like molecules,Glycerophospholipids
Peg N7,0.0398352393856513,20.859868215411925,0.7755882256033024,0.44556768777499955,0.8213354906578505,-5.678789407893506,C18-Pos-002054,Organic oxygen compounds,Organooxygen compounds
D-Arginine,0.12385323289812603,15.937905555659533,0.771858430209248,0.4477321632159401,0.8215269049833764,-5.681529694150311,Amide-Pos-000620,Organic acids and derivatives,Carboxylic acids and derivatives
Meso-Erythritol,0.05894956545984374,15.78292566785169,0.711680867052394,0.4848813876385484,0.8392983858915096,-5.682508669497301,Amide-Neg-000252,Organic oxygen compounds,Organooxygen compounds
Gln-Gly-Ile,0.06484214980521424,20.647139565542723,0.6966300743935018,0.49301530322625897,0.8392983858915096,-5.691086127205582,C18-Pos-001951,Organic acids and derivatives,Carboxylic acids and derivatives
1-Palmitoyl-Sn-Glycero-3-Phosphocholine,-0.02278388318972126,18.964807659939186,-0.7579156004034125,0.45587955579130635,0.8261379542117493,-5.6916624711630615,C8-Pos-002038,Lipids and lipid-like molecules,Glycerophospholipids
Dibenzoylmethane,0.030639872738121864,18.38432578337683,0.7557895202536767,0.4571296679971679,0.8261379542117493,-5.693192157043337,C8-Pos-000098,Phenylpropanoids and polyketides,"Linear 1,3-diarylpropanoids"
"8z,11z,14z-Eicosatrienoic Acid",0.033074395856223626,18.680047908432517,0.7524718985402609,0.45908447928561036,0.8271792419560547,-5.695570980774527,C8-Neg-000432,Lipids and lipid-like molecules,Fatty Acyls
Pe(O-17:3_21:1),-0.08716414152537368,16.992174523393096,-0.5292010191449341,0.6031317131463844,0.8847897992367497,-5.69614408903169,C8-Pos-004072,Lipids and lipid-like molecules,Glycerophospholipids
N-Acetyl-L-Valine,-0.04879093611207788,17.847626090975286,-0.6681736950921092,0.5113003831147787,0.8510203980876778,-5.697311783790266,Amide-Neg-000574,Organic acids and derivatives,Carboxylic acids and derivatives
5-Methyl D-Glutamate,0.017534455601807237,29.254776585367914,0.748828233611618,0.4612371311934459,0.8285696967546932,-5.6981721187270535,Amide-Pos-000563,Organic acids and derivatives,Carboxylic acids and derivatives
N-Nervonoyl-D-Erythro-Sphingosylphosphorylcholine,-0.01931676560543988,15.47277027438167,-0.410677675489025,0.6867560212265476,0.9229914195257372,-5.699342516903788,C8-Pos-004641,Lipids and lipid-like molecules,Sphingolipids
Lidocaine,0.01811961873500263,22.893094490963165,0.7432872869625359,0.4645221546963587,0.8301717180052819,-5.702104659883254,C8-Pos-000141,Benzenoids,Benzene and substituted derivatives
Dg(16:0_16:1),-0.05685859998165417,16.147857722010492,-0.7426579115225785,0.4648961620829578,0.8301717180052819,-5.702549584219662,C8-Pos-002844,Lipids and lipid-like molecules,Glycerolipids
7-Methylguanosine,0.04685060370211141,16.710951181611996,0.6670068624180413,0.5120306061827529,0.8510203980876778,-5.708425005175012,Amide-Pos-001185,"Nucleosides, nucleotides, and analogues",Purine nucleosides
Pc(26:6_21:6cho),0.0758364084091881,16.31753860847333,0.7329208596871115,0.4707050697695597,0.8355711297684492,-5.70938724746053,C8-Pos-005464,Lipids and lipid-like molecules,Glycerophospholipids
2-(5-Oxovaleryl)Phosphatidylcholine,0.02169117802184856,21.056539238457304,0.72922834551351845,0.47291903963946047,0.8370248489193991,-5.711957750088632,C8-Pos-002923,Lipids and lipid-like molecules,Glycerophospholipids
N-Acetyl-D-Glucosamine 6-Phosphate,-0.02142400195663207,18.16662149318907,-0.15905434434839574,0.8758976968934917,0.989883337268052,-5.713012825675018,Amide-Pos-001139,Organic oxygen compounds,Organooxygen compounds
5-(Z-Heptadec-8-Enyl) Resorcinol,0.08599537698399594,20.99115515858835,0.7260227545037987,0.4748459921478937,0.8379635155551065,-5.714179244125648,C8-Pos-000887,Benzenoids,Phenols
3-Hexadecyl-4-Methoxy-5-Methyloxolan-2-One,0.01726338316854384,25.483725451111447,0.7211109428217253,0.4778074678742308,0.8392983858915096,-5.71756503810082,C8-Pos-000955,Organoheterocyclic compounds,Lactones
Cer(D15:2_7:0),-0.005131118227903117,22.086707156812157,-0.15500361391240763,0.8788849029398643,0.989883337268052,-5.717974891128621,C8-Pos-001073,Lipids and lipid-like molecules,Sphingolipids
N-Beta-Alanyl-L-Histidine,-0.023384890303055506,21.22519532421929,-0.5680475276235738,0.5763250950674159,0.882538423395432,-5.71862644191652,Amide-Neg-001170,Organic acids and derivatives,Peptidomimetics
N-Methylcyclohexylamine,0.024637952181699976,21.543387937785667,0.7182744867290679,0.47952253270775214,0.8392983858915096,-5.719510258960112,C18-Pos-000219,Organic nitrogen compounds,Organonitrogen compounds
1-Oleoyl-Sn-Glycero-3-Phosphocholine,-0.054360289525329133,17.95259661167648,-0.7168566356319804,0.4803811746919646,0.8392983858915096,-5.720479865836791,C18-Pos-004585,Lipids and lipid-like molecules,Glycerophospholipids
Cytidine 2'_3'-Cyclic Phosphate,0.005709171667256024,21.58685916567739,0.06249023052721993,0.9509012775821322,0.9964296448375749,-5.722430167159812,Amide-Neg-001726,"Nucleosides, nucleotides, and analogues",Pyrimidine nucleotides
O-Phosphocolamine,0.0682597184573146,16.756742941158453,0.7122369099217389,0.48318502595594515,0.8392983858915096,-5.723626395629589,Amide-Neg-000449,Organic acids and derivatives,Organic phosphoric acids and derivatives
Lecithin,0.02605793473868957,15.624711038908824,0.7092327482994122,0.48501340251686975,0.8392983858915096,-5.725662117868546,Amide-Pos-002273,Lipids and lipid-like molecules,Glycerophospholipids
Pc(32:2_4:0),0.026550283773152206,21.290606412878272,0.6241014257744756,0.5392821643238102,0.8702435540554697,-5.7279193225079865,C8-Pos-004593,Lipids and lipid-like molecules,Glycerophospholipids
Triethyl Phosphate,0.11464929300233954,16.465767061035347,0.7042646372530396,0.48804579477268717,0.8392983858915096,-5.729010619893108,C18-Pos-000839,Organic acids and derivatives,Organic phosphoric acids and derivatives
N2-Methylguanosine,-0.01935335644080139,21.358124921896696,-0.7008982079536399,0.4901067341617672,0.8392983858915096,-5.731266787766124,C18-Pos-001733,"Nucleosides, nucleotides, and analogues",Purine nucleosides
Rjipnphmqgdubw-Lrankocbsa-N,-0.04425948819760099,15.49387455300774,-0.4701871583198573,0.6441967019376718,0.905194428952232,-5.731710464952271,C8-Pos-000500,Lipids and lipid-like molecules,Prenol lipids
Sb01966,0.019478934829951354,24.21284056474161,0.6951120869561058,0.49366062267657496,0.8392983858915096,-5.735120438737663,Amide-Pos-000757,Organic oxygen compounds,Organooxygen compounds
Tg(36:6_4:0),-0.016005163187163142,17.315210707507052,-0.6946136847190819,0.4939674308639437,0.8392983858915096,-5.735450951473084,C8-Pos-003614,Lipids and lipid-like molecules,Glycerolipids
Glutaric Anhydride,-0.020164060856084253,21.858784873746885,-0.6937965244739657,0.49447069593704485,0.8392983858915096,-5.7359923553962515,Amide-Neg-000171,Organoheterocyclic compounds,Lactones
L-Tyrosine,-0.0413070764202928,19.564217378874535,-0.6926358088598088,0.4951860476759907,0.8392983858915096,-5.736760329901886,C18-Pos-000832,Organic acids and derivatives,Carboxylic acids and derivatives
Cl(18:0_20:1cho_23:1_21:2),0.02947283639656554,20.57894348346552,0.6894069547396371,0.49717908719795056,0.8403026825880855,-5.738890182681461,C8-Neg-003309,Lipids and lipid-like molecules,Glycerophospholipids
Ps(24:4_24:4),0.021969488257254328,21.93256178651645,0.4396188285741471,0.6654456690642008,0.9178560952609667,-5.743307162260955,C8-Neg-003707,Lipids and lipid-like molecules,Glycerophospholipids
S-Adenosylmethionine,-0.021593038789940545,26.6293042310774,-0.6825422984957499,0.5014314216758521,0.8451091376559304,-5.743386611553559,Amide-Pos-001585,"Nucleosides, nucleotides, and analogues",5'-deoxyribonucleosides
Methyl L-Tryptophanate,0.01305701378395722,28.5350757958115,0.3244113491143808,0.7488358114948146,0.9497098500025731,-5.745680084392091,C18-Pos-001113,Organic acids and derivatives,Carboxylic acids and derivatives
Ser-Ser,0.05775940268761884,20.723144091193202,0.675637203776633,0.5057293940357566,0.848325045236979,-5.747865965934075,Amide-Pos-000616,Organic acids and derivatives,Carboxylic acids and derivatives
"N3,N4-Dimethyl-L-Arginine",0.15019526693400492,26.106319449880782,0.6749355541371563,0.5061672769913975,0.848325045236979,-5.748318680595319,Amide-Pos-000747,Organic acids and derivatives,Carboxylic acids and derivatives
Tg(5:0_10:0_6:1cho),-0.06438619698913257,21.18481616938112,-0.5984155385198946,0.5554105575159302,0.8702435540554697,-5.751605514823237,C8-Pos-001736,Lipids and lipid-like molecules,Glycerolipids
L-Saccharopine,0.022019261578510016,18.192457227400784,0.6689812091887272,0.5098917664995539,0.8510203980876778,-5.752142323232361,Amide-Pos-001107,Organic acids and derivatives,Carboxylic acids and derivatives
Pro-Asp,-0.05992108235187674,19.130640472769468,-0.6272913818367465,0.5366463606078957,0.8702435540554697,-5.754968748611828,Amide-Pos-000866,Organic acids and derivatives,Carboxylic acids and derivatives
Pa(18:1_20:0),0.03742665761834099,20.78128876872872,0.5513045387909866,0.5872434181753061,0.8847897992367497,-5.760330963080987,C8-Pos-004019,Lipids and lipid-like molecules,Glycerophospholipids
1-Octadecanoyl-2-Octadecenoyl-Sn-Glycero-3-Phosphocholine,0.028960405558324357,22.71477785151733,0.5589013395239827,0.5821405598279081,0.8847897992367497,-5.762673010591884,Amide-Pos-002309,Lipids and lipid-like molecules,Glycerophospholipids
L-Isoleucine,0.03570980283323441,24.37608231998741,0.6499877511689877,0.521873571747467,0.8611715433336944,-5.7641213736836265,C18-Pos-000375,Organic acids and derivatives,Carboxylic acids and derivatives
3-Isopropoxypropylamine,0.01864757557079252,24.178544707157254,0.643331579987566,0.5261087194868819,0.8615422062537441,-5.7682407621050835,Amide-Pos-000244,Organic oxygen compounds,Organooxygen compounds
D-(-)-Mannitol,0.06310132476249451,16.694907513705722,0.6419711032359139,0.5269766494918735,0.8615422062537441,-5.769077707544429,Amide-Neg-000787,Organic oxygen compounds,Organooxygen compounds
"2,6-Dihydroxypyridine Hcl",-0.04301954666298438,15.898523591468145,-0.21792960833851957,0.8302389609801031,0.9894170564632873,-5.772696853445964,Amide-Neg-000141,Organoheterocyclic compounds,Pyridines and derivatives
4-Cholestenone,0.025408427523935167,21.348525023940386,0.5908975021354181,0.5603514936289324,0.8710126843973043,-5.77617828697376,C8-Pos-001064,Lipids and lipid-like molecules,Steroids and steroid derivatives
Leucine,0.004604885544889585,18.029936368469333,0.199265290914508,0.8439719301706415,0.989883337268052,-5.776780655339821,Amide-Pos-000363,Organic acids and derivatives,Carboxylic acids and derivatives
Dl-Xylose,0.0178193618905908,21.223748426118814,0.5504803779479094,0.58729710963285775,0.8847897992367497,-5.777919172524767,Amide-Neg-000332,Organic oxygen compounds,Organooxygen compounds
2-(Alpha-D-Mannopyranosyl)-L-Tryptophan,0.03190880652452893,19.522095865602573,0.6259835546216688,0.5372340141661263,0.8702435540554697,-5.778784928436145,C18-Pos-002507,Organoheterocyclic compounds,Indoles and derivatives
Pg(20:3_20:4),0.010040081256817025,23.562126427253453,0.31116412099881396,0.7592505722442541,0.9497098500025731,-5.779973822452892,C8-Neg-003343,Lipids and lipid-like molecules,Glycerophospholipids
2'-Deoxyadenosine,-0.05134194082817376,19.819672600974187,-0.6204166004050435,0.5408305875459904,0.8702435540554697,-5.7821095515032654,Amide-Pos-000996,"Nucleosides, nucleotides, and analogues",Purine nucleosides
(R)-Pantetheine,0.020443876100461965,24.931995433411654,0.3920372539312043,0.6993932691121298,0.9229914195257372,-5.782703489867537,C18-Pos-001415,Organic acids and derivatives,Carboxylic acids and derivatives
"Ne,Ne,Ne-Trimethyllysine",0.02004386478466955,22.42647423124505,0.6175199005707921,0.5427070730994736,0.8702435540554697,-5.783828128330906,Amide-Pos-000682,Organic acids and derivatives,Carboxylic acids and derivatives
Pa(29:1_20:6),0.02483392213122539,20.85264190064452,0.612277965137511,0.5461115562209771,0.8702435540554697,-5.786918335995872,C8-Neg-003516,Lipids and lipid-like molecules,Glycerophospholipids
Malonic Acid,-0.007344244225599382,18.856818597227637,-0.6090697118880043,0.5482007637151343,0.8702435540554697,-5.788797084123339,Amide-Neg-000116,Organic acids and derivatives,Carboxylic acids and derivatives
(R)-Butyrylcarnitine,-0.06657579059162616,18.76243535771648,-0.607763681462878,0.5490524491943447,0.8702435540554697,-5.7895591583714605,Amide-Pos-000872,Lipids and lipid-like molecules,Fatty Acyls
Pc(18:2_20:4cooh),-0.05864995713780456,22.41182996237682,-0.6060442017690303,0.5501748101243975,0.8702435540554697,-5.79056006777283,C8-Pos-005013,Lipids and lipid-like molecules,Glycerophospholipids
Pe(19:1cooh_24:4),0.03684418078641017,20.20666346754718,0.5996047410744231,0.5543887087169803,0.8702435540554697,-5.794284084614638,C8-Neg-003487,Lipids and lipid-like molecules,Glycerophospholipids
L-Ergothioneine,-0.06760210536137114,18.845080083894064,-0.5991151343257037,0.5547097867302506,0.8702435540554697,-5.794565654137525,Amide-Pos-000860,Organic acids and derivatives,Carboxylic acids and derivatives
Pc(10:0cooh_30:8),0.018069384267499784,13.291423093786992,0.14554040377362779,0.8861019037752575,0.989883337268052,-5.794847061630361,C8-Pos-005152,Lipids and lipid-like molecules,Glycerophospholipids
Hypaphorine,-0.034617745087717346,22.54560789432675,-0.5979024462133803,0.5555054686720748,0.8702435540554697,-5.795262103503297,C18-Pos-001332,Organic acids and derivatives,Carboxylic acids and derivatives
Dl-Glutamine,-0.03254556118232602,20.95210476013561,-0.5923758530728411,0.5591391265521648,0.8710126843973043,-5.798418722431905,Amide-Pos-000475,Organic acids and derivatives,Carboxylic acids and derivatives
Octanedioic Acid,-0.01357836069467566,25.569136078224886,-0.5907244326695054,0.5602272895283986,0.8710126843973043,-5.799356449338258,C18-Neg-000283,Lipids and lipid-like molecules,Fatty Acyls
Pe(P-11:0_23:0),0.1095617207890527,20.65357293496219,0.5865162354605677,0.5630051033534793,0.8724309765506377,-5.801734516563362,C8-Pos-003830,Lipids and lipid-like molecules,Glycerophospholipids
Glu-Glu-Glu,0.01843028315475612,21.802099906332302,0.5834606457630391,0.5650265053199472,0.8724309765506377,-5.803450907163212,Amide-Pos-001625,Organic acids and derivatives,Carboxylic acids and derivatives
Diethyl Phosphate,0.026886614312060485,23.291099028752832,0.5825553887036744,0.5656260831303301,0.8724309765506377,-5.8039577394193955,C18-Pos-000645,Organic acids and derivatives,Organic phosphoric acids and derivatives
Diosgenin,0.030459082665499838,18.835013369219674,0.4261521794047464,0.6743331189881678,0.9203742609729015,-5.804416344892287,C8-Pos-001474,Lipids and lipid-like molecules,Prenol lipids
(±)5-Hepe,-0.027331897937501414,16.79958046733806,-0.5754015423498404,0.5703756835165342,0.8775010515638989,-5.807936140542502,C8-Pos-000501,Lipids and lipid-like molecules,Fatty Acyls
Uridine 5'-Diphosphoglucuronic Acid,-0.03228330028660915,19.442681715331194,-0.48615728036520917,0.6314554579541767,0.9040828239630658,-5.8098680468827615,Amide-Neg-001626,"Nucleosides, nucleotides, and analogues",Pyrimidine nucleotides
L-(-)-Methionine,-0.03124969299925711,18.377337798673604,-0.5660843006533333,0.5765917699516823,0.882538423395432,-5.813046062581,C18-Pos-000574,Organic acids and derivatives,Carboxylic acids and derivatives
Pc(22:5cooh_25:8),-0.062320947191028604,14.975305423416174,-0.40338622758373777,0.6905577814456632,0.9229914195257372,-5.814142960515976,C8-Pos-005561,Lipids and lipid-like molecules,Glycerophospholipids
Crotonic Acid,0.0019110313767060016,19.051779799983855,0.034788556454606025,0.9726312216602441,0.9964296448375749,-5.818696736262637,Amide-Pos-000010,Lipids and lipid-like molecules,Fatty Acyls
Pc(22:3cho_28:6),0.053002354612094064,22.639975538177517,0.5535556385438154,0.5850035924705017,0.8847897992367497,-5.81978938594692,C8-Pos-005761,Lipids and lipid-like molecules,Glycerophospholipids
4-Dodecylbenzenesulfonic Acid,-0.018947471119920373,22.622973272611674,-0.5519717478993339,0.586071332813501,0.8847897992367497,-5.8206314317004635,C8-Neg-000519,Benzenoids,Benzene and substituted derivatives
Proline Betaine,-0.024713227794915135,19.51761337151386,-0.5497751799773974,0.5875536837304519,0.8847897992367497,-5.821795308904534,Amide-Pos-000448,Organic acids and derivatives,Carboxylic acids and derivatives
Guanine,0.02701207825904434,20.239072097586895,0.5464306811031253,0.589814251412963,0.8847897992367497,-5.823558753279877,Amide-Pos-000503,Organoheterocyclic compounds,Imidazopyrimidines
Delta-Valerobetaine,-0.009690114857442984,18.42502439514712,-0.5460117855222222,0.5900976857189035,0.8847897992367497,-5.823778884777254,Amide-Pos-000558,Lipids and lipid-like molecules,Fatty Acyls
Meglumine,0.02652049820993055,23.67740511228878,0.5441062689265003,0.591387843108865,0.8847897992367497,-5.824778167151398,Amide-Pos-000710,Organic oxygen compounds,Organooxygen compounds
Asp-Leu,-0.0015009995822679323,26.95235417491872,-0.04384372355811508,0.9654431890263523,0.9964296448375749,-5.8265569840927425,C18-Pos-001333,Organic acids and derivatives,Carboxylic acids and derivatives
Pe 16:0_22:5,-0.028281217812019536,18.568981758486938,-0.21465509025144297,0.8323232601011069,0.9894170564632873,-5.826895955432408,C8-Pos-004173,Lipids and lipid-like molecules,Glycerophospholipids
3-Hydroxystigmast-5-En-7-One,-0.027728813060318082,16.78792622590656,-0.45608712886024355,0.6530087975010497,0.9102303437437121,-5.8274385426734625,C8-Pos-001621,Lipids and lipid-like molecules,Steroids and steroid derivatives
D-Glyceric Acid,-0.1227228011662085,20.061068501601163,-0.5377090259120394,0.5957292421768919,0.8847897992367497,-5.828108085390082,Amide-Neg-000135,Organic oxygen compounds,Organooxygen compounds
O-Acetylserine,0.013057567795733915,18.60186710888855,0.5374803352573747,0.5958847256810986,0.8847897992367497,-5.828226413846481,Amide-Neg-000297,Organic acids and derivatives,Carboxylic acids and derivatives
Ps(16:1_26:4),-0.023169232938545437,16.67610033398415,-0.22618446413987,0.823606403861166,0.9894170564632873,-5.828818571243158,C8-Neg-003489,Lipids and lipid-like molecules,Glycerophospholipids
"16-Hydroxycleroda-3,13-Dien-15,16-Olide",-0.003195684771333456,16.3010123899208,-0.020491468462512184,0.9839880878331703,0.9964296448375749,-5.829245427550539,C8-Pos-000642,Lipids and lipid-like molecules,Prenol lipids
Pc(20:4cooh_23:6),0.03950151543159702,17.486150437855173,0.5304790732755649,0.6008646333986618,0.8847897992367497,-5.830604988389256,C8-Neg-003538,Lipids and lipid-like molecules,Glycerophospholipids
Inosine,0.025544209430301185,20.765941570468925,0.5321421152543769,0.5995196820867879,0.8847897992367497,-5.8309745579794505,Amide-Pos-001079,"Nucleosides, nucleotides, and analogues",Purine nucleosides
Lpc(23:6),0.0213406854246018,27.198918899676986,0.5315726983360773,0.5999080450424674,0.8847897992367497,-5.831266118177448,C8-Neg-002622,Lipids and lipid-like molecules,Glycerophospholipids
"N,N-Dimethyl-Beta-Alanine Hcl",-0.04258885312250293,16.251940202582993,-0.528403496958265,0.6020717642919831,0.8847897992367497,-5.832883290757884,Amide-Pos-000235,Organic nitrogen compounds,Organonitrogen compounds
5-Methylcytosine,0.048115870472029705,24.7378632611864,0.5235025022496053,0.605425183415142,0.8859880732904516,-5.835365581691977,Amide-Pos-000296,Organoheterocyclic compounds,Diazines
"D-Myo-Inositol-1,2-Diphosphate",0.010969797730777636,14.125478695581647,0.20952532417810305,0.8360574127114777,0.9894170564632873,-5.837452321604465,Amide-Pos-001360,Organic oxygen compounds,Organooxygen compounds
Creatinine,-0.015184034050655599,15.656573322366373,-0.11371134305810242,0.910497928398118,0.9964296448375749,-5.837591656010575,Amide-Pos-000193,Organic acids and derivatives,Carboxylic acids and derivatives
3-Hydroxybutyrylcarnitine,-3.491417756255141e-4,20.95675641044423,-0.006192635698656575,0.9951203755821711,0.9984485373734159,-5.839624955415417,C18-Pos-001343,Lipids and lipid-like molecules,Fatty Acyls
L-Glutathione Oxidized Hexhydrate,-0.0181715887099931,23.28929853291021,-0.510317441705613,0.6144907098584174,0.8970667297203173,-5.841931531052796,C18-Pos-001845,Organic acids and derivatives,Carboxylic acids and derivatives
"1,3-Benzodioxolylbutanamine (Bdb)",0.013250280725314206,23.480866828051106,0.34858649274447706,0.7307135482406777,0.9448882089319108,-5.84256677498349,C18-Pos-000931,Organoheterocyclic compounds,Benzodioxoles
Triethanolamine,0.006754226135494622,18.799631088956204,0.5045396452228533,0.618483238761182,0.900358593170913,-5.844757213789193,Amide-Pos-000365,Organic nitrogen compounds,Organonitrogen compounds
Pc(9:0cho_26:1),-0.04314381535103298,17.974074207391617,-0.22138260813927446,0.8268364090429566,0.9894170564632873,-5.845455970448786,C8-Pos-004612,Lipids and lipid-like molecules,Glycerophospholipids
Xanthosine 5'-Monophosphate,-0.029960612553076558,22.694340750041206,-0.5027146541826134,0.6197468316326451,0.900358593170913,-5.845643205282962,Amide-Pos-001479,"Nucleosides, nucleotides, and analogues",Purine nucleotides
Pc(22:3cho_27:6),-0.047642834256797495,16.53015478842977,-0.4963600670777087,0.6241559489813684,0.9028139019639997,-5.848703709981577,C8-Pos-005692,Lipids and lipid-like molecules,Glycerophospholipids
Guanosine 5'-Diphospho-Α-D-Mannose,0.016116211710277932,24.142951866678153,0.307888325307935,0.7613507297520627,0.9497098500025731,-5.850222802190692,Amide-Pos-002017,"Nucleosides, nucleotides, and analogues",Purine nucleotides
Adenylyl(3'-5')Cytidine,-0.05257610314779319,16.269157944932378,-0.4869465695186238,0.6307138428384174,0.9040828239630658,-5.853167425870338,C18-Pos-001644,"Nucleosides, nucleotides, and analogues",(3'->5')-dinucleotides and analogues
N-Acetyl-1-Aspartylglutamic Acid,-0.021050565585979092,23.570668976193407,-0.38719809387095916,0.7026989615621475,0.9246038967922994,-5.853647530987946,C18-Pos-001811,Organic acids and derivatives,Carboxylic acids and derivatives
"(2s)-2-Hydroxy-3-[(Hydroxy{[(1s,2r,3r,4s,5s,6r)-2,3,4,5,6-Pentahydroxycyclohexyl]Oxy}Phosphoryl)Oxy]Propyl (12z)-12-Octadecenoate",-0.02588693610921712,17.546710453290096,-0.48552396407064446,0.6317076122703207,0.9040828239630658,-5.853834722547445,C8-Neg-002321,Lipids and lipid-like molecules,Glycerophospholipids
"N,N-Diethylethanolamine",-0.023671083785930386,21.26752965290816,-0.4838063338449645,0.6329084167303078,0.9040828239630658,-5.854637857610936,Amide-Pos-000240,Organic nitrogen compounds,Organonitrogen compounds
Vidarabine Phosphate,0.02201161870872278,22.627849160121098,0.4814695067752153,0.634543758134679,0.9040828239630658,-5.855726042127748,C18-Pos-002279,"Nucleosides, nucleotides, and analogues",Purine nucleotides
Pe(O-20:1_22:6),0.02849936739607738,23.609775663327422,0.4794432690676352,0.6359632828613517,0.9040828239630658,-5.856665417113083,C8-Pos-004759,Lipids and lipid-like molecules,Glycerophospholipids
Uridine 5'-Triphosphate Sodium Salt,-0.015477240250418235,21.403754021737416,-0.4778178778997051,0.6371030150618872,0.9040828239630658,-5.857416151629144,Amide-Neg-002149,"Nucleosides, nucleotides, and analogues",Pyrimidine nucleotides
Lpe 18:1,-0.024644656706561123,18.421449921725056,-0.47742535528120683,0.6373783908939614,0.9040828239630658,-5.85759707519487,C8-Pos-002045,Lipids and lipid-like molecules,Glycerophospholipids
Xawlprcylccvfp-Cvlifihmsa-N,-0.05736297060025981,19.092448950934145,-0.31656172944714567,0.7547013908787787,0.9497098500025731,-5.858291114968004,C8-Pos-001450,Lipids and lipid-like molecules,Prenol lipids
Guanosine 5'-Diphosphate (Gdp),-0.03580133188524612,23.22657976124057,-0.458035837908936,0.6512246891287878,0.9102303437437121,-5.858719419340078,Amide-Pos-001703,"Nucleosides, nucleotides, and analogues",Purine nucleotides
Pe(17:5cho_22:6),-0.016424611711338726,18.54481423538788,-0.0923149471403965,0.9276694154765778,0.9964296448375749,-5.858806968719044,C8-Pos-004333,Lipids and lipid-like molecules,Glycerophospholipids
Palmitic Acid,-0.016129257174714397,16.29288061675393,-0.4724693489201084,0.640859867388159,0.9040898852243352,-5.8598688867752955,C8-Pos-000342,Lipids and lipid-like molecules,Fatty Acyls
L-Pipecolinic Acid,-0.012553133364978377,22.20250742682454,-0.41328773325789414,0.6833964048569852,0.9229914195257372,-5.8602327361460045,Amide-Pos-000331,Organic acids and derivatives,Carboxylic acids and derivatives
Taurine,0.03330353604765276,16.93833571487413,0.4713801989447717,0.6416261006550759,0.9040898852243352,-5.860365033566347,Amide-Pos-000156,Organic acids and derivatives,Organic sulfonic acids and derivatives
D-Lysine,-0.010087495481465961,26.305587911042405,-0.4709855838816438,0.641903818509278,0.9040898852243352,-5.860544517780451,Amide-Pos-000316,Organic acids and derivatives,Carboxylic acids and derivatives
Pi(19:4_19:4),0.016939310999028505,21.506982926064563,0.3493435332436736,0.7300096045162405,0.9448882089319108,-5.864866539806956,C8-Pos-005132,Lipids and lipid-like molecules,Glycerophospholipids
"4-Hydroxy-6-[2-(2-Methyl-1,2,4a,5,6,7,8,8a-Octahydronaphthalen-1-Yl)Ethyl]Oxan-2-One",-0.016409111477496435,16.086474578621466,-0.4539244587981962,0.6539614017953623,0.9102303437437121,-5.868163456193692,C8-Pos-000612,Organoheterocyclic compounds,Lactones
4-Piperidinecarboxamide,-0.005865029950648189,23.205951288468516,-0.45091634644037143,0.656097441312503,0.9102303437437121,-5.869478166915125,Amide-Pos-000314,Organoheterocyclic compounds,Piperidines
Lpi(O-14:1),0.007306524158593631,20.90666072412088,0.44990518987390854,0.6568161298118934,0.9102303437437121,-5.869918170119179,C8-Neg-001716,Lipids and lipid-like molecules,Glycerophospholipids
Cytidine 5'-Diphosphate,-0.009383442736626203,19.315105557061194,-0.1557636030017443,0.8777807569367935,0.989883337268052,-5.869922661997437,Amide-Pos-001621,"Nucleosides, nucleotides, and analogues",Pyrimidine nucleotides
L-Glutathione Oxidized,0.021205492622203642,25.782303508839618,0.4498112746154719,0.656882898068379,0.9102303437437121,-5.869958987957946,C18-Pos-001837,Organic acids and derivatives,Carboxylic acids and derivatives
Oleoyl Ethanolamide,0.006224110608039183,16.403657535596174,0.1748697230841603,0.8627813323240494,0.989883337268052,-5.870006921941071,C8-Pos-000689,Organic nitrogen compounds,Organonitrogen compounds
5'-Cytidylic Acid,-1.7327094755168428e-4,20.868496266464646,-0.00123327704662448,0.9990288440377441,0.9990288440377441,-5.870424242009412,C18-Pos-002009,"Nucleosides, nucleotides, and analogues",Pyrimidine nucleotides
Pc(16:1cooh_23:3),-0.015404417713433864,17.45847043858711,-0.15794883571299337,0.8760809286911142,0.989883337268052,-5.871398104093938,C8-Pos-004801,Lipids and lipid-like molecules,Glycerophospholipids
2-Deoxyribose 5-Phosphate,-0.015467808142662565,21.376494741463414,-0.4448563744511574,0.6604096626752454,0.9130087502422747,-5.8721006353942204,Amide-Neg-001061,Organic oxygen compounds,Organooxygen compounds
L-Ascorbic Acid,0.0373236431836355,17.99479671764897,0.4238260906204099,0.6756300722598676,0.9203742609729015,-5.873302149478475,Amide-Neg-000729,Organoheterocyclic compounds,Dihydrofurans
Udp-Β-D-Glucose (Sodium Salt),0.03644865397185097,21.95161207489548,0.43261168527715255,0.6691594421620917,0.9203742609729015,-5.877293122622755,Amide-Pos-001947,"Nucleosides, nucleotides, and analogues",Pyrimidine nucleotides
1-Oleoyl-2-Myristoyl-Sn-Glycero-3-Phosphocholine,0.029376367456073246,20.277956254238713,0.4301681462618643,0.670911324252489,0.9203742609729015,-5.878312273409537,Amide-Pos-002228,Lipids and lipid-like molecules,Glycerophospholipids
Palmitoylcarnitine,-0.0404520366914998,19.113065961524953,-0.34864853421653064,0.7306676099990705,0.9448882089319108,-5.87890307549362,C8-Pos-001332,Lipids and lipid-like molecules,Fatty Acyls
Acetyl-L-Carnitine,0.02509658432760378,24.190306535820607,0.4259488580179593,0.6739407987815011,0.9203742609729015,-5.8800586833010735,Amide-Pos-000754,Lipids and lipid-like molecules,Fatty Acyls
L(+)-Ornithine,0.009257427014008826,33.664814276825474,0.07654003901418485,0.9397139777092316,0.9964296448375749,-5.881230234340986,Amide-Pos-000376,Organic acids and derivatives,Carboxylic acids and derivatives
Ps(22:3_24:7),-0.007141813356771362,21.313045364434334,-0.42242526111739903,0.6764750818150826,0.9203742609729015,-5.881504158369241,C8-Neg-003619,Lipids and lipid-like molecules,Glycerophospholipids
Docosanamide,-0.010458305854913431,21.329518121718134,-0.41774211619460916,0.6798493857193209,0.9228724693022455,-5.883407017284255,C8-Pos-000820,Lipids and lipid-like molecules,Fatty Acyls
N-Acetylalanine,0.021228651528274408,22.59020842644813,0.2721333944006699,0.7880570731668801,0.9689226309428854,-5.887385255391194,Amide-Neg-000318,Organic acids and derivatives,Carboxylic acids and derivatives
Ps(23:4_21:5),-0.017984585145626404,16.99489886882164,-0.25678867868539373,0.7996250113654193,0.9751524528846577,-5.889715863043709,C8-Neg-003546,Lipids and lipid-like molecules,Glycerophospholipids
"2,3-Dihydroxypropyl 13-Methyltetradecanoate",0.007177730497049901,17.414662227600527,0.40103201187265725,0.6919446253953141,0.9229914195257372,-5.890026361080097,C8-Pos-000764,Lipids and lipid-like molecules,Glycerolipids
I-Inositol,0.024432538649782627,18.45675128552039,0.3980366810293693,0.6941217075063968,0.9229914195257372,-5.89118474989694,Amide-Neg-000766,Organic oxygen compounds,Organooxygen compounds
Pc(30:8_11:3cooh),0.011915838630553767,21.75612800224696,0.3976359494121901,0.6944131735724037,0.9229914195257372,-5.89133907601185,C8-Neg-003628,Lipids and lipid-like molecules,Glycerophospholipids
Pc(20:2_21:4),0.001301644633924889,17.623318508540944,0.03739386607323152,0.9705082001480826,0.9964296448375749,-5.891863421659807,C8-Neg-003571,Lipids and lipid-like molecules,Glycerophospholipids
Pc(11:2cho_11:2),0.023081998589993907,20.52899043243021,0.3938531563264417,0.6971668936467694,0.9229914195257372,-5.892788317054023,C8-Pos-002985,Lipids and lipid-like molecules,Glycerophospholipids
Indole-3-Carboxaldehyde,0.023968751748741173,19.71028826066134,0.3900562513531082,0.6999351598070174,0.9229914195257372,-5.894229223679011,C18-Pos-000538,Organoheterocyclic compounds,Indoles and derivatives
"All-Cis-4,7,10,13,16-Docosapentaenoic Acid",-0.038690970267270544,17.82054827775451,-0.38167007702803424,0.7060643930842987,0.9269992031741339,-5.897362926956647,C8-Neg-000540,Lipids and lipid-like molecules,Fatty Acyls
Triethyleneglycol Bis(2-Ethylhexanoate),-0.009521887038420142,15.32664689823688,-0.3310605816726539,0.743731266908148,0.9497098500025731,-5.898791700125595,C8-Pos-001521,Lipids and lipid-like molecules,Fatty Acyls
"[2,2'-Biquinoline]-4,4'-Dicarboxylic Acid",-0.03960782953567848,14.606736762305081,-0.2596510396206789,0.7975472966261167,0.9745995478119552,-5.901717897801245,Amide-Pos-001385,Organoheterocyclic compounds,Quinolines and derivatives
Pe(O-26:3_7:0),0.019081432266831747,17.546165351697585,0.3692870245275097,0.7151519317680611,0.9368802599581586,-5.901867197853946,C8-Pos-003685,Lipids and lipid-like molecules,Glycerophospholipids
"2,5-Bis(5-Tert-Butyl-Benzoxazol-2-Yl)Thiophene",0.005566426690703999,18.063880612019336,0.02388764196257453,0.9811677599754884,0.9964296448375749,-5.902172209439869,C8-Pos-001637,Organoheterocyclic compounds,Benzoxazoles
L-2-Aminoadipic Acid,-0.010964949989993972,24.147198587378288,-0.1600921878741041,0.8743383298274577,0.989883337268052,-5.9030779684151895,Amide-Pos-000447,Organic acids and derivatives,Carboxylic acids and derivatives
3-Ketocarbofuran,0.04403187788183459,17.207697122992784,0.30948546516169223,0.7600021362764517,0.9497098500025731,-5.904801900355382,Amide-Pos-001016,Organoheterocyclic compounds,Benzofurans
L-Lysine,0.0242852856362124,23.756432634449652,0.3544587325755188,0.7260906145709404,0.9448882089319108,-5.9070677644189855,Amide-Neg-000484,Organic acids and derivatives,Carboxylic acids and derivatives
"N6,N6,N6-Trimethyl-L-Lysine",-0.035162655743520954,15.872244253649683,-0.23705284899223336,0.814809207778648,0.9861230969183458,-5.9071661440335195,Amide-Pos-000686,Organic acids and derivatives,Carboxylic acids and derivatives
D-(+)-Arabitol,-0.011630350813188197,17.14202661358024,-0.35127200142114884,0.7284493064798339,0.9448882089319108,-5.908157904505704,Amide-Neg-000527,Organic oxygen compounds,Organooxygen compounds
Pg(O-29:8_21:6),-0.024022971957335985,19.544626760944897,-0.17111454276095872,0.8659428260224972,0.989883337268052,-5.910350487940296,C8-Pos-005548,Lipids and lipid-like molecules,Glycerophospholipids
Citrulline,-0.017802371128903583,22.498202667052244,-0.3442172728502554,0.7336806451077684,0.9466847033648624,-5.91053659076536,Amide-Pos-000621,Organic acids and derivatives,Carboxylic acids and derivatives
Opeo,-0.010686052221209394,17.06421735331627,-0.2897979729784965,0.7746844818422951,0.9583725548564476,-5.911237227831847,C8-Pos-000208,Benzenoids,Benzene and substituted derivatives
L-Ornithine,-0.004245552498355973,19.43728617813636,-0.3402612591694407,0.7366199581953821,0.9484377144146551,-5.911849567421187,Amide-Neg-000344,Organic acids and derivatives,Carboxylic acids and derivatives
Dihydroxyacetone Phosphate,-0.009679404762165616,20.204954092293722,-0.3376703217576873,0.7385472483296736,0.9488829742993664,-5.9127013425680355,Amide-Neg-000658,Organic oxygen compounds,Organooxygen compounds
N6-Succinyladenosine; Lc-Tdda; Ce10,0.011250672454549937,17.581476683051502,0.3269444931981061,0.7465442193236798,0.9497098500025731,-5.916158890575017,C18-Pos-002703,"Nucleosides, nucleotides, and analogues",Purine nucleosides
2-Methylsuccinic Acid,0.06621773781763401,18.617828651026013,0.32619948388257536,0.747100775729982,0.9497098500025731,-5.916394944369256,Amide-Neg-000333,Lipids and lipid-like molecules,Fatty Acyls
Trans-3-Indoleacrylic Acid,-0.014909590390240451,18.04314149064881,-0.3258393942300351,0.7473698296567833,0.9497098500025731,-5.9165088463839774,Amide-Pos-000658,Organoheterocyclic compounds,Indoles and derivatives
1-Stearoyl-2-Hydroxy-Sn-Glycero-3-Phosphoethanolamine,0.013885240594600674,24.10200820990064,0.3225990282363363,0.7497924547140183,0.9497098500025731,-5.917528217861694,C18-Neg-002092,Lipids and lipid-like molecules,Glycerophospholipids
Pc(28:1_21:0cooh),0.028116813854146407,17.59911516777487,0.26419931858526396,0.7940854868635153,0.9723495757512433,-5.918133366981942,C8-Pos-005741,Lipids and lipid-like molecules,Glycerophospholipids
"1,2-Dipentadecanoyl-Sn-Glycero-3-Phosphocholine",-0.007435262912088634,19.21434371525549,-0.31665579774265284,0.7542426610700959,0.9497098500025731,-5.919371631692261,Amide-Pos-002176,Lipids and lipid-like molecules,Glycerophospholipids
D-(+)-Tryptophan,-0.002557619707835163,26.03536607852821,-0.09515182546230978,0.9250183723662808,0.9964296448375749,-5.919516231068302,C18-Pos-001015,Organoheterocyclic compounds,Indoles and derivatives
Monolaurin,-0.007477791930548662,21.04891305677284,-0.0884132620573464,0.9303135324432713,0.9964296448375749,-5.920116115835785,C8-Pos-000245,Lipids and lipid-like molecules,Glycerolipids
Ppg N5,0.014279547515714497,23.03403445079477,0.3130599702534338,0.7569393971578805,0.9497098500025731,-5.9204704548918645,C18-Pos-001870,Organic oxygen compounds,Organooxygen compounds
Penicillin G,0.010492686540603728,19.616712353069488,0.309146539390243,0.7598779038071846,0.9497098500025731,-5.921652194230669,C8-Pos-000768,Organic acids and derivatives,Carboxylic acids and derivatives
Hex1cer(D24:2_12:0),-0.019855422242264595,19.073551240251874,-0.18048998059983135,0.8584201873837942,0.989883337268052,-5.922082250675507,C8-Pos-004241,Lipids and lipid-like molecules,Sphingolipids
Gdp-L-Fucose,-0.03323513571994006,24.260411401898256,-0.3075449654447157,0.761081556115131,0.9497098500025731,-5.922131571312973,Amide-Pos-001983,"Nucleosides, nucleotides, and analogues",Purine nucleotides
"6-Chloro-5-Methyl-1h-1,2,3-Benzotriazole",0.0069259882336722995,15.933017970004407,0.05274778181211845,0.9584088992605366,0.9964296448375749,-5.922467649494416,Amide-Neg-000647,Organoheterocyclic compounds,Benzotriazoles
"2-(2h-Benzotriazol-2-Yl)-4,6-Bis(1-Methyl-1-Phenylethyl)Phenol",0.016878614300002988,20.44918878136063,0.3023431833709421,0.7649951508288613,0.9522761213637277,-5.923671514020063,C8-Pos-001809,Phenylpropanoids and polyketides,Diarylheptanoids
Pc(14:1_28:3),-0.012741314789657949,16.789686012521987,-0.2937457352868984,0.7714774634166405,0.9583570974119757,-5.926159583085595,C8-Pos-005214,Lipids and lipid-like molecules,Glycerophospholipids
Gly-Met-Arg,0.026870130831112626,17.032353621320393,0.28988496509724515,0.774393973363255,0.9583725548564476,-5.927253702429502,C8-Pos-001359,Organic acids and derivatives,Carboxylic acids and derivatives
Glutathionesulfonic Acid,0.01391349804739183,23.16199652027606,0.285631436016818,0.7776111054011506,0.9600137103717908,-5.928442491609083,Amide-Pos-001446,Organic acids and derivatives,Carboxylic acids and derivatives
Cyclohexylamine,-0.012340424869027426,24.541715013952768,-0.16597522136924459,0.8696267843382577,0.989883337268052,-5.931336035530664,Amide-Pos-000085,Organic nitrogen compounds,Organonitrogen compounds
"7(Z),10(Z),13(Z),16(Z)-Docosatetraenoic Acid",-0.003747787555260331,24.319180633953444,-0.274511545079171,0.786040612356634,0.9684278591662843,-5.931467875141904,C8-Neg-000556,Lipids and lipid-like molecules,Fatty Acyls
Gly-Asp,-0.013050386090709956,15.09713458760034,-0.2689733304380475,0.7902489380410587,0.9696305988233849,-5.932930143033266,Amide-Pos-000690,Organic acids and derivatives,Carboxylic acids and derivatives
Pc(9:0_28:7),-0.016703200835385953,26.2428910583317,-0.2515414548512948,0.8035368555563249,0.9760469343860085,-5.937339374628347,C8-Pos-004628,Lipids and lipid-like molecules,Glycerophospholipids
2-Furoic Acid,-0.004102426079991513,23.401479812872726,-0.251443137971169,0.8036119759778138,0.9760469343860085,-5.937363410291092,Amide-Neg-000149,Organoheterocyclic compounds,Furans
D-Glucose 6-Phosphate,0.009629649652058788,20.469423679897783,0.23631280311568734,0.8151950934524992,0.9861230969183458,-5.94095094244258,Amide-Neg-001431,Organic oxygen compounds,Organooxygen compounds
Tg(28:6_14:3cho),-0.007308587748043173,21.7852236632108,-0.07646115946417291,0.9397134285960379,0.9964296448375749,-5.941888830749937,C8-Pos-003929,Lipids and lipid-like molecules,Glycerolipids
Chalcone,-0.0154798915689573,19.854258284314493,-0.23063627577515497,0.8195520552239279,0.9883954596636687,-5.942239765535954,C8-Pos-000022,Phenylpropanoids and polyketides,"Linear 1,3-diarylpropanoids"
Ps(22:0_22:4),-0.009944436736454974,21.437949694061214,-0.22957377347767852,0.8203682315208449,0.9883954596636687,-5.942477535609942,C8-Neg-003577,Lipids and lipid-like molecules,Glycerophospholipids
"1,3,5-Tris(3,5-Di-Tert-Butyl-4-Hydroxybenzyl)-1,3,5-Triazine-2,4,6(1h,3h,5h)-Trione",0.010125958205247282,24.188006754131038,0.0725481955615262,0.942792849035633,0.9964296448375749,-5.943714853542398,C8-Pos-004362,Benzenoids,Benzene and substituted derivatives
Acetyltributyl Citrate,5.893829154492951e-4,16.04303739191941,0.02241965598360359,0.9823065695655018,0.9964296448375749,-5.944488932108229,C18-Pos-002968,Organic acids and derivatives,Carboxylic acids and derivatives
Uridine Monophosphate,-0.003089947993163777,19.21632448794187,-0.04615341479380959,0.9635863645079705,0.9964296448375749,-5.945239648518418,C18-Pos-002017,"Nucleosides, nucleotides, and analogues",Pyrimidine nucleotides
Pi(O-5:0_21:0),-0.009349315966935653,26.322604916848434,-0.21610829062238301,0.8307295606409512,0.9894170564632873,-5.94539617656638,C8-Neg-003063,Lipids and lipid-like molecules,Glycerophospholipids
Pc(O-24:5_10:0),-0.013370298406636468,23.77761547844457,-0.2153799876266523,0.8312908818980715,0.9894170564632873,-5.945549030061622,C8-Pos-003944,Lipids and lipid-like molecules,Glycerophospholipids
Pc(19:1_15:0),-0.0021685304400801205,20.949922124943768,-0.03851263548638612,0.9696112884319219,0.9964296448375749,-5.94555451165201,C8-Pos-004340,Lipids and lipid-like molecules,Glycerophospholipids
L-Threonine,-0.03259675844857956,15.638450651514049,-0.21243169839213966,0.8335641342287159,0.9894170564632873,-5.946162554897942,Amide-Pos-000255,Organic acids and derivatives,Carboxylic acids and derivatives
Pc(36:6_13:4cooh),-0.005971144664897473,20.788515020734046,-0.21024866084326277,0.8352483012437677,0.9894170564632873,-5.9466114074336085,C8-Pos-005755,Lipids and lipid-like molecules,Glycerophospholipids
Thiamine,0.006277616319187556,19.39852123062748,0.20422451260880592,0.8398999493862861,0.989883337268052,-5.947826069178879,Amide-Pos-001056,Organoheterocyclic compounds,Diazines
Glycine,-0.012304766727823147,18.323511091278213,-0.20009524214624783,0.8430918854313307,0.989883337268052,-5.948638341430886,Amide-Neg-000011,Organic acids and derivatives,Carboxylic acids and derivatives
Lpe 38:6,-0.03206825678352065,17.78181992180986,-0.19177906326006466,0.8495285837094189,0.989883337268052,-5.9502240424931125,C8-Pos-004035,Lipids and lipid-like molecules,Glycerophospholipids
"2-[{[(1s,4s,6s)-4-({5-[4-(Dimethylamino)Phenyl]-1,3,4-Oxadiazol-2-Yl}Methyl)-6-Isopropyl-3-Methyl-2-Cyclohexen-1-Yl]Methyl}(Methyl)Amino]Ethanol",-0.004907413284370079,21.772636080682428,-0.19123520489791102,0.8499499055871842,0.989883337268052,-5.950325406741063,C8-Pos-001592,Lipids and lipid-like molecules,Prenol lipids
Pe 18:0_24:5,-0.005535686784506896,29.011150134498223,-0.18998984901666108,0.8509148423675039,0.989883337268052,-5.950556435219218,C8-Pos-004731,Lipids and lipid-like molecules,Glycerophospholipids
2-Oleoyl-1-Stearoyl-Sn-Glycero-3-Phosphoserine,0.0067204920334383135,16.87665828072061,0.1881870067978505,0.8523121556157865,0.989883337268052,-5.950888218420482,Amide-Neg-002264,Lipids and lipid-like molecules,Glycerophospholipids
Geranyllinalool,-0.005419522706471917,20.269567908229856,-0.1753741189407619,0.8623897519046487,0.989883337268052,-5.950930403413515,C8-Pos-000337,Lipids and lipid-like molecules,Prenol lipids
Guanosine,-0.005960159105230234,26.054315701558952,-0.17466783928609703,0.8628057408400063,0.989883337268052,-5.953275690649854,C18-Pos-001618,"Nucleosides, nucleotides, and analogues",Purine nucleosides
Tetradecanoyl-L-Carnitine,-0.009257817607860696,20.518270703229483,-0.17108702834446513,0.8655895709880426,0.989883337268052,-5.95387833935012,Amide-Pos-001508,Lipids and lipid-like molecules,Fatty Acyls
Dg(3:0_15:0),-0.0033075299942865507,22.96159974196248,-0.1679536421878333,0.8680270169834602,0.989883337268052,-5.954395472492191,C8-Pos-001241,Lipids and lipid-like molecules,Glycerolipids
Midazolam,-0.002992621186676619,17.909233304280303,-0.16655876073117817,0.8691125194076955,0.989883337268052,-5.95462261629045,C8-Pos-000682,Organoheterocyclic compounds,Benzodiazepines
Cocamidopropyl Betaine,-0.008352195024148733,22.485842216390708,-0.16038580009873743,0.8739194637443888,0.989883337268052,-5.955605139641905,C18-Pos-002221,Organic acids and derivatives,Carboxylic acids and derivatives
Methyl Dihydrogen Phosphate,-0.005624668427777369,17.708060207325516,-0.1579686274858618,0.8758030996541766,0.989883337268052,-5.955979785236088,C18-Neg-000020,Organic acids and derivatives,Organic phosphoric acids and derivatives
Tg(5:0_15:0cho_28:3),-0.010408919529928758,22.138462340782795,-0.15233614183536143,0.8801952256080612,0.989883337268052,-5.9568307563711596,C8-Pos-004667,Lipids and lipid-like molecules,Glycerolipids
Pe(O-14:0_32:0),-0.0027551771619752437,18.824639751413667,-0.15188879161742347,0.8805442324932382,0.989883337268052,-5.95689702177729,C8-Pos-005110,Lipids and lipid-like molecules,Glycerophospholipids
Vitamin D3,-0.00406331392735851,23.956055354033825,-0.14520967189356698,0.8857579423037183,0.989883337268052,-5.957863260500887,C8-Pos-001060,Lipids and lipid-like molecules,Steroids and steroid derivatives
Hexanoylcarnitine,0.004701661538955359,26.63723187960276,0.14308399866966437,0.8874183550997022,0.989883337268052,-5.958161676016059,Amide-Pos-001033,Lipids and lipid-like molecules,Fatty Acyls
Cytidine-5'-Monophospho-N-Acetylneuraminic Acid,-0.0062361750794466386,24.588685498235854,-0.14298262762631464,0.8874975515725266,0.989883337268052,-5.958175797393943,Amide-Neg-002218,"Nucleosides, nucleotides, and analogues",Pyrimidine nucleotides
"1,2-Dieicosenoyl-Sn-Glycero-3-Phosphocholine",-0.004424898505261531,20.023964423116812,-0.14278491542355262,0.8876520183408865,0.989883337268052,-5.95820331072426,C8-Pos-004898,Lipids and lipid-like molecules,Glycerophospholipids
"2-(6-Hydroxy-1-Methyl-2-Methylidene-9-Propan-2-Yl-5-Oxatricyclo[5.4.0.03,8]Undecan-4-Yl)Acetic Acid",0.0023542216631824617,26.809863756800905,0.14074603716389414,0.8892451979791333,0.989883337268052,-5.958484821266854,C18-Neg-000965,Lipids and lipid-like molecules,Prenol lipids
(2r)-3-Hydroxyisovaleroylcarnitine,-0.014998926656248916,22.15211507015044,-0.13591824278214631,0.8930195222615487,0.989888000217068,-5.959135285108977,C18-Pos-001425,Lipids and lipid-like molecules,Fatty Acyls
Oahfa(15:1_27:4),-0.01073647246352875,17.02698320307487,-0.13455039915341863,0.8940893622690941,0.989888000217068,-5.959315458680046,C8-Neg-002972,Lipids and lipid-like molecules,Fatty acyls
1-Stearoyl-2-Oleoyl-Sn-Glycero-3-Phosphoethanolamine,0.0022958622397040588,16.902327078549174,0.1316697748453592,0.8963430706807275,0.9904343322438979,-5.959688946322023,Amide-Pos-002257,Lipids and lipid-like molecules,Glycerophospholipids
1-Β-D-Arabinofuranosyluracil 5'-Monophosphate,-0.02113748048370434,17.48687130168351,-0.12178130344981325,0.9040861478725528,0.9959047673712716,-5.960909630881495,C18-Neg-001407,"Nucleosides, nucleotides, and analogues",Pyrimidine nucleotides
Limonin,0.009091082480886827,21.349889378765884,0.11930536412170305,0.9060264603520356,0.9959047673712716,-5.9612003832078955,C8-Pos-002093,Lipids and lipid-like molecules,Prenol lipids
1h-Imidazole-1-Acetic Acid,0.015790148625697383,22.515868566616465,0.11899038997345329,0.9062733383078572,0.9959047673712716,-5.961236943334151,Amide-Pos-000303,Organic acids and derivatives,Carboxylic acids and derivatives
Pe 20:2_20:2,0.010737831092980241,21.99159874020512,0.1148762845915762,0.9094988653765335,0.9964296448375749,-5.9617056166265465,C8-Pos-004303,Lipids and lipid-like molecules,Glycerophospholipids
Cystathionine,-0.007332500019047972,18.395969751049037,-0.10801811826551055,0.9148792829723937,0.9964296448375749,-5.962450275896105,Amide-Pos-000836,Organic acids and derivatives,Carboxylic acids and derivatives
Arachidonic Acid,0.0029302975486834495,18.77772156320749,0.10781423285065479,0.9150393014449827,0.9964296448375749,-5.96247171310594,C8-Neg-000422,Lipids and lipid-like molecules,Fatty Acyls
1-(1z-Octadecenyl)-2-(9z-Octadecenoyl)-Sn-Glycero-3-Phosphocholine,0.011149143750984197,22.586707433317407,0.10214567203267894,0.9194896856432049,0.9964296448375749,-5.963051524324144,C8-Pos-004250,Lipids and lipid-like molecules,Glycerophospholipids
Lubiprostone,0.00999368372163548,21.7615025035731,0.09753291062314486,0.9231131495984256,0.9964296448375749,-5.963500259621422,C8-Pos-001400,Lipids and lipid-like molecules,Fatty Acyls
N-Methyl-D-Glucamine,0.006394657579403118,22.389045158837227,0.09697995287180756,0.9235476302062754,0.9964296448375749,-5.963552661629883,Amide-Pos-000715,Organic oxygen compounds,Organooxygen compounds
Ophthalmate,0.003905669353919042,16.08231542279881,0.0894301731280895,0.929482157665359,0.9964296448375749,-5.964238348791348,Amide-Pos-001163,Organic acids and derivatives,Carboxylic acids and derivatives
"Cytidine 2',3'-Cyclic Monophosphoric Acid",-0.004068743958698704,19.956579850031066,-0.08574104360812268,0.9323835489179155,0.9964296448375749,-5.964553216882856,Amide-Pos-001218,"Nucleosides, nucleotides, and analogues",Pyrimidine nucleotides
D-Asparagine,0.006195642281174491,22.130938941189466,0.08548052474202032,0.9325884759113745,0.9964296448375749,-5.964574951215112,Amide-Neg-000331,Organic acids and derivatives,Carboxylic acids and derivatives
Xanthosine,-0.001098836899306408,30.8930086105761,-0.08281686737745277,0.934684008130564,0.9964296448375749,-5.964793379633889,C18-Neg-001023,"Nucleosides, nucleotides, and analogues",Purine nucleosides
Piperine,-0.0014468857696131748,18.10192274218392,-0.0823976394527244,0.9350138641708474,0.9964296448375749,-5.9648271283114385,C8-Pos-000414,Alkaloids and derivatives,NA
D-Mannose,-0.001591440689242582,18.786892550991475,-0.08114095878314252,0.9360027138883857,0.9964296448375749,-5.964927267998199,Amide-Neg-001092,Organic oxygen compounds,Organooxygen compounds
"D-Fructose-1,6-Bisphosphate",0.003822006932554196,24.05275345630372,0.0765446164320348,0.9396203397750629,0.9964296448375749,-5.965280430279433,Amide-Neg-001873,Organic oxygen compounds,Organooxygen compounds
Ps(18:3_24:4),-0.0033022508005024474,20.7313517695496,-0.07249928024703975,0.9428053867822613,0.9964296448375749,-5.965574230132387,C8-Pos-005046,Lipids and lipid-like molecules,Glycerophospholipids
Asp-Asp,0.00266578459443706,19.302998122820924,0.06939465025556091,0.945250442768854,0.9964296448375749,-5.965788897717425,Amide-Pos-000987,Organic acids and derivatives,Carboxylic acids and derivatives
Pc(11:1_29:4),0.0025391832875614074,17.5958692269771,0.06765954966936644,0.9466171643976838,0.9964296448375749,-5.965904779812461,C8-Pos-005020,Lipids and lipid-like molecules,Glycerophospholipids
Cytidine 5'-Diphosphocholine,-0.0032731610692980475,22.923544806231664,-0.06668522091568856,0.947384707093431,0.9964296448375749,-5.96596856637045,Amide-Pos-001779,"Nucleosides, nucleotides, and analogues",Pyrimidine nucleotides
Oleoyl-L-Carnitine,0.0027618960103296952,16.284893588803236,0.04688305425270264,0.9630111377737405,0.9964296448375749,-5.966023349791523,C18-Pos-003241,Lipids and lipid-like molecules,Fatty Acyls
Ps 22:4_22:5,0.0021936777802575827,21.74466195236746,0.05628907519880755,0.9555775154358468,0.9964296448375749,-5.966591588041616,C8-Pos-005189,Lipids and lipid-like molecules,Glycerophospholipids
S-4-(2-Oxo-Butyl)Glutathione,-0.001977741143698496,16.321648509897138,-0.05491904376082561,0.956657577611294,0.9964296448375749,-5.966665838177384,C18-Pos-002636,Organic acids and derivatives,Carboxylic acids and derivatives
L-Kynurenine,-0.0018983313700881674,21.265575851812184,-0.042232719198571814,0.9666625674515894,0.9964296448375749,-5.967266500042997,C18-Pos-001046,Organic oxygen compounds,Organooxygen compounds
Pc(15:2cho_22:2),0.0011495932209910225,14.04849506292297,0.04175285729504014,0.967041127674042,0.9964296448375749,-5.967286141639752,C8-Pos-004614,Lipids and lipid-like molecules,Glycerophospholipids
1-Myristoyl-Sn-Glycero-3-Phosphocholine,0.0018446578088872933,25.655251031300047,0.0359952751246557,0.9715838404022681,0.9964296448375749,-5.967504309422925,Amide-Pos-001743,Lipids and lipid-like molecules,Glycerophospholipids
2-Oleoyl-1-Palmitoyl-Sn-Glycero-3-Phosphocholine,0.001848177036693383,18.95712464640971,0.030092554607482166,0.9762420835545779,0.9964296448375749,-5.967694435761532,Amide-Pos-002276,Lipids and lipid-like molecules,Glycerophospholipids
Cysteinylglycine,-0.0015719578872864554,17.897387738462033,-0.026028327366249035,0.9794499563403893,0.9964296448375749,-5.967805603045662,Amide-Pos-000635,Organic acids and derivatives,Carboxylic acids and derivatives
Lpc(14:0),-4.0440173002924526e-4,24.75930721068605,-0.02530085673154267,0.9800241839065573,0.9964296448375749,-5.967823802438918,C8-Neg-001710,Lipids and lipid-like molecules,Glycerophospholipids
Pc(20:0_22:5),-6.934176051048354e-4,20.461133499757963,-0.019245162038499,0.9848046323144698,0.9964296448375749,-5.96795528038323,C8-Pos-005193,Lipids and lipid-like molecules,Glycerophospholipids
Tg(11:0_9:2cho_26:8),-4.5168747006965344e-4,22.75079088246177,-0.013780849444721471,0.9891187388029236,0.9984485373734159,-5.968043238523065,C8-Pos-004421,Lipids and lipid-like molecules,Glycerolipids
"1-Hexadecanoyl-2-(5z,8z,11z,14z-Eicosatetraenoyl)-Sn-Glycero-3-Phosphocholine",3.4583949196204165e-4,17.65418690938901,0.009463251875027251,0.9925277531015535,0.9984485373734159,-5.968092153516219,C8-Pos-004336,Lipids and lipid-like molecules,Glycerophospholipids
Hypotaurine,-2.3084708977968402e-4,16.83470560791983,-0.007183679635150607,0.9943276812008865,0.9984485373734159,-5.968110649437169,Amide-Pos-000072,Organic acids and derivatives,Sulfinic acids and derivatives
Adenosine 3'5'-Cyclic Monophosphate,-0.0021234178711822594,16.914528110579607,-0.006819740654045133,0.9946150469803199,0.9984485373734159,-5.968113133436766,C18-Pos-002092,"Nucleosides, nucleotides, and analogues",Purine nucleotides
Pc(19:5cooh_25:8),1.0123306689766557e-4,23.447758833895033,0.0038650813977398318,0.9969480663744941,0.9986124204085083,-5.968128520788204,C8-Neg-003610,Lipids and lipid-like molecules,Glycerophospholipids
