"Compound.ID","Name","Formula","Molecular.Weight","Best.Match","Library.Name","Library.ID","Annot.DeltaMass[ppm]","m/z","RT[min]","Background","Reference.Ion","Smiles","InChiKey","Super.Class","Class","Sub.Class","Pathways","CID","CHEBI","HMDB","KEGG","CAS","mean_value","std_dev","percent_RSD","highest_intensity","median_intensity","LC_column","ionization","same_column"
"C8-Pos-000489","(+/-)8-HEPE","C20 H30 O3",318.21949,68.9,"mzCloud",9752,-0.66,319.22647,4.469,FALSE,"[M+H]+1","CCC=CCC=CCC=CC=CC(CC=CCCCC(=O)O)O","WLOUCHKFBGGNEB-GXIKJMEPSA-N","Lipids and lipid-like molecules","Fatty Acyls","Eicosanoids",NA,16061128,"CHEBI:157747",NA,NA,"99217-77-3",465570.156616956,224816.509710271,48.2884279662361,1198661.46328551,432975.306947572,"C8","Pos",0
"C8-Pos-000617","(+/-)8-HEPE","C20 H30 O3",318.21949,68.9,"mzCloud",9752,-0.06,319.22643,4.682,FALSE,"[M+H]+1","CCC=CCC=CCC=CC=CC(CC=CCCCC(=O)O)O","WLOUCHKFBGGNEB-GXIKJMEPSA-N","Lipids and lipid-like molecules","Fatty Acyls","Eicosanoids",NA,16061128,"CHEBI:157747",NA,NA,"99217-77-3",206209.580182239,103996.6918253,50.4325219678892,432540.821691591,172785.734825737,"C8","Pos",0
"C18-Neg-000188","(+/-)9,10-dihydroxy-12Z-octadecenoic acid","C18 H34 O4",314.24571,68,"mzCloud",9799,-0.48,313.23828,18.307,FALSE,"[M-H]-1","CCCCCC=CCC(C(CCCCCCCC(=O)O)O)O","XEBKSQSGNGRGDW-XKJZPFPASA-N","Lipids and lipid-like molecules","Fatty Acyls","Fatty acids and conjugates",NA,25320856,NA,NA,NA,NA,194073.587663672,348489.455492321,179.565627496025,716753.509639381,22793.8971498665,"C18","Neg",0
"C18-Neg-000208","(+/-)9,10-dihydroxy-12Z-octadecenoic acid","C18 H34 O4",314.24571,68,"mzCloud",9799,-0.19,313.23837,18.496,FALSE,"[M-H]-1","CCCCCC=CCC(C(CCCCCCCC(=O)O)O)O","XEBKSQSGNGRGDW-XKJZPFPASA-N","Lipids and lipid-like molecules","Fatty Acyls","Fatty acids and conjugates",NA,25320856,NA,NA,NA,NA,166118.305367454,209704.887210853,126.238277441481,314402.053162208,166118.305367454,"C18","Neg",0
"Amide-Neg-000402","(2R)-2,3-Dihydroxypropanoic acid","C3 H6 O4",106.02661,82.2,"mzCloud",394,-1.22,105.01919,9.333,FALSE,"[M-H]-1","C(C(C(=O)O)O)O","RBNPOMFGQQGHHO-UWTATZPHSA-N","Organic oxygen compounds","Organooxygen compounds","Carbohydrates and carbohydrate conjugates","kegg:map00561;reactome:R-HSA-5652084;reactome:R-HSA-70350;wiki:WP4039;wiki:WP5166;wiki:WP5178",439194,"CHEBI:32398","HMDB0000139","C00258","6000-40-4",708033.1127332,415646.259434007,58.7043532229021,1728136.25811666,594946.018438372,"Amide","Neg",0
"Amide-Neg-000426","(2R)-2,3-Dihydroxypropanoic acid","C3 H6 O4",106.02661,82.2,"mzCloud",394,-1.09,105.01921,8.834,FALSE,"[M-H]-1","C(C(C(=O)O)O)O","RBNPOMFGQQGHHO-UWTATZPHSA-N","Organic oxygen compounds","Organooxygen compounds","Carbohydrates and carbohydrate conjugates","kegg:map00561;reactome:R-HSA-5652084;reactome:R-HSA-70350;wiki:WP4039;wiki:WP5166;wiki:WP5178",439194,"CHEBI:32398","HMDB0000139","C00258","6000-40-4",441735.143803413,315985.845038344,71.5328742734059,1456920.34789304,337323.772207185,"Amide","Neg",0
"Amide-Pos-000436","(2R)-3-Hydroxyisovaleroylcarnitine","C12 H23 N O5",261.15762,83.8,"NIST23",9413,-1.12,262.16461,10.448,FALSE,"[M+H]+1","CC(C)(O)CC(=O)O[C@H](CC(=O)[O-])C[N+](C)(C)C","IGLHHSKNBDXCEY-SECBINFHSA-N","Lipids and lipid-like molecules","Fatty Acyls","Fatty acid esters",NA,131668011,NA,"HMDB0061189",NA,"99159-87-2",742144.304688071,401479.446105197,54.0972211966165,1768376.69111651,610763.804807947,"Amide","Pos",1
"C18-Pos-000179","(2R)-3-Hydroxyisovaleroylcarnitine","C12 H23 N O5",261.15762,82.3,"NIST23",9413,-1,262.16464,3.259,FALSE,"[M+H]+1","CC(C)(O)CC(=O)O[C@H](CC(=O)[O-])C[N+](C)(C)C","IGLHHSKNBDXCEY-SECBINFHSA-N","Lipids and lipid-like molecules","Fatty Acyls","Fatty acid esters",NA,131668011,NA,"HMDB0061189",NA,"99159-87-2",2428552.81633956,1156687.86369064,47.628688818638,4936316.1128218,2139733.22632899,"C18","Pos",1
"C18-Pos-000206","(2R)-3-Hydroxyisovaleroylcarnitine","C12 H23 N O5",261.15762,82.3,"NIST23",9413,-1.07,262.16462,3.591,FALSE,"[M+H]+1","CC(C)(O)CC(=O)O[C@H](CC(=O)[O-])C[N+](C)(C)C","IGLHHSKNBDXCEY-SECBINFHSA-N","Lipids and lipid-like molecules","Fatty Acyls","Fatty acid esters",NA,131668011,NA,"HMDB0061189",NA,"99159-87-2",2503922.88939927,597233.144410982,23.8518984326337,2926230.49576164,2503922.88939927,"C18","Pos",1
"C8-Pos-000545","(3aR,8R,8aR,9aR)-8-Hydroxy-8a-methyl-3,5-bis(methylene)decahydronaphtho[2,3-b]furan-2(3H)-one","C15 H20 O3",248.14124,62.7,"mzCloud",7920,-0.96,249.14836,3.593,FALSE,"[M+H]+1","CC12CC3C(CC1C(=C)CCC2O)C(=C)C(=O)O3","GAUPAOVCTWBVKC-WBGFTGLFSA-N","Lipids and lipid-like molecules","Prenol lipids","Terpene lactones",NA,23928145,NA,NA,NA,NA,205517.204465558,144188.583193298,70.1588869740889,831917.71269876,186779.230971392,"C8","Pos",0
"C8-Pos-000574","(3aR,8R,8aR,9aR)-8-Hydroxy-8a-methyl-3,5-bis(methylene)decahydronaphtho[2,3-b]furan-2(3H)-one","C15 H20 O3",248.14124,62.7,"mzCloud",7920,-0.35,249.14844,3.689,FALSE,"[M+H]+1","CC12CC3C(CC1C(=C)CCC2O)C(=C)C(=O)O3","GAUPAOVCTWBVKC-WBGFTGLFSA-N","Lipids and lipid-like molecules","Prenol lipids","Terpene lactones",NA,23928145,NA,NA,NA,NA,250355.940258368,76275.8438654398,30.4669598758962,578021.332737814,241164.412974629,"C8","Pos",0
"C8-Pos-000525","(5Z)-3-Hydroxy-5-dodecenoic acid","C12 H22 O3",214.15689,63.5,"NIST23",28512,0.08,215.16419,3.775,FALSE,"[M+H]+1","CCCCCC/C=C\CC(CC(=O)O)O","GZUALOWLHSCENG-FPLPWBNLSA-N","Organic acids and derivatives","Hydroxy acids and derivatives","Medium-chain hydroxy acids and derivatives",NA,44610297,NA,NA,NA,NA,239837.742725706,165162.01576276,68.864063631407,904390.05566861,196107.474078272,"C8","Pos",0
"C8-Pos-000633","(5Z)-3-Hydroxy-5-dodecenoic acid","C12 H22 O3",214.15689,63.5,"NIST23",28512,-0.24,215.16412,3.988,FALSE,"[M+H]+1","CCCCCC/C=C\CC(CC(=O)O)O","GZUALOWLHSCENG-FPLPWBNLSA-N","Organic acids and derivatives","Hydroxy acids and derivatives","Medium-chain hydroxy acids and derivatives",NA,44610297,NA,NA,NA,NA,213085.608611805,67226.4532787783,31.5490350177755,386641.475852683,211868.531654338,"C8","Pos",0
"Amide-Neg-000610","(9Z,12R)-12-Hydroxyoctadec-9-enoic acid","C18 H34 O3",298.25079,64.3,"MoNA",125552,0.04,297.24354,1.113,FALSE,"[M-H]-1","CCCCCC[C@H](C/C=C\CCCCCCCC(=O)O)O","WBHHMMIMDMUBKC-QJWNTBNXSA-N","Lipids and lipid-like molecules","Fatty Acyls","Fatty acids and conjugates",NA,643684,"CHEBI:28592",NA,"C08365","141-22-0",64088.6862404132,36092.1263840507,56.3159092521571,155495.607669953,61082.5607186843,"Amide","Neg",1
"C8-Neg-000105","(9Z,12R)-12-Hydroxyoctadec-9-enoic acid","C18 H34 O3",298.25079,58,"MoNA",125552,-1.24,297.24315,4.677,FALSE,"[M-H]-1","CCCCCC[C@H](C/C=C\CCCCCCCC(=O)O)O","WBHHMMIMDMUBKC-QJWNTBNXSA-N","Lipids and lipid-like molecules","Fatty Acyls","Fatty acids and conjugates",NA,643684,"CHEBI:28592",NA,"C08365","141-22-0",1914043.19087856,202322.340941511,10.5704166920415,2471903.86876469,1942186.3542346,"C8","Neg",1
"C8-Neg-000186","(9Z,12R)-12-Hydroxyoctadec-9-enoic acid","C18 H34 O3",298.25079,58,"MoNA",125552,-0.95,297.24324,5.15,FALSE,"[M-H]-1","CCCCCC[C@H](C/C=C\CCCCCCCC(=O)O)O","WBHHMMIMDMUBKC-QJWNTBNXSA-N","Lipids and lipid-like molecules","Fatty Acyls","Fatty acids and conjugates",NA,643684,"CHEBI:28592",NA,"C08365","141-22-0",332212.490420176,94493.9664829579,28.4438331513194,638673.263154332,326323.20409477,"C8","Neg",1
"C18-Pos-000134","(R)-Butyrylcarnitine","C11 H21 N O4",231.14706,95.6,"NIST23",9405,-0.94,232.15412,5.173,FALSE,"[M+H]+1","CCCC(=O)O[C@H](CC(=O)[O-])C[N+](C)(C)C","QWYFHHGCZUCMBN-SECBINFHSA-N","Lipids and lipid-like molecules","Fatty Acyls","Fatty acid esters",NA,213144,"CHEBI:21949","HMDB0002013","C02862","25576-40-3",8488734.14056569,2829958.24394949,33.337812176562,13798848.9657056,8389242.38502648,"C18","Pos",1
"C18-Pos-000192","(R)-Butyrylcarnitine","C11 H21 N O4",231.14706,95.6,"NIST23",9405,-0.85,232.15414,5.007,FALSE,"[M+H]+1","CCCC(=O)O[C@H](CC(=O)[O-])C[N+](C)(C)C","QWYFHHGCZUCMBN-SECBINFHSA-N","Lipids and lipid-like molecules","Fatty Acyls","Fatty acid esters",NA,213144,"CHEBI:21949","HMDB0002013","C02862","25576-40-3",1575119.64024977,908549.052809287,57.6812725581416,4013910.47635705,1465492.59572427,"C18","Pos",1
"Amide-Neg-000604","(Z)-2-octylpent-2-enedioic acid","C13 H22 O4",242.15181,65,"MoNA",69133,0.43,241.14464,1.034,FALSE,"[M-H]-1","CCCCCCCC/C(=C/CC(=O)O)/C(=O)O","NIXDINZDFZJZHG-LUAWRHEFSA-N","Lipids and lipid-like molecules","Fatty Acyls","Fatty acids and conjugates",NA,71694435,NA,NA,NA,NA,69397.6073399745,51638.8644589896,74.4101510676212,194820.010497726,55014.7607714046,"Amide","Neg",1
"C8-Pos-000678","(Z)-2-octylpent-2-enedioic acid","C13 H22 O4",242.15181,59.9,"MoNA",69146,-0.21,243.15904,3.397,FALSE,"[M+H]+1","CCCCCCCC/C(=C/CC(=O)O)/C(=O)O","NIXDINZDFZJZHG-LUAWRHEFSA-N","Lipids and lipid-like molecules","Fatty Acyls","Fatty acids and conjugates",NA,71694435,NA,NA,NA,NA,147846.38245757,27350.0332132445,18.4989532774626,214520.508851764,143438.842398102,"C8","Pos",1
"C8-Pos-000710","(Z)-2-octylpent-2-enedioic acid","C13 H22 O4",242.15181,59.9,"MoNA",69146,-0.04,243.15908,3.245,FALSE,"[M+H]+1","CCCCCCCC/C(=C/CC(=O)O)/C(=O)O","NIXDINZDFZJZHG-LUAWRHEFSA-N","Lipids and lipid-like molecules","Fatty Acyls","Fatty acids and conjugates",NA,71694435,NA,NA,NA,NA,89667.5286133136,10846.104867742,12.0959114581102,109367.664950461,87771.0932421967,"C8","Pos",1
"Amide-Pos-000112","(αS,1S,2R)-α-Amino-2-carboxycyclopropaneacetic acid","C6 H9 N O4",159.05316,70,"NIST23",20526,-0.82,160.0603,5.295,FALSE,"[M+H]+1","N[C@H](C(=O)O)[C@H]1C[C@H]1C(=O)O","GZOVEPYOCJWRFC-NUNKFHFFSA-N","Organic acids and derivatives","Carboxylic acids and derivatives","Amino acids, peptides, and analogues",NA,5310957,NA,NA,NA,NA,29704512.8752183,5171230.61486215,17.4089056318994,36737400.4210205,31125228.4265727,"Amide","Pos",0
"Amide-Pos-000161","(αS,1S,2R)-α-Amino-2-carboxycyclopropaneacetic acid","C6 H9 N O4",159.05316,70,"NIST23",20526,-1.31,160.06023,5.972,FALSE,"[M+H]+1","N[C@H](C(=O)O)[C@H]1C[C@H]1C(=O)O","GZOVEPYOCJWRFC-NUNKFHFFSA-N","Organic acids and derivatives","Carboxylic acids and derivatives","Amino acids, peptides, and analogues",NA,5310957,NA,NA,NA,NA,15562963.8011255,3850457.89053472,24.7411607437926,18285648.6861959,15562963.8011255,"Amide","Pos",0
"Amide-Neg-000080","1,1-Cyclobutanedicarboxylic acid","C6 H8 O4",144.04226,53.7,"NIST23",14868,-0.41,143.03492,8.503,FALSE,"[M-H]-1","C1CC(C1)(C(=O)O)C(=O)O","CCQPAEQGAVNNIA-UHFFFAOYSA-N","Organic acids and derivatives","Carboxylic acids and derivatives","Dicarboxylic acids and derivatives",NA,2568,"CHEBI:35691","HMDB0250639",NA,"5445-51-2",13631038.448376,7496565.87472723,54.9962932253366,31516863.8773544,11732707.0166054,"Amide","Neg",0
"Amide-Neg-000214","1,1-Cyclobutanedicarboxylic acid","C6 H8 O4",144.04226,53.7,"NIST23",14868,-0.61,143.0349,8.84,FALSE,"[M-H]-1","C1CC(C1)(C(=O)O)C(=O)O","CCQPAEQGAVNNIA-UHFFFAOYSA-N","Organic acids and derivatives","Carboxylic acids and derivatives","Dicarboxylic acids and derivatives",NA,2568,"CHEBI:35691","HMDB0250639",NA,"5445-51-2",2301158.92609397,2276832.12076101,98.9428454915869,7397286.94366698,1259507.72100595,"Amide","Neg",0
"C8-Pos-000059","1,2-Di-(9Z,12Z,15Z-octadecatrienoyl)-sn-glycero-3-phosphocholine","C44 H76 N O8 P",777.53085,87.5,"NIST23",3227,-0.43,778.53779,7.784,FALSE,"[M+H]+1","CC/C=C\C/C=C\C/C=C\CCCCCCCC(=O)OC[C@H](COP(=O)([O-])OCC[N+](C)(C)C)OC(=O)CCCCCCC/C=C\C/C=C\C/C=C\CC","XXKFQTJOJZELMD-JICBSJGISA-N","Lipids and lipid-like molecules","Glycerophospholipids","Glycerophosphocholines",NA,24778990,"CHEBI:86161","HMDB0008206",NA,"2701-19-1",52443972.3754387,11869088.4833051,22.6319402320175,79230350.0400902,48498926.0001625,"C8","Pos",0
"C8-Pos-000086","1,2-Di-(9Z,12Z,15Z-octadecatrienoyl)-sn-glycero-3-phosphocholine","C44 H76 N O8 P",777.53085,87.5,"NIST23",3227,0.21,778.53827,7.867,FALSE,"[M+H]+1","CC/C=C\C/C=C\C/C=C\CCCCCCCC(=O)OC[C@H](COP(=O)([O-])OCC[N+](C)(C)C)OC(=O)CCCCCCC/C=C\C/C=C\C/C=C\CC","XXKFQTJOJZELMD-JICBSJGISA-N","Lipids and lipid-like molecules","Glycerophospholipids","Glycerophosphocholines",NA,24778990,"CHEBI:86161","HMDB0008206",NA,"2701-19-1",22098886.947102,6323904.22121842,28.616392474227,37395170.96425,21877705.7191954,"C8","Pos",0
"C8-Pos-000008","1,2-Dipalmitoleoyl-sn-glycero-3-phosphocholine","C40 H76 N O8 P",729.53085,93.3,"NIST23",3225,-1.13,730.53731,7.906,FALSE,"[M+H]+1","CCCCCC/C=C\CCCCCCCC(=O)OC[C@H](COP(=O)([O-])OCC[N+](C)(C)C)OC(=O)CCCCCCC/C=C\CCCCCC","GPWHCUUIQMGELX-VHQDNGOZSA-N","Lipids and lipid-like molecules","Glycerophospholipids","Glycerophosphocholines","kegg:map00564;wiki:WP528",24778764,"CHEBI:83717","HMDB0008002",NA,"56815-99-7",598106213.765746,87733214.3771222,14.6685007374767,822210296.994865,592442687.177185,"C8","Pos",0
"C8-Pos-000015","1,2-Dipalmitoleoyl-sn-glycero-3-phosphocholine","C40 H76 N O8 P",729.53085,93.3,"NIST23",3225,-0.85,730.5375,8.041,FALSE,"[M+H]+1","CCCCCC/C=C\CCCCCCCC(=O)OC[C@H](COP(=O)([O-])OCC[N+](C)(C)C)OC(=O)CCCCCCC/C=C\CCCCCC","GPWHCUUIQMGELX-VHQDNGOZSA-N","Lipids and lipid-like molecules","Glycerophospholipids","Glycerophosphocholines","kegg:map00564;wiki:WP528",24778764,"CHEBI:83717","HMDB0008002",NA,"56815-99-7",409516068.402256,36685029.2663468,8.95814159612221,503622821.927523,411937691.242486,"C8","Pos",0
"Amide-Pos-000138","1,2-Dipentadecanoyl-sn-glycero-3-phosphocholine","C38 H76 N O8 P",705.53085,93,"NIST23",3224,-1.55,706.53704,5.801,FALSE,"[M+H]+1","CCCCCCCCCCCCCCC(=O)OC[C@H](COP(=O)([O-])OCC[N+](C)(C)C)OC(=O)CCCCCCCCCCCCCC","LJARBVLDSOWRJT-PSXMRANNSA-N","Lipids and lipid-like molecules","Glycerophospholipids","Glycerophosphocholines",NA,24778654,"CHEBI:86088","HMDB0007934",NA,NA,4774486.43513876,5369245.3847881,112.457024597915,26235165.2033213,2339741.22588487,"Amide","Pos",1
"C8-Pos-000010","1,2-Dipentadecanoyl-sn-glycero-3-phosphocholine","C38 H76 N O8 P",705.53085,95,"NIST23",3224,-0.88,706.53751,7.982,FALSE,"[M+H]+1","CCCCCCCCCCCCCCC(=O)OC[C@H](COP(=O)([O-])OCC[N+](C)(C)C)OC(=O)CCCCCCCCCCCCCC","LJARBVLDSOWRJT-PSXMRANNSA-N","Lipids and lipid-like molecules","Glycerophospholipids","Glycerophosphocholines",NA,24778654,"CHEBI:86088","HMDB0007934",NA,NA,523912450.357516,73132856.1422742,13.958984195235,655610982.350023,524904017.896757,"C8","Pos",1
"C8-Pos-000214","1,2-dihydroxyheptadec-16-yn-4-yl acetate","C19 H34 O4",326.24571,74.9,"MoNA",57092,-0.13,327.25294,4.305,FALSE,"[M+H]+1","CC(=O)OC(CCCCCCCCCCCC#C)CC(CO)O","FHGZOCAZNHYWAL-UHFFFAOYSA-N","Lipids and lipid-like molecules","Fatty Acyls","Fatty alcohols",NA,45782986,"CHEBI:171809","HMDB0031049",NA,"28884-46-0",2931646.69058403,2059800.57441783,70.2608735572936,8131397.31988919,2007272.65760826,"C8","Pos",0
"C8-Pos-000326","1,2-dihydroxyheptadec-16-yn-4-yl acetate","C19 H34 O4",326.24571,74.9,"MoNA",57092,-0.53,327.25281,4.468,FALSE,"[M+H]+1","CC(=O)OC(CCCCCCCCCCCC#C)CC(CO)O","FHGZOCAZNHYWAL-UHFFFAOYSA-N","Lipids and lipid-like molecules","Fatty Acyls","Fatty alcohols",NA,45782986,"CHEBI:171809","HMDB0031049",NA,"28884-46-0",3109662.09606761,408549.453252711,13.1380658293823,3796062.3386724,3236298.92787819,"C8","Pos",0
"Amide-Pos-000258","1,2-dioleoyl-sn-glycero-3-phosphatidylcholine","C44 H84 N O8 P",785.59345,91,"NIST23",4,-2.15,786.59904,5.597,FALSE,"[M+H]+1","CCCCCCCC/C=C\CCCCCCCC(=O)OC[C@H](COP(=O)([O-])OCC[N+](C)(C)C)OC(=O)CCCCCCC/C=C\CCCCCCCC","SNKAWJBJQDLSFF-NVKMUCNASA-N","Lipids and lipid-like molecules","Glycerophospholipids","Glycerophosphocholines",NA,10350317,"CHEBI:74669","HMDB0000593",NA,"4235-95-4",3273785.99859332,2012863.02681923,61.4842579106915,7870097.79021782,2957479.25154073,"Amide","Pos",1
"C8-Pos-000014","1,2-dioleoyl-sn-glycero-3-phosphatidylcholine","C44 H84 N O8 P",785.59345,92.6,"NIST23",4,-0.87,786.60004,8.708,FALSE,"[M+H]+1","CCCCCCCC/C=C\CCCCCCCC(=O)OC[C@H](COP(=O)([O-])OCC[N+](C)(C)C)OC(=O)CCCCCCC/C=C\CCCCCCCC","SNKAWJBJQDLSFF-NVKMUCNASA-N","Lipids and lipid-like molecules","Glycerophospholipids","Glycerophosphocholines",NA,10350317,"CHEBI:74669","HMDB0000593",NA,"4235-95-4",364483549.436139,64126247.0567658,17.5937287583952,530024306.090316,378282429.826346,"C8","Pos",1
"C8-Pos-000016","1,2-dioleoyl-sn-glycero-3-phosphatidylcholine","C44 H84 N O8 P",785.59345,92.6,"NIST23",4,0.13,786.60083,8.91,FALSE,"[M+H]+1","CCCCCCCC/C=C\CCCCCCCC(=O)OC[C@H](COP(=O)([O-])OCC[N+](C)(C)C)OC(=O)CCCCCCC/C=C\CCCCCCCC","SNKAWJBJQDLSFF-NVKMUCNASA-N","Lipids and lipid-like molecules","Glycerophospholipids","Glycerophosphocholines",NA,10350317,"CHEBI:74669","HMDB0000593",NA,"4235-95-4",143080439.91134,188384836.289435,131.663584768238,405528988.398414,50889065.2829893,"C8","Pos",1
"C18-Neg-000049","1,6-Anhydro-β-D-glucose","C6 H10 O5",162.05282,76.3,"NIST23",1981,-0.2,161.04551,1.189,FALSE,"[M-H]-1","O[C@@H]1[C@@H](O)[C@@H]2OC[C@@H](O2)[C@H]1O","TWNIBLMWSKIRAT-VFUOTHLCSA-N","Organic compounds","Organoheterocyclic compounds","Oxepanes",NA,2724705,"CHEBI:30997","HMDB0000640",NA,"498-07-7",8864554.11650073,3500464.1282294,39.488327131012,14960116.1101239,9880093.39528532,"C18","Neg",1
"Amide-Pos-000276","1,8-Diaza-2,9-diketocyclotetradecane","C12 H22 N2 O2",226.16813,71.7,"NIST23",180,-1.05,227.17517,1.685,FALSE,"[M+H]+1","O=C1CCCCCNC(=O)CCCCCN1","HERSSAVMHCMYSQ-UHFFFAOYSA-N","Organic compounds","Phenylpropanoids and polyketides","Macrolactams","kegg:map00100;kegg:map00380;reactome:R-HSA-191273;reactome:R-HSA-71240;wiki:WP1795;wiki:WP1850;wiki:WP1919;wiki:WP2485;wiki:WP3645;wiki:WP4210;wiki:WP4686;wiki:WP4718;wiki:WP4804;wiki:WP4947;wiki:WP4949;wiki:WP4977;wiki:WP4994;wiki:WP5329;wiki:WP5414",16,"CHEBI:16968",NA,"C04277;C20990","56403-09-9",1720873.03717197,1561471.86540181,90.7371916273313,6852739.4847244,1111921.08705302,"Amide","Pos",1
"C18-Pos-000256","1,8-Diaza-2,9-diketocyclotetradecane","C12 H22 N2 O2",226.16813,72,"NIST23",180,-0.86,227.17521,6.268,FALSE,"[M+H]+1","O=C1CCCCCNC(=O)CCCCCN1","HERSSAVMHCMYSQ-UHFFFAOYSA-N","Organic compounds","Phenylpropanoids and polyketides","Macrolactams","kegg:map00100;kegg:map00380;reactome:R-HSA-191273;reactome:R-HSA-71240;wiki:WP1795;wiki:WP1850;wiki:WP1919;wiki:WP2485;wiki:WP3645;wiki:WP4210;wiki:WP4686;wiki:WP4718;wiki:WP4804;wiki:WP4947;wiki:WP4949;wiki:WP4977;wiki:WP4994;wiki:WP5329;wiki:WP5414",16,"CHEBI:16968",NA,"C04277;C20990","56403-09-9",330731.544681674,255156.799367787,77.1492176875276,1121436.27214547,231401.81326395,"C18","Pos",1
"C8-Pos-000425","1,8-Diaza-2,9-diketocyclotetradecane","C12 H22 N2 O2",226.16813,72.3,"NIST23",180,-0.11,227.17539,1.59,FALSE,"[M+H]+1","O=C1CCCCCNC(=O)CCCCCN1","HERSSAVMHCMYSQ-UHFFFAOYSA-N","Organic compounds","Phenylpropanoids and polyketides","Macrolactams","kegg:map00100;kegg:map00380;reactome:R-HSA-191273;reactome:R-HSA-71240;wiki:WP1795;wiki:WP1850;wiki:WP1919;wiki:WP2485;wiki:WP3645;wiki:WP4210;wiki:WP4686;wiki:WP4718;wiki:WP4804;wiki:WP4947;wiki:WP4949;wiki:WP4977;wiki:WP4994;wiki:WP5329;wiki:WP5414",16,"CHEBI:16968",NA,"C04277;C20990","56403-09-9",766827.763344464,430180.521336126,56.0987149786968,1876808.69470743,645222.940696632,"C8","Pos",1
"C8-Neg-000059","1-(1Z-Octadecenyl)-2-(4Z,7Z,10Z,13Z,16Z,19Z-docosahexaenoyl)-sn-glycero-3-phosphoethanolamine","C45 H78 N O7 P",775.55159,88.2,"NIST23",6032,-0.4,774.544,8.961,FALSE,"[M-H]-1",NA,"FIJFPUAJUDAZEY-WAHBYMPSSA-N","Lipids and lipid-like molecules","Glycerophospholipids","Glycerophosphoethanolamines",NA,NA,NA,NA,NA,NA,1778016.85432134,473480.685886542,26.6297074032669,2136795.8893318,1955897.77071081,"C8","Neg",0
"C8-Neg-000175","1-(1Z-Octadecenyl)-2-(4Z,7Z,10Z,13Z,16Z,19Z-docosahexaenoyl)-sn-glycero-3-phosphoethanolamine","C45 H78 N O7 P",775.55159,88.2,"NIST23",6032,-0.47,774.54395,8.899,FALSE,"[M-H]-1",NA,"FIJFPUAJUDAZEY-WAHBYMPSSA-N","Lipids and lipid-like molecules","Glycerophospholipids","Glycerophosphoethanolamines",NA,NA,NA,NA,NA,NA,547163.711814817,138272.087841954,25.2706977557662,777458.22220378,568747.81195885,"C8","Neg",0
"Amide-Pos-000232","1-(2-Hydroxyethyl)-2,2,6,6-tetramethyl-4-piperidinol","C11 H23 N O2",201.17288,72,"NIST23",14713,-1.8,202.17979,1.781,FALSE,"[M+H]+1","CC1(C)CC(O)CC(C)(C)N1CCO","STEYNUVPFMIUOY-UHFFFAOYSA-N","Organic compounds","Organoheterocyclic compounds","Piperidines",NA,104301,"CHEBI:182655",NA,NA,"52722-86-8",4696461.07536346,2572104.67477338,54.7668687869265,9440410.96200801,3980314.08040456,"Amide","Pos",0
"Amide-Pos-000293","1-(2-Hydroxyethyl)-2,2,6,6-tetramethyl-4-piperidinol","C11 H23 N O2",201.17288,72,"NIST23",14713,-0.2,202.18011,2.806,FALSE,"[M+H]+1","CC1(C)CC(O)CC(C)(C)N1CCO","STEYNUVPFMIUOY-UHFFFAOYSA-N","Organic compounds","Organoheterocyclic compounds","Piperidines",NA,104301,"CHEBI:182655",NA,NA,"52722-86-8",3878042.90395102,1372552.89655644,35.3929270653005,5781792.98809655,3688367.48368974,"Amide","Pos",0
"C8-Pos-000580","1-(3-Ethyl-2,4-dihydroxy-6-methoxyphenyl)-1-butanone","C13 H18 O4",238.12051,65.7,"NIST23",15106,-0.07,239.12765,3.658,FALSE,"[M+H]+1","CCCC(=O)c1c(OC)cc(O)c(CC)c1O","GRQAKVFPDMDUIF-UHFFFAOYSA-N","Organic oxygen compounds","Organooxygen compounds","Carbonyl compounds",NA,26470515,"CHEBI:182859",NA,NA,"159686-24-5",416445.647467129,78072.995553149,18.7474634512326,636158.733128918,396292.415658004,"C8","Pos",0
"Amide-Pos-000531","1-(5Z,8Z,11Z,14Z-Eicosatetraenoyl)-sn-glycero-3-phosphocholine","C28 H50 N O7 P",543.33249,73.4,"NIST23",2565,-1.9,544.33874,7.219,FALSE,"[M+H]+1","CCCCC/C=C\C/C=C\C/C=C\C/C=C\CCCC(=O)OCC(O)COP(=O)([O-])OCC[N+](C)(C)C","LAXQYRRMGGEGOH-SNPVRQPZSA-N","Lipids and lipid-like molecules","Glycerophospholipids","Glycerophosphocholines",NA,16035471,NA,NA,NA,NA,114977.374974525,80414.5202223198,69.939429596594,374973.532113242,96766.9997672319,"Amide","Pos",1
"C18-Pos-000265","1-(5Z,8Z,11Z,14Z-Eicosatetraenoyl)-sn-glycero-3-phosphocholine","C28 H50 N O7 P",543.33249,67.3,"NIST23",2565,-1.33,544.33904,15.507,FALSE,"[M+H]+1","CCCCC/C=C\C/C=C\C/C=C\C/C=C\CCCC(=O)OCC(O)COP(=O)([O-])OCC[N+](C)(C)C","LAXQYRRMGGEGOH-SNPVRQPZSA-N","Lipids and lipid-like molecules","Glycerophospholipids","Glycerophosphocholines",NA,16035471,NA,NA,NA,NA,333951.876474665,165275.82376908,49.4909103412744,902126.854814923,287843.671361141,"C18","Pos",1
"C18-Pos-000306","1-(5Z,8Z,11Z,14Z-Eicosatetraenoyl)-sn-glycero-3-phosphocholine","C28 H50 N O7 P",543.33249,67.3,"NIST23",2565,-1.99,544.33868,15.356,FALSE,"[M+H]+1","CCCCC/C=C\C/C=C\C/C=C\C/C=C\CCCC(=O)OCC(O)COP(=O)([O-])OCC[N+](C)(C)C","LAXQYRRMGGEGOH-SNPVRQPZSA-N","Lipids and lipid-like molecules","Glycerophospholipids","Glycerophosphocholines",NA,16035471,NA,NA,NA,NA,222312.501651292,65764.1683904341,29.5818579260955,280401.290361356,249477.96732599,"C18","Pos",1
"Amide-Pos-000132","1-AMINOCYCLOPROPANECARBOXYLATE","C4 H7 N O2",101.04768,83.8,"MoNA",137134,-1.06,84.04429,12.758,FALSE,"[M+H-H2O]+1","C1CC1(C(=O)O)N","PAJPWUMXBYXFCZ-UHFFFAOYSA-N","Organic acids and derivatives","Carboxylic acids and derivatives","Amino acids, peptides, and analogues",NA,535,"CHEBI:18053","HMDB0036458","C01234","22059-21-8",20507846.3997746,3844782.83956853,18.7478624747784,29782242.0435237,21264415.8287749,"Amide","Pos",0
"Amide-Pos-000346","1-AMINOCYCLOPROPANECARBOXYLATE","C4 H7 N O2",101.04768,83.8,"MoNA",137134,-1.26,102.05483,11.637,FALSE,"[M+H]+1","C1CC1(C(=O)O)N","PAJPWUMXBYXFCZ-UHFFFAOYSA-N","Organic acids and derivatives","Carboxylic acids and derivatives","Amino acids, peptides, and analogues",NA,535,"CHEBI:18053","HMDB0036458","C01234","22059-21-8",2062387.46076836,1070376.20365451,51.8998599446355,3671763.11681399,1967156.04516884,"Amide","Pos",0
"Amide-Pos-000348","1-Aminocyclohexanecarboxylic acid","C7 H13 N O2",143.09463,86.5,"mzCloud",106,-1.05,161.1283,15.267,FALSE,"[M+NH4]+1","O=C(O)C1(N)CCCCC1","WOXWUZCRWJWTRT-UHFFFAOYSA-N","Organic acids and derivatives","Carboxylic acids and derivatives","Amino acids, peptides, and analogues",NA,1366,"CHEBI:86534","HMDB0243822",NA,"2756-85-6",1395016.78533964,300909.444638036,21.5703099633152,1752757.52580774,1441150.04259805,"Amide","Pos",1
"Amide-Pos-000461","1-Aminocyclohexanecarboxylic acid","C7 H13 N O2",143.09463,86.5,"mzCloud",106,-1.35,161.12825,14.67,FALSE,"[M+NH4]+1","O=C(O)C1(N)CCCCC1","WOXWUZCRWJWTRT-UHFFFAOYSA-N","Organic acids and derivatives","Carboxylic acids and derivatives","Amino acids, peptides, and analogues",NA,1366,"CHEBI:86534","HMDB0243822",NA,"2756-85-6",588993.115818425,352717.544018085,59.8848330388331,1377170.77171696,466002.440315508,"Amide","Pos",1
"C18-Pos-000324","1-Aminocyclohexanecarboxylic acid","C7 H13 N O2",143.09463,70.3,"mzCloud",106,-1.7,144.10166,14.735,FALSE,"[M+H]+1","O=C(O)C1(N)CCCCC1","WOXWUZCRWJWTRT-UHFFFAOYSA-N","Organic acids and derivatives","Carboxylic acids and derivatives","Amino acids, peptides, and analogues",NA,1366,"CHEBI:86534","HMDB0243822",NA,"2756-85-6",84641.1297700394,48985.8044891176,57.8747053852029,141179.88315962,57833.2814910485,"C18","Pos",1
"Amide-Pos-000223","1-Deoxy-1-(methylamino)-D-galactitol","C7 H17 N O5",195.11067,80.4,"NIST23",776,-1.47,196.11766,13.966,FALSE,"[M+H]+1","CNC[C@H](O)[C@@H](O)[C@@H](O)[C@H](O)CO","MBBZMMPHUWSWHV-WNJXEPBRSA-N","Organic oxygen compounds","Organooxygen compounds","Carbohydrates and carbohydrate conjugates",NA,12598090,NA,NA,NA,"7115-46-0",2689023.40980909,3275057.76578944,121.793575832869,10204809.6020482,1244767.47160214,"Amide","Pos",0
"Amide-Pos-000389","1-Deoxy-1-(methylamino)-D-galactitol","C7 H17 N O5",195.11067,80.4,"NIST23",776,-1.56,196.11765,14.592,FALSE,"[M+H]+1","CNC[C@H](O)[C@@H](O)[C@@H](O)[C@H](O)CO","MBBZMMPHUWSWHV-WNJXEPBRSA-N","Organic oxygen compounds","Organooxygen compounds","Carbohydrates and carbohydrate conjugates",NA,12598090,NA,NA,NA,"7115-46-0",1057861.74447812,1037639.40821938,98.0883762585894,2740004.29974559,523543.142331482,"Amide","Pos",0
"Amide-Pos-000236","1-Hexadecanoyl-2-(5Z,8Z,11Z,14Z-eicosatetraenoyl)-sn-glycero-3-phosphocholine","C44 H80 N O8 P",781.56215,87,"NIST23",2539,-2.24,782.56768,5.554,FALSE,"[M+H]+1","CCCCC/C=C\C/C=C\C/C=C\C/C=C\CCCC(=O)OC(COC(=O)CCCCCCCCCCCCCCC)COP(=O)([O-])OCC[N+](C)(C)C","IIZPXYDJLKNOIY-QESOLOLUSA-N","Lipids and lipid-like molecules","Glycerophospholipids","Glycerophosphocholines",NA,6438369,NA,NA,NA,"6931-56-2",1835873.73595726,1826957.64312094,99.5143406291134,8963889.1464761,1355823.83996174,"Amide","Pos",1
"C8-Pos-000012","1-Hexadecanoyl-2-(5Z,8Z,11Z,14Z-eicosatetraenoyl)-sn-glycero-3-phosphocholine","C44 H80 N O8 P",781.56215,91.9,"NIST23",2539,-1.27,782.56843,8.31,FALSE,"[M+H]+1","CCCCC/C=C\C/C=C\C/C=C\C/C=C\CCCC(=O)OC(COC(=O)CCCCCCCCCCCCCCC)COP(=O)([O-])OCC[N+](C)(C)C","IIZPXYDJLKNOIY-QESOLOLUSA-N","Lipids and lipid-like molecules","Glycerophospholipids","Glycerophosphocholines",NA,6438369,NA,NA,NA,"6931-56-2",500648901.601932,94299849.1701212,18.8355250292948,625984236.467597,504470098.284927,"C8","Pos",1
"C8-Pos-000122","1-Hexadecanoyl-2-(5Z,8Z,11Z,14Z-eicosatetraenoyl)-sn-glycero-3-phosphocholine","C44 H80 N O8 P",781.56215,91.9,"NIST23",2539,-1.18,782.56851,8.186,FALSE,"[M+H]+1","CCCCC/C=C\C/C=C\C/C=C\C/C=C\CCCC(=O)OC(COC(=O)CCCCCCCCCCCCCCC)COP(=O)([O-])OCC[N+](C)(C)C","IIZPXYDJLKNOIY-QESOLOLUSA-N","Lipids and lipid-like molecules","Glycerophospholipids","Glycerophosphocholines",NA,6438369,NA,NA,NA,"6931-56-2",16492981.5908215,5790691.09293866,35.1100318705335,22564725.6771065,18345817.9550507,"C8","Pos",1
"Amide-Neg-000243","1-Hydroxy-2,5-pyrrolidinedione","C4 H5 N O3",115.02694,82.6,"NIST23",10905,-0.56,114.01959,12.573,FALSE,"[M-H]-1","C1CC(=O)N(C1=O)O","NQTADLQHYWFPDB-UHFFFAOYSA-N","Organoheterocyclic compounds","Pyrrolidines","Pyrrolidones",NA,80170,NA,"HMDB0255159",NA,"6066-82-6",3072184.66992746,951387.710878692,30.9677904519052,5590817.17636705,3099191.02861287,"Amide","Neg",1
"C18-Pos-000196","1-Hydroxy-2,5-pyrrolidinedione","C4 H5 N O3",115.02694,84.8,"NIST23",39056,-0.9,116.03405,1.325,FALSE,"[M+H]+1","C1CC(=O)N(C1=O)O","NQTADLQHYWFPDB-UHFFFAOYSA-N","Organoheterocyclic compounds","Pyrrolidines","Pyrrolidones",NA,80170,NA,"HMDB0255159",NA,"6066-82-6",2747575.83039093,601280.041843588,21.8840199128566,3775736.62147153,2736313.66184193,"C18","Pos",1
"Amide-Pos-000499","1-Linoleoyl glycerol","C21 H38 O4",354.27701,58.2,"mzCloud",6618,-1.26,355.28384,1.036,FALSE,"[M+H]+1","CCCCCC=CCC=CCCCCCCCC(=O)OCC(CO)O","WECGLUPZRHILCT-HZJYTTRNSA-N","Organic compounds","Lipids and lipid-like molecules","Fatty Acyls",NA,5283469,"CHEBI:75568","HMDB0242115",NA,"2277-28-3",257632.603885167,147088.638859454,57.0924008224577,584253.416971679,231154.044412534,"Amide","Pos",1
"C18-Pos-000301","1-Linoleoyl glycerol","C21 H38 O4",354.27701,53.8,"mzCloud",6618,-1.19,355.28386,16.57,FALSE,"[M+H]+1","CCCCCC=CCC=CCCCCCCCC(=O)OCC(CO)O","WECGLUPZRHILCT-HZJYTTRNSA-N","Organic compounds","Lipids and lipid-like molecules","Fatty Acyls",NA,5283469,"CHEBI:75568","HMDB0242115",NA,"2277-28-3",265628.667331368,105955.265179034,39.8884902911687,335388.808175634,312986.092772732,"C18","Pos",1
"C8-Pos-000160","1-Linoleoyl glycerol","C21 H38 O4",354.27701,90,"mzCloud",6618,-0.17,372.31083,5.138,FALSE,"[M+NH4]+1","CCCCCC=CCC=CCCCCCCCC(=O)OCC(CO)O","WECGLUPZRHILCT-HZJYTTRNSA-N","Organic compounds","Lipids and lipid-like molecules","Fatty Acyls",NA,5283469,"CHEBI:75568","HMDB0242115",NA,"2277-28-3",12285185.7558501,1141316.72933963,9.29018699449574,14831573.8954198,12173068.7525919,"C8","Pos",1
"C8-Pos-000175","1-Linoleoyl glycerol","C21 H38 O4",354.27701,90,"mzCloud",6618,-0.03,355.28427,5.549,FALSE,"[M+H]+1","CCCCCC=CCC=CCCCCCCCC(=O)OCC(CO)O","WECGLUPZRHILCT-HZJYTTRNSA-N","Organic compounds","Lipids and lipid-like molecules","Fatty Acyls",NA,5283469,"CHEBI:75568","HMDB0242115",NA,"2277-28-3",10828180.5627361,758873.960827198,7.00832384933415,12805618.560047,10626049.6597411,"C8","Pos",1
"C8-Pos-000263","1-Linoleoyl-sn-glycero-3-phosphorylcholine","C26 H50 N O7 P",519.33249,86.9,"NIST23",17289,-0.05,520.33973,4.824,FALSE,"[M+H]+1","CCCCC/C=C\C/C=C\CCCCCCCC(=O)OCC(O)COP(=O)([O-])OCC[N+](C)(C)C","SPJFYYJXNPEZDW-UTJQPWESSA-N","Lipids and lipid-like molecules","Glycerophospholipids","Glycerophosphocholines",NA,11988421,NA,NA,NA,NA,3347416.63505476,1204929.61710494,35.9958065717513,5982980.51135275,2940009.03009756,"C8","Pos",0
"C8-Pos-000409","1-Linoleoyl-sn-glycero-3-phosphorylcholine","C26 H50 N O7 P",519.33249,86.9,"NIST23",17289,0.8,520.34018,4.732,FALSE,"[M+H]+1","CCCCC/C=C\C/C=C\CCCCCCCC(=O)OCC(O)COP(=O)([O-])OCC[N+](C)(C)C","SPJFYYJXNPEZDW-UTJQPWESSA-N","Lipids and lipid-like molecules","Glycerophospholipids","Glycerophosphocholines",NA,11988421,NA,NA,NA,NA,484302.180190582,148075.697386976,30.5750631410962,739600.603582703,496676.68749723,"C8","Pos",0
"C18-Pos-000213","1-Myristoyl-sn-glycero-3-phosphocholine","C22 H46 N O7 P",467.30119,88.5,"NIST23",219,-1.23,468.30789,14.823,FALSE,"[M+H]+1","CCCCCCCCCCCCCC(=O)OC[C@@H](O)COP(=O)([O-])OCC[N+](C)(C)C","VXUOFDJKYGDUJI-OAQYLSRUSA-N","Lipids and lipid-like molecules","Glycerophospholipids","Glycerophosphocholines","kegg:map00590",460604,"CHEBI:64489","HMDB0010379",NA,"20559-16-4",1227920.0542409,540527.790030013,44.0197868064113,2582278.36071424,1133448.63871573,"C18","Pos",1
"C18-Pos-000299","1-Myristoyl-sn-glycero-3-phosphocholine","C22 H46 N O7 P",467.30119,88.5,"NIST23",219,-2.07,468.3075,14.625,FALSE,"[M+H]+1","CCCCCCCCCCCCCC(=O)OC[C@@H](O)COP(=O)([O-])OCC[N+](C)(C)C","VXUOFDJKYGDUJI-OAQYLSRUSA-N","Lipids and lipid-like molecules","Glycerophospholipids","Glycerophosphocholines","kegg:map00590",460604,"CHEBI:64489","HMDB0010379",NA,"20559-16-4",154044.044116537,83489.9939579697,54.1987808985382,363471.742330072,122866.495388203,"C18","Pos",1
"Amide-Pos-000364","1-Octadecanoyl-2-octadecenoyl-sn-glycero-3-phosphocholine","C44 H86 N O8 P",787.6091,85.9,"NIST23",11,-2.83,788.61415,5.354,FALSE,"[M+H]+1","CCCCCCCC/C=C/CCCCCCCC(=O)O[C@H](COC(=O)CCCCCCCCCCCCCCCCC)COP(=O)([O-])OCC[N+](C)(C)C","ATHVAWFAEPLPPQ-QPOMNCEOSA-N","Lipids and lipid-like molecules","Glycerophospholipids","Glycerophosphocholines",NA,24778824,NA,NA,NA,NA,781269.551514762,1200172.49563172,153.618235000298,3162709.91851801,237251.897843985,"Amide","Pos",1
"C8-Pos-000022","1-Octadecanoyl-2-octadecenoyl-sn-glycero-3-phosphocholine","C44 H86 N O8 P",787.6091,88.8,"NIST23",11,-1.01,788.61557,8.995,FALSE,"[M+H]+1","CCCCCCCC/C=C/CCCCCCCC(=O)O[C@H](COC(=O)CCCCCCCCCCCCCCCCC)COP(=O)([O-])OCC[N+](C)(C)C","ATHVAWFAEPLPPQ-QPOMNCEOSA-N","Lipids and lipid-like molecules","Glycerophospholipids","Glycerophosphocholines",NA,24778824,NA,NA,NA,NA,239223424.563169,39604387.7424749,16.5553970372233,312360774.753725,223991856.637392,"C8","Pos",1
"C8-Pos-000302","1-Octadecanoyl-2-octadecenoyl-sn-glycero-3-phosphocholine","C44 H86 N O8 P",787.6091,88.8,"NIST23",11,0.02,788.61639,9.229,FALSE,"[M+H]+1","CCCCCCCC/C=C/CCCCCCCC(=O)O[C@H](COC(=O)CCCCCCCCCCCCCCCCC)COP(=O)([O-])OCC[N+](C)(C)C","ATHVAWFAEPLPPQ-QPOMNCEOSA-N","Lipids and lipid-like molecules","Glycerophospholipids","Glycerophosphocholines",NA,24778824,NA,NA,NA,NA,1704496.07307673,571279.49165328,33.5160344853174,2359917.68859039,1441416.03989155,"C8","Pos",1
"Amide-Pos-000478","1-Oleoyl-sn-glycero-3-phosphocholine","C26 H52 N O7 P",521.34814,90.8,"GNPS",30859,-1.63,522.35452,7.255,FALSE,"[M+H]+1","CCCCCCCC/C=C\CCCCCCCC(=O)OC[C@H](COP(=O)([O-])OCC[N+](C)(C)C)O","YAMUFBLWGFFICM-PTGWMXDISA-N","Lipids and lipid-like molecules","Glycerophospholipids","Glycerophosphocholines",NA,16081932,"CHEBI:28610","HMDB0002815",NA,"19420-56-5",477357.148192274,225312.256915541,47.1999335861601,1087160.21906381,409166.300548636,"Amide","Pos",1
"C18-Pos-000182","1-Oleoyl-sn-glycero-3-phosphocholine","C26 H52 N O7 P",521.34814,89.8,"GNPS",24168,-1.22,522.35478,16.189,FALSE,"[M+H]+1","CCCCCCCC/C=C\CCCCCCCC(=O)OC[C@H](COP(=O)([O-])OCC[N+](C)(C)C)O","YAMUFBLWGFFICM-PTGWMXDISA-N","Lipids and lipid-like molecules","Glycerophospholipids","Glycerophosphocholines",NA,16081932,"CHEBI:28610","HMDB0002815",NA,"19420-56-5",1715660.35133003,883378.00283851,51.4890958547647,4661613.85738346,1558887.46623124,"C18","Pos",1
"C18-Pos-000271","1-Oleoyl-sn-glycero-3-phosphocholine","C26 H52 N O7 P",521.34814,89.8,"GNPS",24168,-1.06,522.35486,15.995,FALSE,"[M+H]+1","CCCCCCCC/C=C\CCCCCCCC(=O)OC[C@H](COP(=O)([O-])OCC[N+](C)(C)C)O","YAMUFBLWGFFICM-PTGWMXDISA-N","Lipids and lipid-like molecules","Glycerophospholipids","Glycerophosphocholines",NA,16081932,"CHEBI:28610","HMDB0002815",NA,"19420-56-5",235842.094709644,207148.199955098,87.8334294859989,763320.680783632,151788.160537932,"C18","Pos",1
"C8-Pos-000038","1-Oleoyl-sn-glycero-3-phosphocholine","C26 H52 N O7 P",521.34814,93.9,"GNPS",24168,0.15,522.35548,5.1,FALSE,"[M+H]+1","CCCCCCCC/C=C\CCCCCCCC(=O)OC[C@H](COP(=O)([O-])OCC[N+](C)(C)C)O","YAMUFBLWGFFICM-PTGWMXDISA-N","Lipids and lipid-like molecules","Glycerophospholipids","Glycerophosphocholines",NA,16081932,"CHEBI:28610","HMDB0002815",NA,"19420-56-5",90258676.7631037,25676772.583163,28.4479825142521,141394118.787718,82934871.6191586,"C8","Pos",1
"C8-Pos-000075","1-Oleoyl-sn-glycero-3-phosphocholine","C26 H52 N O7 P",521.34814,93.9,"GNPS",24168,-0.18,522.3553,4.993,FALSE,"[M+H]+1","CCCCCCCC/C=C\CCCCCCCC(=O)OC[C@H](COP(=O)([O-])OCC[N+](C)(C)C)O","YAMUFBLWGFFICM-PTGWMXDISA-N","Lipids and lipid-like molecules","Glycerophospholipids","Glycerophosphocholines",NA,16081932,"CHEBI:28610","HMDB0002815",NA,"19420-56-5",18648121.1424779,7670941.38296508,41.1351970761908,49231332.5109401,16955702.3730489,"C8","Pos",1
"C18-Neg-000225","1-Oleoyl-sn-glycero-3-phosphoethanolamine","C23 H46 N O7 P",479.30119,84.9,"NIST23",3216,0.09,478.29395,16.086,FALSE,"[M-H]-1","CCCCCCCC/C=C\CCCCCCCC(=O)OC[C@@H](O)COP(=O)([O-])OCC[NH3+]","PYVRVRFVLRNJLY-MZMPXXGTSA-N","Lipids and lipid-like molecules","Glycerophospholipids","Glycerophosphoethanolamines",NA,9547071,"CHEBI:75168","HMDB0011506",NA,"89576-29-4",57171.8348262932,26839.9902737722,46.9461761290693,122773.737745187,46255.1273617893,"C18","Neg",1
"C8-Pos-000109","1-Oleoyl-sn-glycero-3-phosphoethanolamine","C23 H46 N O7 P",479.30119,92.1,"NIST23",3216,0.1,480.30846,5.125,FALSE,"[M+H]+1","CCCCCCCC/C=C\CCCCCCCC(=O)OC[C@@H](O)COP(=O)([O-])OCC[NH3+]","PYVRVRFVLRNJLY-MZMPXXGTSA-N","Lipids and lipid-like molecules","Glycerophospholipids","Glycerophosphoethanolamines",NA,9547071,"CHEBI:75168","HMDB0011506",NA,"89576-29-4",17080941.8808143,4366752.00315304,25.5650539274878,26516834.4148697,16231635.2320633,"C8","Pos",1
"C8-Pos-000213","1-Oleoyl-sn-glycero-3-phosphoethanolamine","C23 H46 N O7 P",479.30119,92.1,"NIST23",3216,0.11,480.30848,5.02,FALSE,"[M+H]+1","CCCCCCCC/C=C\CCCCCCCC(=O)OC[C@@H](O)COP(=O)([O-])OCC[NH3+]","PYVRVRFVLRNJLY-MZMPXXGTSA-N","Lipids and lipid-like molecules","Glycerophospholipids","Glycerophosphoethanolamines",NA,9547071,"CHEBI:75168","HMDB0011506",NA,"89576-29-4",2890101.20429866,1230760.06910804,42.5853623145599,8193079.91267229,2560265.13835529,"C8","Pos",1
"C8-Neg-000162","1-Palmitoyl-2-arachidonoyl-sn-glycero-3-phosphoserine","C42 H74 N O10 P",783.50503,77.7,"NIST23",3186,-0.32,782.4975,7.878,FALSE,"[M-H]-1","CCCCC/C=C\C/C=C\C/C=C\C/C=C\CCCC(=O)O[C@H](COC(=O)CCCCCCCCCCCCCCC)COP(=O)(O)OC[C@H](N)C(=O)O","DKLQKRSJZISZKW-KNFJROLASA-N","Lipids and lipid-like molecules","Glycerophospholipids","Glycerophosphoserines",NA,24779544,"CHEBI:90029","HMDB0012361",NA,NA,363417.81865033,273631.151403202,75.2938181235636,1123084.64685073,341168.12294646,"C8","Neg",1
"C8-Pos-000029","1-Palmitoyl-2-docosahexaenoyl-sn-glycero-3-phosphocholine","C46 H80 N O8 P",805.56215,93.4,"NIST23",4544,-0.9,806.5687,8.246,FALSE,"[M+H]+1","CC/C=C\C/C=C\C/C=C\C/C=C\C/C=C\C/C=C\CCC(=O)O[C@H](COC(=O)CCCCCCCCCCCCCCC)COP(=O)([O-])OCC[N+](C)(C)C","IESVDEZGAHUQJU-ZLBXKVHBSA-N","Lipids and lipid-like molecules","Glycerophospholipids","Glycerophosphocholines",NA,6441886,"CHEBI:74963","HMDB0007991",NA,"59403-54-2",167463639.802202,21716182.4035635,12.967699991003,201752674.291082,169707790.251348,"C8","Pos",0
"C8-Pos-000108","1-Palmitoyl-2-docosahexaenoyl-sn-glycero-3-phosphocholine","C46 H80 N O8 P",805.56215,93.4,"NIST23",4544,-1.21,806.56846,8.147,FALSE,"[M+H]+1","CC/C=C\C/C=C\C/C=C\C/C=C\C/C=C\C/C=C\CCC(=O)O[C@H](COC(=O)CCCCCCCCCCCCCCC)COP(=O)([O-])OCC[N+](C)(C)C","IESVDEZGAHUQJU-ZLBXKVHBSA-N","Lipids and lipid-like molecules","Glycerophospholipids","Glycerophosphocholines",NA,6441886,"CHEBI:74963","HMDB0007991",NA,"59403-54-2",18821907.3296505,4731979.49480599,25.1408075277878,26997617.8139488,18305944.1819789,"C8","Pos",0
"Amide-Pos-000551","1-Palmitoyl-2-hydroxy-sn-glycero-3-phosphoethanolamine","C21 H44 N O7 P",453.28554,74,"NIST23",14,-1.51,454.29213,7.319,FALSE,"[M+H]+1","CCCCCCCCCCCCCCCC(=O)OC[C@@H](O)COP(=O)([O-])OCC[NH3+]","YVYMBNSKXOXSKW-HXUWFJFHSA-N","Lipids and lipid-like molecules","Glycerophospholipids","Glycerophosphoethanolamines","kegg:map00564",9547069,"CHEBI:73134","HMDB0011503",NA,"53862-35-4",67513.0016129921,67737.6412806993,100.332735417387,239968.628772338,41040.1865914886,"Amide","Pos",1
"C18-Neg-000219","1-Palmitoyl-2-hydroxy-sn-glycero-3-phosphoethanolamine","C21 H44 N O7 P",453.28554,95.9,"NIST23",14,0.07,452.27829,15.798,FALSE,"[M-H]-1","CCCCCCCCCCCCCCCC(=O)OC[C@@H](O)COP(=O)([O-])OCC[NH3+]","YVYMBNSKXOXSKW-HXUWFJFHSA-N","Lipids and lipid-like molecules","Glycerophospholipids","Glycerophosphoethanolamines","kegg:map00564",9547069,"CHEBI:73134","HMDB0011503",NA,"53862-35-4",53050.2610378829,35039.1555942293,66.0489786642295,188226.332474338,44848.404817539,"C18","Neg",1
"C8-Neg-000050","1-Palmitoyl-2-hydroxy-sn-glycero-3-phosphoethanolamine","C21 H44 N O7 P",453.28554,94,"NIST23",14,-0.78,452.27791,4.977,FALSE,"[M-H]-1","CCCCCCCCCCCCCCCC(=O)OC[C@@H](O)COP(=O)([O-])OCC[NH3+]","YVYMBNSKXOXSKW-HXUWFJFHSA-N","Lipids and lipid-like molecules","Glycerophospholipids","Glycerophosphoethanolamines","kegg:map00564",9547069,"CHEBI:73134","HMDB0011503",NA,"53862-35-4",3860007.24146954,1074753.44247968,27.8433011972929,6476897.18484691,3813050.42755486,"C8","Neg",1
"C8-Neg-000158","1-Palmitoyl-2-hydroxy-sn-glycero-3-phosphoethanolamine","C21 H44 N O7 P",453.28554,94,"NIST23",14,-0.71,452.27794,4.872,FALSE,"[M-H]-1","CCCCCCCCCCCCCCCC(=O)OC[C@@H](O)COP(=O)([O-])OCC[NH3+]","YVYMBNSKXOXSKW-HXUWFJFHSA-N","Lipids and lipid-like molecules","Glycerophospholipids","Glycerophosphoethanolamines","kegg:map00564",9547069,"CHEBI:73134","HMDB0011503",NA,"53862-35-4",609453.091280804,183457.151170454,30.101931353717,1194777.08229773,567896.876845539,"C8","Neg",1
"C8-Pos-000127","1-Palmitoyl-2-hydroxy-sn-glycero-3-phosphoethanolamine","C21 H44 N O7 P",453.28554,90.4,"NIST23",14,-0.01,454.2928,4.975,FALSE,"[M+H]+1","CCCCCCCCCCCCCCCC(=O)OC[C@@H](O)COP(=O)([O-])OCC[NH3+]","YVYMBNSKXOXSKW-HXUWFJFHSA-N","Lipids and lipid-like molecules","Glycerophospholipids","Glycerophosphoethanolamines","kegg:map00564",9547069,"CHEBI:73134","HMDB0011503",NA,"53862-35-4",15359952.205468,3459906.01210629,22.5254998571844,22453535.5702891,15047961.394487,"C8","Pos",1
"C8-Pos-000316","1-Palmitoyl-2-hydroxy-sn-glycero-3-phosphoethanolamine","C21 H44 N O7 P",453.28554,90.4,"NIST23",14,0.34,454.29298,4.871,FALSE,"[M+H]+1","CCCCCCCCCCCCCCCC(=O)OC[C@@H](O)COP(=O)([O-])OCC[NH3+]","YVYMBNSKXOXSKW-HXUWFJFHSA-N","Lipids and lipid-like molecules","Glycerophospholipids","Glycerophosphoethanolamines","kegg:map00564",9547069,"CHEBI:73134","HMDB0011503",NA,"53862-35-4",2436660.20751044,587148.50654147,24.0964458126628,4197871.16455295,2336891.52733838,"C8","Pos",1
"C8-Pos-000011","1-Palmitoyl-2-linoleoyl-sn-glycero-3-phosphocholine","C42 H80 N O8 P",757.56215,98.9,"NIST23",3231,-0.93,758.56872,8.347,FALSE,"[M+H]+1","CCCCC/C=C\C/C=C\CCCCCCCC(=O)O[C@H](COC(=O)CCCCCCCCCCCCCCC)COP(=O)([O-])OCC[N+](C)(C)C","JLPULHDHAOZNQI-ZTIMHPMXSA-N","Lipids and lipid-like molecules","Glycerophospholipids","Glycerophosphocholines","wiki:WP1780;wiki:WP1978;wiki:WP2525;wiki:WP2650;wiki:WP2747;wiki:WP3579;wiki:WP4129;wiki:WP4288;wiki:WP4304;wiki:WP5121;wiki:WP5176;wiki:WP5221",5287971,"CHEBI:73002","HMDB0007973",NA,"8002-43-5",504485363.176829,146587421.606201,29.0568235088358,652062191.606753,554694979.955353,"C8","Pos",0
"C8-Pos-000149","1-Palmitoyl-2-linoleoyl-sn-glycero-3-phosphocholine","C42 H80 N O8 P",757.56215,98.9,"NIST23",3231,-0.25,758.56915,8.647,FALSE,"[M+H]+1","CCCCC/C=C\C/C=C\CCCCCCCC(=O)O[C@H](COC(=O)CCCCCCCCCCCCCCC)COP(=O)([O-])OCC[N+](C)(C)C","JLPULHDHAOZNQI-ZTIMHPMXSA-N","Lipids and lipid-like molecules","Glycerophospholipids","Glycerophosphocholines","wiki:WP1780;wiki:WP1978;wiki:WP2525;wiki:WP2650;wiki:WP2747;wiki:WP3579;wiki:WP4129;wiki:WP4288;wiki:WP4304;wiki:WP5121;wiki:WP5176;wiki:WP5221",5287971,"CHEBI:73002","HMDB0007973",NA,"8002-43-5",3439020.99460471,1265445.0567325,36.7966656416982,7241429.70053038,3072975.70485741,"C8","Pos",0
"Amide-Pos-000552","1-Palmitoyl-2-oleoyl-phosphatidylglycerol","C40 H77 O10 P",748.52543,77.8,"NIST23",25,-2.04,766.55774,1.106,FALSE,"[M+NH4]+1","CCCCCCCC/C=C\CCCCCCCC(=O)O[C@H](COC(=O)CCCCCCCCCCCCCCC)COP(=O)(O)OCC(O)CO","PAZGBAOHGQRCBP-DDDNOICHSA-N","Lipids and lipid-like molecules","Glycerophospholipids","Glycerophosphoglycerols",NA,5283509,"CHEBI:34080",NA,NA,"185435-28-3",89393.6766089902,86047.7667367135,96.2571067672809,236752.282007157,41297.8655207552,"Amide","Pos",1
"C8-Neg-000025","1-Palmitoyl-2-oleoyl-phosphatidylglycerol","C40 H77 O10 P",748.52543,93.1,"NIST23",25,-0.05,747.51812,7.95,FALSE,"[M-H]-1","CCCCCCCC/C=C\CCCCCCCC(=O)O[C@H](COC(=O)CCCCCCCCCCCCCCC)COP(=O)(O)OCC(O)CO","PAZGBAOHGQRCBP-DDDNOICHSA-N","Lipids and lipid-like molecules","Glycerophospholipids","Glycerophosphoglycerols",NA,5283509,"CHEBI:34080",NA,NA,"185435-28-3",5408484.07960405,2657557.72616881,49.1368318193028,12945720.5122636,4818170.52060626,"C8","Neg",1
"C8-Pos-000161","1-Palmitoyl-2-oleoyl-phosphatidylglycerol","C40 H77 O10 P",748.52543,88.4,"NIST23",25,-0.86,766.55862,7.945,FALSE,"[M+NH4]+1","CCCCCCCC/C=C\CCCCCCCC(=O)O[C@H](COC(=O)CCCCCCCCCCCCCCC)COP(=O)(O)OCC(O)CO","PAZGBAOHGQRCBP-DDDNOICHSA-N","Lipids and lipid-like molecules","Glycerophospholipids","Glycerophosphoglycerols",NA,5283509,"CHEBI:34080",NA,NA,"185435-28-3",8485198.13248235,2715516.21963924,32.0029795090337,14814742.8576103,7853778.10121354,"C8","Pos",1
"Amide-Pos-000369","1-Palmitoyl-3-oleoyl-sn-glycero-2-phosphoethanolamine","C39 H76 N O8 P",717.53085,77.9,"NIST23",7009,-1.99,718.5367,5.341,FALSE,"[M+H]+1","CCCCCCCC/C=C\CCCCCCCC(=O)OC[C@@H](COC(=O)CCCCCCCCCCCCCCC)OP(=O)([O-])OCC[NH3+]","BLMYNJDXEOSYBR-OTMQOFQLSA-N","Lipids and lipid-like molecules","Glycerophospholipids","Glycerophosphates",NA,97960522,NA,NA,NA,NA,1005876.33914521,726210.59586779,72.196806665611,3118133.19540563,934130.94131854,"Amide","Pos",1
"C8-Pos-000169","1-Palmitoyl-3-oleoyl-sn-glycero-2-phosphoethanolamine","C39 H76 N O8 P",717.53085,91.6,"NIST23",7009,-0.73,718.53759,8.603,FALSE,"[M+H]+1","CCCCCCCC/C=C\CCCCCCCC(=O)OC[C@@H](COC(=O)CCCCCCCCCCCCCCC)OP(=O)([O-])OCC[NH3+]","BLMYNJDXEOSYBR-OTMQOFQLSA-N","Lipids and lipid-like molecules","Glycerophospholipids","Glycerophosphates",NA,97960522,NA,NA,NA,NA,8393093.60559209,2065918.60341944,24.6145068850772,13549682.6891759,8231633.96398988,"C8","Pos",1
"Amide-Pos-000226","1-Palmitoyl-sn-glycero-3-phosphocholine","C24 H50 N O7 P",495.33249,87.8,"GNPS",27928,-1.63,496.33896,7.335,FALSE,"[M+H]+1","CCCCCCCCCCCCCCCC(=O)OC[C@H](COP(=O)([O-])OCC[N+](C)(C)C)O","ASWBNKHCZGQVJV-HSZRJFAPSA-N","Lipids and lipid-like molecules","Glycerophospholipids","Glycerophosphocholines","kegg:map00564;wiki:WP4195;wiki:WP4949",460602,"CHEBI:72998","HMDB0010382",NA,"17364-16-8",2221474.35120807,1883004.68769073,84.7637375001304,10055119.7410469,1731899.88207904,"Amide","Pos",1
"Amide-Pos-000472","1-Palmitoyl-sn-glycero-3-phosphocholine","C24 H50 N O7 P",495.33249,87.8,"GNPS",27928,-1.66,496.33894,7.169,FALSE,"[M+H]+1","CCCCCCCCCCCCCCCC(=O)OC[C@H](COP(=O)([O-])OCC[N+](C)(C)C)O","ASWBNKHCZGQVJV-HSZRJFAPSA-N","Lipids and lipid-like molecules","Glycerophospholipids","Glycerophosphocholines","kegg:map00564;wiki:WP4195;wiki:WP4949",460602,"CHEBI:72998","HMDB0010382",NA,"17364-16-8",283627.173695022,243000.059297303,85.6758737646893,1241812.3785096,219155.68896527,"Amide","Pos",1
"C18-Pos-000076","1-Palmitoyl-sn-glycero-3-phosphocholine","C24 H50 N O7 P",495.33249,87.7,"GNPS",27928,-1.25,496.33915,15.89,FALSE,"[M+H]+1","CCCCCCCCCCCCCCCC(=O)OC[C@H](COP(=O)([O-])OCC[N+](C)(C)C)O","ASWBNKHCZGQVJV-HSZRJFAPSA-N","Lipids and lipid-like molecules","Glycerophospholipids","Glycerophosphocholines","kegg:map00564;wiki:WP4195;wiki:WP4949",460602,"CHEBI:72998","HMDB0010382",NA,"17364-16-8",9861197.36730324,6697735.76374003,67.9201065982891,37656643.4497489,7997687.54283019,"C18","Pos",1
"C18-Pos-000185","1-Palmitoyl-sn-glycero-3-phosphocholine","C24 H50 N O7 P",495.33249,87.7,"GNPS",27928,-1.55,496.339,15.675,FALSE,"[M+H]+1","CCCCCCCCCCCCCCCC(=O)OC[C@H](COP(=O)([O-])OCC[N+](C)(C)C)O","ASWBNKHCZGQVJV-HSZRJFAPSA-N","Lipids and lipid-like molecules","Glycerophospholipids","Glycerophosphocholines","kegg:map00564;wiki:WP4195;wiki:WP4949",460602,"CHEBI:72998","HMDB0010382",NA,"17364-16-8",1201406.7338622,827573.354226662,68.8836953299099,4461749.58022562,999680.227675405,"C18","Pos",1
"C8-Pos-000009","1-Palmitoyl-sn-glycero-3-phosphocholine","C24 H50 N O7 P",495.33249,97.1,"GNPS",27928,-0.81,496.33936,4.951,FALSE,"[M+H]+1","CCCCCCCCCCCCCCCC(=O)OC[C@H](COP(=O)([O-])OCC[N+](C)(C)C)O","ASWBNKHCZGQVJV-HSZRJFAPSA-N","Lipids and lipid-like molecules","Glycerophospholipids","Glycerophosphocholines","kegg:map00564;wiki:WP4195;wiki:WP4949",460602,"CHEBI:72998","HMDB0010382",NA,"17364-16-8",362940887.378671,117142948.982879,32.2760408255296,661728779.876259,347785725.349065,"C8","Pos",1
"C8-Pos-000058","1-Palmitoyl-sn-glycero-3-phosphocholine","C24 H50 N O7 P",495.33249,87,"GNPS",30461,-0.06,496.33973,4.848,FALSE,"[M+H]+1","CCCCCCCCCCCCCCCC(=O)OC[C@H](COP(=O)([O-])OCC[N+](C)(C)C)O","ASWBNKHCZGQVJV-HSZRJFAPSA-N","Lipids and lipid-like molecules","Glycerophospholipids","Glycerophosphocholines","kegg:map00564;wiki:WP4195;wiki:WP4949",460602,"CHEBI:72998","HMDB0010382",NA,"17364-16-8",45024713.0566328,14629654.7680358,32.4924997292805,80662192.8220458,41081002.5315966,"C8","Pos",1
"C18-Pos-000236","1-Palmitoylglycerol","C19 H38 O4",330.27701,81.7,"NIST23",2252,-1.12,313.27339,18.032,FALSE,"[M+H-H2O]+1","CCCCCCCCCCCCCCCC(=O)OCC(O)CO","QHZLMUACJMDIAE-UHFFFAOYSA-N","Lipids and lipid-like molecules","Glycerolipids","Monoradylglycerols",NA,14900,"CHEBI:69081","HMDB0245964",NA,"542-44-9",844280.731907095,259304.499711,30.7130661533958,1637372.49361628,766983.148495925,"C18","Pos",1
"C8-Pos-000001","1-Palmitoylglycerol","C19 H38 O4",330.27701,95,"NIST23",335,-0.77,331.28402,5.291,FALSE,"[M+H]+1","CCCCCCCCCCCCCCCC(=O)OCC(O)CO","QHZLMUACJMDIAE-UHFFFAOYSA-N","Lipids and lipid-like molecules","Glycerolipids","Monoradylglycerols",NA,14900,"CHEBI:69081","HMDB0245964",NA,"542-44-9",1996196441.01694,108373400.914844,5.42899479670621,2127392312.7551,2023502639.18234,"C8","Pos",1
"C8-Pos-000045","1-Palmitoylglycerol","C19 H38 O4",330.27701,95,"NIST23",335,-0.35,313.27362,5.208,FALSE,"[M+H-H2O]+1","CCCCCCCCCCCCCCCC(=O)OCC(O)CO","QHZLMUACJMDIAE-UHFFFAOYSA-N","Lipids and lipid-like molecules","Glycerolipids","Monoradylglycerols",NA,14900,"CHEBI:69081","HMDB0245964",NA,"542-44-9",119412540.289733,12228067.1151996,10.2401867387884,134778548.919012,121097971.851445,"C8","Pos",1
"Amide-Pos-000269","1-Pyridin-3-yl-1,4-diazepane","C10 H15 N3",177.1266,60.2,"NIST23",4107,-1,178.1337,7.333,FALSE,"[M+H]+1","c1cncc(N2CCCNCC2)c1","JBOVXXZNZSULJJ-UHFFFAOYSA-N","Organic nitrogen compounds","Organonitrogen compounds","Amines",NA,10654891,NA,NA,NA,"223796-20-1",3933806.95656382,1955769.35217341,49.7169630784773,7234594.80664951,4397677.46457911,"Amide","Pos",1
"C18-Pos-000201","1-Pyridin-3-yl-1,4-diazepane","C10 H15 N3",177.1266,59.7,"NIST23",4107,-0.6,178.13377,6.12,FALSE,"[M+H]+1","c1cncc(N2CCCNCC2)c1","JBOVXXZNZSULJJ-UHFFFAOYSA-N","Organic nitrogen compounds","Organonitrogen compounds","Amines",NA,10654891,NA,NA,NA,"223796-20-1",1479285.97753209,696403.706893149,47.0770167141696,3067940.18321228,1448526.03525655,"C18","Pos",1
"C8-Neg-000009","1-Stearoyl-2-arachidonoyl-sn-glycero-3-phospho-(1'-myo-inositol)","C47 H83 O13 P",886.55713,81.7,"NIST23",3185,-0.65,885.54927,8.097,FALSE,"[M-H]-1","CCCCC/C=C\C/C=C\C/C=C\C/C=C\CCCC(=O)O[C@H](COC(=O)CCCCCCCCCCCCCCCCC)COP(=O)(O)O[C@@H]1[C@H](O)[C@H](O)[C@@H](O)[C@H](O)[C@H]1O","KRTOMQDUKGRFDJ-ZAHDIIMDSA-N","Organic compounds","Lipids and lipid-like molecules","Glycerophospholipids",NA,NA,NA,NA,NA,NA,17862927.5254009,11162710.9286395,62.4909377971008,47621935.9468222,14023010.2982593,"C8","Neg",1
"C8-Pos-000120","1-Stearoyl-2-arachidonoyl-sn-glycero-3-phospho-(1'-myo-inositol)","C47 H83 O13 P",886.55713,87.7,"NIST23",3185,-1.28,887.5631,8.101,FALSE,"[M+H]+1","CCCCC/C=C\C/C=C\C/C=C\C/C=C\CCCC(=O)O[C@H](COC(=O)CCCCCCCCCCCCCCCCC)COP(=O)(O)O[C@@H]1[C@H](O)[C@H](O)[C@@H](O)[C@H](O)[C@H]1O","KRTOMQDUKGRFDJ-ZAHDIIMDSA-N","Organic compounds","Lipids and lipid-like molecules","Glycerophospholipids",NA,NA,NA,NA,NA,NA,13033447.1979872,6561820.07632672,50.3460057546409,24326109.6988965,12393867.2242327,"C8","Pos",1
"C8-Neg-000012","1-Stearoyl-2-arachidonoyl-sn-glycero-3-phosphoserine","C44 H78 N O10 P",811.53633,88.5,"NIST23",4529,-0.51,810.52865,8.244,FALSE,"[M-H]-1","CCCCC/C=C\C/C=C\C/C=C\C/C=C\CCCC(=O)O[C@H](COC(=O)CCCCCCCCCCCCCCCCC)COP(=O)(O)OC[C@H](N)C(=O)O","SVOUGFFDROZBJI-DNALCEECSA-N","Lipids and lipid-like molecules","Glycerophospholipids","Glycerophosphoserines",NA,24779545,"CHEBI:79113","HMDB0012383",NA,"132014-80-3",11749431.8269601,8586259.14210014,73.0780795918847,36447539.1606274,11001446.1480868,"C8","Neg",1
"C8-Neg-000118","1-Stearoyl-2-arachidonoyl-sn-glycero-3-phosphoserine","C44 H78 N O10 P",811.53633,88.5,"NIST23",4529,-0.07,810.529,8.528,FALSE,"[M-H]-1","CCCCC/C=C\C/C=C\C/C=C\C/C=C\CCCC(=O)O[C@H](COC(=O)CCCCCCCCCCCCCCCCC)COP(=O)(O)OC[C@H](N)C(=O)O","SVOUGFFDROZBJI-DNALCEECSA-N","Lipids and lipid-like molecules","Glycerophospholipids","Glycerophosphoserines",NA,24779545,"CHEBI:79113","HMDB0012383",NA,"132014-80-3",1151745.89794695,386297.188870857,33.5401401958065,2278580.07165187,1101013.86780214,"C8","Neg",1
"C8-Pos-000066","1-Stearoyl-2-arachidonoyl-sn-glycero-3-phosphoserine","C44 H78 N O10 P",811.53633,93.8,"NIST23",4529,-0.73,812.54302,8.264,FALSE,"[M+H]+1","CCCCC/C=C\C/C=C\C/C=C\C/C=C\CCCC(=O)O[C@H](COC(=O)CCCCCCCCCCCCCCCCC)COP(=O)(O)OC[C@H](N)C(=O)O","SVOUGFFDROZBJI-DNALCEECSA-N","Lipids and lipid-like molecules","Glycerophospholipids","Glycerophosphoserines",NA,24779545,"CHEBI:79113","HMDB0012383",NA,"132014-80-3",21451330.5764159,14880445.2545549,69.3684021210082,64307775.4685089,17177499.9710065,"C8","Pos",1
"C8-Pos-000114","1-Stearoyl-2-arachidonoyl-sn-glycero-3-phosphoserine","C44 H78 N O10 P",811.53633,93.8,"NIST23",4529,-0.75,812.54297,8.493,FALSE,"[M+H]+1","CCCCC/C=C\C/C=C\C/C=C\C/C=C\CCCC(=O)O[C@H](COC(=O)CCCCCCCCCCCCCCCCC)COP(=O)(O)OC[C@H](N)C(=O)O","SVOUGFFDROZBJI-DNALCEECSA-N","Lipids and lipid-like molecules","Glycerophospholipids","Glycerophosphoserines",NA,24779545,"CHEBI:79113","HMDB0012383",NA,"132014-80-3",7362447.19420537,5318085.2088931,72.2325752377376,25736901.798716,5433414.90193763,"C8","Pos",1
"C8-Pos-000019","1-Stearoyl-2-arachidonyl-sn-glycero-3-phosphocholine","C46 H84 N O8 P",809.59345,94.9,"NIST23",5155,-0.89,810.60001,8.752,FALSE,"[M+H]+1",NA,"PSVRFUPOQYJOOZ-RYIOQAQXSA-N","Lipids and lipid-like molecules","Glycerophospholipids","Glycerophosphocholines",NA,14370457,NA,NA,NA,NA,293982569.817443,20980139.959109,7.13652512532875,346642210.948575,288771161.330428,"C8","Pos",0
"C8-Pos-000037","1-Stearoyl-2-arachidonyl-sn-glycero-3-phosphocholine","C46 H84 N O8 P",809.59345,94.9,"NIST23",5155,-0.75,810.60011,8.629,FALSE,"[M+H]+1",NA,"PSVRFUPOQYJOOZ-RYIOQAQXSA-N","Lipids and lipid-like molecules","Glycerophospholipids","Glycerophosphocholines",NA,14370457,NA,NA,NA,NA,87140898.1666163,19128878.9195404,21.9516660052841,141939915.377794,85793285.4717428,"C8","Pos",0
"C8-Pos-000046","1-Stearoyl-2-docosahexaenoyl-sn-glycero-3-phosphocholine","C48 H84 N O8 P",833.59345,91.8,"NIST23",4545,-0.79,834.60007,8.686,FALSE,"[M+H]+1","CC/C=C\C/C=C\C/C=C\C/C=C\C/C=C\C/C=C\CCC(=O)O[C@H](COC(=O)CCCCCCCCCCCCCCCCC)COP(=O)([O-])OCC[N+](C)(C)C","FAUYAENFVCNTAL-PFFNLMTBSA-N","Lipids and lipid-like molecules","Glycerophospholipids","Glycerophosphocholines",NA,24778876,"CHEBI:84829","HMDB0008057",NA,NA,103032188.594585,13618327.9766528,13.2175470233275,131929544.891278,99439284.7190038,"C8","Pos",0
"C8-Pos-000140","1-Stearoyl-2-docosahexaenoyl-sn-glycero-3-phosphocholine","C48 H84 N O8 P",833.59345,91.8,"NIST23",4545,-1.14,834.59978,8.541,FALSE,"[M+H]+1","CC/C=C\C/C=C\C/C=C\C/C=C\C/C=C\C/C=C\CCC(=O)O[C@H](COC(=O)CCCCCCCCCCCCCCCCC)COP(=O)([O-])OCC[N+](C)(C)C","FAUYAENFVCNTAL-PFFNLMTBSA-N","Lipids and lipid-like molecules","Glycerophospholipids","Glycerophosphocholines",NA,24778876,"CHEBI:84829","HMDB0008057",NA,NA,10740051.4352136,4066948.82901553,37.8671261822933,18589437.6041738,10759637.7286191,"C8","Pos",0
"C8-Pos-000096","1-Stearoyl-2-hydroxy-sn-glycero-3-phosphoethanolamine","C23 H48 N O7 P",481.31684,89.7,"NIST23",16,-0.11,482.32406,5.472,FALSE,"[M+H]+1","CCCCCCCCCCCCCCCCCC(=O)OC[C@@H](O)COP(=O)([O-])OCC[NH3+]","BBYWOYAFBUOUFP-JOCHJYFZSA-N","Lipids and lipid-like molecules","Glycerophospholipids","Glycerophosphoethanolamines","wiki:WP4313",9547068,"CHEBI:83047","HMDB0011130","C21484","69747-55-3",20044337.7671773,6125539.89510893,30.5599514748725,33043754.0800053,18761189.3951337,"C8","Pos",1
"C8-Pos-000309","1-Stearoyl-2-hydroxy-sn-glycero-3-phosphoethanolamine","C23 H48 N O7 P",481.31684,89.7,"NIST23",16,-0.16,482.32403,5.346,FALSE,"[M+H]+1","CCCCCCCCCCCCCCCCCC(=O)OC[C@@H](O)COP(=O)([O-])OCC[NH3+]","BBYWOYAFBUOUFP-JOCHJYFZSA-N","Lipids and lipid-like molecules","Glycerophospholipids","Glycerophosphoethanolamines","wiki:WP4313",9547068,"CHEBI:83047","HMDB0011130","C21484","69747-55-3",2478721.26054639,735047.433190948,29.6542997750751,4386916.48511303,2312637.59132463,"C8","Pos",1
"Amide-Pos-000453","1-Stearoyl-2-oleoyl-sn-glycero-3-phosphoethanolamine","C41 H80 N O8 P",745.56215,86.5,"NIST23",6785,-3.44,746.56687,5.282,FALSE,"[M+H]+1","CCCCCCCC/C=C\CCCCCCCC(=O)O[C@H](COC(=O)CCCCCCCCCCCCCCCCC)COP(=O)([O-])OCC[NH3+]","JQKOHRZNEOQNJE-DJEJVYNPSA-N","Lipids and lipid-like molecules","Glycerophospholipids","Glycerophosphoethanolamines",NA,9546742,NA,"HMDB0008993",NA,"6418-95-7",560590.176632358,403928.206036914,72.0540999243758,1503174.01414134,476055.616018062,"Amide","Pos",1
"C8-Pos-000195","1-Stearoyl-2-oleoyl-sn-glycero-3-phosphoethanolamine","C41 H80 N O8 P",745.56215,88.5,"NIST23",15,-0.72,746.56869,9.012,FALSE,"[M+H]+1","CCCCCCCC/C=C\CCCCCCCC(=O)O[C@H](COC(=O)CCCCCCCCCCCCCCCCC)COP(=O)([O-])OCC[NH3+]","JQKOHRZNEOQNJE-DJEJVYNPSA-N","Lipids and lipid-like molecules","Glycerophospholipids","Glycerophosphoethanolamines",NA,9546742,NA,"HMDB0008993",NA,"6418-95-7",4669054.93042336,2052425.28296721,43.958045333622,10753150.8241293,4245541.78762413,"C8","Pos",1
"C8-Pos-000005","1-Stearoylglycerol","C21 H42 O4",358.30831,96.1,"mzCloud",939,-0.48,359.31537,5.84,FALSE,"[M+H]+1","CCCCCCCCCCCCCCCCCC(=O)OCC(CO)O","VBICKXHEKHSIBG-UHFFFAOYSA-N","Lipids and lipid-like molecules","Glycerolipids","Monoradylglycerols",NA,24699,"CHEBI:75555",NA,NA,"11099-07-3",868949484.537366,113887744.92668,13.1063711934089,1092195473.57573,833120753.358199,"C8","Pos",0
"C8-Pos-000052","1-Stearoylglycerol","C21 H42 O4",358.30831,96.1,"mzCloud",939,-0.1,381.29751,5.742,FALSE,"[M+Na]+1","CCCCCCCCCCCCCCCCCC(=O)OCC(CO)O","VBICKXHEKHSIBG-UHFFFAOYSA-N","Lipids and lipid-like molecules","Glycerolipids","Monoradylglycerols",NA,24699,"CHEBI:75555",NA,NA,"11099-07-3",85929482.3000713,8945581.85358835,10.4103755941992,98634181.6461755,87462921.6164157,"C8","Pos",0
"Amide-Pos-000454","1-[2-(2-Hydroxypropoxy)-1-methylethoxy]-2-propanol","C9 H20 O4",192.13616,52.9,"NIST23",47299,-0.95,193.14325,1.033,FALSE,"[M+H]+1","CC(COCC(C)OCC(C)O)O","LEQCJROTXBYLEU-UHFFFAOYSA-N","Organic oxygen compounds","Organooxygen compounds","Alcohols and polyols",NA,92896,NA,NA,NA,"1638-16-0",455457.49607967,339247.078212436,74.4849038894935,1461693.09239906,366198.163326979,"Amide","Pos",0
"Amide-Pos-000501","1-[2-(2-Hydroxypropoxy)-1-methylethoxy]-2-propanol","C9 H20 O4",192.13616,52.9,"NIST23",47299,-0.91,193.14326,1.113,FALSE,"[M+H]+1","CC(COCC(C)OCC(C)O)O","LEQCJROTXBYLEU-UHFFFAOYSA-N","Organic oxygen compounds","Organooxygen compounds","Alcohols and polyols",NA,92896,NA,NA,NA,"1638-16-0",373745.637556297,109557.315953066,29.3133363828397,588805.053701311,330987.053556866,"Amide","Pos",0
"Amide-Neg-000275","1-β-D-Arabinofuranosyluracil 5'-monophosphate","C9 H13 N2 O9 P",324.03587,95.8,"NIST23",10024,0.11,323.02862,13.152,FALSE,"[M-H]-1","O=c1ccn([C@@H]2O[C@H](COP(=O)(O)O)[C@@H](O)[C@@H]2O)c(=O)[nH]1","DJJCXFVJDGTHFX-CCXZUQQUSA-N","Nucleosides, nucleotides, and analogues","Pyrimidine nucleotides","Pyrimidine ribonucleotides",NA,18817,"CHEBI:190946",NA,NA,"18354-06-8",1931013.10166377,880677.662859957,45.6070268037623,4562467.24302755,1559640.66185549,"Amide","Neg",1
"Amide-Neg-000470","1-β-D-Arabinofuranosyluracil 5'-monophosphate","C9 H13 N2 O9 P",324.03587,95.8,"NIST23",10024,0.4,323.02872,13.278,FALSE,"[M-H]-1","O=c1ccn([C@@H]2O[C@H](COP(=O)(O)O)[C@@H](O)[C@@H]2O)c(=O)[nH]1","DJJCXFVJDGTHFX-CCXZUQQUSA-N","Nucleosides, nucleotides, and analogues","Pyrimidine nucleotides","Pyrimidine ribonucleotides",NA,18817,"CHEBI:190946",NA,NA,"18354-06-8",512585.675614939,286090.758642705,55.8132566423141,985784.251849664,421632.360053183,"Amide","Neg",1
"C18-Neg-000036","1-β-D-Arabinofuranosyluracil 5'-monophosphate","C9 H13 N2 O9 P",324.03587,91.3,"NIST23",10024,0.19,323.02865,2.472,FALSE,"[M-H]-1","O=c1ccn([C@@H]2O[C@H](COP(=O)(O)O)[C@@H](O)[C@@H]2O)c(=O)[nH]1","DJJCXFVJDGTHFX-CCXZUQQUSA-N","Nucleosides, nucleotides, and analogues","Pyrimidine nucleotides","Pyrimidine ribonucleotides",NA,18817,"CHEBI:190946",NA,NA,"18354-06-8",14393565.1431088,7612099.45954721,52.885434455352,19776132.2900211,14393565.1431088,"C18","Neg",1
"C18-Neg-000043","1-β-D-Arabinofuranosyluracil 5'-monophosphate","C9 H13 N2 O9 P",324.03587,91.3,"NIST23",10024,0.12,323.02863,3.805,FALSE,"[M-H]-1","O=c1ccn([C@@H]2O[C@H](COP(=O)(O)O)[C@@H](O)[C@@H]2O)c(=O)[nH]1","DJJCXFVJDGTHFX-CCXZUQQUSA-N","Nucleosides, nucleotides, and analogues","Pyrimidine nucleotides","Pyrimidine ribonucleotides",NA,18817,"CHEBI:190946",NA,NA,"18354-06-8",6506863.49472422,4322614.16037119,66.4316096976059,13311027.3109069,6251070.41222124,"C18","Neg",1
"C8-Pos-000426","11-Hydroxy-δ(9)-THC","C21 H30 O3",330.21949,74.4,"mzCloud",1859,-0.35,331.22664,3.938,FALSE,"[M+H]+1","CCCCCC1=CC2=C(C3C=C(CCC3C(O2)(C)C)CO)C(=C1)O","YCBKSSAWEUDACY-UHFFFAOYSA-N","Organoheterocyclic compounds","Benzopyrans","1-benzopyrans","wiki:WP3869;wiki:WP4174",37482,NA,"HMDB0060906",NA,"26108-40-7",356190.976008625,417008.622025856,117.074448852898,1864886.87392877,201487.255565727,"C8","Pos",0
"C8-Pos-000567","11-Hydroxy-δ(9)-THC","C21 H30 O3",330.21949,74.4,"mzCloud",1859,-0.01,331.22677,3.718,FALSE,"[M+H]+1","CCCCCC1=CC2=C(C3C=C(CCC3C(O2)(C)C)CO)C(=C1)O","YCBKSSAWEUDACY-UHFFFAOYSA-N","Organoheterocyclic compounds","Benzopyrans","1-benzopyrans","wiki:WP3869;wiki:WP4174",37482,NA,"HMDB0060906",NA,"26108-40-7",125345.813731211,148926.966043577,118.81287584357,710563.177438598,81851.1858263735,"C8","Pos",0
"C8-Pos-000461","16-Deoxyvertaline B","C27 H45 N O2",415.34503,73.4,"NIST23",6181,0.3,416.35243,3.429,FALSE,"[M+H]+1",NA,"IYNBEJALSUEFDB-HLMDCDHGSA-N","Organic compounds","Lipids and lipid-like molecules","Steroids and steroid derivatives",NA,NA,NA,NA,NA,NA,298515.468278956,412164.754698132,138.071489921243,1409216.91494118,119633.655375433,"C8","Pos",0
"C8-Pos-000466","16-Deoxyvertaline B","C27 H45 N O2",415.34503,73.4,"NIST23",6181,0.34,416.35245,4.868,FALSE,"[M+H]+1",NA,"IYNBEJALSUEFDB-HLMDCDHGSA-N","Organic compounds","Lipids and lipid-like molecules","Steroids and steroid derivatives",NA,NA,NA,NA,NA,NA,611348.456697623,307624.906366835,50.3190779328307,1357902.73403951,639694.721743677,"C8","Pos",0
"C8-Pos-000587","18-HETE","C20 H32 O3",320.23514,69,"mzCloud",4720,-0.37,321.24229,4.457,FALSE,"[M+H]+1","CCC(CCC=CCC=CCC=CCC=CCCCC(=O)O)O","PPCHNRUZQWLEMF-XBOCNYGYSA-N","Lipids and lipid-like molecules","Fatty Acyls","Eicosanoids","reactome:R-HSA-211935;reactome:R-HSA-2142816;wiki:WP2650;wiki:WP4720;wiki:WP5155",6442778,"CHEBI:63579","HMDB0062302",NA,"133268-58-3",336840.837379613,131094.941196319,38.9189571597512,607745.707833202,300093.310382074,"C8","Pos",0
"C8-Pos-000602","18-HETE","C20 H32 O3",320.23514,69,"mzCloud",4720,-1.35,321.24211,4.103,FALSE,"[M+H]+1","CCC(CCC=CCC=CCC=CCC=CCCCC(=O)O)O","PPCHNRUZQWLEMF-XBOCNYGYSA-N","Lipids and lipid-like molecules","Fatty Acyls","Eicosanoids","reactome:R-HSA-211935;reactome:R-HSA-2142816;wiki:WP2650;wiki:WP4720;wiki:WP5155",6442778,"CHEBI:63579","HMDB0062302",NA,"133268-58-3",375231.67198249,227112.715518186,60.5259983301153,535824.613219091,375231.67198249,"C8","Pos",0
"Amide-Neg-000175","1H-Imidazole-4-carboxylic acid","C4 H4 N2 O2",112.02728,85.2,"mzCloud",3257,-1.19,111.01987,9.306,FALSE,"[M-H]-1","C1=C(NC=N1)C(=O)O","NKWCGTOZTHZDHB-UHFFFAOYSA-N","Organoheterocyclic compounds","Azoles","Imidazoles",NA,14080,"CHEBI:218399",NA,NA,"1072-84-0",2173342.31570521,2525823.82971358,116.218407540369,10649814.591314,977051.625197396,"Amide","Neg",0
"Amide-Neg-000180","1H-Imidazole-4-carboxylic acid","C4 H4 N2 O2",112.02728,85.2,"mzCloud",3257,-0.06,111.01999,2.036,FALSE,"[M-H]-1","C1=C(NC=N1)C(=O)O","NKWCGTOZTHZDHB-UHFFFAOYSA-N","Organoheterocyclic compounds","Azoles","Imidazoles",NA,14080,"CHEBI:218399",NA,NA,"1072-84-0",2232963.97170416,2025808.88738186,90.7228649030014,10286161.5784244,1679995.07551755,"Amide","Neg",0
"Amide-Neg-000119","2'-Deoxyguanosine 5'-monophosphate (dGMP)","C10 H14 N5 O7 P",347.06308,65.1,"mzCloud",395,0.08,346.05583,13.054,FALSE,"[M-H]-1","C1C(C(OC1N2C=NC3=C2N=C(N=C3O)N)COP(=O)(O)O)O","LTFMZDNNPPEQNG-KVQBGUIXSA-N","Nucleosides, nucleotides, and analogues","Purine nucleotides","Purine deoxyribonucleotides","reactome:R-HSA-1834949;reactome:R-HSA-3134975;reactome:R-HSA-3248023;reactome:R-HSA-499943;reactome:R-HSA-74217;reactome:R-HSA-74259;reactome:R-HSA-8956319;reactome:R-HSA-8956321;wiki:WP2794;wiki:WP4042;wiki:WP4059;wiki:WP4082;wiki:WP4224;wiki:WP4792;wiki:WP5269",65059,NA,NA,NA,NA,9093925.49620837,3083773.71748244,33.9102593128588,15680414.7352192,8598949.33038376,"Amide","Neg",1
"Amide-Neg-000387","2'-Deoxyguanosine 5'-monophosphate (dGMP)","C10 H14 N5 O7 P",347.06308,65.1,"mzCloud",395,0.06,346.05583,13.283,FALSE,"[M-H]-1","C1C(C(OC1N2C=NC3=C2N=C(N=C3O)N)COP(=O)(O)O)O","LTFMZDNNPPEQNG-KVQBGUIXSA-N","Nucleosides, nucleotides, and analogues","Purine nucleotides","Purine deoxyribonucleotides","reactome:R-HSA-1834949;reactome:R-HSA-3134975;reactome:R-HSA-3248023;reactome:R-HSA-499943;reactome:R-HSA-74217;reactome:R-HSA-74259;reactome:R-HSA-8956319;reactome:R-HSA-8956321;wiki:WP2794;wiki:WP4042;wiki:WP4059;wiki:WP4082;wiki:WP4224;wiki:WP4792;wiki:WP5269",65059,NA,NA,NA,NA,769482.483419436,238580.370383356,31.0053023329588,930751.078020154,882277.561935915,"Amide","Neg",1
"C18-Neg-000007","2'-Deoxyguanosine 5'-monophosphate (dGMP)","C10 H14 N5 O7 P",347.06308,70.1,"mzCloud",395,-0.14,346.05576,2.33,FALSE,"[M-H]-1","C1C(C(OC1N2C=NC3=C2N=C(N=C3O)N)COP(=O)(O)O)O","LTFMZDNNPPEQNG-KVQBGUIXSA-N","Nucleosides, nucleotides, and analogues","Purine nucleotides","Purine deoxyribonucleotides","reactome:R-HSA-1834949;reactome:R-HSA-3134975;reactome:R-HSA-3248023;reactome:R-HSA-499943;reactome:R-HSA-74217;reactome:R-HSA-74259;reactome:R-HSA-8956319;reactome:R-HSA-8956321;wiki:WP2794;wiki:WP4042;wiki:WP4059;wiki:WP4082;wiki:WP4224;wiki:WP4792;wiki:WP5269",65059,NA,NA,NA,NA,59930251.7893857,33179313.1823435,55.3632133883674,82402277.1342945,73352844.9029388,"C18","Neg",1
"C18-Neg-000011","2'-Deoxyguanosine 5'-monophosphate (dGMP)","C10 H14 N5 O7 P",347.06308,70.1,"mzCloud",395,0,346.05581,1.963,FALSE,"[M-H]-1","C1C(C(OC1N2C=NC3=C2N=C(N=C3O)N)COP(=O)(O)O)O","LTFMZDNNPPEQNG-KVQBGUIXSA-N","Nucleosides, nucleotides, and analogues","Purine nucleotides","Purine deoxyribonucleotides","reactome:R-HSA-1834949;reactome:R-HSA-3134975;reactome:R-HSA-3248023;reactome:R-HSA-499943;reactome:R-HSA-74217;reactome:R-HSA-74259;reactome:R-HSA-8956319;reactome:R-HSA-8956321;wiki:WP2794;wiki:WP4042;wiki:WP4059;wiki:WP4082;wiki:WP4224;wiki:WP4792;wiki:WP5269",65059,NA,NA,NA,NA,27133457.5350765,18192642.9337241,67.0487456683535,47323691.155737,22062094.9654855,"C18","Neg",1
"C8-Neg-000015","2'-Deoxyguanosine 5'-monophosphate (dGMP)","C10 H14 N5 O7 P",347.06308,65.6,"mzCloud",395,-1.47,346.0553,1.191,FALSE,"[M-H]-1","C1C(C(OC1N2C=NC3=C2N=C(N=C3O)N)COP(=O)(O)O)O","LTFMZDNNPPEQNG-KVQBGUIXSA-N","Nucleosides, nucleotides, and analogues","Purine nucleotides","Purine deoxyribonucleotides","reactome:R-HSA-1834949;reactome:R-HSA-3134975;reactome:R-HSA-3248023;reactome:R-HSA-499943;reactome:R-HSA-74217;reactome:R-HSA-74259;reactome:R-HSA-8956319;reactome:R-HSA-8956321;wiki:WP2794;wiki:WP4042;wiki:WP4059;wiki:WP4082;wiki:WP4224;wiki:WP4792;wiki:WP5269",65059,NA,NA,NA,NA,9815125.86989624,4653308.83800546,47.4095686564502,19551664.8342801,9174001.60966133,"C8","Neg",1
"C18-Pos-000221","2,2'-(Tetradecylimino)diethanol","C18 H39 N O2",301.29808,78.3,"MoNA",130317,-1.13,302.30502,13.601,FALSE,"[M+H]+1","CCCCCCCCCCCCCCN(CCO)CCO","CPHJEACXPATRSU-UHFFFAOYSA-N","Organic nitrogen compounds","Organonitrogen compounds","Amines",NA,12942137,NA,NA,NA,"18924-66-8",1964443.52914682,106741.528469502,5.43367762349783,2210355.44141079,1935614.7835123,"C18","Pos",1
"C8-Pos-000421","2,2'-(Tetradecylimino)diethanol","C18 H39 N O2",301.29808,54.5,"MoNA",130315,-0.09,302.30533,4.305,FALSE,"[M+H]+1","CCCCCCCCCCCCCCN(CCO)CCO","CPHJEACXPATRSU-UHFFFAOYSA-N","Organic nitrogen compounds","Organonitrogen compounds","Amines",NA,12942137,NA,NA,NA,"18924-66-8",1429127.53467885,375371.265379764,26.2657639903436,1939188.22166628,1453921.89648088,"C8","Pos",1
"C18-Pos-000085","2,2,6,6-Tetramethyl-1-piperidinol (TEMPO)","C9 H19 N O",157.14666,89,"mzCloud",1418,-1.36,158.15373,13.721,FALSE,"[M+H]+1","CC1(CCCC(N1O)(C)C)C","VUZNLSBZRVZGIK-UHFFFAOYSA-N","Organoheterocyclic compounds","Piperidines",NA,NA,549976,"CHEBI:172380","HMDB0245345",NA,"2564-83-2",29618370.3286062,1210151.72614722,4.08581469108859,32516635.2096122,29251942.8541906,"C18","Pos",0
"C18-Pos-000205","2,2,6,6-Tetramethyl-1-piperidinol (TEMPO)","C9 H19 N O",157.14666,89,"mzCloud",1418,-0.55,158.15385,2.031,FALSE,"[M+H]+1","CC1(CCCC(N1O)(C)C)C","VUZNLSBZRVZGIK-UHFFFAOYSA-N","Organoheterocyclic compounds","Piperidines",NA,NA,549976,"CHEBI:172380","HMDB0245345",NA,"2564-83-2",1400503.70925928,1424959.33960534,101.746202468753,2937326.66066617,1377460.08724489,"C18","Pos",0
"Amide-Neg-000065","2,4(3H,5H)-Furandione","C4 H4 O3",100.01604,79.9,"NIST23",2849,-0.56,99.00871,5.144,FALSE,"[M-H]-1","O=C1C=C(O)CO1","JZQBAGOECGRTSA-UHFFFAOYSA-N","Organoheterocyclic compounds","Dihydrofurans","Furanones",NA,54683813,NA,NA,NA,"541-57-1",23771277.009968,11024512.3660034,46.3774510783771,38523663.2446165,24440571.7639676,"Amide","Neg",0
"Amide-Neg-000077","2,4(3H,5H)-Furandione","C4 H4 O3",100.01604,79.9,"NIST23",2849,0.15,99.00879,3.17,FALSE,"[M-H]-1","O=C1C=C(O)CO1","JZQBAGOECGRTSA-UHFFFAOYSA-N","Organoheterocyclic compounds","Dihydrofurans","Furanones",NA,54683813,NA,NA,NA,"541-57-1",19020021.9074919,5122302.94458217,26.9311095933308,27166432.657528,17071071.5934806,"Amide","Neg",0
"Amide-Neg-000547","2,4-Bis(1,1-dimethylethyl)phenol phosphate","C28 H43 O4 P",474.2899,84.3,"NIST23",10200,0.8,473.283,0.75,FALSE,"[M-H]-1","CC(C)(C)C1=CC(=C(C=C1)OP(=O)(O)OC2=C(C=C(C=C2)C(C)(C)C)C(C)(C)C)C(C)(C)C","GUDSEWUOWPVZPC-UHFFFAOYSA-N","Organic acids and derivatives","Organic phosphoric acids and derivatives","Phosphate esters",NA,21199342,NA,NA,NA,"69284-93-1",261748.46655148,135721.76408853,51.851980596737,591028.422231327,234258.354447433,"Amide","Neg",1
"C8-Neg-000006","2,4-Bis(1,1-dimethylethyl)phenol phosphate","C28 H43 O4 P",474.2899,90.4,"NIST23",10200,-0.81,473.28224,5.45,FALSE,"[M-H]-1","CC(C)(C)C1=CC(=C(C=C1)OP(=O)(O)OC2=C(C=C(C=C2)C(C)(C)C)C(C)(C)C)C(C)(C)C","GUDSEWUOWPVZPC-UHFFFAOYSA-N","Organic acids and derivatives","Organic phosphoric acids and derivatives","Phosphate esters",NA,21199342,NA,NA,NA,"69284-93-1",41957239.7212316,7876444.68364689,18.7725520934619,62098024.6812082,42147376.7686469,"C8","Neg",1
"C8-Neg-000076","2,4-Bis(1,1-dimethylethyl)phenol phosphate","C28 H43 O4 P",474.2899,90.4,"NIST23",10200,-0.72,473.28228,6.416,FALSE,"[M-H]-1","CC(C)(C)C1=CC(=C(C=C1)OP(=O)(O)OC2=C(C=C(C=C2)C(C)(C)C)C(C)(C)C)C(C)(C)C","GUDSEWUOWPVZPC-UHFFFAOYSA-N","Organic acids and derivatives","Organic phosphoric acids and derivatives","Phosphate esters",NA,21199342,NA,NA,NA,"69284-93-1",2879504.35267228,562202.996556687,19.524297507484,4102580.77554734,2729008.17141277,"C8","Neg",1
"C8-Pos-000199","2,4-Bis(1,1-dimethylethyl)phenol phosphate","C28 H43 O4 P",474.2899,96,"NIST23",10200,0.02,475.29715,5.58,FALSE,"[M+H]+1","CC(C)(C)C1=CC(=C(C=C1)OP(=O)(O)OC2=C(C=C(C=C2)C(C)(C)C)C(C)(C)C)C(C)(C)C","GUDSEWUOWPVZPC-UHFFFAOYSA-N","Organic acids and derivatives","Organic phosphoric acids and derivatives","Phosphate esters",NA,21199342,NA,NA,NA,"69284-93-1",8579052.19100027,932531.724622398,10.8698688836589,10403901.8346963,8495224.03875281,"C8","Pos",1
"Amide-Pos-000466","2,4-Xylidine","C8 H11 N",121.08915,68,"mzCloud",7464,-1.26,122.09627,1.093,FALSE,"[M+H]+1","CC1=CC(=C(C=C1)N)C","CZZZABOKJQXEBO-UHFFFAOYSA-N","Benzenoids","Benzene and substituted derivatives","Xylenes",NA,7250,"CHEBI:27840",NA,"C11003","95-68-1",1075070.33814774,110685.426700729,10.295645110201,1244979.76504368,1080239.25471871,"Amide","Pos",0
"Amide-Pos-000493","2,4-Xylidine","C8 H11 N",121.08915,68,"mzCloud",7464,-1.94,122.09631,0.568,FALSE,"[M+H]+1","CC1=CC(=C(C=C1)N)C","CZZZABOKJQXEBO-UHFFFAOYSA-N","Benzenoids","Benzene and substituted derivatives","Xylenes",NA,7250,"CHEBI:27840",NA,"C11003","95-68-1",271124.59932874,186190.739846488,68.6734956206358,732776.668492038,237503.306415742,"Amide","Pos",0
"Amide-Neg-000584","2,5-di-tert-Butylhydroquinone","C14 H22 O2",222.16198,62.1,"mzCloud",1440,0.26,221.15476,1.008,FALSE,"[M-H]-1","CC(C)(C)C1=CC(=C(C=C1O)C(C)(C)C)O","JZODKRWQWUWGCD-UHFFFAOYSA-N","Benzenoids","Benzene and substituted derivatives","Phenylpropanes",NA,2374,"CHEBI:41094","HMDB0245492",NA,"88-58-4",167725.906369737,72376.5592276494,43.1516876516988,318954.974374397,160035.987531358,"Amide","Neg",1
"C18-Neg-000234","2,5-di-tert-Butylhydroquinone","C14 H22 O2",222.16198,58.1,"mzCloud",1440,-0.07,221.15469,15.928,FALSE,"[M-H]-1","CC(C)(C)C1=CC(=C(C=C1O)C(C)(C)C)O","JZODKRWQWUWGCD-UHFFFAOYSA-N","Benzenoids","Benzene and substituted derivatives","Phenylpropanes",NA,2374,"CHEBI:41094","HMDB0245492",NA,"88-58-4",21375.1791299485,2036.70204914341,9.5283507883675,24922.5704321417,21036.693015469,"C18","Neg",1
"C8-Neg-000203","2,5-di-tert-Butylhydroquinone","C14 H22 O2",222.16198,77.5,"mzCloud",1440,-1.12,221.15445,3.967,FALSE,"[M-H]-1","CC(C)(C)C1=CC(=C(C=C1O)C(C)(C)C)O","JZODKRWQWUWGCD-UHFFFAOYSA-N","Benzenoids","Benzene and substituted derivatives","Phenylpropanes",NA,2374,"CHEBI:41094","HMDB0245492",NA,"88-58-4",253151.253542423,35040.5291866571,13.8417363913172,331044.328510225,242392.799711954,"C8","Neg",1
"C8-Pos-000373","2,6-Di-tert-butyl-1,4-benzoquinone","C14 H20 O2",220.14633,54.1,"mzCloud",607,0.72,504.30874,5.135,FALSE,"[2M+ACN+Na]+1","CC(C)(C)C1=CC(=O)C=C(C1=O)C(C)(C)C","RDQSIADLBQFVMY-UHFFFAOYSA-N","Lipids and lipid-like molecules","Prenol lipids","Monoterpenoids",NA,12867,"CHEBI:89187","HMDB0013817",NA,"719-22-2",1310870.04297436,311475.778965716,23.7609960373325,1531116.67845638,1310870.04297436,"C8","Pos",0
"C8-Pos-000524","2,6-Di-tert-butyl-1,4-benzoquinone","C14 H20 O2",220.14633,54.1,"mzCloud",607,-0.2,221.15356,4.222,FALSE,"[M+H]+1","CC(C)(C)C1=CC(=O)C=C(C1=O)C(C)(C)C","RDQSIADLBQFVMY-UHFFFAOYSA-N","Lipids and lipid-like molecules","Prenol lipids","Monoterpenoids",NA,12867,"CHEBI:89187","HMDB0013817",NA,"719-22-2",588310.710300932,118350.435227339,20.1169948387988,905000.830275504,578142.097714885,"C8","Pos",0
"Amide-Pos-000391","2-(1-Piperazinyl)acetamide","C6 H13 N3 O",143.10586,57,"NIST23",13193,-1.89,176.13908,8.804,FALSE,"[M+H+MeOH]+1","NC(=O)CN1CCNCC1","VNRJGEMERJZKLQ-UHFFFAOYSA-N","Organic acids and derivatives","Carboxylic acids and derivatives","Amino acids, peptides, and analogues",NA,3409342,NA,NA,NA,NA,1603856.32856431,74920.2950565734,4.6712597457927,1656832.97724731,1603856.32856431,"Amide","Pos",0
"Amide-Pos-000451","2-(1-Piperazinyl)acetamide","C6 H13 N3 O",143.10586,57,"NIST23",13193,-1.35,144.11295,15.754,FALSE,"[M+H]+1","NC(=O)CN1CCNCC1","VNRJGEMERJZKLQ-UHFFFAOYSA-N","Organic acids and derivatives","Carboxylic acids and derivatives","Amino acids, peptides, and analogues",NA,3409342,NA,NA,NA,NA,544975.356290117,360224.311550504,66.0991928153791,1529881.36576605,467137.610087612,"Amide","Pos",0
"C8-Pos-000047","2-(2H-Benzotriazol-2-yl)-4,6-bis(1-methyl-1-phenylethyl)phenol","C30 H29 N3 O",447.23106,94.3,"mzCloud",609,-0.79,448.23798,6.139,FALSE,"[M+H]+1","CC(C)(C1=CC=CC=C1)C2=CC(=C(C(=C2)N3N=C4C=CC=CC4=N3)O)C(C)(C)C5=CC=CC=C5","OLFNXLXEGXRUOI-UHFFFAOYSA-N","Phenylpropanoids and polyketides","Diarylheptanoids","Linear diarylheptanoids",NA,112412,NA,NA,NA,"70321-86-7",6484799.06804343,25807485.3236386,397.968927839505,126194379.856328,198197.31722698,"C8","Pos",0
"C8-Pos-000272","2-(2H-Benzotriazol-2-yl)-4,6-bis(1-methyl-1-phenylethyl)phenol","C30 H29 N3 O",447.23106,94.3,"mzCloud",609,-0.4,448.23816,6.495,FALSE,"[M+H]+1","CC(C)(C1=CC=CC=C1)C2=CC(=C(C(=C2)N3N=C4C=CC=CC4=N3)O)C(C)(C)C5=CC=CC=C5","OLFNXLXEGXRUOI-UHFFFAOYSA-N","Phenylpropanoids and polyketides","Diarylheptanoids","Linear diarylheptanoids",NA,112412,NA,NA,NA,"70321-86-7",5730545.25388292,NA,NA,5730545.25388292,5730545.25388292,"C8","Pos",0
"C18-Pos-000229","2-(Tetradecylamino)ethanol","C16 H35 N O",257.27186,63.7,"NIST23",19320,-0.78,258.27894,14.006,FALSE,"[M+H]+1","CCCCCCCCCCCCCCNCCO","ZUEIVCHBEQAIAL-UHFFFAOYSA-N","Organic nitrogen compounds","Organonitrogen compounds","Amines",NA,71874,"CHEBI:191953",NA,NA,"25737-87-5",381135.554539546,531058.742537783,139.335922931504,1953814.89942357,159102.445591858,"C18","Pos",1
"C8-Pos-000456","2-(Tetradecylamino)ethanol","C16 H35 N O",257.27186,53.8,"NIST23",19320,-0.24,258.27908,4.511,FALSE,"[M+H]+1","CCCCCCCCCCCCCCNCCO","ZUEIVCHBEQAIAL-UHFFFAOYSA-N","Organic nitrogen compounds","Organonitrogen compounds","Amines",NA,71874,"CHEBI:191953",NA,NA,"25737-87-5",763687.715311044,335497.347735342,43.9312222796063,1470663.36377764,694210.972736765,"C8","Pos",1
"C8-Pos-000511","2-Amino-1,3,4-octadecanetriol","C18 H39 N O3",317.29299,69,"mzCloud",545,-0.83,318.3,4.055,FALSE,"[M+H]+1","OC(CCCCCCCCCCCCCC)C(O)C(N)CO","AERBNCYCJBRYDG-KSZLIROESA-N","Organic nitrogen compounds","Organonitrogen compounds","Amines","reactome:R-HSA-9845614",122121,"CHEBI:46961","HMDB0004610","C12144","554-62-1",591228.713669039,177890.944990287,30.0883466715163,986327.044056156,624573.872270216,"C8","Pos",0
"C8-Pos-000563","2-Amino-1,3,4-octadecanetriol","C18 H39 N O3",317.29299,69,"mzCloud",545,-0.1,318.30026,4.471,FALSE,"[M+H]+1","OC(CCCCCCCCCCCCCC)C(O)C(N)CO","AERBNCYCJBRYDG-KSZLIROESA-N","Organic nitrogen compounds","Organonitrogen compounds","Amines","reactome:R-HSA-9845614",122121,"CHEBI:46961","HMDB0004610","C12144","554-62-1",339325.10056808,145165.548223268,42.7806690339853,717029.280587751,331032.527769458,"C8","Pos",0
"Amide-Pos-000241","2-Amino-4-methylpyrimidine","C5 H7 N3",109.064,66.7,"mzCloud",3275,-1.85,110.07107,13.663,FALSE,"[M+H]+1","CC1=NC(=NC=C1)N","GHCFWKFREBNSPC-UHFFFAOYSA-N","Organoheterocyclic compounds","Diazines","Pyrimidines and pyrimidine derivatives",NA,7939,"CHEBI:170014",NA,NA,"108-52-1",2565162.98765059,2194582.32457524,85.5533287802989,8807599.05318343,1971477.03861032,"Amide","Pos",0
"Amide-Pos-000355","2-Amino-4-methylpyrimidine","C5 H7 N3",109.064,66.7,"mzCloud",3275,-1.4,110.07112,14.09,FALSE,"[M+H]+1","CC1=NC(=NC=C1)N","GHCFWKFREBNSPC-UHFFFAOYSA-N","Organoheterocyclic compounds","Diazines","Pyrimidines and pyrimidine derivatives",NA,7939,"CHEBI:170014",NA,NA,"108-52-1",1682691.80554718,1102401.43963989,65.5141622491836,3480510.62263375,1707433.66594996,"Amide","Pos",0
"Amide-Pos-000099","2-Aminoisobutyric acid","C4 H9 N O2",103.06333,99,"mzCloud",114,-1.15,104.07048,12.155,FALSE,"[M+H]+1","O=C(O)C(N)(C)C","FUOOLUPWFVMBKG-UHFFFAOYSA-N","Organic acids and derivatives","Carboxylic acids and derivatives","Amino acids, peptides, and analogues",NA,6119,"CHEBI:27971","HMDB0001906",NA,NA,17678338.5561372,8686144.84050626,49.1343958196273,45425130.292637,16707782.7917282,"Amide","Pos",1
"Amide-Pos-000140","2-Aminoisobutyric acid","C4 H9 N O2",103.06333,99,"mzCloud",114,-1.17,104.07048,12.759,FALSE,"[M+H]+1","O=C(O)C(N)(C)C","FUOOLUPWFVMBKG-UHFFFAOYSA-N","Organic acids and derivatives","Carboxylic acids and derivatives","Amino acids, peptides, and analogues",NA,6119,"CHEBI:27971","HMDB0001906",NA,NA,6548904.3184108,5701410.36745021,87.0589962876988,24722108.7825518,4589427.76951809,"Amide","Pos",1
"C18-Pos-000124","2-Aminoisobutyric acid","C4 H9 N O2",103.06333,94.3,"mzCloud",114,-0.83,104.07052,1.116,FALSE,"[M+H]+1","O=C(O)C(N)(C)C","FUOOLUPWFVMBKG-UHFFFAOYSA-N","Organic acids and derivatives","Carboxylic acids and derivatives","Amino acids, peptides, and analogues",NA,6119,"CHEBI:27971","HMDB0001906",NA,NA,7684370.06422115,3287699.15226619,42.7842376771246,16095607.9408866,6682413.11274255,"C18","Pos",1
"C18-Pos-000125","2-Aminoisobutyric acid","C4 H9 N O2",103.06333,94.3,"mzCloud",114,-1.58,104.07044,1.095,FALSE,"[M+H]+1","O=C(O)C(N)(C)C","FUOOLUPWFVMBKG-UHFFFAOYSA-N","Organic acids and derivatives","Carboxylic acids and derivatives","Amino acids, peptides, and analogues",NA,6119,"CHEBI:27971","HMDB0001906",NA,NA,6955693.0137482,4284679.49138349,61.5996060049611,15486354.2045462,6551246.12480222,"C18","Pos",1
"C8-Pos-000093","2-Arachidonoyl glycerol","C23 H38 O4",378.27701,90.2,"mzCloud",4740,-0.14,379.28422,5.14,FALSE,"[M+H]+1","CCCCCC=CCC=CCC=CCC=CCCCC(=O)OC(CO)CO","RCRCTBLIHCHWDZ-DOFZRALJSA-N","Lipids and lipid-like molecules","Endocannabinoids",NA,"reactome:R-HSA-114508;reactome:R-HSA-426048;wiki:WP1809;wiki:WP3869;wiki:WP4321;wiki:WP5094",5282280,"CHEBI:52392","HMDB0004666","C13856","53847-30-6",16612445.6672471,9700652.96638004,58.3938882972887,35537122.382867,12591101.208471,"C8","Pos",0
"C8-Pos-000150","2-Arachidonoyl glycerol","C23 H38 O4",378.27701,90.2,"mzCloud",4740,-0.12,379.28425,5.073,FALSE,"[M+H]+1","CCCCCC=CCC=CCC=CCC=CCCCC(=O)OC(CO)CO","RCRCTBLIHCHWDZ-DOFZRALJSA-N","Lipids and lipid-like molecules","Endocannabinoids",NA,"reactome:R-HSA-114508;reactome:R-HSA-426048;wiki:WP1809;wiki:WP3869;wiki:WP4321;wiki:WP5094",5282280,"CHEBI:52392","HMDB0004666","C13856","53847-30-6",3729187.77199552,3087761.54879648,82.7998410802519,16781918.7913924,2824858.17182904,"C8","Pos",0
"C8-Pos-000696","2-Decylmalonic acid","C13 H24 O4",244.16746,73.4,"NIST23",41266,-0.21,245.1748,3.643,FALSE,"[M+H]+1","CCCCCCCCCCC(C(=O)O)C(=O)O","HCUZVMHXDRSBKX-UHFFFAOYSA-N","Lipids and lipid-like molecules","Fatty Acyls","Fatty acids and conjugates",NA,20389,NA,NA,NA,"4372-29-6",61306.9316029062,34948.5533537113,57.0058759098858,166985.552863413,47817.3561473542,"C8","Pos",0
"C8-Pos-000715","2-Decylmalonic acid","C13 H24 O4",244.16746,66,"NIST23",13182,-0.17,245.1747,3.433,FALSE,"[M+H]+1","CCCCCCCCCCC(C(=O)O)C(=O)O","HCUZVMHXDRSBKX-UHFFFAOYSA-N","Lipids and lipid-like molecules","Fatty Acyls","Fatty acids and conjugates",NA,20389,NA,NA,NA,"4372-29-6",60151.8746782346,12178.1918701179,20.2457395305828,87662.594362035,59595.2982287542,"C8","Pos",0
"Amide-Neg-000003","2-Deoxyribose 5-phosphate","C5 H11 O7 P",214.02424,89.3,"mzCloud",1511,0.96,213.01717,4.586,FALSE,"[M-H]-1","C1C(C(OC1O)COP(=O)(O)O)O","KKZFLSZAWCYPOC-VPENINKCSA-N","Organic oxygen compounds","Organooxygen compounds","Carbohydrates and carbohydrate conjugates","reactome:R-HSA-71336;wiki:WP4050",45934311,"CHEBI:190741","HMDB0001031",NA,"102916-66-5",122378582.975379,27178099.4235059,22.2082154922269,167606654.287299,115493299.242155,"Amide","Neg",0
"Amide-Neg-000040","2-Deoxyribose 5-phosphate","C5 H11 O7 P",214.02424,89.3,"mzCloud",1511,0.55,213.01708,4.947,FALSE,"[M-H]-1","C1C(C(OC1O)COP(=O)(O)O)O","KKZFLSZAWCYPOC-VPENINKCSA-N","Organic oxygen compounds","Organooxygen compounds","Carbohydrates and carbohydrate conjugates","reactome:R-HSA-71336;wiki:WP4050",45934311,"CHEBI:190741","HMDB0001031",NA,"102916-66-5",31326150.3859888,22356348.26822,71.366407914007,52387437.3180542,35514900.5026848,"Amide","Neg",0
"C8-Neg-000046","2-Docosahexaenoyl-1-stearoyl-sn-glycero-3-phosphoethanolamine","C45 H78 N O8 P",791.5465,86,"NIST23",3179,0.04,790.53925,8.7,FALSE,"[M-H]-1","CC/C=C\C/C=C\C/C=C\C/C=C\C/C=C\C/C=C\CCC(=O)O[C@H](COC(=O)CCCCCCCCCCCCCCCCC)COP(=O)(O)OCCN","XYYHNDVKALDFHQ-OXHZBIAZSA-N","Lipids and lipid-like molecules","Glycerophospholipids","Glycerophosphoethanolamines",NA,9546798,"CHEBI:79109","HMDB0009012",NA,NA,4576059.48342597,1084087.32433143,23.6904115485799,6955895.75471597,4524593.71193842,"C8","Neg",1
"C8-Pos-000092","2-Docosahexaenoyl-1-stearoyl-sn-glycero-3-phosphoethanolamine","C45 H78 N O8 P",791.5465,86.8,"NIST23",3179,-0.82,792.55307,8.704,FALSE,"[M+H]+1","CC/C=C\C/C=C\C/C=C\C/C=C\C/C=C\C/C=C\CCC(=O)O[C@H](COC(=O)CCCCCCCCCCCCCCCCC)COP(=O)(O)OCCN","XYYHNDVKALDFHQ-OXHZBIAZSA-N","Lipids and lipid-like molecules","Glycerophospholipids","Glycerophosphoethanolamines",NA,9546798,"CHEBI:79109","HMDB0009012",NA,NA,29537609.1468583,4442565.98159844,15.0403709369652,36247423.750596,28979950.2012542,"C8","Pos",1
"C8-Neg-000003","2-Docosahexaenoyl-1-stearoyl-sn-glycero-3-phosphoserine","C46 H78 N O10 P",835.53633,90.4,"NIST23",4530,-0.53,834.52861,8.203,FALSE,"[M-H]-1","CC/C=C\C/C=C\C/C=C\C/C=C\C/C=C\C/C=C\CCC(=O)O[C@H](COC(=O)CCCCCCCCCCCCCCCCC)COP(=O)(O)OC[C@H](N)C(=O)O","LYYHRRPTEXPVOR-SYEOQEKUSA-N","Lipids and lipid-like molecules","Glycerophospholipids","Glycerophosphoserines","reactome:R-HSA-114516;reactome:R-HSA-1168372;reactome:R-HSA-1169091;reactome:R-HSA-1227986;reactome:R-HSA-1250196;reactome:R-HSA-1482801;reactome:R-HSA-1483101;reactome:R-HSA-1483213;reactome:R-HSA-3000471;reactome:R-HSA-3000480;reactome:R-HSA-3000497;reactome:R-HSA-399719;reactome:R-HSA-399721;reactome:R-HSA-4086398;reactome:R-HSA-4086400;reactome:R-HSA-416993;reactome:R-HSA-418597;reactome:R-HSA-5099900;reactome:R-HSA-76005;reactome:R-HSA-936837;wiki:WP2533;wiki:WP3933;wiki:WP4722",24779546,"CHEBI:79098","HMDB0010167",NA,NA,25645560.7307156,19518349.6103422,76.1081023545926,82314533.789837,20453552.6167366,"C8","Neg",1
"C8-Pos-000032","2-Docosahexaenoyl-1-stearoyl-sn-glycero-3-phosphoserine","C46 H78 N O10 P",835.53633,95.9,"NIST23",4530,-1.18,836.54262,8.227,FALSE,"[M+H]+1","CC/C=C\C/C=C\C/C=C\C/C=C\C/C=C\C/C=C\CCC(=O)O[C@H](COC(=O)CCCCCCCCCCCCCCCCC)COP(=O)(O)OC[C@H](N)C(=O)O","LYYHRRPTEXPVOR-SYEOQEKUSA-N","Lipids and lipid-like molecules","Glycerophospholipids","Glycerophosphoserines","reactome:R-HSA-114516;reactome:R-HSA-1168372;reactome:R-HSA-1169091;reactome:R-HSA-1227986;reactome:R-HSA-1250196;reactome:R-HSA-1482801;reactome:R-HSA-1483101;reactome:R-HSA-1483213;reactome:R-HSA-3000471;reactome:R-HSA-3000480;reactome:R-HSA-3000497;reactome:R-HSA-399719;reactome:R-HSA-399721;reactome:R-HSA-4086398;reactome:R-HSA-4086400;reactome:R-HSA-416993;reactome:R-HSA-418597;reactome:R-HSA-5099900;reactome:R-HSA-76005;reactome:R-HSA-936837;wiki:WP2533;wiki:WP3933;wiki:WP4722",24779546,"CHEBI:79098","HMDB0010167",NA,NA,63869031.6441414,44033639.3739612,68.9436464596851,178917623.250578,61895183.9025677,"C8","Pos",1
"Amide-Neg-000150","2-Furoic acid","C5 H4 O3",112.01604,81.1,"mzCloud",162,-0.78,111.00868,13.824,FALSE,"[M-H]-1","C1=COC(=C1)C(=O)O","SMNDYUVBFMFKNZ-UHFFFAOYSA-N","Organoheterocyclic compounds","Furans","Furoic acid and derivatives",NA,6919,"CHEBI:30845","HMDB0000617","C01546","26447-28-9",2538332.41044525,2772132.03871693,109.210756924885,12708925.4955968,1713357.0841735,"Amide","Neg",1
"Amide-Neg-000312","2-Furoic acid","C5 H4 O3",112.01604,81.1,"mzCloud",162,-0.31,111.00873,14.07,FALSE,"[M-H]-1","C1=COC(=C1)C(=O)O","SMNDYUVBFMFKNZ-UHFFFAOYSA-N","Organoheterocyclic compounds","Furans","Furoic acid and derivatives",NA,6919,"CHEBI:30845","HMDB0000617","C01546","26447-28-9",1638720.85218465,1035179.65974708,63.1699815357228,3558927.02610858,1477398.08077449,"Amide","Neg",1
"C18-Pos-000288","2-Furoic acid","C5 H4 O3",112.01604,61.9,"mzCloud",162,-1.47,113.02318,0.567,FALSE,"[M+H]+1","C1=COC(=C1)C(=O)O","SMNDYUVBFMFKNZ-UHFFFAOYSA-N","Organoheterocyclic compounds","Furans","Furoic acid and derivatives",NA,6919,"CHEBI:30845","HMDB0000617","C01546","26447-28-9",262927.138880385,103039.77560559,39.1894788968387,473991.817308676,234924.53513008,"C18","Pos",1
"Amide-Pos-000564","2-METHYLMALEATE","C5 H6 O4",130.02661,50.6,"GNPS",7407,0.03,131.03389,12.84,FALSE,"[M+H]+1","CC(=CC(=O)O)C(=O)O","HNEGQIOMVPPMNR-UHFFFAOYSA-N","Lipids and lipid-like molecules","Fatty Acyls","Fatty acids and conjugates",NA,874,NA,"HMDB0245226",NA,"7407-59-2",25768.0889402821,8999.56796369976,34.9252441054374,43861.2657623672,25454.6016566062,"Amide","Pos",1
"C18-Pos-000322","2-METHYLMALEATE","C5 H6 O4",130.02661,52.2,"GNPS",7407,-1.12,131.03374,1.264,FALSE,"[M+H]+1","CC(=CC(=O)O)C(=O)O","HNEGQIOMVPPMNR-UHFFFAOYSA-N","Lipids and lipid-like molecules","Fatty Acyls","Fatty acids and conjugates",NA,874,NA,"HMDB0245226",NA,"7407-59-2",80939.3688194804,9674.84061332454,11.9531950328182,87780.5142240612,80939.3688194804,"C18","Pos",1
"Amide-Pos-000089","2-Methoxypyrazine","C5 H6 N2 O",110.04801,91.3,"NIST23",6207,-1.08,111.05517,8.374,FALSE,"[M+H]+1","COc1cnccn1","WKSXRWSOSLGSTN-UHFFFAOYSA-N","Organoheterocyclic compounds","Diazines","Pyrazines",NA,18467,"CHEBI:180127","HMDB0033156",NA,"3149-28-8",27170817.8132046,15290149.455322,56.2741598741691,59325151.1218422,21314476.8428058,"Amide","Pos",0
"Amide-Pos-000123","2-Methoxypyrazine","C5 H6 N2 O",110.04801,91.3,"NIST23",6207,-0.89,111.05519,1.55,FALSE,"[M+H]+1","COc1cnccn1","WKSXRWSOSLGSTN-UHFFFAOYSA-N","Organoheterocyclic compounds","Diazines","Pyrazines",NA,18467,"CHEBI:180127","HMDB0033156",NA,"3149-28-8",10063193.2492927,7781126.5357133,77.3226384801883,32342987.7652861,7019499.41840053,"Amide","Pos",0
"Amide-Neg-000398","2-Methylbenzoic acid","C8 H8 O2",136.05243,96.4,"mzCloud",1351,0.05,135.04516,2.191,FALSE,"[M-H]-1","CC1=CC=CC=C1C(=O)O","ZWLPBLYKEWSWPD-UHFFFAOYSA-N","Benzenoids","Benzene and substituted derivatives","Benzoic acids and derivatives",NA,8373,"CHEBI:36632","HMDB0002340","C07215","118-90-1",777309.679433129,396427.400664556,50.9999310639821,1780229.2808399,757061.193792548,"Amide","Neg",0
"Amide-Neg-000583","2-Methylbenzoic acid","C8 H8 O2",136.05243,96.4,"mzCloud",1351,-0.02,135.04515,1.085,FALSE,"[M-H]-1","CC1=CC=CC=C1C(=O)O","ZWLPBLYKEWSWPD-UHFFFAOYSA-N","Benzenoids","Benzene and substituted derivatives","Benzoic acids and derivatives",NA,8373,"CHEBI:36632","HMDB0002340","C07215","118-90-1",120763.176644189,71066.0500741952,58.8474500663234,327185.004100274,109734.953378163,"Amide","Neg",0
"Amide-Pos-000091","2-Methylbutyryl-L-carnitine","C12 H23 N O4",245.16271,84.6,"NIST23",9417,-1.04,246.16973,8.643,FALSE,"[M+H]+1","CCC(C)C(=O)O[C@H](CC(=O)[O-])C[N+](C)(C)C","IHCPDBBYTYJYIL-QVDQXJPCSA-N","Lipids and lipid-like molecules","Fatty Acyls","Fatty acid esters",NA,9881339,"CHEBI:84840",NA,NA,"256928-75-3",14928913.8026531,12003327.6163287,80.4032213930764,51202805.9716319,11697077.2746117,"Amide","Pos",1
"C18-Pos-000173","2-Methylbutyryl-L-carnitine","C12 H23 N O4",245.16271,93.1,"NIST23",9417,-0.93,246.16976,6.806,FALSE,"[M+H]+1","CCC(C)C(=O)O[C@H](CC(=O)[O-])C[N+](C)(C)C","IHCPDBBYTYJYIL-QVDQXJPCSA-N","Lipids and lipid-like molecules","Fatty Acyls","Fatty acid esters",NA,9881339,"CHEBI:84840",NA,NA,"256928-75-3",2748508.23426037,1201338.33725496,43.7087407008712,5560302.42933182,2372265.06942358,"C18","Pos",1
"C18-Pos-000187","2-Methylbutyryl-L-carnitine","C12 H23 N O4",245.16271,93.1,"NIST23",9417,-1.07,246.16972,6.723,FALSE,"[M+H]+1","CCC(C)C(=O)O[C@H](CC(=O)[O-])C[N+](C)(C)C","IHCPDBBYTYJYIL-QVDQXJPCSA-N","Lipids and lipid-like molecules","Fatty Acyls","Fatty acid esters",NA,9881339,"CHEBI:84840",NA,NA,"256928-75-3",1562505.1765442,292135.480393471,18.6966088035362,1899032.72252181,1414367.18312881,"C18","Pos",1
"Amide-Pos-000086","2-Oleoyl-1-palmitoyl-sn-glycero-3-phosphocholine","C42 H82 N O8 P",759.5778,90,"NIST23",9,-2.09,760.58349,5.658,FALSE,"[M+H]+1","CCCCCCCC/C=C\CCCCCCCC(=O)O[C@H](COC(=O)CCCCCCCCCCCCCCC)COP(=O)([O-])OCC[N+](C)(C)C","WTJKGGKOPKCXLL-VYOBOKEXSA-N","Lipids and lipid-like molecules","Glycerophospholipids","Glycerophosphocholines",NA,5497103,"CHEBI:73001","HMDB0007972",NA,"26853-31-6",22353039.9191477,17201684.5160311,76.954564471994,70553682.4333755,17872581.2412015,"Amide","Pos",1
"Amide-Pos-000126","2-Oleoyl-1-palmitoyl-sn-glycero-3-phosphocholine","C42 H82 N O8 P",759.5778,90,"NIST23",9,-1.94,760.58362,5.385,FALSE,"[M+H]+1","CCCCCCCC/C=C\CCCCCCCC(=O)O[C@H](COC(=O)CCCCCCCCCCCCCCC)COP(=O)([O-])OCC[N+](C)(C)C","WTJKGGKOPKCXLL-VYOBOKEXSA-N","Lipids and lipid-like molecules","Glycerophospholipids","Glycerophosphocholines",NA,5497103,"CHEBI:73001","HMDB0007972",NA,"26853-31-6",10458761.6301852,11986360.3941364,114.605923893918,31686706.1800439,6033948.21836895,"Amide","Pos",1
"C8-Pos-000004","2-Oleoyl-1-palmitoyl-sn-glycero-3-phosphocholine","C42 H82 N O8 P",759.5778,98,"NIST23",9,-1.2,760.58416,8.574,FALSE,"[M+H]+1","CCCCCCCC/C=C\CCCCCCCC(=O)O[C@H](COC(=O)CCCCCCCCCCCCCCC)COP(=O)([O-])OCC[N+](C)(C)C","WTJKGGKOPKCXLL-VYOBOKEXSA-N","Lipids and lipid-like molecules","Glycerophospholipids","Glycerophosphocholines",NA,5497103,"CHEBI:73001","HMDB0007972",NA,"26853-31-6",1040298738.97907,207549090.532992,19.9509124404667,1246500962.30787,1069377852.03105,"C8","Pos",1
"C8-Pos-000085","2-Oleoyl-1-palmitoyl-sn-glycero-3-phosphocholine","C42 H82 N O8 P",759.5778,98,"NIST23",9,-0.87,760.58442,8.797,FALSE,"[M+H]+1","CCCCCCCC/C=C\CCCCCCCC(=O)O[C@H](COC(=O)CCCCCCCCCCCCCCC)COP(=O)([O-])OCC[N+](C)(C)C","WTJKGGKOPKCXLL-VYOBOKEXSA-N","Lipids and lipid-like molecules","Glycerophospholipids","Glycerophosphocholines",NA,5497103,"CHEBI:73001","HMDB0007972",NA,"26853-31-6",26409559.8701254,8499949.52442002,32.185123743903,38831089.7306459,27484671.9110259,"C8","Pos",1
"Amide-Neg-000569","2-Oleoyl-1-stearoyl-sn-glycero-3-phosphoserine","C42 H80 N O10 P",789.55198,83.5,"NIST23",24,1.72,788.54607,6.96,FALSE,"[M-H]-1","CCCCCCCC/C=C\CCCCCCCC(=O)O[C@H](COC(=O)CCCCCCCCCCCCCCCCC)COP(=O)(O)OC[C@H](N)C(=O)O","AJFWREUFUPEYII-PAHWMLEVSA-N","Lipids and lipid-like molecules","Glycerophospholipids","Glycerophosphoserines","reactome:R-HSA-114516;reactome:R-HSA-1168372;reactome:R-HSA-1169091;reactome:R-HSA-1227986;reactome:R-HSA-1250196;reactome:R-HSA-1482801;reactome:R-HSA-1483101;reactome:R-HSA-1483213;reactome:R-HSA-3000471;reactome:R-HSA-3000480;reactome:R-HSA-3000497;reactome:R-HSA-399719;reactome:R-HSA-399721;reactome:R-HSA-4086398;reactome:R-HSA-4086400;reactome:R-HSA-416993;reactome:R-HSA-418597;reactome:R-HSA-5099900;reactome:R-HSA-76005;reactome:R-HSA-936837;wiki:WP2533;wiki:WP3933;wiki:WP4722",9547087,"CHEBI:79096","HMDB0010163",NA,"124262-93-7",92212.1378767028,88027.0120826605,95.4614155029805,408787.625524524,64660.3980490546,"Amide","Neg",1
"Amide-Pos-000310","2-Oleoyl-1-stearoyl-sn-glycero-3-phosphoserine","C42 H80 N O10 P",789.55198,86,"NIST23",24,-2.49,790.55729,6.912,FALSE,"[M+H]+1","CCCCCCCC/C=C\CCCCCCCC(=O)O[C@H](COC(=O)CCCCCCCCCCCCCCCCC)COP(=O)(O)OC[C@H](N)C(=O)O","AJFWREUFUPEYII-PAHWMLEVSA-N","Lipids and lipid-like molecules","Glycerophospholipids","Glycerophosphoserines","reactome:R-HSA-114516;reactome:R-HSA-1168372;reactome:R-HSA-1169091;reactome:R-HSA-1227986;reactome:R-HSA-1250196;reactome:R-HSA-1482801;reactome:R-HSA-1483101;reactome:R-HSA-1483213;reactome:R-HSA-3000471;reactome:R-HSA-3000480;reactome:R-HSA-3000497;reactome:R-HSA-399719;reactome:R-HSA-399721;reactome:R-HSA-4086398;reactome:R-HSA-4086400;reactome:R-HSA-416993;reactome:R-HSA-418597;reactome:R-HSA-5099900;reactome:R-HSA-76005;reactome:R-HSA-936837;wiki:WP2533;wiki:WP3933;wiki:WP4722",9547087,"CHEBI:79096","HMDB0010163",NA,"124262-93-7",1880883.34895422,1153113.02429575,61.3069930645562,4823705.68749418,1738673.09045424,"Amide","Pos",1
"C8-Neg-000133","2-Oleoyl-1-stearoyl-sn-glycero-3-phosphoserine","C42 H80 N O10 P",789.55198,59.6,"NIST23",24,-1.77,788.54331,8.515,FALSE,"[M-H]-1","CCCCCCCC/C=C\CCCCCCCC(=O)O[C@H](COC(=O)CCCCCCCCCCCCCCCCC)COP(=O)(O)OC[C@H](N)C(=O)O","AJFWREUFUPEYII-PAHWMLEVSA-N","Lipids and lipid-like molecules","Glycerophospholipids","Glycerophosphoserines","reactome:R-HSA-114516;reactome:R-HSA-1168372;reactome:R-HSA-1169091;reactome:R-HSA-1227986;reactome:R-HSA-1250196;reactome:R-HSA-1482801;reactome:R-HSA-1483101;reactome:R-HSA-1483213;reactome:R-HSA-3000471;reactome:R-HSA-3000480;reactome:R-HSA-3000497;reactome:R-HSA-399719;reactome:R-HSA-399721;reactome:R-HSA-4086398;reactome:R-HSA-4086400;reactome:R-HSA-416993;reactome:R-HSA-418597;reactome:R-HSA-5099900;reactome:R-HSA-76005;reactome:R-HSA-936837;wiki:WP2533;wiki:WP3933;wiki:WP4722",9547087,"CHEBI:79096","HMDB0010163",NA,"124262-93-7",466681.901991851,653526.674955418,140.036858546709,1946999.66519365,205863.716033534,"C8","Neg",1
"C8-Pos-000675","2-Oleoyl-1-stearoyl-sn-glycero-3-phosphoserine","C42 H80 N O10 P",789.55198,67,"NIST23",24,-1.91,790.55775,14.313,FALSE,"[M+H]+1","CCCCCCCC/C=C\CCCCCCCC(=O)O[C@H](COC(=O)CCCCCCCCCCCCCCCCC)COP(=O)(O)OC[C@H](N)C(=O)O","AJFWREUFUPEYII-PAHWMLEVSA-N","Lipids and lipid-like molecules","Glycerophospholipids","Glycerophosphoserines","reactome:R-HSA-114516;reactome:R-HSA-1168372;reactome:R-HSA-1169091;reactome:R-HSA-1227986;reactome:R-HSA-1250196;reactome:R-HSA-1482801;reactome:R-HSA-1483101;reactome:R-HSA-1483213;reactome:R-HSA-3000471;reactome:R-HSA-3000480;reactome:R-HSA-3000497;reactome:R-HSA-399719;reactome:R-HSA-399721;reactome:R-HSA-4086398;reactome:R-HSA-4086400;reactome:R-HSA-416993;reactome:R-HSA-418597;reactome:R-HSA-5099900;reactome:R-HSA-76005;reactome:R-HSA-936837;wiki:WP2533;wiki:WP3933;wiki:WP4722",9547087,"CHEBI:79096","HMDB0010163",NA,"124262-93-7",103748.099687394,65357.1253606709,62.9959734757551,223872.980889832,77271.7026764151,"C8","Pos",1
"Amide-Neg-000059","2-Oxobutyric acid","C4 H6 O3",102.03169,99.8,"mzCloud",180,-0.84,101.02432,8.549,FALSE,"[M-H]-1","CCC(=O)C(=O)O","TYEYBOSBBBHJIV-UHFFFAOYSA-N","Organic compounds","Organic acids and derivatives","Keto acids and derivatives","kegg:map00270;kegg:map00330;kegg:map00450;kegg:map00640;reactome:R-HSA-1614558;reactome:R-HSA-1614603;reactome:R-HSA-1614635;reactome:R-HSA-2408508;reactome:R-HSA-549127;reactome:R-HSA-549132;reactome:R-HSA-71288;reactome:R-HSA-8849175;wiki:WP111;wiki:WP1495;wiki:WP1533;wiki:WP1941;wiki:WP1946;wiki:WP2485;wiki:WP2525;wiki:WP2533;wiki:WP2766;wiki:WP3574;wiki:WP3580;wiki:WP3630;wiki:WP3644;wiki:WP3645;wiki:WP3803;wiki:WP4191;wiki:WP43;wiki:WP4504;wiki:WP4519;wiki:WP4583;wiki:WP4584;wiki:WP4629;wiki:WP4688;wiki:WP497;wiki:WP5002;wiki:WP5044;wiki:WP5046;wiki:WP5050;wiki:WP5175;wiki:WP5190;wiki:WP5219;wiki:WP5283;wiki:WP5345;wiki:WP5346;wiki:WP5405;wiki:WP5414;wiki:WP623;wiki:WP698;wiki:WP78",58,"CHEBI:30831","HMDB0000005","C00109","600-18-0",21976941.3595482,7783281.66103112,35.4156728804737,40962945.589383,21598327.0947115,"Amide","Neg",1
"Amide-Neg-000363","2-Oxobutyric acid","C4 H6 O3",102.03169,99.8,"mzCloud",180,-0.82,101.02433,4.905,FALSE,"[M-H]-1","CCC(=O)C(=O)O","TYEYBOSBBBHJIV-UHFFFAOYSA-N","Organic compounds","Organic acids and derivatives","Keto acids and derivatives","kegg:map00270;kegg:map00330;kegg:map00450;kegg:map00640;reactome:R-HSA-1614558;reactome:R-HSA-1614603;reactome:R-HSA-1614635;reactome:R-HSA-2408508;reactome:R-HSA-549127;reactome:R-HSA-549132;reactome:R-HSA-71288;reactome:R-HSA-8849175;wiki:WP111;wiki:WP1495;wiki:WP1533;wiki:WP1941;wiki:WP1946;wiki:WP2485;wiki:WP2525;wiki:WP2533;wiki:WP2766;wiki:WP3574;wiki:WP3580;wiki:WP3630;wiki:WP3644;wiki:WP3645;wiki:WP3803;wiki:WP4191;wiki:WP43;wiki:WP4504;wiki:WP4519;wiki:WP4583;wiki:WP4584;wiki:WP4629;wiki:WP4688;wiki:WP497;wiki:WP5002;wiki:WP5044;wiki:WP5046;wiki:WP5050;wiki:WP5175;wiki:WP5190;wiki:WP5219;wiki:WP5283;wiki:WP5345;wiki:WP5346;wiki:WP5405;wiki:WP5414;wiki:WP623;wiki:WP698;wiki:WP78",58,"CHEBI:30831","HMDB0000005","C00109","600-18-0",1963708.47508433,427192.054506706,21.7543520296901,2510651.80639382,1991971.30389263,"Amide","Neg",1
"C18-Neg-000065","2-Oxobutyric acid","C4 H6 O3",102.03169,67,"mzCloud",180,-0.49,101.02435,1.154,FALSE,"[M-H]-1","CCC(=O)C(=O)O","TYEYBOSBBBHJIV-UHFFFAOYSA-N","Organic compounds","Organic acids and derivatives","Keto acids and derivatives","kegg:map00270;kegg:map00330;kegg:map00450;kegg:map00640;reactome:R-HSA-1614558;reactome:R-HSA-1614603;reactome:R-HSA-1614635;reactome:R-HSA-2408508;reactome:R-HSA-549127;reactome:R-HSA-549132;reactome:R-HSA-71288;reactome:R-HSA-8849175;wiki:WP111;wiki:WP1495;wiki:WP1533;wiki:WP1941;wiki:WP1946;wiki:WP2485;wiki:WP2525;wiki:WP2533;wiki:WP2766;wiki:WP3574;wiki:WP3580;wiki:WP3630;wiki:WP3644;wiki:WP3645;wiki:WP3803;wiki:WP4191;wiki:WP43;wiki:WP4504;wiki:WP4519;wiki:WP4583;wiki:WP4584;wiki:WP4629;wiki:WP4688;wiki:WP497;wiki:WP5002;wiki:WP5044;wiki:WP5046;wiki:WP5050;wiki:WP5175;wiki:WP5190;wiki:WP5219;wiki:WP5283;wiki:WP5345;wiki:WP5346;wiki:WP5405;wiki:WP5414;wiki:WP623;wiki:WP698;wiki:WP78",58,"CHEBI:30831","HMDB0000005","C00109","600-18-0",6516531.66550012,2461369.04760234,37.7711514951019,9160936.73908884,7195007.71428614,"C18","Neg",1
"Amide-Neg-000057","2-Oxoglutaric acid","C5 H6 O5",146.02152,99.9,"mzCloud",305,0.05,191.01973,5.159,FALSE,"[M+FA-H]-1","C(CC(=O)O)C(=O)C(=O)O","KPGXRSRHYNQIFN-UHFFFAOYSA-N","Organic acids and derivatives","Keto acids and derivatives","Gamma-keto acids and derivatives","kegg:map00020;kegg:map00250;kegg:map00270;kegg:map00280;kegg:map00310;kegg:map00330;kegg:map00350;kegg:map00360;kegg:map00380;kegg:map00410;kegg:map00640;kegg:map00910;reactome:R-HSA-112122;reactome:R-HSA-112126;reactome:R-HSA-112310;reactome:R-HSA-1234174;reactome:R-HSA-1234176;reactome:R-HSA-1474290;reactome:R-HSA-1614558;reactome:R-HSA-1614635;reactome:R-HSA-163841;reactome:R-HSA-1650814;reactome:R-HSA-2299718;reactome:R-HSA-2559580;reactome:R-HSA-2978092;reactome:R-HSA-3214842;reactome:R-HSA-389542;reactome:R-HSA-389599;reactome:R-HSA-390918;reactome:R-HSA-5221030;reactome:R-HSA-549132;reactome:R-HSA-561048;reactome:R-HSA-5625740;reactome:R-HSA-5625886;reactome:R-HSA-6782315;reactome:R-HSA-6782861;reactome:R-HSA-68875;reactome:R-HSA-70263;reactome:R-HSA-70326;reactome:R-HSA-70895;reactome:R-HSA-71064;reactome:R-HSA-71240;reactome:R-HSA-71262;reactome:R-HSA-71403;reactome:R-HSA-71406;reactome:R-HSA-73942;reactome:R-HSA-73943;reactome:R-HSA-880009;reactome:R-HSA-888590;reactome:R-HSA-8963684;reactome:R-HSA-8963691;reactome:R-HSA-8963693;reactome:R-HSA-8964539;reactome:R-HSA-8964540;reactome:R-HSA-8978934;reactome:R-HSA-916853;reactome:R-HSA-9629569;reactome:R-HSA-977347;reactome:R-HSA-9816359;reactome:R-HSA-9821002;wiki:WP106;wiki:WP1804;wiki:WP1878;wiki:WP2453;wiki:WP2654;wiki:WP2685;wiki:WP2725;wiki:WP2727;wiki:WP2766;wiki:WP3372;wiki:WP3397;wiki:WP3404;wiki:WP3486;wiki:WP3553;wiki:WP3556;wiki:WP3574;wiki:WP3580;wiki:WP3585;wiki:WP3602;wiki:WP4093;wiki:WP4157;wiki:WP4206;wiki:WP4236;wiki:WP4290;wiki:WP4297;wiki:WP4435;wiki:WP4504;wiki:WP4519;wiki:WP4595;wiki:WP4661;wiki:WP4688;wiki:WP4917;wiki:WP4979;wiki:WP4980;wiki:WP4981;wiki:WP4990;wiki:WP4992;wiki:WP4994;wiki:WP4996;wiki:WP5004;wiki:WP5050;wiki:WP5190;wiki:WP5213;wiki:WP5220;wiki:WP5312;wiki:WP5348;wiki:WP5352;wiki:WP5402;wiki:WP78",51,"CHEBI:30915","HMDB0000208","C00026","328-50-7",37145174.6661013,4176732.92429256,11.2443485912701,42060917.4527763,36980514.7423808,"Amide","Neg",1
"Amide-Neg-000099","2-Oxoglutaric acid","C5 H6 O5",146.02152,99.9,"mzCloud",305,-0.52,145.01417,8.06,FALSE,"[M-H]-1","C(CC(=O)O)C(=O)C(=O)O","KPGXRSRHYNQIFN-UHFFFAOYSA-N","Organic acids and derivatives","Keto acids and derivatives","Gamma-keto acids and derivatives","kegg:map00020;kegg:map00250;kegg:map00270;kegg:map00280;kegg:map00310;kegg:map00330;kegg:map00350;kegg:map00360;kegg:map00380;kegg:map00410;kegg:map00640;kegg:map00910;reactome:R-HSA-112122;reactome:R-HSA-112126;reactome:R-HSA-112310;reactome:R-HSA-1234174;reactome:R-HSA-1234176;reactome:R-HSA-1474290;reactome:R-HSA-1614558;reactome:R-HSA-1614635;reactome:R-HSA-163841;reactome:R-HSA-1650814;reactome:R-HSA-2299718;reactome:R-HSA-2559580;reactome:R-HSA-2978092;reactome:R-HSA-3214842;reactome:R-HSA-389542;reactome:R-HSA-389599;reactome:R-HSA-390918;reactome:R-HSA-5221030;reactome:R-HSA-549132;reactome:R-HSA-561048;reactome:R-HSA-5625740;reactome:R-HSA-5625886;reactome:R-HSA-6782315;reactome:R-HSA-6782861;reactome:R-HSA-68875;reactome:R-HSA-70263;reactome:R-HSA-70326;reactome:R-HSA-70895;reactome:R-HSA-71064;reactome:R-HSA-71240;reactome:R-HSA-71262;reactome:R-HSA-71403;reactome:R-HSA-71406;reactome:R-HSA-73942;reactome:R-HSA-73943;reactome:R-HSA-880009;reactome:R-HSA-888590;reactome:R-HSA-8963684;reactome:R-HSA-8963691;reactome:R-HSA-8963693;reactome:R-HSA-8964539;reactome:R-HSA-8964540;reactome:R-HSA-8978934;reactome:R-HSA-916853;reactome:R-HSA-9629569;reactome:R-HSA-977347;reactome:R-HSA-9816359;reactome:R-HSA-9821002;wiki:WP106;wiki:WP1804;wiki:WP1878;wiki:WP2453;wiki:WP2654;wiki:WP2685;wiki:WP2725;wiki:WP2727;wiki:WP2766;wiki:WP3372;wiki:WP3397;wiki:WP3404;wiki:WP3486;wiki:WP3553;wiki:WP3556;wiki:WP3574;wiki:WP3580;wiki:WP3585;wiki:WP3602;wiki:WP4093;wiki:WP4157;wiki:WP4206;wiki:WP4236;wiki:WP4290;wiki:WP4297;wiki:WP4435;wiki:WP4504;wiki:WP4519;wiki:WP4595;wiki:WP4661;wiki:WP4688;wiki:WP4917;wiki:WP4979;wiki:WP4980;wiki:WP4981;wiki:WP4990;wiki:WP4992;wiki:WP4994;wiki:WP4996;wiki:WP5004;wiki:WP5050;wiki:WP5190;wiki:WP5213;wiki:WP5220;wiki:WP5312;wiki:WP5348;wiki:WP5352;wiki:WP5402;wiki:WP78",51,"CHEBI:30915","HMDB0000208","C00026","328-50-7",13498464.079281,4388488.7716099,32.5110230751799,20632144.1701779,13360009.3428008,"Amide","Neg",1
"C18-Neg-000193","2-Oxoglutaric acid","C5 H6 O5",146.02152,60.9,"mzCloud",305,-0.01,145.01425,1.284,FALSE,"[M-H]-1","C(CC(=O)O)C(=O)C(=O)O","KPGXRSRHYNQIFN-UHFFFAOYSA-N","Organic acids and derivatives","Keto acids and derivatives","Gamma-keto acids and derivatives","kegg:map00020;kegg:map00250;kegg:map00270;kegg:map00280;kegg:map00310;kegg:map00330;kegg:map00350;kegg:map00360;kegg:map00380;kegg:map00410;kegg:map00640;kegg:map00910;reactome:R-HSA-112122;reactome:R-HSA-112126;reactome:R-HSA-112310;reactome:R-HSA-1234174;reactome:R-HSA-1234176;reactome:R-HSA-1474290;reactome:R-HSA-1614558;reactome:R-HSA-1614635;reactome:R-HSA-163841;reactome:R-HSA-1650814;reactome:R-HSA-2299718;reactome:R-HSA-2559580;reactome:R-HSA-2978092;reactome:R-HSA-3214842;reactome:R-HSA-389542;reactome:R-HSA-389599;reactome:R-HSA-390918;reactome:R-HSA-5221030;reactome:R-HSA-549132;reactome:R-HSA-561048;reactome:R-HSA-5625740;reactome:R-HSA-5625886;reactome:R-HSA-6782315;reactome:R-HSA-6782861;reactome:R-HSA-68875;reactome:R-HSA-70263;reactome:R-HSA-70326;reactome:R-HSA-70895;reactome:R-HSA-71064;reactome:R-HSA-71240;reactome:R-HSA-71262;reactome:R-HSA-71403;reactome:R-HSA-71406;reactome:R-HSA-73942;reactome:R-HSA-73943;reactome:R-HSA-880009;reactome:R-HSA-888590;reactome:R-HSA-8963684;reactome:R-HSA-8963691;reactome:R-HSA-8963693;reactome:R-HSA-8964539;reactome:R-HSA-8964540;reactome:R-HSA-8978934;reactome:R-HSA-916853;reactome:R-HSA-9629569;reactome:R-HSA-977347;reactome:R-HSA-9816359;reactome:R-HSA-9821002;wiki:WP106;wiki:WP1804;wiki:WP1878;wiki:WP2453;wiki:WP2654;wiki:WP2685;wiki:WP2725;wiki:WP2727;wiki:WP2766;wiki:WP3372;wiki:WP3397;wiki:WP3404;wiki:WP3486;wiki:WP3553;wiki:WP3556;wiki:WP3574;wiki:WP3580;wiki:WP3585;wiki:WP3602;wiki:WP4093;wiki:WP4157;wiki:WP4206;wiki:WP4236;wiki:WP4290;wiki:WP4297;wiki:WP4435;wiki:WP4504;wiki:WP4519;wiki:WP4595;wiki:WP4661;wiki:WP4688;wiki:WP4917;wiki:WP4979;wiki:WP4980;wiki:WP4981;wiki:WP4990;wiki:WP4992;wiki:WP4994;wiki:WP4996;wiki:WP5004;wiki:WP5050;wiki:WP5190;wiki:WP5213;wiki:WP5220;wiki:WP5312;wiki:WP5348;wiki:WP5352;wiki:WP5402;wiki:WP78",51,"CHEBI:30915","HMDB0000208","C00026","328-50-7",491150.068651572,162511.664826089,33.0879857702669,663720.557112311,536071.702602043,"C18","Neg",1
"Amide-Pos-000197","2-Piperazinecarboxamide","C5 H11 N3 O",129.09021,57.4,"NIST23",15525,-1.09,130.09735,15.707,FALSE,"[M+H]+1","NC(=O)C1CNCCN1","BRYCUMKDWMEGMK-UHFFFAOYSA-N","Organic acids and derivatives","Carboxylic acids and derivatives","Amino acids, peptides, and analogues",NA,3019914,NA,NA,NA,"84501-64-4",6020879.63223408,2167446.10545468,35.9988280425138,11999430.7089624,5903115.88224622,"Amide","Pos",0
"Amide-Pos-000243","2-Piperazinecarboxamide","C5 H11 N3 O",129.09021,57.4,"NIST23",15525,-1.33,130.09732,12.449,FALSE,"[M+H]+1","NC(=O)C1CNCCN1","BRYCUMKDWMEGMK-UHFFFAOYSA-N","Organic acids and derivatives","Carboxylic acids and derivatives","Amino acids, peptides, and analogues",NA,3019914,NA,NA,NA,"84501-64-4",3853797.55290723,2025730.36421722,52.564524638536,8570781.6023422,3376282.70906314,"Amide","Pos",0
"C8-Neg-000201","2-[(2S,4aR,8aS)-2-Hydroxy-4a-methyl-8-methylenedecahydro-2-naphthalenyl]acrylic acid","C15 H22 O3",250.15689,65.6,"mzCloud",8135,-1.36,249.14928,4.29,FALSE,"[M-H]-1","CC12CCCC(=C)C1CC(CC2)(C(=C)C(=O)O)O","WQMBCGHXXVLQTE-CFVMTHIKSA-N","Lipids and lipid-like molecules","Prenol lipids","Sesquiterpenoids",NA,23757244,"CHEBI:182363",NA,NA,NA,148678.885289827,67316.6705544855,45.2765504821089,358038.369069274,126514.027123017,"C8","Neg",0
"C8-Neg-000204","2-[(2S,4aR,8aS)-2-hydroxy-4a-methyl-8-methylidene-3,4,5,6,7,8a-hexahydro-1H-naphthalen-2-yl]prop-2-enoic acid","C15 H22 O3",250.15689,65.8,"MoNA",56065,-0.97,249.14937,4.067,FALSE,"[M-H]-1","C[C@]12CCCC(=C)[C@@H]1C[C@@](CC2)(C(=C)C(=O)O)O","WQMBCGHXXVLQTE-CFVMTHIKSA-N","Lipids and lipid-like molecules","Prenol lipids","Sesquiterpenoids",NA,23757244,"CHEBI:182363",NA,NA,NA,230841.987921938,40764.0951382755,17.6588737193081,307253.023850229,221120.900721898,"C8","Neg",0
"C8-Pos-000055","3'-Adenosine monophosphate (3'-AMP)","C10 H14 N5 O7 P",347.06308,92.1,"mzCloud",194,0.56,348.07055,1.351,FALSE,"[M+H]+1","O=P(O)(O)OC3C(OC(n2cnc1c(ncnc12)N)C3O)CO","LNQVTSROQXJCDD-KQYNXXCUSA-N","Nucleosides, nucleotides, and analogues","Ribonucleoside 3'-phosphates",NA,"kegg:map00120;kegg:map00380;wiki:WP1403;wiki:WP4141;wiki:WP4222",41211,"CHEBI:28931","HMDB0003540","C01367","84-21-9",43034393.9179499,16865952.273095,39.1917969270158,69150040.5820944,34102134.6688087,"C8","Pos",0
"C8-Pos-000057","3'-Adenosine monophosphate (3'-AMP)","C10 H14 N5 O7 P",347.06308,92.1,"mzCloud",194,-0.58,348.07016,1.143,FALSE,"[M+H]+1","O=P(O)(O)OC3C(OC(n2cnc1c(ncnc12)N)C3O)CO","LNQVTSROQXJCDD-KQYNXXCUSA-N","Nucleosides, nucleotides, and analogues","Ribonucleoside 3'-phosphates",NA,"kegg:map00120;kegg:map00380;wiki:WP1403;wiki:WP4141;wiki:WP4222",41211,"CHEBI:28931","HMDB0003540","C01367","84-21-9",47754032.3990269,17960478.1624287,37.6103907045025,82628524.5212488,44922629.709916,"C8","Pos",0
"C8-Neg-000038","3-(3,5-Di-tert-butyl-4-hydroxyphenyl)propanoic acid","C17 H26 O3",278.18819,95.1,"NIST23",10631,-1.18,277.18059,5.26,FALSE,"[M-H]-1","CC(C)(C)C1=CC(=CC(=C1O)C(C)(C)C)CCC(=O)O","WPMYUUITDBHVQZ-UHFFFAOYSA-N","Phenylpropanoids and polyketides","Phenylpropanoic acids",NA,NA,88389,NA,"HMDB0245577",NA,"20170-32-5",5930663.76604792,2474208.66673419,41.7189165384595,9417675.45930115,5827386.20240472,"C8","Neg",0
"C8-Neg-000049","3-(3,5-Di-tert-butyl-4-hydroxyphenyl)propanoic acid","C17 H26 O3",278.18819,95.1,"NIST23",10631,-1.21,277.18058,4.821,FALSE,"[M-H]-1","CC(C)(C)C1=CC(=CC(=C1O)C(C)(C)C)CCC(=O)O","WPMYUUITDBHVQZ-UHFFFAOYSA-N","Phenylpropanoids and polyketides","Phenylpropanoic acids",NA,NA,88389,NA,"HMDB0245577",NA,"20170-32-5",3781646.03443718,1521342.61992618,40.2296409043107,6747418.23658014,3647487.52474908,"C8","Neg",0
"Amide-Pos-000082","3-(Ethenyloxy)propan-1-amine","C5 H11 N O",101.08406,75.3,"NIST23",14076,-1.42,102.0912,9.871,FALSE,"[M+H]+1","C=COCCCN","JPVNTYZOJCDQBK-UHFFFAOYSA-N","Organic oxygen compounds","Organooxygen compounds",NA,NA,4386396,NA,NA,NA,"66415-55-2",31447215.4714174,31452164.1452013,100.015736445055,81985271.1667426,13243048.5034485,"Amide","Pos",0
"Amide-Pos-000229","3-(Ethenyloxy)propan-1-amine","C5 H11 N O",101.08406,75.3,"NIST23",14076,-1.46,102.09119,14.151,FALSE,"[M+H]+1","C=COCCCN","JPVNTYZOJCDQBK-UHFFFAOYSA-N","Organic oxygen compounds","Organooxygen compounds",NA,NA,4386396,NA,NA,NA,"66415-55-2",5158872.16024534,1974447.85714548,38.2728587919027,9784920.45067693,4612403.96882241,"Amide","Pos",0
"Amide-Pos-000254","3-Hydrazinylpyridazine","C4 H6 N4",110.05925,59.7,"NIST23",36600,-0.47,111.06647,8.547,FALSE,"[M+H]+1","C1=CC(=NN=C1)NN","YTRGNBTVTHPFJM-UHFFFAOYSA-N","Organoheterocyclic compounds","Diazines","Pyridazines and derivatives",NA,12295391,NA,"HMDB0245880",NA,"40972-16-5",4927700.95444309,2033304.84422858,41.2627483491108,8012984.52532377,5025421.52774548,"Amide","Pos",0
"Amide-Pos-000255","3-Hydrazinylpyridazine","C4 H6 N4",110.05925,59.7,"NIST23",36600,-0.75,111.06644,8.387,FALSE,"[M+H]+1","C1=CC(=NN=C1)NN","YTRGNBTVTHPFJM-UHFFFAOYSA-N","Organoheterocyclic compounds","Diazines","Pyridazines and derivatives",NA,12295391,NA,"HMDB0245880",NA,"40972-16-5",5163767.38136288,1796637.75556453,34.7931582287957,8012984.52532377,5304872.98073192,"Amide","Pos",0
"Amide-Neg-000072","3-Hydroxy-3-methylglutaric acid","C6 H10 O5",162.05282,74.5,"mzCloud",229,-0.65,161.04544,11.686,FALSE,"[M-H]-1","CC(CC(=O)O)(CC(=O)O)O","NPOAOTPXWNWTSH-UHFFFAOYSA-N","Lipids and lipid-like molecules","Fatty Acyls","Fatty acids and conjugates","wiki:WP4686",1662,"CHEBI:16831","HMDB0000355","C03761","503-49-1",17273832.8910996,7360255.87934772,42.6092803244618,35132059.2303364,15897194.6177983,"Amide","Neg",1
"Amide-Neg-000126","3-Hydroxy-3-methylglutaric acid","C6 H10 O5",162.05282,74.5,"mzCloud",229,-0.85,161.04541,11.472,FALSE,"[M-H]-1","CC(CC(=O)O)(CC(=O)O)O","NPOAOTPXWNWTSH-UHFFFAOYSA-N","Lipids and lipid-like molecules","Fatty Acyls","Fatty acids and conjugates","wiki:WP4686",1662,"CHEBI:16831","HMDB0000355","C03761","503-49-1",7238881.92377738,3638654.87033871,50.265426465749,15115409.2128738,6717834.9788394,"Amide","Neg",1
"C18-Neg-000015","3-Hydroxy-3-methylglutaric acid","C6 H10 O5",162.05282,81.8,"mzCloud",229,0.45,161.04562,2.817,FALSE,"[M-H]-1","CC(CC(=O)O)(CC(=O)O)O","NPOAOTPXWNWTSH-UHFFFAOYSA-N","Lipids and lipid-like molecules","Fatty Acyls","Fatty acids and conjugates","wiki:WP4686",1662,"CHEBI:16831","HMDB0000355","C03761","503-49-1",16611717.6579867,4131958.21514295,24.8737565868534,24008378.6314594,15860114.3389069,"C18","Neg",1
"C18-Neg-000027","3-Hydroxy-3-methylglutaric acid","C6 H10 O5",162.05282,81.8,"mzCloud",229,0.33,161.0456,3.506,FALSE,"[M-H]-1","CC(CC(=O)O)(CC(=O)O)O","NPOAOTPXWNWTSH-UHFFFAOYSA-N","Lipids and lipid-like molecules","Fatty Acyls","Fatty acids and conjugates","wiki:WP4686",1662,"CHEBI:16831","HMDB0000355","C03761","503-49-1",20476532.4898936,6686343.90757065,32.6536922736834,27317468.703392,20155804.4758686,"C18","Neg",1
"Amide-Neg-000187","3-Hydroxybutyric acid","C4 H8 O3",104.04734,84,"mzCloud",199,-0.54,103.04001,6.32,FALSE,"[M-H]-1","CC(CC(=O)O)O","WHBMMWSBFZVSSR-UHFFFAOYSA-N","Organic acids and derivatives","Hydroxy acids and derivatives","Beta hydroxy acids and derivatives","kegg:map00072;reactome:R-HSA-3296197;reactome:R-HSA-433692;reactome:R-HSA-5619070;reactome:R-HSA-74182;reactome:R-HSA-77108;reactome:R-HSA-77111;reactome:R-HSA-9749641;wiki:WP3602;wiki:WP4113;wiki:WP4686;wiki:WP4742;wiki:WP5175;wiki:WP5195;wiki:WP661",441,"CHEBI:20067",NA,NA,"300-85-6",2843942.99982856,2067222.38423054,72.688601155338,9702018.57371601,2419092.86049911,"Amide","Neg",0
"Amide-Neg-000273","3-Hydroxybutyric acid","C4 H8 O3",104.04734,84,"mzCloud",199,-0.55,103.04,5.137,FALSE,"[M-H]-1","CC(CC(=O)O)O","WHBMMWSBFZVSSR-UHFFFAOYSA-N","Organic acids and derivatives","Hydroxy acids and derivatives","Beta hydroxy acids and derivatives","kegg:map00072;reactome:R-HSA-3296197;reactome:R-HSA-433692;reactome:R-HSA-5619070;reactome:R-HSA-74182;reactome:R-HSA-77108;reactome:R-HSA-77111;reactome:R-HSA-9749641;wiki:WP3602;wiki:WP4113;wiki:WP4686;wiki:WP4742;wiki:WP5175;wiki:WP5195;wiki:WP661",441,"CHEBI:20067",NA,NA,"300-85-6",1127249.33069955,889078.242648289,78.8714810854259,4605232.04928933,875158.882625205,"Amide","Neg",0
"C18-Neg-000145","3-Ureidopropionic acid","C4 H8 N2 O3",132.05349,68.2,"mzCloud",221,-0.45,131.04616,1.144,FALSE,"[M-H]-1","C(CNC(=O)N)C(=O)O","JSJWCHRYRHKBBW-UHFFFAOYSA-N","Organic acids and derivatives","Organic carbonic acids and derivatives","Ureas","kegg:map00020;kegg:map00072;kegg:map00190;kegg:map00250;kegg:map00280;kegg:map00330;kegg:map00410;kegg:map00650;kegg:map01040;reactome:R-HSA-112122;reactome:R-HSA-112126;reactome:R-HSA-112310;reactome:R-HSA-1234174;reactome:R-HSA-1234176;reactome:R-HSA-1474290;reactome:R-HSA-163841;reactome:R-HSA-1650814;reactome:R-HSA-2299718;reactome:R-HSA-2559580;reactome:R-HSA-3214842;reactome:R-HSA-389599;reactome:R-HSA-390918;reactome:R-HSA-425397;reactome:R-HSA-433137;reactome:R-HSA-5221030;reactome:R-HSA-5619108;reactome:R-HSA-5625740;reactome:R-HSA-5625886;reactome:R-HSA-6782315;reactome:R-HSA-6782861;reactome:R-HSA-68875;reactome:R-HSA-71262;reactome:R-HSA-71403;reactome:R-HSA-71406;reactome:R-HSA-73621;reactome:R-HSA-73942;reactome:R-HSA-73943;reactome:R-HSA-74182;reactome:R-HSA-77108;reactome:R-HSA-804914;reactome:R-HSA-888590;reactome:R-HSA-8956319;reactome:R-HSA-916853;reactome:R-HSA-9629569;reactome:R-HSA-9816359;reactome:R-HSA-9821002;wiki:WP106;wiki:WP111;wiki:WP1804;wiki:WP1878;wiki:WP1937;wiki:WP2453;wiki:WP2654;wiki:WP2685;wiki:WP2725;wiki:WP2727;wiki:WP2766;wiki:WP3372;wiki:WP3397;wiki:WP3404;wiki:WP3553;wiki:WP3602;wiki:WP4022;wiki:WP4042;wiki:WP4113;wiki:WP4157;wiki:WP4159;wiki:WP4206;wiki:WP4225;wiki:WP4236;wiki:WP4297;wiki:WP4584;wiki:WP4661;wiki:WP4724;wiki:WP4996;wiki:WP5195;wiki:WP5348;wiki:WP78",111,"CHEBI:18261","HMDB0000026","C02642","462-88-4",816104.608124509,278513.150546184,34.1271385767855,1740498.93960904,797770.513833547,"C18","Neg",1
"C18-Pos-000189","3-Ureidopropionic acid","C4 H8 N2 O3",132.05349,70.5,"mzCloud",221,-1.67,133.06059,1.332,FALSE,"[M+H]+1","C(CNC(=O)N)C(=O)O","JSJWCHRYRHKBBW-UHFFFAOYSA-N","Organic acids and derivatives","Organic carbonic acids and derivatives","Ureas","kegg:map00020;kegg:map00072;kegg:map00190;kegg:map00250;kegg:map00280;kegg:map00330;kegg:map00410;kegg:map00650;kegg:map01040;reactome:R-HSA-112122;reactome:R-HSA-112126;reactome:R-HSA-112310;reactome:R-HSA-1234174;reactome:R-HSA-1234176;reactome:R-HSA-1474290;reactome:R-HSA-163841;reactome:R-HSA-1650814;reactome:R-HSA-2299718;reactome:R-HSA-2559580;reactome:R-HSA-3214842;reactome:R-HSA-389599;reactome:R-HSA-390918;reactome:R-HSA-425397;reactome:R-HSA-433137;reactome:R-HSA-5221030;reactome:R-HSA-5619108;reactome:R-HSA-5625740;reactome:R-HSA-5625886;reactome:R-HSA-6782315;reactome:R-HSA-6782861;reactome:R-HSA-68875;reactome:R-HSA-71262;reactome:R-HSA-71403;reactome:R-HSA-71406;reactome:R-HSA-73621;reactome:R-HSA-73942;reactome:R-HSA-73943;reactome:R-HSA-74182;reactome:R-HSA-77108;reactome:R-HSA-804914;reactome:R-HSA-888590;reactome:R-HSA-8956319;reactome:R-HSA-916853;reactome:R-HSA-9629569;reactome:R-HSA-9816359;reactome:R-HSA-9821002;wiki:WP106;wiki:WP111;wiki:WP1804;wiki:WP1878;wiki:WP1937;wiki:WP2453;wiki:WP2654;wiki:WP2685;wiki:WP2725;wiki:WP2727;wiki:WP2766;wiki:WP3372;wiki:WP3397;wiki:WP3404;wiki:WP3553;wiki:WP3602;wiki:WP4022;wiki:WP4042;wiki:WP4113;wiki:WP4157;wiki:WP4159;wiki:WP4206;wiki:WP4225;wiki:WP4236;wiki:WP4297;wiki:WP4584;wiki:WP4661;wiki:WP4724;wiki:WP4996;wiki:WP5195;wiki:WP5348;wiki:WP78",111,"CHEBI:18261","HMDB0000026","C02642","462-88-4",2898991.52508316,782072.022347454,26.9773821544725,4271518.36493398,2813458.52049286,"C18","Pos",1
"C8-Pos-000478","3-[1-Decenyl]dihydro-2,5-furandione","C14 H22 O3",238.15689,74.2,"NIST23",14277,-0.24,239.1641,3.682,FALSE,"[M+H]+1","CCCCCCCC/C=C/C1CC(=O)OC1=O","UWERUIGPWOVNGG-MDZDMXLPSA-N","Organic acids and derivatives","Carboxylic acids and derivatives","Dicarboxylic acids and derivatives",NA,5354807,NA,NA,NA,"76386-09-9",730425.75951017,314886.399359051,43.1099800711049,1241281.07397884,787003.331420199,"C8","Pos",0
"C8-Pos-000490","3-[1-Decenyl]dihydro-2,5-furandione","C14 H22 O3",238.15689,74.2,"NIST23",14277,-0.53,239.16404,3.79,FALSE,"[M+H]+1","CCCCCCCC/C=C/C1CC(=O)OC1=O","UWERUIGPWOVNGG-MDZDMXLPSA-N","Organic acids and derivatives","Carboxylic acids and derivatives","Dicarboxylic acids and derivatives",NA,5354807,NA,NA,NA,"76386-09-9",380921.083711934,395583.400767576,103.84917445702,1174983.36178094,155547.771692197,"C8","Pos",0
"Amide-Pos-000526","4-ACETAMIDOBUTANOATE","C6 H11 N O3",145.07389,72.9,"GNPS",6642,-0.57,146.08116,0.57,FALSE,"[M+H]+1","CC(=O)NCCCC(=O)O","UZTFMUBKZQVKLK-UHFFFAOYSA-N","Organic acids and derivatives","Carboxylic acids and derivatives","Amino acids, peptides, and analogues","wiki:WP4157",18189,"CHEBI:17645","HMDB0003681","C02946","3025-96-5",256664.312892955,69346.1108364977,27.0182130327637,388479.51590399,253636.354867219,"Amide","Pos",1
"Amide-Neg-000452","4-Acetamidobutanoic acid","C6 H11 N O3",145.07389,56,"mzCloud",222,-0.46,144.06655,8.564,FALSE,"[M-H]-1","CC(=O)NCCCC(=O)O","UZTFMUBKZQVKLK-UHFFFAOYSA-N","Organic acids and derivatives","Carboxylic acids and derivatives","Amino acids, peptides, and analogues","wiki:WP4157",18189,"CHEBI:17645","HMDB0003681","C02946","3025-96-5",638275.766654826,238679.495726111,37.3944160495109,1217447.60117149,642188.008506618,"Amide","Neg",1
"C18-Neg-000187","4-Acetamidobutanoic acid","C6 H11 N O3",145.07389,53.4,"mzCloud",222,0.27,144.06666,3.206,FALSE,"[M-H]-1","CC(=O)NCCCC(=O)O","UZTFMUBKZQVKLK-UHFFFAOYSA-N","Organic acids and derivatives","Carboxylic acids and derivatives","Amino acids, peptides, and analogues","wiki:WP4157",18189,"CHEBI:17645","HMDB0003681","C02946","3025-96-5",442106.45944888,131058.04668892,29.6440017755665,754119.360930749,453532.99757805,"C18","Neg",1
"C18-Pos-000161","4-Acetamidobutanoic acid","C6 H11 N O3",145.07389,97.9,"mzCloud",222,-0.73,146.08106,3.112,FALSE,"[M+H]+1","CC(=O)NCCCC(=O)O","UZTFMUBKZQVKLK-UHFFFAOYSA-N","Organic acids and derivatives","Carboxylic acids and derivatives","Amino acids, peptides, and analogues","wiki:WP4157",18189,"CHEBI:17645","HMDB0003681","C02946","3025-96-5",4667637.83032236,1173055.63784592,25.1316764601015,6964641.15272609,4509533.96908412,"C18","Pos",1
"Amide-Neg-000217","4-Hydroxybenzaldehyde","C7 H6 O2",122.03678,81.7,"mzCloud",234,-0.15,121.02948,2.487,FALSE,"[M-H]-1","C1=CC(=CC=C1C=O)O","RGHHSNMVTDWUBI-UHFFFAOYSA-N","Organic oxygen compounds","Organooxygen compounds","Carbonyl compounds",NA,126,"CHEBI:17597","HMDB0011718","C00633","123-08-0",3506770.97791158,1215047.30363769,34.6486072598129,7322313.37023782,3350740.20652204,"Amide","Neg",1
"Amide-Neg-000389","4-Hydroxybenzaldehyde","C7 H6 O2",122.03678,81.7,"mzCloud",234,-0.32,121.02946,1.097,FALSE,"[M-H]-1","C1=CC(=CC=C1C=O)O","RGHHSNMVTDWUBI-UHFFFAOYSA-N","Organic oxygen compounds","Organooxygen compounds","Carbonyl compounds",NA,126,"CHEBI:17597","HMDB0011718","C00633","123-08-0",1022109.24435213,400461.697110219,39.1799310419165,1949185.00684657,990718.479924479,"Amide","Neg",1
"C18-Pos-000200","4-Hydroxybenzaldehyde","C7 H6 O2",122.03678,51.7,"mzCloud",234,-1.03,123.04393,2.134,FALSE,"[M+H]+1","C1=CC(=CC=C1C=O)O","RGHHSNMVTDWUBI-UHFFFAOYSA-N","Organic oxygen compounds","Organooxygen compounds","Carbonyl compounds",NA,126,"CHEBI:17597","HMDB0011718","C00633","123-08-0",2396530.12649125,442862.139944195,18.4793061872578,3162362.72408162,2371466.70982999,"C18","Pos",1
"Amide-Neg-000354","4-Methyloxazole-5-carboxylic acid","C5 H5 N O3",127.02694,86.3,"NIST23",13004,-0.04,126.01966,8.682,FALSE,"[M-H]-1","Cc1ncoc1C(=O)O","ZIXUNDOOBLSXPE-UHFFFAOYSA-N","Organoheterocyclic compounds","Azoles","Oxazoles",NA,292311,NA,NA,NA,"2510-32-9",942544.347699482,348042.980334596,36.925899686745,1481604.62869851,1045664.82644487,"Amide","Neg",0
"Amide-Neg-000492","4-Methyloxazole-5-carboxylic acid","C5 H5 N O3",127.02694,86.3,"NIST23",13004,-1.24,126.01951,9.384,FALSE,"[M-H]-1","Cc1ncoc1C(=O)O","ZIXUNDOOBLSXPE-UHFFFAOYSA-N","Organoheterocyclic compounds","Azoles","Oxazoles",NA,292311,NA,NA,NA,"2510-32-9",479440.935802854,183238.281422781,38.2191564673002,908730.82868088,448431.683254701,"Amide","Neg",0
"Amide-Neg-000183","4-Oxoproline","C5 H7 N O3",129.04259,100,"mzCloud",1268,-0.88,128.0352,9.546,FALSE,"[M-H]-1","C1C(NCC1=O)C(=O)O","HFXAFXVXPMUQCQ-UHFFFAOYSA-N","Organic acids and derivatives","Carboxylic acids and derivatives","Amino acids, peptides, and analogues",NA,413589,"CHEBI:37011","HMDB0246561",NA,"2002-02-0",5283807.72345675,2195844.41619407,41.557992476636,9908469.45248751,5068301.38000596,"Amide","Neg",1
"Amide-Neg-000219","4-Oxoproline","C5 H7 N O3",129.04259,100,"mzCloud",1268,-0.41,188.05639,12.55,FALSE,"[M-H+HAc]-1","C1C(NCC1=O)C(=O)O","HFXAFXVXPMUQCQ-UHFFFAOYSA-N","Organic acids and derivatives","Carboxylic acids and derivatives","Amino acids, peptides, and analogues",NA,413589,"CHEBI:37011","HMDB0246561",NA,"2002-02-0",4328212.68622197,1267539.59483407,29.2855200685733,6998392.87993744,4275857.51334918,"Amide","Neg",1
"C18-Neg-000071","4-Oxoproline","C5 H7 N O3",129.04259,100,"mzCloud",1268,0.01,128.03532,1.181,FALSE,"[M-H]-1","C1C(NCC1=O)C(=O)O","HFXAFXVXPMUQCQ-UHFFFAOYSA-N","Organic acids and derivatives","Carboxylic acids and derivatives","Amino acids, peptides, and analogues",NA,413589,"CHEBI:37011","HMDB0246561",NA,"2002-02-0",4824800.54787649,1024041.16329067,21.2245284158198,5781625.32918136,5266793.15751295,"C18","Neg",1
"C18-Neg-000085","4-Oxoproline","C5 H7 N O3",129.04259,100,"mzCloud",1268,0.26,128.03534,2.126,FALSE,"[M-H]-1","C1C(NCC1=O)C(=O)O","HFXAFXVXPMUQCQ-UHFFFAOYSA-N","Organic acids and derivatives","Carboxylic acids and derivatives","Amino acids, peptides, and analogues",NA,413589,"CHEBI:37011","HMDB0246561",NA,"2002-02-0",2972983.91975796,1975006.33564064,66.4317866812221,6580112.8013525,2319866.68956636,"C18","Neg",1
"Amide-Pos-000352","4-Piperidinecarboxamide","C6 H12 N2 O",128.09496,65.8,"mzCloud",3053,-1.35,129.10207,15.369,FALSE,"[M+H]+1","C1CNCCC1C(=O)N","DPBWFNDFMCCGGJ-UHFFFAOYSA-N","Organoheterocyclic compounds","Piperidines","Piperidinecarboxylic acids and derivatives",NA,3772,"CHEBI:166563",NA,NA,"39546-32-2",1819658.82479533,458294.22056814,25.18572241803,3529332.7749831,1813729.78206656,"Amide","Pos",0
"Amide-Pos-000365","4-Piperidinecarboxamide","C6 H12 N2 O",128.09496,65.8,"mzCloud",3053,-1.39,129.10206,13.222,FALSE,"[M+H]+1","C1CNCCC1C(=O)N","DPBWFNDFMCCGGJ-UHFFFAOYSA-N","Organoheterocyclic compounds","Piperidines","Piperidinecarboxylic acids and derivatives",NA,3772,"CHEBI:166563",NA,NA,"39546-32-2",1600583.28095139,526612.691926411,32.9012990572656,3159087.52378664,1508980.54971253,"Amide","Pos",0
"Amide-Pos-000312","4033-40-3","C6 H10 N2 O4",174.06406,67.6,"GNPS",6755,-0.63,175.07122,6.086,FALSE,"[M+H]+1","CC(=O)N[C@@H](CC(=O)N)C(=O)O","HXFOXFJUNFFYMO-BYPYZUCNSA-N","Organic acids and derivatives","Carboxylic acids and derivatives","Amino acids, peptides, and analogues",NA,99715,"CHEBI:139582","HMDB0006028",NA,"4033-40-3",2520721.18177863,1208386.76772908,47.9381367707014,4746993.78151846,2541695.66824924,"Amide","Pos",1
"Amide-Pos-000142","5'-S-Methyl-5'-thioadenosine","C11 H15 N5 O3 S",297.08956,99.6,"mzCloud",253,-1.04,298.09653,2.268,FALSE,"[M+H]+1","n2c1c(ncnc1n(c2)C3OC(C(O)C3O)CSC)N","WUUGFSXJNOTRMR-IOSLPCCCSA-N","Nucleosides, nucleotides, and analogues","5'-deoxyribonucleosides","5'-deoxy-5'-thionucleosides","kegg:map00270;reactome:R-HSA-1237112;reactome:R-HSA-1614635;reactome:R-HSA-163841;reactome:R-HSA-351202;reactome:R-HSA-5358493;reactome:R-HSA-6782315;reactome:R-HSA-6782861;reactome:R-HSA-6790901;wiki:WP2762;wiki:WP3553;wiki:WP3555;wiki:WP3574;wiki:WP3580;wiki:WP3828;wiki:WP4485",439176,"CHEBI:17509","HMDB0001173","C00170","2457-80-9",17923608.6185131,4802136.50807041,26.7922415082772,24668780.0399595,19344549.0757583,"Amide","Pos",1
"C18-Pos-000233","5'-S-Methyl-5'-thioadenosine","C11 H15 N5 O3 S",297.08956,98.9,"mzCloud",253,-0.8,298.0966,6.061,FALSE,"[M+H]+1","n2c1c(ncnc1n(c2)C3OC(C(O)C3O)CSC)N","WUUGFSXJNOTRMR-IOSLPCCCSA-N","Nucleosides, nucleotides, and analogues","5'-deoxyribonucleosides","5'-deoxy-5'-thionucleosides","kegg:map00270;reactome:R-HSA-1237112;reactome:R-HSA-1614635;reactome:R-HSA-163841;reactome:R-HSA-351202;reactome:R-HSA-5358493;reactome:R-HSA-6782315;reactome:R-HSA-6782861;reactome:R-HSA-6790901;wiki:WP2762;wiki:WP3553;wiki:WP3555;wiki:WP3574;wiki:WP3580;wiki:WP3828;wiki:WP4485",439176,"CHEBI:17509","HMDB0001173","C00170","2457-80-9",878373.362321127,419074.162927931,47.710254079258,1777952.16278173,708338.232120728,"C18","Pos",1
"C8-Pos-000198","5'-S-Methyl-5'-thioadenosine","C11 H15 N5 O3 S",297.08956,99,"mzCloud",253,-0.18,298.09678,1.847,FALSE,"[M+H]+1","n2c1c(ncnc1n(c2)C3OC(C(O)C3O)CSC)N","WUUGFSXJNOTRMR-IOSLPCCCSA-N","Nucleosides, nucleotides, and analogues","5'-deoxyribonucleosides","5'-deoxy-5'-thionucleosides","kegg:map00270;reactome:R-HSA-1237112;reactome:R-HSA-1614635;reactome:R-HSA-163841;reactome:R-HSA-351202;reactome:R-HSA-5358493;reactome:R-HSA-6782315;reactome:R-HSA-6782861;reactome:R-HSA-6790901;wiki:WP2762;wiki:WP3553;wiki:WP3555;wiki:WP3574;wiki:WP3580;wiki:WP3828;wiki:WP4485",439176,"CHEBI:17509","HMDB0001173","C00170","2457-80-9",7151204.88575186,1525702.53736296,21.3349017646353,10503085.6332446,7107676.0182377,"C8","Pos",1
"C8-Pos-000663","5(Z),8(Z),11(Z)-Eicosatrienoic acid methyl ester","C21 H36 O2",320.27153,64.2,"mzCloud",6874,-0.52,321.27866,6.325,FALSE,"[M+H]+1","CCCCCCCCC=CCC=CCC=CCCCC(=O)OC","AESHPAQQBZWZMS-NWFXIAEYSA-N","Lipids and lipid-like molecules","Fatty Acyls","Fatty acid esters",NA,10958200,"CHEBI:190340",NA,NA,"14602-39-2",126533.916641916,67638.8109401759,53.4550836133446,263806.132735495,142165.546073537,"C8","Pos",0
"C8-Pos-000669","5(Z),8(Z),11(Z)-Eicosatrienoic acid methyl ester","C21 H36 O2",320.27153,64.2,"mzCloud",6874,0.02,321.27877,6.226,FALSE,"[M+H]+1","CCCCCCCCC=CCC=CCC=CCCCC(=O)OC","AESHPAQQBZWZMS-NWFXIAEYSA-N","Lipids and lipid-like molecules","Fatty Acyls","Fatty acid esters",NA,10958200,"CHEBI:190340",NA,NA,"14602-39-2",91662.0380382506,40764.4693637031,44.4725758188925,181361.596674337,88683.7815883571,"C8","Pos",0
"C8-Pos-000646","5-(Hydroxymethyl)-3-(1-hydroxy-8-methylnonyl)oxolan-2-one","C15 H28 O4",272.19876,65.3,"NIST23",18599,-1.18,305.2319,4.283,FALSE,"[M+H+MeOH]+1","CC(C)CCCCCCC(C1CC(OC1=O)CO)O","BYJHCUIKVIAEAC-UHFFFAOYSA-N","Lipids and lipid-like molecules","Fatty Acyls","Fatty alcohols",NA,44715432,NA,NA,NA,NA,257731.299055158,46904.794362493,18.1991067962819,344132.720745657,246723.543824367,"C8","Pos",0
"C8-Pos-000654","5-(Hydroxymethyl)-3-(1-hydroxy-8-methylnonyl)oxolan-2-one","C15 H28 O4",272.19876,65.3,"NIST23",18599,-0.18,273.206,3.82,FALSE,"[M+H]+1","CC(C)CCCCCCC(C1CC(OC1=O)CO)O","BYJHCUIKVIAEAC-UHFFFAOYSA-N","Lipids and lipid-like molecules","Fatty Acyls","Fatty alcohols",NA,44715432,NA,NA,NA,NA,183787.94437784,46199.6011414597,25.1374491933379,280631.873510608,170120.516123286,"C8","Pos",0
"Amide-Neg-000324","5-Methyl-2-oxo-1,3-oxazolidine-4-carboxylic acid","C5 H7 N O4",145.03751,58.2,"NIST23",25710,-0.53,144.03015,8.576,FALSE,"[M-H]-1","CC1OC(=O)NC1C(=O)O","KYNKAUUXUQOZSQ-UHFFFAOYSA-N","Organic acids and derivatives","Carboxylic acids and derivatives","Amino acids, peptides, and analogues",NA,285712,NA,NA,NA,"1195-19-3",845307.060386927,629705.611756092,74.4943040541804,1913227.86431561,604694.748068745,"Amide","Neg",0
"Amide-Neg-000378","5-Methyl-2-oxo-1,3-oxazolidine-4-carboxylic acid","C5 H7 N O4",145.03751,58.2,"NIST23",25710,-0.3,144.03018,6.364,FALSE,"[M-H]-1","CC1OC(=O)NC1C(=O)O","KYNKAUUXUQOZSQ-UHFFFAOYSA-N","Organic acids and derivatives","Carboxylic acids and derivatives","Amino acids, peptides, and analogues",NA,285712,NA,NA,NA,"1195-19-3",1466121.28534324,326924.875932603,22.2986242134848,2119229.09437728,1503144.35485429,"Amide","Neg",0
"Amide-Pos-000187","5-Methylcytosine","C5 H7 N3 O",125.05891,76.1,"mzCloud",263,-1.03,108.0555,8.607,FALSE,"[M+H-H2O]+1","CC1=CNC(=O)N=C1N","LRSASMSXMSNRBT-UHFFFAOYSA-N","Organoheterocyclic compounds","Diazines","Pyrimidines and pyrimidine derivatives","reactome:R-HSA-212300;reactome:R-HSA-427413;reactome:R-HSA-5221030;reactome:R-HSA-5250941;reactome:R-HSA-5334118;reactome:R-HSA-73728;reactome:R-HSA-73854;reactome:R-HSA-73864;reactome:R-HSA-9816359;reactome:R-HSA-9821002;wiki:WP3585",65040,"CHEBI:27551","HMDB0002894","C02376","554-01-8",5391973.7820875,3337334.14893924,61.8944802741083,13335773.6569739,3856041.94611436,"Amide","Pos",0
"Amide-Pos-000290","5-Methylcytosine","C5 H7 N3 O",125.05891,76.1,"mzCloud",263,-1.18,126.06604,5.366,FALSE,"[M+H]+1","CC1=CNC(=O)N=C1N","LRSASMSXMSNRBT-UHFFFAOYSA-N","Organoheterocyclic compounds","Diazines","Pyrimidines and pyrimidine derivatives","reactome:R-HSA-212300;reactome:R-HSA-427413;reactome:R-HSA-5221030;reactome:R-HSA-5250941;reactome:R-HSA-5334118;reactome:R-HSA-73728;reactome:R-HSA-73854;reactome:R-HSA-73864;reactome:R-HSA-9816359;reactome:R-HSA-9821002;wiki:WP3585",65040,"CHEBI:27551","HMDB0002894","C02376","554-01-8",4150080.98873769,1218286.34012124,29.3557244648326,5868206.92818699,4356306.77269445,"Amide","Pos",0
"C8-Neg-000099","5-[(1S,2R,4aR)-5-(Hydroxymethyl)-1,2,4a-trimethyl-1,2,3,4,4a,7,8,8a-octahydro-1-naphthalenyl]-3-methylpentanoic acid","C20 H34 O3",322.25079,65.3,"mzCloud",7885,-1.24,303.23255,4.753,FALSE,"[M-H-H2O]-1","CC1CCC2(C(C1(C)CCC(C)CC(=O)O)CCC=C2CO)C","FVXAJZRADGVLQM-FVUCEDHYSA-N","Lipids and lipid-like molecules","Prenol lipids","Diterpenoids",NA,23757200,NA,NA,NA,NA,813533.601510539,669912.287388764,82.3459886776521,2892867.50380044,633090.681984495,"C8","Neg",0
"C8-Neg-000212","5-[(1S,2R,4aR)-5-(Hydroxymethyl)-1,2,4a-trimethyl-1,2,3,4,4a,7,8,8a-octahydro-1-naphthalenyl]-3-methylpentanoic acid","C20 H34 O3",322.25079,65.3,"mzCloud",7885,-1.82,321.24293,4.678,FALSE,"[M-H]-1","CC1CCC2(C(C1(C)CCC(C)CC(=O)O)CCC=C2CO)C","FVXAJZRADGVLQM-FVUCEDHYSA-N","Lipids and lipid-like molecules","Prenol lipids","Diterpenoids",NA,23757200,NA,NA,NA,NA,61066.5606088296,53795.6265153898,88.0934278581452,168698.056572573,33729.8352213786,"C8","Neg",0
"Amide-Neg-000487","6-Gingerol","C17 H26 O4",294.18311,75.6,"GNPS",50769,0.81,293.17607,1.639,FALSE,"[M-H]-1","CCCCC[C@@H](CC(=O)CCC1=CC(=C(C=C1)O)OC)O","NLDDIKRKFXEWBK-AWEZNQCLSA-N","Benzenoids","Phenols","Methoxyphenols",NA,442793,"CHEBI:10136",NA,"C10462","23513-14-6",500803.693741286,178895.038604687,35.7215892854623,948523.896985748,499998.51797785,"Amide","Neg",1
"C18-Neg-000137","6-Gingerol","C17 H26 O4",294.18311,83.2,"GNPS",62106,-0.08,293.17581,14.187,FALSE,"[M-H]-1","CCCCC[C@@H](CC(=O)CCC1=CC(=C(C=C1)O)OC)O","NLDDIKRKFXEWBK-AWEZNQCLSA-N","Benzenoids","Phenols","Methoxyphenols",NA,442793,"CHEBI:10136",NA,"C10462","23513-14-6",1268526.18459622,391542.984995679,30.8659757875089,2448833.287487,1196900.89871784,"C18","Neg",1
"C18-Pos-000235","6-Methyl[1,2,4]triazolo[4,3-b]pyridazin-8-ol","C6 H6 N4 O",150.05416,61.2,"mzCloud",4332,-0.79,151.06132,4.709,FALSE,"[M+H]+1","Cc1cc(c2nncn2n1)O","PQKCWHQSKRXSPN-UHFFFAOYSA-N","Organoheterocyclic compounds","Triazolopyridazines",NA,NA,NA,NA,NA,NA,NA,475883.89452308,361499.543762346,75.9638113251621,1657454.71814974,343314.991240941,"C18","Pos",0
"C18-Pos-000274","6-Methyl[1,2,4]triazolo[4,3-b]pyridazin-8-ol","C6 H6 N4 O",150.05416,61.2,"mzCloud",4332,-1.16,151.06126,4.9,FALSE,"[M+H]+1","Cc1cc(c2nncn2n1)O","PQKCWHQSKRXSPN-UHFFFAOYSA-N","Organoheterocyclic compounds","Triazolopyridazines",NA,NA,NA,NA,NA,NA,NA,326565.527694674,178191.195228499,54.5652189581689,712002.535117655,295210.781793254,"C18","Pos",0
"C8-Pos-000640","6H-2-Benzopyran-3-carboxylic acid, 7-ethyl-7,8-dihydro-8-hydroxy-4,7-dimethyl-6-oxo-","C14 H16 O5",264.09977,67.1,"NIST23",19709,0.2,265.10711,3.944,FALSE,"[M+H]+1","CCC1(C(C2=COC(=C(C2=CC1=O)C)C(=O)O)O)C","CNXACDYPVKUDEK-UHFFFAOYSA-N","Organoheterocyclic compounds","Azaphilones",NA,NA,154812537,NA,NA,NA,NA,214277.489635131,98127.7006322223,45.7946846396758,361697.835259964,199506.301108271,"C8","Pos",0
"C8-Pos-000687","6H-2-Benzopyran-3-carboxylic acid, 7-ethyl-7,8-dihydro-8-hydroxy-4,7-dimethyl-6-oxo-","C14 H16 O5",264.09977,67.1,"NIST23",19709,0.63,265.10721,4.048,FALSE,"[M+H]+1","CCC1(C(C2=COC(=C(C2=CC1=O)C)C(=O)O)O)C","CNXACDYPVKUDEK-UHFFFAOYSA-N","Organoheterocyclic compounds","Azaphilones",NA,NA,154812537,NA,NA,NA,NA,87524.5405892574,48276.6952049807,55.1578961511351,198568.555762546,82349.1783276908,"C8","Pos",0
"C8-Pos-000285","7,8-Bis(hydroxymethyl)-1,4a-dimethyl-3,4,4a,5,6,7-hexahydro-2H-benzo[7]annulen-2-one","C15 H22 O3",250.15689,57.3,"mzCloud",7612,-0.82,251.164,3.736,FALSE,"[M+H]+1","CC1=C2C=C(C(CCC2(CCC1=O)C)CO)CO","DPBOXKYWJVXMAW-UHFFFAOYSA-N","Organic oxygen compounds","Organooxygen compounds","Carbonyl compounds",NA,45359408,"CHEBI:181601",NA,NA,NA,834940.112245479,304505.591457868,36.4703512254231,1143397.74376426,826875.835268497,"C8","Pos",0
"C8-Pos-000666","7,8-Bis(hydroxymethyl)-1,4a-dimethyl-3,4,4a,5,6,7-hexahydro-2H-benzo[7]annulen-2-one","C15 H22 O3",250.15689,57.3,"mzCloud",7612,0.07,251.1642,4.231,FALSE,"[M+H]+1","CC1=C2C=C(C(CCC2(CCC1=O)C)CO)CO","DPBOXKYWJVXMAW-UHFFFAOYSA-N","Organic oxygen compounds","Organooxygen compounds","Carbonyl compounds",NA,45359408,"CHEBI:181601",NA,NA,NA,138605.338608024,66354.6479363062,47.8730823810167,251472.180353026,118731.655405019,"C8","Pos",0
"C18-Pos-000272","7,9-Di-tert-butyl-1-oxaspiro[4.5]deca-6,9-diene-2,8-dione","C17 H24 O3",276.17254,76.8,"NIST23",10247,-0.87,277.17958,16.259,FALSE,"[M+H]+1","CC(C)(C)C1=CC2(C=C(C(C)(C)C)C1=O)CCC(=O)O2","ZTMZUYHXZPUDRF-UHFFFAOYSA-N","Organic compounds","Organoheterocyclic compounds","Lactones",NA,545303,"CHEBI:88174",NA,NA,"82304-66-3",369357.075327488,100295.599341288,27.1541026396642,751531.867998789,335602.286315915,"C18","Pos",1
"C8-Pos-000323","7,9-Di-tert-butyl-1-oxaspiro[4.5]deca-6,9-diene-2,8-dione","C17 H24 O3",276.17254,85.8,"NIST23",10247,-0.07,277.17978,4.057,FALSE,"[M+H]+1","CC(C)(C)C1=CC2(C=C(C(C)(C)C)C1=O)CCC(=O)O2","ZTMZUYHXZPUDRF-UHFFFAOYSA-N","Organic compounds","Organoheterocyclic compounds","Lactones",NA,545303,"CHEBI:88174",NA,NA,"82304-66-3",2157543.95191861,415687.010619154,19.2666763636264,2958956.5594279,2038410.92318824,"C8","Pos",1
"C8-Pos-000452","7,9-Di-tert-butyl-1-oxaspiro[4.5]deca-6,9-diene-2,8-dione","C17 H24 O3",276.17254,85.8,"NIST23",10247,-0.85,277.17957,3.968,FALSE,"[M+H]+1","CC(C)(C)C1=CC2(C=C(C(C)(C)C)C1=O)CCC(=O)O2","ZTMZUYHXZPUDRF-UHFFFAOYSA-N","Organic compounds","Organoheterocyclic compounds","Lactones",NA,545303,"CHEBI:88174",NA,NA,"82304-66-3",1068655.80546595,NA,NA,1068655.80546595,1068655.80546595,"C8","Pos",1
"Amide-Neg-000368","7-(2-hydroxypropan-2-yl)-1,4a-dimethyl-2,3,4,5,6,7,8,8a-octahydronaphthalen-1-ol","C15 H28 O2",240.20893,70.3,"MoNA",51430,0.3,239.20173,1.109,FALSE,"[M-H]-1","CC12CCCC(C1CC(CC2)C(C)(C)O)(C)O","LKKDASYGWYYFIK-UHFFFAOYSA-N","Lipids and lipid-like molecules","Prenol lipids","Sesquiterpenoids",NA,4655876,"CHEBI:190661",NA,NA,NA,484140.570044617,449309.040533233,92.8054925229311,2284037.39118257,374536.767001192,"Amide","Neg",1
"C8-Neg-000102","7-(2-hydroxypropan-2-yl)-1,4a-dimethyl-2,3,4,5,6,7,8,8a-octahydronaphthalen-1-ol","C15 H28 O2",240.20893,57.6,"MoNA",51430,-1.38,239.20132,5.023,FALSE,"[M-H]-1","CC12CCCC(C1CC(CC2)C(C)(C)O)(C)O","LKKDASYGWYYFIK-UHFFFAOYSA-N","Lipids and lipid-like molecules","Prenol lipids","Sesquiterpenoids",NA,4655876,"CHEBI:190661",NA,NA,NA,375330.048670754,503146.534232708,134.054423836999,2681962.63921604,283714.93490468,"C8","Neg",1
"Amide-Pos-000315","7-Methylguanosine","C11 H15 N5 O5",297.10732,99.3,"mzCloud",880,-0.65,298.11442,5.607,FALSE,"[M+H]+1","CN1C=[N+](C2=C1C(=O)N=C(N2)N)C3C(C(C(O3)CO)O)O","OGHAROSJZRTIOK-KQYNXXCUSA-O","Nucleosides, nucleotides, and analogues","Purine nucleosides",NA,"reactome:R-HSA-429914;reactome:R-HSA-429958;reactome:R-HSA-430039;reactome:R-HSA-6790901;wiki:WP2659;wiki:WP4485",445404,NA,NA,NA,NA,2874724.33449195,791671.539361334,27.539041913083,4656324.8600719,2699042.98888483,"Amide","Pos",1
"C18-Pos-000252","7-Methylguanosine","C11 H15 N5 O5",297.10732,99.5,"mzCloud",880,-0.75,298.11437,4.502,FALSE,"[M+H]+1","CN1C=[N+](C2=C1C(=O)N=C(N2)N)C3C(C(C(O3)CO)O)O","OGHAROSJZRTIOK-KQYNXXCUSA-O","Nucleosides, nucleotides, and analogues","Purine nucleosides",NA,"reactome:R-HSA-429914;reactome:R-HSA-429958;reactome:R-HSA-430039;reactome:R-HSA-6790901;wiki:WP2659;wiki:WP4485",445404,NA,NA,NA,NA,680729.042223015,215264.167010147,31.6225919063439,1164682.11879322,696249.683560696,"C18","Pos",1
"C18-Pos-000277","7-Methylguanosine","C11 H15 N5 O5",297.10732,99.5,"mzCloud",880,-0.6,298.11442,4.743,FALSE,"[M+H]+1","CN1C=[N+](C2=C1C(=O)N=C(N2)N)C3C(C(C(O3)CO)O)O","OGHAROSJZRTIOK-KQYNXXCUSA-O","Nucleosides, nucleotides, and analogues","Purine nucleosides",NA,"reactome:R-HSA-429914;reactome:R-HSA-429958;reactome:R-HSA-430039;reactome:R-HSA-6790901;wiki:WP2659;wiki:WP4485",445404,NA,NA,NA,NA,192590.639083619,152424.310995007,79.1441950243632,671256.529627263,122784.942223938,"C18","Pos",1
"C8-Pos-000506","7a-Acetyl-3,4,4a,7a-tetrahydro-4a-hydroxy-2,6,7-trimethyl-2-(4,8,12-trimethyltridecyl)cyclopenta[b]pyran-5(2H)-one","C29 H50 O4",462.37091,83.3,"NIST23",68,-0.01,463.37819,6.827,FALSE,"[M+H]+1","CC(=O)C12OC(C)(CCCC(C)CCCC(C)CCCC(C)C)CCC1(O)C(=O)C(C)=C2C","XJXVHMRPDRDXEA-UHFFFAOYSA-N","Lipids and lipid-like molecules","Prenol lipids","Sesterterpenoids",NA,45360355,NA,NA,NA,NA,375942.562011446,159955.723186913,42.5479153866177,1023346.6618783,342543.071588487,"C8","Pos",0
"C8-Pos-000583","7a-Acetyl-3,4,4a,7a-tetrahydro-4a-hydroxy-2,6,7-trimethyl-2-(4,8,12-trimethyltridecyl)cyclopenta[b]pyran-5(2H)-one","C29 H50 O4",462.37091,83.3,"NIST23",68,-0.28,463.37806,7.189,FALSE,"[M+H]+1","CC(=O)C12OC(C)(CCCC(C)CCCC(C)CCCC(C)C)CCC1(O)C(=O)C(C)=C2C","XJXVHMRPDRDXEA-UHFFFAOYSA-N","Lipids and lipid-like molecules","Prenol lipids","Sesterterpenoids",NA,45360355,NA,NA,NA,NA,354545.170542025,170438.687781547,48.0724889076847,626898.366733531,333305.098145739,"C8","Pos",0
"C8-Neg-000187","8(S)-Hydroxy-(5Z,9E,11Z,14Z)-eicosatetraenoic acid","C20 H32 O3",320.23514,63.6,"mzCloud",1444,-0.72,319.22759,4.574,FALSE,"[M-H]-1","CCCCCC=CCC=CC=CC(CC=CCCCC(=O)O)O","NLUNAYAEIJYXRB-VYOQERLCSA-N","Lipids and lipid-like molecules","Fatty Acyls","Eicosanoids","kegg:map00590;wiki:WP4721;wiki:WP5155",5283154,"CHEBI:34486","HMDB0004679","C14776","98462-03-4",239737.92302645,126276.822361773,52.6728607504624,623445.292570104,230157.606729719,"C8","Neg",0
"C8-Neg-000193","8(S)-Hydroxy-(5Z,9E,11Z,14Z)-eicosatetraenoic acid","C20 H32 O3",320.23514,63.6,"mzCloud",1444,-1.24,319.22747,4.457,FALSE,"[M-H]-1","CCCCCC=CCC=CC=CC(CC=CCCCC(=O)O)O","NLUNAYAEIJYXRB-VYOQERLCSA-N","Lipids and lipid-like molecules","Fatty Acyls","Eicosanoids","kegg:map00590;wiki:WP4721;wiki:WP5155",5283154,"CHEBI:34486","HMDB0004679","C14776","98462-03-4",288156.286545449,132375.72877544,45.938865454723,471205.461949749,296779.038837974,"C8","Neg",0
"Amide-Neg-000579","8Z,11Z,14Z-Eicosatrienoic acid","C20 H34 O2",306.25588,67.1,"mzCloud",349,0.3,305.24868,1.093,FALSE,"[M-H]-1","CCCCCC=CCC=CCC=CCCCCCCC(=O)O","HOBAELRKJCKHQD-QNEBEIHSSA-N","Lipids and lipid-like molecules","Fatty Acyls","Fatty acids and conjugates","kegg:map00592;reactome:R-HSA-2980736;reactome:R-HSA-381771;reactome:R-HSA-400508;reactome:R-HSA-444209;wiki:WP2728;wiki:WP4586;wiki:WP4723;wiki:WP4853",5280581,"CHEBI:53486","HMDB0002925","C03242","1783-84-2",95847.9543827892,79646.240720405,83.0964429374473,372076.475243309,75933.9822752078,"Amide","Neg",1
"C8-Neg-000010","8Z,11Z,14Z-Eicosatrienoic acid","C20 H34 O2",306.25588,94,"mzCloud",349,-0.98,305.2483,5.727,FALSE,"[M-H]-1","CCCCCC=CCC=CCC=CCCCCCCC(=O)O","HOBAELRKJCKHQD-QNEBEIHSSA-N","Lipids and lipid-like molecules","Fatty Acyls","Fatty acids and conjugates","kegg:map00592;reactome:R-HSA-2980736;reactome:R-HSA-381771;reactome:R-HSA-400508;reactome:R-HSA-444209;wiki:WP2728;wiki:WP4586;wiki:WP4723;wiki:WP4853",5280581,"CHEBI:53486","HMDB0002925","C03242","1783-84-2",26525835.813661,9475558.20418494,35.7219967383835,46425288.3336829,24607441.6783601,"C8","Neg",1
"C8-Neg-000022","8Z,11Z,14Z-Eicosatrienoic acid","C20 H34 O2",306.25588,94,"mzCloud",349,-1.04,305.24829,5.615,FALSE,"[M-H]-1","CCCCCC=CCC=CCC=CCCCCCCC(=O)O","HOBAELRKJCKHQD-QNEBEIHSSA-N","Lipids and lipid-like molecules","Fatty Acyls","Fatty acids and conjugates","kegg:map00592;reactome:R-HSA-2980736;reactome:R-HSA-381771;reactome:R-HSA-400508;reactome:R-HSA-444209;wiki:WP2728;wiki:WP4586;wiki:WP4723;wiki:WP4853",5280581,"CHEBI:53486","HMDB0002925","C03242","1783-84-2",5181564.76409053,2607712.05856547,50.3267290343938,13518985.149957,4466499.28604004,"C8","Neg",1
"Amide-Neg-000087","ADENINE","C5 H5 N5",135.0545,90.2,"GNPS",65757,-0.57,134.04714,11.419,FALSE,"[M-H]-1","C1=NC2=NC=NC(=C2N1)N","GFFGJBXGBJISGV-UHFFFAOYSA-N","Organoheterocyclic compounds","Imidazopyrimidines","Purines and purine derivatives","reactome:R-HSA-110331;reactome:R-HSA-1237112;reactome:R-HSA-1614635;reactome:R-HSA-425397;reactome:R-HSA-5619063;reactome:R-HSA-73884;reactome:R-HSA-73927;reactome:R-HSA-73929;reactome:R-HSA-74217;reactome:R-HSA-83936;reactome:R-HSA-8956321;reactome:R-HSA-9734207;reactome:R-HSA-9735804;wiki:WP1937;wiki:WP3399;wiki:WP3574;wiki:WP3580;wiki:WP4082;wiki:WP4224;wiki:WP4792;wiki:WP5078;wiki:WP80",190,"CHEBI:16708","HMDB0000034","C00147","73-24-5",19232096.9111087,5143217.66937,26.7428855685478,29525327.389179,17758155.294299,"Amide","Neg",1
"C8-Pos-000554","Acaranoic acid","C17 H30 O4",298.21441,61.8,"GNPS",25387,-0.34,299.22159,4.169,FALSE,"[M+H]+1","CCCCCCCCCC[C@H]1C[C@H]([C@@H](C(=O)O1)C)C(=O)O","SRMPRRDLILJEAW-SOUVJXGZSA-N","Organoheterocyclic compounds","Lactones","Delta valerolactones",NA,101967122,"CHEBI:144180",NA,NA,NA,563142.273366382,64749.7509100995,11.497938260439,671582.665628492,567587.003694639,"C8","Pos",0
"C8-Pos-000609","Acaranoic acid","C17 H30 O4",298.21441,61.8,"GNPS",25387,-0.1,299.22171,3.973,FALSE,"[M+H]+1","CCCCCCCCCC[C@H]1C[C@H]([C@@H](C(=O)O1)C)C(=O)O","SRMPRRDLILJEAW-SOUVJXGZSA-N","Organoheterocyclic compounds","Lactones","Delta valerolactones",NA,101967122,"CHEBI:144180",NA,NA,NA,426912.354828922,45194.7387291878,10.5864208936513,508769.818458694,426860.579768318,"C8","Pos",0
"Amide-Neg-000338","Acetoacetic acid","C4 H6 O3",102.03169,79.4,"NIST23",9429,-0.54,101.02437,12.793,FALSE,"[M-H]-1","CC(=O)CC(=O)O","WDJHALXBUFZDSR-UHFFFAOYSA-N","Organic acids and derivatives","Keto acids and derivatives","Short-chain keto acids and derivatives","kegg:map00072;kegg:map00280;kegg:map00340;kegg:map00350;kegg:map00360;kegg:map00650;reactome:R-HSA-433692;reactome:R-HSA-5619070;reactome:R-HSA-74182;reactome:R-HSA-77108;reactome:R-HSA-77111;reactome:R-HSA-8963684;reactome:R-HSA-8963691;reactome:R-HSA-9749641;wiki:WP3602;wiki:WP4113;wiki:WP4190;wiki:WP4506;wiki:WP4686;wiki:WP4742;wiki:WP4981;wiki:WP5175;wiki:WP5195",96,"CHEBI:15344","HMDB0000060","C00164","541-50-4",1902741.62597429,655584.574931751,34.4547344727408,3115242.09705609,1909638.3397564,"Amide","Neg",0
"Amide-Neg-000484","Acetoacetic acid","C4 H6 O3",102.03169,79.4,"NIST23",9429,-1.58,101.02429,12.504,FALSE,"[M-H]-1","CC(=O)CC(=O)O","WDJHALXBUFZDSR-UHFFFAOYSA-N","Organic acids and derivatives","Keto acids and derivatives","Short-chain keto acids and derivatives","kegg:map00072;kegg:map00280;kegg:map00340;kegg:map00350;kegg:map00360;kegg:map00650;reactome:R-HSA-433692;reactome:R-HSA-5619070;reactome:R-HSA-74182;reactome:R-HSA-77108;reactome:R-HSA-77111;reactome:R-HSA-8963684;reactome:R-HSA-8963691;reactome:R-HSA-9749641;wiki:WP3602;wiki:WP4113;wiki:WP4190;wiki:WP4506;wiki:WP4686;wiki:WP4742;wiki:WP4981;wiki:WP5175;wiki:WP5195",96,"CHEBI:15344","HMDB0000060","C00164","541-50-4",471425.101804363,233564.698551848,49.5443916027992,971803.343939038,456922.02943207,"Amide","Neg",0
"Amide-Neg-000370","Acetohydroxamic acid","C2 H5 N O2",75.03203,84.5,"mzCloud",6541,-0.88,74.02469,11.671,FALSE,"[M-H]-1","CC(=O)NO","RRUDCFGSUDOHDG-UHFFFAOYSA-N","Organic acids and derivatives","Carboxylic acids and derivatives","Carboxylic acid derivatives",NA,1990,"CHEBI:27777","HMDB0014691","C06808","546-88-3",861139.8551977,576906.194589226,66.9933218288661,2275503.69886415,767952.694005407,"Amide","Neg",0
"Amide-Neg-000495","Acetohydroxamic acid","C2 H5 N O2",75.03203,84.5,"mzCloud",6541,-0.77,74.02469,11.781,FALSE,"[M-H]-1","CC(=O)NO","RRUDCFGSUDOHDG-UHFFFAOYSA-N","Organic acids and derivatives","Carboxylic acids and derivatives","Carboxylic acid derivatives",NA,1990,"CHEBI:27777","HMDB0014691","C06808","546-88-3",328697.960332095,178831.96046528,54.4061667692126,901471.078341175,282142.003668993,"Amide","Neg",0
"Amide-Pos-000085","Acetyl-L-carnitine","C9 H17 N O4",203.11576,99.9,"mzCloud",879,-0.99,204.12284,10.433,FALSE,"[M+H]+1","CC(=O)OC(CC(=O)O)C[N+](C)(C)C","RDHQFKQIGNGIED-MRVPVSSYSA-N","Lipids and lipid-like molecules","Fatty Acyls","Fatty acid esters","kegg:map01040;reactome:R-HSA-389887;reactome:R-HSA-390918;wiki:WP106;wiki:WP1878",7045767,"CHEBI:57589",NA,NA,"3040-38-8",44394512.0125064,18166913.0572264,40.9215288865177,70806887.8161072,46503886.6787235,"Amide","Pos",1
"Amide-Pos-000419","Acetyl-L-carnitine","C9 H17 N O4",203.11576,99.9,"mzCloud",879,-0.86,204.12286,10.715,FALSE,"[M+H]+1","CC(=O)OC(CC(=O)O)C[N+](C)(C)C","RDHQFKQIGNGIED-MRVPVSSYSA-N","Lipids and lipid-like molecules","Fatty Acyls","Fatty acid esters","kegg:map01040;reactome:R-HSA-389887;reactome:R-HSA-390918;wiki:WP106;wiki:WP1878",7045767,"CHEBI:57589",NA,NA,"3040-38-8",513497.755612742,608446.199816216,118.490527595427,2110003.40217687,366943.217298438,"Amide","Pos",1
"C18-Pos-000127","Acetyl-L-carnitine","C9 H17 N O4",203.11576,99.6,"mzCloud",879,-0.77,204.12288,1.658,FALSE,"[M+H]+1","CC(=O)OC(CC(=O)O)C[N+](C)(C)C","RDHQFKQIGNGIED-MRVPVSSYSA-N","Lipids and lipid-like molecules","Fatty Acyls","Fatty acid esters","kegg:map01040;reactome:R-HSA-389887;reactome:R-HSA-390918;wiki:WP106;wiki:WP1878",7045767,"CHEBI:57589",NA,NA,"3040-38-8",8510363.21897273,3284894.37674946,38.5987565069634,15180127.9088174,8267838.56949757,"C18","Pos",1
"C18-Pos-000128","Acetyl-L-carnitine","C9 H17 N O4",203.11576,99.6,"mzCloud",879,-0.84,204.12286,1.294,FALSE,"[M+H]+1","CC(=O)OC(CC(=O)O)C[N+](C)(C)C","RDHQFKQIGNGIED-MRVPVSSYSA-N","Lipids and lipid-like molecules","Fatty Acyls","Fatty acid esters","kegg:map01040;reactome:R-HSA-389887;reactome:R-HSA-390918;wiki:WP106;wiki:WP1878",7045767,"CHEBI:57589",NA,NA,"3040-38-8",9307906.00858297,3231366.96127334,34.7163686257,15126528.5647942,9304766.44053752,"C18","Pos",1
"Amide-Pos-000176","Acetyl-β-methylcholine","C8 H17 N O2",159.12593,66.4,"mzCloud",1759,-1.08,160.13303,12.625,FALSE,"[M+H]+1","CC(C[N+](C)(C)C)OC(=O)C","NZWOPGCLSHLLPA-UHFFFAOYSA-N","Organic nitrogen compounds","Organonitrogen compounds","Quaternary ammonium salts",NA,1993,"CHEBI:6804","HMDB0015654","C07471","55-92-5",7378668.74333796,2885953.15521427,39.1121116233865,15494170.553938,6876535.13877359,"Amide","Pos",0
"Amide-Pos-000488","Acetyl-β-methylcholine","C8 H17 N O2",159.12593,66.4,"mzCloud",1759,-1.03,160.13304,6.094,FALSE,"[M+H]+1","CC(C[N+](C)(C)C)OC(=O)C","NZWOPGCLSHLLPA-UHFFFAOYSA-N","Organic nitrogen compounds","Organonitrogen compounds","Quaternary ammonium salts",NA,1993,"CHEBI:6804","HMDB0015654","C07471","55-92-5",257888.650860463,340910.274378229,132.192817807514,833748.529371326,65542.2588650455,"Amide","Pos",0
"Amide-Pos-000059","Acetylcholine","C7 H15 N O2",145.11028,98.1,"mzCloud",885,-1.29,146.11737,7.165,FALSE,"[M+H]+1","CC(=O)OCC[N+](C)(C)C","OIPILFWXSMYKGL-UHFFFAOYSA-N","Organic nitrogen compounds","Organonitrogen compounds","Quaternary ammonium salts","kegg:map00564;reactome:R-HSA-112310;reactome:R-HSA-112311;reactome:R-HSA-1483191;reactome:R-HSA-181431;reactome:R-HSA-264642;reactome:R-HSA-2980736;reactome:R-HSA-375280;reactome:R-HSA-381771;reactome:R-HSA-390648;reactome:R-HSA-399997;reactome:R-HSA-400508;reactome:R-HSA-422356;reactome:R-HSA-622323;reactome:R-HSA-622327;reactome:R-HSA-629587;reactome:R-HSA-629594;reactome:R-HSA-629597;reactome:R-HSA-9659379;reactome:R-HSA-9662361;reactome:R-HSA-9667769;wiki:WP1831;wiki:WP1870;wiki:WP1871;wiki:WP2525;wiki:WP2596;wiki:WP2597;wiki:WP2728;wiki:WP4195;wiki:WP4454;wiki:WP4698;wiki:WP4932;wiki:WP4942;wiki:WP5055;wiki:WP528;wiki:WP5352;wiki:WP5407;wiki:WP550;wiki:WP58",187,"CHEBI:15355","HMDB0000895","C01996","51-84-3",39129674.2067503,47070510.4095601,120.293642520131,215830816.279459,25101207.1275775,"Amide","Pos",1
"Amide-Pos-000121","Acetylcholine","C7 H15 N O2",145.11028,98.1,"mzCloud",885,-1.13,146.11739,12.505,FALSE,"[M+H]+1","CC(=O)OCC[N+](C)(C)C","OIPILFWXSMYKGL-UHFFFAOYSA-N","Organic nitrogen compounds","Organonitrogen compounds","Quaternary ammonium salts","kegg:map00564;reactome:R-HSA-112310;reactome:R-HSA-112311;reactome:R-HSA-1483191;reactome:R-HSA-181431;reactome:R-HSA-264642;reactome:R-HSA-2980736;reactome:R-HSA-375280;reactome:R-HSA-381771;reactome:R-HSA-390648;reactome:R-HSA-399997;reactome:R-HSA-400508;reactome:R-HSA-422356;reactome:R-HSA-622323;reactome:R-HSA-622327;reactome:R-HSA-629587;reactome:R-HSA-629594;reactome:R-HSA-629597;reactome:R-HSA-9659379;reactome:R-HSA-9662361;reactome:R-HSA-9667769;wiki:WP1831;wiki:WP1870;wiki:WP1871;wiki:WP2525;wiki:WP2596;wiki:WP2597;wiki:WP2728;wiki:WP4195;wiki:WP4454;wiki:WP4698;wiki:WP4932;wiki:WP4942;wiki:WP5055;wiki:WP528;wiki:WP5352;wiki:WP5407;wiki:WP550;wiki:WP58",187,"CHEBI:15355","HMDB0000895","C01996","51-84-3",16900690.9189578,6552578.32140639,38.7710677204104,33001115.0665288,16604717.7324931,"Amide","Pos",1
"C18-Pos-000088","Acetylcholine","C7 H15 N O2",145.11028,88.7,"mzCloud",885,-1.13,146.11739,1.264,FALSE,"[M+H]+1","CC(=O)OCC[N+](C)(C)C","OIPILFWXSMYKGL-UHFFFAOYSA-N","Organic nitrogen compounds","Organonitrogen compounds","Quaternary ammonium salts","kegg:map00564;reactome:R-HSA-112310;reactome:R-HSA-112311;reactome:R-HSA-1483191;reactome:R-HSA-181431;reactome:R-HSA-264642;reactome:R-HSA-2980736;reactome:R-HSA-375280;reactome:R-HSA-381771;reactome:R-HSA-390648;reactome:R-HSA-399997;reactome:R-HSA-400508;reactome:R-HSA-422356;reactome:R-HSA-622323;reactome:R-HSA-622327;reactome:R-HSA-629587;reactome:R-HSA-629594;reactome:R-HSA-629597;reactome:R-HSA-9659379;reactome:R-HSA-9662361;reactome:R-HSA-9667769;wiki:WP1831;wiki:WP1870;wiki:WP1871;wiki:WP2525;wiki:WP2596;wiki:WP2597;wiki:WP2728;wiki:WP4195;wiki:WP4454;wiki:WP4698;wiki:WP4932;wiki:WP4942;wiki:WP5055;wiki:WP528;wiki:WP5352;wiki:WP5407;wiki:WP550;wiki:WP58",187,"CHEBI:15355","HMDB0000895","C01996","51-84-3",3694749.96497724,6264250.19464208,169.544631004027,30729265.6653488,2366338.84810164,"C18","Pos",1
"Amide-Neg-000105","Acrylic acid","C3 H4 O2",72.02113,100,"mzCloud",2696,-0.94,71.01377,8.505,FALSE,"[M-H]-1","C=CC(=O)O","NIXOWILDQLNWCW-UHFFFAOYSA-N","Organic acids and derivatives","Carboxylic acids and derivatives","Acrylic acids and derivatives",NA,6581,"CHEBI:18308","HMDB0031647","C19501;C00511","59913-86-9",7471467.08412238,3366402.2232931,45.0567764722813,12025500.1497535,7724223.75547365,"Amide","Neg",0
"Amide-Neg-000216","Acrylic acid","C3 H4 O2",72.02113,100,"mzCloud",2696,-0.8,71.0138,5.181,FALSE,"[M-H]-1","C=CC(=O)O","NIXOWILDQLNWCW-UHFFFAOYSA-N","Organic acids and derivatives","Carboxylic acids and derivatives","Acrylic acids and derivatives",NA,6581,"CHEBI:18308","HMDB0031647","C19501;C00511","59913-86-9",2324901.33422937,2480934.13544195,106.711373034,7328368.84376443,1476573.72887787,"Amide","Neg",0
"Amide-Neg-000282","Adenine","C5 H5 N5",135.0545,98.2,"mzCloud",296,-0.42,134.04716,10.895,FALSE,"[M-H]-1","C1=NC2=NC=NC2=C(N1)N","GFFGJBXGBJISGV-UHFFFAOYSA-N","Organoheterocyclic compounds","Imidazopyrimidines","Purines and purine derivatives","reactome:R-HSA-110331;reactome:R-HSA-1237112;reactome:R-HSA-1614635;reactome:R-HSA-425397;reactome:R-HSA-5619063;reactome:R-HSA-73884;reactome:R-HSA-73927;reactome:R-HSA-73929;reactome:R-HSA-74217;reactome:R-HSA-83936;reactome:R-HSA-8956321;reactome:R-HSA-9734207;reactome:R-HSA-9735804;wiki:WP1937;wiki:WP3399;wiki:WP3574;wiki:WP3580;wiki:WP4082;wiki:WP4224;wiki:WP4792;wiki:WP5078;wiki:WP80",190,"CHEBI:16708","HMDB0000034","C00147","73-24-5",2826832.71982497,592345.893024577,20.9544020369643,4306159.53680492,2682771.72608106,"Amide","Neg",1
"Amide-Pos-000035","Adenine","C5 H5 N5",135.0545,92.5,"NIST23",173,-0.88,136.06165,4.314,FALSE,"[M+H]+1","Nc1[nH]cnc2ncnc1-2","GFFGJBXGBJISGV-UHFFFAOYSA-N","Organoheterocyclic compounds","Imidazopyrimidines","Purines and purine derivatives","reactome:R-HSA-110331;reactome:R-HSA-1237112;reactome:R-HSA-1614635;reactome:R-HSA-425397;reactome:R-HSA-5619063;reactome:R-HSA-73884;reactome:R-HSA-73927;reactome:R-HSA-73929;reactome:R-HSA-74217;reactome:R-HSA-83936;reactome:R-HSA-8956321;reactome:R-HSA-9734207;reactome:R-HSA-9735804;wiki:WP1937;wiki:WP3399;wiki:WP3574;wiki:WP3580;wiki:WP4082;wiki:WP4224;wiki:WP4792;wiki:WP5078;wiki:WP80",190,"CHEBI:16708","HMDB0000034","C00147","73-24-5",357949368.841154,103795263.885026,28.997191480197,619609972.151555,339682396.129218,"Amide","Pos",1
"Amide-Pos-000087","Adenine","C5 H5 N5",135.0545,92.5,"NIST23",173,-0.39,136.06172,5.149,FALSE,"[M+H]+1","Nc1[nH]cnc2ncnc1-2","GFFGJBXGBJISGV-UHFFFAOYSA-N","Organoheterocyclic compounds","Imidazopyrimidines","Purines and purine derivatives","reactome:R-HSA-110331;reactome:R-HSA-1237112;reactome:R-HSA-1614635;reactome:R-HSA-425397;reactome:R-HSA-5619063;reactome:R-HSA-73884;reactome:R-HSA-73927;reactome:R-HSA-73929;reactome:R-HSA-74217;reactome:R-HSA-83936;reactome:R-HSA-8956321;reactome:R-HSA-9734207;reactome:R-HSA-9735804;wiki:WP1937;wiki:WP3399;wiki:WP3574;wiki:WP3580;wiki:WP4082;wiki:WP4224;wiki:WP4792;wiki:WP5078;wiki:WP80",190,"CHEBI:16708","HMDB0000034","C00147","73-24-5",33985381.973269,16196355.3065166,47.6568288073258,67112107.9188858,28236018.3102234,"Amide","Pos",1
"C18-Neg-000152","Adenine","C5 H5 N5",135.0545,72.7,"mzCloud",296,0.05,134.04723,2.745,FALSE,"[M-H]-1","C1=NC2=NC=NC2=C(N1)N","GFFGJBXGBJISGV-UHFFFAOYSA-N","Organoheterocyclic compounds","Imidazopyrimidines","Purines and purine derivatives","reactome:R-HSA-110331;reactome:R-HSA-1237112;reactome:R-HSA-1614635;reactome:R-HSA-425397;reactome:R-HSA-5619063;reactome:R-HSA-73884;reactome:R-HSA-73927;reactome:R-HSA-73929;reactome:R-HSA-74217;reactome:R-HSA-83936;reactome:R-HSA-8956321;reactome:R-HSA-9734207;reactome:R-HSA-9735804;wiki:WP1937;wiki:WP3399;wiki:WP3574;wiki:WP3580;wiki:WP4082;wiki:WP4224;wiki:WP4792;wiki:WP5078;wiki:WP80",190,"CHEBI:16708","HMDB0000034","C00147","73-24-5",777161.59321325,311480.113627917,40.079195414183,1495661.38186503,624649.175727491,"C18","Neg",1
"C18-Neg-000170","Adenine","C5 H5 N5",135.0545,72.7,"mzCloud",296,0.18,134.04724,3.089,FALSE,"[M-H]-1","C1=NC2=NC=NC2=C(N1)N","GFFGJBXGBJISGV-UHFFFAOYSA-N","Organoheterocyclic compounds","Imidazopyrimidines","Purines and purine derivatives","reactome:R-HSA-110331;reactome:R-HSA-1237112;reactome:R-HSA-1614635;reactome:R-HSA-425397;reactome:R-HSA-5619063;reactome:R-HSA-73884;reactome:R-HSA-73927;reactome:R-HSA-73929;reactome:R-HSA-74217;reactome:R-HSA-83936;reactome:R-HSA-8956321;reactome:R-HSA-9734207;reactome:R-HSA-9735804;wiki:WP1937;wiki:WP3399;wiki:WP3574;wiki:WP3580;wiki:WP4082;wiki:WP4224;wiki:WP4792;wiki:WP5078;wiki:WP80",190,"CHEBI:16708","HMDB0000034","C00147","73-24-5",716235.218355981,234877.754906321,32.7933825211011,1057195.61722998,590669.157248298,"C18","Neg",1
"Amide-Neg-000369","Adenosine","C10 H13 N5 O4",267.09675,99.1,"mzCloud",297,0.24,266.08961,4.424,FALSE,"[M-H]-1","n2c1c(ncnc1n(c2)C3OC(C(O)C3O)CO)N","OIRDTQYFTABQOQ-KQYNXXCUSA-N","Nucleosides, nucleotides, and analogues","Purine nucleosides",NA,"kegg:map00270;kegg:map00450;reactome:R-HSA-156581;reactome:R-HSA-1614635;reactome:R-HSA-166520;reactome:R-HSA-187015;reactome:R-HSA-187024;reactome:R-HSA-187037;reactome:R-HSA-2161522;reactome:R-HSA-2161541;reactome:R-HSA-2408508;reactome:R-HSA-417973;reactome:R-HSA-418038;reactome:R-HSA-425397;reactome:R-HSA-5619063;reactome:R-HSA-5683826;reactome:R-HSA-73942;reactome:R-HSA-73943;reactome:R-HSA-74217;reactome:R-HSA-74259;reactome:R-HSA-83936;reactome:R-HSA-8956319;reactome:R-HSA-8956321;reactome:R-HSA-9660821;reactome:R-HSA-9734207;reactome:R-HSA-9735804;wiki:WP1804;wiki:WP1873;wiki:WP1937;wiki:WP2712;wiki:WP3574;wiki:WP3579;wiki:WP3580;wiki:WP4042;wiki:WP4082;wiki:WP4224;wiki:WP4292;wiki:WP4485;wiki:WP4504;wiki:WP4792;wiki:WP4900;wiki:WP5078;wiki:WP5408;wiki:WP80",60961,"CHEBI:16335","HMDB0000050","C00212","58-61-7",694727.272662337,722413.096352915,103.985135574782,2277196.88268592,319559.476340626,"Amide","Neg",1
"Amide-Neg-000392","Adenosine","C10 H13 N5 O4",267.09675,99.1,"mzCloud",297,0.41,266.0895,4.786,FALSE,"[M-H]-1","n2c1c(ncnc1n(c2)C3OC(C(O)C3O)CO)N","OIRDTQYFTABQOQ-KQYNXXCUSA-N","Nucleosides, nucleotides, and analogues","Purine nucleosides",NA,"kegg:map00270;kegg:map00450;reactome:R-HSA-156581;reactome:R-HSA-1614635;reactome:R-HSA-166520;reactome:R-HSA-187015;reactome:R-HSA-187024;reactome:R-HSA-187037;reactome:R-HSA-2161522;reactome:R-HSA-2161541;reactome:R-HSA-2408508;reactome:R-HSA-417973;reactome:R-HSA-418038;reactome:R-HSA-425397;reactome:R-HSA-5619063;reactome:R-HSA-5683826;reactome:R-HSA-73942;reactome:R-HSA-73943;reactome:R-HSA-74217;reactome:R-HSA-74259;reactome:R-HSA-83936;reactome:R-HSA-8956319;reactome:R-HSA-8956321;reactome:R-HSA-9660821;reactome:R-HSA-9734207;reactome:R-HSA-9735804;wiki:WP1804;wiki:WP1873;wiki:WP1937;wiki:WP2712;wiki:WP3574;wiki:WP3579;wiki:WP3580;wiki:WP4042;wiki:WP4082;wiki:WP4224;wiki:WP4292;wiki:WP4485;wiki:WP4504;wiki:WP4792;wiki:WP4900;wiki:WP5078;wiki:WP5408;wiki:WP80",60961,"CHEBI:16335","HMDB0000050","C00212","58-61-7",718158.284966589,638843.724680934,88.9558385740345,1826894.23300374,578984.660623007,"Amide","Neg",1
"Amide-Pos-000040","Adenosine","C10 H13 N5 O4",267.09675,99.9,"mzCloud",297,-1.43,268.10365,5.248,FALSE,"[M+H]+1","n2c1c(ncnc1n(c2)C3OC(C(O)C3O)CO)N","OIRDTQYFTABQOQ-KQYNXXCUSA-N","Nucleosides, nucleotides, and analogues","Purine nucleosides",NA,"kegg:map00270;kegg:map00450;reactome:R-HSA-156581;reactome:R-HSA-1614635;reactome:R-HSA-166520;reactome:R-HSA-187015;reactome:R-HSA-187024;reactome:R-HSA-187037;reactome:R-HSA-2161522;reactome:R-HSA-2161541;reactome:R-HSA-2408508;reactome:R-HSA-417973;reactome:R-HSA-418038;reactome:R-HSA-425397;reactome:R-HSA-5619063;reactome:R-HSA-5683826;reactome:R-HSA-73942;reactome:R-HSA-73943;reactome:R-HSA-74217;reactome:R-HSA-74259;reactome:R-HSA-83936;reactome:R-HSA-8956319;reactome:R-HSA-8956321;reactome:R-HSA-9660821;reactome:R-HSA-9734207;reactome:R-HSA-9735804;wiki:WP1804;wiki:WP1873;wiki:WP1937;wiki:WP2712;wiki:WP3574;wiki:WP3579;wiki:WP3580;wiki:WP4042;wiki:WP4082;wiki:WP4224;wiki:WP4292;wiki:WP4485;wiki:WP4504;wiki:WP4792;wiki:WP4900;wiki:WP5078;wiki:WP5408;wiki:WP80",60961,"CHEBI:16335","HMDB0000050","C00212","58-61-7",271194720.095255,157641131.898844,58.1283927074516,496447182.21114,167950788.681576,"Amide","Pos",1
"Amide-Pos-000053","Adenosine","C10 H13 N5 O4",267.09675,99.9,"mzCloud",297,-0.98,268.10377,5.118,FALSE,"[M+H]+1","n2c1c(ncnc1n(c2)C3OC(C(O)C3O)CO)N","OIRDTQYFTABQOQ-KQYNXXCUSA-N","Nucleosides, nucleotides, and analogues","Purine nucleosides",NA,"kegg:map00270;kegg:map00450;reactome:R-HSA-156581;reactome:R-HSA-1614635;reactome:R-HSA-166520;reactome:R-HSA-187015;reactome:R-HSA-187024;reactome:R-HSA-187037;reactome:R-HSA-2161522;reactome:R-HSA-2161541;reactome:R-HSA-2408508;reactome:R-HSA-417973;reactome:R-HSA-418038;reactome:R-HSA-425397;reactome:R-HSA-5619063;reactome:R-HSA-5683826;reactome:R-HSA-73942;reactome:R-HSA-73943;reactome:R-HSA-74217;reactome:R-HSA-74259;reactome:R-HSA-83936;reactome:R-HSA-8956319;reactome:R-HSA-8956321;reactome:R-HSA-9660821;reactome:R-HSA-9734207;reactome:R-HSA-9735804;wiki:WP1804;wiki:WP1873;wiki:WP1937;wiki:WP2712;wiki:WP3574;wiki:WP3579;wiki:WP3580;wiki:WP4042;wiki:WP4082;wiki:WP4224;wiki:WP4292;wiki:WP4485;wiki:WP4504;wiki:WP4792;wiki:WP4900;wiki:WP5078;wiki:WP5408;wiki:WP80",60961,"CHEBI:16335","HMDB0000050","C00212","58-61-7",162085055.877329,58372682.1697991,36.0136114053459,269733437.468083,134074967.845139,"Amide","Pos",1
"C18-Pos-000012","Adenosine","C10 H13 N5 O4",267.09675,100,"mzCloud",297,-1.15,268.10372,2.811,FALSE,"[M+H]+1","n2c1c(ncnc1n(c2)C3OC(C(O)C3O)CO)N","OIRDTQYFTABQOQ-KQYNXXCUSA-N","Nucleosides, nucleotides, and analogues","Purine nucleosides",NA,"kegg:map00270;kegg:map00450;reactome:R-HSA-156581;reactome:R-HSA-1614635;reactome:R-HSA-166520;reactome:R-HSA-187015;reactome:R-HSA-187024;reactome:R-HSA-187037;reactome:R-HSA-2161522;reactome:R-HSA-2161541;reactome:R-HSA-2408508;reactome:R-HSA-417973;reactome:R-HSA-418038;reactome:R-HSA-425397;reactome:R-HSA-5619063;reactome:R-HSA-5683826;reactome:R-HSA-73942;reactome:R-HSA-73943;reactome:R-HSA-74217;reactome:R-HSA-74259;reactome:R-HSA-83936;reactome:R-HSA-8956319;reactome:R-HSA-8956321;reactome:R-HSA-9660821;reactome:R-HSA-9734207;reactome:R-HSA-9735804;wiki:WP1804;wiki:WP1873;wiki:WP1937;wiki:WP2712;wiki:WP3574;wiki:WP3579;wiki:WP3580;wiki:WP4042;wiki:WP4082;wiki:WP4224;wiki:WP4292;wiki:WP4485;wiki:WP4504;wiki:WP4792;wiki:WP4900;wiki:WP5078;wiki:WP5408;wiki:WP80",60961,"CHEBI:16335","HMDB0000050","C00212","58-61-7",140858856.797266,55994897.7708816,39.752486314349,273818526.587462,123337459.56718,"C18","Pos",1
"C18-Pos-000027","Adenosine","C10 H13 N5 O4",267.09675,100,"mzCloud",297,-1.81,268.10355,3.271,FALSE,"[M+H]+1","n2c1c(ncnc1n(c2)C3OC(C(O)C3O)CO)N","OIRDTQYFTABQOQ-KQYNXXCUSA-N","Nucleosides, nucleotides, and analogues","Purine nucleosides",NA,"kegg:map00270;kegg:map00450;reactome:R-HSA-156581;reactome:R-HSA-1614635;reactome:R-HSA-166520;reactome:R-HSA-187015;reactome:R-HSA-187024;reactome:R-HSA-187037;reactome:R-HSA-2161522;reactome:R-HSA-2161541;reactome:R-HSA-2408508;reactome:R-HSA-417973;reactome:R-HSA-418038;reactome:R-HSA-425397;reactome:R-HSA-5619063;reactome:R-HSA-5683826;reactome:R-HSA-73942;reactome:R-HSA-73943;reactome:R-HSA-74217;reactome:R-HSA-74259;reactome:R-HSA-83936;reactome:R-HSA-8956319;reactome:R-HSA-8956321;reactome:R-HSA-9660821;reactome:R-HSA-9734207;reactome:R-HSA-9735804;wiki:WP1804;wiki:WP1873;wiki:WP1937;wiki:WP2712;wiki:WP3574;wiki:WP3579;wiki:WP3580;wiki:WP4042;wiki:WP4082;wiki:WP4224;wiki:WP4292;wiki:WP4485;wiki:WP4504;wiki:WP4792;wiki:WP4900;wiki:WP5078;wiki:WP5408;wiki:WP80",60961,"CHEBI:16335","HMDB0000050","C00212","58-61-7",79219926.6688519,NA,NA,79219926.6688519,79219926.6688519,"C18","Pos",1
"C8-Pos-000165","Adenosine","C10 H13 N5 O4",267.09675,98.8,"mzCloud",297,0.12,268.10406,1.307,FALSE,"[M+H]+1","n2c1c(ncnc1n(c2)C3OC(C(O)C3O)CO)N","OIRDTQYFTABQOQ-KQYNXXCUSA-N","Nucleosides, nucleotides, and analogues","Purine nucleosides",NA,"kegg:map00270;kegg:map00450;reactome:R-HSA-156581;reactome:R-HSA-1614635;reactome:R-HSA-166520;reactome:R-HSA-187015;reactome:R-HSA-187024;reactome:R-HSA-187037;reactome:R-HSA-2161522;reactome:R-HSA-2161541;reactome:R-HSA-2408508;reactome:R-HSA-417973;reactome:R-HSA-418038;reactome:R-HSA-425397;reactome:R-HSA-5619063;reactome:R-HSA-5683826;reactome:R-HSA-73942;reactome:R-HSA-73943;reactome:R-HSA-74217;reactome:R-HSA-74259;reactome:R-HSA-83936;reactome:R-HSA-8956319;reactome:R-HSA-8956321;reactome:R-HSA-9660821;reactome:R-HSA-9734207;reactome:R-HSA-9735804;wiki:WP1804;wiki:WP1873;wiki:WP1937;wiki:WP2712;wiki:WP3574;wiki:WP3579;wiki:WP3580;wiki:WP4042;wiki:WP4082;wiki:WP4224;wiki:WP4292;wiki:WP4485;wiki:WP4504;wiki:WP4792;wiki:WP4900;wiki:WP5078;wiki:WP5408;wiki:WP80",60961,"CHEBI:16335","HMDB0000050","C00212","58-61-7",6457240.84654645,3491517.30840446,54.0713501537092,14562696.233366,4818261.58182371,"C8","Pos",1
"C8-Pos-000167","Adenosine","C10 H13 N5 O4",267.09675,98.8,"mzCloud",297,-1.29,268.10376,1.068,FALSE,"[M+H]+1","n2c1c(ncnc1n(c2)C3OC(C(O)C3O)CO)N","OIRDTQYFTABQOQ-KQYNXXCUSA-N","Nucleosides, nucleotides, and analogues","Purine nucleosides",NA,"kegg:map00270;kegg:map00450;reactome:R-HSA-156581;reactome:R-HSA-1614635;reactome:R-HSA-166520;reactome:R-HSA-187015;reactome:R-HSA-187024;reactome:R-HSA-187037;reactome:R-HSA-2161522;reactome:R-HSA-2161541;reactome:R-HSA-2408508;reactome:R-HSA-417973;reactome:R-HSA-418038;reactome:R-HSA-425397;reactome:R-HSA-5619063;reactome:R-HSA-5683826;reactome:R-HSA-73942;reactome:R-HSA-73943;reactome:R-HSA-74217;reactome:R-HSA-74259;reactome:R-HSA-83936;reactome:R-HSA-8956319;reactome:R-HSA-8956321;reactome:R-HSA-9660821;reactome:R-HSA-9734207;reactome:R-HSA-9735804;wiki:WP1804;wiki:WP1873;wiki:WP1937;wiki:WP2712;wiki:WP3574;wiki:WP3579;wiki:WP3580;wiki:WP4042;wiki:WP4082;wiki:WP4224;wiki:WP4292;wiki:WP4485;wiki:WP4504;wiki:WP4792;wiki:WP4900;wiki:WP5078;wiki:WP5408;wiki:WP80",60961,"CHEBI:16335","HMDB0000050","C00212","58-61-7",4978725.61631408,2367742.1628853,47.5571932529638,10343933.5213722,4291489.29658805,"C8","Pos",1
"Amide-Pos-000075","Adenosine 5'-monophosphate","C10 H14 N5 O7 P",347.06308,99.9,"mzCloud",252,-1.38,348.06988,13.02,FALSE,"[M+H]+1","O=P(O)(O)OCC3OC(n2cnc1c(ncnc12)N)C(O)C3O","UDMBCSSLTHHNCD-KQYNXXCUSA-N","Nucleosides, nucleotides, and analogues","Purine nucleotides","Purine ribonucleotides","kegg:map00071;kegg:map00250;kegg:map00270;kegg:map00330;kegg:map00340;kegg:map00360;kegg:map00450;kegg:map00620;kegg:map00640;kegg:map00650;kegg:map00730;kegg:map00740;kegg:map00760;kegg:map00770;kegg:map00910;reactome:R-HSA-109703;reactome:R-HSA-109704;reactome:R-HSA-111885;reactome:R-HSA-111933;reactome:R-HSA-111957;reactome:R-HSA-111996;reactome:R-HSA-111997;reactome:R-HSA-112040;reactome:R-HSA-112043;reactome:R-HSA-112399;reactome:R-HSA-1169408;reactome:R-HSA-1445148;reactome:R-HSA-1489509;reactome:R-HSA-156584;reactome:R-HSA-156587;reactome:R-HSA-157579;reactome:R-HSA-1592230;reactome:R-HSA-159418;reactome:R-HSA-159424;reactome:R-HSA-1632852;reactome:R-HSA-163680;reactome:R-HSA-163841;reactome:R-HSA-165159;reactome:R-HSA-165160;reactome:R-HSA-174414;reactome:R-HSA-174417;reactome:R-HSA-174437;reactome:R-HSA-177128;reactome:R-HSA-177135;reactome:R-HSA-177162;reactome:R-HSA-180024;reactome:R-HSA-180786;reactome:R-HSA-192105;reactome:R-HSA-193368;reactome:R-HSA-193775;reactome:R-HSA-194068;reactome:R-HSA-196780;reactome:R-HSA-196783;reactome:R-HSA-196807;reactome:R-HSA-196819;reactome:R-HSA-196843;reactome:R-HSA-197264;reactome:R-HSA-199220;reactome:R-HSA-2046104;reactome:R-HSA-2046105;reactome:R-HSA-2046106;reactome:R-HSA-2151209;reactome:R-HSA-2161522;reactome:R-HSA-2161541;reactome:R-HSA-2393930;reactome:R-HSA-2404192;reactome:R-HSA-2408557;reactome:R-HSA-2428924;reactome:R-HSA-2428928;reactome:R-HSA-3065676;reactome:R-HSA-3215018;reactome:R-HSA-379716;reactome:R-HSA-379724;reactome:R-HSA-379726;reactome:R-HSA-380972;reactome:R-HSA-389599;reactome:R-HSA-390918;reactome:R-HSA-400451;reactome:R-HSA-422356;reactome:R-HSA-429914;reactome:R-HSA-429947;reactome:R-HSA-429958;reactome:R-HSA-430039;reactome:R-HSA-434313;reactome:R-HSA-499943;reactome:R-HSA-5358493;reactome:R-HSA-5358508;reactome:R-HSA-5358565;reactome:R-HSA-5358606;reactome:R-HSA-5607764;reactome:R-HSA-5628897;reactome:R-HSA-611105;reactome:R-HSA-6782315;reactome:R-HSA-6784531;reactome:R-HSA-6804756;reactome:R-HSA-69166;reactome:R-HSA-69183;reactome:R-HSA-69186;reactome:R-HSA-69190;reactome:R-HSA-69239;reactome:R-HSA-70171;reactome:R-HSA-70221;reactome:R-HSA-70263;reactome:R-HSA-70326;reactome:R-HSA-70635;reactome:R-HSA-71336;reactome:R-HSA-71384;reactome:R-HSA-73776;reactome:R-HSA-73817;reactome:R-HSA-73843;reactome:R-HSA-73886;reactome:R-HSA-74182;reactome:R-HSA-74217;reactome:R-HSA-74259;reactome:R-HSA-74751;reactome:R-HSA-74752;reactome:R-HSA-75105;reactome:R-HSA-75876;reactome:R-HSA-76042;reactome:R-HSA-77111;reactome:R-HSA-77286;reactome:R-HSA-77289;reactome:R-HSA-77352;reactome:R-HSA-8850843;reactome:R-HSA-8852135;reactome:R-HSA-8866652;reactome:R-HSA-8956319;reactome:R-HSA-8956320;reactome:R-HSA-8956321;reactome:R-HSA-8963693;reactome:R-HSA-8982491;reactome:R-HSA-8983711;reactome:R-HSA-947581;reactome:R-HSA-9613354;reactome:R-HSA-9660826;reactome:R-HSA-9663891;reactome:R-HSA-9664424;reactome:R-HSA-9748787;reactome:R-HSA-9749641;reactome:R-HSA-9816359;reactome:R-HSA-9820841;reactome:R-HSA-9820952;reactome:R-HSA-9833110;reactome:R-HSA-9833482;wiki:WP1788;wiki:WP1815;wiki:WP1831;wiki:WP1878;wiki:WP1925;wiki:WP1928;wiki:WP1938;wiki:WP1978;wiki:WP2485;wiki:WP2659;wiki:WP2672;wiki:WP2688;wiki:WP2712;wiki:WP2724;wiki:WP2748;wiki:WP2762;wiki:WP2777;wiki:WP2778;wiki:WP3331;wiki:WP3348;wiki:WP3349;wiki:WP3381;wiki:WP3552;wiki:WP3561;wiki:WP3838;wiki:WP4008;wiki:WP4034;wiki:WP4042;wiki:WP4050;wiki:WP4059;wiki:WP4072;wiki:WP4082;wiki:WP4084;wiki:WP4093;wiki:WP4097;wiki:WP4113;wiki:WP4114;wiki:WP4125;wiki:WP4191;wiki:WP4224;wiki:WP4292;wiki:WP4448;wiki:WP4460;wiki:WP4629;wiki:WP4784;wiki:WP4792;wiki:WP4838;wiki:WP4900;wiki:WP4905;wiki:WP4973;wiki:WP4979;wiki:WP4985;wiki:WP4998;wiki:WP5037;wiki:WP5043;wiki:WP521;wiki:WP5294;wiki:WP5408",6083,"CHEBI:16027","HMDB0000045","C00020","61-19-8",53015809.1460631,16552674.0347363,31.2221473204951,92613934.2698935,46076774.4285177,"Amide","Pos",1
"Amide-Pos-000305","Adenosine 5'-monophosphate","C10 H14 N5 O7 P",347.06308,99.9,"mzCloud",252,-1.46,348.06985,13.434,FALSE,"[M+H]+1","O=P(O)(O)OCC3OC(n2cnc1c(ncnc12)N)C(O)C3O","UDMBCSSLTHHNCD-KQYNXXCUSA-N","Nucleosides, nucleotides, and analogues","Purine nucleotides","Purine ribonucleotides","kegg:map00071;kegg:map00250;kegg:map00270;kegg:map00330;kegg:map00340;kegg:map00360;kegg:map00450;kegg:map00620;kegg:map00640;kegg:map00650;kegg:map00730;kegg:map00740;kegg:map00760;kegg:map00770;kegg:map00910;reactome:R-HSA-109703;reactome:R-HSA-109704;reactome:R-HSA-111885;reactome:R-HSA-111933;reactome:R-HSA-111957;reactome:R-HSA-111996;reactome:R-HSA-111997;reactome:R-HSA-112040;reactome:R-HSA-112043;reactome:R-HSA-112399;reactome:R-HSA-1169408;reactome:R-HSA-1445148;reactome:R-HSA-1489509;reactome:R-HSA-156584;reactome:R-HSA-156587;reactome:R-HSA-157579;reactome:R-HSA-1592230;reactome:R-HSA-159418;reactome:R-HSA-159424;reactome:R-HSA-1632852;reactome:R-HSA-163680;reactome:R-HSA-163841;reactome:R-HSA-165159;reactome:R-HSA-165160;reactome:R-HSA-174414;reactome:R-HSA-174417;reactome:R-HSA-174437;reactome:R-HSA-177128;reactome:R-HSA-177135;reactome:R-HSA-177162;reactome:R-HSA-180024;reactome:R-HSA-180786;reactome:R-HSA-192105;reactome:R-HSA-193368;reactome:R-HSA-193775;reactome:R-HSA-194068;reactome:R-HSA-196780;reactome:R-HSA-196783;reactome:R-HSA-196807;reactome:R-HSA-196819;reactome:R-HSA-196843;reactome:R-HSA-197264;reactome:R-HSA-199220;reactome:R-HSA-2046104;reactome:R-HSA-2046105;reactome:R-HSA-2046106;reactome:R-HSA-2151209;reactome:R-HSA-2161522;reactome:R-HSA-2161541;reactome:R-HSA-2393930;reactome:R-HSA-2404192;reactome:R-HSA-2408557;reactome:R-HSA-2428924;reactome:R-HSA-2428928;reactome:R-HSA-3065676;reactome:R-HSA-3215018;reactome:R-HSA-379716;reactome:R-HSA-379724;reactome:R-HSA-379726;reactome:R-HSA-380972;reactome:R-HSA-389599;reactome:R-HSA-390918;reactome:R-HSA-400451;reactome:R-HSA-422356;reactome:R-HSA-429914;reactome:R-HSA-429947;reactome:R-HSA-429958;reactome:R-HSA-430039;reactome:R-HSA-434313;reactome:R-HSA-499943;reactome:R-HSA-5358493;reactome:R-HSA-5358508;reactome:R-HSA-5358565;reactome:R-HSA-5358606;reactome:R-HSA-5607764;reactome:R-HSA-5628897;reactome:R-HSA-611105;reactome:R-HSA-6782315;reactome:R-HSA-6784531;reactome:R-HSA-6804756;reactome:R-HSA-69166;reactome:R-HSA-69183;reactome:R-HSA-69186;reactome:R-HSA-69190;reactome:R-HSA-69239;reactome:R-HSA-70171;reactome:R-HSA-70221;reactome:R-HSA-70263;reactome:R-HSA-70326;reactome:R-HSA-70635;reactome:R-HSA-71336;reactome:R-HSA-71384;reactome:R-HSA-73776;reactome:R-HSA-73817;reactome:R-HSA-73843;reactome:R-HSA-73886;reactome:R-HSA-74182;reactome:R-HSA-74217;reactome:R-HSA-74259;reactome:R-HSA-74751;reactome:R-HSA-74752;reactome:R-HSA-75105;reactome:R-HSA-75876;reactome:R-HSA-76042;reactome:R-HSA-77111;reactome:R-HSA-77286;reactome:R-HSA-77289;reactome:R-HSA-77352;reactome:R-HSA-8850843;reactome:R-HSA-8852135;reactome:R-HSA-8866652;reactome:R-HSA-8956319;reactome:R-HSA-8956320;reactome:R-HSA-8956321;reactome:R-HSA-8963693;reactome:R-HSA-8982491;reactome:R-HSA-8983711;reactome:R-HSA-947581;reactome:R-HSA-9613354;reactome:R-HSA-9660826;reactome:R-HSA-9663891;reactome:R-HSA-9664424;reactome:R-HSA-9748787;reactome:R-HSA-9749641;reactome:R-HSA-9816359;reactome:R-HSA-9820841;reactome:R-HSA-9820952;reactome:R-HSA-9833110;reactome:R-HSA-9833482;wiki:WP1788;wiki:WP1815;wiki:WP1831;wiki:WP1878;wiki:WP1925;wiki:WP1928;wiki:WP1938;wiki:WP1978;wiki:WP2485;wiki:WP2659;wiki:WP2672;wiki:WP2688;wiki:WP2712;wiki:WP2724;wiki:WP2748;wiki:WP2762;wiki:WP2777;wiki:WP2778;wiki:WP3331;wiki:WP3348;wiki:WP3349;wiki:WP3381;wiki:WP3552;wiki:WP3561;wiki:WP3838;wiki:WP4008;wiki:WP4034;wiki:WP4042;wiki:WP4050;wiki:WP4059;wiki:WP4072;wiki:WP4082;wiki:WP4084;wiki:WP4093;wiki:WP4097;wiki:WP4113;wiki:WP4114;wiki:WP4125;wiki:WP4191;wiki:WP4224;wiki:WP4292;wiki:WP4448;wiki:WP4460;wiki:WP4629;wiki:WP4784;wiki:WP4792;wiki:WP4838;wiki:WP4900;wiki:WP4905;wiki:WP4973;wiki:WP4979;wiki:WP4985;wiki:WP4998;wiki:WP5037;wiki:WP5043;wiki:WP521;wiki:WP5294;wiki:WP5408",6083,"CHEBI:16027","HMDB0000045","C00020","61-19-8",3348298.98782535,NA,NA,3348298.98782535,3348298.98782535,"Amide","Pos",1
"C18-Pos-000005","Adenosine 5'-monophosphate","C10 H14 N5 O7 P",347.06308,99.9,"mzCloud",252,-1.58,348.06981,1.69,FALSE,"[M+H]+1","O=P(O)(O)OCC3OC(n2cnc1c(ncnc12)N)C(O)C3O","UDMBCSSLTHHNCD-KQYNXXCUSA-N","Nucleosides, nucleotides, and analogues","Purine nucleotides","Purine ribonucleotides","kegg:map00071;kegg:map00250;kegg:map00270;kegg:map00330;kegg:map00340;kegg:map00360;kegg:map00450;kegg:map00620;kegg:map00640;kegg:map00650;kegg:map00730;kegg:map00740;kegg:map00760;kegg:map00770;kegg:map00910;reactome:R-HSA-109703;reactome:R-HSA-109704;reactome:R-HSA-111885;reactome:R-HSA-111933;reactome:R-HSA-111957;reactome:R-HSA-111996;reactome:R-HSA-111997;reactome:R-HSA-112040;reactome:R-HSA-112043;reactome:R-HSA-112399;reactome:R-HSA-1169408;reactome:R-HSA-1445148;reactome:R-HSA-1489509;reactome:R-HSA-156584;reactome:R-HSA-156587;reactome:R-HSA-157579;reactome:R-HSA-1592230;reactome:R-HSA-159418;reactome:R-HSA-159424;reactome:R-HSA-1632852;reactome:R-HSA-163680;reactome:R-HSA-163841;reactome:R-HSA-165159;reactome:R-HSA-165160;reactome:R-HSA-174414;reactome:R-HSA-174417;reactome:R-HSA-174437;reactome:R-HSA-177128;reactome:R-HSA-177135;reactome:R-HSA-177162;reactome:R-HSA-180024;reactome:R-HSA-180786;reactome:R-HSA-192105;reactome:R-HSA-193368;reactome:R-HSA-193775;reactome:R-HSA-194068;reactome:R-HSA-196780;reactome:R-HSA-196783;reactome:R-HSA-196807;reactome:R-HSA-196819;reactome:R-HSA-196843;reactome:R-HSA-197264;reactome:R-HSA-199220;reactome:R-HSA-2046104;reactome:R-HSA-2046105;reactome:R-HSA-2046106;reactome:R-HSA-2151209;reactome:R-HSA-2161522;reactome:R-HSA-2161541;reactome:R-HSA-2393930;reactome:R-HSA-2404192;reactome:R-HSA-2408557;reactome:R-HSA-2428924;reactome:R-HSA-2428928;reactome:R-HSA-3065676;reactome:R-HSA-3215018;reactome:R-HSA-379716;reactome:R-HSA-379724;reactome:R-HSA-379726;reactome:R-HSA-380972;reactome:R-HSA-389599;reactome:R-HSA-390918;reactome:R-HSA-400451;reactome:R-HSA-422356;reactome:R-HSA-429914;reactome:R-HSA-429947;reactome:R-HSA-429958;reactome:R-HSA-430039;reactome:R-HSA-434313;reactome:R-HSA-499943;reactome:R-HSA-5358493;reactome:R-HSA-5358508;reactome:R-HSA-5358565;reactome:R-HSA-5358606;reactome:R-HSA-5607764;reactome:R-HSA-5628897;reactome:R-HSA-611105;reactome:R-HSA-6782315;reactome:R-HSA-6784531;reactome:R-HSA-6804756;reactome:R-HSA-69166;reactome:R-HSA-69183;reactome:R-HSA-69186;reactome:R-HSA-69190;reactome:R-HSA-69239;reactome:R-HSA-70171;reactome:R-HSA-70221;reactome:R-HSA-70263;reactome:R-HSA-70326;reactome:R-HSA-70635;reactome:R-HSA-71336;reactome:R-HSA-71384;reactome:R-HSA-73776;reactome:R-HSA-73817;reactome:R-HSA-73843;reactome:R-HSA-73886;reactome:R-HSA-74182;reactome:R-HSA-74217;reactome:R-HSA-74259;reactome:R-HSA-74751;reactome:R-HSA-74752;reactome:R-HSA-75105;reactome:R-HSA-75876;reactome:R-HSA-76042;reactome:R-HSA-77111;reactome:R-HSA-77286;reactome:R-HSA-77289;reactome:R-HSA-77352;reactome:R-HSA-8850843;reactome:R-HSA-8852135;reactome:R-HSA-8866652;reactome:R-HSA-8956319;reactome:R-HSA-8956320;reactome:R-HSA-8956321;reactome:R-HSA-8963693;reactome:R-HSA-8982491;reactome:R-HSA-8983711;reactome:R-HSA-947581;reactome:R-HSA-9613354;reactome:R-HSA-9660826;reactome:R-HSA-9663891;reactome:R-HSA-9664424;reactome:R-HSA-9748787;reactome:R-HSA-9749641;reactome:R-HSA-9816359;reactome:R-HSA-9820841;reactome:R-HSA-9820952;reactome:R-HSA-9833110;reactome:R-HSA-9833482;wiki:WP1788;wiki:WP1815;wiki:WP1831;wiki:WP1878;wiki:WP1925;wiki:WP1928;wiki:WP1938;wiki:WP1978;wiki:WP2485;wiki:WP2659;wiki:WP2672;wiki:WP2688;wiki:WP2712;wiki:WP2724;wiki:WP2748;wiki:WP2762;wiki:WP2777;wiki:WP2778;wiki:WP3331;wiki:WP3348;wiki:WP3349;wiki:WP3381;wiki:WP3552;wiki:WP3561;wiki:WP3838;wiki:WP4008;wiki:WP4034;wiki:WP4042;wiki:WP4050;wiki:WP4059;wiki:WP4072;wiki:WP4082;wiki:WP4084;wiki:WP4093;wiki:WP4097;wiki:WP4113;wiki:WP4114;wiki:WP4125;wiki:WP4191;wiki:WP4224;wiki:WP4292;wiki:WP4448;wiki:WP4460;wiki:WP4629;wiki:WP4784;wiki:WP4792;wiki:WP4838;wiki:WP4900;wiki:WP4905;wiki:WP4973;wiki:WP4979;wiki:WP4985;wiki:WP4998;wiki:WP5037;wiki:WP5043;wiki:WP521;wiki:WP5294;wiki:WP5408",6083,"CHEBI:16027","HMDB0000045","C00020","61-19-8",289534267.044856,56512881.8791287,19.5185469602372,434555910.156645,280552551.918766,"C18","Pos",1
"C18-Pos-000022","Adenosine 5'-monophosphate","C10 H14 N5 O7 P",347.06308,99.9,"mzCloud",252,-1.63,348.06979,1.887,FALSE,"[M+H]+1","O=P(O)(O)OCC3OC(n2cnc1c(ncnc12)N)C(O)C3O","UDMBCSSLTHHNCD-KQYNXXCUSA-N","Nucleosides, nucleotides, and analogues","Purine nucleotides","Purine ribonucleotides","kegg:map00071;kegg:map00250;kegg:map00270;kegg:map00330;kegg:map00340;kegg:map00360;kegg:map00450;kegg:map00620;kegg:map00640;kegg:map00650;kegg:map00730;kegg:map00740;kegg:map00760;kegg:map00770;kegg:map00910;reactome:R-HSA-109703;reactome:R-HSA-109704;reactome:R-HSA-111885;reactome:R-HSA-111933;reactome:R-HSA-111957;reactome:R-HSA-111996;reactome:R-HSA-111997;reactome:R-HSA-112040;reactome:R-HSA-112043;reactome:R-HSA-112399;reactome:R-HSA-1169408;reactome:R-HSA-1445148;reactome:R-HSA-1489509;reactome:R-HSA-156584;reactome:R-HSA-156587;reactome:R-HSA-157579;reactome:R-HSA-1592230;reactome:R-HSA-159418;reactome:R-HSA-159424;reactome:R-HSA-1632852;reactome:R-HSA-163680;reactome:R-HSA-163841;reactome:R-HSA-165159;reactome:R-HSA-165160;reactome:R-HSA-174414;reactome:R-HSA-174417;reactome:R-HSA-174437;reactome:R-HSA-177128;reactome:R-HSA-177135;reactome:R-HSA-177162;reactome:R-HSA-180024;reactome:R-HSA-180786;reactome:R-HSA-192105;reactome:R-HSA-193368;reactome:R-HSA-193775;reactome:R-HSA-194068;reactome:R-HSA-196780;reactome:R-HSA-196783;reactome:R-HSA-196807;reactome:R-HSA-196819;reactome:R-HSA-196843;reactome:R-HSA-197264;reactome:R-HSA-199220;reactome:R-HSA-2046104;reactome:R-HSA-2046105;reactome:R-HSA-2046106;reactome:R-HSA-2151209;reactome:R-HSA-2161522;reactome:R-HSA-2161541;reactome:R-HSA-2393930;reactome:R-HSA-2404192;reactome:R-HSA-2408557;reactome:R-HSA-2428924;reactome:R-HSA-2428928;reactome:R-HSA-3065676;reactome:R-HSA-3215018;reactome:R-HSA-379716;reactome:R-HSA-379724;reactome:R-HSA-379726;reactome:R-HSA-380972;reactome:R-HSA-389599;reactome:R-HSA-390918;reactome:R-HSA-400451;reactome:R-HSA-422356;reactome:R-HSA-429914;reactome:R-HSA-429947;reactome:R-HSA-429958;reactome:R-HSA-430039;reactome:R-HSA-434313;reactome:R-HSA-499943;reactome:R-HSA-5358493;reactome:R-HSA-5358508;reactome:R-HSA-5358565;reactome:R-HSA-5358606;reactome:R-HSA-5607764;reactome:R-HSA-5628897;reactome:R-HSA-611105;reactome:R-HSA-6782315;reactome:R-HSA-6784531;reactome:R-HSA-6804756;reactome:R-HSA-69166;reactome:R-HSA-69183;reactome:R-HSA-69186;reactome:R-HSA-69190;reactome:R-HSA-69239;reactome:R-HSA-70171;reactome:R-HSA-70221;reactome:R-HSA-70263;reactome:R-HSA-70326;reactome:R-HSA-70635;reactome:R-HSA-71336;reactome:R-HSA-71384;reactome:R-HSA-73776;reactome:R-HSA-73817;reactome:R-HSA-73843;reactome:R-HSA-73886;reactome:R-HSA-74182;reactome:R-HSA-74217;reactome:R-HSA-74259;reactome:R-HSA-74751;reactome:R-HSA-74752;reactome:R-HSA-75105;reactome:R-HSA-75876;reactome:R-HSA-76042;reactome:R-HSA-77111;reactome:R-HSA-77286;reactome:R-HSA-77289;reactome:R-HSA-77352;reactome:R-HSA-8850843;reactome:R-HSA-8852135;reactome:R-HSA-8866652;reactome:R-HSA-8956319;reactome:R-HSA-8956320;reactome:R-HSA-8956321;reactome:R-HSA-8963693;reactome:R-HSA-8982491;reactome:R-HSA-8983711;reactome:R-HSA-947581;reactome:R-HSA-9613354;reactome:R-HSA-9660826;reactome:R-HSA-9663891;reactome:R-HSA-9664424;reactome:R-HSA-9748787;reactome:R-HSA-9749641;reactome:R-HSA-9816359;reactome:R-HSA-9820841;reactome:R-HSA-9820952;reactome:R-HSA-9833110;reactome:R-HSA-9833482;wiki:WP1788;wiki:WP1815;wiki:WP1831;wiki:WP1878;wiki:WP1925;wiki:WP1928;wiki:WP1938;wiki:WP1978;wiki:WP2485;wiki:WP2659;wiki:WP2672;wiki:WP2688;wiki:WP2712;wiki:WP2724;wiki:WP2748;wiki:WP2762;wiki:WP2777;wiki:WP2778;wiki:WP3331;wiki:WP3348;wiki:WP3349;wiki:WP3381;wiki:WP3552;wiki:WP3561;wiki:WP3838;wiki:WP4008;wiki:WP4034;wiki:WP4042;wiki:WP4050;wiki:WP4059;wiki:WP4072;wiki:WP4082;wiki:WP4084;wiki:WP4093;wiki:WP4097;wiki:WP4113;wiki:WP4114;wiki:WP4125;wiki:WP4191;wiki:WP4224;wiki:WP4292;wiki:WP4448;wiki:WP4460;wiki:WP4629;wiki:WP4784;wiki:WP4792;wiki:WP4838;wiki:WP4900;wiki:WP4905;wiki:WP4973;wiki:WP4979;wiki:WP4985;wiki:WP4998;wiki:WP5037;wiki:WP5043;wiki:WP521;wiki:WP5294;wiki:WP5408",6083,"CHEBI:16027","HMDB0000045","C00020","61-19-8",150564209.792019,1525968.04300882,1.01349985173548,151643232.143105,150564209.792019,"C18","Pos",1
"Amide-Neg-000199","Adenosine diphosphate (ADP)","C10 H15 N5 O10 P2",427.02941,64.6,"mzCloud",298,0.31,426.02228,13.609,FALSE,"[M-H]-1","C1=NC(=C2C(=N1)N(C=N2)[C@H]3[C@@H]([C@@H]([C@H](O3)COP(=O)(O)OP(=O)(O)O)O)O)N","XTWYTFMLZFPYCI-KQYNXXCUSA-N","Nucleosides, nucleotides, and analogues","Purine nucleotides","Purine ribonucleotides","kegg:map00020;kegg:map00051;kegg:map00052;kegg:map00100;kegg:map00120;kegg:map00190;kegg:map00250;kegg:map00270;kegg:map00280;kegg:map00330;kegg:map00340;kegg:map00450;kegg:map00480;kegg:map00520;kegg:map00561;kegg:map00562;kegg:map00620;kegg:map00640;kegg:map00670;kegg:map00730;kegg:map00740;kegg:map00760;kegg:map00770;kegg:map00910;kegg:map00920;kegg:map01040;reactome:R-HSA-1059683;reactome:R-HSA-109606;reactome:R-HSA-109703;reactome:R-HSA-109704;reactome:R-HSA-110056;reactome:R-HSA-110313;reactome:R-HSA-110320;reactome:R-HSA-111446;reactome:R-HSA-111447;reactome:R-HSA-111458;reactome:R-HSA-111459;reactome:R-HSA-111461;reactome:R-HSA-111471;reactome:R-HSA-111885;reactome:R-HSA-111931;reactome:R-HSA-111932;reactome:R-HSA-111933;reactome:R-HSA-111995;reactome:R-HSA-111996;reactome:R-HSA-111997;reactome:R-HSA-112040;reactome:R-HSA-112043;reactome:R-HSA-112310;reactome:R-HSA-112313;reactome:R-HSA-112382;reactome:R-HSA-112399;reactome:R-HSA-112409;reactome:R-HSA-112411;reactome:R-HSA-114452;reactome:R-HSA-114508;reactome:R-HSA-114516;reactome:R-HSA-114604;reactome:R-HSA-114608;reactome:R-HSA-1168372;reactome:R-HSA-1169091;reactome:R-HSA-1169092;reactome:R-HSA-1170546;reactome:R-HSA-1181150;reactome:R-HSA-1221632;reactome:R-HSA-1226099;reactome:R-HSA-1227986;reactome:R-HSA-1227990;reactome:R-HSA-1236382;reactome:R-HSA-1236394;reactome:R-HSA-1236974;reactome:R-HSA-1236975;reactome:R-HSA-1250196;reactome:R-HSA-1250342;reactome:R-HSA-1250347;reactome:R-HSA-1251932;reactome:R-HSA-1266695;reactome:R-HSA-1268020;reactome:R-HSA-1295596;reactome:R-HSA-1307965;reactome:R-HSA-1358803;reactome:R-HSA-1369007;reactome:R-HSA-1369062;reactome:R-HSA-139910;reactome:R-HSA-1433557;reactome:R-HSA-1433559;reactome:R-HSA-1445148;reactome:R-HSA-1474151;reactome:R-HSA-1474165;reactome:R-HSA-1483191;reactome:R-HSA-1483213;reactome:R-HSA-1483248;reactome:R-HSA-1483249;reactome:R-HSA-1483255;reactome:R-HSA-1489509;reactome:R-HSA-1500620;reactome:R-HSA-1502540;reactome:R-HSA-1538133;reactome:R-HSA-156584;reactome:R-HSA-156590;reactome:R-HSA-156711;reactome:R-HSA-156827;reactome:R-HSA-157579;reactome:R-HSA-157858;reactome:R-HSA-1592230;reactome:R-HSA-159236;reactome:R-HSA-159418;reactome:R-HSA-1606322;reactome:R-HSA-1606341;reactome:R-HSA-162658;reactome:R-HSA-163210;reactome:R-HSA-1632852;reactome:R-HSA-163358;reactome:R-HSA-163560;reactome:R-HSA-163680;reactome:R-HSA-163841;reactome:R-HSA-1643713;reactome:R-HSA-165158;reactome:R-HSA-165159;reactome:R-HSA-165160;reactome:R-HSA-165181;reactome:R-HSA-1660499;reactome:R-HSA-1660514;reactome:R-HSA-1660516;reactome:R-HSA-1660517;reactome:R-HSA-166058;reactome:R-HSA-1660661;reactome:R-HSA-1660662;reactome:R-HSA-166166;reactome:R-HSA-166187;reactome:R-HSA-166208;reactome:R-HSA-166520;reactome:R-HSA-167021;reactome:R-HSA-167044;reactome:R-HSA-167152;reactome:R-HSA-167160;reactome:R-HSA-167169;reactome:R-HSA-167172;reactome:R-HSA-167200;reactome:R-HSA-167246;reactome:R-HSA-167827;reactome:R-HSA-1679131;reactome:R-HSA-168138;reactome:R-HSA-168142;reactome:R-HSA-168164;reactome:R-HSA-168176;reactome:R-HSA-168179;reactome:R-HSA-168181;reactome:R-HSA-168188;reactome:R-HSA-168638;reactome:R-HSA-168643;reactome:R-HSA-168928;reactome:R-HSA-169893;reactome:R-HSA-170145;reactome:R-HSA-170834;reactome:R-HSA-170968;reactome:R-HSA-170984;reactome:R-HSA-171007;reactome:R-HSA-171319;reactome:R-HSA-174143;reactome:R-HSA-174362;reactome:R-HSA-174403;reactome:R-HSA-174411;reactome:R-HSA-174414;reactome:R-HSA-174417;reactome:R-HSA-174824;reactome:R-HSA-176187;reactome:R-HSA-176408;reactome:R-HSA-176417;reactome:R-HSA-177929;reactome:R-HSA-180024;reactome:R-HSA-180292;reactome:R-HSA-180336;reactome:R-HSA-180786;reactome:R-HSA-1810476;reactome:R-HSA-181429;reactome:R-HSA-181430;reactome:R-HSA-181438;reactome:R-HSA-182971;reactome:R-HSA-1834941;reactome:R-HSA-1834949;reactome:R-HSA-1839117;reactome:R-HSA-1839120;reactome:R-HSA-1839122;reactome:R-HSA-1839124;reactome:R-HSA-1839126;reactome:R-HSA-1839130;reactome:R-HSA-1855167;reactome:R-HSA-1855191;reactome:R-HSA-1855204;reactome:R-HSA-186712;reactome:R-HSA-186763;reactome:R-HSA-186797;reactome:R-HSA-187015;reactome:R-HSA-187024;reactome:R-HSA-187037;reactome:R-HSA-187577;reactome:R-HSA-187687;reactome:R-HSA-189445;reactome:R-HSA-189451;reactome:R-HSA-189483;reactome:R-HSA-190236;reactome:R-HSA-190239;reactome:R-HSA-190241;reactome:R-HSA-190242;reactome:R-HSA-190322;reactome:R-HSA-190370;reactome:R-HSA-190371;reactome:R-HSA-190372;reactome:R-HSA-190373;reactome:R-HSA-190374;reactome:R-HSA-190375;reactome:R-HSA-190377;reactome:R-HSA-1912408;reactome:R-HSA-1912422;reactome:R-HSA-191273;reactome:R-HSA-191650;reactome:R-HSA-192105;reactome:R-HSA-193368;reactome:R-HSA-193639;reactome:R-HSA-193648;reactome:R-HSA-193704;reactome:R-HSA-194068;reactome:R-HSA-194138;reactome:R-HSA-195253;reactome:R-HSA-196299;reactome:R-HSA-1963642;reactome:R-HSA-196741;reactome:R-HSA-196757;reactome:R-HSA-196783;reactome:R-HSA-196807;reactome:R-HSA-196819;reactome:R-HSA-196843;reactome:R-HSA-197264;reactome:R-HSA-1980143;reactome:R-HSA-198203;reactome:R-HSA-198323;reactome:R-HSA-198693;reactome:R-HSA-198725;reactome:R-HSA-198745;reactome:R-HSA-198753;reactome:R-HSA-199220;reactome:R-HSA-199418;reactome:R-HSA-199920;reactome:R-HSA-199992;reactome:R-HSA-200425;reactome:R-HSA-201451;reactome:R-HSA-201556;reactome:R-HSA-201688;reactome:R-HSA-202131;reactome:R-HSA-2023837;reactome:R-HSA-202403;reactome:R-HSA-202424;reactome:R-HSA-202427;reactome:R-HSA-202430;reactome:R-HSA-202433;reactome:R-HSA-2028269;reactome:R-HSA-2029481;reactome:R-HSA-2029485;reactome:R-HSA-2033514;reactome:R-HSA-2033519;reactome:R-HSA-203615;reactome:R-HSA-204005;reactome:R-HSA-204174;reactome:R-HSA-2046104;reactome:R-HSA-2046105;reactome:R-HSA-2046106;reactome:R-HSA-204998;reactome:R-HSA-205043;reactome:R-HSA-209543;reactome:R-HSA-209560;reactome:R-HSA-210455;reactome:R-HSA-210745;reactome:R-HSA-210990;reactome:R-HSA-210993;reactome:R-HSA-211163;reactome:R-HSA-2122947;reactome:R-HSA-212676;reactome:R-HSA-212718;reactome:R-HSA-2132295;reactome:R-HSA-2142691;reactome:R-HSA-2151201;reactome:R-HSA-2151209;reactome:R-HSA-2161517;reactome:R-HSA-2161522;reactome:R-HSA-2161541;reactome:R-HSA-2172127;reactome:R-HSA-2173789;reactome:R-HSA-2173791;reactome:R-HSA-2173793;reactome:R-HSA-2173795;reactome:R-HSA-2173796;reactome:R-HSA-2219528;reactome:R-HSA-2219530;reactome:R-HSA-2299718;reactome:R-HSA-2404192;reactome:R-HSA-2408550;reactome:R-HSA-2408557;reactome:R-HSA-2424491;reactome:R-HSA-2428924;reactome:R-HSA-2428928;reactome:R-HSA-2428933;reactome:R-HSA-2453902;reactome:R-HSA-2465910;reactome:R-HSA-2500257;reactome:R-HSA-2514853;reactome:R-HSA-2514856;reactome:R-HSA-2514859;reactome:R-HSA-2559580;reactome:R-HSA-2559582;reactome:R-HSA-2559585;reactome:R-HSA-2559586;reactome:R-HSA-2565942;reactome:R-HSA-2586552;reactome:R-HSA-2644602;reactome:R-HSA-2644603;reactome:R-HSA-2644606;reactome:R-HSA-264642;reactome:R-HSA-2672351;reactome:R-HSA-2682334;reactome:R-HSA-2730905;reactome:R-HSA-2871796;reactome:R-HSA-2871809;reactome:R-HSA-2894858;reactome:R-HSA-2894862;reactome:R-HSA-2980766;reactome:R-HSA-2980767;reactome:R-HSA-2995383;reactome:R-HSA-2995410;reactome:R-HSA-3134973;reactome:R-HSA-3214858;reactome:R-HSA-3249367;reactome:R-HSA-3270619;reactome:R-HSA-3299685;reactome:R-HSA-3301854;reactome:R-HSA-3371453;reactome:R-HSA-3371497;reactome:R-HSA-3371556;reactome:R-HSA-3371571;reactome:R-HSA-349425;reactome:R-HSA-354192;reactome:R-HSA-372708;reactome:R-HSA-373752;reactome:R-HSA-373753;reactome:R-HSA-373755;reactome:R-HSA-373760;reactome:R-HSA-375165;reactome:R-HSA-376172;reactome:R-HSA-3769402;reactome:R-HSA-380259;reactome:R-HSA-380284;reactome:R-HSA-380287;reactome:R-HSA-380972;reactome:R-HSA-381042;reactome:R-HSA-381070;reactome:R-HSA-381119;reactome:R-HSA-381426;reactome:R-HSA-382556;reactome:R-HSA-388841;reactome:R-HSA-389356;reactome:R-HSA-389357;reactome:R-HSA-389359;reactome:R-HSA-389513;reactome:R-HSA-389948;reactome:R-HSA-389957;reactome:R-HSA-389958;reactome:R-HSA-389960;reactome:R-HSA-390450;reactome:R-HSA-390466;reactome:R-HSA-390471;reactome:R-HSA-390522;reactome:R-HSA-391160;reactome:R-HSA-391251;reactome:R-HSA-392170;reactome:R-HSA-392451;reactome:R-HSA-392517;reactome:R-HSA-392518;reactome:R-HSA-3928662;reactome:R-HSA-3928663;reactome:R-HSA-3928664;reactome:R-HSA-3928665;reactome:R-HSA-397795;reactome:R-HSA-399719;reactome:R-HSA-399721;reactome:R-HSA-399954;reactome:R-HSA-399955;reactome:R-HSA-399956;reactome:R-HSA-399997;reactome:R-HSA-400253;reactome:R-HSA-400685;reactome:R-HSA-4085001;reactome:R-HSA-4086398;reactome:R-HSA-4086400;reactome:R-HSA-416550;reactome:R-HSA-416572;reactome:R-HSA-416993;reactome:R-HSA-417957;reactome:R-HSA-418038;reactome:R-HSA-418346;reactome:R-HSA-418592;reactome:R-HSA-418597;reactome:R-HSA-418885;reactome:R-HSA-418886;reactome:R-HSA-418889;reactome:R-HSA-418890;reactome:R-HSA-422356;reactome:R-HSA-425397;reactome:R-HSA-428542;reactome:R-HSA-428890;reactome:R-HSA-432040;reactome:R-HSA-432142;reactome:R-HSA-432720;reactome:R-HSA-432722;reactome:R-HSA-437239;reactome:R-HSA-438064;reactome:R-HSA-4419969;reactome:R-HSA-4420097;reactome:R-HSA-442720;reactome:R-HSA-442729;reactome:R-HSA-442742;reactome:R-HSA-442755;reactome:R-HSA-444257;reactome:R-HSA-445095;reactome:R-HSA-445144;reactome:R-HSA-445355;reactome:R-HSA-445717;reactome:R-HSA-445989;reactome:R-HSA-446199;reactome:R-HSA-446210;reactome:R-HSA-446219;reactome:R-HSA-447041;reactome:R-HSA-447043;reactome:R-HSA-447115;reactome:R-HSA-448424;reactome:R-HSA-450282;reactome:R-HSA-450294;reactome:R-HSA-450302;reactome:R-HSA-450321;reactome:R-HSA-450341;reactome:R-HSA-450385;reactome:R-HSA-450513;reactome:R-HSA-450520;reactome:R-HSA-450531;reactome:R-HSA-450604;reactome:R-HSA-451927;reactome:R-HSA-453276;reactome:R-HSA-4608870;reactome:R-HSA-4641262;reactome:R-HSA-499943;reactome:R-HSA-500753;reactome:R-HSA-5099900;reactome:R-HSA-512988;reactome:R-HSA-5173105;reactome:R-HSA-5205647;reactome:R-HSA-5213460;reactome:R-HSA-5218859;reactome:R-HSA-5218920;reactome:R-HSA-5218921;reactome:R-HSA-525793;reactome:R-HSA-5357769;reactome:R-HSA-5357905;reactome:R-HSA-5358346;reactome:R-HSA-5358508;reactome:R-HSA-5358565;reactome:R-HSA-5358606;reactome:R-HSA-5362517;reactome:R-HSA-5362768;reactome:R-HSA-5387390;reactome:R-HSA-5578775;reactome:R-HSA-5607761;reactome:R-HSA-5607764;reactome:R-HSA-5610780;reactome:R-HSA-5610783;reactome:R-HSA-5610785;reactome:R-HSA-5610787;reactome:R-HSA-5619084;reactome:R-HSA-5621480;reactome:R-HSA-5621575;reactome:R-HSA-5625740;reactome:R-HSA-5625886;reactome:R-HSA-5625900;reactome:R-HSA-5627117;reactome:R-HSA-5627123;reactome:R-HSA-5628897;reactome:R-HSA-5632684;reactome:R-HSA-5633008;reactome:R-HSA-5635838;reactome:R-HSA-5637810;reactome:R-HSA-5637812;reactome:R-HSA-5637815;reactome:R-HSA-5652084;reactome:R-HSA-5654219;reactome:R-HSA-5654221;reactome:R-HSA-5654227;reactome:R-HSA-5654228;reactome:R-HSA-5654687;reactome:R-HSA-5654688;reactome:R-HSA-5654689;reactome:R-HSA-5654693;reactome:R-HSA-5654695;reactome:R-HSA-5654696;reactome:R-HSA-5654699;reactome:R-HSA-5654700;reactome:R-HSA-5654704;reactome:R-HSA-5654706;reactome:R-HSA-5654708;reactome:R-HSA-5654710;reactome:R-HSA-5654712;reactome:R-HSA-5654716;reactome:R-HSA-5654719;reactome:R-HSA-5654720;reactome:R-HSA-5654726;reactome:R-HSA-5654727;reactome:R-HSA-5654732;reactome:R-HSA-5654733;reactome:R-HSA-5654736;reactome:R-HSA-5654738;reactome:R-HSA-5654741;reactome:R-HSA-5654743;reactome:R-HSA-5655253;reactome:R-HSA-5655291;reactome:R-HSA-5655302;reactome:R-HSA-5655332;reactome:R-HSA-5661270;reactome:R-HSA-5663213;reactome:R-HSA-5663220;reactome:R-HSA-5668541;reactome:R-HSA-5668599;reactome:R-HSA-5673000;reactome:R-HSA-5674135;reactome:R-HSA-5674400;reactome:R-HSA-5674499;reactome:R-HSA-5675221;reactome:R-HSA-5676590;reactome:R-HSA-5678895;reactome:R-HSA-5683826;reactome:R-HSA-5684264;reactome:R-HSA-5685938;reactome:R-HSA-5685942;reactome:R-HSA-5687128;reactome:R-HSA-5689896;reactome:R-HSA-5690714;reactome:R-HSA-5693537;reactome:R-HSA-5693538;reactome:R-HSA-5693548;reactome:R-HSA-5693554;reactome:R-HSA-5693565;reactome:R-HSA-5693567;reactome:R-HSA-5693568;reactome:R-HSA-5693571;reactome:R-HSA-5693579;reactome:R-HSA-5693606;reactome:R-HSA-5693607;reactome:R-HSA-5693616;reactome:R-HSA-5696395;reactome:R-HSA-5696398;reactome:R-HSA-5696399;reactome:R-HSA-6781827;reactome:R-HSA-6782135;reactome:R-HSA-6783310;reactome:R-HSA-6783589;reactome:R-HSA-6783783;reactome:R-HSA-6785807;reactome:R-HSA-6787639;reactome:R-HSA-6790901;reactome:R-HSA-6791312;reactome:R-HSA-6796648;reactome:R-HSA-6802946;reactome:R-HSA-6802948;reactome:R-HSA-6802949;reactome:R-HSA-6802952;reactome:R-HSA-6802955;reactome:R-HSA-6802957;reactome:R-HSA-6803157;reactome:R-HSA-6803204;reactome:R-HSA-6803207;reactome:R-HSA-6803544;reactome:R-HSA-6804115;reactome:R-HSA-6804756;reactome:R-HSA-6804757;reactome:R-HSA-6804758;reactome:R-HSA-6804759;reactome:R-HSA-6804760;reactome:R-HSA-6806003;reactome:R-HSA-6806834;reactome:R-HSA-6806942;reactome:R-HSA-6807004;reactome:R-HSA-6807505;reactome:R-HSA-6807878;reactome:R-HSA-6811436;reactome:R-HSA-6811438;reactome:R-HSA-6811440;reactome:R-HSA-6811555;reactome:R-HSA-6811558;reactome:R-HSA-6814122;reactome:R-HSA-68616;reactome:R-HSA-68867;reactome:R-HSA-68875;reactome:R-HSA-68884;reactome:R-HSA-68911;reactome:R-HSA-68949;reactome:R-HSA-68962;reactome:R-HSA-69002;reactome:R-HSA-69017;reactome:R-HSA-69052;reactome:R-HSA-69091;reactome:R-HSA-69109;reactome:R-HSA-69186;reactome:R-HSA-69190;reactome:R-HSA-69200;reactome:R-HSA-69202;reactome:R-HSA-69206;reactome:R-HSA-69231;reactome:R-HSA-69236;reactome:R-HSA-69239;reactome:R-HSA-69273;reactome:R-HSA-69473;reactome:R-HSA-69478;reactome:R-HSA-69541;reactome:R-HSA-69563;reactome:R-HSA-69580;reactome:R-HSA-69601;reactome:R-HSA-69610;reactome:R-HSA-69613;reactome:R-HSA-69615;reactome:R-HSA-69656;reactome:R-HSA-70171;reactome:R-HSA-70221;reactome:R-HSA-70263;reactome:R-HSA-70268;reactome:R-HSA-70326;reactome:R-HSA-70350;reactome:R-HSA-70370;reactome:R-HSA-70635;reactome:R-HSA-70895;reactome:R-HSA-70921;reactome:R-HSA-71032;reactome:R-HSA-71288;reactome:R-HSA-71336;reactome:R-HSA-71403;reactome:R-HSA-71406;reactome:R-HSA-72202;reactome:R-HSA-72613;reactome:R-HSA-72662;reactome:R-HSA-72702;reactome:R-HSA-72737;reactome:R-HSA-73614;reactome:R-HSA-73621;reactome:R-HSA-73728;reactome:R-HSA-73817;reactome:R-HSA-73854;reactome:R-HSA-73864;reactome:R-HSA-73886;reactome:R-HSA-73893;reactome:R-HSA-74217;reactome:R-HSA-74259;reactome:R-HSA-74713;reactome:R-HSA-74749;reactome:R-HSA-74751;reactome:R-HSA-74752;reactome:R-HSA-75035;reactome:R-HSA-75105;reactome:R-HSA-75109;reactome:R-HSA-75153;reactome:R-HSA-75815;reactome:R-HSA-75893;reactome:R-HSA-75955;reactome:R-HSA-76005;reactome:R-HSA-76009;reactome:R-HSA-76042;reactome:R-HSA-77075;reactome:R-HSA-77289;reactome:R-HSA-83936;reactome:R-HSA-877300;reactome:R-HSA-881907;reactome:R-HSA-8847453;reactome:R-HSA-8847993;reactome:R-HSA-8848021;reactome:R-HSA-8849468;reactome:R-HSA-8849469;reactome:R-HSA-8849470;reactome:R-HSA-8849471;reactome:R-HSA-8849472;reactome:R-HSA-8849474;reactome:R-HSA-8850843;reactome:R-HSA-8851805;reactome:R-HSA-8851907;reactome:R-HSA-8852276;reactome:R-HSA-8852405;reactome:R-HSA-8853336;reactome:R-HSA-8853659;reactome:R-HSA-8854518;reactome:R-HSA-8854691;reactome:R-HSA-8856688;reactome:R-HSA-8856825;reactome:R-HSA-8857538;reactome:R-HSA-8862803;reactome:R-HSA-8863678;reactome:R-HSA-8863795;reactome:R-HSA-8866376;reactome:R-HSA-8874081;reactome:R-HSA-8875360;reactome:R-HSA-8875791;reactome:R-HSA-8875878;reactome:R-HSA-8876198;reactome:R-HSA-8876384;reactome:R-HSA-8876493;reactome:R-HSA-8878159;reactome:R-HSA-8878166;reactome:R-HSA-8934593;reactome:R-HSA-8934903;reactome:R-HSA-8939236;reactome:R-HSA-8939243;reactome:R-HSA-8939902;reactome:R-HSA-8940973;reactome:R-HSA-8941326;reactome:R-HSA-8941332;reactome:R-HSA-8941858;reactome:R-HSA-8943724;reactome:R-HSA-8948751;reactome:R-HSA-8953750;reactome:R-HSA-8955332;reactome:R-HSA-8956319;reactome:R-HSA-8956320;reactome:R-HSA-8956321;reactome:R-HSA-8957275;reactome:R-HSA-8963896;reactome:R-HSA-8963898;reactome:R-HSA-8963899;reactome:R-HSA-8964058;reactome:R-HSA-8964539;reactome:R-HSA-8978934;reactome:R-HSA-8979227;reactome:R-HSA-8982491;reactome:R-HSA-8983432;reactome:R-HSA-8984722;reactome:R-HSA-8985947;reactome:R-HSA-8986944;reactome:R-HSA-9006115;reactome:R-HSA-9006335;reactome:R-HSA-9006927;reactome:R-HSA-9006936;reactome:R-HSA-9007101;reactome:R-HSA-9007892;reactome:R-HSA-9008059;reactome:R-HSA-9009391;reactome:R-HSA-9010642;reactome:R-HSA-9012852;reactome:R-HSA-9013420;reactome:R-HSA-9013507;reactome:R-HSA-9013694;reactome:R-HSA-9013973;reactome:R-HSA-9014325;reactome:R-HSA-9018519;reactome:R-HSA-9020558;reactome:R-HSA-9020591;reactome:R-HSA-9020702;reactome:R-HSA-9020933;reactome:R-HSA-9020956;reactome:R-HSA-9020958;reactome:R-HSA-9022692;reactome:R-HSA-9026519;reactome:R-HSA-9026527;reactome:R-HSA-9027276;reactome:R-HSA-9027277;reactome:R-HSA-9027283;reactome:R-HSA-9027284;reactome:R-HSA-9028335;reactome:R-HSA-9028731;reactome:R-HSA-9031628;reactome:R-HSA-9032500;reactome:R-HSA-9032845;reactome:R-HSA-9033241;reactome:R-HSA-9034015;reactome:R-HSA-9034793;reactome:R-HSA-9034864;reactome:R-HSA-909733;reactome:R-HSA-912526;reactome:R-HSA-912631;reactome:R-HSA-917729;reactome:R-HSA-917937;reactome:R-HSA-917977;reactome:R-HSA-918233;reactome:R-HSA-927802;reactome:R-HSA-933541;reactome:R-HSA-933542;reactome:R-HSA-936837;reactome:R-HSA-936964;reactome:R-HSA-937039;reactome:R-HSA-937042;reactome:R-HSA-937061;reactome:R-HSA-937072;reactome:R-HSA-9603381;reactome:R-HSA-9604323;reactome:R-HSA-9607240;reactome:R-HSA-9609523;reactome:R-HSA-9609736;reactome:R-HSA-9613354;reactome:R-HSA-9614085;reactome:R-HSA-9614399;reactome:R-HSA-9619229;reactome:R-HSA-9619483;reactome:R-HSA-9620244;reactome:R-HSA-9627069;reactome:R-HSA-9633012;reactome:R-HSA-9634285;reactome:R-HSA-9634597;reactome:R-HSA-9634600;reactome:R-HSA-9634635;reactome:R-HSA-9634638;reactome:R-HSA-9634815;reactome:R-HSA-9645135;reactome:R-HSA-9645460;reactome:R-HSA-9645723;reactome:R-HSA-9648002;reactome:R-HSA-9648025;reactome:R-HSA-9648895;reactome:R-HSA-964975;reactome:R-HSA-9649948;reactome:R-HSA-9652169;reactome:R-HSA-9656223;reactome:R-HSA-9659379;reactome:R-HSA-9660821;reactome:R-HSA-9660826;reactome:R-HSA-9662360;reactome:R-HSA-9662361;reactome:R-HSA-9662834;reactome:R-HSA-9663891;reactome:R-HSA-9664323;reactome:R-HSA-9664420;reactome:R-HSA-9664424;reactome:R-HSA-9664565;reactome:R-HSA-9665348;reactome:R-HSA-9665686;reactome:R-HSA-9668328;reactome:R-HSA-9669938;reactome:R-HSA-9670439;reactome:R-HSA-9671555;reactome:R-HSA-9673324;reactome:R-HSA-9673766;reactome:R-HSA-9673767;reactome:R-HSA-9673768;reactome:R-HSA-9673770;reactome:R-HSA-9674555;reactome:R-HSA-9679514;reactome:R-HSA-9680350;reactome:R-HSA-9682385;reactome:R-HSA-9682706;reactome:R-HSA-9683610;reactome:R-HSA-9683701;reactome:R-HSA-9694631;reactome:R-HSA-9694635;reactome:R-HSA-9694682;reactome:R-HSA-9694686;reactome:R-HSA-9700206;reactome:R-HSA-9702518;reactome:R-HSA-9703465;reactome:R-HSA-9703648;reactome:R-HSA-9706019;reactome:R-HSA-9706369;reactome:R-HSA-9707564;reactome:R-HSA-9708530;reactome:R-HSA-9725370;reactome:R-HSA-9725371;reactome:R-HSA-9727281;reactome:R-HSA-9732724;reactome:R-HSA-9734009;reactome:R-HSA-9748787;reactome:R-HSA-9749641;reactome:R-HSA-975110;reactome:R-HSA-975138;reactome:R-HSA-975144;reactome:R-HSA-975155;reactome:R-HSA-975163;reactome:R-HSA-9753281;reactome:R-HSA-9755088;reactome:R-HSA-9755511;reactome:R-HSA-9755779;reactome:R-HSA-9757110;reactome:R-HSA-975871;reactome:R-HSA-9758881;reactome:R-HSA-9758890;reactome:R-HSA-9759194;reactome:R-HSA-975957;reactome:R-HSA-9762114;reactome:R-HSA-9768919;reactome:R-HSA-9772572;reactome:R-HSA-9772573;reactome:R-HSA-9793528;reactome:R-HSA-9816359;reactome:R-HSA-9818027;reactome:R-HSA-9820952;reactome:R-HSA-9820965;reactome:R-HSA-9821993;reactome:R-HSA-982772;reactome:R-HSA-9828806;reactome:R-HSA-983170;reactome:R-HSA-983189;reactome:R-HSA-9833482;reactome:R-HSA-9836573;reactome:R-HSA-983695;reactome:R-HSA-9837999;reactome:R-HSA-9840309;wiki:WP176;wiki:WP1780;wiki:WP1784;wiki:WP1788;wiki:WP1795;wiki:WP1797;wiki:WP1799;wiki:WP1803;wiki:WP1809;wiki:WP1812;wiki:WP1815;wiki:WP1820;wiki:WP1826;wiki:WP1831;wiki:WP1835;wiki:WP1839;wiki:WP1840;wiki:WP1841;wiki:WP1842;wiki:WP1843;wiki:WP1845;wiki:WP1850;wiki:WP1852;wiki:WP1865;wiki:WP1866;wiki:WP1867;wiki:WP1868;wiki:WP1871;wiki:WP1872;wiki:WP1873;wiki:WP1885;wiki:WP1892;wiki:WP1895;wiki:WP1903;wiki:WP1904;wiki:WP1907;wiki:WP1908;wiki:WP1909;wiki:WP1910;wiki:WP1913;wiki:WP1916;wiki:WP1919;wiki:WP1925;wiki:WP1927;wiki:WP1928;wiki:WP1937;wiki:WP1939;wiki:WP1946;wiki:WP1978;wiki:WP1980;wiki:WP2267;wiki:WP2333;wiki:WP2533;wiki:WP2650;wiki:WP2653;wiki:WP2654;wiki:WP2656;wiki:WP2657;wiki:WP2662;wiki:WP2664;wiki:WP2670;wiki:WP2673;wiki:WP2675;wiki:WP2677;wiki:WP2678;wiki:WP2679;wiki:WP2688;wiki:WP2694;wiki:WP2709;wiki:WP2710;wiki:WP2712;wiki:WP2713;wiki:WP2714;wiki:WP2717;wiki:WP2720;wiki:WP2721;wiki:WP2722;wiki:WP2724;wiki:WP2731;wiki:WP2732;wiki:WP2733;wiki:WP2741;wiki:WP2742;wiki:WP2747;wiki:WP2748;wiki:WP2752;wiki:WP2755;wiki:WP2760;wiki:WP2761;wiki:WP2762;wiki:WP2763;wiki:WP2765;wiki:WP2766;wiki:WP2768;wiki:WP2772;wiki:WP2773;wiki:WP2776;wiki:WP2777;wiki:WP2780;wiki:WP2781;wiki:WP2786;wiki:WP2791;wiki:WP2792;wiki:WP2794;wiki:WP2799;wiki:WP2801;wiki:WP2824;wiki:WP3307;wiki:WP3308;wiki:WP3309;wiki:WP3313;wiki:WP3315;wiki:WP3316;wiki:WP3317;wiki:WP3318;wiki:WP3331;wiki:WP3332;wiki:WP3334;wiki:WP3335;wiki:WP3336;wiki:WP3338;wiki:WP3348;wiki:WP3349;wiki:WP3351;wiki:WP3352;wiki:WP3357;wiki:WP3363;wiki:WP3365;wiki:WP3374;wiki:WP3376;wiki:WP3379;wiki:WP3380;wiki:WP3381;wiki:WP3388;wiki:WP3391;wiki:WP3395;wiki:WP3396;wiki:WP3397;wiki:WP3401;wiki:WP3404;wiki:WP3513;wiki:WP3543;wiki:WP3545;wiki:WP3549;wiki:WP3550;wiki:WP3556;wiki:WP3565;wiki:WP3567;wiki:WP3569;wiki:WP3575;wiki:WP3578;wiki:WP3579;wiki:WP3656;wiki:WP3795;wiki:WP3798;wiki:WP3802;wiki:WP3804;wiki:WP3806;wiki:WP3807;wiki:WP3808;wiki:WP3810;wiki:WP3811;wiki:WP3816;wiki:WP3817;wiki:WP3818;wiki:WP3823;wiki:WP3827;wiki:WP3828;wiki:WP3838;wiki:WP3933;wiki:WP3953;wiki:WP4034;wiki:WP4039;wiki:WP4042;wiki:WP4050;wiki:WP4052;wiki:WP4058;wiki:WP4059;wiki:WP4061;wiki:WP4063;wiki:WP4065;wiki:WP4066;wiki:WP4068;wiki:WP4070;wiki:WP4072;wiki:WP4074;wiki:WP4075;wiki:WP4082;wiki:WP4083;wiki:WP4084;wiki:WP4093;wiki:WP4095;wiki:WP4097;wiki:WP4101;wiki:WP4107;wiki:WP4109;wiki:WP4110;wiki:WP4114;wiki:WP4115;wiki:WP4117;wiki:WP4119;wiki:WP4120;wiki:WP4122;wiki:WP4126;wiki:WP4129;wiki:WP4131;wiki:WP4195;wiki:WP4224;wiki:WP4236;wiki:WP4321;wiki:WP4404;wiki:WP4409;wiki:WP4413;wiki:WP4414;wiki:WP4415;wiki:WP4421;wiki:WP4422;wiki:WP4428;wiki:WP4430;wiki:WP4431;wiki:WP4432;wiki:WP4436;wiki:WP4437;wiki:WP4441;wiki:WP4442;wiki:WP4443;wiki:WP4448;wiki:WP4452;wiki:WP4453;wiki:WP4458;wiki:WP4459;wiki:WP4461;wiki:WP4518;wiki:WP4629;wiki:WP466;wiki:WP4725;wiki:WP4726;wiki:WP4792;wiki:WP4900;wiki:WP4905;wiki:WP4932;wiki:WP4950;wiki:WP4971;wiki:WP4973;wiki:WP4974;wiki:WP4975;wiki:WP4977;wiki:WP4978;wiki:WP4982;wiki:WP4983;wiki:WP4985;wiki:WP4988;wiki:WP4990;wiki:WP4992;wiki:WP4998;wiki:WP5002;wiki:WP5005;wiki:WP5007;wiki:WP5008;wiki:WP5013;wiki:WP5016;wiki:WP5020;wiki:WP5021;wiki:WP5022;wiki:WP5047;wiki:WP5090;wiki:WP5179;wiki:WP5190;wiki:WP5283;wiki:WP5313;wiki:WP5314;wiki:WP5346;wiki:WP5408;wiki:WP623;wiki:WP692;wiki:WP78",6022,"CHEBI:16761","HMDB0001341","C00008","58-64-0",3854747.06062852,1756994.66765982,45.5800248375659,8464971.03521865,3720416.58111319,"Amide","Neg",1
"Amide-Neg-000493","Adenosine diphosphate (ADP)","C10 H15 N5 O10 P2",427.02941,64.6,"mzCloud",298,0.71,426.02244,14.07,FALSE,"[M-H]-1","C1=NC(=C2C(=N1)N(C=N2)[C@H]3[C@@H]([C@@H]([C@H](O3)COP(=O)(O)OP(=O)(O)O)O)O)N","XTWYTFMLZFPYCI-KQYNXXCUSA-N","Nucleosides, nucleotides, and analogues","Purine nucleotides","Purine ribonucleotides","kegg:map00020;kegg:map00051;kegg:map00052;kegg:map00100;kegg:map00120;kegg:map00190;kegg:map00250;kegg:map00270;kegg:map00280;kegg:map00330;kegg:map00340;kegg:map00450;kegg:map00480;kegg:map00520;kegg:map00561;kegg:map00562;kegg:map00620;kegg:map00640;kegg:map00670;kegg:map00730;kegg:map00740;kegg:map00760;kegg:map00770;kegg:map00910;kegg:map00920;kegg:map01040;reactome:R-HSA-1059683;reactome:R-HSA-109606;reactome:R-HSA-109703;reactome:R-HSA-109704;reactome:R-HSA-110056;reactome:R-HSA-110313;reactome:R-HSA-110320;reactome:R-HSA-111446;reactome:R-HSA-111447;reactome:R-HSA-111458;reactome:R-HSA-111459;reactome:R-HSA-111461;reactome:R-HSA-111471;reactome:R-HSA-111885;reactome:R-HSA-111931;reactome:R-HSA-111932;reactome:R-HSA-111933;reactome:R-HSA-111995;reactome:R-HSA-111996;reactome:R-HSA-111997;reactome:R-HSA-112040;reactome:R-HSA-112043;reactome:R-HSA-112310;reactome:R-HSA-112313;reactome:R-HSA-112382;reactome:R-HSA-112399;reactome:R-HSA-112409;reactome:R-HSA-112411;reactome:R-HSA-114452;reactome:R-HSA-114508;reactome:R-HSA-114516;reactome:R-HSA-114604;reactome:R-HSA-114608;reactome:R-HSA-1168372;reactome:R-HSA-1169091;reactome:R-HSA-1169092;reactome:R-HSA-1170546;reactome:R-HSA-1181150;reactome:R-HSA-1221632;reactome:R-HSA-1226099;reactome:R-HSA-1227986;reactome:R-HSA-1227990;reactome:R-HSA-1236382;reactome:R-HSA-1236394;reactome:R-HSA-1236974;reactome:R-HSA-1236975;reactome:R-HSA-1250196;reactome:R-HSA-1250342;reactome:R-HSA-1250347;reactome:R-HSA-1251932;reactome:R-HSA-1266695;reactome:R-HSA-1268020;reactome:R-HSA-1295596;reactome:R-HSA-1307965;reactome:R-HSA-1358803;reactome:R-HSA-1369007;reactome:R-HSA-1369062;reactome:R-HSA-139910;reactome:R-HSA-1433557;reactome:R-HSA-1433559;reactome:R-HSA-1445148;reactome:R-HSA-1474151;reactome:R-HSA-1474165;reactome:R-HSA-1483191;reactome:R-HSA-1483213;reactome:R-HSA-1483248;reactome:R-HSA-1483249;reactome:R-HSA-1483255;reactome:R-HSA-1489509;reactome:R-HSA-1500620;reactome:R-HSA-1502540;reactome:R-HSA-1538133;reactome:R-HSA-156584;reactome:R-HSA-156590;reactome:R-HSA-156711;reactome:R-HSA-156827;reactome:R-HSA-157579;reactome:R-HSA-157858;reactome:R-HSA-1592230;reactome:R-HSA-159236;reactome:R-HSA-159418;reactome:R-HSA-1606322;reactome:R-HSA-1606341;reactome:R-HSA-162658;reactome:R-HSA-163210;reactome:R-HSA-1632852;reactome:R-HSA-163358;reactome:R-HSA-163560;reactome:R-HSA-163680;reactome:R-HSA-163841;reactome:R-HSA-1643713;reactome:R-HSA-165158;reactome:R-HSA-165159;reactome:R-HSA-165160;reactome:R-HSA-165181;reactome:R-HSA-1660499;reactome:R-HSA-1660514;reactome:R-HSA-1660516;reactome:R-HSA-1660517;reactome:R-HSA-166058;reactome:R-HSA-1660661;reactome:R-HSA-1660662;reactome:R-HSA-166166;reactome:R-HSA-166187;reactome:R-HSA-166208;reactome:R-HSA-166520;reactome:R-HSA-167021;reactome:R-HSA-167044;reactome:R-HSA-167152;reactome:R-HSA-167160;reactome:R-HSA-167169;reactome:R-HSA-167172;reactome:R-HSA-167200;reactome:R-HSA-167246;reactome:R-HSA-167827;reactome:R-HSA-1679131;reactome:R-HSA-168138;reactome:R-HSA-168142;reactome:R-HSA-168164;reactome:R-HSA-168176;reactome:R-HSA-168179;reactome:R-HSA-168181;reactome:R-HSA-168188;reactome:R-HSA-168638;reactome:R-HSA-168643;reactome:R-HSA-168928;reactome:R-HSA-169893;reactome:R-HSA-170145;reactome:R-HSA-170834;reactome:R-HSA-170968;reactome:R-HSA-170984;reactome:R-HSA-171007;reactome:R-HSA-171319;reactome:R-HSA-174143;reactome:R-HSA-174362;reactome:R-HSA-174403;reactome:R-HSA-174411;reactome:R-HSA-174414;reactome:R-HSA-174417;reactome:R-HSA-174824;reactome:R-HSA-176187;reactome:R-HSA-176408;reactome:R-HSA-176417;reactome:R-HSA-177929;reactome:R-HSA-180024;reactome:R-HSA-180292;reactome:R-HSA-180336;reactome:R-HSA-180786;reactome:R-HSA-1810476;reactome:R-HSA-181429;reactome:R-HSA-181430;reactome:R-HSA-181438;reactome:R-HSA-182971;reactome:R-HSA-1834941;reactome:R-HSA-1834949;reactome:R-HSA-1839117;reactome:R-HSA-1839120;reactome:R-HSA-1839122;reactome:R-HSA-1839124;reactome:R-HSA-1839126;reactome:R-HSA-1839130;reactome:R-HSA-1855167;reactome:R-HSA-1855191;reactome:R-HSA-1855204;reactome:R-HSA-186712;reactome:R-HSA-186763;reactome:R-HSA-186797;reactome:R-HSA-187015;reactome:R-HSA-187024;reactome:R-HSA-187037;reactome:R-HSA-187577;reactome:R-HSA-187687;reactome:R-HSA-189445;reactome:R-HSA-189451;reactome:R-HSA-189483;reactome:R-HSA-190236;reactome:R-HSA-190239;reactome:R-HSA-190241;reactome:R-HSA-190242;reactome:R-HSA-190322;reactome:R-HSA-190370;reactome:R-HSA-190371;reactome:R-HSA-190372;reactome:R-HSA-190373;reactome:R-HSA-190374;reactome:R-HSA-190375;reactome:R-HSA-190377;reactome:R-HSA-1912408;reactome:R-HSA-1912422;reactome:R-HSA-191273;reactome:R-HSA-191650;reactome:R-HSA-192105;reactome:R-HSA-193368;reactome:R-HSA-193639;reactome:R-HSA-193648;reactome:R-HSA-193704;reactome:R-HSA-194068;reactome:R-HSA-194138;reactome:R-HSA-195253;reactome:R-HSA-196299;reactome:R-HSA-1963642;reactome:R-HSA-196741;reactome:R-HSA-196757;reactome:R-HSA-196783;reactome:R-HSA-196807;reactome:R-HSA-196819;reactome:R-HSA-196843;reactome:R-HSA-197264;reactome:R-HSA-1980143;reactome:R-HSA-198203;reactome:R-HSA-198323;reactome:R-HSA-198693;reactome:R-HSA-198725;reactome:R-HSA-198745;reactome:R-HSA-198753;reactome:R-HSA-199220;reactome:R-HSA-199418;reactome:R-HSA-199920;reactome:R-HSA-199992;reactome:R-HSA-200425;reactome:R-HSA-201451;reactome:R-HSA-201556;reactome:R-HSA-201688;reactome:R-HSA-202131;reactome:R-HSA-2023837;reactome:R-HSA-202403;reactome:R-HSA-202424;reactome:R-HSA-202427;reactome:R-HSA-202430;reactome:R-HSA-202433;reactome:R-HSA-2028269;reactome:R-HSA-2029481;reactome:R-HSA-2029485;reactome:R-HSA-2033514;reactome:R-HSA-2033519;reactome:R-HSA-203615;reactome:R-HSA-204005;reactome:R-HSA-204174;reactome:R-HSA-2046104;reactome:R-HSA-2046105;reactome:R-HSA-2046106;reactome:R-HSA-204998;reactome:R-HSA-205043;reactome:R-HSA-209543;reactome:R-HSA-209560;reactome:R-HSA-210455;reactome:R-HSA-210745;reactome:R-HSA-210990;reactome:R-HSA-210993;reactome:R-HSA-211163;reactome:R-HSA-2122947;reactome:R-HSA-212676;reactome:R-HSA-212718;reactome:R-HSA-2132295;reactome:R-HSA-2142691;reactome:R-HSA-2151201;reactome:R-HSA-2151209;reactome:R-HSA-2161517;reactome:R-HSA-2161522;reactome:R-HSA-2161541;reactome:R-HSA-2172127;reactome:R-HSA-2173789;reactome:R-HSA-2173791;reactome:R-HSA-2173793;reactome:R-HSA-2173795;reactome:R-HSA-2173796;reactome:R-HSA-2219528;reactome:R-HSA-2219530;reactome:R-HSA-2299718;reactome:R-HSA-2404192;reactome:R-HSA-2408550;reactome:R-HSA-2408557;reactome:R-HSA-2424491;reactome:R-HSA-2428924;reactome:R-HSA-2428928;reactome:R-HSA-2428933;reactome:R-HSA-2453902;reactome:R-HSA-2465910;reactome:R-HSA-2500257;reactome:R-HSA-2514853;reactome:R-HSA-2514856;reactome:R-HSA-2514859;reactome:R-HSA-2559580;reactome:R-HSA-2559582;reactome:R-HSA-2559585;reactome:R-HSA-2559586;reactome:R-HSA-2565942;reactome:R-HSA-2586552;reactome:R-HSA-2644602;reactome:R-HSA-2644603;reactome:R-HSA-2644606;reactome:R-HSA-264642;reactome:R-HSA-2672351;reactome:R-HSA-2682334;reactome:R-HSA-2730905;reactome:R-HSA-2871796;reactome:R-HSA-2871809;reactome:R-HSA-2894858;reactome:R-HSA-2894862;reactome:R-HSA-2980766;reactome:R-HSA-2980767;reactome:R-HSA-2995383;reactome:R-HSA-2995410;reactome:R-HSA-3134973;reactome:R-HSA-3214858;reactome:R-HSA-3249367;reactome:R-HSA-3270619;reactome:R-HSA-3299685;reactome:R-HSA-3301854;reactome:R-HSA-3371453;reactome:R-HSA-3371497;reactome:R-HSA-3371556;reactome:R-HSA-3371571;reactome:R-HSA-349425;reactome:R-HSA-354192;reactome:R-HSA-372708;reactome:R-HSA-373752;reactome:R-HSA-373753;reactome:R-HSA-373755;reactome:R-HSA-373760;reactome:R-HSA-375165;reactome:R-HSA-376172;reactome:R-HSA-3769402;reactome:R-HSA-380259;reactome:R-HSA-380284;reactome:R-HSA-380287;reactome:R-HSA-380972;reactome:R-HSA-381042;reactome:R-HSA-381070;reactome:R-HSA-381119;reactome:R-HSA-381426;reactome:R-HSA-382556;reactome:R-HSA-388841;reactome:R-HSA-389356;reactome:R-HSA-389357;reactome:R-HSA-389359;reactome:R-HSA-389513;reactome:R-HSA-389948;reactome:R-HSA-389957;reactome:R-HSA-389958;reactome:R-HSA-389960;reactome:R-HSA-390450;reactome:R-HSA-390466;reactome:R-HSA-390471;reactome:R-HSA-390522;reactome:R-HSA-391160;reactome:R-HSA-391251;reactome:R-HSA-392170;reactome:R-HSA-392451;reactome:R-HSA-392517;reactome:R-HSA-392518;reactome:R-HSA-3928662;reactome:R-HSA-3928663;reactome:R-HSA-3928664;reactome:R-HSA-3928665;reactome:R-HSA-397795;reactome:R-HSA-399719;reactome:R-HSA-399721;reactome:R-HSA-399954;reactome:R-HSA-399955;reactome:R-HSA-399956;reactome:R-HSA-399997;reactome:R-HSA-400253;reactome:R-HSA-400685;reactome:R-HSA-4085001;reactome:R-HSA-4086398;reactome:R-HSA-4086400;reactome:R-HSA-416550;reactome:R-HSA-416572;reactome:R-HSA-416993;reactome:R-HSA-417957;reactome:R-HSA-418038;reactome:R-HSA-418346;reactome:R-HSA-418592;reactome:R-HSA-418597;reactome:R-HSA-418885;reactome:R-HSA-418886;reactome:R-HSA-418889;reactome:R-HSA-418890;reactome:R-HSA-422356;reactome:R-HSA-425397;reactome:R-HSA-428542;reactome:R-HSA-428890;reactome:R-HSA-432040;reactome:R-HSA-432142;reactome:R-HSA-432720;reactome:R-HSA-432722;reactome:R-HSA-437239;reactome:R-HSA-438064;reactome:R-HSA-4419969;reactome:R-HSA-4420097;reactome:R-HSA-442720;reactome:R-HSA-442729;reactome:R-HSA-442742;reactome:R-HSA-442755;reactome:R-HSA-444257;reactome:R-HSA-445095;reactome:R-HSA-445144;reactome:R-HSA-445355;reactome:R-HSA-445717;reactome:R-HSA-445989;reactome:R-HSA-446199;reactome:R-HSA-446210;reactome:R-HSA-446219;reactome:R-HSA-447041;reactome:R-HSA-447043;reactome:R-HSA-447115;reactome:R-HSA-448424;reactome:R-HSA-450282;reactome:R-HSA-450294;reactome:R-HSA-450302;reactome:R-HSA-450321;reactome:R-HSA-450341;reactome:R-HSA-450385;reactome:R-HSA-450513;reactome:R-HSA-450520;reactome:R-HSA-450531;reactome:R-HSA-450604;reactome:R-HSA-451927;reactome:R-HSA-453276;reactome:R-HSA-4608870;reactome:R-HSA-4641262;reactome:R-HSA-499943;reactome:R-HSA-500753;reactome:R-HSA-5099900;reactome:R-HSA-512988;reactome:R-HSA-5173105;reactome:R-HSA-5205647;reactome:R-HSA-5213460;reactome:R-HSA-5218859;reactome:R-HSA-5218920;reactome:R-HSA-5218921;reactome:R-HSA-525793;reactome:R-HSA-5357769;reactome:R-HSA-5357905;reactome:R-HSA-5358346;reactome:R-HSA-5358508;reactome:R-HSA-5358565;reactome:R-HSA-5358606;reactome:R-HSA-5362517;reactome:R-HSA-5362768;reactome:R-HSA-5387390;reactome:R-HSA-5578775;reactome:R-HSA-5607761;reactome:R-HSA-5607764;reactome:R-HSA-5610780;reactome:R-HSA-5610783;reactome:R-HSA-5610785;reactome:R-HSA-5610787;reactome:R-HSA-5619084;reactome:R-HSA-5621480;reactome:R-HSA-5621575;reactome:R-HSA-5625740;reactome:R-HSA-5625886;reactome:R-HSA-5625900;reactome:R-HSA-5627117;reactome:R-HSA-5627123;reactome:R-HSA-5628897;reactome:R-HSA-5632684;reactome:R-HSA-5633008;reactome:R-HSA-5635838;reactome:R-HSA-5637810;reactome:R-HSA-5637812;reactome:R-HSA-5637815;reactome:R-HSA-5652084;reactome:R-HSA-5654219;reactome:R-HSA-5654221;reactome:R-HSA-5654227;reactome:R-HSA-5654228;reactome:R-HSA-5654687;reactome:R-HSA-5654688;reactome:R-HSA-5654689;reactome:R-HSA-5654693;reactome:R-HSA-5654695;reactome:R-HSA-5654696;reactome:R-HSA-5654699;reactome:R-HSA-5654700;reactome:R-HSA-5654704;reactome:R-HSA-5654706;reactome:R-HSA-5654708;reactome:R-HSA-5654710;reactome:R-HSA-5654712;reactome:R-HSA-5654716;reactome:R-HSA-5654719;reactome:R-HSA-5654720;reactome:R-HSA-5654726;reactome:R-HSA-5654727;reactome:R-HSA-5654732;reactome:R-HSA-5654733;reactome:R-HSA-5654736;reactome:R-HSA-5654738;reactome:R-HSA-5654741;reactome:R-HSA-5654743;reactome:R-HSA-5655253;reactome:R-HSA-5655291;reactome:R-HSA-5655302;reactome:R-HSA-5655332;reactome:R-HSA-5661270;reactome:R-HSA-5663213;reactome:R-HSA-5663220;reactome:R-HSA-5668541;reactome:R-HSA-5668599;reactome:R-HSA-5673000;reactome:R-HSA-5674135;reactome:R-HSA-5674400;reactome:R-HSA-5674499;reactome:R-HSA-5675221;reactome:R-HSA-5676590;reactome:R-HSA-5678895;reactome:R-HSA-5683826;reactome:R-HSA-5684264;reactome:R-HSA-5685938;reactome:R-HSA-5685942;reactome:R-HSA-5687128;reactome:R-HSA-5689896;reactome:R-HSA-5690714;reactome:R-HSA-5693537;reactome:R-HSA-5693538;reactome:R-HSA-5693548;reactome:R-HSA-5693554;reactome:R-HSA-5693565;reactome:R-HSA-5693567;reactome:R-HSA-5693568;reactome:R-HSA-5693571;reactome:R-HSA-5693579;reactome:R-HSA-5693606;reactome:R-HSA-5693607;reactome:R-HSA-5693616;reactome:R-HSA-5696395;reactome:R-HSA-5696398;reactome:R-HSA-5696399;reactome:R-HSA-6781827;reactome:R-HSA-6782135;reactome:R-HSA-6783310;reactome:R-HSA-6783589;reactome:R-HSA-6783783;reactome:R-HSA-6785807;reactome:R-HSA-6787639;reactome:R-HSA-6790901;reactome:R-HSA-6791312;reactome:R-HSA-6796648;reactome:R-HSA-6802946;reactome:R-HSA-6802948;reactome:R-HSA-6802949;reactome:R-HSA-6802952;reactome:R-HSA-6802955;reactome:R-HSA-6802957;reactome:R-HSA-6803157;reactome:R-HSA-6803204;reactome:R-HSA-6803207;reactome:R-HSA-6803544;reactome:R-HSA-6804115;reactome:R-HSA-6804756;reactome:R-HSA-6804757;reactome:R-HSA-6804758;reactome:R-HSA-6804759;reactome:R-HSA-6804760;reactome:R-HSA-6806003;reactome:R-HSA-6806834;reactome:R-HSA-6806942;reactome:R-HSA-6807004;reactome:R-HSA-6807505;reactome:R-HSA-6807878;reactome:R-HSA-6811436;reactome:R-HSA-6811438;reactome:R-HSA-6811440;reactome:R-HSA-6811555;reactome:R-HSA-6811558;reactome:R-HSA-6814122;reactome:R-HSA-68616;reactome:R-HSA-68867;reactome:R-HSA-68875;reactome:R-HSA-68884;reactome:R-HSA-68911;reactome:R-HSA-68949;reactome:R-HSA-68962;reactome:R-HSA-69002;reactome:R-HSA-69017;reactome:R-HSA-69052;reactome:R-HSA-69091;reactome:R-HSA-69109;reactome:R-HSA-69186;reactome:R-HSA-69190;reactome:R-HSA-69200;reactome:R-HSA-69202;reactome:R-HSA-69206;reactome:R-HSA-69231;reactome:R-HSA-69236;reactome:R-HSA-69239;reactome:R-HSA-69273;reactome:R-HSA-69473;reactome:R-HSA-69478;reactome:R-HSA-69541;reactome:R-HSA-69563;reactome:R-HSA-69580;reactome:R-HSA-69601;reactome:R-HSA-69610;reactome:R-HSA-69613;reactome:R-HSA-69615;reactome:R-HSA-69656;reactome:R-HSA-70171;reactome:R-HSA-70221;reactome:R-HSA-70263;reactome:R-HSA-70268;reactome:R-HSA-70326;reactome:R-HSA-70350;reactome:R-HSA-70370;reactome:R-HSA-70635;reactome:R-HSA-70895;reactome:R-HSA-70921;reactome:R-HSA-71032;reactome:R-HSA-71288;reactome:R-HSA-71336;reactome:R-HSA-71403;reactome:R-HSA-71406;reactome:R-HSA-72202;reactome:R-HSA-72613;reactome:R-HSA-72662;reactome:R-HSA-72702;reactome:R-HSA-72737;reactome:R-HSA-73614;reactome:R-HSA-73621;reactome:R-HSA-73728;reactome:R-HSA-73817;reactome:R-HSA-73854;reactome:R-HSA-73864;reactome:R-HSA-73886;reactome:R-HSA-73893;reactome:R-HSA-74217;reactome:R-HSA-74259;reactome:R-HSA-74713;reactome:R-HSA-74749;reactome:R-HSA-74751;reactome:R-HSA-74752;reactome:R-HSA-75035;reactome:R-HSA-75105;reactome:R-HSA-75109;reactome:R-HSA-75153;reactome:R-HSA-75815;reactome:R-HSA-75893;reactome:R-HSA-75955;reactome:R-HSA-76005;reactome:R-HSA-76009;reactome:R-HSA-76042;reactome:R-HSA-77075;reactome:R-HSA-77289;reactome:R-HSA-83936;reactome:R-HSA-877300;reactome:R-HSA-881907;reactome:R-HSA-8847453;reactome:R-HSA-8847993;reactome:R-HSA-8848021;reactome:R-HSA-8849468;reactome:R-HSA-8849469;reactome:R-HSA-8849470;reactome:R-HSA-8849471;reactome:R-HSA-8849472;reactome:R-HSA-8849474;reactome:R-HSA-8850843;reactome:R-HSA-8851805;reactome:R-HSA-8851907;reactome:R-HSA-8852276;reactome:R-HSA-8852405;reactome:R-HSA-8853336;reactome:R-HSA-8853659;reactome:R-HSA-8854518;reactome:R-HSA-8854691;reactome:R-HSA-8856688;reactome:R-HSA-8856825;reactome:R-HSA-8857538;reactome:R-HSA-8862803;reactome:R-HSA-8863678;reactome:R-HSA-8863795;reactome:R-HSA-8866376;reactome:R-HSA-8874081;reactome:R-HSA-8875360;reactome:R-HSA-8875791;reactome:R-HSA-8875878;reactome:R-HSA-8876198;reactome:R-HSA-8876384;reactome:R-HSA-8876493;reactome:R-HSA-8878159;reactome:R-HSA-8878166;reactome:R-HSA-8934593;reactome:R-HSA-8934903;reactome:R-HSA-8939236;reactome:R-HSA-8939243;reactome:R-HSA-8939902;reactome:R-HSA-8940973;reactome:R-HSA-8941326;reactome:R-HSA-8941332;reactome:R-HSA-8941858;reactome:R-HSA-8943724;reactome:R-HSA-8948751;reactome:R-HSA-8953750;reactome:R-HSA-8955332;reactome:R-HSA-8956319;reactome:R-HSA-8956320;reactome:R-HSA-8956321;reactome:R-HSA-8957275;reactome:R-HSA-8963896;reactome:R-HSA-8963898;reactome:R-HSA-8963899;reactome:R-HSA-8964058;reactome:R-HSA-8964539;reactome:R-HSA-8978934;reactome:R-HSA-8979227;reactome:R-HSA-8982491;reactome:R-HSA-8983432;reactome:R-HSA-8984722;reactome:R-HSA-8985947;reactome:R-HSA-8986944;reactome:R-HSA-9006115;reactome:R-HSA-9006335;reactome:R-HSA-9006927;reactome:R-HSA-9006936;reactome:R-HSA-9007101;reactome:R-HSA-9007892;reactome:R-HSA-9008059;reactome:R-HSA-9009391;reactome:R-HSA-9010642;reactome:R-HSA-9012852;reactome:R-HSA-9013420;reactome:R-HSA-9013507;reactome:R-HSA-9013694;reactome:R-HSA-9013973;reactome:R-HSA-9014325;reactome:R-HSA-9018519;reactome:R-HSA-9020558;reactome:R-HSA-9020591;reactome:R-HSA-9020702;reactome:R-HSA-9020933;reactome:R-HSA-9020956;reactome:R-HSA-9020958;reactome:R-HSA-9022692;reactome:R-HSA-9026519;reactome:R-HSA-9026527;reactome:R-HSA-9027276;reactome:R-HSA-9027277;reactome:R-HSA-9027283;reactome:R-HSA-9027284;reactome:R-HSA-9028335;reactome:R-HSA-9028731;reactome:R-HSA-9031628;reactome:R-HSA-9032500;reactome:R-HSA-9032845;reactome:R-HSA-9033241;reactome:R-HSA-9034015;reactome:R-HSA-9034793;reactome:R-HSA-9034864;reactome:R-HSA-909733;reactome:R-HSA-912526;reactome:R-HSA-912631;reactome:R-HSA-917729;reactome:R-HSA-917937;reactome:R-HSA-917977;reactome:R-HSA-918233;reactome:R-HSA-927802;reactome:R-HSA-933541;reactome:R-HSA-933542;reactome:R-HSA-936837;reactome:R-HSA-936964;reactome:R-HSA-937039;reactome:R-HSA-937042;reactome:R-HSA-937061;reactome:R-HSA-937072;reactome:R-HSA-9603381;reactome:R-HSA-9604323;reactome:R-HSA-9607240;reactome:R-HSA-9609523;reactome:R-HSA-9609736;reactome:R-HSA-9613354;reactome:R-HSA-9614085;reactome:R-HSA-9614399;reactome:R-HSA-9619229;reactome:R-HSA-9619483;reactome:R-HSA-9620244;reactome:R-HSA-9627069;reactome:R-HSA-9633012;reactome:R-HSA-9634285;reactome:R-HSA-9634597;reactome:R-HSA-9634600;reactome:R-HSA-9634635;reactome:R-HSA-9634638;reactome:R-HSA-9634815;reactome:R-HSA-9645135;reactome:R-HSA-9645460;reactome:R-HSA-9645723;reactome:R-HSA-9648002;reactome:R-HSA-9648025;reactome:R-HSA-9648895;reactome:R-HSA-964975;reactome:R-HSA-9649948;reactome:R-HSA-9652169;reactome:R-HSA-9656223;reactome:R-HSA-9659379;reactome:R-HSA-9660821;reactome:R-HSA-9660826;reactome:R-HSA-9662360;reactome:R-HSA-9662361;reactome:R-HSA-9662834;reactome:R-HSA-9663891;reactome:R-HSA-9664323;reactome:R-HSA-9664420;reactome:R-HSA-9664424;reactome:R-HSA-9664565;reactome:R-HSA-9665348;reactome:R-HSA-9665686;reactome:R-HSA-9668328;reactome:R-HSA-9669938;reactome:R-HSA-9670439;reactome:R-HSA-9671555;reactome:R-HSA-9673324;reactome:R-HSA-9673766;reactome:R-HSA-9673767;reactome:R-HSA-9673768;reactome:R-HSA-9673770;reactome:R-HSA-9674555;reactome:R-HSA-9679514;reactome:R-HSA-9680350;reactome:R-HSA-9682385;reactome:R-HSA-9682706;reactome:R-HSA-9683610;reactome:R-HSA-9683701;reactome:R-HSA-9694631;reactome:R-HSA-9694635;reactome:R-HSA-9694682;reactome:R-HSA-9694686;reactome:R-HSA-9700206;reactome:R-HSA-9702518;reactome:R-HSA-9703465;reactome:R-HSA-9703648;reactome:R-HSA-9706019;reactome:R-HSA-9706369;reactome:R-HSA-9707564;reactome:R-HSA-9708530;reactome:R-HSA-9725370;reactome:R-HSA-9725371;reactome:R-HSA-9727281;reactome:R-HSA-9732724;reactome:R-HSA-9734009;reactome:R-HSA-9748787;reactome:R-HSA-9749641;reactome:R-HSA-975110;reactome:R-HSA-975138;reactome:R-HSA-975144;reactome:R-HSA-975155;reactome:R-HSA-975163;reactome:R-HSA-9753281;reactome:R-HSA-9755088;reactome:R-HSA-9755511;reactome:R-HSA-9755779;reactome:R-HSA-9757110;reactome:R-HSA-975871;reactome:R-HSA-9758881;reactome:R-HSA-9758890;reactome:R-HSA-9759194;reactome:R-HSA-975957;reactome:R-HSA-9762114;reactome:R-HSA-9768919;reactome:R-HSA-9772572;reactome:R-HSA-9772573;reactome:R-HSA-9793528;reactome:R-HSA-9816359;reactome:R-HSA-9818027;reactome:R-HSA-9820952;reactome:R-HSA-9820965;reactome:R-HSA-9821993;reactome:R-HSA-982772;reactome:R-HSA-9828806;reactome:R-HSA-983170;reactome:R-HSA-983189;reactome:R-HSA-9833482;reactome:R-HSA-9836573;reactome:R-HSA-983695;reactome:R-HSA-9837999;reactome:R-HSA-9840309;wiki:WP176;wiki:WP1780;wiki:WP1784;wiki:WP1788;wiki:WP1795;wiki:WP1797;wiki:WP1799;wiki:WP1803;wiki:WP1809;wiki:WP1812;wiki:WP1815;wiki:WP1820;wiki:WP1826;wiki:WP1831;wiki:WP1835;wiki:WP1839;wiki:WP1840;wiki:WP1841;wiki:WP1842;wiki:WP1843;wiki:WP1845;wiki:WP1850;wiki:WP1852;wiki:WP1865;wiki:WP1866;wiki:WP1867;wiki:WP1868;wiki:WP1871;wiki:WP1872;wiki:WP1873;wiki:WP1885;wiki:WP1892;wiki:WP1895;wiki:WP1903;wiki:WP1904;wiki:WP1907;wiki:WP1908;wiki:WP1909;wiki:WP1910;wiki:WP1913;wiki:WP1916;wiki:WP1919;wiki:WP1925;wiki:WP1927;wiki:WP1928;wiki:WP1937;wiki:WP1939;wiki:WP1946;wiki:WP1978;wiki:WP1980;wiki:WP2267;wiki:WP2333;wiki:WP2533;wiki:WP2650;wiki:WP2653;wiki:WP2654;wiki:WP2656;wiki:WP2657;wiki:WP2662;wiki:WP2664;wiki:WP2670;wiki:WP2673;wiki:WP2675;wiki:WP2677;wiki:WP2678;wiki:WP2679;wiki:WP2688;wiki:WP2694;wiki:WP2709;wiki:WP2710;wiki:WP2712;wiki:WP2713;wiki:WP2714;wiki:WP2717;wiki:WP2720;wiki:WP2721;wiki:WP2722;wiki:WP2724;wiki:WP2731;wiki:WP2732;wiki:WP2733;wiki:WP2741;wiki:WP2742;wiki:WP2747;wiki:WP2748;wiki:WP2752;wiki:WP2755;wiki:WP2760;wiki:WP2761;wiki:WP2762;wiki:WP2763;wiki:WP2765;wiki:WP2766;wiki:WP2768;wiki:WP2772;wiki:WP2773;wiki:WP2776;wiki:WP2777;wiki:WP2780;wiki:WP2781;wiki:WP2786;wiki:WP2791;wiki:WP2792;wiki:WP2794;wiki:WP2799;wiki:WP2801;wiki:WP2824;wiki:WP3307;wiki:WP3308;wiki:WP3309;wiki:WP3313;wiki:WP3315;wiki:WP3316;wiki:WP3317;wiki:WP3318;wiki:WP3331;wiki:WP3332;wiki:WP3334;wiki:WP3335;wiki:WP3336;wiki:WP3338;wiki:WP3348;wiki:WP3349;wiki:WP3351;wiki:WP3352;wiki:WP3357;wiki:WP3363;wiki:WP3365;wiki:WP3374;wiki:WP3376;wiki:WP3379;wiki:WP3380;wiki:WP3381;wiki:WP3388;wiki:WP3391;wiki:WP3395;wiki:WP3396;wiki:WP3397;wiki:WP3401;wiki:WP3404;wiki:WP3513;wiki:WP3543;wiki:WP3545;wiki:WP3549;wiki:WP3550;wiki:WP3556;wiki:WP3565;wiki:WP3567;wiki:WP3569;wiki:WP3575;wiki:WP3578;wiki:WP3579;wiki:WP3656;wiki:WP3795;wiki:WP3798;wiki:WP3802;wiki:WP3804;wiki:WP3806;wiki:WP3807;wiki:WP3808;wiki:WP3810;wiki:WP3811;wiki:WP3816;wiki:WP3817;wiki:WP3818;wiki:WP3823;wiki:WP3827;wiki:WP3828;wiki:WP3838;wiki:WP3933;wiki:WP3953;wiki:WP4034;wiki:WP4039;wiki:WP4042;wiki:WP4050;wiki:WP4052;wiki:WP4058;wiki:WP4059;wiki:WP4061;wiki:WP4063;wiki:WP4065;wiki:WP4066;wiki:WP4068;wiki:WP4070;wiki:WP4072;wiki:WP4074;wiki:WP4075;wiki:WP4082;wiki:WP4083;wiki:WP4084;wiki:WP4093;wiki:WP4095;wiki:WP4097;wiki:WP4101;wiki:WP4107;wiki:WP4109;wiki:WP4110;wiki:WP4114;wiki:WP4115;wiki:WP4117;wiki:WP4119;wiki:WP4120;wiki:WP4122;wiki:WP4126;wiki:WP4129;wiki:WP4131;wiki:WP4195;wiki:WP4224;wiki:WP4236;wiki:WP4321;wiki:WP4404;wiki:WP4409;wiki:WP4413;wiki:WP4414;wiki:WP4415;wiki:WP4421;wiki:WP4422;wiki:WP4428;wiki:WP4430;wiki:WP4431;wiki:WP4432;wiki:WP4436;wiki:WP4437;wiki:WP4441;wiki:WP4442;wiki:WP4443;wiki:WP4448;wiki:WP4452;wiki:WP4453;wiki:WP4458;wiki:WP4459;wiki:WP4461;wiki:WP4518;wiki:WP4629;wiki:WP466;wiki:WP4725;wiki:WP4726;wiki:WP4792;wiki:WP4900;wiki:WP4905;wiki:WP4932;wiki:WP4950;wiki:WP4971;wiki:WP4973;wiki:WP4974;wiki:WP4975;wiki:WP4977;wiki:WP4978;wiki:WP4982;wiki:WP4983;wiki:WP4985;wiki:WP4988;wiki:WP4990;wiki:WP4992;wiki:WP4998;wiki:WP5002;wiki:WP5005;wiki:WP5007;wiki:WP5008;wiki:WP5013;wiki:WP5016;wiki:WP5020;wiki:WP5021;wiki:WP5022;wiki:WP5047;wiki:WP5090;wiki:WP5179;wiki:WP5190;wiki:WP5283;wiki:WP5313;wiki:WP5314;wiki:WP5346;wiki:WP5408;wiki:WP623;wiki:WP692;wiki:WP78",6022,"CHEBI:16761","HMDB0001341","C00008","58-64-0",507983.342679698,231033.864827007,45.4805985582646,908191.085681094,495806.798310805,"Amide","Neg",1
"Amide-Pos-000111","Adenosine diphosphate (ADP)","C10 H15 N5 O10 P2",427.02941,90.6,"mzCloud",298,-1.26,428.03616,13.613,FALSE,"[M+H]+1","C1=NC(=C2C(=N1)N(C=N2)[C@H]3[C@@H]([C@@H]([C@H](O3)COP(=O)(O)OP(=O)(O)O)O)O)N","XTWYTFMLZFPYCI-KQYNXXCUSA-N","Nucleosides, nucleotides, and analogues","Purine nucleotides","Purine ribonucleotides","kegg:map00020;kegg:map00051;kegg:map00052;kegg:map00100;kegg:map00120;kegg:map00190;kegg:map00250;kegg:map00270;kegg:map00280;kegg:map00330;kegg:map00340;kegg:map00450;kegg:map00480;kegg:map00520;kegg:map00561;kegg:map00562;kegg:map00620;kegg:map00640;kegg:map00670;kegg:map00730;kegg:map00740;kegg:map00760;kegg:map00770;kegg:map00910;kegg:map00920;kegg:map01040;reactome:R-HSA-1059683;reactome:R-HSA-109606;reactome:R-HSA-109703;reactome:R-HSA-109704;reactome:R-HSA-110056;reactome:R-HSA-110313;reactome:R-HSA-110320;reactome:R-HSA-111446;reactome:R-HSA-111447;reactome:R-HSA-111458;reactome:R-HSA-111459;reactome:R-HSA-111461;reactome:R-HSA-111471;reactome:R-HSA-111885;reactome:R-HSA-111931;reactome:R-HSA-111932;reactome:R-HSA-111933;reactome:R-HSA-111995;reactome:R-HSA-111996;reactome:R-HSA-111997;reactome:R-HSA-112040;reactome:R-HSA-112043;reactome:R-HSA-112310;reactome:R-HSA-112313;reactome:R-HSA-112382;reactome:R-HSA-112399;reactome:R-HSA-112409;reactome:R-HSA-112411;reactome:R-HSA-114452;reactome:R-HSA-114508;reactome:R-HSA-114516;reactome:R-HSA-114604;reactome:R-HSA-114608;reactome:R-HSA-1168372;reactome:R-HSA-1169091;reactome:R-HSA-1169092;reactome:R-HSA-1170546;reactome:R-HSA-1181150;reactome:R-HSA-1221632;reactome:R-HSA-1226099;reactome:R-HSA-1227986;reactome:R-HSA-1227990;reactome:R-HSA-1236382;reactome:R-HSA-1236394;reactome:R-HSA-1236974;reactome:R-HSA-1236975;reactome:R-HSA-1250196;reactome:R-HSA-1250342;reactome:R-HSA-1250347;reactome:R-HSA-1251932;reactome:R-HSA-1266695;reactome:R-HSA-1268020;reactome:R-HSA-1295596;reactome:R-HSA-1307965;reactome:R-HSA-1358803;reactome:R-HSA-1369007;reactome:R-HSA-1369062;reactome:R-HSA-139910;reactome:R-HSA-1433557;reactome:R-HSA-1433559;reactome:R-HSA-1445148;reactome:R-HSA-1474151;reactome:R-HSA-1474165;reactome:R-HSA-1483191;reactome:R-HSA-1483213;reactome:R-HSA-1483248;reactome:R-HSA-1483249;reactome:R-HSA-1483255;reactome:R-HSA-1489509;reactome:R-HSA-1500620;reactome:R-HSA-1502540;reactome:R-HSA-1538133;reactome:R-HSA-156584;reactome:R-HSA-156590;reactome:R-HSA-156711;reactome:R-HSA-156827;reactome:R-HSA-157579;reactome:R-HSA-157858;reactome:R-HSA-1592230;reactome:R-HSA-159236;reactome:R-HSA-159418;reactome:R-HSA-1606322;reactome:R-HSA-1606341;reactome:R-HSA-162658;reactome:R-HSA-163210;reactome:R-HSA-1632852;reactome:R-HSA-163358;reactome:R-HSA-163560;reactome:R-HSA-163680;reactome:R-HSA-163841;reactome:R-HSA-1643713;reactome:R-HSA-165158;reactome:R-HSA-165159;reactome:R-HSA-165160;reactome:R-HSA-165181;reactome:R-HSA-1660499;reactome:R-HSA-1660514;reactome:R-HSA-1660516;reactome:R-HSA-1660517;reactome:R-HSA-166058;reactome:R-HSA-1660661;reactome:R-HSA-1660662;reactome:R-HSA-166166;reactome:R-HSA-166187;reactome:R-HSA-166208;reactome:R-HSA-166520;reactome:R-HSA-167021;reactome:R-HSA-167044;reactome:R-HSA-167152;reactome:R-HSA-167160;reactome:R-HSA-167169;reactome:R-HSA-167172;reactome:R-HSA-167200;reactome:R-HSA-167246;reactome:R-HSA-167827;reactome:R-HSA-1679131;reactome:R-HSA-168138;reactome:R-HSA-168142;reactome:R-HSA-168164;reactome:R-HSA-168176;reactome:R-HSA-168179;reactome:R-HSA-168181;reactome:R-HSA-168188;reactome:R-HSA-168638;reactome:R-HSA-168643;reactome:R-HSA-168928;reactome:R-HSA-169893;reactome:R-HSA-170145;reactome:R-HSA-170834;reactome:R-HSA-170968;reactome:R-HSA-170984;reactome:R-HSA-171007;reactome:R-HSA-171319;reactome:R-HSA-174143;reactome:R-HSA-174362;reactome:R-HSA-174403;reactome:R-HSA-174411;reactome:R-HSA-174414;reactome:R-HSA-174417;reactome:R-HSA-174824;reactome:R-HSA-176187;reactome:R-HSA-176408;reactome:R-HSA-176417;reactome:R-HSA-177929;reactome:R-HSA-180024;reactome:R-HSA-180292;reactome:R-HSA-180336;reactome:R-HSA-180786;reactome:R-HSA-1810476;reactome:R-HSA-181429;reactome:R-HSA-181430;reactome:R-HSA-181438;reactome:R-HSA-182971;reactome:R-HSA-1834941;reactome:R-HSA-1834949;reactome:R-HSA-1839117;reactome:R-HSA-1839120;reactome:R-HSA-1839122;reactome:R-HSA-1839124;reactome:R-HSA-1839126;reactome:R-HSA-1839130;reactome:R-HSA-1855167;reactome:R-HSA-1855191;reactome:R-HSA-1855204;reactome:R-HSA-186712;reactome:R-HSA-186763;reactome:R-HSA-186797;reactome:R-HSA-187015;reactome:R-HSA-187024;reactome:R-HSA-187037;reactome:R-HSA-187577;reactome:R-HSA-187687;reactome:R-HSA-189445;reactome:R-HSA-189451;reactome:R-HSA-189483;reactome:R-HSA-190236;reactome:R-HSA-190239;reactome:R-HSA-190241;reactome:R-HSA-190242;reactome:R-HSA-190322;reactome:R-HSA-190370;reactome:R-HSA-190371;reactome:R-HSA-190372;reactome:R-HSA-190373;reactome:R-HSA-190374;reactome:R-HSA-190375;reactome:R-HSA-190377;reactome:R-HSA-1912408;reactome:R-HSA-1912422;reactome:R-HSA-191273;reactome:R-HSA-191650;reactome:R-HSA-192105;reactome:R-HSA-193368;reactome:R-HSA-193639;reactome:R-HSA-193648;reactome:R-HSA-193704;reactome:R-HSA-194068;reactome:R-HSA-194138;reactome:R-HSA-195253;reactome:R-HSA-196299;reactome:R-HSA-1963642;reactome:R-HSA-196741;reactome:R-HSA-196757;reactome:R-HSA-196783;reactome:R-HSA-196807;reactome:R-HSA-196819;reactome:R-HSA-196843;reactome:R-HSA-197264;reactome:R-HSA-1980143;reactome:R-HSA-198203;reactome:R-HSA-198323;reactome:R-HSA-198693;reactome:R-HSA-198725;reactome:R-HSA-198745;reactome:R-HSA-198753;reactome:R-HSA-199220;reactome:R-HSA-199418;reactome:R-HSA-199920;reactome:R-HSA-199992;reactome:R-HSA-200425;reactome:R-HSA-201451;reactome:R-HSA-201556;reactome:R-HSA-201688;reactome:R-HSA-202131;reactome:R-HSA-2023837;reactome:R-HSA-202403;reactome:R-HSA-202424;reactome:R-HSA-202427;reactome:R-HSA-202430;reactome:R-HSA-202433;reactome:R-HSA-2028269;reactome:R-HSA-2029481;reactome:R-HSA-2029485;reactome:R-HSA-2033514;reactome:R-HSA-2033519;reactome:R-HSA-203615;reactome:R-HSA-204005;reactome:R-HSA-204174;reactome:R-HSA-2046104;reactome:R-HSA-2046105;reactome:R-HSA-2046106;reactome:R-HSA-204998;reactome:R-HSA-205043;reactome:R-HSA-209543;reactome:R-HSA-209560;reactome:R-HSA-210455;reactome:R-HSA-210745;reactome:R-HSA-210990;reactome:R-HSA-210993;reactome:R-HSA-211163;reactome:R-HSA-2122947;reactome:R-HSA-212676;reactome:R-HSA-212718;reactome:R-HSA-2132295;reactome:R-HSA-2142691;reactome:R-HSA-2151201;reactome:R-HSA-2151209;reactome:R-HSA-2161517;reactome:R-HSA-2161522;reactome:R-HSA-2161541;reactome:R-HSA-2172127;reactome:R-HSA-2173789;reactome:R-HSA-2173791;reactome:R-HSA-2173793;reactome:R-HSA-2173795;reactome:R-HSA-2173796;reactome:R-HSA-2219528;reactome:R-HSA-2219530;reactome:R-HSA-2299718;reactome:R-HSA-2404192;reactome:R-HSA-2408550;reactome:R-HSA-2408557;reactome:R-HSA-2424491;reactome:R-HSA-2428924;reactome:R-HSA-2428928;reactome:R-HSA-2428933;reactome:R-HSA-2453902;reactome:R-HSA-2465910;reactome:R-HSA-2500257;reactome:R-HSA-2514853;reactome:R-HSA-2514856;reactome:R-HSA-2514859;reactome:R-HSA-2559580;reactome:R-HSA-2559582;reactome:R-HSA-2559585;reactome:R-HSA-2559586;reactome:R-HSA-2565942;reactome:R-HSA-2586552;reactome:R-HSA-2644602;reactome:R-HSA-2644603;reactome:R-HSA-2644606;reactome:R-HSA-264642;reactome:R-HSA-2672351;reactome:R-HSA-2682334;reactome:R-HSA-2730905;reactome:R-HSA-2871796;reactome:R-HSA-2871809;reactome:R-HSA-2894858;reactome:R-HSA-2894862;reactome:R-HSA-2980766;reactome:R-HSA-2980767;reactome:R-HSA-2995383;reactome:R-HSA-2995410;reactome:R-HSA-3134973;reactome:R-HSA-3214858;reactome:R-HSA-3249367;reactome:R-HSA-3270619;reactome:R-HSA-3299685;reactome:R-HSA-3301854;reactome:R-HSA-3371453;reactome:R-HSA-3371497;reactome:R-HSA-3371556;reactome:R-HSA-3371571;reactome:R-HSA-349425;reactome:R-HSA-354192;reactome:R-HSA-372708;reactome:R-HSA-373752;reactome:R-HSA-373753;reactome:R-HSA-373755;reactome:R-HSA-373760;reactome:R-HSA-375165;reactome:R-HSA-376172;reactome:R-HSA-3769402;reactome:R-HSA-380259;reactome:R-HSA-380284;reactome:R-HSA-380287;reactome:R-HSA-380972;reactome:R-HSA-381042;reactome:R-HSA-381070;reactome:R-HSA-381119;reactome:R-HSA-381426;reactome:R-HSA-382556;reactome:R-HSA-388841;reactome:R-HSA-389356;reactome:R-HSA-389357;reactome:R-HSA-389359;reactome:R-HSA-389513;reactome:R-HSA-389948;reactome:R-HSA-389957;reactome:R-HSA-389958;reactome:R-HSA-389960;reactome:R-HSA-390450;reactome:R-HSA-390466;reactome:R-HSA-390471;reactome:R-HSA-390522;reactome:R-HSA-391160;reactome:R-HSA-391251;reactome:R-HSA-392170;reactome:R-HSA-392451;reactome:R-HSA-392517;reactome:R-HSA-392518;reactome:R-HSA-3928662;reactome:R-HSA-3928663;reactome:R-HSA-3928664;reactome:R-HSA-3928665;reactome:R-HSA-397795;reactome:R-HSA-399719;reactome:R-HSA-399721;reactome:R-HSA-399954;reactome:R-HSA-399955;reactome:R-HSA-399956;reactome:R-HSA-399997;reactome:R-HSA-400253;reactome:R-HSA-400685;reactome:R-HSA-4085001;reactome:R-HSA-4086398;reactome:R-HSA-4086400;reactome:R-HSA-416550;reactome:R-HSA-416572;reactome:R-HSA-416993;reactome:R-HSA-417957;reactome:R-HSA-418038;reactome:R-HSA-418346;reactome:R-HSA-418592;reactome:R-HSA-418597;reactome:R-HSA-418885;reactome:R-HSA-418886;reactome:R-HSA-418889;reactome:R-HSA-418890;reactome:R-HSA-422356;reactome:R-HSA-425397;reactome:R-HSA-428542;reactome:R-HSA-428890;reactome:R-HSA-432040;reactome:R-HSA-432142;reactome:R-HSA-432720;reactome:R-HSA-432722;reactome:R-HSA-437239;reactome:R-HSA-438064;reactome:R-HSA-4419969;reactome:R-HSA-4420097;reactome:R-HSA-442720;reactome:R-HSA-442729;reactome:R-HSA-442742;reactome:R-HSA-442755;reactome:R-HSA-444257;reactome:R-HSA-445095;reactome:R-HSA-445144;reactome:R-HSA-445355;reactome:R-HSA-445717;reactome:R-HSA-445989;reactome:R-HSA-446199;reactome:R-HSA-446210;reactome:R-HSA-446219;reactome:R-HSA-447041;reactome:R-HSA-447043;reactome:R-HSA-447115;reactome:R-HSA-448424;reactome:R-HSA-450282;reactome:R-HSA-450294;reactome:R-HSA-450302;reactome:R-HSA-450321;reactome:R-HSA-450341;reactome:R-HSA-450385;reactome:R-HSA-450513;reactome:R-HSA-450520;reactome:R-HSA-450531;reactome:R-HSA-450604;reactome:R-HSA-451927;reactome:R-HSA-453276;reactome:R-HSA-4608870;reactome:R-HSA-4641262;reactome:R-HSA-499943;reactome:R-HSA-500753;reactome:R-HSA-5099900;reactome:R-HSA-512988;reactome:R-HSA-5173105;reactome:R-HSA-5205647;reactome:R-HSA-5213460;reactome:R-HSA-5218859;reactome:R-HSA-5218920;reactome:R-HSA-5218921;reactome:R-HSA-525793;reactome:R-HSA-5357769;reactome:R-HSA-5357905;reactome:R-HSA-5358346;reactome:R-HSA-5358508;reactome:R-HSA-5358565;reactome:R-HSA-5358606;reactome:R-HSA-5362517;reactome:R-HSA-5362768;reactome:R-HSA-5387390;reactome:R-HSA-5578775;reactome:R-HSA-5607761;reactome:R-HSA-5607764;reactome:R-HSA-5610780;reactome:R-HSA-5610783;reactome:R-HSA-5610785;reactome:R-HSA-5610787;reactome:R-HSA-5619084;reactome:R-HSA-5621480;reactome:R-HSA-5621575;reactome:R-HSA-5625740;reactome:R-HSA-5625886;reactome:R-HSA-5625900;reactome:R-HSA-5627117;reactome:R-HSA-5627123;reactome:R-HSA-5628897;reactome:R-HSA-5632684;reactome:R-HSA-5633008;reactome:R-HSA-5635838;reactome:R-HSA-5637810;reactome:R-HSA-5637812;reactome:R-HSA-5637815;reactome:R-HSA-5652084;reactome:R-HSA-5654219;reactome:R-HSA-5654221;reactome:R-HSA-5654227;reactome:R-HSA-5654228;reactome:R-HSA-5654687;reactome:R-HSA-5654688;reactome:R-HSA-5654689;reactome:R-HSA-5654693;reactome:R-HSA-5654695;reactome:R-HSA-5654696;reactome:R-HSA-5654699;reactome:R-HSA-5654700;reactome:R-HSA-5654704;reactome:R-HSA-5654706;reactome:R-HSA-5654708;reactome:R-HSA-5654710;reactome:R-HSA-5654712;reactome:R-HSA-5654716;reactome:R-HSA-5654719;reactome:R-HSA-5654720;reactome:R-HSA-5654726;reactome:R-HSA-5654727;reactome:R-HSA-5654732;reactome:R-HSA-5654733;reactome:R-HSA-5654736;reactome:R-HSA-5654738;reactome:R-HSA-5654741;reactome:R-HSA-5654743;reactome:R-HSA-5655253;reactome:R-HSA-5655291;reactome:R-HSA-5655302;reactome:R-HSA-5655332;reactome:R-HSA-5661270;reactome:R-HSA-5663213;reactome:R-HSA-5663220;reactome:R-HSA-5668541;reactome:R-HSA-5668599;reactome:R-HSA-5673000;reactome:R-HSA-5674135;reactome:R-HSA-5674400;reactome:R-HSA-5674499;reactome:R-HSA-5675221;reactome:R-HSA-5676590;reactome:R-HSA-5678895;reactome:R-HSA-5683826;reactome:R-HSA-5684264;reactome:R-HSA-5685938;reactome:R-HSA-5685942;reactome:R-HSA-5687128;reactome:R-HSA-5689896;reactome:R-HSA-5690714;reactome:R-HSA-5693537;reactome:R-HSA-5693538;reactome:R-HSA-5693548;reactome:R-HSA-5693554;reactome:R-HSA-5693565;reactome:R-HSA-5693567;reactome:R-HSA-5693568;reactome:R-HSA-5693571;reactome:R-HSA-5693579;reactome:R-HSA-5693606;reactome:R-HSA-5693607;reactome:R-HSA-5693616;reactome:R-HSA-5696395;reactome:R-HSA-5696398;reactome:R-HSA-5696399;reactome:R-HSA-6781827;reactome:R-HSA-6782135;reactome:R-HSA-6783310;reactome:R-HSA-6783589;reactome:R-HSA-6783783;reactome:R-HSA-6785807;reactome:R-HSA-6787639;reactome:R-HSA-6790901;reactome:R-HSA-6791312;reactome:R-HSA-6796648;reactome:R-HSA-6802946;reactome:R-HSA-6802948;reactome:R-HSA-6802949;reactome:R-HSA-6802952;reactome:R-HSA-6802955;reactome:R-HSA-6802957;reactome:R-HSA-6803157;reactome:R-HSA-6803204;reactome:R-HSA-6803207;reactome:R-HSA-6803544;reactome:R-HSA-6804115;reactome:R-HSA-6804756;reactome:R-HSA-6804757;reactome:R-HSA-6804758;reactome:R-HSA-6804759;reactome:R-HSA-6804760;reactome:R-HSA-6806003;reactome:R-HSA-6806834;reactome:R-HSA-6806942;reactome:R-HSA-6807004;reactome:R-HSA-6807505;reactome:R-HSA-6807878;reactome:R-HSA-6811436;reactome:R-HSA-6811438;reactome:R-HSA-6811440;reactome:R-HSA-6811555;reactome:R-HSA-6811558;reactome:R-HSA-6814122;reactome:R-HSA-68616;reactome:R-HSA-68867;reactome:R-HSA-68875;reactome:R-HSA-68884;reactome:R-HSA-68911;reactome:R-HSA-68949;reactome:R-HSA-68962;reactome:R-HSA-69002;reactome:R-HSA-69017;reactome:R-HSA-69052;reactome:R-HSA-69091;reactome:R-HSA-69109;reactome:R-HSA-69186;reactome:R-HSA-69190;reactome:R-HSA-69200;reactome:R-HSA-69202;reactome:R-HSA-69206;reactome:R-HSA-69231;reactome:R-HSA-69236;reactome:R-HSA-69239;reactome:R-HSA-69273;reactome:R-HSA-69473;reactome:R-HSA-69478;reactome:R-HSA-69541;reactome:R-HSA-69563;reactome:R-HSA-69580;reactome:R-HSA-69601;reactome:R-HSA-69610;reactome:R-HSA-69613;reactome:R-HSA-69615;reactome:R-HSA-69656;reactome:R-HSA-70171;reactome:R-HSA-70221;reactome:R-HSA-70263;reactome:R-HSA-70268;reactome:R-HSA-70326;reactome:R-HSA-70350;reactome:R-HSA-70370;reactome:R-HSA-70635;reactome:R-HSA-70895;reactome:R-HSA-70921;reactome:R-HSA-71032;reactome:R-HSA-71288;reactome:R-HSA-71336;reactome:R-HSA-71403;reactome:R-HSA-71406;reactome:R-HSA-72202;reactome:R-HSA-72613;reactome:R-HSA-72662;reactome:R-HSA-72702;reactome:R-HSA-72737;reactome:R-HSA-73614;reactome:R-HSA-73621;reactome:R-HSA-73728;reactome:R-HSA-73817;reactome:R-HSA-73854;reactome:R-HSA-73864;reactome:R-HSA-73886;reactome:R-HSA-73893;reactome:R-HSA-74217;reactome:R-HSA-74259;reactome:R-HSA-74713;reactome:R-HSA-74749;reactome:R-HSA-74751;reactome:R-HSA-74752;reactome:R-HSA-75035;reactome:R-HSA-75105;reactome:R-HSA-75109;reactome:R-HSA-75153;reactome:R-HSA-75815;reactome:R-HSA-75893;reactome:R-HSA-75955;reactome:R-HSA-76005;reactome:R-HSA-76009;reactome:R-HSA-76042;reactome:R-HSA-77075;reactome:R-HSA-77289;reactome:R-HSA-83936;reactome:R-HSA-877300;reactome:R-HSA-881907;reactome:R-HSA-8847453;reactome:R-HSA-8847993;reactome:R-HSA-8848021;reactome:R-HSA-8849468;reactome:R-HSA-8849469;reactome:R-HSA-8849470;reactome:R-HSA-8849471;reactome:R-HSA-8849472;reactome:R-HSA-8849474;reactome:R-HSA-8850843;reactome:R-HSA-8851805;reactome:R-HSA-8851907;reactome:R-HSA-8852276;reactome:R-HSA-8852405;reactome:R-HSA-8853336;reactome:R-HSA-8853659;reactome:R-HSA-8854518;reactome:R-HSA-8854691;reactome:R-HSA-8856688;reactome:R-HSA-8856825;reactome:R-HSA-8857538;reactome:R-HSA-8862803;reactome:R-HSA-8863678;reactome:R-HSA-8863795;reactome:R-HSA-8866376;reactome:R-HSA-8874081;reactome:R-HSA-8875360;reactome:R-HSA-8875791;reactome:R-HSA-8875878;reactome:R-HSA-8876198;reactome:R-HSA-8876384;reactome:R-HSA-8876493;reactome:R-HSA-8878159;reactome:R-HSA-8878166;reactome:R-HSA-8934593;reactome:R-HSA-8934903;reactome:R-HSA-8939236;reactome:R-HSA-8939243;reactome:R-HSA-8939902;reactome:R-HSA-8940973;reactome:R-HSA-8941326;reactome:R-HSA-8941332;reactome:R-HSA-8941858;reactome:R-HSA-8943724;reactome:R-HSA-8948751;reactome:R-HSA-8953750;reactome:R-HSA-8955332;reactome:R-HSA-8956319;reactome:R-HSA-8956320;reactome:R-HSA-8956321;reactome:R-HSA-8957275;reactome:R-HSA-8963896;reactome:R-HSA-8963898;reactome:R-HSA-8963899;reactome:R-HSA-8964058;reactome:R-HSA-8964539;reactome:R-HSA-8978934;reactome:R-HSA-8979227;reactome:R-HSA-8982491;reactome:R-HSA-8983432;reactome:R-HSA-8984722;reactome:R-HSA-8985947;reactome:R-HSA-8986944;reactome:R-HSA-9006115;reactome:R-HSA-9006335;reactome:R-HSA-9006927;reactome:R-HSA-9006936;reactome:R-HSA-9007101;reactome:R-HSA-9007892;reactome:R-HSA-9008059;reactome:R-HSA-9009391;reactome:R-HSA-9010642;reactome:R-HSA-9012852;reactome:R-HSA-9013420;reactome:R-HSA-9013507;reactome:R-HSA-9013694;reactome:R-HSA-9013973;reactome:R-HSA-9014325;reactome:R-HSA-9018519;reactome:R-HSA-9020558;reactome:R-HSA-9020591;reactome:R-HSA-9020702;reactome:R-HSA-9020933;reactome:R-HSA-9020956;reactome:R-HSA-9020958;reactome:R-HSA-9022692;reactome:R-HSA-9026519;reactome:R-HSA-9026527;reactome:R-HSA-9027276;reactome:R-HSA-9027277;reactome:R-HSA-9027283;reactome:R-HSA-9027284;reactome:R-HSA-9028335;reactome:R-HSA-9028731;reactome:R-HSA-9031628;reactome:R-HSA-9032500;reactome:R-HSA-9032845;reactome:R-HSA-9033241;reactome:R-HSA-9034015;reactome:R-HSA-9034793;reactome:R-HSA-9034864;reactome:R-HSA-909733;reactome:R-HSA-912526;reactome:R-HSA-912631;reactome:R-HSA-917729;reactome:R-HSA-917937;reactome:R-HSA-917977;reactome:R-HSA-918233;reactome:R-HSA-927802;reactome:R-HSA-933541;reactome:R-HSA-933542;reactome:R-HSA-936837;reactome:R-HSA-936964;reactome:R-HSA-937039;reactome:R-HSA-937042;reactome:R-HSA-937061;reactome:R-HSA-937072;reactome:R-HSA-9603381;reactome:R-HSA-9604323;reactome:R-HSA-9607240;reactome:R-HSA-9609523;reactome:R-HSA-9609736;reactome:R-HSA-9613354;reactome:R-HSA-9614085;reactome:R-HSA-9614399;reactome:R-HSA-9619229;reactome:R-HSA-9619483;reactome:R-HSA-9620244;reactome:R-HSA-9627069;reactome:R-HSA-9633012;reactome:R-HSA-9634285;reactome:R-HSA-9634597;reactome:R-HSA-9634600;reactome:R-HSA-9634635;reactome:R-HSA-9634638;reactome:R-HSA-9634815;reactome:R-HSA-9645135;reactome:R-HSA-9645460;reactome:R-HSA-9645723;reactome:R-HSA-9648002;reactome:R-HSA-9648025;reactome:R-HSA-9648895;reactome:R-HSA-964975;reactome:R-HSA-9649948;reactome:R-HSA-9652169;reactome:R-HSA-9656223;reactome:R-HSA-9659379;reactome:R-HSA-9660821;reactome:R-HSA-9660826;reactome:R-HSA-9662360;reactome:R-HSA-9662361;reactome:R-HSA-9662834;reactome:R-HSA-9663891;reactome:R-HSA-9664323;reactome:R-HSA-9664420;reactome:R-HSA-9664424;reactome:R-HSA-9664565;reactome:R-HSA-9665348;reactome:R-HSA-9665686;reactome:R-HSA-9668328;reactome:R-HSA-9669938;reactome:R-HSA-9670439;reactome:R-HSA-9671555;reactome:R-HSA-9673324;reactome:R-HSA-9673766;reactome:R-HSA-9673767;reactome:R-HSA-9673768;reactome:R-HSA-9673770;reactome:R-HSA-9674555;reactome:R-HSA-9679514;reactome:R-HSA-9680350;reactome:R-HSA-9682385;reactome:R-HSA-9682706;reactome:R-HSA-9683610;reactome:R-HSA-9683701;reactome:R-HSA-9694631;reactome:R-HSA-9694635;reactome:R-HSA-9694682;reactome:R-HSA-9694686;reactome:R-HSA-9700206;reactome:R-HSA-9702518;reactome:R-HSA-9703465;reactome:R-HSA-9703648;reactome:R-HSA-9706019;reactome:R-HSA-9706369;reactome:R-HSA-9707564;reactome:R-HSA-9708530;reactome:R-HSA-9725370;reactome:R-HSA-9725371;reactome:R-HSA-9727281;reactome:R-HSA-9732724;reactome:R-HSA-9734009;reactome:R-HSA-9748787;reactome:R-HSA-9749641;reactome:R-HSA-975110;reactome:R-HSA-975138;reactome:R-HSA-975144;reactome:R-HSA-975155;reactome:R-HSA-975163;reactome:R-HSA-9753281;reactome:R-HSA-9755088;reactome:R-HSA-9755511;reactome:R-HSA-9755779;reactome:R-HSA-9757110;reactome:R-HSA-975871;reactome:R-HSA-9758881;reactome:R-HSA-9758890;reactome:R-HSA-9759194;reactome:R-HSA-975957;reactome:R-HSA-9762114;reactome:R-HSA-9768919;reactome:R-HSA-9772572;reactome:R-HSA-9772573;reactome:R-HSA-9793528;reactome:R-HSA-9816359;reactome:R-HSA-9818027;reactome:R-HSA-9820952;reactome:R-HSA-9820965;reactome:R-HSA-9821993;reactome:R-HSA-982772;reactome:R-HSA-9828806;reactome:R-HSA-983170;reactome:R-HSA-983189;reactome:R-HSA-9833482;reactome:R-HSA-9836573;reactome:R-HSA-983695;reactome:R-HSA-9837999;reactome:R-HSA-9840309;wiki:WP176;wiki:WP1780;wiki:WP1784;wiki:WP1788;wiki:WP1795;wiki:WP1797;wiki:WP1799;wiki:WP1803;wiki:WP1809;wiki:WP1812;wiki:WP1815;wiki:WP1820;wiki:WP1826;wiki:WP1831;wiki:WP1835;wiki:WP1839;wiki:WP1840;wiki:WP1841;wiki:WP1842;wiki:WP1843;wiki:WP1845;wiki:WP1850;wiki:WP1852;wiki:WP1865;wiki:WP1866;wiki:WP1867;wiki:WP1868;wiki:WP1871;wiki:WP1872;wiki:WP1873;wiki:WP1885;wiki:WP1892;wiki:WP1895;wiki:WP1903;wiki:WP1904;wiki:WP1907;wiki:WP1908;wiki:WP1909;wiki:WP1910;wiki:WP1913;wiki:WP1916;wiki:WP1919;wiki:WP1925;wiki:WP1927;wiki:WP1928;wiki:WP1937;wiki:WP1939;wiki:WP1946;wiki:WP1978;wiki:WP1980;wiki:WP2267;wiki:WP2333;wiki:WP2533;wiki:WP2650;wiki:WP2653;wiki:WP2654;wiki:WP2656;wiki:WP2657;wiki:WP2662;wiki:WP2664;wiki:WP2670;wiki:WP2673;wiki:WP2675;wiki:WP2677;wiki:WP2678;wiki:WP2679;wiki:WP2688;wiki:WP2694;wiki:WP2709;wiki:WP2710;wiki:WP2712;wiki:WP2713;wiki:WP2714;wiki:WP2717;wiki:WP2720;wiki:WP2721;wiki:WP2722;wiki:WP2724;wiki:WP2731;wiki:WP2732;wiki:WP2733;wiki:WP2741;wiki:WP2742;wiki:WP2747;wiki:WP2748;wiki:WP2752;wiki:WP2755;wiki:WP2760;wiki:WP2761;wiki:WP2762;wiki:WP2763;wiki:WP2765;wiki:WP2766;wiki:WP2768;wiki:WP2772;wiki:WP2773;wiki:WP2776;wiki:WP2777;wiki:WP2780;wiki:WP2781;wiki:WP2786;wiki:WP2791;wiki:WP2792;wiki:WP2794;wiki:WP2799;wiki:WP2801;wiki:WP2824;wiki:WP3307;wiki:WP3308;wiki:WP3309;wiki:WP3313;wiki:WP3315;wiki:WP3316;wiki:WP3317;wiki:WP3318;wiki:WP3331;wiki:WP3332;wiki:WP3334;wiki:WP3335;wiki:WP3336;wiki:WP3338;wiki:WP3348;wiki:WP3349;wiki:WP3351;wiki:WP3352;wiki:WP3357;wiki:WP3363;wiki:WP3365;wiki:WP3374;wiki:WP3376;wiki:WP3379;wiki:WP3380;wiki:WP3381;wiki:WP3388;wiki:WP3391;wiki:WP3395;wiki:WP3396;wiki:WP3397;wiki:WP3401;wiki:WP3404;wiki:WP3513;wiki:WP3543;wiki:WP3545;wiki:WP3549;wiki:WP3550;wiki:WP3556;wiki:WP3565;wiki:WP3567;wiki:WP3569;wiki:WP3575;wiki:WP3578;wiki:WP3579;wiki:WP3656;wiki:WP3795;wiki:WP3798;wiki:WP3802;wiki:WP3804;wiki:WP3806;wiki:WP3807;wiki:WP3808;wiki:WP3810;wiki:WP3811;wiki:WP3816;wiki:WP3817;wiki:WP3818;wiki:WP3823;wiki:WP3827;wiki:WP3828;wiki:WP3838;wiki:WP3933;wiki:WP3953;wiki:WP4034;wiki:WP4039;wiki:WP4042;wiki:WP4050;wiki:WP4052;wiki:WP4058;wiki:WP4059;wiki:WP4061;wiki:WP4063;wiki:WP4065;wiki:WP4066;wiki:WP4068;wiki:WP4070;wiki:WP4072;wiki:WP4074;wiki:WP4075;wiki:WP4082;wiki:WP4083;wiki:WP4084;wiki:WP4093;wiki:WP4095;wiki:WP4097;wiki:WP4101;wiki:WP4107;wiki:WP4109;wiki:WP4110;wiki:WP4114;wiki:WP4115;wiki:WP4117;wiki:WP4119;wiki:WP4120;wiki:WP4122;wiki:WP4126;wiki:WP4129;wiki:WP4131;wiki:WP4195;wiki:WP4224;wiki:WP4236;wiki:WP4321;wiki:WP4404;wiki:WP4409;wiki:WP4413;wiki:WP4414;wiki:WP4415;wiki:WP4421;wiki:WP4422;wiki:WP4428;wiki:WP4430;wiki:WP4431;wiki:WP4432;wiki:WP4436;wiki:WP4437;wiki:WP4441;wiki:WP4442;wiki:WP4443;wiki:WP4448;wiki:WP4452;wiki:WP4453;wiki:WP4458;wiki:WP4459;wiki:WP4461;wiki:WP4518;wiki:WP4629;wiki:WP466;wiki:WP4725;wiki:WP4726;wiki:WP4792;wiki:WP4900;wiki:WP4905;wiki:WP4932;wiki:WP4950;wiki:WP4971;wiki:WP4973;wiki:WP4974;wiki:WP4975;wiki:WP4977;wiki:WP4978;wiki:WP4982;wiki:WP4983;wiki:WP4985;wiki:WP4988;wiki:WP4990;wiki:WP4992;wiki:WP4998;wiki:WP5002;wiki:WP5005;wiki:WP5007;wiki:WP5008;wiki:WP5013;wiki:WP5016;wiki:WP5020;wiki:WP5021;wiki:WP5022;wiki:WP5047;wiki:WP5090;wiki:WP5179;wiki:WP5190;wiki:WP5283;wiki:WP5313;wiki:WP5314;wiki:WP5346;wiki:WP5408;wiki:WP623;wiki:WP692;wiki:WP78",6022,"CHEBI:16761","HMDB0001341","C00008","58-64-0",24165891.9582424,7667344.15561123,31.7279584335644,37200252.849662,24591957.7320562,"Amide","Pos",1
"Amide-Pos-000450","Adenosine diphosphate (ADP)","C10 H15 N5 O10 P2",427.02941,90.6,"mzCloud",298,-1.23,428.03617,13.766,FALSE,"[M+H]+1","C1=NC(=C2C(=N1)N(C=N2)[C@H]3[C@@H]([C@@H]([C@H](O3)COP(=O)(O)OP(=O)(O)O)O)O)N","XTWYTFMLZFPYCI-KQYNXXCUSA-N","Nucleosides, nucleotides, and analogues","Purine nucleotides","Purine ribonucleotides","kegg:map00020;kegg:map00051;kegg:map00052;kegg:map00100;kegg:map00120;kegg:map00190;kegg:map00250;kegg:map00270;kegg:map00280;kegg:map00330;kegg:map00340;kegg:map00450;kegg:map00480;kegg:map00520;kegg:map00561;kegg:map00562;kegg:map00620;kegg:map00640;kegg:map00670;kegg:map00730;kegg:map00740;kegg:map00760;kegg:map00770;kegg:map00910;kegg:map00920;kegg:map01040;reactome:R-HSA-1059683;reactome:R-HSA-109606;reactome:R-HSA-109703;reactome:R-HSA-109704;reactome:R-HSA-110056;reactome:R-HSA-110313;reactome:R-HSA-110320;reactome:R-HSA-111446;reactome:R-HSA-111447;reactome:R-HSA-111458;reactome:R-HSA-111459;reactome:R-HSA-111461;reactome:R-HSA-111471;reactome:R-HSA-111885;reactome:R-HSA-111931;reactome:R-HSA-111932;reactome:R-HSA-111933;reactome:R-HSA-111995;reactome:R-HSA-111996;reactome:R-HSA-111997;reactome:R-HSA-112040;reactome:R-HSA-112043;reactome:R-HSA-112310;reactome:R-HSA-112313;reactome:R-HSA-112382;reactome:R-HSA-112399;reactome:R-HSA-112409;reactome:R-HSA-112411;reactome:R-HSA-114452;reactome:R-HSA-114508;reactome:R-HSA-114516;reactome:R-HSA-114604;reactome:R-HSA-114608;reactome:R-HSA-1168372;reactome:R-HSA-1169091;reactome:R-HSA-1169092;reactome:R-HSA-1170546;reactome:R-HSA-1181150;reactome:R-HSA-1221632;reactome:R-HSA-1226099;reactome:R-HSA-1227986;reactome:R-HSA-1227990;reactome:R-HSA-1236382;reactome:R-HSA-1236394;reactome:R-HSA-1236974;reactome:R-HSA-1236975;reactome:R-HSA-1250196;reactome:R-HSA-1250342;reactome:R-HSA-1250347;reactome:R-HSA-1251932;reactome:R-HSA-1266695;reactome:R-HSA-1268020;reactome:R-HSA-1295596;reactome:R-HSA-1307965;reactome:R-HSA-1358803;reactome:R-HSA-1369007;reactome:R-HSA-1369062;reactome:R-HSA-139910;reactome:R-HSA-1433557;reactome:R-HSA-1433559;reactome:R-HSA-1445148;reactome:R-HSA-1474151;reactome:R-HSA-1474165;reactome:R-HSA-1483191;reactome:R-HSA-1483213;reactome:R-HSA-1483248;reactome:R-HSA-1483249;reactome:R-HSA-1483255;reactome:R-HSA-1489509;reactome:R-HSA-1500620;reactome:R-HSA-1502540;reactome:R-HSA-1538133;reactome:R-HSA-156584;reactome:R-HSA-156590;reactome:R-HSA-156711;reactome:R-HSA-156827;reactome:R-HSA-157579;reactome:R-HSA-157858;reactome:R-HSA-1592230;reactome:R-HSA-159236;reactome:R-HSA-159418;reactome:R-HSA-1606322;reactome:R-HSA-1606341;reactome:R-HSA-162658;reactome:R-HSA-163210;reactome:R-HSA-1632852;reactome:R-HSA-163358;reactome:R-HSA-163560;reactome:R-HSA-163680;reactome:R-HSA-163841;reactome:R-HSA-1643713;reactome:R-HSA-165158;reactome:R-HSA-165159;reactome:R-HSA-165160;reactome:R-HSA-165181;reactome:R-HSA-1660499;reactome:R-HSA-1660514;reactome:R-HSA-1660516;reactome:R-HSA-1660517;reactome:R-HSA-166058;reactome:R-HSA-1660661;reactome:R-HSA-1660662;reactome:R-HSA-166166;reactome:R-HSA-166187;reactome:R-HSA-166208;reactome:R-HSA-166520;reactome:R-HSA-167021;reactome:R-HSA-167044;reactome:R-HSA-167152;reactome:R-HSA-167160;reactome:R-HSA-167169;reactome:R-HSA-167172;reactome:R-HSA-167200;reactome:R-HSA-167246;reactome:R-HSA-167827;reactome:R-HSA-1679131;reactome:R-HSA-168138;reactome:R-HSA-168142;reactome:R-HSA-168164;reactome:R-HSA-168176;reactome:R-HSA-168179;reactome:R-HSA-168181;reactome:R-HSA-168188;reactome:R-HSA-168638;reactome:R-HSA-168643;reactome:R-HSA-168928;reactome:R-HSA-169893;reactome:R-HSA-170145;reactome:R-HSA-170834;reactome:R-HSA-170968;reactome:R-HSA-170984;reactome:R-HSA-171007;reactome:R-HSA-171319;reactome:R-HSA-174143;reactome:R-HSA-174362;reactome:R-HSA-174403;reactome:R-HSA-174411;reactome:R-HSA-174414;reactome:R-HSA-174417;reactome:R-HSA-174824;reactome:R-HSA-176187;reactome:R-HSA-176408;reactome:R-HSA-176417;reactome:R-HSA-177929;reactome:R-HSA-180024;reactome:R-HSA-180292;reactome:R-HSA-180336;reactome:R-HSA-180786;reactome:R-HSA-1810476;reactome:R-HSA-181429;reactome:R-HSA-181430;reactome:R-HSA-181438;reactome:R-HSA-182971;reactome:R-HSA-1834941;reactome:R-HSA-1834949;reactome:R-HSA-1839117;reactome:R-HSA-1839120;reactome:R-HSA-1839122;reactome:R-HSA-1839124;reactome:R-HSA-1839126;reactome:R-HSA-1839130;reactome:R-HSA-1855167;reactome:R-HSA-1855191;reactome:R-HSA-1855204;reactome:R-HSA-186712;reactome:R-HSA-186763;reactome:R-HSA-186797;reactome:R-HSA-187015;reactome:R-HSA-187024;reactome:R-HSA-187037;reactome:R-HSA-187577;reactome:R-HSA-187687;reactome:R-HSA-189445;reactome:R-HSA-189451;reactome:R-HSA-189483;reactome:R-HSA-190236;reactome:R-HSA-190239;reactome:R-HSA-190241;reactome:R-HSA-190242;reactome:R-HSA-190322;reactome:R-HSA-190370;reactome:R-HSA-190371;reactome:R-HSA-190372;reactome:R-HSA-190373;reactome:R-HSA-190374;reactome:R-HSA-190375;reactome:R-HSA-190377;reactome:R-HSA-1912408;reactome:R-HSA-1912422;reactome:R-HSA-191273;reactome:R-HSA-191650;reactome:R-HSA-192105;reactome:R-HSA-193368;reactome:R-HSA-193639;reactome:R-HSA-193648;reactome:R-HSA-193704;reactome:R-HSA-194068;reactome:R-HSA-194138;reactome:R-HSA-195253;reactome:R-HSA-196299;reactome:R-HSA-1963642;reactome:R-HSA-196741;reactome:R-HSA-196757;reactome:R-HSA-196783;reactome:R-HSA-196807;reactome:R-HSA-196819;reactome:R-HSA-196843;reactome:R-HSA-197264;reactome:R-HSA-1980143;reactome:R-HSA-198203;reactome:R-HSA-198323;reactome:R-HSA-198693;reactome:R-HSA-198725;reactome:R-HSA-198745;reactome:R-HSA-198753;reactome:R-HSA-199220;reactome:R-HSA-199418;reactome:R-HSA-199920;reactome:R-HSA-199992;reactome:R-HSA-200425;reactome:R-HSA-201451;reactome:R-HSA-201556;reactome:R-HSA-201688;reactome:R-HSA-202131;reactome:R-HSA-2023837;reactome:R-HSA-202403;reactome:R-HSA-202424;reactome:R-HSA-202427;reactome:R-HSA-202430;reactome:R-HSA-202433;reactome:R-HSA-2028269;reactome:R-HSA-2029481;reactome:R-HSA-2029485;reactome:R-HSA-2033514;reactome:R-HSA-2033519;reactome:R-HSA-203615;reactome:R-HSA-204005;reactome:R-HSA-204174;reactome:R-HSA-2046104;reactome:R-HSA-2046105;reactome:R-HSA-2046106;reactome:R-HSA-204998;reactome:R-HSA-205043;reactome:R-HSA-209543;reactome:R-HSA-209560;reactome:R-HSA-210455;reactome:R-HSA-210745;reactome:R-HSA-210990;reactome:R-HSA-210993;reactome:R-HSA-211163;reactome:R-HSA-2122947;reactome:R-HSA-212676;reactome:R-HSA-212718;reactome:R-HSA-2132295;reactome:R-HSA-2142691;reactome:R-HSA-2151201;reactome:R-HSA-2151209;reactome:R-HSA-2161517;reactome:R-HSA-2161522;reactome:R-HSA-2161541;reactome:R-HSA-2172127;reactome:R-HSA-2173789;reactome:R-HSA-2173791;reactome:R-HSA-2173793;reactome:R-HSA-2173795;reactome:R-HSA-2173796;reactome:R-HSA-2219528;reactome:R-HSA-2219530;reactome:R-HSA-2299718;reactome:R-HSA-2404192;reactome:R-HSA-2408550;reactome:R-HSA-2408557;reactome:R-HSA-2424491;reactome:R-HSA-2428924;reactome:R-HSA-2428928;reactome:R-HSA-2428933;reactome:R-HSA-2453902;reactome:R-HSA-2465910;reactome:R-HSA-2500257;reactome:R-HSA-2514853;reactome:R-HSA-2514856;reactome:R-HSA-2514859;reactome:R-HSA-2559580;reactome:R-HSA-2559582;reactome:R-HSA-2559585;reactome:R-HSA-2559586;reactome:R-HSA-2565942;reactome:R-HSA-2586552;reactome:R-HSA-2644602;reactome:R-HSA-2644603;reactome:R-HSA-2644606;reactome:R-HSA-264642;reactome:R-HSA-2672351;reactome:R-HSA-2682334;reactome:R-HSA-2730905;reactome:R-HSA-2871796;reactome:R-HSA-2871809;reactome:R-HSA-2894858;reactome:R-HSA-2894862;reactome:R-HSA-2980766;reactome:R-HSA-2980767;reactome:R-HSA-2995383;reactome:R-HSA-2995410;reactome:R-HSA-3134973;reactome:R-HSA-3214858;reactome:R-HSA-3249367;reactome:R-HSA-3270619;reactome:R-HSA-3299685;reactome:R-HSA-3301854;reactome:R-HSA-3371453;reactome:R-HSA-3371497;reactome:R-HSA-3371556;reactome:R-HSA-3371571;reactome:R-HSA-349425;reactome:R-HSA-354192;reactome:R-HSA-372708;reactome:R-HSA-373752;reactome:R-HSA-373753;reactome:R-HSA-373755;reactome:R-HSA-373760;reactome:R-HSA-375165;reactome:R-HSA-376172;reactome:R-HSA-3769402;reactome:R-HSA-380259;reactome:R-HSA-380284;reactome:R-HSA-380287;reactome:R-HSA-380972;reactome:R-HSA-381042;reactome:R-HSA-381070;reactome:R-HSA-381119;reactome:R-HSA-381426;reactome:R-HSA-382556;reactome:R-HSA-388841;reactome:R-HSA-389356;reactome:R-HSA-389357;reactome:R-HSA-389359;reactome:R-HSA-389513;reactome:R-HSA-389948;reactome:R-HSA-389957;reactome:R-HSA-389958;reactome:R-HSA-389960;reactome:R-HSA-390450;reactome:R-HSA-390466;reactome:R-HSA-390471;reactome:R-HSA-390522;reactome:R-HSA-391160;reactome:R-HSA-391251;reactome:R-HSA-392170;reactome:R-HSA-392451;reactome:R-HSA-392517;reactome:R-HSA-392518;reactome:R-HSA-3928662;reactome:R-HSA-3928663;reactome:R-HSA-3928664;reactome:R-HSA-3928665;reactome:R-HSA-397795;reactome:R-HSA-399719;reactome:R-HSA-399721;reactome:R-HSA-399954;reactome:R-HSA-399955;reactome:R-HSA-399956;reactome:R-HSA-399997;reactome:R-HSA-400253;reactome:R-HSA-400685;reactome:R-HSA-4085001;reactome:R-HSA-4086398;reactome:R-HSA-4086400;reactome:R-HSA-416550;reactome:R-HSA-416572;reactome:R-HSA-416993;reactome:R-HSA-417957;reactome:R-HSA-418038;reactome:R-HSA-418346;reactome:R-HSA-418592;reactome:R-HSA-418597;reactome:R-HSA-418885;reactome:R-HSA-418886;reactome:R-HSA-418889;reactome:R-HSA-418890;reactome:R-HSA-422356;reactome:R-HSA-425397;reactome:R-HSA-428542;reactome:R-HSA-428890;reactome:R-HSA-432040;reactome:R-HSA-432142;reactome:R-HSA-432720;reactome:R-HSA-432722;reactome:R-HSA-437239;reactome:R-HSA-438064;reactome:R-HSA-4419969;reactome:R-HSA-4420097;reactome:R-HSA-442720;reactome:R-HSA-442729;reactome:R-HSA-442742;reactome:R-HSA-442755;reactome:R-HSA-444257;reactome:R-HSA-445095;reactome:R-HSA-445144;reactome:R-HSA-445355;reactome:R-HSA-445717;reactome:R-HSA-445989;reactome:R-HSA-446199;reactome:R-HSA-446210;reactome:R-HSA-446219;reactome:R-HSA-447041;reactome:R-HSA-447043;reactome:R-HSA-447115;reactome:R-HSA-448424;reactome:R-HSA-450282;reactome:R-HSA-450294;reactome:R-HSA-450302;reactome:R-HSA-450321;reactome:R-HSA-450341;reactome:R-HSA-450385;reactome:R-HSA-450513;reactome:R-HSA-450520;reactome:R-HSA-450531;reactome:R-HSA-450604;reactome:R-HSA-451927;reactome:R-HSA-453276;reactome:R-HSA-4608870;reactome:R-HSA-4641262;reactome:R-HSA-499943;reactome:R-HSA-500753;reactome:R-HSA-5099900;reactome:R-HSA-512988;reactome:R-HSA-5173105;reactome:R-HSA-5205647;reactome:R-HSA-5213460;reactome:R-HSA-5218859;reactome:R-HSA-5218920;reactome:R-HSA-5218921;reactome:R-HSA-525793;reactome:R-HSA-5357769;reactome:R-HSA-5357905;reactome:R-HSA-5358346;reactome:R-HSA-5358508;reactome:R-HSA-5358565;reactome:R-HSA-5358606;reactome:R-HSA-5362517;reactome:R-HSA-5362768;reactome:R-HSA-5387390;reactome:R-HSA-5578775;reactome:R-HSA-5607761;reactome:R-HSA-5607764;reactome:R-HSA-5610780;reactome:R-HSA-5610783;reactome:R-HSA-5610785;reactome:R-HSA-5610787;reactome:R-HSA-5619084;reactome:R-HSA-5621480;reactome:R-HSA-5621575;reactome:R-HSA-5625740;reactome:R-HSA-5625886;reactome:R-HSA-5625900;reactome:R-HSA-5627117;reactome:R-HSA-5627123;reactome:R-HSA-5628897;reactome:R-HSA-5632684;reactome:R-HSA-5633008;reactome:R-HSA-5635838;reactome:R-HSA-5637810;reactome:R-HSA-5637812;reactome:R-HSA-5637815;reactome:R-HSA-5652084;reactome:R-HSA-5654219;reactome:R-HSA-5654221;reactome:R-HSA-5654227;reactome:R-HSA-5654228;reactome:R-HSA-5654687;reactome:R-HSA-5654688;reactome:R-HSA-5654689;reactome:R-HSA-5654693;reactome:R-HSA-5654695;reactome:R-HSA-5654696;reactome:R-HSA-5654699;reactome:R-HSA-5654700;reactome:R-HSA-5654704;reactome:R-HSA-5654706;reactome:R-HSA-5654708;reactome:R-HSA-5654710;reactome:R-HSA-5654712;reactome:R-HSA-5654716;reactome:R-HSA-5654719;reactome:R-HSA-5654720;reactome:R-HSA-5654726;reactome:R-HSA-5654727;reactome:R-HSA-5654732;reactome:R-HSA-5654733;reactome:R-HSA-5654736;reactome:R-HSA-5654738;reactome:R-HSA-5654741;reactome:R-HSA-5654743;reactome:R-HSA-5655253;reactome:R-HSA-5655291;reactome:R-HSA-5655302;reactome:R-HSA-5655332;reactome:R-HSA-5661270;reactome:R-HSA-5663213;reactome:R-HSA-5663220;reactome:R-HSA-5668541;reactome:R-HSA-5668599;reactome:R-HSA-5673000;reactome:R-HSA-5674135;reactome:R-HSA-5674400;reactome:R-HSA-5674499;reactome:R-HSA-5675221;reactome:R-HSA-5676590;reactome:R-HSA-5678895;reactome:R-HSA-5683826;reactome:R-HSA-5684264;reactome:R-HSA-5685938;reactome:R-HSA-5685942;reactome:R-HSA-5687128;reactome:R-HSA-5689896;reactome:R-HSA-5690714;reactome:R-HSA-5693537;reactome:R-HSA-5693538;reactome:R-HSA-5693548;reactome:R-HSA-5693554;reactome:R-HSA-5693565;reactome:R-HSA-5693567;reactome:R-HSA-5693568;reactome:R-HSA-5693571;reactome:R-HSA-5693579;reactome:R-HSA-5693606;reactome:R-HSA-5693607;reactome:R-HSA-5693616;reactome:R-HSA-5696395;reactome:R-HSA-5696398;reactome:R-HSA-5696399;reactome:R-HSA-6781827;reactome:R-HSA-6782135;reactome:R-HSA-6783310;reactome:R-HSA-6783589;reactome:R-HSA-6783783;reactome:R-HSA-6785807;reactome:R-HSA-6787639;reactome:R-HSA-6790901;reactome:R-HSA-6791312;reactome:R-HSA-6796648;reactome:R-HSA-6802946;reactome:R-HSA-6802948;reactome:R-HSA-6802949;reactome:R-HSA-6802952;reactome:R-HSA-6802955;reactome:R-HSA-6802957;reactome:R-HSA-6803157;reactome:R-HSA-6803204;reactome:R-HSA-6803207;reactome:R-HSA-6803544;reactome:R-HSA-6804115;reactome:R-HSA-6804756;reactome:R-HSA-6804757;reactome:R-HSA-6804758;reactome:R-HSA-6804759;reactome:R-HSA-6804760;reactome:R-HSA-6806003;reactome:R-HSA-6806834;reactome:R-HSA-6806942;reactome:R-HSA-6807004;reactome:R-HSA-6807505;reactome:R-HSA-6807878;reactome:R-HSA-6811436;reactome:R-HSA-6811438;reactome:R-HSA-6811440;reactome:R-HSA-6811555;reactome:R-HSA-6811558;reactome:R-HSA-6814122;reactome:R-HSA-68616;reactome:R-HSA-68867;reactome:R-HSA-68875;reactome:R-HSA-68884;reactome:R-HSA-68911;reactome:R-HSA-68949;reactome:R-HSA-68962;reactome:R-HSA-69002;reactome:R-HSA-69017;reactome:R-HSA-69052;reactome:R-HSA-69091;reactome:R-HSA-69109;reactome:R-HSA-69186;reactome:R-HSA-69190;reactome:R-HSA-69200;reactome:R-HSA-69202;reactome:R-HSA-69206;reactome:R-HSA-69231;reactome:R-HSA-69236;reactome:R-HSA-69239;reactome:R-HSA-69273;reactome:R-HSA-69473;reactome:R-HSA-69478;reactome:R-HSA-69541;reactome:R-HSA-69563;reactome:R-HSA-69580;reactome:R-HSA-69601;reactome:R-HSA-69610;reactome:R-HSA-69613;reactome:R-HSA-69615;reactome:R-HSA-69656;reactome:R-HSA-70171;reactome:R-HSA-70221;reactome:R-HSA-70263;reactome:R-HSA-70268;reactome:R-HSA-70326;reactome:R-HSA-70350;reactome:R-HSA-70370;reactome:R-HSA-70635;reactome:R-HSA-70895;reactome:R-HSA-70921;reactome:R-HSA-71032;reactome:R-HSA-71288;reactome:R-HSA-71336;reactome:R-HSA-71403;reactome:R-HSA-71406;reactome:R-HSA-72202;reactome:R-HSA-72613;reactome:R-HSA-72662;reactome:R-HSA-72702;reactome:R-HSA-72737;reactome:R-HSA-73614;reactome:R-HSA-73621;reactome:R-HSA-73728;reactome:R-HSA-73817;reactome:R-HSA-73854;reactome:R-HSA-73864;reactome:R-HSA-73886;reactome:R-HSA-73893;reactome:R-HSA-74217;reactome:R-HSA-74259;reactome:R-HSA-74713;reactome:R-HSA-74749;reactome:R-HSA-74751;reactome:R-HSA-74752;reactome:R-HSA-75035;reactome:R-HSA-75105;reactome:R-HSA-75109;reactome:R-HSA-75153;reactome:R-HSA-75815;reactome:R-HSA-75893;reactome:R-HSA-75955;reactome:R-HSA-76005;reactome:R-HSA-76009;reactome:R-HSA-76042;reactome:R-HSA-77075;reactome:R-HSA-77289;reactome:R-HSA-83936;reactome:R-HSA-877300;reactome:R-HSA-881907;reactome:R-HSA-8847453;reactome:R-HSA-8847993;reactome:R-HSA-8848021;reactome:R-HSA-8849468;reactome:R-HSA-8849469;reactome:R-HSA-8849470;reactome:R-HSA-8849471;reactome:R-HSA-8849472;reactome:R-HSA-8849474;reactome:R-HSA-8850843;reactome:R-HSA-8851805;reactome:R-HSA-8851907;reactome:R-HSA-8852276;reactome:R-HSA-8852405;reactome:R-HSA-8853336;reactome:R-HSA-8853659;reactome:R-HSA-8854518;reactome:R-HSA-8854691;reactome:R-HSA-8856688;reactome:R-HSA-8856825;reactome:R-HSA-8857538;reactome:R-HSA-8862803;reactome:R-HSA-8863678;reactome:R-HSA-8863795;reactome:R-HSA-8866376;reactome:R-HSA-8874081;reactome:R-HSA-8875360;reactome:R-HSA-8875791;reactome:R-HSA-8875878;reactome:R-HSA-8876198;reactome:R-HSA-8876384;reactome:R-HSA-8876493;reactome:R-HSA-8878159;reactome:R-HSA-8878166;reactome:R-HSA-8934593;reactome:R-HSA-8934903;reactome:R-HSA-8939236;reactome:R-HSA-8939243;reactome:R-HSA-8939902;reactome:R-HSA-8940973;reactome:R-HSA-8941326;reactome:R-HSA-8941332;reactome:R-HSA-8941858;reactome:R-HSA-8943724;reactome:R-HSA-8948751;reactome:R-HSA-8953750;reactome:R-HSA-8955332;reactome:R-HSA-8956319;reactome:R-HSA-8956320;reactome:R-HSA-8956321;reactome:R-HSA-8957275;reactome:R-HSA-8963896;reactome:R-HSA-8963898;reactome:R-HSA-8963899;reactome:R-HSA-8964058;reactome:R-HSA-8964539;reactome:R-HSA-8978934;reactome:R-HSA-8979227;reactome:R-HSA-8982491;reactome:R-HSA-8983432;reactome:R-HSA-8984722;reactome:R-HSA-8985947;reactome:R-HSA-8986944;reactome:R-HSA-9006115;reactome:R-HSA-9006335;reactome:R-HSA-9006927;reactome:R-HSA-9006936;reactome:R-HSA-9007101;reactome:R-HSA-9007892;reactome:R-HSA-9008059;reactome:R-HSA-9009391;reactome:R-HSA-9010642;reactome:R-HSA-9012852;reactome:R-HSA-9013420;reactome:R-HSA-9013507;reactome:R-HSA-9013694;reactome:R-HSA-9013973;reactome:R-HSA-9014325;reactome:R-HSA-9018519;reactome:R-HSA-9020558;reactome:R-HSA-9020591;reactome:R-HSA-9020702;reactome:R-HSA-9020933;reactome:R-HSA-9020956;reactome:R-HSA-9020958;reactome:R-HSA-9022692;reactome:R-HSA-9026519;reactome:R-HSA-9026527;reactome:R-HSA-9027276;reactome:R-HSA-9027277;reactome:R-HSA-9027283;reactome:R-HSA-9027284;reactome:R-HSA-9028335;reactome:R-HSA-9028731;reactome:R-HSA-9031628;reactome:R-HSA-9032500;reactome:R-HSA-9032845;reactome:R-HSA-9033241;reactome:R-HSA-9034015;reactome:R-HSA-9034793;reactome:R-HSA-9034864;reactome:R-HSA-909733;reactome:R-HSA-912526;reactome:R-HSA-912631;reactome:R-HSA-917729;reactome:R-HSA-917937;reactome:R-HSA-917977;reactome:R-HSA-918233;reactome:R-HSA-927802;reactome:R-HSA-933541;reactome:R-HSA-933542;reactome:R-HSA-936837;reactome:R-HSA-936964;reactome:R-HSA-937039;reactome:R-HSA-937042;reactome:R-HSA-937061;reactome:R-HSA-937072;reactome:R-HSA-9603381;reactome:R-HSA-9604323;reactome:R-HSA-9607240;reactome:R-HSA-9609523;reactome:R-HSA-9609736;reactome:R-HSA-9613354;reactome:R-HSA-9614085;reactome:R-HSA-9614399;reactome:R-HSA-9619229;reactome:R-HSA-9619483;reactome:R-HSA-9620244;reactome:R-HSA-9627069;reactome:R-HSA-9633012;reactome:R-HSA-9634285;reactome:R-HSA-9634597;reactome:R-HSA-9634600;reactome:R-HSA-9634635;reactome:R-HSA-9634638;reactome:R-HSA-9634815;reactome:R-HSA-9645135;reactome:R-HSA-9645460;reactome:R-HSA-9645723;reactome:R-HSA-9648002;reactome:R-HSA-9648025;reactome:R-HSA-9648895;reactome:R-HSA-964975;reactome:R-HSA-9649948;reactome:R-HSA-9652169;reactome:R-HSA-9656223;reactome:R-HSA-9659379;reactome:R-HSA-9660821;reactome:R-HSA-9660826;reactome:R-HSA-9662360;reactome:R-HSA-9662361;reactome:R-HSA-9662834;reactome:R-HSA-9663891;reactome:R-HSA-9664323;reactome:R-HSA-9664420;reactome:R-HSA-9664424;reactome:R-HSA-9664565;reactome:R-HSA-9665348;reactome:R-HSA-9665686;reactome:R-HSA-9668328;reactome:R-HSA-9669938;reactome:R-HSA-9670439;reactome:R-HSA-9671555;reactome:R-HSA-9673324;reactome:R-HSA-9673766;reactome:R-HSA-9673767;reactome:R-HSA-9673768;reactome:R-HSA-9673770;reactome:R-HSA-9674555;reactome:R-HSA-9679514;reactome:R-HSA-9680350;reactome:R-HSA-9682385;reactome:R-HSA-9682706;reactome:R-HSA-9683610;reactome:R-HSA-9683701;reactome:R-HSA-9694631;reactome:R-HSA-9694635;reactome:R-HSA-9694682;reactome:R-HSA-9694686;reactome:R-HSA-9700206;reactome:R-HSA-9702518;reactome:R-HSA-9703465;reactome:R-HSA-9703648;reactome:R-HSA-9706019;reactome:R-HSA-9706369;reactome:R-HSA-9707564;reactome:R-HSA-9708530;reactome:R-HSA-9725370;reactome:R-HSA-9725371;reactome:R-HSA-9727281;reactome:R-HSA-9732724;reactome:R-HSA-9734009;reactome:R-HSA-9748787;reactome:R-HSA-9749641;reactome:R-HSA-975110;reactome:R-HSA-975138;reactome:R-HSA-975144;reactome:R-HSA-975155;reactome:R-HSA-975163;reactome:R-HSA-9753281;reactome:R-HSA-9755088;reactome:R-HSA-9755511;reactome:R-HSA-9755779;reactome:R-HSA-9757110;reactome:R-HSA-975871;reactome:R-HSA-9758881;reactome:R-HSA-9758890;reactome:R-HSA-9759194;reactome:R-HSA-975957;reactome:R-HSA-9762114;reactome:R-HSA-9768919;reactome:R-HSA-9772572;reactome:R-HSA-9772573;reactome:R-HSA-9793528;reactome:R-HSA-9816359;reactome:R-HSA-9818027;reactome:R-HSA-9820952;reactome:R-HSA-9820965;reactome:R-HSA-9821993;reactome:R-HSA-982772;reactome:R-HSA-9828806;reactome:R-HSA-983170;reactome:R-HSA-983189;reactome:R-HSA-9833482;reactome:R-HSA-9836573;reactome:R-HSA-983695;reactome:R-HSA-9837999;reactome:R-HSA-9840309;wiki:WP176;wiki:WP1780;wiki:WP1784;wiki:WP1788;wiki:WP1795;wiki:WP1797;wiki:WP1799;wiki:WP1803;wiki:WP1809;wiki:WP1812;wiki:WP1815;wiki:WP1820;wiki:WP1826;wiki:WP1831;wiki:WP1835;wiki:WP1839;wiki:WP1840;wiki:WP1841;wiki:WP1842;wiki:WP1843;wiki:WP1845;wiki:WP1850;wiki:WP1852;wiki:WP1865;wiki:WP1866;wiki:WP1867;wiki:WP1868;wiki:WP1871;wiki:WP1872;wiki:WP1873;wiki:WP1885;wiki:WP1892;wiki:WP1895;wiki:WP1903;wiki:WP1904;wiki:WP1907;wiki:WP1908;wiki:WP1909;wiki:WP1910;wiki:WP1913;wiki:WP1916;wiki:WP1919;wiki:WP1925;wiki:WP1927;wiki:WP1928;wiki:WP1937;wiki:WP1939;wiki:WP1946;wiki:WP1978;wiki:WP1980;wiki:WP2267;wiki:WP2333;wiki:WP2533;wiki:WP2650;wiki:WP2653;wiki:WP2654;wiki:WP2656;wiki:WP2657;wiki:WP2662;wiki:WP2664;wiki:WP2670;wiki:WP2673;wiki:WP2675;wiki:WP2677;wiki:WP2678;wiki:WP2679;wiki:WP2688;wiki:WP2694;wiki:WP2709;wiki:WP2710;wiki:WP2712;wiki:WP2713;wiki:WP2714;wiki:WP2717;wiki:WP2720;wiki:WP2721;wiki:WP2722;wiki:WP2724;wiki:WP2731;wiki:WP2732;wiki:WP2733;wiki:WP2741;wiki:WP2742;wiki:WP2747;wiki:WP2748;wiki:WP2752;wiki:WP2755;wiki:WP2760;wiki:WP2761;wiki:WP2762;wiki:WP2763;wiki:WP2765;wiki:WP2766;wiki:WP2768;wiki:WP2772;wiki:WP2773;wiki:WP2776;wiki:WP2777;wiki:WP2780;wiki:WP2781;wiki:WP2786;wiki:WP2791;wiki:WP2792;wiki:WP2794;wiki:WP2799;wiki:WP2801;wiki:WP2824;wiki:WP3307;wiki:WP3308;wiki:WP3309;wiki:WP3313;wiki:WP3315;wiki:WP3316;wiki:WP3317;wiki:WP3318;wiki:WP3331;wiki:WP3332;wiki:WP3334;wiki:WP3335;wiki:WP3336;wiki:WP3338;wiki:WP3348;wiki:WP3349;wiki:WP3351;wiki:WP3352;wiki:WP3357;wiki:WP3363;wiki:WP3365;wiki:WP3374;wiki:WP3376;wiki:WP3379;wiki:WP3380;wiki:WP3381;wiki:WP3388;wiki:WP3391;wiki:WP3395;wiki:WP3396;wiki:WP3397;wiki:WP3401;wiki:WP3404;wiki:WP3513;wiki:WP3543;wiki:WP3545;wiki:WP3549;wiki:WP3550;wiki:WP3556;wiki:WP3565;wiki:WP3567;wiki:WP3569;wiki:WP3575;wiki:WP3578;wiki:WP3579;wiki:WP3656;wiki:WP3795;wiki:WP3798;wiki:WP3802;wiki:WP3804;wiki:WP3806;wiki:WP3807;wiki:WP3808;wiki:WP3810;wiki:WP3811;wiki:WP3816;wiki:WP3817;wiki:WP3818;wiki:WP3823;wiki:WP3827;wiki:WP3828;wiki:WP3838;wiki:WP3933;wiki:WP3953;wiki:WP4034;wiki:WP4039;wiki:WP4042;wiki:WP4050;wiki:WP4052;wiki:WP4058;wiki:WP4059;wiki:WP4061;wiki:WP4063;wiki:WP4065;wiki:WP4066;wiki:WP4068;wiki:WP4070;wiki:WP4072;wiki:WP4074;wiki:WP4075;wiki:WP4082;wiki:WP4083;wiki:WP4084;wiki:WP4093;wiki:WP4095;wiki:WP4097;wiki:WP4101;wiki:WP4107;wiki:WP4109;wiki:WP4110;wiki:WP4114;wiki:WP4115;wiki:WP4117;wiki:WP4119;wiki:WP4120;wiki:WP4122;wiki:WP4126;wiki:WP4129;wiki:WP4131;wiki:WP4195;wiki:WP4224;wiki:WP4236;wiki:WP4321;wiki:WP4404;wiki:WP4409;wiki:WP4413;wiki:WP4414;wiki:WP4415;wiki:WP4421;wiki:WP4422;wiki:WP4428;wiki:WP4430;wiki:WP4431;wiki:WP4432;wiki:WP4436;wiki:WP4437;wiki:WP4441;wiki:WP4442;wiki:WP4443;wiki:WP4448;wiki:WP4452;wiki:WP4453;wiki:WP4458;wiki:WP4459;wiki:WP4461;wiki:WP4518;wiki:WP4629;wiki:WP466;wiki:WP4725;wiki:WP4726;wiki:WP4792;wiki:WP4900;wiki:WP4905;wiki:WP4932;wiki:WP4950;wiki:WP4971;wiki:WP4973;wiki:WP4974;wiki:WP4975;wiki:WP4977;wiki:WP4978;wiki:WP4982;wiki:WP4983;wiki:WP4985;wiki:WP4988;wiki:WP4990;wiki:WP4992;wiki:WP4998;wiki:WP5002;wiki:WP5005;wiki:WP5007;wiki:WP5008;wiki:WP5013;wiki:WP5016;wiki:WP5020;wiki:WP5021;wiki:WP5022;wiki:WP5047;wiki:WP5090;wiki:WP5179;wiki:WP5190;wiki:WP5283;wiki:WP5313;wiki:WP5314;wiki:WP5346;wiki:WP5408;wiki:WP623;wiki:WP692;wiki:WP78",6022,"CHEBI:16761","HMDB0001341","C00008","58-64-0",916680.835981362,622082.547603706,67.862501667522,1541308.47346392,1216458.44397634,"Amide","Pos",1
"C18-Neg-000119","Adenosine diphosphate (ADP)","C10 H15 N5 O10 P2",427.02941,66,"mzCloud",298,-1.03,426.0217,7.591,FALSE,"[M-H]-1","C1=NC(=C2C(=N1)N(C=N2)[C@H]3[C@@H]([C@@H]([C@H](O3)COP(=O)(O)OP(=O)(O)O)O)O)N","XTWYTFMLZFPYCI-KQYNXXCUSA-N","Nucleosides, nucleotides, and analogues","Purine nucleotides","Purine ribonucleotides","kegg:map00020;kegg:map00051;kegg:map00052;kegg:map00100;kegg:map00120;kegg:map00190;kegg:map00250;kegg:map00270;kegg:map00280;kegg:map00330;kegg:map00340;kegg:map00450;kegg:map00480;kegg:map00520;kegg:map00561;kegg:map00562;kegg:map00620;kegg:map00640;kegg:map00670;kegg:map00730;kegg:map00740;kegg:map00760;kegg:map00770;kegg:map00910;kegg:map00920;kegg:map01040;reactome:R-HSA-1059683;reactome:R-HSA-109606;reactome:R-HSA-109703;reactome:R-HSA-109704;reactome:R-HSA-110056;reactome:R-HSA-110313;reactome:R-HSA-110320;reactome:R-HSA-111446;reactome:R-HSA-111447;reactome:R-HSA-111458;reactome:R-HSA-111459;reactome:R-HSA-111461;reactome:R-HSA-111471;reactome:R-HSA-111885;reactome:R-HSA-111931;reactome:R-HSA-111932;reactome:R-HSA-111933;reactome:R-HSA-111995;reactome:R-HSA-111996;reactome:R-HSA-111997;reactome:R-HSA-112040;reactome:R-HSA-112043;reactome:R-HSA-112310;reactome:R-HSA-112313;reactome:R-HSA-112382;reactome:R-HSA-112399;reactome:R-HSA-112409;reactome:R-HSA-112411;reactome:R-HSA-114452;reactome:R-HSA-114508;reactome:R-HSA-114516;reactome:R-HSA-114604;reactome:R-HSA-114608;reactome:R-HSA-1168372;reactome:R-HSA-1169091;reactome:R-HSA-1169092;reactome:R-HSA-1170546;reactome:R-HSA-1181150;reactome:R-HSA-1221632;reactome:R-HSA-1226099;reactome:R-HSA-1227986;reactome:R-HSA-1227990;reactome:R-HSA-1236382;reactome:R-HSA-1236394;reactome:R-HSA-1236974;reactome:R-HSA-1236975;reactome:R-HSA-1250196;reactome:R-HSA-1250342;reactome:R-HSA-1250347;reactome:R-HSA-1251932;reactome:R-HSA-1266695;reactome:R-HSA-1268020;reactome:R-HSA-1295596;reactome:R-HSA-1307965;reactome:R-HSA-1358803;reactome:R-HSA-1369007;reactome:R-HSA-1369062;reactome:R-HSA-139910;reactome:R-HSA-1433557;reactome:R-HSA-1433559;reactome:R-HSA-1445148;reactome:R-HSA-1474151;reactome:R-HSA-1474165;reactome:R-HSA-1483191;reactome:R-HSA-1483213;reactome:R-HSA-1483248;reactome:R-HSA-1483249;reactome:R-HSA-1483255;reactome:R-HSA-1489509;reactome:R-HSA-1500620;reactome:R-HSA-1502540;reactome:R-HSA-1538133;reactome:R-HSA-156584;reactome:R-HSA-156590;reactome:R-HSA-156711;reactome:R-HSA-156827;reactome:R-HSA-157579;reactome:R-HSA-157858;reactome:R-HSA-1592230;reactome:R-HSA-159236;reactome:R-HSA-159418;reactome:R-HSA-1606322;reactome:R-HSA-1606341;reactome:R-HSA-162658;reactome:R-HSA-163210;reactome:R-HSA-1632852;reactome:R-HSA-163358;reactome:R-HSA-163560;reactome:R-HSA-163680;reactome:R-HSA-163841;reactome:R-HSA-1643713;reactome:R-HSA-165158;reactome:R-HSA-165159;reactome:R-HSA-165160;reactome:R-HSA-165181;reactome:R-HSA-1660499;reactome:R-HSA-1660514;reactome:R-HSA-1660516;reactome:R-HSA-1660517;reactome:R-HSA-166058;reactome:R-HSA-1660661;reactome:R-HSA-1660662;reactome:R-HSA-166166;reactome:R-HSA-166187;reactome:R-HSA-166208;reactome:R-HSA-166520;reactome:R-HSA-167021;reactome:R-HSA-167044;reactome:R-HSA-167152;reactome:R-HSA-167160;reactome:R-HSA-167169;reactome:R-HSA-167172;reactome:R-HSA-167200;reactome:R-HSA-167246;reactome:R-HSA-167827;reactome:R-HSA-1679131;reactome:R-HSA-168138;reactome:R-HSA-168142;reactome:R-HSA-168164;reactome:R-HSA-168176;reactome:R-HSA-168179;reactome:R-HSA-168181;reactome:R-HSA-168188;reactome:R-HSA-168638;reactome:R-HSA-168643;reactome:R-HSA-168928;reactome:R-HSA-169893;reactome:R-HSA-170145;reactome:R-HSA-170834;reactome:R-HSA-170968;reactome:R-HSA-170984;reactome:R-HSA-171007;reactome:R-HSA-171319;reactome:R-HSA-174143;reactome:R-HSA-174362;reactome:R-HSA-174403;reactome:R-HSA-174411;reactome:R-HSA-174414;reactome:R-HSA-174417;reactome:R-HSA-174824;reactome:R-HSA-176187;reactome:R-HSA-176408;reactome:R-HSA-176417;reactome:R-HSA-177929;reactome:R-HSA-180024;reactome:R-HSA-180292;reactome:R-HSA-180336;reactome:R-HSA-180786;reactome:R-HSA-1810476;reactome:R-HSA-181429;reactome:R-HSA-181430;reactome:R-HSA-181438;reactome:R-HSA-182971;reactome:R-HSA-1834941;reactome:R-HSA-1834949;reactome:R-HSA-1839117;reactome:R-HSA-1839120;reactome:R-HSA-1839122;reactome:R-HSA-1839124;reactome:R-HSA-1839126;reactome:R-HSA-1839130;reactome:R-HSA-1855167;reactome:R-HSA-1855191;reactome:R-HSA-1855204;reactome:R-HSA-186712;reactome:R-HSA-186763;reactome:R-HSA-186797;reactome:R-HSA-187015;reactome:R-HSA-187024;reactome:R-HSA-187037;reactome:R-HSA-187577;reactome:R-HSA-187687;reactome:R-HSA-189445;reactome:R-HSA-189451;reactome:R-HSA-189483;reactome:R-HSA-190236;reactome:R-HSA-190239;reactome:R-HSA-190241;reactome:R-HSA-190242;reactome:R-HSA-190322;reactome:R-HSA-190370;reactome:R-HSA-190371;reactome:R-HSA-190372;reactome:R-HSA-190373;reactome:R-HSA-190374;reactome:R-HSA-190375;reactome:R-HSA-190377;reactome:R-HSA-1912408;reactome:R-HSA-1912422;reactome:R-HSA-191273;reactome:R-HSA-191650;reactome:R-HSA-192105;reactome:R-HSA-193368;reactome:R-HSA-193639;reactome:R-HSA-193648;reactome:R-HSA-193704;reactome:R-HSA-194068;reactome:R-HSA-194138;reactome:R-HSA-195253;reactome:R-HSA-196299;reactome:R-HSA-1963642;reactome:R-HSA-196741;reactome:R-HSA-196757;reactome:R-HSA-196783;reactome:R-HSA-196807;reactome:R-HSA-196819;reactome:R-HSA-196843;reactome:R-HSA-197264;reactome:R-HSA-1980143;reactome:R-HSA-198203;reactome:R-HSA-198323;reactome:R-HSA-198693;reactome:R-HSA-198725;reactome:R-HSA-198745;reactome:R-HSA-198753;reactome:R-HSA-199220;reactome:R-HSA-199418;reactome:R-HSA-199920;reactome:R-HSA-199992;reactome:R-HSA-200425;reactome:R-HSA-201451;reactome:R-HSA-201556;reactome:R-HSA-201688;reactome:R-HSA-202131;reactome:R-HSA-2023837;reactome:R-HSA-202403;reactome:R-HSA-202424;reactome:R-HSA-202427;reactome:R-HSA-202430;reactome:R-HSA-202433;reactome:R-HSA-2028269;reactome:R-HSA-2029481;reactome:R-HSA-2029485;reactome:R-HSA-2033514;reactome:R-HSA-2033519;reactome:R-HSA-203615;reactome:R-HSA-204005;reactome:R-HSA-204174;reactome:R-HSA-2046104;reactome:R-HSA-2046105;reactome:R-HSA-2046106;reactome:R-HSA-204998;reactome:R-HSA-205043;reactome:R-HSA-209543;reactome:R-HSA-209560;reactome:R-HSA-210455;reactome:R-HSA-210745;reactome:R-HSA-210990;reactome:R-HSA-210993;reactome:R-HSA-211163;reactome:R-HSA-2122947;reactome:R-HSA-212676;reactome:R-HSA-212718;reactome:R-HSA-2132295;reactome:R-HSA-2142691;reactome:R-HSA-2151201;reactome:R-HSA-2151209;reactome:R-HSA-2161517;reactome:R-HSA-2161522;reactome:R-HSA-2161541;reactome:R-HSA-2172127;reactome:R-HSA-2173789;reactome:R-HSA-2173791;reactome:R-HSA-2173793;reactome:R-HSA-2173795;reactome:R-HSA-2173796;reactome:R-HSA-2219528;reactome:R-HSA-2219530;reactome:R-HSA-2299718;reactome:R-HSA-2404192;reactome:R-HSA-2408550;reactome:R-HSA-2408557;reactome:R-HSA-2424491;reactome:R-HSA-2428924;reactome:R-HSA-2428928;reactome:R-HSA-2428933;reactome:R-HSA-2453902;reactome:R-HSA-2465910;reactome:R-HSA-2500257;reactome:R-HSA-2514853;reactome:R-HSA-2514856;reactome:R-HSA-2514859;reactome:R-HSA-2559580;reactome:R-HSA-2559582;reactome:R-HSA-2559585;reactome:R-HSA-2559586;reactome:R-HSA-2565942;reactome:R-HSA-2586552;reactome:R-HSA-2644602;reactome:R-HSA-2644603;reactome:R-HSA-2644606;reactome:R-HSA-264642;reactome:R-HSA-2672351;reactome:R-HSA-2682334;reactome:R-HSA-2730905;reactome:R-HSA-2871796;reactome:R-HSA-2871809;reactome:R-HSA-2894858;reactome:R-HSA-2894862;reactome:R-HSA-2980766;reactome:R-HSA-2980767;reactome:R-HSA-2995383;reactome:R-HSA-2995410;reactome:R-HSA-3134973;reactome:R-HSA-3214858;reactome:R-HSA-3249367;reactome:R-HSA-3270619;reactome:R-HSA-3299685;reactome:R-HSA-3301854;reactome:R-HSA-3371453;reactome:R-HSA-3371497;reactome:R-HSA-3371556;reactome:R-HSA-3371571;reactome:R-HSA-349425;reactome:R-HSA-354192;reactome:R-HSA-372708;reactome:R-HSA-373752;reactome:R-HSA-373753;reactome:R-HSA-373755;reactome:R-HSA-373760;reactome:R-HSA-375165;reactome:R-HSA-376172;reactome:R-HSA-3769402;reactome:R-HSA-380259;reactome:R-HSA-380284;reactome:R-HSA-380287;reactome:R-HSA-380972;reactome:R-HSA-381042;reactome:R-HSA-381070;reactome:R-HSA-381119;reactome:R-HSA-381426;reactome:R-HSA-382556;reactome:R-HSA-388841;reactome:R-HSA-389356;reactome:R-HSA-389357;reactome:R-HSA-389359;reactome:R-HSA-389513;reactome:R-HSA-389948;reactome:R-HSA-389957;reactome:R-HSA-389958;reactome:R-HSA-389960;reactome:R-HSA-390450;reactome:R-HSA-390466;reactome:R-HSA-390471;reactome:R-HSA-390522;reactome:R-HSA-391160;reactome:R-HSA-391251;reactome:R-HSA-392170;reactome:R-HSA-392451;reactome:R-HSA-392517;reactome:R-HSA-392518;reactome:R-HSA-3928662;reactome:R-HSA-3928663;reactome:R-HSA-3928664;reactome:R-HSA-3928665;reactome:R-HSA-397795;reactome:R-HSA-399719;reactome:R-HSA-399721;reactome:R-HSA-399954;reactome:R-HSA-399955;reactome:R-HSA-399956;reactome:R-HSA-399997;reactome:R-HSA-400253;reactome:R-HSA-400685;reactome:R-HSA-4085001;reactome:R-HSA-4086398;reactome:R-HSA-4086400;reactome:R-HSA-416550;reactome:R-HSA-416572;reactome:R-HSA-416993;reactome:R-HSA-417957;reactome:R-HSA-418038;reactome:R-HSA-418346;reactome:R-HSA-418592;reactome:R-HSA-418597;reactome:R-HSA-418885;reactome:R-HSA-418886;reactome:R-HSA-418889;reactome:R-HSA-418890;reactome:R-HSA-422356;reactome:R-HSA-425397;reactome:R-HSA-428542;reactome:R-HSA-428890;reactome:R-HSA-432040;reactome:R-HSA-432142;reactome:R-HSA-432720;reactome:R-HSA-432722;reactome:R-HSA-437239;reactome:R-HSA-438064;reactome:R-HSA-4419969;reactome:R-HSA-4420097;reactome:R-HSA-442720;reactome:R-HSA-442729;reactome:R-HSA-442742;reactome:R-HSA-442755;reactome:R-HSA-444257;reactome:R-HSA-445095;reactome:R-HSA-445144;reactome:R-HSA-445355;reactome:R-HSA-445717;reactome:R-HSA-445989;reactome:R-HSA-446199;reactome:R-HSA-446210;reactome:R-HSA-446219;reactome:R-HSA-447041;reactome:R-HSA-447043;reactome:R-HSA-447115;reactome:R-HSA-448424;reactome:R-HSA-450282;reactome:R-HSA-450294;reactome:R-HSA-450302;reactome:R-HSA-450321;reactome:R-HSA-450341;reactome:R-HSA-450385;reactome:R-HSA-450513;reactome:R-HSA-450520;reactome:R-HSA-450531;reactome:R-HSA-450604;reactome:R-HSA-451927;reactome:R-HSA-453276;reactome:R-HSA-4608870;reactome:R-HSA-4641262;reactome:R-HSA-499943;reactome:R-HSA-500753;reactome:R-HSA-5099900;reactome:R-HSA-512988;reactome:R-HSA-5173105;reactome:R-HSA-5205647;reactome:R-HSA-5213460;reactome:R-HSA-5218859;reactome:R-HSA-5218920;reactome:R-HSA-5218921;reactome:R-HSA-525793;reactome:R-HSA-5357769;reactome:R-HSA-5357905;reactome:R-HSA-5358346;reactome:R-HSA-5358508;reactome:R-HSA-5358565;reactome:R-HSA-5358606;reactome:R-HSA-5362517;reactome:R-HSA-5362768;reactome:R-HSA-5387390;reactome:R-HSA-5578775;reactome:R-HSA-5607761;reactome:R-HSA-5607764;reactome:R-HSA-5610780;reactome:R-HSA-5610783;reactome:R-HSA-5610785;reactome:R-HSA-5610787;reactome:R-HSA-5619084;reactome:R-HSA-5621480;reactome:R-HSA-5621575;reactome:R-HSA-5625740;reactome:R-HSA-5625886;reactome:R-HSA-5625900;reactome:R-HSA-5627117;reactome:R-HSA-5627123;reactome:R-HSA-5628897;reactome:R-HSA-5632684;reactome:R-HSA-5633008;reactome:R-HSA-5635838;reactome:R-HSA-5637810;reactome:R-HSA-5637812;reactome:R-HSA-5637815;reactome:R-HSA-5652084;reactome:R-HSA-5654219;reactome:R-HSA-5654221;reactome:R-HSA-5654227;reactome:R-HSA-5654228;reactome:R-HSA-5654687;reactome:R-HSA-5654688;reactome:R-HSA-5654689;reactome:R-HSA-5654693;reactome:R-HSA-5654695;reactome:R-HSA-5654696;reactome:R-HSA-5654699;reactome:R-HSA-5654700;reactome:R-HSA-5654704;reactome:R-HSA-5654706;reactome:R-HSA-5654708;reactome:R-HSA-5654710;reactome:R-HSA-5654712;reactome:R-HSA-5654716;reactome:R-HSA-5654719;reactome:R-HSA-5654720;reactome:R-HSA-5654726;reactome:R-HSA-5654727;reactome:R-HSA-5654732;reactome:R-HSA-5654733;reactome:R-HSA-5654736;reactome:R-HSA-5654738;reactome:R-HSA-5654741;reactome:R-HSA-5654743;reactome:R-HSA-5655253;reactome:R-HSA-5655291;reactome:R-HSA-5655302;reactome:R-HSA-5655332;reactome:R-HSA-5661270;reactome:R-HSA-5663213;reactome:R-HSA-5663220;reactome:R-HSA-5668541;reactome:R-HSA-5668599;reactome:R-HSA-5673000;reactome:R-HSA-5674135;reactome:R-HSA-5674400;reactome:R-HSA-5674499;reactome:R-HSA-5675221;reactome:R-HSA-5676590;reactome:R-HSA-5678895;reactome:R-HSA-5683826;reactome:R-HSA-5684264;reactome:R-HSA-5685938;reactome:R-HSA-5685942;reactome:R-HSA-5687128;reactome:R-HSA-5689896;reactome:R-HSA-5690714;reactome:R-HSA-5693537;reactome:R-HSA-5693538;reactome:R-HSA-5693548;reactome:R-HSA-5693554;reactome:R-HSA-5693565;reactome:R-HSA-5693567;reactome:R-HSA-5693568;reactome:R-HSA-5693571;reactome:R-HSA-5693579;reactome:R-HSA-5693606;reactome:R-HSA-5693607;reactome:R-HSA-5693616;reactome:R-HSA-5696395;reactome:R-HSA-5696398;reactome:R-HSA-5696399;reactome:R-HSA-6781827;reactome:R-HSA-6782135;reactome:R-HSA-6783310;reactome:R-HSA-6783589;reactome:R-HSA-6783783;reactome:R-HSA-6785807;reactome:R-HSA-6787639;reactome:R-HSA-6790901;reactome:R-HSA-6791312;reactome:R-HSA-6796648;reactome:R-HSA-6802946;reactome:R-HSA-6802948;reactome:R-HSA-6802949;reactome:R-HSA-6802952;reactome:R-HSA-6802955;reactome:R-HSA-6802957;reactome:R-HSA-6803157;reactome:R-HSA-6803204;reactome:R-HSA-6803207;reactome:R-HSA-6803544;reactome:R-HSA-6804115;reactome:R-HSA-6804756;reactome:R-HSA-6804757;reactome:R-HSA-6804758;reactome:R-HSA-6804759;reactome:R-HSA-6804760;reactome:R-HSA-6806003;reactome:R-HSA-6806834;reactome:R-HSA-6806942;reactome:R-HSA-6807004;reactome:R-HSA-6807505;reactome:R-HSA-6807878;reactome:R-HSA-6811436;reactome:R-HSA-6811438;reactome:R-HSA-6811440;reactome:R-HSA-6811555;reactome:R-HSA-6811558;reactome:R-HSA-6814122;reactome:R-HSA-68616;reactome:R-HSA-68867;reactome:R-HSA-68875;reactome:R-HSA-68884;reactome:R-HSA-68911;reactome:R-HSA-68949;reactome:R-HSA-68962;reactome:R-HSA-69002;reactome:R-HSA-69017;reactome:R-HSA-69052;reactome:R-HSA-69091;reactome:R-HSA-69109;reactome:R-HSA-69186;reactome:R-HSA-69190;reactome:R-HSA-69200;reactome:R-HSA-69202;reactome:R-HSA-69206;reactome:R-HSA-69231;reactome:R-HSA-69236;reactome:R-HSA-69239;reactome:R-HSA-69273;reactome:R-HSA-69473;reactome:R-HSA-69478;reactome:R-HSA-69541;reactome:R-HSA-69563;reactome:R-HSA-69580;reactome:R-HSA-69601;reactome:R-HSA-69610;reactome:R-HSA-69613;reactome:R-HSA-69615;reactome:R-HSA-69656;reactome:R-HSA-70171;reactome:R-HSA-70221;reactome:R-HSA-70263;reactome:R-HSA-70268;reactome:R-HSA-70326;reactome:R-HSA-70350;reactome:R-HSA-70370;reactome:R-HSA-70635;reactome:R-HSA-70895;reactome:R-HSA-70921;reactome:R-HSA-71032;reactome:R-HSA-71288;reactome:R-HSA-71336;reactome:R-HSA-71403;reactome:R-HSA-71406;reactome:R-HSA-72202;reactome:R-HSA-72613;reactome:R-HSA-72662;reactome:R-HSA-72702;reactome:R-HSA-72737;reactome:R-HSA-73614;reactome:R-HSA-73621;reactome:R-HSA-73728;reactome:R-HSA-73817;reactome:R-HSA-73854;reactome:R-HSA-73864;reactome:R-HSA-73886;reactome:R-HSA-73893;reactome:R-HSA-74217;reactome:R-HSA-74259;reactome:R-HSA-74713;reactome:R-HSA-74749;reactome:R-HSA-74751;reactome:R-HSA-74752;reactome:R-HSA-75035;reactome:R-HSA-75105;reactome:R-HSA-75109;reactome:R-HSA-75153;reactome:R-HSA-75815;reactome:R-HSA-75893;reactome:R-HSA-75955;reactome:R-HSA-76005;reactome:R-HSA-76009;reactome:R-HSA-76042;reactome:R-HSA-77075;reactome:R-HSA-77289;reactome:R-HSA-83936;reactome:R-HSA-877300;reactome:R-HSA-881907;reactome:R-HSA-8847453;reactome:R-HSA-8847993;reactome:R-HSA-8848021;reactome:R-HSA-8849468;reactome:R-HSA-8849469;reactome:R-HSA-8849470;reactome:R-HSA-8849471;reactome:R-HSA-8849472;reactome:R-HSA-8849474;reactome:R-HSA-8850843;reactome:R-HSA-8851805;reactome:R-HSA-8851907;reactome:R-HSA-8852276;reactome:R-HSA-8852405;reactome:R-HSA-8853336;reactome:R-HSA-8853659;reactome:R-HSA-8854518;reactome:R-HSA-8854691;reactome:R-HSA-8856688;reactome:R-HSA-8856825;reactome:R-HSA-8857538;reactome:R-HSA-8862803;reactome:R-HSA-8863678;reactome:R-HSA-8863795;reactome:R-HSA-8866376;reactome:R-HSA-8874081;reactome:R-HSA-8875360;reactome:R-HSA-8875791;reactome:R-HSA-8875878;reactome:R-HSA-8876198;reactome:R-HSA-8876384;reactome:R-HSA-8876493;reactome:R-HSA-8878159;reactome:R-HSA-8878166;reactome:R-HSA-8934593;reactome:R-HSA-8934903;reactome:R-HSA-8939236;reactome:R-HSA-8939243;reactome:R-HSA-8939902;reactome:R-HSA-8940973;reactome:R-HSA-8941326;reactome:R-HSA-8941332;reactome:R-HSA-8941858;reactome:R-HSA-8943724;reactome:R-HSA-8948751;reactome:R-HSA-8953750;reactome:R-HSA-8955332;reactome:R-HSA-8956319;reactome:R-HSA-8956320;reactome:R-HSA-8956321;reactome:R-HSA-8957275;reactome:R-HSA-8963896;reactome:R-HSA-8963898;reactome:R-HSA-8963899;reactome:R-HSA-8964058;reactome:R-HSA-8964539;reactome:R-HSA-8978934;reactome:R-HSA-8979227;reactome:R-HSA-8982491;reactome:R-HSA-8983432;reactome:R-HSA-8984722;reactome:R-HSA-8985947;reactome:R-HSA-8986944;reactome:R-HSA-9006115;reactome:R-HSA-9006335;reactome:R-HSA-9006927;reactome:R-HSA-9006936;reactome:R-HSA-9007101;reactome:R-HSA-9007892;reactome:R-HSA-9008059;reactome:R-HSA-9009391;reactome:R-HSA-9010642;reactome:R-HSA-9012852;reactome:R-HSA-9013420;reactome:R-HSA-9013507;reactome:R-HSA-9013694;reactome:R-HSA-9013973;reactome:R-HSA-9014325;reactome:R-HSA-9018519;reactome:R-HSA-9020558;reactome:R-HSA-9020591;reactome:R-HSA-9020702;reactome:R-HSA-9020933;reactome:R-HSA-9020956;reactome:R-HSA-9020958;reactome:R-HSA-9022692;reactome:R-HSA-9026519;reactome:R-HSA-9026527;reactome:R-HSA-9027276;reactome:R-HSA-9027277;reactome:R-HSA-9027283;reactome:R-HSA-9027284;reactome:R-HSA-9028335;reactome:R-HSA-9028731;reactome:R-HSA-9031628;reactome:R-HSA-9032500;reactome:R-HSA-9032845;reactome:R-HSA-9033241;reactome:R-HSA-9034015;reactome:R-HSA-9034793;reactome:R-HSA-9034864;reactome:R-HSA-909733;reactome:R-HSA-912526;reactome:R-HSA-912631;reactome:R-HSA-917729;reactome:R-HSA-917937;reactome:R-HSA-917977;reactome:R-HSA-918233;reactome:R-HSA-927802;reactome:R-HSA-933541;reactome:R-HSA-933542;reactome:R-HSA-936837;reactome:R-HSA-936964;reactome:R-HSA-937039;reactome:R-HSA-937042;reactome:R-HSA-937061;reactome:R-HSA-937072;reactome:R-HSA-9603381;reactome:R-HSA-9604323;reactome:R-HSA-9607240;reactome:R-HSA-9609523;reactome:R-HSA-9609736;reactome:R-HSA-9613354;reactome:R-HSA-9614085;reactome:R-HSA-9614399;reactome:R-HSA-9619229;reactome:R-HSA-9619483;reactome:R-HSA-9620244;reactome:R-HSA-9627069;reactome:R-HSA-9633012;reactome:R-HSA-9634285;reactome:R-HSA-9634597;reactome:R-HSA-9634600;reactome:R-HSA-9634635;reactome:R-HSA-9634638;reactome:R-HSA-9634815;reactome:R-HSA-9645135;reactome:R-HSA-9645460;reactome:R-HSA-9645723;reactome:R-HSA-9648002;reactome:R-HSA-9648025;reactome:R-HSA-9648895;reactome:R-HSA-964975;reactome:R-HSA-9649948;reactome:R-HSA-9652169;reactome:R-HSA-9656223;reactome:R-HSA-9659379;reactome:R-HSA-9660821;reactome:R-HSA-9660826;reactome:R-HSA-9662360;reactome:R-HSA-9662361;reactome:R-HSA-9662834;reactome:R-HSA-9663891;reactome:R-HSA-9664323;reactome:R-HSA-9664420;reactome:R-HSA-9664424;reactome:R-HSA-9664565;reactome:R-HSA-9665348;reactome:R-HSA-9665686;reactome:R-HSA-9668328;reactome:R-HSA-9669938;reactome:R-HSA-9670439;reactome:R-HSA-9671555;reactome:R-HSA-9673324;reactome:R-HSA-9673766;reactome:R-HSA-9673767;reactome:R-HSA-9673768;reactome:R-HSA-9673770;reactome:R-HSA-9674555;reactome:R-HSA-9679514;reactome:R-HSA-9680350;reactome:R-HSA-9682385;reactome:R-HSA-9682706;reactome:R-HSA-9683610;reactome:R-HSA-9683701;reactome:R-HSA-9694631;reactome:R-HSA-9694635;reactome:R-HSA-9694682;reactome:R-HSA-9694686;reactome:R-HSA-9700206;reactome:R-HSA-9702518;reactome:R-HSA-9703465;reactome:R-HSA-9703648;reactome:R-HSA-9706019;reactome:R-HSA-9706369;reactome:R-HSA-9707564;reactome:R-HSA-9708530;reactome:R-HSA-9725370;reactome:R-HSA-9725371;reactome:R-HSA-9727281;reactome:R-HSA-9732724;reactome:R-HSA-9734009;reactome:R-HSA-9748787;reactome:R-HSA-9749641;reactome:R-HSA-975110;reactome:R-HSA-975138;reactome:R-HSA-975144;reactome:R-HSA-975155;reactome:R-HSA-975163;reactome:R-HSA-9753281;reactome:R-HSA-9755088;reactome:R-HSA-9755511;reactome:R-HSA-9755779;reactome:R-HSA-9757110;reactome:R-HSA-975871;reactome:R-HSA-9758881;reactome:R-HSA-9758890;reactome:R-HSA-9759194;reactome:R-HSA-975957;reactome:R-HSA-9762114;reactome:R-HSA-9768919;reactome:R-HSA-9772572;reactome:R-HSA-9772573;reactome:R-HSA-9793528;reactome:R-HSA-9816359;reactome:R-HSA-9818027;reactome:R-HSA-9820952;reactome:R-HSA-9820965;reactome:R-HSA-9821993;reactome:R-HSA-982772;reactome:R-HSA-9828806;reactome:R-HSA-983170;reactome:R-HSA-983189;reactome:R-HSA-9833482;reactome:R-HSA-9836573;reactome:R-HSA-983695;reactome:R-HSA-9837999;reactome:R-HSA-9840309;wiki:WP176;wiki:WP1780;wiki:WP1784;wiki:WP1788;wiki:WP1795;wiki:WP1797;wiki:WP1799;wiki:WP1803;wiki:WP1809;wiki:WP1812;wiki:WP1815;wiki:WP1820;wiki:WP1826;wiki:WP1831;wiki:WP1835;wiki:WP1839;wiki:WP1840;wiki:WP1841;wiki:WP1842;wiki:WP1843;wiki:WP1845;wiki:WP1850;wiki:WP1852;wiki:WP1865;wiki:WP1866;wiki:WP1867;wiki:WP1868;wiki:WP1871;wiki:WP1872;wiki:WP1873;wiki:WP1885;wiki:WP1892;wiki:WP1895;wiki:WP1903;wiki:WP1904;wiki:WP1907;wiki:WP1908;wiki:WP1909;wiki:WP1910;wiki:WP1913;wiki:WP1916;wiki:WP1919;wiki:WP1925;wiki:WP1927;wiki:WP1928;wiki:WP1937;wiki:WP1939;wiki:WP1946;wiki:WP1978;wiki:WP1980;wiki:WP2267;wiki:WP2333;wiki:WP2533;wiki:WP2650;wiki:WP2653;wiki:WP2654;wiki:WP2656;wiki:WP2657;wiki:WP2662;wiki:WP2664;wiki:WP2670;wiki:WP2673;wiki:WP2675;wiki:WP2677;wiki:WP2678;wiki:WP2679;wiki:WP2688;wiki:WP2694;wiki:WP2709;wiki:WP2710;wiki:WP2712;wiki:WP2713;wiki:WP2714;wiki:WP2717;wiki:WP2720;wiki:WP2721;wiki:WP2722;wiki:WP2724;wiki:WP2731;wiki:WP2732;wiki:WP2733;wiki:WP2741;wiki:WP2742;wiki:WP2747;wiki:WP2748;wiki:WP2752;wiki:WP2755;wiki:WP2760;wiki:WP2761;wiki:WP2762;wiki:WP2763;wiki:WP2765;wiki:WP2766;wiki:WP2768;wiki:WP2772;wiki:WP2773;wiki:WP2776;wiki:WP2777;wiki:WP2780;wiki:WP2781;wiki:WP2786;wiki:WP2791;wiki:WP2792;wiki:WP2794;wiki:WP2799;wiki:WP2801;wiki:WP2824;wiki:WP3307;wiki:WP3308;wiki:WP3309;wiki:WP3313;wiki:WP3315;wiki:WP3316;wiki:WP3317;wiki:WP3318;wiki:WP3331;wiki:WP3332;wiki:WP3334;wiki:WP3335;wiki:WP3336;wiki:WP3338;wiki:WP3348;wiki:WP3349;wiki:WP3351;wiki:WP3352;wiki:WP3357;wiki:WP3363;wiki:WP3365;wiki:WP3374;wiki:WP3376;wiki:WP3379;wiki:WP3380;wiki:WP3381;wiki:WP3388;wiki:WP3391;wiki:WP3395;wiki:WP3396;wiki:WP3397;wiki:WP3401;wiki:WP3404;wiki:WP3513;wiki:WP3543;wiki:WP3545;wiki:WP3549;wiki:WP3550;wiki:WP3556;wiki:WP3565;wiki:WP3567;wiki:WP3569;wiki:WP3575;wiki:WP3578;wiki:WP3579;wiki:WP3656;wiki:WP3795;wiki:WP3798;wiki:WP3802;wiki:WP3804;wiki:WP3806;wiki:WP3807;wiki:WP3808;wiki:WP3810;wiki:WP3811;wiki:WP3816;wiki:WP3817;wiki:WP3818;wiki:WP3823;wiki:WP3827;wiki:WP3828;wiki:WP3838;wiki:WP3933;wiki:WP3953;wiki:WP4034;wiki:WP4039;wiki:WP4042;wiki:WP4050;wiki:WP4052;wiki:WP4058;wiki:WP4059;wiki:WP4061;wiki:WP4063;wiki:WP4065;wiki:WP4066;wiki:WP4068;wiki:WP4070;wiki:WP4072;wiki:WP4074;wiki:WP4075;wiki:WP4082;wiki:WP4083;wiki:WP4084;wiki:WP4093;wiki:WP4095;wiki:WP4097;wiki:WP4101;wiki:WP4107;wiki:WP4109;wiki:WP4110;wiki:WP4114;wiki:WP4115;wiki:WP4117;wiki:WP4119;wiki:WP4120;wiki:WP4122;wiki:WP4126;wiki:WP4129;wiki:WP4131;wiki:WP4195;wiki:WP4224;wiki:WP4236;wiki:WP4321;wiki:WP4404;wiki:WP4409;wiki:WP4413;wiki:WP4414;wiki:WP4415;wiki:WP4421;wiki:WP4422;wiki:WP4428;wiki:WP4430;wiki:WP4431;wiki:WP4432;wiki:WP4436;wiki:WP4437;wiki:WP4441;wiki:WP4442;wiki:WP4443;wiki:WP4448;wiki:WP4452;wiki:WP4453;wiki:WP4458;wiki:WP4459;wiki:WP4461;wiki:WP4518;wiki:WP4629;wiki:WP466;wiki:WP4725;wiki:WP4726;wiki:WP4792;wiki:WP4900;wiki:WP4905;wiki:WP4932;wiki:WP4950;wiki:WP4971;wiki:WP4973;wiki:WP4974;wiki:WP4975;wiki:WP4977;wiki:WP4978;wiki:WP4982;wiki:WP4983;wiki:WP4985;wiki:WP4988;wiki:WP4990;wiki:WP4992;wiki:WP4998;wiki:WP5002;wiki:WP5005;wiki:WP5007;wiki:WP5008;wiki:WP5013;wiki:WP5016;wiki:WP5020;wiki:WP5021;wiki:WP5022;wiki:WP5047;wiki:WP5090;wiki:WP5179;wiki:WP5190;wiki:WP5283;wiki:WP5313;wiki:WP5314;wiki:WP5346;wiki:WP5408;wiki:WP623;wiki:WP692;wiki:WP78",6022,"CHEBI:16761","HMDB0001341","C00008","58-64-0",2137713.16016607,294224.260626627,13.7635051376009,2517273.14278101,2168252.96315424,"C18","Neg",1
"Amide-Neg-000339","Adenosine triphosphate (ATP)","C10 H16 N5 O13 P3",506.99575,92.2,"mzCloud",330,0.27,505.98859,14.068,FALSE,"[M-H]-1","O=P(O)(O)OP(=O)(O)OP(=O)(O)OCC3OC(n2cnc1c(ncnc12)N)C(O)C3O","ZKHQWZAMYRWXGA-KQYNXXCUSA-N","Nucleosides, nucleotides, and analogues","Purine nucleotides","Purine ribonucleotides","kegg:map00020;kegg:map00051;kegg:map00052;kegg:map00071;kegg:map00100;kegg:map00120;kegg:map00190;kegg:map00250;kegg:map00270;kegg:map00280;kegg:map00330;kegg:map00340;kegg:map00360;kegg:map00380;kegg:map00450;kegg:map00480;kegg:map00520;kegg:map00561;kegg:map00562;kegg:map00620;kegg:map00640;kegg:map00650;kegg:map00670;kegg:map00730;kegg:map00740;kegg:map00760;kegg:map00770;kegg:map00780;kegg:map00910;kegg:map00920;kegg:map01040;wiki:WP111;wiki:WP1584;wiki:WP1602;wiki:WP176;wiki:WP1780;wiki:WP1910;wiki:WP1916;wiki:WP2267;wiki:WP2333;wiki:WP2485;wiki:WP2533;wiki:WP2713;wiki:WP2766;wiki:WP2780;wiki:WP3334;wiki:WP3574;wiki:WP3580;wiki:WP3656;wiki:WP3869;wiki:WP4141;wiki:WP4191;wiki:WP4195;wiki:WP4206;wiki:WP4224;wiki:WP4236;wiki:WP4292;wiki:WP4317;wiki:WP4321;wiki:WP4518;wiki:WP4629;wiki:WP4742;wiki:WP4900;wiki:WP4950;wiki:WP521;wiki:WP5283;wiki:WP531;wiki:WP5396;wiki:WP623;wiki:WP692;wiki:WP698;wiki:WP704;wiki:WP715;wiki:WP78",5957,"CHEBI:15422","HMDB0000538","C00002","56-65-5",1453833.1753118,854952.799983985,58.8068022179111,3100407.38655546,1215035.78115607,"Amide","Neg",1
"Amide-Pos-000156","Adenosine triphosphate (ATP)","C10 H16 N5 O13 P3",506.99575,77.9,"mzCloud",330,-1.41,508.0023,14.08,FALSE,"[M+H]+1","O=P(O)(O)OP(=O)(O)OP(=O)(O)OCC3OC(n2cnc1c(ncnc12)N)C(O)C3O","ZKHQWZAMYRWXGA-KQYNXXCUSA-N","Nucleosides, nucleotides, and analogues","Purine nucleotides","Purine ribonucleotides","kegg:map00020;kegg:map00051;kegg:map00052;kegg:map00071;kegg:map00100;kegg:map00120;kegg:map00190;kegg:map00250;kegg:map00270;kegg:map00280;kegg:map00330;kegg:map00340;kegg:map00360;kegg:map00380;kegg:map00450;kegg:map00480;kegg:map00520;kegg:map00561;kegg:map00562;kegg:map00620;kegg:map00640;kegg:map00650;kegg:map00670;kegg:map00730;kegg:map00740;kegg:map00760;kegg:map00770;kegg:map00780;kegg:map00910;kegg:map00920;kegg:map01040;wiki:WP111;wiki:WP1584;wiki:WP1602;wiki:WP176;wiki:WP1780;wiki:WP1910;wiki:WP1916;wiki:WP2267;wiki:WP2333;wiki:WP2485;wiki:WP2533;wiki:WP2713;wiki:WP2766;wiki:WP2780;wiki:WP3334;wiki:WP3574;wiki:WP3580;wiki:WP3656;wiki:WP3869;wiki:WP4141;wiki:WP4191;wiki:WP4195;wiki:WP4206;wiki:WP4224;wiki:WP4236;wiki:WP4292;wiki:WP4317;wiki:WP4321;wiki:WP4518;wiki:WP4629;wiki:WP4742;wiki:WP4900;wiki:WP4950;wiki:WP521;wiki:WP5283;wiki:WP531;wiki:WP5396;wiki:WP623;wiki:WP692;wiki:WP698;wiki:WP704;wiki:WP715;wiki:WP78",5957,"CHEBI:15422","HMDB0000538","C00002","56-65-5",9960371.73277299,5189763.80081176,52.1041175976965,19908493.3182992,8908205.65175787,"Amide","Pos",1
"Amide-Pos-000160","Adenosine triphosphate (ATP)","C10 H16 N5 O13 P3",506.99575,77.9,"mzCloud",330,-1.6,508.00223,13.878,FALSE,"[M+H]+1","O=P(O)(O)OP(=O)(O)OP(=O)(O)OCC3OC(n2cnc1c(ncnc12)N)C(O)C3O","ZKHQWZAMYRWXGA-KQYNXXCUSA-N","Nucleosides, nucleotides, and analogues","Purine nucleotides","Purine ribonucleotides","kegg:map00020;kegg:map00051;kegg:map00052;kegg:map00071;kegg:map00100;kegg:map00120;kegg:map00190;kegg:map00250;kegg:map00270;kegg:map00280;kegg:map00330;kegg:map00340;kegg:map00360;kegg:map00380;kegg:map00450;kegg:map00480;kegg:map00520;kegg:map00561;kegg:map00562;kegg:map00620;kegg:map00640;kegg:map00650;kegg:map00670;kegg:map00730;kegg:map00740;kegg:map00760;kegg:map00770;kegg:map00780;kegg:map00910;kegg:map00920;kegg:map01040;wiki:WP111;wiki:WP1584;wiki:WP1602;wiki:WP176;wiki:WP1780;wiki:WP1910;wiki:WP1916;wiki:WP2267;wiki:WP2333;wiki:WP2485;wiki:WP2533;wiki:WP2713;wiki:WP2766;wiki:WP2780;wiki:WP3334;wiki:WP3574;wiki:WP3580;wiki:WP3656;wiki:WP3869;wiki:WP4141;wiki:WP4191;wiki:WP4195;wiki:WP4206;wiki:WP4224;wiki:WP4236;wiki:WP4292;wiki:WP4317;wiki:WP4321;wiki:WP4518;wiki:WP4629;wiki:WP4742;wiki:WP4900;wiki:WP4950;wiki:WP521;wiki:WP5283;wiki:WP531;wiki:WP5396;wiki:WP623;wiki:WP692;wiki:WP698;wiki:WP704;wiki:WP715;wiki:WP78",5957,"CHEBI:15422","HMDB0000538","C00002","56-65-5",10236415.3485804,4495954.85314977,43.9211843213579,16798790.3912949,8569374.08533953,"Amide","Pos",1
"C18-Pos-000257","Adenylyl(3'-5')cytidine","C19 H25 N8 O11 P",572.13804,85.3,"NIST23",716,-1.2,287.07602,4.39,FALSE,"[M+2H]+2",NA,"ZLVJWOGZEAIPAO-RELRFWDSSA-N","Nucleosides, nucleotides, and analogues","(3'->5')-dinucleotides and analogues","(3'->5')-dinucleotides",NA,NA,NA,NA,NA,NA,309815.230669464,467756.676856939,150.979238769568,1011146.75038705,85745.5352607823,"C18","Pos",0
"C18-Pos-000302","Adenylyl(3'-5')cytidine","C19 H25 N8 O11 P",572.13804,85.3,"NIST23",716,-0.76,287.07608,4.687,FALSE,"[M+2H]+2",NA,"ZLVJWOGZEAIPAO-RELRFWDSSA-N","Nucleosides, nucleotides, and analogues","(3'->5')-dinucleotides and analogues","(3'->5')-dinucleotides",NA,NA,NA,NA,NA,NA,83256.9721483495,84752.4846864895,101.796261021209,316907.499789279,56928.1786364891,"C18","Pos",0
"C8-Neg-000005","Adrenic acid","C22 H36 O2",332.27153,97.2,"mzCloud",6824,-0.86,331.26397,5.835,FALSE,"[M-H]-1","CCCCCC=CCC=CCC=CCC=CCCCCCC(=O)O","TWSWSIQAPQLDBP-DOFZRALJSA-N","Lipids and lipid-like molecules","Fatty Acyls","Fatty acids and conjugates","kegg:map00592;reactome:R-HSA-2980736;reactome:R-HSA-381771;reactome:R-HSA-400508;reactome:R-HSA-444209;wiki:WP2728;wiki:WP4723;wiki:WP5122;wiki:WP5321",5497181,"CHEBI:53487","HMDB0002226","C16527","28874-58-0",29676327.0000937,14794449.697551,49.8526980697586,70950046.7515978,27476556.4265701,"C8","Neg",0
"C8-Neg-000069","Adrenic acid","C22 H36 O2",332.27153,97.2,"mzCloud",6824,-1.29,331.26383,5.987,FALSE,"[M-H]-1","CCCCCC=CCC=CCC=CCC=CCCCCCC(=O)O","TWSWSIQAPQLDBP-DOFZRALJSA-N","Lipids and lipid-like molecules","Fatty Acyls","Fatty acids and conjugates","kegg:map00592;reactome:R-HSA-2980736;reactome:R-HSA-381771;reactome:R-HSA-400508;reactome:R-HSA-444209;wiki:WP2728;wiki:WP4723;wiki:WP5122;wiki:WP5321",5497181,"CHEBI:53487","HMDB0002226","C16527","28874-58-0",1483901.593357,469874.430082654,31.6647971931662,2054300.66561731,1573114.25046325,"C8","Neg",0
"C8-Neg-000062","Arachidic acid","C20 H40 O2",312.30283,64.1,"MoNA",114796,-0.99,311.29525,6.827,FALSE,"[M-H]-1","CCCCCCCCCCCCCCCCCCCC(=O)O","VKOBVWXKNCXXDE-UHFFFAOYSA-N","Lipids and lipid-like molecules","Fatty Acyls","Fatty acids and conjugates","reactome:R-HSA-425397;reactome:R-HSA-5619108;reactome:R-HSA-804914;wiki:WP1937;wiki:WP4724",10467,"CHEBI:28822","HMDB0002212","C06425","506-30-9",1704375.8496643,768480.039333572,45.0886486971131,5226053.3519199,1549674.41130944,"C8","Neg",0
"C8-Neg-000206","Arachidic acid","C20 H40 O2",312.30283,64.1,"MoNA",114796,-1.01,311.29524,6.5,FALSE,"[M-H]-1","CCCCCCCCCCCCCCCCCCCC(=O)O","VKOBVWXKNCXXDE-UHFFFAOYSA-N","Lipids and lipid-like molecules","Fatty Acyls","Fatty acids and conjugates","reactome:R-HSA-425397;reactome:R-HSA-5619108;reactome:R-HSA-804914;wiki:WP1937;wiki:WP4724",10467,"CHEBI:28822","HMDB0002212","C06425","506-30-9",161105.63617404,46377.0146213776,28.7867114538917,287905.485735923,154473.995134349,"C8","Neg",0
"Amide-Neg-000277","Arachidonic acid","C20 H32 O2",304.24023,57.8,"mzCloud",2742,0.17,303.23301,1.095,FALSE,"[M-H]-1","CCCCCC=CCC=CCC=CCC=CCCCC(=O)O","YZXBAPSDXZZRGB-DOFZRALJSA-N","Lipids and lipid-like molecules","Fatty Acyls","Fatty acids and conjugates","kegg:map00590;kegg:map00592;reactome:R-HSA-111885;reactome:R-HSA-111995;reactome:R-HSA-111996;reactome:R-HSA-112040;reactome:R-HSA-112043;reactome:R-HSA-112310;reactome:R-HSA-114508;reactome:R-HSA-1368082;reactome:R-HSA-1368108;reactome:R-HSA-140180;reactome:R-HSA-1592230;reactome:R-HSA-1655829;reactome:R-HSA-1989781;reactome:R-HSA-2029485;reactome:R-HSA-211935;reactome:R-HSA-211958;reactome:R-HSA-2142670;reactome:R-HSA-2142688;reactome:R-HSA-2142691;reactome:R-HSA-2142696;reactome:R-HSA-2142712;reactome:R-HSA-2142770;reactome:R-HSA-2142816;reactome:R-HSA-2151201;reactome:R-HSA-2162123;reactome:R-HSA-2426168;reactome:R-HSA-381340;reactome:R-HSA-400206;reactome:R-HSA-400253;reactome:R-HSA-426048;reactome:R-HSA-5579011;reactome:R-HSA-5579029;reactome:R-HSA-5668599;reactome:R-HSA-75105;reactome:R-HSA-75876;reactome:R-HSA-9707564;reactome:R-HSA-9707616;wiki:WP167;wiki:WP1797;wiki:WP1809;wiki:WP1871;wiki:WP1978;wiki:WP2197;wiki:WP231;wiki:WP2431;wiki:WP2435;wiki:WP2513;wiki:WP2526;wiki:WP2650;wiki:WP2706;wiki:WP2751;wiki:WP2797;wiki:WP3331;wiki:WP3355;wiki:WP3370;wiki:WP3396;wiki:WP3869;wiki:WP4114;wiki:WP4195;wiki:WP4216;wiki:WP4313;wiki:WP4341;wiki:WP4483;wiki:WP4580;wiki:WP4586;wiki:WP4719;wiki:WP4720;wiki:WP4721;wiki:WP4723;wiki:WP4853;wiki:WP4969;wiki:WP5094;wiki:WP5122;wiki:WP5155;wiki:WP5171;wiki:WP5321;wiki:WP678;wiki:WP98",444899,"CHEBI:15843","HMDB0001043","C00219","506-32-1",1179767.494098,1015451.2964623,86.0721541780288,4543708.40796893,920452.674515705,"Amide","Neg",1
"C8-Neg-000001","Arachidonic acid","C20 H32 O2",304.24023,95.8,"mzCloud",2742,-1.5,303.23249,5.392,FALSE,"[M-H]-1","CCCCCC=CCC=CCC=CCC=CCCCC(=O)O","YZXBAPSDXZZRGB-DOFZRALJSA-N","Lipids and lipid-like molecules","Fatty Acyls","Fatty acids and conjugates","kegg:map00590;kegg:map00592;reactome:R-HSA-111885;reactome:R-HSA-111995;reactome:R-HSA-111996;reactome:R-HSA-112040;reactome:R-HSA-112043;reactome:R-HSA-112310;reactome:R-HSA-114508;reactome:R-HSA-1368082;reactome:R-HSA-1368108;reactome:R-HSA-140180;reactome:R-HSA-1592230;reactome:R-HSA-1655829;reactome:R-HSA-1989781;reactome:R-HSA-2029485;reactome:R-HSA-211935;reactome:R-HSA-211958;reactome:R-HSA-2142670;reactome:R-HSA-2142688;reactome:R-HSA-2142691;reactome:R-HSA-2142696;reactome:R-HSA-2142712;reactome:R-HSA-2142770;reactome:R-HSA-2142816;reactome:R-HSA-2151201;reactome:R-HSA-2162123;reactome:R-HSA-2426168;reactome:R-HSA-381340;reactome:R-HSA-400206;reactome:R-HSA-400253;reactome:R-HSA-426048;reactome:R-HSA-5579011;reactome:R-HSA-5579029;reactome:R-HSA-5668599;reactome:R-HSA-75105;reactome:R-HSA-75876;reactome:R-HSA-9707564;reactome:R-HSA-9707616;wiki:WP167;wiki:WP1797;wiki:WP1809;wiki:WP1871;wiki:WP1978;wiki:WP2197;wiki:WP231;wiki:WP2431;wiki:WP2435;wiki:WP2513;wiki:WP2526;wiki:WP2650;wiki:WP2706;wiki:WP2751;wiki:WP2797;wiki:WP3331;wiki:WP3355;wiki:WP3370;wiki:WP3396;wiki:WP3869;wiki:WP4114;wiki:WP4195;wiki:WP4216;wiki:WP4313;wiki:WP4341;wiki:WP4483;wiki:WP4580;wiki:WP4586;wiki:WP4719;wiki:WP4720;wiki:WP4721;wiki:WP4723;wiki:WP4853;wiki:WP4969;wiki:WP5094;wiki:WP5122;wiki:WP5155;wiki:WP5171;wiki:WP5321;wiki:WP678;wiki:WP98",444899,"CHEBI:15843","HMDB0001043","C00219","506-32-1",307657327.428734,118854835.493167,38.6322134715608,631727010.32025,290887474.422143,"C8","Neg",1
"C8-Neg-000075","Arachidonic acid","C20 H32 O2",304.24023,95.8,"mzCloud",2742,-1.26,303.23257,7.255,FALSE,"[M-H]-1","CCCCCC=CCC=CCC=CCC=CCCCC(=O)O","YZXBAPSDXZZRGB-DOFZRALJSA-N","Lipids and lipid-like molecules","Fatty Acyls","Fatty acids and conjugates","kegg:map00590;kegg:map00592;reactome:R-HSA-111885;reactome:R-HSA-111995;reactome:R-HSA-111996;reactome:R-HSA-112040;reactome:R-HSA-112043;reactome:R-HSA-112310;reactome:R-HSA-114508;reactome:R-HSA-1368082;reactome:R-HSA-1368108;reactome:R-HSA-140180;reactome:R-HSA-1592230;reactome:R-HSA-1655829;reactome:R-HSA-1989781;reactome:R-HSA-2029485;reactome:R-HSA-211935;reactome:R-HSA-211958;reactome:R-HSA-2142670;reactome:R-HSA-2142688;reactome:R-HSA-2142691;reactome:R-HSA-2142696;reactome:R-HSA-2142712;reactome:R-HSA-2142770;reactome:R-HSA-2142816;reactome:R-HSA-2151201;reactome:R-HSA-2162123;reactome:R-HSA-2426168;reactome:R-HSA-381340;reactome:R-HSA-400206;reactome:R-HSA-400253;reactome:R-HSA-426048;reactome:R-HSA-5579011;reactome:R-HSA-5579029;reactome:R-HSA-5668599;reactome:R-HSA-75105;reactome:R-HSA-75876;reactome:R-HSA-9707564;reactome:R-HSA-9707616;wiki:WP167;wiki:WP1797;wiki:WP1809;wiki:WP1871;wiki:WP1978;wiki:WP2197;wiki:WP231;wiki:WP2431;wiki:WP2435;wiki:WP2513;wiki:WP2526;wiki:WP2650;wiki:WP2706;wiki:WP2751;wiki:WP2797;wiki:WP3331;wiki:WP3355;wiki:WP3370;wiki:WP3396;wiki:WP3869;wiki:WP4114;wiki:WP4195;wiki:WP4216;wiki:WP4313;wiki:WP4341;wiki:WP4483;wiki:WP4580;wiki:WP4586;wiki:WP4719;wiki:WP4720;wiki:WP4721;wiki:WP4723;wiki:WP4853;wiki:WP4969;wiki:WP5094;wiki:WP5122;wiki:WP5155;wiki:WP5171;wiki:WP5321;wiki:WP678;wiki:WP98",444899,"CHEBI:15843","HMDB0001043","C00219","506-32-1",2860643.88450369,1260193.38820225,44.052788081341,4195068.07668416,2755710.96244052,"C8","Neg",1
"C8-Pos-000205","Arachidonic acid","C20 H32 O2",304.24023,69.5,"mzCloud",2742,-0.39,287.23683,5.14,FALSE,"[M+H-H2O]+1","CCCCCC=CCC=CCC=CCC=CCCCC(=O)O","YZXBAPSDXZZRGB-DOFZRALJSA-N","Lipids and lipid-like molecules","Fatty Acyls","Fatty acids and conjugates","kegg:map00590;kegg:map00592;reactome:R-HSA-111885;reactome:R-HSA-111995;reactome:R-HSA-111996;reactome:R-HSA-112040;reactome:R-HSA-112043;reactome:R-HSA-112310;reactome:R-HSA-114508;reactome:R-HSA-1368082;reactome:R-HSA-1368108;reactome:R-HSA-140180;reactome:R-HSA-1592230;reactome:R-HSA-1655829;reactome:R-HSA-1989781;reactome:R-HSA-2029485;reactome:R-HSA-211935;reactome:R-HSA-211958;reactome:R-HSA-2142670;reactome:R-HSA-2142688;reactome:R-HSA-2142691;reactome:R-HSA-2142696;reactome:R-HSA-2142712;reactome:R-HSA-2142770;reactome:R-HSA-2142816;reactome:R-HSA-2151201;reactome:R-HSA-2162123;reactome:R-HSA-2426168;reactome:R-HSA-381340;reactome:R-HSA-400206;reactome:R-HSA-400253;reactome:R-HSA-426048;reactome:R-HSA-5579011;reactome:R-HSA-5579029;reactome:R-HSA-5668599;reactome:R-HSA-75105;reactome:R-HSA-75876;reactome:R-HSA-9707564;reactome:R-HSA-9707616;wiki:WP167;wiki:WP1797;wiki:WP1809;wiki:WP1871;wiki:WP1978;wiki:WP2197;wiki:WP231;wiki:WP2431;wiki:WP2435;wiki:WP2513;wiki:WP2526;wiki:WP2650;wiki:WP2706;wiki:WP2751;wiki:WP2797;wiki:WP3331;wiki:WP3355;wiki:WP3370;wiki:WP3396;wiki:WP3869;wiki:WP4114;wiki:WP4195;wiki:WP4216;wiki:WP4313;wiki:WP4341;wiki:WP4483;wiki:WP4580;wiki:WP4586;wiki:WP4719;wiki:WP4720;wiki:WP4721;wiki:WP4723;wiki:WP4853;wiki:WP4969;wiki:WP5094;wiki:WP5122;wiki:WP5155;wiki:WP5171;wiki:WP5321;wiki:WP678;wiki:WP98",444899,"CHEBI:15843","HMDB0001043","C00219","506-32-1",5511992.21339875,2942089.25477502,53.3761504166005,9381895.04187271,3590617.54796644,"C8","Pos",1
"C8-Pos-000343","Arachidonic acid","C20 H32 O2",304.24023,69.5,"mzCloud",2742,1.19,287.23676,5.074,FALSE,"[M+H-H2O]+1","CCCCCC=CCC=CCC=CCC=CCCCC(=O)O","YZXBAPSDXZZRGB-DOFZRALJSA-N","Lipids and lipid-like molecules","Fatty Acyls","Fatty acids and conjugates","kegg:map00590;kegg:map00592;reactome:R-HSA-111885;reactome:R-HSA-111995;reactome:R-HSA-111996;reactome:R-HSA-112040;reactome:R-HSA-112043;reactome:R-HSA-112310;reactome:R-HSA-114508;reactome:R-HSA-1368082;reactome:R-HSA-1368108;reactome:R-HSA-140180;reactome:R-HSA-1592230;reactome:R-HSA-1655829;reactome:R-HSA-1989781;reactome:R-HSA-2029485;reactome:R-HSA-211935;reactome:R-HSA-211958;reactome:R-HSA-2142670;reactome:R-HSA-2142688;reactome:R-HSA-2142691;reactome:R-HSA-2142696;reactome:R-HSA-2142712;reactome:R-HSA-2142770;reactome:R-HSA-2142816;reactome:R-HSA-2151201;reactome:R-HSA-2162123;reactome:R-HSA-2426168;reactome:R-HSA-381340;reactome:R-HSA-400206;reactome:R-HSA-400253;reactome:R-HSA-426048;reactome:R-HSA-5579011;reactome:R-HSA-5579029;reactome:R-HSA-5668599;reactome:R-HSA-75105;reactome:R-HSA-75876;reactome:R-HSA-9707564;reactome:R-HSA-9707616;wiki:WP167;wiki:WP1797;wiki:WP1809;wiki:WP1871;wiki:WP1978;wiki:WP2197;wiki:WP231;wiki:WP2431;wiki:WP2435;wiki:WP2513;wiki:WP2526;wiki:WP2650;wiki:WP2706;wiki:WP2751;wiki:WP2797;wiki:WP3331;wiki:WP3355;wiki:WP3370;wiki:WP3396;wiki:WP3869;wiki:WP4114;wiki:WP4195;wiki:WP4216;wiki:WP4313;wiki:WP4341;wiki:WP4483;wiki:WP4580;wiki:WP4586;wiki:WP4719;wiki:WP4720;wiki:WP4721;wiki:WP4723;wiki:WP4853;wiki:WP4969;wiki:WP5094;wiki:WP5122;wiki:WP5155;wiki:WP5171;wiki:WP5321;wiki:WP678;wiki:WP98",444899,"CHEBI:15843","HMDB0001043","C00219","506-32-1",1033813.99161267,897613.414190153,86.8254271534809,3456014.56065195,676009.838352476,"C8","Pos",1
"Amide-Neg-000005","Ascorbic acid","C6 H8 O6",176.03209,77.8,"mzCloud",325,-0.52,175.02472,9.485,FALSE,"[M-H]-1","O=C1O[C@H]([C@@H](O)CO)C(O)=C1O","CIWBSHSKHKDKBQ-JLAZNSOCSA-N","Organoheterocyclic compounds","Dihydrofurans","Furanones","kegg:map00350;reactome:R-HSA-1234174;reactome:R-HSA-1234176;reactome:R-HSA-1474151;reactome:R-HSA-1474290;reactome:R-HSA-1650814;reactome:R-HSA-196836;reactome:R-HSA-209776;reactome:R-HSA-209905;reactome:R-HSA-5221030;reactome:R-HSA-71262;reactome:R-HSA-8963684;reactome:R-HSA-8963691;reactome:R-HSA-8978934;wiki:WP1533;wiki:WP1995;wiki:WP2725;wiki:WP2727;wiki:WP2848;wiki:WP3372;wiki:WP3548;wiki:WP4269;wiki:WP4981;wiki:WP4990;wiki:WP4996",54670067,"CHEBI:29073","HMDB0000044","C00072","50-81-7",186092778.252413,NA,NA,186092778.252413,186092778.252413,"Amide","Neg",1
"Amide-Neg-000012","Ascorbic acid","C6 H8 O6",176.03209,77.8,"mzCloud",325,-0.46,175.02473,10.076,FALSE,"[M-H]-1","O=C1O[C@H]([C@@H](O)CO)C(O)=C1O","CIWBSHSKHKDKBQ-JLAZNSOCSA-N","Organoheterocyclic compounds","Dihydrofurans","Furanones","kegg:map00350;reactome:R-HSA-1234174;reactome:R-HSA-1234176;reactome:R-HSA-1474151;reactome:R-HSA-1474290;reactome:R-HSA-1650814;reactome:R-HSA-196836;reactome:R-HSA-209776;reactome:R-HSA-209905;reactome:R-HSA-5221030;reactome:R-HSA-71262;reactome:R-HSA-8963684;reactome:R-HSA-8963691;reactome:R-HSA-8978934;wiki:WP1533;wiki:WP1995;wiki:WP2725;wiki:WP2727;wiki:WP2848;wiki:WP3372;wiki:WP3548;wiki:WP4269;wiki:WP4981;wiki:WP4990;wiki:WP4996",54670067,"CHEBI:29073","HMDB0000044","C00072","50-81-7",85377265.6956722,25918585.02342,30.3577126911125,124397373.405985,83015011.2309564,"Amide","Neg",1
"C18-Neg-000001","Ascorbic acid","C6 H8 O6",176.03209,69.6,"mzCloud",325,0.39,175.02488,1.533,FALSE,"[M-H]-1","O=C1O[C@H]([C@@H](O)CO)C(O)=C1O","CIWBSHSKHKDKBQ-JLAZNSOCSA-N","Organoheterocyclic compounds","Dihydrofurans","Furanones","kegg:map00350;reactome:R-HSA-1234174;reactome:R-HSA-1234176;reactome:R-HSA-1474151;reactome:R-HSA-1474290;reactome:R-HSA-1650814;reactome:R-HSA-196836;reactome:R-HSA-209776;reactome:R-HSA-209905;reactome:R-HSA-5221030;reactome:R-HSA-71262;reactome:R-HSA-8963684;reactome:R-HSA-8963691;reactome:R-HSA-8978934;wiki:WP1533;wiki:WP1995;wiki:WP2725;wiki:WP2727;wiki:WP2848;wiki:WP3372;wiki:WP3548;wiki:WP4269;wiki:WP4981;wiki:WP4990;wiki:WP4996",54670067,"CHEBI:29073","HMDB0000044","C00072","50-81-7",243998117.078244,83312093.9294266,34.1445642806786,369645751.728655,263705107.967962,"C18","Neg",1
"C18-Neg-000003","Ascorbic acid","C6 H8 O6",176.03209,69.6,"mzCloud",325,0,175.02481,1.328,FALSE,"[M-H]-1","O=C1O[C@H]([C@@H](O)CO)C(O)=C1O","CIWBSHSKHKDKBQ-JLAZNSOCSA-N","Organoheterocyclic compounds","Dihydrofurans","Furanones","kegg:map00350;reactome:R-HSA-1234174;reactome:R-HSA-1234176;reactome:R-HSA-1474151;reactome:R-HSA-1474290;reactome:R-HSA-1650814;reactome:R-HSA-196836;reactome:R-HSA-209776;reactome:R-HSA-209905;reactome:R-HSA-5221030;reactome:R-HSA-71262;reactome:R-HSA-8963684;reactome:R-HSA-8963691;reactome:R-HSA-8978934;wiki:WP1533;wiki:WP1995;wiki:WP2725;wiki:WP2727;wiki:WP2848;wiki:WP3372;wiki:WP3548;wiki:WP4269;wiki:WP4981;wiki:WP4990;wiki:WP4996",54670067,"CHEBI:29073","HMDB0000044","C00072","50-81-7",35035555.9811534,19704296.4657919,56.2408556507321,55721321.3741317,29211106.9251362,"C18","Neg",1
"Amide-Neg-000461","Asparagine","C4 H8 N2 O3",132.05349,62.4,"mzCloud",326,-0.43,131.04616,12.442,FALSE,"[M-H]-1","C(C(C(=O)O)N)C(=N)O","DCXYFEDJOCDNAF-REOHCLBHSA-N","Organic acids and derivatives","Carboxylic acids and derivatives","Amino acids, peptides, and analogues","kegg:map00250;kegg:map00910;reactome:R-HSA-352230;reactome:R-HSA-379716;reactome:R-HSA-379724;reactome:R-HSA-379726;reactome:R-HSA-442660;reactome:R-HSA-5676934;reactome:R-HSA-8963693;wiki:WP106;wiki:WP1938;wiki:WP3800;wiki:WP3953;wiki:WP4290;wiki:WP4979",6267,"CHEBI:17196","HMDB0000168","C00152","70-47-3",392974.313150644,242496.507230257,61.707979151629,1125414.65262706,318797.612173236,"Amide","Neg",1
"Amide-Pos-000280","Asparagine","C4 H8 N2 O3",132.05349,90.1,"mzCloud",326,-1.1,133.06062,12.432,FALSE,"[M+H]+1","C(C(C(=O)O)N)C(=N)O","DCXYFEDJOCDNAF-REOHCLBHSA-N","Organic acids and derivatives","Carboxylic acids and derivatives","Amino acids, peptides, and analogues","kegg:map00250;kegg:map00910;reactome:R-HSA-352230;reactome:R-HSA-379716;reactome:R-HSA-379724;reactome:R-HSA-379726;reactome:R-HSA-442660;reactome:R-HSA-5676934;reactome:R-HSA-8963693;wiki:WP106;wiki:WP1938;wiki:WP3800;wiki:WP3953;wiki:WP4290;wiki:WP4979",6267,"CHEBI:17196","HMDB0000168","C00152","70-47-3",2695799.47291053,1159232.18379074,43.0014248255331,6539358.0759535,2664950.77993819,"Amide","Pos",1
"Amide-Pos-000559","Asparagine","C4 H8 N2 O3",132.05349,90.1,"mzCloud",326,-1.74,133.06054,12.822,FALSE,"[M+H]+1","C(C(C(=O)O)N)C(=N)O","DCXYFEDJOCDNAF-REOHCLBHSA-N","Organic acids and derivatives","Carboxylic acids and derivatives","Amino acids, peptides, and analogues","kegg:map00250;kegg:map00910;reactome:R-HSA-352230;reactome:R-HSA-379716;reactome:R-HSA-379724;reactome:R-HSA-379726;reactome:R-HSA-442660;reactome:R-HSA-5676934;reactome:R-HSA-8963693;wiki:WP106;wiki:WP1938;wiki:WP3800;wiki:WP3953;wiki:WP4290;wiki:WP4979",6267,"CHEBI:17196","HMDB0000168","C00152","70-47-3",49569.9533965277,43017.72813111,86.7818611548731,156279.93317236,31766.655465748,"Amide","Pos",1
"Amide-Neg-000064","Benzenesulfonic acid, dodecyl(sulfophenoxy)-","C24 H34 O7 S2",498.17459,88,"NIST23",419,-0.21,248.07997,1.618,FALSE,"[M-2H]-2","CCCCCCCCCCCCc1cc(Oc2ccc(S(=O)(=O)O)cc2)ccc1S(=O)(=O)O","VHPYFVGYHUYYCU-UHFFFAOYSA-N","Organic compounds","Benzenoids","Benzene and substituted derivatives",NA,172428,NA,NA,NA,"901529-16-6",5863583.1776773,2428402.29798292,41.4149884873786,9745442.68666265,5691740.36026151,"Amide","Neg",0
"Amide-Neg-000088","Benzenesulfonic acid, dodecyl(sulfophenoxy)-","C24 H34 O7 S2",498.17459,88,"NIST23",419,0.08,248.08003,1.352,FALSE,"[M-2H]-2","CCCCCCCCCCCCc1cc(Oc2ccc(S(=O)(=O)O)cc2)ccc1S(=O)(=O)O","VHPYFVGYHUYYCU-UHFFFAOYSA-N","Organic compounds","Benzenoids","Benzene and substituted derivatives",NA,172428,NA,NA,NA,"901529-16-6",3734807.72633816,3026616.12512036,81.0380706823652,8411948.21677117,3966405.02451934,"Amide","Neg",0
"Amide-Pos-000052","Betaine","C5 H11 N O2",117.07898,84,"mzCloud",894,-1.23,118.08612,8.81,FALSE,"[M+H]+1","C[N+](C)(C)CC(=O)[O-]","KWIUHFFTVRNATP-UHFFFAOYSA-N","Organic acids and derivatives","Carboxylic acids and derivatives","Amino acids, peptides, and analogues","kegg:map00270;kegg:map00564;reactome:R-HSA-112310;reactome:R-HSA-114516;reactome:R-HSA-1168372;reactome:R-HSA-1169091;reactome:R-HSA-1227986;reactome:R-HSA-1250196;reactome:R-HSA-1482801;reactome:R-HSA-1483101;reactome:R-HSA-1483213;reactome:R-HSA-1614635;reactome:R-HSA-3000471;reactome:R-HSA-3000480;reactome:R-HSA-3000497;reactome:R-HSA-352230;reactome:R-HSA-399719;reactome:R-HSA-399721;reactome:R-HSA-4086398;reactome:R-HSA-4086400;reactome:R-HSA-416993;reactome:R-HSA-418597;reactome:R-HSA-442660;reactome:R-HSA-5099900;reactome:R-HSA-6798163;reactome:R-HSA-76005;reactome:R-HSA-888590;reactome:R-HSA-888593;reactome:R-HSA-936837;wiki:WP241;wiki:WP2525;wiki:WP2533;wiki:WP2685;wiki:WP3574;wiki:WP3580;wiki:WP3933;wiki:WP4090;wiki:WP4195;wiki:WP4288;wiki:WP4292;wiki:WP4504;wiki:WP4722;wiki:WP4949;wiki:WP5219;wiki:WP528",247,"CHEBI:17750",NA,"C00719","107-43-7",182670236.82064,47104184.3726038,25.7864582607698,278787430.332318,178736468.735253,"Amide","Pos",0
"Amide-Pos-000074","Betaine","C5 H11 N O2",117.07898,84,"mzCloud",894,-1.23,118.08611,8.938,FALSE,"[M+H]+1","C[N+](C)(C)CC(=O)[O-]","KWIUHFFTVRNATP-UHFFFAOYSA-N","Organic acids and derivatives","Carboxylic acids and derivatives","Amino acids, peptides, and analogues","kegg:map00270;kegg:map00564;reactome:R-HSA-112310;reactome:R-HSA-114516;reactome:R-HSA-1168372;reactome:R-HSA-1169091;reactome:R-HSA-1227986;reactome:R-HSA-1250196;reactome:R-HSA-1482801;reactome:R-HSA-1483101;reactome:R-HSA-1483213;reactome:R-HSA-1614635;reactome:R-HSA-3000471;reactome:R-HSA-3000480;reactome:R-HSA-3000497;reactome:R-HSA-352230;reactome:R-HSA-399719;reactome:R-HSA-399721;reactome:R-HSA-4086398;reactome:R-HSA-4086400;reactome:R-HSA-416993;reactome:R-HSA-418597;reactome:R-HSA-442660;reactome:R-HSA-5099900;reactome:R-HSA-6798163;reactome:R-HSA-76005;reactome:R-HSA-888590;reactome:R-HSA-888593;reactome:R-HSA-936837;wiki:WP241;wiki:WP2525;wiki:WP2533;wiki:WP2685;wiki:WP3574;wiki:WP3580;wiki:WP3933;wiki:WP4090;wiki:WP4195;wiki:WP4288;wiki:WP4292;wiki:WP4504;wiki:WP4722;wiki:WP4949;wiki:WP5219;wiki:WP528",247,"CHEBI:17750",NA,"C00719","107-43-7",97437237.7049469,NA,NA,97437237.7049469,97437237.7049469,"Amide","Pos",0
"C18-Pos-000295","Bilirubin","C33 H36 N4 O6",584.26348,60.3,"mzCloud",334,-1.38,585.26996,12.342,FALSE,"[M+H]+1","CC1=C(NC(=C1CCC(=O)O)CC2=C(C(=C(N2)/C=C\3/C(=C(C(=O)N3)C)C=C)C)CCC(=O)O)/C=C\4/C(=C(C(=O)N4)C=C)C","BPYKTIZUTYGOLE-IFADSCNNSA-N","Organoheterocyclic compounds","Tetrapyrroles and derivatives","Bilirubins","kegg:map00860;wiki:WP1852;wiki:WP2289;wiki:WP4495",5280352,"CHEBI:16990","HMDB0000054","C00486","635-65-4",167680.994774703,91416.7229769016,54.518237501948,410720.192250291,140380.387391754,"C18","Pos",1
"C18-Pos-000336","Bilirubin","C33 H36 N4 O6",584.26348,60.3,"mzCloud",334,-1.31,585.27,10.914,FALSE,"[M+H]+1","CC1=C(NC(=C1CCC(=O)O)CC2=C(C(=C(N2)/C=C\3/C(=C(C(=O)N3)C)C=C)C)CCC(=O)O)/C=C\4/C(=C(C(=O)N4)C=C)C","BPYKTIZUTYGOLE-IFADSCNNSA-N","Organoheterocyclic compounds","Tetrapyrroles and derivatives","Bilirubins","kegg:map00860;wiki:WP1852;wiki:WP2289;wiki:WP4495",5280352,"CHEBI:16990","HMDB0000054","C00486","635-65-4",23117.8228232217,12126.2040590539,52.4539190034505,40461.2232942939,19633.8467250408,"C18","Pos",1
"C8-Pos-000612","Bilirubin","C33 H36 N4 O6",584.26348,73.3,"mzCloud",334,0.01,585.27077,3.685,FALSE,"[M+H]+1","CC1=C(NC(=C1CCC(=O)O)CC2=C(C(=C(N2)/C=C\3/C(=C(C(=O)N3)C)C=C)C)CCC(=O)O)/C=C\4/C(=C(C(=O)N4)C=C)C","BPYKTIZUTYGOLE-IFADSCNNSA-N","Organoheterocyclic compounds","Tetrapyrroles and derivatives","Bilirubins","kegg:map00860;wiki:WP1852;wiki:WP2289;wiki:WP4495",5280352,"CHEBI:16990","HMDB0000054","C00486","635-65-4",191203.843999371,115030.757054709,60.1613203210954,491321.504823597,167700.427615854,"C8","Pos",1
"C8-Pos-000717","Bilirubin","C33 H36 N4 O6",584.26348,73.3,"mzCloud",334,0.11,585.27083,3.295,FALSE,"[M+H]+1","CC1=C(NC(=C1CCC(=O)O)CC2=C(C(=C(N2)/C=C\3/C(=C(C(=O)N3)C)C=C)C)CCC(=O)O)/C=C\4/C(=C(C(=O)N4)C=C)C","BPYKTIZUTYGOLE-IFADSCNNSA-N","Organoheterocyclic compounds","Tetrapyrroles and derivatives","Bilirubins","kegg:map00860;wiki:WP1852;wiki:WP2289;wiki:WP4495",5280352,"CHEBI:16990","HMDB0000054","C00486","635-65-4",29650.3706796732,18500.2516655124,62.3946724490538,73042.665535315,22002.0193086523,"C8","Pos",1
"C18-Neg-000200","Biotin","C10 H16 N2 O3 S",244.08816,52,"mzCloud",336,-0.65,243.08072,8.15,FALSE,"[M-H]-1","C1C2C(C(S1)CCCCC(=O)O)NC(=O)N2","YBJHBAHKTGYVGT-ZKWXMUAHSA-N","Organoheterocyclic compounds","Biotin and derivatives",NA,"kegg:map00020;kegg:map00250;kegg:map00280;kegg:map00620;kegg:map00640;kegg:map00780;kegg:map00910;reactome:R-HSA-196780;reactome:R-HSA-3296482;reactome:R-HSA-3323169;reactome:R-HSA-3371599;reactome:R-HSA-425397;wiki:WP1937;wiki:WP4093;wiki:WP4686;wiki:WP5031",171548,"CHEBI:15956","HMDB0000030","C00120","58-85-5",220549.478816037,292362.162886778,132.560804249572,554006.141499962,99435.0145717987,"C18","Neg",1
"C18-Pos-000181","Biotin","C10 H16 N2 O3 S",244.08816,97.7,"mzCloud",336,-0.99,245.0952,8.092,FALSE,"[M+H]+1","C1C2C(C(S1)CCCCC(=O)O)NC(=O)N2","YBJHBAHKTGYVGT-ZKWXMUAHSA-N","Organoheterocyclic compounds","Biotin and derivatives",NA,"kegg:map00020;kegg:map00250;kegg:map00280;kegg:map00620;kegg:map00640;kegg:map00780;kegg:map00910;reactome:R-HSA-196780;reactome:R-HSA-3296482;reactome:R-HSA-3323169;reactome:R-HSA-3371599;reactome:R-HSA-425397;wiki:WP1937;wiki:WP4093;wiki:WP4686;wiki:WP5031",171548,"CHEBI:15956","HMDB0000030","C00120","58-85-5",343786.735945323,1088224.39493015,316.540541314899,4836937.17790255,48480.9520227503,"C18","Pos",1
"C8-Pos-000030","Bis(2-ethylhexyl) sebacate","C26 H50 O4",426.37091,87.5,"mzCloud",600,-0.1,427.37816,7.138,FALSE,"[M+H]+1","CCCCC(CC)COC(=O)CCCCCCCCC(=O)OCC(CC)CCCC","VJHINFRRDQUWOJ-UHFFFAOYSA-N","Lipids and lipid-like molecules","Fatty Acyls","Fatty acid esters",NA,31218,NA,NA,NA,"122-62-3",16306686.8414165,44247753.7171713,271.347295422321,201466466.660416,4021710.9783906,"C8","Pos",0
"Amide-Pos-000518","Bis(4-ethylbenzylidene)sorbitol","C24 H30 O6",414.20424,90.5,"mzCloud",7437,-0.92,415.21113,21.928,FALSE,"[M+H]+1","CCC1=CC=C(C=C1)C2OCC3C(O2)C(OC(O3)C4=CC=C(C=C4)CC)C(CO)O","RPMMDFYGVMKCJU-UHFFFAOYSA-N","Organoheterocyclic compounds","Dioxanes","1,3-dioxanes",NA,9866479,NA,NA,NA,"79072-96-1",262817.216731448,124170.381078127,47.2459082484717,469803.783418922,242981.358666483,"Amide","Pos",1
"C18-Pos-000262","Bis(4-ethylbenzylidene)sorbitol","C24 H30 O6",414.20424,69.1,"mzCloud",7437,-1.04,415.21113,14.767,FALSE,"[M+H]+1","CCC1=CC=C(C=C1)C2OCC3C(O2)C(OC(O3)C4=CC=C(C=C4)CC)C(CO)O","RPMMDFYGVMKCJU-UHFFFAOYSA-N","Organoheterocyclic compounds","Dioxanes","1,3-dioxanes",NA,9866479,NA,NA,NA,"79072-96-1",761404.823080702,74499.0616473374,9.78442208258001,948517.778944538,752619.809087569,"C18","Pos",1
"Amide-Pos-000335","Bis(methylbenzylidene)sorbitol","C22 H26 O6",386.17294,98.7,"mzCloud",7439,-1.28,387.17978,1.08,FALSE,"[M+H]+1","CC(=C(C(C(C(C(C(=C(C)C1=CC=CC=C1)O)O)O)O)O)O)C2=CC=CC=C2","WOOQSKAMMPIQIW-HCXPZJNHSA-N","Phenylpropanoids and polyketides","Cinnamyl alcohols",NA,NA,90474944,NA,NA,NA,"87826-41-3",2422634.11970121,791563.287983427,32.6736621740081,4000398.25680147,2138304.61523992,"Amide","Pos",1
"C18-Pos-000226","Bis(methylbenzylidene)sorbitol","C22 H26 O6",386.17294,98.9,"mzCloud",7439,-1.09,387.17982,14.051,FALSE,"[M+H]+1","CC(=C(C(C(C(C(C(=C(C)C1=CC=CC=C1)O)O)O)O)O)O)C2=CC=CC=C2","WOOQSKAMMPIQIW-HCXPZJNHSA-N","Phenylpropanoids and polyketides","Cinnamyl alcohols",NA,NA,90474944,NA,NA,NA,"87826-41-3",1205768.94302784,360975.97399501,29.9374084962375,2066012.14684197,1090015.86756002,"C18","Pos",1
"C8-Pos-000051","Bis(methylbenzylidene)sorbitol","C22 H26 O6",386.17294,99,"mzCloud",7439,-0.22,387.18015,3.812,FALSE,"[M+H]+1","CC(=C(C(C(C(C(C(=C(C)C1=CC=CC=C1)O)O)O)O)O)O)C2=CC=CC=C2","WOOQSKAMMPIQIW-HCXPZJNHSA-N","Phenylpropanoids and polyketides","Cinnamyl alcohols",NA,NA,90474944,NA,NA,NA,"87826-41-3",84135211.5513712,12360090.0240457,14.6907457604702,107998778.178664,83611080.9556053,"C8","Pos",1
"C8-Pos-000288","Bis(methylbenzylidene)sorbitol","C22 H26 O6",386.17294,99,"mzCloud",7439,0.16,387.18028,3.893,FALSE,"[M+H]+1","CC(=C(C(C(C(C(C(=C(C)C1=CC=CC=C1)O)O)O)O)O)O)C2=CC=CC=C2","WOOQSKAMMPIQIW-HCXPZJNHSA-N","Phenylpropanoids and polyketides","Cinnamyl alcohols",NA,NA,90474944,NA,NA,NA,"87826-41-3",3482217.88562082,779198.087833122,22.3764885893751,4992686.17559542,3421006.75729141,"C8","Pos",1
"C18-Pos-000159","Butan-2-yl(ethyl)amine","C6 H15 N",101.12045,52.6,"NIST23",27708,-1.61,102.12756,19.598,FALSE,"[M+H]+1","CCNC(C)CC","KFYKZKISJBGVMR-UHFFFAOYSA-N","Organic nitrogen compounds","Organonitrogen compounds","Amines",NA,89416,NA,NA,NA,"21035-44-9",7527848.95358786,NA,NA,7527848.95358786,7527848.95358786,"C18","Pos",0
"C18-Pos-000177","Butan-2-yl(ethyl)amine","C6 H15 N",101.12045,52.6,"NIST23",27708,-1.21,102.1276,11.48,FALSE,"[M+H]+1","CCNC(C)CC","KFYKZKISJBGVMR-UHFFFAOYSA-N","Organic nitrogen compounds","Organonitrogen compounds","Amines",NA,89416,NA,NA,NA,"21035-44-9",2507632.09614487,1150731.16974989,45.8891546139874,5085366.4975748,2488006.72809632,"C18","Pos",0
"C8-Pos-000433","Butyrylcarnitine","C11 H21 N O4",231.14706,71.5,"GNPS",7639,-0.18,232.15429,1.265,FALSE,"[M+H]+1","CCCC(=O)O[C@H](CC(=O)[O-])C[N+](C)(C)C","QWYFHHGCZUCMBN-SECBINFHSA-N","Lipids and lipid-like molecules","Fatty Acyls","Fatty acid esters",NA,213144,"CHEBI:21949","HMDB0002013","C02862","25576-40-3",866275.294402476,358093.037982783,41.3370946045255,1726961.14033316,787204.093585397,"C8","Pos",1
"Amide-Pos-000002","CHOLINE","C5 H13 N O",103.09971,91,"GNPS",43333,-1.76,104.10681,8.997,FALSE,"[M+H]+1","C[N+](C)(C)CCO","OEYIOHPDSNJKLS-UHFFFAOYSA-N","Organic nitrogen compounds","Organonitrogen compounds","Quaternary ammonium salts","kegg:map00270;kegg:map00564;reactome:R-HSA-112310;reactome:R-HSA-112311;reactome:R-HSA-1483101;reactome:R-HSA-1483115;reactome:R-HSA-1483148;reactome:R-HSA-1483166;reactome:R-HSA-1483191;reactome:R-HSA-1483255;reactome:R-HSA-2029485;reactome:R-HSA-264642;reactome:R-HSA-549127;reactome:R-HSA-549132;reactome:R-HSA-6798163;reactome:R-HSA-6814848;wiki:WP1870;wiki:WP1871;wiki:WP241;wiki:WP2525;wiki:WP2533;wiki:WP2747;wiki:WP3580;wiki:WP3933;wiki:WP4090;wiki:WP4195;wiki:WP4288;wiki:WP4722;wiki:WP4949;wiki:WP5219;wiki:WP528;wiki:WP5352;wiki:WP550",305,"CHEBI:15354","HMDB0000097","C00114","62-49-7",15017948578.3667,4376491830.19986,29.1417420119828,21539290478.3404,15341822385.1476,"Amide","Pos",1
"Amide-Neg-000529","CMP","C9 H14 N3 O8 P",323.05185,75.4,"GNPS",36872,0.11,322.04461,13.485,FALSE,"[M-H]-1","C1=CN(C(=O)N=C1N)[C@H]2[C@@H]([C@@H]([C@H](O2)COP(=O)(O)O)O)O","IERHLVCPSMICTF-XVFCMESISA-N","Nucleosides, nucleotides, and analogues","Pyrimidine nucleotides","Pyrimidine ribonucleotides","reactome:R-HSA-1483076;reactome:R-HSA-1483148;reactome:R-HSA-1483191;reactome:R-HSA-1483213;reactome:R-HSA-1483226;reactome:R-HSA-157579;reactome:R-HSA-1638074;reactome:R-HSA-1660662;reactome:R-HSA-174414;reactome:R-HSA-174417;reactome:R-HSA-174437;reactome:R-HSA-180786;reactome:R-HSA-1912420;reactome:R-HSA-1912422;reactome:R-HSA-2022854;reactome:R-HSA-4085001;reactome:R-HSA-425397;reactome:R-HSA-429914;reactome:R-HSA-429958;reactome:R-HSA-430039;reactome:R-HSA-446219;reactome:R-HSA-499943;reactome:R-HSA-5173105;reactome:R-HSA-69166;reactome:R-HSA-69183;reactome:R-HSA-69186;reactome:R-HSA-69190;reactome:R-HSA-69239;reactome:R-HSA-727802;reactome:R-HSA-73614;reactome:R-HSA-73621;reactome:R-HSA-73886;reactome:R-HSA-8850843;reactome:R-HSA-8956319;reactome:R-HSA-8956321;reactome:R-HSA-9033658;reactome:R-HSA-9037629;reactome:R-HSA-913709;reactome:R-HSA-9660826;reactome:R-HSA-9664424;reactome:R-HSA-9683673;reactome:R-HSA-9683701;reactome:R-HSA-9694635;reactome:R-HSA-9694719;reactome:R-HSA-977068;reactome:R-HSA-9772573;reactome:R-HSA-9840309;wiki:WP1925;wiki:WP1928;wiki:WP1937;wiki:WP2533;wiki:WP2659;wiki:WP2786;wiki:WP3315;wiki:WP3363;wiki:WP3933;wiki:WP4022;wiki:WP4042;wiki:WP4059;wiki:WP4082;wiki:WP4225;wiki:WP4584;wiki:WP4949;wiki:WP4997;wiki:WP4998;wiki:WP5020;wiki:WP5021",6131,"CHEBI:17361","HMDB0000095","C00055","63-37-6",267200.07411068,146577.365747215,54.8567833429939,695453.664003137,249318.352023413,"Amide","Neg",1
"Amide-Pos-000202","Caprolactam","C6 H11 N O",113.08406,94.7,"mzCloud",2867,-1.2,114.09123,10.814,FALSE,"[M+H]+1","C1CCC(=O)NCC1","JBKVHLHDHHXQEQ-UHFFFAOYSA-N","Organoheterocyclic compounds","Lactams","Caprolactams","reactome:R-HSA-9717189;reactome:R-HSA-9717207",7768,"CHEBI:28579","HMDB0062769","C06593","105-60-2",5701138.11652108,2132242.74212159,37.4002997040653,11782703.9378733,5628319.70996377,"Amide","Pos",1
"C18-Pos-000130","Caprolactam","C6 H11 N O",113.08406,67.5,"mzCloud",2867,-1.14,131.11776,1.225,FALSE,"[M+NH4]+1","C1CCC(=O)NCC1","JBKVHLHDHHXQEQ-UHFFFAOYSA-N","Organoheterocyclic compounds","Lactams","Caprolactams","reactome:R-HSA-9717189;reactome:R-HSA-9717207",7768,"CHEBI:28579","HMDB0062769","C06593","105-60-2",6305657.59411646,2839108.34446263,45.0247781787531,13015615.4043674,5809567.23525738,"C18","Pos",1
"C18-Pos-000230","Carvone","C10 H14 O",150.10447,73.5,"mzCloud",343,-1.1,151.11158,13.643,FALSE,"[M+H]+1","CC1=CCC(CC1=O)C(=C)C","ULDHMXUKGWMISQ-UHFFFAOYSA-N","Lipids and lipid-like molecules","Prenol lipids","Monoterpenoids",NA,7439,"CHEBI:38265","HMDB0035824",NA,"99-49-0",1694308.20152106,127912.365462857,7.54953351155499,1898201.5781942,1742941.12404365,"C18","Pos",0
"C18-Pos-000246","Carvone","C10 H14 O",150.10447,73.5,"mzCloud",343,-1.04,151.11159,12.923,FALSE,"[M+H]+1","CC1=CCC(CC1=O)C(=C)C","ULDHMXUKGWMISQ-UHFFFAOYSA-N","Lipids and lipid-like molecules","Prenol lipids","Monoterpenoids",NA,7439,"CHEBI:38265","HMDB0035824",NA,"99-49-0",1124297.47288651,160563.437617622,14.2812237410259,1370148.77943005,1118251.88727649,"C18","Pos",0
"C8-Pos-000270","Cholest-4-en-3-one","C27 H44 O",384.33922,93.3,"mzCloud",231,-0.12,385.34644,7.092,FALSE,"[M+H]+1","CC(C)CCCC(C)C2CCC1C3CC\C4=C\C(=O)CCC4(C)C3CCC12C","NYOXRYYXRWJDKP-GYKMGIIDSA-N","Lipids and lipid-like molecules","Steroids and steroid derivatives","Cholestane steroids","wiki:WP4718;wiki:WP5329",91477,"CHEBI:16175","HMDB0000921","C00599","601-57-0",3636140.10829402,866308.301919786,23.8249428272508,5737555.71932766,3564145.36595103,"C8","Pos",0
"C8-Pos-000518","Cholest-4-en-3-one","C27 H44 O",384.33922,93.3,"mzCloud",231,0.27,385.34659,6.299,FALSE,"[M+H]+1","CC(C)CCCC(C)C2CCC1C3CC\C4=C\C(=O)CCC4(C)C3CCC12C","NYOXRYYXRWJDKP-GYKMGIIDSA-N","Lipids and lipid-like molecules","Steroids and steroid derivatives","Cholestane steroids","wiki:WP4718;wiki:WP5329",91477,"CHEBI:16175","HMDB0000921","C00599","601-57-0",631374.218791735,177303.948037607,28.0822280607078,923603.971613097,653978.79964815,"C8","Pos",0
"Amide-Pos-000001","Choline","C5 H13 N O",103.09971,94.5,"mzCloud",886,-1.51,104.10683,9.117,FALSE,"[M+H]+1","C[N+](C)(C)CCO","OEYIOHPDSNJKLS-UHFFFAOYSA-N","Organic nitrogen compounds","Organonitrogen compounds","Quaternary ammonium salts","kegg:map00270;kegg:map00564;reactome:R-HSA-112310;reactome:R-HSA-112311;reactome:R-HSA-1483101;reactome:R-HSA-1483115;reactome:R-HSA-1483148;reactome:R-HSA-1483166;reactome:R-HSA-1483191;reactome:R-HSA-1483255;reactome:R-HSA-2029485;reactome:R-HSA-264642;reactome:R-HSA-549127;reactome:R-HSA-549132;reactome:R-HSA-6798163;reactome:R-HSA-6814848;wiki:WP1870;wiki:WP1871;wiki:WP241;wiki:WP2525;wiki:WP2533;wiki:WP2747;wiki:WP3580;wiki:WP3933;wiki:WP4090;wiki:WP4195;wiki:WP4288;wiki:WP4722;wiki:WP4949;wiki:WP5219;wiki:WP528;wiki:WP5352;wiki:WP550",305,"CHEBI:15354","HMDB0000097","C00114","62-49-7",21368325322.9992,7788330604.43994,36.4480158679408,34262517528.2145,18188095905.1557,"Amide","Pos",1
"C18-Pos-000001","Choline","C5 H13 N O",103.09971,63,"mzCloud",886,-1.93,104.10679,1.069,FALSE,"[M+H]+1","C[N+](C)(C)CCO","OEYIOHPDSNJKLS-UHFFFAOYSA-N","Organic nitrogen compounds","Organonitrogen compounds","Quaternary ammonium salts","kegg:map00270;kegg:map00564;reactome:R-HSA-112310;reactome:R-HSA-112311;reactome:R-HSA-1483101;reactome:R-HSA-1483115;reactome:R-HSA-1483148;reactome:R-HSA-1483166;reactome:R-HSA-1483191;reactome:R-HSA-1483255;reactome:R-HSA-2029485;reactome:R-HSA-264642;reactome:R-HSA-549127;reactome:R-HSA-549132;reactome:R-HSA-6798163;reactome:R-HSA-6814848;wiki:WP1870;wiki:WP1871;wiki:WP241;wiki:WP2525;wiki:WP2533;wiki:WP2747;wiki:WP3580;wiki:WP3933;wiki:WP4090;wiki:WP4195;wiki:WP4288;wiki:WP4722;wiki:WP4949;wiki:WP5219;wiki:WP528;wiki:WP5352;wiki:WP550",305,"CHEBI:15354","HMDB0000097","C00114","62-49-7",5829001529.19502,3240863688.86473,55.5989507402357,14208914292.7649,4785289540.17774,"C18","Pos",1
"C18-Pos-000121","Choline","C5 H13 N O",103.09971,63,"mzCloud",886,-1.31,104.10686,16.707,FALSE,"[M+H]+1","C[N+](C)(C)CCO","OEYIOHPDSNJKLS-UHFFFAOYSA-N","Organic nitrogen compounds","Organonitrogen compounds","Quaternary ammonium salts","kegg:map00270;kegg:map00564;reactome:R-HSA-112310;reactome:R-HSA-112311;reactome:R-HSA-1483101;reactome:R-HSA-1483115;reactome:R-HSA-1483148;reactome:R-HSA-1483166;reactome:R-HSA-1483191;reactome:R-HSA-1483255;reactome:R-HSA-2029485;reactome:R-HSA-264642;reactome:R-HSA-549127;reactome:R-HSA-549132;reactome:R-HSA-6798163;reactome:R-HSA-6814848;wiki:WP1870;wiki:WP1871;wiki:WP241;wiki:WP2525;wiki:WP2533;wiki:WP2747;wiki:WP3580;wiki:WP3933;wiki:WP4090;wiki:WP4195;wiki:WP4288;wiki:WP4722;wiki:WP4949;wiki:WP5219;wiki:WP528;wiki:WP5352;wiki:WP550",305,"CHEBI:15354","HMDB0000097","C00114","62-49-7",4777840.42534152,5553448.8181151,116.233451177226,16866773.1637029,2967272.62055615,"C18","Pos",1
"Amide-Neg-000580","Citicoline","C14 H26 N4 O11 P2",488.10733,88.6,"MoNA",133947,1.26,547.12186,13.485,FALSE,"[M-H+HAc]-1","C[N+](C)(C)CCOP(=O)(O)OP(=O)([O-])OC[C@@H]1[C@H]([C@H]([C@@H](O1)N2C=CC(=NC2=O)N)O)O","RZZPDXZPRHQOCG-OJAKKHQRSA-N","Nucleosides, nucleotides, and analogues","Pyrimidine nucleotides","Pyrimidine ribonucleotides","kegg:map00564;reactome:R-HSA-1483191;wiki:WP2525;wiki:WP2533;wiki:WP3933;wiki:WP4288;wiki:WP4722;wiki:WP4906;wiki:WP528",13804,"CHEBI:16436",NA,"C00307","987-78-0",234999.273348878,72751.6882674975,30.9582609472545,370024.371077641,236066.151299783,"Amide","Neg",1
"Amide-Neg-000046","Citric acid","C6 H8 O7",192.027,99.7,"mzCloud",352,-0.09,191.01971,13.827,FALSE,"[M-H]-1","C(C(=O)O)C(CC(=O)O)(C(=O)O)O","KRKNYBCHXYNGOX-UHFFFAOYSA-N","Organic acids and derivatives","Carboxylic acids and derivatives","Tricarboxylic acids and derivatives","kegg:map00020;reactome:R-HSA-200425;reactome:R-HSA-433137;reactome:R-HSA-70171;reactome:R-HSA-70326;reactome:R-HSA-71403;reactome:R-HSA-71406;reactome:R-HSA-75105;reactome:R-HSA-917937;reactome:R-HSA-9717189;reactome:R-HSA-9729555;wiki:WP106;wiki:WP2453;wiki:WP2670;wiki:WP2766;wiki:WP357;wiki:WP3602;wiki:WP4061;wiki:WP4093;wiki:WP4114;wiki:WP4206;wiki:WP4290;wiki:WP4661;wiki:WP4966;wiki:WP5213;wiki:WP78",311,"CHEBI:30769","HMDB0000094","C00158","77-92-9",23273033.2392831,12639614.5942102,54.3101299441942,49824249.1711211,20385295.4340198,"Amide","Neg",1
"Amide-Neg-000078","Citric acid","C6 H8 O7",192.027,99.7,"mzCloud",352,-0.03,191.01972,14.088,FALSE,"[M-H]-1","C(C(=O)O)C(CC(=O)O)(C(=O)O)O","KRKNYBCHXYNGOX-UHFFFAOYSA-N","Organic acids and derivatives","Carboxylic acids and derivatives","Tricarboxylic acids and derivatives","kegg:map00020;reactome:R-HSA-200425;reactome:R-HSA-433137;reactome:R-HSA-70171;reactome:R-HSA-70326;reactome:R-HSA-71403;reactome:R-HSA-71406;reactome:R-HSA-75105;reactome:R-HSA-917937;reactome:R-HSA-9717189;reactome:R-HSA-9729555;wiki:WP106;wiki:WP2453;wiki:WP2670;wiki:WP2766;wiki:WP357;wiki:WP3602;wiki:WP4061;wiki:WP4093;wiki:WP4114;wiki:WP4206;wiki:WP4290;wiki:WP4661;wiki:WP4966;wiki:WP5213;wiki:WP78",311,"CHEBI:30769","HMDB0000094","C00158","77-92-9",18772208.3565604,6671321.26055746,35.5382868858155,30975382.641382,18891875.9370218,"Amide","Neg",1
"C18-Neg-000020","Citric acid","C6 H8 O7",192.027,97.1,"mzCloud",352,1.05,191.01993,1.983,FALSE,"[M-H]-1","C(C(=O)O)C(CC(=O)O)(C(=O)O)O","KRKNYBCHXYNGOX-UHFFFAOYSA-N","Organic acids and derivatives","Carboxylic acids and derivatives","Tricarboxylic acids and derivatives","kegg:map00020;reactome:R-HSA-200425;reactome:R-HSA-433137;reactome:R-HSA-70171;reactome:R-HSA-70326;reactome:R-HSA-71403;reactome:R-HSA-71406;reactome:R-HSA-75105;reactome:R-HSA-917937;reactome:R-HSA-9717189;reactome:R-HSA-9729555;wiki:WP106;wiki:WP2453;wiki:WP2670;wiki:WP2766;wiki:WP357;wiki:WP3602;wiki:WP4061;wiki:WP4093;wiki:WP4114;wiki:WP4206;wiki:WP4290;wiki:WP4661;wiki:WP4966;wiki:WP5213;wiki:WP78",311,"CHEBI:30769","HMDB0000094","C00158","77-92-9",14083411.0322246,4543300.79779041,32.2599460272428,22088038.3454237,13837810.2606968,"C18","Neg",1
"C18-Neg-000163","Citric acid","C6 H8 O7",192.027,97.1,"mzCloud",352,-0.68,191.0196,7.638,FALSE,"[M-H]-1","C(C(=O)O)C(CC(=O)O)(C(=O)O)O","KRKNYBCHXYNGOX-UHFFFAOYSA-N","Organic acids and derivatives","Carboxylic acids and derivatives","Tricarboxylic acids and derivatives","kegg:map00020;reactome:R-HSA-200425;reactome:R-HSA-433137;reactome:R-HSA-70171;reactome:R-HSA-70326;reactome:R-HSA-71403;reactome:R-HSA-71406;reactome:R-HSA-75105;reactome:R-HSA-917937;reactome:R-HSA-9717189;reactome:R-HSA-9729555;wiki:WP106;wiki:WP2453;wiki:WP2670;wiki:WP2766;wiki:WP357;wiki:WP3602;wiki:WP4061;wiki:WP4093;wiki:WP4114;wiki:WP4206;wiki:WP4290;wiki:WP4661;wiki:WP4966;wiki:WP5213;wiki:WP78",311,"CHEBI:30769","HMDB0000094","C00158","77-92-9",680060.185504999,204888.474154972,30.1279913928244,1241579.51135055,636214.130362734,"C18","Neg",1
"Amide-Neg-000596","Citruline","C6 H13 N3 O3",175.09569,80.2,"GNPS",42633,-0.96,174.08825,12.714,FALSE,"[M-H]-1","C(C[C@@H](C(=O)O)N)CNC(=O)N","RHGKLRLOHDJJDR-BYPYZUCNSA-N","Organic acids and derivatives","Carboxylic acids and derivatives","Amino acids, peptides, and analogues","kegg:map00250;kegg:map00330;reactome:R-HSA-1222556;reactome:R-HSA-194138;reactome:R-HSA-202131;reactome:R-HSA-203615;reactome:R-HSA-392154;reactome:R-HSA-418346;reactome:R-HSA-4420097;reactome:R-HSA-5218920;reactome:R-HSA-70635;reactome:R-HSA-9009391;wiki:WP1850;wiki:WP1885;wiki:WP1919;wiki:WP1995;wiki:WP2197;wiki:WP3551;wiki:WP3602;wiki:WP4008;wiki:WP4225;wiki:WP4571;wiki:WP4583;wiki:WP4595;wiki:WP4919;wiki:WP497;wiki:WP4973;wiki:WP4977;wiki:WP661",9750,"CHEBI:16349","HMDB0000904","C00327","372-75-8",129046.104738513,64956.9005284274,50.3361962455588,251384.223824166,115856.395320883,"Amide","Neg",0
"Amide-Neg-000597","Citruline","C6 H13 N3 O3",175.09569,80.2,"GNPS",42633,-0.83,174.08827,12.792,FALSE,"[M-H]-1","C(C[C@@H](C(=O)O)N)CNC(=O)N","RHGKLRLOHDJJDR-BYPYZUCNSA-N","Organic acids and derivatives","Carboxylic acids and derivatives","Amino acids, peptides, and analogues","kegg:map00250;kegg:map00330;reactome:R-HSA-1222556;reactome:R-HSA-194138;reactome:R-HSA-202131;reactome:R-HSA-203615;reactome:R-HSA-392154;reactome:R-HSA-418346;reactome:R-HSA-4420097;reactome:R-HSA-5218920;reactome:R-HSA-70635;reactome:R-HSA-9009391;wiki:WP1850;wiki:WP1885;wiki:WP1919;wiki:WP1995;wiki:WP2197;wiki:WP3551;wiki:WP3602;wiki:WP4008;wiki:WP4225;wiki:WP4571;wiki:WP4583;wiki:WP4595;wiki:WP4919;wiki:WP497;wiki:WP4973;wiki:WP4977;wiki:WP661",9750,"CHEBI:16349","HMDB0000904","C00327","372-75-8",119698.442353477,53491.9068620431,44.6888913592361,213632.499060792,114832.862654093,"Amide","Neg",0
"Amide-Pos-000282","Cocamidopropyl betaine","C19 H38 N2 O3",342.28824,87.8,"NIST23",10479,-1.22,343.2951,6.307,FALSE,"[M+H]+1","CCCCCCCCCCCC(=O)NCCC[N+](C)(C)CC(=O)[O-]","MRUAUOIMASANKQ-UHFFFAOYSA-N","Organic acids and derivatives","Carboxylic acids and derivatives","Amino acids, peptides, and analogues",NA,20280,NA,NA,NA,"4292-10-8",1369124.35614899,1596987.93290543,116.643015350144,6291696.37243455,909413.438761115,"Amide","Pos",1
"C18-Pos-000175","Cocamidopropyl betaine","C19 H38 N2 O3",342.28824,84.2,"NIST23",10479,-1.33,343.29507,13.511,FALSE,"[M+H]+1","CCCCCCCCCCCC(=O)NCCC[N+](C)(C)CC(=O)[O-]","MRUAUOIMASANKQ-UHFFFAOYSA-N","Organic acids and derivatives","Carboxylic acids and derivatives","Amino acids, peptides, and analogues",NA,20280,NA,NA,NA,"4292-10-8",1225603.09142682,1111128.8688933,90.6597638881404,5183964.13697529,878420.962329529,"C18","Pos",1
"C8-Pos-000087","Cocamidopropyl betaine","C19 H38 N2 O3",342.28824,74.7,"NIST23",10479,-0.24,343.29544,4.191,FALSE,"[M+H]+1","CCCCCCCCCCCC(=O)NCCC[N+](C)(C)CC(=O)[O-]","MRUAUOIMASANKQ-UHFFFAOYSA-N","Organic acids and derivatives","Carboxylic acids and derivatives","Amino acids, peptides, and analogues",NA,20280,NA,NA,NA,"4292-10-8",8087391.72342168,6532705.18374097,80.7764160207768,37340671.0803437,6371060.73873575,"C8","Pos",1
"Amide-Neg-000135","Creatine","C4 H9 N3 O2",131.06948,97,"mzCloud",357,-0.85,130.06209,11.736,FALSE,"[M-H]-1","CN(CC(=O)O)C(=N)N","CVSVTCORWBXHQV-UHFFFAOYSA-N","Organic acids and derivatives","Carboxylic acids and derivatives","Amino acids, peptides, and analogues","kegg:map00330;reactome:R-HSA-71288;wiki:WP1495;wiki:WP4583;wiki:WP4584;wiki:WP497;wiki:WP5002;wiki:WP5190",586,"CHEBI:16919","HMDB0000064","C00300","57-00-1",8252712.62826027,1961399.63058533,23.7667263957403,13663477.0635468,8197929.64711324,"Amide","Neg",1
"Amide-Neg-000373","Creatine","C4 H7 N3 O",113.05891,69.6,"GNPS",36829,-0.67,112.05156,12.468,FALSE,"[M-H]-1","CN1CC(=O)N=C1N","DDRJAANPRJIHGJ-UHFFFAOYSA-N","Organic acids and derivatives","Carboxylic acids and derivatives","Amino acids, peptides, and analogues","reactome:R-HSA-549127;reactome:R-HSA-549132;reactome:R-HSA-71288;wiki:WP1533;wiki:WP497;wiki:WP5002;wiki:WP5190",588,"CHEBI:16737","HMDB0000562","C00791","60-27-5",1049654.16155281,639121.051186388,60.8887264583321,2197821.67333517,1050227.58050664,"Amide","Neg",1
"Amide-Pos-000025","Creatine","C4 H9 N3 O2",131.06948,99.8,"mzCloud",357,-1.14,132.07661,11.715,FALSE,"[M+H]+1","CN(CC(=O)O)C(=N)N","CVSVTCORWBXHQV-UHFFFAOYSA-N","Organic acids and derivatives","Carboxylic acids and derivatives","Amino acids, peptides, and analogues","kegg:map00330;reactome:R-HSA-71288;wiki:WP1495;wiki:WP4583;wiki:WP4584;wiki:WP497;wiki:WP5002;wiki:WP5190",586,"CHEBI:16919","HMDB0000064","C00300","57-00-1",652501606.870594,116024455.41379,17.7814819445802,948317589.352541,640354068.46694,"Amide","Pos",1
"Amide-Pos-000064","Creatine","C4 H9 N3 O2",131.06948,99.8,"mzCloud",357,-1.06,132.07661,12.756,FALSE,"[M+H]+1","CN(CC(=O)O)C(=N)N","CVSVTCORWBXHQV-UHFFFAOYSA-N","Organic acids and derivatives","Carboxylic acids and derivatives","Amino acids, peptides, and analogues","kegg:map00330;reactome:R-HSA-71288;wiki:WP1495;wiki:WP4583;wiki:WP4584;wiki:WP497;wiki:WP5002;wiki:WP5190",586,"CHEBI:16919","HMDB0000064","C00300","57-00-1",88114146.6887636,27323018.8480736,31.0086630522382,156437811.63319,85864991.0922982,"Amide","Pos",1
"C18-Neg-000083","Creatine","C4 H9 N3 O2",131.06948,93.1,"mzCloud",357,-0.41,130.06215,1.174,FALSE,"[M-H]-1","CN(CC(=O)O)C(=N)N","CVSVTCORWBXHQV-UHFFFAOYSA-N","Organic acids and derivatives","Carboxylic acids and derivatives","Amino acids, peptides, and analogues","kegg:map00330;reactome:R-HSA-71288;wiki:WP1495;wiki:WP4583;wiki:WP4584;wiki:WP497;wiki:WP5002;wiki:WP5190",586,"CHEBI:16919","HMDB0000064","C00300","57-00-1",5115546.53565159,896719.985673156,17.5293095160738,6731368.85505992,5051745.60100915,"C18","Neg",1
"C18-Pos-000002","Creatine","C4 H9 N3 O2",131.06948,99.2,"mzCloud",357,-1.21,132.0766,1.174,FALSE,"[M+H]+1","CN(CC(=O)O)C(=N)N","CVSVTCORWBXHQV-UHFFFAOYSA-N","Organic acids and derivatives","Carboxylic acids and derivatives","Amino acids, peptides, and analogues","kegg:map00330;reactome:R-HSA-71288;wiki:WP1495;wiki:WP4583;wiki:WP4584;wiki:WP497;wiki:WP5002;wiki:WP5190",586,"CHEBI:16919","HMDB0000064","C00300","57-00-1",1303968547.84522,347392010.897179,26.6411342107321,2340695866.89431,1239148877.74825,"C18","Pos",1
"Amide-Pos-000321","Creatine phosphate","C4 H10 N3 O5 P",211.03581,92.5,"NIST23",3750,-1.15,212.04284,13.522,FALSE,"[M+H]+1","CN(CC(=O)O)C(=N)NP(=O)(O)O","DRBBFCLWYRJSJZ-UHFFFAOYSA-N","Organic acids and derivatives","Carboxylic acids and derivatives","Amino acids, peptides, and analogues","kegg:map00330;reactome:R-HSA-71288;wiki:WP4584;wiki:WP497;wiki:WP5002;wiki:WP5190",587,NA,"HMDB0001511",NA,"922-32-7",2402388.44957832,1190265.05228633,49.5450705524016,4341480.25252381,2097980.34155107,"Amide","Pos",1
"Amide-Neg-000254","Creatinine","C4 H7 N3 O",113.05891,82,"MoNA",133886,-0.8,112.05154,19.824,FALSE,"[M-H]-1","CN1CC(=O)NC1=N","DDRJAANPRJIHGJ-UHFFFAOYSA-N","Organic acids and derivatives","Carboxylic acids and derivatives","Amino acids, peptides, and analogues","reactome:R-HSA-549127;reactome:R-HSA-549132;reactome:R-HSA-71288;wiki:WP1533;wiki:WP497;wiki:WP5002;wiki:WP5190",588,"CHEBI:16737","HMDB0000562","C00791","60-27-5",3750180.90646525,762408.660495152,20.3299168629645,5199671.40026452,3536226.79791039,"Amide","Neg",1
"Amide-Pos-000033","Creatinine","C4 H7 N3 O",113.05891,99.1,"mzCloud",13,-1.1,114.06607,4.807,FALSE,"[M+H]+1","CN1CC(=O)N=C1N","DDRJAANPRJIHGJ-UHFFFAOYSA-N","Organic acids and derivatives","Carboxylic acids and derivatives","Amino acids, peptides, and analogues","reactome:R-HSA-549127;reactome:R-HSA-549132;reactome:R-HSA-71288;wiki:WP1533;wiki:WP497;wiki:WP5002;wiki:WP5190",588,"CHEBI:16737","HMDB0000562","C00791","60-27-5",389785049.715858,94463121.7494877,24.2346703185124,470168172.012928,411413609.262338,"Amide","Pos",1
"Amide-Pos-000049","Creatinine","C4 H7 N3 O",113.05891,99.1,"mzCloud",13,-0.56,114.06613,5.068,FALSE,"[M+H]+1","CN1CC(=O)N=C1N","DDRJAANPRJIHGJ-UHFFFAOYSA-N","Organic acids and derivatives","Carboxylic acids and derivatives","Amino acids, peptides, and analogues","reactome:R-HSA-549127;reactome:R-HSA-549132;reactome:R-HSA-71288;wiki:WP1533;wiki:WP497;wiki:WP5002;wiki:WP5190",588,"CHEBI:16737","HMDB0000562","C00791","60-27-5",127823065.827358,76126187.0809561,59.5559076824011,313588919.076434,100861269.948598,"Amide","Pos",1
"C18-Pos-000039","Creatinine","C4 H7 N3 O",113.05891,68.8,"mzCloud",13,-1.61,114.06601,1.122,FALSE,"[M+H]+1","CN1CC(=O)N=C1N","DDRJAANPRJIHGJ-UHFFFAOYSA-N","Organic acids and derivatives","Carboxylic acids and derivatives","Amino acids, peptides, and analogues","reactome:R-HSA-549127;reactome:R-HSA-549132;reactome:R-HSA-71288;wiki:WP1533;wiki:WP497;wiki:WP5002;wiki:WP5190",588,"CHEBI:16737","HMDB0000562","C00791","60-27-5",32320016.0660584,19503029.4716311,60.343501784681,80292539.008008,25623199.2185936,"C18","Pos",1
"Amide-Pos-000153","Crotonic acid","C4 H6 O2",86.03678,91.1,"mzCloud",2732,-1.29,87.04395,12.149,FALSE,"[M+H]+1","CC=CC(=O)O","LDHQCZJRKDOVOX-NSCUHMNNSA-N","Lipids and lipid-like molecules","Fatty Acyls","Fatty acids and conjugates",NA,637090,"CHEBI:41131","HMDB0010720","C01771","3724-65-0",4828073.21992639,3322379.46601263,68.8137754891646,8236646.90180692,5757827.84355408,"Amide","Pos",0
"Amide-Pos-000166","Crotonic acid","C4 H6 O2",86.03678,91.1,"mzCloud",2732,-1.46,87.04393,7.157,FALSE,"[M+H]+1","CC=CC(=O)O","LDHQCZJRKDOVOX-NSCUHMNNSA-N","Lipids and lipid-like molecules","Fatty Acyls","Fatty acids and conjugates",NA,637090,"CHEBI:41131","HMDB0010720","C01771","3724-65-0",3364343.18193808,3852818.56045737,114.519189990538,17656143.6829263,2238365.89952497,"Amide","Pos",0
"C18-Pos-000178","Cyclic ADP-ribose","C15 H21 N5 O13 P2",541.06111,93.5,"mzCloud",1716,-0.95,542.06787,2.45,FALSE,"[M+H]+1","C1C2C(C(C(O2)N3C=NC4=C3N=CN(C4=N)C5C(C(C(O5)COP(=O)(OP(=O)(O1)O)O)O)O)O)O","BQOHYSXSASDCEA-KEOHHSTQSA-N","Organic oxygen compounds","Organooxygen compounds","Carbohydrates and carbohydrate conjugates","wiki:WP3679;wiki:WP4962",123847,"CHEBI:31445",NA,"C13050","119340-53-3",3089304.42111146,2421013.49143514,78.3675922285483,4950600.88886735,3965030.43418527,"C18","Pos",0
"C18-Pos-000190","Cyclic ADP-ribose","C15 H21 N5 O13 P2",541.06111,93.5,"mzCloud",1716,-1.29,542.06769,1.925,FALSE,"[M+H]+1","C1C2C(C(C(O2)N3C=NC4=C3N=CN(C4=N)C5C(C(C(O5)COP(=O)(OP(=O)(O1)O)O)O)O)O)O","BQOHYSXSASDCEA-KEOHHSTQSA-N","Organic oxygen compounds","Organooxygen compounds","Carbohydrates and carbohydrate conjugates","wiki:WP3679;wiki:WP4962",123847,"CHEBI:31445",NA,"C13050","119340-53-3",2596867.76711081,767996.589334708,29.5739582531442,4186345.81687921,2493880.3781939,"C18","Pos",0
"Amide-Pos-000120","Cyclohexylamine","C6 H13 N",99.1048,82.9,"mzCloud",7281,-1.14,100.11196,6.61,FALSE,"[M+H]+1","C1CCC(CC1)N","PAFZNILMFXTMIY-UHFFFAOYSA-N","Organic nitrogen compounds","Organonitrogen compounds","Cyclohexylamines",NA,7965,"CHEBI:15773","HMDB0031404","C00571","108-91-8",3862924.90082902,1895103.66395641,49.0587757362228,8169064.77724406,3461482.9801345,"Amide","Pos",0
"Amide-Pos-000432","Cyclohexylamine","C6 H13 N",99.1048,82.9,"mzCloud",7281,-1.54,100.11192,13.352,FALSE,"[M+H]+1","C1CCC(CC1)N","PAFZNILMFXTMIY-UHFFFAOYSA-N","Organic nitrogen compounds","Organonitrogen compounds","Cyclohexylamines",NA,7965,"CHEBI:15773","HMDB0031404","C00571","108-91-8",1026216.21962228,410955.346572149,40.0456881029817,1843165.04933456,985474.368050209,"Amide","Pos",0
"Amide-Neg-000447","Cytarabine","C9 H13 N3 O5",243.08552,79,"mzCloud",3171,-0.03,242.07824,7.166,FALSE,"[M-H]-1","C1=CN(C(=O)N=C1N)C2C(C(C(O2)CO)O)O","UHDGCWIWMRVCDJ-CCXZUQQUSA-N","Nucleosides, nucleotides, and analogues","Pyrimidine nucleosides",NA,NA,6253,"CHEBI:28680","HMDB0015122","C02961","147-94-4",737905.729202996,275789.667704623,37.374647843228,1199974.59290509,767656.076364831,"Amide","Neg",1
"C18-Pos-000231","Cytarabine","C9 H13 N3 O5",243.08552,93,"mzCloud",3171,-1.05,244.09256,1.265,FALSE,"[M+H]+1","C1=CN(C(=O)N=C1N)C2C(C(C(O2)CO)O)O","UHDGCWIWMRVCDJ-CCXZUQQUSA-N","Nucleosides, nucleotides, and analogues","Pyrimidine nucleosides",NA,NA,6253,"CHEBI:28680","HMDB0015122","C02961","147-94-4",687674.088002133,464420.632439375,67.5349908542626,1850123.08220487,657904.514068391,"C18","Pos",1
"Amide-Pos-000182","Cytidine","C9 H13 N3 O5",243.08552,99.9,"mzCloud",364,-1.01,244.09257,7.157,FALSE,"[M+H]+1","C1=CN(C(=O)N=C1N)C2C(C(C(O2)CO)O)O","UHDGCWIWMRVCDJ-XVFCMESISA-N","Nucleosides, nucleotides, and analogues","Pyrimidine nucleosides",NA,"reactome:R-HSA-425397;reactome:R-HSA-5619063;reactome:R-HSA-73614;reactome:R-HSA-73621;reactome:R-HSA-83936;reactome:R-HSA-8956319;reactome:R-HSA-8956321;wiki:WP1937;wiki:WP4022;wiki:WP4042;wiki:WP4082;wiki:WP4225;wiki:WP4485;wiki:WP4584;wiki:WP5408",6175,"CHEBI:17562","HMDB0000089","C00475","65-46-3",6653371.116432,3290292.30380238,49.4530103044495,14183785.3156397,5613119.89598599,"Amide","Pos",0
"Amide-Pos-000473","Cytidine","C9 H13 N3 O5",243.08552,99.9,"mzCloud",364,-0.69,244.09263,8.405,FALSE,"[M+H]+1","C1=CN(C(=O)N=C1N)C2C(C(C(O2)CO)O)O","UHDGCWIWMRVCDJ-XVFCMESISA-N","Nucleosides, nucleotides, and analogues","Pyrimidine nucleosides",NA,"reactome:R-HSA-425397;reactome:R-HSA-5619063;reactome:R-HSA-73614;reactome:R-HSA-73621;reactome:R-HSA-83936;reactome:R-HSA-8956319;reactome:R-HSA-8956321;wiki:WP1937;wiki:WP4022;wiki:WP4042;wiki:WP4082;wiki:WP4225;wiki:WP4485;wiki:WP4584;wiki:WP5408",6175,"CHEBI:17562","HMDB0000089","C00475","65-46-3",564760.868851621,270686.474767891,47.9293962625814,1165549.40611009,455443.37248107,"Amide","Pos",0
"Amide-Neg-000494","Cytidine 5'-diphosphate ethanolamine","C11 H20 N4 O11 P2",446.06038,91.9,"NIST23",5993,0.31,445.05324,13.537,FALSE,"[M-H]-1","NCCOP(=O)(O)OP(=O)(O)OC[C@H]1O[C@@H](n2ccc(N)nc2=O)[C@H](O)[C@@H]1O","WVIMUEUQJFPNDK-PEBGCTIMSA-N","Nucleosides, nucleotides, and analogues","Pyrimidine nucleotides","Pyrimidine ribonucleotides","reactome:R-HSA-1483213;wiki:WP2525;wiki:WP2533;wiki:WP3933;wiki:WP4722",123727,"CHEBI:16732","HMDB0001564","C00570","3036-18-8",636272.100313765,179096.303265042,28.1477536382193,903693.951690064,677288.401671875,"Amide","Neg",1
"Amide-Pos-000322","Cytidine 5'-diphosphate ethanolamine","C11 H20 N4 O11 P2",446.06038,93.2,"NIST23",5993,-1.44,447.06701,13.564,FALSE,"[M+H]+1","NCCOP(=O)(O)OP(=O)(O)OC[C@H]1O[C@@H](n2ccc(N)nc2=O)[C@H](O)[C@@H]1O","WVIMUEUQJFPNDK-PEBGCTIMSA-N","Nucleosides, nucleotides, and analogues","Pyrimidine nucleotides","Pyrimidine ribonucleotides","reactome:R-HSA-1483213;wiki:WP2525;wiki:WP2533;wiki:WP3933;wiki:WP4722",123727,"CHEBI:16732","HMDB0001564","C00570","3036-18-8",3405590.26805063,566299.242522148,16.628519520826,4318844.40202326,3536852.94604255,"Amide","Pos",1
"Amide-Pos-000238","Cytidine 5'-diphosphocholine","C14 H26 N4 O11 P2",488.10733,99.2,"mzCloud",888,-1.37,489.11394,13.513,FALSE,"[M+H]+1","C[N+](C)(C)CCOP(=O)(O)OP(=O)(O)OCC1C(C(C(O1)N2C=CC(=NC2=O)N)O)O","RZZPDXZPRHQOCG-OJAKKHQRSA-N","Nucleosides, nucleotides, and analogues","Pyrimidine nucleotides","Pyrimidine ribonucleotides","kegg:map00564;reactome:R-HSA-1483191;wiki:WP2525;wiki:WP2533;wiki:WP3933;wiki:WP4288;wiki:WP4722;wiki:WP4906;wiki:WP528",13804,"CHEBI:16436",NA,"C00307","987-78-0",5824786.33332422,1454059.12149833,24.9633040302183,8902932.53100953,5551819.50173382,"Amide","Pos",1
"C8-Pos-000350","Cytidine 5'-diphosphocholine","C14 H26 N4 O11 P2",488.10733,95.7,"mzCloud",888,-0.46,489.11438,1.023,FALSE,"[M+H]+1","C[N+](C)(C)CCOP(=O)(O)OP(=O)(O)OCC1C(C(C(O1)N2C=CC(=NC2=O)N)O)O","RZZPDXZPRHQOCG-OJAKKHQRSA-N","Nucleosides, nucleotides, and analogues","Pyrimidine nucleotides","Pyrimidine ribonucleotides","kegg:map00564;reactome:R-HSA-1483191;wiki:WP2525;wiki:WP2533;wiki:WP3933;wiki:WP4288;wiki:WP4722;wiki:WP4906;wiki:WP528",13804,"CHEBI:16436",NA,"C00307","987-78-0",1195745.4930165,871798.85982228,72.9083960519891,3335840.20124453,1023299.56541381,"C8","Pos",1
"C8-Pos-000474","Cytidine 5'-diphosphocholine","C14 H26 N4 O11 P2",488.10733,95.7,"mzCloud",888,-0.42,489.1144,0.821,FALSE,"[M+H]+1","C[N+](C)(C)CCOP(=O)(O)OP(=O)(O)OCC1C(C(C(O1)N2C=CC(=NC2=O)N)O)O","RZZPDXZPRHQOCG-OJAKKHQRSA-N","Nucleosides, nucleotides, and analogues","Pyrimidine nucleotides","Pyrimidine ribonucleotides","kegg:map00564;reactome:R-HSA-1483191;wiki:WP2525;wiki:WP2533;wiki:WP3933;wiki:WP4288;wiki:WP4722;wiki:WP4906;wiki:WP528",13804,"CHEBI:16436",NA,"C00307","987-78-0",491648.788051798,276526.073636764,56.2446364878724,1280821.83706483,403764.774023527,"C8","Pos",1
"Amide-Pos-000392","Cytidine 5'-monophosphate (hydrate)","C9 H14 N3 O8 P",323.05185,99.7,"mzCloud",1210,-1.32,324.05869,13.475,FALSE,"[M+H]+1","C1=CN(C(=O)N=C1N)C2C(C(C(O2)COP(=O)(O)O)O)O","IERHLVCPSMICTF-XVFCMESISA-N","Nucleosides, nucleotides, and analogues","Pyrimidine nucleotides","Pyrimidine ribonucleotides","reactome:R-HSA-1483076;reactome:R-HSA-1483148;reactome:R-HSA-1483191;reactome:R-HSA-1483213;reactome:R-HSA-1483226;reactome:R-HSA-157579;reactome:R-HSA-1638074;reactome:R-HSA-1660662;reactome:R-HSA-174414;reactome:R-HSA-174417;reactome:R-HSA-174437;reactome:R-HSA-180786;reactome:R-HSA-1912420;reactome:R-HSA-1912422;reactome:R-HSA-2022854;reactome:R-HSA-4085001;reactome:R-HSA-425397;reactome:R-HSA-429914;reactome:R-HSA-429958;reactome:R-HSA-430039;reactome:R-HSA-446219;reactome:R-HSA-499943;reactome:R-HSA-5173105;reactome:R-HSA-69166;reactome:R-HSA-69183;reactome:R-HSA-69186;reactome:R-HSA-69190;reactome:R-HSA-69239;reactome:R-HSA-727802;reactome:R-HSA-73614;reactome:R-HSA-73621;reactome:R-HSA-73886;reactome:R-HSA-8850843;reactome:R-HSA-8956319;reactome:R-HSA-8956321;reactome:R-HSA-9033658;reactome:R-HSA-9037629;reactome:R-HSA-913709;reactome:R-HSA-9660826;reactome:R-HSA-9664424;reactome:R-HSA-9683673;reactome:R-HSA-9683701;reactome:R-HSA-9694635;reactome:R-HSA-9694719;reactome:R-HSA-977068;reactome:R-HSA-9772573;reactome:R-HSA-9840309;wiki:WP1925;wiki:WP1928;wiki:WP1937;wiki:WP2533;wiki:WP2659;wiki:WP2786;wiki:WP3315;wiki:WP3363;wiki:WP3933;wiki:WP4022;wiki:WP4042;wiki:WP4059;wiki:WP4082;wiki:WP4225;wiki:WP4584;wiki:WP4949;wiki:WP4997;wiki:WP4998;wiki:WP5020;wiki:WP5021",6131,"CHEBI:17361","HMDB0000095","C00055","63-37-6",878119.590013098,478876.529660724,54.5343180025834,2715070.87417104,817809.796046791,"Amide","Pos",1
"Amide-Pos-000413","Cytidine 5'-monophosphate (hydrate)","C9 H14 N3 O8 P",323.05185,99.7,"mzCloud",1210,-1.26,324.05872,13.562,FALSE,"[M+H]+1","C1=CN(C(=O)N=C1N)C2C(C(C(O2)COP(=O)(O)O)O)O","IERHLVCPSMICTF-XVFCMESISA-N","Nucleosides, nucleotides, and analogues","Pyrimidine nucleotides","Pyrimidine ribonucleotides","reactome:R-HSA-1483076;reactome:R-HSA-1483148;reactome:R-HSA-1483191;reactome:R-HSA-1483213;reactome:R-HSA-1483226;reactome:R-HSA-157579;reactome:R-HSA-1638074;reactome:R-HSA-1660662;reactome:R-HSA-174414;reactome:R-HSA-174417;reactome:R-HSA-174437;reactome:R-HSA-180786;reactome:R-HSA-1912420;reactome:R-HSA-1912422;reactome:R-HSA-2022854;reactome:R-HSA-4085001;reactome:R-HSA-425397;reactome:R-HSA-429914;reactome:R-HSA-429958;reactome:R-HSA-430039;reactome:R-HSA-446219;reactome:R-HSA-499943;reactome:R-HSA-5173105;reactome:R-HSA-69166;reactome:R-HSA-69183;reactome:R-HSA-69186;reactome:R-HSA-69190;reactome:R-HSA-69239;reactome:R-HSA-727802;reactome:R-HSA-73614;reactome:R-HSA-73621;reactome:R-HSA-73886;reactome:R-HSA-8850843;reactome:R-HSA-8956319;reactome:R-HSA-8956321;reactome:R-HSA-9033658;reactome:R-HSA-9037629;reactome:R-HSA-913709;reactome:R-HSA-9660826;reactome:R-HSA-9664424;reactome:R-HSA-9683673;reactome:R-HSA-9683701;reactome:R-HSA-9694635;reactome:R-HSA-9694719;reactome:R-HSA-977068;reactome:R-HSA-9772573;reactome:R-HSA-9840309;wiki:WP1925;wiki:WP1928;wiki:WP1937;wiki:WP2533;wiki:WP2659;wiki:WP2786;wiki:WP3315;wiki:WP3363;wiki:WP3933;wiki:WP4022;wiki:WP4042;wiki:WP4059;wiki:WP4082;wiki:WP4225;wiki:WP4584;wiki:WP4949;wiki:WP4997;wiki:WP4998;wiki:WP5020;wiki:WP5021",6131,"CHEBI:17361","HMDB0000095","C00055","63-37-6",1770582.66436459,307119.588291047,17.3456791638285,2280711.29179213,1746646.31978329,"Amide","Pos",1
"C18-Pos-000174","Cytidine 5'-monophosphate (hydrate)","C9 H14 N3 O8 P",323.05185,96.5,"mzCloud",1210,-1.27,324.05872,1.596,FALSE,"[M+H]+1","C1=CN(C(=O)N=C1N)C2C(C(C(O2)COP(=O)(O)O)O)O","IERHLVCPSMICTF-XVFCMESISA-N","Nucleosides, nucleotides, and analogues","Pyrimidine nucleotides","Pyrimidine ribonucleotides","reactome:R-HSA-1483076;reactome:R-HSA-1483148;reactome:R-HSA-1483191;reactome:R-HSA-1483213;reactome:R-HSA-1483226;reactome:R-HSA-157579;reactome:R-HSA-1638074;reactome:R-HSA-1660662;reactome:R-HSA-174414;reactome:R-HSA-174417;reactome:R-HSA-174437;reactome:R-HSA-180786;reactome:R-HSA-1912420;reactome:R-HSA-1912422;reactome:R-HSA-2022854;reactome:R-HSA-4085001;reactome:R-HSA-425397;reactome:R-HSA-429914;reactome:R-HSA-429958;reactome:R-HSA-430039;reactome:R-HSA-446219;reactome:R-HSA-499943;reactome:R-HSA-5173105;reactome:R-HSA-69166;reactome:R-HSA-69183;reactome:R-HSA-69186;reactome:R-HSA-69190;reactome:R-HSA-69239;reactome:R-HSA-727802;reactome:R-HSA-73614;reactome:R-HSA-73621;reactome:R-HSA-73886;reactome:R-HSA-8850843;reactome:R-HSA-8956319;reactome:R-HSA-8956321;reactome:R-HSA-9033658;reactome:R-HSA-9037629;reactome:R-HSA-913709;reactome:R-HSA-9660826;reactome:R-HSA-9664424;reactome:R-HSA-9683673;reactome:R-HSA-9683701;reactome:R-HSA-9694635;reactome:R-HSA-9694719;reactome:R-HSA-977068;reactome:R-HSA-9772573;reactome:R-HSA-9840309;wiki:WP1925;wiki:WP1928;wiki:WP1937;wiki:WP2533;wiki:WP2659;wiki:WP2786;wiki:WP3315;wiki:WP3363;wiki:WP3933;wiki:WP4022;wiki:WP4042;wiki:WP4059;wiki:WP4082;wiki:WP4225;wiki:WP4584;wiki:WP4949;wiki:WP4997;wiki:WP4998;wiki:WP5020;wiki:WP5021",6131,"CHEBI:17361","HMDB0000095","C00055","63-37-6",3847339.9356808,762820.142148867,19.8272093160877,5191134.71283954,3746065.15887826,"C18","Pos",1
"Amide-Pos-000137","Cytosine","C4 H5 N3 O",111.04326,76.6,"MoNA",84343,-1.02,112.05043,7.16,FALSE,"[M+H]+1","C1=C(NC(=O)N=C1)N","OPTASPLRGRRNAP-UHFFFAOYSA-N","Organoheterocyclic compounds","Diazines","Pyrimidines and pyrimidine derivatives","reactome:R-HSA-425397;reactome:R-HSA-83936;wiki:WP1937;wiki:WP3585;wiki:WP4584",597,"CHEBI:16040","HMDB0000630","C00380","71-30-7",14729292.7484913,5941510.05961461,40.3380539790221,26574503.6258853,13300794.4618527,"Amide","Pos",1
"Amide-Pos-000201","Cytosine","C4 H5 N3 O",111.04326,76.6,"MoNA",84343,-0.93,112.05044,6.047,FALSE,"[M+H]+1","C1=C(NC(=O)N=C1)N","OPTASPLRGRRNAP-UHFFFAOYSA-N","Organoheterocyclic compounds","Diazines","Pyrimidines and pyrimidine derivatives","reactome:R-HSA-425397;reactome:R-HSA-83936;wiki:WP1937;wiki:WP3585;wiki:WP4584",597,"CHEBI:16040","HMDB0000630","C00380","71-30-7",7926939.8310988,2182303.21393632,27.5302104019353,11828234.4702539,8189330.11133002,"Amide","Pos",1
"C18-Pos-000225","Cytosine","C4 H5 N3 O",111.04326,72.7,"mzCloud",365,-1.52,112.05037,1.267,FALSE,"[M+H]+1","C1=C(NC(=O)N=C1)N","OPTASPLRGRRNAP-UHFFFAOYSA-N","Organoheterocyclic compounds","Diazines","Pyrimidines and pyrimidine derivatives","reactome:R-HSA-425397;reactome:R-HSA-83936;wiki:WP1937;wiki:WP3585;wiki:WP4584",597,"CHEBI:16040","HMDB0000630","C00380","71-30-7",828372.86655246,503407.451764455,60.7706350715647,2092443.41347233,785291.884122122,"C18","Pos",1
"C18-Neg-000028","D-(+)-Glucose","C6 H12 O6",180.06339,93.5,"mzCloud",6210,0.2,179.05614,1.117,FALSE,"[M-H]-1","C(C1C(C(C(C(O1)O)O)O)O)O","WQZGKKKJIJFFOK-GASJEMHNSA-N","Organic oxygen compounds","Organooxygen compounds","Carbohydrates and carbohydrate conjugates","kegg:map00052;reactome:R-HSA-9683686;reactome:R-HSA-9683701;reactome:R-HSA-9694548;reactome:R-HSA-9694635;reactome:R-HSA-9772573;wiki:WP1403;wiki:WP1533;wiki:WP1584;wiki:WP176;wiki:WP1946;wiki:WP1982;wiki:WP2456;wiki:WP2868;wiki:WP3602;wiki:WP3915;wiki:WP4521;wiki:WP4629;wiki:WP500;wiki:WP5020;wiki:WP5021;wiki:WP5094;wiki:WP5216;wiki:WP5312;wiki:WP534;wiki:WP5394;wiki:WP661;wiki:WP690;wiki:WP698",5793,"CHEBI:4167","HMDB0304632","C00267;C00031","50-99-7",13722112.320609,6014013.14179618,43.8271674308031,26122821.4540081,12156506.4011818,"C18","Neg",0
"C18-Neg-000033","D-(+)-Glucose","C6 H12 O6",180.06339,93.5,"mzCloud",6210,0.06,179.05612,1.226,FALSE,"[M-H]-1","C(C1C(C(C(C(O1)O)O)O)O)O","WQZGKKKJIJFFOK-GASJEMHNSA-N","Organic oxygen compounds","Organooxygen compounds","Carbohydrates and carbohydrate conjugates","kegg:map00052;reactome:R-HSA-9683686;reactome:R-HSA-9683701;reactome:R-HSA-9694548;reactome:R-HSA-9694635;reactome:R-HSA-9772573;wiki:WP1403;wiki:WP1533;wiki:WP1584;wiki:WP176;wiki:WP1946;wiki:WP1982;wiki:WP2456;wiki:WP2868;wiki:WP3602;wiki:WP3915;wiki:WP4521;wiki:WP4629;wiki:WP500;wiki:WP5020;wiki:WP5021;wiki:WP5094;wiki:WP5216;wiki:WP5312;wiki:WP534;wiki:WP5394;wiki:WP661;wiki:WP690;wiki:WP698",5793,"CHEBI:4167","HMDB0304632","C00267;C00031","50-99-7",10017833.0824447,7467751.03011072,74.5445743470939,21114624.1316309,8874085.13884419,"C18","Neg",0
"Amide-Neg-000025","D-(+)-Mannose","C6 H12 O6",180.06339,98.5,"mzCloud",2621,0.13,179.05612,8.473,FALSE,"[M-H]-1","C(C1C(C(C(C(O1)O)O)O)O)O","WQZGKKKJIJFFOK-QTVWNMPRSA-N","Organic oxygen compounds","Organooxygen compounds","Carbohydrates and carbohydrate conjugates","kegg:map00051;kegg:map00052;reactome:R-HSA-189200;reactome:R-HSA-3000480;reactome:R-HSA-532668;reactome:R-HSA-8853383;reactome:R-HSA-901032;reactome:R-HSA-901042;reactome:R-HSA-964739;reactome:R-HSA-964827;reactome:R-HSA-975576;reactome:R-HSA-975578;wiki:WP3793;wiki:WP4043",18950,"CHEBI:4208",NA,"C00159","3458-28-4",25858477.9237749,18071826.5549393,69.8874334684782,51912998.6086497,24653663.5572156,"Amide","Neg",0
"Amide-Neg-000037","D-(+)-Mannose","C6 H12 O6",180.06339,98.5,"mzCloud",2621,-0.02,179.0561,12.189,FALSE,"[M-H]-1","C(C1C(C(C(C(O1)O)O)O)O)O","WQZGKKKJIJFFOK-QTVWNMPRSA-N","Organic oxygen compounds","Organooxygen compounds","Carbohydrates and carbohydrate conjugates","kegg:map00051;kegg:map00052;reactome:R-HSA-189200;reactome:R-HSA-3000480;reactome:R-HSA-532668;reactome:R-HSA-8853383;reactome:R-HSA-901032;reactome:R-HSA-901042;reactome:R-HSA-964739;reactome:R-HSA-964827;reactome:R-HSA-975576;reactome:R-HSA-975578;wiki:WP3793;wiki:WP4043",18950,"CHEBI:4208",NA,"C00159","3458-28-4",42310020.4823021,12999213.5433536,30.723723116114,58631042.127705,43719484.9041274,"Amide","Neg",0
"Amide-Pos-000155","D-(+)-Pipecolinic acid","C6 H11 N O2",129.07898,95.4,"mzCloud",1782,-0.99,130.08615,15.315,FALSE,"[M+H]+1","C1CCNC(C1)C(=O)O","HXEACLLIILLPRG-RXMQYKEDSA-N","Organic acids and derivatives","Carboxylic acids and derivatives","Amino acids, peptides, and analogues",NA,736316,"CHEBI:41582","HMDB0005960",NA,"1723-00-8",14416995.0586966,2266324.890203,15.7198145728427,17944750.1276014,14564586.0359459,"Amide","Pos",1
"Amide-Pos-000245","D-(+)-Pipecolinic acid","C6 H11 N O2",129.07898,95.4,"mzCloud",1782,-1.16,130.08611,10.306,FALSE,"[M+H]+1","C1CCNC(C1)C(=O)O","HXEACLLIILLPRG-RXMQYKEDSA-N","Organic acids and derivatives","Carboxylic acids and derivatives","Amino acids, peptides, and analogues",NA,736316,"CHEBI:41582","HMDB0005960",NA,"1723-00-8",4444407.13448562,1503496.62304804,33.8289580039127,8403582.20739824,4123662.35366892,"Amide","Pos",1
"C18-Pos-000113","D-(+)-Pipecolinic acid","C6 H11 N O2",129.07898,99.1,"mzCloud",1782,-1.25,147.11264,0.89,FALSE,"[M+NH4]+1","C1CCNC(C1)C(=O)O","HXEACLLIILLPRG-RXMQYKEDSA-N","Organic acids and derivatives","Carboxylic acids and derivatives","Amino acids, peptides, and analogues",NA,736316,"CHEBI:41582","HMDB0005960",NA,"1723-00-8",14332309.5906929,3166650.89898744,22.0944913236021,19632003.0861554,14268391.4374631,"C18","Pos",1
"C18-Pos-000138","D-(+)-Pipecolinic acid","C6 H11 N O2",129.07898,99.1,"mzCloud",1782,-1.22,130.0861,1.32,FALSE,"[M+H]+1","C1CCNC(C1)C(=O)O","HXEACLLIILLPRG-RXMQYKEDSA-N","Organic acids and derivatives","Carboxylic acids and derivatives","Amino acids, peptides, and analogues",NA,736316,"CHEBI:41582","HMDB0005960",NA,"1723-00-8",6519065.47546733,3417357.28522287,52.4209688962802,12909835.195542,6618124.1445018,"C18","Pos",1
"Amide-Pos-000065","D-(+)-Proline","C5 H9 N O2",115.06333,99.7,"mzCloud",1783,-1.21,116.07047,10.078,FALSE,"[M+H]+1","C1CC(NC1)C(=O)O","ONIBWKKTOPOVIA-SCSAIBSYSA-N","Organic acids and derivatives","Carboxylic acids and derivatives","Amino acids, peptides, and analogues","kegg:map00330",8988,"CHEBI:16313","HMDB0003411","C00763","344-25-2",106059620.512549,26025878.5107014,24.5389134761442,149250787.431346,107511243.087839,"Amide","Pos",1
"Amide-Pos-000219","D-(+)-Proline","C5 H9 N O2",115.06333,99.7,"mzCloud",1783,-0.94,116.0705,15.066,FALSE,"[M+H]+1","C1CC(NC1)C(=O)O","ONIBWKKTOPOVIA-SCSAIBSYSA-N","Organic acids and derivatives","Carboxylic acids and derivatives","Amino acids, peptides, and analogues","kegg:map00330",8988,"CHEBI:16313","HMDB0003411","C00763","344-25-2",9145422.22590187,1717895.70212978,18.7842142188287,10575760.8813234,9561148.39296394,"Amide","Pos",1
"C18-Pos-000043","D-(+)-Proline","C5 H9 N O2",115.06333,99.6,"mzCloud",1783,-1.38,116.07045,1.21,FALSE,"[M+H]+1","C1CC(NC1)C(=O)O","ONIBWKKTOPOVIA-SCSAIBSYSA-N","Organic acids and derivatives","Carboxylic acids and derivatives","Amino acids, peptides, and analogues","kegg:map00330",8988,"CHEBI:16313","HMDB0003411","C00763","344-25-2",54020262.4034803,10193643.8717037,18.8700376824658,70909571.4579421,53332440.6987267,"C18","Pos",1
"C18-Pos-000239","D-(+)-Proline","C5 H9 N O2",115.06333,99.6,"mzCloud",1783,-1.48,116.07043,0.888,FALSE,"[M+H]+1","C1CC(NC1)C(=O)O","ONIBWKKTOPOVIA-SCSAIBSYSA-N","Organic acids and derivatives","Carboxylic acids and derivatives","Amino acids, peptides, and analogues","kegg:map00330",8988,"CHEBI:16313","HMDB0003411","C00763","344-25-2",1033280.01783046,246512.33621147,23.8572634675606,1482113.26900762,1019941.12434363,"C18","Pos",1
"Amide-Neg-000507","D-(+)-Tryptophan","C11 H12 N2 O2",204.08988,91.2,"mzCloud",3173,-0.61,203.08248,9.236,FALSE,"[M-H]-1","C1=CC=C2C(=C1)C(=CN2)CC(C(=O)O)N","QIVBCDIJIAJPQS-SECBINFHSA-N","Organoheterocyclic compounds","Indoles and derivatives","Indolyl carboxylic acids and derivatives","reactome:R-HSA-420499;reactome:R-HSA-9717189;reactome:R-HSA-9717207;wiki:WP4418;wiki:WP5078",9060,"CHEBI:16296","HMDB0013609","C00525","153-94-6",442442.589735763,169397.915436924,38.286982168261,856094.203999649,415433.209832389,"Amide","Neg",1
"C8-Pos-000384","D-(+)-Tryptophan","C11 H12 N2 O2",204.08988,96.7,"mzCloud",3173,0.09,205.09717,1.374,FALSE,"[M+H]+1","C1=CC=C2C(=C1)C(=CN2)CC(C(=O)O)N","QIVBCDIJIAJPQS-SECBINFHSA-N","Organoheterocyclic compounds","Indoles and derivatives","Indolyl carboxylic acids and derivatives","reactome:R-HSA-420499;reactome:R-HSA-9717189;reactome:R-HSA-9717207;wiki:WP4418;wiki:WP5078",9060,"CHEBI:16296","HMDB0013609","C00525","153-94-6",1451591.79739084,350688.128997879,24.1588668128479,2472300.72676262,1384650.93230273,"C8","Pos",1
"Amide-Neg-000267","D-(+)-Xylose","C5 H10 O5",150.05282,98.2,"mzCloud",6209,-0.35,149.04549,8.498,FALSE,"[M-H]-1","C1C(C(C(C(O1)O)O)O)O","SRBFZHDQGSBBOR-IOVATXLUSA-N","Organic oxygen compounds","Organooxygen compounds","Carbohydrates and carbohydrate conjugates",NA,135191,"CHEBI:53455","HMDB0000098","C00181","25990-60-7",1721448.70083492,1370204.31741223,79.5960005516091,4872367.55628011,1324553.44285273,"Amide","Neg",0
"Amide-Neg-000559","D-(+)-Xylose","C5 H10 O5",150.05282,98.2,"mzCloud",6209,1.06,149.04571,9.05,FALSE,"[M-H]-1","C1C(C(C(C(O1)O)O)O)O","SRBFZHDQGSBBOR-IOVATXLUSA-N","Organic oxygen compounds","Organooxygen compounds","Carbohydrates and carbohydrate conjugates",NA,135191,"CHEBI:53455","HMDB0000098","C00181","25990-60-7",106892.87999671,182393.701419974,170.63222679152,476638.792320165,40422.3829427082,"Amide","Neg",0
"Amide-Neg-000014","D-(-)-Erythrose","C4 H8 O4",120.04226,73.4,"NIST23",2897,-0.42,179.05606,11.909,FALSE,"[M-H+HAc]-1","O=C[C@H](O)[C@H](O)CO","YTBSYETUWUMLBZ-IUYQGCFVSA-N","Organic oxygen compounds","Organooxygen compounds","Carbohydrates and carbohydrate conjugates","wiki:WP1946",94176,"CHEBI:27904",NA,NA,"583-50-6",64731140.727903,NA,NA,64731140.727903,64731140.727903,"Amide","Neg",0
"Amide-Neg-000289","D-(-)-Erythrose","C4 H8 O4",120.04226,73.4,"NIST23",2897,-0.85,119.03488,7.524,FALSE,"[M-H]-1","O=C[C@H](O)[C@H](O)CO","YTBSYETUWUMLBZ-IUYQGCFVSA-N","Organic oxygen compounds","Organooxygen compounds","Carbohydrates and carbohydrate conjugates","wiki:WP1946",94176,"CHEBI:27904",NA,NA,"583-50-6",2696692.32323983,2337614.09884171,86.6844941373692,4349635.10432808,2696692.32323983,"Amide","Neg",0
"Amide-Neg-000048","D-(-)-Glutamine","C5 H10 N2 O3",146.06914,79,"mzCloud",393,-0.61,145.06178,12.307,FALSE,"[M-H]-1","O=C(N)CCC(N)C(=O)O","ZDXPYRJPNDTMRX-GSVOUGTGSA-N","Organic acids and derivatives","Carboxylic acids and derivatives","Amino acids, peptides, and analogues","wiki:WP2868",145815,"CHEBI:17061","HMDB0003423","C00819","5959-95-5",26168833.1812234,9015257.82484854,34.4503622397545,48953688.1914772,26006646.2203563,"Amide","Neg",1
"Amide-Neg-000333","D-(-)-Glutamine","C5 H10 N2 O3",146.06914,79,"mzCloud",393,-0.66,145.06176,12.92,FALSE,"[M-H]-1","O=C(N)CCC(N)C(=O)O","ZDXPYRJPNDTMRX-GSVOUGTGSA-N","Organic acids and derivatives","Carboxylic acids and derivatives","Amino acids, peptides, and analogues","wiki:WP2868",145815,"CHEBI:17061","HMDB0003423","C00819","5959-95-5",2607775.14443279,633759.194939001,24.3026779472143,3237997.2576266,2656788.50832291,"Amide","Neg",1
"C18-Neg-000017","D-(-)-Glutamine","C5 H10 N2 O3",146.06914,67.5,"mzCloud",393,-0.07,145.06186,1.136,FALSE,"[M-H]-1","O=C(N)CCC(N)C(=O)O","ZDXPYRJPNDTMRX-GSVOUGTGSA-N","Organic acids and derivatives","Carboxylic acids and derivatives","Amino acids, peptides, and analogues","wiki:WP2868",145815,"CHEBI:17061","HMDB0003423","C00819","5959-95-5",22433544.7198577,6424016.05948066,28.6357601516013,38238336.3370388,21858430.0693631,"C18","Neg",1
"Amide-Neg-000265","D-(-)-Isoascorbic acid","C6 H8 O6",176.03209,96.7,"NIST23",11904,-0.06,175.0248,3.233,FALSE,"[M-H]-1","O=C1O[C@H]([C@H](O)CO)C(O)=C1O","CIWBSHSKHKDKBQ-DUZGATOHSA-N","Organoheterocyclic compounds","Dihydrofurans","Furanones",NA,54675810,"CHEBI:51438",NA,"C20364","89-65-6",2157192.00898796,931675.250648296,43.1892593133324,4027889.33619576,2098539.64617052,"Amide","Neg",0
"Amide-Neg-000449","D-(-)-Isoascorbic acid","C6 H8 O6",176.03209,96.7,"NIST23",11904,0.69,175.02493,13.473,FALSE,"[M-H]-1","O=C1O[C@H]([C@H](O)CO)C(O)=C1O","CIWBSHSKHKDKBQ-DUZGATOHSA-N","Organoheterocyclic compounds","Dihydrofurans","Furanones",NA,54675810,"CHEBI:51438",NA,"C20364","89-65-6",662197.733669881,338656.079204692,51.1412319894044,1228174.59907359,550282.613353487,"Amide","Neg",0
"Amide-Neg-000399","D-(-)-Mannitol","C6 H14 O6",182.07904,89.8,"mzCloud",1527,-0.33,181.07173,8.058,FALSE,"[M-H]-1","C(C(C(C(C(CO)O)O)O)O)O","FBPFZTCFMRRESA-KVTDHHQDSA-N","Organic oxygen compounds","Organooxygen compounds","Carbohydrates and carbohydrate conjugates",NA,6251,"CHEBI:16899","HMDB0000765","C00392","87-78-5",971803.585591934,433159.611108841,44.572752923627,1748629.58836854,812815.250670729,"Amide","Neg",1
"C18-Neg-000116","D-(-)-Mannitol","C6 H14 O6",182.07904,95.5,"mzCloud",1527,0,181.07176,1.162,FALSE,"[M-H]-1","C(C(C(C(C(CO)O)O)O)O)O","FBPFZTCFMRRESA-KVTDHHQDSA-N","Organic oxygen compounds","Organooxygen compounds","Carbohydrates and carbohydrate conjugates",NA,6251,"CHEBI:16899","HMDB0000765","C00392","87-78-5",1922407.86349289,715137.168284802,37.2000750655193,3601812.09948938,1694485.1371854,"C18","Neg",1
"Amide-Neg-000170","D-Arabinonic acid","C5 H10 O6",166.04774,83.3,"NIST23",5879,-0.26,165.04042,13.582,FALSE,"[M-H]-1","O=C(O)[C@@H](O)[C@H](O)[C@H](O)CO","QXKAIJAYHKCRRA-JJYYJPOSSA-N","Organic oxygen compounds","Organooxygen compounds","Carbohydrates and carbohydrate conjugates",NA,122045,"CHEBI:20912","HMDB0000539","C00878","13752-83-5",3306755.71634604,3337577.02981812,100.932071072554,10913453.2116824,2019406.65555327,"Amide","Neg",0
"Amide-Neg-000340","D-Arabinonic acid","C5 H10 O6",166.04774,83.3,"NIST23",5879,-0.52,165.04037,11.749,FALSE,"[M-H]-1","O=C(O)[C@@H](O)[C@H](O)[C@H](O)CO","QXKAIJAYHKCRRA-JJYYJPOSSA-N","Organic oxygen compounds","Organooxygen compounds","Carbohydrates and carbohydrate conjugates",NA,122045,"CHEBI:20912","HMDB0000539","C00878","13752-83-5",896641.996958616,840365.141656578,93.7235981034875,3097500.93492059,506444.6939041,"Amide","Neg",0
"Amide-Pos-000107","D-Carnitine","C7 H15 N O3",161.10519,95,"mzCloud",6597,-1.06,162.1123,11.741,FALSE,"[M+H]+1","C[N+](C)(C)CC(CC(=O)O)O","PHIQHXFUZVPYII-LURJTMIESA-O","Organic nitrogen compounds","Organonitrogen compounds","Quaternary ammonium salts",NA,160907,"CHEBI:51453","HMDB0062634",NA,"541-14-0",26675644.6025196,5133986.75860458,19.2459707538601,39761215.7631681,25788057.3079749,"Amide","Pos",1
"Amide-Pos-000268","D-Carnitine","C7 H15 N O3",161.10519,95,"mzCloud",6597,-0.87,162.11233,12.565,FALSE,"[M+H]+1","C[N+](C)(C)CC(CC(=O)O)O","PHIQHXFUZVPYII-LURJTMIESA-O","Organic nitrogen compounds","Organonitrogen compounds","Quaternary ammonium salts",NA,160907,"CHEBI:51453","HMDB0062634",NA,"541-14-0",3880994.93828562,1608246.53755651,41.4390269281551,7250826.36912091,3827788.18014899,"Amide","Pos",1
"C18-Pos-000120","D-Carnitine","C7 H15 N O3",161.10519,63.8,"mzCloud",6597,-1.08,162.1123,1.117,FALSE,"[M+H]+1","C[N+](C)(C)CC(CC(=O)O)O","PHIQHXFUZVPYII-LURJTMIESA-O","Organic nitrogen compounds","Organonitrogen compounds","Quaternary ammonium salts",NA,160907,"CHEBI:51453","HMDB0062634",NA,"541-14-0",8761466.89748752,3500285.84027872,39.9509109745364,16876176.8991811,7693153.15805234,"C18","Pos",1
"C18-Neg-000019","D-Fructose 1-phosphate","C6 H13 O9 P",260.02972,94.5,"mzCloud",1465,-0.27,259.02235,1.392,FALSE,"[M-H]-1","C(C1C(C(C(O1)(COP(=O)(O)O)O)O)O)O","RHKKZBWRNHGJEZ-ARQDHWQXSA-N","Organic oxygen compounds","Organooxygen compounds","Carbohydrates and carbohydrate conjugates","kegg:map00051;reactome:R-HSA-5652084;reactome:R-HSA-70350;wiki:WP5178;wiki:WP690",10400369,"CHEBI:139419","HMDB0001076",NA,"15978-08-2",5526193.64804437,7709747.42453179,139.512798782579,33804059.6212434,2377127.23262674,"C18","Neg",1
"C18-Neg-000045","D-Fructose 1-phosphate","C6 H13 O9 P",260.02972,94.5,"mzCloud",1465,-0.28,259.02237,3.429,FALSE,"[M-H]-1","C(C1C(C(C(O1)(COP(=O)(O)O)O)O)O)O","RHKKZBWRNHGJEZ-ARQDHWQXSA-N","Organic oxygen compounds","Organooxygen compounds","Carbohydrates and carbohydrate conjugates","kegg:map00051;reactome:R-HSA-5652084;reactome:R-HSA-70350;wiki:WP5178;wiki:WP690",10400369,"CHEBI:139419","HMDB0001076",NA,"15978-08-2",7913057.05336781,1322565.62196584,16.713712703524,8848252.17322406,7913057.05336781,"C18","Neg",1
"C8-Neg-000164","D-Fructose 1-phosphate","C6 H13 O9 P",260.02972,86.8,"mzCloud",1465,-0.34,259.02231,1.052,FALSE,"[M-H]-1","C(C1C(C(C(O1)(COP(=O)(O)O)O)O)O)O","RHKKZBWRNHGJEZ-ARQDHWQXSA-N","Organic oxygen compounds","Organooxygen compounds","Carbohydrates and carbohydrate conjugates","kegg:map00051;reactome:R-HSA-5652084;reactome:R-HSA-70350;wiki:WP5178;wiki:WP690",10400369,"CHEBI:139419","HMDB0001076",NA,"15978-08-2",628351.776707514,255905.715735904,40.7265046781309,1082866.7643845,670846.303453984,"C8","Neg",1
"Amide-Neg-000280","D-Glucose 6-phosphate","C6 H13 O9 P",260.02972,98,"mzCloud",1467,-0.3,259.02236,13.541,FALSE,"[M-H]-1","C(C1C(C(C(C(O1)O)O)O)O)OP(=O)(O)O","NBSCHQHZLSJFNQ-GASJEMHNSA-N","Organic oxygen compounds","Organooxygen compounds","Carbohydrates and carbohydrate conjugates","kegg:map00052;kegg:map00520;kegg:map00562;reactome:R-HSA-1483249;reactome:R-HSA-1855183;wiki:WP134;wiki:WP1946;wiki:WP2741;wiki:WP3915;wiki:WP4141;wiki:WP4290;wiki:WP4297;wiki:WP5153;wiki:WP5173;wiki:WP5178;wiki:WP5211;wiki:WP5216;wiki:WP5312;wiki:WP5314;wiki:WP534;wiki:WP5380;wiki:WP5394;wiki:WP698",5958,"CHEBI:4170","HMDB0001401","C00092","299-31-0",1490451.55331073,883098.915250852,59.2504273815024,4478936.97951669,1333155.61468844,"Amide","Neg",1
"Amide-Neg-000445","D-Glucose 6-phosphate","C6 H13 O9 P",260.02972,98,"mzCloud",1467,-0.13,259.02241,13.883,FALSE,"[M-H]-1","C(C1C(C(C(C(O1)O)O)O)O)OP(=O)(O)O","NBSCHQHZLSJFNQ-GASJEMHNSA-N","Organic oxygen compounds","Organooxygen compounds","Carbohydrates and carbohydrate conjugates","kegg:map00052;kegg:map00520;kegg:map00562;reactome:R-HSA-1483249;reactome:R-HSA-1855183;wiki:WP134;wiki:WP1946;wiki:WP2741;wiki:WP3915;wiki:WP4141;wiki:WP4290;wiki:WP4297;wiki:WP5153;wiki:WP5173;wiki:WP5178;wiki:WP5211;wiki:WP5216;wiki:WP5312;wiki:WP5314;wiki:WP534;wiki:WP5380;wiki:WP5394;wiki:WP698",5958,"CHEBI:4170","HMDB0001401","C00092","299-31-0",582269.949426737,288756.370581594,49.5914946093103,1244757.61817827,478466.599530294,"Amide","Neg",1
"Amide-Pos-000527","D-Glucose 6-phosphate","C6 H13 O9 P",260.02972,86.1,"mzCloud",1467,-1.24,261.03667,13.911,FALSE,"[M+H]+1","C(C1C(C(C(C(O1)O)O)O)O)OP(=O)(O)O","NBSCHQHZLSJFNQ-GASJEMHNSA-N","Organic oxygen compounds","Organooxygen compounds","Carbohydrates and carbohydrate conjugates","kegg:map00052;kegg:map00520;kegg:map00562;reactome:R-HSA-1483249;reactome:R-HSA-1855183;wiki:WP134;wiki:WP1946;wiki:WP2741;wiki:WP3915;wiki:WP4141;wiki:WP4290;wiki:WP4297;wiki:WP5153;wiki:WP5173;wiki:WP5178;wiki:WP5211;wiki:WP5216;wiki:WP5312;wiki:WP5314;wiki:WP534;wiki:WP5380;wiki:WP5394;wiki:WP698",5958,"CHEBI:4170","HMDB0001401","C00092","299-31-0",260216.675302572,73231.6842718062,28.1425793280368,388364.660195463,255168.384260879,"Amide","Pos",1
"Amide-Pos-000533","D-Glucose 6-phosphate","C6 H13 O9 P",260.02972,86.1,"mzCloud",1467,-1.04,261.03678,13.55,FALSE,"[M+H]+1","C(C1C(C(C(C(O1)O)O)O)O)OP(=O)(O)O","NBSCHQHZLSJFNQ-GASJEMHNSA-N","Organic oxygen compounds","Organooxygen compounds","Carbohydrates and carbohydrate conjugates","kegg:map00052;kegg:map00520;kegg:map00562;reactome:R-HSA-1483249;reactome:R-HSA-1855183;wiki:WP134;wiki:WP1946;wiki:WP2741;wiki:WP3915;wiki:WP4141;wiki:WP4290;wiki:WP4297;wiki:WP5153;wiki:WP5173;wiki:WP5178;wiki:WP5211;wiki:WP5216;wiki:WP5312;wiki:WP5314;wiki:WP534;wiki:WP5380;wiki:WP5394;wiki:WP698",5958,"CHEBI:4170","HMDB0001401","C00092","299-31-0",171255.924047025,83402.3551109061,48.7004204818075,368685.093970538,149904.443951988,"Amide","Pos",1
"Amide-Neg-000092","DL-Alanine","C3 H7 N O2",89.04768,99.9,"mzCloud",826,-0.86,88.04033,11.734,FALSE,"[M-H]-1","CC(C(=O)O)N","QNAYBMKLOCPYGJ-UHFFFAOYSA-N","Organic acids and derivatives","Carboxylic acids and derivatives","Amino acids, peptides, and analogues","kegg:map00020;kegg:map00051;kegg:map00052;kegg:map00100;kegg:map00120;kegg:map00190;kegg:map00250;kegg:map00270;kegg:map00280;kegg:map00330;kegg:map00340;kegg:map00450;kegg:map00480;kegg:map00520;kegg:map00561;kegg:map00562;kegg:map00620;kegg:map00640;kegg:map00670;kegg:map00730;kegg:map00740;kegg:map00760;kegg:map00770;kegg:map00910;kegg:map00920;kegg:map01040;reactome:R-HSA-1059683;reactome:R-HSA-109606;reactome:R-HSA-109703;reactome:R-HSA-109704;reactome:R-HSA-110056;reactome:R-HSA-110313;reactome:R-HSA-110320;reactome:R-HSA-111446;reactome:R-HSA-111447;reactome:R-HSA-111458;reactome:R-HSA-111459;reactome:R-HSA-111461;reactome:R-HSA-111471;reactome:R-HSA-111885;reactome:R-HSA-111931;reactome:R-HSA-111932;reactome:R-HSA-111933;reactome:R-HSA-111995;reactome:R-HSA-111996;reactome:R-HSA-111997;reactome:R-HSA-112040;reactome:R-HSA-112043;reactome:R-HSA-112310;reactome:R-HSA-112313;reactome:R-HSA-112382;reactome:R-HSA-112399;reactome:R-HSA-112409;reactome:R-HSA-112411;reactome:R-HSA-114452;reactome:R-HSA-114508;reactome:R-HSA-114516;reactome:R-HSA-114604;reactome:R-HSA-114608;reactome:R-HSA-1168372;reactome:R-HSA-1169091;reactome:R-HSA-1169092;reactome:R-HSA-1170546;reactome:R-HSA-1181150;reactome:R-HSA-1221632;reactome:R-HSA-1226099;reactome:R-HSA-1227986;reactome:R-HSA-1227990;reactome:R-HSA-1236382;reactome:R-HSA-1236394;reactome:R-HSA-1236974;reactome:R-HSA-1236975;reactome:R-HSA-1250196;reactome:R-HSA-1250342;reactome:R-HSA-1250347;reactome:R-HSA-1251932;reactome:R-HSA-1266695;reactome:R-HSA-1268020;reactome:R-HSA-1295596;reactome:R-HSA-1307965;reactome:R-HSA-1358803;reactome:R-HSA-1369007;reactome:R-HSA-1369062;reactome:R-HSA-139910;reactome:R-HSA-1433557;reactome:R-HSA-1433559;reactome:R-HSA-1445148;reactome:R-HSA-1474151;reactome:R-HSA-1474165;reactome:R-HSA-1483191;reactome:R-HSA-1483213;reactome:R-HSA-1483248;reactome:R-HSA-1483249;reactome:R-HSA-1483255;reactome:R-HSA-1489509;reactome:R-HSA-1500620;reactome:R-HSA-1502540;reactome:R-HSA-1538133;reactome:R-HSA-156584;reactome:R-HSA-156590;reactome:R-HSA-156711;reactome:R-HSA-156827;reactome:R-HSA-157579;reactome:R-HSA-157858;reactome:R-HSA-1592230;reactome:R-HSA-159236;reactome:R-HSA-159418;reactome:R-HSA-1606322;reactome:R-HSA-1606341;reactome:R-HSA-162658;reactome:R-HSA-163210;reactome:R-HSA-1632852;reactome:R-HSA-163358;reactome:R-HSA-163560;reactome:R-HSA-163680;reactome:R-HSA-163841;reactome:R-HSA-1643713;reactome:R-HSA-165158;reactome:R-HSA-165159;reactome:R-HSA-165160;reactome:R-HSA-165181;reactome:R-HSA-1660499;reactome:R-HSA-1660514;reactome:R-HSA-1660516;reactome:R-HSA-1660517;reactome:R-HSA-166058;reactome:R-HSA-1660661;reactome:R-HSA-1660662;reactome:R-HSA-166166;reactome:R-HSA-166187;reactome:R-HSA-166208;reactome:R-HSA-166520;reactome:R-HSA-167021;reactome:R-HSA-167044;reactome:R-HSA-167152;reactome:R-HSA-167160;reactome:R-HSA-167169;reactome:R-HSA-167172;reactome:R-HSA-167200;reactome:R-HSA-167246;reactome:R-HSA-167827;reactome:R-HSA-1679131;reactome:R-HSA-168138;reactome:R-HSA-168142;reactome:R-HSA-168164;reactome:R-HSA-168176;reactome:R-HSA-168179;reactome:R-HSA-168181;reactome:R-HSA-168188;reactome:R-HSA-168638;reactome:R-HSA-168643;reactome:R-HSA-168928;reactome:R-HSA-169893;reactome:R-HSA-170145;reactome:R-HSA-170834;reactome:R-HSA-170968;reactome:R-HSA-170984;reactome:R-HSA-171007;reactome:R-HSA-171319;reactome:R-HSA-174143;reactome:R-HSA-174362;reactome:R-HSA-174403;reactome:R-HSA-174411;reactome:R-HSA-174414;reactome:R-HSA-174417;reactome:R-HSA-174824;reactome:R-HSA-176187;reactome:R-HSA-176408;reactome:R-HSA-176417;reactome:R-HSA-177929;reactome:R-HSA-180024;reactome:R-HSA-180292;reactome:R-HSA-180336;reactome:R-HSA-180786;reactome:R-HSA-1810476;reactome:R-HSA-181429;reactome:R-HSA-181430;reactome:R-HSA-181438;reactome:R-HSA-182971;reactome:R-HSA-1834941;reactome:R-HSA-1834949;reactome:R-HSA-1839117;reactome:R-HSA-1839120;reactome:R-HSA-1839122;reactome:R-HSA-1839124;reactome:R-HSA-1839126;reactome:R-HSA-1839130;reactome:R-HSA-1855167;reactome:R-HSA-1855191;reactome:R-HSA-1855204;reactome:R-HSA-186712;reactome:R-HSA-186763;reactome:R-HSA-186797;reactome:R-HSA-187015;reactome:R-HSA-187024;reactome:R-HSA-187037;reactome:R-HSA-187577;reactome:R-HSA-187687;reactome:R-HSA-189445;reactome:R-HSA-189451;reactome:R-HSA-189483;reactome:R-HSA-190236;reactome:R-HSA-190239;reactome:R-HSA-190241;reactome:R-HSA-190242;reactome:R-HSA-190322;reactome:R-HSA-190370;reactome:R-HSA-190371;reactome:R-HSA-190372;reactome:R-HSA-190373;reactome:R-HSA-190374;reactome:R-HSA-190375;reactome:R-HSA-190377;reactome:R-HSA-1912408;reactome:R-HSA-1912422;reactome:R-HSA-191273;reactome:R-HSA-191650;reactome:R-HSA-192105;reactome:R-HSA-193368;reactome:R-HSA-193639;reactome:R-HSA-193648;reactome:R-HSA-193704;reactome:R-HSA-194068;reactome:R-HSA-194138;reactome:R-HSA-195253;reactome:R-HSA-196299;reactome:R-HSA-1963642;reactome:R-HSA-196741;reactome:R-HSA-196757;reactome:R-HSA-196783;reactome:R-HSA-196807;reactome:R-HSA-196819;reactome:R-HSA-196843;reactome:R-HSA-197264;reactome:R-HSA-1980143;reactome:R-HSA-198203;reactome:R-HSA-198323;reactome:R-HSA-198693;reactome:R-HSA-198725;reactome:R-HSA-198745;reactome:R-HSA-198753;reactome:R-HSA-199220;reactome:R-HSA-199418;reactome:R-HSA-199920;reactome:R-HSA-199992;reactome:R-HSA-200425;reactome:R-HSA-201451;reactome:R-HSA-201556;reactome:R-HSA-201688;reactome:R-HSA-202131;reactome:R-HSA-2023837;reactome:R-HSA-202403;reactome:R-HSA-202424;reactome:R-HSA-202427;reactome:R-HSA-202430;reactome:R-HSA-202433;reactome:R-HSA-2028269;reactome:R-HSA-2029481;reactome:R-HSA-2029485;reactome:R-HSA-2033514;reactome:R-HSA-2033519;reactome:R-HSA-203615;reactome:R-HSA-204005;reactome:R-HSA-204174;reactome:R-HSA-2046104;reactome:R-HSA-2046105;reactome:R-HSA-2046106;reactome:R-HSA-204998;reactome:R-HSA-205043;reactome:R-HSA-209543;reactome:R-HSA-209560;reactome:R-HSA-210455;reactome:R-HSA-210745;reactome:R-HSA-210990;reactome:R-HSA-210993;reactome:R-HSA-211163;reactome:R-HSA-2122947;reactome:R-HSA-212676;reactome:R-HSA-212718;reactome:R-HSA-2132295;reactome:R-HSA-2142691;reactome:R-HSA-2151201;reactome:R-HSA-2151209;reactome:R-HSA-2161517;reactome:R-HSA-2161522;reactome:R-HSA-2161541;reactome:R-HSA-2172127;reactome:R-HSA-2173789;reactome:R-HSA-2173791;reactome:R-HSA-2173793;reactome:R-HSA-2173795;reactome:R-HSA-2173796;reactome:R-HSA-2219528;reactome:R-HSA-2219530;reactome:R-HSA-2299718;reactome:R-HSA-2404192;reactome:R-HSA-2408550;reactome:R-HSA-2408557;reactome:R-HSA-2424491;reactome:R-HSA-2428924;reactome:R-HSA-2428928;reactome:R-HSA-2428933;reactome:R-HSA-2453902;reactome:R-HSA-2465910;reactome:R-HSA-2500257;reactome:R-HSA-2514853;reactome:R-HSA-2514856;reactome:R-HSA-2514859;reactome:R-HSA-2559580;reactome:R-HSA-2559582;reactome:R-HSA-2559585;reactome:R-HSA-2559586;reactome:R-HSA-2565942;reactome:R-HSA-2586552;reactome:R-HSA-2644602;reactome:R-HSA-2644603;reactome:R-HSA-2644606;reactome:R-HSA-264642;reactome:R-HSA-2672351;reactome:R-HSA-2682334;reactome:R-HSA-2730905;reactome:R-HSA-2871796;reactome:R-HSA-2871809;reactome:R-HSA-2894858;reactome:R-HSA-2894862;reactome:R-HSA-2980766;reactome:R-HSA-2980767;reactome:R-HSA-2995383;reactome:R-HSA-2995410;reactome:R-HSA-3134973;reactome:R-HSA-3214858;reactome:R-HSA-3249367;reactome:R-HSA-3270619;reactome:R-HSA-3299685;reactome:R-HSA-3301854;reactome:R-HSA-3371453;reactome:R-HSA-3371497;reactome:R-HSA-3371556;reactome:R-HSA-3371571;reactome:R-HSA-349425;reactome:R-HSA-354192;reactome:R-HSA-372708;reactome:R-HSA-373752;reactome:R-HSA-373753;reactome:R-HSA-373755;reactome:R-HSA-373760;reactome:R-HSA-375165;reactome:R-HSA-376172;reactome:R-HSA-3769402;reactome:R-HSA-380259;reactome:R-HSA-380284;reactome:R-HSA-380287;reactome:R-HSA-380972;reactome:R-HSA-381042;reactome:R-HSA-381070;reactome:R-HSA-381119;reactome:R-HSA-381426;reactome:R-HSA-382556;reactome:R-HSA-388841;reactome:R-HSA-389356;reactome:R-HSA-389357;reactome:R-HSA-389359;reactome:R-HSA-389513;reactome:R-HSA-389948;reactome:R-HSA-389957;reactome:R-HSA-389958;reactome:R-HSA-389960;reactome:R-HSA-390450;reactome:R-HSA-390466;reactome:R-HSA-390471;reactome:R-HSA-390522;reactome:R-HSA-391160;reactome:R-HSA-391251;reactome:R-HSA-392170;reactome:R-HSA-392451;reactome:R-HSA-392517;reactome:R-HSA-392518;reactome:R-HSA-3928662;reactome:R-HSA-3928663;reactome:R-HSA-3928664;reactome:R-HSA-3928665;reactome:R-HSA-397795;reactome:R-HSA-399719;reactome:R-HSA-399721;reactome:R-HSA-399954;reactome:R-HSA-399955;reactome:R-HSA-399956;reactome:R-HSA-399997;reactome:R-HSA-400253;reactome:R-HSA-400685;reactome:R-HSA-4085001;reactome:R-HSA-4086398;reactome:R-HSA-4086400;reactome:R-HSA-416550;reactome:R-HSA-416572;reactome:R-HSA-416993;reactome:R-HSA-417957;reactome:R-HSA-418038;reactome:R-HSA-418346;reactome:R-HSA-418592;reactome:R-HSA-418597;reactome:R-HSA-418885;reactome:R-HSA-418886;reactome:R-HSA-418889;reactome:R-HSA-418890;reactome:R-HSA-422356;reactome:R-HSA-425397;reactome:R-HSA-428542;reactome:R-HSA-428890;reactome:R-HSA-432040;reactome:R-HSA-432142;reactome:R-HSA-432720;reactome:R-HSA-432722;reactome:R-HSA-437239;reactome:R-HSA-438064;reactome:R-HSA-4419969;reactome:R-HSA-4420097;reactome:R-HSA-442720;reactome:R-HSA-442729;reactome:R-HSA-442742;reactome:R-HSA-442755;reactome:R-HSA-444257;reactome:R-HSA-445095;reactome:R-HSA-445144;reactome:R-HSA-445355;reactome:R-HSA-445717;reactome:R-HSA-445989;reactome:R-HSA-446199;reactome:R-HSA-446210;reactome:R-HSA-446219;reactome:R-HSA-447041;reactome:R-HSA-447043;reactome:R-HSA-447115;reactome:R-HSA-448424;reactome:R-HSA-450282;reactome:R-HSA-450294;reactome:R-HSA-450302;reactome:R-HSA-450321;reactome:R-HSA-450341;reactome:R-HSA-450385;reactome:R-HSA-450513;reactome:R-HSA-450520;reactome:R-HSA-450531;reactome:R-HSA-450604;reactome:R-HSA-451927;reactome:R-HSA-453276;reactome:R-HSA-4608870;reactome:R-HSA-4641262;reactome:R-HSA-499943;reactome:R-HSA-500753;reactome:R-HSA-5099900;reactome:R-HSA-512988;reactome:R-HSA-5173105;reactome:R-HSA-5205647;reactome:R-HSA-5213460;reactome:R-HSA-5218859;reactome:R-HSA-5218920;reactome:R-HSA-5218921;reactome:R-HSA-525793;reactome:R-HSA-5357769;reactome:R-HSA-5357905;reactome:R-HSA-5358346;reactome:R-HSA-5358508;reactome:R-HSA-5358565;reactome:R-HSA-5358606;reactome:R-HSA-5362517;reactome:R-HSA-5362768;reactome:R-HSA-5387390;reactome:R-HSA-5578775;reactome:R-HSA-5607761;reactome:R-HSA-5607764;reactome:R-HSA-5610780;reactome:R-HSA-5610783;reactome:R-HSA-5610785;reactome:R-HSA-5610787;reactome:R-HSA-5619063;reactome:R-HSA-5619084;reactome:R-HSA-5621480;reactome:R-HSA-5621575;reactome:R-HSA-5625740;reactome:R-HSA-5625886;reactome:R-HSA-5625900;reactome:R-HSA-5627117;reactome:R-HSA-5627123;reactome:R-HSA-5628897;reactome:R-HSA-5632684;reactome:R-HSA-5633008;reactome:R-HSA-5635838;reactome:R-HSA-5637810;reactome:R-HSA-5637812;reactome:R-HSA-5637815;reactome:R-HSA-5652084;reactome:R-HSA-5654219;reactome:R-HSA-5654221;reactome:R-HSA-5654227;reactome:R-HSA-5654228;reactome:R-HSA-5654687;reactome:R-HSA-5654688;reactome:R-HSA-5654689;reactome:R-HSA-5654693;reactome:R-HSA-5654695;reactome:R-HSA-5654696;reactome:R-HSA-5654699;reactome:R-HSA-5654700;reactome:R-HSA-5654704;reactome:R-HSA-5654706;reactome:R-HSA-5654708;reactome:R-HSA-5654710;reactome:R-HSA-5654712;reactome:R-HSA-5654716;reactome:R-HSA-5654719;reactome:R-HSA-5654720;reactome:R-HSA-5654726;reactome:R-HSA-5654727;reactome:R-HSA-5654732;reactome:R-HSA-5654733;reactome:R-HSA-5654736;reactome:R-HSA-5654738;reactome:R-HSA-5654741;reactome:R-HSA-5654743;reactome:R-HSA-5655253;reactome:R-HSA-5655291;reactome:R-HSA-5655302;reactome:R-HSA-5655332;reactome:R-HSA-5661270;reactome:R-HSA-5663213;reactome:R-HSA-5663220;reactome:R-HSA-5668541;reactome:R-HSA-5668599;reactome:R-HSA-5673000;reactome:R-HSA-5674135;reactome:R-HSA-5674400;reactome:R-HSA-5674499;reactome:R-HSA-5675221;reactome:R-HSA-5676590;reactome:R-HSA-5678895;reactome:R-HSA-5683826;reactome:R-HSA-5684264;reactome:R-HSA-5685938;reactome:R-HSA-5685942;reactome:R-HSA-5687128;reactome:R-HSA-5689896;reactome:R-HSA-5690714;reactome:R-HSA-5693537;reactome:R-HSA-5693538;reactome:R-HSA-5693548;reactome:R-HSA-5693554;reactome:R-HSA-5693565;reactome:R-HSA-5693567;reactome:R-HSA-5693568;reactome:R-HSA-5693571;reactome:R-HSA-5693579;reactome:R-HSA-5693606;reactome:R-HSA-5693607;reactome:R-HSA-5693616;reactome:R-HSA-5696395;reactome:R-HSA-5696398;reactome:R-HSA-5696399;reactome:R-HSA-6781827;reactome:R-HSA-6782135;reactome:R-HSA-6783310;reactome:R-HSA-6783589;reactome:R-HSA-6783783;reactome:R-HSA-6785807;reactome:R-HSA-6787639;reactome:R-HSA-6790901;reactome:R-HSA-6791312;reactome:R-HSA-6796648;reactome:R-HSA-6802946;reactome:R-HSA-6802948;reactome:R-HSA-6802949;reactome:R-HSA-6802952;reactome:R-HSA-6802955;reactome:R-HSA-6802957;reactome:R-HSA-6803157;reactome:R-HSA-6803204;reactome:R-HSA-6803207;reactome:R-HSA-6803544;reactome:R-HSA-6804115;reactome:R-HSA-6804756;reactome:R-HSA-6804757;reactome:R-HSA-6804758;reactome:R-HSA-6804759;reactome:R-HSA-6804760;reactome:R-HSA-6806003;reactome:R-HSA-6806834;reactome:R-HSA-6806942;reactome:R-HSA-6807004;reactome:R-HSA-6807505;reactome:R-HSA-6807878;reactome:R-HSA-6811436;reactome:R-HSA-6811438;reactome:R-HSA-6811440;reactome:R-HSA-6811555;reactome:R-HSA-6811558;reactome:R-HSA-6814122;reactome:R-HSA-68616;reactome:R-HSA-68867;reactome:R-HSA-68875;reactome:R-HSA-68884;reactome:R-HSA-68911;reactome:R-HSA-68949;reactome:R-HSA-68962;reactome:R-HSA-69002;reactome:R-HSA-69017;reactome:R-HSA-69052;reactome:R-HSA-69091;reactome:R-HSA-69109;reactome:R-HSA-69186;reactome:R-HSA-69190;reactome:R-HSA-69200;reactome:R-HSA-69202;reactome:R-HSA-69206;reactome:R-HSA-69231;reactome:R-HSA-69236;reactome:R-HSA-69239;reactome:R-HSA-69273;reactome:R-HSA-69473;reactome:R-HSA-69478;reactome:R-HSA-69541;reactome:R-HSA-69563;reactome:R-HSA-69580;reactome:R-HSA-69601;reactome:R-HSA-69610;reactome:R-HSA-69613;reactome:R-HSA-69615;reactome:R-HSA-69656;reactome:R-HSA-70171;reactome:R-HSA-70221;reactome:R-HSA-70263;reactome:R-HSA-70268;reactome:R-HSA-70326;reactome:R-HSA-70350;reactome:R-HSA-70370;reactome:R-HSA-70635;reactome:R-HSA-70895;reactome:R-HSA-70921;reactome:R-HSA-71032;reactome:R-HSA-71288;reactome:R-HSA-71336;reactome:R-HSA-71403;reactome:R-HSA-71406;reactome:R-HSA-72202;reactome:R-HSA-72613;reactome:R-HSA-72662;reactome:R-HSA-72702;reactome:R-HSA-72737;reactome:R-HSA-73614;reactome:R-HSA-73621;reactome:R-HSA-73728;reactome:R-HSA-73817;reactome:R-HSA-73854;reactome:R-HSA-73864;reactome:R-HSA-73886;reactome:R-HSA-73893;reactome:R-HSA-74217;reactome:R-HSA-74259;reactome:R-HSA-74713;reactome:R-HSA-74749;reactome:R-HSA-74751;reactome:R-HSA-74752;reactome:R-HSA-75035;reactome:R-HSA-75105;reactome:R-HSA-75109;reactome:R-HSA-75153;reactome:R-HSA-75815;reactome:R-HSA-75893;reactome:R-HSA-75955;reactome:R-HSA-76005;reactome:R-HSA-76009;reactome:R-HSA-76042;reactome:R-HSA-77075;reactome:R-HSA-77289;reactome:R-HSA-83936;reactome:R-HSA-877300;reactome:R-HSA-881907;reactome:R-HSA-8847453;reactome:R-HSA-8847993;reactome:R-HSA-8848021;reactome:R-HSA-8849468;reactome:R-HSA-8849469;reactome:R-HSA-8849470;reactome:R-HSA-8849471;reactome:R-HSA-8849472;reactome:R-HSA-8849474;reactome:R-HSA-8850843;reactome:R-HSA-8851805;reactome:R-HSA-8851907;reactome:R-HSA-8852276;reactome:R-HSA-8852405;reactome:R-HSA-8853336;reactome:R-HSA-8853659;reactome:R-HSA-8854518;reactome:R-HSA-8854691;reactome:R-HSA-8856688;reactome:R-HSA-8856825;reactome:R-HSA-8857538;reactome:R-HSA-8862803;reactome:R-HSA-8863678;reactome:R-HSA-8863795;reactome:R-HSA-8866376;reactome:R-HSA-8874081;reactome:R-HSA-8875360;reactome:R-HSA-8875791;reactome:R-HSA-8875878;reactome:R-HSA-8876198;reactome:R-HSA-8876384;reactome:R-HSA-8876493;reactome:R-HSA-8878159;reactome:R-HSA-8878166;reactome:R-HSA-8934593;reactome:R-HSA-8934903;reactome:R-HSA-8939236;reactome:R-HSA-8939243;reactome:R-HSA-8939902;reactome:R-HSA-8940973;reactome:R-HSA-8941326;reactome:R-HSA-8941332;reactome:R-HSA-8941858;reactome:R-HSA-8943724;reactome:R-HSA-8948751;reactome:R-HSA-8953750;reactome:R-HSA-8955332;reactome:R-HSA-8956319;reactome:R-HSA-8956320;reactome:R-HSA-8956321;reactome:R-HSA-8957275;reactome:R-HSA-8963896;reactome:R-HSA-8963898;reactome:R-HSA-8963899;reactome:R-HSA-8964058;reactome:R-HSA-8964539;reactome:R-HSA-8978934;reactome:R-HSA-8979227;reactome:R-HSA-8982491;reactome:R-HSA-8983432;reactome:R-HSA-8984722;reactome:R-HSA-8985947;reactome:R-HSA-8986944;reactome:R-HSA-9006115;reactome:R-HSA-9006335;reactome:R-HSA-9006927;reactome:R-HSA-9006936;reactome:R-HSA-9007101;reactome:R-HSA-9007892;reactome:R-HSA-9008059;reactome:R-HSA-9009391;reactome:R-HSA-9010642;reactome:R-HSA-9012852;reactome:R-HSA-9013420;reactome:R-HSA-9013507;reactome:R-HSA-9013694;reactome:R-HSA-9013973;reactome:R-HSA-9014325;reactome:R-HSA-9018519;reactome:R-HSA-9020558;reactome:R-HSA-9020591;reactome:R-HSA-9020702;reactome:R-HSA-9020933;reactome:R-HSA-9020956;reactome:R-HSA-9020958;reactome:R-HSA-9022692;reactome:R-HSA-9026519;reactome:R-HSA-9026527;reactome:R-HSA-9027276;reactome:R-HSA-9027277;reactome:R-HSA-9027283;reactome:R-HSA-9027284;reactome:R-HSA-9028335;reactome:R-HSA-9028731;reactome:R-HSA-9031628;reactome:R-HSA-9032500;reactome:R-HSA-9032845;reactome:R-HSA-9033241;reactome:R-HSA-9034015;reactome:R-HSA-9034793;reactome:R-HSA-9034864;reactome:R-HSA-909733;reactome:R-HSA-912526;reactome:R-HSA-912631;reactome:R-HSA-917729;reactome:R-HSA-917937;reactome:R-HSA-917977;reactome:R-HSA-918233;reactome:R-HSA-927802;reactome:R-HSA-933541;reactome:R-HSA-933542;reactome:R-HSA-936837;reactome:R-HSA-936964;reactome:R-HSA-937039;reactome:R-HSA-937042;reactome:R-HSA-937061;reactome:R-HSA-937072;reactome:R-HSA-9603381;reactome:R-HSA-9604323;reactome:R-HSA-9607240;reactome:R-HSA-9609523;reactome:R-HSA-9609736;reactome:R-HSA-9613354;reactome:R-HSA-9614085;reactome:R-HSA-9614399;reactome:R-HSA-9619229;reactome:R-HSA-9619483;reactome:R-HSA-9620244;reactome:R-HSA-9627069;reactome:R-HSA-9633012;reactome:R-HSA-9634285;reactome:R-HSA-9634597;reactome:R-HSA-9634600;reactome:R-HSA-9634635;reactome:R-HSA-9634638;reactome:R-HSA-9634815;reactome:R-HSA-9645135;reactome:R-HSA-9645460;reactome:R-HSA-9645723;reactome:R-HSA-9648002;reactome:R-HSA-9648025;reactome:R-HSA-9648895;reactome:R-HSA-964975;reactome:R-HSA-9649948;reactome:R-HSA-9652169;reactome:R-HSA-9656223;reactome:R-HSA-9659379;reactome:R-HSA-9660821;reactome:R-HSA-9660826;reactome:R-HSA-9662360;reactome:R-HSA-9662361;reactome:R-HSA-9662834;reactome:R-HSA-9663891;reactome:R-HSA-9664323;reactome:R-HSA-9664420;reactome:R-HSA-9664424;reactome:R-HSA-9664565;reactome:R-HSA-9665348;reactome:R-HSA-9665686;reactome:R-HSA-9668328;reactome:R-HSA-9669938;reactome:R-HSA-9670439;reactome:R-HSA-9671555;reactome:R-HSA-9673324;reactome:R-HSA-9673766;reactome:R-HSA-9673767;reactome:R-HSA-9673768;reactome:R-HSA-9673770;reactome:R-HSA-9674555;reactome:R-HSA-9679514;reactome:R-HSA-9680350;reactome:R-HSA-9682385;reactome:R-HSA-9682706;reactome:R-HSA-9683610;reactome:R-HSA-9683701;reactome:R-HSA-9694631;reactome:R-HSA-9694635;reactome:R-HSA-9694682;reactome:R-HSA-9694686;reactome:R-HSA-9700206;reactome:R-HSA-9702518;reactome:R-HSA-9703465;reactome:R-HSA-9703648;reactome:R-HSA-9706019;reactome:R-HSA-9706369;reactome:R-HSA-9707564;reactome:R-HSA-9708530;reactome:R-HSA-9725370;reactome:R-HSA-9725371;reactome:R-HSA-9727281;reactome:R-HSA-9732724;reactome:R-HSA-9734009;reactome:R-HSA-9735763;reactome:R-HSA-9735786;reactome:R-HSA-9735804;reactome:R-HSA-9748787;reactome:R-HSA-9749641;reactome:R-HSA-975110;reactome:R-HSA-975138;reactome:R-HSA-975144;reactome:R-HSA-975155;reactome:R-HSA-975163;reactome:R-HSA-9753281;reactome:R-HSA-9755088;reactome:R-HSA-9755511;reactome:R-HSA-9755779;reactome:R-HSA-9757110;reactome:R-HSA-975871;reactome:R-HSA-9758881;reactome:R-HSA-9758890;reactome:R-HSA-9759194;reactome:R-HSA-975957;reactome:R-HSA-9762114;reactome:R-HSA-9768919;reactome:R-HSA-9772572;reactome:R-HSA-9772573;reactome:R-HSA-9793528;reactome:R-HSA-9816359;reactome:R-HSA-9818027;reactome:R-HSA-9820952;reactome:R-HSA-9820965;reactome:R-HSA-9821993;reactome:R-HSA-982772;reactome:R-HSA-9828806;reactome:R-HSA-983170;reactome:R-HSA-983189;reactome:R-HSA-9833482;reactome:R-HSA-9836573;reactome:R-HSA-983695;reactome:R-HSA-9837999;reactome:R-HSA-9840309;wiki:WP176;wiki:WP1780;wiki:WP1784;wiki:WP1788;wiki:WP1795;wiki:WP1797;wiki:WP1799;wiki:WP1803;wiki:WP1809;wiki:WP1812;wiki:WP1815;wiki:WP1820;wiki:WP1826;wiki:WP1831;wiki:WP1835;wiki:WP1839;wiki:WP1840;wiki:WP1841;wiki:WP1842;wiki:WP1843;wiki:WP1845;wiki:WP1850;wiki:WP1852;wiki:WP1865;wiki:WP1866;wiki:WP1867;wiki:WP1868;wiki:WP1871;wiki:WP1872;wiki:WP1873;wiki:WP1885;wiki:WP1892;wiki:WP1895;wiki:WP1903;wiki:WP1904;wiki:WP1907;wiki:WP1908;wiki:WP1909;wiki:WP1910;wiki:WP1913;wiki:WP1916;wiki:WP1919;wiki:WP1925;wiki:WP1927;wiki:WP1928;wiki:WP1937;wiki:WP1939;wiki:WP1946;wiki:WP1978;wiki:WP1980;wiki:WP2267;wiki:WP2333;wiki:WP2533;wiki:WP2650;wiki:WP2653;wiki:WP2654;wiki:WP2656;wiki:WP2657;wiki:WP2662;wiki:WP2664;wiki:WP2670;wiki:WP2673;wiki:WP2675;wiki:WP2677;wiki:WP2678;wiki:WP2679;wiki:WP2688;wiki:WP2694;wiki:WP2709;wiki:WP2710;wiki:WP2712;wiki:WP2713;wiki:WP2714;wiki:WP2717;wiki:WP2720;wiki:WP2721;wiki:WP2722;wiki:WP2724;wiki:WP2731;wiki:WP2732;wiki:WP2733;wiki:WP2741;wiki:WP2742;wiki:WP2747;wiki:WP2748;wiki:WP2752;wiki:WP2755;wiki:WP2760;wiki:WP2761;wiki:WP2762;wiki:WP2763;wiki:WP2765;wiki:WP2766;wiki:WP2768;wiki:WP2772;wiki:WP2773;wiki:WP2776;wiki:WP2777;wiki:WP2780;wiki:WP2781;wiki:WP2786;wiki:WP2791;wiki:WP2792;wiki:WP2794;wiki:WP2799;wiki:WP2801;wiki:WP2824;wiki:WP3307;wiki:WP3308;wiki:WP3309;wiki:WP3313;wiki:WP3315;wiki:WP3316;wiki:WP3317;wiki:WP3318;wiki:WP3331;wiki:WP3332;wiki:WP3334;wiki:WP3335;wiki:WP3336;wiki:WP3338;wiki:WP3348;wiki:WP3349;wiki:WP3351;wiki:WP3352;wiki:WP3357;wiki:WP3363;wiki:WP3365;wiki:WP3374;wiki:WP3376;wiki:WP3379;wiki:WP3380;wiki:WP3381;wiki:WP3388;wiki:WP3391;wiki:WP3395;wiki:WP3396;wiki:WP3397;wiki:WP3401;wiki:WP3404;wiki:WP3513;wiki:WP3543;wiki:WP3545;wiki:WP3549;wiki:WP3550;wiki:WP3556;wiki:WP3565;wiki:WP3567;wiki:WP3569;wiki:WP3575;wiki:WP3578;wiki:WP3579;wiki:WP3656;wiki:WP3795;wiki:WP3798;wiki:WP3802;wiki:WP3804;wiki:WP3806;wiki:WP3807;wiki:WP3808;wiki:WP3810;wiki:WP3811;wiki:WP3816;wiki:WP3817;wiki:WP3818;wiki:WP3823;wiki:WP3827;wiki:WP3828;wiki:WP3838;wiki:WP3933;wiki:WP3953;wiki:WP4022;wiki:WP4034;wiki:WP4039;wiki:WP4042;wiki:WP4050;wiki:WP4052;wiki:WP4058;wiki:WP4059;wiki:WP4061;wiki:WP4063;wiki:WP4065;wiki:WP4066;wiki:WP4068;wiki:WP4070;wiki:WP4072;wiki:WP4074;wiki:WP4075;wiki:WP4082;wiki:WP4083;wiki:WP4084;wiki:WP4093;wiki:WP4095;wiki:WP4097;wiki:WP4101;wiki:WP4107;wiki:WP4109;wiki:WP4110;wiki:WP4114;wiki:WP4115;wiki:WP4117;wiki:WP4119;wiki:WP4120;wiki:WP4122;wiki:WP4126;wiki:WP4129;wiki:WP4131;wiki:WP4195;wiki:WP4224;wiki:WP4225;wiki:WP4236;wiki:WP4321;wiki:WP4404;wiki:WP4409;wiki:WP4413;wiki:WP4414;wiki:WP4415;wiki:WP4421;wiki:WP4422;wiki:WP4428;wiki:WP4430;wiki:WP4431;wiki:WP4432;wiki:WP4436;wiki:WP4437;wiki:WP4441;wiki:WP4442;wiki:WP4443;wiki:WP4448;wiki:WP4452;wiki:WP4453;wiki:WP4458;wiki:WP4459;wiki:WP4461;wiki:WP4485;wiki:WP4518;wiki:WP4584;wiki:WP4595;wiki:WP4629;wiki:WP466;wiki:WP4725;wiki:WP4726;wiki:WP4792;wiki:WP4900;wiki:WP4905;wiki:WP4917;wiki:WP4932;wiki:WP4950;wiki:WP4971;wiki:WP4973;wiki:WP4974;wiki:WP4975;wiki:WP4977;wiki:WP4978;wiki:WP4982;wiki:WP4983;wiki:WP4985;wiki:WP4988;wiki:WP4990;wiki:WP4992;wiki:WP4998;wiki:WP5002;wiki:WP5005;wiki:WP5007;wiki:WP5008;wiki:WP5013;wiki:WP5016;wiki:WP5020;wiki:WP5021;wiki:WP5022;wiki:WP5029;wiki:WP5047;wiki:WP5090;wiki:WP5179;wiki:WP5190;wiki:WP5194;wiki:WP5283;wiki:WP5313;wiki:WP5314;wiki:WP5346;wiki:WP5408;wiki:WP623;wiki:WP692;wiki:WP78",602,"CHEBI:16449","HMDB0062251","C00041;C01401","302-72-7",18569384.0150667,3485582.79757131,18.770589238411,24609758.8460353,18698643.711823,"Amide","Neg",1
"Amide-Neg-000130","DL-Alanine","C3 H7 N O2",89.04768,99.9,"mzCloud",826,-1.1,88.0403,11.502,FALSE,"[M-H]-1","CC(C(=O)O)N","QNAYBMKLOCPYGJ-UHFFFAOYSA-N","Organic acids and derivatives","Carboxylic acids and derivatives","Amino acids, peptides, and analogues","kegg:map00020;kegg:map00051;kegg:map00052;kegg:map00100;kegg:map00120;kegg:map00190;kegg:map00250;kegg:map00270;kegg:map00280;kegg:map00330;kegg:map00340;kegg:map00450;kegg:map00480;kegg:map00520;kegg:map00561;kegg:map00562;kegg:map00620;kegg:map00640;kegg:map00670;kegg:map00730;kegg:map00740;kegg:map00760;kegg:map00770;kegg:map00910;kegg:map00920;kegg:map01040;reactome:R-HSA-1059683;reactome:R-HSA-109606;reactome:R-HSA-109703;reactome:R-HSA-109704;reactome:R-HSA-110056;reactome:R-HSA-110313;reactome:R-HSA-110320;reactome:R-HSA-111446;reactome:R-HSA-111447;reactome:R-HSA-111458;reactome:R-HSA-111459;reactome:R-HSA-111461;reactome:R-HSA-111471;reactome:R-HSA-111885;reactome:R-HSA-111931;reactome:R-HSA-111932;reactome:R-HSA-111933;reactome:R-HSA-111995;reactome:R-HSA-111996;reactome:R-HSA-111997;reactome:R-HSA-112040;reactome:R-HSA-112043;reactome:R-HSA-112310;reactome:R-HSA-112313;reactome:R-HSA-112382;reactome:R-HSA-112399;reactome:R-HSA-112409;reactome:R-HSA-112411;reactome:R-HSA-114452;reactome:R-HSA-114508;reactome:R-HSA-114516;reactome:R-HSA-114604;reactome:R-HSA-114608;reactome:R-HSA-1168372;reactome:R-HSA-1169091;reactome:R-HSA-1169092;reactome:R-HSA-1170546;reactome:R-HSA-1181150;reactome:R-HSA-1221632;reactome:R-HSA-1226099;reactome:R-HSA-1227986;reactome:R-HSA-1227990;reactome:R-HSA-1236382;reactome:R-HSA-1236394;reactome:R-HSA-1236974;reactome:R-HSA-1236975;reactome:R-HSA-1250196;reactome:R-HSA-1250342;reactome:R-HSA-1250347;reactome:R-HSA-1251932;reactome:R-HSA-1266695;reactome:R-HSA-1268020;reactome:R-HSA-1295596;reactome:R-HSA-1307965;reactome:R-HSA-1358803;reactome:R-HSA-1369007;reactome:R-HSA-1369062;reactome:R-HSA-139910;reactome:R-HSA-1433557;reactome:R-HSA-1433559;reactome:R-HSA-1445148;reactome:R-HSA-1474151;reactome:R-HSA-1474165;reactome:R-HSA-1483191;reactome:R-HSA-1483213;reactome:R-HSA-1483248;reactome:R-HSA-1483249;reactome:R-HSA-1483255;reactome:R-HSA-1489509;reactome:R-HSA-1500620;reactome:R-HSA-1502540;reactome:R-HSA-1538133;reactome:R-HSA-156584;reactome:R-HSA-156590;reactome:R-HSA-156711;reactome:R-HSA-156827;reactome:R-HSA-157579;reactome:R-HSA-157858;reactome:R-HSA-1592230;reactome:R-HSA-159236;reactome:R-HSA-159418;reactome:R-HSA-1606322;reactome:R-HSA-1606341;reactome:R-HSA-162658;reactome:R-HSA-163210;reactome:R-HSA-1632852;reactome:R-HSA-163358;reactome:R-HSA-163560;reactome:R-HSA-163680;reactome:R-HSA-163841;reactome:R-HSA-1643713;reactome:R-HSA-165158;reactome:R-HSA-165159;reactome:R-HSA-165160;reactome:R-HSA-165181;reactome:R-HSA-1660499;reactome:R-HSA-1660514;reactome:R-HSA-1660516;reactome:R-HSA-1660517;reactome:R-HSA-166058;reactome:R-HSA-1660661;reactome:R-HSA-1660662;reactome:R-HSA-166166;reactome:R-HSA-166187;reactome:R-HSA-166208;reactome:R-HSA-166520;reactome:R-HSA-167021;reactome:R-HSA-167044;reactome:R-HSA-167152;reactome:R-HSA-167160;reactome:R-HSA-167169;reactome:R-HSA-167172;reactome:R-HSA-167200;reactome:R-HSA-167246;reactome:R-HSA-167827;reactome:R-HSA-1679131;reactome:R-HSA-168138;reactome:R-HSA-168142;reactome:R-HSA-168164;reactome:R-HSA-168176;reactome:R-HSA-168179;reactome:R-HSA-168181;reactome:R-HSA-168188;reactome:R-HSA-168638;reactome:R-HSA-168643;reactome:R-HSA-168928;reactome:R-HSA-169893;reactome:R-HSA-170145;reactome:R-HSA-170834;reactome:R-HSA-170968;reactome:R-HSA-170984;reactome:R-HSA-171007;reactome:R-HSA-171319;reactome:R-HSA-174143;reactome:R-HSA-174362;reactome:R-HSA-174403;reactome:R-HSA-174411;reactome:R-HSA-174414;reactome:R-HSA-174417;reactome:R-HSA-174824;reactome:R-HSA-176187;reactome:R-HSA-176408;reactome:R-HSA-176417;reactome:R-HSA-177929;reactome:R-HSA-180024;reactome:R-HSA-180292;reactome:R-HSA-180336;reactome:R-HSA-180786;reactome:R-HSA-1810476;reactome:R-HSA-181429;reactome:R-HSA-181430;reactome:R-HSA-181438;reactome:R-HSA-182971;reactome:R-HSA-1834941;reactome:R-HSA-1834949;reactome:R-HSA-1839117;reactome:R-HSA-1839120;reactome:R-HSA-1839122;reactome:R-HSA-1839124;reactome:R-HSA-1839126;reactome:R-HSA-1839130;reactome:R-HSA-1855167;reactome:R-HSA-1855191;reactome:R-HSA-1855204;reactome:R-HSA-186712;reactome:R-HSA-186763;reactome:R-HSA-186797;reactome:R-HSA-187015;reactome:R-HSA-187024;reactome:R-HSA-187037;reactome:R-HSA-187577;reactome:R-HSA-187687;reactome:R-HSA-189445;reactome:R-HSA-189451;reactome:R-HSA-189483;reactome:R-HSA-190236;reactome:R-HSA-190239;reactome:R-HSA-190241;reactome:R-HSA-190242;reactome:R-HSA-190322;reactome:R-HSA-190370;reactome:R-HSA-190371;reactome:R-HSA-190372;reactome:R-HSA-190373;reactome:R-HSA-190374;reactome:R-HSA-190375;reactome:R-HSA-190377;reactome:R-HSA-1912408;reactome:R-HSA-1912422;reactome:R-HSA-191273;reactome:R-HSA-191650;reactome:R-HSA-192105;reactome:R-HSA-193368;reactome:R-HSA-193639;reactome:R-HSA-193648;reactome:R-HSA-193704;reactome:R-HSA-194068;reactome:R-HSA-194138;reactome:R-HSA-195253;reactome:R-HSA-196299;reactome:R-HSA-1963642;reactome:R-HSA-196741;reactome:R-HSA-196757;reactome:R-HSA-196783;reactome:R-HSA-196807;reactome:R-HSA-196819;reactome:R-HSA-196843;reactome:R-HSA-197264;reactome:R-HSA-1980143;reactome:R-HSA-198203;reactome:R-HSA-198323;reactome:R-HSA-198693;reactome:R-HSA-198725;reactome:R-HSA-198745;reactome:R-HSA-198753;reactome:R-HSA-199220;reactome:R-HSA-199418;reactome:R-HSA-199920;reactome:R-HSA-199992;reactome:R-HSA-200425;reactome:R-HSA-201451;reactome:R-HSA-201556;reactome:R-HSA-201688;reactome:R-HSA-202131;reactome:R-HSA-2023837;reactome:R-HSA-202403;reactome:R-HSA-202424;reactome:R-HSA-202427;reactome:R-HSA-202430;reactome:R-HSA-202433;reactome:R-HSA-2028269;reactome:R-HSA-2029481;reactome:R-HSA-2029485;reactome:R-HSA-2033514;reactome:R-HSA-2033519;reactome:R-HSA-203615;reactome:R-HSA-204005;reactome:R-HSA-204174;reactome:R-HSA-2046104;reactome:R-HSA-2046105;reactome:R-HSA-2046106;reactome:R-HSA-204998;reactome:R-HSA-205043;reactome:R-HSA-209543;reactome:R-HSA-209560;reactome:R-HSA-210455;reactome:R-HSA-210745;reactome:R-HSA-210990;reactome:R-HSA-210993;reactome:R-HSA-211163;reactome:R-HSA-2122947;reactome:R-HSA-212676;reactome:R-HSA-212718;reactome:R-HSA-2132295;reactome:R-HSA-2142691;reactome:R-HSA-2151201;reactome:R-HSA-2151209;reactome:R-HSA-2161517;reactome:R-HSA-2161522;reactome:R-HSA-2161541;reactome:R-HSA-2172127;reactome:R-HSA-2173789;reactome:R-HSA-2173791;reactome:R-HSA-2173793;reactome:R-HSA-2173795;reactome:R-HSA-2173796;reactome:R-HSA-2219528;reactome:R-HSA-2219530;reactome:R-HSA-2299718;reactome:R-HSA-2404192;reactome:R-HSA-2408550;reactome:R-HSA-2408557;reactome:R-HSA-2424491;reactome:R-HSA-2428924;reactome:R-HSA-2428928;reactome:R-HSA-2428933;reactome:R-HSA-2453902;reactome:R-HSA-2465910;reactome:R-HSA-2500257;reactome:R-HSA-2514853;reactome:R-HSA-2514856;reactome:R-HSA-2514859;reactome:R-HSA-2559580;reactome:R-HSA-2559582;reactome:R-HSA-2559585;reactome:R-HSA-2559586;reactome:R-HSA-2565942;reactome:R-HSA-2586552;reactome:R-HSA-2644602;reactome:R-HSA-2644603;reactome:R-HSA-2644606;reactome:R-HSA-264642;reactome:R-HSA-2672351;reactome:R-HSA-2682334;reactome:R-HSA-2730905;reactome:R-HSA-2871796;reactome:R-HSA-2871809;reactome:R-HSA-2894858;reactome:R-HSA-2894862;reactome:R-HSA-2980766;reactome:R-HSA-2980767;reactome:R-HSA-2995383;reactome:R-HSA-2995410;reactome:R-HSA-3134973;reactome:R-HSA-3214858;reactome:R-HSA-3249367;reactome:R-HSA-3270619;reactome:R-HSA-3299685;reactome:R-HSA-3301854;reactome:R-HSA-3371453;reactome:R-HSA-3371497;reactome:R-HSA-3371556;reactome:R-HSA-3371571;reactome:R-HSA-349425;reactome:R-HSA-354192;reactome:R-HSA-372708;reactome:R-HSA-373752;reactome:R-HSA-373753;reactome:R-HSA-373755;reactome:R-HSA-373760;reactome:R-HSA-375165;reactome:R-HSA-376172;reactome:R-HSA-3769402;reactome:R-HSA-380259;reactome:R-HSA-380284;reactome:R-HSA-380287;reactome:R-HSA-380972;reactome:R-HSA-381042;reactome:R-HSA-381070;reactome:R-HSA-381119;reactome:R-HSA-381426;reactome:R-HSA-382556;reactome:R-HSA-388841;reactome:R-HSA-389356;reactome:R-HSA-389357;reactome:R-HSA-389359;reactome:R-HSA-389513;reactome:R-HSA-389948;reactome:R-HSA-389957;reactome:R-HSA-389958;reactome:R-HSA-389960;reactome:R-HSA-390450;reactome:R-HSA-390466;reactome:R-HSA-390471;reactome:R-HSA-390522;reactome:R-HSA-391160;reactome:R-HSA-391251;reactome:R-HSA-392170;reactome:R-HSA-392451;reactome:R-HSA-392517;reactome:R-HSA-392518;reactome:R-HSA-3928662;reactome:R-HSA-3928663;reactome:R-HSA-3928664;reactome:R-HSA-3928665;reactome:R-HSA-397795;reactome:R-HSA-399719;reactome:R-HSA-399721;reactome:R-HSA-399954;reactome:R-HSA-399955;reactome:R-HSA-399956;reactome:R-HSA-399997;reactome:R-HSA-400253;reactome:R-HSA-400685;reactome:R-HSA-4085001;reactome:R-HSA-4086398;reactome:R-HSA-4086400;reactome:R-HSA-416550;reactome:R-HSA-416572;reactome:R-HSA-416993;reactome:R-HSA-417957;reactome:R-HSA-418038;reactome:R-HSA-418346;reactome:R-HSA-418592;reactome:R-HSA-418597;reactome:R-HSA-418885;reactome:R-HSA-418886;reactome:R-HSA-418889;reactome:R-HSA-418890;reactome:R-HSA-422356;reactome:R-HSA-425397;reactome:R-HSA-428542;reactome:R-HSA-428890;reactome:R-HSA-432040;reactome:R-HSA-432142;reactome:R-HSA-432720;reactome:R-HSA-432722;reactome:R-HSA-437239;reactome:R-HSA-438064;reactome:R-HSA-4419969;reactome:R-HSA-4420097;reactome:R-HSA-442720;reactome:R-HSA-442729;reactome:R-HSA-442742;reactome:R-HSA-442755;reactome:R-HSA-444257;reactome:R-HSA-445095;reactome:R-HSA-445144;reactome:R-HSA-445355;reactome:R-HSA-445717;reactome:R-HSA-445989;reactome:R-HSA-446199;reactome:R-HSA-446210;reactome:R-HSA-446219;reactome:R-HSA-447041;reactome:R-HSA-447043;reactome:R-HSA-447115;reactome:R-HSA-448424;reactome:R-HSA-450282;reactome:R-HSA-450294;reactome:R-HSA-450302;reactome:R-HSA-450321;reactome:R-HSA-450341;reactome:R-HSA-450385;reactome:R-HSA-450513;reactome:R-HSA-450520;reactome:R-HSA-450531;reactome:R-HSA-450604;reactome:R-HSA-451927;reactome:R-HSA-453276;reactome:R-HSA-4608870;reactome:R-HSA-4641262;reactome:R-HSA-499943;reactome:R-HSA-500753;reactome:R-HSA-5099900;reactome:R-HSA-512988;reactome:R-HSA-5173105;reactome:R-HSA-5205647;reactome:R-HSA-5213460;reactome:R-HSA-5218859;reactome:R-HSA-5218920;reactome:R-HSA-5218921;reactome:R-HSA-525793;reactome:R-HSA-5357769;reactome:R-HSA-5357905;reactome:R-HSA-5358346;reactome:R-HSA-5358508;reactome:R-HSA-5358565;reactome:R-HSA-5358606;reactome:R-HSA-5362517;reactome:R-HSA-5362768;reactome:R-HSA-5387390;reactome:R-HSA-5578775;reactome:R-HSA-5607761;reactome:R-HSA-5607764;reactome:R-HSA-5610780;reactome:R-HSA-5610783;reactome:R-HSA-5610785;reactome:R-HSA-5610787;reactome:R-HSA-5619063;reactome:R-HSA-5619084;reactome:R-HSA-5621480;reactome:R-HSA-5621575;reactome:R-HSA-5625740;reactome:R-HSA-5625886;reactome:R-HSA-5625900;reactome:R-HSA-5627117;reactome:R-HSA-5627123;reactome:R-HSA-5628897;reactome:R-HSA-5632684;reactome:R-HSA-5633008;reactome:R-HSA-5635838;reactome:R-HSA-5637810;reactome:R-HSA-5637812;reactome:R-HSA-5637815;reactome:R-HSA-5652084;reactome:R-HSA-5654219;reactome:R-HSA-5654221;reactome:R-HSA-5654227;reactome:R-HSA-5654228;reactome:R-HSA-5654687;reactome:R-HSA-5654688;reactome:R-HSA-5654689;reactome:R-HSA-5654693;reactome:R-HSA-5654695;reactome:R-HSA-5654696;reactome:R-HSA-5654699;reactome:R-HSA-5654700;reactome:R-HSA-5654704;reactome:R-HSA-5654706;reactome:R-HSA-5654708;reactome:R-HSA-5654710;reactome:R-HSA-5654712;reactome:R-HSA-5654716;reactome:R-HSA-5654719;reactome:R-HSA-5654720;reactome:R-HSA-5654726;reactome:R-HSA-5654727;reactome:R-HSA-5654732;reactome:R-HSA-5654733;reactome:R-HSA-5654736;reactome:R-HSA-5654738;reactome:R-HSA-5654741;reactome:R-HSA-5654743;reactome:R-HSA-5655253;reactome:R-HSA-5655291;reactome:R-HSA-5655302;reactome:R-HSA-5655332;reactome:R-HSA-5661270;reactome:R-HSA-5663213;reactome:R-HSA-5663220;reactome:R-HSA-5668541;reactome:R-HSA-5668599;reactome:R-HSA-5673000;reactome:R-HSA-5674135;reactome:R-HSA-5674400;reactome:R-HSA-5674499;reactome:R-HSA-5675221;reactome:R-HSA-5676590;reactome:R-HSA-5678895;reactome:R-HSA-5683826;reactome:R-HSA-5684264;reactome:R-HSA-5685938;reactome:R-HSA-5685942;reactome:R-HSA-5687128;reactome:R-HSA-5689896;reactome:R-HSA-5690714;reactome:R-HSA-5693537;reactome:R-HSA-5693538;reactome:R-HSA-5693548;reactome:R-HSA-5693554;reactome:R-HSA-5693565;reactome:R-HSA-5693567;reactome:R-HSA-5693568;reactome:R-HSA-5693571;reactome:R-HSA-5693579;reactome:R-HSA-5693606;reactome:R-HSA-5693607;reactome:R-HSA-5693616;reactome:R-HSA-5696395;reactome:R-HSA-5696398;reactome:R-HSA-5696399;reactome:R-HSA-6781827;reactome:R-HSA-6782135;reactome:R-HSA-6783310;reactome:R-HSA-6783589;reactome:R-HSA-6783783;reactome:R-HSA-6785807;reactome:R-HSA-6787639;reactome:R-HSA-6790901;reactome:R-HSA-6791312;reactome:R-HSA-6796648;reactome:R-HSA-6802946;reactome:R-HSA-6802948;reactome:R-HSA-6802949;reactome:R-HSA-6802952;reactome:R-HSA-6802955;reactome:R-HSA-6802957;reactome:R-HSA-6803157;reactome:R-HSA-6803204;reactome:R-HSA-6803207;reactome:R-HSA-6803544;reactome:R-HSA-6804115;reactome:R-HSA-6804756;reactome:R-HSA-6804757;reactome:R-HSA-6804758;reactome:R-HSA-6804759;reactome:R-HSA-6804760;reactome:R-HSA-6806003;reactome:R-HSA-6806834;reactome:R-HSA-6806942;reactome:R-HSA-6807004;reactome:R-HSA-6807505;reactome:R-HSA-6807878;reactome:R-HSA-6811436;reactome:R-HSA-6811438;reactome:R-HSA-6811440;reactome:R-HSA-6811555;reactome:R-HSA-6811558;reactome:R-HSA-6814122;reactome:R-HSA-68616;reactome:R-HSA-68867;reactome:R-HSA-68875;reactome:R-HSA-68884;reactome:R-HSA-68911;reactome:R-HSA-68949;reactome:R-HSA-68962;reactome:R-HSA-69002;reactome:R-HSA-69017;reactome:R-HSA-69052;reactome:R-HSA-69091;reactome:R-HSA-69109;reactome:R-HSA-69186;reactome:R-HSA-69190;reactome:R-HSA-69200;reactome:R-HSA-69202;reactome:R-HSA-69206;reactome:R-HSA-69231;reactome:R-HSA-69236;reactome:R-HSA-69239;reactome:R-HSA-69273;reactome:R-HSA-69473;reactome:R-HSA-69478;reactome:R-HSA-69541;reactome:R-HSA-69563;reactome:R-HSA-69580;reactome:R-HSA-69601;reactome:R-HSA-69610;reactome:R-HSA-69613;reactome:R-HSA-69615;reactome:R-HSA-69656;reactome:R-HSA-70171;reactome:R-HSA-70221;reactome:R-HSA-70263;reactome:R-HSA-70268;reactome:R-HSA-70326;reactome:R-HSA-70350;reactome:R-HSA-70370;reactome:R-HSA-70635;reactome:R-HSA-70895;reactome:R-HSA-70921;reactome:R-HSA-71032;reactome:R-HSA-71288;reactome:R-HSA-71336;reactome:R-HSA-71403;reactome:R-HSA-71406;reactome:R-HSA-72202;reactome:R-HSA-72613;reactome:R-HSA-72662;reactome:R-HSA-72702;reactome:R-HSA-72737;reactome:R-HSA-73614;reactome:R-HSA-73621;reactome:R-HSA-73728;reactome:R-HSA-73817;reactome:R-HSA-73854;reactome:R-HSA-73864;reactome:R-HSA-73886;reactome:R-HSA-73893;reactome:R-HSA-74217;reactome:R-HSA-74259;reactome:R-HSA-74713;reactome:R-HSA-74749;reactome:R-HSA-74751;reactome:R-HSA-74752;reactome:R-HSA-75035;reactome:R-HSA-75105;reactome:R-HSA-75109;reactome:R-HSA-75153;reactome:R-HSA-75815;reactome:R-HSA-75893;reactome:R-HSA-75955;reactome:R-HSA-76005;reactome:R-HSA-76009;reactome:R-HSA-76042;reactome:R-HSA-77075;reactome:R-HSA-77289;reactome:R-HSA-83936;reactome:R-HSA-877300;reactome:R-HSA-881907;reactome:R-HSA-8847453;reactome:R-HSA-8847993;reactome:R-HSA-8848021;reactome:R-HSA-8849468;reactome:R-HSA-8849469;reactome:R-HSA-8849470;reactome:R-HSA-8849471;reactome:R-HSA-8849472;reactome:R-HSA-8849474;reactome:R-HSA-8850843;reactome:R-HSA-8851805;reactome:R-HSA-8851907;reactome:R-HSA-8852276;reactome:R-HSA-8852405;reactome:R-HSA-8853336;reactome:R-HSA-8853659;reactome:R-HSA-8854518;reactome:R-HSA-8854691;reactome:R-HSA-8856688;reactome:R-HSA-8856825;reactome:R-HSA-8857538;reactome:R-HSA-8862803;reactome:R-HSA-8863678;reactome:R-HSA-8863795;reactome:R-HSA-8866376;reactome:R-HSA-8874081;reactome:R-HSA-8875360;reactome:R-HSA-8875791;reactome:R-HSA-8875878;reactome:R-HSA-8876198;reactome:R-HSA-8876384;reactome:R-HSA-8876493;reactome:R-HSA-8878159;reactome:R-HSA-8878166;reactome:R-HSA-8934593;reactome:R-HSA-8934903;reactome:R-HSA-8939236;reactome:R-HSA-8939243;reactome:R-HSA-8939902;reactome:R-HSA-8940973;reactome:R-HSA-8941326;reactome:R-HSA-8941332;reactome:R-HSA-8941858;reactome:R-HSA-8943724;reactome:R-HSA-8948751;reactome:R-HSA-8953750;reactome:R-HSA-8955332;reactome:R-HSA-8956319;reactome:R-HSA-8956320;reactome:R-HSA-8956321;reactome:R-HSA-8957275;reactome:R-HSA-8963896;reactome:R-HSA-8963898;reactome:R-HSA-8963899;reactome:R-HSA-8964058;reactome:R-HSA-8964539;reactome:R-HSA-8978934;reactome:R-HSA-8979227;reactome:R-HSA-8982491;reactome:R-HSA-8983432;reactome:R-HSA-8984722;reactome:R-HSA-8985947;reactome:R-HSA-8986944;reactome:R-HSA-9006115;reactome:R-HSA-9006335;reactome:R-HSA-9006927;reactome:R-HSA-9006936;reactome:R-HSA-9007101;reactome:R-HSA-9007892;reactome:R-HSA-9008059;reactome:R-HSA-9009391;reactome:R-HSA-9010642;reactome:R-HSA-9012852;reactome:R-HSA-9013420;reactome:R-HSA-9013507;reactome:R-HSA-9013694;reactome:R-HSA-9013973;reactome:R-HSA-9014325;reactome:R-HSA-9018519;reactome:R-HSA-9020558;reactome:R-HSA-9020591;reactome:R-HSA-9020702;reactome:R-HSA-9020933;reactome:R-HSA-9020956;reactome:R-HSA-9020958;reactome:R-HSA-9022692;reactome:R-HSA-9026519;reactome:R-HSA-9026527;reactome:R-HSA-9027276;reactome:R-HSA-9027277;reactome:R-HSA-9027283;reactome:R-HSA-9027284;reactome:R-HSA-9028335;reactome:R-HSA-9028731;reactome:R-HSA-9031628;reactome:R-HSA-9032500;reactome:R-HSA-9032845;reactome:R-HSA-9033241;reactome:R-HSA-9034015;reactome:R-HSA-9034793;reactome:R-HSA-9034864;reactome:R-HSA-909733;reactome:R-HSA-912526;reactome:R-HSA-912631;reactome:R-HSA-917729;reactome:R-HSA-917937;reactome:R-HSA-917977;reactome:R-HSA-918233;reactome:R-HSA-927802;reactome:R-HSA-933541;reactome:R-HSA-933542;reactome:R-HSA-936837;reactome:R-HSA-936964;reactome:R-HSA-937039;reactome:R-HSA-937042;reactome:R-HSA-937061;reactome:R-HSA-937072;reactome:R-HSA-9603381;reactome:R-HSA-9604323;reactome:R-HSA-9607240;reactome:R-HSA-9609523;reactome:R-HSA-9609736;reactome:R-HSA-9613354;reactome:R-HSA-9614085;reactome:R-HSA-9614399;reactome:R-HSA-9619229;reactome:R-HSA-9619483;reactome:R-HSA-9620244;reactome:R-HSA-9627069;reactome:R-HSA-9633012;reactome:R-HSA-9634285;reactome:R-HSA-9634597;reactome:R-HSA-9634600;reactome:R-HSA-9634635;reactome:R-HSA-9634638;reactome:R-HSA-9634815;reactome:R-HSA-9645135;reactome:R-HSA-9645460;reactome:R-HSA-9645723;reactome:R-HSA-9648002;reactome:R-HSA-9648025;reactome:R-HSA-9648895;reactome:R-HSA-964975;reactome:R-HSA-9649948;reactome:R-HSA-9652169;reactome:R-HSA-9656223;reactome:R-HSA-9659379;reactome:R-HSA-9660821;reactome:R-HSA-9660826;reactome:R-HSA-9662360;reactome:R-HSA-9662361;reactome:R-HSA-9662834;reactome:R-HSA-9663891;reactome:R-HSA-9664323;reactome:R-HSA-9664420;reactome:R-HSA-9664424;reactome:R-HSA-9664565;reactome:R-HSA-9665348;reactome:R-HSA-9665686;reactome:R-HSA-9668328;reactome:R-HSA-9669938;reactome:R-HSA-9670439;reactome:R-HSA-9671555;reactome:R-HSA-9673324;reactome:R-HSA-9673766;reactome:R-HSA-9673767;reactome:R-HSA-9673768;reactome:R-HSA-9673770;reactome:R-HSA-9674555;reactome:R-HSA-9679514;reactome:R-HSA-9680350;reactome:R-HSA-9682385;reactome:R-HSA-9682706;reactome:R-HSA-9683610;reactome:R-HSA-9683701;reactome:R-HSA-9694631;reactome:R-HSA-9694635;reactome:R-HSA-9694682;reactome:R-HSA-9694686;reactome:R-HSA-9700206;reactome:R-HSA-9702518;reactome:R-HSA-9703465;reactome:R-HSA-9703648;reactome:R-HSA-9706019;reactome:R-HSA-9706369;reactome:R-HSA-9707564;reactome:R-HSA-9708530;reactome:R-HSA-9725370;reactome:R-HSA-9725371;reactome:R-HSA-9727281;reactome:R-HSA-9732724;reactome:R-HSA-9734009;reactome:R-HSA-9735763;reactome:R-HSA-9735786;reactome:R-HSA-9735804;reactome:R-HSA-9748787;reactome:R-HSA-9749641;reactome:R-HSA-975110;reactome:R-HSA-975138;reactome:R-HSA-975144;reactome:R-HSA-975155;reactome:R-HSA-975163;reactome:R-HSA-9753281;reactome:R-HSA-9755088;reactome:R-HSA-9755511;reactome:R-HSA-9755779;reactome:R-HSA-9757110;reactome:R-HSA-975871;reactome:R-HSA-9758881;reactome:R-HSA-9758890;reactome:R-HSA-9759194;reactome:R-HSA-975957;reactome:R-HSA-9762114;reactome:R-HSA-9768919;reactome:R-HSA-9772572;reactome:R-HSA-9772573;reactome:R-HSA-9793528;reactome:R-HSA-9816359;reactome:R-HSA-9818027;reactome:R-HSA-9820952;reactome:R-HSA-9820965;reactome:R-HSA-9821993;reactome:R-HSA-982772;reactome:R-HSA-9828806;reactome:R-HSA-983170;reactome:R-HSA-983189;reactome:R-HSA-9833482;reactome:R-HSA-9836573;reactome:R-HSA-983695;reactome:R-HSA-9837999;reactome:R-HSA-9840309;wiki:WP176;wiki:WP1780;wiki:WP1784;wiki:WP1788;wiki:WP1795;wiki:WP1797;wiki:WP1799;wiki:WP1803;wiki:WP1809;wiki:WP1812;wiki:WP1815;wiki:WP1820;wiki:WP1826;wiki:WP1831;wiki:WP1835;wiki:WP1839;wiki:WP1840;wiki:WP1841;wiki:WP1842;wiki:WP1843;wiki:WP1845;wiki:WP1850;wiki:WP1852;wiki:WP1865;wiki:WP1866;wiki:WP1867;wiki:WP1868;wiki:WP1871;wiki:WP1872;wiki:WP1873;wiki:WP1885;wiki:WP1892;wiki:WP1895;wiki:WP1903;wiki:WP1904;wiki:WP1907;wiki:WP1908;wiki:WP1909;wiki:WP1910;wiki:WP1913;wiki:WP1916;wiki:WP1919;wiki:WP1925;wiki:WP1927;wiki:WP1928;wiki:WP1937;wiki:WP1939;wiki:WP1946;wiki:WP1978;wiki:WP1980;wiki:WP2267;wiki:WP2333;wiki:WP2533;wiki:WP2650;wiki:WP2653;wiki:WP2654;wiki:WP2656;wiki:WP2657;wiki:WP2662;wiki:WP2664;wiki:WP2670;wiki:WP2673;wiki:WP2675;wiki:WP2677;wiki:WP2678;wiki:WP2679;wiki:WP2688;wiki:WP2694;wiki:WP2709;wiki:WP2710;wiki:WP2712;wiki:WP2713;wiki:WP2714;wiki:WP2717;wiki:WP2720;wiki:WP2721;wiki:WP2722;wiki:WP2724;wiki:WP2731;wiki:WP2732;wiki:WP2733;wiki:WP2741;wiki:WP2742;wiki:WP2747;wiki:WP2748;wiki:WP2752;wiki:WP2755;wiki:WP2760;wiki:WP2761;wiki:WP2762;wiki:WP2763;wiki:WP2765;wiki:WP2766;wiki:WP2768;wiki:WP2772;wiki:WP2773;wiki:WP2776;wiki:WP2777;wiki:WP2780;wiki:WP2781;wiki:WP2786;wiki:WP2791;wiki:WP2792;wiki:WP2794;wiki:WP2799;wiki:WP2801;wiki:WP2824;wiki:WP3307;wiki:WP3308;wiki:WP3309;wiki:WP3313;wiki:WP3315;wiki:WP3316;wiki:WP3317;wiki:WP3318;wiki:WP3331;wiki:WP3332;wiki:WP3334;wiki:WP3335;wiki:WP3336;wiki:WP3338;wiki:WP3348;wiki:WP3349;wiki:WP3351;wiki:WP3352;wiki:WP3357;wiki:WP3363;wiki:WP3365;wiki:WP3374;wiki:WP3376;wiki:WP3379;wiki:WP3380;wiki:WP3381;wiki:WP3388;wiki:WP3391;wiki:WP3395;wiki:WP3396;wiki:WP3397;wiki:WP3401;wiki:WP3404;wiki:WP3513;wiki:WP3543;wiki:WP3545;wiki:WP3549;wiki:WP3550;wiki:WP3556;wiki:WP3565;wiki:WP3567;wiki:WP3569;wiki:WP3575;wiki:WP3578;wiki:WP3579;wiki:WP3656;wiki:WP3795;wiki:WP3798;wiki:WP3802;wiki:WP3804;wiki:WP3806;wiki:WP3807;wiki:WP3808;wiki:WP3810;wiki:WP3811;wiki:WP3816;wiki:WP3817;wiki:WP3818;wiki:WP3823;wiki:WP3827;wiki:WP3828;wiki:WP3838;wiki:WP3933;wiki:WP3953;wiki:WP4022;wiki:WP4034;wiki:WP4039;wiki:WP4042;wiki:WP4050;wiki:WP4052;wiki:WP4058;wiki:WP4059;wiki:WP4061;wiki:WP4063;wiki:WP4065;wiki:WP4066;wiki:WP4068;wiki:WP4070;wiki:WP4072;wiki:WP4074;wiki:WP4075;wiki:WP4082;wiki:WP4083;wiki:WP4084;wiki:WP4093;wiki:WP4095;wiki:WP4097;wiki:WP4101;wiki:WP4107;wiki:WP4109;wiki:WP4110;wiki:WP4114;wiki:WP4115;wiki:WP4117;wiki:WP4119;wiki:WP4120;wiki:WP4122;wiki:WP4126;wiki:WP4129;wiki:WP4131;wiki:WP4195;wiki:WP4224;wiki:WP4225;wiki:WP4236;wiki:WP4321;wiki:WP4404;wiki:WP4409;wiki:WP4413;wiki:WP4414;wiki:WP4415;wiki:WP4421;wiki:WP4422;wiki:WP4428;wiki:WP4430;wiki:WP4431;wiki:WP4432;wiki:WP4436;wiki:WP4437;wiki:WP4441;wiki:WP4442;wiki:WP4443;wiki:WP4448;wiki:WP4452;wiki:WP4453;wiki:WP4458;wiki:WP4459;wiki:WP4461;wiki:WP4485;wiki:WP4518;wiki:WP4584;wiki:WP4595;wiki:WP4629;wiki:WP466;wiki:WP4725;wiki:WP4726;wiki:WP4792;wiki:WP4900;wiki:WP4905;wiki:WP4917;wiki:WP4932;wiki:WP4950;wiki:WP4971;wiki:WP4973;wiki:WP4974;wiki:WP4975;wiki:WP4977;wiki:WP4978;wiki:WP4982;wiki:WP4983;wiki:WP4985;wiki:WP4988;wiki:WP4990;wiki:WP4992;wiki:WP4998;wiki:WP5002;wiki:WP5005;wiki:WP5007;wiki:WP5008;wiki:WP5013;wiki:WP5016;wiki:WP5020;wiki:WP5021;wiki:WP5022;wiki:WP5029;wiki:WP5047;wiki:WP5090;wiki:WP5179;wiki:WP5190;wiki:WP5194;wiki:WP5283;wiki:WP5313;wiki:WP5314;wiki:WP5346;wiki:WP5408;wiki:WP623;wiki:WP692;wiki:WP78",602,"CHEBI:16449","HMDB0062251","C00041;C01401","302-72-7",7549760.19264228,3143169.07832868,41.6327008822333,14190879.2843621,7856992.23674783,"Amide","Neg",1
"Amide-Pos-000133","DL-Alanine","C3 H7 N O2",89.04768,95.8,"mzCloud",826,-1.1,90.05486,11.715,FALSE,"[M+H]+1","CC(C(=O)O)N","QNAYBMKLOCPYGJ-UHFFFAOYSA-N","Organic acids and derivatives","Carboxylic acids and derivatives","Amino acids, peptides, and analogues","kegg:map00020;kegg:map00051;kegg:map00052;kegg:map00100;kegg:map00120;kegg:map00190;kegg:map00250;kegg:map00270;kegg:map00280;kegg:map00330;kegg:map00340;kegg:map00450;kegg:map00480;kegg:map00520;kegg:map00561;kegg:map00562;kegg:map00620;kegg:map00640;kegg:map00670;kegg:map00730;kegg:map00740;kegg:map00760;kegg:map00770;kegg:map00910;kegg:map00920;kegg:map01040;reactome:R-HSA-1059683;reactome:R-HSA-109606;reactome:R-HSA-109703;reactome:R-HSA-109704;reactome:R-HSA-110056;reactome:R-HSA-110313;reactome:R-HSA-110320;reactome:R-HSA-111446;reactome:R-HSA-111447;reactome:R-HSA-111458;reactome:R-HSA-111459;reactome:R-HSA-111461;reactome:R-HSA-111471;reactome:R-HSA-111885;reactome:R-HSA-111931;reactome:R-HSA-111932;reactome:R-HSA-111933;reactome:R-HSA-111995;reactome:R-HSA-111996;reactome:R-HSA-111997;reactome:R-HSA-112040;reactome:R-HSA-112043;reactome:R-HSA-112310;reactome:R-HSA-112313;reactome:R-HSA-112382;reactome:R-HSA-112399;reactome:R-HSA-112409;reactome:R-HSA-112411;reactome:R-HSA-114452;reactome:R-HSA-114508;reactome:R-HSA-114516;reactome:R-HSA-114604;reactome:R-HSA-114608;reactome:R-HSA-1168372;reactome:R-HSA-1169091;reactome:R-HSA-1169092;reactome:R-HSA-1170546;reactome:R-HSA-1181150;reactome:R-HSA-1221632;reactome:R-HSA-1226099;reactome:R-HSA-1227986;reactome:R-HSA-1227990;reactome:R-HSA-1236382;reactome:R-HSA-1236394;reactome:R-HSA-1236974;reactome:R-HSA-1236975;reactome:R-HSA-1250196;reactome:R-HSA-1250342;reactome:R-HSA-1250347;reactome:R-HSA-1251932;reactome:R-HSA-1266695;reactome:R-HSA-1268020;reactome:R-HSA-1295596;reactome:R-HSA-1307965;reactome:R-HSA-1358803;reactome:R-HSA-1369007;reactome:R-HSA-1369062;reactome:R-HSA-139910;reactome:R-HSA-1433557;reactome:R-HSA-1433559;reactome:R-HSA-1445148;reactome:R-HSA-1474151;reactome:R-HSA-1474165;reactome:R-HSA-1483191;reactome:R-HSA-1483213;reactome:R-HSA-1483248;reactome:R-HSA-1483249;reactome:R-HSA-1483255;reactome:R-HSA-1489509;reactome:R-HSA-1500620;reactome:R-HSA-1502540;reactome:R-HSA-1538133;reactome:R-HSA-156584;reactome:R-HSA-156590;reactome:R-HSA-156711;reactome:R-HSA-156827;reactome:R-HSA-157579;reactome:R-HSA-157858;reactome:R-HSA-1592230;reactome:R-HSA-159236;reactome:R-HSA-159418;reactome:R-HSA-1606322;reactome:R-HSA-1606341;reactome:R-HSA-162658;reactome:R-HSA-163210;reactome:R-HSA-1632852;reactome:R-HSA-163358;reactome:R-HSA-163560;reactome:R-HSA-163680;reactome:R-HSA-163841;reactome:R-HSA-1643713;reactome:R-HSA-165158;reactome:R-HSA-165159;reactome:R-HSA-165160;reactome:R-HSA-165181;reactome:R-HSA-1660499;reactome:R-HSA-1660514;reactome:R-HSA-1660516;reactome:R-HSA-1660517;reactome:R-HSA-166058;reactome:R-HSA-1660661;reactome:R-HSA-1660662;reactome:R-HSA-166166;reactome:R-HSA-166187;reactome:R-HSA-166208;reactome:R-HSA-166520;reactome:R-HSA-167021;reactome:R-HSA-167044;reactome:R-HSA-167152;reactome:R-HSA-167160;reactome:R-HSA-167169;reactome:R-HSA-167172;reactome:R-HSA-167200;reactome:R-HSA-167246;reactome:R-HSA-167827;reactome:R-HSA-1679131;reactome:R-HSA-168138;reactome:R-HSA-168142;reactome:R-HSA-168164;reactome:R-HSA-168176;reactome:R-HSA-168179;reactome:R-HSA-168181;reactome:R-HSA-168188;reactome:R-HSA-168638;reactome:R-HSA-168643;reactome:R-HSA-168928;reactome:R-HSA-169893;reactome:R-HSA-170145;reactome:R-HSA-170834;reactome:R-HSA-170968;reactome:R-HSA-170984;reactome:R-HSA-171007;reactome:R-HSA-171319;reactome:R-HSA-174143;reactome:R-HSA-174362;reactome:R-HSA-174403;reactome:R-HSA-174411;reactome:R-HSA-174414;reactome:R-HSA-174417;reactome:R-HSA-174824;reactome:R-HSA-176187;reactome:R-HSA-176408;reactome:R-HSA-176417;reactome:R-HSA-177929;reactome:R-HSA-180024;reactome:R-HSA-180292;reactome:R-HSA-180336;reactome:R-HSA-180786;reactome:R-HSA-1810476;reactome:R-HSA-181429;reactome:R-HSA-181430;reactome:R-HSA-181438;reactome:R-HSA-182971;reactome:R-HSA-1834941;reactome:R-HSA-1834949;reactome:R-HSA-1839117;reactome:R-HSA-1839120;reactome:R-HSA-1839122;reactome:R-HSA-1839124;reactome:R-HSA-1839126;reactome:R-HSA-1839130;reactome:R-HSA-1855167;reactome:R-HSA-1855191;reactome:R-HSA-1855204;reactome:R-HSA-186712;reactome:R-HSA-186763;reactome:R-HSA-186797;reactome:R-HSA-187015;reactome:R-HSA-187024;reactome:R-HSA-187037;reactome:R-HSA-187577;reactome:R-HSA-187687;reactome:R-HSA-189445;reactome:R-HSA-189451;reactome:R-HSA-189483;reactome:R-HSA-190236;reactome:R-HSA-190239;reactome:R-HSA-190241;reactome:R-HSA-190242;reactome:R-HSA-190322;reactome:R-HSA-190370;reactome:R-HSA-190371;reactome:R-HSA-190372;reactome:R-HSA-190373;reactome:R-HSA-190374;reactome:R-HSA-190375;reactome:R-HSA-190377;reactome:R-HSA-1912408;reactome:R-HSA-1912422;reactome:R-HSA-191273;reactome:R-HSA-191650;reactome:R-HSA-192105;reactome:R-HSA-193368;reactome:R-HSA-193639;reactome:R-HSA-193648;reactome:R-HSA-193704;reactome:R-HSA-194068;reactome:R-HSA-194138;reactome:R-HSA-195253;reactome:R-HSA-196299;reactome:R-HSA-1963642;reactome:R-HSA-196741;reactome:R-HSA-196757;reactome:R-HSA-196783;reactome:R-HSA-196807;reactome:R-HSA-196819;reactome:R-HSA-196843;reactome:R-HSA-197264;reactome:R-HSA-1980143;reactome:R-HSA-198203;reactome:R-HSA-198323;reactome:R-HSA-198693;reactome:R-HSA-198725;reactome:R-HSA-198745;reactome:R-HSA-198753;reactome:R-HSA-199220;reactome:R-HSA-199418;reactome:R-HSA-199920;reactome:R-HSA-199992;reactome:R-HSA-200425;reactome:R-HSA-201451;reactome:R-HSA-201556;reactome:R-HSA-201688;reactome:R-HSA-202131;reactome:R-HSA-2023837;reactome:R-HSA-202403;reactome:R-HSA-202424;reactome:R-HSA-202427;reactome:R-HSA-202430;reactome:R-HSA-202433;reactome:R-HSA-2028269;reactome:R-HSA-2029481;reactome:R-HSA-2029485;reactome:R-HSA-2033514;reactome:R-HSA-2033519;reactome:R-HSA-203615;reactome:R-HSA-204005;reactome:R-HSA-204174;reactome:R-HSA-2046104;reactome:R-HSA-2046105;reactome:R-HSA-2046106;reactome:R-HSA-204998;reactome:R-HSA-205043;reactome:R-HSA-209543;reactome:R-HSA-209560;reactome:R-HSA-210455;reactome:R-HSA-210745;reactome:R-HSA-210990;reactome:R-HSA-210993;reactome:R-HSA-211163;reactome:R-HSA-2122947;reactome:R-HSA-212676;reactome:R-HSA-212718;reactome:R-HSA-2132295;reactome:R-HSA-2142691;reactome:R-HSA-2151201;reactome:R-HSA-2151209;reactome:R-HSA-2161517;reactome:R-HSA-2161522;reactome:R-HSA-2161541;reactome:R-HSA-2172127;reactome:R-HSA-2173789;reactome:R-HSA-2173791;reactome:R-HSA-2173793;reactome:R-HSA-2173795;reactome:R-HSA-2173796;reactome:R-HSA-2219528;reactome:R-HSA-2219530;reactome:R-HSA-2299718;reactome:R-HSA-2404192;reactome:R-HSA-2408550;reactome:R-HSA-2408557;reactome:R-HSA-2424491;reactome:R-HSA-2428924;reactome:R-HSA-2428928;reactome:R-HSA-2428933;reactome:R-HSA-2453902;reactome:R-HSA-2465910;reactome:R-HSA-2500257;reactome:R-HSA-2514853;reactome:R-HSA-2514856;reactome:R-HSA-2514859;reactome:R-HSA-2559580;reactome:R-HSA-2559582;reactome:R-HSA-2559585;reactome:R-HSA-2559586;reactome:R-HSA-2565942;reactome:R-HSA-2586552;reactome:R-HSA-2644602;reactome:R-HSA-2644603;reactome:R-HSA-2644606;reactome:R-HSA-264642;reactome:R-HSA-2672351;reactome:R-HSA-2682334;reactome:R-HSA-2730905;reactome:R-HSA-2871796;reactome:R-HSA-2871809;reactome:R-HSA-2894858;reactome:R-HSA-2894862;reactome:R-HSA-2980766;reactome:R-HSA-2980767;reactome:R-HSA-2995383;reactome:R-HSA-2995410;reactome:R-HSA-3134973;reactome:R-HSA-3214858;reactome:R-HSA-3249367;reactome:R-HSA-3270619;reactome:R-HSA-3299685;reactome:R-HSA-3301854;reactome:R-HSA-3371453;reactome:R-HSA-3371497;reactome:R-HSA-3371556;reactome:R-HSA-3371571;reactome:R-HSA-349425;reactome:R-HSA-354192;reactome:R-HSA-372708;reactome:R-HSA-373752;reactome:R-HSA-373753;reactome:R-HSA-373755;reactome:R-HSA-373760;reactome:R-HSA-375165;reactome:R-HSA-376172;reactome:R-HSA-3769402;reactome:R-HSA-380259;reactome:R-HSA-380284;reactome:R-HSA-380287;reactome:R-HSA-380972;reactome:R-HSA-381042;reactome:R-HSA-381070;reactome:R-HSA-381119;reactome:R-HSA-381426;reactome:R-HSA-382556;reactome:R-HSA-388841;reactome:R-HSA-389356;reactome:R-HSA-389357;reactome:R-HSA-389359;reactome:R-HSA-389513;reactome:R-HSA-389948;reactome:R-HSA-389957;reactome:R-HSA-389958;reactome:R-HSA-389960;reactome:R-HSA-390450;reactome:R-HSA-390466;reactome:R-HSA-390471;reactome:R-HSA-390522;reactome:R-HSA-391160;reactome:R-HSA-391251;reactome:R-HSA-392170;reactome:R-HSA-392451;reactome:R-HSA-392517;reactome:R-HSA-392518;reactome:R-HSA-3928662;reactome:R-HSA-3928663;reactome:R-HSA-3928664;reactome:R-HSA-3928665;reactome:R-HSA-397795;reactome:R-HSA-399719;reactome:R-HSA-399721;reactome:R-HSA-399954;reactome:R-HSA-399955;reactome:R-HSA-399956;reactome:R-HSA-399997;reactome:R-HSA-400253;reactome:R-HSA-400685;reactome:R-HSA-4085001;reactome:R-HSA-4086398;reactome:R-HSA-4086400;reactome:R-HSA-416550;reactome:R-HSA-416572;reactome:R-HSA-416993;reactome:R-HSA-417957;reactome:R-HSA-418038;reactome:R-HSA-418346;reactome:R-HSA-418592;reactome:R-HSA-418597;reactome:R-HSA-418885;reactome:R-HSA-418886;reactome:R-HSA-418889;reactome:R-HSA-418890;reactome:R-HSA-422356;reactome:R-HSA-425397;reactome:R-HSA-428542;reactome:R-HSA-428890;reactome:R-HSA-432040;reactome:R-HSA-432142;reactome:R-HSA-432720;reactome:R-HSA-432722;reactome:R-HSA-437239;reactome:R-HSA-438064;reactome:R-HSA-4419969;reactome:R-HSA-4420097;reactome:R-HSA-442720;reactome:R-HSA-442729;reactome:R-HSA-442742;reactome:R-HSA-442755;reactome:R-HSA-444257;reactome:R-HSA-445095;reactome:R-HSA-445144;reactome:R-HSA-445355;reactome:R-HSA-445717;reactome:R-HSA-445989;reactome:R-HSA-446199;reactome:R-HSA-446210;reactome:R-HSA-446219;reactome:R-HSA-447041;reactome:R-HSA-447043;reactome:R-HSA-447115;reactome:R-HSA-448424;reactome:R-HSA-450282;reactome:R-HSA-450294;reactome:R-HSA-450302;reactome:R-HSA-450321;reactome:R-HSA-450341;reactome:R-HSA-450385;reactome:R-HSA-450513;reactome:R-HSA-450520;reactome:R-HSA-450531;reactome:R-HSA-450604;reactome:R-HSA-451927;reactome:R-HSA-453276;reactome:R-HSA-4608870;reactome:R-HSA-4641262;reactome:R-HSA-499943;reactome:R-HSA-500753;reactome:R-HSA-5099900;reactome:R-HSA-512988;reactome:R-HSA-5173105;reactome:R-HSA-5205647;reactome:R-HSA-5213460;reactome:R-HSA-5218859;reactome:R-HSA-5218920;reactome:R-HSA-5218921;reactome:R-HSA-525793;reactome:R-HSA-5357769;reactome:R-HSA-5357905;reactome:R-HSA-5358346;reactome:R-HSA-5358508;reactome:R-HSA-5358565;reactome:R-HSA-5358606;reactome:R-HSA-5362517;reactome:R-HSA-5362768;reactome:R-HSA-5387390;reactome:R-HSA-5578775;reactome:R-HSA-5607761;reactome:R-HSA-5607764;reactome:R-HSA-5610780;reactome:R-HSA-5610783;reactome:R-HSA-5610785;reactome:R-HSA-5610787;reactome:R-HSA-5619063;reactome:R-HSA-5619084;reactome:R-HSA-5621480;reactome:R-HSA-5621575;reactome:R-HSA-5625740;reactome:R-HSA-5625886;reactome:R-HSA-5625900;reactome:R-HSA-5627117;reactome:R-HSA-5627123;reactome:R-HSA-5628897;reactome:R-HSA-5632684;reactome:R-HSA-5633008;reactome:R-HSA-5635838;reactome:R-HSA-5637810;reactome:R-HSA-5637812;reactome:R-HSA-5637815;reactome:R-HSA-5652084;reactome:R-HSA-5654219;reactome:R-HSA-5654221;reactome:R-HSA-5654227;reactome:R-HSA-5654228;reactome:R-HSA-5654687;reactome:R-HSA-5654688;reactome:R-HSA-5654689;reactome:R-HSA-5654693;reactome:R-HSA-5654695;reactome:R-HSA-5654696;reactome:R-HSA-5654699;reactome:R-HSA-5654700;reactome:R-HSA-5654704;reactome:R-HSA-5654706;reactome:R-HSA-5654708;reactome:R-HSA-5654710;reactome:R-HSA-5654712;reactome:R-HSA-5654716;reactome:R-HSA-5654719;reactome:R-HSA-5654720;reactome:R-HSA-5654726;reactome:R-HSA-5654727;reactome:R-HSA-5654732;reactome:R-HSA-5654733;reactome:R-HSA-5654736;reactome:R-HSA-5654738;reactome:R-HSA-5654741;reactome:R-HSA-5654743;reactome:R-HSA-5655253;reactome:R-HSA-5655291;reactome:R-HSA-5655302;reactome:R-HSA-5655332;reactome:R-HSA-5661270;reactome:R-HSA-5663213;reactome:R-HSA-5663220;reactome:R-HSA-5668541;reactome:R-HSA-5668599;reactome:R-HSA-5673000;reactome:R-HSA-5674135;reactome:R-HSA-5674400;reactome:R-HSA-5674499;reactome:R-HSA-5675221;reactome:R-HSA-5676590;reactome:R-HSA-5678895;reactome:R-HSA-5683826;reactome:R-HSA-5684264;reactome:R-HSA-5685938;reactome:R-HSA-5685942;reactome:R-HSA-5687128;reactome:R-HSA-5689896;reactome:R-HSA-5690714;reactome:R-HSA-5693537;reactome:R-HSA-5693538;reactome:R-HSA-5693548;reactome:R-HSA-5693554;reactome:R-HSA-5693565;reactome:R-HSA-5693567;reactome:R-HSA-5693568;reactome:R-HSA-5693571;reactome:R-HSA-5693579;reactome:R-HSA-5693606;reactome:R-HSA-5693607;reactome:R-HSA-5693616;reactome:R-HSA-5696395;reactome:R-HSA-5696398;reactome:R-HSA-5696399;reactome:R-HSA-6781827;reactome:R-HSA-6782135;reactome:R-HSA-6783310;reactome:R-HSA-6783589;reactome:R-HSA-6783783;reactome:R-HSA-6785807;reactome:R-HSA-6787639;reactome:R-HSA-6790901;reactome:R-HSA-6791312;reactome:R-HSA-6796648;reactome:R-HSA-6802946;reactome:R-HSA-6802948;reactome:R-HSA-6802949;reactome:R-HSA-6802952;reactome:R-HSA-6802955;reactome:R-HSA-6802957;reactome:R-HSA-6803157;reactome:R-HSA-6803204;reactome:R-HSA-6803207;reactome:R-HSA-6803544;reactome:R-HSA-6804115;reactome:R-HSA-6804756;reactome:R-HSA-6804757;reactome:R-HSA-6804758;reactome:R-HSA-6804759;reactome:R-HSA-6804760;reactome:R-HSA-6806003;reactome:R-HSA-6806834;reactome:R-HSA-6806942;reactome:R-HSA-6807004;reactome:R-HSA-6807505;reactome:R-HSA-6807878;reactome:R-HSA-6811436;reactome:R-HSA-6811438;reactome:R-HSA-6811440;reactome:R-HSA-6811555;reactome:R-HSA-6811558;reactome:R-HSA-6814122;reactome:R-HSA-68616;reactome:R-HSA-68867;reactome:R-HSA-68875;reactome:R-HSA-68884;reactome:R-HSA-68911;reactome:R-HSA-68949;reactome:R-HSA-68962;reactome:R-HSA-69002;reactome:R-HSA-69017;reactome:R-HSA-69052;reactome:R-HSA-69091;reactome:R-HSA-69109;reactome:R-HSA-69186;reactome:R-HSA-69190;reactome:R-HSA-69200;reactome:R-HSA-69202;reactome:R-HSA-69206;reactome:R-HSA-69231;reactome:R-HSA-69236;reactome:R-HSA-69239;reactome:R-HSA-69273;reactome:R-HSA-69473;reactome:R-HSA-69478;reactome:R-HSA-69541;reactome:R-HSA-69563;reactome:R-HSA-69580;reactome:R-HSA-69601;reactome:R-HSA-69610;reactome:R-HSA-69613;reactome:R-HSA-69615;reactome:R-HSA-69656;reactome:R-HSA-70171;reactome:R-HSA-70221;reactome:R-HSA-70263;reactome:R-HSA-70268;reactome:R-HSA-70326;reactome:R-HSA-70350;reactome:R-HSA-70370;reactome:R-HSA-70635;reactome:R-HSA-70895;reactome:R-HSA-70921;reactome:R-HSA-71032;reactome:R-HSA-71288;reactome:R-HSA-71336;reactome:R-HSA-71403;reactome:R-HSA-71406;reactome:R-HSA-72202;reactome:R-HSA-72613;reactome:R-HSA-72662;reactome:R-HSA-72702;reactome:R-HSA-72737;reactome:R-HSA-73614;reactome:R-HSA-73621;reactome:R-HSA-73728;reactome:R-HSA-73817;reactome:R-HSA-73854;reactome:R-HSA-73864;reactome:R-HSA-73886;reactome:R-HSA-73893;reactome:R-HSA-74217;reactome:R-HSA-74259;reactome:R-HSA-74713;reactome:R-HSA-74749;reactome:R-HSA-74751;reactome:R-HSA-74752;reactome:R-HSA-75035;reactome:R-HSA-75105;reactome:R-HSA-75109;reactome:R-HSA-75153;reactome:R-HSA-75815;reactome:R-HSA-75893;reactome:R-HSA-75955;reactome:R-HSA-76005;reactome:R-HSA-76009;reactome:R-HSA-76042;reactome:R-HSA-77075;reactome:R-HSA-77289;reactome:R-HSA-83936;reactome:R-HSA-877300;reactome:R-HSA-881907;reactome:R-HSA-8847453;reactome:R-HSA-8847993;reactome:R-HSA-8848021;reactome:R-HSA-8849468;reactome:R-HSA-8849469;reactome:R-HSA-8849470;reactome:R-HSA-8849471;reactome:R-HSA-8849472;reactome:R-HSA-8849474;reactome:R-HSA-8850843;reactome:R-HSA-8851805;reactome:R-HSA-8851907;reactome:R-HSA-8852276;reactome:R-HSA-8852405;reactome:R-HSA-8853336;reactome:R-HSA-8853659;reactome:R-HSA-8854518;reactome:R-HSA-8854691;reactome:R-HSA-8856688;reactome:R-HSA-8856825;reactome:R-HSA-8857538;reactome:R-HSA-8862803;reactome:R-HSA-8863678;reactome:R-HSA-8863795;reactome:R-HSA-8866376;reactome:R-HSA-8874081;reactome:R-HSA-8875360;reactome:R-HSA-8875791;reactome:R-HSA-8875878;reactome:R-HSA-8876198;reactome:R-HSA-8876384;reactome:R-HSA-8876493;reactome:R-HSA-8878159;reactome:R-HSA-8878166;reactome:R-HSA-8934593;reactome:R-HSA-8934903;reactome:R-HSA-8939236;reactome:R-HSA-8939243;reactome:R-HSA-8939902;reactome:R-HSA-8940973;reactome:R-HSA-8941326;reactome:R-HSA-8941332;reactome:R-HSA-8941858;reactome:R-HSA-8943724;reactome:R-HSA-8948751;reactome:R-HSA-8953750;reactome:R-HSA-8955332;reactome:R-HSA-8956319;reactome:R-HSA-8956320;reactome:R-HSA-8956321;reactome:R-HSA-8957275;reactome:R-HSA-8963896;reactome:R-HSA-8963898;reactome:R-HSA-8963899;reactome:R-HSA-8964058;reactome:R-HSA-8964539;reactome:R-HSA-8978934;reactome:R-HSA-8979227;reactome:R-HSA-8982491;reactome:R-HSA-8983432;reactome:R-HSA-8984722;reactome:R-HSA-8985947;reactome:R-HSA-8986944;reactome:R-HSA-9006115;reactome:R-HSA-9006335;reactome:R-HSA-9006927;reactome:R-HSA-9006936;reactome:R-HSA-9007101;reactome:R-HSA-9007892;reactome:R-HSA-9008059;reactome:R-HSA-9009391;reactome:R-HSA-9010642;reactome:R-HSA-9012852;reactome:R-HSA-9013420;reactome:R-HSA-9013507;reactome:R-HSA-9013694;reactome:R-HSA-9013973;reactome:R-HSA-9014325;reactome:R-HSA-9018519;reactome:R-HSA-9020558;reactome:R-HSA-9020591;reactome:R-HSA-9020702;reactome:R-HSA-9020933;reactome:R-HSA-9020956;reactome:R-HSA-9020958;reactome:R-HSA-9022692;reactome:R-HSA-9026519;reactome:R-HSA-9026527;reactome:R-HSA-9027276;reactome:R-HSA-9027277;reactome:R-HSA-9027283;reactome:R-HSA-9027284;reactome:R-HSA-9028335;reactome:R-HSA-9028731;reactome:R-HSA-9031628;reactome:R-HSA-9032500;reactome:R-HSA-9032845;reactome:R-HSA-9033241;reactome:R-HSA-9034015;reactome:R-HSA-9034793;reactome:R-HSA-9034864;reactome:R-HSA-909733;reactome:R-HSA-912526;reactome:R-HSA-912631;reactome:R-HSA-917729;reactome:R-HSA-917937;reactome:R-HSA-917977;reactome:R-HSA-918233;reactome:R-HSA-927802;reactome:R-HSA-933541;reactome:R-HSA-933542;reactome:R-HSA-936837;reactome:R-HSA-936964;reactome:R-HSA-937039;reactome:R-HSA-937042;reactome:R-HSA-937061;reactome:R-HSA-937072;reactome:R-HSA-9603381;reactome:R-HSA-9604323;reactome:R-HSA-9607240;reactome:R-HSA-9609523;reactome:R-HSA-9609736;reactome:R-HSA-9613354;reactome:R-HSA-9614085;reactome:R-HSA-9614399;reactome:R-HSA-9619229;reactome:R-HSA-9619483;reactome:R-HSA-9620244;reactome:R-HSA-9627069;reactome:R-HSA-9633012;reactome:R-HSA-9634285;reactome:R-HSA-9634597;reactome:R-HSA-9634600;reactome:R-HSA-9634635;reactome:R-HSA-9634638;reactome:R-HSA-9634815;reactome:R-HSA-9645135;reactome:R-HSA-9645460;reactome:R-HSA-9645723;reactome:R-HSA-9648002;reactome:R-HSA-9648025;reactome:R-HSA-9648895;reactome:R-HSA-964975;reactome:R-HSA-9649948;reactome:R-HSA-9652169;reactome:R-HSA-9656223;reactome:R-HSA-9659379;reactome:R-HSA-9660821;reactome:R-HSA-9660826;reactome:R-HSA-9662360;reactome:R-HSA-9662361;reactome:R-HSA-9662834;reactome:R-HSA-9663891;reactome:R-HSA-9664323;reactome:R-HSA-9664420;reactome:R-HSA-9664424;reactome:R-HSA-9664565;reactome:R-HSA-9665348;reactome:R-HSA-9665686;reactome:R-HSA-9668328;reactome:R-HSA-9669938;reactome:R-HSA-9670439;reactome:R-HSA-9671555;reactome:R-HSA-9673324;reactome:R-HSA-9673766;reactome:R-HSA-9673767;reactome:R-HSA-9673768;reactome:R-HSA-9673770;reactome:R-HSA-9674555;reactome:R-HSA-9679514;reactome:R-HSA-9680350;reactome:R-HSA-9682385;reactome:R-HSA-9682706;reactome:R-HSA-9683610;reactome:R-HSA-9683701;reactome:R-HSA-9694631;reactome:R-HSA-9694635;reactome:R-HSA-9694682;reactome:R-HSA-9694686;reactome:R-HSA-9700206;reactome:R-HSA-9702518;reactome:R-HSA-9703465;reactome:R-HSA-9703648;reactome:R-HSA-9706019;reactome:R-HSA-9706369;reactome:R-HSA-9707564;reactome:R-HSA-9708530;reactome:R-HSA-9725370;reactome:R-HSA-9725371;reactome:R-HSA-9727281;reactome:R-HSA-9732724;reactome:R-HSA-9734009;reactome:R-HSA-9735763;reactome:R-HSA-9735786;reactome:R-HSA-9735804;reactome:R-HSA-9748787;reactome:R-HSA-9749641;reactome:R-HSA-975110;reactome:R-HSA-975138;reactome:R-HSA-975144;reactome:R-HSA-975155;reactome:R-HSA-975163;reactome:R-HSA-9753281;reactome:R-HSA-9755088;reactome:R-HSA-9755511;reactome:R-HSA-9755779;reactome:R-HSA-9757110;reactome:R-HSA-975871;reactome:R-HSA-9758881;reactome:R-HSA-9758890;reactome:R-HSA-9759194;reactome:R-HSA-975957;reactome:R-HSA-9762114;reactome:R-HSA-9768919;reactome:R-HSA-9772572;reactome:R-HSA-9772573;reactome:R-HSA-9793528;reactome:R-HSA-9816359;reactome:R-HSA-9818027;reactome:R-HSA-9820952;reactome:R-HSA-9820965;reactome:R-HSA-9821993;reactome:R-HSA-982772;reactome:R-HSA-9828806;reactome:R-HSA-983170;reactome:R-HSA-983189;reactome:R-HSA-9833482;reactome:R-HSA-9836573;reactome:R-HSA-983695;reactome:R-HSA-9837999;reactome:R-HSA-9840309;wiki:WP176;wiki:WP1780;wiki:WP1784;wiki:WP1788;wiki:WP1795;wiki:WP1797;wiki:WP1799;wiki:WP1803;wiki:WP1809;wiki:WP1812;wiki:WP1815;wiki:WP1820;wiki:WP1826;wiki:WP1831;wiki:WP1835;wiki:WP1839;wiki:WP1840;wiki:WP1841;wiki:WP1842;wiki:WP1843;wiki:WP1845;wiki:WP1850;wiki:WP1852;wiki:WP1865;wiki:WP1866;wiki:WP1867;wiki:WP1868;wiki:WP1871;wiki:WP1872;wiki:WP1873;wiki:WP1885;wiki:WP1892;wiki:WP1895;wiki:WP1903;wiki:WP1904;wiki:WP1907;wiki:WP1908;wiki:WP1909;wiki:WP1910;wiki:WP1913;wiki:WP1916;wiki:WP1919;wiki:WP1925;wiki:WP1927;wiki:WP1928;wiki:WP1937;wiki:WP1939;wiki:WP1946;wiki:WP1978;wiki:WP1980;wiki:WP2267;wiki:WP2333;wiki:WP2533;wiki:WP2650;wiki:WP2653;wiki:WP2654;wiki:WP2656;wiki:WP2657;wiki:WP2662;wiki:WP2664;wiki:WP2670;wiki:WP2673;wiki:WP2675;wiki:WP2677;wiki:WP2678;wiki:WP2679;wiki:WP2688;wiki:WP2694;wiki:WP2709;wiki:WP2710;wiki:WP2712;wiki:WP2713;wiki:WP2714;wiki:WP2717;wiki:WP2720;wiki:WP2721;wiki:WP2722;wiki:WP2724;wiki:WP2731;wiki:WP2732;wiki:WP2733;wiki:WP2741;wiki:WP2742;wiki:WP2747;wiki:WP2748;wiki:WP2752;wiki:WP2755;wiki:WP2760;wiki:WP2761;wiki:WP2762;wiki:WP2763;wiki:WP2765;wiki:WP2766;wiki:WP2768;wiki:WP2772;wiki:WP2773;wiki:WP2776;wiki:WP2777;wiki:WP2780;wiki:WP2781;wiki:WP2786;wiki:WP2791;wiki:WP2792;wiki:WP2794;wiki:WP2799;wiki:WP2801;wiki:WP2824;wiki:WP3307;wiki:WP3308;wiki:WP3309;wiki:WP3313;wiki:WP3315;wiki:WP3316;wiki:WP3317;wiki:WP3318;wiki:WP3331;wiki:WP3332;wiki:WP3334;wiki:WP3335;wiki:WP3336;wiki:WP3338;wiki:WP3348;wiki:WP3349;wiki:WP3351;wiki:WP3352;wiki:WP3357;wiki:WP3363;wiki:WP3365;wiki:WP3374;wiki:WP3376;wiki:WP3379;wiki:WP3380;wiki:WP3381;wiki:WP3388;wiki:WP3391;wiki:WP3395;wiki:WP3396;wiki:WP3397;wiki:WP3401;wiki:WP3404;wiki:WP3513;wiki:WP3543;wiki:WP3545;wiki:WP3549;wiki:WP3550;wiki:WP3556;wiki:WP3565;wiki:WP3567;wiki:WP3569;wiki:WP3575;wiki:WP3578;wiki:WP3579;wiki:WP3656;wiki:WP3795;wiki:WP3798;wiki:WP3802;wiki:WP3804;wiki:WP3806;wiki:WP3807;wiki:WP3808;wiki:WP3810;wiki:WP3811;wiki:WP3816;wiki:WP3817;wiki:WP3818;wiki:WP3823;wiki:WP3827;wiki:WP3828;wiki:WP3838;wiki:WP3933;wiki:WP3953;wiki:WP4022;wiki:WP4034;wiki:WP4039;wiki:WP4042;wiki:WP4050;wiki:WP4052;wiki:WP4058;wiki:WP4059;wiki:WP4061;wiki:WP4063;wiki:WP4065;wiki:WP4066;wiki:WP4068;wiki:WP4070;wiki:WP4072;wiki:WP4074;wiki:WP4075;wiki:WP4082;wiki:WP4083;wiki:WP4084;wiki:WP4093;wiki:WP4095;wiki:WP4097;wiki:WP4101;wiki:WP4107;wiki:WP4109;wiki:WP4110;wiki:WP4114;wiki:WP4115;wiki:WP4117;wiki:WP4119;wiki:WP4120;wiki:WP4122;wiki:WP4126;wiki:WP4129;wiki:WP4131;wiki:WP4195;wiki:WP4224;wiki:WP4225;wiki:WP4236;wiki:WP4321;wiki:WP4404;wiki:WP4409;wiki:WP4413;wiki:WP4414;wiki:WP4415;wiki:WP4421;wiki:WP4422;wiki:WP4428;wiki:WP4430;wiki:WP4431;wiki:WP4432;wiki:WP4436;wiki:WP4437;wiki:WP4441;wiki:WP4442;wiki:WP4443;wiki:WP4448;wiki:WP4452;wiki:WP4453;wiki:WP4458;wiki:WP4459;wiki:WP4461;wiki:WP4485;wiki:WP4518;wiki:WP4584;wiki:WP4595;wiki:WP4629;wiki:WP466;wiki:WP4725;wiki:WP4726;wiki:WP4792;wiki:WP4900;wiki:WP4905;wiki:WP4917;wiki:WP4932;wiki:WP4950;wiki:WP4971;wiki:WP4973;wiki:WP4974;wiki:WP4975;wiki:WP4977;wiki:WP4978;wiki:WP4982;wiki:WP4983;wiki:WP4985;wiki:WP4988;wiki:WP4990;wiki:WP4992;wiki:WP4998;wiki:WP5002;wiki:WP5005;wiki:WP5007;wiki:WP5008;wiki:WP5013;wiki:WP5016;wiki:WP5020;wiki:WP5021;wiki:WP5022;wiki:WP5029;wiki:WP5047;wiki:WP5090;wiki:WP5179;wiki:WP5190;wiki:WP5194;wiki:WP5283;wiki:WP5313;wiki:WP5314;wiki:WP5346;wiki:WP5408;wiki:WP623;wiki:WP692;wiki:WP78",602,"CHEBI:16449","HMDB0062251","C00041;C01401","302-72-7",20074115.4856836,4246671.53274717,21.1549621490212,28885588.0788954,20563133.337511,"Amide","Pos",1
"Amide-Pos-000278","DL-Alanine","C3 H7 N O2",89.04768,95.8,"mzCloud",826,-1.41,90.05483,11.5,FALSE,"[M+H]+1","CC(C(=O)O)N","QNAYBMKLOCPYGJ-UHFFFAOYSA-N","Organic acids and derivatives","Carboxylic acids and derivatives","Amino acids, peptides, and analogues","kegg:map00020;kegg:map00051;kegg:map00052;kegg:map00100;kegg:map00120;kegg:map00190;kegg:map00250;kegg:map00270;kegg:map00280;kegg:map00330;kegg:map00340;kegg:map00450;kegg:map00480;kegg:map00520;kegg:map00561;kegg:map00562;kegg:map00620;kegg:map00640;kegg:map00670;kegg:map00730;kegg:map00740;kegg:map00760;kegg:map00770;kegg:map00910;kegg:map00920;kegg:map01040;reactome:R-HSA-1059683;reactome:R-HSA-109606;reactome:R-HSA-109703;reactome:R-HSA-109704;reactome:R-HSA-110056;reactome:R-HSA-110313;reactome:R-HSA-110320;reactome:R-HSA-111446;reactome:R-HSA-111447;reactome:R-HSA-111458;reactome:R-HSA-111459;reactome:R-HSA-111461;reactome:R-HSA-111471;reactome:R-HSA-111885;reactome:R-HSA-111931;reactome:R-HSA-111932;reactome:R-HSA-111933;reactome:R-HSA-111995;reactome:R-HSA-111996;reactome:R-HSA-111997;reactome:R-HSA-112040;reactome:R-HSA-112043;reactome:R-HSA-112310;reactome:R-HSA-112313;reactome:R-HSA-112382;reactome:R-HSA-112399;reactome:R-HSA-112409;reactome:R-HSA-112411;reactome:R-HSA-114452;reactome:R-HSA-114508;reactome:R-HSA-114516;reactome:R-HSA-114604;reactome:R-HSA-114608;reactome:R-HSA-1168372;reactome:R-HSA-1169091;reactome:R-HSA-1169092;reactome:R-HSA-1170546;reactome:R-HSA-1181150;reactome:R-HSA-1221632;reactome:R-HSA-1226099;reactome:R-HSA-1227986;reactome:R-HSA-1227990;reactome:R-HSA-1236382;reactome:R-HSA-1236394;reactome:R-HSA-1236974;reactome:R-HSA-1236975;reactome:R-HSA-1250196;reactome:R-HSA-1250342;reactome:R-HSA-1250347;reactome:R-HSA-1251932;reactome:R-HSA-1266695;reactome:R-HSA-1268020;reactome:R-HSA-1295596;reactome:R-HSA-1307965;reactome:R-HSA-1358803;reactome:R-HSA-1369007;reactome:R-HSA-1369062;reactome:R-HSA-139910;reactome:R-HSA-1433557;reactome:R-HSA-1433559;reactome:R-HSA-1445148;reactome:R-HSA-1474151;reactome:R-HSA-1474165;reactome:R-HSA-1483191;reactome:R-HSA-1483213;reactome:R-HSA-1483248;reactome:R-HSA-1483249;reactome:R-HSA-1483255;reactome:R-HSA-1489509;reactome:R-HSA-1500620;reactome:R-HSA-1502540;reactome:R-HSA-1538133;reactome:R-HSA-156584;reactome:R-HSA-156590;reactome:R-HSA-156711;reactome:R-HSA-156827;reactome:R-HSA-157579;reactome:R-HSA-157858;reactome:R-HSA-1592230;reactome:R-HSA-159236;reactome:R-HSA-159418;reactome:R-HSA-1606322;reactome:R-HSA-1606341;reactome:R-HSA-162658;reactome:R-HSA-163210;reactome:R-HSA-1632852;reactome:R-HSA-163358;reactome:R-HSA-163560;reactome:R-HSA-163680;reactome:R-HSA-163841;reactome:R-HSA-1643713;reactome:R-HSA-165158;reactome:R-HSA-165159;reactome:R-HSA-165160;reactome:R-HSA-165181;reactome:R-HSA-1660499;reactome:R-HSA-1660514;reactome:R-HSA-1660516;reactome:R-HSA-1660517;reactome:R-HSA-166058;reactome:R-HSA-1660661;reactome:R-HSA-1660662;reactome:R-HSA-166166;reactome:R-HSA-166187;reactome:R-HSA-166208;reactome:R-HSA-166520;reactome:R-HSA-167021;reactome:R-HSA-167044;reactome:R-HSA-167152;reactome:R-HSA-167160;reactome:R-HSA-167169;reactome:R-HSA-167172;reactome:R-HSA-167200;reactome:R-HSA-167246;reactome:R-HSA-167827;reactome:R-HSA-1679131;reactome:R-HSA-168138;reactome:R-HSA-168142;reactome:R-HSA-168164;reactome:R-HSA-168176;reactome:R-HSA-168179;reactome:R-HSA-168181;reactome:R-HSA-168188;reactome:R-HSA-168638;reactome:R-HSA-168643;reactome:R-HSA-168928;reactome:R-HSA-169893;reactome:R-HSA-170145;reactome:R-HSA-170834;reactome:R-HSA-170968;reactome:R-HSA-170984;reactome:R-HSA-171007;reactome:R-HSA-171319;reactome:R-HSA-174143;reactome:R-HSA-174362;reactome:R-HSA-174403;reactome:R-HSA-174411;reactome:R-HSA-174414;reactome:R-HSA-174417;reactome:R-HSA-174824;reactome:R-HSA-176187;reactome:R-HSA-176408;reactome:R-HSA-176417;reactome:R-HSA-177929;reactome:R-HSA-180024;reactome:R-HSA-180292;reactome:R-HSA-180336;reactome:R-HSA-180786;reactome:R-HSA-1810476;reactome:R-HSA-181429;reactome:R-HSA-181430;reactome:R-HSA-181438;reactome:R-HSA-182971;reactome:R-HSA-1834941;reactome:R-HSA-1834949;reactome:R-HSA-1839117;reactome:R-HSA-1839120;reactome:R-HSA-1839122;reactome:R-HSA-1839124;reactome:R-HSA-1839126;reactome:R-HSA-1839130;reactome:R-HSA-1855167;reactome:R-HSA-1855191;reactome:R-HSA-1855204;reactome:R-HSA-186712;reactome:R-HSA-186763;reactome:R-HSA-186797;reactome:R-HSA-187015;reactome:R-HSA-187024;reactome:R-HSA-187037;reactome:R-HSA-187577;reactome:R-HSA-187687;reactome:R-HSA-189445;reactome:R-HSA-189451;reactome:R-HSA-189483;reactome:R-HSA-190236;reactome:R-HSA-190239;reactome:R-HSA-190241;reactome:R-HSA-190242;reactome:R-HSA-190322;reactome:R-HSA-190370;reactome:R-HSA-190371;reactome:R-HSA-190372;reactome:R-HSA-190373;reactome:R-HSA-190374;reactome:R-HSA-190375;reactome:R-HSA-190377;reactome:R-HSA-1912408;reactome:R-HSA-1912422;reactome:R-HSA-191273;reactome:R-HSA-191650;reactome:R-HSA-192105;reactome:R-HSA-193368;reactome:R-HSA-193639;reactome:R-HSA-193648;reactome:R-HSA-193704;reactome:R-HSA-194068;reactome:R-HSA-194138;reactome:R-HSA-195253;reactome:R-HSA-196299;reactome:R-HSA-1963642;reactome:R-HSA-196741;reactome:R-HSA-196757;reactome:R-HSA-196783;reactome:R-HSA-196807;reactome:R-HSA-196819;reactome:R-HSA-196843;reactome:R-HSA-197264;reactome:R-HSA-1980143;reactome:R-HSA-198203;reactome:R-HSA-198323;reactome:R-HSA-198693;reactome:R-HSA-198725;reactome:R-HSA-198745;reactome:R-HSA-198753;reactome:R-HSA-199220;reactome:R-HSA-199418;reactome:R-HSA-199920;reactome:R-HSA-199992;reactome:R-HSA-200425;reactome:R-HSA-201451;reactome:R-HSA-201556;reactome:R-HSA-201688;reactome:R-HSA-202131;reactome:R-HSA-2023837;reactome:R-HSA-202403;reactome:R-HSA-202424;reactome:R-HSA-202427;reactome:R-HSA-202430;reactome:R-HSA-202433;reactome:R-HSA-2028269;reactome:R-HSA-2029481;reactome:R-HSA-2029485;reactome:R-HSA-2033514;reactome:R-HSA-2033519;reactome:R-HSA-203615;reactome:R-HSA-204005;reactome:R-HSA-204174;reactome:R-HSA-2046104;reactome:R-HSA-2046105;reactome:R-HSA-2046106;reactome:R-HSA-204998;reactome:R-HSA-205043;reactome:R-HSA-209543;reactome:R-HSA-209560;reactome:R-HSA-210455;reactome:R-HSA-210745;reactome:R-HSA-210990;reactome:R-HSA-210993;reactome:R-HSA-211163;reactome:R-HSA-2122947;reactome:R-HSA-212676;reactome:R-HSA-212718;reactome:R-HSA-2132295;reactome:R-HSA-2142691;reactome:R-HSA-2151201;reactome:R-HSA-2151209;reactome:R-HSA-2161517;reactome:R-HSA-2161522;reactome:R-HSA-2161541;reactome:R-HSA-2172127;reactome:R-HSA-2173789;reactome:R-HSA-2173791;reactome:R-HSA-2173793;reactome:R-HSA-2173795;reactome:R-HSA-2173796;reactome:R-HSA-2219528;reactome:R-HSA-2219530;reactome:R-HSA-2299718;reactome:R-HSA-2404192;reactome:R-HSA-2408550;reactome:R-HSA-2408557;reactome:R-HSA-2424491;reactome:R-HSA-2428924;reactome:R-HSA-2428928;reactome:R-HSA-2428933;reactome:R-HSA-2453902;reactome:R-HSA-2465910;reactome:R-HSA-2500257;reactome:R-HSA-2514853;reactome:R-HSA-2514856;reactome:R-HSA-2514859;reactome:R-HSA-2559580;reactome:R-HSA-2559582;reactome:R-HSA-2559585;reactome:R-HSA-2559586;reactome:R-HSA-2565942;reactome:R-HSA-2586552;reactome:R-HSA-2644602;reactome:R-HSA-2644603;reactome:R-HSA-2644606;reactome:R-HSA-264642;reactome:R-HSA-2672351;reactome:R-HSA-2682334;reactome:R-HSA-2730905;reactome:R-HSA-2871796;reactome:R-HSA-2871809;reactome:R-HSA-2894858;reactome:R-HSA-2894862;reactome:R-HSA-2980766;reactome:R-HSA-2980767;reactome:R-HSA-2995383;reactome:R-HSA-2995410;reactome:R-HSA-3134973;reactome:R-HSA-3214858;reactome:R-HSA-3249367;reactome:R-HSA-3270619;reactome:R-HSA-3299685;reactome:R-HSA-3301854;reactome:R-HSA-3371453;reactome:R-HSA-3371497;reactome:R-HSA-3371556;reactome:R-HSA-3371571;reactome:R-HSA-349425;reactome:R-HSA-354192;reactome:R-HSA-372708;reactome:R-HSA-373752;reactome:R-HSA-373753;reactome:R-HSA-373755;reactome:R-HSA-373760;reactome:R-HSA-375165;reactome:R-HSA-376172;reactome:R-HSA-3769402;reactome:R-HSA-380259;reactome:R-HSA-380284;reactome:R-HSA-380287;reactome:R-HSA-380972;reactome:R-HSA-381042;reactome:R-HSA-381070;reactome:R-HSA-381119;reactome:R-HSA-381426;reactome:R-HSA-382556;reactome:R-HSA-388841;reactome:R-HSA-389356;reactome:R-HSA-389357;reactome:R-HSA-389359;reactome:R-HSA-389513;reactome:R-HSA-389948;reactome:R-HSA-389957;reactome:R-HSA-389958;reactome:R-HSA-389960;reactome:R-HSA-390450;reactome:R-HSA-390466;reactome:R-HSA-390471;reactome:R-HSA-390522;reactome:R-HSA-391160;reactome:R-HSA-391251;reactome:R-HSA-392170;reactome:R-HSA-392451;reactome:R-HSA-392517;reactome:R-HSA-392518;reactome:R-HSA-3928662;reactome:R-HSA-3928663;reactome:R-HSA-3928664;reactome:R-HSA-3928665;reactome:R-HSA-397795;reactome:R-HSA-399719;reactome:R-HSA-399721;reactome:R-HSA-399954;reactome:R-HSA-399955;reactome:R-HSA-399956;reactome:R-HSA-399997;reactome:R-HSA-400253;reactome:R-HSA-400685;reactome:R-HSA-4085001;reactome:R-HSA-4086398;reactome:R-HSA-4086400;reactome:R-HSA-416550;reactome:R-HSA-416572;reactome:R-HSA-416993;reactome:R-HSA-417957;reactome:R-HSA-418038;reactome:R-HSA-418346;reactome:R-HSA-418592;reactome:R-HSA-418597;reactome:R-HSA-418885;reactome:R-HSA-418886;reactome:R-HSA-418889;reactome:R-HSA-418890;reactome:R-HSA-422356;reactome:R-HSA-425397;reactome:R-HSA-428542;reactome:R-HSA-428890;reactome:R-HSA-432040;reactome:R-HSA-432142;reactome:R-HSA-432720;reactome:R-HSA-432722;reactome:R-HSA-437239;reactome:R-HSA-438064;reactome:R-HSA-4419969;reactome:R-HSA-4420097;reactome:R-HSA-442720;reactome:R-HSA-442729;reactome:R-HSA-442742;reactome:R-HSA-442755;reactome:R-HSA-444257;reactome:R-HSA-445095;reactome:R-HSA-445144;reactome:R-HSA-445355;reactome:R-HSA-445717;reactome:R-HSA-445989;reactome:R-HSA-446199;reactome:R-HSA-446210;reactome:R-HSA-446219;reactome:R-HSA-447041;reactome:R-HSA-447043;reactome:R-HSA-447115;reactome:R-HSA-448424;reactome:R-HSA-450282;reactome:R-HSA-450294;reactome:R-HSA-450302;reactome:R-HSA-450321;reactome:R-HSA-450341;reactome:R-HSA-450385;reactome:R-HSA-450513;reactome:R-HSA-450520;reactome:R-HSA-450531;reactome:R-HSA-450604;reactome:R-HSA-451927;reactome:R-HSA-453276;reactome:R-HSA-4608870;reactome:R-HSA-4641262;reactome:R-HSA-499943;reactome:R-HSA-500753;reactome:R-HSA-5099900;reactome:R-HSA-512988;reactome:R-HSA-5173105;reactome:R-HSA-5205647;reactome:R-HSA-5213460;reactome:R-HSA-5218859;reactome:R-HSA-5218920;reactome:R-HSA-5218921;reactome:R-HSA-525793;reactome:R-HSA-5357769;reactome:R-HSA-5357905;reactome:R-HSA-5358346;reactome:R-HSA-5358508;reactome:R-HSA-5358565;reactome:R-HSA-5358606;reactome:R-HSA-5362517;reactome:R-HSA-5362768;reactome:R-HSA-5387390;reactome:R-HSA-5578775;reactome:R-HSA-5607761;reactome:R-HSA-5607764;reactome:R-HSA-5610780;reactome:R-HSA-5610783;reactome:R-HSA-5610785;reactome:R-HSA-5610787;reactome:R-HSA-5619063;reactome:R-HSA-5619084;reactome:R-HSA-5621480;reactome:R-HSA-5621575;reactome:R-HSA-5625740;reactome:R-HSA-5625886;reactome:R-HSA-5625900;reactome:R-HSA-5627117;reactome:R-HSA-5627123;reactome:R-HSA-5628897;reactome:R-HSA-5632684;reactome:R-HSA-5633008;reactome:R-HSA-5635838;reactome:R-HSA-5637810;reactome:R-HSA-5637812;reactome:R-HSA-5637815;reactome:R-HSA-5652084;reactome:R-HSA-5654219;reactome:R-HSA-5654221;reactome:R-HSA-5654227;reactome:R-HSA-5654228;reactome:R-HSA-5654687;reactome:R-HSA-5654688;reactome:R-HSA-5654689;reactome:R-HSA-5654693;reactome:R-HSA-5654695;reactome:R-HSA-5654696;reactome:R-HSA-5654699;reactome:R-HSA-5654700;reactome:R-HSA-5654704;reactome:R-HSA-5654706;reactome:R-HSA-5654708;reactome:R-HSA-5654710;reactome:R-HSA-5654712;reactome:R-HSA-5654716;reactome:R-HSA-5654719;reactome:R-HSA-5654720;reactome:R-HSA-5654726;reactome:R-HSA-5654727;reactome:R-HSA-5654732;reactome:R-HSA-5654733;reactome:R-HSA-5654736;reactome:R-HSA-5654738;reactome:R-HSA-5654741;reactome:R-HSA-5654743;reactome:R-HSA-5655253;reactome:R-HSA-5655291;reactome:R-HSA-5655302;reactome:R-HSA-5655332;reactome:R-HSA-5661270;reactome:R-HSA-5663213;reactome:R-HSA-5663220;reactome:R-HSA-5668541;reactome:R-HSA-5668599;reactome:R-HSA-5673000;reactome:R-HSA-5674135;reactome:R-HSA-5674400;reactome:R-HSA-5674499;reactome:R-HSA-5675221;reactome:R-HSA-5676590;reactome:R-HSA-5678895;reactome:R-HSA-5683826;reactome:R-HSA-5684264;reactome:R-HSA-5685938;reactome:R-HSA-5685942;reactome:R-HSA-5687128;reactome:R-HSA-5689896;reactome:R-HSA-5690714;reactome:R-HSA-5693537;reactome:R-HSA-5693538;reactome:R-HSA-5693548;reactome:R-HSA-5693554;reactome:R-HSA-5693565;reactome:R-HSA-5693567;reactome:R-HSA-5693568;reactome:R-HSA-5693571;reactome:R-HSA-5693579;reactome:R-HSA-5693606;reactome:R-HSA-5693607;reactome:R-HSA-5693616;reactome:R-HSA-5696395;reactome:R-HSA-5696398;reactome:R-HSA-5696399;reactome:R-HSA-6781827;reactome:R-HSA-6782135;reactome:R-HSA-6783310;reactome:R-HSA-6783589;reactome:R-HSA-6783783;reactome:R-HSA-6785807;reactome:R-HSA-6787639;reactome:R-HSA-6790901;reactome:R-HSA-6791312;reactome:R-HSA-6796648;reactome:R-HSA-6802946;reactome:R-HSA-6802948;reactome:R-HSA-6802949;reactome:R-HSA-6802952;reactome:R-HSA-6802955;reactome:R-HSA-6802957;reactome:R-HSA-6803157;reactome:R-HSA-6803204;reactome:R-HSA-6803207;reactome:R-HSA-6803544;reactome:R-HSA-6804115;reactome:R-HSA-6804756;reactome:R-HSA-6804757;reactome:R-HSA-6804758;reactome:R-HSA-6804759;reactome:R-HSA-6804760;reactome:R-HSA-6806003;reactome:R-HSA-6806834;reactome:R-HSA-6806942;reactome:R-HSA-6807004;reactome:R-HSA-6807505;reactome:R-HSA-6807878;reactome:R-HSA-6811436;reactome:R-HSA-6811438;reactome:R-HSA-6811440;reactome:R-HSA-6811555;reactome:R-HSA-6811558;reactome:R-HSA-6814122;reactome:R-HSA-68616;reactome:R-HSA-68867;reactome:R-HSA-68875;reactome:R-HSA-68884;reactome:R-HSA-68911;reactome:R-HSA-68949;reactome:R-HSA-68962;reactome:R-HSA-69002;reactome:R-HSA-69017;reactome:R-HSA-69052;reactome:R-HSA-69091;reactome:R-HSA-69109;reactome:R-HSA-69186;reactome:R-HSA-69190;reactome:R-HSA-69200;reactome:R-HSA-69202;reactome:R-HSA-69206;reactome:R-HSA-69231;reactome:R-HSA-69236;reactome:R-HSA-69239;reactome:R-HSA-69273;reactome:R-HSA-69473;reactome:R-HSA-69478;reactome:R-HSA-69541;reactome:R-HSA-69563;reactome:R-HSA-69580;reactome:R-HSA-69601;reactome:R-HSA-69610;reactome:R-HSA-69613;reactome:R-HSA-69615;reactome:R-HSA-69656;reactome:R-HSA-70171;reactome:R-HSA-70221;reactome:R-HSA-70263;reactome:R-HSA-70268;reactome:R-HSA-70326;reactome:R-HSA-70350;reactome:R-HSA-70370;reactome:R-HSA-70635;reactome:R-HSA-70895;reactome:R-HSA-70921;reactome:R-HSA-71032;reactome:R-HSA-71288;reactome:R-HSA-71336;reactome:R-HSA-71403;reactome:R-HSA-71406;reactome:R-HSA-72202;reactome:R-HSA-72613;reactome:R-HSA-72662;reactome:R-HSA-72702;reactome:R-HSA-72737;reactome:R-HSA-73614;reactome:R-HSA-73621;reactome:R-HSA-73728;reactome:R-HSA-73817;reactome:R-HSA-73854;reactome:R-HSA-73864;reactome:R-HSA-73886;reactome:R-HSA-73893;reactome:R-HSA-74217;reactome:R-HSA-74259;reactome:R-HSA-74713;reactome:R-HSA-74749;reactome:R-HSA-74751;reactome:R-HSA-74752;reactome:R-HSA-75035;reactome:R-HSA-75105;reactome:R-HSA-75109;reactome:R-HSA-75153;reactome:R-HSA-75815;reactome:R-HSA-75893;reactome:R-HSA-75955;reactome:R-HSA-76005;reactome:R-HSA-76009;reactome:R-HSA-76042;reactome:R-HSA-77075;reactome:R-HSA-77289;reactome:R-HSA-83936;reactome:R-HSA-877300;reactome:R-HSA-881907;reactome:R-HSA-8847453;reactome:R-HSA-8847993;reactome:R-HSA-8848021;reactome:R-HSA-8849468;reactome:R-HSA-8849469;reactome:R-HSA-8849470;reactome:R-HSA-8849471;reactome:R-HSA-8849472;reactome:R-HSA-8849474;reactome:R-HSA-8850843;reactome:R-HSA-8851805;reactome:R-HSA-8851907;reactome:R-HSA-8852276;reactome:R-HSA-8852405;reactome:R-HSA-8853336;reactome:R-HSA-8853659;reactome:R-HSA-8854518;reactome:R-HSA-8854691;reactome:R-HSA-8856688;reactome:R-HSA-8856825;reactome:R-HSA-8857538;reactome:R-HSA-8862803;reactome:R-HSA-8863678;reactome:R-HSA-8863795;reactome:R-HSA-8866376;reactome:R-HSA-8874081;reactome:R-HSA-8875360;reactome:R-HSA-8875791;reactome:R-HSA-8875878;reactome:R-HSA-8876198;reactome:R-HSA-8876384;reactome:R-HSA-8876493;reactome:R-HSA-8878159;reactome:R-HSA-8878166;reactome:R-HSA-8934593;reactome:R-HSA-8934903;reactome:R-HSA-8939236;reactome:R-HSA-8939243;reactome:R-HSA-8939902;reactome:R-HSA-8940973;reactome:R-HSA-8941326;reactome:R-HSA-8941332;reactome:R-HSA-8941858;reactome:R-HSA-8943724;reactome:R-HSA-8948751;reactome:R-HSA-8953750;reactome:R-HSA-8955332;reactome:R-HSA-8956319;reactome:R-HSA-8956320;reactome:R-HSA-8956321;reactome:R-HSA-8957275;reactome:R-HSA-8963896;reactome:R-HSA-8963898;reactome:R-HSA-8963899;reactome:R-HSA-8964058;reactome:R-HSA-8964539;reactome:R-HSA-8978934;reactome:R-HSA-8979227;reactome:R-HSA-8982491;reactome:R-HSA-8983432;reactome:R-HSA-8984722;reactome:R-HSA-8985947;reactome:R-HSA-8986944;reactome:R-HSA-9006115;reactome:R-HSA-9006335;reactome:R-HSA-9006927;reactome:R-HSA-9006936;reactome:R-HSA-9007101;reactome:R-HSA-9007892;reactome:R-HSA-9008059;reactome:R-HSA-9009391;reactome:R-HSA-9010642;reactome:R-HSA-9012852;reactome:R-HSA-9013420;reactome:R-HSA-9013507;reactome:R-HSA-9013694;reactome:R-HSA-9013973;reactome:R-HSA-9014325;reactome:R-HSA-9018519;reactome:R-HSA-9020558;reactome:R-HSA-9020591;reactome:R-HSA-9020702;reactome:R-HSA-9020933;reactome:R-HSA-9020956;reactome:R-HSA-9020958;reactome:R-HSA-9022692;reactome:R-HSA-9026519;reactome:R-HSA-9026527;reactome:R-HSA-9027276;reactome:R-HSA-9027277;reactome:R-HSA-9027283;reactome:R-HSA-9027284;reactome:R-HSA-9028335;reactome:R-HSA-9028731;reactome:R-HSA-9031628;reactome:R-HSA-9032500;reactome:R-HSA-9032845;reactome:R-HSA-9033241;reactome:R-HSA-9034015;reactome:R-HSA-9034793;reactome:R-HSA-9034864;reactome:R-HSA-909733;reactome:R-HSA-912526;reactome:R-HSA-912631;reactome:R-HSA-917729;reactome:R-HSA-917937;reactome:R-HSA-917977;reactome:R-HSA-918233;reactome:R-HSA-927802;reactome:R-HSA-933541;reactome:R-HSA-933542;reactome:R-HSA-936837;reactome:R-HSA-936964;reactome:R-HSA-937039;reactome:R-HSA-937042;reactome:R-HSA-937061;reactome:R-HSA-937072;reactome:R-HSA-9603381;reactome:R-HSA-9604323;reactome:R-HSA-9607240;reactome:R-HSA-9609523;reactome:R-HSA-9609736;reactome:R-HSA-9613354;reactome:R-HSA-9614085;reactome:R-HSA-9614399;reactome:R-HSA-9619229;reactome:R-HSA-9619483;reactome:R-HSA-9620244;reactome:R-HSA-9627069;reactome:R-HSA-9633012;reactome:R-HSA-9634285;reactome:R-HSA-9634597;reactome:R-HSA-9634600;reactome:R-HSA-9634635;reactome:R-HSA-9634638;reactome:R-HSA-9634815;reactome:R-HSA-9645135;reactome:R-HSA-9645460;reactome:R-HSA-9645723;reactome:R-HSA-9648002;reactome:R-HSA-9648025;reactome:R-HSA-9648895;reactome:R-HSA-964975;reactome:R-HSA-9649948;reactome:R-HSA-9652169;reactome:R-HSA-9656223;reactome:R-HSA-9659379;reactome:R-HSA-9660821;reactome:R-HSA-9660826;reactome:R-HSA-9662360;reactome:R-HSA-9662361;reactome:R-HSA-9662834;reactome:R-HSA-9663891;reactome:R-HSA-9664323;reactome:R-HSA-9664420;reactome:R-HSA-9664424;reactome:R-HSA-9664565;reactome:R-HSA-9665348;reactome:R-HSA-9665686;reactome:R-HSA-9668328;reactome:R-HSA-9669938;reactome:R-HSA-9670439;reactome:R-HSA-9671555;reactome:R-HSA-9673324;reactome:R-HSA-9673766;reactome:R-HSA-9673767;reactome:R-HSA-9673768;reactome:R-HSA-9673770;reactome:R-HSA-9674555;reactome:R-HSA-9679514;reactome:R-HSA-9680350;reactome:R-HSA-9682385;reactome:R-HSA-9682706;reactome:R-HSA-9683610;reactome:R-HSA-9683701;reactome:R-HSA-9694631;reactome:R-HSA-9694635;reactome:R-HSA-9694682;reactome:R-HSA-9694686;reactome:R-HSA-9700206;reactome:R-HSA-9702518;reactome:R-HSA-9703465;reactome:R-HSA-9703648;reactome:R-HSA-9706019;reactome:R-HSA-9706369;reactome:R-HSA-9707564;reactome:R-HSA-9708530;reactome:R-HSA-9725370;reactome:R-HSA-9725371;reactome:R-HSA-9727281;reactome:R-HSA-9732724;reactome:R-HSA-9734009;reactome:R-HSA-9735763;reactome:R-HSA-9735786;reactome:R-HSA-9735804;reactome:R-HSA-9748787;reactome:R-HSA-9749641;reactome:R-HSA-975110;reactome:R-HSA-975138;reactome:R-HSA-975144;reactome:R-HSA-975155;reactome:R-HSA-975163;reactome:R-HSA-9753281;reactome:R-HSA-9755088;reactome:R-HSA-9755511;reactome:R-HSA-9755779;reactome:R-HSA-9757110;reactome:R-HSA-975871;reactome:R-HSA-9758881;reactome:R-HSA-9758890;reactome:R-HSA-9759194;reactome:R-HSA-975957;reactome:R-HSA-9762114;reactome:R-HSA-9768919;reactome:R-HSA-9772572;reactome:R-HSA-9772573;reactome:R-HSA-9793528;reactome:R-HSA-9816359;reactome:R-HSA-9818027;reactome:R-HSA-9820952;reactome:R-HSA-9820965;reactome:R-HSA-9821993;reactome:R-HSA-982772;reactome:R-HSA-9828806;reactome:R-HSA-983170;reactome:R-HSA-983189;reactome:R-HSA-9833482;reactome:R-HSA-9836573;reactome:R-HSA-983695;reactome:R-HSA-9837999;reactome:R-HSA-9840309;wiki:WP176;wiki:WP1780;wiki:WP1784;wiki:WP1788;wiki:WP1795;wiki:WP1797;wiki:WP1799;wiki:WP1803;wiki:WP1809;wiki:WP1812;wiki:WP1815;wiki:WP1820;wiki:WP1826;wiki:WP1831;wiki:WP1835;wiki:WP1839;wiki:WP1840;wiki:WP1841;wiki:WP1842;wiki:WP1843;wiki:WP1845;wiki:WP1850;wiki:WP1852;wiki:WP1865;wiki:WP1866;wiki:WP1867;wiki:WP1868;wiki:WP1871;wiki:WP1872;wiki:WP1873;wiki:WP1885;wiki:WP1892;wiki:WP1895;wiki:WP1903;wiki:WP1904;wiki:WP1907;wiki:WP1908;wiki:WP1909;wiki:WP1910;wiki:WP1913;wiki:WP1916;wiki:WP1919;wiki:WP1925;wiki:WP1927;wiki:WP1928;wiki:WP1937;wiki:WP1939;wiki:WP1946;wiki:WP1978;wiki:WP1980;wiki:WP2267;wiki:WP2333;wiki:WP2533;wiki:WP2650;wiki:WP2653;wiki:WP2654;wiki:WP2656;wiki:WP2657;wiki:WP2662;wiki:WP2664;wiki:WP2670;wiki:WP2673;wiki:WP2675;wiki:WP2677;wiki:WP2678;wiki:WP2679;wiki:WP2688;wiki:WP2694;wiki:WP2709;wiki:WP2710;wiki:WP2712;wiki:WP2713;wiki:WP2714;wiki:WP2717;wiki:WP2720;wiki:WP2721;wiki:WP2722;wiki:WP2724;wiki:WP2731;wiki:WP2732;wiki:WP2733;wiki:WP2741;wiki:WP2742;wiki:WP2747;wiki:WP2748;wiki:WP2752;wiki:WP2755;wiki:WP2760;wiki:WP2761;wiki:WP2762;wiki:WP2763;wiki:WP2765;wiki:WP2766;wiki:WP2768;wiki:WP2772;wiki:WP2773;wiki:WP2776;wiki:WP2777;wiki:WP2780;wiki:WP2781;wiki:WP2786;wiki:WP2791;wiki:WP2792;wiki:WP2794;wiki:WP2799;wiki:WP2801;wiki:WP2824;wiki:WP3307;wiki:WP3308;wiki:WP3309;wiki:WP3313;wiki:WP3315;wiki:WP3316;wiki:WP3317;wiki:WP3318;wiki:WP3331;wiki:WP3332;wiki:WP3334;wiki:WP3335;wiki:WP3336;wiki:WP3338;wiki:WP3348;wiki:WP3349;wiki:WP3351;wiki:WP3352;wiki:WP3357;wiki:WP3363;wiki:WP3365;wiki:WP3374;wiki:WP3376;wiki:WP3379;wiki:WP3380;wiki:WP3381;wiki:WP3388;wiki:WP3391;wiki:WP3395;wiki:WP3396;wiki:WP3397;wiki:WP3401;wiki:WP3404;wiki:WP3513;wiki:WP3543;wiki:WP3545;wiki:WP3549;wiki:WP3550;wiki:WP3556;wiki:WP3565;wiki:WP3567;wiki:WP3569;wiki:WP3575;wiki:WP3578;wiki:WP3579;wiki:WP3656;wiki:WP3795;wiki:WP3798;wiki:WP3802;wiki:WP3804;wiki:WP3806;wiki:WP3807;wiki:WP3808;wiki:WP3810;wiki:WP3811;wiki:WP3816;wiki:WP3817;wiki:WP3818;wiki:WP3823;wiki:WP3827;wiki:WP3828;wiki:WP3838;wiki:WP3933;wiki:WP3953;wiki:WP4022;wiki:WP4034;wiki:WP4039;wiki:WP4042;wiki:WP4050;wiki:WP4052;wiki:WP4058;wiki:WP4059;wiki:WP4061;wiki:WP4063;wiki:WP4065;wiki:WP4066;wiki:WP4068;wiki:WP4070;wiki:WP4072;wiki:WP4074;wiki:WP4075;wiki:WP4082;wiki:WP4083;wiki:WP4084;wiki:WP4093;wiki:WP4095;wiki:WP4097;wiki:WP4101;wiki:WP4107;wiki:WP4109;wiki:WP4110;wiki:WP4114;wiki:WP4115;wiki:WP4117;wiki:WP4119;wiki:WP4120;wiki:WP4122;wiki:WP4126;wiki:WP4129;wiki:WP4131;wiki:WP4195;wiki:WP4224;wiki:WP4225;wiki:WP4236;wiki:WP4321;wiki:WP4404;wiki:WP4409;wiki:WP4413;wiki:WP4414;wiki:WP4415;wiki:WP4421;wiki:WP4422;wiki:WP4428;wiki:WP4430;wiki:WP4431;wiki:WP4432;wiki:WP4436;wiki:WP4437;wiki:WP4441;wiki:WP4442;wiki:WP4443;wiki:WP4448;wiki:WP4452;wiki:WP4453;wiki:WP4458;wiki:WP4459;wiki:WP4461;wiki:WP4485;wiki:WP4518;wiki:WP4584;wiki:WP4595;wiki:WP4629;wiki:WP466;wiki:WP4725;wiki:WP4726;wiki:WP4792;wiki:WP4900;wiki:WP4905;wiki:WP4917;wiki:WP4932;wiki:WP4950;wiki:WP4971;wiki:WP4973;wiki:WP4974;wiki:WP4975;wiki:WP4977;wiki:WP4978;wiki:WP4982;wiki:WP4983;wiki:WP4985;wiki:WP4988;wiki:WP4990;wiki:WP4992;wiki:WP4998;wiki:WP5002;wiki:WP5005;wiki:WP5007;wiki:WP5008;wiki:WP5013;wiki:WP5016;wiki:WP5020;wiki:WP5021;wiki:WP5022;wiki:WP5029;wiki:WP5047;wiki:WP5090;wiki:WP5179;wiki:WP5190;wiki:WP5194;wiki:WP5283;wiki:WP5313;wiki:WP5314;wiki:WP5346;wiki:WP5408;wiki:WP623;wiki:WP692;wiki:WP78",602,"CHEBI:16449","HMDB0062251","C00041;C01401","302-72-7",4948564.25118795,1399819.07381986,28.28737796996,6690572.85077695,5227913.24800428,"Amide","Pos",1
"Amide-Neg-000356","DL-Arginine","C6 H14 N4 O2",174.11168,63.7,"mzCloud",408,-0.95,173.10423,15.246,FALSE,"[M-H]-1","C(CC(C(=O)O)N)CNC(=N)N","ODKSFYDXXFIFQN-UHFFFAOYSA-N","Organic acids and derivatives","Carboxylic acids and derivatives","Amino acids, peptides, and analogues","wiki:WP5029;wiki:WP5078;wiki:WP5192",232,"CHEBI:29016","HMDB0251511","C02385","7200-25-1",1605957.82002906,618456.250685525,38.510117947826,2654566.27101712,1610540.32383796,"Amide","Neg",1
"Amide-Pos-000092","DL-Arginine","C6 H14 N4 O2",174.11168,97.9,"mzCloud",408,-0.87,175.1188,15.202,FALSE,"[M+H]+1","C(CC(C(=O)O)N)CNC(=N)N","ODKSFYDXXFIFQN-UHFFFAOYSA-N","Organic acids and derivatives","Carboxylic acids and derivatives","Amino acids, peptides, and analogues","wiki:WP5029;wiki:WP5078;wiki:WP5192",232,"CHEBI:29016","HMDB0251511","C02385","7200-25-1",31749188.3214204,11886085.1830213,37.4374458417319,51153413.1032643,35281876.2120525,"Amide","Pos",1
"Amide-Pos-000159","DL-Arginine","C6 H14 N4 O2",174.11168,97.9,"mzCloud",408,-0.67,175.11884,15.621,FALSE,"[M+H]+1","C(CC(C(=O)O)N)CNC(=N)N","ODKSFYDXXFIFQN-UHFFFAOYSA-N","Organic acids and derivatives","Carboxylic acids and derivatives","Amino acids, peptides, and analogues","wiki:WP5029;wiki:WP5078;wiki:WP5192",232,"CHEBI:29016","HMDB0251511","C02385","7200-25-1",13512364.8565813,2777975.07470234,20.5587630602596,16779193.9667552,13976148.9265169,"Amide","Pos",1
"C18-Pos-000102","DL-Arginine","C6 H14 N4 O2",174.11168,98,"mzCloud",408,-0.9,175.1188,1.091,FALSE,"[M+H]+1","C(CC(C(=O)O)N)CNC(=N)N","ODKSFYDXXFIFQN-UHFFFAOYSA-N","Organic acids and derivatives","Carboxylic acids and derivatives","Amino acids, peptides, and analogues","wiki:WP5029;wiki:WP5078;wiki:WP5192",232,"CHEBI:29016","HMDB0251511","C02385","7200-25-1",16041514.1909975,6336528.61224848,39.5008135566438,25065250.8375332,17385488.2096618,"C18","Pos",1
"Amide-Pos-000109","DL-Dipalmitoylphosphatidylcholine","C40 H80 N O8 P",733.56215,99.8,"mzCloud",889,-2.18,734.56784,5.748,FALSE,"[M+H]+1","O=C(OC(COP(O)(=O)OCCN(C)(C)C)COC(=O)CCCCCCCCCCCCCCC)CCCCCCCCCCCCCCC","KILNVBDSWZSGLL-UHFFFAOYSA-N","Lipids and lipid-like molecules","Glycerophospholipids","Glycerophosphocholines","kegg:map00564;wiki:WP528",6138,NA,"HMDB0245715",NA,"2644-64-6",12595757.548381,8643567.32934658,68.6228461936185,38296666.4732655,9433441.33706704,"Amide","Pos",1
"Amide-Pos-000264","DL-Dipalmitoylphosphatidylcholine","C40 H80 N O8 P",733.56215,99.8,"mzCloud",889,-3.62,734.56677,5.425,FALSE,"[M+H]+1","O=C(OC(COP(O)(=O)OCCN(C)(C)C)COC(=O)CCCCCCCCCCCCCCC)CCCCCCCCCCCCCCC","KILNVBDSWZSGLL-UHFFFAOYSA-N","Lipids and lipid-like molecules","Glycerophospholipids","Glycerophosphocholines","kegg:map00564;wiki:WP528",6138,NA,"HMDB0245715",NA,"2644-64-6",2547245.4371185,3399990.65928551,133.477151818227,7418353.74143765,1330526.41393618,"Amide","Pos",1
"C8-Pos-000018","DL-Dipalmitoylphosphatidylcholine","C40 H80 N O8 P",733.56215,99.8,"mzCloud",889,-1.01,734.56868,8.44,FALSE,"[M+H]+1","O=C(OC(COP(O)(=O)OCCN(C)(C)C)COC(=O)CCCCCCCCCCCCCCC)CCCCCCCCCCCCCCC","KILNVBDSWZSGLL-UHFFFAOYSA-N","Lipids and lipid-like molecules","Glycerophospholipids","Glycerophosphocholines","kegg:map00564;wiki:WP528",6138,NA,"HMDB0245715",NA,"2644-64-6",179954237.494342,68414273.1108392,38.0175949527114,347959442.605424,176395693.811529,"C8","Pos",1
"C8-Pos-000526","DL-Dipalmitoylphosphatidylcholine","C40 H80 N O8 P",733.56215,99.8,"mzCloud",889,-1.16,734.56858,7.499,FALSE,"[M+H]+1","O=C(OC(COP(O)(=O)OCCN(C)(C)C)COC(=O)CCCCCCCCCCCCCCC)CCCCCCCCCCCCCCC","KILNVBDSWZSGLL-UHFFFAOYSA-N","Lipids and lipid-like molecules","Glycerophospholipids","Glycerophosphocholines","kegg:map00564;wiki:WP528",6138,NA,"HMDB0245715",NA,"2644-64-6",504384.111781276,130841.117815087,25.9407691001626,902212.962699799,466793.779251382,"C8","Pos",1
"Amide-Pos-000063","DL-Glutamine","C5 H10 N2 O3",146.06914,99.9,"mzCloud",2967,-0.96,147.07626,12.297,FALSE,"[M+H]+1","C(CC(=O)N)C(C(=O)O)N","ZDXPYRJPNDTMRX-UHFFFAOYSA-N","Organic acids and derivatives","Carboxylic acids and derivatives","Amino acids, peptides, and analogues","wiki:WP4157;wiki:WP4290;wiki:WP4504;wiki:WP5029;wiki:WP5049;wiki:WP5220;wiki:WP5314",738,"CHEBI:28300",NA,"C00303","6899-04-3",123398357.023467,20169628.419385,16.3451353047994,158590258.768309,126162593.389261,"Amide","Pos",1
"Amide-Pos-000361","DL-Glutamine","C5 H10 N2 O3",146.06914,99.9,"mzCloud",2967,-1.24,147.07624,13.621,FALSE,"[M+H]+1","C(CC(=O)N)C(C(=O)O)N","ZDXPYRJPNDTMRX-UHFFFAOYSA-N","Organic acids and derivatives","Carboxylic acids and derivatives","Amino acids, peptides, and analogues","wiki:WP4157;wiki:WP4290;wiki:WP4504;wiki:WP5029;wiki:WP5049;wiki:WP5220;wiki:WP5314",738,"CHEBI:28300",NA,"C00303","6899-04-3",1859501.72148962,710207.636575451,38.1934379714643,2707896.59215658,2085819.53292063,"Amide","Pos",1
"C18-Pos-000017","DL-Glutamine","C5 H10 N2 O3",146.06914,99.5,"mzCloud",2967,-1.58,147.07618,1.159,FALSE,"[M+H]+1","C(CC(=O)N)C(C(=O)O)N","ZDXPYRJPNDTMRX-UHFFFAOYSA-N","Organic acids and derivatives","Carboxylic acids and derivatives","Amino acids, peptides, and analogues","wiki:WP4157;wiki:WP4290;wiki:WP4504;wiki:WP5029;wiki:WP5049;wiki:WP5220;wiki:WP5314",738,"CHEBI:28300",NA,"C00303","6899-04-3",102886228.50568,36793362.4406562,35.7612121418416,157367192.115903,112677009.050275,"C18","Pos",1
"Amide-Pos-000103","DL-Lysine","C6 H14 N2 O2",146.10553,99.6,"mzCloud",482,-0.89,147.11266,15.31,FALSE,"[M+H]+1","C(CCN)CC(C(=O)O)N","KDXKERNSBIXSRK-UHFFFAOYSA-N","Organic acids and derivatives","Carboxylic acids and derivatives","Amino acids, peptides, and analogues","wiki:WP4519;wiki:WP5029;wiki:WP5031",866,"CHEBI:25094",NA,"C16440","70-54-2",32532586.6478002,6580484.42855196,20.2273631045471,41509346.2706143,34270685.0719836,"Amide","Pos",0
"Amide-Pos-000566","DL-Lysine","C6 H14 N2 O2",146.10553,99.6,"mzCloud",482,-1.55,147.11258,13.283,FALSE,"[M+H]+1","C(CCN)CC(C(=O)O)N","KDXKERNSBIXSRK-UHFFFAOYSA-N","Organic acids and derivatives","Carboxylic acids and derivatives","Amino acids, peptides, and analogues","wiki:WP4519;wiki:WP5029;wiki:WP5031",866,"CHEBI:25094",NA,"C16440","70-54-2",15981.174351581,8678.56753230552,54.3049424365172,28582.5557894111,16433.9528823549,"Amide","Pos",0
"Amide-Neg-000022","DL-Malic acid","C4 H6 O5",134.02152,99.7,"mzCloud",1796,-0.21,133.01422,12.946,FALSE,"[M-H]-1","C(C(C(=O)O)O)C(=O)O","BJEPYKJPYRNKOW-UHFFFAOYSA-N","Organic acids and derivatives","Hydroxy acids and derivatives","Beta hydroxy acids and derivatives","kegg:map00020;kegg:map00620;reactome:R-HSA-1614517;reactome:R-HSA-1614558;reactome:R-HSA-1614635;reactome:R-HSA-428643;reactome:R-HSA-70263;reactome:R-HSA-70268;reactome:R-HSA-70326;reactome:R-HSA-71403;reactome:R-HSA-71406;reactome:R-HSA-75105;reactome:R-HSA-8963693;reactome:R-HSA-8964539;wiki:WP106;wiki:WP2453;wiki:WP2766;wiki:WP3574;wiki:WP3602;wiki:WP4093;wiki:WP4114;wiki:WP4206;wiki:WP4236;wiki:WP4241;wiki:WP4290;wiki:WP4595;wiki:WP4661;wiki:WP4979;wiki:WP4992;wiki:WP5046;wiki:WP5050;wiki:WP5213;wiki:WP534;wiki:WP5401;wiki:WP661;wiki:WP78",525,"CHEBI:6650",NA,"C00711;C03668","97-67-6",29658056.7407277,19992754.9276313,67.4108728781829,97309079.3092108,24787024.8608643,"Amide","Neg",1
"Amide-Neg-000109","DL-Malic acid","C4 H6 O5",134.02152,99.7,"mzCloud",1796,-0.14,133.01423,14.195,FALSE,"[M-H]-1","C(C(C(=O)O)O)C(=O)O","BJEPYKJPYRNKOW-UHFFFAOYSA-N","Organic acids and derivatives","Hydroxy acids and derivatives","Beta hydroxy acids and derivatives","kegg:map00020;kegg:map00620;reactome:R-HSA-1614517;reactome:R-HSA-1614558;reactome:R-HSA-1614635;reactome:R-HSA-428643;reactome:R-HSA-70263;reactome:R-HSA-70268;reactome:R-HSA-70326;reactome:R-HSA-71403;reactome:R-HSA-71406;reactome:R-HSA-75105;reactome:R-HSA-8963693;reactome:R-HSA-8964539;wiki:WP106;wiki:WP2453;wiki:WP2766;wiki:WP3574;wiki:WP3602;wiki:WP4093;wiki:WP4114;wiki:WP4206;wiki:WP4236;wiki:WP4241;wiki:WP4290;wiki:WP4595;wiki:WP4661;wiki:WP4979;wiki:WP4992;wiki:WP5046;wiki:WP5050;wiki:WP5213;wiki:WP534;wiki:WP5401;wiki:WP661;wiki:WP78",525,"CHEBI:6650",NA,"C00711;C03668","97-67-6",9568400.25451291,3832847.52921637,40.0573494760382,17929413.2173245,9096743.04769544,"Amide","Neg",1
"Amide-Pos-000210","DL-Pyroglutamic acid","C5 H7 N O3",129.04259,88.7,"NIST23",2755,-1.22,147.07626,1.839,FALSE,"[M+NH4]+1","O=C1CCC(C(=O)O)N1","ODHCTXKNWHHXJC-UHFFFAOYSA-N","Organic acids and derivatives","Carboxylic acids and derivatives","Amino acids, peptides, and analogues","wiki:WP4518",499,"CHEBI:16010",NA,NA,"149-87-1",8124944.62140904,2006398.8958512,24.6943085687548,11440534.0580671,7343600.70990448,"Amide","Pos",0
"Amide-Pos-000342","DL-Pyroglutamic acid","C5 H7 N O3",129.04259,88.7,"NIST23",2755,-1.25,147.07622,13.603,FALSE,"[M+NH4]+1","O=C1CCC(C(=O)O)N1","ODHCTXKNWHHXJC-UHFFFAOYSA-N","Organic acids and derivatives","Carboxylic acids and derivatives","Amino acids, peptides, and analogues","wiki:WP4518",499,"CHEBI:16010",NA,NA,"149-87-1",1746422.72208638,577760.203342881,33.0824946352424,2874592.97867288,1933526.1954769,"Amide","Pos",0
"Amide-Neg-000121","DL-β-Leucine","C6 H13 N O2",131.09463,99.3,"mzCloud",414,-1.01,130.08722,9.222,FALSE,"[M-H]-1","CC(C)C(CC(=O)O)N","GLUJNGJDHCTUJY-UHFFFAOYSA-N","Organic acids and derivatives","Carboxylic acids and derivatives","Amino acids, peptides, and analogues",NA,193411,"CHEBI:72772","HMDB0245808",NA,"5699-54-7",6525835.12540932,3022456.230486,46.3152404619849,15511567.5863952,5558742.04777371,"Amide","Neg",1
"Amide-Neg-000139","DL-β-Leucine","C6 H13 N O2",131.09463,99.3,"mzCloud",414,-0.69,130.08726,8.941,FALSE,"[M-H]-1","CC(C)C(CC(=O)O)N","GLUJNGJDHCTUJY-UHFFFAOYSA-N","Organic acids and derivatives","Carboxylic acids and derivatives","Amino acids, peptides, and analogues",NA,193411,"CHEBI:72772","HMDB0245808",NA,"5699-54-7",6847379.50568287,2842772.01368947,41.5162035539312,13440892.4173877,7141819.52778594,"Amide","Neg",1
"Amide-Pos-000298","DL-β-Leucine","C6 H13 N O2",131.09463,78.1,"mzCloud",414,-0.98,132.10178,7.648,FALSE,"[M+H]+1","CC(C)C(CC(=O)O)N","GLUJNGJDHCTUJY-UHFFFAOYSA-N","Organic acids and derivatives","Carboxylic acids and derivatives","Amino acids, peptides, and analogues",NA,193411,"CHEBI:72772","HMDB0245808",NA,"5699-54-7",2176992.42295458,1476527.90515498,67.8242096566905,5643559.09576081,1435515.53727175,"Amide","Pos",1
"Amide-Neg-000015","Dehydroascorbic acid","C6 H6 O6",174.01644,87,"MoNA",44487,0.15,173.00919,3.238,FALSE,"[M-H]-1","C([C@@H]([C@@H]1C(=O)C(=O)C(=O)O1)O)O","SBJKKFFYIZUCET-JLAZNSOCSA-N","Organoheterocyclic compounds","Lactones","Gamma butyrolactones","kegg:map00350",440667,"CHEBI:27956","HMDB0001264","C05422","490-83-5",42552149.5816085,16077399.8978115,37.7828148657392,67670227.9464559,44654729.8852491,"Amide","Neg",1
"Amide-Neg-000070","Dehydroascorbic acid","C6 H6 O6",174.01644,87,"MoNA",44487,-0.01,208.98584,4.917,FALSE,"[M+Cl]-1","C([C@@H]([C@@H]1C(=O)C(=O)C(=O)O1)O)O","SBJKKFFYIZUCET-JLAZNSOCSA-N","Organoheterocyclic compounds","Lactones","Gamma butyrolactones","kegg:map00350",440667,"CHEBI:27956","HMDB0001264","C05422","490-83-5",11498075.7775602,9772801.16104269,84.9951013552666,18408489.7497213,11498075.7775602,"Amide","Neg",1
"C18-Neg-000018","Dehydroascorbic acid","C6 H6 O6",174.01644,82.9,"MoNA",44487,0.54,173.00926,1.353,FALSE,"[M-H]-1","C([C@@H]([C@@H]1C(=O)C(=O)C(=O)O1)O)O","SBJKKFFYIZUCET-JLAZNSOCSA-N","Organoheterocyclic compounds","Lactones","Gamma butyrolactones","kegg:map00350",440667,"CHEBI:27956","HMDB0001264","C05422","490-83-5",11727113.7284139,11252910.4048425,95.9563509440306,35020224.5872181,8494336.2523993,"C18","Neg",1
"C18-Neg-000224","Deoxycholic acid","C24 H40 O4",392.29266,70.2,"mzCloud",388,0.76,391.28571,15.37,FALSE,"[M-H]-1","O=C(O)CCC(C4CCC3C2C(C1(C)CCC(O)CC1CC2)CC(O)C34C)C","KXGVEGMKQFWNSR-LLQZFEROSA-N","Lipids and lipid-like molecules","Steroids and steroid derivatives","Bile acids, alcohols and derivatives","kegg:map00120;reactome:R-HSA-159418;reactome:R-HSA-192105;reactome:R-HSA-193368;reactome:R-HSA-193807;reactome:R-HSA-194068;reactome:R-HSA-1989781;reactome:R-HSA-211976;reactome:R-HSA-400206;wiki:WP1788;wiki:WP2289;wiki:WP2797",222528,"CHEBI:28834","HMDB0000626","C04483","83-44-3",135094.092328424,NA,NA,135094.092328424,135094.092328424,"C18","Neg",1
"C8-Neg-000068","Deoxycholic acid","C24 H40 O4",392.29266,51.8,"mzCloud",388,-0.98,391.285,4.583,FALSE,"[M-H]-1","O=C(O)CCC(C4CCC3C2C(C1(C)CCC(O)CC1CC2)CC(O)C34C)C","KXGVEGMKQFWNSR-LLQZFEROSA-N","Lipids and lipid-like molecules","Steroids and steroid derivatives","Bile acids, alcohols and derivatives","kegg:map00120;reactome:R-HSA-159418;reactome:R-HSA-192105;reactome:R-HSA-193368;reactome:R-HSA-193807;reactome:R-HSA-194068;reactome:R-HSA-1989781;reactome:R-HSA-211976;reactome:R-HSA-400206;wiki:WP1788;wiki:WP2289;wiki:WP2797",222528,"CHEBI:28834","HMDB0000626","C04483","83-44-3",2342532.69541979,3220565.35530358,137.482194447085,4619816.29740941,2342532.69541979,"C8","Neg",1
"Amide-Neg-000120","Diacetyl","C4 H6 O2",86.03678,100,"mzCloud",130,-0.25,85.0295,2.305,FALSE,"[M-H]-1","CC(=O)C(=O)C","QSJXEFYPDANLFS-UHFFFAOYSA-N","Organic oxygen compounds","Organooxygen compounds","Carbonyl compounds","kegg:map00250;reactome:R-HSA-156584;reactome:R-HSA-1834949;reactome:R-HSA-212300;reactome:R-HSA-3134975;reactome:R-HSA-3248023;reactome:R-HSA-427413;reactome:R-HSA-499943;reactome:R-HSA-5221030;reactome:R-HSA-5250941;reactome:R-HSA-5334118;reactome:R-HSA-73728;reactome:R-HSA-73854;reactome:R-HSA-73864;reactome:R-HSA-74217;reactome:R-HSA-74259;reactome:R-HSA-8956319;reactome:R-HSA-8956321;reactome:R-HSA-8963693;reactome:R-HSA-8964539;reactome:R-HSA-9816359;reactome:R-HSA-9821002;wiki:WP2794;wiki:WP3585;wiki:WP4042;wiki:WP4059;wiki:WP4082;wiki:WP4224;wiki:WP4519;wiki:WP4792;wiki:WP4979;wiki:WP4992;wiki:WP5269;wiki:WP5365",650,"CHEBI:16583","HMDB0003407","C00741","431-03-8",6546489.23965334,2897599.95829419,44.261891408037,15661934.9438447,5941472.10838807,"Amide","Neg",1
"Amide-Neg-000194","Diacetyl","C4 H6 O2",86.03678,100,"mzCloud",130,-1.06,85.02942,8.503,FALSE,"[M-H]-1","CC(=O)C(=O)C","QSJXEFYPDANLFS-UHFFFAOYSA-N","Organic oxygen compounds","Organooxygen compounds","Carbonyl compounds","kegg:map00250;reactome:R-HSA-156584;reactome:R-HSA-1834949;reactome:R-HSA-212300;reactome:R-HSA-3134975;reactome:R-HSA-3248023;reactome:R-HSA-427413;reactome:R-HSA-499943;reactome:R-HSA-5221030;reactome:R-HSA-5250941;reactome:R-HSA-5334118;reactome:R-HSA-73728;reactome:R-HSA-73854;reactome:R-HSA-73864;reactome:R-HSA-74217;reactome:R-HSA-74259;reactome:R-HSA-8956319;reactome:R-HSA-8956321;reactome:R-HSA-8963693;reactome:R-HSA-8964539;reactome:R-HSA-9816359;reactome:R-HSA-9821002;wiki:WP2794;wiki:WP3585;wiki:WP4042;wiki:WP4059;wiki:WP4082;wiki:WP4224;wiki:WP4519;wiki:WP4792;wiki:WP4979;wiki:WP4992;wiki:WP5269;wiki:WP5365",650,"CHEBI:16583","HMDB0003407","C00741","431-03-8",3392650.93447388,1853694.33740464,54.6385223003232,8744152.51902853,3125403.31717204,"Amide","Neg",1
"Amide-Pos-000273","Diacetyl","C4 H6 O2",86.03678,80.9,"NIST23",5464,-1.31,87.04394,6.748,FALSE,"[M+H]+1","CC(=O)C(C)=O","QSJXEFYPDANLFS-UHFFFAOYSA-N","Organic oxygen compounds","Organooxygen compounds","Carbonyl compounds","kegg:map00250;reactome:R-HSA-156584;reactome:R-HSA-1834949;reactome:R-HSA-212300;reactome:R-HSA-3134975;reactome:R-HSA-3248023;reactome:R-HSA-427413;reactome:R-HSA-499943;reactome:R-HSA-5221030;reactome:R-HSA-5250941;reactome:R-HSA-5334118;reactome:R-HSA-73728;reactome:R-HSA-73854;reactome:R-HSA-73864;reactome:R-HSA-74217;reactome:R-HSA-74259;reactome:R-HSA-8956319;reactome:R-HSA-8956321;reactome:R-HSA-8963693;reactome:R-HSA-8964539;reactome:R-HSA-9816359;reactome:R-HSA-9821002;wiki:WP2794;wiki:WP3585;wiki:WP4042;wiki:WP4059;wiki:WP4082;wiki:WP4224;wiki:WP4519;wiki:WP4792;wiki:WP4979;wiki:WP4992;wiki:WP5269;wiki:WP5365",650,"CHEBI:16583","HMDB0003407","C00741","431-03-8",1010387.02796392,1538031.52096104,152.222017741102,7005249.91814324,572572.310962479,"Amide","Pos",1
"C8-Pos-000259","Dibutyl sebacate","C18 H34 O4",314.24571,71.5,"mzCloud",2658,-0.27,315.2529,7.139,FALSE,"[M+H]+1","CCCCOC(=O)CCCCCCCCC(=O)OCCCC","PYGXAGIECVVIOZ-UHFFFAOYSA-N","Lipids and lipid-like molecules","Fatty Acyls","Fatty acid esters",NA,7986,"CHEBI:165632","HMDB0041220",NA,NA,618229.642162363,1209364.70302547,195.617392073843,6165185.87304804,276685.272206469,"C8","Pos",0
"C8-Pos-000351","Dibutyl sebacate","C18 H34 O4",314.24571,71.5,"mzCloud",2658,0.32,315.25309,4.783,FALSE,"[M+H]+1","CCCCOC(=O)CCCCCCCCC(=O)OCCCC","PYGXAGIECVVIOZ-UHFFFAOYSA-N","Lipids and lipid-like molecules","Fatty Acyls","Fatty acid esters",NA,7986,"CHEBI:165632","HMDB0041220",NA,NA,603455.662929613,748354.220819362,124.011467087127,3306034.53480943,300445.662519497,"C8","Pos",0
"C8-Pos-000414","Didodecyl 3,3'-thiodipropionate dioxide","C30 H58 O6 S",546.39541,63.2,"NIST23",2241,-0.26,547.40266,7.364,FALSE,"[M+H]+1","CCCCCCCCCCCCOC(=O)CCS(=O)(=O)CCC(=O)OCCCCCCCCCCCC","UMPQTYNTXDMGCO-UHFFFAOYSA-N","Organic acids and derivatives","Carboxylic acids and derivatives","Dicarboxylic acids and derivatives",NA,520303,NA,NA,NA,"27326-27-8",836105.586288844,488406.861470749,58.4144956665823,2040032.53029496,665977.691500346,"C8","Pos",0
"C8-Pos-000424","Didodecyl 3,3'-thiodipropionate dioxide","C30 H58 O6 S",546.39541,63.2,"NIST23",2241,0.24,547.40282,5.851,FALSE,"[M+H]+1","CCCCCCCCCCCCOC(=O)CCS(=O)(=O)CCC(=O)OCCCCCCCCCCCC","UMPQTYNTXDMGCO-UHFFFAOYSA-N","Organic acids and derivatives","Carboxylic acids and derivatives","Dicarboxylic acids and derivatives",NA,520303,NA,NA,NA,"27326-27-8",892179.650107296,804267.516293489,90.1463641539869,1899172.20844969,728881.162562503,"C8","Pos",0
"C18-Neg-000088","Dihydrorobinetin","C15 H12 O7",304.0583,70.8,"NIST23",10249,-1.81,303.05048,4.134,FALSE,"[M-H]-1","O=C1c2ccc(O)cc2O[C@H](c2cc(O)c(O)c(O)c2)[C@H]1O","VSJCDPYIMBSOKN-LSDHHAIUSA-N","Phenylpropanoids and polyketides","Flavonoids","Flavans",NA,6708707,NA,NA,NA,"4382-33-6",1610778.84395017,NA,NA,1610778.84395017,1610778.84395017,"C18","Neg",0
"C18-Neg-000223","Dihydrorobinetin","C15 H12 O7",304.0583,70.8,"NIST23",10249,-1.81,303.05048,3.494,FALSE,"[M-H]-1","O=C1c2ccc(O)cc2O[C@H](c2cc(O)c(O)c(O)c2)[C@H]1O","VSJCDPYIMBSOKN-LSDHHAIUSA-N","Phenylpropanoids and polyketides","Flavonoids","Flavans",NA,6708707,NA,NA,NA,"4382-33-6",70413.5230973712,51519.3113066031,73.1667853564999,148284.366944152,48385.8969963558,"C18","Neg",0
"Amide-Pos-000143","Dihydrothymine","C5 H8 N2 O2",128.05858,70.5,"mzCloud",398,-1.05,112.03916,5.792,FALSE,"[M+H-NH3]+1","CC1CNC(=O)NC1=O","NBAKTGXDIBVZOO-UHFFFAOYSA-N","Organoheterocyclic compounds","Diazines","Pyrimidines and pyrimidine derivatives","reactome:R-HSA-73621;reactome:R-HSA-8956319;wiki:WP4042;wiki:WP4225;wiki:WP4584",93556,"CHEBI:27468","HMDB0304210","C00906","696-04-8",13152427.7534945,5056637.57155994,38.4464196750022,22820444.8777162,12511965.9715567,"Amide","Pos",0
"Amide-Pos-000328","Dihydrothymine","C5 H8 N2 O2",128.05858,70.5,"mzCloud",398,-0.89,129.06575,12.757,FALSE,"[M+H]+1","CC1CNC(=O)NC1=O","NBAKTGXDIBVZOO-UHFFFAOYSA-N","Organoheterocyclic compounds","Diazines","Pyrimidines and pyrimidine derivatives","reactome:R-HSA-73621;reactome:R-HSA-8956319;wiki:WP4042;wiki:WP4225;wiki:WP4584",93556,"CHEBI:27468","HMDB0304210","C00906","696-04-8",2914018.76606862,543817.10552186,18.6621003218705,4099144.55424541,2792527.54929987,"Amide","Pos",0
"Amide-Neg-000418","Dioctyl sulfosuccinate","C20 H38 O7 S",422.23382,75,"NIST23",13278,0.68,421.22683,0.717,FALSE,"[M-H]-1","CCCCC(CC)COC(=O)CC(C(=O)OCC(CC)CCCC)S(=O)(=O)O","HNSDLXPSAYFUHK-UHFFFAOYSA-N","Lipids and lipid-like molecules","Fatty Acyls","Fatty acid esters","kegg:map00592;reactome:R-HSA-2980736;reactome:R-HSA-381771;reactome:R-HSA-400508;reactome:R-HSA-444209;reactome:R-HSA-9018683;reactome:R-HSA-9025094;reactome:R-HSA-9026286;reactome:R-HSA-9026290;reactome:R-HSA-9027604;wiki:WP2728;wiki:WP4438;wiki:WP4444;wiki:WP4586;wiki:WP4723;wiki:WP4853;wiki:WP5122;wiki:WP5321",11339,"CHEBI:534",NA,"C07874","10041-19-7",401014.337699545,327931.161360189,81.7754206099952,1551506.28320223,274788.517294576,"Amide","Neg",1
"C8-Pos-000403","Dioctyl sulfosuccinate","C20 H38 O7 S",422.23382,77,"NIST23",13278,-0.39,440.26748,4.597,FALSE,"[M+NH4]+1","CCCCC(CC)COC(=O)CC(C(=O)OCC(CC)CCCC)S(=O)(=O)O","HNSDLXPSAYFUHK-UHFFFAOYSA-N","Lipids and lipid-like molecules","Fatty Acyls","Fatty acid esters","kegg:map00592;reactome:R-HSA-2980736;reactome:R-HSA-381771;reactome:R-HSA-400508;reactome:R-HSA-444209;reactome:R-HSA-9018683;reactome:R-HSA-9025094;reactome:R-HSA-9026286;reactome:R-HSA-9026290;reactome:R-HSA-9027604;wiki:WP2728;wiki:WP4438;wiki:WP4444;wiki:WP4586;wiki:WP4723;wiki:WP4853;wiki:WP5122;wiki:WP5321",11339,"CHEBI:534",NA,"C07874","10041-19-7",1506026.22342847,600743.844141704,39.8893349130475,2207353.82182533,1662743.32299597,"C8","Pos",1
"C8-Neg-000002","Docosahexaenoic acid","C22 H32 O2",328.24023,98.7,"mzCloud",6801,-1.14,327.23258,5.354,FALSE,"[M-H]-1","CCC=CCC=CCC=CCC=CCC=CCC=CCCC(=O)O","MBMBGCFOFBJSGT-KUBAVDMBSA-N","Lipids and lipid-like molecules","Fatty Acyls","Fatty acids and conjugates","kegg:map00592;reactome:R-HSA-2046104;reactome:R-HSA-2046106;reactome:R-HSA-2980736;reactome:R-HSA-381771;reactome:R-HSA-400508;reactome:R-HSA-444209;reactome:R-HSA-9018677;reactome:R-HSA-9018682;reactome:R-HSA-9027307;reactome:R-HSA-9027604;wiki:WP2724;wiki:WP2728;wiki:WP4439;wiki:WP4444;wiki:WP4723",445580,"CHEBI:28125","HMDB0002183","C06429","6217-54-5",57142078.9037053,21941109.947432,38.3974653501962,116950937.870545,56636902.0131092,"C8","Neg",1
"C8-Neg-000124","Docosahexaenoic acid","C22 H32 O2",328.24023,98.7,"mzCloud",6801,-0.81,327.23273,5.57,FALSE,"[M-H]-1","CCC=CCC=CCC=CCC=CCC=CCC=CCCC(=O)O","MBMBGCFOFBJSGT-KUBAVDMBSA-N","Lipids and lipid-like molecules","Fatty Acyls","Fatty acids and conjugates","kegg:map00592;reactome:R-HSA-2046104;reactome:R-HSA-2046106;reactome:R-HSA-2980736;reactome:R-HSA-381771;reactome:R-HSA-400508;reactome:R-HSA-444209;reactome:R-HSA-9018677;reactome:R-HSA-9018682;reactome:R-HSA-9027307;reactome:R-HSA-9027604;wiki:WP2724;wiki:WP2728;wiki:WP4439;wiki:WP4444;wiki:WP4723",445580,"CHEBI:28125","HMDB0002183","C06429","6217-54-5",1062776.9832652,477265.066212013,44.9073581501266,2161938.97998899,1020465.75761363,"C8","Neg",1
"C8-Pos-000560","Docosahexaenoic acid","C22 H32 O2",328.24023,63,"mzCloud",6801,0.17,329.24784,5.356,FALSE,"[M+H]+1","CCC=CCC=CCC=CCC=CCC=CCC=CCCC(=O)O","MBMBGCFOFBJSGT-KUBAVDMBSA-N","Lipids and lipid-like molecules","Fatty Acyls","Fatty acids and conjugates","kegg:map00592;reactome:R-HSA-2046104;reactome:R-HSA-2046106;reactome:R-HSA-2980736;reactome:R-HSA-381771;reactome:R-HSA-400508;reactome:R-HSA-444209;reactome:R-HSA-9018677;reactome:R-HSA-9018682;reactome:R-HSA-9027307;reactome:R-HSA-9027604;wiki:WP2724;wiki:WP2728;wiki:WP4439;wiki:WP4444;wiki:WP4723",445580,"CHEBI:28125","HMDB0002183","C06429","6217-54-5",381472.635501659,185193.76559063,48.5470642860371,747158.431287069,317578.887476671,"C8","Pos",1
"C8-Neg-000004","Docosapentaenoic acid","C22 H34 O2",330.25588,95,"mzCloud",6893,-1.14,329.24823,5.649,FALSE,"[M-H]-1","CCC=CCC=CCC=CCC=CCC=CCCCCCC(=O)O","YUFFSWGQGVEMMI-JLNKQSITSA-N","Lipids and lipid-like molecules","Fatty Acyls","Fatty acids and conjugates","kegg:map00592;reactome:R-HSA-2980736;reactome:R-HSA-381771;reactome:R-HSA-400508;reactome:R-HSA-444209;reactome:R-HSA-9018683;reactome:R-HSA-9025094;reactome:R-HSA-9026286;reactome:R-HSA-9026290;reactome:R-HSA-9027604;wiki:WP2728;wiki:WP4438;wiki:WP4444;wiki:WP4723",5497182,"CHEBI:53488","HMDB0006528","C16513","24880-45-3",32532678.1625716,14029338.2048596,43.1238342406135,76283492.8330744,28894166.9698807,"C8","Neg",0
"C8-Neg-000136","Docosapentaenoic acid","C22 H34 O2",330.25588,95,"mzCloud",6893,-1.08,329.24825,5.531,FALSE,"[M-H]-1","CCC=CCC=CCC=CCC=CCC=CCCCCCC(=O)O","YUFFSWGQGVEMMI-JLNKQSITSA-N","Lipids and lipid-like molecules","Fatty Acyls","Fatty acids and conjugates","kegg:map00592;reactome:R-HSA-2980736;reactome:R-HSA-381771;reactome:R-HSA-400508;reactome:R-HSA-444209;reactome:R-HSA-9018683;reactome:R-HSA-9025094;reactome:R-HSA-9026286;reactome:R-HSA-9026290;reactome:R-HSA-9027604;wiki:WP2728;wiki:WP4438;wiki:WP4444;wiki:WP4723",5497182,"CHEBI:53488","HMDB0006528","C16513","24880-45-3",996765.36464274,432052.19256842,43.3454259040467,1841728.4433584,982342.978426538,"C8","Neg",0
"C8-Pos-000299","Docosapentaenoic acid methyl ester","C23 H36 O2",344.27153,78.9,"mzCloud",6922,0.04,345.27885,6.226,FALSE,"[M+H]+1","CCC=CCC=CCC=CCC=CCC=CCCCCCC(=O)OC","PTFHIRHGARALFY-JEBPEJKESA-N","Lipids and lipid-like molecules","Fatty Acyls","Fatty acid esters",NA,14122980,NA,NA,NA,"108698-02-8",3646951.70782326,914857.201788692,25.0855310155653,4602930.46312525,4129322.49924944,"C8","Pos",0
"C8-Pos-000458","Docosapentaenoic acid methyl ester","C23 H36 O2",344.27153,78.9,"mzCloud",6922,-0.42,362.30521,6.107,FALSE,"[M+NH4]+1","CCC=CCC=CCC=CCC=CCC=CCCCCCC(=O)OC","PTFHIRHGARALFY-JEBPEJKESA-N","Lipids and lipid-like molecules","Fatty Acyls","Fatty acid esters",NA,14122980,NA,NA,NA,"108698-02-8",788145.320310861,318973.337311408,40.4713863156097,1442250.11568023,745004.236686053,"C8","Pos",0
"Amide-Pos-000313","Dodecanamide,N-[3-(dimethyloxidoamino)propyl]","C17 H36 N2 O2",300.27768,87.4,"NIST23",47596,-1.27,301.28457,7.271,FALSE,"[M+H]+1","CCCCCCCCCCCC(=O)NCCC[N+](C)(C)[O-]","JNGWKQJZIUZUPR-UHFFFAOYSA-N","Lipids and lipid-like molecules","Fatty Acyls","Fatty amides",NA,94599,NA,NA,NA,"61792-31-2",596986.53320588,1382527.88154253,231.584433591527,4722696.38227766,95471.1545282413,"Amide","Pos",1
"C18-Pos-000172","Dodecanamide,N-[3-(dimethyloxidoamino)propyl]","C17 H36 N2 O2",300.27768,80.5,"NIST23",19617,-1.11,301.28462,12.912,FALSE,"[M+H]+1","CCCCCCCCCCCC(=O)NCCC[N+](C)(C)[O-]","JNGWKQJZIUZUPR-UHFFFAOYSA-N","Lipids and lipid-like molecules","Fatty Acyls","Fatty amides",NA,94599,NA,NA,NA,"61792-31-2",385748.98618613,1124628.27072992,291.544063886993,5624773.19028862,117015.720986448,"C18","Pos",1
"C8-Pos-000388","Dodecanamide,N-[3-(dimethyloxidoamino)propyl]","C17 H36 N2 O2",300.27768,84.2,"NIST23",19617,-0.3,301.28487,4.193,FALSE,"[M+H]+1","CCCCCCCCCCCC(=O)NCCC[N+](C)(C)[O-]","JNGWKQJZIUZUPR-UHFFFAOYSA-N","Lipids and lipid-like molecules","Fatty Acyls","Fatty amides",NA,94599,NA,NA,NA,"61792-31-2",942595.80049337,650236.093878988,68.9835551504307,2385965.01269025,611196.847653426,"C8","Pos",1
"C8-Pos-000438","Dodecanedioic acid","C12 H22 O4",230.15181,68.3,"NIST23",155,-0.12,231.15911,3.761,FALSE,"[M+H]+1","O=C(O)CCCCCCCCCCC(=O)O","TVIDDXQYHWJXFK-UHFFFAOYSA-N","Lipids and lipid-like molecules","Fatty Acyls","Fatty acids and conjugates","wiki:WP206",12736,"CHEBI:4676","HMDB0000623","C02678","693-23-2",181986.601544844,131601.817476035,72.3140145257379,459187.283122633,162055.936711494,"C8","Pos",0
"C8-Pos-000713","Dodecanedioic acid","C12 H22 O4",230.15181,68.3,"NIST23",155,-0.42,231.15908,3.639,FALSE,"[M+H]+1","O=C(O)CCCCCCCCCCC(=O)O","TVIDDXQYHWJXFK-UHFFFAOYSA-N","Lipids and lipid-like molecules","Fatty Acyls","Fatty acids and conjugates","wiki:WP206",12736,"CHEBI:4676","HMDB0000623","C02678","693-23-2",51258.8241077628,25685.4782125708,50.10937855026,98913.8945579146,51997.0376595035,"C8","Pos",0
"Amide-Pos-000407","Dodecyltrimethylammonium","C15 H33 N",227.2613,90.2,"mzCloud",2830,-1.44,228.26825,4.449,FALSE,"[M+H]+1","CCCCCCCCCCCC[N+](C)(C)C","VICYBMUVWHJEFT-UHFFFAOYSA-N","Organic nitrogen compounds","Organonitrogen compounds","Quaternary ammonium salts",NA,8153,"CHEBI:41378",NA,NA,"10182-91-9",578498.473385335,465066.992603747,80.3920864098752,1482875.02117287,458875.25489549,"Amide","Pos",1
"C18-Pos-000157","Dodecyltrimethylammonium","C15 H33 N",227.2613,62,"mzCloud",2830,-0.95,228.26836,13.255,FALSE,"[M+H]+1","CCCCCCCCCCCC[N+](C)(C)C","VICYBMUVWHJEFT-UHFFFAOYSA-N","Organic nitrogen compounds","Organonitrogen compounds","Quaternary ammonium salts",NA,8153,"CHEBI:41378",NA,NA,"10182-91-9",7436100.25990868,277569.694750885,3.73273201072055,7972401.01690354,7403561.65077412,"C18","Pos",1
"Amide-Neg-000313","Dulcitol","C6 H14 O6",182.07904,90.3,"mzCloud",1183,-0.26,181.07172,7.776,FALSE,"[M-H]-1","C(C(C(C(C(CO)O)O)O)O)O","FBPFZTCFMRRESA-GUCUJZIJSA-N","Organic oxygen compounds","Organooxygen compounds","Carbohydrates and carbohydrate conjugates","kegg:map00052;wiki:WP5173",11850,"CHEBI:16813","HMDB0000107",NA,NA,1434991.51819282,794776.185317141,55.3854273869197,3542310.85304763,1144997.4926493,"Amide","Neg",0
"Amide-Neg-000511","Dulcitol","C6 H14 O6",182.07904,90.3,"mzCloud",1183,-0.41,181.07169,9.135,FALSE,"[M-H]-1","C(C(C(C(C(CO)O)O)O)O)O","FBPFZTCFMRRESA-GUCUJZIJSA-N","Organic oxygen compounds","Organooxygen compounds","Carbohydrates and carbohydrate conjugates","kegg:map00052;wiki:WP5173",11850,"CHEBI:16813","HMDB0000107",NA,NA,404981.757450487,180352.255476428,44.5334270392359,823562.138303738,352160.793188779,"Amide","Neg",0
"C18-Pos-000055","Erucamide","C22 H43 N O",337.33447,94,"mzCloud",282,-1.33,338.34129,18.823,FALSE,"[M+H]+1","O=C(N)CCCCCCCCCCC\C=C/CCCCCCCC","UAUDZVJPLUQNMU-KTKRTIGZSA-N","Lipids and lipid-like molecules","Fatty Acyls","Fatty amides",NA,5365371,"CHEBI:142245",NA,NA,"112-84-5",13584873.4023389,11214968.6510982,82.5548263789289,54771978.6674511,8317047.89128372,"C18","Pos",1
"C8-Pos-000003","Erucamide","C22 H43 N O",337.33447,95.5,"mzCloud",282,-0.72,338.34151,6.412,FALSE,"[M+H]+1","O=C(N)CCCCCCCCCCC\C=C/CCCCCCCC","UAUDZVJPLUQNMU-KTKRTIGZSA-N","Lipids and lipid-like molecules","Fatty Acyls","Fatty amides",NA,5365371,"CHEBI:142245",NA,NA,"112-84-5",900040937.955584,364968651.641214,40.5502279118802,1569123251.82329,848890979.304453,"C8","Pos",1
"C8-Pos-000305","Erucamide","C22 H43 N O",337.33447,95.5,"mzCloud",282,-0.66,338.34156,14.441,FALSE,"[M+H]+1","O=C(N)CCCCCCCCCCC\C=C/CCCCCCCC","UAUDZVJPLUQNMU-KTKRTIGZSA-N","Lipids and lipid-like molecules","Fatty Acyls","Fatty amides",NA,5365371,"CHEBI:142245",NA,NA,"112-84-5",3008955.68491664,753162.927948685,25.0307085519457,3541522.29860747,3008955.68491664,"C8","Pos",1
"Amide-Neg-000111","Ethyl myristate","C16 H32 O2",256.24023,99.1,"mzCloud",2599,0.03,255.23296,1.105,FALSE,"[M-H]-1","CCCCCCCCCCCCCC(=O)OCC","MMKRHZKQPFCLLS-UHFFFAOYSA-N","Lipids and lipid-like molecules","Fatty Acyls","Fatty acid esters",NA,31283,"CHEBI:84849","HMDB0034153",NA,"124-06-1",7846162.88503628,2940791.4211059,37.4806317966506,17347270.0459275,7617745.67530286,"Amide","Neg",1
"Amide-Neg-000238","Ethyl myristate","C16 H32 O2",256.24023,99.1,"mzCloud",2599,0.15,255.23299,1.23,FALSE,"[M-H]-1","CCCCCCCCCCCCCC(=O)OCC","MMKRHZKQPFCLLS-UHFFFAOYSA-N","Lipids and lipid-like molecules","Fatty Acyls","Fatty acid esters",NA,31283,"CHEBI:84849","HMDB0034153",NA,"124-06-1",2911107.21292639,204766.969196044,7.03398927689106,3119197.5372635,2904290.25840197,"Amide","Neg",1
"C8-Pos-000162","Ethyl myristate","C16 H32 O2",256.24023,75.7,"mzCloud",2599,-0.64,257.24734,5.293,FALSE,"[M+H]+1","CCCCCCCCCCCCCC(=O)OCC","MMKRHZKQPFCLLS-UHFFFAOYSA-N","Lipids and lipid-like molecules","Fatty Acyls","Fatty acid esters",NA,31283,"CHEBI:84849","HMDB0034153",NA,"124-06-1",13409437.3858395,742252.557092351,5.5352997723542,14807251.2001229,13414526.0882303,"C8","Pos",1
"C8-Pos-000210","Ethyl palmitoleate","C18 H34 O2",282.25588,65.4,"mzCloud",6589,0.09,283.26318,4.804,FALSE,"[M+H]+1","CCCCCCC=CCCCCCCCC(=O)OCC","JELGPLUONQGOHF-KTKRTIGZSA-N","Lipids and lipid-like molecules","Fatty Acyls","Fatty acid esters",NA,6436624,"CHEBI:84934",NA,NA,"56219-10-4",2668667.07031516,1318822.24818515,49.4187627544488,8390233.17650329,2367737.32243323,"C8","Pos",0
"C8-Pos-000290","Ethyl palmitoleate","C18 H34 O2",282.25588,65.4,"mzCloud",6589,-0.1,283.26316,5.508,FALSE,"[M+H]+1","CCCCCCC=CCCCCCCCC(=O)OCC","JELGPLUONQGOHF-KTKRTIGZSA-N","Lipids and lipid-like molecules","Fatty Acyls","Fatty acid esters",NA,6436624,"CHEBI:84934",NA,NA,"56219-10-4",4131650.92234775,580998.321651911,14.0621347875577,4984947.76558843,4043558.34712262,"C8","Pos",0
"Amide-Neg-000542","Ethylene glycol tetradecyl ether sulfate","C16 H34 O5 S",338.21269,69.9,"NIST23",2222,0.36,337.20554,0.742,FALSE,"[M-H]-1","CCCCCCCCCCCCCCOCCOS(=O)(=O)O","SWPLMYYBIPGCRH-UHFFFAOYSA-N","Organic acids and derivatives","Organic sulfuric acids and derivatives","Sulfuric acid esters",NA,10215328,NA,NA,NA,"65086-79-5",196270.301076392,150135.072775525,76.4940349875397,624524.925471137,160506.877043241,"Amide","Neg",1
"C8-Neg-000116","Ethylene glycol tetradecyl ether sulfate","C16 H34 O5 S",338.21269,53.1,"NIST23",2222,-0.96,337.2051,4.633,FALSE,"[M-H]-1","CCCCCCCCCCCCCCOCCOS(=O)(=O)O","SWPLMYYBIPGCRH-UHFFFAOYSA-N","Organic acids and derivatives","Organic sulfuric acids and derivatives","Sulfuric acid esters",NA,10215328,NA,NA,NA,"65086-79-5",339082.157058863,431310.245455254,127.199333989249,2293381.11680901,231471.788395883,"C8","Neg",1
"Amide-Neg-000374","Ethylmalonic acid","C5 H8 O4",132.04226,91.1,"mzCloud",1188,-1.04,131.03484,8.845,FALSE,"[M-H]-1","CCC(C(=O)O)C(=O)O","UKFXDFUAPNAMPJ-UHFFFAOYSA-N","Lipids and lipid-like molecules","Fatty Acyls","Fatty acids and conjugates","wiki:WP4686",11756,"CHEBI:741548","HMDB0000622",NA,"601-75-2",1041473.54560245,689161.36144224,66.1717586924965,2113862.10621862,907027.520186814,"Amide","Neg",0
"Amide-Neg-000537","Ethylmalonic acid","C5 H8 O4",132.04226,91.1,"mzCloud",1188,-0.5,131.03492,12.466,FALSE,"[M-H]-1","CCC(C(=O)O)C(=O)O","UKFXDFUAPNAMPJ-UHFFFAOYSA-N","Lipids and lipid-like molecules","Fatty Acyls","Fatty acids and conjugates","wiki:WP4686",11756,"CHEBI:741548","HMDB0000622",NA,"601-75-2",333960.878772672,148784.023275666,44.5513330251307,648891.38175539,285382.043476243,"Amide","Neg",0
"C8-Pos-000636","Ethylmorphine","C19 H23 N O3",313.16779,55.3,"mzCloud",2089,-0.17,314.17502,3.743,FALSE,"[M+H]+1","CCOC1=C2C3=C(CC4C5C3(CCN4C)C(O2)C(C=C5)O)C=C1","OGDVEMNWJVYAJL-LEPYJNQMSA-N","Alkaloids and derivatives","Morphinans",NA,"reactome:R-HSA-1660662;reactome:R-HSA-4085001;reactome:R-HSA-428643;reactome:R-HSA-446219;reactome:R-HSA-975576;reactome:R-HSA-975577;reactome:R-HSA-9840310;wiki:WP3363;wiki:WP5151",5359271,"CHEBI:4902","HMDB0015509","C07537","76-58-4",104608.015496061,80605.4246687306,77.0547307359688,383557.948488842,82564.2900641177,"C8","Pos",0
"C8-Pos-000688","Ethylmorphine","C19 H23 N O3",313.16779,55.4,"NIST23",5069,0.13,314.17504,3.9,FALSE,"[M+H]+1","CCOc1ccc2c3c1O[C@H]1[C@@H](O)C=C[C@H]4[C@@H](C2)N(C)CC[C@@]341","OGDVEMNWJVYAJL-LEPYJNQMSA-N","Alkaloids and derivatives","Morphinans",NA,"reactome:R-HSA-1660662;reactome:R-HSA-4085001;reactome:R-HSA-428643;reactome:R-HSA-446219;reactome:R-HSA-975576;reactome:R-HSA-975577;reactome:R-HSA-9840310;wiki:WP3363;wiki:WP5151",5359271,"CHEBI:4902","HMDB0015509","C07537","76-58-4",71848.6747516063,49150.104078671,68.4078088407221,198158.997556977,47630.8941403415,"C8","Pos",0
"C18-Neg-000213","Galacturonate 1-phosphate","C6 H11 O10 P",274.00898,82.2,"MoNA",16712,0.07,273.00173,1.479,FALSE,"[M-H]-1","[C@@H]1([C@H]([C@H](O[C@@H]([C@@H]1O)OP(=O)(O)O)C(=O)O)O)O","AIQDYKMWENWVQJ-DTEWXJGMSA-N","Organic oxygen compounds","Organooxygen compounds","Carbohydrates and carbohydrate conjugates",NA,440203,"CHEBI:17543",NA,"C04037","58865-20-6",113675.681447114,67639.8406468023,59.5024721081356,264805.636591358,110501.165065524,"C18","Neg",0
"C18-Neg-000220","Galacturonate 1-phosphate","C6 H11 O10 P",274.00898,82.2,"MoNA",16712,-0.55,273.00156,1.421,FALSE,"[M-H]-1","[C@@H]1([C@H]([C@H](O[C@@H]([C@@H]1O)OP(=O)(O)O)C(=O)O)O)O","AIQDYKMWENWVQJ-DTEWXJGMSA-N","Organic oxygen compounds","Organooxygen compounds","Carbohydrates and carbohydrate conjugates",NA,440203,"CHEBI:17543",NA,"C04037","58865-20-6",58551.2980567685,43655.352577431,74.5591541541997,182474.018102714,50960.7635648967,"C18","Neg",0
"Amide-Neg-000440","Gluconic acid","C6 H12 O7",196.0583,96,"mzCloud",1226,-0.48,195.05093,11.716,FALSE,"[M-H]-1","C(C(C(C(C(C(=O)O)O)O)O)O)O","RGHNJXZEOKUKBD-SQOUGZDYSA-N","Organic oxygen compounds","Organooxygen compounds","Carbohydrates and carbohydrate conjugates",NA,10690,"CHEBI:33198","HMDB0000625","C00257","526-95-4",647634.102015397,374206.854747207,57.7805976527022,1283985.87538412,564698.941984612,"Amide","Neg",0
"Amide-Neg-000474","Gluconic acid","C6 H12 O7",196.0583,96,"mzCloud",1226,-0.56,195.05092,10.747,FALSE,"[M-H]-1","C(C(C(C(C(C(=O)O)O)O)O)O)O","RGHNJXZEOKUKBD-SQOUGZDYSA-N","Organic oxygen compounds","Organooxygen compounds","Carbohydrates and carbohydrate conjugates",NA,10690,"CHEBI:33198","HMDB0000625","C00257","526-95-4",529656.504241756,147863.243563182,27.9168182357845,1023869.54591579,510247.45469992,"Amide","Neg",0
"Amide-Neg-000063","Glutaric anhydride","C5 H6 O3",114.03169,99.1,"mzCloud",3284,-0.76,113.02433,8.51,FALSE,"[M-H]-1","C1CC(=O)OC(=O)C1","VANNPISTIUFMLH-UHFFFAOYSA-N","Organoheterocyclic compounds","Lactones","Delta valerolactones",NA,7940,"CHEBI:167482","HMDB0252815",NA,"108-55-4",14732861.630739,8798206.10857113,59.7182429937056,38688708.958617,13319115.3026809,"Amide","Neg",1
"Amide-Neg-000066","Glutaric anhydride","C5 H6 O3",114.03169,99.1,"mzCloud",3284,0.21,113.02444,2.308,FALSE,"[M-H]-1","C1CC(=O)OC(=O)C1","VANNPISTIUFMLH-UHFFFAOYSA-N","Organoheterocyclic compounds","Lactones","Delta valerolactones",NA,7940,"CHEBI:167482","HMDB0252815",NA,"108-55-4",18782719.2682372,9908654.18850042,52.7540983123599,38419461.693683,20402756.2311699,"Amide","Neg",1
"C18-Neg-000054","Glutaric anhydride","C5 H6 O3",114.03169,52.7,"mzCloud",3284,-0.32,113.02438,1.158,FALSE,"[M-H]-1","C1CC(=O)OC(=O)C1","VANNPISTIUFMLH-UHFFFAOYSA-N","Organoheterocyclic compounds","Lactones","Delta valerolactones",NA,7940,"CHEBI:167482","HMDB0252815",NA,"108-55-4",8884544.03345595,3077800.4518183,34.6421880540906,12818354.6435929,9723518.63370021,"C18","Neg",1
"C8-Neg-000085","Glutathione","C10 H17 N3 O6 S",307.08381,55,"MoNA",71683,-0.73,306.0763,1.151,FALSE,"[M-H]-1","C(CC(=O)N[C@@H](CS)C(=O)NCC(=O)O)[C@@H](C(=O)O)N","RWSXRVCMGQZWBV-WDSKDSINSA-N","Organic acids and derivatives","Carboxylic acids and derivatives","Amino acids, peptides, and analogues","kegg:map00250;kegg:map00480;kegg:map00590;kegg:map00620;reactome:R-HSA-1222499;reactome:R-HSA-1222538;reactome:R-HSA-1222556;reactome:R-HSA-156581;reactome:R-HSA-156590;reactome:R-HSA-1614517;reactome:R-HSA-1614558;reactome:R-HSA-1614635;reactome:R-HSA-174403;reactome:R-HSA-196741;reactome:R-HSA-196836;reactome:R-HSA-204174;reactome:R-HSA-2142688;reactome:R-HSA-2142691;reactome:R-HSA-2142712;reactome:R-HSA-2142770;reactome:R-HSA-2162123;reactome:R-HSA-2408499;reactome:R-HSA-2408550;reactome:R-HSA-3299685;reactome:R-HSA-499943;reactome:R-HSA-5423646;reactome:R-HSA-5579029;reactome:R-HSA-5628897;reactome:R-HSA-70268;reactome:R-HSA-71406;reactome:R-HSA-8963684;reactome:R-HSA-8963691;reactome:R-HSA-9018676;reactome:R-HSA-9018677;reactome:R-HSA-9018679;reactome:R-HSA-9018896;reactome:R-HSA-9020265;reactome:R-HSA-9023661;reactome:R-HSA-9026395;reactome:R-HSA-9026762;reactome:R-HSA-9026766;reactome:R-HSA-9635486;reactome:R-HSA-9748787;reactome:R-HSA-9753281;reactome:R-HSA-9759218;wiki:WP100;wiki:WP1438;wiki:WP1495;wiki:WP2333;wiki:WP2436;wiki:WP2525;wiki:WP2650;wiki:WP2766;wiki:WP2824;wiki:WP314;wiki:WP3287;wiki:WP3306;wiki:WP3349;wiki:WP3551;wiki:WP3574;wiki:WP4042;wiki:WP4059;wiki:WP4233;wiki:WP4290;wiki:WP4313;wiki:WP4439;wiki:WP4440;wiki:WP4487;wiki:WP4504;wiki:WP4518;wiki:WP4584;wiki:WP4900;wiki:WP4981;wiki:WP5003;wiki:WP5030;wiki:WP5171;wiki:WP5213;wiki:WP5233;wiki:WP5238;wiki:WP692",124886,"CHEBI:16856","HMDB0000125","C02471;C00051","70-18-8",1118810.98186169,1408130.74461872,125.85957480285,3571680.00111318,743021.886511145,"C8","Neg",1
"C18-Pos-000006","Glutathione, oxidized","C20 H32 N6 O12 S2",612.15196,85.4,"NIST23",459,-0.82,307.08301,2.975,FALSE,"[M+2H]+2","N[C@@H](CCC(=O)N[C@@H](CSSC[C@H](NC(=O)CC[C@H](N)C(=O)O)C(=O)NCC(=O)O)C(=O)NCC(=O)O)C(=O)O","YPZRWBKMTBYPTK-BJDJZHNGSA-N","Organic acids and derivatives","Carboxylic acids and derivatives","Amino acids, peptides, and analogues","kegg:map00250;kegg:map00480;kegg:map00590;wiki:WP100;wiki:WP2289;wiki:WP2525;wiki:WP2650;wiki:WP2824;wiki:WP3349;wiki:WP3574;wiki:WP4042;wiki:WP4059;wiki:WP4313;wiki:WP4439;wiki:WP4440;wiki:WP5233;wiki:WP692",65359,"CHEBI:17858","HMDB0003337","C00127","27025-41-8",394842641.905357,NA,NA,394842641.905357,394842641.905357,"C18","Pos",1
"C18-Pos-000013","Glutathione, oxidized","C20 H32 N6 O12 S2",612.15196,85.4,"NIST23",459,-1,307.08295,2.321,FALSE,"[M+2H]+2","N[C@@H](CCC(=O)N[C@@H](CSSC[C@H](NC(=O)CC[C@H](N)C(=O)O)C(=O)NCC(=O)O)C(=O)NCC(=O)O)C(=O)O","YPZRWBKMTBYPTK-BJDJZHNGSA-N","Organic acids and derivatives","Carboxylic acids and derivatives","Amino acids, peptides, and analogues","kegg:map00250;kegg:map00480;kegg:map00590;wiki:WP100;wiki:WP2289;wiki:WP2525;wiki:WP2650;wiki:WP2824;wiki:WP3349;wiki:WP3574;wiki:WP4042;wiki:WP4059;wiki:WP4313;wiki:WP4439;wiki:WP4440;wiki:WP5233;wiki:WP692",65359,"CHEBI:17858","HMDB0003337","C00127","27025-41-8",118537374.60611,56829151.7637081,47.9419693177334,257371665.834496,116788216.415197,"C18","Pos",1
"Amide-Neg-000616","Glutathionesulfonic acid","C10 H17 N3 O9 S",355.06855,53.3,"NIST23",21728,-0.32,354.06116,13.511,FALSE,"[M-H]-1","NC(CCC(=O)NC(CS(=O)(=O)O)C(=O)NCC(=O)O)C(=O)O","QGWRMTHFAZVWAM-UHFFFAOYSA-N","Organic acids and derivatives","Carboxylic acids and derivatives","Amino acids, peptides, and analogues",NA,3486,NA,NA,NA,"3773-07-7",40325.4265901765,14607.5771209043,36.2242345737832,83582.9185649703,37281.8583550288,"Amide","Neg",1
"Amide-Pos-000524","Glutathionesulfonic acid","C10 H17 N3 O9 S",355.06855,88.1,"NIST23",21728,-1.12,356.07543,13.547,FALSE,"[M+H]+1","NC(CCC(=O)NC(CS(=O)(=O)O)C(=O)NCC(=O)O)C(=O)O","QGWRMTHFAZVWAM-UHFFFAOYSA-N","Organic acids and derivatives","Carboxylic acids and derivatives","Amino acids, peptides, and analogues",NA,3486,NA,NA,NA,"3773-07-7",213292.877650135,69966.019033222,32.8027920125807,389740.413851386,212449.768554508,"Amide","Pos",1
"Amide-Pos-000048","Glycerophosphocholine","C8 H20 N O6 P",257.10282,97.6,"NIST23",6042,-1.16,258.10979,12.517,FALSE,"[M+H]+1","C[N+](C)(C)CCOP(=O)([O-])OC[C@H](O)CO","SUHOQUVVVLNYQR-MRVPVSSYSA-N","Organic compounds","Lipids and lipid-like molecules","Glycerophospholipids","kegg:map00830;reactome:R-HSA-1483115;reactome:R-HSA-1483255;reactome:R-HSA-6814848;wiki:WP2747;wiki:WP4195;wiki:WP4949;wiki:WP528",657272,"CHEBI:16870","HMDB0000086",NA,"28319-77-9",114120285.6028,53537815.3546415,46.9134957661972,315223369.9648,100498753.937462,"Amide","Pos",1
"Amide-Pos-000136","Glycerophosphocholine","C8 H20 N O6 P",257.10282,97.6,"NIST23",6042,-0.94,258.10986,12.757,FALSE,"[M+H]+1","C[N+](C)(C)CCOP(=O)([O-])OC[C@H](O)CO","SUHOQUVVVLNYQR-MRVPVSSYSA-N","Organic compounds","Lipids and lipid-like molecules","Glycerophospholipids","kegg:map00830;reactome:R-HSA-1483115;reactome:R-HSA-1483255;reactome:R-HSA-6814848;wiki:WP2747;wiki:WP4195;wiki:WP4949;wiki:WP528",657272,"CHEBI:16870","HMDB0000086",NA,"28319-77-9",7065986.77271105,5018669.80090719,71.0257457640504,27318482.9193105,5718885.6068607,"Amide","Pos",1
"C18-Pos-000023","Glycerophosphocholine","C8 H20 N O6 P",257.10282,97.2,"NIST23",6042,-1.12,258.1098,1.183,FALSE,"[M+H]+1","C[N+](C)(C)CCOP(=O)([O-])OC[C@H](O)CO","SUHOQUVVVLNYQR-MRVPVSSYSA-N","Organic compounds","Lipids and lipid-like molecules","Glycerophospholipids","kegg:map00830;reactome:R-HSA-1483115;reactome:R-HSA-1483255;reactome:R-HSA-6814848;wiki:WP2747;wiki:WP4195;wiki:WP4949;wiki:WP528",657272,"CHEBI:16870","HMDB0000086",NA,"28319-77-9",44691232.5524776,29459011.1453606,65.9167569629435,158546480.634644,36496547.6699263,"C18","Pos",1
"C18-Pos-000024","Glycerophosphocholine","C8 H20 N O6 P",257.10282,97.2,"NIST23",6042,-0.71,258.10992,1.344,FALSE,"[M+H]+1","C[N+](C)(C)CCOP(=O)([O-])OC[C@H](O)CO","SUHOQUVVVLNYQR-MRVPVSSYSA-N","Organic compounds","Lipids and lipid-like molecules","Glycerophospholipids","kegg:map00830;reactome:R-HSA-1483115;reactome:R-HSA-1483255;reactome:R-HSA-6814848;wiki:WP2747;wiki:WP4195;wiki:WP4949;wiki:WP528",657272,"CHEBI:16870","HMDB0000086",NA,"28319-77-9",45956701.3295178,37607997.1676968,81.833543487033,158546480.634644,36009613.2481668,"C18","Pos",1
"C8-Pos-000068","Glycerophosphocholine","C8 H20 N O6 P",257.10282,87.1,"NIST23",6042,-0.2,258.11005,0.858,FALSE,"[M+H]+1","C[N+](C)(C)CCOP(=O)([O-])OC[C@H](O)CO","SUHOQUVVVLNYQR-MRVPVSSYSA-N","Organic compounds","Lipids and lipid-like molecules","Glycerophospholipids","kegg:map00830;reactome:R-HSA-1483115;reactome:R-HSA-1483255;reactome:R-HSA-6814848;wiki:WP2747;wiki:WP4195;wiki:WP4949;wiki:WP528",657272,"CHEBI:16870","HMDB0000086",NA,"28319-77-9",19388733.6575458,10893413.4944637,56.1842443496774,60604073.4038087,16993079.0043248,"C8","Pos",1
"Amide-Neg-000053","Glycolic acid","C2 H4 O3",76.01604,99.4,"mzCloud",2713,-1.19,135.02981,10.035,FALSE,"[M-H+HAc]-1","C(C(=O)O)O","AEMRFAOFKBGASW-UHFFFAOYSA-N","Organic acids and derivatives","Hydroxy acids and derivatives","Alpha hydroxy acids and derivatives","reactome:R-HSA-389661;wiki:WP3562;wiki:WP4157;wiki:WP5166",757,"CHEBI:17497","HMDB0000115","C03547;C00160","79-14-1",14772793.9582996,11209993.6444854,75.8826913590535,31471065.6969196,13418109.3888842,"Amide","Neg",0
"Amide-Neg-000185","Glycolic acid","C2 H4 O3",76.01604,99.4,"mzCloud",2713,-0.96,75.00869,1.876,FALSE,"[M-H]-1","C(C(=O)O)O","AEMRFAOFKBGASW-UHFFFAOYSA-N","Organic acids and derivatives","Hydroxy acids and derivatives","Alpha hydroxy acids and derivatives","reactome:R-HSA-389661;wiki:WP3562;wiki:WP4157;wiki:WP5166",757,"CHEBI:17497","HMDB0000115","C03547;C00160","79-14-1",5067387.45009228,2222750.73460596,43.8638402233381,9772164.06418677,4960318.59638273,"Amide","Neg",0
"Amide-Neg-000433","Glyoxylic acid","C2 H2 O3",74.00039,100,"mzCloud",2703,-1.94,72.99297,8.474,FALSE,"[M-H]-1","C(=O)C(=O)O","HHLFWLYXYJOTON-UHFFFAOYSA-N","Organic acids and derivatives","Carboxylic acids and derivatives","Carboxylic acids","kegg:map00250;reactome:R-HSA-204174;reactome:R-HSA-389661;reactome:R-HSA-70268;reactome:R-HSA-71406;wiki:WP1495;wiki:WP2766;wiki:WP3562;wiki:WP3602;wiki:WP5166",760,"CHEBI:16891","HMDB0000119","C00048","298-12-4",773248.204645857,316642.881869303,40.9497079937383,1203365.97410911,832531.258080357,"Amide","Neg",0
"Amide-Neg-000574","Glyoxylic acid","C2 H2 O3",74.00039,100,"mzCloud",2703,-1.73,72.993,9.339,FALSE,"[M-H]-1","C(=O)C(=O)O","HHLFWLYXYJOTON-UHFFFAOYSA-N","Organic acids and derivatives","Carboxylic acids and derivatives","Carboxylic acids","kegg:map00250;reactome:R-HSA-204174;reactome:R-HSA-389661;reactome:R-HSA-70268;reactome:R-HSA-71406;wiki:WP1495;wiki:WP2766;wiki:WP3562;wiki:WP3602;wiki:WP5166",760,"CHEBI:16891","HMDB0000119","C00048","298-12-4",227171.557373906,79916.8690915721,35.1790822827504,386711.533886634,242705.564211774,"Amide","Neg",0
"Amide-Neg-000395","Guanine","C5 H5 N5 O",151.04941,96.2,"mzCloud",436,-0.62,150.04204,7.393,FALSE,"[M-H]-1","Nc1nc2[nH]cnc2c(=O)[nH]1","UYTPUPDQBNUYGX-UHFFFAOYSA-N","Organic compounds","Organoheterocyclic compounds","Imidazopyrimidines","reactome:R-HSA-425397;reactome:R-HSA-6782315;reactome:R-HSA-74217;reactome:R-HSA-74259;reactome:R-HSA-83936;reactome:R-HSA-8956319;reactome:R-HSA-8956321;reactome:R-HSA-9734207;reactome:R-HSA-9734281;reactome:R-HSA-9735804;wiki:WP1937;wiki:WP3561;wiki:WP4042;wiki:WP4082;wiki:WP4224;wiki:WP4792",764,NA,NA,NA,NA,755690.216976216,471605.186816615,62.4072108149916,1796959.49938536,604351.99596662,"Amide","Neg",1
"Amide-Pos-000116","Guanine","C5 H5 N5 O",151.04941,80.1,"NIST23",2743,-1.25,152.0565,8.512,FALSE,"[M+H]+1","Nc1nc2[nH]cnc2c(=O)[nH]1","UYTPUPDQBNUYGX-UHFFFAOYSA-N","Organic compounds","Organoheterocyclic compounds","Imidazopyrimidines","reactome:R-HSA-425397;reactome:R-HSA-6782315;reactome:R-HSA-74217;reactome:R-HSA-74259;reactome:R-HSA-83936;reactome:R-HSA-8956319;reactome:R-HSA-8956321;reactome:R-HSA-9734207;reactome:R-HSA-9734281;reactome:R-HSA-9735804;wiki:WP1937;wiki:WP3561;wiki:WP4042;wiki:WP4082;wiki:WP4224;wiki:WP4792",764,NA,NA,NA,NA,20113829.3229218,6923091.00769677,34.4195572933851,35735153.0602613,21003892.7900642,"Amide","Pos",1
"Amide-Pos-000128","Guanine","C5 H5 N5 O",151.04941,80.1,"NIST23",2743,-1.17,152.05652,7.402,FALSE,"[M+H]+1","Nc1nc2[nH]cnc2c(=O)[nH]1","UYTPUPDQBNUYGX-UHFFFAOYSA-N","Organic compounds","Organoheterocyclic compounds","Imidazopyrimidines","reactome:R-HSA-425397;reactome:R-HSA-6782315;reactome:R-HSA-74217;reactome:R-HSA-74259;reactome:R-HSA-83936;reactome:R-HSA-8956319;reactome:R-HSA-8956321;reactome:R-HSA-9734207;reactome:R-HSA-9734281;reactome:R-HSA-9735804;wiki:WP1937;wiki:WP3561;wiki:WP4042;wiki:WP4082;wiki:WP4224;wiki:WP4792",764,NA,NA,NA,NA,12513772.3831375,7364911.63410233,58.8544477924713,31070997.1124219,9856781.61475394,"Amide","Pos",1
"C18-Pos-000083","Guanine","C5 H5 N5 O",151.04941,88.3,"NIST23",882,-0.88,152.05655,3.107,FALSE,"[M+H]+1","Nc1nc2[nH]cnc2c(=O)[nH]1","UYTPUPDQBNUYGX-UHFFFAOYSA-N","Organic compounds","Organoheterocyclic compounds","Imidazopyrimidines","reactome:R-HSA-425397;reactome:R-HSA-6782315;reactome:R-HSA-74217;reactome:R-HSA-74259;reactome:R-HSA-83936;reactome:R-HSA-8956319;reactome:R-HSA-8956321;reactome:R-HSA-9734207;reactome:R-HSA-9734281;reactome:R-HSA-9735804;wiki:WP1937;wiki:WP3561;wiki:WP4042;wiki:WP4082;wiki:WP4224;wiki:WP4792",764,NA,NA,NA,NA,14725228.3986714,6261022.26002857,42.5190162795266,27063651.8537154,14328045.4365077,"C18","Pos",1
"C18-Pos-000103","Guanine","C5 H5 N5 O",151.04941,82.7,"mzCloud",436,-1.04,152.05653,3.841,FALSE,"[M+H]+1","Nc1nc2[nH]cnc2c(=O)[nH]1","UYTPUPDQBNUYGX-UHFFFAOYSA-N","Organic compounds","Organoheterocyclic compounds","Imidazopyrimidines","reactome:R-HSA-425397;reactome:R-HSA-6782315;reactome:R-HSA-74217;reactome:R-HSA-74259;reactome:R-HSA-83936;reactome:R-HSA-8956319;reactome:R-HSA-8956321;reactome:R-HSA-9734207;reactome:R-HSA-9734281;reactome:R-HSA-9735804;wiki:WP1937;wiki:WP3561;wiki:WP4042;wiki:WP4082;wiki:WP4224;wiki:WP4792",764,NA,NA,NA,NA,7893726.51634983,4481610.76353528,56.7743353440581,11690980.6717377,9039845.84769843,"C18","Pos",1
"Amide-Neg-000171","Guanosine","C10 H13 N5 O5",283.09167,85.7,"mzCloud",1228,0.2,282.08445,8.531,FALSE,"[M-H]-1","C1=NC2=C(N1C3C(C(C(O3)CO)O)O)NC(=NC2=O)N","NYHBQMYGNKIUIF-UUOKFMHZSA-N","Organic compounds","Nucleosides, nucleotides, and analogues","Purine nucleosides","reactome:R-HSA-425397;reactome:R-HSA-5619063;reactome:R-HSA-74217;reactome:R-HSA-74259;reactome:R-HSA-83936;reactome:R-HSA-8956319;reactome:R-HSA-8956321;reactome:R-HSA-9735763;reactome:R-HSA-9735786;reactome:R-HSA-9735804;wiki:WP1937;wiki:WP4042;wiki:WP4082;wiki:WP4224;wiki:WP4485;wiki:WP4792",6802,NA,NA,NA,NA,4487622.66554451,2347867.29852004,52.3187325116862,10773062.8900565,4398509.95670678,"Amide","Neg",1
"Amide-Neg-000430","Guanosine","C10 H13 N5 O5",283.09167,85.7,"mzCloud",1228,-0.6,282.08422,9.193,FALSE,"[M-H]-1","C1=NC2=C(N1C3C(C(C(O3)CO)O)O)NC(=NC2=O)N","NYHBQMYGNKIUIF-UUOKFMHZSA-N","Organic compounds","Nucleosides, nucleotides, and analogues","Purine nucleosides","reactome:R-HSA-425397;reactome:R-HSA-5619063;reactome:R-HSA-74217;reactome:R-HSA-74259;reactome:R-HSA-83936;reactome:R-HSA-8956319;reactome:R-HSA-8956321;reactome:R-HSA-9735763;reactome:R-HSA-9735786;reactome:R-HSA-9735804;wiki:WP1937;wiki:WP4042;wiki:WP4082;wiki:WP4224;wiki:WP4485;wiki:WP4792",6802,NA,NA,NA,NA,609428.853785241,353003.387659262,57.9236420242843,1410785.53597881,524975.299238365,"Amide","Neg",1
"Amide-Pos-000102","Guanosine","C10 H13 N5 O5",283.09167,95.1,"NIST23",2169,-1.29,284.09866,8.521,FALSE,"[M+H]+1","Nc1nc2c(ncn2[C@@H]2O[C@H](CO)[C@@H](O)[C@H]2O)c(=O)[nH]1","NYHBQMYGNKIUIF-UUOKFMHZSA-N","Organic compounds","Nucleosides, nucleotides, and analogues","Purine nucleosides","reactome:R-HSA-425397;reactome:R-HSA-5619063;reactome:R-HSA-74217;reactome:R-HSA-74259;reactome:R-HSA-83936;reactome:R-HSA-8956319;reactome:R-HSA-8956321;reactome:R-HSA-9735763;reactome:R-HSA-9735786;reactome:R-HSA-9735804;wiki:WP1937;wiki:WP4042;wiki:WP4082;wiki:WP4224;wiki:WP4485;wiki:WP4792",6802,NA,NA,NA,NA,22260945.9723954,7189803.66266408,32.2978352832794,43059199.2224891,20952067.020552,"Amide","Pos",1
"Amide-Pos-000469","Guanosine","C10 H13 N5 O5",283.09167,95.1,"NIST23",2169,-1.44,284.09859,8.774,FALSE,"[M+H]+1","Nc1nc2c(ncn2[C@@H]2O[C@H](CO)[C@@H](O)[C@H]2O)c(=O)[nH]1","NYHBQMYGNKIUIF-UUOKFMHZSA-N","Organic compounds","Nucleosides, nucleotides, and analogues","Purine nucleosides","reactome:R-HSA-425397;reactome:R-HSA-5619063;reactome:R-HSA-74217;reactome:R-HSA-74259;reactome:R-HSA-83936;reactome:R-HSA-8956319;reactome:R-HSA-8956321;reactome:R-HSA-9735763;reactome:R-HSA-9735786;reactome:R-HSA-9735804;wiki:WP1937;wiki:WP4042;wiki:WP4082;wiki:WP4224;wiki:WP4485;wiki:WP4792",6802,NA,NA,NA,NA,400219.139245244,278657.63851688,69.6262650113105,1262062.28583444,342771.266168005,"Amide","Pos",1
"C18-Neg-000099","Guanosine","C10 H13 N5 O5",283.09167,59.8,"mzCloud",1228,0.06,282.08441,3.336,FALSE,"[M-H]-1","C1=NC2=C(N1C3C(C(C(O3)CO)O)O)NC(=NC2=O)N","NYHBQMYGNKIUIF-UUOKFMHZSA-N","Organic compounds","Nucleosides, nucleotides, and analogues","Purine nucleosides","reactome:R-HSA-425397;reactome:R-HSA-5619063;reactome:R-HSA-74217;reactome:R-HSA-74259;reactome:R-HSA-83936;reactome:R-HSA-8956319;reactome:R-HSA-8956321;reactome:R-HSA-9735763;reactome:R-HSA-9735786;reactome:R-HSA-9735804;wiki:WP1937;wiki:WP4042;wiki:WP4082;wiki:WP4224;wiki:WP4485;wiki:WP4792",6802,NA,NA,NA,NA,2245570.12945261,1613068.02294694,71.833339862788,4882447.26797028,1578610.52533622,"C18","Neg",1
"C18-Neg-000149","Guanosine","C10 H13 N5 O5",283.09167,73.4,"GNPS",42866,-0.49,282.08429,3.579,FALSE,"[M-H]-1","C1=NC2=C(N1[C@H]3[C@@H]([C@@H]([C@H](O3)CO)O)O)NC(=NC2=O)N","NYHBQMYGNKIUIF-UUOKFMHZSA-N","Organic compounds","Nucleosides, nucleotides, and analogues","Purine nucleosides","reactome:R-HSA-425397;reactome:R-HSA-5619063;reactome:R-HSA-74217;reactome:R-HSA-74259;reactome:R-HSA-83936;reactome:R-HSA-8956319;reactome:R-HSA-8956321;reactome:R-HSA-9735763;reactome:R-HSA-9735786;reactome:R-HSA-9735804;wiki:WP1937;wiki:WP4042;wiki:WP4082;wiki:WP4224;wiki:WP4485;wiki:WP4792",6802,NA,NA,NA,NA,1363042.51996881,NA,NA,1363042.51996881,1363042.51996881,"C18","Neg",1
"C18-Pos-000071","Guanosine","C10 H13 N5 O5",283.09167,93.6,"MoNA",142469,-0.84,284.09871,3.524,FALSE,"[M+H]+1","C1=NC2=C(N1[C@H]3[C@@H]([C@@H]([C@H](O3)CO)O)O)N=C(NC2=O)N","NYHBQMYGNKIUIF-UUOKFMHZSA-N","Organic compounds","Nucleosides, nucleotides, and analogues","Purine nucleosides","reactome:R-HSA-425397;reactome:R-HSA-5619063;reactome:R-HSA-74217;reactome:R-HSA-74259;reactome:R-HSA-83936;reactome:R-HSA-8956319;reactome:R-HSA-8956321;reactome:R-HSA-9735763;reactome:R-HSA-9735786;reactome:R-HSA-9735804;wiki:WP1937;wiki:WP4042;wiki:WP4082;wiki:WP4224;wiki:WP4485;wiki:WP4792",6802,NA,NA,NA,NA,26711732.6978405,23181083.620521,86.7824033833457,43103234.1211633,26711732.6978405,"C18","Pos",1
"Amide-Neg-000451","Guanosine 5'-diphosphate (GDP)","C10 H15 N5 O11 P2",443.02433,94.2,"mzCloud",1225,0.42,442.01724,14.058,FALSE,"[M-H]-1","C1=NC2=C(N1C3C(C(C(O3)COP(=O)(O)OP(=O)(O)O)O)O)NC(=NC2=O)N","QGWNDRXFNXRZMB-UUOKFMHZSA-N","Nucleosides, nucleotides, and analogues","Purine nucleotides","Purine ribonucleotides","kegg:map00020;kegg:map00250;kegg:map00620;reactome:R-HSA-111885;reactome:R-HSA-112040;reactome:R-HSA-112043;reactome:R-HSA-112399;reactome:R-HSA-112412;reactome:R-HSA-114604;reactome:R-HSA-114608;reactome:R-HSA-1168372;reactome:R-HSA-1169092;reactome:R-HSA-1226099;reactome:R-HSA-1227986;reactome:R-HSA-1227990;reactome:R-HSA-1236382;reactome:R-HSA-1236394;reactome:R-HSA-1250196;reactome:R-HSA-1250347;reactome:R-HSA-1433557;reactome:R-HSA-1445148;reactome:R-HSA-156842;reactome:R-HSA-156902;reactome:R-HSA-157858;reactome:R-HSA-162699;reactome:R-HSA-162909;reactome:R-HSA-163125;reactome:R-HSA-1632852;reactome:R-HSA-163359;reactome:R-HSA-1643713;reactome:R-HSA-165054;reactome:R-HSA-165159;reactome:R-HSA-1660662;reactome:R-HSA-166187;reactome:R-HSA-166208;reactome:R-HSA-166520;reactome:R-HSA-167044;reactome:R-HSA-167827;reactome:R-HSA-168274;reactome:R-HSA-168333;reactome:R-HSA-169893;reactome:R-HSA-170660;reactome:R-HSA-170670;reactome:R-HSA-170968;reactome:R-HSA-170984;reactome:R-HSA-171007;reactome:R-HSA-177243;reactome:R-HSA-177504;reactome:R-HSA-177929;reactome:R-HSA-179812;reactome:R-HSA-180336;reactome:R-HSA-180746;reactome:R-HSA-186763;reactome:R-HSA-186797;reactome:R-HSA-187037;reactome:R-HSA-187687;reactome:R-HSA-187706;reactome:R-HSA-190236;reactome:R-HSA-190828;reactome:R-HSA-190840;reactome:R-HSA-190861;reactome:R-HSA-190872;reactome:R-HSA-1912399;reactome:R-HSA-1912422;reactome:R-HSA-193634;reactome:R-HSA-193648;reactome:R-HSA-193697;reactome:R-HSA-193704;reactome:R-HSA-194138;reactome:R-HSA-1963640;reactome:R-HSA-199992;reactome:R-HSA-202040;reactome:R-HSA-203927;reactome:R-HSA-204005;reactome:R-HSA-204998;reactome:R-HSA-209563;reactome:R-HSA-210993;reactome:R-HSA-211000;reactome:R-HSA-2132295;reactome:R-HSA-2172127;reactome:R-HSA-2179392;reactome:R-HSA-2404192;reactome:R-HSA-2408557;reactome:R-HSA-2424491;reactome:R-HSA-2428924;reactome:R-HSA-2428928;reactome:R-HSA-2428933;reactome:R-HSA-2485179;reactome:R-HSA-2500257;reactome:R-HSA-2514856;reactome:R-HSA-2514859;reactome:R-HSA-2682334;reactome:R-HSA-2871796;reactome:R-HSA-2995410;reactome:R-HSA-3371497;reactome:R-HSA-354192;reactome:R-HSA-373080;reactome:R-HSA-373752;reactome:R-HSA-373755;reactome:R-HSA-373760;reactome:R-HSA-375165;reactome:R-HSA-380320;reactome:R-HSA-380972;reactome:R-HSA-381676;reactome:R-HSA-388841;reactome:R-HSA-389356;reactome:R-HSA-389359;reactome:R-HSA-392170;reactome:R-HSA-392517;reactome:R-HSA-392518;reactome:R-HSA-392851;reactome:R-HSA-3928662;reactome:R-HSA-3928663;reactome:R-HSA-3928664;reactome:R-HSA-3928665;reactome:R-HSA-399955;reactome:R-HSA-399997;reactome:R-HSA-400042;reactome:R-HSA-400451;reactome:R-HSA-400685;reactome:R-HSA-4086398;reactome:R-HSA-416482;reactome:R-HSA-416550;reactome:R-HSA-416572;reactome:R-HSA-418346;reactome:R-HSA-418592;reactome:R-HSA-418597;reactome:R-HSA-418885;reactome:R-HSA-420092;reactome:R-HSA-422356;reactome:R-HSA-428540;reactome:R-HSA-428543;reactome:R-HSA-428930;reactome:R-HSA-432040;reactome:R-HSA-432720;reactome:R-HSA-432722;reactome:R-HSA-434316;reactome:R-HSA-437239;reactome:R-HSA-438064;reactome:R-HSA-4420097;reactome:R-HSA-442742;reactome:R-HSA-442755;reactome:R-HSA-442982;reactome:R-HSA-445144;reactome:R-HSA-445717;reactome:R-HSA-446219;reactome:R-HSA-456926;reactome:R-HSA-499943;reactome:R-HSA-5368286;reactome:R-HSA-5368287;reactome:R-HSA-5389840;reactome:R-HSA-5419276;reactome:R-HSA-5610787;reactome:R-HSA-5620912;reactome:R-HSA-5620916;reactome:R-HSA-5620920;reactome:R-HSA-5620924;reactome:R-HSA-5621575;reactome:R-HSA-5624138;reactome:R-HSA-5626467;reactome:R-HSA-5628897;reactome:R-HSA-5637810;reactome:R-HSA-5637812;reactome:R-HSA-5637815;reactome:R-HSA-5654687;reactome:R-HSA-5654688;reactome:R-HSA-5654693;reactome:R-HSA-5654696;reactome:R-HSA-5654699;reactome:R-HSA-5654700;reactome:R-HSA-5654704;reactome:R-HSA-5654706;reactome:R-HSA-5654708;reactome:R-HSA-5654712;reactome:R-HSA-5654716;reactome:R-HSA-5654719;reactome:R-HSA-5654736;reactome:R-HSA-5654738;reactome:R-HSA-5654741;reactome:R-HSA-5654743;reactome:R-HSA-5655253;reactome:R-HSA-5655291;reactome:R-HSA-5655302;reactome:R-HSA-5655332;reactome:R-HSA-5658442;reactome:R-HSA-5663220;reactome:R-HSA-6784531;reactome:R-HSA-6806834;reactome:R-HSA-6807878;reactome:R-HSA-6811434;reactome:R-HSA-6811436;reactome:R-HSA-6811438;reactome:R-HSA-6811440;reactome:R-HSA-70263;reactome:R-HSA-70326;reactome:R-HSA-71064;reactome:R-HSA-71403;reactome:R-HSA-71406;reactome:R-HSA-72086;reactome:R-HSA-72613;reactome:R-HSA-72706;reactome:R-HSA-72731;reactome:R-HSA-72737;reactome:R-HSA-72764;reactome:R-HSA-73817;reactome:R-HSA-74751;reactome:R-HSA-74752;reactome:R-HSA-76005;reactome:R-HSA-76009;reactome:R-HSA-881907;reactome:R-HSA-8848021;reactome:R-HSA-8849471;reactome:R-HSA-8850843;reactome:R-HSA-8851805;reactome:R-HSA-8852135;reactome:R-HSA-8852276;reactome:R-HSA-8854214;reactome:R-HSA-8856688;reactome:R-HSA-8866654;reactome:R-HSA-8873719;reactome:R-HSA-8875555;reactome:R-HSA-8875878;reactome:R-HSA-8876198;reactome:R-HSA-8943724;reactome:R-HSA-8955332;reactome:R-HSA-8956319;reactome:R-HSA-8956320;reactome:R-HSA-8985586;reactome:R-HSA-9006115;reactome:R-HSA-9006335;reactome:R-HSA-9006927;reactome:R-HSA-9007101;reactome:R-HSA-9009391;reactome:R-HSA-9013026;reactome:R-HSA-9013106;reactome:R-HSA-9013404;reactome:R-HSA-9013405;reactome:R-HSA-9013406;reactome:R-HSA-9013408;reactome:R-HSA-9013409;reactome:R-HSA-9013419;reactome:R-HSA-9013420;reactome:R-HSA-9013423;reactome:R-HSA-9013424;reactome:R-HSA-9013425;reactome:R-HSA-9026519;reactome:R-HSA-9027284;reactome:R-HSA-9028731;reactome:R-HSA-9032500;reactome:R-HSA-9032759;reactome:R-HSA-9032845;reactome:R-HSA-9033658;reactome:R-HSA-9033807;reactome:R-HSA-9034015;reactome:R-HSA-9034864;reactome:R-HSA-9035034;reactome:R-HSA-9037629;reactome:R-HSA-927802;reactome:R-HSA-9607240;reactome:R-HSA-9609736;reactome:R-HSA-9615933;reactome:R-HSA-9619229;reactome:R-HSA-9619483;reactome:R-HSA-9634285;reactome:R-HSA-9634597;reactome:R-HSA-9634635;reactome:R-HSA-9635486;reactome:R-HSA-9636383;reactome:R-HSA-9637687;reactome:R-HSA-9637690;reactome:R-HSA-9639288;reactome:R-HSA-9646399;reactome:R-HSA-9648002;reactome:R-HSA-9648025;reactome:R-HSA-9660821;reactome:R-HSA-9660826;reactome:R-HSA-9663891;reactome:R-HSA-9664424;reactome:R-HSA-9664565;reactome:R-HSA-9665348;reactome:R-HSA-9665686;reactome:R-HSA-9668328;reactome:R-HSA-9669938;reactome:R-HSA-9670439;reactome:R-HSA-9671555;reactome:R-HSA-9673767;reactome:R-HSA-9673770;reactome:R-HSA-9680350;reactome:R-HSA-9682385;reactome:R-HSA-9703465;reactome:R-HSA-9703648;reactome:R-HSA-9715370;reactome:R-HSA-9717189;reactome:R-HSA-9717207;reactome:R-HSA-9748787;reactome:R-HSA-975576;reactome:R-HSA-975578;reactome:R-HSA-975956;reactome:R-HSA-975957;reactome:R-HSA-977443;reactome:R-HSA-977444;reactome:R-HSA-983170;reactome:R-HSA-983189;reactome:R-HSA-9833482;reactome:R-HSA-9840309;reactome:R-HSA-991365;wiki:WP1799;wiki:WP1811;wiki:WP1812;wiki:WP1813;wiki:WP1815;wiki:WP1826;wiki:WP1831;wiki:WP1843;wiki:WP1861;wiki:WP1866;wiki:WP1868;wiki:WP1873;wiki:WP1885;wiki:WP1887;wiki:WP1895;wiki:WP1903;wiki:WP1907;wiki:WP1908;wiki:WP1910;wiki:WP1913;wiki:WP1916;wiki:WP1917;wiki:WP1919;wiki:WP1929;wiki:WP1978;wiki:WP2662;wiki:WP2664;wiki:WP2677;wiki:WP2679;wiki:WP2684;wiki:WP2694;wiki:WP2710;wiki:WP2713;wiki:WP2748;wiki:WP2766;wiki:WP2776;wiki:WP2777;wiki:WP2780;wiki:WP2781;wiki:WP2786;wiki:WP3309;wiki:WP3310;wiki:WP3318;wiki:WP3334;wiki:WP3335;wiki:WP3336;wiki:WP3338;wiki:WP3348;wiki:WP3349;wiki:WP3379;wiki:WP3552;wiki:WP3571;wiki:WP3578;wiki:WP4042;wiki:WP4053;wiki:WP4055;wiki:WP4059;wiki:WP4065;wiki:WP4070;wiki:WP4071;wiki:WP4075;wiki:WP4084;wiki:WP4093;wiki:WP4120;wiki:WP422;wiki:WP4224;wiki:WP4236;wiki:WP4420;wiki:WP4422;wiki:WP4426;wiki:WP4430;wiki:WP4431;wiki:WP4436;wiki:WP4437;wiki:WP4441;wiki:WP4443;wiki:WP4452;wiki:WP4457;wiki:WP4458;wiki:WP4521;wiki:WP4539;wiki:WP4656;wiki:WP4792;wiki:WP4928;wiki:WP4962;wiki:WP4977;wiki:WP4997;wiki:WP4998;wiki:WP5004;wiki:WP5015;wiki:WP5016;wiki:WP5222;wiki:WP5223;wiki:WP5366;wiki:WP5406;wiki:WP585;wiki:WP78",8977,NA,NA,NA,NA,592204.871303948,195291.036087724,32.9769384803812,1218845.65023956,621167.140808317,"Amide","Neg",1
"Amide-Neg-000582","Guanosine 5'-diphosphate (GDP)","C10 H15 N5 O11 P2",443.02433,94.2,"mzCloud",1225,0.12,442.01711,14.52,FALSE,"[M-H]-1","C1=NC2=C(N1C3C(C(C(O3)COP(=O)(O)OP(=O)(O)O)O)O)NC(=NC2=O)N","QGWNDRXFNXRZMB-UUOKFMHZSA-N","Nucleosides, nucleotides, and analogues","Purine nucleotides","Purine ribonucleotides","kegg:map00020;kegg:map00250;kegg:map00620;reactome:R-HSA-111885;reactome:R-HSA-112040;reactome:R-HSA-112043;reactome:R-HSA-112399;reactome:R-HSA-112412;reactome:R-HSA-114604;reactome:R-HSA-114608;reactome:R-HSA-1168372;reactome:R-HSA-1169092;reactome:R-HSA-1226099;reactome:R-HSA-1227986;reactome:R-HSA-1227990;reactome:R-HSA-1236382;reactome:R-HSA-1236394;reactome:R-HSA-1250196;reactome:R-HSA-1250347;reactome:R-HSA-1433557;reactome:R-HSA-1445148;reactome:R-HSA-156842;reactome:R-HSA-156902;reactome:R-HSA-157858;reactome:R-HSA-162699;reactome:R-HSA-162909;reactome:R-HSA-163125;reactome:R-HSA-1632852;reactome:R-HSA-163359;reactome:R-HSA-1643713;reactome:R-HSA-165054;reactome:R-HSA-165159;reactome:R-HSA-1660662;reactome:R-HSA-166187;reactome:R-HSA-166208;reactome:R-HSA-166520;reactome:R-HSA-167044;reactome:R-HSA-167827;reactome:R-HSA-168274;reactome:R-HSA-168333;reactome:R-HSA-169893;reactome:R-HSA-170660;reactome:R-HSA-170670;reactome:R-HSA-170968;reactome:R-HSA-170984;reactome:R-HSA-171007;reactome:R-HSA-177243;reactome:R-HSA-177504;reactome:R-HSA-177929;reactome:R-HSA-179812;reactome:R-HSA-180336;reactome:R-HSA-180746;reactome:R-HSA-186763;reactome:R-HSA-186797;reactome:R-HSA-187037;reactome:R-HSA-187687;reactome:R-HSA-187706;reactome:R-HSA-190236;reactome:R-HSA-190828;reactome:R-HSA-190840;reactome:R-HSA-190861;reactome:R-HSA-190872;reactome:R-HSA-1912399;reactome:R-HSA-1912422;reactome:R-HSA-193634;reactome:R-HSA-193648;reactome:R-HSA-193697;reactome:R-HSA-193704;reactome:R-HSA-194138;reactome:R-HSA-1963640;reactome:R-HSA-199992;reactome:R-HSA-202040;reactome:R-HSA-203927;reactome:R-HSA-204005;reactome:R-HSA-204998;reactome:R-HSA-209563;reactome:R-HSA-210993;reactome:R-HSA-211000;reactome:R-HSA-2132295;reactome:R-HSA-2172127;reactome:R-HSA-2179392;reactome:R-HSA-2404192;reactome:R-HSA-2408557;reactome:R-HSA-2424491;reactome:R-HSA-2428924;reactome:R-HSA-2428928;reactome:R-HSA-2428933;reactome:R-HSA-2485179;reactome:R-HSA-2500257;reactome:R-HSA-2514856;reactome:R-HSA-2514859;reactome:R-HSA-2682334;reactome:R-HSA-2871796;reactome:R-HSA-2995410;reactome:R-HSA-3371497;reactome:R-HSA-354192;reactome:R-HSA-373080;reactome:R-HSA-373752;reactome:R-HSA-373755;reactome:R-HSA-373760;reactome:R-HSA-375165;reactome:R-HSA-380320;reactome:R-HSA-380972;reactome:R-HSA-381676;reactome:R-HSA-388841;reactome:R-HSA-389356;reactome:R-HSA-389359;reactome:R-HSA-392170;reactome:R-HSA-392517;reactome:R-HSA-392518;reactome:R-HSA-392851;reactome:R-HSA-3928662;reactome:R-HSA-3928663;reactome:R-HSA-3928664;reactome:R-HSA-3928665;reactome:R-HSA-399955;reactome:R-HSA-399997;reactome:R-HSA-400042;reactome:R-HSA-400451;reactome:R-HSA-400685;reactome:R-HSA-4086398;reactome:R-HSA-416482;reactome:R-HSA-416550;reactome:R-HSA-416572;reactome:R-HSA-418346;reactome:R-HSA-418592;reactome:R-HSA-418597;reactome:R-HSA-418885;reactome:R-HSA-420092;reactome:R-HSA-422356;reactome:R-HSA-428540;reactome:R-HSA-428543;reactome:R-HSA-428930;reactome:R-HSA-432040;reactome:R-HSA-432720;reactome:R-HSA-432722;reactome:R-HSA-434316;reactome:R-HSA-437239;reactome:R-HSA-438064;reactome:R-HSA-4420097;reactome:R-HSA-442742;reactome:R-HSA-442755;reactome:R-HSA-442982;reactome:R-HSA-445144;reactome:R-HSA-445717;reactome:R-HSA-446219;reactome:R-HSA-456926;reactome:R-HSA-499943;reactome:R-HSA-5368286;reactome:R-HSA-5368287;reactome:R-HSA-5389840;reactome:R-HSA-5419276;reactome:R-HSA-5610787;reactome:R-HSA-5620912;reactome:R-HSA-5620916;reactome:R-HSA-5620920;reactome:R-HSA-5620924;reactome:R-HSA-5621575;reactome:R-HSA-5624138;reactome:R-HSA-5626467;reactome:R-HSA-5628897;reactome:R-HSA-5637810;reactome:R-HSA-5637812;reactome:R-HSA-5637815;reactome:R-HSA-5654687;reactome:R-HSA-5654688;reactome:R-HSA-5654693;reactome:R-HSA-5654696;reactome:R-HSA-5654699;reactome:R-HSA-5654700;reactome:R-HSA-5654704;reactome:R-HSA-5654706;reactome:R-HSA-5654708;reactome:R-HSA-5654712;reactome:R-HSA-5654716;reactome:R-HSA-5654719;reactome:R-HSA-5654736;reactome:R-HSA-5654738;reactome:R-HSA-5654741;reactome:R-HSA-5654743;reactome:R-HSA-5655253;reactome:R-HSA-5655291;reactome:R-HSA-5655302;reactome:R-HSA-5655332;reactome:R-HSA-5658442;reactome:R-HSA-5663220;reactome:R-HSA-6784531;reactome:R-HSA-6806834;reactome:R-HSA-6807878;reactome:R-HSA-6811434;reactome:R-HSA-6811436;reactome:R-HSA-6811438;reactome:R-HSA-6811440;reactome:R-HSA-70263;reactome:R-HSA-70326;reactome:R-HSA-71064;reactome:R-HSA-71403;reactome:R-HSA-71406;reactome:R-HSA-72086;reactome:R-HSA-72613;reactome:R-HSA-72706;reactome:R-HSA-72731;reactome:R-HSA-72737;reactome:R-HSA-72764;reactome:R-HSA-73817;reactome:R-HSA-74751;reactome:R-HSA-74752;reactome:R-HSA-76005;reactome:R-HSA-76009;reactome:R-HSA-881907;reactome:R-HSA-8848021;reactome:R-HSA-8849471;reactome:R-HSA-8850843;reactome:R-HSA-8851805;reactome:R-HSA-8852135;reactome:R-HSA-8852276;reactome:R-HSA-8854214;reactome:R-HSA-8856688;reactome:R-HSA-8866654;reactome:R-HSA-8873719;reactome:R-HSA-8875555;reactome:R-HSA-8875878;reactome:R-HSA-8876198;reactome:R-HSA-8943724;reactome:R-HSA-8955332;reactome:R-HSA-8956319;reactome:R-HSA-8956320;reactome:R-HSA-8985586;reactome:R-HSA-9006115;reactome:R-HSA-9006335;reactome:R-HSA-9006927;reactome:R-HSA-9007101;reactome:R-HSA-9009391;reactome:R-HSA-9013026;reactome:R-HSA-9013106;reactome:R-HSA-9013404;reactome:R-HSA-9013405;reactome:R-HSA-9013406;reactome:R-HSA-9013408;reactome:R-HSA-9013409;reactome:R-HSA-9013419;reactome:R-HSA-9013420;reactome:R-HSA-9013423;reactome:R-HSA-9013424;reactome:R-HSA-9013425;reactome:R-HSA-9026519;reactome:R-HSA-9027284;reactome:R-HSA-9028731;reactome:R-HSA-9032500;reactome:R-HSA-9032759;reactome:R-HSA-9032845;reactome:R-HSA-9033658;reactome:R-HSA-9033807;reactome:R-HSA-9034015;reactome:R-HSA-9034864;reactome:R-HSA-9035034;reactome:R-HSA-9037629;reactome:R-HSA-927802;reactome:R-HSA-9607240;reactome:R-HSA-9609736;reactome:R-HSA-9615933;reactome:R-HSA-9619229;reactome:R-HSA-9619483;reactome:R-HSA-9634285;reactome:R-HSA-9634597;reactome:R-HSA-9634635;reactome:R-HSA-9635486;reactome:R-HSA-9636383;reactome:R-HSA-9637687;reactome:R-HSA-9637690;reactome:R-HSA-9639288;reactome:R-HSA-9646399;reactome:R-HSA-9648002;reactome:R-HSA-9648025;reactome:R-HSA-9660821;reactome:R-HSA-9660826;reactome:R-HSA-9663891;reactome:R-HSA-9664424;reactome:R-HSA-9664565;reactome:R-HSA-9665348;reactome:R-HSA-9665686;reactome:R-HSA-9668328;reactome:R-HSA-9669938;reactome:R-HSA-9670439;reactome:R-HSA-9671555;reactome:R-HSA-9673767;reactome:R-HSA-9673770;reactome:R-HSA-9680350;reactome:R-HSA-9682385;reactome:R-HSA-9703465;reactome:R-HSA-9703648;reactome:R-HSA-9715370;reactome:R-HSA-9717189;reactome:R-HSA-9717207;reactome:R-HSA-9748787;reactome:R-HSA-975576;reactome:R-HSA-975578;reactome:R-HSA-975956;reactome:R-HSA-975957;reactome:R-HSA-977443;reactome:R-HSA-977444;reactome:R-HSA-983170;reactome:R-HSA-983189;reactome:R-HSA-9833482;reactome:R-HSA-9840309;reactome:R-HSA-991365;wiki:WP1799;wiki:WP1811;wiki:WP1812;wiki:WP1813;wiki:WP1815;wiki:WP1826;wiki:WP1831;wiki:WP1843;wiki:WP1861;wiki:WP1866;wiki:WP1868;wiki:WP1873;wiki:WP1885;wiki:WP1887;wiki:WP1895;wiki:WP1903;wiki:WP1907;wiki:WP1908;wiki:WP1910;wiki:WP1913;wiki:WP1916;wiki:WP1917;wiki:WP1919;wiki:WP1929;wiki:WP1978;wiki:WP2662;wiki:WP2664;wiki:WP2677;wiki:WP2679;wiki:WP2684;wiki:WP2694;wiki:WP2710;wiki:WP2713;wiki:WP2748;wiki:WP2766;wiki:WP2776;wiki:WP2777;wiki:WP2780;wiki:WP2781;wiki:WP2786;wiki:WP3309;wiki:WP3310;wiki:WP3318;wiki:WP3334;wiki:WP3335;wiki:WP3336;wiki:WP3338;wiki:WP3348;wiki:WP3349;wiki:WP3379;wiki:WP3552;wiki:WP3571;wiki:WP3578;wiki:WP4042;wiki:WP4053;wiki:WP4055;wiki:WP4059;wiki:WP4065;wiki:WP4070;wiki:WP4071;wiki:WP4075;wiki:WP4084;wiki:WP4093;wiki:WP4120;wiki:WP422;wiki:WP4224;wiki:WP4236;wiki:WP4420;wiki:WP4422;wiki:WP4426;wiki:WP4430;wiki:WP4431;wiki:WP4436;wiki:WP4437;wiki:WP4441;wiki:WP4443;wiki:WP4452;wiki:WP4457;wiki:WP4458;wiki:WP4521;wiki:WP4539;wiki:WP4656;wiki:WP4792;wiki:WP4928;wiki:WP4962;wiki:WP4977;wiki:WP4997;wiki:WP4998;wiki:WP5004;wiki:WP5015;wiki:WP5016;wiki:WP5222;wiki:WP5223;wiki:WP5366;wiki:WP5406;wiki:WP585;wiki:WP78",8977,NA,NA,NA,NA,153495.814639559,96277.6024090037,62.7232753121537,359276.693320667,152654.299019371,"Amide","Neg",1
"Amide-Pos-000283","Guanosine 5'-diphosphate (GDP)","C10 H15 N5 O11 P2",443.02433,99.2,"mzCloud",1225,-1.38,444.031,14.058,FALSE,"[M+H]+1","C1=NC2=C(N1C3C(C(C(O3)COP(=O)(O)OP(=O)(O)O)O)O)NC(=NC2=O)N","QGWNDRXFNXRZMB-UUOKFMHZSA-N","Nucleosides, nucleotides, and analogues","Purine nucleotides","Purine ribonucleotides","kegg:map00020;kegg:map00250;kegg:map00620;reactome:R-HSA-111885;reactome:R-HSA-112040;reactome:R-HSA-112043;reactome:R-HSA-112399;reactome:R-HSA-112412;reactome:R-HSA-114604;reactome:R-HSA-114608;reactome:R-HSA-1168372;reactome:R-HSA-1169092;reactome:R-HSA-1226099;reactome:R-HSA-1227986;reactome:R-HSA-1227990;reactome:R-HSA-1236382;reactome:R-HSA-1236394;reactome:R-HSA-1250196;reactome:R-HSA-1250347;reactome:R-HSA-1433557;reactome:R-HSA-1445148;reactome:R-HSA-156842;reactome:R-HSA-156902;reactome:R-HSA-157858;reactome:R-HSA-162699;reactome:R-HSA-162909;reactome:R-HSA-163125;reactome:R-HSA-1632852;reactome:R-HSA-163359;reactome:R-HSA-1643713;reactome:R-HSA-165054;reactome:R-HSA-165159;reactome:R-HSA-1660662;reactome:R-HSA-166187;reactome:R-HSA-166208;reactome:R-HSA-166520;reactome:R-HSA-167044;reactome:R-HSA-167827;reactome:R-HSA-168274;reactome:R-HSA-168333;reactome:R-HSA-169893;reactome:R-HSA-170660;reactome:R-HSA-170670;reactome:R-HSA-170968;reactome:R-HSA-170984;reactome:R-HSA-171007;reactome:R-HSA-177243;reactome:R-HSA-177504;reactome:R-HSA-177929;reactome:R-HSA-179812;reactome:R-HSA-180336;reactome:R-HSA-180746;reactome:R-HSA-186763;reactome:R-HSA-186797;reactome:R-HSA-187037;reactome:R-HSA-187687;reactome:R-HSA-187706;reactome:R-HSA-190236;reactome:R-HSA-190828;reactome:R-HSA-190840;reactome:R-HSA-190861;reactome:R-HSA-190872;reactome:R-HSA-1912399;reactome:R-HSA-1912422;reactome:R-HSA-193634;reactome:R-HSA-193648;reactome:R-HSA-193697;reactome:R-HSA-193704;reactome:R-HSA-194138;reactome:R-HSA-1963640;reactome:R-HSA-199992;reactome:R-HSA-202040;reactome:R-HSA-203927;reactome:R-HSA-204005;reactome:R-HSA-204998;reactome:R-HSA-209563;reactome:R-HSA-210993;reactome:R-HSA-211000;reactome:R-HSA-2132295;reactome:R-HSA-2172127;reactome:R-HSA-2179392;reactome:R-HSA-2404192;reactome:R-HSA-2408557;reactome:R-HSA-2424491;reactome:R-HSA-2428924;reactome:R-HSA-2428928;reactome:R-HSA-2428933;reactome:R-HSA-2485179;reactome:R-HSA-2500257;reactome:R-HSA-2514856;reactome:R-HSA-2514859;reactome:R-HSA-2682334;reactome:R-HSA-2871796;reactome:R-HSA-2995410;reactome:R-HSA-3371497;reactome:R-HSA-354192;reactome:R-HSA-373080;reactome:R-HSA-373752;reactome:R-HSA-373755;reactome:R-HSA-373760;reactome:R-HSA-375165;reactome:R-HSA-380320;reactome:R-HSA-380972;reactome:R-HSA-381676;reactome:R-HSA-388841;reactome:R-HSA-389356;reactome:R-HSA-389359;reactome:R-HSA-392170;reactome:R-HSA-392517;reactome:R-HSA-392518;reactome:R-HSA-392851;reactome:R-HSA-3928662;reactome:R-HSA-3928663;reactome:R-HSA-3928664;reactome:R-HSA-3928665;reactome:R-HSA-399955;reactome:R-HSA-399997;reactome:R-HSA-400042;reactome:R-HSA-400451;reactome:R-HSA-400685;reactome:R-HSA-4086398;reactome:R-HSA-416482;reactome:R-HSA-416550;reactome:R-HSA-416572;reactome:R-HSA-418346;reactome:R-HSA-418592;reactome:R-HSA-418597;reactome:R-HSA-418885;reactome:R-HSA-420092;reactome:R-HSA-422356;reactome:R-HSA-428540;reactome:R-HSA-428543;reactome:R-HSA-428930;reactome:R-HSA-432040;reactome:R-HSA-432720;reactome:R-HSA-432722;reactome:R-HSA-434316;reactome:R-HSA-437239;reactome:R-HSA-438064;reactome:R-HSA-4420097;reactome:R-HSA-442742;reactome:R-HSA-442755;reactome:R-HSA-442982;reactome:R-HSA-445144;reactome:R-HSA-445717;reactome:R-HSA-446219;reactome:R-HSA-456926;reactome:R-HSA-499943;reactome:R-HSA-5368286;reactome:R-HSA-5368287;reactome:R-HSA-5389840;reactome:R-HSA-5419276;reactome:R-HSA-5610787;reactome:R-HSA-5620912;reactome:R-HSA-5620916;reactome:R-HSA-5620920;reactome:R-HSA-5620924;reactome:R-HSA-5621575;reactome:R-HSA-5624138;reactome:R-HSA-5626467;reactome:R-HSA-5628897;reactome:R-HSA-5637810;reactome:R-HSA-5637812;reactome:R-HSA-5637815;reactome:R-HSA-5654687;reactome:R-HSA-5654688;reactome:R-HSA-5654693;reactome:R-HSA-5654696;reactome:R-HSA-5654699;reactome:R-HSA-5654700;reactome:R-HSA-5654704;reactome:R-HSA-5654706;reactome:R-HSA-5654708;reactome:R-HSA-5654712;reactome:R-HSA-5654716;reactome:R-HSA-5654719;reactome:R-HSA-5654736;reactome:R-HSA-5654738;reactome:R-HSA-5654741;reactome:R-HSA-5654743;reactome:R-HSA-5655253;reactome:R-HSA-5655291;reactome:R-HSA-5655302;reactome:R-HSA-5655332;reactome:R-HSA-5658442;reactome:R-HSA-5663220;reactome:R-HSA-6784531;reactome:R-HSA-6806834;reactome:R-HSA-6807878;reactome:R-HSA-6811434;reactome:R-HSA-6811436;reactome:R-HSA-6811438;reactome:R-HSA-6811440;reactome:R-HSA-70263;reactome:R-HSA-70326;reactome:R-HSA-71064;reactome:R-HSA-71403;reactome:R-HSA-71406;reactome:R-HSA-72086;reactome:R-HSA-72613;reactome:R-HSA-72706;reactome:R-HSA-72731;reactome:R-HSA-72737;reactome:R-HSA-72764;reactome:R-HSA-73817;reactome:R-HSA-74751;reactome:R-HSA-74752;reactome:R-HSA-76005;reactome:R-HSA-76009;reactome:R-HSA-881907;reactome:R-HSA-8848021;reactome:R-HSA-8849471;reactome:R-HSA-8850843;reactome:R-HSA-8851805;reactome:R-HSA-8852135;reactome:R-HSA-8852276;reactome:R-HSA-8854214;reactome:R-HSA-8856688;reactome:R-HSA-8866654;reactome:R-HSA-8873719;reactome:R-HSA-8875555;reactome:R-HSA-8875878;reactome:R-HSA-8876198;reactome:R-HSA-8943724;reactome:R-HSA-8955332;reactome:R-HSA-8956319;reactome:R-HSA-8956320;reactome:R-HSA-8985586;reactome:R-HSA-9006115;reactome:R-HSA-9006335;reactome:R-HSA-9006927;reactome:R-HSA-9007101;reactome:R-HSA-9009391;reactome:R-HSA-9013026;reactome:R-HSA-9013106;reactome:R-HSA-9013404;reactome:R-HSA-9013405;reactome:R-HSA-9013406;reactome:R-HSA-9013408;reactome:R-HSA-9013409;reactome:R-HSA-9013419;reactome:R-HSA-9013420;reactome:R-HSA-9013423;reactome:R-HSA-9013424;reactome:R-HSA-9013425;reactome:R-HSA-9026519;reactome:R-HSA-9027284;reactome:R-HSA-9028731;reactome:R-HSA-9032500;reactome:R-HSA-9032759;reactome:R-HSA-9032845;reactome:R-HSA-9033658;reactome:R-HSA-9033807;reactome:R-HSA-9034015;reactome:R-HSA-9034864;reactome:R-HSA-9035034;reactome:R-HSA-9037629;reactome:R-HSA-927802;reactome:R-HSA-9607240;reactome:R-HSA-9609736;reactome:R-HSA-9615933;reactome:R-HSA-9619229;reactome:R-HSA-9619483;reactome:R-HSA-9634285;reactome:R-HSA-9634597;reactome:R-HSA-9634635;reactome:R-HSA-9635486;reactome:R-HSA-9636383;reactome:R-HSA-9637687;reactome:R-HSA-9637690;reactome:R-HSA-9639288;reactome:R-HSA-9646399;reactome:R-HSA-9648002;reactome:R-HSA-9648025;reactome:R-HSA-9660821;reactome:R-HSA-9660826;reactome:R-HSA-9663891;reactome:R-HSA-9664424;reactome:R-HSA-9664565;reactome:R-HSA-9665348;reactome:R-HSA-9665686;reactome:R-HSA-9668328;reactome:R-HSA-9669938;reactome:R-HSA-9670439;reactome:R-HSA-9671555;reactome:R-HSA-9673767;reactome:R-HSA-9673770;reactome:R-HSA-9680350;reactome:R-HSA-9682385;reactome:R-HSA-9703465;reactome:R-HSA-9703648;reactome:R-HSA-9715370;reactome:R-HSA-9717189;reactome:R-HSA-9717207;reactome:R-HSA-9748787;reactome:R-HSA-975576;reactome:R-HSA-975578;reactome:R-HSA-975956;reactome:R-HSA-975957;reactome:R-HSA-977443;reactome:R-HSA-977444;reactome:R-HSA-983170;reactome:R-HSA-983189;reactome:R-HSA-9833482;reactome:R-HSA-9840309;reactome:R-HSA-991365;wiki:WP1799;wiki:WP1811;wiki:WP1812;wiki:WP1813;wiki:WP1815;wiki:WP1826;wiki:WP1831;wiki:WP1843;wiki:WP1861;wiki:WP1866;wiki:WP1868;wiki:WP1873;wiki:WP1885;wiki:WP1887;wiki:WP1895;wiki:WP1903;wiki:WP1907;wiki:WP1908;wiki:WP1910;wiki:WP1913;wiki:WP1916;wiki:WP1917;wiki:WP1919;wiki:WP1929;wiki:WP1978;wiki:WP2662;wiki:WP2664;wiki:WP2677;wiki:WP2679;wiki:WP2684;wiki:WP2694;wiki:WP2710;wiki:WP2713;wiki:WP2748;wiki:WP2766;wiki:WP2776;wiki:WP2777;wiki:WP2780;wiki:WP2781;wiki:WP2786;wiki:WP3309;wiki:WP3310;wiki:WP3318;wiki:WP3334;wiki:WP3335;wiki:WP3336;wiki:WP3338;wiki:WP3348;wiki:WP3349;wiki:WP3379;wiki:WP3552;wiki:WP3571;wiki:WP3578;wiki:WP4042;wiki:WP4053;wiki:WP4055;wiki:WP4059;wiki:WP4065;wiki:WP4070;wiki:WP4071;wiki:WP4075;wiki:WP4084;wiki:WP4093;wiki:WP4120;wiki:WP422;wiki:WP4224;wiki:WP4236;wiki:WP4420;wiki:WP4422;wiki:WP4426;wiki:WP4430;wiki:WP4431;wiki:WP4436;wiki:WP4437;wiki:WP4441;wiki:WP4443;wiki:WP4452;wiki:WP4457;wiki:WP4458;wiki:WP4521;wiki:WP4539;wiki:WP4656;wiki:WP4792;wiki:WP4928;wiki:WP4962;wiki:WP4977;wiki:WP4997;wiki:WP4998;wiki:WP5004;wiki:WP5015;wiki:WP5016;wiki:WP5222;wiki:WP5223;wiki:WP5366;wiki:WP5406;wiki:WP585;wiki:WP78",8977,NA,NA,NA,NA,3299722.33105439,905921.750941429,27.4544843490498,6284055.91565955,3044681.45097946,"Amide","Pos",1
"Amide-Pos-000555","Guanosine 5'-diphosphate (GDP)","C10 H15 N5 O11 P2",443.02433,99.2,"mzCloud",1225,-1.82,444.0308,13.576,FALSE,"[M+H]+1","C1=NC2=C(N1C3C(C(C(O3)COP(=O)(O)OP(=O)(O)O)O)O)NC(=NC2=O)N","QGWNDRXFNXRZMB-UUOKFMHZSA-N","Nucleosides, nucleotides, and analogues","Purine nucleotides","Purine ribonucleotides","kegg:map00020;kegg:map00250;kegg:map00620;reactome:R-HSA-111885;reactome:R-HSA-112040;reactome:R-HSA-112043;reactome:R-HSA-112399;reactome:R-HSA-112412;reactome:R-HSA-114604;reactome:R-HSA-114608;reactome:R-HSA-1168372;reactome:R-HSA-1169092;reactome:R-HSA-1226099;reactome:R-HSA-1227986;reactome:R-HSA-1227990;reactome:R-HSA-1236382;reactome:R-HSA-1236394;reactome:R-HSA-1250196;reactome:R-HSA-1250347;reactome:R-HSA-1433557;reactome:R-HSA-1445148;reactome:R-HSA-156842;reactome:R-HSA-156902;reactome:R-HSA-157858;reactome:R-HSA-162699;reactome:R-HSA-162909;reactome:R-HSA-163125;reactome:R-HSA-1632852;reactome:R-HSA-163359;reactome:R-HSA-1643713;reactome:R-HSA-165054;reactome:R-HSA-165159;reactome:R-HSA-1660662;reactome:R-HSA-166187;reactome:R-HSA-166208;reactome:R-HSA-166520;reactome:R-HSA-167044;reactome:R-HSA-167827;reactome:R-HSA-168274;reactome:R-HSA-168333;reactome:R-HSA-169893;reactome:R-HSA-170660;reactome:R-HSA-170670;reactome:R-HSA-170968;reactome:R-HSA-170984;reactome:R-HSA-171007;reactome:R-HSA-177243;reactome:R-HSA-177504;reactome:R-HSA-177929;reactome:R-HSA-179812;reactome:R-HSA-180336;reactome:R-HSA-180746;reactome:R-HSA-186763;reactome:R-HSA-186797;reactome:R-HSA-187037;reactome:R-HSA-187687;reactome:R-HSA-187706;reactome:R-HSA-190236;reactome:R-HSA-190828;reactome:R-HSA-190840;reactome:R-HSA-190861;reactome:R-HSA-190872;reactome:R-HSA-1912399;reactome:R-HSA-1912422;reactome:R-HSA-193634;reactome:R-HSA-193648;reactome:R-HSA-193697;reactome:R-HSA-193704;reactome:R-HSA-194138;reactome:R-HSA-1963640;reactome:R-HSA-199992;reactome:R-HSA-202040;reactome:R-HSA-203927;reactome:R-HSA-204005;reactome:R-HSA-204998;reactome:R-HSA-209563;reactome:R-HSA-210993;reactome:R-HSA-211000;reactome:R-HSA-2132295;reactome:R-HSA-2172127;reactome:R-HSA-2179392;reactome:R-HSA-2404192;reactome:R-HSA-2408557;reactome:R-HSA-2424491;reactome:R-HSA-2428924;reactome:R-HSA-2428928;reactome:R-HSA-2428933;reactome:R-HSA-2485179;reactome:R-HSA-2500257;reactome:R-HSA-2514856;reactome:R-HSA-2514859;reactome:R-HSA-2682334;reactome:R-HSA-2871796;reactome:R-HSA-2995410;reactome:R-HSA-3371497;reactome:R-HSA-354192;reactome:R-HSA-373080;reactome:R-HSA-373752;reactome:R-HSA-373755;reactome:R-HSA-373760;reactome:R-HSA-375165;reactome:R-HSA-380320;reactome:R-HSA-380972;reactome:R-HSA-381676;reactome:R-HSA-388841;reactome:R-HSA-389356;reactome:R-HSA-389359;reactome:R-HSA-392170;reactome:R-HSA-392517;reactome:R-HSA-392518;reactome:R-HSA-392851;reactome:R-HSA-3928662;reactome:R-HSA-3928663;reactome:R-HSA-3928664;reactome:R-HSA-3928665;reactome:R-HSA-399955;reactome:R-HSA-399997;reactome:R-HSA-400042;reactome:R-HSA-400451;reactome:R-HSA-400685;reactome:R-HSA-4086398;reactome:R-HSA-416482;reactome:R-HSA-416550;reactome:R-HSA-416572;reactome:R-HSA-418346;reactome:R-HSA-418592;reactome:R-HSA-418597;reactome:R-HSA-418885;reactome:R-HSA-420092;reactome:R-HSA-422356;reactome:R-HSA-428540;reactome:R-HSA-428543;reactome:R-HSA-428930;reactome:R-HSA-432040;reactome:R-HSA-432720;reactome:R-HSA-432722;reactome:R-HSA-434316;reactome:R-HSA-437239;reactome:R-HSA-438064;reactome:R-HSA-4420097;reactome:R-HSA-442742;reactome:R-HSA-442755;reactome:R-HSA-442982;reactome:R-HSA-445144;reactome:R-HSA-445717;reactome:R-HSA-446219;reactome:R-HSA-456926;reactome:R-HSA-499943;reactome:R-HSA-5368286;reactome:R-HSA-5368287;reactome:R-HSA-5389840;reactome:R-HSA-5419276;reactome:R-HSA-5610787;reactome:R-HSA-5620912;reactome:R-HSA-5620916;reactome:R-HSA-5620920;reactome:R-HSA-5620924;reactome:R-HSA-5621575;reactome:R-HSA-5624138;reactome:R-HSA-5626467;reactome:R-HSA-5628897;reactome:R-HSA-5637810;reactome:R-HSA-5637812;reactome:R-HSA-5637815;reactome:R-HSA-5654687;reactome:R-HSA-5654688;reactome:R-HSA-5654693;reactome:R-HSA-5654696;reactome:R-HSA-5654699;reactome:R-HSA-5654700;reactome:R-HSA-5654704;reactome:R-HSA-5654706;reactome:R-HSA-5654708;reactome:R-HSA-5654712;reactome:R-HSA-5654716;reactome:R-HSA-5654719;reactome:R-HSA-5654736;reactome:R-HSA-5654738;reactome:R-HSA-5654741;reactome:R-HSA-5654743;reactome:R-HSA-5655253;reactome:R-HSA-5655291;reactome:R-HSA-5655302;reactome:R-HSA-5655332;reactome:R-HSA-5658442;reactome:R-HSA-5663220;reactome:R-HSA-6784531;reactome:R-HSA-6806834;reactome:R-HSA-6807878;reactome:R-HSA-6811434;reactome:R-HSA-6811436;reactome:R-HSA-6811438;reactome:R-HSA-6811440;reactome:R-HSA-70263;reactome:R-HSA-70326;reactome:R-HSA-71064;reactome:R-HSA-71403;reactome:R-HSA-71406;reactome:R-HSA-72086;reactome:R-HSA-72613;reactome:R-HSA-72706;reactome:R-HSA-72731;reactome:R-HSA-72737;reactome:R-HSA-72764;reactome:R-HSA-73817;reactome:R-HSA-74751;reactome:R-HSA-74752;reactome:R-HSA-76005;reactome:R-HSA-76009;reactome:R-HSA-881907;reactome:R-HSA-8848021;reactome:R-HSA-8849471;reactome:R-HSA-8850843;reactome:R-HSA-8851805;reactome:R-HSA-8852135;reactome:R-HSA-8852276;reactome:R-HSA-8854214;reactome:R-HSA-8856688;reactome:R-HSA-8866654;reactome:R-HSA-8873719;reactome:R-HSA-8875555;reactome:R-HSA-8875878;reactome:R-HSA-8876198;reactome:R-HSA-8943724;reactome:R-HSA-8955332;reactome:R-HSA-8956319;reactome:R-HSA-8956320;reactome:R-HSA-8985586;reactome:R-HSA-9006115;reactome:R-HSA-9006335;reactome:R-HSA-9006927;reactome:R-HSA-9007101;reactome:R-HSA-9009391;reactome:R-HSA-9013026;reactome:R-HSA-9013106;reactome:R-HSA-9013404;reactome:R-HSA-9013405;reactome:R-HSA-9013406;reactome:R-HSA-9013408;reactome:R-HSA-9013409;reactome:R-HSA-9013419;reactome:R-HSA-9013420;reactome:R-HSA-9013423;reactome:R-HSA-9013424;reactome:R-HSA-9013425;reactome:R-HSA-9026519;reactome:R-HSA-9027284;reactome:R-HSA-9028731;reactome:R-HSA-9032500;reactome:R-HSA-9032759;reactome:R-HSA-9032845;reactome:R-HSA-9033658;reactome:R-HSA-9033807;reactome:R-HSA-9034015;reactome:R-HSA-9034864;reactome:R-HSA-9035034;reactome:R-HSA-9037629;reactome:R-HSA-927802;reactome:R-HSA-9607240;reactome:R-HSA-9609736;reactome:R-HSA-9615933;reactome:R-HSA-9619229;reactome:R-HSA-9619483;reactome:R-HSA-9634285;reactome:R-HSA-9634597;reactome:R-HSA-9634635;reactome:R-HSA-9635486;reactome:R-HSA-9636383;reactome:R-HSA-9637687;reactome:R-HSA-9637690;reactome:R-HSA-9639288;reactome:R-HSA-9646399;reactome:R-HSA-9648002;reactome:R-HSA-9648025;reactome:R-HSA-9660821;reactome:R-HSA-9660826;reactome:R-HSA-9663891;reactome:R-HSA-9664424;reactome:R-HSA-9664565;reactome:R-HSA-9665348;reactome:R-HSA-9665686;reactome:R-HSA-9668328;reactome:R-HSA-9669938;reactome:R-HSA-9670439;reactome:R-HSA-9671555;reactome:R-HSA-9673767;reactome:R-HSA-9673770;reactome:R-HSA-9680350;reactome:R-HSA-9682385;reactome:R-HSA-9703465;reactome:R-HSA-9703648;reactome:R-HSA-9715370;reactome:R-HSA-9717189;reactome:R-HSA-9717207;reactome:R-HSA-9748787;reactome:R-HSA-975576;reactome:R-HSA-975578;reactome:R-HSA-975956;reactome:R-HSA-975957;reactome:R-HSA-977443;reactome:R-HSA-977444;reactome:R-HSA-983170;reactome:R-HSA-983189;reactome:R-HSA-9833482;reactome:R-HSA-9840309;reactome:R-HSA-991365;wiki:WP1799;wiki:WP1811;wiki:WP1812;wiki:WP1813;wiki:WP1815;wiki:WP1826;wiki:WP1831;wiki:WP1843;wiki:WP1861;wiki:WP1866;wiki:WP1868;wiki:WP1873;wiki:WP1885;wiki:WP1887;wiki:WP1895;wiki:WP1903;wiki:WP1907;wiki:WP1908;wiki:WP1910;wiki:WP1913;wiki:WP1916;wiki:WP1917;wiki:WP1919;wiki:WP1929;wiki:WP1978;wiki:WP2662;wiki:WP2664;wiki:WP2677;wiki:WP2679;wiki:WP2684;wiki:WP2694;wiki:WP2710;wiki:WP2713;wiki:WP2748;wiki:WP2766;wiki:WP2776;wiki:WP2777;wiki:WP2780;wiki:WP2781;wiki:WP2786;wiki:WP3309;wiki:WP3310;wiki:WP3318;wiki:WP3334;wiki:WP3335;wiki:WP3336;wiki:WP3338;wiki:WP3348;wiki:WP3349;wiki:WP3379;wiki:WP3552;wiki:WP3571;wiki:WP3578;wiki:WP4042;wiki:WP4053;wiki:WP4055;wiki:WP4059;wiki:WP4065;wiki:WP4070;wiki:WP4071;wiki:WP4075;wiki:WP4084;wiki:WP4093;wiki:WP4120;wiki:WP422;wiki:WP4224;wiki:WP4236;wiki:WP4420;wiki:WP4422;wiki:WP4426;wiki:WP4430;wiki:WP4431;wiki:WP4436;wiki:WP4437;wiki:WP4441;wiki:WP4443;wiki:WP4452;wiki:WP4457;wiki:WP4458;wiki:WP4521;wiki:WP4539;wiki:WP4656;wiki:WP4792;wiki:WP4928;wiki:WP4962;wiki:WP4977;wiki:WP4997;wiki:WP4998;wiki:WP5004;wiki:WP5015;wiki:WP5016;wiki:WP5222;wiki:WP5223;wiki:WP5366;wiki:WP5406;wiki:WP585;wiki:WP78",8977,NA,NA,NA,NA,123020.74081258,38294.2340410354,31.1282746210868,193914.275224741,124837.593351808,"Amide","Pos",1
"Amide-Neg-000327","Guanosine monophosphate (GMP)","C10 H14 N5 O8 P",363.058,61.6,"mzCloud",1519,0.24,362.05081,13.582,FALSE,"[M-H]-1","C1=NC2=C(N1C3C(C(C(O3)COP(=O)(O)O)O)O)NC(=NC2=O)N","RQFCJASXJCIDSX-UUOKFMHZSA-N","Nucleosides, nucleotides, and analogues","Purine nucleotides","Purine ribonucleotides","kegg:map00250;reactome:R-HSA-157579;reactome:R-HSA-174414;reactome:R-HSA-174417;reactome:R-HSA-174437;reactome:R-HSA-180786;reactome:R-HSA-2485179;reactome:R-HSA-2514856;reactome:R-HSA-3000480;reactome:R-HSA-3299685;reactome:R-HSA-392154;reactome:R-HSA-4086398;reactome:R-HSA-418346;reactome:R-HSA-418457;reactome:R-HSA-425397;reactome:R-HSA-429914;reactome:R-HSA-429958;reactome:R-HSA-430039;reactome:R-HSA-499943;reactome:R-HSA-69166;reactome:R-HSA-69183;reactome:R-HSA-69186;reactome:R-HSA-69190;reactome:R-HSA-69239;reactome:R-HSA-72086;reactome:R-HSA-727802;reactome:R-HSA-73817;reactome:R-HSA-73886;reactome:R-HSA-74217;reactome:R-HSA-74259;reactome:R-HSA-8850843;reactome:R-HSA-8956319;reactome:R-HSA-8956320;reactome:R-HSA-8956321;reactome:R-HSA-9660826;reactome:R-HSA-9664424;reactome:R-HSA-9717189;reactome:R-HSA-9717207;wiki:WP1861;wiki:WP1885;wiki:WP1925;wiki:WP1928;wiki:WP1937;wiki:WP2659;wiki:WP2776;wiki:WP2824;wiki:WP4042;wiki:WP4059;wiki:WP4082;wiki:WP4084;wiki:WP411;wiki:WP4222;wiki:WP4224;wiki:WP4792;wiki:WP4998;wiki:WP5294;wiki:WP5348",6804,NA,NA,NA,NA,2055955.34883354,676385.209494856,32.8988277823547,3366684.64922028,1968949.55860563,"Amide","Neg",1
"C18-Neg-000041","Guanosine monophosphate (GMP)","C10 H14 N5 O8 P",363.058,66.2,"mzCloud",1519,0.32,362.05084,3.893,FALSE,"[M-H]-1","C1=NC2=C(N1C3C(C(C(O3)COP(=O)(O)O)O)O)NC(=NC2=O)N","RQFCJASXJCIDSX-UUOKFMHZSA-N","Nucleosides, nucleotides, and analogues","Purine nucleotides","Purine ribonucleotides","kegg:map00250;reactome:R-HSA-157579;reactome:R-HSA-174414;reactome:R-HSA-174417;reactome:R-HSA-174437;reactome:R-HSA-180786;reactome:R-HSA-2485179;reactome:R-HSA-2514856;reactome:R-HSA-3000480;reactome:R-HSA-3299685;reactome:R-HSA-392154;reactome:R-HSA-4086398;reactome:R-HSA-418346;reactome:R-HSA-418457;reactome:R-HSA-425397;reactome:R-HSA-429914;reactome:R-HSA-429958;reactome:R-HSA-430039;reactome:R-HSA-499943;reactome:R-HSA-69166;reactome:R-HSA-69183;reactome:R-HSA-69186;reactome:R-HSA-69190;reactome:R-HSA-69239;reactome:R-HSA-72086;reactome:R-HSA-727802;reactome:R-HSA-73817;reactome:R-HSA-73886;reactome:R-HSA-74217;reactome:R-HSA-74259;reactome:R-HSA-8850843;reactome:R-HSA-8956319;reactome:R-HSA-8956320;reactome:R-HSA-8956321;reactome:R-HSA-9660826;reactome:R-HSA-9664424;reactome:R-HSA-9717189;reactome:R-HSA-9717207;wiki:WP1861;wiki:WP1885;wiki:WP1925;wiki:WP1928;wiki:WP1937;wiki:WP2659;wiki:WP2776;wiki:WP2824;wiki:WP4042;wiki:WP4059;wiki:WP4082;wiki:WP4084;wiki:WP411;wiki:WP4222;wiki:WP4224;wiki:WP4792;wiki:WP4998;wiki:WP5294;wiki:WP5348",6804,NA,NA,NA,NA,8310805.23429733,4976298.21060251,59.8774495408236,19140996.1279689,8230658.17997482,"C18","Neg",1
"C18-Neg-000062","Guanosine monophosphate (GMP)","C10 H14 N5 O8 P",363.058,66.2,"mzCloud",1519,0.96,362.05107,4.271,FALSE,"[M-H]-1","C1=NC2=C(N1C3C(C(C(O3)COP(=O)(O)O)O)O)NC(=NC2=O)N","RQFCJASXJCIDSX-UUOKFMHZSA-N","Nucleosides, nucleotides, and analogues","Purine nucleotides","Purine ribonucleotides","kegg:map00250;reactome:R-HSA-157579;reactome:R-HSA-174414;reactome:R-HSA-174417;reactome:R-HSA-174437;reactome:R-HSA-180786;reactome:R-HSA-2485179;reactome:R-HSA-2514856;reactome:R-HSA-3000480;reactome:R-HSA-3299685;reactome:R-HSA-392154;reactome:R-HSA-4086398;reactome:R-HSA-418346;reactome:R-HSA-418457;reactome:R-HSA-425397;reactome:R-HSA-429914;reactome:R-HSA-429958;reactome:R-HSA-430039;reactome:R-HSA-499943;reactome:R-HSA-69166;reactome:R-HSA-69183;reactome:R-HSA-69186;reactome:R-HSA-69190;reactome:R-HSA-69239;reactome:R-HSA-72086;reactome:R-HSA-727802;reactome:R-HSA-73817;reactome:R-HSA-73886;reactome:R-HSA-74217;reactome:R-HSA-74259;reactome:R-HSA-8850843;reactome:R-HSA-8956319;reactome:R-HSA-8956320;reactome:R-HSA-8956321;reactome:R-HSA-9660826;reactome:R-HSA-9664424;reactome:R-HSA-9717189;reactome:R-HSA-9717207;wiki:WP1861;wiki:WP1885;wiki:WP1925;wiki:WP1928;wiki:WP1937;wiki:WP2659;wiki:WP2776;wiki:WP2824;wiki:WP4042;wiki:WP4059;wiki:WP4082;wiki:WP4084;wiki:WP411;wiki:WP4222;wiki:WP4224;wiki:WP4792;wiki:WP4998;wiki:WP5294;wiki:WP5348",6804,NA,NA,NA,NA,7590272.17678726,2311873.93729993,30.458379929644,10560461.6737735,7737405.23038078,"C18","Neg",1
"C8-Neg-000093","Guanosine monophosphate (GMP)","C10 H14 N5 O8 P",363.058,60.6,"mzCloud",1519,-0.85,362.05042,1.246,FALSE,"[M-H]-1","C1=NC2=C(N1C3C(C(C(O3)COP(=O)(O)O)O)O)NC(=NC2=O)N","RQFCJASXJCIDSX-UUOKFMHZSA-N","Nucleosides, nucleotides, and analogues","Purine nucleotides","Purine ribonucleotides","kegg:map00250;reactome:R-HSA-157579;reactome:R-HSA-174414;reactome:R-HSA-174417;reactome:R-HSA-174437;reactome:R-HSA-180786;reactome:R-HSA-2485179;reactome:R-HSA-2514856;reactome:R-HSA-3000480;reactome:R-HSA-3299685;reactome:R-HSA-392154;reactome:R-HSA-4086398;reactome:R-HSA-418346;reactome:R-HSA-418457;reactome:R-HSA-425397;reactome:R-HSA-429914;reactome:R-HSA-429958;reactome:R-HSA-430039;reactome:R-HSA-499943;reactome:R-HSA-69166;reactome:R-HSA-69183;reactome:R-HSA-69186;reactome:R-HSA-69190;reactome:R-HSA-69239;reactome:R-HSA-72086;reactome:R-HSA-727802;reactome:R-HSA-73817;reactome:R-HSA-73886;reactome:R-HSA-74217;reactome:R-HSA-74259;reactome:R-HSA-8850843;reactome:R-HSA-8956319;reactome:R-HSA-8956320;reactome:R-HSA-8956321;reactome:R-HSA-9660826;reactome:R-HSA-9664424;reactome:R-HSA-9717189;reactome:R-HSA-9717207;wiki:WP1861;wiki:WP1885;wiki:WP1925;wiki:WP1928;wiki:WP1937;wiki:WP2659;wiki:WP2776;wiki:WP2824;wiki:WP4042;wiki:WP4059;wiki:WP4082;wiki:WP4084;wiki:WP411;wiki:WP4222;wiki:WP4224;wiki:WP4792;wiki:WP4998;wiki:WP5294;wiki:WP5348",6804,NA,NA,NA,NA,1425313.37286872,642397.329076516,45.0706028095118,2698182.33304632,1339833.0230563,"C8","Neg",1
"C8-Neg-000070","HEPTADECANOATE","C17 H34 O2",270.25588,65.5,"MoNA",29566,-1.06,269.24832,5.884,FALSE,"[M-H]-1","CCCCCCCCCCCCCCCCC(=O)O","KEMQGTRYUADPNZ-UHFFFAOYSA-N","Lipids and lipid-like molecules","Fatty Acyls","Fatty acids and conjugates",NA,10465,"CHEBI:32365","HMDB0002259",NA,"506-12-7",971337.988690657,754263.152317644,77.6519770769364,4487368.08762515,837854.239356067,"C8","Neg",0
"C8-Neg-000084","HEPTADECANOATE","C17 H34 O2",270.25588,65.5,"MoNA",29566,-1.36,269.24824,5.815,FALSE,"[M-H]-1","CCCCCCCCCCCCCCCCC(=O)O","KEMQGTRYUADPNZ-UHFFFAOYSA-N","Lipids and lipid-like molecules","Fatty Acyls","Fatty acids and conjugates",NA,10465,"CHEBI:32365","HMDB0002259",NA,"506-12-7",451027.292169225,686407.271625728,152.187524689346,3662246.14107872,314314.129350518,"C8","Neg",0
"C18-Neg-000150","Hexadecanedioic acid","C16 H30 O4",286.21441,74.7,"mzCloud",2712,-0.04,285.20712,14.161,FALSE,"[M-H]-1","C(CCCCCCCC(=O)O)CCCCCCC(=O)O","QQHJDPROMQRDLA-UHFFFAOYSA-N","Lipids and lipid-like molecules","Fatty Acyls","Fatty acids and conjugates",NA,10459,"CHEBI:73722","HMDB0000672","C19615","505-54-4",752004.918270395,465611.994258272,61.9160836513112,1399109.3604591,618886.803923542,"C18","Neg",0
"C18-Neg-000210","Hexadecanedioic acid","C16 H30 O4",286.21441,74.7,"mzCloud",2712,-0.17,285.20708,17.257,FALSE,"[M-H]-1","C(CCCCCCCC(=O)O)CCCCCCC(=O)O","QQHJDPROMQRDLA-UHFFFAOYSA-N","Lipids and lipid-like molecules","Fatty Acyls","Fatty acids and conjugates",NA,10459,"CHEBI:73722","HMDB0000672","C19615","505-54-4",39190.8146388082,56613.7672797338,144.456724876734,298138.031640733,26293.3796643203,"C18","Neg",0
"Amide-Pos-000506","Hexamethylenetetramine","C6 H12 N4",140.1062,65.1,"mzCloud",3124,-1.13,141.11331,15.125,FALSE,"[M+H]+1","C1N2CN3CN1CN(C2)C3","VKYKSIONXSXAKP-UHFFFAOYSA-N","Organoheterocyclic compounds","Triazinanes","1,3,5-triazinanes",NA,4101,"CHEBI:6824","HMDB0029598",NA,"100-97-0",278117.589370567,152910.137289306,54.9803907172397,600473.995934558,234267.549563796,"Amide","Pos",0
"Amide-Pos-000558","Hexamethylenetetramine","C6 H12 N4",140.1062,65.1,"mzCloud",3124,1.88,141.11332,11.523,FALSE,"[M+H]+1","C1N2CN3CN1CN(C2)C3","VKYKSIONXSXAKP-UHFFFAOYSA-N","Organoheterocyclic compounds","Triazinanes","1,3,5-triazinanes",NA,4101,"CHEBI:6824","HMDB0029598",NA,"100-97-0",59116.4167209911,47181.3753421206,79.8109526238714,159706.786404583,42340.6769586295,"Amide","Pos",0
"Amide-Pos-000395","Hexanoylcarnitine","C13 H25 N O4",259.17836,97.7,"mzCloud",883,-1.19,260.18533,8.26,FALSE,"[M+H]+1","CCCCCC(=O)OC(CC(=O)[O-])C[N+](C)(C)C","VVPRQWTYSNDTEA-UHFFFAOYSA-N","Lipids and lipid-like molecules","Fatty Acyls","Fatty acid esters",NA,6426853,"CHEBI:70749",NA,NA,"6418-78-6",956795.671859988,494748.86182166,51.7089360218237,2623838.77441539,842488.533705281,"Amide","Pos",1
"C18-Pos-000234","Hexanoylcarnitine","C13 H25 N O4",259.17836,94.9,"mzCloud",883,-0.87,260.18541,8.962,FALSE,"[M+H]+1","CCCCCC(=O)OC(CC(=O)[O-])C[N+](C)(C)C","VVPRQWTYSNDTEA-UHFFFAOYSA-N","Lipids and lipid-like molecules","Fatty Acyls","Fatty acid esters",NA,6426853,"CHEBI:70749",NA,NA,"6418-78-6",933968.134388984,299303.214370273,32.0464053697166,1705283.10312633,899368.223264646,"C18","Pos",1
"C8-Pos-000449","Hexanoylcarnitine","C13 H25 N O4",259.17836,95.8,"mzCloud",883,-0.09,260.18561,2.568,FALSE,"[M+H]+1","CCCCCC(=O)OC(CC(=O)[O-])C[N+](C)(C)C","VVPRQWTYSNDTEA-UHFFFAOYSA-N","Lipids and lipid-like molecules","Fatty Acyls","Fatty acid esters",NA,6426853,"CHEBI:70749",NA,NA,"6418-78-6",713251.276919015,324809.384299352,45.5392643252472,1527219.3043559,638449.770812358,"C8","Pos",1
"Amide-Pos-000368","Histamine","C5 H9 N3",111.07965,60.9,"NIST23",2170,-1.26,144.11301,13.271,FALSE,"[M+H+MeOH]+1","NCCc1c[nH]cn1","NTYJJOPFIAHURM-UHFFFAOYSA-N","Organic nitrogen compounds","Organonitrogen compounds","Amines","kegg:map00340;reactome:R-HSA-2408508;reactome:R-HSA-375280;reactome:R-HSA-390650;reactome:R-HSA-442660;reactome:R-HSA-549127;reactome:R-HSA-549132;reactome:R-HSA-70921;wiki:WP2596;wiki:WP2597;wiki:WP4486;wiki:WP4545;wiki:WP4988;wiki:WP5097;wiki:WP550;wiki:WP58",774,"CHEBI:18295","HMDB0000870","C00388","51-45-6",1058495.61914717,815622.514586604,77.0548786251712,3124990.1734876,886349.238235094,"Amide","Pos",0
"Amide-Pos-000445","Histamine","C5 H9 N3",111.07965,58.4,"MoNA",144066,-1.02,112.08682,15.174,FALSE,"[M+H]+1","C1=C(NC=N1)CCN","NTYJJOPFIAHURM-UHFFFAOYSA-N","Organic nitrogen compounds","Organonitrogen compounds","Amines","kegg:map00340;reactome:R-HSA-2408508;reactome:R-HSA-375280;reactome:R-HSA-390650;reactome:R-HSA-442660;reactome:R-HSA-549127;reactome:R-HSA-549132;reactome:R-HSA-70921;wiki:WP2596;wiki:WP2597;wiki:WP4486;wiki:WP4545;wiki:WP4988;wiki:WP5097;wiki:WP550;wiki:WP58",774,"CHEBI:18295","HMDB0000870","C00388","51-45-6",601098.229660156,352993.884768849,58.7248252200679,1572809.61374496,487803.198673788,"Amide","Pos",0
"Amide-Pos-000253","Hymexazol","C4 H5 N O2",99.03203,86.2,"mzCloud",1633,-1.29,100.03918,6.567,FALSE,"[M+H]+1","CC1=CC(=O)NO1","KGVPNLBXJKTABS-UHFFFAOYSA-N","Organoheterocyclic compounds","Azoles","Isoxazoles",NA,24781,"CHEBI:5827",NA,"C11103","10004-44-1",6005305.23166601,940534.601748396,15.6617285127982,8027018.78017075,5861520.08344546,"Amide","Pos",0
"Amide-Pos-000452","Hymexazol","C4 H5 N O2",99.03203,86.2,"mzCloud",1633,-1.49,117.0657,8.567,FALSE,"[M+NH4]+1","CC1=CC(=O)NO1","KGVPNLBXJKTABS-UHFFFAOYSA-N","Organoheterocyclic compounds","Azoles","Isoxazoles",NA,24781,"CHEBI:5827",NA,"C11103","10004-44-1",1067551.06348649,179151.734447234,16.7815611425787,1504652.4858902,1075721.19238654,"Amide","Pos",0
"C18-Pos-000160","Hypaphorine","C14 H18 N2 O2",246.13683,85.1,"NIST23",14904,-1.43,247.14375,6.856,FALSE,"[M+H]+1","C[N+](C)(C)C(Cc1c[nH]c2ccccc12)C(=O)[O-]","AOHCBEAZXHZMOR-UHFFFAOYSA-N","Organic acids and derivatives","Carboxylic acids and derivatives","Amino acids, peptides, and analogues",NA,3861164,"CHEBI:181719",NA,NA,NA,781809.9985274,1581142.71811388,202.241301734703,7381006.74549469,269775.667066833,"C18","Pos",1
"Amide-Neg-000223","Hypotaurine","C2 H7 N O2 S",109.01975,51.3,"mzCloud",440,-0.7,108.0124,11.388,FALSE,"[M-H]-1","C(CS(=O)O)N","VVIUBCNYACGLLV-UHFFFAOYSA-N","Organic acids and derivatives","Sulfinic acids and derivatives","Sulfinic acids","kegg:map00430;reactome:R-HSA-1614558;reactome:R-HSA-1614635;reactome:R-HSA-8963693;wiki:WP2525;wiki:WP3574;wiki:WP4292;wiki:WP4504;wiki:WP4979",107812,"CHEBI:16668","HMDB0000965","C00519","300-84-5",2439194.63232304,1645332.21355971,67.4539125232795,6725459.5187818,2108670.54853759,"Amide","Neg",1
"Amide-Pos-000158","Hypotaurine","C2 H7 N O2 S",109.01975,97.1,"mzCloud",440,-1.2,110.02689,11.37,FALSE,"[M+H]+1","C(CS(=O)O)N","VVIUBCNYACGLLV-UHFFFAOYSA-N","Organic acids and derivatives","Sulfinic acids and derivatives","Sulfinic acids","kegg:map00430;reactome:R-HSA-1614558;reactome:R-HSA-1614635;reactome:R-HSA-8963693;wiki:WP2525;wiki:WP3574;wiki:WP4292;wiki:WP4504;wiki:WP4979",107812,"CHEBI:16668","HMDB0000965","C00519","300-84-5",10541594.4996039,3912790.18677184,37.117631368944,19677614.7178883,10410097.118148,"Amide","Pos",1
"C18-Neg-000139","Hypotaurine","C2 H7 N O2 S",109.01975,51.4,"mzCloud",440,-0.35,108.01243,1.154,FALSE,"[M-H]-1","C(CS(=O)O)N","VVIUBCNYACGLLV-UHFFFAOYSA-N","Organic acids and derivatives","Sulfinic acids and derivatives","Sulfinic acids","kegg:map00430;reactome:R-HSA-1614558;reactome:R-HSA-1614635;reactome:R-HSA-8963693;wiki:WP2525;wiki:WP3574;wiki:WP4292;wiki:WP4504;wiki:WP4979",107812,"CHEBI:16668","HMDB0000965","C00519","300-84-5",844071.540962925,403674.381294109,47.8246643446352,2241964.47558662,818040.430454713,"C18","Neg",1
"Amide-Neg-000004","Hypoxanthine","C5 H4 N4 O",136.03851,99.6,"mzCloud",441,-0.26,135.0312,4.519,FALSE,"[M-H]-1","C1=NC2=C(N1)C(=O)NC=N2","FDGQSTZJBFJUBT-UHFFFAOYSA-N","Organoheterocyclic compounds","Imidazopyrimidines","Purines and purine derivatives","reactome:R-HSA-110331;reactome:R-HSA-425397;reactome:R-HSA-73884;reactome:R-HSA-73927;reactome:R-HSA-73929;reactome:R-HSA-74217;reactome:R-HSA-74259;reactome:R-HSA-83936;reactome:R-HSA-8956319;reactome:R-HSA-8956321;reactome:R-HSA-9734207;reactome:R-HSA-9734281;reactome:R-HSA-9735804;wiki:WP1937;wiki:WP3399;wiki:WP4042;wiki:WP4082;wiki:WP4224;wiki:WP4792;wiki:WP661",790,NA,"HMDB0000157",NA,"68-94-0",55028767.5220763,49162293.0926901,89.3392589121087,260866665.855024,45140060.132464,"Amide","Neg",1
"Amide-Neg-000089","Hypoxanthine","C5 H4 N4 O",136.03851,99.6,"mzCloud",441,-1.23,135.03107,4.981,FALSE,"[M-H]-1","C1=NC2=C(N1)C(=O)NC=N2","FDGQSTZJBFJUBT-UHFFFAOYSA-N","Organoheterocyclic compounds","Imidazopyrimidines","Purines and purine derivatives","reactome:R-HSA-110331;reactome:R-HSA-425397;reactome:R-HSA-73884;reactome:R-HSA-73927;reactome:R-HSA-73929;reactome:R-HSA-74217;reactome:R-HSA-74259;reactome:R-HSA-83936;reactome:R-HSA-8956319;reactome:R-HSA-8956321;reactome:R-HSA-9734207;reactome:R-HSA-9734281;reactome:R-HSA-9735804;wiki:WP1937;wiki:WP3399;wiki:WP4042;wiki:WP4082;wiki:WP4224;wiki:WP4792;wiki:WP661",790,NA,"HMDB0000157",NA,"68-94-0",3286051.5063731,1259403.80709519,38.3257476230258,5141455.0248469,3420396.69634513,"Amide","Neg",1
"Amide-Pos-000019","Hypoxanthine","C5 H4 N4 O",136.03851,91.6,"NIST23",914,-1.29,137.04561,6.285,FALSE,"[M+H]+1","Oc1ncnc2nc[nH]c12","FDGQSTZJBFJUBT-UHFFFAOYSA-N","Organoheterocyclic compounds","Imidazopyrimidines","Purines and purine derivatives","reactome:R-HSA-110331;reactome:R-HSA-425397;reactome:R-HSA-73884;reactome:R-HSA-73927;reactome:R-HSA-73929;reactome:R-HSA-74217;reactome:R-HSA-74259;reactome:R-HSA-83936;reactome:R-HSA-8956319;reactome:R-HSA-8956321;reactome:R-HSA-9734207;reactome:R-HSA-9734281;reactome:R-HSA-9735804;wiki:WP1937;wiki:WP3399;wiki:WP4042;wiki:WP4082;wiki:WP4224;wiki:WP4792;wiki:WP661",790,NA,"HMDB0000157",NA,"68-94-0",726232788.272457,240416585.90044,33.1046173875372,1399340689.89614,739679059.319438,"Amide","Pos",1
"Amide-Pos-000036","Hypoxanthine","C5 H4 N4 O",136.03851,91.6,"NIST23",914,-0.96,137.04566,4.904,FALSE,"[M+H]+1","Oc1ncnc2nc[nH]c12","FDGQSTZJBFJUBT-UHFFFAOYSA-N","Organoheterocyclic compounds","Imidazopyrimidines","Purines and purine derivatives","reactome:R-HSA-110331;reactome:R-HSA-425397;reactome:R-HSA-73884;reactome:R-HSA-73927;reactome:R-HSA-73929;reactome:R-HSA-74217;reactome:R-HSA-74259;reactome:R-HSA-83936;reactome:R-HSA-8956319;reactome:R-HSA-8956321;reactome:R-HSA-9734207;reactome:R-HSA-9734281;reactome:R-HSA-9735804;wiki:WP1937;wiki:WP3399;wiki:WP4042;wiki:WP4082;wiki:WP4224;wiki:WP4792;wiki:WP661",790,NA,"HMDB0000157",NA,"68-94-0",233254803.215247,223669014.383375,95.8904216763221,612746142.399643,120468348.488514,"Amide","Pos",1
"C18-Pos-000014","Hypoxanthine","C5 H4 N4 O",136.03851,88.8,"NIST23",914,-0.77,137.04568,1.854,FALSE,"[M+H]+1","Oc1ncnc2nc[nH]c12","FDGQSTZJBFJUBT-UHFFFAOYSA-N","Organoheterocyclic compounds","Imidazopyrimidines","Purines and purine derivatives","reactome:R-HSA-110331;reactome:R-HSA-425397;reactome:R-HSA-73884;reactome:R-HSA-73927;reactome:R-HSA-73929;reactome:R-HSA-74217;reactome:R-HSA-74259;reactome:R-HSA-83936;reactome:R-HSA-8956319;reactome:R-HSA-8956321;reactome:R-HSA-9734207;reactome:R-HSA-9734281;reactome:R-HSA-9735804;wiki:WP1937;wiki:WP3399;wiki:WP4042;wiki:WP4082;wiki:WP4224;wiki:WP4792;wiki:WP661",790,NA,"HMDB0000157",NA,"68-94-0",52070011.476886,39130818.49703,75.1503934551662,215693664.640845,42230409.7563159,"C18","Pos",1
"C18-Pos-000026","Hypoxanthine","C5 H4 N4 O",136.03851,88.8,"NIST23",914,-0.42,137.04573,3.863,FALSE,"[M+H]+1","Oc1ncnc2nc[nH]c12","FDGQSTZJBFJUBT-UHFFFAOYSA-N","Organoheterocyclic compounds","Imidazopyrimidines","Purines and purine derivatives","reactome:R-HSA-110331;reactome:R-HSA-425397;reactome:R-HSA-73884;reactome:R-HSA-73927;reactome:R-HSA-73929;reactome:R-HSA-74217;reactome:R-HSA-74259;reactome:R-HSA-83936;reactome:R-HSA-8956319;reactome:R-HSA-8956321;reactome:R-HSA-9734207;reactome:R-HSA-9734281;reactome:R-HSA-9735804;wiki:WP1937;wiki:WP3399;wiki:WP4042;wiki:WP4082;wiki:WP4224;wiki:WP4792;wiki:WP661",790,NA,"HMDB0000157",NA,"68-94-0",55554207.3078206,26798453.2199407,48.2383864672085,74503575.3049512,55554207.3078206,"C18","Pos",1
"Amide-Neg-000016","INO","C10 H12 N4 O5",268.08077,96.9,"MoNA",142993,-0.02,267.07347,6.33,FALSE,"[M-H]-1","C1=NC2=C(C(=O)N1)N=CN2[C@H]3[C@@H]([C@@H]([C@H](O3)CO)O)O","UGQMRVRMYYASKQ-KQYNXXCUSA-N","Nucleosides, nucleotides, and analogues","Purine nucleosides",NA,"reactome:R-HSA-2161522;reactome:R-HSA-2161541;reactome:R-HSA-425397;reactome:R-HSA-5619063;reactome:R-HSA-5683826;reactome:R-HSA-74217;reactome:R-HSA-74259;reactome:R-HSA-83936;reactome:R-HSA-8956319;reactome:R-HSA-8956321;reactome:R-HSA-9735763;reactome:R-HSA-9735786;reactome:R-HSA-9735804;reactome:R-HSA-9755088;wiki:WP1937;wiki:WP2712;wiki:WP3579;wiki:WP4042;wiki:WP4082;wiki:WP4224;wiki:WP4485;wiki:WP4792",6021,NA,NA,NA,NA,51972969.2713965,20735928.3677189,39.8975249219232,116079740.439322,53859867.4706369,"Amide","Neg",1
"C18-Neg-000030","INO","C10 H12 N4 O5",268.08077,95.7,"MoNA",133968,0.19,267.07354,3.124,FALSE,"[M-H]-1","C1=NC2=C(C(=O)N1)N=CN2[C@H]3[C@@H]([C@@H]([C@H](O3)CO)O)O","UGQMRVRMYYASKQ-KQYNXXCUSA-N","Nucleosides, nucleotides, and analogues","Purine nucleosides",NA,"reactome:R-HSA-2161522;reactome:R-HSA-2161541;reactome:R-HSA-425397;reactome:R-HSA-5619063;reactome:R-HSA-5683826;reactome:R-HSA-74217;reactome:R-HSA-74259;reactome:R-HSA-83936;reactome:R-HSA-8956319;reactome:R-HSA-8956321;reactome:R-HSA-9735763;reactome:R-HSA-9735786;reactome:R-HSA-9735804;reactome:R-HSA-9755088;wiki:WP1937;wiki:WP2712;wiki:WP3579;wiki:WP4042;wiki:WP4082;wiki:WP4224;wiki:WP4485;wiki:WP4792",6021,NA,NA,NA,NA,10392154.3223807,4982219.72219337,47.9421260273589,25011505.6913294,8933972.96793634,"C18","Neg",1
"C8-Neg-000034","INO","C10 H12 N4 O5",268.08077,85.3,"MoNA",133968,-0.45,267.07337,0.983,FALSE,"[M-H]-1","C1=NC2=C(C(=O)N1)N=CN2[C@H]3[C@@H]([C@@H]([C@H](O3)CO)O)O","UGQMRVRMYYASKQ-KQYNXXCUSA-N","Nucleosides, nucleotides, and analogues","Purine nucleosides",NA,"reactome:R-HSA-2161522;reactome:R-HSA-2161541;reactome:R-HSA-425397;reactome:R-HSA-5619063;reactome:R-HSA-5683826;reactome:R-HSA-74217;reactome:R-HSA-74259;reactome:R-HSA-83936;reactome:R-HSA-8956319;reactome:R-HSA-8956321;reactome:R-HSA-9735763;reactome:R-HSA-9735786;reactome:R-HSA-9735804;reactome:R-HSA-9755088;wiki:WP1937;wiki:WP2712;wiki:WP3579;wiki:WP4042;wiki:WP4082;wiki:WP4224;wiki:WP4485;wiki:WP4792",6021,NA,NA,NA,NA,2740012.48850461,2177102.14044284,79.4559203498745,9742874.84278306,2000237.82552332,"C8","Neg",1
"Amide-Pos-000083","Imidazoleacetic acid","C5 H6 N2 O2",126.04293,77.7,"mzCloud",442,-2.08,159.07616,4.865,FALSE,"[M+H+MeOH]+1","C1=C(N=CN1)CC(=O)O","PRJKNHOMHKJCEJ-UHFFFAOYSA-N","Organoheterocyclic compounds","Azoles","Imidazoles","kegg:map00340",96215,"CHEBI:16974","HMDB0002024","C02835","645-65-8",7990613.38563603,6235895.03104933,78.0402546099778,16762062.9685485,9066987.61519681,"Amide","Pos",1
"Amide-Pos-000119","Imidazoleacetic acid","C5 H6 N2 O2",126.04293,77.7,"mzCloud",442,-1.24,159.07625,5.823,FALSE,"[M+H+MeOH]+1","C1=C(N=CN1)CC(=O)O","PRJKNHOMHKJCEJ-UHFFFAOYSA-N","Organoheterocyclic compounds","Azoles","Imidazoles","kegg:map00340",96215,"CHEBI:16974","HMDB0002024","C02835","645-65-8",14944369.7094907,5548726.55047271,37.1292109224847,21289779.6607881,14549183.2069637,"Amide","Pos",1
"C18-Pos-000326","Imidazoleacetic acid","C5 H6 N2 O2",126.04293,61.8,"mzCloud",442,-1.24,127.04997,0.628,FALSE,"[M+H]+1","C1=C(N=CN1)CC(=O)O","PRJKNHOMHKJCEJ-UHFFFAOYSA-N","Organoheterocyclic compounds","Azoles","Imidazoles","kegg:map00340",96215,"CHEBI:16974","HMDB0002024","C02835","645-65-8",55402.4109379006,33211.1629870149,59.9453388846933,124190.290398977,49178.3547977207,"C18","Pos",1
"C18-Pos-000330","Imidazoleacetic acid","C5 H6 N2 O2",126.04293,61.8,"mzCloud",442,-1.47,127.05003,0.583,FALSE,"[M+H]+1","C1=C(N=CN1)CC(=O)O","PRJKNHOMHKJCEJ-UHFFFAOYSA-N","Organoheterocyclic compounds","Azoles","Imidazoles","kegg:map00340",96215,"CHEBI:16974","HMDB0002024","C02835","645-65-8",58258.8439988027,21181.5457471814,36.357648544514,102256.705708088,54062.5688390044,"C18","Pos",1
"Amide-Pos-000157","Imidazolelactic acid","C6 H8 N2 O3",156.05349,86.8,"mzCloud",443,-1.09,157.0606,5.188,FALSE,"[M+H]+1","C1=CN(C=N1)CC(C(=O)O)O","JTYMXXCJQKGGFG-UHFFFAOYSA-N","Organoheterocyclic compounds","Azoles","Imidazoles",NA,459122,"CHEBI:70808","HMDB0002320",NA,"876-19-7",6995046.24960344,6207883.99131385,88.7468612758034,19848627.6980409,5445865.37341535,"Amide","Pos",0
"Amide-Pos-000250","Imidazolelactic acid","C6 H8 N2 O3",156.05349,86.8,"mzCloud",443,-0.79,157.06065,4.944,FALSE,"[M+H]+1","C1=CN(C=N1)CC(C(=O)O)O","JTYMXXCJQKGGFG-UHFFFAOYSA-N","Organoheterocyclic compounds","Azoles","Imidazoles",NA,459122,"CHEBI:70808","HMDB0002320",NA,"876-19-7",1419255.24925266,2012471.2939942,141.797699536705,8111856.89332165,999832.348112496,"Amide","Pos",0
"Amide-Pos-000056","Inosine","C10 H12 N4 O5",268.08077,99.8,"mzCloud",1234,-1.24,269.08774,6.283,FALSE,"[M+H]+1","OC[C@H]1O[C@@H](n2cnc3c(O)ncnc32)[C@H](O)[C@@H]1O","UGQMRVRMYYASKQ-KQYNXXCUSA-N","Nucleosides, nucleotides, and analogues","Purine nucleosides",NA,"reactome:R-HSA-2161522;reactome:R-HSA-2161541;reactome:R-HSA-425397;reactome:R-HSA-5619063;reactome:R-HSA-5683826;reactome:R-HSA-74217;reactome:R-HSA-74259;reactome:R-HSA-83936;reactome:R-HSA-8956319;reactome:R-HSA-8956321;reactome:R-HSA-9735763;reactome:R-HSA-9735786;reactome:R-HSA-9735804;reactome:R-HSA-9755088;wiki:WP1937;wiki:WP2712;wiki:WP3579;wiki:WP4042;wiki:WP4082;wiki:WP4224;wiki:WP4485;wiki:WP4792",6021,NA,NA,NA,NA,123686920.54663,42314189.2096463,34.2107225425616,251192010.8127,124237731.155511,"Amide","Pos",1
"Amide-Pos-000323","Inosine","C10 H12 N4 O5",268.08077,99.8,"mzCloud",1234,-0.63,269.08788,7.073,FALSE,"[M+H]+1","OC[C@H]1O[C@@H](n2cnc3c(O)ncnc32)[C@H](O)[C@@H]1O","UGQMRVRMYYASKQ-KQYNXXCUSA-N","Nucleosides, nucleotides, and analogues","Purine nucleosides",NA,"reactome:R-HSA-2161522;reactome:R-HSA-2161541;reactome:R-HSA-425397;reactome:R-HSA-5619063;reactome:R-HSA-5683826;reactome:R-HSA-74217;reactome:R-HSA-74259;reactome:R-HSA-83936;reactome:R-HSA-8956319;reactome:R-HSA-8956321;reactome:R-HSA-9735763;reactome:R-HSA-9735786;reactome:R-HSA-9735804;reactome:R-HSA-9755088;wiki:WP1937;wiki:WP2712;wiki:WP3579;wiki:WP4042;wiki:WP4082;wiki:WP4224;wiki:WP4485;wiki:WP4792",6021,NA,NA,NA,NA,729212.922643079,990194.862824287,135.789538566495,3501675.49038113,319475.153493022,"Amide","Pos",1
"C18-Pos-000052","Inosine","C10 H12 N4 O5",268.08077,100,"mzCloud",1234,-0.98,269.08779,3.151,FALSE,"[M+H]+1","OC[C@H]1O[C@@H](n2cnc3c(O)ncnc32)[C@H](O)[C@@H]1O","UGQMRVRMYYASKQ-KQYNXXCUSA-N","Nucleosides, nucleotides, and analogues","Purine nucleosides",NA,"reactome:R-HSA-2161522;reactome:R-HSA-2161541;reactome:R-HSA-425397;reactome:R-HSA-5619063;reactome:R-HSA-5683826;reactome:R-HSA-74217;reactome:R-HSA-74259;reactome:R-HSA-83936;reactome:R-HSA-8956319;reactome:R-HSA-8956321;reactome:R-HSA-9735763;reactome:R-HSA-9735786;reactome:R-HSA-9735804;reactome:R-HSA-9755088;wiki:WP1937;wiki:WP2712;wiki:WP3579;wiki:WP4042;wiki:WP4082;wiki:WP4224;wiki:WP4485;wiki:WP4792",6021,NA,NA,NA,NA,22206523.6215588,10453340.1182935,47.0732848438513,57785755.3452729,19244552.2107819,"C18","Pos",1
"C18-Pos-000061","Inosine","C10 H12 N4 O5",268.08077,100,"mzCloud",1234,-0.81,269.08783,3.559,FALSE,"[M+H]+1","OC[C@H]1O[C@@H](n2cnc3c(O)ncnc32)[C@H](O)[C@@H]1O","UGQMRVRMYYASKQ-KQYNXXCUSA-N","Nucleosides, nucleotides, and analogues","Purine nucleosides",NA,"reactome:R-HSA-2161522;reactome:R-HSA-2161541;reactome:R-HSA-425397;reactome:R-HSA-5619063;reactome:R-HSA-5683826;reactome:R-HSA-74217;reactome:R-HSA-74259;reactome:R-HSA-83936;reactome:R-HSA-8956319;reactome:R-HSA-8956321;reactome:R-HSA-9735763;reactome:R-HSA-9735786;reactome:R-HSA-9735804;reactome:R-HSA-9755088;wiki:WP1937;wiki:WP2712;wiki:WP3579;wiki:WP4042;wiki:WP4082;wiki:WP4224;wiki:WP4485;wiki:WP4792",6021,NA,NA,NA,NA,30292277.8391633,27520268.871682,90.8491233897983,49752046.5784067,30292277.8391633,"C18","Pos",1
"Amide-Neg-000381","Inosine-5'-monophosphate (IMP)","C10 H13 N4 O8 P",348.0471,52.6,"mzCloud",452,0.48,347.03999,13.298,FALSE,"[M-H]-1","O=C3/N=C\Nc1c3ncn1C2OC(C(O)C2O)COP(=O)(O)O","GRSZFWQUAKGDAV-KQYNXXCUSA-N","Nucleosides, nucleotides, and analogues","Purine nucleotides","Purine ribonucleotides","kegg:map00250;reactome:R-HSA-2161522;reactome:R-HSA-2161541;reactome:R-HSA-2393930;reactome:R-HSA-3000480;reactome:R-HSA-73817;reactome:R-HSA-74217;reactome:R-HSA-74259;reactome:R-HSA-8850843;reactome:R-HSA-8956319;reactome:R-HSA-8956320;reactome:R-HSA-8956321;reactome:R-HSA-9717189;reactome:R-HSA-9717207;reactome:R-HSA-9755088;wiki:WP2712;wiki:WP4042;wiki:WP4082;wiki:WP4084;wiki:WP4224;wiki:WP4290;wiki:WP4792",8582,NA,NA,NA,NA,758173.231185558,470080.068064505,62.0016704268811,2049736.7955776,568373.966326944,"Amide","Neg",1
"Amide-Pos-000198","Inosine-5'-monophosphate (IMP)","C10 H13 N4 O8 P",348.0471,99.3,"mzCloud",452,-1.28,349.05392,13.272,FALSE,"[M+H]+1","O=C3/N=C\Nc1c3ncn1C2OC(C(O)C2O)COP(=O)(O)O","GRSZFWQUAKGDAV-KQYNXXCUSA-N","Nucleosides, nucleotides, and analogues","Purine nucleotides","Purine ribonucleotides","kegg:map00250;reactome:R-HSA-2161522;reactome:R-HSA-2161541;reactome:R-HSA-2393930;reactome:R-HSA-3000480;reactome:R-HSA-73817;reactome:R-HSA-74217;reactome:R-HSA-74259;reactome:R-HSA-8850843;reactome:R-HSA-8956319;reactome:R-HSA-8956320;reactome:R-HSA-8956321;reactome:R-HSA-9717189;reactome:R-HSA-9717207;reactome:R-HSA-9755088;wiki:WP2712;wiki:WP4042;wiki:WP4082;wiki:WP4084;wiki:WP4224;wiki:WP4290;wiki:WP4792",8582,NA,NA,NA,NA,4114636.23087285,2239471.49699253,54.4269619800014,11911780.5592595,3981205.9983975,"Amide","Pos",1
"C18-Neg-000055","Inosine-5'-monophosphate (IMP)","C10 H13 N4 O8 P",348.0471,69.2,"mzCloud",452,0.01,347.03983,2.631,FALSE,"[M-H]-1","O=C3/N=C\Nc1c3ncn1C2OC(C(O)C2O)COP(=O)(O)O","GRSZFWQUAKGDAV-KQYNXXCUSA-N","Nucleosides, nucleotides, and analogues","Purine nucleotides","Purine ribonucleotides","kegg:map00250;reactome:R-HSA-2161522;reactome:R-HSA-2161541;reactome:R-HSA-2393930;reactome:R-HSA-3000480;reactome:R-HSA-73817;reactome:R-HSA-74217;reactome:R-HSA-74259;reactome:R-HSA-8850843;reactome:R-HSA-8956319;reactome:R-HSA-8956320;reactome:R-HSA-8956321;reactome:R-HSA-9717189;reactome:R-HSA-9717207;reactome:R-HSA-9755088;wiki:WP2712;wiki:WP4042;wiki:WP4082;wiki:WP4084;wiki:WP4224;wiki:WP4290;wiki:WP4792",8582,NA,NA,NA,NA,2557516.19142631,5464564.21635338,213.66684733698,12331176.1981934,84588.3964961021,"C18","Neg",1
"C18-Neg-000056","Inosine-5'-monophosphate (IMP)","C10 H13 N4 O8 P",348.0471,69.2,"mzCloud",452,0.53,347.04001,4.36,FALSE,"[M-H]-1","O=C3/N=C\Nc1c3ncn1C2OC(C(O)C2O)COP(=O)(O)O","GRSZFWQUAKGDAV-KQYNXXCUSA-N","Nucleosides, nucleotides, and analogues","Purine nucleotides","Purine ribonucleotides","kegg:map00250;reactome:R-HSA-2161522;reactome:R-HSA-2161541;reactome:R-HSA-2393930;reactome:R-HSA-3000480;reactome:R-HSA-73817;reactome:R-HSA-74217;reactome:R-HSA-74259;reactome:R-HSA-8850843;reactome:R-HSA-8956319;reactome:R-HSA-8956320;reactome:R-HSA-8956321;reactome:R-HSA-9717189;reactome:R-HSA-9717207;reactome:R-HSA-9755088;wiki:WP2712;wiki:WP4042;wiki:WP4082;wiki:WP4084;wiki:WP4224;wiki:WP4290;wiki:WP4792",8582,NA,NA,NA,NA,3948377.52849319,2866562.74439047,72.6010297572643,7986109.38443926,3246417.62673987,"C18","Neg",1
"C18-Pos-000075","Inosine-5'-monophosphate (IMP)","C10 H13 N4 O8 P",348.0471,95.4,"mzCloud",452,-1.17,349.05397,2.348,FALSE,"[M+H]+1","O=C3/N=C\Nc1c3ncn1C2OC(C(O)C2O)COP(=O)(O)O","GRSZFWQUAKGDAV-KQYNXXCUSA-N","Nucleosides, nucleotides, and analogues","Purine nucleotides","Purine ribonucleotides","kegg:map00250;reactome:R-HSA-2161522;reactome:R-HSA-2161541;reactome:R-HSA-2393930;reactome:R-HSA-3000480;reactome:R-HSA-73817;reactome:R-HSA-74217;reactome:R-HSA-74259;reactome:R-HSA-8850843;reactome:R-HSA-8956319;reactome:R-HSA-8956320;reactome:R-HSA-8956321;reactome:R-HSA-9717189;reactome:R-HSA-9717207;reactome:R-HSA-9755088;wiki:WP2712;wiki:WP4042;wiki:WP4082;wiki:WP4084;wiki:WP4224;wiki:WP4290;wiki:WP4792",8582,NA,NA,NA,NA,13190169.659616,9054671.30616144,68.6471178144426,41016800.705545,12162289.0375924,"C18","Pos",1
"C18-Pos-000097","Inosine-5'-monophosphate (IMP)","C10 H13 N4 O8 P",348.0471,95.4,"mzCloud",452,-0.77,349.05411,3.441,FALSE,"[M+H]+1","O=C3/N=C\Nc1c3ncn1C2OC(C(O)C2O)COP(=O)(O)O","GRSZFWQUAKGDAV-KQYNXXCUSA-N","Nucleosides, nucleotides, and analogues","Purine nucleotides","Purine ribonucleotides","kegg:map00250;reactome:R-HSA-2161522;reactome:R-HSA-2161541;reactome:R-HSA-2393930;reactome:R-HSA-3000480;reactome:R-HSA-73817;reactome:R-HSA-74217;reactome:R-HSA-74259;reactome:R-HSA-8850843;reactome:R-HSA-8956319;reactome:R-HSA-8956320;reactome:R-HSA-8956321;reactome:R-HSA-9717189;reactome:R-HSA-9717207;reactome:R-HSA-9755088;wiki:WP2712;wiki:WP4042;wiki:WP4082;wiki:WP4084;wiki:WP4224;wiki:WP4290;wiki:WP4792",8582,NA,NA,NA,NA,7710220.76235956,4845774.17975494,62.8487086052253,12524472.4901405,7772662.19403898,"C18","Pos",1
"Amide-Pos-000448","Isobutyrate","C4 H8 O2",88.05243,76.9,"MoNA",43804,-1.06,89.0596,1.064,FALSE,"[M+H]+1","CC(C)C(=O)O","KQNPFQTWMSNSAP-UHFFFAOYSA-N","Organic acids and derivatives","Carboxylic acids and derivatives","Carboxylic acids",NA,6590,"CHEBI:16135","HMDB0001873","C02632","79-31-2",921961.077296609,264390.209732447,28.6769383483842,1545623.62513688,824914.512903282,"Amide","Pos",1
"Amide-Neg-000422","Isobutyric acid","C4 H8 O2",88.05243,98.7,"mzCloud",2753,-0.24,87.04513,1.988,FALSE,"[M-H]-1","CC(C)C(=O)O","KQNPFQTWMSNSAP-UHFFFAOYSA-N","Organic acids and derivatives","Carboxylic acids and derivatives","Carboxylic acids",NA,6590,"CHEBI:16135","HMDB0001873","C02632","79-31-2",835998.594013224,347471.412434517,41.5636359825051,1542214.40822474,818496.260484895,"Amide","Neg",1
"Amide-Neg-000007","Itaconic acid","C5 H6 O4",130.02661,99.3,"mzCloud",1306,-0.25,129.0193,3.211,FALSE,"[M-H]-1","C=C(CC(=O)O)C(=O)O","LVHBHZANLOWSRM-UHFFFAOYSA-N","Lipids and lipid-like molecules","Fatty Acyls","Fatty acids and conjugates",NA,811,"CHEBI:30838","HMDB0002092","C00490","97-65-4",95128482.1725868,25283275.7313133,26.5780291600187,128278222.588325,101686774.691338,"Amide","Neg",0
"Amide-Neg-000149","Itaconic acid","C5 H6 O4",130.02661,99.3,"mzCloud",1306,-0.76,111.00865,13.827,FALSE,"[M-H-H2O]-1","C=C(CC(=O)O)C(=O)O","LVHBHZANLOWSRM-UHFFFAOYSA-N","Lipids and lipid-like molecules","Fatty Acyls","Fatty acids and conjugates",NA,811,"CHEBI:30838","HMDB0002092","C00490","97-65-4",2692415.73991179,1054991.38041614,39.1838216058973,4071835.68179248,2603724.16628577,"Amide","Neg",0
"Amide-Neg-000287","Kojic acid","C6 H6 O4",142.02661,71.2,"MoNA",49581,0.02,141.01933,5.657,FALSE,"[M-H]-1","C1=C(OC=C(C1=O)O)CO","BEJNERDRQOWKJM-UHFFFAOYSA-N","Organoheterocyclic compounds","Pyrans","Pyranones and derivatives",NA,3840,"CHEBI:43572","HMDB0032923","C14516","501-30-4",2159836.30364591,440328.857596896,20.3871403056611,3278026.18454207,2155130.79353927,"Amide","Neg",1
"Amide-Neg-000344","Kojic acid","C6 H6 O4",142.02661,71.2,"MoNA",49581,0.65,141.01942,6.356,FALSE,"[M-H]-1","C1=C(OC=C(C1=O)O)CO","BEJNERDRQOWKJM-UHFFFAOYSA-N","Organoheterocyclic compounds","Pyrans","Pyranones and derivatives",NA,3840,"CHEBI:43572","HMDB0032923","C14516","501-30-4",2062715.34241007,626320.821931635,30.3638999068016,2918908.61110356,2156916.73598611,"Amide","Neg",1
"Amide-Pos-000519","Kojic acid","C6 H6 O4",142.02661,58.2,"NIST23",10931,-0.82,143.03373,5.098,FALSE,"[M+H]+1","O=c1cc(CO)occ1O","BEJNERDRQOWKJM-UHFFFAOYSA-N","Organoheterocyclic compounds","Pyrans","Pyranones and derivatives",NA,3840,"CHEBI:43572","HMDB0032923","C14516","501-30-4",74126.815089771,98112.6418600141,132.357827246719,436366.161446224,45767.6867967048,"Amide","Pos",1
"Amide-Pos-000324","L(+)-Ornithine","C5 H12 N2 O2",132.08988,97.2,"mzCloud",3215,-0.76,133.09702,15.056,FALSE,"[M+H]+1","C(CC(C(=O)O)N)CN","AHLPHDHHMVZTML-BYPYZUCNSA-N","Organic acids and derivatives","Carboxylic acids and derivatives","Amino acids, peptides, and analogues","kegg:map00330;reactome:R-HSA-351202;reactome:R-HSA-352230;reactome:R-HSA-420499;reactome:R-HSA-70635;reactome:R-HSA-71288;reactome:R-HSA-8964539;wiki:WP2525;wiki:WP3555;wiki:WP3580;wiki:WP3602;wiki:WP4225;wiki:WP4571;wiki:WP4583;wiki:WP4595;wiki:WP497;wiki:WP4973;wiki:WP4992;wiki:WP5002;wiki:WP5078;wiki:WP661",6262,"CHEBI:15729","HMDB0000214","C00077","70-26-8",3016372.75073005,674340.419083154,22.3560042080324,4234651.99850472,2880956.06271722,"Amide","Pos",1
"C18-Pos-000238","L(+)-Ornithine","C5 H12 N2 O2",132.08988,91.9,"mzCloud",3215,-1.14,116.07046,0.888,FALSE,"[M+H-NH3]+1","C(CC(C(=O)O)N)CN","AHLPHDHHMVZTML-BYPYZUCNSA-N","Organic acids and derivatives","Carboxylic acids and derivatives","Amino acids, peptides, and analogues","kegg:map00330;reactome:R-HSA-351202;reactome:R-HSA-352230;reactome:R-HSA-420499;reactome:R-HSA-70635;reactome:R-HSA-71288;reactome:R-HSA-8964539;wiki:WP2525;wiki:WP3555;wiki:WP3580;wiki:WP3602;wiki:WP4225;wiki:WP4571;wiki:WP4583;wiki:WP4595;wiki:WP497;wiki:WP4973;wiki:WP4992;wiki:WP5002;wiki:WP5078;wiki:WP661",6262,"CHEBI:15729","HMDB0000214","C00077","70-26-8",1016333.14274466,223165.676488952,21.9579257138346,1602839.30445323,1007185.5638833,"C18","Pos",1
"Amide-Pos-000341","L-(+)-Citrulline","C6 H13 N3 O3",175.09569,98.4,"mzCloud",1240,-0.98,176.10281,12.738,FALSE,"[M+H]+1","C(CC(C(=O)O)N)CNC(=O)N","RHGKLRLOHDJJDR-UHFFFAOYSA-N","Organic acids and derivatives","Carboxylic acids and derivatives","Amino acids, peptides, and analogues",NA,833,"CHEBI:18211","HMDB0250742",NA,"627-77-0",2480522.16607146,700505.56223696,28.2402460182966,3783283.33902004,2424379.78530258,"Amide","Pos",1
"C18-Pos-000193","L-(+)-Citrulline","C6 H13 N3 O3",175.09569,78.6,"mzCloud",1240,-1.92,176.10265,1.141,FALSE,"[M+H]+1","C(CC(C(=O)O)N)CNC(=O)N","RHGKLRLOHDJJDR-UHFFFAOYSA-N","Organic acids and derivatives","Carboxylic acids and derivatives","Amino acids, peptides, and analogues",NA,833,"CHEBI:18211","HMDB0250742",NA,"627-77-0",2912332.70172166,662902.262439673,22.7619001787739,3609139.21894862,3026367.26084024,"C18","Pos",1
"Amide-Neg-000001","L-(+)-Lactic acid","C3 H6 O3",90.03169,100,"mzCloud",2582,-0.93,89.02433,5.936,FALSE,"[M-H]-1","CC(C(=O)O)O","JVTAAEKCZFNVCJ-REOHCLBHSA-N","Organic acids and derivatives","Hydroxy acids and derivatives","Alpha hydroxy acids and derivatives","kegg:map00620;reactome:R-HSA-196807;reactome:R-HSA-197264;reactome:R-HSA-3296197;reactome:R-HSA-427601;reactome:R-HSA-428643;reactome:R-HSA-433692;reactome:R-HSA-549132;reactome:R-HSA-561048;reactome:R-HSA-5619070;reactome:R-HSA-70268;reactome:R-HSA-71406;reactome:R-HSA-9749641;wiki:WP2456;wiki:WP2766;wiki:WP2868;wiki:WP3644;wiki:WP4097;wiki:WP4290;wiki:WP4595;wiki:WP4629;wiki:WP5211;wiki:WP5239;wiki:WP5312;wiki:WP534;wiki:WP661",107689,"CHEBI:422","HMDB0000190","C00186","79-33-4",247989230.319694,98150082.1598219,39.5783647674104,444230309.012259,248861129.12859,"Amide","Neg",0
"Amide-Neg-000090","L-(+)-Lactic acid","C3 H6 O3",90.03169,100,"mzCloud",2582,-0.66,89.02436,6.187,FALSE,"[M-H]-1","CC(C(=O)O)O","JVTAAEKCZFNVCJ-REOHCLBHSA-N","Organic acids and derivatives","Hydroxy acids and derivatives","Alpha hydroxy acids and derivatives","kegg:map00620;reactome:R-HSA-196807;reactome:R-HSA-197264;reactome:R-HSA-3296197;reactome:R-HSA-427601;reactome:R-HSA-428643;reactome:R-HSA-433692;reactome:R-HSA-549132;reactome:R-HSA-561048;reactome:R-HSA-5619070;reactome:R-HSA-70268;reactome:R-HSA-71406;reactome:R-HSA-9749641;wiki:WP2456;wiki:WP2766;wiki:WP2868;wiki:WP3644;wiki:WP4097;wiki:WP4290;wiki:WP4595;wiki:WP4629;wiki:WP5211;wiki:WP5239;wiki:WP5312;wiki:WP534;wiki:WP661",107689,"CHEBI:422","HMDB0000190","C00186","79-33-4",12179160.4800685,7982329.37752002,65.5408834671595,26828535.9219979,9834501.60757671,"Amide","Neg",0
"Amide-Pos-000200","L-(-)-Methionine","C5 H11 N O2 S",149.05105,98.4,"mzCloud",1544,-1.06,150.05817,9.657,FALSE,"[M+H]+1","CSCCC(C(=O)O)N","FFEARJCKVFRZRR-BYPYZUCNSA-N","Organic acids and derivatives","Carboxylic acids and derivatives","Amino acids, peptides, and analogues","kegg:map00270;reactome:R-HSA-1237112;reactome:R-HSA-156581;reactome:R-HSA-1614635;reactome:R-HSA-196741;reactome:R-HSA-2514856;reactome:R-HSA-2514859;reactome:R-HSA-352230;reactome:R-HSA-379716;reactome:R-HSA-379724;reactome:R-HSA-379726;reactome:R-HSA-389661;reactome:R-HSA-442660;reactome:R-HSA-5579024;reactome:R-HSA-5579029;reactome:R-HSA-5619044;reactome:R-HSA-5619094;reactome:R-HSA-5659735;reactome:R-HSA-5676934;reactome:R-HSA-6782315;reactome:R-HSA-6782861;reactome:R-HSA-6798163;reactome:R-HSA-71240;reactome:R-HSA-947581;reactome:R-HSA-9759218;wiki:WP1533;wiki:WP1589;wiki:WP176;wiki:WP1938;wiki:WP2333;wiki:WP241;wiki:WP2525;wiki:WP2776;wiki:WP3553;wiki:WP3562;wiki:WP3574;wiki:WP3580;wiki:WP3800;wiki:WP3996;wiki:WP4090;wiki:WP4224;wiki:WP4259;wiki:WP4288;wiki:WP4292;wiki:WP4313;wiki:WP4504;wiki:WP4583;wiki:WP4994;wiki:WP5402;wiki:WP661;wiki:WP704",6137,"CHEBI:16643","HMDB0000696","C00073","63-68-3",6210785.5673038,2702890.48856255,43.5193013713387,11871162.2316966,5146520.87802825,"Amide","Pos",1
"C18-Pos-000105","L-(-)-Methionine","C5 H11 N O2 S",149.05105,90,"mzCloud",1544,-0.99,150.05818,1.679,FALSE,"[M+H]+1","CSCCC(C(=O)O)N","FFEARJCKVFRZRR-BYPYZUCNSA-N","Organic acids and derivatives","Carboxylic acids and derivatives","Amino acids, peptides, and analogues","kegg:map00270;reactome:R-HSA-1237112;reactome:R-HSA-156581;reactome:R-HSA-1614635;reactome:R-HSA-196741;reactome:R-HSA-2514856;reactome:R-HSA-2514859;reactome:R-HSA-352230;reactome:R-HSA-379716;reactome:R-HSA-379724;reactome:R-HSA-379726;reactome:R-HSA-389661;reactome:R-HSA-442660;reactome:R-HSA-5579024;reactome:R-HSA-5579029;reactome:R-HSA-5619044;reactome:R-HSA-5619094;reactome:R-HSA-5659735;reactome:R-HSA-5676934;reactome:R-HSA-6782315;reactome:R-HSA-6782861;reactome:R-HSA-6798163;reactome:R-HSA-71240;reactome:R-HSA-947581;reactome:R-HSA-9759218;wiki:WP1533;wiki:WP1589;wiki:WP176;wiki:WP1938;wiki:WP2333;wiki:WP241;wiki:WP2525;wiki:WP2776;wiki:WP3553;wiki:WP3562;wiki:WP3574;wiki:WP3580;wiki:WP3800;wiki:WP3996;wiki:WP4090;wiki:WP4224;wiki:WP4259;wiki:WP4288;wiki:WP4292;wiki:WP4313;wiki:WP4504;wiki:WP4583;wiki:WP4994;wiki:WP5402;wiki:WP661;wiki:WP704",6137,"CHEBI:16643","HMDB0000696","C00073","63-68-3",11021358.0191474,4020972.93339978,36.4834617151005,15555243.7812645,9621094.57893603,"C18","Pos",1
"C18-Pos-000215","L-(-)-Methionine","C5 H11 N O2 S",149.05105,90,"mzCloud",1544,-0.66,150.05823,1.472,FALSE,"[M+H]+1","CSCCC(C(=O)O)N","FFEARJCKVFRZRR-BYPYZUCNSA-N","Organic acids and derivatives","Carboxylic acids and derivatives","Amino acids, peptides, and analogues","kegg:map00270;reactome:R-HSA-1237112;reactome:R-HSA-156581;reactome:R-HSA-1614635;reactome:R-HSA-196741;reactome:R-HSA-2514856;reactome:R-HSA-2514859;reactome:R-HSA-352230;reactome:R-HSA-379716;reactome:R-HSA-379724;reactome:R-HSA-379726;reactome:R-HSA-389661;reactome:R-HSA-442660;reactome:R-HSA-5579024;reactome:R-HSA-5579029;reactome:R-HSA-5619044;reactome:R-HSA-5619094;reactome:R-HSA-5659735;reactome:R-HSA-5676934;reactome:R-HSA-6782315;reactome:R-HSA-6782861;reactome:R-HSA-6798163;reactome:R-HSA-71240;reactome:R-HSA-947581;reactome:R-HSA-9759218;wiki:WP1533;wiki:WP1589;wiki:WP176;wiki:WP1938;wiki:WP2333;wiki:WP241;wiki:WP2525;wiki:WP2776;wiki:WP3553;wiki:WP3562;wiki:WP3574;wiki:WP3580;wiki:WP3800;wiki:WP3996;wiki:WP4090;wiki:WP4224;wiki:WP4259;wiki:WP4288;wiki:WP4292;wiki:WP4313;wiki:WP4504;wiki:WP4583;wiki:WP4994;wiki:WP5402;wiki:WP661;wiki:WP704",6137,"CHEBI:16643","HMDB0000696","C00073","63-68-3",1338234.47031237,412508.757502549,30.824849206452,1991762.96351757,1134051.4565296,"C18","Pos",1
"Amide-Pos-000303","L-2-Aminoadipic acid","C6 H11 N O4",161.06881,98.9,"mzCloud",3214,-1.17,162.07589,13,FALSE,"[M+H]+1","C(CC(C(=O)O)N)CC(=O)O","OYIFNHCXNCRBQI-BYPYZUCNSA-N","Organic acids and derivatives","Carboxylic acids and derivatives","Amino acids, peptides, and analogues","kegg:map00310;reactome:R-HSA-71064;wiki:WP4228;wiki:WP4519;wiki:WP5004",92136,"CHEBI:37023","HMDB0000510","C00956","1118-90-7",2520051.48610346,1083993.48272232,43.0147355599629,5401601.60578021,2232112.16088606,"Amide","Pos",1
"C18-Pos-000111","L-2-Aminoadipic acid","C6 H11 N O4",161.06881,78.4,"mzCloud",3214,-1.1,162.07591,1.307,FALSE,"[M+H]+1","C(CC(C(=O)O)N)CC(=O)O","OYIFNHCXNCRBQI-BYPYZUCNSA-N","Organic acids and derivatives","Carboxylic acids and derivatives","Amino acids, peptides, and analogues","kegg:map00310;reactome:R-HSA-71064;wiki:WP4228;wiki:WP4519;wiki:WP5004",92136,"CHEBI:37023","HMDB0000510","C00956","1118-90-7",9514938.61101011,4323544.87929372,45.4395457085848,19820502.0486315,9144362.79407611,"C18","Pos",1
"C18-Pos-000140","L-2-Aminoadipic acid","C6 H11 N O4",161.06881,78.4,"mzCloud",3214,-1.85,162.07579,1.17,FALSE,"[M+H]+1","C(CC(C(=O)O)N)CC(=O)O","OYIFNHCXNCRBQI-BYPYZUCNSA-N","Organic acids and derivatives","Carboxylic acids and derivatives","Amino acids, peptides, and analogues","kegg:map00310;reactome:R-HSA-71064;wiki:WP4228;wiki:WP4519;wiki:WP5004",92136,"CHEBI:37023","HMDB0000510","C00956","1118-90-7",3476211.47430253,4201616.76904722,120.867697495022,12603821.330258,1576995.03653697,"C18","Pos",1
"Amide-Neg-000085","L-Aspartic acid","C4 H7 N O4",133.03751,85.2,"mzCloud",462,-0.06,132.03022,12.936,FALSE,"[M-H]-1","C(C(C(=O)O)N)C(=O)O","CKLJMWTZIZZHCS-REOHCLBHSA-N","Organic acids and derivatives","Carboxylic acids and derivatives","Amino acids, peptides, and analogues","kegg:map00250;kegg:map00330;kegg:map00350;kegg:map00410;kegg:map00910;reactome:R-HSA-1638091;reactome:R-HSA-2024096;reactome:R-HSA-379716;reactome:R-HSA-379724;reactome:R-HSA-379726;reactome:R-HSA-389661;reactome:R-HSA-500753;reactome:R-HSA-5619062;reactome:R-HSA-5619067;reactome:R-HSA-5676934;reactome:R-HSA-70263;reactome:R-HSA-70326;reactome:R-HSA-70635;reactome:R-HSA-73817;reactome:R-HSA-8956320;reactome:R-HSA-8963691;reactome:R-HSA-8963693;reactome:R-HSA-8964208;reactome:R-HSA-8964539;reactome:R-HSA-9717189;reactome:R-HSA-9717207;wiki:WP106;wiki:WP1938;wiki:WP3562;wiki:WP3602;wiki:WP3800;wiki:WP4084;wiki:WP4093;wiki:WP4224;wiki:WP4225;wiki:WP4519;wiki:WP4571;wiki:WP4583;wiki:WP4595;wiki:WP497;wiki:WP4973;wiki:WP4979;wiki:WP4981;wiki:WP4992;wiki:WP5029;wiki:WP534;wiki:WP5365",5960,"CHEBI:17053","HMDB0000191","C00049","56-84-8",16516535.0962133,5575224.81311701,33.755414078315,30439158.6578161,16643881.4459095,"Amide","Neg",1
"Amide-Neg-000429","L-Aspartic acid","C4 H7 N O4",133.03751,85.2,"mzCloud",462,-0.31,132.03019,13.396,FALSE,"[M-H]-1","C(C(C(=O)O)N)C(=O)O","CKLJMWTZIZZHCS-REOHCLBHSA-N","Organic acids and derivatives","Carboxylic acids and derivatives","Amino acids, peptides, and analogues","kegg:map00250;kegg:map00330;kegg:map00350;kegg:map00410;kegg:map00910;reactome:R-HSA-1638091;reactome:R-HSA-2024096;reactome:R-HSA-379716;reactome:R-HSA-379724;reactome:R-HSA-379726;reactome:R-HSA-389661;reactome:R-HSA-500753;reactome:R-HSA-5619062;reactome:R-HSA-5619067;reactome:R-HSA-5676934;reactome:R-HSA-70263;reactome:R-HSA-70326;reactome:R-HSA-70635;reactome:R-HSA-73817;reactome:R-HSA-8956320;reactome:R-HSA-8963691;reactome:R-HSA-8963693;reactome:R-HSA-8964208;reactome:R-HSA-8964539;reactome:R-HSA-9717189;reactome:R-HSA-9717207;wiki:WP106;wiki:WP1938;wiki:WP3562;wiki:WP3602;wiki:WP3800;wiki:WP4084;wiki:WP4093;wiki:WP4224;wiki:WP4225;wiki:WP4519;wiki:WP4571;wiki:WP4583;wiki:WP4595;wiki:WP497;wiki:WP4973;wiki:WP4979;wiki:WP4981;wiki:WP4992;wiki:WP5029;wiki:WP534;wiki:WP5365",5960,"CHEBI:17053","HMDB0000191","C00049","56-84-8",839485.110333258,240038.007795135,28.5934800796937,1185850.44194035,857283.107452152,"Amide","Neg",1
"Amide-Pos-000214","L-Aspartic acid","C4 H7 N O4",133.03751,99.5,"mzCloud",462,-0.98,134.04465,12.935,FALSE,"[M+H]+1","C(C(C(=O)O)N)C(=O)O","CKLJMWTZIZZHCS-REOHCLBHSA-N","Organic acids and derivatives","Carboxylic acids and derivatives","Amino acids, peptides, and analogues","kegg:map00250;kegg:map00330;kegg:map00350;kegg:map00410;kegg:map00910;reactome:R-HSA-1638091;reactome:R-HSA-2024096;reactome:R-HSA-379716;reactome:R-HSA-379724;reactome:R-HSA-379726;reactome:R-HSA-389661;reactome:R-HSA-500753;reactome:R-HSA-5619062;reactome:R-HSA-5619067;reactome:R-HSA-5676934;reactome:R-HSA-70263;reactome:R-HSA-70326;reactome:R-HSA-70635;reactome:R-HSA-73817;reactome:R-HSA-8956320;reactome:R-HSA-8963691;reactome:R-HSA-8963693;reactome:R-HSA-8964208;reactome:R-HSA-8964539;reactome:R-HSA-9717189;reactome:R-HSA-9717207;wiki:WP106;wiki:WP1938;wiki:WP3562;wiki:WP3602;wiki:WP3800;wiki:WP4084;wiki:WP4093;wiki:WP4224;wiki:WP4225;wiki:WP4519;wiki:WP4571;wiki:WP4583;wiki:WP4595;wiki:WP497;wiki:WP4973;wiki:WP4979;wiki:WP4981;wiki:WP4992;wiki:WP5029;wiki:WP534;wiki:WP5365",5960,"CHEBI:17053","HMDB0000191","C00049","56-84-8",9214581.79498377,1400398.431439,15.19763416937,11315964.9028459,9474441.89861892,"Amide","Pos",1
"Amide-Pos-000492","L-Aspartic acid","C4 H7 N O4",133.03751,99.5,"mzCloud",462,-1.55,134.04458,13.435,FALSE,"[M+H]+1","C(C(C(=O)O)N)C(=O)O","CKLJMWTZIZZHCS-REOHCLBHSA-N","Organic acids and derivatives","Carboxylic acids and derivatives","Amino acids, peptides, and analogues","kegg:map00250;kegg:map00330;kegg:map00350;kegg:map00410;kegg:map00910;reactome:R-HSA-1638091;reactome:R-HSA-2024096;reactome:R-HSA-379716;reactome:R-HSA-379724;reactome:R-HSA-379726;reactome:R-HSA-389661;reactome:R-HSA-500753;reactome:R-HSA-5619062;reactome:R-HSA-5619067;reactome:R-HSA-5676934;reactome:R-HSA-70263;reactome:R-HSA-70326;reactome:R-HSA-70635;reactome:R-HSA-73817;reactome:R-HSA-8956320;reactome:R-HSA-8963691;reactome:R-HSA-8963693;reactome:R-HSA-8964208;reactome:R-HSA-8964539;reactome:R-HSA-9717189;reactome:R-HSA-9717207;wiki:WP106;wiki:WP1938;wiki:WP3562;wiki:WP3602;wiki:WP3800;wiki:WP4084;wiki:WP4093;wiki:WP4224;wiki:WP4225;wiki:WP4519;wiki:WP4571;wiki:WP4583;wiki:WP4595;wiki:WP497;wiki:WP4973;wiki:WP4979;wiki:WP4981;wiki:WP4992;wiki:WP5029;wiki:WP534;wiki:WP5365",5960,"CHEBI:17053","HMDB0000191","C00049","56-84-8",556874.323239432,107230.324319247,19.2557494293272,773006.349130417,536269.944092027,"Amide","Pos",1
"C18-Neg-000024","L-Aspartic acid","C4 H7 N O4",133.03751,66,"mzCloud",462,-0.26,132.0302,1.239,FALSE,"[M-H]-1","C(C(C(=O)O)N)C(=O)O","CKLJMWTZIZZHCS-REOHCLBHSA-N","Organic acids and derivatives","Carboxylic acids and derivatives","Amino acids, peptides, and analogues","kegg:map00250;kegg:map00330;kegg:map00350;kegg:map00410;kegg:map00910;reactome:R-HSA-1638091;reactome:R-HSA-2024096;reactome:R-HSA-379716;reactome:R-HSA-379724;reactome:R-HSA-379726;reactome:R-HSA-389661;reactome:R-HSA-500753;reactome:R-HSA-5619062;reactome:R-HSA-5619067;reactome:R-HSA-5676934;reactome:R-HSA-70263;reactome:R-HSA-70326;reactome:R-HSA-70635;reactome:R-HSA-73817;reactome:R-HSA-8956320;reactome:R-HSA-8963691;reactome:R-HSA-8963693;reactome:R-HSA-8964208;reactome:R-HSA-8964539;reactome:R-HSA-9717189;reactome:R-HSA-9717207;wiki:WP106;wiki:WP1938;wiki:WP3562;wiki:WP3602;wiki:WP3800;wiki:WP4084;wiki:WP4093;wiki:WP4224;wiki:WP4225;wiki:WP4519;wiki:WP4571;wiki:WP4583;wiki:WP4595;wiki:WP497;wiki:WP4973;wiki:WP4979;wiki:WP4981;wiki:WP4992;wiki:WP5029;wiki:WP534;wiki:WP5365",5960,"CHEBI:17053","HMDB0000191","C00049","56-84-8",23970892.7847307,4191130.64408853,17.484249258994,29228409.9087224,24142991.8760879,"C18","Neg",1
"C18-Pos-000029","L-Aspartic acid","C4 H7 N O4",133.03751,99.5,"mzCloud",462,-0.8,134.04468,1.833,FALSE,"[M+H]+1","C(C(C(=O)O)N)C(=O)O","CKLJMWTZIZZHCS-REOHCLBHSA-N","Organic acids and derivatives","Carboxylic acids and derivatives","Amino acids, peptides, and analogues","kegg:map00250;kegg:map00330;kegg:map00350;kegg:map00410;kegg:map00910;reactome:R-HSA-1638091;reactome:R-HSA-2024096;reactome:R-HSA-379716;reactome:R-HSA-379724;reactome:R-HSA-379726;reactome:R-HSA-389661;reactome:R-HSA-500753;reactome:R-HSA-5619062;reactome:R-HSA-5619067;reactome:R-HSA-5676934;reactome:R-HSA-70263;reactome:R-HSA-70326;reactome:R-HSA-70635;reactome:R-HSA-73817;reactome:R-HSA-8956320;reactome:R-HSA-8963691;reactome:R-HSA-8963693;reactome:R-HSA-8964208;reactome:R-HSA-8964539;reactome:R-HSA-9717189;reactome:R-HSA-9717207;wiki:WP106;wiki:WP1938;wiki:WP3562;wiki:WP3602;wiki:WP3800;wiki:WP4084;wiki:WP4093;wiki:WP4224;wiki:WP4225;wiki:WP4519;wiki:WP4571;wiki:WP4583;wiki:WP4595;wiki:WP497;wiki:WP4973;wiki:WP4979;wiki:WP4981;wiki:WP4992;wiki:WP5029;wiki:WP534;wiki:WP5365",5960,"CHEBI:17053","HMDB0000191","C00049","56-84-8",67875642.429062,14799444.7519232,21.8037637984647,112620001.945223,66649936.1761565,"C18","Pos",1
"C18-Pos-000068","L-Aspartic acid","C4 H7 N O4",133.03751,99.5,"mzCloud",462,-0.57,134.04471,2.293,FALSE,"[M+H]+1","C(C(C(=O)O)N)C(=O)O","CKLJMWTZIZZHCS-REOHCLBHSA-N","Organic acids and derivatives","Carboxylic acids and derivatives","Amino acids, peptides, and analogues","kegg:map00250;kegg:map00330;kegg:map00350;kegg:map00410;kegg:map00910;reactome:R-HSA-1638091;reactome:R-HSA-2024096;reactome:R-HSA-379716;reactome:R-HSA-379724;reactome:R-HSA-379726;reactome:R-HSA-389661;reactome:R-HSA-500753;reactome:R-HSA-5619062;reactome:R-HSA-5619067;reactome:R-HSA-5676934;reactome:R-HSA-70263;reactome:R-HSA-70326;reactome:R-HSA-70635;reactome:R-HSA-73817;reactome:R-HSA-8956320;reactome:R-HSA-8963691;reactome:R-HSA-8963693;reactome:R-HSA-8964208;reactome:R-HSA-8964539;reactome:R-HSA-9717189;reactome:R-HSA-9717207;wiki:WP106;wiki:WP1938;wiki:WP3562;wiki:WP3602;wiki:WP3800;wiki:WP4084;wiki:WP4093;wiki:WP4224;wiki:WP4225;wiki:WP4519;wiki:WP4571;wiki:WP4583;wiki:WP4595;wiki:WP497;wiki:WP4973;wiki:WP4979;wiki:WP4981;wiki:WP4992;wiki:WP5029;wiki:WP534;wiki:WP5365",5960,"CHEBI:17053","HMDB0000191","C00049","56-84-8",34333727.8040674,NA,NA,34333727.8040674,34333727.8040674,"C18","Pos",1
"C8-Neg-000188","L-Cysteine-glutathione disulfide","C13 H22 N4 O8 S2",426.0879,55.5,"NIST23",9459,-0.93,425.08023,1.157,FALSE,"[M-H]-1","NC(CCC(=O)NC(CSSCC(N)C(=O)O)C(=O)NCC(=O)O)C(=O)O","BNRXZEPOHPEEAS-UHFFFAOYSA-N","Organic acids and derivatives","Carboxylic acids and derivatives","Amino acids, peptides, and analogues","kegg:map00250;kegg:map00480;kegg:map00590;wiki:WP100;wiki:WP2289;wiki:WP2525;wiki:WP2650;wiki:WP2824;wiki:WP3349;wiki:WP3574;wiki:WP4042;wiki:WP4059;wiki:WP4313;wiki:WP4439;wiki:WP4440;wiki:WP5233;wiki:WP692",4247235,NA,NA,NA,"13081-14-6",269628.261710309,161410.203320464,59.8639780179589,577167.977635111,220669.790287285,"C8","Neg",1
"C8-Pos-000381","L-Cysteine-glutathione disulfide","C13 H22 N4 O8 S2",426.0879,76.9,"NIST23",7658,-0.18,427.0951,1.197,FALSE,"[M+H]+1","NC(CCC(=O)NC(CSSCC(N)C(=O)O)C(=O)NCC(=O)O)C(=O)O","BNRXZEPOHPEEAS-UHFFFAOYSA-N","Organic acids and derivatives","Carboxylic acids and derivatives","Amino acids, peptides, and analogues","kegg:map00250;kegg:map00480;kegg:map00590;wiki:WP100;wiki:WP2289;wiki:WP2525;wiki:WP2650;wiki:WP2824;wiki:WP3349;wiki:WP3574;wiki:WP4042;wiki:WP4059;wiki:WP4313;wiki:WP4439;wiki:WP4440;wiki:WP5233;wiki:WP692",4247235,NA,NA,NA,"13081-14-6",1162029.82167905,618992.388108462,53.2682016038163,2504247.71015497,1075726.86488065,"C8","Pos",1
"Amide-Pos-000211","L-Gln","C5 H10 N2 O3",146.06914,88.1,"MoNA",143582,-1.14,147.07625,1.852,FALSE,"[M+H]+1","C(CC(=O)N)[C@@H](C(=O)O)N","ZDXPYRJPNDTMRX-VKHMYHEASA-N","Organic acids and derivatives","Carboxylic acids and derivatives","Amino acids, peptides, and analogues","kegg:map00250;kegg:map00330;kegg:map00360;kegg:map00520;kegg:map00760;kegg:map00910;reactome:R-HSA-112310;reactome:R-HSA-112313;reactome:R-HSA-156587;reactome:R-HSA-159424;reactome:R-HSA-177162;reactome:R-HSA-196807;reactome:R-HSA-210455;reactome:R-HSA-210500;reactome:R-HSA-352230;reactome:R-HSA-379716;reactome:R-HSA-379724;reactome:R-HSA-379726;reactome:R-HSA-442660;reactome:R-HSA-446210;reactome:R-HSA-446219;reactome:R-HSA-499943;reactome:R-HSA-500753;reactome:R-HSA-5609975;reactome:R-HSA-5619044;reactome:R-HSA-5628897;reactome:R-HSA-5659735;reactome:R-HSA-73817;reactome:R-HSA-8956320;reactome:R-HSA-8963693;reactome:R-HSA-8964539;reactome:R-HSA-9748787;wiki:WP1871;wiki:WP1872;wiki:WP1938;wiki:WP1982;wiki:WP2267;wiki:WP2485;wiki:WP3349;wiki:WP3602;wiki:WP3953;wiki:WP4022;wiki:WP4059;wiki:WP4084;wiki:WP4097;wiki:WP4224;wiki:WP4225;wiki:WP4313;wiki:WP4571;wiki:WP4583;wiki:WP4595;wiki:WP4979;wiki:WP4992;wiki:WP5213;wiki:WP5312;wiki:WP715",5961,"CHEBI:18050","HMDB0000641","C00064","56-85-9",7657947.1875376,1677497.75949149,21.905318989682,11470734.4163744,7575862.1727785,"Amide","Pos",0
"Amide-Pos-000396","L-Gln","C5 H10 N2 O3",146.06914,90.8,"MoNA",143605,-0.8,147.0763,8.597,FALSE,"[M+H]+1","C(CC(=O)N)[C@@H](C(=O)O)N","ZDXPYRJPNDTMRX-VKHMYHEASA-N","Organic acids and derivatives","Carboxylic acids and derivatives","Amino acids, peptides, and analogues","kegg:map00250;kegg:map00330;kegg:map00360;kegg:map00520;kegg:map00760;kegg:map00910;reactome:R-HSA-112310;reactome:R-HSA-112313;reactome:R-HSA-156587;reactome:R-HSA-159424;reactome:R-HSA-177162;reactome:R-HSA-196807;reactome:R-HSA-210455;reactome:R-HSA-210500;reactome:R-HSA-352230;reactome:R-HSA-379716;reactome:R-HSA-379724;reactome:R-HSA-379726;reactome:R-HSA-442660;reactome:R-HSA-446210;reactome:R-HSA-446219;reactome:R-HSA-499943;reactome:R-HSA-500753;reactome:R-HSA-5609975;reactome:R-HSA-5619044;reactome:R-HSA-5628897;reactome:R-HSA-5659735;reactome:R-HSA-73817;reactome:R-HSA-8956320;reactome:R-HSA-8963693;reactome:R-HSA-8964539;reactome:R-HSA-9748787;wiki:WP1871;wiki:WP1872;wiki:WP1938;wiki:WP1982;wiki:WP2267;wiki:WP2485;wiki:WP3349;wiki:WP3602;wiki:WP3953;wiki:WP4022;wiki:WP4059;wiki:WP4084;wiki:WP4097;wiki:WP4224;wiki:WP4225;wiki:WP4313;wiki:WP4571;wiki:WP4583;wiki:WP4595;wiki:WP4979;wiki:WP4992;wiki:WP5213;wiki:WP5312;wiki:WP715",5961,"CHEBI:18050","HMDB0000641","C00064","56-85-9",1505123.41846758,331878.163283162,22.0498969859268,2618680.21093655,1452561.1216492,"Amide","Pos",0
"Amide-Neg-000036","L-Glutamic acid","C5 H9 N O4",147.05316,93.2,"mzCloud",470,-0.16,146.04586,12.744,FALSE,"[M-H]-1","C(CC(=O)O)C(C(=O)O)N","WHUUTDBJXJRKMK-VKHMYHEASA-N","Organic acids and derivatives","Carboxylic acids and derivatives","Amino acids, peptides, and analogues","kegg:map00250;kegg:map00270;kegg:map00280;kegg:map00310;kegg:map00330;kegg:map00340;kegg:map00350;kegg:map00360;kegg:map00380;kegg:map00410;kegg:map00480;kegg:map00520;kegg:map00590;kegg:map00640;kegg:map00670;kegg:map00760;kegg:map00910;reactome:R-HSA-112310;reactome:R-HSA-112313;reactome:R-HSA-156590;reactome:R-HSA-1614558;reactome:R-HSA-1614635;reactome:R-HSA-174403;reactome:R-HSA-196757;reactome:R-HSA-196807;reactome:R-HSA-210455;reactome:R-HSA-210500;reactome:R-HSA-2142691;reactome:R-HSA-2682334;reactome:R-HSA-352230;reactome:R-HSA-379716;reactome:R-HSA-379724;reactome:R-HSA-379726;reactome:R-HSA-3928662;reactome:R-HSA-399710;reactome:R-HSA-399721;reactome:R-HSA-420499;reactome:R-HSA-428643;reactome:R-HSA-438064;reactome:R-HSA-438066;reactome:R-HSA-442742;reactome:R-HSA-442755;reactome:R-HSA-442982;reactome:R-HSA-446210;reactome:R-HSA-446219;reactome:R-HSA-451306;reactome:R-HSA-451307;reactome:R-HSA-451308;reactome:R-HSA-451326;reactome:R-HSA-499943;reactome:R-HSA-500657;reactome:R-HSA-500753;reactome:R-HSA-5423646;reactome:R-HSA-5578999;reactome:R-HSA-5579029;reactome:R-HSA-5619062;reactome:R-HSA-5619067;reactome:R-HSA-5628897;reactome:R-HSA-6794362;reactome:R-HSA-70263;reactome:R-HSA-70326;reactome:R-HSA-70635;reactome:R-HSA-70688;reactome:R-HSA-70895;reactome:R-HSA-70921;reactome:R-HSA-71064;reactome:R-HSA-71240;reactome:R-HSA-73817;reactome:R-HSA-8849932;reactome:R-HSA-888568;reactome:R-HSA-888590;reactome:R-HSA-8955332;reactome:R-HSA-8956320;reactome:R-HSA-8963684;reactome:R-HSA-8963691;reactome:R-HSA-8963693;reactome:R-HSA-8964539;reactome:R-HSA-8964540;reactome:R-HSA-9018677;reactome:R-HSA-9026395;reactome:R-HSA-9026762;reactome:R-HSA-9026766;reactome:R-HSA-916853;reactome:R-HSA-9617324;reactome:R-HSA-9620244;reactome:R-HSA-9659379;reactome:R-HSA-9662360;reactome:R-HSA-9664535;reactome:R-HSA-9717189;reactome:R-HSA-9717207;reactome:R-HSA-9748787;reactome:R-HSA-9753281;reactome:R-HSA-977347;wiki:WP100;wiki:WP1871;wiki:WP1872;wiki:WP1938;wiki:WP2333;wiki:WP2447;wiki:WP2485;wiki:WP2650;wiki:WP2685;wiki:WP3306;wiki:WP3309;wiki:WP3349;wiki:WP3556;wiki:WP3574;wiki:WP3580;wiki:WP3602;wiki:WP3806;wiki:WP3812;wiki:WP3853;wiki:WP3869;wiki:WP4008;wiki:WP4054;wiki:WP4059;wiki:WP4075;wiki:WP4084;wiki:WP4093;wiki:WP4097;wiki:WP4157;wiki:WP4159;wiki:WP4222;wiki:WP4224;wiki:WP4225;wiki:WP4228;wiki:WP4259;wiki:WP4418;wiki:WP4435;wiki:WP4439;wiki:WP4456;wiki:WP4459;wiki:WP4504;wiki:WP4571;wiki:WP4583;wiki:WP4595;wiki:WP4661;wiki:WP4688;wiki:WP497;wiki:WP4973;wiki:WP4979;wiki:WP4980;wiki:WP4981;wiki:WP4988;wiki:WP4992;wiki:WP4994;wiki:WP5004;wiki:WP5009;wiki:WP5029;wiki:WP5094;wiki:WP5213;wiki:WP5312;wiki:WP5402;wiki:WP550",33032,"CHEBI:16015","HMDB0000148","C00025","56-86-0",34560109.889752,9160326.8118887,26.5054909868935,60401380.6202939,35703459.0678517,"Amide","Neg",1
"Amide-Neg-000196","L-Glutamic acid","C5 H9 N O4",147.05316,93.2,"mzCloud",470,-0.25,146.04584,12.919,FALSE,"[M-H]-1","C(CC(=O)O)C(C(=O)O)N","WHUUTDBJXJRKMK-VKHMYHEASA-N","Organic acids and derivatives","Carboxylic acids and derivatives","Amino acids, peptides, and analogues","kegg:map00250;kegg:map00270;kegg:map00280;kegg:map00310;kegg:map00330;kegg:map00340;kegg:map00350;kegg:map00360;kegg:map00380;kegg:map00410;kegg:map00480;kegg:map00520;kegg:map00590;kegg:map00640;kegg:map00670;kegg:map00760;kegg:map00910;reactome:R-HSA-112310;reactome:R-HSA-112313;reactome:R-HSA-156590;reactome:R-HSA-1614558;reactome:R-HSA-1614635;reactome:R-HSA-174403;reactome:R-HSA-196757;reactome:R-HSA-196807;reactome:R-HSA-210455;reactome:R-HSA-210500;reactome:R-HSA-2142691;reactome:R-HSA-2682334;reactome:R-HSA-352230;reactome:R-HSA-379716;reactome:R-HSA-379724;reactome:R-HSA-379726;reactome:R-HSA-3928662;reactome:R-HSA-399710;reactome:R-HSA-399721;reactome:R-HSA-420499;reactome:R-HSA-428643;reactome:R-HSA-438064;reactome:R-HSA-438066;reactome:R-HSA-442742;reactome:R-HSA-442755;reactome:R-HSA-442982;reactome:R-HSA-446210;reactome:R-HSA-446219;reactome:R-HSA-451306;reactome:R-HSA-451307;reactome:R-HSA-451308;reactome:R-HSA-451326;reactome:R-HSA-499943;reactome:R-HSA-500657;reactome:R-HSA-500753;reactome:R-HSA-5423646;reactome:R-HSA-5578999;reactome:R-HSA-5579029;reactome:R-HSA-5619062;reactome:R-HSA-5619067;reactome:R-HSA-5628897;reactome:R-HSA-6794362;reactome:R-HSA-70263;reactome:R-HSA-70326;reactome:R-HSA-70635;reactome:R-HSA-70688;reactome:R-HSA-70895;reactome:R-HSA-70921;reactome:R-HSA-71064;reactome:R-HSA-71240;reactome:R-HSA-73817;reactome:R-HSA-8849932;reactome:R-HSA-888568;reactome:R-HSA-888590;reactome:R-HSA-8955332;reactome:R-HSA-8956320;reactome:R-HSA-8963684;reactome:R-HSA-8963691;reactome:R-HSA-8963693;reactome:R-HSA-8964539;reactome:R-HSA-8964540;reactome:R-HSA-9018677;reactome:R-HSA-9026395;reactome:R-HSA-9026762;reactome:R-HSA-9026766;reactome:R-HSA-916853;reactome:R-HSA-9617324;reactome:R-HSA-9620244;reactome:R-HSA-9659379;reactome:R-HSA-9662360;reactome:R-HSA-9664535;reactome:R-HSA-9717189;reactome:R-HSA-9717207;reactome:R-HSA-9748787;reactome:R-HSA-9753281;reactome:R-HSA-977347;wiki:WP100;wiki:WP1871;wiki:WP1872;wiki:WP1938;wiki:WP2333;wiki:WP2447;wiki:WP2485;wiki:WP2650;wiki:WP2685;wiki:WP3306;wiki:WP3309;wiki:WP3349;wiki:WP3556;wiki:WP3574;wiki:WP3580;wiki:WP3602;wiki:WP3806;wiki:WP3812;wiki:WP3853;wiki:WP3869;wiki:WP4008;wiki:WP4054;wiki:WP4059;wiki:WP4075;wiki:WP4084;wiki:WP4093;wiki:WP4097;wiki:WP4157;wiki:WP4159;wiki:WP4222;wiki:WP4224;wiki:WP4225;wiki:WP4228;wiki:WP4259;wiki:WP4418;wiki:WP4435;wiki:WP4439;wiki:WP4456;wiki:WP4459;wiki:WP4504;wiki:WP4571;wiki:WP4583;wiki:WP4595;wiki:WP4661;wiki:WP4688;wiki:WP497;wiki:WP4973;wiki:WP4979;wiki:WP4980;wiki:WP4981;wiki:WP4988;wiki:WP4992;wiki:WP4994;wiki:WP5004;wiki:WP5009;wiki:WP5029;wiki:WP5094;wiki:WP5213;wiki:WP5312;wiki:WP5402;wiki:WP550",33032,"CHEBI:16015","HMDB0000148","C00025","56-86-0",6587873.76612814,1620825.99473763,24.6031732282301,8639070.01508462,6255075.86760088,"Amide","Neg",1
"Amide-Pos-000054","L-Glutamic acid","C5 H9 N O4",147.05316,99.6,"mzCloud",470,-1.19,148.06024,12.758,FALSE,"[M+H]+1","C(CC(=O)O)C(C(=O)O)N","WHUUTDBJXJRKMK-VKHMYHEASA-N","Organic acids and derivatives","Carboxylic acids and derivatives","Amino acids, peptides, and analogues","kegg:map00250;kegg:map00270;kegg:map00280;kegg:map00310;kegg:map00330;kegg:map00340;kegg:map00350;kegg:map00360;kegg:map00380;kegg:map00410;kegg:map00480;kegg:map00520;kegg:map00590;kegg:map00640;kegg:map00670;kegg:map00760;kegg:map00910;reactome:R-HSA-112310;reactome:R-HSA-112313;reactome:R-HSA-156590;reactome:R-HSA-1614558;reactome:R-HSA-1614635;reactome:R-HSA-174403;reactome:R-HSA-196757;reactome:R-HSA-196807;reactome:R-HSA-210455;reactome:R-HSA-210500;reactome:R-HSA-2142691;reactome:R-HSA-2682334;reactome:R-HSA-352230;reactome:R-HSA-379716;reactome:R-HSA-379724;reactome:R-HSA-379726;reactome:R-HSA-3928662;reactome:R-HSA-399710;reactome:R-HSA-399721;reactome:R-HSA-420499;reactome:R-HSA-428643;reactome:R-HSA-438064;reactome:R-HSA-438066;reactome:R-HSA-442742;reactome:R-HSA-442755;reactome:R-HSA-442982;reactome:R-HSA-446210;reactome:R-HSA-446219;reactome:R-HSA-451306;reactome:R-HSA-451307;reactome:R-HSA-451308;reactome:R-HSA-451326;reactome:R-HSA-499943;reactome:R-HSA-500657;reactome:R-HSA-500753;reactome:R-HSA-5423646;reactome:R-HSA-5578999;reactome:R-HSA-5579029;reactome:R-HSA-5619062;reactome:R-HSA-5619067;reactome:R-HSA-5628897;reactome:R-HSA-6794362;reactome:R-HSA-70263;reactome:R-HSA-70326;reactome:R-HSA-70635;reactome:R-HSA-70688;reactome:R-HSA-70895;reactome:R-HSA-70921;reactome:R-HSA-71064;reactome:R-HSA-71240;reactome:R-HSA-73817;reactome:R-HSA-8849932;reactome:R-HSA-888568;reactome:R-HSA-888590;reactome:R-HSA-8955332;reactome:R-HSA-8956320;reactome:R-HSA-8963684;reactome:R-HSA-8963691;reactome:R-HSA-8963693;reactome:R-HSA-8964539;reactome:R-HSA-8964540;reactome:R-HSA-9018677;reactome:R-HSA-9026395;reactome:R-HSA-9026762;reactome:R-HSA-9026766;reactome:R-HSA-916853;reactome:R-HSA-9617324;reactome:R-HSA-9620244;reactome:R-HSA-9659379;reactome:R-HSA-9662360;reactome:R-HSA-9664535;reactome:R-HSA-9717189;reactome:R-HSA-9717207;reactome:R-HSA-9748787;reactome:R-HSA-9753281;reactome:R-HSA-977347;wiki:WP100;wiki:WP1871;wiki:WP1872;wiki:WP1938;wiki:WP2333;wiki:WP2447;wiki:WP2485;wiki:WP2650;wiki:WP2685;wiki:WP3306;wiki:WP3309;wiki:WP3349;wiki:WP3556;wiki:WP3574;wiki:WP3580;wiki:WP3602;wiki:WP3806;wiki:WP3812;wiki:WP3853;wiki:WP3869;wiki:WP4008;wiki:WP4054;wiki:WP4059;wiki:WP4075;wiki:WP4084;wiki:WP4093;wiki:WP4097;wiki:WP4157;wiki:WP4159;wiki:WP4222;wiki:WP4224;wiki:WP4225;wiki:WP4228;wiki:WP4259;wiki:WP4418;wiki:WP4435;wiki:WP4439;wiki:WP4456;wiki:WP4459;wiki:WP4504;wiki:WP4571;wiki:WP4583;wiki:WP4595;wiki:WP4661;wiki:WP4688;wiki:WP497;wiki:WP4973;wiki:WP4979;wiki:WP4980;wiki:WP4981;wiki:WP4988;wiki:WP4992;wiki:WP4994;wiki:WP5004;wiki:WP5009;wiki:WP5029;wiki:WP5094;wiki:WP5213;wiki:WP5312;wiki:WP5402;wiki:WP550",33032,"CHEBI:16015","HMDB0000148","C00025","56-86-0",171599773.431036,34172629.5419205,19.9141460729574,267952127.903534,170150800.65325,"Amide","Pos",1
"Amide-Pos-000175","L-Glutamic acid","C5 H9 N O4",147.05316,99.6,"mzCloud",470,-1.44,148.06022,13.364,FALSE,"[M+H]+1","C(CC(=O)O)C(C(=O)O)N","WHUUTDBJXJRKMK-VKHMYHEASA-N","Organic acids and derivatives","Carboxylic acids and derivatives","Amino acids, peptides, and analogues","kegg:map00250;kegg:map00270;kegg:map00280;kegg:map00310;kegg:map00330;kegg:map00340;kegg:map00350;kegg:map00360;kegg:map00380;kegg:map00410;kegg:map00480;kegg:map00520;kegg:map00590;kegg:map00640;kegg:map00670;kegg:map00760;kegg:map00910;reactome:R-HSA-112310;reactome:R-HSA-112313;reactome:R-HSA-156590;reactome:R-HSA-1614558;reactome:R-HSA-1614635;reactome:R-HSA-174403;reactome:R-HSA-196757;reactome:R-HSA-196807;reactome:R-HSA-210455;reactome:R-HSA-210500;reactome:R-HSA-2142691;reactome:R-HSA-2682334;reactome:R-HSA-352230;reactome:R-HSA-379716;reactome:R-HSA-379724;reactome:R-HSA-379726;reactome:R-HSA-3928662;reactome:R-HSA-399710;reactome:R-HSA-399721;reactome:R-HSA-420499;reactome:R-HSA-428643;reactome:R-HSA-438064;reactome:R-HSA-438066;reactome:R-HSA-442742;reactome:R-HSA-442755;reactome:R-HSA-442982;reactome:R-HSA-446210;reactome:R-HSA-446219;reactome:R-HSA-451306;reactome:R-HSA-451307;reactome:R-HSA-451308;reactome:R-HSA-451326;reactome:R-HSA-499943;reactome:R-HSA-500657;reactome:R-HSA-500753;reactome:R-HSA-5423646;reactome:R-HSA-5578999;reactome:R-HSA-5579029;reactome:R-HSA-5619062;reactome:R-HSA-5619067;reactome:R-HSA-5628897;reactome:R-HSA-6794362;reactome:R-HSA-70263;reactome:R-HSA-70326;reactome:R-HSA-70635;reactome:R-HSA-70688;reactome:R-HSA-70895;reactome:R-HSA-70921;reactome:R-HSA-71064;reactome:R-HSA-71240;reactome:R-HSA-73817;reactome:R-HSA-8849932;reactome:R-HSA-888568;reactome:R-HSA-888590;reactome:R-HSA-8955332;reactome:R-HSA-8956320;reactome:R-HSA-8963684;reactome:R-HSA-8963691;reactome:R-HSA-8963693;reactome:R-HSA-8964539;reactome:R-HSA-8964540;reactome:R-HSA-9018677;reactome:R-HSA-9026395;reactome:R-HSA-9026762;reactome:R-HSA-9026766;reactome:R-HSA-916853;reactome:R-HSA-9617324;reactome:R-HSA-9620244;reactome:R-HSA-9659379;reactome:R-HSA-9662360;reactome:R-HSA-9664535;reactome:R-HSA-9717189;reactome:R-HSA-9717207;reactome:R-HSA-9748787;reactome:R-HSA-9753281;reactome:R-HSA-977347;wiki:WP100;wiki:WP1871;wiki:WP1872;wiki:WP1938;wiki:WP2333;wiki:WP2447;wiki:WP2485;wiki:WP2650;wiki:WP2685;wiki:WP3306;wiki:WP3309;wiki:WP3349;wiki:WP3556;wiki:WP3574;wiki:WP3580;wiki:WP3602;wiki:WP3806;wiki:WP3812;wiki:WP3853;wiki:WP3869;wiki:WP4008;wiki:WP4054;wiki:WP4059;wiki:WP4075;wiki:WP4084;wiki:WP4093;wiki:WP4097;wiki:WP4157;wiki:WP4159;wiki:WP4222;wiki:WP4224;wiki:WP4225;wiki:WP4228;wiki:WP4259;wiki:WP4418;wiki:WP4435;wiki:WP4439;wiki:WP4456;wiki:WP4459;wiki:WP4504;wiki:WP4571;wiki:WP4583;wiki:WP4595;wiki:WP4661;wiki:WP4688;wiki:WP497;wiki:WP4973;wiki:WP4979;wiki:WP4980;wiki:WP4981;wiki:WP4988;wiki:WP4992;wiki:WP4994;wiki:WP5004;wiki:WP5009;wiki:WP5029;wiki:WP5094;wiki:WP5213;wiki:WP5312;wiki:WP5402;wiki:WP550",33032,"CHEBI:16015","HMDB0000148","C00025","56-86-0",12764248.5441683,2114529.55229602,16.5660324223481,16049733.5325911,12778408.1674205,"Amide","Pos",1
"C18-Neg-000005","L-Glutamic acid","C5 H9 N O4",147.05316,57.8,"mzCloud",470,-0.33,146.04583,1.16,FALSE,"[M-H]-1","C(CC(=O)O)C(C(=O)O)N","WHUUTDBJXJRKMK-VKHMYHEASA-N","Organic acids and derivatives","Carboxylic acids and derivatives","Amino acids, peptides, and analogues","kegg:map00250;kegg:map00270;kegg:map00280;kegg:map00310;kegg:map00330;kegg:map00340;kegg:map00350;kegg:map00360;kegg:map00380;kegg:map00410;kegg:map00480;kegg:map00520;kegg:map00590;kegg:map00640;kegg:map00670;kegg:map00760;kegg:map00910;reactome:R-HSA-112310;reactome:R-HSA-112313;reactome:R-HSA-156590;reactome:R-HSA-1614558;reactome:R-HSA-1614635;reactome:R-HSA-174403;reactome:R-HSA-196757;reactome:R-HSA-196807;reactome:R-HSA-210455;reactome:R-HSA-210500;reactome:R-HSA-2142691;reactome:R-HSA-2682334;reactome:R-HSA-352230;reactome:R-HSA-379716;reactome:R-HSA-379724;reactome:R-HSA-379726;reactome:R-HSA-3928662;reactome:R-HSA-399710;reactome:R-HSA-399721;reactome:R-HSA-420499;reactome:R-HSA-428643;reactome:R-HSA-438064;reactome:R-HSA-438066;reactome:R-HSA-442742;reactome:R-HSA-442755;reactome:R-HSA-442982;reactome:R-HSA-446210;reactome:R-HSA-446219;reactome:R-HSA-451306;reactome:R-HSA-451307;reactome:R-HSA-451308;reactome:R-HSA-451326;reactome:R-HSA-499943;reactome:R-HSA-500657;reactome:R-HSA-500753;reactome:R-HSA-5423646;reactome:R-HSA-5578999;reactome:R-HSA-5579029;reactome:R-HSA-5619062;reactome:R-HSA-5619067;reactome:R-HSA-5628897;reactome:R-HSA-6794362;reactome:R-HSA-70263;reactome:R-HSA-70326;reactome:R-HSA-70635;reactome:R-HSA-70688;reactome:R-HSA-70895;reactome:R-HSA-70921;reactome:R-HSA-71064;reactome:R-HSA-71240;reactome:R-HSA-73817;reactome:R-HSA-8849932;reactome:R-HSA-888568;reactome:R-HSA-888590;reactome:R-HSA-8955332;reactome:R-HSA-8956320;reactome:R-HSA-8963684;reactome:R-HSA-8963691;reactome:R-HSA-8963693;reactome:R-HSA-8964539;reactome:R-HSA-8964540;reactome:R-HSA-9018677;reactome:R-HSA-9026395;reactome:R-HSA-9026762;reactome:R-HSA-9026766;reactome:R-HSA-916853;reactome:R-HSA-9617324;reactome:R-HSA-9620244;reactome:R-HSA-9659379;reactome:R-HSA-9662360;reactome:R-HSA-9664535;reactome:R-HSA-9717189;reactome:R-HSA-9717207;reactome:R-HSA-9748787;reactome:R-HSA-9753281;reactome:R-HSA-977347;wiki:WP100;wiki:WP1871;wiki:WP1872;wiki:WP1938;wiki:WP2333;wiki:WP2447;wiki:WP2485;wiki:WP2650;wiki:WP2685;wiki:WP3306;wiki:WP3309;wiki:WP3349;wiki:WP3556;wiki:WP3574;wiki:WP3580;wiki:WP3602;wiki:WP3806;wiki:WP3812;wiki:WP3853;wiki:WP3869;wiki:WP4008;wiki:WP4054;wiki:WP4059;wiki:WP4075;wiki:WP4084;wiki:WP4093;wiki:WP4097;wiki:WP4157;wiki:WP4159;wiki:WP4222;wiki:WP4224;wiki:WP4225;wiki:WP4228;wiki:WP4259;wiki:WP4418;wiki:WP4435;wiki:WP4439;wiki:WP4456;wiki:WP4459;wiki:WP4504;wiki:WP4571;wiki:WP4583;wiki:WP4595;wiki:WP4661;wiki:WP4688;wiki:WP497;wiki:WP4973;wiki:WP4979;wiki:WP4980;wiki:WP4981;wiki:WP4988;wiki:WP4992;wiki:WP4994;wiki:WP5004;wiki:WP5009;wiki:WP5029;wiki:WP5094;wiki:WP5213;wiki:WP5312;wiki:WP5402;wiki:WP550",33032,"CHEBI:16015","HMDB0000148","C00025","56-86-0",55721817.2778959,11228343.8483122,20.1507136644776,93886185.7982351,54754965.5596707,"C18","Neg",1
"C18-Pos-000004","L-Glutamic acid","C5 H9 N O4",147.05316,99.4,"mzCloud",470,-1.34,148.06023,1.264,FALSE,"[M+H]+1","C(CC(=O)O)C(C(=O)O)N","WHUUTDBJXJRKMK-VKHMYHEASA-N","Organic acids and derivatives","Carboxylic acids and derivatives","Amino acids, peptides, and analogues","kegg:map00250;kegg:map00270;kegg:map00280;kegg:map00310;kegg:map00330;kegg:map00340;kegg:map00350;kegg:map00360;kegg:map00380;kegg:map00410;kegg:map00480;kegg:map00520;kegg:map00590;kegg:map00640;kegg:map00670;kegg:map00760;kegg:map00910;reactome:R-HSA-112310;reactome:R-HSA-112313;reactome:R-HSA-156590;reactome:R-HSA-1614558;reactome:R-HSA-1614635;reactome:R-HSA-174403;reactome:R-HSA-196757;reactome:R-HSA-196807;reactome:R-HSA-210455;reactome:R-HSA-210500;reactome:R-HSA-2142691;reactome:R-HSA-2682334;reactome:R-HSA-352230;reactome:R-HSA-379716;reactome:R-HSA-379724;reactome:R-HSA-379726;reactome:R-HSA-3928662;reactome:R-HSA-399710;reactome:R-HSA-399721;reactome:R-HSA-420499;reactome:R-HSA-428643;reactome:R-HSA-438064;reactome:R-HSA-438066;reactome:R-HSA-442742;reactome:R-HSA-442755;reactome:R-HSA-442982;reactome:R-HSA-446210;reactome:R-HSA-446219;reactome:R-HSA-451306;reactome:R-HSA-451307;reactome:R-HSA-451308;reactome:R-HSA-451326;reactome:R-HSA-499943;reactome:R-HSA-500657;reactome:R-HSA-500753;reactome:R-HSA-5423646;reactome:R-HSA-5578999;reactome:R-HSA-5579029;reactome:R-HSA-5619062;reactome:R-HSA-5619067;reactome:R-HSA-5628897;reactome:R-HSA-6794362;reactome:R-HSA-70263;reactome:R-HSA-70326;reactome:R-HSA-70635;reactome:R-HSA-70688;reactome:R-HSA-70895;reactome:R-HSA-70921;reactome:R-HSA-71064;reactome:R-HSA-71240;reactome:R-HSA-73817;reactome:R-HSA-8849932;reactome:R-HSA-888568;reactome:R-HSA-888590;reactome:R-HSA-8955332;reactome:R-HSA-8956320;reactome:R-HSA-8963684;reactome:R-HSA-8963691;reactome:R-HSA-8963693;reactome:R-HSA-8964539;reactome:R-HSA-8964540;reactome:R-HSA-9018677;reactome:R-HSA-9026395;reactome:R-HSA-9026762;reactome:R-HSA-9026766;reactome:R-HSA-916853;reactome:R-HSA-9617324;reactome:R-HSA-9620244;reactome:R-HSA-9659379;reactome:R-HSA-9662360;reactome:R-HSA-9664535;reactome:R-HSA-9717189;reactome:R-HSA-9717207;reactome:R-HSA-9748787;reactome:R-HSA-9753281;reactome:R-HSA-977347;wiki:WP100;wiki:WP1871;wiki:WP1872;wiki:WP1938;wiki:WP2333;wiki:WP2447;wiki:WP2485;wiki:WP2650;wiki:WP2685;wiki:WP3306;wiki:WP3309;wiki:WP3349;wiki:WP3556;wiki:WP3574;wiki:WP3580;wiki:WP3602;wiki:WP3806;wiki:WP3812;wiki:WP3853;wiki:WP3869;wiki:WP4008;wiki:WP4054;wiki:WP4059;wiki:WP4075;wiki:WP4084;wiki:WP4093;wiki:WP4097;wiki:WP4157;wiki:WP4159;wiki:WP4222;wiki:WP4224;wiki:WP4225;wiki:WP4228;wiki:WP4259;wiki:WP4418;wiki:WP4435;wiki:WP4439;wiki:WP4456;wiki:WP4459;wiki:WP4504;wiki:WP4571;wiki:WP4583;wiki:WP4595;wiki:WP4661;wiki:WP4688;wiki:WP497;wiki:WP4973;wiki:WP4979;wiki:WP4980;wiki:WP4981;wiki:WP4988;wiki:WP4992;wiki:WP4994;wiki:WP5004;wiki:WP5009;wiki:WP5029;wiki:WP5094;wiki:WP5213;wiki:WP5312;wiki:WP5402;wiki:WP550",33032,"CHEBI:16015","HMDB0000148","C00025","56-86-0",333048016.375564,62994735.6295613,18.9146106663866,530201061.681263,326112410.961158,"C18","Pos",1
"C18-Pos-000058","L-Glutamic acid","C5 H9 N O4",147.05316,99.4,"mzCloud",470,-1.04,148.06028,2.622,FALSE,"[M+H]+1","C(CC(=O)O)C(C(=O)O)N","WHUUTDBJXJRKMK-VKHMYHEASA-N","Organic acids and derivatives","Carboxylic acids and derivatives","Amino acids, peptides, and analogues","kegg:map00250;kegg:map00270;kegg:map00280;kegg:map00310;kegg:map00330;kegg:map00340;kegg:map00350;kegg:map00360;kegg:map00380;kegg:map00410;kegg:map00480;kegg:map00520;kegg:map00590;kegg:map00640;kegg:map00670;kegg:map00760;kegg:map00910;reactome:R-HSA-112310;reactome:R-HSA-112313;reactome:R-HSA-156590;reactome:R-HSA-1614558;reactome:R-HSA-1614635;reactome:R-HSA-174403;reactome:R-HSA-196757;reactome:R-HSA-196807;reactome:R-HSA-210455;reactome:R-HSA-210500;reactome:R-HSA-2142691;reactome:R-HSA-2682334;reactome:R-HSA-352230;reactome:R-HSA-379716;reactome:R-HSA-379724;reactome:R-HSA-379726;reactome:R-HSA-3928662;reactome:R-HSA-399710;reactome:R-HSA-399721;reactome:R-HSA-420499;reactome:R-HSA-428643;reactome:R-HSA-438064;reactome:R-HSA-438066;reactome:R-HSA-442742;reactome:R-HSA-442755;reactome:R-HSA-442982;reactome:R-HSA-446210;reactome:R-HSA-446219;reactome:R-HSA-451306;reactome:R-HSA-451307;reactome:R-HSA-451308;reactome:R-HSA-451326;reactome:R-HSA-499943;reactome:R-HSA-500657;reactome:R-HSA-500753;reactome:R-HSA-5423646;reactome:R-HSA-5578999;reactome:R-HSA-5579029;reactome:R-HSA-5619062;reactome:R-HSA-5619067;reactome:R-HSA-5628897;reactome:R-HSA-6794362;reactome:R-HSA-70263;reactome:R-HSA-70326;reactome:R-HSA-70635;reactome:R-HSA-70688;reactome:R-HSA-70895;reactome:R-HSA-70921;reactome:R-HSA-71064;reactome:R-HSA-71240;reactome:R-HSA-73817;reactome:R-HSA-8849932;reactome:R-HSA-888568;reactome:R-HSA-888590;reactome:R-HSA-8955332;reactome:R-HSA-8956320;reactome:R-HSA-8963684;reactome:R-HSA-8963691;reactome:R-HSA-8963693;reactome:R-HSA-8964539;reactome:R-HSA-8964540;reactome:R-HSA-9018677;reactome:R-HSA-9026395;reactome:R-HSA-9026762;reactome:R-HSA-9026766;reactome:R-HSA-916853;reactome:R-HSA-9617324;reactome:R-HSA-9620244;reactome:R-HSA-9659379;reactome:R-HSA-9662360;reactome:R-HSA-9664535;reactome:R-HSA-9717189;reactome:R-HSA-9717207;reactome:R-HSA-9748787;reactome:R-HSA-9753281;reactome:R-HSA-977347;wiki:WP100;wiki:WP1871;wiki:WP1872;wiki:WP1938;wiki:WP2333;wiki:WP2447;wiki:WP2485;wiki:WP2650;wiki:WP2685;wiki:WP3306;wiki:WP3309;wiki:WP3349;wiki:WP3556;wiki:WP3574;wiki:WP3580;wiki:WP3602;wiki:WP3806;wiki:WP3812;wiki:WP3853;wiki:WP3869;wiki:WP4008;wiki:WP4054;wiki:WP4059;wiki:WP4075;wiki:WP4084;wiki:WP4093;wiki:WP4097;wiki:WP4157;wiki:WP4159;wiki:WP4222;wiki:WP4224;wiki:WP4225;wiki:WP4228;wiki:WP4259;wiki:WP4418;wiki:WP4435;wiki:WP4439;wiki:WP4456;wiki:WP4459;wiki:WP4504;wiki:WP4571;wiki:WP4583;wiki:WP4595;wiki:WP4661;wiki:WP4688;wiki:WP497;wiki:WP4973;wiki:WP4979;wiki:WP4980;wiki:WP4981;wiki:WP4988;wiki:WP4992;wiki:WP4994;wiki:WP5004;wiki:WP5009;wiki:WP5029;wiki:WP5094;wiki:WP5213;wiki:WP5312;wiki:WP5402;wiki:WP550",33032,"CHEBI:16015","HMDB0000148","C00025","56-86-0",33000652.2562816,9690637.85222193,29.364988840114,52294474.0876121,31493534.2526576,"C18","Pos",1
"Amide-Neg-000271","L-Glutathione (reduced)","C10 H17 N3 O6 S",307.08381,76.4,"mzCloud",472,0.32,306.07663,12.814,FALSE,"[M-H]-1","C(CC(=O)NC(CS)C(=O)NCC(=O)O)C(C(=O)O)N","RWSXRVCMGQZWBV-WDSKDSINSA-N","Organic acids and derivatives","Carboxylic acids and derivatives","Amino acids, peptides, and analogues","kegg:map00250;kegg:map00480;kegg:map00590;kegg:map00620;reactome:R-HSA-1222499;reactome:R-HSA-1222538;reactome:R-HSA-1222556;reactome:R-HSA-156581;reactome:R-HSA-156590;reactome:R-HSA-1614517;reactome:R-HSA-1614558;reactome:R-HSA-1614635;reactome:R-HSA-174403;reactome:R-HSA-196741;reactome:R-HSA-196836;reactome:R-HSA-204174;reactome:R-HSA-2142688;reactome:R-HSA-2142691;reactome:R-HSA-2142712;reactome:R-HSA-2142770;reactome:R-HSA-2162123;reactome:R-HSA-2408499;reactome:R-HSA-2408550;reactome:R-HSA-3299685;reactome:R-HSA-499943;reactome:R-HSA-5423646;reactome:R-HSA-5579029;reactome:R-HSA-5628897;reactome:R-HSA-70268;reactome:R-HSA-71406;reactome:R-HSA-8963684;reactome:R-HSA-8963691;reactome:R-HSA-9018676;reactome:R-HSA-9018677;reactome:R-HSA-9018679;reactome:R-HSA-9018896;reactome:R-HSA-9020265;reactome:R-HSA-9023661;reactome:R-HSA-9026395;reactome:R-HSA-9026762;reactome:R-HSA-9026766;reactome:R-HSA-9635486;reactome:R-HSA-9748787;reactome:R-HSA-9753281;reactome:R-HSA-9759218;wiki:WP100;wiki:WP1438;wiki:WP1495;wiki:WP2333;wiki:WP2436;wiki:WP2525;wiki:WP2650;wiki:WP2766;wiki:WP2824;wiki:WP314;wiki:WP3287;wiki:WP3306;wiki:WP3349;wiki:WP3551;wiki:WP3574;wiki:WP4042;wiki:WP4059;wiki:WP4233;wiki:WP4290;wiki:WP4313;wiki:WP4439;wiki:WP4440;wiki:WP4487;wiki:WP4504;wiki:WP4518;wiki:WP4584;wiki:WP4900;wiki:WP4981;wiki:WP5003;wiki:WP5030;wiki:WP5171;wiki:WP5213;wiki:WP5233;wiki:WP5238;wiki:WP692",124886,"CHEBI:16856","HMDB0000125","C02471;C00051","70-18-8",2056850.9013721,834665.734395805,40.5797879583303,4715398.64682258,1726072.07887131,"Amide","Neg",1
"Amide-Neg-000393","L-Glutathione (reduced)","C10 H17 N3 O6 S",307.08381,76.4,"mzCloud",472,0.36,306.07664,12.92,FALSE,"[M-H]-1","C(CC(=O)NC(CS)C(=O)NCC(=O)O)C(C(=O)O)N","RWSXRVCMGQZWBV-WDSKDSINSA-N","Organic acids and derivatives","Carboxylic acids and derivatives","Amino acids, peptides, and analogues","kegg:map00250;kegg:map00480;kegg:map00590;kegg:map00620;reactome:R-HSA-1222499;reactome:R-HSA-1222538;reactome:R-HSA-1222556;reactome:R-HSA-156581;reactome:R-HSA-156590;reactome:R-HSA-1614517;reactome:R-HSA-1614558;reactome:R-HSA-1614635;reactome:R-HSA-174403;reactome:R-HSA-196741;reactome:R-HSA-196836;reactome:R-HSA-204174;reactome:R-HSA-2142688;reactome:R-HSA-2142691;reactome:R-HSA-2142712;reactome:R-HSA-2142770;reactome:R-HSA-2162123;reactome:R-HSA-2408499;reactome:R-HSA-2408550;reactome:R-HSA-3299685;reactome:R-HSA-499943;reactome:R-HSA-5423646;reactome:R-HSA-5579029;reactome:R-HSA-5628897;reactome:R-HSA-70268;reactome:R-HSA-71406;reactome:R-HSA-8963684;reactome:R-HSA-8963691;reactome:R-HSA-9018676;reactome:R-HSA-9018677;reactome:R-HSA-9018679;reactome:R-HSA-9018896;reactome:R-HSA-9020265;reactome:R-HSA-9023661;reactome:R-HSA-9026395;reactome:R-HSA-9026762;reactome:R-HSA-9026766;reactome:R-HSA-9635486;reactome:R-HSA-9748787;reactome:R-HSA-9753281;reactome:R-HSA-9759218;wiki:WP100;wiki:WP1438;wiki:WP1495;wiki:WP2333;wiki:WP2436;wiki:WP2525;wiki:WP2650;wiki:WP2766;wiki:WP2824;wiki:WP314;wiki:WP3287;wiki:WP3306;wiki:WP3349;wiki:WP3551;wiki:WP3574;wiki:WP4042;wiki:WP4059;wiki:WP4233;wiki:WP4290;wiki:WP4313;wiki:WP4439;wiki:WP4440;wiki:WP4487;wiki:WP4504;wiki:WP4518;wiki:WP4584;wiki:WP4900;wiki:WP4981;wiki:WP5003;wiki:WP5030;wiki:WP5171;wiki:WP5213;wiki:WP5233;wiki:WP5238;wiki:WP692",124886,"CHEBI:16856","HMDB0000125","C02471;C00051","70-18-8",1059373.38908725,506015.623889221,47.7655592543439,1733020.04029749,1108655.10672038,"Amide","Neg",1
"Amide-Pos-000164","L-Glutathione (reduced)","C10 H17 N3 O6 S",307.08381,96,"mzCloud",472,-1.2,308.09073,12.833,FALSE,"[M+H]+1","C(CC(=O)NC(CS)C(=O)NCC(=O)O)C(C(=O)O)N","RWSXRVCMGQZWBV-WDSKDSINSA-N","Organic acids and derivatives","Carboxylic acids and derivatives","Amino acids, peptides, and analogues","kegg:map00250;kegg:map00480;kegg:map00590;kegg:map00620;reactome:R-HSA-1222499;reactome:R-HSA-1222538;reactome:R-HSA-1222556;reactome:R-HSA-156581;reactome:R-HSA-156590;reactome:R-HSA-1614517;reactome:R-HSA-1614558;reactome:R-HSA-1614635;reactome:R-HSA-174403;reactome:R-HSA-196741;reactome:R-HSA-196836;reactome:R-HSA-204174;reactome:R-HSA-2142688;reactome:R-HSA-2142691;reactome:R-HSA-2142712;reactome:R-HSA-2142770;reactome:R-HSA-2162123;reactome:R-HSA-2408499;reactome:R-HSA-2408550;reactome:R-HSA-3299685;reactome:R-HSA-499943;reactome:R-HSA-5423646;reactome:R-HSA-5579029;reactome:R-HSA-5628897;reactome:R-HSA-70268;reactome:R-HSA-71406;reactome:R-HSA-8963684;reactome:R-HSA-8963691;reactome:R-HSA-9018676;reactome:R-HSA-9018677;reactome:R-HSA-9018679;reactome:R-HSA-9018896;reactome:R-HSA-9020265;reactome:R-HSA-9023661;reactome:R-HSA-9026395;reactome:R-HSA-9026762;reactome:R-HSA-9026766;reactome:R-HSA-9635486;reactome:R-HSA-9748787;reactome:R-HSA-9753281;reactome:R-HSA-9759218;wiki:WP100;wiki:WP1438;wiki:WP1495;wiki:WP2333;wiki:WP2436;wiki:WP2525;wiki:WP2650;wiki:WP2766;wiki:WP2824;wiki:WP314;wiki:WP3287;wiki:WP3306;wiki:WP3349;wiki:WP3551;wiki:WP3574;wiki:WP4042;wiki:WP4059;wiki:WP4233;wiki:WP4290;wiki:WP4313;wiki:WP4439;wiki:WP4440;wiki:WP4487;wiki:WP4504;wiki:WP4518;wiki:WP4584;wiki:WP4900;wiki:WP4981;wiki:WP5003;wiki:WP5030;wiki:WP5171;wiki:WP5213;wiki:WP5233;wiki:WP5238;wiki:WP692",124886,"CHEBI:16856","HMDB0000125","C02471;C00051","70-18-8",12701099.5664603,3290374.09362319,25.9062144691161,17964911.1758481,12305096.0133983,"Amide","Pos",1
"Amide-Pos-000300","L-Glutathione (reduced)","C10 H17 N3 O6 S",307.08381,96,"mzCloud",472,-1.78,308.09054,12.921,FALSE,"[M+H]+1","C(CC(=O)NC(CS)C(=O)NCC(=O)O)C(C(=O)O)N","RWSXRVCMGQZWBV-WDSKDSINSA-N","Organic acids and derivatives","Carboxylic acids and derivatives","Amino acids, peptides, and analogues","kegg:map00250;kegg:map00480;kegg:map00590;kegg:map00620;reactome:R-HSA-1222499;reactome:R-HSA-1222538;reactome:R-HSA-1222556;reactome:R-HSA-156581;reactome:R-HSA-156590;reactome:R-HSA-1614517;reactome:R-HSA-1614558;reactome:R-HSA-1614635;reactome:R-HSA-174403;reactome:R-HSA-196741;reactome:R-HSA-196836;reactome:R-HSA-204174;reactome:R-HSA-2142688;reactome:R-HSA-2142691;reactome:R-HSA-2142712;reactome:R-HSA-2142770;reactome:R-HSA-2162123;reactome:R-HSA-2408499;reactome:R-HSA-2408550;reactome:R-HSA-3299685;reactome:R-HSA-499943;reactome:R-HSA-5423646;reactome:R-HSA-5579029;reactome:R-HSA-5628897;reactome:R-HSA-70268;reactome:R-HSA-71406;reactome:R-HSA-8963684;reactome:R-HSA-8963691;reactome:R-HSA-9018676;reactome:R-HSA-9018677;reactome:R-HSA-9018679;reactome:R-HSA-9018896;reactome:R-HSA-9020265;reactome:R-HSA-9023661;reactome:R-HSA-9026395;reactome:R-HSA-9026762;reactome:R-HSA-9026766;reactome:R-HSA-9635486;reactome:R-HSA-9748787;reactome:R-HSA-9753281;reactome:R-HSA-9759218;wiki:WP100;wiki:WP1438;wiki:WP1495;wiki:WP2333;wiki:WP2436;wiki:WP2525;wiki:WP2650;wiki:WP2766;wiki:WP2824;wiki:WP314;wiki:WP3287;wiki:WP3306;wiki:WP3349;wiki:WP3551;wiki:WP3574;wiki:WP4042;wiki:WP4059;wiki:WP4233;wiki:WP4290;wiki:WP4313;wiki:WP4439;wiki:WP4440;wiki:WP4487;wiki:WP4504;wiki:WP4518;wiki:WP4584;wiki:WP4900;wiki:WP4981;wiki:WP5003;wiki:WP5030;wiki:WP5171;wiki:WP5213;wiki:WP5233;wiki:WP5238;wiki:WP692",124886,"CHEBI:16856","HMDB0000125","C02471;C00051","70-18-8",1154585.80013277,1254577.05620333,108.660357338455,5475950.3065492,749137.53462034,"Amide","Pos",1
"C18-Neg-000008","L-Glutathione (reduced)","C10 H17 N3 O6 S",307.08381,79.6,"mzCloud",472,0.17,306.07658,1.761,FALSE,"[M-H]-1","C(CC(=O)NC(CS)C(=O)NCC(=O)O)C(C(=O)O)N","RWSXRVCMGQZWBV-WDSKDSINSA-N","Organic acids and derivatives","Carboxylic acids and derivatives","Amino acids, peptides, and analogues","kegg:map00250;kegg:map00480;kegg:map00590;kegg:map00620;reactome:R-HSA-1222499;reactome:R-HSA-1222538;reactome:R-HSA-1222556;reactome:R-HSA-156581;reactome:R-HSA-156590;reactome:R-HSA-1614517;reactome:R-HSA-1614558;reactome:R-HSA-1614635;reactome:R-HSA-174403;reactome:R-HSA-196741;reactome:R-HSA-196836;reactome:R-HSA-204174;reactome:R-HSA-2142688;reactome:R-HSA-2142691;reactome:R-HSA-2142712;reactome:R-HSA-2142770;reactome:R-HSA-2162123;reactome:R-HSA-2408499;reactome:R-HSA-2408550;reactome:R-HSA-3299685;reactome:R-HSA-499943;reactome:R-HSA-5423646;reactome:R-HSA-5579029;reactome:R-HSA-5628897;reactome:R-HSA-70268;reactome:R-HSA-71406;reactome:R-HSA-8963684;reactome:R-HSA-8963691;reactome:R-HSA-9018676;reactome:R-HSA-9018677;reactome:R-HSA-9018679;reactome:R-HSA-9018896;reactome:R-HSA-9020265;reactome:R-HSA-9023661;reactome:R-HSA-9026395;reactome:R-HSA-9026762;reactome:R-HSA-9026766;reactome:R-HSA-9635486;reactome:R-HSA-9748787;reactome:R-HSA-9753281;reactome:R-HSA-9759218;wiki:WP100;wiki:WP1438;wiki:WP1495;wiki:WP2333;wiki:WP2436;wiki:WP2525;wiki:WP2650;wiki:WP2766;wiki:WP2824;wiki:WP314;wiki:WP3287;wiki:WP3306;wiki:WP3349;wiki:WP3551;wiki:WP3574;wiki:WP4042;wiki:WP4059;wiki:WP4233;wiki:WP4290;wiki:WP4313;wiki:WP4439;wiki:WP4440;wiki:WP4487;wiki:WP4504;wiki:WP4518;wiki:WP4584;wiki:WP4900;wiki:WP4981;wiki:WP5003;wiki:WP5030;wiki:WP5171;wiki:WP5213;wiki:WP5233;wiki:WP5238;wiki:WP692",124886,"CHEBI:16856","HMDB0000125","C02471;C00051","70-18-8",44931136.5403944,17062256.6037069,37.9742377279228,78818553.27879,44529669.7160888,"C18","Neg",1
"C18-Neg-000009","L-Glutathione (reduced)","C10 H17 N3 O6 S",307.08381,79.6,"mzCloud",472,-0.08,306.0765,2.32,FALSE,"[M-H]-1","C(CC(=O)NC(CS)C(=O)NCC(=O)O)C(C(=O)O)N","RWSXRVCMGQZWBV-WDSKDSINSA-N","Organic acids and derivatives","Carboxylic acids and derivatives","Amino acids, peptides, and analogues","kegg:map00250;kegg:map00480;kegg:map00590;kegg:map00620;reactome:R-HSA-1222499;reactome:R-HSA-1222538;reactome:R-HSA-1222556;reactome:R-HSA-156581;reactome:R-HSA-156590;reactome:R-HSA-1614517;reactome:R-HSA-1614558;reactome:R-HSA-1614635;reactome:R-HSA-174403;reactome:R-HSA-196741;reactome:R-HSA-196836;reactome:R-HSA-204174;reactome:R-HSA-2142688;reactome:R-HSA-2142691;reactome:R-HSA-2142712;reactome:R-HSA-2142770;reactome:R-HSA-2162123;reactome:R-HSA-2408499;reactome:R-HSA-2408550;reactome:R-HSA-3299685;reactome:R-HSA-499943;reactome:R-HSA-5423646;reactome:R-HSA-5579029;reactome:R-HSA-5628897;reactome:R-HSA-70268;reactome:R-HSA-71406;reactome:R-HSA-8963684;reactome:R-HSA-8963691;reactome:R-HSA-9018676;reactome:R-HSA-9018677;reactome:R-HSA-9018679;reactome:R-HSA-9018896;reactome:R-HSA-9020265;reactome:R-HSA-9023661;reactome:R-HSA-9026395;reactome:R-HSA-9026762;reactome:R-HSA-9026766;reactome:R-HSA-9635486;reactome:R-HSA-9748787;reactome:R-HSA-9753281;reactome:R-HSA-9759218;wiki:WP100;wiki:WP1438;wiki:WP1495;wiki:WP2333;wiki:WP2436;wiki:WP2525;wiki:WP2650;wiki:WP2766;wiki:WP2824;wiki:WP314;wiki:WP3287;wiki:WP3306;wiki:WP3349;wiki:WP3551;wiki:WP3574;wiki:WP4042;wiki:WP4059;wiki:WP4233;wiki:WP4290;wiki:WP4313;wiki:WP4439;wiki:WP4440;wiki:WP4487;wiki:WP4504;wiki:WP4518;wiki:WP4584;wiki:WP4900;wiki:WP4981;wiki:WP5003;wiki:WP5030;wiki:WP5171;wiki:WP5213;wiki:WP5233;wiki:WP5238;wiki:WP692",124886,"CHEBI:16856","HMDB0000125","C02471;C00051","70-18-8",31035601.0672293,28112141.5763847,90.5803032958448,72226649.5408756,21479812.1902862,"C18","Neg",1
"C18-Pos-000003","L-Glutathione (reduced)","C10 H17 N3 O6 S",307.08381,95.9,"mzCloud",472,-1.33,308.09067,1.741,FALSE,"[M+H]+1","C(CC(=O)NC(CS)C(=O)NCC(=O)O)C(C(=O)O)N","RWSXRVCMGQZWBV-WDSKDSINSA-N","Organic acids and derivatives","Carboxylic acids and derivatives","Amino acids, peptides, and analogues","kegg:map00250;kegg:map00480;kegg:map00590;kegg:map00620;reactome:R-HSA-1222499;reactome:R-HSA-1222538;reactome:R-HSA-1222556;reactome:R-HSA-156581;reactome:R-HSA-156590;reactome:R-HSA-1614517;reactome:R-HSA-1614558;reactome:R-HSA-1614635;reactome:R-HSA-174403;reactome:R-HSA-196741;reactome:R-HSA-196836;reactome:R-HSA-204174;reactome:R-HSA-2142688;reactome:R-HSA-2142691;reactome:R-HSA-2142712;reactome:R-HSA-2142770;reactome:R-HSA-2162123;reactome:R-HSA-2408499;reactome:R-HSA-2408550;reactome:R-HSA-3299685;reactome:R-HSA-499943;reactome:R-HSA-5423646;reactome:R-HSA-5579029;reactome:R-HSA-5628897;reactome:R-HSA-70268;reactome:R-HSA-71406;reactome:R-HSA-8963684;reactome:R-HSA-8963691;reactome:R-HSA-9018676;reactome:R-HSA-9018677;reactome:R-HSA-9018679;reactome:R-HSA-9018896;reactome:R-HSA-9020265;reactome:R-HSA-9023661;reactome:R-HSA-9026395;reactome:R-HSA-9026762;reactome:R-HSA-9026766;reactome:R-HSA-9635486;reactome:R-HSA-9748787;reactome:R-HSA-9753281;reactome:R-HSA-9759218;wiki:WP100;wiki:WP1438;wiki:WP1495;wiki:WP2333;wiki:WP2436;wiki:WP2525;wiki:WP2650;wiki:WP2766;wiki:WP2824;wiki:WP314;wiki:WP3287;wiki:WP3306;wiki:WP3349;wiki:WP3551;wiki:WP3574;wiki:WP4042;wiki:WP4059;wiki:WP4233;wiki:WP4290;wiki:WP4313;wiki:WP4439;wiki:WP4440;wiki:WP4487;wiki:WP4504;wiki:WP4518;wiki:WP4584;wiki:WP4900;wiki:WP4981;wiki:WP5003;wiki:WP5030;wiki:WP5171;wiki:WP5213;wiki:WP5233;wiki:WP5238;wiki:WP692",124886,"CHEBI:16856","HMDB0000125","C02471;C00051","70-18-8",389980825.325107,118583013.282679,30.4073958466607,796836710.855911,377464222.116549,"C18","Pos",1
"C18-Pos-000031","L-Glutathione (reduced)","C10 H17 N3 O6 S",307.08381,95.9,"mzCloud",472,-1.52,308.09061,2.296,FALSE,"[M+H]+1","C(CC(=O)NC(CS)C(=O)NCC(=O)O)C(C(=O)O)N","RWSXRVCMGQZWBV-WDSKDSINSA-N","Organic acids and derivatives","Carboxylic acids and derivatives","Amino acids, peptides, and analogues","kegg:map00250;kegg:map00480;kegg:map00590;kegg:map00620;reactome:R-HSA-1222499;reactome:R-HSA-1222538;reactome:R-HSA-1222556;reactome:R-HSA-156581;reactome:R-HSA-156590;reactome:R-HSA-1614517;reactome:R-HSA-1614558;reactome:R-HSA-1614635;reactome:R-HSA-174403;reactome:R-HSA-196741;reactome:R-HSA-196836;reactome:R-HSA-204174;reactome:R-HSA-2142688;reactome:R-HSA-2142691;reactome:R-HSA-2142712;reactome:R-HSA-2142770;reactome:R-HSA-2162123;reactome:R-HSA-2408499;reactome:R-HSA-2408550;reactome:R-HSA-3299685;reactome:R-HSA-499943;reactome:R-HSA-5423646;reactome:R-HSA-5579029;reactome:R-HSA-5628897;reactome:R-HSA-70268;reactome:R-HSA-71406;reactome:R-HSA-8963684;reactome:R-HSA-8963691;reactome:R-HSA-9018676;reactome:R-HSA-9018677;reactome:R-HSA-9018679;reactome:R-HSA-9018896;reactome:R-HSA-9020265;reactome:R-HSA-9023661;reactome:R-HSA-9026395;reactome:R-HSA-9026762;reactome:R-HSA-9026766;reactome:R-HSA-9635486;reactome:R-HSA-9748787;reactome:R-HSA-9753281;reactome:R-HSA-9759218;wiki:WP100;wiki:WP1438;wiki:WP1495;wiki:WP2333;wiki:WP2436;wiki:WP2525;wiki:WP2650;wiki:WP2766;wiki:WP2824;wiki:WP314;wiki:WP3287;wiki:WP3306;wiki:WP3349;wiki:WP3551;wiki:WP3574;wiki:WP4042;wiki:WP4059;wiki:WP4233;wiki:WP4290;wiki:WP4313;wiki:WP4439;wiki:WP4440;wiki:WP4487;wiki:WP4504;wiki:WP4518;wiki:WP4584;wiki:WP4900;wiki:WP4981;wiki:WP5003;wiki:WP5030;wiki:WP5171;wiki:WP5213;wiki:WP5233;wiki:WP5238;wiki:WP692",124886,"CHEBI:16856","HMDB0000125","C02471;C00051","70-18-8",62472661.2383943,40081926.2008713,64.159146427138,101741737.761421,70826829.5382955,"C18","Pos",1
"C8-Pos-000180","L-Glutathione (reduced)","C10 H17 N3 O6 S",307.08381,81.2,"mzCloud",472,-0.85,308.09082,1.066,FALSE,"[M+H]+1","C(CC(=O)NC(CS)C(=O)NCC(=O)O)C(C(=O)O)N","RWSXRVCMGQZWBV-WDSKDSINSA-N","Organic acids and derivatives","Carboxylic acids and derivatives","Amino acids, peptides, and analogues","kegg:map00250;kegg:map00480;kegg:map00590;kegg:map00620;reactome:R-HSA-1222499;reactome:R-HSA-1222538;reactome:R-HSA-1222556;reactome:R-HSA-156581;reactome:R-HSA-156590;reactome:R-HSA-1614517;reactome:R-HSA-1614558;reactome:R-HSA-1614635;reactome:R-HSA-174403;reactome:R-HSA-196741;reactome:R-HSA-196836;reactome:R-HSA-204174;reactome:R-HSA-2142688;reactome:R-HSA-2142691;reactome:R-HSA-2142712;reactome:R-HSA-2142770;reactome:R-HSA-2162123;reactome:R-HSA-2408499;reactome:R-HSA-2408550;reactome:R-HSA-3299685;reactome:R-HSA-499943;reactome:R-HSA-5423646;reactome:R-HSA-5579029;reactome:R-HSA-5628897;reactome:R-HSA-70268;reactome:R-HSA-71406;reactome:R-HSA-8963684;reactome:R-HSA-8963691;reactome:R-HSA-9018676;reactome:R-HSA-9018677;reactome:R-HSA-9018679;reactome:R-HSA-9018896;reactome:R-HSA-9020265;reactome:R-HSA-9023661;reactome:R-HSA-9026395;reactome:R-HSA-9026762;reactome:R-HSA-9026766;reactome:R-HSA-9635486;reactome:R-HSA-9748787;reactome:R-HSA-9753281;reactome:R-HSA-9759218;wiki:WP100;wiki:WP1438;wiki:WP1495;wiki:WP2333;wiki:WP2436;wiki:WP2525;wiki:WP2650;wiki:WP2766;wiki:WP2824;wiki:WP314;wiki:WP3287;wiki:WP3306;wiki:WP3349;wiki:WP3551;wiki:WP3574;wiki:WP4042;wiki:WP4059;wiki:WP4233;wiki:WP4290;wiki:WP4313;wiki:WP4439;wiki:WP4440;wiki:WP4487;wiki:WP4504;wiki:WP4518;wiki:WP4584;wiki:WP4900;wiki:WP4981;wiki:WP5003;wiki:WP5030;wiki:WP5171;wiki:WP5213;wiki:WP5233;wiki:WP5238;wiki:WP692",124886,"CHEBI:16856","HMDB0000125","C02471;C00051","70-18-8",3188969.23975128,4171651.78849911,130.815052603784,12318205.1794683,1305788.04171693,"C8","Pos",1
"C8-Pos-000590","L-Glutathione (reduced)","C10 H17 N3 O6 S",307.08381,81.2,"mzCloud",472,0.44,308.09122,14.513,FALSE,"[M+H]+1","C(CC(=O)NC(CS)C(=O)NCC(=O)O)C(C(=O)O)N","RWSXRVCMGQZWBV-WDSKDSINSA-N","Organic acids and derivatives","Carboxylic acids and derivatives","Amino acids, peptides, and analogues","kegg:map00250;kegg:map00480;kegg:map00590;kegg:map00620;reactome:R-HSA-1222499;reactome:R-HSA-1222538;reactome:R-HSA-1222556;reactome:R-HSA-156581;reactome:R-HSA-156590;reactome:R-HSA-1614517;reactome:R-HSA-1614558;reactome:R-HSA-1614635;reactome:R-HSA-174403;reactome:R-HSA-196741;reactome:R-HSA-196836;reactome:R-HSA-204174;reactome:R-HSA-2142688;reactome:R-HSA-2142691;reactome:R-HSA-2142712;reactome:R-HSA-2142770;reactome:R-HSA-2162123;reactome:R-HSA-2408499;reactome:R-HSA-2408550;reactome:R-HSA-3299685;reactome:R-HSA-499943;reactome:R-HSA-5423646;reactome:R-HSA-5579029;reactome:R-HSA-5628897;reactome:R-HSA-70268;reactome:R-HSA-71406;reactome:R-HSA-8963684;reactome:R-HSA-8963691;reactome:R-HSA-9018676;reactome:R-HSA-9018677;reactome:R-HSA-9018679;reactome:R-HSA-9018896;reactome:R-HSA-9020265;reactome:R-HSA-9023661;reactome:R-HSA-9026395;reactome:R-HSA-9026762;reactome:R-HSA-9026766;reactome:R-HSA-9635486;reactome:R-HSA-9748787;reactome:R-HSA-9753281;reactome:R-HSA-9759218;wiki:WP100;wiki:WP1438;wiki:WP1495;wiki:WP2333;wiki:WP2436;wiki:WP2525;wiki:WP2650;wiki:WP2766;wiki:WP2824;wiki:WP314;wiki:WP3287;wiki:WP3306;wiki:WP3349;wiki:WP3551;wiki:WP3574;wiki:WP4042;wiki:WP4059;wiki:WP4233;wiki:WP4290;wiki:WP4313;wiki:WP4439;wiki:WP4440;wiki:WP4487;wiki:WP4504;wiki:WP4518;wiki:WP4584;wiki:WP4900;wiki:WP4981;wiki:WP5003;wiki:WP5030;wiki:WP5171;wiki:WP5213;wiki:WP5233;wiki:WP5238;wiki:WP692",124886,"CHEBI:16856","HMDB0000125","C02471;C00051","70-18-8",311806.901021525,91701.3317307581,29.4096543182114,606061.647831376,313457.239800256,"C8","Pos",1
"Amide-Neg-000512","L-Glutathione oxidized","C20 H32 N6 O12 S2",612.15196,76.6,"mzCloud",471,0.57,611.14533,14.153,FALSE,"[M-H]-1","O=C(NC(C(=O)NCC(=O)O)CSSCC(C(=O)NCC(=O)O)NC(=O)CCC(C(=O)O)N)CCC(C(=O)O)N","YPZRWBKMTBYPTK-BJDJZHNGSA-N","Organic acids and derivatives","Carboxylic acids and derivatives","Amino acids, peptides, and analogues","kegg:map00250;kegg:map00480;kegg:map00590;wiki:WP100;wiki:WP2289;wiki:WP2525;wiki:WP2650;wiki:WP2824;wiki:WP3349;wiki:WP3574;wiki:WP4042;wiki:WP4059;wiki:WP4313;wiki:WP4439;wiki:WP4440;wiki:WP5233;wiki:WP692",65359,"CHEBI:17858","HMDB0003337","C00127","27025-41-8",586679.971337653,91006.8861670996,15.5121856230408,798662.673168809,608475.387708079,"Amide","Neg",1
"Amide-Pos-000237","L-Glutathione oxidized","C20 H32 N6 O12 S2",612.15196,94.1,"mzCloud",471,-1.89,613.1581,14.193,FALSE,"[M+H]+1","O=C(NC(C(=O)NCC(=O)O)CSSCC(C(=O)NCC(=O)O)NC(=O)CCC(C(=O)O)N)CCC(C(=O)O)N","YPZRWBKMTBYPTK-BJDJZHNGSA-N","Organic acids and derivatives","Carboxylic acids and derivatives","Amino acids, peptides, and analogues","kegg:map00250;kegg:map00480;kegg:map00590;wiki:WP100;wiki:WP2289;wiki:WP2525;wiki:WP2650;wiki:WP2824;wiki:WP3349;wiki:WP3574;wiki:WP4042;wiki:WP4059;wiki:WP4313;wiki:WP4439;wiki:WP4440;wiki:WP5233;wiki:WP692",65359,"CHEBI:17858","HMDB0003337","C00127","27025-41-8",5944912.03194466,1492472.45401981,25.1050384934225,8960862.05988826,5864659.80575477,"Amide","Pos",1
"C8-Neg-000057","L-Glutathione oxidized","C20 H32 N6 O12 S2",612.15196,97,"mzCloud",471,-1.73,611.14363,1.507,FALSE,"[M-H]-1","O=C(NC(C(=O)NCC(=O)O)CSSCC(C(=O)NCC(=O)O)NC(=O)CCC(C(=O)O)N)CCC(C(=O)O)N","YPZRWBKMTBYPTK-BJDJZHNGSA-N","Organic acids and derivatives","Carboxylic acids and derivatives","Amino acids, peptides, and analogues","kegg:map00250;kegg:map00480;kegg:map00590;wiki:WP100;wiki:WP2289;wiki:WP2525;wiki:WP2650;wiki:WP2824;wiki:WP3349;wiki:WP3574;wiki:WP4042;wiki:WP4059;wiki:WP4313;wiki:WP4439;wiki:WP4440;wiki:WP5233;wiki:WP692",65359,"CHEBI:17858","HMDB0003337","C00127","27025-41-8",3160507.91448308,1003925.95251972,31.7647030060965,4721236.04960347,3057306.69433674,"C8","Neg",1
"C8-Neg-000058","L-Glutathione oxidized","C20 H32 N6 O12 S2",612.15196,97,"mzCloud",471,-1.25,611.14392,1.274,FALSE,"[M-H]-1","O=C(NC(C(=O)NCC(=O)O)CSSCC(C(=O)NCC(=O)O)NC(=O)CCC(C(=O)O)N)CCC(C(=O)O)N","YPZRWBKMTBYPTK-BJDJZHNGSA-N","Organic acids and derivatives","Carboxylic acids and derivatives","Amino acids, peptides, and analogues","kegg:map00250;kegg:map00480;kegg:map00590;wiki:WP100;wiki:WP2289;wiki:WP2525;wiki:WP2650;wiki:WP2824;wiki:WP3349;wiki:WP3574;wiki:WP4042;wiki:WP4059;wiki:WP4313;wiki:WP4439;wiki:WP4440;wiki:WP5233;wiki:WP692",65359,"CHEBI:17858","HMDB0003337","C00127","27025-41-8",3900034.74077532,NA,NA,3900034.74077532,3900034.74077532,"C8","Neg",1
"C8-Pos-000257","L-Glutathione oxidized","C20 H32 N6 O12 S2",612.15196,91.5,"mzCloud",471,-0.76,307.08291,2.037,FALSE,"[M+2H]+2","O=C(NC(C(=O)NCC(=O)O)CSSCC(C(=O)NCC(=O)O)NC(=O)CCC(C(=O)O)N)CCC(C(=O)O)N","YPZRWBKMTBYPTK-BJDJZHNGSA-N","Organic acids and derivatives","Carboxylic acids and derivatives","Amino acids, peptides, and analogues","kegg:map00250;kegg:map00480;kegg:map00590;wiki:WP100;wiki:WP2289;wiki:WP2525;wiki:WP2650;wiki:WP2824;wiki:WP3349;wiki:WP3574;wiki:WP4042;wiki:WP4059;wiki:WP4313;wiki:WP4439;wiki:WP4440;wiki:WP5233;wiki:WP692",65359,"CHEBI:17858","HMDB0003337","C00127","27025-41-8",2426757.51492136,1007476.38371469,41.5153297154758,3775359.59689425,2370539.20935915,"C8","Pos",1
"C8-Pos-000465","L-Glutathione oxidized","C20 H32 N6 O12 S2",612.15196,91.5,"mzCloud",471,-0.25,307.08317,0.537,FALSE,"[M+2H]+2","O=C(NC(C(=O)NCC(=O)O)CSSCC(C(=O)NCC(=O)O)NC(=O)CCC(C(=O)O)N)CCC(C(=O)O)N","YPZRWBKMTBYPTK-BJDJZHNGSA-N","Organic acids and derivatives","Carboxylic acids and derivatives","Amino acids, peptides, and analogues","kegg:map00250;kegg:map00480;kegg:map00590;wiki:WP100;wiki:WP2289;wiki:WP2525;wiki:WP2650;wiki:WP2824;wiki:WP3349;wiki:WP3574;wiki:WP4042;wiki:WP4059;wiki:WP4313;wiki:WP4439;wiki:WP4440;wiki:WP5233;wiki:WP692",65359,"CHEBI:17858","HMDB0003337","C00127","27025-41-8",595905.07832509,292347.616830237,49.059426989939,1358051.61187132,523967.917059282,"C8","Pos",1
"Amide-Neg-000152","L-Gulono-1,4-lactone","C6 H10 O6",178.04774,85.1,"NIST23",12713,0.15,177.04049,1.973,FALSE,"[M-H]-1","O=C1O[C@H]([C@@H](O)CO)[C@H](O)[C@@H]1O","SXZYCXMUPBBULW-SKNVOMKLSA-N","Organic compounds","Organoheterocyclic compounds","Lactones",NA,439373,"CHEBI:17587","HMDB0003466","C01040","1128-23-0",7538042.63283866,1735696.44103009,23.025824150539,11186716.4285143,7483202.48534185,"Amide","Neg",0
"Amide-Neg-000417","L-Gulono-1,4-lactone","C6 H10 O6",178.04774,85.1,"NIST23",12713,-0.08,177.04045,1.292,FALSE,"[M-H]-1","O=C1O[C@H]([C@@H](O)CO)[C@H](O)[C@@H]1O","SXZYCXMUPBBULW-SKNVOMKLSA-N","Organic compounds","Organoheterocyclic compounds","Lactones",NA,439373,"CHEBI:17587","HMDB0003466","C01040","1128-23-0",935984.584134794,207028.817875457,22.1188277440307,1553176.60261291,875292.303265759,"Amide","Neg",0
"Amide-Neg-000355","L-Histidine","C6 H9 N3 O2",155.06948,85.9,"mzCloud",473,-0.44,154.06213,14.281,FALSE,"[M-H]-1","C1=C(N=CN1)CC(C(=O)O)N","HNDVDQJCIGZPNO-YFKPBYRVSA-N","Organic acids and derivatives","Carboxylic acids and derivatives","Amino acids, peptides, and analogues","kegg:map00340;kegg:map00410;kegg:map00910;reactome:R-HSA-352230;reactome:R-HSA-379716;reactome:R-HSA-379724;reactome:R-HSA-379726;reactome:R-HSA-427975;reactome:R-HSA-442660;reactome:R-HSA-5223345;reactome:R-HSA-5619094;reactome:R-HSA-70921;reactome:R-HSA-71240;wiki:WP1938;wiki:WP3320;wiki:WP4486;wiki:WP4661;wiki:WP4988;wiki:WP4994;wiki:WP5313;wiki:WP550;wiki:WP661",6274,"CHEBI:15971","HMDB0000177","C00135","71-00-1",1443048.96867739,438120.929677937,30.360780485467,2716005.52590355,1482367.99808877,"Amide","Neg",1
"Amide-Neg-000598","L-Histidine","C6 H9 N3 O2",155.06948,85.9,"mzCloud",473,-0.49,154.06212,10.478,FALSE,"[M-H]-1","C1=C(N=CN1)CC(C(=O)O)N","HNDVDQJCIGZPNO-YFKPBYRVSA-N","Organic acids and derivatives","Carboxylic acids and derivatives","Amino acids, peptides, and analogues","kegg:map00340;kegg:map00410;kegg:map00910;reactome:R-HSA-352230;reactome:R-HSA-379716;reactome:R-HSA-379724;reactome:R-HSA-379726;reactome:R-HSA-427975;reactome:R-HSA-442660;reactome:R-HSA-5223345;reactome:R-HSA-5619094;reactome:R-HSA-70921;reactome:R-HSA-71240;wiki:WP1938;wiki:WP3320;wiki:WP4486;wiki:WP4661;wiki:WP4988;wiki:WP4994;wiki:WP5313;wiki:WP550;wiki:WP661",6274,"CHEBI:15971","HMDB0000177","C00135","71-00-1",134872.771072858,56514.7630959093,41.9022777142914,238694.704391511,133725.823970009,"Amide","Neg",1
"Amide-Pos-000125","L-Histidine","C6 H9 N3 O2",155.06948,99.6,"mzCloud",473,-1.28,156.07655,13.778,FALSE,"[M+H]+1","C1=C(N=CN1)CC(C(=O)O)N","HNDVDQJCIGZPNO-YFKPBYRVSA-N","Organic acids and derivatives","Carboxylic acids and derivatives","Amino acids, peptides, and analogues","kegg:map00340;kegg:map00410;kegg:map00910;reactome:R-HSA-352230;reactome:R-HSA-379716;reactome:R-HSA-379724;reactome:R-HSA-379726;reactome:R-HSA-427975;reactome:R-HSA-442660;reactome:R-HSA-5223345;reactome:R-HSA-5619094;reactome:R-HSA-70921;reactome:R-HSA-71240;wiki:WP1938;wiki:WP3320;wiki:WP4486;wiki:WP4661;wiki:WP4988;wiki:WP4994;wiki:WP5313;wiki:WP550;wiki:WP661",6274,"CHEBI:15971","HMDB0000177","C00135","71-00-1",11053750.6327227,8692725.81853416,78.6405095190122,31877598.1074572,12801314.3997655,"Amide","Pos",1
"Amide-Pos-000209","L-Histidine","C6 H9 N3 O2",155.06948,99.6,"mzCloud",473,-1.52,156.07652,14.22,FALSE,"[M+H]+1","C1=C(N=CN1)CC(C(=O)O)N","HNDVDQJCIGZPNO-YFKPBYRVSA-N","Organic acids and derivatives","Carboxylic acids and derivatives","Amino acids, peptides, and analogues","kegg:map00340;kegg:map00410;kegg:map00910;reactome:R-HSA-352230;reactome:R-HSA-379716;reactome:R-HSA-379724;reactome:R-HSA-379726;reactome:R-HSA-427975;reactome:R-HSA-442660;reactome:R-HSA-5223345;reactome:R-HSA-5619094;reactome:R-HSA-70921;reactome:R-HSA-71240;wiki:WP1938;wiki:WP3320;wiki:WP4486;wiki:WP4661;wiki:WP4988;wiki:WP4994;wiki:WP5313;wiki:WP550;wiki:WP661",6274,"CHEBI:15971","HMDB0000177","C00135","71-00-1",7092851.84336661,2852916.92774416,40.222423797168,11568343.5097821,7087795.53328123,"Amide","Pos",1
"C18-Neg-000154","L-Histidine","C6 H9 N3 O2",155.06948,90.1,"mzCloud",473,-0.13,154.06218,1.089,FALSE,"[M-H]-1","C1=C(N=CN1)CC(C(=O)O)N","HNDVDQJCIGZPNO-YFKPBYRVSA-N","Organic acids and derivatives","Carboxylic acids and derivatives","Amino acids, peptides, and analogues","kegg:map00340;kegg:map00410;kegg:map00910;reactome:R-HSA-352230;reactome:R-HSA-379716;reactome:R-HSA-379724;reactome:R-HSA-379726;reactome:R-HSA-427975;reactome:R-HSA-442660;reactome:R-HSA-5223345;reactome:R-HSA-5619094;reactome:R-HSA-70921;reactome:R-HSA-71240;wiki:WP1938;wiki:WP3320;wiki:WP4486;wiki:WP4661;wiki:WP4988;wiki:WP4994;wiki:WP5313;wiki:WP550;wiki:WP661",6274,"CHEBI:15971","HMDB0000177","C00135","71-00-1",850300.344750587,219645.392104731,25.831506885859,1465881.43030633,852142.392408452,"C18","Neg",1
"C18-Pos-000135","L-Histidine","C6 H9 N3 O2",155.06948,98.4,"mzCloud",473,-1.31,156.07655,0.901,FALSE,"[M+H]+1","C1=C(N=CN1)CC(C(=O)O)N","HNDVDQJCIGZPNO-YFKPBYRVSA-N","Organic acids and derivatives","Carboxylic acids and derivatives","Amino acids, peptides, and analogues","kegg:map00340;kegg:map00410;kegg:map00910;reactome:R-HSA-352230;reactome:R-HSA-379716;reactome:R-HSA-379724;reactome:R-HSA-379726;reactome:R-HSA-427975;reactome:R-HSA-442660;reactome:R-HSA-5223345;reactome:R-HSA-5619094;reactome:R-HSA-70921;reactome:R-HSA-71240;wiki:WP1938;wiki:WP3320;wiki:WP4486;wiki:WP4661;wiki:WP4988;wiki:WP4994;wiki:WP5313;wiki:WP550;wiki:WP661",6274,"CHEBI:15971","HMDB0000177","C00135","71-00-1",5216467.56140379,3315283.0160456,63.5541767876618,13645957.7946491,3820898.07784477,"C18","Pos",1
"Amide-Pos-000228","L-Homoarginine","C7 H16 N4 O2",188.12733,89,"NIST23",7661,-1.13,189.13439,15.121,FALSE,"[M+H]+1","N=C(N)NCCCC[C@H](N)C(=O)O","QUOGESRFPZDMMT-YFKPBYRVSA-N","Organic acids and derivatives","Carboxylic acids and derivatives","Amino acids, peptides, and analogues","reactome:R-HSA-352230",9085,"CHEBI:27747","HMDB0000670","C01924","156-86-5",4795638.46141293,2072348.00579313,43.2131826130729,9929486.33090942,4907608.91639194,"Amide","Pos",0
"Amide-Pos-000366","L-Homoarginine","C7 H16 N4 O2",188.12733,89,"NIST23",7661,-1.18,189.13438,15.573,FALSE,"[M+H]+1","N=C(N)NCCCC[C@H](N)C(=O)O","QUOGESRFPZDMMT-YFKPBYRVSA-N","Organic acids and derivatives","Carboxylic acids and derivatives","Amino acids, peptides, and analogues","reactome:R-HSA-352230",9085,"CHEBI:27747","HMDB0000670","C01924","156-86-5",1573376.26772865,586585.992809972,37.2819906364023,2523549.65215669,1390573.81087866,"Amide","Pos",0
"C18-Pos-000015","L-Isoleucine","C6 H13 N O2",131.09463,99.7,"mzCloud",2244,-0.96,132.10178,2.445,FALSE,"[M+H]+1","CCC(C)C(C(=O)O)N","AGPKZVBTJJNPAG-WHFBIAKZSA-N","Organic acids and derivatives","Carboxylic acids and derivatives","Amino acids, peptides, and analogues","kegg:map00280;reactome:R-HSA-352230;reactome:R-HSA-379716;reactome:R-HSA-379724;reactome:R-HSA-379726;reactome:R-HSA-442660;reactome:R-HSA-5619044;reactome:R-HSA-5619094;reactome:R-HSA-5659735;reactome:R-HSA-70895;reactome:R-HSA-71240;wiki:WP1938;wiki:WP3556;wiki:WP3953;wiki:WP4686;wiki:WP4994;wiki:WP661",6306,"CHEBI:17191","HMDB0000172","C00407","73-32-5",129841573.73652,32667493.3284471,25.1595019902773,213166281.560638,129799606.976186,"C18","Pos",0
"C18-Pos-000148","L-Isoleucine","C6 H13 N O2",131.09463,99.7,"mzCloud",2244,-0.87,132.10179,3.836,FALSE,"[M+H]+1","CCC(C)C(C(=O)O)N","AGPKZVBTJJNPAG-WHFBIAKZSA-N","Organic acids and derivatives","Carboxylic acids and derivatives","Amino acids, peptides, and analogues","kegg:map00280;reactome:R-HSA-352230;reactome:R-HSA-379716;reactome:R-HSA-379724;reactome:R-HSA-379726;reactome:R-HSA-442660;reactome:R-HSA-5619044;reactome:R-HSA-5619094;reactome:R-HSA-5659735;reactome:R-HSA-70895;reactome:R-HSA-71240;wiki:WP1938;wiki:WP3556;wiki:WP3953;wiki:WP4686;wiki:WP4994;wiki:WP661",6306,"CHEBI:17191","HMDB0000172","C00407","73-32-5",5919290.48864551,3899501.09687994,65.8778464135192,10382521.0414528,4203222.08589501,"C18","Pos",0
"C18-Pos-000112","L-Lysine","C6 H14 N2 O2",146.10553,95.4,"mzCloud",3399,-1.22,147.11262,0.89,FALSE,"[M+H]+1","C(CCN)CC(C(=O)O)N","KDXKERNSBIXSRK-YFKPBYRVSA-N","Organic acids and derivatives","Carboxylic acids and derivatives","Amino acids, peptides, and analogues","kegg:map00310;kegg:map00780;reactome:R-HSA-196780;reactome:R-HSA-264876;reactome:R-HSA-2980736;reactome:R-HSA-352230;reactome:R-HSA-379716;reactome:R-HSA-379724;reactome:R-HSA-379726;reactome:R-HSA-420499;reactome:R-HSA-442660;reactome:R-HSA-5223345;reactome:R-HSA-5619094;reactome:R-HSA-5619113;reactome:R-HSA-5660883;reactome:R-HSA-5689603;reactome:R-HSA-71064;wiki:WP1938;wiki:WP3320;wiki:WP4228;wiki:WP5004;wiki:WP661",5962,"CHEBI:18019","HMDB0000182","C00047","56-87-1",15295617.1172319,2992275.76742054,19.562962020339,19928641.9158646,14749178.1895461,"C18","Pos",0
"C18-Pos-000333","L-Lysine","C6 H14 N2 O2",146.10553,95.4,"mzCloud",3399,-0.7,147.1127,1.959,FALSE,"[M+H]+1","C(CCN)CC(C(=O)O)N","KDXKERNSBIXSRK-YFKPBYRVSA-N","Organic acids and derivatives","Carboxylic acids and derivatives","Amino acids, peptides, and analogues","kegg:map00310;kegg:map00780;reactome:R-HSA-196780;reactome:R-HSA-264876;reactome:R-HSA-2980736;reactome:R-HSA-352230;reactome:R-HSA-379716;reactome:R-HSA-379724;reactome:R-HSA-379726;reactome:R-HSA-420499;reactome:R-HSA-442660;reactome:R-HSA-5223345;reactome:R-HSA-5619094;reactome:R-HSA-5619113;reactome:R-HSA-5660883;reactome:R-HSA-5689603;reactome:R-HSA-71064;wiki:WP1938;wiki:WP3320;wiki:WP4228;wiki:WP5004;wiki:WP661",5962,"CHEBI:18019","HMDB0000182","C00047","56-87-1",21452.8124795266,15141.7035361289,70.5814379843169,53814.8631275371,17776.3501051042,"C18","Pos",0
"Amide-Neg-000156","L-N-Acetylhistidine","C8 H11 N3 O3",197.08004,97.7,"NIST23",10459,-0.6,196.07265,10.492,FALSE,"[M-H]-1","CC(=O)N[C@@H](CC1=CN=CN1)C(=O)O","KBOJOGQFRVVWBH-ZETCQYMHSA-N","Organic acids and derivatives","Carboxylic acids and derivatives","Amino acids, peptides, and analogues",NA,75619,"CHEBI:16437","HMDB0032055","C02997","2497-02-1",6204409.33740824,2864495.36945003,46.1687037987506,11826745.1259743,6051774.87952182,"Amide","Neg",1
"Amide-Neg-000612","L-N-Acetylhistidine","C8 H11 N3 O3",197.08004,97.7,"NIST23",10459,-0.13,196.07274,10.87,FALSE,"[M-H]-1","CC(=O)N[C@@H](CC1=CN=CN1)C(=O)O","KBOJOGQFRVVWBH-ZETCQYMHSA-N","Organic acids and derivatives","Carboxylic acids and derivatives","Amino acids, peptides, and analogues",NA,75619,"CHEBI:16437","HMDB0032055","C02997","2497-02-1",48767.1149316858,40188.491649446,82.4089998060026,112862.290999678,42528.2830698405,"Amide","Neg",1
"Amide-Pos-000114","L-N-Acetylhistidine","C8 H11 N3 O3",197.08004,93.1,"NIST23",10459,-1.2,198.08708,10.487,FALSE,"[M+H]+1","CC(=O)N[C@@H](CC1=CN=CN1)C(=O)O","KBOJOGQFRVVWBH-ZETCQYMHSA-N","Organic acids and derivatives","Carboxylic acids and derivatives","Amino acids, peptides, and analogues",NA,75619,"CHEBI:16437","HMDB0032055","C02997","2497-02-1",23829414.8328695,8880901.99070785,37.2686532715769,35922895.5472377,25651645.4537586,"Amide","Pos",1
"Amide-Pos-000360","L-N-Acetylhistidine","C8 H11 N3 O3",197.08004,93.1,"NIST23",10459,-1,198.08712,10.772,FALSE,"[M+H]+1","CC(=O)N[C@@H](CC1=CN=CN1)C(=O)O","KBOJOGQFRVVWBH-ZETCQYMHSA-N","Organic acids and derivatives","Carboxylic acids and derivatives","Amino acids, peptides, and analogues",NA,75619,"CHEBI:16437","HMDB0032055","C02997","2497-02-1",453913.341997468,946691.224906646,208.562105872607,3278777.96048278,142630.476106509,"Amide","Pos",1
"C18-Neg-000106","L-N-Acetylhistidine","C8 H11 N3 O3",197.08004,90.5,"NIST23",10459,-0.05,196.07275,1.228,FALSE,"[M-H]-1","CC(=O)N[C@@H](CC1=CN=CN1)C(=O)O","KBOJOGQFRVVWBH-ZETCQYMHSA-N","Organic acids and derivatives","Carboxylic acids and derivatives","Amino acids, peptides, and analogues",NA,75619,"CHEBI:16437","HMDB0032055","C02997","2497-02-1",2428560.71137335,1093882.65387078,45.04242569469,4572836.97371804,2577500.59609013,"C18","Neg",1
"C18-Pos-000082","L-N-Acetylhistidine","C8 H11 N3 O3",197.08004,92.4,"NIST23",10459,-1.29,198.08706,1.219,FALSE,"[M+H]+1","CC(=O)N[C@@H](CC1=CN=CN1)C(=O)O","KBOJOGQFRVVWBH-ZETCQYMHSA-N","Organic acids and derivatives","Carboxylic acids and derivatives","Amino acids, peptides, and analogues",NA,75619,"CHEBI:16437","HMDB0032055","C02997","2497-02-1",20114200.2838175,7928222.32485772,39.416045445447,32693759.2568332,22072850.4301206,"C18","Pos",1
"C18-Pos-000145","L-N-Acetylhistidine","C8 H11 N3 O3",197.08004,92.4,"NIST23",10459,2.4,198.08776,1.294,FALSE,"[M+H]+1","CC(=O)N[C@@H](CC1=CN=CN1)C(=O)O","KBOJOGQFRVVWBH-ZETCQYMHSA-N","Organic acids and derivatives","Carboxylic acids and derivatives","Amino acids, peptides, and analogues",NA,75619,"CHEBI:16437","HMDB0032055","C02997","2497-02-1",4261881.96324706,3119761.52210445,73.2014999244032,11381007.9226443,3509764.48914316,"C18","Pos",1
"Amide-Neg-000221","L-Phenylalanine","C9 H11 N O2",165.07898,96.3,"mzCloud",8,-0.64,164.0716,8.889,FALSE,"[M-H]-1","c1ccc(cc1)CC(C(=O)O)N","COLNVLDHVKWLRT-QMMMGPOBSA-N","Organic acids and derivatives","Carboxylic acids and derivatives","Amino acids, peptides, and analogues","kegg:map00360;reactome:R-HSA-1474151;reactome:R-HSA-166187;reactome:R-HSA-2160456;reactome:R-HSA-352230;reactome:R-HSA-379716;reactome:R-HSA-379724;reactome:R-HSA-379726;reactome:R-HSA-442660;reactome:R-HSA-5619044;reactome:R-HSA-5659735;reactome:R-HSA-71240;reactome:R-HSA-8963691;reactome:R-HSA-8964208;reactome:R-HSA-8978934;reactome:R-HSA-9673163;wiki:WP1938;wiki:WP4156;wiki:WP4506;wiki:WP4981;wiki:WP4990;wiki:WP4994;wiki:WP5239;wiki:WP550;wiki:WP661",6140,"CHEBI:17295","HMDB0000159","C00079","63-91-2",3380581.0009687,1327103.58321979,39.2566716442974,6883239.54618873,3246005.02916555,"Amide","Neg",1
"Amide-Neg-000396","L-Phenylalanine","C9 H11 N O2",165.07898,96.3,"mzCloud",8,-0.22,164.07167,9.129,FALSE,"[M-H]-1","c1ccc(cc1)CC(C(=O)O)N","COLNVLDHVKWLRT-QMMMGPOBSA-N","Organic acids and derivatives","Carboxylic acids and derivatives","Amino acids, peptides, and analogues","kegg:map00360;reactome:R-HSA-1474151;reactome:R-HSA-166187;reactome:R-HSA-2160456;reactome:R-HSA-352230;reactome:R-HSA-379716;reactome:R-HSA-379724;reactome:R-HSA-379726;reactome:R-HSA-442660;reactome:R-HSA-5619044;reactome:R-HSA-5659735;reactome:R-HSA-71240;reactome:R-HSA-8963691;reactome:R-HSA-8964208;reactome:R-HSA-8978934;reactome:R-HSA-9673163;wiki:WP1938;wiki:WP4156;wiki:WP4506;wiki:WP4981;wiki:WP4990;wiki:WP4994;wiki:WP5239;wiki:WP550;wiki:WP661",6140,"CHEBI:17295","HMDB0000159","C00079","63-91-2",837826.60966929,209361.572699543,24.9886516235362,985867.597445017,837826.60966929,"Amide","Neg",1
"Amide-Pos-000118","L-Phenylalanine","C9 H11 N O2",165.07898,99.9,"mzCloud",8,-0.8,166.08612,8.888,FALSE,"[M+H]+1","c1ccc(cc1)CC(C(=O)O)N","COLNVLDHVKWLRT-QMMMGPOBSA-N","Organic acids and derivatives","Carboxylic acids and derivatives","Amino acids, peptides, and analogues","kegg:map00360;reactome:R-HSA-1474151;reactome:R-HSA-166187;reactome:R-HSA-2160456;reactome:R-HSA-352230;reactome:R-HSA-379716;reactome:R-HSA-379724;reactome:R-HSA-379726;reactome:R-HSA-442660;reactome:R-HSA-5619044;reactome:R-HSA-5659735;reactome:R-HSA-71240;reactome:R-HSA-8963691;reactome:R-HSA-8964208;reactome:R-HSA-8978934;reactome:R-HSA-9673163;wiki:WP1938;wiki:WP4156;wiki:WP4506;wiki:WP4981;wiki:WP4990;wiki:WP4994;wiki:WP5239;wiki:WP550;wiki:WP661",6140,"CHEBI:17295","HMDB0000159","C00079","63-91-2",16155474.7834885,5329687.2731896,32.9899761202731,28638051.4611794,16578913.3067254,"Amide","Pos",1
"C18-Pos-000025","L-Phenylalanine","C9 H11 N O2",165.07898,99.8,"mzCloud",8,-0.84,166.08612,4.351,FALSE,"[M+H]+1","c1ccc(cc1)CC(C(=O)O)N","COLNVLDHVKWLRT-QMMMGPOBSA-N","Organic acids and derivatives","Carboxylic acids and derivatives","Amino acids, peptides, and analogues","kegg:map00360;reactome:R-HSA-1474151;reactome:R-HSA-166187;reactome:R-HSA-2160456;reactome:R-HSA-352230;reactome:R-HSA-379716;reactome:R-HSA-379724;reactome:R-HSA-379726;reactome:R-HSA-442660;reactome:R-HSA-5619044;reactome:R-HSA-5659735;reactome:R-HSA-71240;reactome:R-HSA-8963691;reactome:R-HSA-8964208;reactome:R-HSA-8978934;reactome:R-HSA-9673163;wiki:WP1938;wiki:WP4156;wiki:WP4506;wiki:WP4981;wiki:WP4990;wiki:WP4994;wiki:WP5239;wiki:WP550;wiki:WP661",6140,"CHEBI:17295","HMDB0000159","C00079","63-91-2",89802304.6115164,7296161.68989703,8.12469314842212,95953693.0490179,91390470.8518994,"C18","Pos",1
"Amide-Pos-000072","L-Pyroglutamic acid","C5 H7 N O3",129.04259,97.7,"mzCloud",1831,-1.2,130.04973,12.301,FALSE,"[M+H]+1","C1CC(=O)NC1C(=O)O","ODHCTXKNWHHXJC-VKHMYHEASA-N","Organic acids and derivatives","Carboxylic acids and derivatives","Amino acids, peptides, and analogues","kegg:map00480;wiki:WP100;wiki:WP2525",7405,"CHEBI:18183","HMDB0000267","C01879","98-79-3",55870084.7443508,12533614.6717941,22.4334985872049,83270008.2938837,52313664.569968,"Amide","Pos",1
"Amide-Pos-000186","L-Pyroglutamic acid","C5 H7 N O3",129.04259,97.7,"mzCloud",1831,-0.15,130.04985,12.907,FALSE,"[M+H]+1","C1CC(=O)NC1C(=O)O","ODHCTXKNWHHXJC-VKHMYHEASA-N","Organic acids and derivatives","Carboxylic acids and derivatives","Amino acids, peptides, and analogues","kegg:map00480;wiki:WP100;wiki:WP2525",7405,"CHEBI:18183","HMDB0000267","C01879","98-79-3",7980761.18792661,7587098.13978242,95.0673496064545,13345649.7320946,7980761.18792661,"Amide","Pos",1
"C18-Pos-000009","L-Pyroglutamic acid","C5 H7 N O3",129.04259,97.6,"mzCloud",1831,-0.93,130.04976,1.29,FALSE,"[M+H]+1","C1CC(=O)NC1C(=O)O","ODHCTXKNWHHXJC-VKHMYHEASA-N","Organic acids and derivatives","Carboxylic acids and derivatives","Amino acids, peptides, and analogues","kegg:map00480;wiki:WP100;wiki:WP2525",7405,"CHEBI:18183","HMDB0000267","C01879","98-79-3",168515404.268391,53888303.8035111,31.9782657481474,297830941.887685,163329587.796615,"C18","Pos",1
"C18-Pos-000051","L-Pyroglutamic acid","C5 H7 N O3",129.04259,97.6,"mzCloud",1831,-0.98,130.04974,2.211,FALSE,"[M+H]+1","C1CC(=O)NC1C(=O)O","ODHCTXKNWHHXJC-VKHMYHEASA-N","Organic acids and derivatives","Carboxylic acids and derivatives","Amino acids, peptides, and analogues","kegg:map00480;wiki:WP100;wiki:WP2525",7405,"CHEBI:18183","HMDB0000267","C01879","98-79-3",31224319.2152736,20435848.4770584,65.4484997292174,59572839.3999001,33647410.0233217,"C18","Pos",1
"Amide-Neg-000157","L-Serine","C3 H7 N O3",105.04259,68.8,"mzCloud",480,-0.51,104.03526,12.358,FALSE,"[M-H]-1","C(C(C(=O)O)N)O","MTCFGRXMJLQNBG-REOHCLBHSA-N","Organic acids and derivatives","Carboxylic acids and derivatives","Amino acids, peptides, and analogues","kegg:map00270;kegg:map00450;kegg:map00910;reactome:R-HSA-1483101;reactome:R-HSA-1614558;reactome:R-HSA-1614603;reactome:R-HSA-1614635;reactome:R-HSA-1660661;reactome:R-HSA-196757;reactome:R-HSA-2408508;reactome:R-HSA-2408557;reactome:R-HSA-352230;reactome:R-HSA-379716;reactome:R-HSA-379724;reactome:R-HSA-379726;reactome:R-HSA-442660;reactome:R-HSA-5619044;reactome:R-HSA-5619094;reactome:R-HSA-5659735;reactome:R-HSA-977347;wiki:WP1422;wiki:WP1495;wiki:WP1533;wiki:WP176;wiki:WP1938;wiki:WP241;wiki:WP2525;wiki:WP2533;wiki:WP3574;wiki:WP3806;wiki:WP3933;wiki:WP3996;wiki:WP4142;wiki:WP4259;wiki:WP4290;wiki:WP4297;wiki:WP4435;wiki:WP4504;wiki:WP4577;wiki:WP4589;wiki:WP4688;wiki:WP4725;wiki:WP4726;wiki:WP5029;wiki:WP5049;wiki:WP5121;wiki:WP5166;wiki:WP5194;wiki:WP5213;wiki:WP5312",5951,"CHEBI:17115","HMDB0000187","C00065","56-45-1",5916720.04691605,2751016.50542757,46.4956341285991,11711017.9244851,6002026.52470004,"Amide","Neg",1
"Amide-Neg-000506","L-Serine","C3 H7 N O3",105.04259,68.8,"mzCloud",480,-0.22,104.03529,12.884,FALSE,"[M-H]-1","C(C(C(=O)O)N)O","MTCFGRXMJLQNBG-REOHCLBHSA-N","Organic acids and derivatives","Carboxylic acids and derivatives","Amino acids, peptides, and analogues","kegg:map00270;kegg:map00450;kegg:map00910;reactome:R-HSA-1483101;reactome:R-HSA-1614558;reactome:R-HSA-1614603;reactome:R-HSA-1614635;reactome:R-HSA-1660661;reactome:R-HSA-196757;reactome:R-HSA-2408508;reactome:R-HSA-2408557;reactome:R-HSA-352230;reactome:R-HSA-379716;reactome:R-HSA-379724;reactome:R-HSA-379726;reactome:R-HSA-442660;reactome:R-HSA-5619044;reactome:R-HSA-5619094;reactome:R-HSA-5659735;reactome:R-HSA-977347;wiki:WP1422;wiki:WP1495;wiki:WP1533;wiki:WP176;wiki:WP1938;wiki:WP241;wiki:WP2525;wiki:WP2533;wiki:WP3574;wiki:WP3806;wiki:WP3933;wiki:WP3996;wiki:WP4142;wiki:WP4259;wiki:WP4290;wiki:WP4297;wiki:WP4435;wiki:WP4504;wiki:WP4577;wiki:WP4589;wiki:WP4688;wiki:WP4725;wiki:WP4726;wiki:WP5029;wiki:WP5049;wiki:WP5121;wiki:WP5166;wiki:WP5194;wiki:WP5213;wiki:WP5312",5951,"CHEBI:17115","HMDB0000187","C00065","56-45-1",613513.879842338,148020.040137,24.1266000656805,858893.855199227,613693.523817736,"Amide","Neg",1
"Amide-Pos-000325","L-Serine","C3 H7 N O3",105.04259,89.3,"mzCloud",480,-1.21,106.04974,12.344,FALSE,"[M+H]+1","C(C(C(=O)O)N)O","MTCFGRXMJLQNBG-REOHCLBHSA-N","Organic acids and derivatives","Carboxylic acids and derivatives","Amino acids, peptides, and analogues","kegg:map00270;kegg:map00450;kegg:map00910;reactome:R-HSA-1483101;reactome:R-HSA-1614558;reactome:R-HSA-1614603;reactome:R-HSA-1614635;reactome:R-HSA-1660661;reactome:R-HSA-196757;reactome:R-HSA-2408508;reactome:R-HSA-2408557;reactome:R-HSA-352230;reactome:R-HSA-379716;reactome:R-HSA-379724;reactome:R-HSA-379726;reactome:R-HSA-442660;reactome:R-HSA-5619044;reactome:R-HSA-5619094;reactome:R-HSA-5659735;reactome:R-HSA-977347;wiki:WP1422;wiki:WP1495;wiki:WP1533;wiki:WP176;wiki:WP1938;wiki:WP241;wiki:WP2525;wiki:WP2533;wiki:WP3574;wiki:WP3806;wiki:WP3933;wiki:WP3996;wiki:WP4142;wiki:WP4259;wiki:WP4290;wiki:WP4297;wiki:WP4435;wiki:WP4504;wiki:WP4577;wiki:WP4589;wiki:WP4688;wiki:WP4725;wiki:WP4726;wiki:WP5029;wiki:WP5049;wiki:WP5121;wiki:WP5166;wiki:WP5194;wiki:WP5213;wiki:WP5312",5951,"CHEBI:17115","HMDB0000187","C00065","56-45-1",2684297.63572397,809987.250115079,30.175016337062,4227051.27334704,2501781.72838115,"Amide","Pos",1
"Amide-Pos-000514","L-Serine","C3 H7 N O3",105.04259,89.3,"mzCloud",480,-1.37,106.04958,13.092,FALSE,"[M+H]+1","C(C(C(=O)O)N)O","MTCFGRXMJLQNBG-REOHCLBHSA-N","Organic acids and derivatives","Carboxylic acids and derivatives","Amino acids, peptides, and analogues","kegg:map00270;kegg:map00450;kegg:map00910;reactome:R-HSA-1483101;reactome:R-HSA-1614558;reactome:R-HSA-1614603;reactome:R-HSA-1614635;reactome:R-HSA-1660661;reactome:R-HSA-196757;reactome:R-HSA-2408508;reactome:R-HSA-2408557;reactome:R-HSA-352230;reactome:R-HSA-379716;reactome:R-HSA-379724;reactome:R-HSA-379726;reactome:R-HSA-442660;reactome:R-HSA-5619044;reactome:R-HSA-5619094;reactome:R-HSA-5659735;reactome:R-HSA-977347;wiki:WP1422;wiki:WP1495;wiki:WP1533;wiki:WP176;wiki:WP1938;wiki:WP241;wiki:WP2525;wiki:WP2533;wiki:WP3574;wiki:WP3806;wiki:WP3933;wiki:WP3996;wiki:WP4142;wiki:WP4259;wiki:WP4290;wiki:WP4297;wiki:WP4435;wiki:WP4504;wiki:WP4577;wiki:WP4589;wiki:WP4688;wiki:WP4725;wiki:WP4726;wiki:WP5029;wiki:WP5049;wiki:WP5121;wiki:WP5166;wiki:WP5194;wiki:WP5213;wiki:WP5312",5951,"CHEBI:17115","HMDB0000187","C00065","56-45-1",238889.236426506,117670.087526579,49.2571742815963,485976.662456437,258353.725357877,"Amide","Pos",1
"C18-Pos-000016","L-Serine","C3 H7 N O3",105.04259,82.5,"mzCloud",480,-1.65,147.07625,1.246,FALSE,"[M+ACN+H]+1","C(C(C(=O)O)N)O","MTCFGRXMJLQNBG-REOHCLBHSA-N","Organic acids and derivatives","Carboxylic acids and derivatives","Amino acids, peptides, and analogues","kegg:map00270;kegg:map00450;kegg:map00910;reactome:R-HSA-1483101;reactome:R-HSA-1614558;reactome:R-HSA-1614603;reactome:R-HSA-1614635;reactome:R-HSA-1660661;reactome:R-HSA-196757;reactome:R-HSA-2408508;reactome:R-HSA-2408557;reactome:R-HSA-352230;reactome:R-HSA-379716;reactome:R-HSA-379724;reactome:R-HSA-379726;reactome:R-HSA-442660;reactome:R-HSA-5619044;reactome:R-HSA-5619094;reactome:R-HSA-5659735;reactome:R-HSA-977347;wiki:WP1422;wiki:WP1495;wiki:WP1533;wiki:WP176;wiki:WP1938;wiki:WP241;wiki:WP2525;wiki:WP2533;wiki:WP3574;wiki:WP3806;wiki:WP3933;wiki:WP3996;wiki:WP4142;wiki:WP4259;wiki:WP4290;wiki:WP4297;wiki:WP4435;wiki:WP4504;wiki:WP4577;wiki:WP4589;wiki:WP4688;wiki:WP4725;wiki:WP4726;wiki:WP5029;wiki:WP5049;wiki:WP5121;wiki:WP5166;wiki:WP5194;wiki:WP5213;wiki:WP5312",5951,"CHEBI:17115","HMDB0000187","C00065","56-45-1",143602498.20809,49729299.1297835,34.6298286940121,205982699.10934,157367192.115903,"C18","Pos",1
"Amide-Neg-000018","L-Threonic acid","C4 H8 O5",136.03717,99.7,"mzCloud",1314,0.01,117.01934,2.179,FALSE,"[M-H-H2O]-1","C(C(C(C(=O)O)O)O)O","JPIJQSOTBSSVTP-STHAYSLISA-N","Organic oxygen compounds","Organooxygen compounds","Carbohydrates and carbohydrate conjugates","reactome:R-HSA-196836",5460407,"CHEBI:15908","HMDB0000943","C01620","7306-96-9",65217558.6127601,10275229.9081384,15.7553121072031,72520353.6167301,70706719.142043,"Amide","Neg",1
"Amide-Neg-000054","L-Threonic acid","C4 H8 O5",136.03717,99.7,"mzCloud",1314,-0.8,135.02979,10.165,FALSE,"[M-H]-1","C(C(C(C(=O)O)O)O)O","JPIJQSOTBSSVTP-STHAYSLISA-N","Organic oxygen compounds","Organooxygen compounds","Carbohydrates and carbohydrate conjugates","reactome:R-HSA-196836",5460407,"CHEBI:15908","HMDB0000943","C01620","7306-96-9",13161371.3121752,5160909.1286999,39.2125486492861,27487787.2224886,12282707.8333615,"Amide","Neg",1
"C18-Neg-000029","L-Threonic acid","C4 H8 O5",136.03717,89.5,"mzCloud",1314,-0.01,135.0299,1.278,FALSE,"[M-H]-1","C(C(C(C(=O)O)O)O)O","JPIJQSOTBSSVTP-STHAYSLISA-N","Organic oxygen compounds","Organooxygen compounds","Carbohydrates and carbohydrate conjugates","reactome:R-HSA-196836",5460407,"CHEBI:15908","HMDB0000943","C01620","7306-96-9",13904417.8819037,6351212.09843078,45.6776554931992,25821238.8747831,15505755.6570908,"C18","Neg",1
"C18-Neg-000039","L-Threonic acid","C4 H8 O5",136.03717,89.5,"mzCloud",1314,-0.49,135.02983,1.856,FALSE,"[M-H]-1","C(C(C(C(=O)O)O)O)O","JPIJQSOTBSSVTP-STHAYSLISA-N","Organic oxygen compounds","Organooxygen compounds","Carbohydrates and carbohydrate conjugates","reactome:R-HSA-196836",5460407,"CHEBI:15908","HMDB0000943","C01620","7306-96-9",15314654.2245375,3641494.62327229,23.777844213014,19453890.05874,13885760.993211,"C18","Neg",1
"Amide-Neg-000017","L-Threonic acid-1,4-lactone","C4 H6 O4",118.02661,94.4,"mzCloud",419,0.28,117.01937,2.196,FALSE,"[M-H]-1","O=C1OCC(O)C1O","SGMJBNSHAZVGMC-STHAYSLISA-N","Organoheterocyclic compounds","Lactones","Gamma butyrolactones",NA,2724794,"CHEBI:71176","HMDB0000940",NA,"21730-93-8",62384204.6316007,22718009.1593549,36.4162840473998,109917914.253753,55506074.8067483,"Amide","Neg",0
"Amide-Neg-000019","L-Threonic acid-1,4-lactone","C4 H6 O4",118.02661,94.4,"mzCloud",419,1.04,117.01945,2.068,FALSE,"[M-H]-1","O=C1OCC(O)C1O","SGMJBNSHAZVGMC-STHAYSLISA-N","Organoheterocyclic compounds","Lactones","Gamma butyrolactones",NA,2724794,"CHEBI:71176","HMDB0000940",NA,"21730-93-8",55167273.0100174,25863172.691027,46.8813687534107,109917914.253753,53720749.4409139,"Amide","Neg",0
"Amide-Neg-000325","L-Tyrosine","C9 H11 N O3",181.07389,97,"mzCloud",2255,-0.73,180.06648,10.428,FALSE,"[M-H]-1","C1=CC(=CC=C1CC(C(=O)O)N)O","OUYCCCASQSFEME-QMMMGPOBSA-N","Organic acids and derivatives","Carboxylic acids and derivatives","Amino acids, peptides, and analogues","kegg:map00350;kegg:map00360;reactome:R-HSA-209776;reactome:R-HSA-209905;reactome:R-HSA-209968;reactome:R-HSA-352230;reactome:R-HSA-379716;reactome:R-HSA-379724;reactome:R-HSA-379726;reactome:R-HSA-442660;reactome:R-HSA-5619044;reactome:R-HSA-5659735;reactome:R-HSA-5662702;reactome:R-HSA-71240;reactome:R-HSA-8955332;reactome:R-HSA-8963684;reactome:R-HSA-8963691;reactome:R-HSA-8964208;wiki:WP1602;wiki:WP1938;wiki:WP1981;wiki:WP2371;wiki:WP2436;wiki:WP3377;wiki:WP3548;wiki:WP3953;wiki:WP3998;wiki:WP4075;wiki:WP4156;wiki:WP4220;wiki:WP4506;wiki:WP4583;wiki:WP4941;wiki:WP4981;wiki:WP4994;wiki:WP550;wiki:WP661",6057,"CHEBI:17895","HMDB0000158","C00082","60-18-4",2025182.98635112,690083.672212063,34.0751268829995,3384755.05647244,1952056.99860909,"Amide","Neg",1
"Amide-Pos-000178","L-Tyrosine","C9 H11 N O3",181.07389,99.5,"mzCloud",2255,-0.8,182.08102,10.408,FALSE,"[M+H]+1","C1=CC(=CC=C1CC(C(=O)O)N)O","OUYCCCASQSFEME-QMMMGPOBSA-N","Organic acids and derivatives","Carboxylic acids and derivatives","Amino acids, peptides, and analogues","kegg:map00350;kegg:map00360;reactome:R-HSA-209776;reactome:R-HSA-209905;reactome:R-HSA-209968;reactome:R-HSA-352230;reactome:R-HSA-379716;reactome:R-HSA-379724;reactome:R-HSA-379726;reactome:R-HSA-442660;reactome:R-HSA-5619044;reactome:R-HSA-5659735;reactome:R-HSA-5662702;reactome:R-HSA-71240;reactome:R-HSA-8955332;reactome:R-HSA-8963684;reactome:R-HSA-8963691;reactome:R-HSA-8964208;wiki:WP1602;wiki:WP1938;wiki:WP1981;wiki:WP2371;wiki:WP2436;wiki:WP3377;wiki:WP3548;wiki:WP3953;wiki:WP3998;wiki:WP4075;wiki:WP4156;wiki:WP4220;wiki:WP4506;wiki:WP4583;wiki:WP4941;wiki:WP4981;wiki:WP4994;wiki:WP550;wiki:WP661",6057,"CHEBI:17895","HMDB0000158","C00082","60-18-4",7796790.17279175,4657342.47639357,59.7341004846606,13384976.7319795,7960946.20377835,"Amide","Pos",1
"Amide-Pos-000510","L-Tyrosine","C9 H11 N O3",181.07389,99.5,"mzCloud",2255,-1.82,182.08084,10.805,FALSE,"[M+H]+1","C1=CC(=CC=C1CC(C(=O)O)N)O","OUYCCCASQSFEME-QMMMGPOBSA-N","Organic acids and derivatives","Carboxylic acids and derivatives","Amino acids, peptides, and analogues","kegg:map00350;kegg:map00360;reactome:R-HSA-209776;reactome:R-HSA-209905;reactome:R-HSA-209968;reactome:R-HSA-352230;reactome:R-HSA-379716;reactome:R-HSA-379724;reactome:R-HSA-379726;reactome:R-HSA-442660;reactome:R-HSA-5619044;reactome:R-HSA-5659735;reactome:R-HSA-5662702;reactome:R-HSA-71240;reactome:R-HSA-8955332;reactome:R-HSA-8963684;reactome:R-HSA-8963691;reactome:R-HSA-8964208;wiki:WP1602;wiki:WP1938;wiki:WP1981;wiki:WP2371;wiki:WP2436;wiki:WP3377;wiki:WP3548;wiki:WP3953;wiki:WP3998;wiki:WP4075;wiki:WP4156;wiki:WP4220;wiki:WP4506;wiki:WP4583;wiki:WP4941;wiki:WP4981;wiki:WP4994;wiki:WP550;wiki:WP661",6057,"CHEBI:17895","HMDB0000158","C00082","60-18-4",160841.445135073,173212.271551746,107.691317624188,535172.372639901,82321.6516754906,"Amide","Pos",1
"C18-Pos-000040","L-Tyrosine","C9 H11 N O3",181.07389,99.5,"mzCloud",2255,-0.84,182.08102,2.174,FALSE,"[M+H]+1","C1=CC(=CC=C1CC(C(=O)O)N)O","OUYCCCASQSFEME-QMMMGPOBSA-N","Organic acids and derivatives","Carboxylic acids and derivatives","Amino acids, peptides, and analogues","kegg:map00350;kegg:map00360;reactome:R-HSA-209776;reactome:R-HSA-209905;reactome:R-HSA-209968;reactome:R-HSA-352230;reactome:R-HSA-379716;reactome:R-HSA-379724;reactome:R-HSA-379726;reactome:R-HSA-442660;reactome:R-HSA-5619044;reactome:R-HSA-5659735;reactome:R-HSA-5662702;reactome:R-HSA-71240;reactome:R-HSA-8955332;reactome:R-HSA-8963684;reactome:R-HSA-8963691;reactome:R-HSA-8964208;wiki:WP1602;wiki:WP1938;wiki:WP1981;wiki:WP2371;wiki:WP2436;wiki:WP3377;wiki:WP3548;wiki:WP3953;wiki:WP3998;wiki:WP4075;wiki:WP4156;wiki:WP4220;wiki:WP4506;wiki:WP4583;wiki:WP4941;wiki:WP4981;wiki:WP4994;wiki:WP550;wiki:WP661",6057,"CHEBI:17895","HMDB0000158","C00082","60-18-4",44760423.212685,9531635.88389746,21.2947849903175,63362682.6198092,41914041.0023252,"C18","Pos",1
"Amide-Pos-000374","L-Tyrosine methyl ester","C10 H13 N O3",195.08954,98,"mzCloud",3276,-1.08,196.09661,1.17,FALSE,"[M+H]+1","COC(=O)C(CC1=CC=C(C=C1)O)N","MWZPENIJLUWBSY-VIFPVBQESA-N","Organic acids and derivatives","Carboxylic acids and derivatives","Amino acids, peptides, and analogues",NA,70652,"CHEBI:17215","HMDB0029217","C03404","1080-06-4",1652855.49813798,554272.332507544,33.5342280757124,2339184.7322088,1731952.92304819,"Amide","Pos",1
"C18-Pos-000300","L-Tyrosine methyl ester","C10 H13 N O3",195.08954,82.3,"mzCloud",3276,-1,196.09662,5.038,FALSE,"[M+H]+1","COC(=O)C(CC1=CC=C(C=C1)O)N","MWZPENIJLUWBSY-VIFPVBQESA-N","Organic acids and derivatives","Carboxylic acids and derivatives","Amino acids, peptides, and analogues",NA,70652,"CHEBI:17215","HMDB0029217","C03404","1080-06-4",204748.423305876,84715.9276087124,41.3756190357346,338538.933940184,242816.086206951,"C18","Pos",1
"Amide-Neg-000611","L-γ-Glutamyl-L-glutamic acid","C10 H16 N2 O7",276.09575,85,"NIST23",4079,-0.21,275.08842,13.649,FALSE,"[M-H]-1","N[C@@H](CCC(=O)N[C@@H](CCC(=O)O)C(=O)O)C(=O)O","OWQDWQKWSLFFFR-WDSKDSINSA-N","Organic acids and derivatives","Carboxylic acids and derivatives","Amino acids, peptides, and analogues",NA,92865,"CHEBI:73705","HMDB0011737","C05282;C20948","1116-22-9",74292.0355952693,35962.1133929442,48.4064181372816,139470.138464822,71202.6948321518,"Amide","Neg",1
"C18-Pos-000057","LINOLEATE","C18 H32 O2",280.24023,67,"MoNA",11805,-0.89,281.24726,15.263,FALSE,"[M+H]+1","CCCCC/C=C\C/C=C\CCCCCCCC(=O)O","OYHQOLUKZRVURQ-HZJYTTRNSA-N","Lipids and lipid-like molecules","Fatty Acyls","Lineolic acids and derivatives","kegg:map00592;reactome:R-HSA-1368082;reactome:R-HSA-1368108;reactome:R-HSA-1592230;reactome:R-HSA-1655829;reactome:R-HSA-1989781;reactome:R-HSA-2046104;reactome:R-HSA-2046105;reactome:R-HSA-2151201;reactome:R-HSA-2426168;reactome:R-HSA-2453902;reactome:R-HSA-381340;reactome:R-HSA-400206;reactome:R-HSA-400253;reactome:R-HSA-425397;reactome:R-HSA-5619108;reactome:R-HSA-6806667;reactome:R-HSA-804914;reactome:R-HSA-9707564;reactome:R-HSA-9707616;reactome:R-HSA-975634;wiki:WP1797;wiki:WP1937;wiki:WP2706;wiki:WP2724;wiki:WP2751;wiki:WP2776;wiki:WP2797;wiki:WP3331;wiki:WP3355;wiki:WP3370;wiki:WP3839;wiki:WP4586;wiki:WP4723;wiki:WP4853;wiki:WP5137;wiki:WP5324",5280450,"CHEBI:17351","HMDB0000673","C01595","60-33-3",39873093.2756161,12117379.3041313,30.3898652165557,53820176.4729723,38585168.1929768,"C18","Pos",1
"C8-Pos-000098","LPC 14:0-SN2","C22 H46 N O7 P",467.30119,90.5,"LipidBlast",222802,-0.21,468.30837,4.548,FALSE,"[M+H]+1","CCCCCCCCCCCCCC(=O)OCC(O)COP([O-])(=O)OCC[N+](C)(C)C","VXUOFDJKYGDUJI-UHFFFAOYNA-N","Lipids and lipid-like molecules","Glycerophospholipids","Glycerophosphocholines",NA,NA,NA,NA,NA,NA,16875554.1431034,6041490.97611584,35.8002523939923,31050494.2119807,15388592.9519765,"C8","Pos",0
"C8-Pos-000297","LPC 14:0-SN2","C22 H46 N O7 P",467.30119,90.5,"LipidBlast",222802,-0.35,468.30829,4.469,FALSE,"[M+H]+1","CCCCCCCCCCCCCC(=O)OCC(O)COP([O-])(=O)OCC[N+](C)(C)C","VXUOFDJKYGDUJI-UHFFFAOYNA-N","Lipids and lipid-like molecules","Glycerophospholipids","Glycerophosphocholines",NA,NA,NA,NA,NA,NA,2856710.93638278,866016.789354678,30.3151704404242,4692064.84277632,2773954.12993312,"C8","Pos",0
"C8-Pos-000333","LPC 20:1-SN1","C28 H56 N O7 P",549.37944,91.9,"LipidBlast",222657,0.22,550.38683,5.575,FALSE,"[M+H]+1","CCCCCCCC\C=C/CCCCCCCCCC(=O)OCC(O)COP([O-])(=O)OCC[N+](C)(C)C","YYSFWGQAKJTHRE-SEYXRHQNNA-N","Lipids and lipid-like molecules","Glycerophospholipids","Glycerophosphocholines",NA,NA,NA,NA,NA,NA,2246967.01904045,585696.198198525,26.0660789960612,3726075.92929735,2100455.38780167,"C8","Pos",0
"C8-Pos-000638","LPC 20:1-SN1","C28 H56 N O7 P",549.37944,91.9,"LipidBlast",222657,0.6,550.38705,5.451,FALSE,"[M+H]+1","CCCCCCCC\C=C/CCCCCCCCCC(=O)OCC(O)COP([O-])(=O)OCC[N+](C)(C)C","YYSFWGQAKJTHRE-SEYXRHQNNA-N","Lipids and lipid-like molecules","Glycerophospholipids","Glycerophosphocholines",NA,NA,NA,NA,NA,NA,192438.001586326,62655.8436097833,32.5589764460718,377019.465203918,175593.923162286,"C8","Pos",0
"C8-Pos-000361","LPC 20:3-SN1","C28 H52 N O7 P",545.34814,87.4,"LipidBlast",222659,0.13,546.35548,4.995,FALSE,"[M+H]+1","CC\C=C/C\C=C/C\C=C/CCCCCCCCCC(=O)OCC(O)COP([O-])(=O)OCC[N+](C)(C)C","XUDGAAFUMTTZCO-QNEBEIHSNA-N","Lipids and lipid-like molecules","Glycerophospholipids","Glycerophosphocholines",NA,NA,NA,NA,NA,NA,1454985.7441889,556236.503969506,38.2296875547455,3003382.27089617,1385369.15720532,"C8","Pos",0
"C8-Pos-000390","LPC 20:3-SN1","C28 H52 N O7 P",545.34814,87.4,"LipidBlast",222659,-0.19,546.35527,5.108,FALSE,"[M+H]+1","CC\C=C/C\C=C/C\C=C/CCCCCCCCCC(=O)OCC(O)COP([O-])(=O)OCC[N+](C)(C)C","XUDGAAFUMTTZCO-QNEBEIHSNA-N","Lipids and lipid-like molecules","Glycerophospholipids","Glycerophosphocholines",NA,NA,NA,NA,NA,NA,1180860.54092347,426518.820874544,36.1193219769198,2364644.45604129,1091351.54868376,"C8","Pos",0
"C8-Pos-000128","LPC 20:4-SN2","C28 H50 N O7 P",543.33249,95.8,"LipidBlast",222827,-0.03,544.33975,4.841,FALSE,"[M+H]+1","CC\C=C/C\C=C/C\C=C/C\C=C/CCCCCCC(=O)OCC(O)COP([O-])(=O)OCC[N+](C)(C)C","GOMVPVRDBLLHQC-DOFZRALJNA-N","Lipids and lipid-like molecules","Glycerophospholipids","Glycerophosphocholines",NA,NA,NA,NA,NA,NA,13128995.6923795,3825043.55542016,29.1343195248387,22431274.8277247,12500505.807067,"C8","Pos",0
"C8-Pos-000179","LPC 20:4-SN2","C28 H50 N O7 P",543.33249,95.8,"LipidBlast",222827,0.46,544.34002,4.755,FALSE,"[M+H]+1","CC\C=C/C\C=C/C\C=C/C\C=C/CCCCCCC(=O)OCC(O)COP([O-])(=O)OCC[N+](C)(C)C","GOMVPVRDBLLHQC-DOFZRALJNA-N","Lipids and lipid-like molecules","Glycerophospholipids","Glycerophosphocholines",NA,NA,NA,NA,NA,NA,4350929.52684001,2003080.16497803,46.0379822891047,12431428.8916472,3891841.16378393,"C8","Pos",0
"C8-Pos-000242","LPC 22:6-SN2","C30 H50 N O7 P",567.33249,82.9,"LipidBlast",222838,-0.25,568.33962,4.816,FALSE,"[M+H]+1","CC\C=C/C\C=C/C\C=C/C\C=C/C\C=C/C\C=C/CCC(=O)OCC(O)COP([O-])(=O)OCC[N+](C)(C)C","LSOWKZULVQWMLY-WSDBEMKQNA-N","Lipids and lipid-like molecules","Glycerophospholipids","Glycerophosphocholines",NA,NA,NA,NA,NA,NA,2689542.17422948,1244387.82884551,46.2676451319086,6959260.49174278,2481167.85001544,"C8","Pos",0
"C8-Pos-000332","LPC 22:6-SN2","C30 H50 N O7 P",567.33249,82.9,"LipidBlast",222838,0.44,568.34001,4.739,FALSE,"[M+H]+1","CC\C=C/C\C=C/C\C=C/C\C=C/C\C=C/C\C=C/CCC(=O)OCC(O)COP([O-])(=O)OCC[N+](C)(C)C","LSOWKZULVQWMLY-WSDBEMKQNA-N","Lipids and lipid-like molecules","Glycerophospholipids","Glycerophosphocholines",NA,NA,NA,NA,NA,NA,854088.731866925,650991.194893604,76.2205577247956,3733017.48091617,694951.243186266,"C8","Pos",0
"C8-Pos-000423","LPC O-18:1","C26 H54 N O6 P",507.36887,75.2,"LipidBlast",161718,0.2,508.37625,5.722,FALSE,"[M+H]+1","CCCCCCCC\C=C/CCCCCCCCOCC(O)COP([O-])(=O)OCC[N+](C)(C)C","XWYSLMAMRKYUFH-SEYXRHQNNA-N","Lipids and lipid-like molecules","Glycerophospholipids","Glycerophosphocholines",NA,NA,NA,NA,NA,NA,717926.438265212,320977.393664538,44.7089529729736,1919432.27878707,628112.938639241,"C8","Pos",0
"C8-Pos-000502","LPC O-18:1","C26 H54 N O6 P",507.36887,75.2,"LipidBlast",161718,0.16,508.37623,5.385,FALSE,"[M+H]+1","CCCCCCCC\C=C/CCCCCCCCOCC(O)COP([O-])(=O)OCC[N+](C)(C)C","XWYSLMAMRKYUFH-SEYXRHQNNA-N","Lipids and lipid-like molecules","Glycerophospholipids","Glycerophosphocholines",NA,NA,NA,NA,NA,NA,555754.963623545,192586.279268451,34.6530920772675,1083722.07875085,500142.708271537,"C8","Pos",0
"Amide-Pos-000507","LPC(18:0)","C26 H54 N O7 P",523.36379,89.1,"MoNA",87612,-1.68,524.37019,7.203,FALSE,"[M+H]+1","CCCCCCCCCCCCCCCCCC(=O)OC[C@H](COP(=O)([O-])OCC[N+](C)(C)C)O","IHNKQIMGVNPMTC-RUZDIDTESA-N","Lipids and lipid-like molecules","Glycerophospholipids","Glycerophosphocholines","kegg:map00564;wiki:WP4195;wiki:WP4949",497299,"CHEBI:73858","HMDB0010384",NA,"19420-57-6",123543.255242082,122087.825434032,98.8219269395183,560678.346088348,90852.2748694687,"Amide","Pos",1
"C8-Neg-000155","LPE 16:1","C21 H42 N O7 P",451.26989,79.2,"LipidBlast",681763,-0.7,450.2623,4.741,FALSE,"[M-H]-1","CCCCCC\C=C/CCCCCCCC(=O)OCC(O)COP(O)(=O)OCCN","DSOWUEHXZJUNID-FPLPWBNLNA-N","Lipids and lipid-like molecules","Glycerophospholipids","Glycerophosphoethanolamines",NA,NA,NA,NA,NA,NA,690784.028298974,189372.830829747,27.4141878028173,1290289.35950814,650694.781932389,"C8","Neg",1
"C8-Pos-000319","LPE 16:1","C21 H42 N O7 P",451.26989,86.6,"LipidBlast",223141,0.35,452.27732,4.737,FALSE,"[M+H]+1","CCCCCC\C=C/CCCCCCCC(=O)OCC(O)COP(O)(=O)OCCN","DSOWUEHXZJUNID-FPLPWBNLNA-N","Lipids and lipid-like molecules","Glycerophospholipids","Glycerophosphoethanolamines",NA,NA,NA,NA,NA,NA,2405245.02284601,751008.183230879,31.2237703891908,4151887.19608847,2152387.59604547,"C8","Pos",1
"C8-Neg-000174","LPE 20:3","C25 H46 N O7 P",503.30119,80.6,"LipidBlast",681782,-0.62,502.2936,5.026,FALSE,"[M-H]-1","CC\C=C/C\C=C/C\C=C/CCCCCCCCCC(=O)OCC(O)COP(O)(=O)OCCN","UEONHLLDVDPRRN-PDBXOOCHNA-N","Lipids and lipid-like molecules","Glycerophospholipids","Glycerophosphoethanolamines",NA,NA,NA,NA,NA,NA,316774.105122362,124518.966680547,39.3084424095994,778736.572975813,304885.813967185,"C8","Neg",1
"C8-Neg-000176","LPE 20:3","C25 H46 N O7 P",503.30119,80.6,"LipidBlast",681782,-0.42,502.2937,5.132,FALSE,"[M-H]-1","CC\C=C/C\C=C/C\C=C/CCCCCCCCCC(=O)OCC(O)COP(O)(=O)OCCN","UEONHLLDVDPRRN-PDBXOOCHNA-N","Lipids and lipid-like molecules","Glycerophospholipids","Glycerophosphoethanolamines",NA,NA,NA,NA,NA,NA,422471.805136312,119735.865984106,28.3417412779705,762601.362303187,413070.965441415,"C8","Neg",1
"C8-Pos-000372","LPE 20:3","C25 H46 N O7 P",503.30119,73.8,"LipidBlast",223160,-0.04,504.30845,5.136,FALSE,"[M+H]+1","CC\C=C/C\C=C/C\C=C/CCCCCCCCCC(=O)OCC(O)COP(O)(=O)OCCN","UEONHLLDVDPRRN-PDBXOOCHNA-N","Lipids and lipid-like molecules","Glycerophospholipids","Glycerophosphoethanolamines",NA,NA,NA,NA,NA,NA,1550140.18880718,499314.990949611,32.2109570834253,2635644.6324175,1415665.73736644,"C8","Pos",1
"C8-Pos-000081","LPE 20:4","C25 H44 N O7 P",501.28554,78.8,"LipidBlast",223161,-0.01,502.2928,4.859,FALSE,"[M+H]+1","CC\C=C/C\C=C/C\C=C/C\C=C/CCCCCCC(=O)OCC(O)COP(O)(=O)OCCN","JPNPIRVRGLGTRE-LTKCOYKYNA-N","Lipids and lipid-like molecules","Glycerophospholipids","Glycerophosphoethanolamines",NA,NA,NA,NA,NA,NA,30461478.320987,5603085.84622688,18.3940050025955,41135557.0760901,30478703.2898313,"C8","Pos",0
"C8-Pos-000126","LPE 20:4","C25 H44 N O7 P",501.28554,78.8,"LipidBlast",223161,0.42,502.29302,4.778,FALSE,"[M+H]+1","CC\C=C/C\C=C/C\C=C/C\C=C/CCCCCCC(=O)OCC(O)COP(O)(=O)OCCN","JPNPIRVRGLGTRE-LTKCOYKYNA-N","Lipids and lipid-like molecules","Glycerophospholipids","Glycerophosphoethanolamines",NA,NA,NA,NA,NA,NA,7749355.97720561,3748787.32308149,48.3754693178167,22486064.724541,6895635.27064153,"C8","Pos",0
"C8-Neg-000173","LPE 22:3","C27 H50 N O7 P",531.33249,74.9,"LipidBlast",681791,-0.75,530.32481,5.524,FALSE,"[M-H]-1","CCCCC\C=C/C\C=C/C\C=C/CCCCCCCCC(=O)OCC(O)COP(O)(=O)OCCN","OYVOJIUVAINTML-QNEBEIHSNA-N","Lipids and lipid-like molecules","Glycerophospholipids","Glycerophosphoethanolamines",NA,NA,NA,NA,NA,NA,552063.841941306,123938.042276776,22.4499474265429,812677.405235675,525920.899004936,"C8","Neg",1
"C8-Pos-000376","LPE 22:3","C27 H50 N O7 P",531.33249,83.9,"LipidBlast",223169,0.07,532.33981,5.526,FALSE,"[M+H]+1","CCCCC\C=C/C\C=C/C\C=C/CCCCCCCCC(=O)OCC(O)COP(O)(=O)OCCN","OYVOJIUVAINTML-QNEBEIHSNA-N","Lipids and lipid-like molecules","Glycerophospholipids","Glycerophosphoethanolamines",NA,NA,NA,NA,NA,NA,1790697.71837721,424350.451232046,23.6974921494067,2594423.7970771,1706366.56129403,"C8","Pos",1
"C8-Neg-000037","LPE 22:4","C27 H48 N O7 P",529.31684,87,"LipidBlast",681792,-0.85,528.30911,5.213,FALSE,"[M-H]-1","CC\C=C/C\C=C/C\C=C/C\C=C/CCCCCCCCC(=O)OCC(O)COP(O)(=O)OCCN","RSVFMXVZJZRSQQ-LTKCOYKYNA-N","Lipids and lipid-like molecules","Glycerophospholipids","Glycerophosphoethanolamines",NA,NA,NA,NA,NA,NA,6105953.37767316,1215036.85567882,19.8992160687255,9441145.66068625,5975524.95824491,"C8","Neg",1
"C8-Neg-000090","LPE 22:4","C27 H48 N O7 P",529.31684,87,"LipidBlast",681792,-0.66,528.30924,5.119,FALSE,"[M-H]-1","CC\C=C/C\C=C/C\C=C/C\C=C/CCCCCCCCC(=O)OCC(O)COP(O)(=O)OCCN","RSVFMXVZJZRSQQ-LTKCOYKYNA-N","Lipids and lipid-like molecules","Glycerophospholipids","Glycerophosphoethanolamines",NA,NA,NA,NA,NA,NA,1245399.58254745,555104.915206243,44.5724346615551,3458671.46037763,1107521.77644351,"C8","Neg",1
"C8-Pos-000106","LPE 22:4","C27 H48 N O7 P",529.31684,87.8,"LipidBlast",223170,-0.09,530.32406,5.216,FALSE,"[M+H]+1","CC\C=C/C\C=C/C\C=C/C\C=C/CCCCCCCCC(=O)OCC(O)COP(O)(=O)OCCN","RSVFMXVZJZRSQQ-LTKCOYKYNA-N","Lipids and lipid-like molecules","Glycerophospholipids","Glycerophosphoethanolamines",NA,NA,NA,NA,NA,NA,18762926.8963726,4376056.5028154,23.3228884117297,27342397.4601768,17331570.7985666,"C8","Pos",1
"C8-Pos-000168","LPE 22:4","C27 H48 N O7 P",529.31684,87.8,"LipidBlast",223170,-0.19,530.324,5.12,FALSE,"[M+H]+1","CC\C=C/C\C=C/C\C=C/C\C=C/CCCCCCCCC(=O)OCC(O)COP(O)(=O)OCCN","RSVFMXVZJZRSQQ-LTKCOYKYNA-N","Lipids and lipid-like molecules","Glycerophospholipids","Glycerophosphoethanolamines",NA,NA,NA,NA,NA,NA,5436978.2244233,2145104.06565329,39.453975666434,13663256.5854295,5508079.23635767,"C8","Pos",1
"C8-Neg-000047","LPE 22:5","C27 H46 N O7 P",527.30119,78.8,"LipidBlast",681793,-0.59,526.2936,5.08,FALSE,"[M-H]-1","CC\C=C/C\C=C/C\C=C/C\C=C/C\C=C/CCCCCC(=O)OCC(O)COP(O)(=O)OCCN","OSRWIBSZJTWIKA-JLNKQSITNA-N","Lipids and lipid-like molecules","Glycerophospholipids","Glycerophosphoethanolamines",NA,NA,NA,NA,NA,NA,3222821.05671431,984570.789993853,30.5499676422504,6785831.73818043,3144143.27394998,"C8","Neg",1
"C8-Neg-000101","LPE 22:5","C27 H46 N O7 P",527.30119,78.8,"LipidBlast",681793,-0.68,526.29355,4.993,FALSE,"[M-H]-1","CC\C=C/C\C=C/C\C=C/C\C=C/C\C=C/CCCCCC(=O)OCC(O)COP(O)(=O)OCCN","OSRWIBSZJTWIKA-JLNKQSITNA-N","Lipids and lipid-like molecules","Glycerophospholipids","Glycerophosphoethanolamines",NA,NA,NA,NA,NA,NA,789718.564008981,433453.200095596,54.8870470886723,2733646.84106827,699472.427467661,"C8","Neg",1
"C8-Pos-000139","LPE 22:5","C27 H46 N O7 P",527.30119,89.1,"LipidBlast",223171,0.41,528.30867,5.08,FALSE,"[M+H]+1","CC\C=C/C\C=C/C\C=C/C\C=C/C\C=C/CCCCCC(=O)OCC(O)COP(O)(=O)OCCN","OSRWIBSZJTWIKA-JLNKQSITNA-N","Lipids and lipid-like molecules","Glycerophospholipids","Glycerophosphoethanolamines",NA,NA,NA,NA,NA,NA,10679231.4029912,2989265.44726765,27.9913912758776,18698170.7951724,10145728.5206963,"C8","Pos",1
"C8-Pos-000201","LPE 22:5","C27 H46 N O7 P",527.30119,89.1,"LipidBlast",223171,-0.12,528.3084,4.992,FALSE,"[M+H]+1","CC\C=C/C\C=C/C\C=C/C\C=C/C\C=C/CCCCCC(=O)OCC(O)COP(O)(=O)OCCN","OSRWIBSZJTWIKA-JLNKQSITNA-N","Lipids and lipid-like molecules","Glycerophospholipids","Glycerophosphoethanolamines",NA,NA,NA,NA,NA,NA,3277726.5142959,1564246.04757609,47.7235071551452,10125419.2244778,2961308.72209087,"C8","Pos",1
"C8-Pos-000091","LPE 22:6","C27 H44 N O7 P",525.28554,80.9,"LipidBlast",223172,-0.18,526.29271,4.84,FALSE,"[M+H]+1","CC\C=C/C\C=C/C\C=C/C\C=C/C\C=C/C\C=C/CCC(=O)OCC(O)COP(O)(=O)OCCN","XEVRBOQZSXWGQO-KUBAVDMBNA-N","Lipids and lipid-like molecules","Glycerophospholipids","Glycerophosphoethanolamines",NA,NA,NA,NA,NA,NA,23994954.3109185,4595868.77558941,19.153480002661,36308207.7345154,23494133.1738157,"C8","Pos",0
"C8-Pos-000153","LPE 22:6","C27 H44 N O7 P",525.28554,80.9,"LipidBlast",223172,0.4,526.29303,4.763,FALSE,"[M+H]+1","CC\C=C/C\C=C/C\C=C/C\C=C/C\C=C/C\C=C/CCC(=O)OCC(O)COP(O)(=O)OCCN","XEVRBOQZSXWGQO-KUBAVDMBNA-N","Lipids and lipid-like molecules","Glycerophospholipids","Glycerophosphoethanolamines",NA,NA,NA,NA,NA,NA,5681638.10318149,2679351.23119553,47.1580762895687,16578992.0917707,5337865.39370934,"C8","Pos",0
"C8-Neg-000210","LPE 24:4","C29 H52 N O7 P",557.34814,74.6,"LipidBlast",681800,-0.54,556.34056,5.645,FALSE,"[M-H]-1","CC\C=C/C\C=C/C\C=C/C\C=C/CCCCCCCCCCC(=O)OCC(O)COP(O)(=O)OCCN","JDAJYLSQKPBNPE-LTKCOYKYNA-N","Lipids and lipid-like molecules","Glycerophospholipids","Glycerophosphoethanolamines",NA,NA,NA,NA,NA,NA,127512.549287855,42103.1751308843,33.0188482357435,217605.532095768,121733.029919891,"C8","Neg",1
"C8-Pos-000520","LPE 24:4","C29 H52 N O7 P",557.34814,80.6,"LipidBlast",223178,0.14,558.3555,5.648,FALSE,"[M+H]+1","CC\C=C/C\C=C/C\C=C/C\C=C/CCCCCCCCCCC(=O)OCC(O)COP(O)(=O)OCCN","JDAJYLSQKPBNPE-LTKCOYKYNA-N","Lipids and lipid-like molecules","Glycerophospholipids","Glycerophosphoethanolamines",NA,NA,NA,NA,NA,NA,458231.792272134,166163.217674928,36.2618265421983,921332.329892146,404246.238606577,"C8","Pos",1
"C8-Neg-000179","LPE 24:5","C29 H50 N O7 P",555.33249,66.6,"LipidBlast",681801,-0.69,554.32483,5.436,FALSE,"[M-H]-1","CC\C=C/C\C=C/C\C=C/C\C=C/C\C=C/CCCCCCCC(=O)OCC(O)COP(O)(=O)OCCN","NSYISTSXLHMRKQ-JLNKQSITNA-N","Lipids and lipid-like molecules","Glycerophospholipids","Glycerophosphoethanolamines",NA,NA,NA,NA,NA,NA,468666.156130898,91824.058927301,19.5926370458153,720443.868272955,470504.933344636,"C8","Neg",1
"C8-Pos-000377","LPE 24:5","C29 H50 N O7 P",555.33249,79.9,"LipidBlast",223179,-0.06,556.33974,5.435,FALSE,"[M+H]+1","CC\C=C/C\C=C/C\C=C/C\C=C/C\C=C/CCCCCCCC(=O)OCC(O)COP(O)(=O)OCCN","NSYISTSXLHMRKQ-JLNKQSITNA-N","Lipids and lipid-like molecules","Glycerophospholipids","Glycerophosphoethanolamines",NA,NA,NA,NA,NA,NA,1735268.69928101,432104.140471571,24.9012813203286,2566912.70793247,1650430.4122559,"C8","Pos",1
"C8-Pos-000197","LPE 38:4","C43 H80 N O7 P",753.56724,85.2,"LipidBlast",223248,-3.25,754.57207,8.943,FALSE,"[M+H]+1","CC\C=C/C\C=C/C\C=C/C\C=C/CCCCCCCCCCCCCCCCCCCCCCCCC(=O)OCC(O)COP(O)(=O)OCCN","WGUBKJGAPLFWFY-LTKCOYKYNA-N","Lipids and lipid-like molecules","Glycerophospholipids","Glycerophosphoethanolamines",NA,NA,NA,NA,NA,NA,5149507.50848853,2232892.01495816,43.3612731174277,10560431.8430394,4975562.80431757,"C8","Pos",0
"C8-Pos-000300","LPE 38:4","C43 H80 N O7 P",753.56724,85.2,"LipidBlast",223248,-0.95,754.57367,9.168,FALSE,"[M+H]+1","CC\C=C/C\C=C/C\C=C/C\C=C/CCCCCCCCCCCCCCCCCCCCCCCCC(=O)OCC(O)COP(O)(=O)OCCN","WGUBKJGAPLFWFY-LTKCOYKYNA-N","Lipids and lipid-like molecules","Glycerophospholipids","Glycerophosphoethanolamines",NA,NA,NA,NA,NA,NA,2324431.27491646,1083185.54593965,46.6000246007951,4561013.25667816,2098624.57261273,"C8","Pos",0
"C8-Neg-000130","LPI 20:4","C29 H49 O12 P",620.29616,68.5,"LipidBlast",682017,-0.48,619.28859,4.568,FALSE,"[M-H]-1","CC\C=C/C\C=C/C\C=C/C\C=C/CCCCCCC(=O)OCC(O)COP(O)(=O)OC1C(O)C(O)C(O)C(O)C1O","BAWAZBRKENFJED-LTKCOYKYNA-N","Lipids and lipid-like molecules","Glycerophospholipids","Glycerophosphoinositols",NA,NA,NA,NA,NA,NA,1090397.89120526,327348.652797131,30.02102768516,1988788.61208836,982903.321029191,"C8","Neg",0
"C8-Neg-000172","LPI 20:4","C29 H49 O12 P",620.29616,68.5,"LipidBlast",682017,-0.64,619.28849,4.506,FALSE,"[M-H]-1","CC\C=C/C\C=C/C\C=C/C\C=C/CCCCCCC(=O)OCC(O)COP(O)(=O)OC1C(O)C(O)C(O)C(O)C1O","BAWAZBRKENFJED-LTKCOYKYNA-N","Lipids and lipid-like molecules","Glycerophospholipids","Glycerophosphoinositols",NA,NA,NA,NA,NA,NA,200579.570401186,156857.800215112,78.2022814693317,839699.786476925,158547.961751475,"C8","Neg",0
"Amide-Pos-000104","Leucine","C6 H13 N O2",131.09463,99.9,"mzCloud",6,-1.18,132.10175,9.243,FALSE,"[M+H]+1","CC(C)CC(C(=O)O)N","ROHFNLRQFUQHCH-UHFFFAOYSA-N","Organic acids and derivatives","Carboxylic acids and derivatives","Amino acids, peptides, and analogues","wiki:WP4686;wiki:WP5029;wiki:WP5031",857,"CHEBI:25017",NA,"C16439","328-39-2",25239151.1339969,7197303.1172344,28.5164230723263,42171745.3095808,25484625.6133289,"Amide","Pos",0
"Amide-Pos-000134","Leucine","C6 H13 N O2",131.09463,99.9,"mzCloud",6,-1.14,132.10176,8.919,FALSE,"[M+H]+1","CC(C)CC(C(=O)O)N","ROHFNLRQFUQHCH-UHFFFAOYSA-N","Organic acids and derivatives","Carboxylic acids and derivatives","Amino acids, peptides, and analogues","wiki:WP4686;wiki:WP5029;wiki:WP5031",857,"CHEBI:25017",NA,"C16439","328-39-2",15170101.3779699,7733647.06883455,50.9795345208794,28636900.9128397,16024996.4591888,"Amide","Pos",0
"Amide-Neg-000058","Levoglucosan","C6 H10 O5",162.05282,84.1,"MoNA",143400,-0.34,161.04549,8.522,FALSE,"[M-H]-1","C1[C@@H]2[C@H]([C@@H]([C@H]([C@H](O1)O2)O)O)O","TWNIBLMWSKIRAT-VFUOTHLCSA-N","Organic compounds","Organoheterocyclic compounds","Oxepanes",NA,2724705,"CHEBI:30997","HMDB0000640",NA,"498-07-7",17890096.5855644,8903468.48430008,49.7675819787598,38054293.3260323,14384821.0740863,"Amide","Neg",1
"Amide-Neg-000173","Levoglucosan","C6 H10 O5",162.05282,84.1,"MoNA",143400,-1.12,161.04536,8.847,FALSE,"[M-H]-1","C1[C@@H]2[C@H]([C@@H]([C@H]([C@H](O1)O2)O)O)O","TWNIBLMWSKIRAT-VFUOTHLCSA-N","Organic compounds","Organoheterocyclic compounds","Oxepanes",NA,2724705,"CHEBI:30997","HMDB0000640",NA,"498-07-7",5738040.19257156,NA,NA,5738040.19257156,5738040.19257156,"Amide","Neg",1
"Amide-Neg-000496","Linoleic acid","C18 H32 O2",280.24023,84.4,"mzCloud",2706,0.21,279.23295,1.106,FALSE,"[M-H]-1","CCCCCC=CCC=CCCCCCCCC(=O)O","OYHQOLUKZRVURQ-HZJYTTRNSA-N","Lipids and lipid-like molecules","Fatty Acyls","Lineolic acids and derivatives","kegg:map00592;reactome:R-HSA-1368082;reactome:R-HSA-1368108;reactome:R-HSA-1592230;reactome:R-HSA-1655829;reactome:R-HSA-1989781;reactome:R-HSA-2046104;reactome:R-HSA-2046105;reactome:R-HSA-2151201;reactome:R-HSA-2426168;reactome:R-HSA-2453902;reactome:R-HSA-381340;reactome:R-HSA-400206;reactome:R-HSA-400253;reactome:R-HSA-425397;reactome:R-HSA-5619108;reactome:R-HSA-6806667;reactome:R-HSA-804914;reactome:R-HSA-9707564;reactome:R-HSA-9707616;reactome:R-HSA-975634;wiki:WP1797;wiki:WP1937;wiki:WP2706;wiki:WP2724;wiki:WP2751;wiki:WP2776;wiki:WP2797;wiki:WP3331;wiki:WP3355;wiki:WP3370;wiki:WP3839;wiki:WP4586;wiki:WP4723;wiki:WP4853;wiki:WP5137;wiki:WP5324",5280450,"CHEBI:17351","HMDB0000673","C01595","60-33-3",170442.240621027,176250.950115246,103.408022256135,894600.776550465,115915.029973893,"Amide","Neg",1
"Amide-Pos-000513","LysoPE(18:0/0:0)","C23 H48 N O7 P",481.31684,79.7,"GNPS",26221,-1.43,482.32343,7.202,FALSE,"[M+H]+1","CCCCCCCCCCCCCCCCCC(=O)OC[C@H](COP(=O)(O)OCCN)O","BBYWOYAFBUOUFP-JOCHJYFZSA-N","Lipids and lipid-like molecules","Glycerophospholipids","Glycerophosphoethanolamines","wiki:WP4313",9547068,"CHEBI:83047","HMDB0011130","C21484","69747-55-3",137426.66454254,121460.277356602,88.3818855393994,492553.732385487,100413.860921762,"Amide","Pos",1
"C18-Pos-000222","LysoPE(18:0/0:0)","C23 H48 N O7 P",481.31684,85.8,"GNPS",26221,-1,482.32364,16.865,FALSE,"[M+H]+1","CCCCCCCCCCCCCCCCCC(=O)OC[C@H](COP(=O)(O)OCCN)O","BBYWOYAFBUOUFP-JOCHJYFZSA-N","Lipids and lipid-like molecules","Glycerophospholipids","Glycerophosphoethanolamines","wiki:WP4313",9547068,"CHEBI:83047","HMDB0011130","C21484","69747-55-3",448510.294594981,417201.240288786,93.0193231496575,2178241.18934519,348147.074735029,"C18","Pos",1
"C18-Neg-000101","Malate","C4 H6 O5",134.02152,76.1,"GNPS",41187,-0.06,133.01424,2.562,FALSE,"[M-H]-1","C(C(C(=O)O)O)C(=O)O","BJEPYKJPYRNKOW-UHFFFAOYSA-N","Organic acids and derivatives","Hydroxy acids and derivatives","Beta hydroxy acids and derivatives","kegg:map00020;kegg:map00620;reactome:R-HSA-1614517;reactome:R-HSA-1614558;reactome:R-HSA-1614635;reactome:R-HSA-428643;reactome:R-HSA-70263;reactome:R-HSA-70268;reactome:R-HSA-70326;reactome:R-HSA-71403;reactome:R-HSA-71406;reactome:R-HSA-75105;reactome:R-HSA-8963693;reactome:R-HSA-8964539;wiki:WP106;wiki:WP2453;wiki:WP2766;wiki:WP3574;wiki:WP3602;wiki:WP4093;wiki:WP4114;wiki:WP4206;wiki:WP4236;wiki:WP4241;wiki:WP4290;wiki:WP4595;wiki:WP4661;wiki:WP4979;wiki:WP4992;wiki:WP5046;wiki:WP5050;wiki:WP5213;wiki:WP534;wiki:WP5401;wiki:WP661;wiki:WP78",525,"CHEBI:6650",NA,"C00711;C03668","97-67-6",2843401.44600259,2316838.07187109,81.4812159263769,4831605.74412333,3399467.48232469,"C18","Neg",1
"C18-Neg-000115","Malate","C4 H6 O5",134.02152,76.1,"GNPS",41187,0.45,133.01431,2.131,FALSE,"[M-H]-1","C(C(C(=O)O)O)C(=O)O","BJEPYKJPYRNKOW-UHFFFAOYSA-N","Organic acids and derivatives","Hydroxy acids and derivatives","Beta hydroxy acids and derivatives","kegg:map00020;kegg:map00620;reactome:R-HSA-1614517;reactome:R-HSA-1614558;reactome:R-HSA-1614635;reactome:R-HSA-428643;reactome:R-HSA-70263;reactome:R-HSA-70268;reactome:R-HSA-70326;reactome:R-HSA-71403;reactome:R-HSA-71406;reactome:R-HSA-75105;reactome:R-HSA-8963693;reactome:R-HSA-8964539;wiki:WP106;wiki:WP2453;wiki:WP2766;wiki:WP3574;wiki:WP3602;wiki:WP4093;wiki:WP4114;wiki:WP4206;wiki:WP4236;wiki:WP4241;wiki:WP4290;wiki:WP4595;wiki:WP4661;wiki:WP4979;wiki:WP4992;wiki:WP5046;wiki:WP5050;wiki:WP5213;wiki:WP534;wiki:WP5401;wiki:WP661;wiki:WP78",525,"CHEBI:6650",NA,"C00711;C03668","97-67-6",858099.210001783,1428480.12741165,166.470276485708,3765755.35304352,331231.474533949,"C18","Neg",1
"Amide-Neg-000203","Maleic acid","C4 H4 O4",116.01096,99.1,"mzCloud",1811,0.02,115.00364,9.444,FALSE,"[M-H]-1","C(=CC(=O)O)C(=O)O","VZCYOOQTPOCHFL-UPHRSURJSA-N","Organic acids and derivatives","Carboxylic acids and derivatives","Dicarboxylic acids and derivatives",NA,444266,"CHEBI:18300","HMDB0000176","C01384","10237-70-4",5136413.54516693,2079497.7183017,40.4854028986506,8163085.42095453,5520788.61161396,"Amide","Neg",1
"Amide-Neg-000225","Maleic acid","C4 H4 O4",116.01096,99.1,"mzCloud",1811,-0.29,115.00365,12.937,FALSE,"[M-H]-1","C(=CC(=O)O)C(=O)O","VZCYOOQTPOCHFL-UPHRSURJSA-N","Organic acids and derivatives","Carboxylic acids and derivatives","Dicarboxylic acids and derivatives",NA,444266,"CHEBI:18300","HMDB0000176","C01384","10237-70-4",3101730.176939,1844293.47804001,59.4601520065192,6642548.5309659,3156380.11464947,"Amide","Neg",1
"C18-Neg-000069","Maleic acid","C4 H4 O4",116.01096,90.3,"mzCloud",1811,0.16,115.00364,1.537,FALSE,"[M-H]-1","C(=CC(=O)O)C(=O)O","VZCYOOQTPOCHFL-UPHRSURJSA-N","Organic acids and derivatives","Carboxylic acids and derivatives","Dicarboxylic acids and derivatives",NA,444266,"CHEBI:18300","HMDB0000176","C01384","10237-70-4",5573203.00556021,1554411.21246534,27.8908055370413,8648399.41633272,5799072.30800177,"C18","Neg",1
"Amide-Neg-000303","Malonic acid","C3 H4 O4",104.01096,73.5,"mzCloud",1319,-0.48,103.0036,5.707,FALSE,"[M-H]-1","C(C(=O)O)C(=O)O","OFOBLEOULBTSOW-UHFFFAOYSA-N","Organic acids and derivatives","Carboxylic acids and derivatives","Dicarboxylic acids and derivatives","kegg:map00250;wiki:WP4686",867,"CHEBI:30794","HMDB0000691","C02028;C00383;C04025","141-82-2",956517.821614922,684688.616905472,71.5813758440473,2562361.52971856,679166.233052311,"Amide","Neg",1
"C18-Neg-000206","Malonic acid","C3 H4 O4",104.01096,68.3,"mzCloud",1319,-0.5,163.02478,1.28,FALSE,"[M-H+HAc]-1","C(C(=O)O)C(=O)O","OFOBLEOULBTSOW-UHFFFAOYSA-N","Organic acids and derivatives","Carboxylic acids and derivatives","Dicarboxylic acids and derivatives","kegg:map00250;wiki:WP4686",867,"CHEBI:30794","HMDB0000691","C02028;C00383;C04025","141-82-2",227182.416786246,97991.3419459284,43.1333301811502,372617.487730624,192395.893047844,"C18","Neg",1
"Amide-Neg-000388","Methyl acetoacetate","C5 H8 O3",116.04734,98.7,"mzCloud",488,-0.31,115.04002,1.291,FALSE,"[M-H]-1","CC(=O)CC(=O)OC","WRQNANDWMGAFTP-UHFFFAOYSA-N","Organic acids and derivatives","Keto acids and derivatives","Beta-keto acids and derivatives",NA,7757,"CHEBI:166454","HMDB0000310",NA,"105-45-3",1028496.37264586,399921.272169405,38.8840722053874,1967652.66078903,939149.096667795,"Amide","Neg",0
"Amide-Neg-000411","Methyl acetoacetate","C5 H8 O3",116.04734,98.7,"mzCloud",488,0.15,115.04008,1.435,FALSE,"[M-H]-1","CC(=O)CC(=O)OC","WRQNANDWMGAFTP-UHFFFAOYSA-N","Organic acids and derivatives","Keto acids and derivatives","Beta-keto acids and derivatives",NA,7757,"CHEBI:166454","HMDB0000310",NA,"105-45-3",808821.374560329,184378.74996935,22.7959789106188,1032508.06586219,864337.97370051,"Amide","Neg",0
"Amide-Pos-000205","Methyl-L-histidinate","C7 H11 N3 O2",169.08513,99.1,"mzCloud",474,-1.03,170.09223,3.428,FALSE,"[M+H]+1","COC(=O)C(CC1=CNC=N1)N","BXRMEWOQUXOLDH-LURJTMIESA-N","Organic acids and derivatives","Carboxylic acids and derivatives","Amino acids, peptides, and analogues",NA,92893,"CHEBI:169996",NA,NA,"1499-46-3",6223532.88440289,2829925.49076152,45.4713672013164,11707363.5363909,5476832.92339133,"Amide","Pos",0
"Amide-Pos-000206","Methyl-L-histidinate","C7 H11 N3 O2",169.08513,99.1,"mzCloud",474,-0.61,170.0923,3.566,FALSE,"[M+H]+1","COC(=O)C(CC1=CNC=N1)N","BXRMEWOQUXOLDH-LURJTMIESA-N","Organic acids and derivatives","Carboxylic acids and derivatives","Amino acids, peptides, and analogues",NA,92893,"CHEBI:169996",NA,NA,"1499-46-3",6649881.97607971,2627562.66180834,39.5129217519942,11707363.5363909,5730757.46817466,"Amide","Pos",0
"Amide-Pos-000331","Methylimidazoleacetic acid","C6 H8 N2 O2",140.05858,62.6,"mzCloud",491,3.68,141.06637,4.034,FALSE,"[M+H]+1","CN1C=C(N=C1)CC(=O)O","ZHCKPJGJQOPTLB-UHFFFAOYSA-N","Organoheterocyclic compounds","Azoles","Imidazoles","kegg:map00340",75810,"CHEBI:1606","HMDB0002820","C05828","2625-49-2",2401203.89030188,821403.462010152,34.2079848082741,3153411.26782732,2601988.80049253,"Amide","Pos",1
"Amide-Pos-000336","Methylimidazoleacetic acid","C6 H8 N2 O2",140.05858,62.6,"mzCloud",491,-1.04,141.0657,5.099,FALSE,"[M+H]+1","CN1C=C(N=C1)CC(=O)O","ZHCKPJGJQOPTLB-UHFFFAOYSA-N","Organoheterocyclic compounds","Azoles","Imidazoles","kegg:map00340",75810,"CHEBI:1606","HMDB0002820","C05828","2625-49-2",1502757.28542785,828507.105256655,55.1324630591141,2475717.90506016,1529249.23271788,"Amide","Pos",1
"C18-Pos-000340","Methylimidazoleacetic acid","C6 H8 N2 O2",140.05858,69,"mzCloud",491,-0.07,141.06584,2.08,FALSE,"[M+H]+1","CN1C=C(N=C1)CC(=O)O","ZHCKPJGJQOPTLB-UHFFFAOYSA-N","Organoheterocyclic compounds","Azoles","Imidazoles","kegg:map00340",75810,"CHEBI:1606","HMDB0002820","C05828","2625-49-2",15339.7979759117,4761.33263331785,31.0390830491681,20684.7637640072,17031.4952763003,"C18","Pos",1
"Amide-Neg-000140","Methylmalonic acid","C4 H6 O4",118.02661,98,"mzCloud",1339,-0.55,117.01927,11.66,FALSE,"[M-H]-1","CC(C(=O)O)C(=O)O","ZIYVHBGGAOATLY-UHFFFAOYSA-N","Organic acids and derivatives","Carboxylic acids and derivatives","Dicarboxylic acids and derivatives","kegg:map00280;kegg:map00640;wiki:WP1533;wiki:WP4236;wiki:WP4271;wiki:WP4686",487,"CHEBI:30860","HMDB0000202","C02170","516-05-2",5156494.16436174,2977666.69575457,57.7459529836031,13369190.4924841,5061061.93368549,"Amide","Neg",0
"Amide-Neg-000328","Methylmalonic acid","C4 H6 O4",118.02661,98,"mzCloud",1339,-0.46,117.01928,12.467,FALSE,"[M-H]-1","CC(C(=O)O)C(=O)O","ZIYVHBGGAOATLY-UHFFFAOYSA-N","Organic acids and derivatives","Carboxylic acids and derivatives","Dicarboxylic acids and derivatives","kegg:map00280;kegg:map00640;wiki:WP1533;wiki:WP4236;wiki:WP4271;wiki:WP4686",487,"CHEBI:30860","HMDB0000202","C02170","516-05-2",1208746.55575664,675505.458754483,55.8847887125218,3314524.20356378,1060692.53702578,"Amide","Neg",0
"C8-Pos-000468","Methyltestosterone","C20 H30 O2",302.22458,74.2,"MoNA",130691,-0.47,303.23172,5.402,FALSE,"[M+H]+1","C[C@]12CCC(=O)C=C1CC[C@@H]3[C@@H]2CC[C@]4([C@H]3CC[C@]4(C)O)C","GCKMFJBGXUYNAG-HLXURNFRSA-N","Lipids and lipid-like molecules","Steroids and steroid derivatives","Androstane steroids",NA,6010,"CHEBI:27436","HMDB0015655","C07198","58-18-4",340351.891735032,290181.153312431,85.2591568782407,1319598.42106317,241403.252234709,"C8","Pos",0
"C8-Pos-000522","Methyltestosterone","C20 H30 O2",302.22458,74.2,"MoNA",130691,0.11,303.23189,4.774,FALSE,"[M+H]+1","C[C@]12CCC(=O)C=C1CC[C@@H]3[C@@H]2CC[C@]4([C@H]3CC[C@]4(C)O)C","GCKMFJBGXUYNAG-HLXURNFRSA-N","Lipids and lipid-like molecules","Steroids and steroid derivatives","Androstane steroids",NA,6010,"CHEBI:27436","HMDB0015655","C07198","58-18-4",462262.653398705,145634.655502441,31.5047418240881,912006.49207473,413977.778040033,"C8","Pos",0
"C18-Pos-000202","Minoxidil","C9 H15 N5 O",209.12766,78.2,"mzCloud",811,-1.42,210.13464,7.826,FALSE,"[M+H]+1","Nc1cc(N2CCCCC2)nc(N)[n+]1[O-]","ZFMITUMMTDLWHR-UHFFFAOYSA-N","Organic nitrogen compounds","Organonitrogen compounds","Amines",NA,NA,NA,NA,NA,NA,339623.358143639,935235.583734322,275.374340812795,3000730.67596802,54020.2462970292,"C18","Pos",1
"C8-Pos-000488","Minoxidil","C9 H15 N5 O",209.12766,67.7,"mzCloud",811,-0.17,210.1349,2.69,FALSE,"[M+H]+1","Nc1cc(N2CCCCC2)nc(N)[n+]1[O-]","ZFMITUMMTDLWHR-UHFFFAOYSA-N","Organic nitrogen compounds","Organonitrogen compounds","Amines",NA,NA,NA,NA,NA,NA,136407.553905599,256141.182494807,187.776391527459,1201649.67792522,64813.2031127867,"C8","Pos",1
"C8-Pos-000145","Monolaurin","C15 H30 O4",274.21441,68.1,"NIST23",13325,-0.09,275.22168,4.439,FALSE,"[M+H]+1","CCCCCCCCCCCC(=O)OCC(O)CO","ARIWANIATODDMH-UHFFFAOYSA-N","Lipids and lipid-like molecules","Glycerolipids","Monoradylglycerols",NA,14871,"CHEBI:75539","HMDB0245396",NA,"142-18-7",15088164.7431892,1423790.47907704,9.43647225034275,17781487.3011862,15116912.2982241,"C8","Pos",0
"C8-Pos-000476","Monolaurin","C15 H30 O4",274.21441,68.1,"NIST23",13325,0,297.20366,4.386,FALSE,"[M+Na]+1","CCCCCCCCCCCC(=O)OCC(O)CO","ARIWANIATODDMH-UHFFFAOYSA-N","Lipids and lipid-like molecules","Glycerolipids","Monoradylglycerols",NA,14871,"CHEBI:75539","HMDB0245396",NA,"142-18-7",1018955.13696901,250257.947125716,24.5602517761611,1252596.46086022,1100366.10001647,"C8","Pos",0
"C8-Pos-000034","Monoolein","C21 H40 O4",356.29266,88.3,"mzCloud",967,-0.21,357.29984,5.494,FALSE,"[M+H]+1","O=C(OCC(O)CO)CCCCCCC/C=C/CCCCCCCC","RZRNAYUHWVFMIP-KTKRTIGZSA-N","Lipids and lipid-like molecules","Glycerolipids","Monoradylglycerols","wiki:WP4905",5283468,"CHEBI:75342",NA,NA,"25496-72-4",156561848.324932,13110259.3887421,8.37385322734102,168700295.141704,161089766.989535,"C8","Pos",0
"C8-Pos-000064","Monoolein","C21 H40 O4",356.29266,88.3,"mzCloud",967,-0.91,357.29961,4.605,FALSE,"[M+H]+1","O=C(OCC(O)CO)CCCCCCC/C=C/CCCCCCCC","RZRNAYUHWVFMIP-KTKRTIGZSA-N","Lipids and lipid-like molecules","Glycerolipids","Monoradylglycerols","wiki:WP4905",5283468,"CHEBI:75342",NA,NA,"25496-72-4",46702888.8083771,10495159.2988539,22.4721844122228,54451508.4071325,50898122.9517297,"C8","Pos",0
"Amide-Pos-000363","Morpholin-3-one","C4 H7 N O2",101.04768,80,"NIST23",7188,-1.28,84.04426,13.363,FALSE,"[M+H-H2O]+1","C1COCC(=O)N1","VSEAAEQOQBMPQF-UHFFFAOYSA-N","Organoheterocyclic compounds","Oxazinanes","Morpholines",NA,66953,NA,NA,NA,"109-11-5",1808605.07762703,601311.821984941,33.247270475094,3205939.87728034,1645983.2861492,"Amide","Pos",0
"Amide-Pos-000410","Morpholin-3-one","C4 H7 N O2",101.04768,80,"NIST23",7188,-1.19,84.04427,13.193,FALSE,"[M+H-H2O]+1","C1COCC(=O)N1","VSEAAEQOQBMPQF-UHFFFAOYSA-N","Organoheterocyclic compounds","Oxazinanes","Morpholines",NA,66953,NA,NA,NA,"109-11-5",1270124.6383139,245641.252202731,19.3399328532687,1824181.17813251,1152743.67193056,"Amide","Pos",0
"C18-Pos-000243","Muscone","C16 H30 O",238.22967,60.7,"mzCloud",6153,-1.12,239.23668,18.031,FALSE,"[M+H]+1","CC1CCCCCCCCCCCCC(=O)C1","ALHUZKCOMYUFRB-UHFFFAOYSA-N","Organic oxygen compounds","Organooxygen compounds","Carbonyl compounds",NA,10947,NA,"HMDB0034181",NA,"541-91-3",929462.692716979,217059.759242814,23.3532513939113,1517048.21541468,854199.326229688,"C18","Pos",1
"C8-Pos-000063","Muscone","C16 H30 O",238.22967,64.2,"mzCloud",6153,-0.8,239.23674,5.291,FALSE,"[M+H]+1","CC1CCCCCCCCCCCCC(=O)C1","ALHUZKCOMYUFRB-UHFFFAOYSA-N","Organic oxygen compounds","Organooxygen compounds","Carbonyl compounds",NA,10947,NA,"HMDB0034181",NA,"541-91-3",61158125.931387,3140233.93374425,5.13461438839259,66305983.693099,61550154.4827646,"C8","Pos",1
"Amide-Neg-000167","Myristic acid","C14 H28 O2",228.20893,97.3,"mzCloud",6728,0.25,227.20171,1.116,FALSE,"[M-H]-1","CCCCCCCCCCCCCC(=O)O","TUNFSRHWOTWDNC-UHFFFAOYSA-N","Lipids and lipid-like molecules","Fatty Acyls","Fatty acids and conjugates","reactome:R-HSA-112310;reactome:R-HSA-2980736;reactome:R-HSA-381771;reactome:R-HSA-400508;reactome:R-HSA-425397;reactome:R-HSA-444209;reactome:R-HSA-5619108;reactome:R-HSA-804914;wiki:WP1871;wiki:WP1937;wiki:WP2728;wiki:WP4724",11005,"CHEBI:28875","HMDB0000806","C06424","544-63-8",3477119.51450484,1943787.32514624,55.9022293320005,10968066.0191374,3174174.58250782,"Amide","Neg",1
"C8-Neg-000087","Myristic acid","C14 H28 O2",228.20893,91.7,"mzCloud",6728,-1.06,227.20141,5.063,FALSE,"[M-H]-1","CCCCCCCCCCCCCC(=O)O","TUNFSRHWOTWDNC-UHFFFAOYSA-N","Lipids and lipid-like molecules","Fatty Acyls","Fatty acids and conjugates","reactome:R-HSA-112310;reactome:R-HSA-2980736;reactome:R-HSA-381771;reactome:R-HSA-400508;reactome:R-HSA-425397;reactome:R-HSA-444209;reactome:R-HSA-5619108;reactome:R-HSA-804914;wiki:WP1871;wiki:WP1937;wiki:WP2728;wiki:WP4724",11005,"CHEBI:28875","HMDB0000806","C06424","544-63-8",2377192.26051496,450483.762133053,18.9502451953746,3519689.32301248,2349017.68972865,"C8","Neg",1
"Amide-Pos-000525","Myristoyl-L-carnitine","C21 H41 N O4",371.30356,74.3,"NIST23",6976,-1.27,372.31037,7.017,FALSE,"[M+H]+1","CCCCCCCCCCCCCC(=O)O[C@H](CC(=O)[O-])C[N+](C)(C)C","PSHXNVGSVNEJBD-LJQANCHMSA-N","Lipids and lipid-like molecules","Fatty Acyls","Fatty acid esters",NA,53477791,"CHEBI:84634",NA,NA,"25597-07-3",188377.44982094,90654.3684607736,48.1237900539286,389640.018443267,167247.660055318,"Amide","Pos",1
"C18-Pos-000286","Myristoyl-L-carnitine","C21 H41 N O4",371.30356,75.7,"NIST23",6976,-1.61,372.31024,13.961,FALSE,"[M+H]+1","CCCCCCCCCCCCCC(=O)O[C@H](CC(=O)[O-])C[N+](C)(C)C","PSHXNVGSVNEJBD-LJQANCHMSA-N","Lipids and lipid-like molecules","Fatty Acyls","Fatty acid esters",NA,53477791,"CHEBI:84634",NA,NA,"25597-07-3",217637.037447115,99587.0686923588,45.7583276543902,487359.568398886,196140.18053963,"C18","Pos",1
"Amide-Neg-000300","Myristyl sulfate","C14 H30 O4 S",294.18648,98.4,"mzCloud",3131,0.31,293.17929,0.729,FALSE,"[M-H]-1","CCCCCCCCCCCCCCOS(=O)(=O)O","URLJMZWTXZTZRR-UHFFFAOYSA-N","Organic acids and derivatives","Organic sulfuric acids and derivatives","Sulfuric acid esters",NA,5248,"CHEBI:135234","HMDB0014607",NA,"4754-44-3",1201665.88012501,819058.748526449,68.1602733399769,3935914.34446778,1125121.81256405,"Amide","Neg",1
"C8-Neg-000064","Myristyl sulfate","C14 H30 O4 S",294.18648,92,"mzCloud",3131,-1.61,293.17873,4.498,FALSE,"[M-H]-1","CCCCCCCCCCCCCCOS(=O)(=O)O","URLJMZWTXZTZRR-UHFFFAOYSA-N","Organic acids and derivatives","Organic sulfuric acids and derivatives","Sulfuric acid esters",NA,5248,"CHEBI:135234","HMDB0014607",NA,"4754-44-3",1293884.85526836,960755.358243546,74.2535438398249,5145838.79943579,1197321.24342949,"C8","Neg",1
"Amide-Pos-000095","N,N'-Diphenylguanidine","C13 H13 N3",211.11095,99.3,"mzCloud",2642,-1.08,212.118,4.11,FALSE,"[M+H]+1","C1=CC=C(C=C1)NC(=NC2=CC=CC=C2)N","OWRCNXZUPFZXOS-UHFFFAOYSA-N","Benzenoids","Benzene and substituted derivatives",NA,NA,7594,"CHEBI:144319",NA,NA,"102-06-7",11981056.6487973,14162915.0088669,118.210900958294,49897818.9968185,6026842.63167747,"Amide","Pos",1
"C18-Pos-000141","N,N'-Diphenylguanidine","C13 H13 N3",211.11095,98.9,"mzCloud",2642,-0.76,212.11806,8.184,FALSE,"[M+H]+1","C1=CC=C(C=C1)NC(=NC2=CC=CC=C2)N","OWRCNXZUPFZXOS-UHFFFAOYSA-N","Benzenoids","Benzene and substituted derivatives",NA,NA,7594,"CHEBI:144319",NA,NA,"102-06-7",3487536.30374118,3691099.33372612,105.836871999485,12374065.4292655,1686459.08086645,"C18","Pos",1
"C18-Pos-000331","N,N'-Diphenylguanidine","C13 H13 N3",211.11095,98.9,"mzCloud",2642,-0.89,212.11804,8.326,FALSE,"[M+H]+1","C1=CC=C(C=C1)NC(=NC2=CC=CC=C2)N","OWRCNXZUPFZXOS-UHFFFAOYSA-N","Benzenoids","Benzene and substituted derivatives",NA,NA,7594,"CHEBI:144319",NA,NA,"102-06-7",36803.6813307616,25286.2596048163,68.7057889061801,83905.1779250748,37126.492332423,"C18","Pos",1
"C8-Neg-000191","N,N'-Diphenylguanidine","C13 H13 N3",211.11095,91.7,"mzCloud",2642,-1.35,210.10339,2.573,FALSE,"[M-H]-1","C1=CC=C(C=C1)NC(=NC2=CC=CC=C2)N","OWRCNXZUPFZXOS-UHFFFAOYSA-N","Benzenoids","Benzene and substituted derivatives",NA,NA,7594,"CHEBI:144319",NA,NA,"102-06-7",146520.725591354,123650.383141127,84.3910529667914,503640.197548548,135722.625899621,"C8","Neg",1
"C8-Pos-000035","N,N'-Diphenylguanidine","C13 H13 N3",211.11095,99.5,"mzCloud",2642,-0.27,212.11817,2.563,FALSE,"[M+H]+1","C1=CC=C(C=C1)NC(=NC2=CC=CC=C2)N","OWRCNXZUPFZXOS-UHFFFAOYSA-N","Benzenoids","Benzene and substituted derivatives",NA,NA,7594,"CHEBI:144319",NA,NA,"102-06-7",29335592.5764929,34635697.8279513,118.067149104414,150526998.012512,13730594.4836919,"C8","Pos",1
"Amide-Pos-000022","N,N-Diethylethanolamine","C6 H15 N O",117.11536,89,"mzCloud",2816,-1.16,118.12251,6.576,FALSE,"[M+H]+1","CCN(CC)CCO","BFSVOASYOCHEOV-UHFFFAOYSA-N","Organic nitrogen compounds","Organonitrogen compounds","Amines",NA,7497,"CHEBI:52153","HMDB0033971",NA,"100-37-8",191678447.153284,225942030.665208,117.875553574641,1177911674.71541,130543739.26856,"Amide","Pos",1
"Amide-Pos-000084","N,N-Diethylethanolamine","C6 H15 N O",117.11536,89,"mzCloud",2816,-1.18,118.1225,8.59,FALSE,"[M+H]+1","CCN(CC)CCO","BFSVOASYOCHEOV-UHFFFAOYSA-N","Organic nitrogen compounds","Organonitrogen compounds","Amines",NA,7497,"CHEBI:52153","HMDB0033971",NA,"100-37-8",22967438.8415488,20692080.5940766,90.0931128491524,71017821.735148,13981720.0085294,"Amide","Pos",1
"C18-Pos-000147","N,N-Diethylethanolamine","C6 H15 N O",117.11536,77.7,"mzCloud",2816,-1.43,118.12247,1.249,FALSE,"[M+H]+1","CCN(CC)CCO","BFSVOASYOCHEOV-UHFFFAOYSA-N","Organic nitrogen compounds","Organonitrogen compounds","Amines",NA,7497,"CHEBI:52153","HMDB0033971",NA,"100-37-8",4463388.64888684,3061890.67369276,68.6001357837478,11117176.4046537,3227245.56938514,"C18","Pos",1
"Amide-Pos-000429","N,N-Dimethylguanosine","C12 H17 N5 O5",311.12297,76.3,"NIST23",7914,-0.95,312.12995,5.537,FALSE,"[M+H]+1","CN(C)c1nc2c(ncn2[C@@H]2O[C@H](CO)[C@@H](O)[C@H]2O)c(=O)[nH]1","RSPURTUNRHNVGF-IOSLPCCCSA-N","Organic compounds","Nucleosides, nucleotides, and analogues","Purine nucleosides","wiki:WP4485",92919,NA,NA,NA,NA,829039.718677973,427402.239966767,51.5538918507213,1859482.08375824,660546.236631074,"Amide","Pos",1
"C18-Pos-000264","N,N-Dimethylguanosine","C12 H17 N5 O5",311.12297,90.1,"NIST23",5941,-0.95,312.12995,5.473,FALSE,"[M+H]+1","CN(C)c1nc2c(ncn2[C@@H]2O[C@H](CO)[C@@H](O)[C@H]2O)c(=O)[nH]1","RSPURTUNRHNVGF-IOSLPCCCSA-N","Organic compounds","Nucleosides, nucleotides, and analogues","Purine nucleosides","wiki:WP4485",92919,NA,NA,NA,NA,291358.897771339,201186.145186128,69.050970032163,909255.015081049,229201.533751306,"C18","Pos",1
"Amide-Pos-000251","N-(Octadecanoyl)sphing-4-enine-1-phosphocholine","C41 H83 N2 O6 P",730.59887,88.7,"NIST23",21,-1.63,731.60497,6.76,FALSE,"[M+H]+1","CCCCCCCCCCCCC/C=C/C(O)C(COP(=O)([O-])OCC[N+](C)(C)C)NC(=O)CCCCCCCCCCCCCCCCC","LKQLRGMMMAHREN-NWBJSICCSA-N","Organic compounds","Lipids and lipid-like molecules","Sphingolipids",NA,5353953,NA,NA,NA,"54336-69-5",1198388.58314074,1668682.75726087,139.243879717844,8102388.52787484,620104.371668966,"Amide","Pos",1
"C8-Pos-000099","N-(Octadecanoyl)sphing-4-enine-1-phosphocholine","C41 H83 N2 O6 P",730.59887,95.5,"NIST23",21,-0.41,731.60586,8.489,FALSE,"[M+H]+1","CCCCCCCCCCCCC/C=C/C(O)C(COP(=O)([O-])OCC[N+](C)(C)C)NC(=O)CCCCCCCCCCCCCCCCC","LKQLRGMMMAHREN-NWBJSICCSA-N","Organic compounds","Lipids and lipid-like molecules","Sphingolipids",NA,5353953,NA,NA,NA,"54336-69-5",13000623.8433882,7468290.99091276,57.4456355393358,30309567.7939495,12120572.0667045,"C8","Pos",1
"Amide-Pos-000347","N-(tert-Butyl)-N'-(2-hydroxyethyl)urea","C7 H16 N2 O2",160.12118,58.7,"mzCloud",3598,-1.04,161.12829,15.276,FALSE,"[M+H]+1","CC(C)(C)NC(=O)NCCO","AVPJNLYWMUHKJP-UHFFFAOYSA-N","Organic acids and derivatives","Organic carbonic acids and derivatives","Ureas",NA,2731520,NA,NA,NA,NA,1627368.22538419,786674.934843127,48.3403155212404,3644095.47708802,1367352.13698914,"Amide","Pos",0
"Amide-Pos-000462","N-(tert-Butyl)-N'-(2-hydroxyethyl)urea","C7 H16 N2 O2",160.12118,58.7,"mzCloud",3598,-0.89,161.12831,14.718,FALSE,"[M+H]+1","CC(C)(C)NC(=O)NCCO","AVPJNLYWMUHKJP-UHFFFAOYSA-N","Organic acids and derivatives","Organic carbonic acids and derivatives","Ureas",NA,2731520,NA,NA,NA,NA,506333.947045264,217291.569877471,42.9146754124401,732246.047643738,594846.894227578,"Amide","Pos",0
"Amide-Neg-000124","N-Acetyl-1-aspartylglutamic acid","C11 H16 N2 O8",304.09067,96.3,"mzCloud",505,0.27,303.08345,13.326,FALSE,"[M-H]-1","CC(=O)NC(CC(=O)O)C(=O)NC(CCC(=O)O)C(=O)O","OPVPGKGADVGKTG-UHFFFAOYSA-N","Organic acids and derivatives","Carboxylic acids and derivatives","Amino acids, peptides, and analogues","reactome:R-HSA-8963693;reactome:R-HSA-8964539;wiki:WP4979;wiki:WP4992",5255,"CHEBI:95120","HMDB0255414",NA,NA,8658616.35458807,2721837.74339126,31.4350195449993,14028581.9310673,7953508.97867475,"Amide","Neg",1
"Amide-Neg-000544","N-Acetyl-1-aspartylglutamic acid","C11 H16 N2 O8",304.09067,96.3,"mzCloud",505,0.03,303.0834,13.552,FALSE,"[M-H]-1","CC(=O)NC(CC(=O)O)C(=O)NC(CCC(=O)O)C(=O)O","OPVPGKGADVGKTG-UHFFFAOYSA-N","Organic acids and derivatives","Carboxylic acids and derivatives","Amino acids, peptides, and analogues","reactome:R-HSA-8963693;reactome:R-HSA-8964539;wiki:WP4979;wiki:WP4992",5255,"CHEBI:95120","HMDB0255414",NA,NA,375435.698828685,159625.576161736,42.5174208685398,606358.865567828,381084.732855121,"Amide","Neg",1
"Amide-Pos-000163","N-Acetyl-1-aspartylglutamic acid","C11 H16 N2 O8",304.09067,98.4,"mzCloud",505,-1.2,305.09761,13.364,FALSE,"[M+H]+1","CC(=O)NC(CC(=O)O)C(=O)NC(CCC(=O)O)C(=O)O","OPVPGKGADVGKTG-UHFFFAOYSA-N","Organic acids and derivatives","Carboxylic acids and derivatives","Amino acids, peptides, and analogues","reactome:R-HSA-8963693;reactome:R-HSA-8964539;wiki:WP4979;wiki:WP4992",5255,"CHEBI:95120","HMDB0255414",NA,NA,13284325.1585227,2475689.52504308,18.6361707915194,18091128.5256911,12934086.6671378,"Amide","Pos",1
"C18-Neg-000117","N-Acetyl-1-aspartylglutamic acid","C11 H16 N2 O8",304.09067,97,"mzCloud",505,0.04,303.0834,2.623,FALSE,"[M-H]-1","CC(=O)NC(CC(=O)O)C(=O)NC(CCC(=O)O)C(=O)O","OPVPGKGADVGKTG-UHFFFAOYSA-N","Organic acids and derivatives","Carboxylic acids and derivatives","Amino acids, peptides, and analogues","reactome:R-HSA-8963693;reactome:R-HSA-8964539;wiki:WP4979;wiki:WP4992",5255,"CHEBI:95120","HMDB0255414",NA,NA,622649.283434642,890567.10738717,143.028689035768,3274659.83430809,383563.430128938,"C18","Neg",1
"C18-Neg-000166","N-Acetyl-1-aspartylglutamic acid","C11 H16 N2 O8",304.09067,97,"mzCloud",505,-0.3,303.0833,2.9,FALSE,"[M-H]-1","CC(=O)NC(CC(=O)O)C(=O)NC(CCC(=O)O)C(=O)O","OPVPGKGADVGKTG-UHFFFAOYSA-N","Organic acids and derivatives","Carboxylic acids and derivatives","Amino acids, peptides, and analogues","reactome:R-HSA-8963693;reactome:R-HSA-8964539;wiki:WP4979;wiki:WP4992",5255,"CHEBI:95120","HMDB0255414",NA,NA,315734.660390215,253193.818115693,80.1919617576266,1200269.61067285,228948.793340931,"C18","Neg",1
"C18-Pos-000033","N-Acetyl-1-aspartylglutamic acid","C11 H16 N2 O8",304.09067,98.6,"mzCloud",505,-0.78,305.09771,2.619,FALSE,"[M+H]+1","CC(=O)NC(CC(=O)O)C(=O)NC(CCC(=O)O)C(=O)O","OPVPGKGADVGKTG-UHFFFAOYSA-N","Organic acids and derivatives","Carboxylic acids and derivatives","Amino acids, peptides, and analogues","reactome:R-HSA-8963693;reactome:R-HSA-8964539;wiki:WP4979;wiki:WP4992",5255,"CHEBI:95120","HMDB0255414",NA,NA,49333724.4794426,13055908.0164649,26.4644685845792,70094811.2356555,50033774.5986988,"C18","Pos",1
"C18-Pos-000034","N-Acetyl-1-aspartylglutamic acid","C11 H16 N2 O8",304.09067,98.6,"mzCloud",505,-1.36,305.09756,2.902,FALSE,"[M+H]+1","CC(=O)NC(CC(=O)O)C(=O)NC(CCC(=O)O)C(=O)O","OPVPGKGADVGKTG-UHFFFAOYSA-N","Organic acids and derivatives","Carboxylic acids and derivatives","Amino acids, peptides, and analogues","reactome:R-HSA-8963693;reactome:R-HSA-8964539;wiki:WP4979;wiki:WP4992",5255,"CHEBI:95120","HMDB0255414",NA,NA,100166789.517677,NA,NA,100166789.517677,100166789.517677,"C18","Pos",1
"C18-Neg-000098","N-Acetyl-DL-aspartic acid","C6 H9 N O5",175.04807,93,"MoNA",23068,-0.34,174.04074,10.631,FALSE,"[M-H]-1","CC(=O)NC(CC(=O)O)C(=O)O","OTCCIMWXFLJLIA-UHFFFAOYSA-N","Organic acids and derivatives","Carboxylic acids and derivatives","Amino acids, peptides, and analogues",NA,97508,"CHEBI:177033",NA,NA,"2545-40-6",929619.028367685,1132286.90412746,121.801175489667,4947199.95741685,633928.510019593,"C18","Neg",0
"C18-Neg-000104","N-Acetyl-DL-aspartic acid","C6 H9 N O5",175.04807,93,"MoNA",23068,-0.4,174.04073,7.963,FALSE,"[M-H]-1","CC(=O)NC(CC(=O)O)C(=O)O","OTCCIMWXFLJLIA-UHFFFAOYSA-N","Organic acids and derivatives","Carboxylic acids and derivatives","Amino acids, peptides, and analogues",NA,97508,"CHEBI:177033",NA,NA,"2545-40-6",3225794.5910738,973912.675232577,30.1914039389713,4753948.20499006,3159774.79957186,"C18","Neg",0
"Amide-Neg-000562","N-Acetyl-DL-glutamic acid","C7 H11 N O5",189.06372,59.6,"mzCloud",507,-0.66,188.05632,12.793,FALSE,"[M-H]-1","CC(=O)NC(CCC(=O)O)C(=O)O","RFMMMVDNIPUKGG-UHFFFAOYSA-N","Organic acids and derivatives","Carboxylic acids and derivatives","Amino acids, peptides, and analogues","reactome:R-HSA-70635;wiki:WP4571;wiki:WP4583;wiki:WP4595;wiki:WP497;wiki:WP4973",185,"CHEBI:172431",NA,NA,"5817-08-3",238785.214588112,68824.559365022,28.8227893354869,296256.896318906,275021.20874267,"Amide","Neg",1
"C18-Neg-000063","N-Acetyl-DL-glutamic acid","C7 H11 N O5",189.06372,66.5,"mzCloud",507,0.87,188.05661,2.837,FALSE,"[M-H]-1","CC(=O)NC(CCC(=O)O)C(=O)O","RFMMMVDNIPUKGG-UHFFFAOYSA-N","Organic acids and derivatives","Carboxylic acids and derivatives","Amino acids, peptides, and analogues","reactome:R-HSA-70635;wiki:WP4571;wiki:WP4583;wiki:WP4595;wiki:WP497;wiki:WP4973",185,"CHEBI:172431",NA,NA,"5817-08-3",7709756.47983481,2422571.86651561,31.422158051969,10334235.9840251,7235928.88622542,"C18","Neg",1
"C18-Neg-000066","N-Acetyl-DL-glutamic acid","C7 H11 N O5",189.06372,66.5,"mzCloud",507,0.7,188.05658,2.28,FALSE,"[M-H]-1","CC(=O)NC(CCC(=O)O)C(=O)O","RFMMMVDNIPUKGG-UHFFFAOYSA-N","Organic acids and derivatives","Carboxylic acids and derivatives","Amino acids, peptides, and analogues","reactome:R-HSA-70635;wiki:WP4571;wiki:WP4583;wiki:WP4595;wiki:WP497;wiki:WP4973",185,"CHEBI:172431",NA,NA,"5817-08-3",6917122.3500958,1199062.75759053,17.3347050536691,9422540.1956211,6562688.08671758,"C18","Neg",1
"Amide-Neg-000342","N-Acetyl-L-methionine","C7 H13 N O3 S",191.06161,59.6,"mzCloud",1377,-0.27,190.05429,5.943,FALSE,"[M-H]-1","CC(=O)NC(CCSC)C(=O)O","XUYPXLNMDZIRQH-LURJTMIESA-N","Organic acids and derivatives","Carboxylic acids and derivatives","Amino acids, peptides, and analogues",NA,448580,"CHEBI:21557","HMDB0011745","C02712","65-82-7",1849200.86463043,576853.925435652,31.1947683169042,3075988.86341293,1794888.11576662,"Amide","Neg",1
"Amide-Neg-000251","N-Acetylalanine","C5 H9 N O3",131.05824,74.8,"mzCloud",1375,-0.46,130.0509,12.568,FALSE,"[M-H]-1","CC(=O)N[C@@H](C)C(=O)O","KTHDTJVBEPMMGL-VKHMYHEASA-N","Organic acids and derivatives","Carboxylic acids and derivatives","Amino acids, peptides, and analogues",NA,88064,"CHEBI:40992","HMDB0000766",NA,"97-69-8",2954398.54454084,922415.842096737,31.2217809544073,5319663.00264251,2890164.82175414,"Amide","Neg",1
"Amide-Neg-000350","N-Acetylalanine","C5 H9 N O3",131.05824,74.8,"mzCloud",1375,-0.64,130.05088,7.671,FALSE,"[M-H]-1","CC(=O)N[C@@H](C)C(=O)O","KTHDTJVBEPMMGL-VKHMYHEASA-N","Organic acids and derivatives","Carboxylic acids and derivatives","Amino acids, peptides, and analogues",NA,88064,"CHEBI:40992","HMDB0000766",NA,"97-69-8",1651323.47205606,547813.021880695,33.1741800532038,2867324.514132,1651796.75008989,"Amide","Neg",1
"C18-Neg-000121","N-Acetylalanine","C5 H9 N O3",131.05824,93.4,"mzCloud",1375,-0.55,130.05089,2.734,FALSE,"[M-H]-1","CC(=O)N[C@@H](C)C(=O)O","KTHDTJVBEPMMGL-VKHMYHEASA-N","Organic acids and derivatives","Carboxylic acids and derivatives","Amino acids, peptides, and analogues",NA,88064,"CHEBI:40992","HMDB0000766",NA,"97-69-8",1433547.68929015,856610.231085429,59.7545681587752,3038297.06143122,1433517.05573899,"C18","Neg",1
"C18-Neg-000138","N-Acetylalanine","C5 H9 N O3",131.05824,93.4,"mzCloud",1375,0.1,130.05098,3.104,FALSE,"[M-H]-1","CC(=O)N[C@@H](C)C(=O)O","KTHDTJVBEPMMGL-VKHMYHEASA-N","Organic acids and derivatives","Carboxylic acids and derivatives","Amino acids, peptides, and analogues",NA,88064,"CHEBI:40992","HMDB0000766",NA,"97-69-8",1875864.63321211,554227.902799227,29.545197078011,2339566.70319209,2025987.23731708,"C18","Neg",1
"C18-Pos-000018","N-Acetylaspartate","C6 H9 N O5",175.04807,93.7,"MoNA",142184,-0.79,176.05522,1.844,FALSE,"[M+H]+1","CC(=O)N[C@@H](CC(=O)O)C(=O)O","OTCCIMWXFLJLIA-BYPYZUCNSA-N","Organic acids and derivatives","Carboxylic acids and derivatives","Amino acids, peptides, and analogues","kegg:map00250;reactome:R-HSA-8963693;reactome:R-HSA-8964539;wiki:WP4519;wiki:WP4979;wiki:WP4992;wiki:WP5365",65065,"CHEBI:21547","HMDB0000812","C01042","997-55-7",119024682.129814,31337767.3510526,26.3287973471537,205882261.398968,114254227.729064,"C18","Pos",1
"C18-Pos-000056","N-Acetylaspartate","C6 H9 N O5",175.04807,93.7,"MoNA",142184,-0.38,176.05528,3.37,FALSE,"[M+H]+1","CC(=O)N[C@@H](CC(=O)O)C(=O)O","OTCCIMWXFLJLIA-BYPYZUCNSA-N","Organic acids and derivatives","Carboxylic acids and derivatives","Amino acids, peptides, and analogues","kegg:map00250;reactome:R-HSA-8963693;reactome:R-HSA-8964539;wiki:WP4519;wiki:WP4979;wiki:WP4992;wiki:WP5365",65065,"CHEBI:21547","HMDB0000812","C01042","997-55-7",28324176.4875243,NA,NA,28324176.4875243,28324176.4875243,"C18","Pos",1
"Amide-Neg-000009","N-Acetylaspartic acid","C6 H9 N O5",175.04807,72.8,"mzCloud",1376,-0.27,174.04075,12.561,FALSE,"[M-H]-1","CC(=O)NC(CC(=O)O)C(=O)O","OTCCIMWXFLJLIA-BYPYZUCNSA-N","Organic acids and derivatives","Carboxylic acids and derivatives","Amino acids, peptides, and analogues","kegg:map00250;reactome:R-HSA-8963693;reactome:R-HSA-8964539;wiki:WP4519;wiki:WP4979;wiki:WP4992;wiki:WP5365",65065,"CHEBI:21547","HMDB0000812","C01042","997-55-7",92683754.7265944,30605613.4151639,33.0215510856748,156027615.561621,95058539.0418691,"Amide","Neg",1
"Amide-Neg-000384","N-Acetylaspartic acid","C6 H9 N O5",175.04807,72.8,"mzCloud",1376,-0.03,174.04079,13.294,FALSE,"[M-H]-1","CC(=O)NC(CC(=O)O)C(=O)O","OTCCIMWXFLJLIA-BYPYZUCNSA-N","Organic acids and derivatives","Carboxylic acids and derivatives","Amino acids, peptides, and analogues","kegg:map00250;reactome:R-HSA-8963693;reactome:R-HSA-8964539;wiki:WP4519;wiki:WP4979;wiki:WP4992;wiki:WP5365",65065,"CHEBI:21547","HMDB0000812","C01042","997-55-7",829260.094727818,421054.473376175,50.7747178542788,1986971.13827407,720027.197132803,"Amide","Neg",1
"C18-Neg-000002","N-Acetylaspartic acid","C6 H9 N O5",175.04807,67.6,"mzCloud",1376,0.09,174.04081,1.813,FALSE,"[M-H]-1","CC(=O)NC(CC(=O)O)C(=O)O","OTCCIMWXFLJLIA-BYPYZUCNSA-N","Organic acids and derivatives","Carboxylic acids and derivatives","Amino acids, peptides, and analogues","kegg:map00250;reactome:R-HSA-8963693;reactome:R-HSA-8964539;wiki:WP4519;wiki:WP4979;wiki:WP4992;wiki:WP5365",65065,"CHEBI:21547","HMDB0000812","C01042","997-55-7",119394426.048032,68534643.2139889,57.4018783644202,248930736.651299,138445459.405829,"C18","Neg",1
"C18-Neg-000004","N-Acetylaspartic acid","C6 H9 N O5",175.04807,67.6,"mzCloud",1376,0.46,174.04088,2.267,FALSE,"[M-H]-1","CC(=O)NC(CC(=O)O)C(=O)O","OTCCIMWXFLJLIA-BYPYZUCNSA-N","Organic acids and derivatives","Carboxylic acids and derivatives","Amino acids, peptides, and analogues","kegg:map00250;reactome:R-HSA-8963693;reactome:R-HSA-8964539;wiki:WP4519;wiki:WP4979;wiki:WP4992;wiki:WP5365",65065,"CHEBI:21547","HMDB0000812","C01042","997-55-7",77241020.9785734,74556815.1969116,96.5248960362573,152400792.968513,76020111.8410681,"C18","Neg",1
"Amide-Neg-000212","N-Acetylglycine","C4 H7 N O3",117.04259,89.8,"mzCloud",1248,0.37,116.03536,1.831,FALSE,"[M-H]-1","CC(=O)NCC(=O)O","OKJIRPAQVSHGFK-UHFFFAOYSA-N","Organic acids and derivatives","Carboxylic acids and derivatives","Amino acids, peptides, and analogues",NA,10972,"CHEBI:40410","HMDB0000532",NA,"543-24-8",5717267.04225831,1179619.87101692,20.6325830558192,7464310.0991068,6023957.76081717,"Amide","Neg",0
"Amide-Neg-000565","N-Acetylglycine","C4 H7 N O3",117.04259,89.8,"mzCloud",1248,-0.44,116.03526,8.894,FALSE,"[M-H]-1","CC(=O)NCC(=O)O","OKJIRPAQVSHGFK-UHFFFAOYSA-N","Organic acids and derivatives","Carboxylic acids and derivatives","Amino acids, peptides, and analogues",NA,10972,"CHEBI:40410","HMDB0000532",NA,"543-24-8",212959.258962936,99107.4289212582,46.5382108314468,431169.662193118,181544.59140556,"Amide","Neg",0
"Amide-Neg-000397","N-Acetylneuraminic acid","C11 H19 N O9",309.10598,55,"mzCloud",1249,0.28,308.09879,11.864,FALSE,"[M-H]-1","CC(=O)NC1C(CC(OC1C(C(CO)O)O)(C(=O)O)O)O","SQVRNKJHWKZAKO-YRMXFSIDSA-N","Organic oxygen compounds","Organooxygen compounds","Carbohydrates and carbohydrate conjugates","reactome:R-HSA-1660662;reactome:R-HSA-4085001;reactome:R-HSA-428643;reactome:R-HSA-446219;reactome:R-HSA-975576;reactome:R-HSA-975577;reactome:R-HSA-9840310;wiki:WP3363;wiki:WP5151",444885,"CHEBI:49026","HMDB0000773","C19909","131-48-6",306243.122117254,378152.687384918,123.481201723163,1783059.1349634,147119.069359687,"Amide","Neg",1
"C18-Neg-000031","N-Acetylneuraminic acid","C11 H19 N O9",309.10598,66.7,"mzCloud",1249,0.31,308.0988,1.429,FALSE,"[M-H]-1","CC(=O)NC1C(CC(OC1C(C(CO)O)O)(C(=O)O)O)O","SQVRNKJHWKZAKO-YRMXFSIDSA-N","Organic oxygen compounds","Organooxygen compounds","Carbohydrates and carbohydrate conjugates","reactome:R-HSA-1660662;reactome:R-HSA-4085001;reactome:R-HSA-428643;reactome:R-HSA-446219;reactome:R-HSA-975576;reactome:R-HSA-975577;reactome:R-HSA-9840310;wiki:WP3363;wiki:WP5151",444885,"CHEBI:49026","HMDB0000773","C19909","131-48-6",4695540.91373044,5372393.42933915,114.414793269706,25001723.6376193,3920557.376101,"C18","Neg",1
"C18-Neg-000079","N-Acetylneuraminic acid","C11 H19 N O9",309.10598,66.7,"mzCloud",1249,0.88,308.0988,1.299,FALSE,"[M-H]-1","CC(=O)NC1C(CC(OC1C(C(CO)O)O)(C(=O)O)O)O","SQVRNKJHWKZAKO-YRMXFSIDSA-N","Organic oxygen compounds","Organooxygen compounds","Carbohydrates and carbohydrate conjugates","reactome:R-HSA-1660662;reactome:R-HSA-4085001;reactome:R-HSA-428643;reactome:R-HSA-446219;reactome:R-HSA-975576;reactome:R-HSA-975577;reactome:R-HSA-9840310;wiki:WP3363;wiki:WP5151",444885,"CHEBI:49026","HMDB0000773","C19909","131-48-6",936274.689484386,1735347.37984926,185.345967304203,7003649.03133629,314400.007387992,"C18","Neg",1
"C18-Pos-000038","N-Acetylneuraminic acid","C11 H19 N O9",309.10598,83.3,"mzCloud",1249,1.74,348.06985,2.357,FALSE,"[M+K]+1","CC(=O)NC1C(CC(OC1C(C(CO)O)O)(C(=O)O)O)O","SQVRNKJHWKZAKO-YRMXFSIDSA-N","Organic oxygen compounds","Organooxygen compounds","Carbohydrates and carbohydrate conjugates","reactome:R-HSA-1660662;reactome:R-HSA-4085001;reactome:R-HSA-428643;reactome:R-HSA-446219;reactome:R-HSA-975576;reactome:R-HSA-975577;reactome:R-HSA-9840310;wiki:WP3363;wiki:WP5151",444885,"CHEBI:49026","HMDB0000773","C19909","131-48-6",56264831.9171778,17690608.6590515,31.4416804534175,74374221.2296949,58877432.5060659,"C18","Pos",1
"C18-Pos-000066","N-Acetylneuraminic acid","C11 H19 N O9",309.10598,83.3,"mzCloud",1249,-1.16,310.1129,1.562,FALSE,"[M+H]+1","CC(=O)NC1C(CC(OC1C(C(CO)O)O)(C(=O)O)O)O","SQVRNKJHWKZAKO-YRMXFSIDSA-N","Organic oxygen compounds","Organooxygen compounds","Carbohydrates and carbohydrate conjugates","reactome:R-HSA-1660662;reactome:R-HSA-4085001;reactome:R-HSA-428643;reactome:R-HSA-446219;reactome:R-HSA-975576;reactome:R-HSA-975577;reactome:R-HSA-9840310;wiki:WP3363;wiki:WP5151",444885,"CHEBI:49026","HMDB0000773","C19909","131-48-6",11156999.6610567,8680313.78827401,77.8015062469927,45818295.6053404,8613714.24798753,"C18","Pos",1
"C8-Neg-000092","N-Acetylneuraminic acid","C11 H19 N O9",309.10598,57,"mzCloud",1249,-0.7,308.09849,1.024,FALSE,"[M-H]-1","CC(=O)NC1C(CC(OC1C(C(CO)O)O)(C(=O)O)O)O","SQVRNKJHWKZAKO-YRMXFSIDSA-N","Organic oxygen compounds","Organooxygen compounds","Carbohydrates and carbohydrate conjugates","reactome:R-HSA-1660662;reactome:R-HSA-4085001;reactome:R-HSA-428643;reactome:R-HSA-446219;reactome:R-HSA-975576;reactome:R-HSA-975577;reactome:R-HSA-9840310;wiki:WP3363;wiki:WP5151",444885,"CHEBI:49026","HMDB0000773","C19909","131-48-6",925039.578130765,663206.980057877,71.6949842727837,3324822.62875865,810515.564007159,"C8","Neg",1
"C8-Pos-000327","N-Acetylneuraminic acid","C11 H19 N O9",309.10598,76.2,"mzCloud",1249,-0.54,310.11305,1.073,FALSE,"[M+H]+1","CC(=O)NC1C(CC(OC1C(C(CO)O)O)(C(=O)O)O)O","SQVRNKJHWKZAKO-YRMXFSIDSA-N","Organic oxygen compounds","Organooxygen compounds","Carbohydrates and carbohydrate conjugates","reactome:R-HSA-1660662;reactome:R-HSA-4085001;reactome:R-HSA-428643;reactome:R-HSA-446219;reactome:R-HSA-975576;reactome:R-HSA-975577;reactome:R-HSA-9840310;wiki:WP3363;wiki:WP5151",444885,"CHEBI:49026","HMDB0000773","C19909","131-48-6",1761125.77001332,860457.532488308,48.8583806528366,3790699.44370309,1528602.6373641,"C8","Pos",1
"C8-Pos-000331","N-Acetylneuraminic acid","C11 H19 N O9",309.10598,76.2,"mzCloud",1249,0.47,310.1134,1.381,FALSE,"[M+H]+1","CC(=O)NC1C(CC(OC1C(C(CO)O)O)(C(=O)O)O)O","SQVRNKJHWKZAKO-YRMXFSIDSA-N","Organic oxygen compounds","Organooxygen compounds","Carbohydrates and carbohydrate conjugates","reactome:R-HSA-1660662;reactome:R-HSA-4085001;reactome:R-HSA-428643;reactome:R-HSA-446219;reactome:R-HSA-975576;reactome:R-HSA-975577;reactome:R-HSA-9840310;wiki:WP3363;wiki:WP5151",444885,"CHEBI:49026","HMDB0000773","C19909","131-48-6",1203211.75145896,279913.968602392,23.2638991651288,1401140.81680655,1203211.75145896,"C8","Pos",1
"Amide-Pos-000106","N-Acetylputrescine","C6 H14 N2 O",130.11061,90.4,"mzCloud",514,-1.14,131.11774,10.809,FALSE,"[M+H]+1","CC(=O)NCCCCN","KLZGKIDSEJWEDW-UHFFFAOYSA-N","Organic acids and derivatives","Carboximidic acids and derivatives","Carboximidic acids","wiki:WP4157",122356,"CHEBI:17768","HMDB0002064","C02714","5699-41-2",15686734.8269578,9337650.97797854,59.5257781876422,24034579.3943296,18013416.4593148,"Amide","Pos",1
"C18-Pos-000131","N-Acetylputrescine","C6 H14 N2 O",130.11061,82.9,"mzCloud",514,-0.68,131.11781,1.219,FALSE,"[M+H]+1","CC(=O)NCCCCN","KLZGKIDSEJWEDW-UHFFFAOYSA-N","Organic acids and derivatives","Carboximidic acids and derivatives","Carboximidic acids","wiki:WP4157",122356,"CHEBI:17768","HMDB0002064","C02714","5699-41-2",6123664.85044618,5070855.33465233,82.8075255340413,14156684.5081441,6681344.56179354,"C18","Pos",1
"Amide-Neg-000343","N-Ethylglycine","C4 H9 N O2",103.06333,99.9,"mzCloud",1789,-0.17,102.05603,12.744,FALSE,"[M-H]-1","CCNCC(=O)O","YPIGGYHFMKJNKV-UHFFFAOYSA-N","Organic acids and derivatives","Carboxylic acids and derivatives","Amino acids, peptides, and analogues",NA,316542,"CHEBI:15620","HMDB0041945","C11735","627-01-0",1811015.2442657,437685.274610736,24.1679508770894,3075754.48049212,1856012.59571644,"Amide","Neg",0
"Amide-Neg-000352","N-Ethylglycine","C4 H9 N O2",103.06333,99.9,"mzCloud",1789,-1.36,102.05591,10.785,FALSE,"[M-H]-1","CCNCC(=O)O","YPIGGYHFMKJNKV-UHFFFAOYSA-N","Organic acids and derivatives","Carboxylic acids and derivatives","Amino acids, peptides, and analogues",NA,316542,"CHEBI:15620","HMDB0041945","C11735","627-01-0",860106.308858831,550024.103887231,63.9483861729825,2761000.38940664,712331.335939028,"Amide","Neg",0
"C8-Pos-000579","N-Ethylheptedrone","C15 H23 N O",233.17796,54.7,"NIST23",19182,1.33,217.15901,4.233,FALSE,"[M+H-NH3]+1","CCCCCC(C(=O)C1=CC=CC=C1)NCC","KCDBNUUMBCYCQC-UHFFFAOYSA-N","Organic oxygen compounds","Organooxygen compounds","Carbonyl compounds",NA,163195977,NA,NA,NA,"2514784-72-4",399442.18658889,196471.799174197,49.1865420755889,538368.728096886,399442.18658889,"C8","Pos",0
"C8-Pos-000693","N-Ethylheptedrone","C15 H23 N O",233.17796,55.1,"NIST23",47162,0.06,234.18525,3.189,FALSE,"[M+H]+1","CCCCCC(C(=O)C1=CC=CC=C1)NCC","KCDBNUUMBCYCQC-UHFFFAOYSA-N","Organic oxygen compounds","Organooxygen compounds","Carbonyl compounds",NA,163195977,NA,NA,NA,"2514784-72-4",69458.7121523768,45108.420939857,64.9427833342192,173729.449003827,54494.2095225181,"C8","Pos",0
"Amide-Pos-000080","N-Methyl-2-phenylpropan-1-amine","C10 H15 N",149.12045,99.1,"mzCloud",6050,-1.12,150.12756,4.503,FALSE,"[M+H]+1","CC(CNC)C1=CC=CC=C1","AUFSOOYCQYDGES-UHFFFAOYSA-N","Benzenoids","Benzene and substituted derivatives","Phenylpropylamines",NA,22276,"CHEBI:134771",NA,NA,"93-88-9",30807345.5398064,37558043.3714567,121.912624127021,86142815.6566109,17343293.1010875,"Amide","Pos",0
"Amide-Pos-000105","N-Methyl-2-phenylpropan-1-amine","C10 H15 N",149.12045,99.1,"mzCloud",6050,-0.46,150.12766,5.285,FALSE,"[M+H]+1","CC(CNC)C1=CC=CC=C1","AUFSOOYCQYDGES-UHFFFAOYSA-N","Benzenoids","Benzene and substituted derivatives","Phenylpropylamines",NA,22276,"CHEBI:134771",NA,NA,"93-88-9",16653467.1219098,18314710.6756692,109.975361536421,41897263.7000433,11983832.7868202,"Amide","Pos",0
"Amide-Pos-000503","N-Oleoyl-D-erythro-sphingosylphosphorylcholine","C41 H81 N2 O6 P",728.58322,86.7,"NIST23",3257,-2.09,729.58898,6.769,FALSE,"[M+H]+1","CCCCCCCC/C=C\CCCCCCCC(=O)N[C@@H](COP(=O)([O-])OCC[N+](C)(C)C)[C@H](O)/C=C/CCCCCCCCCCCCC","NBEADXWAAWCCDG-QDDWGVBQSA-N","Organic compounds","Lipids and lipid-like molecules","Sphingolipids",NA,6443882,"CHEBI:84487","HMDB0012101",NA,"108392-10-5",132356.235785094,172569.90075738,130.382901669689,627814.093619191,54176.4562304361,"Amide","Pos",0
"Amide-Pos-000523","N-Oleoyl-D-erythro-sphingosylphosphorylcholine","C41 H81 N2 O6 P",728.58322,86.7,"NIST23",3257,-1.25,729.58959,6.722,FALSE,"[M+H]+1","CCCCCCCC/C=C\CCCCCCCC(=O)N[C@@H](COP(=O)([O-])OCC[N+](C)(C)C)[C@H](O)/C=C/CCCCCCCCCCCCC","NBEADXWAAWCCDG-QDDWGVBQSA-N","Organic compounds","Lipids and lipid-like molecules","Sphingolipids",NA,6443882,"CHEBI:84487","HMDB0012101",NA,"108392-10-5",118222.493493301,124650.069112991,105.436846601493,396624.417903973,61109.8037605192,"Amide","Pos",0
"C18-Pos-000096","N-[(3S)-2,5-Dioxooxolan-3-yl]acetamide","C6 H7 N O4",157.03751,85.2,"NIST23",11381,-0.78,158.04466,3.405,FALSE,"[M+H]+1","CC(=O)N[C@H]1CC(=O)OC1=O","JMQITILRHSGUCB-BYPYZUCNSA-N","Organic acids and derivatives","Carboxylic acids and derivatives","Amino acids, peptides, and analogues",NA,11829698,NA,NA,NA,"41148-79-2",15454994.4174945,NA,NA,15454994.4174945,15454994.4174945,"C18","Pos",0
"C18-Pos-000117","N-[(3S)-2,5-Dioxooxolan-3-yl]acetamide","C6 H7 N O4",157.03751,85.2,"NIST23",11381,-0.71,158.04467,3.822,FALSE,"[M+H]+1","CC(=O)N[C@H]1CC(=O)OC1=O","JMQITILRHSGUCB-BYPYZUCNSA-N","Organic acids and derivatives","Carboxylic acids and derivatives","Amino acids, peptides, and analogues",NA,11829698,NA,NA,NA,"41148-79-2",10331829.8322717,4575148.04711589,44.2820693080458,19029830.9836478,10208001.2103284,"C18","Pos",0
"Amide-Neg-000501","N-α-Acetyl-L-asparagine","C6 H10 N2 O4",174.06406,57.5,"mzCloud",1384,-0.91,173.05661,9.111,FALSE,"[M-H]-1","CC(=O)NC(CC(=O)N)C(=O)O","HXFOXFJUNFFYMO-BYPYZUCNSA-N","Organic acids and derivatives","Carboxylic acids and derivatives","Amino acids, peptides, and analogues",NA,99715,"CHEBI:139582","HMDB0006028",NA,"4033-40-3",575399.373971688,89624.9390277909,15.5761273094817,665978.824173487,616420.306418996,"Amide","Neg",1
"Amide-Neg-000589","N-α-Acetyl-L-asparagine","C6 H10 N2 O4",174.06406,57.5,"mzCloud",1384,-0.06,173.05676,8.862,FALSE,"[M-H]-1","CC(=O)NC(CC(=O)N)C(=O)O","HXFOXFJUNFFYMO-BYPYZUCNSA-N","Organic acids and derivatives","Carboxylic acids and derivatives","Amino acids, peptides, and analogues",NA,99715,"CHEBI:139582","HMDB0006028",NA,"4033-40-3",126113.646481042,58297.646299898,46.2262791748408,237852.097618292,130937.584065161,"Amide","Neg",1
"Amide-Pos-000192","N3,N4-Dimethyl-L-arginine","C8 H18 N4 O2",202.14298,93.2,"mzCloud",835,-1.05,203.15004,14.541,FALSE,"[M+H]+1","C/N=C(\NC)NCCC[C@H](N)C(=O)O","HVPFXCBJHIIJGS-LURJTMIESA-N","Organic acids and derivatives","Carboxylic acids and derivatives","Amino acids, peptides, and analogues","wiki:WP1850;wiki:WP1919;wiki:WP4947;wiki:WP4977",169148,"CHEBI:25682","HMDB0003334",NA,"30344-00-4",8335168.53097193,2319738.85918459,27.8307373218054,12330080.904789,8151321.39790501,"Amide","Pos",0
"Amide-Pos-000386","N3,N4-Dimethyl-L-arginine","C8 H18 N4 O2",202.14298,93.2,"mzCloud",835,-0.55,203.15014,14.877,FALSE,"[M+H]+1","C/N=C(\NC)NCCC[C@H](N)C(=O)O","HVPFXCBJHIIJGS-LURJTMIESA-N","Organic acids and derivatives","Carboxylic acids and derivatives","Amino acids, peptides, and analogues","wiki:WP1850;wiki:WP1919;wiki:WP4947;wiki:WP4977",169148,"CHEBI:25682","HMDB0003334",NA,"30344-00-4",1766054.94896791,632272.539545553,35.8014080997341,2880216.67430379,1621016.82141403,"Amide","Pos",0
"Amide-Pos-000259","N6,N6,N6-Trimethyl-L-lysine","C9 H20 N2 O2",188.15248,92.5,"mzCloud",909,-1.27,189.15952,15.251,FALSE,"[M+H]+1","C[N+](C)(C)CCCCC(C(=O)O)N","MXNRLFUSFKVQSK-QMMMGPOBSA-N","Organic acids and derivatives","Carboxylic acids and derivatives","Amino acids, peptides, and analogues","reactome:R-HSA-71262;wiki:WP4996",440120,"CHEBI:165870","HMDB0001325","C03793","19253-88-4",5089824.92368158,1521682.16693766,29.8965522341975,7821727.98093665,5008442.66622349,"Amide","Pos",0
"Amide-Pos-000416","N6,N6,N6-Trimethyl-L-lysine","C9 H20 N2 O2",188.15248,92.5,"mzCloud",909,-1,189.15957,16.147,FALSE,"[M+H]+1","C[N+](C)(C)CCCCC(C(=O)O)N","MXNRLFUSFKVQSK-QMMMGPOBSA-N","Organic acids and derivatives","Carboxylic acids and derivatives","Amino acids, peptides, and analogues","reactome:R-HSA-71262;wiki:WP4996",440120,"CHEBI:165870","HMDB0001325","C03793","19253-88-4",1274671.5234149,421088.492974075,33.0350592477315,2151429.2997271,1262288.26883428,"Amide","Pos",0
"Amide-Pos-000367","N6,N6-dimethyllysine","C8 H18 N2 O2",174.13683,66.3,"MoNA",120026,-0.92,175.14394,15.321,FALSE,"[M+H]+1","CN(C)CCCC[C@@H](C(=O)O)N","XXEWFEBMSGLYBY-ZETCQYMHSA-N","Organic compounds","Organic acids and derivatives","Carboxylic acids and derivatives",NA,193344,"CHEBI:43997",NA,NA,"2259-86-1",1307649.32877963,584232.880572879,44.6781004444147,3133102.2158443,1364119.6116933,"Amide","Pos",0
"Amide-Pos-000447","N6,N6-dimethyllysine","C8 H18 N2 O2",174.13683,66.3,"MoNA",120026,-0.97,175.14394,15.621,FALSE,"[M+H]+1","CN(C)CCCC[C@@H](C(=O)O)N","XXEWFEBMSGLYBY-ZETCQYMHSA-N","Organic compounds","Organic acids and derivatives","Carboxylic acids and derivatives",NA,193344,"CHEBI:43997",NA,NA,"2259-86-1",687523.87462522,377186.965661724,54.8616534760098,1548085.56682541,584234.17609811,"Amide","Pos",0
"Amide-Pos-000299","N6-Me-Adenosine","C11 H15 N5 O4",281.1124,99.2,"mzCloud",10245,-0.92,282.11942,2.834,FALSE,"[M+H]+1","CNC1=C2C(=NC=N1)N(C=N2)C3C(C(C(O3)CO)O)O","VQAYFKKCNSOZKM-UHFFFAOYSA-N","Nucleosides, nucleotides, and analogues","Purine nucleosides",NA,NA,1869,"CHEBI:182179",NA,NA,"60209-41-8",3842663.76467304,820499.654275602,21.3523666009695,4934303.75761161,3697643.97042501,"Amide","Pos",1
"C18-Pos-000260","N6-Me-Adenosine","C11 H15 N5 O4",281.1124,94.2,"mzCloud",10245,-0.66,282.11949,1.277,FALSE,"[M+H]+1","CNC1=C2C(=NC=N1)N(C=N2)C3C(C(C(O3)CO)O)O","VQAYFKKCNSOZKM-UHFFFAOYSA-N","Nucleosides, nucleotides, and analogues","Purine nucleosides",NA,NA,1869,"CHEBI:182179",NA,NA,"60209-41-8",567153.989617903,212091.630707977,37.395775149332,988999.190962729,587346.298208144,"C18","Pos",1
"C18-Pos-000319","N6-Me-Adenosine","C11 H15 N5 O4",281.1124,94.2,"mzCloud",10245,-0.75,282.11947,4.812,FALSE,"[M+H]+1","CNC1=C2C(=NC=N1)N(C=N2)C3C(C(C(O3)CO)O)O","VQAYFKKCNSOZKM-UHFFFAOYSA-N","Nucleosides, nucleotides, and analogues","Purine nucleosides",NA,NA,1869,"CHEBI:182179",NA,NA,"60209-41-8",116317.253359727,32810.9966309603,28.2081941270466,195591.901331868,117038.536794441,"C18","Pos",1
"Amide-Neg-000534","N6-Succinyladenosine; LC-tDDA; CE10","C14 H17 N5 O8",383.10771,92,"MoNA",134265,0.53,382.10064,12.841,FALSE,"[M-H]-1","C1=NC(=C2C(=N1)N(C=N2)[C@@H]3[C@@H]([C@@H]([C@H](O3)CO)O)O)N[C@@H](CC(=O)O)C(=O)O","VKGZCEJTCKHMRL-MDBUBQOGSA-N","Nucleosides, nucleotides, and analogues","Purine nucleosides",NA,"wiki:WP4224;wiki:WP4485;wiki:WP4792",165243,"CHEBI:183825",NA,NA,"4542-23-8",249580.064925587,139046.830147495,55.7123142783671,657839.651535403,209551.989585206,"Amide","Neg",1
"Amide-Pos-000476","N6-Succinyladenosine; LC-tDDA; CE10","C14 H17 N5 O8",383.10771,86.1,"MoNA",134871,-1.06,384.11458,12.848,FALSE,"[M+H]+1","C1=NC(=C2C(=N1)N(C=N2)[C@@H]3[C@@H]([C@@H]([C@H](O3)CO)O)O)N[C@@H](CC(=O)O)C(=O)O","VKGZCEJTCKHMRL-MDBUBQOGSA-N","Nucleosides, nucleotides, and analogues","Purine nucleosides",NA,"wiki:WP4224;wiki:WP4485;wiki:WP4792",165243,"CHEBI:183825",NA,NA,"4542-23-8",400519.73771286,254866.173229345,63.6338610138767,1101505.09673449,343080.487956419,"Amide","Pos",1
"C18-Neg-000160","N6-Succinyladenosine; LC-tDDA; CE10","C14 H17 N5 O8",383.10771,88.2,"MoNA",134264,0.44,382.1006,5.555,FALSE,"[M-H]-1","C1=NC(=C2C(=N1)N(C=N2)[C@@H]3[C@@H]([C@@H]([C@H](O3)CO)O)O)N[C@@H](CC(=O)O)C(=O)O","VKGZCEJTCKHMRL-MDBUBQOGSA-N","Nucleosides, nucleotides, and analogues","Purine nucleosides",NA,"wiki:WP4224;wiki:WP4485;wiki:WP4792",165243,"CHEBI:183825",NA,NA,"4542-23-8",576007.449099172,301679.591680953,52.3742517831591,1324410.61085531,472085.34761164,"C18","Neg",1
"C18-Neg-000161","N6-Succinyladenosine; LC-tDDA; CE10","C14 H17 N5 O8",383.10771,88.2,"MoNA",134264,0.23,382.10052,5.362,FALSE,"[M-H]-1","C1=NC(=C2C(=N1)N(C=N2)[C@@H]3[C@@H]([C@@H]([C@H](O3)CO)O)O)N[C@@H](CC(=O)O)C(=O)O","VKGZCEJTCKHMRL-MDBUBQOGSA-N","Nucleosides, nucleotides, and analogues","Purine nucleosides",NA,"wiki:WP4224;wiki:WP4485;wiki:WP4792",165243,"CHEBI:183825",NA,NA,"4542-23-8",556996.95859249,NA,NA,556996.95859249,556996.95859249,"C18","Neg",1
"C18-Pos-000150","N6-Succinyladenosine; LC-tDDA; CE10","C14 H17 N5 O8",383.10771,84.1,"MoNA",134871,-1,384.11461,5.393,FALSE,"[M+H]+1","C1=NC(=C2C(=N1)N(C=N2)[C@@H]3[C@@H]([C@@H]([C@H](O3)CO)O)O)N[C@@H](CC(=O)O)C(=O)O","VKGZCEJTCKHMRL-MDBUBQOGSA-N","Nucleosides, nucleotides, and analogues","Purine nucleosides",NA,"wiki:WP4224;wiki:WP4485;wiki:WP4792",165243,"CHEBI:183825",NA,NA,"4542-23-8",5666258.03161513,3459678.55842035,61.0575540174296,9526967.57962587,4625041.64223704,"C18","Pos",1
"C18-Pos-000163","N6-Succinyladenosine; LC-tDDA; CE10","C14 H17 N5 O8",383.10771,84.1,"MoNA",134871,-1.13,384.11455,5.466,FALSE,"[M+H]+1","C1=NC(=C2C(=N1)N(C=N2)[C@@H]3[C@@H]([C@@H]([C@H](O3)CO)O)O)N[C@@H](CC(=O)O)C(=O)O","VKGZCEJTCKHMRL-MDBUBQOGSA-N","Nucleosides, nucleotides, and analogues","Purine nucleosides",NA,"wiki:WP4224;wiki:WP4485;wiki:WP4792",165243,"CHEBI:183825",NA,NA,"4542-23-8",2782263.97854648,1258828.16642856,45.2447422723061,6745543.852729,2515810.26696191,"C18","Pos",1
"C18-Pos-000253","N6-Threonylcarbamoyladenosine","C15 H20 N6 O8",412.13426,87,"MoNA",87716,-1.14,413.14107,6.745,FALSE,"[M+H]+1","C[C@H]([C@@H](C(=O)O)NC(=O)NC1=C2C(=NC=N1)N(C=N2)[C@H]3[C@@H]([C@@H]([C@H](O3)CO)O)O)O","UNUYMBPXEFMLNW-DWVDDHQFSA-N","Nucleosides, nucleotides, and analogues","Purine nucleosides",NA,NA,161466,"CHEBI:21440",NA,NA,"24719-82-2",694721.402981894,206961.425657924,29.7905642131652,1159030.01074764,693071.876797086,"C18","Pos",0
"C18-Pos-000254","N6-Threonylcarbamoyladenosine","C15 H20 N6 O8",412.13426,87,"MoNA",87716,-1.25,413.14102,6.622,FALSE,"[M+H]+1","C[C@H]([C@@H](C(=O)O)NC(=O)NC1=C2C(=NC=N1)N(C=N2)[C@H]3[C@@H]([C@@H]([C@H](O3)CO)O)O)O","UNUYMBPXEFMLNW-DWVDDHQFSA-N","Nucleosides, nucleotides, and analogues","Purine nucleosides",NA,NA,161466,"CHEBI:21440",NA,NA,"24719-82-2",783774.256000036,37705.363033329,4.81074272913184,810435.973888004,783774.256000036,"C18","Pos",0
"Amide-Pos-000070","N8-Acetylspermidine","C9 H21 N3 O",187.16846,91.6,"mzCloud",503,-1.13,188.17553,16.747,FALSE,"[M+H]+1","CC(=O)NCCCCNCCCN","FONIWJIDLJEJTL-UHFFFAOYSA-N","Organic acids and derivatives","Carboximidic acids and derivatives","Carboximidic acids",NA,123689,"CHEBI:27911","HMDB0002189","C01029","13431-24-8",64510616.2333089,22767049.3320269,35.2919421040526,130880469.054937,61534684.5493041,"Amide","Pos",1
"Amide-Pos-000357","N8-Acetylspermidine","C9 H21 N3 O",187.16846,91.6,"mzCloud",503,-1.13,188.17553,15.088,FALSE,"[M+H]+1","CC(=O)NCCCCNCCCN","FONIWJIDLJEJTL-UHFFFAOYSA-N","Organic acids and derivatives","Carboximidic acids and derivatives","Carboximidic acids",NA,123689,"CHEBI:27911","HMDB0002189","C01029","13431-24-8",1877385.22771231,739946.34018531,39.41366584028,3367302.80612035,1704093.5624006,"Amide","Pos",1
"C18-Pos-000164","N8-Acetylspermidine","C9 H21 N3 O",187.16846,86.9,"mzCloud",503,-1.07,188.17554,0.903,FALSE,"[M+H]+1","CC(=O)NCCCCNCCCN","FONIWJIDLJEJTL-UHFFFAOYSA-N","Organic acids and derivatives","Carboximidic acids and derivatives","Carboximidic acids",NA,123689,"CHEBI:27911","HMDB0002189","C01029","13431-24-8",3537784.58081099,1307063.29268768,36.945813483874,6511821.71037429,3732845.59763531,"C18","Pos",1
"C8-Pos-000532","NCGC00381029-01!1-(3-ethyl-2,4-dihydroxy-6-methoxyphenyl)butan-1-one","C13 H18 O4",238.12051,70.4,"GNPS",14041,-0.04,239.12773,3.959,FALSE,"[M+H]+1","CCCC(=O)C1=C(C=C(C(=C1O)CC)O)OC","GRQAKVFPDMDUIF-UHFFFAOYSA-N","Organic oxygen compounds","Organooxygen compounds","Carbonyl compounds",NA,26470515,"CHEBI:182859",NA,NA,"159686-24-5",122914.658390209,16517.6770088045,13.4383296712805,159296.765410899,124449.177821526,"C8","Pos",0
"C8-Pos-000398","NP-022805","C21 H34 O4",350.24571,77.3,"NIST23",20228,-0.08,351.25296,4.286,FALSE,"[M+H]+1","CC12CCCC(C1CCC34C2CCC(C3)C(C4)(CO)O)(C)C(=O)OC","CZYWWRRSTIZTFL-UHFFFAOYSA-N","Lipids and lipid-like molecules","Prenol lipids","Diterpenoids",NA,4349449,NA,NA,NA,NA,2047758.87255632,130442.571858409,6.37001619705213,2275545.60703115,2067960.34949631,"C8","Pos",0
"C8-Pos-000515","NP-022805","C21 H34 O4",350.24571,77.3,"NIST23",20228,-0.11,368.27949,4.611,FALSE,"[M+NH4]+1","CC12CCCC(C1CCC34C2CCC(C3)C(C4)(CO)O)(C)C(=O)OC","CZYWWRRSTIZTFL-UHFFFAOYSA-N","Lipids and lipid-like molecules","Prenol lipids","Diterpenoids",NA,4349449,NA,NA,NA,NA,838178.051339154,101947.910219866,12.1630374425796,965705.427330915,872357.305290079,"C8","Pos",0
"Amide-Pos-000098","Nicotinamide","C6 H6 N2 O",122.04801,85.2,"mzCloud",517,-1.09,123.05516,1.494,FALSE,"[M+H]+1","C1=CC(=CN=C1)C(=O)N","DFPAKSUCGFBDDF-UHFFFAOYSA-N","Organoheterocyclic compounds","Pyridines and derivatives","Pyridinecarboxylic acids and derivatives","kegg:map00760;reactome:R-HSA-110362;reactome:R-HSA-110373;reactome:R-HSA-1592230;reactome:R-HSA-170834;reactome:R-HSA-196807;reactome:R-HSA-197264;reactome:R-HSA-2151201;reactome:R-HSA-2173793;reactome:R-HSA-2173795;reactome:R-HSA-2408508;reactome:R-HSA-2995383;reactome:R-HSA-2995410;reactome:R-HSA-3371453;reactome:R-HSA-3371556;reactome:R-HSA-427359;reactome:R-HSA-4641257;reactome:R-HSA-5250941;reactome:R-HSA-5336415;reactome:R-HSA-5339562;reactome:R-HSA-5685939;reactome:R-HSA-5693538;reactome:R-HSA-5693567;reactome:R-HSA-5693607;reactome:R-HSA-5696394;reactome:R-HSA-5696398;reactome:R-HSA-5696399;reactome:R-HSA-73884;reactome:R-HSA-73933;reactome:R-HSA-8948751;reactome:R-HSA-9006936;reactome:R-HSA-9614085;reactome:R-HSA-9617629;reactome:R-HSA-9635486;reactome:R-HSA-9637679;reactome:R-HSA-9637698;reactome:R-HSA-9683610;reactome:R-HSA-9683701;reactome:R-HSA-9694631;reactome:R-HSA-9694635;reactome:R-HSA-9772573;wiki:WP1980;wiki:WP2755;wiki:WP2848;wiki:WP3331;wiki:WP3345;wiki:WP3360;wiki:WP3364;wiki:WP3395;wiki:WP3567;wiki:WP3570;wiki:WP3644;wiki:WP3645;wiki:WP4097;wiki:WP4210;wiki:WP5008;wiki:WP5020;wiki:WP5021;wiki:WP5046;wiki:WP5346",936,"CHEBI:17154","HMDB0001406","C00153","98-92-0",25608917.2923301,9095984.43705264,35.5188168762484,45576609.0357971,24263841.0080348,"Amide","Pos",1
"Amide-Pos-000173","Nicotinamide","C6 H6 N2 O",122.04801,85.2,"mzCloud",517,-1.58,123.0551,13.388,FALSE,"[M+H]+1","C1=CC(=CN=C1)C(=O)N","DFPAKSUCGFBDDF-UHFFFAOYSA-N","Organoheterocyclic compounds","Pyridines and derivatives","Pyridinecarboxylic acids and derivatives","kegg:map00760;reactome:R-HSA-110362;reactome:R-HSA-110373;reactome:R-HSA-1592230;reactome:R-HSA-170834;reactome:R-HSA-196807;reactome:R-HSA-197264;reactome:R-HSA-2151201;reactome:R-HSA-2173793;reactome:R-HSA-2173795;reactome:R-HSA-2408508;reactome:R-HSA-2995383;reactome:R-HSA-2995410;reactome:R-HSA-3371453;reactome:R-HSA-3371556;reactome:R-HSA-427359;reactome:R-HSA-4641257;reactome:R-HSA-5250941;reactome:R-HSA-5336415;reactome:R-HSA-5339562;reactome:R-HSA-5685939;reactome:R-HSA-5693538;reactome:R-HSA-5693567;reactome:R-HSA-5693607;reactome:R-HSA-5696394;reactome:R-HSA-5696398;reactome:R-HSA-5696399;reactome:R-HSA-73884;reactome:R-HSA-73933;reactome:R-HSA-8948751;reactome:R-HSA-9006936;reactome:R-HSA-9614085;reactome:R-HSA-9617629;reactome:R-HSA-9635486;reactome:R-HSA-9637679;reactome:R-HSA-9637698;reactome:R-HSA-9683610;reactome:R-HSA-9683701;reactome:R-HSA-9694631;reactome:R-HSA-9694635;reactome:R-HSA-9772573;wiki:WP1980;wiki:WP2755;wiki:WP2848;wiki:WP3331;wiki:WP3345;wiki:WP3360;wiki:WP3364;wiki:WP3395;wiki:WP3567;wiki:WP3570;wiki:WP3644;wiki:WP3645;wiki:WP4097;wiki:WP4210;wiki:WP5008;wiki:WP5020;wiki:WP5021;wiki:WP5046;wiki:WP5346",936,"CHEBI:17154","HMDB0001406","C00153","98-92-0",8855367.47941677,2853914.53313918,32.2280756814752,16385095.2316656,8887996.58078443,"Amide","Pos",1
"C18-Pos-000035","Nicotinamide","C6 H6 N2 O",122.04801,78.6,"mzCloud",517,-1.28,123.05513,1.809,FALSE,"[M+H]+1","C1=CC(=CN=C1)C(=O)N","DFPAKSUCGFBDDF-UHFFFAOYSA-N","Organoheterocyclic compounds","Pyridines and derivatives","Pyridinecarboxylic acids and derivatives","kegg:map00760;reactome:R-HSA-110362;reactome:R-HSA-110373;reactome:R-HSA-1592230;reactome:R-HSA-170834;reactome:R-HSA-196807;reactome:R-HSA-197264;reactome:R-HSA-2151201;reactome:R-HSA-2173793;reactome:R-HSA-2173795;reactome:R-HSA-2408508;reactome:R-HSA-2995383;reactome:R-HSA-2995410;reactome:R-HSA-3371453;reactome:R-HSA-3371556;reactome:R-HSA-427359;reactome:R-HSA-4641257;reactome:R-HSA-5250941;reactome:R-HSA-5336415;reactome:R-HSA-5339562;reactome:R-HSA-5685939;reactome:R-HSA-5693538;reactome:R-HSA-5693567;reactome:R-HSA-5693607;reactome:R-HSA-5696394;reactome:R-HSA-5696398;reactome:R-HSA-5696399;reactome:R-HSA-73884;reactome:R-HSA-73933;reactome:R-HSA-8948751;reactome:R-HSA-9006936;reactome:R-HSA-9614085;reactome:R-HSA-9617629;reactome:R-HSA-9635486;reactome:R-HSA-9637679;reactome:R-HSA-9637698;reactome:R-HSA-9683610;reactome:R-HSA-9683701;reactome:R-HSA-9694631;reactome:R-HSA-9694635;reactome:R-HSA-9772573;wiki:WP1980;wiki:WP2755;wiki:WP2848;wiki:WP3331;wiki:WP3345;wiki:WP3360;wiki:WP3364;wiki:WP3395;wiki:WP3567;wiki:WP3570;wiki:WP3644;wiki:WP3645;wiki:WP4097;wiki:WP4210;wiki:WP5008;wiki:WP5020;wiki:WP5021;wiki:WP5046;wiki:WP5346",936,"CHEBI:17154","HMDB0001406","C00153","98-92-0",42751252.7120845,17030864.3947248,39.8371119307826,99468043.5425938,41331088.4550847,"C18","Pos",1
"C18-Pos-000077","Nicotinamide","C6 H6 N2 O",122.04801,78.6,"mzCloud",517,-1.81,123.05507,2.205,FALSE,"[M+H]+1","C1=CC(=CN=C1)C(=O)N","DFPAKSUCGFBDDF-UHFFFAOYSA-N","Organoheterocyclic compounds","Pyridines and derivatives","Pyridinecarboxylic acids and derivatives","kegg:map00760;reactome:R-HSA-110362;reactome:R-HSA-110373;reactome:R-HSA-1592230;reactome:R-HSA-170834;reactome:R-HSA-196807;reactome:R-HSA-197264;reactome:R-HSA-2151201;reactome:R-HSA-2173793;reactome:R-HSA-2173795;reactome:R-HSA-2408508;reactome:R-HSA-2995383;reactome:R-HSA-2995410;reactome:R-HSA-3371453;reactome:R-HSA-3371556;reactome:R-HSA-427359;reactome:R-HSA-4641257;reactome:R-HSA-5250941;reactome:R-HSA-5336415;reactome:R-HSA-5339562;reactome:R-HSA-5685939;reactome:R-HSA-5693538;reactome:R-HSA-5693567;reactome:R-HSA-5693607;reactome:R-HSA-5696394;reactome:R-HSA-5696398;reactome:R-HSA-5696399;reactome:R-HSA-73884;reactome:R-HSA-73933;reactome:R-HSA-8948751;reactome:R-HSA-9006936;reactome:R-HSA-9614085;reactome:R-HSA-9617629;reactome:R-HSA-9635486;reactome:R-HSA-9637679;reactome:R-HSA-9637698;reactome:R-HSA-9683610;reactome:R-HSA-9683701;reactome:R-HSA-9694631;reactome:R-HSA-9694635;reactome:R-HSA-9772573;wiki:WP1980;wiki:WP2755;wiki:WP2848;wiki:WP3331;wiki:WP3345;wiki:WP3360;wiki:WP3364;wiki:WP3395;wiki:WP3567;wiki:WP3570;wiki:WP3644;wiki:WP3645;wiki:WP4097;wiki:WP4210;wiki:WP5008;wiki:WP5020;wiki:WP5021;wiki:WP5046;wiki:WP5346",936,"CHEBI:17154","HMDB0001406","C00153","98-92-0",26901897.3384256,NA,NA,26901897.3384256,26901897.3384256,"C18","Pos",1
"Amide-Pos-000291","Nicotinamide adenine dinucleotide (NAD+)","C21 H27 N7 O14 P2",663.10912,98.7,"mzCloud",873,-1.99,664.1151,13.377,FALSE,"[M+H]+1","C1=CC(=C[N+](=C1)C2C(C(C(O2)COP(=O)(O)OP(=O)(O)OCC3C(C(C(O3)N4C=NC5=C4N=CN=C5N)O)O)O)O)C(=O)N","BAWFJGJZGIEFAR-NNYOXOHSSA-O","Nucleosides, nucleotides, and analogues","(5'->5')-dinucleotides",NA,"wiki:WP111;wiki:WP1533;wiki:WP1941;wiki:WP1946;wiki:WP2485;wiki:WP2533;wiki:WP2766;wiki:WP3574;wiki:WP3580;wiki:WP3630;wiki:WP3644;wiki:WP3645;wiki:WP4191;wiki:WP43;wiki:WP4519;wiki:WP4629;wiki:WP4688;wiki:WP5044;wiki:WP5046;wiki:WP5050;wiki:WP5175;wiki:WP5219;wiki:WP5283;wiki:WP5345;wiki:WP5346;wiki:WP5405;wiki:WP5414;wiki:WP623;wiki:WP698;wiki:WP78",5893,"CHEBI:15846",NA,"C00003","53-84-9",3472580.91089346,1099073.86479888,31.6500577812626,5856968.03878523,3449927.14313476,"Amide","Pos",1
"C8-Pos-000282","Nicotinamide adenine dinucleotide (NAD+)","C21 H27 N7 O14 P2",663.10912,73.5,"mzCloud",873,-1.16,664.1156,1.039,FALSE,"[M+H]+1","C1=CC(=C[N+](=C1)C2C(C(C(O2)COP(=O)(O)OP(=O)(O)OCC3C(C(C(O3)N4C=NC5=C4N=CN=C5N)O)O)O)O)C(=O)N","BAWFJGJZGIEFAR-NNYOXOHSSA-O","Nucleosides, nucleotides, and analogues","(5'->5')-dinucleotides",NA,"wiki:WP111;wiki:WP1533;wiki:WP1941;wiki:WP1946;wiki:WP2485;wiki:WP2533;wiki:WP2766;wiki:WP3574;wiki:WP3580;wiki:WP3630;wiki:WP3644;wiki:WP3645;wiki:WP4191;wiki:WP43;wiki:WP4519;wiki:WP4629;wiki:WP4688;wiki:WP5044;wiki:WP5046;wiki:WP5050;wiki:WP5175;wiki:WP5219;wiki:WP5283;wiki:WP5345;wiki:WP5346;wiki:WP5405;wiki:WP5414;wiki:WP623;wiki:WP698;wiki:WP78",5893,"CHEBI:15846",NA,"C00003","53-84-9",1502735.95579144,1215059.16472948,80.8564645070696,5285443.02847771,1106692.68803125,"C8","Pos",1
"Amide-Neg-000043","Nitrilotriacetic acid","C6 H9 N O6",191.04299,68.8,"mzCloud",2819,0.02,190.03571,3.197,FALSE,"[M-H]-1","C(C(=O)O)N(CC(=O)O)CC(=O)O","MGFYIUFZLHCRTH-UHFFFAOYSA-N","Organic acids and derivatives","Carboxylic acids and derivatives","Amino acids, peptides, and analogues",NA,8758,"CHEBI:44557","HMDB0255635","C14695","139-13-9",26639338.7469404,10872076.4965251,40.8121109904569,44013624.2138397,31661434.9935466,"Amide","Neg",0
"Amide-Neg-000044","Nitrilotriacetic acid","C6 H9 N O6",191.04299,68.8,"mzCloud",2819,0.05,190.0357,3.307,FALSE,"[M-H]-1","C(C(=O)O)N(CC(=O)O)CC(=O)O","MGFYIUFZLHCRTH-UHFFFAOYSA-N","Organic acids and derivatives","Carboxylic acids and derivatives","Amino acids, peptides, and analogues",NA,8758,"CHEBI:44557","HMDB0255635","C14695","139-13-9",21967447.058747,11302841.387554,51.4526852270413,35687878.8185088,23759737.9099218,"Amide","Neg",0
"C8-Pos-000451","Nootkatone","C15 H22 O",218.16707,70.3,"mzCloud",842,0.98,219.17456,7.104,FALSE,"[M+H]+1","C=C(C)[C@@H]1CCC2=CC(=O)C[C@@H](C)[C@]2(C)C1","WTOYNNBCKUYIKC-JMSVASOKSA-N","Lipids and lipid-like molecules","Prenol lipids","Sesquiterpenoids",NA,1268142,"CHEBI:81377",NA,"C17914","4674-50-4",1011463.99833956,156530.969008674,15.475683688756,1513790.91076642,996616.466117273,"C8","Pos",0
"C8-Pos-000459","Nootkatone","C15 H22 O",218.16707,70.3,"mzCloud",842,0.06,219.17437,4.063,FALSE,"[M+H]+1","C=C(C)[C@@H]1CCC2=CC(=O)C[C@@H](C)[C@]2(C)C1","WTOYNNBCKUYIKC-JMSVASOKSA-N","Lipids and lipid-like molecules","Prenol lipids","Sesquiterpenoids",NA,1268142,"CHEBI:81377",NA,"C17914","4674-50-4",605914.847186046,281640.336415381,46.4818344893442,1436146.30480682,495510.98300039,"C8","Pos",0
"C8-Pos-000347","Norethandrolone","C20 H30 O2",302.22458,73,"mzCloud",848,-0.34,303.23175,4.938,FALSE,"[M+H]+1","CC[C@]1(O)CC[C@H]2[C@@H]3CCC4=CC(=O)CC[C@@H]4[C@H]3CC[C@@]21C","ZDHCJEIGTNNEMY-XGXHKTLJSA-N","Lipids and lipid-like molecules","Steroids and steroid derivatives","Pregnane steroids",NA,5858,"CHEBI:135282",NA,NA,"52-78-8",1309123.11202471,795896.153511993,60.7961272856185,3375641.90873994,1073682.13148509,"C8","Pos",0
"C8-Pos-000721","Norethandrolone","C20 H30 O2",302.22458,73,"mzCloud",848,1.05,303.23223,3.959,FALSE,"[M+H]+1","CC[C@]1(O)CC[C@H]2[C@@H]3CCC4=CC(=O)CC[C@@H]4[C@H]3CC[C@@]21C","ZDHCJEIGTNNEMY-XGXHKTLJSA-N","Lipids and lipid-like molecules","Steroids and steroid derivatives","Pregnane steroids",NA,5858,"CHEBI:135282",NA,NA,"52-78-8",28043.4569909784,6290.14373459358,22.4299869185782,41867.5536505109,29040.9168865212,"C8","Pos",0
"Amide-Pos-000405","OPHTHALMATE","C11 H19 N3 O6",289.12739,91.2,"MoNA",136042,-0.66,290.13448,12.781,FALSE,"[M+H]+1","CC[C@@H](C(=O)NCC(=O)O)NC(=O)CC[C@@H](C(=O)O)N","JCMUOFQHZLPHQP-BQBZGAKWSA-N","Organic acids and derivatives","Carboxylic acids and derivatives","Amino acids, peptides, and analogues","wiki:WP2525;wiki:WP4487",7018721,"CHEBI:84058","HMDB0005765","C21016","495-27-2",858231.287243901,444809.652924178,51.8286456734323,2375852.95871341,703894.506438755,"Amide","Pos",1
"C18-Neg-000125","OPHTHALMATE","C11 H19 N3 O6",289.12739,73.2,"MoNA",139396,0.09,288.12013,2.134,FALSE,"[M-H]-1","CC[C@@H](C(=O)NCC(=O)O)NC(=O)CC[C@@H](C(=O)O)N","JCMUOFQHZLPHQP-BQBZGAKWSA-N","Organic acids and derivatives","Carboxylic acids and derivatives","Amino acids, peptides, and analogues","wiki:WP2525;wiki:WP4487",7018721,"CHEBI:84058","HMDB0005765","C21016","495-27-2",1036336.39166355,604050.883677493,58.287143878819,2893657.8033149,902396.92985497,"C18","Neg",1
"C18-Neg-000129","OPHTHALMATE","C11 H19 N3 O6",289.12739,73.2,"MoNA",139396,0.01,288.12011,1.943,FALSE,"[M-H]-1","CC[C@@H](C(=O)NCC(=O)O)NC(=O)CC[C@@H](C(=O)O)N","JCMUOFQHZLPHQP-BQBZGAKWSA-N","Organic acids and derivatives","Carboxylic acids and derivatives","Amino acids, peptides, and analogues","wiki:WP2525;wiki:WP4487",7018721,"CHEBI:84058","HMDB0005765","C21016","495-27-2",893677.074975613,332270.060945741,37.1801034456219,1654615.68004155,788839.211570518,"C18","Neg",1
"C18-Pos-000110","OPHTHALMATE","C11 H19 N3 O6",289.12739,93.1,"MoNA",136042,-0.83,290.13442,1.984,FALSE,"[M+H]+1","CC[C@@H](C(=O)NCC(=O)O)NC(=O)CC[C@@H](C(=O)O)N","JCMUOFQHZLPHQP-BQBZGAKWSA-N","Organic acids and derivatives","Carboxylic acids and derivatives","Amino acids, peptides, and analogues","wiki:WP2525;wiki:WP4487",7018721,"CHEBI:84058","HMDB0005765","C21016","495-27-2",8561757.5627826,3900395.25251527,45.5560114137083,20215118.173529,7540449.08734874,"C18","Pos",1
"Amide-Neg-000286","OXOADIPATE","C6 H8 O5",160.03717,76.7,"GNPS",37011,-0.14,141.0193,5.557,FALSE,"[M-H-H2O]-1","C(CC(=O)C(=O)O)CC(=O)O","FGSBNBBHOZHUBO-UHFFFAOYSA-N","Organic compounds","Organic acids and derivatives","Keto acids and derivatives","kegg:map00310;reactome:R-HSA-71064;wiki:WP4519;wiki:WP465;wiki:WP5004",71,"CHEBI:15753","HMDB0000225","C00322","3184-35-8",2226211.67182642,882687.455296531,39.6497541750987,4394073.97400465,2135713.2330045,"Amide","Neg",0
"Amide-Neg-000290","OXOADIPATE","C6 H8 O5",160.03717,76.7,"GNPS",37011,0.5,159.02997,6.53,FALSE,"[M-H]-1","C(CC(=O)C(=O)O)CC(=O)O","FGSBNBBHOZHUBO-UHFFFAOYSA-N","Organic compounds","Organic acids and derivatives","Keto acids and derivatives","kegg:map00310;reactome:R-HSA-71064;wiki:WP4519;wiki:WP465;wiki:WP5004",71,"CHEBI:15753","HMDB0000225","C00322","3184-35-8",3266073.35713054,539230.990824695,16.5100697952003,3775140.35453946,3229619.62272547,"Amide","Neg",0
"Amide-Pos-000181","Octaethylene glycol","C16 H34 O9",370.22028,92.5,"NIST23",8001,-1.44,388.25359,1.413,FALSE,"[M+NH4]+1","OCCOCCOCCOCCOCCOCCOCCOCCO","GLZWNFNQMJAZGY-UHFFFAOYSA-N","Organic oxygen compounds","Organooxygen compounds","Ethers",NA,78798,"CHEBI:44794","HMDB0094680",NA,"5117-19-1",7391181.46329718,7386583.01915843,99.9377847214064,12614284.4059415,7391181.46329718,"Amide","Pos",1
"C18-Pos-000210","Octinoxate","C18 H26 O3",290.18819,71.7,"GNPS",7989,-1.17,291.19513,15.677,FALSE,"[M+H]+1","CCCCC(CC)COC(=O)C=CC1=CC=C(C=C1)OC","YBGZDTIWKVFICR-UHFFFAOYSA-N","Phenylpropanoids and polyketides","Cinnamic acids and derivatives","Cinnamic acid esters",NA,21630,"CHEBI:134750","HMDB0255909",NA,"5466-77-3",1365733.54969796,379317.861478612,27.7739286380202,2772492.59637758,1294992.25332683,"C18","Pos",1
"C8-Pos-000078","Octinoxate","C18 H26 O3",290.18819,76.9,"GNPS",7989,0.05,291.19549,4.232,FALSE,"[M+H]+1","CCCCC(CC)COC(=O)C=CC1=CC=C(C=C1)OC","YBGZDTIWKVFICR-UHFFFAOYSA-N","Phenylpropanoids and polyketides","Cinnamic acids and derivatives","Cinnamic acid esters",NA,21630,"CHEBI:134750","HMDB0255909",NA,"5466-77-3",29433018.5902796,10060352.3150255,34.1804979471184,45289617.9627559,28282807.783424,"C8","Pos",1
"C18-Pos-000298","Oleamide","C18 H35 N O",281.27186,71.9,"mzCloud",530,-1,282.27886,17.022,FALSE,"[M+H]+1","CCCCCCCC/C=C/CCCCCCCC(=O)N","FATBGEAMYMYZAF-KTKRTIGZSA-N","Lipids and lipid-like molecules","Fatty Acyls","Fatty amides",NA,5283387,"CHEBI:116314","HMDB0002117","C19670","301-02-0",272585.552288607,48272.96902079,17.7092911254811,365693.32795726,255816.25631634,"C18","Pos",0
"C18-Pos-000305","Oleamide","C18 H35 N O",281.27186,71.9,"mzCloud",530,-0.93,282.27888,16.946,FALSE,"[M+H]+1","CCCCCCCC/C=C/CCCCCCCC(=O)N","FATBGEAMYMYZAF-KTKRTIGZSA-N","Lipids and lipid-like molecules","Fatty Acyls","Fatty amides",NA,5283387,"CHEBI:116314","HMDB0002117","C19670","301-02-0",253994.778506316,18255.2023414816,7.18723528445592,288273.107004186,255119.560895005,"C18","Pos",0
"Amide-Pos-000508","Oleoyl-L-carnitine","C25 H47 N O4",425.35051,75.6,"NIST23",3266,0.07,426.35733,6.78,FALSE,"[M+H]+1","CCCCCCCC/C=C\CCCCCCCC(=O)O[C@H](CC(=O)[O-])C[N+](C)(C)C","IPOLTUVFXFHAHI-WHIOSMTNSA-N","Lipids and lipid-like molecules","Fatty Acyls","Fatty acid esters",NA,46907933,"CHEBI:84651",NA,NA,"38677-66-6",165810.955058517,116233.3340158,70.0999122613942,556088.900321292,134603.595500652,"Amide","Pos",1
"Amide-Neg-000595","Ornithine","C5 H12 N2 O2",132.08988,94.9,"mzCloud",531,-0.69,131.08251,12.711,FALSE,"[M-H]-1","C(CC(C(=O)O)N)CN","AHLPHDHHMVZTML-UHFFFAOYSA-N","Organic acids and derivatives","Carboxylic acids and derivatives","Amino acids, peptides, and analogues","kegg:map01040;reactome:R-HSA-112310;reactome:R-HSA-211935;reactome:R-HSA-2980736;reactome:R-HSA-381771;reactome:R-HSA-400451;reactome:R-HSA-400508;reactome:R-HSA-400511;reactome:R-HSA-422356;reactome:R-HSA-425397;reactome:R-HSA-434316;reactome:R-HSA-444209;reactome:R-HSA-5619108;reactome:R-HSA-804914;wiki:WP1831;wiki:WP1871;wiki:WP1937;wiki:WP206;wiki:WP2728;wiki:WP4724",389,"CHEBI:18257",NA,"C01602","616-07-9",132897.750180126,56645.2667829528,42.623194678749,259383.596050649,137755.590922638,"Amide","Neg",0
"Amide-Neg-000607","Ornithine","C5 H12 N2 O2",132.08988,94.9,"mzCloud",531,0.25,131.08263,12.764,FALSE,"[M-H]-1","C(CC(C(=O)O)N)CN","AHLPHDHHMVZTML-UHFFFAOYSA-N","Organic acids and derivatives","Carboxylic acids and derivatives","Amino acids, peptides, and analogues","kegg:map01040;reactome:R-HSA-112310;reactome:R-HSA-211935;reactome:R-HSA-2980736;reactome:R-HSA-381771;reactome:R-HSA-400451;reactome:R-HSA-400508;reactome:R-HSA-400511;reactome:R-HSA-422356;reactome:R-HSA-425397;reactome:R-HSA-434316;reactome:R-HSA-444209;reactome:R-HSA-5619108;reactome:R-HSA-804914;wiki:WP1831;wiki:WP1871;wiki:WP1937;wiki:WP206;wiki:WP2728;wiki:WP4724",389,"CHEBI:18257",NA,"C01602","616-07-9",113354.830588081,52847.2191900333,46.6210561260279,182451.110952444,131830.063298886,"Amide","Neg",0
"C8-Pos-000041","PC 15:1_15:1","C38 H72 N O8 P",701.49955,77.9,"LipidBlast",226863,-0.72,702.50631,7.541,FALSE,"[M+H]+1","CCCCC\C=C/CCCCCCCC(=O)OCC(COP([O-])(=O)OCC[N+](C)(C)C)OC(=O)CCCCCCC\C=C/CCCCC","BQTXNAKXHQSYOW-RYOQUFEFNA-N","Lipids and lipid-like molecules","Glycerophospholipids","Glycerophosphocholines",NA,NA,NA,NA,NA,NA,99987612.7271298,19006271.9185372,19.0086265689792,139203377.894436,103196542.080077,"C8","Pos",0
"C8-Pos-000258","PC 15:1_15:1","C38 H72 N O8 P",701.49955,77.9,"LipidBlast",226863,-0.95,702.50617,7.353,FALSE,"[M+H]+1","CCCCC\C=C/CCCCCCCC(=O)OCC(COP([O-])(=O)OCC[N+](C)(C)C)OC(=O)CCCCCCC\C=C/CCCCC","BQTXNAKXHQSYOW-RYOQUFEFNA-N","Lipids and lipid-like molecules","Glycerophospholipids","Glycerophosphocholines",NA,NA,NA,NA,NA,NA,3845732.18944824,2542297.60600412,66.1069851140329,6168927.59810673,5412617.84489927,"C8","Pos",0
"C8-Pos-000044","PC 16:1_18:2","C42 H78 N O8 P",755.5465,70.9,"LipidBlast",227183,-0.86,756.55313,8.092,FALSE,"[M+H]+1","CCCCCC\C=C/CCCCCCCC(=O)OCC(COP([O-])(=O)OCC[N+](C)(C)C)OC(=O)CCCCCCC\C=C/C\C=C/CCCCC","QJWDAOSZZYVBJZ-BOAYSYCPNA-N","Lipids and lipid-like molecules","Glycerophospholipids","Glycerophosphocholines",NA,NA,NA,NA,NA,NA,104605941.565855,21020847.1913287,20.0952707625073,134823243.973522,104585404.024897,"C8","Pos",0
"C8-Pos-000054","PC 16:1_18:2","C42 H78 N O8 P",755.5465,70.9,"LipidBlast",227183,-1.54,756.55261,8.176,FALSE,"[M+H]+1","CCCCCC\C=C/CCCCCCCC(=O)OCC(COP([O-])(=O)OCC[N+](C)(C)C)OC(=O)CCCCCCC\C=C/C\C=C/CCCCC","QJWDAOSZZYVBJZ-BOAYSYCPNA-N","Lipids and lipid-like molecules","Glycerophospholipids","Glycerophosphocholines",NA,NA,NA,NA,NA,NA,65865214.6687197,13045300.1565057,19.8060542611441,93442959.6676934,68307958.5534556,"C8","Pos",0
"C8-Pos-000354","PC 18:1_22:2","C48 H90 N O8 P",839.64041,59,"LipidBlast",228397,-0.46,840.64726,9.276,FALSE,"[M+H]+1","CCCCCCCC\C=C/CCCCCCCC(=O)OCC(COP([O-])(=O)OCC[N+](C)(C)C)OC(=O)CCCCCCCCCCC\C=C/C\C=C/CCCCC","DUAKPLFDAPDPHQ-AVYKBPSGNA-N","Lipids and lipid-like molecules","Glycerophospholipids","Glycerophosphocholines",NA,NA,NA,NA,NA,NA,1589372.36555343,631596.116432458,39.7387125963105,3149363.87497666,1557350.94485479,"C8","Pos",0
"C8-Pos-000419","PC 18:1_22:2","C48 H90 N O8 P",839.64041,59,"LipidBlast",228397,-0.93,840.6469,9.197,FALSE,"[M+H]+1","CCCCCCCC\C=C/CCCCCCCC(=O)OCC(COP([O-])(=O)OCC[N+](C)(C)C)OC(=O)CCCCCCCCCCC\C=C/C\C=C/CCCCC","DUAKPLFDAPDPHQ-AVYKBPSGNA-N","Lipids and lipid-like molecules","Glycerophospholipids","Glycerophosphocholines",NA,NA,NA,NA,NA,NA,563841.175830717,209830.661949544,37.2144977954824,1059454.61542199,531851.227168777,"C8","Pos",0
"C8-Pos-000346","PC 19:2_20:5","C47 H80 N O8 P",817.56215,69.7,"LipidBlast",229385,-1.18,818.56846,8.783,FALSE,"[M+H]+1","CCCCCC\C=C/C\C=C/CCCCCCCC(=O)OCC(COP([O-])(=O)OCC[N+](C)(C)C)OC(=O)CCC\C=C/C\C=C/C\C=C/C\C=C/C\C=C/CC","BUUSHDUVBYKLEA-NDXBRMGJNA-N","Lipids and lipid-like molecules","Glycerophospholipids","Glycerophosphocholines",NA,NA,NA,NA,NA,NA,2330549.56336492,529499.735284342,22.7199517061475,3381567.86481914,2329997.55456609,"C8","Pos",0
"C8-Pos-000622","PC 19:2_20:5","C47 H80 N O8 P",817.56215,69.7,"LipidBlast",229385,1.38,818.57056,8.639,FALSE,"[M+H]+1","CCCCCC\C=C/C\C=C/CCCCCCCC(=O)OCC(COP([O-])(=O)OCC[N+](C)(C)C)OC(=O)CCC\C=C/C\C=C/C\C=C/C\C=C/C\C=C/CC","BUUSHDUVBYKLEA-NDXBRMGJNA-N","Lipids and lipid-like molecules","Glycerophospholipids","Glycerophosphocholines",NA,NA,NA,NA,NA,NA,160346.31602842,125022.268090627,77.9701530956702,435082.227787687,107674.22112164,"C8","Pos",0
"C8-Pos-000147","PC O-34:2","C42 H82 N O7 P",743.58289,84.9,"LipidBlast",125571,-0.74,744.58983,8.641,FALSE,"[M+H]+1","CCCCCCCCOCC(COP([O-])(=O)OCC[N+](C)(C)C)OC(=O)CCCCCCCCCCCCC\C=C/C\C=C/CCCCCCC","WBAZRZTVRJLENP-LTXDKZCQNA-N","Lipids and lipid-like molecules","Glycerophospholipids","Glycerophosphocholines",NA,NA,NA,NA,NA,NA,10084716.2848206,2202556.58516067,21.8405409032274,17713481.9971495,9362345.47422848,"C8","Pos",0
"C8-Pos-000245","PC O-34:2","C42 H82 N O7 P",743.58289,84.9,"LipidBlast",125571,0.11,744.59023,8.861,FALSE,"[M+H]+1","CCCCCCCCOCC(COP([O-])(=O)OCC[N+](C)(C)C)OC(=O)CCCCCCCCCCCCC\C=C/C\C=C/CCCCCCC","WBAZRZTVRJLENP-LTXDKZCQNA-N","Lipids and lipid-like molecules","Glycerophospholipids","Glycerophosphocholines",NA,NA,NA,NA,NA,NA,3873921.89465255,594508.563920105,15.3464261822302,4693401.79366472,3963621.29785385,"C8","Pos",0
"C8-Pos-000116","PE 16:0_24:5","C45 H80 N O8 P",793.56215,86.5,"LipidBlast",256106,-1.08,794.56854,8.963,FALSE,"[M+H]+1","CCCCCCCCCCCCCCCC(=O)OCC(COP(O)(=O)OCCN)OC(=O)CCCCCCC\C=C/C\C=C/C\C=C/C\C=C/C\C=C/CC","BWVVERUKPVVMGK-OKHYJSPFNA-N","Lipids and lipid-like molecules","Glycerophospholipids","Glycerophosphoethanolamines",NA,NA,NA,NA,NA,NA,14000663.2457316,3984650.10402406,28.4604381527343,25366808.6690035,13211815.7689228,"C8","Pos",0
"C8-Pos-000173","PE 16:0_24:5","C45 H80 N O8 P",793.56215,86.5,"LipidBlast",256106,-2.12,794.56775,8.779,FALSE,"[M+H]+1","CCCCCCCCCCCCCCCC(=O)OCC(COP(O)(=O)OCCN)OC(=O)CCCCCCC\C=C/C\C=C/C\C=C/C\C=C/C\C=C/CC","BWVVERUKPVVMGK-OKHYJSPFNA-N","Lipids and lipid-like molecules","Glycerophospholipids","Glycerophosphoethanolamines",NA,NA,NA,NA,NA,NA,9388619.67803282,1969622.13924288,20.9788255013816,13122862.8296367,9740095.32581108,"C8","Pos",0
"C8-Neg-000127","PE 18:1_18:1","C41 H78 N O8 P",743.5465,86.9,"LipidBlast",725918,0.07,742.53928,8.724,FALSE,"[M-H]-1","CCCCCCCC\C=C/CCCCCCCC(=O)OCC(COP(O)(=O)OCCN)OC(=O)CCCCCCC\C=C/CCCCCCCC","MWRBNPKJOOWZPW-CLFAGFIQNA-N","Lipids and lipid-like molecules","Glycerophospholipids","Glycerophosphoethanolamines",NA,NA,NA,NA,NA,NA,1405823.81694775,318419.674024664,22.6500412203856,2075904.88863012,1326859.50496928,"C8","Neg",1
"C8-Pos-000181","PE 18:1_18:1","C41 H78 N O8 P",743.5465,92,"LipidBlast",257426,-0.78,744.5532,8.72,FALSE,"[M+H]+1","CCCCCCCC\C=C/CCCCCCCC(=O)OCC(COP(O)(=O)OCCN)OC(=O)CCCCCCC\C=C/CCCCCCCC","MWRBNPKJOOWZPW-CLFAGFIQNA-N","Lipids and lipid-like molecules","Glycerophospholipids","Glycerophosphoethanolamines",NA,NA,NA,NA,NA,NA,9611354.77294856,1575129.81727036,16.3882184611852,12277406.2206756,9646138.59691697,"C8","Pos",1
"C8-Pos-000209","PE 19:1_19:2","C43 H80 N O8 P",769.56215,79.3,"LipidBlast",258288,-0.93,770.56838,9.021,FALSE,"[M+H]+1","CCCCCCCCC\C=C/CCCCCCCC(=O)OCC(COP(O)(=O)OCCN)OC(=O)CCCCCCC\C=C/C\C=C/CCCCCC","YJMVOFDQJHRFNA-ZFUXOTDWNA-N","Lipids and lipid-like molecules","Glycerophospholipids","Glycerophosphoethanolamines",NA,NA,NA,NA,NA,NA,3481266.54198525,1855804.82736373,53.3083234214357,8399722.55346438,2840964.01704318,"C8","Pos",0
"C8-Pos-000349","PE 19:1_19:2","C43 H80 N O8 P",769.56215,79.3,"LipidBlast",258288,-2.51,770.5675,8.896,FALSE,"[M+H]+1","CCCCCCCCC\C=C/CCCCCCCC(=O)OCC(COP(O)(=O)OCCN)OC(=O)CCCCCCC\C=C/C\C=C/CCCCCC","YJMVOFDQJHRFNA-ZFUXOTDWNA-N","Lipids and lipid-like molecules","Glycerophospholipids","Glycerophosphoethanolamines",NA,NA,NA,NA,NA,NA,1766537.73722138,692594.368011728,39.2063160281604,3340150.78728778,1615754.78576599,"C8","Pos",0
"C8-Pos-000134","PE O-28:2_7:0","C40 H78 N O7 P",715.55159,85.6,"LipidBlast",130691,-0.51,716.5585,8.501,FALSE,"[M+H]+1","CCCCCCC\C=C/C\C=C/CCCCCCCCCCCCCCCCOCC(COP(O)(=O)OCCN)OC(=O)CCCCCC","DEPOOMLMGLUYPL-QGLGPCELNA-N","Lipids and lipid-like molecules","Glycerophospholipids","Glycerophosphoethanolamines",NA,NA,NA,NA,NA,NA,14208973.4626779,3914837.63120992,27.5518681310289,21075718.6515227,13862795.6193296,"C8","Pos",0
"C8-Pos-000362","PE O-28:2_7:0","C40 H78 N O7 P",715.55159,85.6,"LipidBlast",130691,-0.73,716.55834,8.358,FALSE,"[M+H]+1","CCCCCCC\C=C/C\C=C/CCCCCCCCCCCCCCCCOCC(COP(O)(=O)OCCN)OC(=O)CCCCCC","DEPOOMLMGLUYPL-QGLGPCELNA-N","Lipids and lipid-like molecules","Glycerophospholipids","Glycerophosphoethanolamines",NA,NA,NA,NA,NA,NA,1476251.08988636,442257.75124811,29.958165943312,2930340.95975848,1439490.69381385,"C8","Pos",0
"C8-Pos-000434","PE O-28:3_9:0","C42 H80 N O7 P",741.56724,78.5,"LipidBlast",130769,-0.86,742.57431,8.399,FALSE,"[M+H]+1","CCCCCCCCC(=O)OC(COCCCCCCCCCCCCC\C=C/C\C=C/C\C=C/CCCCCCC)COP(O)(=O)OCCN","YUQBXZSGWHAFFW-BYBPBHJYNA-N","Lipids and lipid-like molecules","Glycerophospholipids","Glycerophosphoethanolamines",NA,NA,NA,NA,NA,NA,550499.789942598,380301.325856834,69.0829193407119,1714325.99833217,431464.545214339,"C8","Pos",0
"C8-Pos-000436","PE O-28:3_9:0","C42 H80 N O7 P",741.56724,78.5,"LipidBlast",130769,-0.44,742.57419,8.627,FALSE,"[M+H]+1","CCCCCCCCC(=O)OC(COCCCCCCCCCCCCC\C=C/C\C=C/C\C=C/CCCCCCC)COP(O)(=O)OCCN","YUQBXZSGWHAFFW-BYBPBHJYNA-N","Lipids and lipid-like molecules","Glycerophospholipids","Glycerophosphoethanolamines",NA,NA,NA,NA,NA,NA,538010.719174074,356126.281563501,66.1931572869417,1708361.88696323,441395.554397576,"C8","Pos",0
"Amide-Pos-000261","PE(18:0_20:4)","C43 H78 N O8 P",767.5465,85.8,"GNPS",28420,-2.58,768.5518,5.135,FALSE,"[M+H]+1","CCCCCCCCCCCCCCCCCC(=O)OC[C@H](COP(=O)(O)OCCN)OC(=O)CCC/C=C\C/C=C\C/C=C\C/C=C\CCCCC","ANRKEHNWXKCXDB-BHFWLYLHSA-N","Lipids and lipid-like molecules","Glycerophospholipids","Glycerophosphoethanolamines","wiki:WP4313",5289133,"CHEBI:79110","HMDB0009003","C21480","61216-62-4",1937307.36798115,1623043.98809843,83.7783417811387,7658981.10411512,1436804.29153941,"Amide","Pos",1
"C8-Pos-000286","PE(18:0_20:4)","C43 H78 N O8 P",767.5465,81.2,"GNPS",28420,-0.77,768.55322,8.084,FALSE,"[M+H]+1","CCCCCCCCCCCCCCCCCC(=O)OC[C@H](COP(=O)(O)OCCN)OC(=O)CCC/C=C\C/C=C\C/C=C\C/C=C\CCCCC","ANRKEHNWXKCXDB-BHFWLYLHSA-N","Lipids and lipid-like molecules","Glycerophospholipids","Glycerophosphoethanolamines","wiki:WP4313",5289133,"CHEBI:79110","HMDB0009003","C21480","61216-62-4",3524437.16625961,756165.192257947,21.4549205046672,5140542.70432476,3404191.06229255,"C8","Pos",1
"C8-Pos-000480","PE(18:0_22:6)","C45 H78 N O8 P",791.5465,81.7,"GNPS",28447,-0.97,792.55302,7.999,FALSE,"[M+H]+1","CCCCCCCCCCCCCCCCCC(=O)OC[C@H](COP(=O)(O)OCCN)OC(=O)CC/C=C\C/C=C\C/C=C\C/C=C\C/C=C\C/C=C\CC","XYYHNDVKALDFHQ-OXHZBIAZSA-N","Lipids and lipid-like molecules","Glycerophospholipids","Glycerophosphoethanolamines",NA,9546798,"CHEBI:79109","HMDB0009012",NA,NA,600059.141989697,233736.731024474,38.9522823116137,1238186.37657079,626476.812619509,"C8","Pos",1
"C8-Pos-000284","PEG n10","C20 H42 O11",458.27271,91.3,"mzCloud",3164,-0.33,476.30639,2.717,FALSE,"[M+NH4]+1","C(COCCOCCOCCOCCOCCOCCOCCOCCOCCO)O","DTPCFIHYWYONMD-UHFFFAOYSA-N","Organic oxygen compounds","Organooxygen compounds","Ethers",NA,79689,"CHEBI:46550",NA,NA,"5579-66-8",4405106.33184028,709467.512089278,16.1055706410812,5187460.49481412,4204224.36074544,"C8","Pos",1
"Amide-Pos-000147","PEG n5","C10 H22 O6",238.14164,98.1,"mzCloud",1819,-1.07,239.14867,1.339,FALSE,"[M+H]+1","C(COCCOCCOCCOCCO)O","JLFNLZLINWHATN-UHFFFAOYSA-N","Organic oxygen compounds","Organooxygen compounds","Ethers",NA,62551,"CHEBI:39631","HMDB0256256",NA,"113894-92-1",13994573.4041545,4845109.17652981,34.6213424061321,23434653.3346489,13650194.5853448,"Amide","Pos",1
"C18-Pos-000162","PEG n5","C10 H22 O6",238.14164,93.9,"mzCloud",1819,-1.09,239.14866,6.388,FALSE,"[M+H]+1","C(COCCOCCOCCOCCO)O","JLFNLZLINWHATN-UHFFFAOYSA-N","Organic oxygen compounds","Organooxygen compounds","Ethers",NA,62551,"CHEBI:39631","HMDB0256256",NA,"113894-92-1",3985118.02075309,1004979.96120728,25.2183236725663,6831545.06982159,3962433.22425369,"C18","Pos",1
"C8-Pos-000252","PEG n5","C10 H22 O6",238.14164,92,"mzCloud",1819,0.02,239.14892,1.376,FALSE,"[M+H]+1","C(COCCOCCOCCOCCO)O","JLFNLZLINWHATN-UHFFFAOYSA-N","Organic oxygen compounds","Organooxygen compounds","Ethers",NA,62551,"CHEBI:39631","HMDB0256256",NA,"113894-92-1",4823632.909304,1210630.04408073,25.0978892225738,6477514.78147779,4960325.70531655,"C8","Pos",1
"Amide-Pos-000302","PEG n6","C12 H26 O7",282.16785,93.9,"mzCloud",1820,-1.09,283.17486,1.363,FALSE,"[M+H]+1","C(COCCOCCOCCOCCOCCO)O","IIRDTKBZINWQAW-UHFFFAOYSA-N","Organic oxygen compounds","Organooxygen compounds","Ethers",NA,17472,"CHEBI:49793","HMDB0061822",NA,"2615-15-8",2755458.55311224,1358080.65308548,49.2869200137871,5460230.62799749,2712966.14990254,"Amide","Pos",1
"C18-Pos-000227","PEG n6","C12 H26 O7",282.16785,93.8,"mzCloud",1820,-0.9,283.17493,7.141,FALSE,"[M+H]+1","C(COCCOCCOCCOCCOCCO)O","IIRDTKBZINWQAW-UHFFFAOYSA-N","Organic oxygen compounds","Organooxygen compounds","Ethers",NA,17472,"CHEBI:49793","HMDB0061822",NA,"2615-15-8",1156876.88799696,297468.576224992,25.7130710546075,2041259.6304783,1095246.4510034,"C18","Pos",1
"C8-Pos-000367","PEG n6","C12 H26 O7",282.16785,67.7,"mzCloud",1820,0.02,283.17513,1.585,FALSE,"[M+H]+1","C(COCCOCCOCCOCCOCCO)O","IIRDTKBZINWQAW-UHFFFAOYSA-N","Organic oxygen compounds","Organooxygen compounds","Ethers",NA,17472,"CHEBI:49793","HMDB0061822",NA,"2615-15-8",1772668.17421046,518769.105338425,29.2648738712468,2780812.75447133,1632397.61149219,"C8","Pos",1
"Amide-Pos-000221","PEG n7","C14 H30 O8",326.19407,52.6,"mzCloud",1821,-1.6,344.22737,1.385,FALSE,"[M+NH4]+1","C(COCCOCCOCCOCCOCCOCCO)O","XPJRQAIZZQMSCM-UHFFFAOYSA-N","Organic oxygen compounds","Organooxygen compounds","Ethers",NA,79718,"CHEBI:44748","HMDB0061835",NA,"5617-32-3",5779328.64410659,3388810.09514172,58.6367431898413,10427726.1313442,6015590.75578597,"Amide","Pos",1
"C18-Pos-000184","PEG n7","C14 H30 O8",326.19407,88.3,"mzCloud",1821,-1.17,344.22749,7.78,FALSE,"[M+NH4]+1","C(COCCOCCOCCOCCOCCOCCO)O","XPJRQAIZZQMSCM-UHFFFAOYSA-N","Organic oxygen compounds","Organooxygen compounds","Ethers",NA,79718,"CHEBI:44748","HMDB0061835",NA,"5617-32-3",1728063.55148094,938105.05515896,54.2864904681898,4562132.25201499,1404619.01672715,"C18","Pos",1
"C18-Pos-000186","PEG n8","C16 H34 O9",370.22028,91.9,"mzCloud",1822,-0.89,388.25378,8.351,FALSE,"[M+NH4]+1","C(COCCOCCOCCOCCOCCOCCOCCO)O","GLZWNFNQMJAZGY-UHFFFAOYSA-N","Organic oxygen compounds","Organooxygen compounds","Ethers",NA,78798,"CHEBI:44794","HMDB0094680",NA,"5117-19-1",1556621.73322566,813360.148559765,52.2516248616356,4400468.67169202,1300221.94044713,"C18","Pos",1
"C8-Neg-000160","PG 18:1_20:4","C44 H77 O10 P",796.52543,80.2,"LipidBlast",737922,-0.16,795.51803,7.497,FALSE,"[M-H]-1","CCCCCCCC\C=C/CCCCCCCC(=O)OCC(COP(O)(=O)OCC(O)CO)OC(=O)CCCCCC\C=C/C\C=C/C\C=C/C\C=C/CC","ODHQFFNXKQCMPG-HAGCXRLMNA-N","Lipids and lipid-like molecules","Glycerophospholipids","Glycerophosphoglycerols",NA,NA,NA,NA,NA,NA,538353.996984067,242430.196552212,45.0317445231834,1129312.1831615,545562.234507558,"C8","Neg",0
"C8-Neg-000170","PG 18:1_20:4","C44 H77 O10 P",796.52543,80.2,"LipidBlast",737922,-0.16,795.51803,7.828,FALSE,"[M-H]-1","CCCCCCCC\C=C/CCCCCCCC(=O)OCC(COP(O)(=O)OCC(O)CO)OC(=O)CCCCCC\C=C/C\C=C/C\C=C/C\C=C/CC","ODHQFFNXKQCMPG-HAGCXRLMNA-N","Lipids and lipid-like molecules","Glycerophospholipids","Glycerophosphoglycerols",NA,NA,NA,NA,NA,NA,557383.257722691,138217.352397592,24.7975428903819,924940.295322963,517453.514974038,"C8","Neg",0
"C8-Neg-000132","PI 20:3_20:4","C49 H81 O13 P",908.54148,64.6,"LipidBlast",742162,-0.59,907.53366,7.758,FALSE,"[M-H]-1","CC\C=C/C\C=C/C\C=C/CCCCCCCCCC(=O)OCC(COP(O)(=O)OC1C(O)C(O)C(O)C(O)C1O)OC(=O)CCCCCC\C=C/C\C=C/C\C=C/C\C=C/CC","VJWOETAUZWGFAX-ARDMRTSLNA-N","Lipids and lipid-like molecules","Glycerophospholipids","Glycerophosphoinositols",NA,NA,NA,NA,NA,NA,914139.423928121,426925.753514436,46.7024769241333,1954921.83106452,770417.742886836,"C8","Neg",0
"C8-Neg-000182","PI 20:3_20:4","C49 H81 O13 P",908.54148,64.6,"LipidBlast",742162,-0.85,907.53356,7.652,FALSE,"[M-H]-1","CC\C=C/C\C=C/C\C=C/CCCCCCCCCC(=O)OCC(COP(O)(=O)OC1C(O)C(O)C(O)C(O)C1O)OC(=O)CCCCCC\C=C/C\C=C/C\C=C/C\C=C/CC","VJWOETAUZWGFAX-ARDMRTSLNA-N","Lipids and lipid-like molecules","Glycerophospholipids","Glycerophosphoinositols",NA,NA,NA,NA,NA,NA,307542.8327256,132499.453823231,43.08325206247,666186.194655733,273705.004891695,"C8","Neg",0
"C8-Pos-000146","PS 20:2_20:2","C46 H82 N O10 P",839.56763,80.9,"LipidBlast",274639,-3.15,840.57227,8.499,FALSE,"[M+H]+1","CCCCC\C=C/C\C=C/CCCCCCCCCC(=O)OCC(COP(O)(=O)OCC(N)C(O)=O)OC(=O)CCCCCCCCC\C=C/C\C=C/CCCCC","HOKYPGBUIVXWNM-MAZCIEHSNA-N","Lipids and lipid-like molecules","Glycerophospholipids","Glycerophosphoserines",NA,NA,NA,NA,NA,NA,6894100.85232796,6176224.6455153,89.5870945002168,16287300.5778896,5951649.79485141,"C8","Pos",0
"C8-Pos-000260","PS 20:2_20:2","C46 H82 N O10 P",839.56763,80.9,"LipidBlast",274639,-1.4,840.57374,7.667,FALSE,"[M+H]+1","CCCCC\C=C/C\C=C/CCCCCCCCCC(=O)OCC(COP(O)(=O)OCC(N)C(O)=O)OC(=O)CCCCCCCCC\C=C/C\C=C/CCCCC","HOKYPGBUIVXWNM-MAZCIEHSNA-N","Lipids and lipid-like molecules","Glycerophospholipids","Glycerophosphoserines",NA,NA,NA,NA,NA,NA,2381544.34018872,1447561.31882176,60.7824634794352,6101328.75029204,2121183.44134128,"C8","Pos",0
"C8-Neg-000072","PS 20:4_22:6","C48 H74 N O10 P",855.50503,73.5,"LipidBlast",745413,-0.59,854.49725,7.612,FALSE,"[M-H]-1","CC\C=C/C\C=C/C\C=C/C\C=C/CCCCCCC(=O)OCC(COP(O)(=O)OCC(N)C(O)=O)OC(=O)CC\C=C/C\C=C/C\C=C/C\C=C/C\C=C/C\C=C/CC","WXLDEVYPZQFZLE-GGLIIMCGNA-N","Lipids and lipid-like molecules","Glycerophospholipids","Glycerophosphoserines",NA,NA,NA,NA,NA,NA,1682610.72952754,818828.677887106,48.6641778468288,4452099.11831254,1645526.03402257,"C8","Neg",1
"C8-Pos-000226","PS 20:4_22:6","C48 H74 N O10 P",855.50503,71.7,"LipidBlast",274699,-1.31,856.51119,7.676,FALSE,"[M+H]+1","CC\C=C/C\C=C/C\C=C/C\C=C/CCCCCCC(=O)OCC(COP(O)(=O)OCC(N)C(O)=O)OC(=O)CC\C=C/C\C=C/C\C=C/C\C=C/C\C=C/C\C=C/CC","WXLDEVYPZQFZLE-GGLIIMCGNA-N","Lipids and lipid-like molecules","Glycerophospholipids","Glycerophosphoserines",NA,NA,NA,NA,NA,NA,3979952.67007058,1615477.37680958,40.590366537724,7541593.82825655,3582239.67707006,"C8","Pos",1
"C8-Pos-000566","PS(18:0_18:1)","C42 H80 N O10 P",789.55198,75,"GNPS",29432,2.31,790.55871,8.873,FALSE,"[M+H]+1","CCCCCCCCCCCCCCCCCC(=O)OC[C@H](COP(=O)(O)OC[C@@H](C(=O)O)N)OC(=O)CCCCCCC/C=C\CCCCCCCC","AJFWREUFUPEYII-PAHWMLEVSA-N","Lipids and lipid-like molecules","Glycerophospholipids","Glycerophosphoserines","reactome:R-HSA-114516;reactome:R-HSA-1168372;reactome:R-HSA-1169091;reactome:R-HSA-1227986;reactome:R-HSA-1250196;reactome:R-HSA-1482801;reactome:R-HSA-1483101;reactome:R-HSA-1483213;reactome:R-HSA-3000471;reactome:R-HSA-3000480;reactome:R-HSA-3000497;reactome:R-HSA-399719;reactome:R-HSA-399721;reactome:R-HSA-4086398;reactome:R-HSA-4086400;reactome:R-HSA-416993;reactome:R-HSA-418597;reactome:R-HSA-5099900;reactome:R-HSA-76005;reactome:R-HSA-936837;wiki:WP2533;wiki:WP3933;wiki:WP4722",9547087,"CHEBI:79096","HMDB0010163",NA,"124262-93-7",384299.764996715,259621.61440324,67.557057810186,714096.258182333,363565.476264653,"C8","Pos",1
"C8-Pos-000353","Palmitoleic acid","C16 H30 O2",254.22458,86.8,"mzCloud",1256,-0.25,255.23177,4.861,FALSE,"[M+H]+1","CCCCCC/C=C\CCCCCCCC(=O)O","SECPZKHBENQXJG-FPLPWBNLSA-N","Lipids and lipid-like molecules","Fatty Acyls","Fatty acids and conjugates","reactome:R-HSA-2980736;reactome:R-HSA-381771;reactome:R-HSA-400508;reactome:R-HSA-444209;wiki:WP2728;wiki:WP4718;wiki:WP4724",445638,"CHEBI:28716","HMDB0003229","C08362","2091-29-4",2623463.84730098,243788.48800666,9.29261854541923,3178622.51477476,2658114.71453875,"C8","Pos",0
"C8-Pos-000355","Palmitoleic acid","C16 H30 O2",254.22458,86.8,"mzCloud",1256,0.05,255.23186,4.447,FALSE,"[M+H]+1","CCCCCC/C=C\CCCCCCCC(=O)O","SECPZKHBENQXJG-FPLPWBNLSA-N","Lipids and lipid-like molecules","Fatty Acyls","Fatty acids and conjugates","reactome:R-HSA-2980736;reactome:R-HSA-381771;reactome:R-HSA-400508;reactome:R-HSA-444209;wiki:WP2728;wiki:WP4718;wiki:WP4724",445638,"CHEBI:28716","HMDB0003229","C08362","2091-29-4",2047785.39203065,343390.217238273,16.7688576437083,3114114.26363618,2020938.57611908,"C8","Pos",0
"C18-Pos-000293","Palmitoyl ethanolamide","C18 H37 N O2",299.28243,75.2,"mzCloud",6810,-0.89,300.28944,17.315,FALSE,"[M+H]+1","CCCCCCCCCCCCCCCC(=O)NCCO","HXYVTAGFYLMHSO-UHFFFAOYSA-N","Organic acids and derivatives","Carboximidic acids and derivatives","Carboximidic acids","reactome:R-HSA-112310;wiki:WP1871;wiki:WP4949",4671,"CHEBI:71464","HMDB0002100","C16512","544-31-0",129058.794694266,68496.3131185743,53.0737275834932,414466.022807507,119242.271839797,"C18","Pos",1
"C8-Pos-000241","Palmitoyl ethanolamide","C18 H37 N O2",299.28243,99.2,"mzCloud",6810,-0.06,300.28964,5.121,FALSE,"[M+H]+1","CCCCCCCCCCCCCCCC(=O)NCCO","HXYVTAGFYLMHSO-UHFFFAOYSA-N","Organic acids and derivatives","Carboximidic acids and derivatives","Carboximidic acids","reactome:R-HSA-112310;wiki:WP1871;wiki:WP4949",4671,"CHEBI:71464","HMDB0002100","C16512","544-31-0",3695285.16319291,959029.216055728,25.9527796557676,7129562.70775324,3601902.47684446,"C8","Pos",1
"Amide-Pos-000426","Palmitoyl sphingomyelin","C39 H79 N2 O6 P",702.56757,99.7,"mzCloud",4865,-2.05,703.57341,6.821,FALSE,"[M+H]+1","CCCCCCCCCCCCC/C=C/[C@@H](O)[C@H](COP(=O)([O-])OCC[N+](C)(C)C)NC(=O)CCCCCCCCCCCCCCC","RWKUXQNLWDTSLO-GWQJGLRPSA-N","Lipids and lipid-like molecules","Sphingolipids","Phosphosphingolipids","wiki:WP4726",9939941,"CHEBI:78646","HMDB0010169",NA,"6254-89-3",292702.183018435,417778.513704129,142.731601587617,1940511.59301202,154354.452752735,"Amide","Pos",1
"C8-Pos-000123","Palmitoyl sphingomyelin","C39 H79 N2 O6 P",702.56757,99.9,"mzCloud",4865,-0.5,703.57449,8.022,FALSE,"[M+H]+1","CCCCCCCCCCCCC/C=C/[C@@H](O)[C@H](COP(=O)([O-])OCC[N+](C)(C)C)NC(=O)CCCCCCCCCCCCCCC","RWKUXQNLWDTSLO-GWQJGLRPSA-N","Lipids and lipid-like molecules","Sphingolipids","Phosphosphingolipids","wiki:WP4726",9939941,"CHEBI:78646","HMDB0010169",NA,"6254-89-3",14509870.0480836,4959616.70667961,34.1809863923257,23565879.9612894,13314538.3695312,"C8","Pos",1
"Amide-Pos-000502","Palmitoylcarnitine","C23 H45 N O4",399.33486,78,"mzCloud",2936,-0.67,400.34187,6.877,FALSE,"[M+H]+1","CCCCCCCCCCCCCCCC(=O)OC(CC(=O)O)C[N+](C)(C)C","XOMRRQXKHMYMOC-UHFFFAOYSA-O","Lipids and lipid-like molecules","Fatty Acyls","Fatty acid esters",NA,462,"CHEBI:94442",NA,NA,"7085-35-0",182247.141990922,124669.303407295,68.4067261880599,628445.691988292,152742.516443735,"Amide","Pos",1
"C18-Pos-000281","Palmitoylcarnitine","C23 H45 N O4",399.33486,90,"mzCloud",2936,-1.57,400.34151,14.61,FALSE,"[M+H]+1","CCCCCCCCCCCCCCCC(=O)OC(CC(=O)O)C[N+](C)(C)C","XOMRRQXKHMYMOC-UHFFFAOYSA-O","Lipids and lipid-like molecules","Fatty Acyls","Fatty acid esters",NA,462,"CHEBI:94442",NA,NA,"7085-35-0",232554.994496733,147434.202811526,63.3975645763209,603094.917702328,183709.205653612,"C18","Pos",1
"C8-Pos-000088","Palmitoylcarnitine","C23 H45 N O4",399.33486,98.9,"mzCloud",2936,-0.26,400.34203,4.84,FALSE,"[M+H]+1","CCCCCCCCCCCCCCCC(=O)OC(CC(=O)O)C[N+](C)(C)C","XOMRRQXKHMYMOC-UHFFFAOYSA-O","Lipids and lipid-like molecules","Fatty Acyls","Fatty acid esters",NA,462,"CHEBI:94442",NA,NA,"7085-35-0",18627502.3942626,7714502.9265136,41.4145856123455,36967963.6737291,15557695.1696212,"C8","Pos",1
"Amide-Neg-000049","Pantothenic acid","C9 H17 N O5",219.11067,73.3,"mzCloud",536,-0.29,218.10332,8.364,FALSE,"[M-H]-1","CC(C)(CO)C(C(=O)NCCC(=O)O)O","GHOKWGTUZJEAQD-ZETCQYMHSA-N","Organic oxygen compounds","Organooxygen compounds","Alcohols and polyols","kegg:map00410;kegg:map00770;reactome:R-HSA-196783;reactome:R-HSA-199220;reactome:R-HSA-425397;wiki:WP1937;wiki:WP4577;wiki:WP5172",6613,"CHEBI:46905","HMDB0000210","C00864","79-83-4",18004758.8749922,11583209.3062859,64.3341540239923,48543538.5666761,16574222.2793453,"Amide","Neg",1
"C18-Neg-000013","Pantothenic acid","C9 H17 N O5",219.11067,77.4,"mzCloud",536,-0.04,218.10339,5.404,FALSE,"[M-H]-1","CC(C)(CO)C(C(=O)NCCC(=O)O)O","GHOKWGTUZJEAQD-ZETCQYMHSA-N","Organic oxygen compounds","Organooxygen compounds","Alcohols and polyols","kegg:map00410;kegg:map00770;reactome:R-HSA-196783;reactome:R-HSA-199220;reactome:R-HSA-425397;wiki:WP1937;wiki:WP4577;wiki:WP5172",6613,"CHEBI:46905","HMDB0000210","C00864","79-83-4",14555714.7435728,11133988.5105902,76.4922142727929,47613961.320437,11083861.0402948,"C18","Neg",1
"C18-Neg-000014","Pantothenic acid","C9 H17 N O5",219.11067,77.4,"mzCloud",536,-0.05,218.10338,5.224,FALSE,"[M-H]-1","CC(C)(CO)C(C(=O)NCCC(=O)O)O","GHOKWGTUZJEAQD-ZETCQYMHSA-N","Organic oxygen compounds","Organooxygen compounds","Alcohols and polyols","kegg:map00410;kegg:map00770;reactome:R-HSA-196783;reactome:R-HSA-199220;reactome:R-HSA-425397;wiki:WP1937;wiki:WP4577;wiki:WP5172",6613,"CHEBI:46905","HMDB0000210","C00864","79-83-4",10821091.065776,1908776.72474105,17.6394109719488,12170800.0316114,10821091.065776,"C18","Neg",1
"C18-Pos-000008","Pantothenic acid","C9 H17 N O5",219.11067,91.3,"MoNA",142623,-1,220.11773,5.298,FALSE,"[M+H]+1","CC(C)(CO)C(C(=O)NCCC(=O)O)O","GHOKWGTUZJEAQD-UHFFFAOYSA-N","Organic acids and derivatives","Carboxylic acids and derivatives","Amino acids, peptides, and analogues","kegg:map00410;kegg:map00770;reactome:R-HSA-196783;reactome:R-HSA-199220;reactome:R-HSA-425397;wiki:WP1937;wiki:WP4577;wiki:WP5172",988,"CHEBI:7916","HMDB0250782",NA,"599-54-2",93507036.0022287,63815717.4726856,68.2469685716105,312942210.236627,72349843.4691144,"C18","Pos",1
"C8-Neg-000027","Pantothenic acid","C9 H17 N O5",219.11067,76.4,"mzCloud",536,-0.8,218.10322,1.073,FALSE,"[M-H]-1","CC(C)(CO)C(C(=O)NCCC(=O)O)O","GHOKWGTUZJEAQD-ZETCQYMHSA-N","Organic oxygen compounds","Organooxygen compounds","Alcohols and polyols","kegg:map00410;kegg:map00770;reactome:R-HSA-196783;reactome:R-HSA-199220;reactome:R-HSA-425397;wiki:WP1937;wiki:WP4577;wiki:WP5172",6613,"CHEBI:46905","HMDB0000210","C00864","79-83-4",3382039.85517936,2719817.50772936,80.4194398704127,12623696.9048513,2357364.0930805,"C8","Neg",1
"C8-Pos-000113","Pantothenic acid","C9 H17 N O5",219.11067,92.1,"NIST23",63,0.06,220.11795,1.35,FALSE,"[M+H]+1","CC(C)(CO)C(O)C(=O)NCCC(=O)O","GHOKWGTUZJEAQD-UHFFFAOYSA-N","Organic acids and derivatives","Carboxylic acids and derivatives","Amino acids, peptides, and analogues","kegg:map00410;kegg:map00770;reactome:R-HSA-196783;reactome:R-HSA-199220;reactome:R-HSA-425397;wiki:WP1937;wiki:WP4577;wiki:WP5172",988,"CHEBI:7916","HMDB0250782",NA,"599-54-2",8086428.2229994,5636079.34309816,69.6980074227091,25840610.1750743,6681942.11095946,"C8","Pos",1
"C8-Pos-000117","Pantothenic acid","C9 H17 N O5",219.11067,92.1,"NIST23",63,-0.61,220.11781,1.096,FALSE,"[M+H]+1","CC(C)(CO)C(O)C(=O)NCCC(=O)O","GHOKWGTUZJEAQD-UHFFFAOYSA-N","Organic acids and derivatives","Carboxylic acids and derivatives","Amino acids, peptides, and analogues","kegg:map00410;kegg:map00770;reactome:R-HSA-196783;reactome:R-HSA-199220;reactome:R-HSA-425397;wiki:WP1937;wiki:WP4577;wiki:WP5172",988,"CHEBI:7916","HMDB0250782",NA,"599-54-2",6288952.55607905,5371545.07190495,85.4123961662374,20206935.7708311,4584169.26386363,"C8","Pos",1
"C18-Neg-000171","Penicillin G","C16 H18 N2 O4 S",334.09873,91.4,"MoNA",134480,-0.26,333.09137,12.478,FALSE,"[M-H]-1","CC1([C@@H](N2[C@H](S1)[C@@H](C2=O)NC(=O)CC3=CC=CC=C3)C(=O)O)C","JGSARLDLIJGVTE-MBNYWOFBSA-N","Organic acids and derivatives","Carboxylic acids and derivatives","Amino acids, peptides, and analogues",NA,5904,"CHEBI:18208","HMDB0015186","C05551","61-33-6",353937.567931879,236902.398426952,66.9333859672527,1040647.94256286,294737.714109565,"C18","Neg",1
"C18-Pos-000170","Penicillin G","C16 H18 N2 O4 S",334.09873,98,"mzCloud",2743,-1.34,335.10555,12.472,FALSE,"[M+H]+1","CC1(C(N2C(S1)C(C2=O)NC(=O)CC3=CC=CC=C3)C(=O)O)C","JGSARLDLIJGVTE-MBNYWOFBSA-N","Organic acids and derivatives","Carboxylic acids and derivatives","Amino acids, peptides, and analogues",NA,5904,"CHEBI:18208","HMDB0015186","C05551","61-33-6",2365625.34518952,1521565.84034273,64.3198147769605,5760572.37060614,1809692.38252249,"C18","Pos",1
"C8-Pos-000212","Penicillin G","C16 H18 N2 O4 S",334.09873,98.6,"mzCloud",2743,-0.26,335.10591,3.106,FALSE,"[M+H]+1","CC1(C(N2C(S1)C(C2=O)NC(=O)CC3=CC=CC=C3)C(=O)O)C","JGSARLDLIJGVTE-MBNYWOFBSA-N","Organic acids and derivatives","Carboxylic acids and derivatives","Amino acids, peptides, and analogues",NA,5904,"CHEBI:18208","HMDB0015186","C05551","61-33-6",3163366.63180665,1828044.67753846,57.7879484204597,8215414.26013333,2579971.10804551,"C8","Pos",1
"Amide-Neg-000236","Pentadecanoic acid","C15 H30 O2",242.22458,85.5,"mzCloud",3102,0.33,241.21738,1.109,FALSE,"[M-H]-1","CCCCCCCCCCCCCCC(=O)O","WQEPLUUGTLDZJY-UHFFFAOYSA-N","Lipids and lipid-like molecules","Fatty Acyls","Fatty acids and conjugates","reactome:R-HSA-2980736;reactome:R-HSA-381771;reactome:R-HSA-400451;reactome:R-HSA-400508;reactome:R-HSA-400511;reactome:R-HSA-422356;reactome:R-HSA-434316;reactome:R-HSA-444209;wiki:WP1831;wiki:WP2728",13849,"CHEBI:42504","HMDB0000826","C16537","1002-84-2",1095456.35709634,1126822.23099385,102.863270060402,6036515.56274701,821712.277810988,"Amide","Neg",1
"Amide-Neg-000403","Pentadecanoic acid","C15 H30 O2",242.22458,85.5,"mzCloud",3102,-0.08,241.21729,1.221,FALSE,"[M-H]-1","CCCCCCCCCCCCCCC(=O)O","WQEPLUUGTLDZJY-UHFFFAOYSA-N","Lipids and lipid-like molecules","Fatty Acyls","Fatty acids and conjugates","reactome:R-HSA-2980736;reactome:R-HSA-381771;reactome:R-HSA-400451;reactome:R-HSA-400508;reactome:R-HSA-400511;reactome:R-HSA-422356;reactome:R-HSA-434316;reactome:R-HSA-444209;wiki:WP1831;wiki:WP2728",13849,"CHEBI:42504","HMDB0000826","C16537","1002-84-2",366736.412768646,145600.820822075,39.7017628336586,508476.092960634,374173.636966794,"Amide","Neg",1
"C8-Neg-000065","Pentadecanoic acid","C15 H30 O2",242.22458,79,"mzCloud",3102,-1.37,241.21697,5.293,FALSE,"[M-H]-1","CCCCCCCCCCCCCCC(=O)O","WQEPLUUGTLDZJY-UHFFFAOYSA-N","Lipids and lipid-like molecules","Fatty Acyls","Fatty acids and conjugates","reactome:R-HSA-2980736;reactome:R-HSA-381771;reactome:R-HSA-400451;reactome:R-HSA-400508;reactome:R-HSA-400511;reactome:R-HSA-422356;reactome:R-HSA-434316;reactome:R-HSA-444209;wiki:WP1831;wiki:WP2728",13849,"CHEBI:42504","HMDB0000826","C16537","1002-84-2",857235.366580715,1020357.45986613,119.028857142941,4964889.16227298,665585.380816015,"C8","Neg",1
"C18-Pos-000054","Phloroglucinol","C6 H6 O3",126.03169,84.5,"mzCloud",2546,-0.92,127.03885,2.764,FALSE,"[M+H]+1","C1=C(C=C(C=C1O)O)O","QCDYQQDYXPDABM-UHFFFAOYSA-N","Benzenoids","Phenols","Benzenetriols and derivatives",NA,359,"CHEBI:16204","HMDB0013675","C02183","108-73-6",21135011.5995434,6122659.56909913,28.9692747044974,39764366.6399384,20568794.8206849,"C18","Pos",0
"C18-Pos-000099","Phloroglucinol","C6 H6 O3",126.03169,84.5,"mzCloud",2546,-1.17,127.03882,5.396,FALSE,"[M+H]+1","C1=C(C=C(C=C1O)O)O","QCDYQQDYXPDABM-UHFFFAOYSA-N","Benzenoids","Phenols","Benzenetriols and derivatives",NA,359,"CHEBI:16204","HMDB0013675","C02183","108-73-6",11341795.8877051,5690664.4783646,50.174280464115,25386079.782492,9101603.84523556,"C18","Pos",0
"C8-Neg-000056","Phosphatidylethanolamine alkenyl 16:0-22:4","C43 H78 N O7 P",751.55159,87.5,"MoNA",3256,-0.57,750.54388,8.914,FALSE,"[M-H]-1","CCCCCCCCCCCCCC/C=C/OCC(COP(=O)(O)OCCN)OC(=O)CC/C=C\C/C=C\C/C=C\C/C=C\CCCCCCCC","RKVZUTPSIGLURV-BLAGHTKOSA-N","Lipids and lipid-like molecules","Glycerophospholipids","Glycerophosphoethanolamines",NA,134764153,NA,NA,NA,NA,3510282.24902909,687177.464610985,19.5761313723719,4319569.56934908,3771276.30667411,"C8","Neg",0
"C8-Neg-000082","Phosphatidylethanolamine alkenyl 16:0-22:4","C43 H78 N O7 P",751.55159,87.4,"MoNA",2532,0.03,750.54434,9.029,FALSE,"[M-H]-1","CCCCCCCCCCCCCC/C=C/OCC(COP(=O)(O)OCCN)OC(=O)CC/C=C\C/C=C\C/C=C\C/C=C\CCCCCCCC","RKVZUTPSIGLURV-BLAGHTKOSA-N","Lipids and lipid-like molecules","Glycerophospholipids","Glycerophosphoethanolamines",NA,134764153,NA,NA,NA,NA,1813871.00426692,305399.819549809,16.8369095063206,2075914.42299363,1874359.77905768,"C8","Neg",0
"C8-Neg-000061","Phosphatidylethanolamine alkenyl 18:1-20:4","C43 H76 N O7 P",749.53594,83.9,"MoNA",2285,-0.43,748.52834,8.717,FALSE,"[M-H]-1","CCCCCCCCCCCCC/C=C\C/C=C/OCC(COP(=O)(O)OCCN)OC(=O)CC/C=C\C/C=C\C/C=C\C/C=C\CCCCCC","YJPYELPDWSEQHM-KTUZNUCGSA-N","Lipids and lipid-like molecules","Glycerophospholipids","Glycerophosphoethanolamines",NA,134781472,NA,NA,NA,NA,2988084.78768629,965893.326974259,32.3248299698404,5339207.39541412,3008635.69296046,"C8","Neg",0
"C8-Neg-000086","Phosphatidylethanolamine alkenyl 18:1-20:4","C43 H76 N O7 P",749.53594,82,"MoNA",2787,-0.34,748.52841,8.797,FALSE,"[M-H]-1","CCCCCCCCCCCCC/C=C\C/C=C/OCC(COP(=O)(O)OCCN)OC(=O)CC/C=C\C/C=C\C/C=C\C/C=C\CCCCCC","YJPYELPDWSEQHM-KTUZNUCGSA-N","Lipids and lipid-like molecules","Glycerophospholipids","Glycerophosphoethanolamines",NA,134781472,NA,NA,NA,NA,2753498.69935017,593340.104741609,21.5485885241797,3548404.78018372,2793867.38883626,"C8","Neg",0
"C18-Neg-000203","Phosphatidylethanolamine lyso 18:0","C23 H48 N O7 P",481.31684,87,"MoNA",2562,0.14,480.30963,16.878,FALSE,"[M-H]-1","CCCCCCCCCCCCCCCCCC(=O)OC(CO)COP(=O)(O)OCCN","KIHAGWUUUHJRMS-UHFFFAOYSA-N","Lipids and lipid-like molecules","Glycerophospholipids","Glycerophosphoethanolamines",NA,45479515,NA,NA,NA,"106182-18-7",90395.8751346032,87281.4871266768,96.5547233175309,441819.617948707,57067.8357095622,"C18","Neg",1
"C8-Neg-000028","Phosphatidylethanolamine lyso 18:0","C23 H48 N O7 P",481.31684,92.4,"MoNA",2562,-1,480.30908,5.471,FALSE,"[M-H]-1","CCCCCCCCCCCCCCCCCC(=O)OC(CO)COP(=O)(O)OCCN","KIHAGWUUUHJRMS-UHFFFAOYSA-N","Lipids and lipid-like molecules","Glycerophospholipids","Glycerophosphoethanolamines",NA,45479515,NA,NA,NA,"106182-18-7",5404038.65543341,2130891.97352077,39.4314717082621,11058860.6420038,5076973.29433971,"C8","Neg",1
"C8-Neg-000157","Phosphatidylethanolamine lyso 18:0","C23 H48 N O7 P",481.31684,92.4,"MoNA",2562,-0.51,480.30931,5.343,FALSE,"[M-H]-1","CCCCCCCCCCCCCCCCCC(=O)OC(CO)COP(=O)(O)OCCN","KIHAGWUUUHJRMS-UHFFFAOYSA-N","Lipids and lipid-like molecules","Glycerophospholipids","Glycerophosphoethanolamines",NA,45479515,NA,NA,NA,"106182-18-7",717261.255200204,250249.325448033,34.8895641070397,1275845.21978537,703235.952092035,"C8","Neg",1
"C8-Neg-000040","Phosphatidylethanolamine lyso 18:1","C23 H46 N O7 P",479.30119,90.4,"MoNA",3059,-0.68,478.29359,5.125,FALSE,"[M-H]-1","CCCCCCCCCCCCC/C=C\CCC(=O)OC(CO)COP(=O)(O)OCCN","FEVAUEZKXSRQPS-PFONDFGASA-N","Lipids and lipid-like molecules","Glycerophospholipids","Glycerophosphoethanolamines",NA,134729210,NA,NA,NA,NA,4763648.29457199,1354034.00174945,28.4243067082078,8637381.75876035,4577434.57942539,"C8","Neg",0
"C8-Neg-000117","Phosphatidylethanolamine lyso 18:1","C23 H46 N O7 P",479.30119,90.4,"MoNA",3059,-0.76,478.29355,5.021,FALSE,"[M-H]-1","CCCCCCCCCCCCC/C=C\CCC(=O)OC(CO)COP(=O)(O)OCCN","FEVAUEZKXSRQPS-PFONDFGASA-N","Lipids and lipid-like molecules","Glycerophospholipids","Glycerophosphoethanolamines",NA,134729210,NA,NA,NA,NA,772965.409453984,352652.724041811,45.6233512817762,2284906.7565628,696524.051405001,"C8","Neg",0
"C18-Neg-000218","Phosphatidylethanolamine lyso 20:4","C25 H44 N O7 P",501.28554,90.3,"MoNA",2065,0.47,500.2785,15.445,FALSE,"[M-H]-1","CCCCCC/C=C\C/C=C\C/C=C\C/C=C\CCC(=O)OC(CO)COP(=O)(O)OCCN","SOFGMCJQWLTKCE-ZKWNWVNESA-N","Lipids and lipid-like molecules","Glycerophospholipids","Glycerophosphoethanolamines",NA,134767365,NA,NA,NA,NA,127599.992884849,31919.6105644521,25.0153701758099,194454.692039075,118905.593239553,"C18","Neg",1
"C18-Neg-000230","Phosphatidylethanolamine lyso 20:4","C25 H44 N O7 P",501.28554,90.3,"MoNA",2065,0.5,500.27851,15.298,FALSE,"[M-H]-1","CCCCCC/C=C\C/C=C\C/C=C\C/C=C\CCC(=O)OC(CO)COP(=O)(O)OCCN","SOFGMCJQWLTKCE-ZKWNWVNESA-N","Lipids and lipid-like molecules","Glycerophospholipids","Glycerophosphoethanolamines",NA,134767365,NA,NA,NA,NA,27857.2834419483,13255.3490609131,47.5830641869151,66019.8082886072,23965.9976526133,"C18","Neg",1
"C8-Neg-000020","Phosphatidylethanolamine lyso 20:4","C25 H44 N O7 P",501.28554,90.5,"MoNA",2065,-0.64,500.27794,4.86,FALSE,"[M-H]-1","CCCCCC/C=C\C/C=C\C/C=C\C/C=C\CCC(=O)OC(CO)COP(=O)(O)OCCN","SOFGMCJQWLTKCE-ZKWNWVNESA-N","Lipids and lipid-like molecules","Glycerophospholipids","Glycerophosphoethanolamines",NA,134767365,NA,NA,NA,NA,9489810.31407877,1970143.27623036,20.7606180842995,15168797.4285567,9452069.18900295,"C8","Neg",1
"C8-Neg-000051","Phosphatidylethanolamine lyso 20:4","C25 H44 N O7 P",501.28554,90.5,"MoNA",2065,-0.46,500.27803,4.779,FALSE,"[M-H]-1","CCCCCC/C=C\C/C=C\C/C=C\C/C=C\CCC(=O)OC(CO)COP(=O)(O)OCCN","SOFGMCJQWLTKCE-ZKWNWVNESA-N","Lipids and lipid-like molecules","Glycerophospholipids","Glycerophosphoethanolamines",NA,134767365,NA,NA,NA,NA,1937746.70925883,1034176.10840415,53.3700355914789,6439048.29141646,1698536.24128953,"C8","Neg",1
"C8-Neg-000024","Phosphatidylethanolamine lyso 22:6","C27 H44 N O7 P",525.28554,86.4,"MoNA",2313,-0.8,524.27784,4.84,FALSE,"[M-H]-1","CC/C=C\C/C=C\C/C=C\C/C=C\C/C=C\C/C=C\CCC(=O)OC(CO)COP(=O)(O)OCCN","TWBVHOYVCUOMJY-KUBAVDMBSA-N","Lipids and lipid-like molecules","Glycerophospholipids","Glycerophosphoethanolamines",NA,134768957,NA,NA,NA,"120282-73-7",7417580.21561088,1849786.86722919,24.9378747982552,13043408.2589973,7284148.88703838,"C8","Neg",0
"C8-Neg-000073","Phosphatidylethanolamine lyso 22:6","C27 H44 N O7 P",525.28554,86.4,"MoNA",2313,-0.68,524.2779,4.763,FALSE,"[M-H]-1","CC/C=C\C/C=C\C/C=C\C/C=C\C/C=C\C/C=C\CCC(=O)OC(CO)COP(=O)(O)OCCN","TWBVHOYVCUOMJY-KUBAVDMBSA-N","Lipids and lipid-like molecules","Glycerophospholipids","Glycerophosphoethanolamines",NA,134768957,NA,NA,NA,"120282-73-7",1304473.19038563,716734.396932792,54.9443562516534,4372122.53521075,1144742.15457631,"C8","Neg",0
"C8-Neg-000141","Phosphatidylinositol 18:0-22:6","C49 H83 O13 P",910.55713,60.1,"MoNA",3327,-0.33,909.54955,8.064,FALSE,"[M-H]-1","CCCCCCCCCCCCCCCCCC(=O)OCC(COP(=O)(O)OC1[C@@H]([C@H](C([C@H]([C@H]1O)O)O)O)O)OC(=O)CC/C=C\C/C=C\C/C=C\C/C=C\C/C=C\C/C=C\CC","DJVOKHFQPGWUPK-CONVNOKZSA-N","Lipids and lipid-like molecules","Glycerophospholipids","Glycerophosphoinositols",NA,NA,NA,NA,NA,NA,850649.038269802,248239.147564749,29.182322720268,1701949.53634371,831463.633630362,"C8","Neg",0
"C8-Neg-000156","Phosphatidylinositol 18:0-22:6","C49 H83 O13 P",910.55713,60.1,"MoNA",3327,-0.36,909.54953,7.94,FALSE,"[M-H]-1","CCCCCCCCCCCCCCCCCC(=O)OCC(COP(=O)(O)OC1[C@@H]([C@H](C([C@H]([C@H]1O)O)O)O)O)OC(=O)CC/C=C\C/C=C\C/C=C\C/C=C\C/C=C\C/C=C\CC","DJVOKHFQPGWUPK-CONVNOKZSA-N","Lipids and lipid-like molecules","Glycerophospholipids","Glycerophosphoinositols",NA,NA,NA,NA,NA,NA,553959.970178106,279255.673676291,50.4108037962574,1279182.17935911,489228.610407938,"C8","Neg",0
"Amide-Neg-000608","Phosphocreatine","C4 H10 N3 O5 P",211.03581,75.3,"mzCloud",7181,-0.37,210.02844,13.484,FALSE,"[M-H]-1","CN(CC(=O)O)C(=NP(=O)(O)O)N","DRBBFCLWYRJSJZ-UHFFFAOYSA-N","Organic acids and derivatives","Carboxylic acids and derivatives","Amino acids, peptides, and analogues","kegg:map00330;reactome:R-HSA-71288;wiki:WP4584;wiki:WP497;wiki:WP5002;wiki:WP5190",587,NA,"HMDB0001511",NA,"922-32-7",84277.2226154301,46738.3376737047,55.457852339272,165816.872517529,78921.8819066405,"Amide","Neg",1
"C8-Neg-000114","Pinolenic acid","C18 H30 O2",278.22458,84.3,"mzCloud",6595,-1.39,277.21692,5.173,FALSE,"[M-H]-1","CCCCCC=CCC=CCCC=CCCCC(=O)O","HXQHFNIKBKZGRP-URPRIDOGSA-N","Lipids and lipid-like molecules","Fatty Acyls","Lineolic acids and derivatives",NA,5312495,"CHEBI:86136",NA,NA,"16833-54-8",1178890.04776745,456566.729084987,38.7285251877069,2300948.078716,1176391.44034819,"C8","Neg",1
"C8-Pos-000446","Pinolenic acid","C18 H30 O2",278.22458,80.8,"NIST23",4876,0.31,279.23194,4.286,FALSE,"[M+H]+1","CCCCC/C=C\C/C=C\CC/C=C\CCCC(=O)O","HXQHFNIKBKZGRP-URPRIDOGSA-N","Lipids and lipid-like molecules","Fatty Acyls","Lineolic acids and derivatives",NA,5312495,"CHEBI:86136",NA,NA,"16833-54-8",1091697.20600061,234358.060915309,21.467313429689,1543036.67792007,1141743.66929907,"C8","Pos",1
"Amide-Neg-000163","Pro","C5 H9 N O2",115.06333,75.9,"MoNA",143179,-0.94,114.05594,10.135,FALSE,"[M-H]-1","C1C[C@H](NC1)C(=O)O","ONIBWKKTOPOVIA-BYPYZUCNSA-N","Organic acids and derivatives","Carboxylic acids and derivatives","Amino acids, peptides, and analogues","kegg:map00330;reactome:R-HSA-352230;reactome:R-HSA-379716;reactome:R-HSA-379724;reactome:R-HSA-379726;reactome:R-HSA-428559;reactome:R-HSA-442660;reactome:R-HSA-70688;reactome:R-HSA-8964539;wiki:WP1938;wiki:WP4228;wiki:WP4595;wiki:WP497;wiki:WP4992;wiki:WP5009;wiki:WP5312",145742,"CHEBI:17203","HMDB0000162","C00148","147-85-3",6889854.85088693,2448189.47616881,35.5332518486026,11300329.0224355,6548286.45558139,"Amide","Neg",1
"Amide-Pos-000408","Pro-Asp","C9 H14 N2 O5",230.09027,84.6,"NIST23",1279,-1.08,231.0973,13.361,FALSE,"[M+H]+1","O=C(O)C[C@H](NC(=O)[C@@H]1CCCN1)C(=O)O","GLEOIKLQBZNKJZ-WDSKDSINSA-N","Organic acids and derivatives","Carboxylic acids and derivatives","Amino acids, peptides, and analogues",NA,7079450,"CHEBI:74756",NA,NA,NA,1505634.50996203,338672.747897543,22.4936892490651,2333836.27485301,1529841.46785174,"Amide","Pos",1
"C18-Pos-000266","Pro-Asp","C9 H14 N2 O5",230.09027,65.5,"NIST23",1279,-1.52,231.0972,1.281,FALSE,"[M+H]+1","O=C(O)C[C@H](NC(=O)[C@@H]1CCCN1)C(=O)O","GLEOIKLQBZNKJZ-WDSKDSINSA-N","Organic acids and derivatives","Carboxylic acids and derivatives","Amino acids, peptides, and analogues",NA,7079450,"CHEBI:74756",NA,NA,NA,513590.475772894,217783.835576754,42.4041811229101,873213.948982058,506132.451362728,"C18","Pos",1
"C8-Pos-000112","Progesterone","C21 H30 O2",314.22458,97,"mzCloud",553,-0.39,315.23173,4.108,FALSE,"[M+H]+1","CC(=O)C1CCC2C1(CCC3C2CCC4=CC(=O)CCC34C)C","RJKFOVLPORLFTN-LEKSSAKUSA-N","Lipids and lipid-like molecules","Steroids and steroid derivatives","Pregnane steroids","kegg:map00140;reactome:R-HSA-1187000;reactome:R-HSA-1300642;reactome:R-HSA-1474165;reactome:R-HSA-193048;reactome:R-HSA-193993;reactome:R-HSA-194002;reactome:R-HSA-196071;reactome:R-HSA-211976;reactome:R-HSA-3371497;reactome:R-HSA-5579021;reactome:R-HSA-5579028;reactome:R-HSA-5579029;reactome:R-HSA-9018519;wiki:WP170;wiki:WP2263;wiki:WP2697;wiki:WP2749;wiki:WP2817;wiki:WP4058;wiki:WP4432;wiki:WP4523;wiki:WP4524;wiki:WP4756;wiki:WP4871;wiki:WP496;wiki:WP5074;wiki:WP5094;wiki:WP5277;wiki:WP5279;wiki:WP5320;wiki:WP98",5994,"CHEBI:17026","HMDB0001830","C00410","57-83-0",4103498.55583281,6322288.14651588,154.070680432657,25887619.9228213,1867273.42026768,"C8","Pos",0
"C8-Pos-000357","Progesterone","C21 H30 O2",314.22458,82,"MoNA",23824,2.87,315.23276,4.72,FALSE,"[M+H]+1","CC(=O)[C@H]1CC[C@@H]2[C@@]1(CC[C@H]3[C@H]2CCC4=CC(=O)CC[C@]34C)C","RJKFOVLPORLFTN-LEKSSAKUSA-N","Lipids and lipid-like molecules","Steroids and steroid derivatives","Pregnane steroids","kegg:map00140;reactome:R-HSA-1187000;reactome:R-HSA-1300642;reactome:R-HSA-1474165;reactome:R-HSA-193048;reactome:R-HSA-193993;reactome:R-HSA-194002;reactome:R-HSA-196071;reactome:R-HSA-211976;reactome:R-HSA-3371497;reactome:R-HSA-5579021;reactome:R-HSA-5579028;reactome:R-HSA-5579029;reactome:R-HSA-9018519;wiki:WP170;wiki:WP2263;wiki:WP2697;wiki:WP2749;wiki:WP2817;wiki:WP4058;wiki:WP4432;wiki:WP4523;wiki:WP4524;wiki:WP4756;wiki:WP4871;wiki:WP496;wiki:WP5074;wiki:WP5094;wiki:WP5277;wiki:WP5279;wiki:WP5320;wiki:WP98",5994,"CHEBI:17026","HMDB0001830","C00410","57-83-0",82671.9202720636,42201.1628619882,51.0465496907646,168120.700293285,77369.3551655273,"C8","Pos",0
"Amide-Pos-000220","Prolinamide","C5 H10 N2 O",114.07931,84.2,"mzCloud",3432,-0.79,115.0865,15.049,FALSE,"[M+H]+1","C1CC(NC1)C(=O)N","VLJNHYLEOZPXFW-UHFFFAOYSA-N","Organic acids and derivatives","Carboxylic acids and derivatives","Amino acids, peptides, and analogues",NA,550774,NA,"HMDB0253910",NA,"58274-20-7",4874550.94173475,3096011.57122043,63.5137802071799,10553126.3432263,5650513.58460443,"Amide","Pos",0
"Amide-Pos-000353","Prolinamide","C5 H10 N2 O",114.07931,84.2,"mzCloud",3432,-0.83,115.08649,5.142,FALSE,"[M+H]+1","C1CC(NC1)C(=O)N","VLJNHYLEOZPXFW-UHFFFAOYSA-N","Organic acids and derivatives","Carboxylic acids and derivatives","Amino acids, peptides, and analogues",NA,550774,NA,"HMDB0253910",NA,"58274-20-7",1538290.51608179,846581.780387207,55.0339335474518,3506919.27160359,1485674.94514834,"Amide","Pos",0
"Amide-Pos-000337","Proline","C5 H9 N O2",115.06333,90.8,"mzCloud",560,-0.96,116.0705,1.247,FALSE,"[M+H]+1","C1CC(NC1)C(=O)O","ONIBWKKTOPOVIA-BYPYZUCNSA-N","Organic acids and derivatives","Carboxylic acids and derivatives","Amino acids, peptides, and analogues","kegg:map00330;reactome:R-HSA-352230;reactome:R-HSA-379716;reactome:R-HSA-379724;reactome:R-HSA-379726;reactome:R-HSA-428559;reactome:R-HSA-442660;reactome:R-HSA-70688;reactome:R-HSA-8964539;wiki:WP1938;wiki:WP4228;wiki:WP4595;wiki:WP497;wiki:WP4992;wiki:WP5009;wiki:WP5312",145742,"CHEBI:17203","HMDB0000162","C00148","147-85-3",1919747.84650326,747123.198797097,38.9177776736642,3928527.4201208,1905128.52596176,"Amide","Pos",1
"Amide-Pos-000457","Propionylcarnitine","C10 H19 N O4",217.13141,98.2,"mzCloud",884,-0.62,218.13855,9.707,FALSE,"[M+H]+1","CCC(=O)OC(CC(=O)[O-])C[N+](C)(C)C","UFAHZIUFPNSHSL-UHFFFAOYSA-N","Lipids and lipid-like molecules","Fatty Acyls","Fatty acid esters","reactome:R-HSA-389887;reactome:R-HSA-390918;wiki:WP1878;wiki:WP4236;wiki:WP4686",107738,"CHEBI:28867",NA,"C03017","17298-37-2",733116.113517888,301270.340512548,41.0944917124915,1426154.11155811,713459.582722373,"Amide","Pos",1
"C18-Pos-000165","Propionylcarnitine","C10 H19 N O4",217.13141,96.2,"mzCloud",884,-0.53,218.13857,2.648,FALSE,"[M+H]+1","CCC(=O)OC(CC(=O)[O-])C[N+](C)(C)C","UFAHZIUFPNSHSL-UHFFFAOYSA-N","Lipids and lipid-like molecules","Fatty Acyls","Fatty acid esters","reactome:R-HSA-389887;reactome:R-HSA-390918;wiki:WP1878;wiki:WP4236;wiki:WP4686",107738,"CHEBI:28867",NA,"C03017","17298-37-2",3004636.62961075,1341191.17865766,44.637383617047,6341031.90559489,2966137.53424618,"C18","Pos",1
"C18-Pos-000171","Propionylcarnitine","C10 H19 N O4",217.13141,96.2,"mzCloud",884,-1.29,218.1384,2.944,FALSE,"[M+H]+1","CCC(=O)OC(CC(=O)[O-])C[N+](C)(C)C","UFAHZIUFPNSHSL-UHFFFAOYSA-N","Lipids and lipid-like molecules","Fatty Acyls","Fatty acid esters","reactome:R-HSA-389887;reactome:R-HSA-390918;wiki:WP1878;wiki:WP4236;wiki:WP4686",107738,"CHEBI:28867",NA,"C03017","17298-37-2",4400928.17971681,1785542.42325419,40.5719509689678,5663497.33529611,4400928.17971681,"C18","Pos",1
"C8-Pos-000537","Prostaglandin F2α dimethylamine","C22 H41 N O3",367.30864,73.4,"NIST23",2845,0.28,350.30546,4.795,FALSE,"[M+H-H2O]+1","CCCCC[C@H](O)/C=C/[C@@H]1[C@@H](C/C=C\CCCCN(C)C)[C@@H](O)C[C@H]1O","VNLQPSLXSAMMMJ-PIOKUXGXSA-N","Organic oxygen compounds","Organooxygen compounds","Alcohols and polyols",NA,5283101,"CHEBI:73741",NA,NA,"67508-09-2",274481.706440492,233092.128064102,84.9208244465051,762167.136727833,156717.13565728,"C8","Pos",0
"Amide-Pos-000215","Pyridine-3,5-diol","C5 H5 N O2",111.03203,55.1,"NIST23",7837,-0.83,112.03923,5.151,FALSE,"[M+H]+1","C1=C(C=NC=C1O)O","DSNXVCDIWGFMOI-UHFFFAOYSA-N","Organoheterocyclic compounds","Pyridines and derivatives","Hydroxypyridines",NA,77081,NA,NA,NA,"3543-02-0",6439211.32310808,2319475.06714172,36.0211049265914,10860623.4603738,6586638.3149646,"Amide","Pos",0
"Amide-Pos-000338","Pyridine-3,5-diol","C5 H5 N O2",111.03203,55.1,"NIST23",7837,-0.26,112.03928,14.949,FALSE,"[M+H]+1","C1=C(C=NC=C1O)O","DSNXVCDIWGFMOI-UHFFFAOYSA-N","Organoheterocyclic compounds","Pyridines and derivatives","Hydroxypyridines",NA,77081,NA,NA,NA,"3543-02-0",2929438.58054312,470821.854373228,16.0720848527207,3850621.89780815,2782951.37568316,"Amide","Pos",0
"Amide-Neg-000298","Pyrogallol","C6 H6 O3",126.03169,77.6,"mzCloud",571,-0.79,125.02432,8.531,FALSE,"[M-H]-1","C1=CC(=C(C(=C1)O)O)O","WQGWDDDVZFFDIG-UHFFFAOYSA-N","Benzenoids","Phenols","Benzenetriols and derivatives","wiki:WP4238",1057,"CHEBI:16164","HMDB0013674","C01108","87-66-1",1667584.35110771,997993.540273634,59.8466602070658,3965871.09769382,1423071.54584158,"Amide","Neg",0
"Amide-Neg-000475","Pyrogallol","C6 H6 O3",126.03169,77.6,"mzCloud",571,-1.84,125.02419,8.839,FALSE,"[M-H]-1","C1=CC(=C(C(=C1)O)O)O","WQGWDDDVZFFDIG-UHFFFAOYSA-N","Benzenoids","Phenols","Benzenetriols and derivatives","wiki:WP4238",1057,"CHEBI:16164","HMDB0013674","C01108","87-66-1",174466.148079958,107458.02034672,61.5924759784756,336004.651594634,149798.191430902,"Amide","Neg",0
"Amide-Pos-000152","Pyrrole 2-carboxylate","C5 H5 N O2",111.03203,54.3,"MoNA",136301,-0.88,112.03921,8.356,FALSE,"[M+H]+1","C1=CNC(=C1)C(=O)O","WRHZVMBBRYBTKZ-UHFFFAOYSA-N","Organoheterocyclic compounds","Pyrroles","Pyrrole carboxylic acids and derivatives",NA,12473,"CHEBI:36751","HMDB0004230","C05942","634-97-9",14238079.0937346,5762202.64532299,40.4703654712709,22024657.9671279,14060896.9905998,"Amide","Pos",1
"Amide-Neg-000291","Pyrrole-2-carboxylic acid","C5 H5 N O2",111.03203,99.9,"mzCloud",572,-0.55,110.02469,10.869,FALSE,"[M-H]-1","C1=CNC(=C1)C(=O)O","WRHZVMBBRYBTKZ-UHFFFAOYSA-N","Organoheterocyclic compounds","Pyrroles","Pyrrole carboxylic acids and derivatives",NA,12473,"CHEBI:36751","HMDB0004230","C05942","634-97-9",1965640.66844399,889879.76837643,45.2717418123457,4248188.03623287,1876626.81394508,"Amide","Neg",1
"Amide-Neg-000316","Pyrrole-2-carboxylic acid","C5 H5 N O2",111.03203,99.9,"mzCloud",572,-1.05,110.02463,11.443,FALSE,"[M-H]-1","C1=CNC(=C1)C(=O)O","WRHZVMBBRYBTKZ-UHFFFAOYSA-N","Organoheterocyclic compounds","Pyrroles","Pyrrole carboxylic acids and derivatives",NA,12473,"CHEBI:36751","HMDB0004230","C05942","634-97-9",2526325.06549081,406924.348001543,16.1073629660752,3331624.99914706,2551892.8368173,"Amide","Neg",1
"Amide-Pos-000146","Pyrrole-2-carboxylic acid","C5 H5 N O2",111.03203,66.4,"mzCloud",572,-1.25,112.03917,8.575,FALSE,"[M+H]+1","C1=CNC(=C1)C(=O)O","WRHZVMBBRYBTKZ-UHFFFAOYSA-N","Organoheterocyclic compounds","Pyrroles","Pyrrole carboxylic acids and derivatives",NA,12473,"CHEBI:36751","HMDB0004230","C05942","634-97-9",7961985.47801841,5457571.54891632,68.5453592446718,23491951.0924656,6705706.72853192,"Amide","Pos",1
"Amide-Neg-000026","Pyruvic acid","C3 H4 O3",88.01604,100,"mzCloud",1264,-0.02,87.00877,2.287,FALSE,"[M-H]-1","CC(=O)C(=O)O","LCTONWCANYUPML-UHFFFAOYSA-N","Organic acids and derivatives","Keto acids and derivatives","Alpha-keto acids and derivatives","kegg:map00020;kegg:map00250;kegg:map00270;kegg:map00330;kegg:map00520;kegg:map00620;kegg:map00910;reactome:R-HSA-1614558;reactome:R-HSA-1614635;reactome:R-HSA-196807;reactome:R-HSA-197264;reactome:R-HSA-204174;reactome:R-HSA-2408508;reactome:R-HSA-389661;reactome:R-HSA-4085001;reactome:R-HSA-427601;reactome:R-HSA-428643;reactome:R-HSA-433692;reactome:R-HSA-446219;reactome:R-HSA-5362517;reactome:R-HSA-5619070;reactome:R-HSA-6782315;reactome:R-HSA-6782861;reactome:R-HSA-70171;reactome:R-HSA-70263;reactome:R-HSA-70268;reactome:R-HSA-70326;reactome:R-HSA-71240;reactome:R-HSA-71403;reactome:R-HSA-71406;reactome:R-HSA-73621;reactome:R-HSA-8956319;reactome:R-HSA-8963691;reactome:R-HSA-8964208;reactome:R-HSA-8964539;reactome:R-HSA-8964540;reactome:R-HSA-9749641;reactome:R-HSA-977347;wiki:WP106;wiki:WP1495;wiki:WP1584;wiki:WP1946;wiki:WP2333;wiki:WP2453;wiki:WP2456;wiki:WP2766;wiki:WP2868;wiki:WP3363;wiki:WP3553;wiki:WP3562;wiki:WP357;wiki:WP3574;wiki:WP3580;wiki:WP3602;wiki:WP3644;wiki:WP3965;wiki:WP4042;wiki:WP4093;wiki:WP4097;wiki:WP4141;wiki:WP4206;wiki:WP4236;wiki:WP4290;wiki:WP4297;wiki:WP4421;wiki:WP4435;wiki:WP4504;wiki:WP4595;wiki:WP4629;wiki:WP4661;wiki:WP4688;wiki:WP4742;wiki:WP4980;wiki:WP4981;wiki:WP4992;wiki:WP4994;wiki:WP5030;wiki:WP5031;wiki:WP5046;wiki:WP5049;wiki:WP5050;wiki:WP5166;wiki:WP5178;wiki:WP5211;wiki:WP5213;wiki:WP5216;wiki:WP5220;wiki:WP528;wiki:WP5312;wiki:WP5314;wiki:WP534;wiki:WP661",1060,"CHEBI:32816","HMDB0000243","C00022","127-17-3",26534430.1666693,31476519.8795346,118.625196327273,84486373.551889,9921332.05478907,"Amide","Neg",0
"Amide-Neg-000228","Pyruvic acid","C3 H4 O3",88.01604,100,"mzCloud",1264,-0.29,87.00869,9.461,FALSE,"[M-H]-1","CC(=O)C(=O)O","LCTONWCANYUPML-UHFFFAOYSA-N","Organic acids and derivatives","Keto acids and derivatives","Alpha-keto acids and derivatives","kegg:map00020;kegg:map00250;kegg:map00270;kegg:map00330;kegg:map00520;kegg:map00620;kegg:map00910;reactome:R-HSA-1614558;reactome:R-HSA-1614635;reactome:R-HSA-196807;reactome:R-HSA-197264;reactome:R-HSA-204174;reactome:R-HSA-2408508;reactome:R-HSA-389661;reactome:R-HSA-4085001;reactome:R-HSA-427601;reactome:R-HSA-428643;reactome:R-HSA-433692;reactome:R-HSA-446219;reactome:R-HSA-5362517;reactome:R-HSA-5619070;reactome:R-HSA-6782315;reactome:R-HSA-6782861;reactome:R-HSA-70171;reactome:R-HSA-70263;reactome:R-HSA-70268;reactome:R-HSA-70326;reactome:R-HSA-71240;reactome:R-HSA-71403;reactome:R-HSA-71406;reactome:R-HSA-73621;reactome:R-HSA-8956319;reactome:R-HSA-8963691;reactome:R-HSA-8964208;reactome:R-HSA-8964539;reactome:R-HSA-8964540;reactome:R-HSA-9749641;reactome:R-HSA-977347;wiki:WP106;wiki:WP1495;wiki:WP1584;wiki:WP1946;wiki:WP2333;wiki:WP2453;wiki:WP2456;wiki:WP2766;wiki:WP2868;wiki:WP3363;wiki:WP3553;wiki:WP3562;wiki:WP357;wiki:WP3574;wiki:WP3580;wiki:WP3602;wiki:WP3644;wiki:WP3965;wiki:WP4042;wiki:WP4093;wiki:WP4097;wiki:WP4141;wiki:WP4206;wiki:WP4236;wiki:WP4290;wiki:WP4297;wiki:WP4421;wiki:WP4435;wiki:WP4504;wiki:WP4595;wiki:WP4629;wiki:WP4661;wiki:WP4688;wiki:WP4742;wiki:WP4980;wiki:WP4981;wiki:WP4992;wiki:WP4994;wiki:WP5030;wiki:WP5031;wiki:WP5046;wiki:WP5049;wiki:WP5050;wiki:WP5166;wiki:WP5178;wiki:WP5211;wiki:WP5213;wiki:WP5216;wiki:WP5220;wiki:WP528;wiki:WP5312;wiki:WP5314;wiki:WP534;wiki:WP661",1060,"CHEBI:32816","HMDB0000243","C00022","127-17-3",3753634.95486976,1700261.57715142,45.296401956871,6448585.67369628,3704185.58291094,"Amide","Neg",0
"Amide-Pos-000486","Riboflavin","C17 H20 N4 O6",376.13828,79.1,"MoNA",45646,-1.03,377.14517,6.634,FALSE,"[M+H]+1","CC1=CC2=C(C=C1C)N(C3=NC(=O)NC(=O)C3=N2)C[C@@H]([C@@H]([C@@H](CO)O)O)O","AUNGANRZJHBGPY-SCRDCRAPSA-N","Organoheterocyclic compounds","Pteridines and derivatives","Alloxazines and isoalloxazines","kegg:map00740;reactome:R-HSA-196843;wiki:WP1533;wiki:WP176;wiki:WP241;wiki:WP5037",493570,"CHEBI:17015","HMDB0000244","C00255","83-88-5",371363.107279924,178035.309377392,47.9410328832673,883273.898933045,351342.708286767,"Amide","Pos",1
"C18-Pos-000307","Riboflavin","C17 H20 N4 O6",376.13828,91.4,"GNPS",67180,-0.64,377.14532,8.193,FALSE,"[M+H]+1","CC1=CC2=C(C=C1C)N(C3=NC(=O)NC(=O)C3=N2)C[C@@H]([C@@H]([C@@H](CO)O)O)O","AUNGANRZJHBGPY-SCRDCRAPSA-N","Organoheterocyclic compounds","Pteridines and derivatives","Alloxazines and isoalloxazines","kegg:map00740;reactome:R-HSA-196843;wiki:WP1533;wiki:WP176;wiki:WP241;wiki:WP5037",493570,"CHEBI:17015","HMDB0000244","C00255","83-88-5",123408.514205785,69027.8232938528,55.934409175973,266749.88192796,104811.602954437,"C18","Pos",1
"Amide-Pos-000512","S-Adenosylhomocysteine","C14 H20 N6 O5 S",384.12159,95,"mzCloud",592,-1.05,385.12846,12.667,FALSE,"[M+H]+1","O=C(O)C(N)CCSCC3OC(n2cnc1c(ncnc12)N)C(O)C3O","ZJUKTBDSGOFHSH-WFMPWKQPSA-N","Nucleosides, nucleotides, and analogues","5'-deoxyribonucleosides","5'-deoxy-5'-thionucleosides","kegg:map00130;kegg:map00270;kegg:map00330;kegg:map00340;kegg:map00350;kegg:map00380;kegg:map00760;reactome:R-HSA-112311;reactome:R-HSA-1474165;reactome:R-HSA-1483191;reactome:R-HSA-1500620;reactome:R-HSA-156581;reactome:R-HSA-1614635;reactome:R-HSA-163841;reactome:R-HSA-196741;reactome:R-HSA-196807;reactome:R-HSA-197264;reactome:R-HSA-201722;reactome:R-HSA-203927;reactome:R-HSA-209776;reactome:R-HSA-209905;reactome:R-HSA-209931;reactome:R-HSA-211000;reactome:R-HSA-212300;reactome:R-HSA-2142789;reactome:R-HSA-2299718;reactome:R-HSA-2408499;reactome:R-HSA-2408508;reactome:R-HSA-2408552;reactome:R-HSA-2514856;reactome:R-HSA-2514859;reactome:R-HSA-2559580;reactome:R-HSA-2559582;reactome:R-HSA-3214841;reactome:R-HSA-3214858;reactome:R-HSA-379397;reactome:R-HSA-379401;reactome:R-HSA-389661;reactome:R-HSA-427359;reactome:R-HSA-427389;reactome:R-HSA-427413;reactome:R-HSA-5250913;reactome:R-HSA-5250941;reactome:R-HSA-5334118;reactome:R-HSA-5358493;reactome:R-HSA-5579029;reactome:R-HSA-5601884;reactome:R-HSA-5676934;reactome:R-HSA-5693565;reactome:R-HSA-5693606;reactome:R-HSA-6782315;reactome:R-HSA-6782861;reactome:R-HSA-6787450;reactome:R-HSA-6790901;reactome:R-HSA-6793080;reactome:R-HSA-6804760;reactome:R-HSA-68875;reactome:R-HSA-69273;reactome:R-HSA-70921;reactome:R-HSA-71288;reactome:R-HSA-72086;reactome:R-HSA-72764;reactome:R-HSA-8868766;reactome:R-HSA-8876725;reactome:R-HSA-8936459;reactome:R-HSA-8939236;reactome:R-HSA-8978934;reactome:R-HSA-9009391;reactome:R-HSA-912446;reactome:R-HSA-9645723;reactome:R-HSA-9648002;reactome:R-HSA-9679514;reactome:R-HSA-9682706;reactome:R-HSA-9682708;reactome:R-HSA-9694631;reactome:R-HSA-9694635;reactome:R-HSA-9694682;reactome:R-HSA-9694686;reactome:R-HSA-9694786;reactome:R-HSA-9710421;reactome:R-HSA-9748787;reactome:R-HSA-9759218;reactome:R-HSA-9772572;reactome:R-HSA-9772573;reactome:R-HSA-9816359;reactome:R-HSA-9820952;reactome:R-HSA-9820965;reactome:R-HSA-9821993;reactome:R-HSA-9828642;wiki:WP1533;wiki:WP1589;wiki:WP176;wiki:WP1813;wiki:WP1861;wiki:WP1870;wiki:WP2333;wiki:WP241;wiki:WP2436;wiki:WP2525;wiki:WP2533;wiki:WP2654;wiki:WP2698;wiki:WP2762;wiki:WP2776;wiki:WP3305;wiki:WP3312;wiki:WP3359;wiki:WP3364;wiki:WP3391;wiki:WP3404;wiki:WP3543;wiki:WP3548;wiki:WP3553;wiki:WP3561;wiki:WP3562;wiki:WP3571;wiki:WP3574;wiki:WP3580;wiki:WP3684;wiki:WP3800;wiki:WP3801;wiki:WP3823;wiki:WP3828;wiki:WP3933;wiki:WP3996;wiki:WP4073;wiki:WP4097;wiki:WP4099;wiki:WP4132;wiki:WP4259;wiki:WP4271;wiki:WP4288;wiki:WP4292;wiki:WP4504;wiki:WP4932;wiki:WP4977;wiki:WP4988;wiki:WP4990;wiki:WP5002;wiki:WP5020;wiki:WP5021;wiki:WP5190;wiki:WP5233;wiki:WP5351;wiki:WP704",439155,"CHEBI:16680","HMDB0000939","C00021","979-92-0",256329.65630221,110619.859933992,43.1553108328487,501309.61646113,260557.576057521,"Amide","Pos",1
"C18-Pos-000204","S-Adenosylhomocysteine","C14 H20 N6 O5 S",384.12159,94.5,"mzCloud",592,-0.9,385.12852,2.218,FALSE,"[M+H]+1","O=C(O)C(N)CCSCC3OC(n2cnc1c(ncnc12)N)C(O)C3O","ZJUKTBDSGOFHSH-WFMPWKQPSA-N","Nucleosides, nucleotides, and analogues","5'-deoxyribonucleosides","5'-deoxy-5'-thionucleosides","kegg:map00130;kegg:map00270;kegg:map00330;kegg:map00340;kegg:map00350;kegg:map00380;kegg:map00760;reactome:R-HSA-112311;reactome:R-HSA-1474165;reactome:R-HSA-1483191;reactome:R-HSA-1500620;reactome:R-HSA-156581;reactome:R-HSA-1614635;reactome:R-HSA-163841;reactome:R-HSA-196741;reactome:R-HSA-196807;reactome:R-HSA-197264;reactome:R-HSA-201722;reactome:R-HSA-203927;reactome:R-HSA-209776;reactome:R-HSA-209905;reactome:R-HSA-209931;reactome:R-HSA-211000;reactome:R-HSA-212300;reactome:R-HSA-2142789;reactome:R-HSA-2299718;reactome:R-HSA-2408499;reactome:R-HSA-2408508;reactome:R-HSA-2408552;reactome:R-HSA-2514856;reactome:R-HSA-2514859;reactome:R-HSA-2559580;reactome:R-HSA-2559582;reactome:R-HSA-3214841;reactome:R-HSA-3214858;reactome:R-HSA-379397;reactome:R-HSA-379401;reactome:R-HSA-389661;reactome:R-HSA-427359;reactome:R-HSA-427389;reactome:R-HSA-427413;reactome:R-HSA-5250913;reactome:R-HSA-5250941;reactome:R-HSA-5334118;reactome:R-HSA-5358493;reactome:R-HSA-5579029;reactome:R-HSA-5601884;reactome:R-HSA-5676934;reactome:R-HSA-5693565;reactome:R-HSA-5693606;reactome:R-HSA-6782315;reactome:R-HSA-6782861;reactome:R-HSA-6787450;reactome:R-HSA-6790901;reactome:R-HSA-6793080;reactome:R-HSA-6804760;reactome:R-HSA-68875;reactome:R-HSA-69273;reactome:R-HSA-70921;reactome:R-HSA-71288;reactome:R-HSA-72086;reactome:R-HSA-72764;reactome:R-HSA-8868766;reactome:R-HSA-8876725;reactome:R-HSA-8936459;reactome:R-HSA-8939236;reactome:R-HSA-8978934;reactome:R-HSA-9009391;reactome:R-HSA-912446;reactome:R-HSA-9645723;reactome:R-HSA-9648002;reactome:R-HSA-9679514;reactome:R-HSA-9682706;reactome:R-HSA-9682708;reactome:R-HSA-9694631;reactome:R-HSA-9694635;reactome:R-HSA-9694682;reactome:R-HSA-9694686;reactome:R-HSA-9694786;reactome:R-HSA-9710421;reactome:R-HSA-9748787;reactome:R-HSA-9759218;reactome:R-HSA-9772572;reactome:R-HSA-9772573;reactome:R-HSA-9816359;reactome:R-HSA-9820952;reactome:R-HSA-9820965;reactome:R-HSA-9821993;reactome:R-HSA-9828642;wiki:WP1533;wiki:WP1589;wiki:WP176;wiki:WP1813;wiki:WP1861;wiki:WP1870;wiki:WP2333;wiki:WP241;wiki:WP2436;wiki:WP2525;wiki:WP2533;wiki:WP2654;wiki:WP2698;wiki:WP2762;wiki:WP2776;wiki:WP3305;wiki:WP3312;wiki:WP3359;wiki:WP3364;wiki:WP3391;wiki:WP3404;wiki:WP3543;wiki:WP3548;wiki:WP3553;wiki:WP3561;wiki:WP3562;wiki:WP3571;wiki:WP3574;wiki:WP3580;wiki:WP3684;wiki:WP3800;wiki:WP3801;wiki:WP3823;wiki:WP3828;wiki:WP3933;wiki:WP3996;wiki:WP4073;wiki:WP4097;wiki:WP4099;wiki:WP4132;wiki:WP4259;wiki:WP4271;wiki:WP4288;wiki:WP4292;wiki:WP4504;wiki:WP4932;wiki:WP4977;wiki:WP4988;wiki:WP4990;wiki:WP5002;wiki:WP5020;wiki:WP5021;wiki:WP5190;wiki:WP5233;wiki:WP5351;wiki:WP704",439155,"CHEBI:16680","HMDB0000939","C00021","979-92-0",1516110.1696459,570745.537067643,37.6453867597857,2942597.69843672,1463830.54728241,"C18","Pos",1
"C18-Pos-000211","S-Adenosylhomocysteine","C14 H20 N6 O5 S",384.12159,94.5,"mzCloud",592,-0.51,385.1286,2.851,FALSE,"[M+H]+1","O=C(O)C(N)CCSCC3OC(n2cnc1c(ncnc12)N)C(O)C3O","ZJUKTBDSGOFHSH-WFMPWKQPSA-N","Nucleosides, nucleotides, and analogues","5'-deoxyribonucleosides","5'-deoxy-5'-thionucleosides","kegg:map00130;kegg:map00270;kegg:map00330;kegg:map00340;kegg:map00350;kegg:map00380;kegg:map00760;reactome:R-HSA-112311;reactome:R-HSA-1474165;reactome:R-HSA-1483191;reactome:R-HSA-1500620;reactome:R-HSA-156581;reactome:R-HSA-1614635;reactome:R-HSA-163841;reactome:R-HSA-196741;reactome:R-HSA-196807;reactome:R-HSA-197264;reactome:R-HSA-201722;reactome:R-HSA-203927;reactome:R-HSA-209776;reactome:R-HSA-209905;reactome:R-HSA-209931;reactome:R-HSA-211000;reactome:R-HSA-212300;reactome:R-HSA-2142789;reactome:R-HSA-2299718;reactome:R-HSA-2408499;reactome:R-HSA-2408508;reactome:R-HSA-2408552;reactome:R-HSA-2514856;reactome:R-HSA-2514859;reactome:R-HSA-2559580;reactome:R-HSA-2559582;reactome:R-HSA-3214841;reactome:R-HSA-3214858;reactome:R-HSA-379397;reactome:R-HSA-379401;reactome:R-HSA-389661;reactome:R-HSA-427359;reactome:R-HSA-427389;reactome:R-HSA-427413;reactome:R-HSA-5250913;reactome:R-HSA-5250941;reactome:R-HSA-5334118;reactome:R-HSA-5358493;reactome:R-HSA-5579029;reactome:R-HSA-5601884;reactome:R-HSA-5676934;reactome:R-HSA-5693565;reactome:R-HSA-5693606;reactome:R-HSA-6782315;reactome:R-HSA-6782861;reactome:R-HSA-6787450;reactome:R-HSA-6790901;reactome:R-HSA-6793080;reactome:R-HSA-6804760;reactome:R-HSA-68875;reactome:R-HSA-69273;reactome:R-HSA-70921;reactome:R-HSA-71288;reactome:R-HSA-72086;reactome:R-HSA-72764;reactome:R-HSA-8868766;reactome:R-HSA-8876725;reactome:R-HSA-8936459;reactome:R-HSA-8939236;reactome:R-HSA-8978934;reactome:R-HSA-9009391;reactome:R-HSA-912446;reactome:R-HSA-9645723;reactome:R-HSA-9648002;reactome:R-HSA-9679514;reactome:R-HSA-9682706;reactome:R-HSA-9682708;reactome:R-HSA-9694631;reactome:R-HSA-9694635;reactome:R-HSA-9694682;reactome:R-HSA-9694686;reactome:R-HSA-9694786;reactome:R-HSA-9710421;reactome:R-HSA-9748787;reactome:R-HSA-9759218;reactome:R-HSA-9772572;reactome:R-HSA-9772573;reactome:R-HSA-9816359;reactome:R-HSA-9820952;reactome:R-HSA-9820965;reactome:R-HSA-9821993;reactome:R-HSA-9828642;wiki:WP1533;wiki:WP1589;wiki:WP176;wiki:WP1813;wiki:WP1861;wiki:WP1870;wiki:WP2333;wiki:WP241;wiki:WP2436;wiki:WP2525;wiki:WP2533;wiki:WP2654;wiki:WP2698;wiki:WP2762;wiki:WP2776;wiki:WP3305;wiki:WP3312;wiki:WP3359;wiki:WP3364;wiki:WP3391;wiki:WP3404;wiki:WP3543;wiki:WP3548;wiki:WP3553;wiki:WP3561;wiki:WP3562;wiki:WP3571;wiki:WP3574;wiki:WP3580;wiki:WP3684;wiki:WP3800;wiki:WP3801;wiki:WP3823;wiki:WP3828;wiki:WP3933;wiki:WP3996;wiki:WP4073;wiki:WP4097;wiki:WP4099;wiki:WP4132;wiki:WP4259;wiki:WP4271;wiki:WP4288;wiki:WP4292;wiki:WP4504;wiki:WP4932;wiki:WP4977;wiki:WP4988;wiki:WP4990;wiki:WP5002;wiki:WP5020;wiki:WP5021;wiki:WP5190;wiki:WP5233;wiki:WP5351;wiki:WP704",439155,"CHEBI:16680","HMDB0000939","C00021","979-92-0",2276653.77824544,594774.833838846,26.1249575812631,2697223.09653199,2276653.77824544,"C18","Pos",1
"Amide-Pos-000320","S-Adenosylmethionine","C15 H22 N6 O5 S",398.13724,97.8,"mzCloud",896,-1.27,399.14401,14.409,FALSE,"[M+H]+1","C[S+](CCC(C(=O)O)N)CC1C(C(C(O1)N2C=NC3=C2N=CN=C3N)O)O","MEFKEPWMEQBLKI-UHFFFAOYSA-O","Nucleosides, nucleotides, and analogues","5'-deoxyribonucleosides","5'-deoxy-5'-thionucleosides",NA,1079,"CHEBI:194378",NA,NA,NA,2857141.57372497,796320.83011558,27.8712415737029,4344603.29493649,2898229.15918755,"Amide","Pos",1
"C8-Pos-000356","S-Adenosylmethionine","C15 H22 N6 O5 S",398.13724,91.3,"mzCloud",896,0.25,399.14461,1.373,FALSE,"[M+H]+1","C[S+](CCC(C(=O)O)N)CC1C(C(C(O1)N2C=NC3=C2N=CN=C3N)O)O","MEFKEPWMEQBLKI-UHFFFAOYSA-O","Nucleosides, nucleotides, and analogues","5'-deoxyribonucleosides","5'-deoxy-5'-thionucleosides",NA,1079,"CHEBI:194378",NA,NA,NA,1596355.58432091,602251.643627797,37.7266599962435,3097426.98146319,1423275.40936195,"C8","Pos",1
"C18-Pos-000297","SINAPIC ACID METHYL ETHER","C12 H14 O5",238.08412,53.1,"MoNA",50783,-0.79,239.09121,10.118,FALSE,"[M+H]+1","COC1=CC(=CC(=C1OC)OC)/C=C/C(=O)O","YTFVRYKNXDADBI-SNAWJCMRSA-N","Phenylpropanoids and polyketides","Cinnamic acids and derivatives","Hydroxycinnamic acids and derivatives",NA,735755,"CHEBI:566519","HMDB0002511",NA,"90-50-6",119239.25191083,116255.256262159,97.4974720145826,375935.555239507,52612.3685137449,"C18","Pos",1
"C8-Pos-000679","SINAPIC ACID METHYL ETHER","C12 H14 O5",238.08412,67.5,"MoNA",50782,-0.9,239.09119,2.871,FALSE,"[M+H]+1","COC1=CC(=CC(=C1OC)OC)/C=C/C(=O)O","YTFVRYKNXDADBI-SNAWJCMRSA-N","Phenylpropanoids and polyketides","Cinnamic acids and derivatives","Hydroxycinnamic acids and derivatives",NA,735755,"CHEBI:566519","HMDB0002511",NA,"90-50-6",72724.817593689,66409.8948612397,91.316688110886,209750.151924954,51580.00014129,"C8","Pos",1
"C8-Pos-000498","SPI_256.2273_14.6","C15 H29 N O2",255.21983,53.2,"MoNA",34868,0.12,256.22715,5.641,FALSE,"[M+H]+1","CCNCC1COC2(O1)CCC(CC2)C(C)(C)C","AUYSPPNVFQBFHX-UHFFFAOYSA-N","Organic oxygen compounds","Organooxygen compounds","Ethers",NA,102298117,NA,NA,NA,"148174-97-4",485695.644325384,267952.808976138,55.1688721335593,1044096.55426773,461483.850856012,"C8","Pos",0
"C8-Pos-000570","SPI_256.2273_14.6","C15 H29 N O2",255.21983,53,"MoNA",34867,0.45,256.22722,6.199,FALSE,"[M+H]+1","CCNCC1COC2(O1)CCC(CC2)C(C)(C)C","AUYSPPNVFQBFHX-UHFFFAOYSA-N","Organic oxygen compounds","Organooxygen compounds","Ethers",NA,102298117,NA,NA,NA,"148174-97-4",294410.43523863,181475.394616274,61.6402725226714,688014.842414234,265424.177936099,"C8","Pos",0
"C8-Pos-000378","Solanidine","C27 H43 N O",397.33447,88.6,"mzCloud",2237,-0.28,398.34163,3.622,FALSE,"[M+H]+1","CC1CCC2C(C3C(N2C1)CC4C3(CCC5C4CC=C6C5(CCC(C6)O)C)C)C","JVKYZPBMZPJNAJ-OQFNDJACSA-N","Lipids and lipid-like molecules","Steroids and steroid derivatives","Steroidal alkaloids","kegg:map00830;reactome:R-HSA-1483115;reactome:R-HSA-1483255;reactome:R-HSA-6814848;wiki:WP2747;wiki:WP4195;wiki:WP4949;wiki:WP528",65727,"CHEBI:28374","HMDB0003236","C06543","80-78-4",617539.19052413,787458.283866769,127.515515768064,2537085.17263569,197297.509854084,"C8","Pos",0
"C8-Pos-000699","Solanidine","C27 H43 N O",397.33447,88.6,"mzCloud",2237,-0.19,398.34167,3.76,FALSE,"[M+H]+1","CC1CCC2C(C3C(N2C1)CC4C3(CCC5C4CC=C6C5(CCC(C6)O)C)C)C","JVKYZPBMZPJNAJ-OQFNDJACSA-N","Lipids and lipid-like molecules","Steroids and steroid derivatives","Steroidal alkaloids","kegg:map00830;reactome:R-HSA-1483115;reactome:R-HSA-1483255;reactome:R-HSA-6814848;wiki:WP2747;wiki:WP4195;wiki:WP4949;wiki:WP528",65727,"CHEBI:28374","HMDB0003236","C06543","80-78-4",71283.7811091671,47647.3198451217,66.8417403001569,154070.233520282,44827.973604253,"C8","Pos",0
"C18-Pos-000053","Spectral Match to .beta.-Nicotinamide adenine dinucleotide from NIST14","C21 H27 N7 O14 P2",663.10912,87.4,"GNPS",29883,-1.34,332.56139,1.917,FALSE,"[M+2H]+2","C1=CC(=C[N+](=C1)[C@H]2[C@@H]([C@@H]([C@H](O2)COP(=O)([O-])OP(=O)(O)OC[C@@H]3[C@H]([C@H]([C@@H](O3)N4C=NC5=C(N=CN=C54)N)O)O)O)O)C(=O)N","BAWFJGJZGIEFAR-NNYOXOHSSA-N","Nucleosides, nucleotides, and analogues","(5'->5')-dinucleotides",NA,"wiki:WP111;wiki:WP1533;wiki:WP1941;wiki:WP1946;wiki:WP2485;wiki:WP2533;wiki:WP2766;wiki:WP3574;wiki:WP3580;wiki:WP3630;wiki:WP3644;wiki:WP3645;wiki:WP4191;wiki:WP43;wiki:WP4519;wiki:WP4629;wiki:WP4688;wiki:WP5044;wiki:WP5046;wiki:WP5050;wiki:WP5175;wiki:WP5219;wiki:WP5283;wiki:WP5345;wiki:WP5346;wiki:WP5405;wiki:WP5414;wiki:WP623;wiki:WP698;wiki:WP78",5892,"CHEBI:44215","HMDB0000902",NA,"53-84-9",35742201.22927,13583596.1858851,38.0043638016375,57250086.3600945,33135965.1990963,"C18","Pos",0
"C18-Pos-000123","Spectral Match to .beta.-Nicotinamide adenine dinucleotide from NIST14","C21 H27 N7 O14 P2",663.10912,87.4,"GNPS",29883,-1.16,332.56145,1.723,FALSE,"[M+2H]+2","C1=CC(=C[N+](=C1)[C@H]2[C@@H]([C@@H]([C@H](O2)COP(=O)([O-])OP(=O)(O)OC[C@@H]3[C@H]([C@H]([C@@H](O3)N4C=NC5=C(N=CN=C54)N)O)O)O)O)C(=O)N","BAWFJGJZGIEFAR-NNYOXOHSSA-N","Nucleosides, nucleotides, and analogues","(5'->5')-dinucleotides",NA,"wiki:WP111;wiki:WP1533;wiki:WP1941;wiki:WP1946;wiki:WP2485;wiki:WP2533;wiki:WP2766;wiki:WP3574;wiki:WP3580;wiki:WP3630;wiki:WP3644;wiki:WP3645;wiki:WP4191;wiki:WP43;wiki:WP4519;wiki:WP4629;wiki:WP4688;wiki:WP5044;wiki:WP5046;wiki:WP5050;wiki:WP5175;wiki:WP5219;wiki:WP5283;wiki:WP5345;wiki:WP5346;wiki:WP5405;wiki:WP5414;wiki:WP623;wiki:WP698;wiki:WP78",5892,"CHEBI:44215","HMDB0000902",NA,"53-84-9",8746588.83904353,3962366.90311199,45.3018539687672,16489065.2914345,7604552.83283296,"C18","Pos",0
"C8-Pos-000249","Spectral Match to 1,2-Dilinoleoyl-sn-glycero-3-phosphocholine from NIST14","C44 H80 N O8 P",781.56215,77.6,"GNPS",28454,-1.33,782.56839,9.414,FALSE,"[M+H]+1","CCCCC/C=C\C/C=C\CCCCCCCC(=O)OC[C@H](COP(=O)([O-])OCC[N+](C)(C)C)OC(=O)CCCCCCC/C=C\C/C=C\CCCCC","FVXDQWZBHIXIEJ-LNDKUQBDSA-N","Lipids and lipid-like molecules","Glycerophospholipids","Glycerophosphocholines",NA,5288075,"CHEBI:42027","HMDB0008138",NA,"998-06-1",1700633.21226997,1481879.84534793,87.1369460890364,6673156.40580262,1368839.18077081,"C8","Pos",0
"C8-Pos-000266","Spectral Match to 1,2-Dilinoleoyl-sn-glycero-3-phosphocholine from NIST14","C44 H80 N O8 P",781.56215,77.6,"GNPS",28454,-1.57,782.5682,9.06,FALSE,"[M+H]+1","CCCCC/C=C\C/C=C\CCCCCCCC(=O)OC[C@H](COP(=O)([O-])OCC[N+](C)(C)C)OC(=O)CCCCCCC/C=C\C/C=C\CCCCC","FVXDQWZBHIXIEJ-LNDKUQBDSA-N","Lipids and lipid-like molecules","Glycerophospholipids","Glycerophosphocholines",NA,5288075,"CHEBI:42027","HMDB0008138",NA,"998-06-1",3001915.31585689,1206860.71223186,40.20302324509,5697595.02612553,2544415.03044005,"C8","Pos",0
"C8-Pos-000002","Spectral Match to 1-(9Z-Octadecenoyl)-2-tetradecanoyl-sn-glycero-3-phosphocholine from NIST14","C40 H78 N O8 P",731.5465,96.7,"GNPS",27532,-1.12,732.55296,8.153,FALSE,"[M+H]+1","CCCCCCCCCCCCCC(=O)O[C@H](COC(=O)CCCCCCC/C=C\CCCCCCCC)COP(=O)([O-])OCC[N+](C)(C)C","KIVAJCJTVPWSRJ-OQHNRNOKSA-N","Lipids and lipid-like molecules","Glycerophospholipids","Glycerophosphocholines",NA,24778931,"CHEBI:86092","HMDB0008097",NA,"95896-56-3",1783660376.24882,108649646.304015,6.09138644053494,2046202462.88727,1796394404.35511,"C8","Pos",0
"C8-Pos-000148","Spectral Match to 1-(9Z-Octadecenoyl)-2-tetradecanoyl-sn-glycero-3-phosphocholine from NIST14","C40 H78 N O8 P",731.5465,96.7,"GNPS",27532,-1.14,732.55293,9.113,FALSE,"[M+H]+1","CCCCCCCCCCCCCC(=O)O[C@H](COC(=O)CCCCCCC/C=C\CCCCCCCC)COP(=O)([O-])OCC[N+](C)(C)C","KIVAJCJTVPWSRJ-OQHNRNOKSA-N","Lipids and lipid-like molecules","Glycerophospholipids","Glycerophosphocholines",NA,24778931,"CHEBI:86092","HMDB0008097",NA,"95896-56-3",8737611.9708731,4270703.20877936,48.8772358284595,17126456.7406697,9923879.09649809,"C8","Pos",0
"C18-Pos-000278","Spectral Match to 1-(9Z-Octadecenoyl)-sn-glycero-3-phosphoethanolamine from NIST14","C23 H46 N O7 P",479.30119,87.9,"GNPS",30921,-0.97,480.308,16.078,FALSE,"[M+H]+1","CCCCCCCC/C=C\CCCCCCCC(=O)OC[C@H](COP(=O)(O)OCCN)O","PYVRVRFVLRNJLY-MZMPXXGTSA-N","Lipids and lipid-like molecules","Glycerophospholipids","Glycerophosphoethanolamines",NA,9547071,"CHEBI:75168","HMDB0011506",NA,"89576-29-4",283099.705850464,153018.526359065,54.0511075062334,644656.761744948,216330.062466429,"C18","Pos",1
"C8-Pos-000399","Spectral Match to 1-Hexadecanoyl-2-(5Z,8Z,11Z,14Z-eicosatetraenoyl)-sn-glycero-3-phosphoserine from NIST14","C42 H74 N O10 P",783.50503,70.2,"GNPS",30163,-1.48,784.51115,7.895,FALSE,"[M+H]+1","CCCCCCCCCCCCCCCC(=O)OC[C@H](COP(=O)(O)OC[C@@H](C(=O)O)N)OC(=O)CCC/C=C\C/C=C\C/C=C\C/C=C\CCCCC","DKLQKRSJZISZKW-KNFJROLASA-N","Lipids and lipid-like molecules","Glycerophospholipids","Glycerophosphoserines",NA,24779544,"CHEBI:90029","HMDB0012361",NA,NA,806345.836692798,560080.514759895,69.4590942587424,2265483.86808788,602611.702687157,"C8","Pos",1
"C18-Pos-000255","Spectral Match to 1-Hexadecanoyl-sn-glycero-3-phosphoethanolamine from NIST14","C21 H44 N O7 P",453.28554,84,"GNPS",26497,-1.42,454.29217,15.784,FALSE,"[M+H]+1","CCCCCCCCCCCCCCCC(=O)OC[C@H](COP(=O)(O)OCCN)O","YVYMBNSKXOXSKW-HXUWFJFHSA-N","Lipids and lipid-like molecules","Glycerophospholipids","Glycerophosphoethanolamines","kegg:map00564",9547069,"CHEBI:73134","HMDB0011503",NA,"53862-35-4",342798.980866118,211761.805041738,61.7743391496378,1129310.5655289,315676.948468427,"C18","Pos",1
"Amide-Pos-000483","Spectral Match to 1-Myristoyl-sn-glycero-3-phosphocholine from NIST14","C22 H46 N O7 P",467.30119,82.3,"GNPS",30136,-1.73,468.30765,7.474,FALSE,"[M+H]+1","CCCCCCCCCCCCCC(=O)OC[C@H](COP(=O)([O-])OCC[N+](C)(C)C)O","VXUOFDJKYGDUJI-OAQYLSRUSA-N","Lipids and lipid-like molecules","Glycerophospholipids","Glycerophosphocholines","kegg:map00590",460604,"CHEBI:64489","HMDB0010379",NA,"20559-16-4",407553.484824048,201720.883265487,49.4955608961545,931094.883855601,384248.681644753,"Amide","Pos",1
"C18-Pos-000180","Spectral Match to 1-Octadecanoyl-sn-glycero-3-phosphocholine from NIST14","C26 H54 N O7 P",523.36379,92.4,"GNPS",28008,-1.24,524.37042,17.138,FALSE,"[M+H]+1","CCCCCCCCCCCCCCCCCC(=O)OC[C@H](COP(=O)([O-])OCC[N+](C)(C)C)O","IHNKQIMGVNPMTC-RUZDIDTESA-N","Lipids and lipid-like molecules","Glycerophospholipids","Glycerophosphocholines","kegg:map00564;wiki:WP4195;wiki:WP4949",497299,"CHEBI:73858","HMDB0010384",NA,"19420-57-6",812679.152958705,949610.562169336,116.849381297909,4898588.88941853,534956.173250509,"C18","Pos",1
"C8-Pos-000042","Spectral Match to 1-Octadecanoyl-sn-glycero-3-phosphocholine from NIST14","C26 H54 N O7 P",523.36379,93.7,"GNPS",28008,-0.2,524.37096,5.446,FALSE,"[M+H]+1","CCCCCCCCCCCCCCCCCC(=O)OC[C@H](COP(=O)([O-])OCC[N+](C)(C)C)O","IHNKQIMGVNPMTC-RUZDIDTESA-N","Lipids and lipid-like molecules","Glycerophospholipids","Glycerophosphocholines","kegg:map00564;wiki:WP4195;wiki:WP4949",497299,"CHEBI:73858","HMDB0010384",NA,"19420-57-6",64451419.6263968,23251242.6548031,36.0756097997262,139135539.499995,58042877.2748414,"C8","Pos",1
"C8-Pos-000188","Spectral Match to 1-Octadecanoyl-sn-glycero-3-phosphocholine from NIST14","C26 H54 N O7 P",523.36379,93.7,"GNPS",28008,-0.17,524.37098,5.314,FALSE,"[M+H]+1","CCCCCCCCCCCCCCCCCC(=O)OC[C@H](COP(=O)([O-])OCC[N+](C)(C)C)O","IHNKQIMGVNPMTC-RUZDIDTESA-N","Lipids and lipid-like molecules","Glycerophospholipids","Glycerophosphocholines","kegg:map00564;wiki:WP4195;wiki:WP4949",497299,"CHEBI:73858","HMDB0010384",NA,"19420-57-6",7593378.73685607,1859343.4752479,24.4863787212823,11206517.3536177,7379153.30976347,"C8","Pos",1
"C8-Pos-000219","Spectral Match to 2-Linoleoyl-1-palmitoyl-sn-glycero-3-phosphoethanolamine from NIST14","C39 H74 N O8 P",715.5152,87.8,"GNPS",27352,-0.73,716.52196,8.354,FALSE,"[M+H]+1","CCCCCCCCCCCCCCCC(=O)OC[C@@H](COP(=O)(O)OCCN)OC(=O)CCCCCCC/C=C/C/C=C/CCCCC","HBZNVZIRJWODIB-KPMVPPRFSA-N","Lipids and lipid-like molecules","Glycerophospholipids","Glycerophosphoethanolamines",NA,71311714,"CHEBI:183874",NA,NA,"13206-00-3",4756655.67125084,1795744.38833037,37.7522467977622,7780575.35483223,5002777.6805969,"C8","Pos",0
"C8-Pos-000340","Spectral Match to 2-Linoleoyl-1-palmitoyl-sn-glycero-3-phosphoethanolamine from NIST14","C39 H74 N O8 P",715.5152,87.8,"GNPS",27352,-0.77,716.52193,8.527,FALSE,"[M+H]+1","CCCCCCCCCCCCCCCC(=O)OC[C@@H](COP(=O)(O)OCCN)OC(=O)CCCCCCC/C=C/C/C=C/CCCCC","HBZNVZIRJWODIB-KPMVPPRFSA-N","Lipids and lipid-like molecules","Glycerophospholipids","Glycerophosphoethanolamines",NA,71311714,"CHEBI:183874",NA,NA,"13206-00-3",536432.92745639,878569.203312143,163.779879709858,3560275.79394306,297177.9146579,"C8","Pos",0
"C8-Pos-000321","Spectral Match to Cholesta-4,6-dien-3-one from NIST14","C27 H42 O",382.32357,79.3,"GNPS",27134,0.13,383.33089,6.851,FALSE,"[M+H]+1","C[C@H](CCCC(C)C)[C@H]1CC[C@@H]2[C@@]1(CC[C@H]3[C@H]2C=CC4=CC(=O)CC[C@]34C)C","XIWMRKFKSRYSIJ-GYKMGIIDSA-N","Lipids and lipid-like molecules","Steroids and steroid derivatives","Cholestane steroids",NA,3034666,"CHEBI:157665","HMDB0002394",NA,"566-93-8",2714889.1800507,621894.080916239,22.9067943356946,3979263.39514697,2683072.50902367,"C8","Pos",0
"C8-Pos-000431","Spectral Match to Cholesta-4,6-dien-3-one from NIST14","C27 H42 O",382.32357,79.3,"GNPS",27134,-0.21,383.33076,6.637,FALSE,"[M+H]+1","C[C@H](CCCC(C)C)[C@H]1CC[C@@H]2[C@@]1(CC[C@H]3[C@H]2C=CC4=CC(=O)CC[C@]34C)C","XIWMRKFKSRYSIJ-GYKMGIIDSA-N","Lipids and lipid-like molecules","Steroids and steroid derivatives","Cholestane steroids",NA,3034666,"CHEBI:157665","HMDB0002394",NA,"566-93-8",1248301.93663403,297926.08436168,23.8665082235649,1756247.53183031,1247142.55760698,"C8","Pos",0
"C18-Pos-000232","Spectral Match to Decaethylene glycol from NIST14","C20 H42 O11",458.27271,66.4,"GNPS",28126,-1.36,476.30591,9.291,FALSE,"[M+NH4]+1","C(COCCOCCOCCOCCOCCOCCOCCOCCOCCO)O","DTPCFIHYWYONMD-UHFFFAOYSA-N","Organic oxygen compounds","Organooxygen compounds","Ethers",NA,79689,"CHEBI:46550",NA,NA,"5579-66-8",781372.581920701,394521.360246816,50.4908118579025,1789838.84645339,634961.693738963,"C18","Pos",1
"C8-Pos-000243","Spectral Match to Decanedioic acid, bis(2-ethylhexyl) ester from NIST14","C26 H50 O4",426.37091,77.5,"GNPS",26997,-0.07,427.37814,7.301,FALSE,"[M+H]+1","CCCCC(CC)COC(=O)CCCCCCCCC(=O)OCC(CC)CCCC","VJHINFRRDQUWOJ-UHFFFAOYSA-N","Lipids and lipid-like molecules","Fatty Acyls","Fatty acid esters",NA,31218,NA,NA,NA,"122-62-3",1247818.6790015,496344.743804825,39.776992615786,2130885.68268821,1236808.44733145,"C8","Pos",0
"C8-Neg-000150","Spectral Match to Dioctyl sulfosuccinate from NIST14","C20 H38 O7 S",422.23382,54.2,"GNPS",27359,-0.8,421.22621,4.6,FALSE,"[M-H]-1","CCCCC(CC)COC(=O)CC(C(=O)OCC(CC)CCCC)S(=O)(=O)O","HNSDLXPSAYFUHK-UHFFFAOYSA-N","Lipids and lipid-like molecules","Fatty Acyls","Fatty acid esters","kegg:map00592;reactome:R-HSA-2980736;reactome:R-HSA-381771;reactome:R-HSA-400508;reactome:R-HSA-444209;reactome:R-HSA-9018683;reactome:R-HSA-9025094;reactome:R-HSA-9026286;reactome:R-HSA-9026290;reactome:R-HSA-9027604;wiki:WP2728;wiki:WP4438;wiki:WP4444;wiki:WP4586;wiki:WP4723;wiki:WP4853;wiki:WP5122;wiki:WP5321",11339,"CHEBI:534",NA,"C07874","10041-19-7",828327.83118961,354478.48909352,42.7944680531177,1438908.41740819,786292.283741183,"C8","Neg",1
"C18-Pos-000263","Spectral Match to L-Methionine, N-acetyl- from NIST14","C7 H13 N O3 S",191.06161,73.6,"GNPS",26358,-0.95,192.06869,6.549,FALSE,"[M+H]+1","CC(=O)N[C@@H](CCSC)C(=O)O","XUYPXLNMDZIRQH-LURJTMIESA-N","Organic acids and derivatives","Carboxylic acids and derivatives","Amino acids, peptides, and analogues",NA,448580,"CHEBI:21557","HMDB0011745","C02712","65-82-7",553125.062908127,175608.71702973,31.7484650047215,938933.80520323,535118.246516056,"C18","Pos",1
"C18-Pos-000280","Spectral Match to Oleoyl L-carnitine from NIST14","C25 H47 N O4",425.35051,76.6,"GNPS",31124,-1.06,426.35733,14.776,FALSE,"[M+H]+1","CCCCCCCC/C=C\CCCCCCCC(=O)O[C@H](CC(=O)[O-])C[N+](C)(C)C","IPOLTUVFXFHAHI-WHIOSMTNSA-N","Lipids and lipid-like molecules","Fatty Acyls","Fatty acid esters",NA,46907933,"CHEBI:84651",NA,NA,"38677-66-6",194915.244130282,134843.727788014,69.1806987132743,612689.704390036,159836.6510269,"C18","Pos",1
"C8-Pos-000572","Spectral Match to Prostaglandin F2.alpha. dimethylamine from NIST14","C22 H41 N O3",367.30864,73.4,"GNPS",30746,0.08,368.31594,4.708,FALSE,"[M+H]+1","CCCCC[C@@H](/C=C/[C@H]1[C@@H](C[C@@H]([C@@H]1C/C=C\CCCCN(C)C)O)O)O","VNLQPSLXSAMMMJ-PIOKUXGXSA-N","Organic oxygen compounds","Organooxygen compounds","Alcohols and polyols",NA,5283101,"CHEBI:73741",NA,NA,"67508-09-2",307478.673907954,197851.776603972,64.3465038044232,685223.037978836,220240.104268615,"C8","Pos",0
"C8-Pos-000499","Spectral Match to cis-8,11,14-Eicosatrienoic acid from NIST14","C20 H34 O2",306.25588,78.4,"GNPS",29479,0.08,307.26333,4.958,FALSE,"[M+H]+1","CCCCC/C=C\C/C=C\C/C=C\CCCCCCC(=O)O","HOBAELRKJCKHQD-QNEBEIHSSA-N","Lipids and lipid-like molecules","Fatty Acyls","Fatty acids and conjugates","kegg:map00592;reactome:R-HSA-2980736;reactome:R-HSA-381771;reactome:R-HSA-400508;reactome:R-HSA-444209;wiki:WP2728;wiki:WP4586;wiki:WP4723;wiki:WP4853",5280581,"CHEBI:53486","HMDB0002925","C03242","1783-84-2",280533.508847115,471402.410828703,168.037826484966,1123483.50406159,76847.067536598,"C8","Pos",1
"Amide-Pos-000195","Spermidine","C7 H19 N3",145.1579,93,"mzCloud",9,-0.99,146.16503,8.677,FALSE,"[M+H]+1","C(CCNCCCN)CN","ATHGHQPFGPMSJY-UHFFFAOYSA-N","Organic nitrogen compounds","Organonitrogen compounds","Amines","kegg:map00270;reactome:R-HSA-140179;reactome:R-HSA-141334;reactome:R-HSA-163841;reactome:R-HSA-204626;reactome:R-HSA-351200;reactome:R-HSA-351202;reactome:R-HSA-549127;reactome:R-HSA-549132;wiki:WP2525;wiki:WP2762;wiki:WP3555;wiki:WP3580;wiki:WP497",1102,"CHEBI:16610","HMDB0001257",NA,"124-20-9",2211326.51059353,2702903.79690115,122.229973002751,12097551.56583,1338524.88725928,"Amide","Pos",1
"C18-Pos-000030","Spermidine","C7 H19 N3",145.1579,87.4,"mzCloud",9,-1.08,146.16502,0.892,FALSE,"[M+H]+1","C(CCNCCCN)CN","ATHGHQPFGPMSJY-UHFFFAOYSA-N","Organic nitrogen compounds","Organonitrogen compounds","Amines","kegg:map00270;reactome:R-HSA-140179;reactome:R-HSA-141334;reactome:R-HSA-163841;reactome:R-HSA-204626;reactome:R-HSA-351200;reactome:R-HSA-351202;reactome:R-HSA-549127;reactome:R-HSA-549132;wiki:WP2525;wiki:WP2762;wiki:WP3555;wiki:WP3580;wiki:WP497",1102,"CHEBI:16610","HMDB0001257",NA,"124-20-9",75654925.0903226,16775891.7699878,22.1742229603155,100958203.023498,81225279.3370219,"C18","Pos",1
"C8-Pos-000293","Stearic acid","C18 H36 O2",284.27153,81.5,"mzCloud",919,-0.49,285.27867,5.842,FALSE,"[M+H]+1","CCCCCCCCCCCCCCCCCC(=O)O","QIQXTHQIDYTFRH-UHFFFAOYSA-N","Lipids and lipid-like molecules","Fatty Acyls","Fatty acids and conjugates","reactome:R-HSA-196791;wiki:WP4195;wiki:WP4724;wiki:WP4853",5281,"CHEBI:28842","HMDB0000827","C01530","57-11-4",3785698.97819607,527215.10393408,13.9264930194028,4874662.5279243,3753070.69168855,"C8","Pos",0
"C8-Pos-000618","Stearic acid","C18 H36 O2",284.27153,81.5,"mzCloud",919,-0.16,285.27883,5.739,FALSE,"[M+H]+1","CCCCCCCCCCCCCCCCCC(=O)O","QIQXTHQIDYTFRH-UHFFFAOYSA-N","Lipids and lipid-like molecules","Fatty Acyls","Fatty acids and conjugates","reactome:R-HSA-196791;wiki:WP4195;wiki:WP4724;wiki:WP4853",5281,"CHEBI:28842","HMDB0000827","C01530","57-11-4",414516.669215735,50426.1823800024,12.1650553825516,471945.839841448,423051.87329974,"C8","Pos",0
"C8-Pos-000585","Stigmastadienone","C29 H46 O",410.35487,63.9,"NIST23",21113,0.05,411.36221,6.529,FALSE,"[M+H]+1","CCC(/C=C/[C@@H](C)[C@H]1CCC2[C@@H]3CCC4=CC(=O)CC[C@]4(C)C3CC[C@@]21C)C(C)C","MKGZDUKUQPPHFM-DPZQRLQDSA-N","Organic compounds","Lipids and lipid-like molecules","Steroids and steroid derivatives",NA,75536003,NA,NA,NA,NA,448213.651986907,84206.106980949,18.7870464470834,612613.947677035,424233.96143293,"C8","Pos",0
"C8-Pos-000697","Stigmastadienone","C29 H46 O",410.35487,63.9,"NIST23",21113,-0.1,411.3621,7.391,FALSE,"[M+H]+1","CCC(/C=C/[C@@H](C)[C@H]1CCC2[C@@H]3CCC4=CC(=O)CC[C@]4(C)C3CC[C@@]21C)C(C)C","MKGZDUKUQPPHFM-DPZQRLQDSA-N","Organic compounds","Lipids and lipid-like molecules","Steroids and steroid derivatives",NA,75536003,NA,NA,NA,NA,105982.536742226,28438.5952485762,26.8332841643011,166524.978937768,101996.960267735,"C8","Pos",0
"Amide-Neg-000195","Succinate","C4 H6 O4",118.02661,94,"MoNA",133983,-0.34,117.01926,4.832,FALSE,"[M-H]-1","C(CC(=O)O)C(=O)O","KDYFGRWQOYBRFD-UHFFFAOYSA-N","Organic acids and derivatives","Carboxylic acids and derivatives","Dicarboxylic acids and derivatives","kegg:map00020;kegg:map00072;kegg:map00190;kegg:map00250;kegg:map00280;kegg:map00330;kegg:map00650;reactome:R-HSA-112122;reactome:R-HSA-112126;reactome:R-HSA-112310;reactome:R-HSA-1234174;reactome:R-HSA-1234176;reactome:R-HSA-1474290;reactome:R-HSA-163841;reactome:R-HSA-1650814;reactome:R-HSA-2299718;reactome:R-HSA-2559580;reactome:R-HSA-3214842;reactome:R-HSA-389599;reactome:R-HSA-390918;reactome:R-HSA-433137;reactome:R-HSA-5221030;reactome:R-HSA-5625740;reactome:R-HSA-5625886;reactome:R-HSA-6782315;reactome:R-HSA-6782861;reactome:R-HSA-68875;reactome:R-HSA-71262;reactome:R-HSA-71403;reactome:R-HSA-71406;reactome:R-HSA-73942;reactome:R-HSA-73943;reactome:R-HSA-74182;reactome:R-HSA-77108;reactome:R-HSA-888590;reactome:R-HSA-916853;reactome:R-HSA-9629569;reactome:R-HSA-9816359;reactome:R-HSA-9821002;wiki:WP106;wiki:WP111;wiki:WP1804;wiki:WP1878;wiki:WP2453;wiki:WP2654;wiki:WP2685;wiki:WP2725;wiki:WP2727;wiki:WP2766;wiki:WP3372;wiki:WP3397;wiki:WP3404;wiki:WP3553;wiki:WP3602;wiki:WP4113;wiki:WP4157;wiki:WP4159;wiki:WP4206;wiki:WP4236;wiki:WP4297;wiki:WP4661;wiki:WP4996;wiki:WP5195;wiki:WP5348;wiki:WP78",1110,"CHEBI:15741","HMDB0000254","C00042","110-15-6",5786080.78626671,1726118.49280137,29.8322570417323,8662892.39825937,5313151.25070888,"Amide","Neg",1
"C18-Neg-000059","Succinic acid","C4 H6 O4",118.02661,99.9,"mzCloud",1395,-0.23,117.01931,2.243,FALSE,"[M-H]-1","C(CC(=O)O)C(=O)O","KDYFGRWQOYBRFD-UHFFFAOYSA-N","Organic acids and derivatives","Carboxylic acids and derivatives","Dicarboxylic acids and derivatives","kegg:map00020;kegg:map00072;kegg:map00190;kegg:map00250;kegg:map00280;kegg:map00330;kegg:map00650;reactome:R-HSA-112122;reactome:R-HSA-112126;reactome:R-HSA-112310;reactome:R-HSA-1234174;reactome:R-HSA-1234176;reactome:R-HSA-1474290;reactome:R-HSA-163841;reactome:R-HSA-1650814;reactome:R-HSA-2299718;reactome:R-HSA-2559580;reactome:R-HSA-3214842;reactome:R-HSA-389599;reactome:R-HSA-390918;reactome:R-HSA-433137;reactome:R-HSA-5221030;reactome:R-HSA-5625740;reactome:R-HSA-5625886;reactome:R-HSA-6782315;reactome:R-HSA-6782861;reactome:R-HSA-68875;reactome:R-HSA-71262;reactome:R-HSA-71403;reactome:R-HSA-71406;reactome:R-HSA-73942;reactome:R-HSA-73943;reactome:R-HSA-74182;reactome:R-HSA-77108;reactome:R-HSA-888590;reactome:R-HSA-916853;reactome:R-HSA-9629569;reactome:R-HSA-9816359;reactome:R-HSA-9821002;wiki:WP106;wiki:WP111;wiki:WP1804;wiki:WP1878;wiki:WP2453;wiki:WP2654;wiki:WP2685;wiki:WP2725;wiki:WP2727;wiki:WP2766;wiki:WP3372;wiki:WP3397;wiki:WP3404;wiki:WP3553;wiki:WP3602;wiki:WP4113;wiki:WP4157;wiki:WP4159;wiki:WP4206;wiki:WP4236;wiki:WP4297;wiki:WP4661;wiki:WP4996;wiki:WP5195;wiki:WP5348;wiki:WP78",1110,"CHEBI:15741","HMDB0000254","C00042","110-15-6",6897691.85317969,3301249.35781679,47.8602035011898,10794118.9656335,8134510.76056924,"C18","Neg",1
"C18-Neg-000067","Succinic acid","C4 H6 O4",118.02661,99.9,"mzCloud",1395,-0.41,117.01928,2.589,FALSE,"[M-H]-1","C(CC(=O)O)C(=O)O","KDYFGRWQOYBRFD-UHFFFAOYSA-N","Organic acids and derivatives","Carboxylic acids and derivatives","Dicarboxylic acids and derivatives","kegg:map00020;kegg:map00072;kegg:map00190;kegg:map00250;kegg:map00280;kegg:map00330;kegg:map00650;reactome:R-HSA-112122;reactome:R-HSA-112126;reactome:R-HSA-112310;reactome:R-HSA-1234174;reactome:R-HSA-1234176;reactome:R-HSA-1474290;reactome:R-HSA-163841;reactome:R-HSA-1650814;reactome:R-HSA-2299718;reactome:R-HSA-2559580;reactome:R-HSA-3214842;reactome:R-HSA-389599;reactome:R-HSA-390918;reactome:R-HSA-433137;reactome:R-HSA-5221030;reactome:R-HSA-5625740;reactome:R-HSA-5625886;reactome:R-HSA-6782315;reactome:R-HSA-6782861;reactome:R-HSA-68875;reactome:R-HSA-71262;reactome:R-HSA-71403;reactome:R-HSA-71406;reactome:R-HSA-73942;reactome:R-HSA-73943;reactome:R-HSA-74182;reactome:R-HSA-77108;reactome:R-HSA-888590;reactome:R-HSA-916853;reactome:R-HSA-9629569;reactome:R-HSA-9816359;reactome:R-HSA-9821002;wiki:WP106;wiki:WP111;wiki:WP1804;wiki:WP1878;wiki:WP2453;wiki:WP2654;wiki:WP2685;wiki:WP2725;wiki:WP2727;wiki:WP2766;wiki:WP3372;wiki:WP3397;wiki:WP3404;wiki:WP3553;wiki:WP3602;wiki:WP4113;wiki:WP4157;wiki:WP4159;wiki:WP4206;wiki:WP4236;wiki:WP4297;wiki:WP4661;wiki:WP4996;wiki:WP5195;wiki:WP5348;wiki:WP78",1110,"CHEBI:15741","HMDB0000254","C00042","110-15-6",4689575.51561031,4498284.33152272,95.9209275242327,9406978.48708607,4477428.70731913,"C18","Neg",1
"Amide-Neg-000337","Taurine","C2 H7 N O3 S",125.01466,96.1,"mzCloud",654,-1.13,124.00725,11.382,FALSE,"[M-H]-1","C(CS(=O)(=O)O)N","XOAAWQZATWQOTB-UHFFFAOYSA-N","Organic acids and derivatives","Organic sulfonic acids and derivatives","Organosulfonic acids and derivatives","kegg:map00120;kegg:map00430;reactome:R-HSA-159418;reactome:R-HSA-1614558;reactome:R-HSA-1614635;reactome:R-HSA-192105;reactome:R-HSA-193368;reactome:R-HSA-194068;reactome:R-HSA-352230;reactome:R-HSA-442660;reactome:R-HSA-8963693;wiki:WP1788;wiki:WP2333;wiki:WP2525;wiki:WP2848;wiki:WP3574;wiki:WP4292;wiki:WP4504;wiki:WP4979;wiki:WP5176;wiki:WP715",1123,"CHEBI:15891","HMDB0000251","C00245","107-35-7",1828167.78297965,848820.589899822,46.4301251669783,3144212.85391324,1812614.8072068,"Amide","Neg",1
"Amide-Neg-000462","Taurine","C2 H7 N O3 S",125.01466,96.1,"mzCloud",654,-0.81,124.00729,12.277,FALSE,"[M-H]-1","C(CS(=O)(=O)O)N","XOAAWQZATWQOTB-UHFFFAOYSA-N","Organic acids and derivatives","Organic sulfonic acids and derivatives","Organosulfonic acids and derivatives","kegg:map00120;kegg:map00430;reactome:R-HSA-159418;reactome:R-HSA-1614558;reactome:R-HSA-1614635;reactome:R-HSA-192105;reactome:R-HSA-193368;reactome:R-HSA-194068;reactome:R-HSA-352230;reactome:R-HSA-442660;reactome:R-HSA-8963693;wiki:WP1788;wiki:WP2333;wiki:WP2525;wiki:WP2848;wiki:WP3574;wiki:WP4292;wiki:WP4504;wiki:WP4979;wiki:WP5176;wiki:WP715",1123,"CHEBI:15891","HMDB0000251","C00245","107-35-7",407128.444984901,238439.627919742,58.5661922808132,1123893.67084511,365134.285196053,"Amide","Neg",1
"Amide-Pos-000028","Taurine","C2 H7 N O3 S",125.01466,96.8,"mzCloud",654,-1.33,126.02177,9.475,FALSE,"[M+H]+1","C(CS(=O)(=O)O)N","XOAAWQZATWQOTB-UHFFFAOYSA-N","Organic acids and derivatives","Organic sulfonic acids and derivatives","Organosulfonic acids and derivatives","kegg:map00120;kegg:map00430;reactome:R-HSA-159418;reactome:R-HSA-1614558;reactome:R-HSA-1614635;reactome:R-HSA-192105;reactome:R-HSA-193368;reactome:R-HSA-194068;reactome:R-HSA-352230;reactome:R-HSA-442660;reactome:R-HSA-8963693;wiki:WP1788;wiki:WP2333;wiki:WP2525;wiki:WP2848;wiki:WP3574;wiki:WP4292;wiki:WP4504;wiki:WP4979;wiki:WP5176;wiki:WP715",1123,"CHEBI:15891","HMDB0000251","C00245","107-35-7",557685274.420005,112547816.698413,20.1812423351975,824883417.251409,556574837.936166,"Amide","Pos",1
"Amide-Pos-000271","Taurine","C2 H7 N O3 S",125.01466,96.8,"mzCloud",654,-1.27,126.02178,11.478,FALSE,"[M+H]+1","C(CS(=O)(=O)O)N","XOAAWQZATWQOTB-UHFFFAOYSA-N","Organic acids and derivatives","Organic sulfonic acids and derivatives","Organosulfonic acids and derivatives","kegg:map00120;kegg:map00430;reactome:R-HSA-159418;reactome:R-HSA-1614558;reactome:R-HSA-1614635;reactome:R-HSA-192105;reactome:R-HSA-193368;reactome:R-HSA-194068;reactome:R-HSA-352230;reactome:R-HSA-442660;reactome:R-HSA-8963693;wiki:WP1788;wiki:WP2333;wiki:WP2525;wiki:WP2848;wiki:WP3574;wiki:WP4292;wiki:WP4504;wiki:WP4979;wiki:WP5176;wiki:WP715",1123,"CHEBI:15891","HMDB0000251","C00245","107-35-7",4895936.71957722,1226609.40794583,25.053620547035,7063544.13016467,5066252.43242756,"Amide","Pos",1
"C18-Pos-000041","Taurine","C2 H7 N O3 S",125.01466,99.3,"mzCloud",654,-1.15,126.0218,1.403,FALSE,"[M+H]+1","C(CS(=O)(=O)O)N","XOAAWQZATWQOTB-UHFFFAOYSA-N","Organic acids and derivatives","Organic sulfonic acids and derivatives","Organosulfonic acids and derivatives","kegg:map00120;kegg:map00430;reactome:R-HSA-159418;reactome:R-HSA-1614558;reactome:R-HSA-1614635;reactome:R-HSA-192105;reactome:R-HSA-193368;reactome:R-HSA-194068;reactome:R-HSA-352230;reactome:R-HSA-442660;reactome:R-HSA-8963693;wiki:WP1788;wiki:WP2333;wiki:WP2525;wiki:WP2848;wiki:WP3574;wiki:WP4292;wiki:WP4504;wiki:WP4979;wiki:WP5176;wiki:WP715",1123,"CHEBI:15891","HMDB0000251","C00245","107-35-7",46409517.501622,17016555.6263665,36.6660903677176,73705449.8827507,46580202.791476,"C18","Pos",1
"C8-Pos-000391","Terpestacin","C25 H38 O4",402.27701,67.6,"mzCloud",7819,0.02,403.2843,5.113,FALSE,"[M+H]+1","CC1=CCCC(=CCC2(C(CC=C(C(CC1)O)C)C(=C(C2=O)O)C(C)CO)C)C","UTGBBPSEQPITLF-IXRUDUFRSA-N","Organic oxygen compounds","Organooxygen compounds","Alcohols and polyols",NA,6475118,NA,NA,NA,"146436-22-8",1026925.98352978,408104.330248412,39.7403840971736,2353048.21936582,996368.191741654,"C8","Pos",0
"C8-Pos-000530","Terpestacin","C25 H38 O4",402.27701,67.6,"mzCloud",7819,0.18,403.28433,5.051,FALSE,"[M+H]+1","CC1=CCCC(=CCC2(C(CC=C(C(CC1)O)C)C(=C(C2=O)O)C(C)CO)C)C","UTGBBPSEQPITLF-IXRUDUFRSA-N","Organic oxygen compounds","Organooxygen compounds","Alcohols and polyols",NA,6475118,NA,NA,NA,"146436-22-8",265697.477135706,200641.965550701,75.5151940897889,882765.937866972,210623.355396564,"C8","Pos",0
"Amide-Pos-000263","Tetraethylene glycol monomethyl ether","C9 H20 O5",208.13107,85.6,"NIST23",592,-0.78,209.13821,1.127,FALSE,"[M+H]+1","COCCOCCOCCOCCO","ZNYRFEPBTVGZDN-UHFFFAOYSA-N","Organic oxygen compounds","Organooxygen compounds","Ethers",NA,90263,"CHEBI:189796","HMDB0062236",NA,"23783-42-8",4203307.20954698,1536349.86849238,36.5509774066209,7441499.52553027,3877338.15168775,"Amide","Pos",1
"C18-Pos-000223","Tetraethylene glycol monomethyl ether","C9 H20 O5",208.13107,83.4,"NIST23",592,-0.71,209.13821,7.078,FALSE,"[M+H]+1","COCCOCCOCCOCCO","ZNYRFEPBTVGZDN-UHFFFAOYSA-N","Organic oxygen compounds","Organooxygen compounds","Ethers",NA,90263,"CHEBI:189796","HMDB0062236",NA,"23783-42-8",1069989.20147466,433714.320324293,40.5344577054187,2148198.82230221,948471.06167131,"C18","Pos",1
"C8-Pos-000578","Tetraethylene glycol monomethyl ether","C9 H20 O5",208.13107,50.9,"NIST23",9174,-0.08,209.13833,1.652,FALSE,"[M+H]+1","COCCOCCOCCOCCO","ZNYRFEPBTVGZDN-UHFFFAOYSA-N","Organic oxygen compounds","Organooxygen compounds","Ethers",NA,90263,"CHEBI:189796","HMDB0062236",NA,"23783-42-8",381876.912100388,106401.233838256,27.862704045927,645866.920406144,366066.593252588,"C8","Pos",1
"Amide-Pos-000039","Tetraglyme","C10 H22 O5",222.14672,99.8,"mzCloud",3460,-1.33,240.18024,1.053,FALSE,"[M+NH4]+1","COCCOCCOCCOCCOC","ZUHZGEOKBKGPSW-UHFFFAOYSA-N","Organic oxygen compounds","Organooxygen compounds","Ethers",NA,8925,"CHEBI:46785","HMDB0258894",NA,"143-24-8",241629662.01193,111657205.4875,46.2100573902171,501986175.660481,228405579.442824,"Amide","Pos",1
"Amide-Pos-000096","Tetraglyme","C10 H22 O5",222.14672,99.8,"mzCloud",3460,-1.34,240.18022,1.307,FALSE,"[M+NH4]+1","COCCOCCOCCOCCOC","ZUHZGEOKBKGPSW-UHFFFAOYSA-N","Organic oxygen compounds","Organooxygen compounds","Ethers",NA,8925,"CHEBI:46785","HMDB0258894",NA,"143-24-8",15899645.2901118,11194233.2946724,70.4055536486355,32752186.0501137,16803156.5319596,"Amide","Pos",1
"C18-Pos-000028","Tetraglyme","C10 H22 O5",222.14672,99.2,"mzCloud",3460,-1.22,240.18026,8.958,FALSE,"[M+NH4]+1","COCCOCCOCCOCCOC","ZUHZGEOKBKGPSW-UHFFFAOYSA-N","Organic oxygen compounds","Organooxygen compounds","Ethers",NA,8925,"CHEBI:46785","HMDB0258894",NA,"143-24-8",55126793.4578734,26377606.1828864,47.8489760211494,116528755.147717,48297207.6900236,"C18","Pos",1
"C8-Pos-000171","Tetraglyme","C10 H22 O5",222.14672,72.4,"mzCloud",3460,-0.01,240.18052,2.555,FALSE,"[M+NH4]+1","COCCOCCOCCOCCOC","ZUHZGEOKBKGPSW-UHFFFAOYSA-N","Organic oxygen compounds","Organooxygen compounds","Ethers",NA,8925,"CHEBI:46785","HMDB0258894",NA,"143-24-8",1465891.57946535,2775354.2474394,189.328752979919,13284193.2802137,312648.970878677,"C8","Pos",1
"Amide-Neg-000067","Threonine","C4 H9 N O3",119.05824,76,"mzCloud",376,-0.57,118.05091,11.711,FALSE,"[M-H]-1","CC(C(C(=O)O)N)O","AYFVYJQAPQTCCC-PWNYCUMCSA-N","Organic acids and derivatives","Carboxylic acids and derivatives","Amino acids, peptides, and analogues",NA,90624,"CHEBI:32826",NA,"C12317","24830-94-2",12460540.7275134,9299373.65389625,74.6305786984258,38369512.3741303,10350978.763623,"Amide","Neg",1
"Amide-Neg-000279","Threonine","C4 H9 N O3",119.05824,76,"mzCloud",376,-0.27,118.05093,12.29,FALSE,"[M-H]-1","CC(C(C(=O)O)N)O","AYFVYJQAPQTCCC-PWNYCUMCSA-N","Organic acids and derivatives","Carboxylic acids and derivatives","Amino acids, peptides, and analogues",NA,90624,"CHEBI:32826",NA,"C12317","24830-94-2",1650886.10458432,900891.039193643,54.5701509445125,4492561.49421024,1459587.09450614,"Amide","Neg",1
"C18-Neg-000048","Threonine","C4 H9 N O3",119.05824,64,"mzCloud",376,0.06,118.05098,1.143,FALSE,"[M-H]-1","CC(C(C(=O)O)N)O","AYFVYJQAPQTCCC-PWNYCUMCSA-N","Organic acids and derivatives","Carboxylic acids and derivatives","Amino acids, peptides, and analogues",NA,90624,"CHEBI:32826",NA,"C12317","24830-94-2",7951107.874102,2873307.37158058,36.137195181811,15206145.1924402,7145683.28681031,"C18","Neg",1
"Amide-Neg-000365","Tiglate","C5 H8 O2",100.05243,69.9,"MoNA",140214,-0.89,99.04506,11.73,FALSE,"[M-H]-1","C/C=C(\C)/C(=O)O","UIERETOOQGIECD-ONEGZZNKSA-N","Lipids and lipid-like molecules","Fatty Acyls","Fatty acids and conjugates",NA,125468,"CHEBI:9592","HMDB0001470","C08279","13201-46-2",1008041.29603654,465317.837571218,46.1605927654723,2451068.84586039,919923.942972938,"Amide","Neg",0
"Amide-Neg-000524","Tiglate","C5 H8 O2",100.05243,69.9,"MoNA",140214,-1.14,99.04503,8.52,FALSE,"[M-H]-1","C/C=C(\C)/C(=O)O","UIERETOOQGIECD-ONEGZZNKSA-N","Lipids and lipid-like molecules","Fatty Acyls","Fatty acids and conjugates",NA,125468,"CHEBI:9592","HMDB0001470","C08279","13201-46-2",322004.905578589,178084.107978474,55.3047810431604,716119.476871348,312811.497868556,"Amide","Neg",0
"C8-Pos-000635","Tridecanoic acid","C13 H26 O2",214.19328,67.4,"NIST23",7627,0.07,215.20057,4.439,FALSE,"[M+H]+1","CCCCCCCCCCCCC(=O)O","SZHOJFHSIKHZHA-UHFFFAOYSA-N","Lipids and lipid-like molecules","Fatty Acyls","Fatty acids and conjugates",NA,12530,"CHEBI:45919","HMDB0000910","C17076","638-53-9",312707.922874559,31543.4784709928,10.0872015588957,372356.842646365,307469.373097821,"C8","Pos",1
"Amide-Neg-000272","Tridecylic acid","C13 H26 O2",214.19328,84.2,"mzCloud",1500,0.17,213.18604,1.125,FALSE,"[M-H]-1","CCCCCCCCCCCCC(=O)O","SZHOJFHSIKHZHA-UHFFFAOYSA-N","Lipids and lipid-like molecules","Fatty Acyls","Fatty acids and conjugates",NA,12530,"CHEBI:45919","HMDB0000910","C17076","638-53-9",1913694.42142684,896130.276963646,46.8272398628563,4713321.20953417,1715842.83588809,"Amide","Neg",1
"Amide-Neg-000412","Tridecylic acid","C13 H26 O2",214.19328,84.2,"mzCloud",1500,-0.03,213.186,1.227,FALSE,"[M-H]-1","CCCCCCCCCCCCC(=O)O","SZHOJFHSIKHZHA-UHFFFAOYSA-N","Lipids and lipid-like molecules","Fatty Acyls","Fatty acids and conjugates",NA,12530,"CHEBI:45919","HMDB0000910","C17076","638-53-9",844161.612708141,109363.717686693,12.9553057187527,958793.910210455,832725.743198293,"Amide","Neg",1
"Amide-Pos-000073","Triethylamine","C6 H15 N",101.12045,62.9,"NIST23",7560,-1.27,102.1276,6.512,FALSE,"[M+H]+1","CCN(CC)CC","ZMANZCXQSJIPKH-UHFFFAOYSA-N","Organic nitrogen compounds","Organonitrogen compounds","Amines",NA,8471,"CHEBI:35026","HMDB0032539","C14691","121-44-8",84623619.9354338,21171633.2295978,25.0185861178609,98215059.8295407,91525816.8411808,"Amide","Pos",1
"Amide-Pos-000094","Triethylamine","C6 H15 N",101.12045,62.9,"NIST23",7560,-1.16,102.12761,6.092,FALSE,"[M+H]+1","CCN(CC)CC","ZMANZCXQSJIPKH-UHFFFAOYSA-N","Organic nitrogen compounds","Organonitrogen compounds","Amines",NA,8471,"CHEBI:35026","HMDB0032539","C14691","121-44-8",44600293.5042209,2045294.61052875,4.58583217694563,47465183.1793216,43977404.2829884,"Amide","Pos",1
"C18-Pos-000079","Triethylamine","C6 H15 N",101.12045,55.7,"NIST23",4544,-1.31,102.12759,18.962,FALSE,"[M+H]+1","CCN(CC)CC","ZMANZCXQSJIPKH-UHFFFAOYSA-N","Organic nitrogen compounds","Organonitrogen compounds","Amines",NA,8471,"CHEBI:35026","HMDB0032539","C14691","121-44-8",22542967.4651183,6122620.46274472,27.1597804158593,36575357.0353719,23778031.9367056,"C18","Pos",1
"Amide-Pos-000180","Triethylene glycol monobutyl ether","C10 H22 O4",206.15181,57.2,"mzCloud",1421,-0.96,207.15891,1.072,FALSE,"[M+H]+1","CCCCOCCOCCOCCO","COBPKKZHLDDMTB-UHFFFAOYSA-N","Organic oxygen compounds","Organooxygen compounds","Ethers",NA,8923,"CHEBI:231291",NA,NA,"143-22-6",5842724.09240024,2492939.27654609,42.6674139856905,14486119.2108838,5045640.37214644,"Amide","Pos",1
"C18-Pos-000195","Triethylene glycol monobutyl ether","C10 H22 O4",206.15181,76.6,"mzCloud",1421,-0.67,207.15893,11.4,FALSE,"[M+H]+1","CCCCOCCOCCOCCO","COBPKKZHLDDMTB-UHFFFAOYSA-N","Organic oxygen compounds","Organooxygen compounds","Ethers",NA,8923,"CHEBI:231291",NA,NA,"143-22-6",1545581.56624575,626155.227393659,40.5125967511764,3846603.27430413,1421610.64331659,"C18","Pos",1
"C8-Pos-000385","Triethylene glycol monobutyl ether","C10 H22 O4",206.15181,89.4,"mzCloud",1421,0.1,207.15909,3.311,FALSE,"[M+H]+1","CCCCOCCOCCOCCO","COBPKKZHLDDMTB-UHFFFAOYSA-N","Organic oxygen compounds","Organooxygen compounds","Ethers",NA,8923,"CHEBI:231291",NA,NA,"143-22-6",1389337.50415408,509654.039922466,36.6832420775092,2453972.53004859,1386062.6090629,"C8","Pos",1
"C18-Pos-000228","Triethylene glycol monomethyl ether","C7 H16 O4",164.10486,77.5,"NIST23",596,-0.78,165.11205,5.99,FALSE,"[M+H]+1","COCCOCCOCCO","JLGLQAWTXXGVEM-UHFFFAOYSA-N","Organic oxygen compounds","Organooxygen compounds","Ethers",NA,8178,"CHEBI:84233","HMDB0062666",NA,"112-35-6",888215.361825591,522236.238503961,58.7961277128313,1993826.11192871,799022.555819601,"C18","Pos",0
"C18-Pos-000291","Triethylene glycol monomethyl ether","C7 H16 O4",164.10486,77.5,"NIST23",596,0.24,165.11221,6.139,FALSE,"[M+H]+1","COCCOCCOCCO","JLGLQAWTXXGVEM-UHFFFAOYSA-N","Organic oxygen compounds","Organooxygen compounds","Ethers",NA,8178,"CHEBI:84233","HMDB0062666",NA,"112-35-6",78666.3541249308,150599.558828403,191.440877747092,450841.595742549,23641.0859608196,"C18","Pos",0
"Amide-Pos-000340","Triisopropanolamine","C9 H21 N O3",191.15214,62.3,"mzCloud",2688,-1.21,192.15919,8.809,FALSE,"[M+H]+1","CC(CN(CC(C)O)CC(C)O)O","SLINHMUFWFWBMU-UHFFFAOYSA-N","Organic nitrogen compounds","Organonitrogen compounds","Amines",NA,24730,"CHEBI:170017",NA,NA,"122-20-3",1681950.46376881,953264.378955085,56.6761268830159,3832088.85973686,1586329.75429106,"Amide","Pos",1
"C18-Pos-000304","Triisopropanolamine","C9 H21 N O3",191.15214,64.6,"mzCloud",2688,-1.74,192.15909,1.316,FALSE,"[M+H]+1","CC(CN(CC(C)O)CC(C)O)O","SLINHMUFWFWBMU-UHFFFAOYSA-N","Organic nitrogen compounds","Organonitrogen compounds","Amines",NA,24730,"CHEBI:170017",NA,NA,"122-20-3",172841.874342666,74359.9835814168,43.0219724613697,291017.908134519,173498.750665585,"C18","Pos",1
"C18-Pos-000259","Triphenyl phosphate","C18 H15 O4 P",326.0708,86.5,"mzCloud",931,-1.4,327.07762,15.785,FALSE,"[M+H]+1","C1=CC=C(C=C1)OP(=O)(OC2=CC=CC=C2)OC3=CC=CC=C3","XZZNDPSIHUTMOC-UHFFFAOYSA-N","Organic acids and derivatives","Organic phosphoric acids and derivatives","Phosphate esters",NA,8289,"CHEBI:35033","HMDB0259262","C14235","115-86-6",569066.618864916,178133.363457296,31.3027258236668,993674.420609368,563673.189575106,"C18","Pos",1
"C8-Pos-000025","Triphenyl phosphate","C18 H15 O4 P",326.0708,88,"mzCloud",931,-0.71,327.07784,4.137,FALSE,"[M+H]+1","C1=CC=C(C=C1)OP(=O)(OC2=CC=CC=C2)OC3=CC=CC=C3","XZZNDPSIHUTMOC-UHFFFAOYSA-N","Organic acids and derivatives","Organic phosphoric acids and derivatives","Phosphate esters",NA,8289,"CHEBI:35033","HMDB0259262","C14235","115-86-6",223145185.988732,17007608.2431919,7.6217679390362,250439553.547147,224487257.430119,"C8","Pos",1
"C8-Pos-000296","Triphenyl phosphate","C18 H15 O4 P",326.0708,88,"mzCloud",931,-0.44,327.07793,4.475,FALSE,"[M+H]+1","C1=CC=C(C=C1)OP(=O)(OC2=CC=CC=C2)OC3=CC=CC=C3","XZZNDPSIHUTMOC-UHFFFAOYSA-N","Organic acids and derivatives","Organic phosphoric acids and derivatives","Phosphate esters",NA,8289,"CHEBI:35033","HMDB0259262","C14235","115-86-6",4161769.65918653,500729.146428876,12.031640081848,4768131.15226315,4265285.01787947,"C8","Pos",1
"Amide-Pos-000100","Tris(hydroxymethyl)aminomethane","C4 H11 N O3",121.07389,86,"NIST23",2245,-1.16,122.08103,8.458,FALSE,"[M+H]+1","NC(CO)(CO)CO","LENZDBCJOHFCAS-UHFFFAOYSA-N","Organic nitrogen compounds","Organonitrogen compounds","Amines",NA,6503,"CHEBI:9754","HMDB0240288","C07182","77-86-1",19129653.5035454,9551418.92830781,49.9299107876553,44888106.8616737,17831057.7991541,"Amide","Pos",0
"Amide-Pos-000122","Tris(hydroxymethyl)aminomethane","C4 H11 N O3",121.07389,86,"NIST23",2245,-1.16,122.08103,8.594,FALSE,"[M+H]+1","NC(CO)(CO)CO","LENZDBCJOHFCAS-UHFFFAOYSA-N","Organic nitrogen compounds","Organonitrogen compounds","Amines",NA,6503,"CHEBI:9754","HMDB0240288","C07182","77-86-1",12102339.9071699,6418277.85427131,53.0333629984138,32545537.4744919,10473360.1739335,"Amide","Pos",0
"Amide-Neg-000459","UDP-N-acetylglucosamine","C17 H27 N3 O17 P2",607.08157,97,"mzCloud",2920,0.84,606.07496,13.153,FALSE,"[M-H]-1","CC(=O)NC1C(C(C(OC1OP(=O)(O)OP(=O)(O)OCC2C(C(C(O2)N3C=CC(=O)NC3=O)O)O)CO)O)O","LFTYTUAZOPRMMI-CFRASDGPSA-N","Nucleosides, nucleotides, and analogues","Pyrimidine nucleotides","Pyrimidine nucleotide sugars","kegg:map00520;wiki:WP1887;wiki:WP1937;wiki:WP2786;wiki:WP3315;wiki:WP3363;wiki:WP5022;wiki:WP5151;wiki:WP5220",445675,"CHEBI:16264","HMDB0000290","C00043","528-04-1",718273.037052884,197964.780150824,27.5612155738276,1134227.60312154,725079.32511006,"Amide","Neg",1
"Amide-Pos-000314","UDP-N-acetylglucosamine","C17 H27 N3 O17 P2",607.08157,97.9,"mzCloud",2920,-1.47,608.08802,13.187,FALSE,"[M+H]+1","CC(=O)NC1C(C(C(OC1OP(=O)(O)OP(=O)(O)OCC2C(C(C(O2)N3C=CC(=O)NC3=O)O)O)CO)O)O","LFTYTUAZOPRMMI-CFRASDGPSA-N","Nucleosides, nucleotides, and analogues","Pyrimidine nucleotides","Pyrimidine nucleotide sugars","kegg:map00520;wiki:WP1887;wiki:WP1937;wiki:WP2786;wiki:WP3315;wiki:WP3363;wiki:WP5022;wiki:WP5151;wiki:WP5220",445675,"CHEBI:16264","HMDB0000290","C00043","528-04-1",3260999.83329688,648359.967641982,19.882244734324,4716839.9384201,3256646.97717625,"Amide","Pos",1
"C8-Neg-000134","UDP-N-acetylglucosamine","C17 H27 N3 O17 P2",607.08157,84.1,"mzCloud",2920,-2.13,606.073,1.371,FALSE,"[M-H]-1","CC(=O)NC1C(C(C(OC1OP(=O)(O)OP(=O)(O)OCC2C(C(C(O2)N3C=CC(=O)NC3=O)O)O)CO)O)O","LFTYTUAZOPRMMI-CFRASDGPSA-N","Nucleosides, nucleotides, and analogues","Pyrimidine nucleotides","Pyrimidine nucleotide sugars","kegg:map00520;wiki:WP1887;wiki:WP1937;wiki:WP2786;wiki:WP3315;wiki:WP3363;wiki:WP5022;wiki:WP5151;wiki:WP5220",445675,"CHEBI:16264","HMDB0000290","C00043","528-04-1",999960.144312351,359569.775295173,35.9584106767015,1655263.52099772,955583.589711289,"C8","Neg",1
"C8-Neg-000211","UDP-N-acetylglucosamine","C17 H27 N3 O17 P2",607.08157,84.1,"mzCloud",2920,-1.54,606.07336,0.802,FALSE,"[M-H]-1","CC(=O)NC1C(C(C(OC1OP(=O)(O)OP(=O)(O)OCC2C(C(C(O2)N3C=CC(=O)NC3=O)O)O)CO)O)O","LFTYTUAZOPRMMI-CFRASDGPSA-N","Nucleosides, nucleotides, and analogues","Pyrimidine nucleotides","Pyrimidine nucleotide sugars","kegg:map00520;wiki:WP1887;wiki:WP1937;wiki:WP2786;wiki:WP3315;wiki:WP3363;wiki:WP5022;wiki:WP5151;wiki:WP5220",445675,"CHEBI:16264","HMDB0000290","C00043","528-04-1",94475.6287389711,42654.7863735339,45.148983862691,177797.172039206,84324.4344813798,"C8","Neg",1
"C8-Pos-000649","UDP-N-acetylglucosamine","C17 H27 N3 O17 P2",607.08157,94,"mzCloud",2920,-0.23,608.0887,0.788,FALSE,"[M+H]+1","CC(=O)NC1C(C(C(OC1OP(=O)(O)OP(=O)(O)OCC2C(C(C(O2)N3C=CC(=O)NC3=O)O)O)CO)O)O","LFTYTUAZOPRMMI-CFRASDGPSA-N","Nucleosides, nucleotides, and analogues","Pyrimidine nucleotides","Pyrimidine nucleotide sugars","kegg:map00520;wiki:WP1887;wiki:WP1937;wiki:WP2786;wiki:WP3315;wiki:WP3363;wiki:WP5022;wiki:WP5151;wiki:WP5220",445675,"CHEBI:16264","HMDB0000290","C00043","528-04-1",152863.038861114,83443.6418979242,54.5871929013121,325264.878847005,126025.207265687,"C8","Pos",1
"C8-Pos-000218","UMP; LC-tDDA; CE10","C9 H13 N2 O9 P",324.03587,73.3,"MoNA",136878,-1.24,325.04274,1.14,FALSE,"[M+H]+1","C1=CN(C(=O)NC1=O)[C@H]2[C@@H]([C@@H]([C@H](O2)COP(=O)(O)O)O)O","DJJCXFVJDGTHFX-XVFCMESISA-N","Nucleosides, nucleotides, and analogues","Pyrimidine nucleotides","Pyrimidine ribonucleotides","reactome:R-HSA-157579;reactome:R-HSA-1638074;reactome:R-HSA-1638091;reactome:R-HSA-174414;reactome:R-HSA-174417;reactome:R-HSA-174437;reactome:R-HSA-180786;reactome:R-HSA-2022854;reactome:R-HSA-2022928;reactome:R-HSA-3322077;reactome:R-HSA-425397;reactome:R-HSA-429914;reactome:R-HSA-429958;reactome:R-HSA-430039;reactome:R-HSA-446219;reactome:R-HSA-480985;reactome:R-HSA-499943;reactome:R-HSA-500753;reactome:R-HSA-69166;reactome:R-HSA-69183;reactome:R-HSA-69186;reactome:R-HSA-69190;reactome:R-HSA-69239;reactome:R-HSA-727802;reactome:R-HSA-73614;reactome:R-HSA-73621;reactome:R-HSA-73886;reactome:R-HSA-8850843;reactome:R-HSA-8956319;reactome:R-HSA-8956320;reactome:R-HSA-8956321;reactome:R-HSA-8982491;reactome:R-HSA-9660826;reactome:R-HSA-9664424;wiki:WP1925;wiki:WP1928;wiki:WP1937;wiki:WP2659;wiki:WP4022;wiki:WP4042;wiki:WP4059;wiki:WP4072;wiki:WP4082;wiki:WP4084;wiki:WP4225;wiki:WP4584;wiki:WP4595;wiki:WP4784;wiki:WP4998",6030,"CHEBI:16695","HMDB0000288","C00105","58-97-9",2838186.40145726,1477317.27783603,52.0514535999999,7857037.34522807,2363504.53609056,"C8","Pos",1
"Amide-Pos-000409","URIDINE 5'-DIPHOSPHATE","C9 H14 N2 O12 P2",404.0022,93.2,"GNPS",24261,-0.99,405.00908,13.411,FALSE,"[M+H]+1","C1=CN(C(=O)NC1=O)[C@H]2[C@@H]([C@@H]([C@H](O2)COP(=O)(O)OP(=O)(O)O)O)O","XCCTYIAWTASOJW-XVFCMESISA-N","Nucleosides, nucleotides, and analogues","Pyrimidine nucleotides","Pyrimidine ribonucleotides","kegg:map00052;kegg:map00150;kegg:map00520;kegg:map00860;reactome:R-HSA-1474290;reactome:R-HSA-156588;reactome:R-HSA-162710;reactome:R-HSA-163125;reactome:R-HSA-1638074;reactome:R-HSA-1638091;reactome:R-HSA-1650814;reactome:R-HSA-1660662;reactome:R-HSA-1793185;reactome:R-HSA-189445;reactome:R-HSA-189483;reactome:R-HSA-190236;reactome:R-HSA-190239;reactome:R-HSA-190372;reactome:R-HSA-1912399;reactome:R-HSA-1912420;reactome:R-HSA-1912422;reactome:R-HSA-1971475;reactome:R-HSA-2022854;reactome:R-HSA-2022870;reactome:R-HSA-2022928;reactome:R-HSA-2161522;reactome:R-HSA-2161541;reactome:R-HSA-3322077;reactome:R-HSA-4085001;reactome:R-HSA-417957;reactome:R-HSA-418038;reactome:R-HSA-446219;reactome:R-HSA-480985;reactome:R-HSA-499943;reactome:R-HSA-5173105;reactome:R-HSA-5173214;reactome:R-HSA-5213460;reactome:R-HSA-5218859;reactome:R-HSA-5653890;reactome:R-HSA-5654741;reactome:R-HSA-5675482;reactome:R-HSA-8850843;reactome:R-HSA-8956319;reactome:R-HSA-8982491;reactome:R-HSA-9033658;reactome:R-HSA-9033807;reactome:R-HSA-9037629;reactome:R-HSA-913709;reactome:R-HSA-964739;reactome:R-HSA-9660826;reactome:R-HSA-9664424;reactome:R-HSA-9683673;reactome:R-HSA-9683686;reactome:R-HSA-9683701;reactome:R-HSA-9694635;reactome:R-HSA-9694719;reactome:R-HSA-9749641;reactome:R-HSA-9753281;reactome:R-HSA-9754706;reactome:R-HSA-975576;reactome:R-HSA-975578;reactome:R-HSA-9757110;reactome:R-HSA-9772573;reactome:R-HSA-9840309;wiki:WP1852;wiki:WP1887;wiki:WP2712;wiki:WP2725;wiki:WP2786;wiki:WP3315;wiki:WP3336;wiki:WP3363;wiki:WP3871;wiki:WP4022;wiki:WP4042;wiki:WP4059;wiki:WP4072;wiki:WP4116;wiki:WP4225;wiki:WP4521;wiki:WP4584;wiki:WP4784;wiki:WP4900;wiki:WP4997;wiki:WP4998;wiki:WP5020;wiki:WP5021;wiki:WP5022;wiki:WP5269;wiki:WP5348;wiki:WP5380;wiki:WP698",6031,"CHEBI:17659","HMDB0000295","C00015","58-98-0",1600469.31506686,501218.089143766,31.31694462526,2327775.64848908,1737117.92653318,"Amide","Pos",1
"Amide-Pos-000427","URIDINE 5'-DIPHOSPHATE","C9 H14 N2 O12 P2",404.0022,93.2,"GNPS",24261,-1.29,422.03549,13.732,FALSE,"[M+NH4]+1","C1=CN(C(=O)NC1=O)[C@H]2[C@@H]([C@@H]([C@H](O2)COP(=O)(O)OP(=O)(O)O)O)O","XCCTYIAWTASOJW-XVFCMESISA-N","Nucleosides, nucleotides, and analogues","Pyrimidine nucleotides","Pyrimidine ribonucleotides","kegg:map00052;kegg:map00150;kegg:map00520;kegg:map00860;reactome:R-HSA-1474290;reactome:R-HSA-156588;reactome:R-HSA-162710;reactome:R-HSA-163125;reactome:R-HSA-1638074;reactome:R-HSA-1638091;reactome:R-HSA-1650814;reactome:R-HSA-1660662;reactome:R-HSA-1793185;reactome:R-HSA-189445;reactome:R-HSA-189483;reactome:R-HSA-190236;reactome:R-HSA-190239;reactome:R-HSA-190372;reactome:R-HSA-1912399;reactome:R-HSA-1912420;reactome:R-HSA-1912422;reactome:R-HSA-1971475;reactome:R-HSA-2022854;reactome:R-HSA-2022870;reactome:R-HSA-2022928;reactome:R-HSA-2161522;reactome:R-HSA-2161541;reactome:R-HSA-3322077;reactome:R-HSA-4085001;reactome:R-HSA-417957;reactome:R-HSA-418038;reactome:R-HSA-446219;reactome:R-HSA-480985;reactome:R-HSA-499943;reactome:R-HSA-5173105;reactome:R-HSA-5173214;reactome:R-HSA-5213460;reactome:R-HSA-5218859;reactome:R-HSA-5653890;reactome:R-HSA-5654741;reactome:R-HSA-5675482;reactome:R-HSA-8850843;reactome:R-HSA-8956319;reactome:R-HSA-8982491;reactome:R-HSA-9033658;reactome:R-HSA-9033807;reactome:R-HSA-9037629;reactome:R-HSA-913709;reactome:R-HSA-964739;reactome:R-HSA-9660826;reactome:R-HSA-9664424;reactome:R-HSA-9683673;reactome:R-HSA-9683686;reactome:R-HSA-9683701;reactome:R-HSA-9694635;reactome:R-HSA-9694719;reactome:R-HSA-9749641;reactome:R-HSA-9753281;reactome:R-HSA-9754706;reactome:R-HSA-975576;reactome:R-HSA-975578;reactome:R-HSA-9757110;reactome:R-HSA-9772573;reactome:R-HSA-9840309;wiki:WP1852;wiki:WP1887;wiki:WP2712;wiki:WP2725;wiki:WP2786;wiki:WP3315;wiki:WP3336;wiki:WP3363;wiki:WP3871;wiki:WP4022;wiki:WP4042;wiki:WP4059;wiki:WP4072;wiki:WP4116;wiki:WP4225;wiki:WP4521;wiki:WP4584;wiki:WP4784;wiki:WP4900;wiki:WP4997;wiki:WP4998;wiki:WP5020;wiki:WP5021;wiki:WP5022;wiki:WP5269;wiki:WP5348;wiki:WP5380;wiki:WP698",6031,"CHEBI:17659","HMDB0000295","C00015","58-98-0",883398.400280133,485012.433451003,54.9030237429909,1909879.30001563,786088.122759706,"Amide","Pos",1
"Amide-Pos-000449","URIDINE TRIPHOSPHATE","C9 H15 N2 O15 P3",483.96853,57,"MoNA",133125,-1.69,484.97503,14.227,FALSE,"[M+H]+1","C1=CN(C(=O)NC1=O)[C@H]2[C@@H]([C@@H]([C@H](O2)COP(=O)(O)OP(=O)(O)OP(=O)(O)O)O)O","PGAVKCOVUIYSFO-XVFCMESISA-N","Nucleosides, nucleotides, and analogues","Pyrimidine nucleotides","Pyrimidine ribonucleotides","kegg:map00052;kegg:map00520;reactome:R-HSA-156588;reactome:R-HSA-173599;reactome:R-HSA-3322077;reactome:R-HSA-417957;reactome:R-HSA-418038;reactome:R-HSA-429914;reactome:R-HSA-429947;reactome:R-HSA-446210;reactome:R-HSA-446219;reactome:R-HSA-499943;reactome:R-HSA-5683826;reactome:R-HSA-6807505;reactome:R-HSA-8850843;reactome:R-HSA-8956319;reactome:R-HSA-8982491;reactome:R-HSA-9816359;reactome:R-HSA-9820865;wiki:WP1925;wiki:WP1928;wiki:WP3579;wiki:WP3827;wiki:WP4022;wiki:WP4042;wiki:WP4059;wiki:WP4072;wiki:WP4074;wiki:WP4135;wiki:WP4225;wiki:WP4584;wiki:WP466;wiki:WP4900;wiki:WP698",6133,"CHEBI:15713","HMDB0000285",NA,"63-39-8",547727.364128866,429716.338861057,78.4544222187073,1541405.09188456,405109.903101441,"Amide","Pos",1
"Amide-Neg-000550","Undecanoic acid","C11 H22 O2",186.16198,77.4,"mzCloud",2682,0.42,185.15469,1.221,FALSE,"[M-H]-1","CCCCCCCCCCC(=O)O","ZDPHROOEEOARMN-UHFFFAOYSA-N","Lipids and lipid-like molecules","Fatty Acyls","Fatty acids and conjugates",NA,8180,"CHEBI:32368","HMDB0000947","C17715","112-37-8",314189.642988151,151105.035420826,48.0935762184001,550700.542402911,291041.325524068,"Amide","Neg",0
"Amide-Neg-000551","Undecanoic acid","C11 H22 O2",186.16198,77.4,"mzCloud",2682,0.05,185.15471,1.174,FALSE,"[M-H]-1","CCCCCCCCCCC(=O)O","ZDPHROOEEOARMN-UHFFFAOYSA-N","Lipids and lipid-like molecules","Fatty Acyls","Fatty acids and conjugates",NA,8180,"CHEBI:32368","HMDB0000947","C17715","112-37-8",338630.292322053,110070.469780625,32.5046141105247,550700.542402911,331513.83162627,"Amide","Neg",0
"Amide-Pos-000277","Uracil","C4 H4 N2 O2",112.02728,89.7,"mzCloud",2531,-1.4,113.0344,3.822,FALSE,"[M+H]+1","C1=CNC(=O)NC1=O","ISAKRJDGNUQOIC-UHFFFAOYSA-N","Organoheterocyclic compounds","Diazines","Pyrimidines and pyrimidine derivatives","kegg:map00410;reactome:R-HSA-110329;reactome:R-HSA-425397;reactome:R-HSA-73614;reactome:R-HSA-73621;reactome:R-HSA-73884;reactome:R-HSA-73928;reactome:R-HSA-73929;reactome:R-HSA-83936;reactome:R-HSA-8956319;reactome:R-HSA-8956321;wiki:WP1937;wiki:WP3399;wiki:WP4022;wiki:WP4042;wiki:WP4082;wiki:WP4157;wiki:WP4225;wiki:WP4584;wiki:WP4595",1174,"CHEBI:17568","HMDB0000300","C00106","66-22-8",3559122.81668337,1220203.42147334,34.2838245354625,6766945.13460996,3268196.86116286,"Amide","Pos",1
"C18-Pos-000095","Uracil","C4 H4 N2 O2",112.02728,55.2,"mzCloud",2531,-0.62,113.03448,2.462,FALSE,"[M+H]+1","C1=CNC(=O)NC1=O","ISAKRJDGNUQOIC-UHFFFAOYSA-N","Organoheterocyclic compounds","Diazines","Pyrimidines and pyrimidine derivatives","kegg:map00410;reactome:R-HSA-110329;reactome:R-HSA-425397;reactome:R-HSA-73614;reactome:R-HSA-73621;reactome:R-HSA-73884;reactome:R-HSA-73928;reactome:R-HSA-73929;reactome:R-HSA-83936;reactome:R-HSA-8956319;reactome:R-HSA-8956321;wiki:WP1937;wiki:WP3399;wiki:WP4022;wiki:WP4042;wiki:WP4082;wiki:WP4157;wiki:WP4225;wiki:WP4584;wiki:WP4595",1174,"CHEBI:17568","HMDB0000300","C00106","66-22-8",13842338.3471968,8929722.70838533,64.5102184645968,20156605.8284116,13842338.3471968,"C18","Pos",1
"C18-Pos-000101","Uracil","C4 H4 N2 O2",112.02728,55.2,"mzCloud",2531,-0.9,113.03445,2.222,FALSE,"[M+H]+1","C1=CNC(=O)NC1=O","ISAKRJDGNUQOIC-UHFFFAOYSA-N","Organoheterocyclic compounds","Diazines","Pyrimidines and pyrimidine derivatives","kegg:map00410;reactome:R-HSA-110329;reactome:R-HSA-425397;reactome:R-HSA-73614;reactome:R-HSA-73621;reactome:R-HSA-73884;reactome:R-HSA-73928;reactome:R-HSA-73929;reactome:R-HSA-83936;reactome:R-HSA-8956319;reactome:R-HSA-8956321;wiki:WP1937;wiki:WP3399;wiki:WP4022;wiki:WP4042;wiki:WP4082;wiki:WP4157;wiki:WP4225;wiki:WP4584;wiki:WP4595",1174,"CHEBI:17568","HMDB0000300","C00106","66-22-8",10737136.5491001,5478695.3268476,51.0256650066239,25241914.2907059,8670734.38099222,"C18","Pos",1
"Amide-Neg-000536","Uric acid","C5 H4 N4 O3",168.02834,88.1,"NIST23",7523,-0.4,167.021,10.951,FALSE,"[M-H]-1","O=c1[nH]c(=O)c2[nH]c(=O)[nH]c2[nH]1","LEHOTFFKMJEONL-UHFFFAOYSA-N","Organoheterocyclic compounds","Imidazopyrimidines","Purines and purine derivatives","reactome:R-HSA-189200;reactome:R-HSA-2672351;reactome:R-HSA-549132;reactome:R-HSA-561048;reactome:R-HSA-74259;reactome:R-HSA-8956319;wiki:WP4042;wiki:WP4043;wiki:WP4224;wiki:WP4507;wiki:WP4686;wiki:WP4792",1175,"CHEBI:17775","HMDB0000289","C00366","69-93-2",297618.884316544,154971.035063622,52.0702963521618,650554.387852174,304553.212052317,"Amide","Neg",1
"C18-Neg-000094","Uric acid","C5 H4 N4 O3",168.02834,69.5,"mzCloud",753,0.16,167.02109,1.832,FALSE,"[M-H]-1","C12=C(NC(=O)N1)NC(=O)NC2=O","LEHOTFFKMJEONL-UHFFFAOYSA-N","Organoheterocyclic compounds","Imidazopyrimidines","Purines and purine derivatives","reactome:R-HSA-189200;reactome:R-HSA-2672351;reactome:R-HSA-549132;reactome:R-HSA-561048;reactome:R-HSA-74259;reactome:R-HSA-8956319;wiki:WP4042;wiki:WP4043;wiki:WP4224;wiki:WP4507;wiki:WP4686;wiki:WP4792",1175,"CHEBI:17775","HMDB0000289","C00366","69-93-2",3315477.88424235,1116627.88823948,33.6792440554809,5456533.40922221,3305838.57180208,"C18","Neg",1
"C18-Neg-000095","Uric acid","C5 H4 N4 O3",168.02834,69.5,"mzCloud",753,0.41,167.02113,1.709,FALSE,"[M-H]-1","C12=C(NC(=O)N1)NC(=O)NC2=O","LEHOTFFKMJEONL-UHFFFAOYSA-N","Organoheterocyclic compounds","Imidazopyrimidines","Purines and purine derivatives","reactome:R-HSA-189200;reactome:R-HSA-2672351;reactome:R-HSA-549132;reactome:R-HSA-561048;reactome:R-HSA-74259;reactome:R-HSA-8956319;wiki:WP4042;wiki:WP4043;wiki:WP4224;wiki:WP4507;wiki:WP4686;wiki:WP4792",1175,"CHEBI:17775","HMDB0000289","C00366","69-93-2",2846824.94217421,900023.574405941,31.6149953961892,4553721.4541652,2834566.76355156,"C18","Neg",1
"C18-Pos-000169","Uric acid","C5 H4 N4 O3",168.02834,62.1,"mzCloud",753,-0.96,169.03546,1.766,FALSE,"[M+H]+1","C12=C(NC(=O)N1)NC(=O)NC2=O","LEHOTFFKMJEONL-UHFFFAOYSA-N","Organoheterocyclic compounds","Imidazopyrimidines","Purines and purine derivatives","reactome:R-HSA-189200;reactome:R-HSA-2672351;reactome:R-HSA-549132;reactome:R-HSA-561048;reactome:R-HSA-74259;reactome:R-HSA-8956319;wiki:WP4042;wiki:WP4043;wiki:WP4224;wiki:WP4507;wiki:WP4686;wiki:WP4792",1175,"CHEBI:17775","HMDB0000289","C00366","69-93-2",3109988.12983988,1228235.1438035,39.4932421773178,5781359.54136961,3059411.26509417,"C18","Pos",1
"Amide-Neg-000159","Uridine","C9 H12 N2 O6",244.06954,84.5,"mzCloud",1408,0.43,279.03909,4.743,FALSE,"[M+Cl]-1","C1=CN(C(=O)NC1=O)C2C(C(C(O2)CO)O)O","DRTQHJPVMGBUCF-XVFCMESISA-N","Nucleosides, nucleotides, and analogues","Pyrimidine nucleosides",NA,"reactome:R-HSA-425397;reactome:R-HSA-5619063;reactome:R-HSA-73614;reactome:R-HSA-73621;reactome:R-HSA-83936;reactome:R-HSA-8956319;reactome:R-HSA-8956321;wiki:WP1937;wiki:WP4022;wiki:WP4042;wiki:WP4082;wiki:WP4225;wiki:WP4485;wiki:WP4584;wiki:WP4595;wiki:WP5408",6029,"CHEBI:16704","HMDB0000296","C00299","58-96-8",3837306.95642206,3010616.58389637,78.4564961335148,5966134.35844786,3837306.95642206,"Amide","Neg",1
"Amide-Neg-000377","Uridine","C9 H12 N2 O6",244.06954,84.5,"mzCloud",1408,-0.31,243.06218,7.085,FALSE,"[M-H]-1","C1=CN(C(=O)NC1=O)C2C(C(C(O2)CO)O)O","DRTQHJPVMGBUCF-XVFCMESISA-N","Nucleosides, nucleotides, and analogues","Pyrimidine nucleosides",NA,"reactome:R-HSA-425397;reactome:R-HSA-5619063;reactome:R-HSA-73614;reactome:R-HSA-73621;reactome:R-HSA-83936;reactome:R-HSA-8956319;reactome:R-HSA-8956321;wiki:WP1937;wiki:WP4022;wiki:WP4042;wiki:WP4082;wiki:WP4225;wiki:WP4485;wiki:WP4584;wiki:WP4595;wiki:WP5408",6029,"CHEBI:16704","HMDB0000296","C00299","58-96-8",1055569.61177648,455840.065734287,43.1842732728094,2108949.43450276,939022.419752942,"Amide","Neg",1
"Amide-Pos-000394","Uridine","C9 H12 N2 O6",244.06954,90.8,"MoNA",142443,-0.93,245.07658,3.815,FALSE,"[M+H]+1","C1=CN(C(=O)NC1=O)[C@H]2[C@@H]([C@@H]([C@H](O2)CO)O)O","DRTQHJPVMGBUCF-XVFCMESISA-N","Nucleosides, nucleotides, and analogues","Pyrimidine nucleosides",NA,"reactome:R-HSA-425397;reactome:R-HSA-5619063;reactome:R-HSA-73614;reactome:R-HSA-73621;reactome:R-HSA-83936;reactome:R-HSA-8956319;reactome:R-HSA-8956321;wiki:WP1937;wiki:WP4022;wiki:WP4042;wiki:WP4082;wiki:WP4225;wiki:WP4485;wiki:WP4584;wiki:WP4595;wiki:WP5408",6029,"CHEBI:16704","HMDB0000296","C00299","58-96-8",1502266.42893389,475880.537585787,31.6775059616757,2691278.66688349,1456499.83603935,"Amide","Pos",1
"C18-Neg-000096","Uridine","C9 H12 N2 O6",244.06954,74.7,"mzCloud",1408,-0.59,279.03879,2.553,FALSE,"[M+Cl]-1","C1=CN(C(=O)NC1=O)C2C(C(C(O2)CO)O)O","DRTQHJPVMGBUCF-XVFCMESISA-N","Nucleosides, nucleotides, and analogues","Pyrimidine nucleosides",NA,"reactome:R-HSA-425397;reactome:R-HSA-5619063;reactome:R-HSA-73614;reactome:R-HSA-73621;reactome:R-HSA-83936;reactome:R-HSA-8956319;reactome:R-HSA-8956321;wiki:WP1937;wiki:WP4022;wiki:WP4042;wiki:WP4082;wiki:WP4225;wiki:WP4485;wiki:WP4584;wiki:WP4595;wiki:WP5408",6029,"CHEBI:16704","HMDB0000296","C00299","58-96-8",3214497.31347825,NA,NA,3214497.31347825,3214497.31347825,"C18","Neg",1
"C18-Neg-000136","Uridine","C9 H12 N2 O6",244.06954,74.7,"mzCloud",1408,0.01,243.0623,2.996,FALSE,"[M-H]-1","C1=CN(C(=O)NC1=O)C2C(C(C(O2)CO)O)O","DRTQHJPVMGBUCF-XVFCMESISA-N","Nucleosides, nucleotides, and analogues","Pyrimidine nucleosides",NA,"reactome:R-HSA-425397;reactome:R-HSA-5619063;reactome:R-HSA-73614;reactome:R-HSA-73621;reactome:R-HSA-83936;reactome:R-HSA-8956319;reactome:R-HSA-8956321;wiki:WP1937;wiki:WP4022;wiki:WP4042;wiki:WP4082;wiki:WP4225;wiki:WP4485;wiki:WP4584;wiki:WP4595;wiki:WP5408",6029,"CHEBI:16704","HMDB0000296","C00299","58-96-8",1800151.82641908,903426.615569655,50.1861344310486,2502618.31861179,2116814.73260202,"C18","Neg",1
"C18-Pos-000166","Uridine","C9 H12 N2 O6",244.06954,85.5,"NIST23",851,-0.79,245.07662,2.222,FALSE,"[M+H]+1","O=c1ccn([C@@H]2O[C@H](CO)[C@@H](O)[C@H]2O)c(=O)[nH]1","DRTQHJPVMGBUCF-XVFCMESISA-N","Nucleosides, nucleotides, and analogues","Pyrimidine nucleosides",NA,"reactome:R-HSA-425397;reactome:R-HSA-5619063;reactome:R-HSA-73614;reactome:R-HSA-73621;reactome:R-HSA-83936;reactome:R-HSA-8956319;reactome:R-HSA-8956321;wiki:WP1937;wiki:WP4022;wiki:WP4042;wiki:WP4082;wiki:WP4225;wiki:WP4485;wiki:WP4584;wiki:WP4595;wiki:WP5408",6029,"CHEBI:16704","HMDB0000296","C00299","58-96-8",2382434.6367964,1370606.95813509,57.5296772875208,6112558.97437711,1944834.97850105,"C18","Pos",1
"Amide-Neg-000502","Uridine 5'-diphosphate (UDP)","C9 H14 N2 O12 P2",404.0022,55.3,"mzCloud",1406,0.13,402.99497,13.733,FALSE,"[M-H]-1","O=c1nc(O)ccn1[C@@H]1O[C@H](COP(=O)(O)OP(=O)(O)O)[C@@H](O)[C@H]1O","XCCTYIAWTASOJW-XVFCMESISA-N","Nucleosides, nucleotides, and analogues","Pyrimidine nucleotides","Pyrimidine ribonucleotides","kegg:map00052;kegg:map00150;kegg:map00520;kegg:map00860;reactome:R-HSA-1474290;reactome:R-HSA-156588;reactome:R-HSA-162710;reactome:R-HSA-163125;reactome:R-HSA-1638074;reactome:R-HSA-1638091;reactome:R-HSA-1650814;reactome:R-HSA-1660662;reactome:R-HSA-1793185;reactome:R-HSA-189445;reactome:R-HSA-189483;reactome:R-HSA-190236;reactome:R-HSA-190239;reactome:R-HSA-190372;reactome:R-HSA-1912399;reactome:R-HSA-1912420;reactome:R-HSA-1912422;reactome:R-HSA-1971475;reactome:R-HSA-2022854;reactome:R-HSA-2022870;reactome:R-HSA-2022928;reactome:R-HSA-2161522;reactome:R-HSA-2161541;reactome:R-HSA-3322077;reactome:R-HSA-4085001;reactome:R-HSA-417957;reactome:R-HSA-418038;reactome:R-HSA-446219;reactome:R-HSA-480985;reactome:R-HSA-499943;reactome:R-HSA-5173105;reactome:R-HSA-5173214;reactome:R-HSA-5213460;reactome:R-HSA-5218859;reactome:R-HSA-5653890;reactome:R-HSA-5654741;reactome:R-HSA-5675482;reactome:R-HSA-8850843;reactome:R-HSA-8956319;reactome:R-HSA-8982491;reactome:R-HSA-9033658;reactome:R-HSA-9033807;reactome:R-HSA-9037629;reactome:R-HSA-913709;reactome:R-HSA-964739;reactome:R-HSA-9660826;reactome:R-HSA-9664424;reactome:R-HSA-9683673;reactome:R-HSA-9683686;reactome:R-HSA-9683701;reactome:R-HSA-9694635;reactome:R-HSA-9694719;reactome:R-HSA-9749641;reactome:R-HSA-9753281;reactome:R-HSA-9754706;reactome:R-HSA-975576;reactome:R-HSA-975578;reactome:R-HSA-9757110;reactome:R-HSA-9772573;reactome:R-HSA-9840309;wiki:WP1852;wiki:WP1887;wiki:WP2712;wiki:WP2725;wiki:WP2786;wiki:WP3315;wiki:WP3336;wiki:WP3363;wiki:WP3871;wiki:WP4022;wiki:WP4042;wiki:WP4059;wiki:WP4072;wiki:WP4116;wiki:WP4225;wiki:WP4521;wiki:WP4584;wiki:WP4784;wiki:WP4900;wiki:WP4997;wiki:WP4998;wiki:WP5020;wiki:WP5021;wiki:WP5022;wiki:WP5269;wiki:WP5348;wiki:WP5380;wiki:WP698",6031,"CHEBI:17659","HMDB0000295","C00015","58-98-0",385055.839026842,219741.514620222,57.0674412250385,877549.196432159,369749.770993078,"Amide","Neg",1
"Amide-Neg-000485","Uridine 5'-diphosphogalactose","C15 H24 N2 O17 P2",566.05502,80.1,"mzCloud",1260,0.89,565.04825,13.371,FALSE,"[M-H]-1","O=C1\C=C/N(C(=O)N1)C2OC(C(O)C2O)COP(=O)(O)OP(=O)(O)OC3OC(C(O)C(O)C3O)CO","HSCJRCZFDFQWRP-ABVWGUQPSA-N","Nucleosides, nucleotides, and analogues","Pyrimidine nucleotides","Pyrimidine nucleotide sugars","kegg:map00052;kegg:map00520;wiki:WP1937;wiki:WP2725;wiki:WP2786;wiki:WP3315;wiki:WP3602;wiki:WP4072;wiki:WP4116;wiki:WP4126;wiki:WP4784;wiki:WP4900;wiki:WP4997;wiki:WP500;wiki:WP5173;wiki:WP5312;wiki:WP5314;wiki:WP5345;wiki:WP698",18068,"CHEBI:67119","HMDB0000302","C00052","2956-16-3",586802.206964873,179358.7528399,30.565453011433,964464.637548081,559394.180711717,"Amide","Neg",1
"C8-Neg-000215","Uridine 5'-diphosphogalactose","C15 H24 N2 O17 P2",566.05502,80.6,"mzCloud",1260,-1.61,565.04683,0.802,FALSE,"[M-H]-1","O=C1\C=C/N(C(=O)N1)C2OC(C(O)C2O)COP(=O)(O)OP(=O)(O)OC3OC(C(O)C(O)C3O)CO","HSCJRCZFDFQWRP-ABVWGUQPSA-N","Nucleosides, nucleotides, and analogues","Pyrimidine nucleotides","Pyrimidine nucleotide sugars","kegg:map00052;kegg:map00520;wiki:WP1937;wiki:WP2725;wiki:WP2786;wiki:WP3315;wiki:WP3602;wiki:WP4072;wiki:WP4116;wiki:WP4126;wiki:WP4784;wiki:WP4900;wiki:WP4997;wiki:WP500;wiki:WP5173;wiki:WP5312;wiki:WP5314;wiki:WP5345;wiki:WP698",18068,"CHEBI:67119","HMDB0000302","C00052","2956-16-3",46270.2038894568,25880.6855967393,55.9338049570093,107244.054106932,39554.9917489879,"C8","Neg",1
"Amide-Pos-000380","Uridine 5'-monophosphate","C9 H13 N2 O9 P",324.03587,83.9,"NIST23",445,-1.28,325.04273,13.12,FALSE,"[M+H]+1","O=c1nc(O)ccn1[C@@H]1O[C@H](COP(=O)(O)O)[C@@H](O)[C@H]1O","DJJCXFVJDGTHFX-XVFCMESISA-N","Nucleosides, nucleotides, and analogues","Pyrimidine nucleotides","Pyrimidine ribonucleotides","reactome:R-HSA-157579;reactome:R-HSA-1638074;reactome:R-HSA-1638091;reactome:R-HSA-174414;reactome:R-HSA-174417;reactome:R-HSA-174437;reactome:R-HSA-180786;reactome:R-HSA-2022854;reactome:R-HSA-2022928;reactome:R-HSA-3322077;reactome:R-HSA-425397;reactome:R-HSA-429914;reactome:R-HSA-429958;reactome:R-HSA-430039;reactome:R-HSA-446219;reactome:R-HSA-480985;reactome:R-HSA-499943;reactome:R-HSA-500753;reactome:R-HSA-69166;reactome:R-HSA-69183;reactome:R-HSA-69186;reactome:R-HSA-69190;reactome:R-HSA-69239;reactome:R-HSA-727802;reactome:R-HSA-73614;reactome:R-HSA-73621;reactome:R-HSA-73886;reactome:R-HSA-8850843;reactome:R-HSA-8956319;reactome:R-HSA-8956320;reactome:R-HSA-8956321;reactome:R-HSA-8982491;reactome:R-HSA-9660826;reactome:R-HSA-9664424;wiki:WP1925;wiki:WP1928;wiki:WP1937;wiki:WP2659;wiki:WP4022;wiki:WP4042;wiki:WP4059;wiki:WP4072;wiki:WP4082;wiki:WP4084;wiki:WP4225;wiki:WP4584;wiki:WP4595;wiki:WP4784;wiki:WP4998",6030,"CHEBI:16695","HMDB0000288","C00105","58-97-9",1290187.75861244,488223.806114667,37.8412989005365,2976453.57168792,1098866.52615809,"Amide","Pos",1
"C18-Pos-000081","Uridine 5'-monophosphate","C9 H13 N2 O9 P",324.03587,95.4,"NIST23",445,-1.11,325.04278,1.895,FALSE,"[M+H]+1","O=c1nc(O)ccn1[C@@H]1O[C@H](COP(=O)(O)O)[C@@H](O)[C@H]1O","DJJCXFVJDGTHFX-XVFCMESISA-N","Nucleosides, nucleotides, and analogues","Pyrimidine nucleotides","Pyrimidine ribonucleotides","reactome:R-HSA-157579;reactome:R-HSA-1638074;reactome:R-HSA-1638091;reactome:R-HSA-174414;reactome:R-HSA-174417;reactome:R-HSA-174437;reactome:R-HSA-180786;reactome:R-HSA-2022854;reactome:R-HSA-2022928;reactome:R-HSA-3322077;reactome:R-HSA-425397;reactome:R-HSA-429914;reactome:R-HSA-429958;reactome:R-HSA-430039;reactome:R-HSA-446219;reactome:R-HSA-480985;reactome:R-HSA-499943;reactome:R-HSA-500753;reactome:R-HSA-69166;reactome:R-HSA-69183;reactome:R-HSA-69186;reactome:R-HSA-69190;reactome:R-HSA-69239;reactome:R-HSA-727802;reactome:R-HSA-73614;reactome:R-HSA-73621;reactome:R-HSA-73886;reactome:R-HSA-8850843;reactome:R-HSA-8956319;reactome:R-HSA-8956320;reactome:R-HSA-8956321;reactome:R-HSA-8982491;reactome:R-HSA-9660826;reactome:R-HSA-9664424;wiki:WP1925;wiki:WP1928;wiki:WP1937;wiki:WP2659;wiki:WP4022;wiki:WP4042;wiki:WP4059;wiki:WP4072;wiki:WP4082;wiki:WP4084;wiki:WP4225;wiki:WP4584;wiki:WP4595;wiki:WP4784;wiki:WP4998",6030,"CHEBI:16695","HMDB0000288","C00105","58-97-9",13105674.1775119,9371012.19904357,71.5034730157058,34501741.2282235,8973433.97662525,"C18","Pos",1
"C18-Pos-000094","Uridine 5'-monophosphate","C9 H13 N2 O9 P",324.03587,95.4,"NIST23",445,-1.1,325.04279,2.245,FALSE,"[M+H]+1","O=c1nc(O)ccn1[C@@H]1O[C@H](COP(=O)(O)O)[C@@H](O)[C@H]1O","DJJCXFVJDGTHFX-XVFCMESISA-N","Nucleosides, nucleotides, and analogues","Pyrimidine nucleotides","Pyrimidine ribonucleotides","reactome:R-HSA-157579;reactome:R-HSA-1638074;reactome:R-HSA-1638091;reactome:R-HSA-174414;reactome:R-HSA-174417;reactome:R-HSA-174437;reactome:R-HSA-180786;reactome:R-HSA-2022854;reactome:R-HSA-2022928;reactome:R-HSA-3322077;reactome:R-HSA-425397;reactome:R-HSA-429914;reactome:R-HSA-429958;reactome:R-HSA-430039;reactome:R-HSA-446219;reactome:R-HSA-480985;reactome:R-HSA-499943;reactome:R-HSA-500753;reactome:R-HSA-69166;reactome:R-HSA-69183;reactome:R-HSA-69186;reactome:R-HSA-69190;reactome:R-HSA-69239;reactome:R-HSA-727802;reactome:R-HSA-73614;reactome:R-HSA-73621;reactome:R-HSA-73886;reactome:R-HSA-8850843;reactome:R-HSA-8956319;reactome:R-HSA-8956320;reactome:R-HSA-8956321;reactome:R-HSA-8982491;reactome:R-HSA-9660826;reactome:R-HSA-9664424;wiki:WP1925;wiki:WP1928;wiki:WP1937;wiki:WP2659;wiki:WP4022;wiki:WP4042;wiki:WP4059;wiki:WP4072;wiki:WP4082;wiki:WP4084;wiki:WP4225;wiki:WP4584;wiki:WP4595;wiki:WP4784;wiki:WP4998",6030,"CHEBI:16695","HMDB0000288","C00105","58-97-9",11825757.1801641,5582824.22400315,47.2090212825228,24040338.8350639,10965223.7458413,"C18","Pos",1
"Amide-Neg-000576","Uridine 5'-triphosphate","C9 H15 N2 O15 P3",483.96853,86,"NIST23",3519,0.53,482.96151,14.237,FALSE,"[M-H]-1","O=c1nc(O)ccn1[C@@H]1O[C@H](COP(=O)(O)OP(=O)(O)OP(=O)(O)O)[C@@H](O)[C@H]1O","PGAVKCOVUIYSFO-XVFCMESISA-N","Nucleosides, nucleotides, and analogues","Pyrimidine nucleotides","Pyrimidine ribonucleotides","kegg:map00052;kegg:map00520;reactome:R-HSA-156588;reactome:R-HSA-173599;reactome:R-HSA-3322077;reactome:R-HSA-417957;reactome:R-HSA-418038;reactome:R-HSA-429914;reactome:R-HSA-429947;reactome:R-HSA-446210;reactome:R-HSA-446219;reactome:R-HSA-499943;reactome:R-HSA-5683826;reactome:R-HSA-6807505;reactome:R-HSA-8850843;reactome:R-HSA-8956319;reactome:R-HSA-8982491;reactome:R-HSA-9816359;reactome:R-HSA-9820865;wiki:WP1925;wiki:WP1928;wiki:WP3579;wiki:WP3827;wiki:WP4022;wiki:WP4042;wiki:WP4059;wiki:WP4072;wiki:WP4074;wiki:WP4135;wiki:WP4225;wiki:WP4584;wiki:WP466;wiki:WP4900;wiki:WP698",6133,"CHEBI:15713","HMDB0000285",NA,"63-39-8",137786.138139142,106012.728592666,76.9400536399457,379685.453996104,103774.283537496,"Amide","Neg",1
"C18-Neg-000042","Uridine monophosphate (UMP)","C9 H13 N2 O9 P",324.03587,77.1,"mzCloud",1405,-0.17,323.02854,1.82,FALSE,"[M-H]-1","C1=CN(C(=O)NC1=O)C2C(C(C(O2)COP(=O)(O)O)O)O","DJJCXFVJDGTHFX-XVFCMESISA-N","Nucleosides, nucleotides, and analogues","Pyrimidine nucleotides","Pyrimidine ribonucleotides","reactome:R-HSA-157579;reactome:R-HSA-1638074;reactome:R-HSA-1638091;reactome:R-HSA-174414;reactome:R-HSA-174417;reactome:R-HSA-174437;reactome:R-HSA-180786;reactome:R-HSA-2022854;reactome:R-HSA-2022928;reactome:R-HSA-3322077;reactome:R-HSA-425397;reactome:R-HSA-429914;reactome:R-HSA-429958;reactome:R-HSA-430039;reactome:R-HSA-446219;reactome:R-HSA-480985;reactome:R-HSA-499943;reactome:R-HSA-500753;reactome:R-HSA-69166;reactome:R-HSA-69183;reactome:R-HSA-69186;reactome:R-HSA-69190;reactome:R-HSA-69239;reactome:R-HSA-727802;reactome:R-HSA-73614;reactome:R-HSA-73621;reactome:R-HSA-73886;reactome:R-HSA-8850843;reactome:R-HSA-8956319;reactome:R-HSA-8956320;reactome:R-HSA-8956321;reactome:R-HSA-8982491;reactome:R-HSA-9660826;reactome:R-HSA-9664424;wiki:WP1925;wiki:WP1928;wiki:WP1937;wiki:WP2659;wiki:WP4022;wiki:WP4042;wiki:WP4059;wiki:WP4072;wiki:WP4082;wiki:WP4084;wiki:WP4225;wiki:WP4584;wiki:WP4595;wiki:WP4784;wiki:WP4998",6030,"CHEBI:16695","HMDB0000288","C00105","58-97-9",10406057.783289,5332791.50350941,51.2469910754607,18041212.8051549,11305542.9792824,"C18","Neg",1
"C18-Neg-000074","Uridine monophosphate (UMP)","C9 H13 N2 O9 P",324.03587,77.1,"mzCloud",1405,-0.35,323.02848,7.85,FALSE,"[M-H]-1","C1=CN(C(=O)NC1=O)C2C(C(C(O2)COP(=O)(O)O)O)O","DJJCXFVJDGTHFX-XVFCMESISA-N","Nucleosides, nucleotides, and analogues","Pyrimidine nucleotides","Pyrimidine ribonucleotides","reactome:R-HSA-157579;reactome:R-HSA-1638074;reactome:R-HSA-1638091;reactome:R-HSA-174414;reactome:R-HSA-174417;reactome:R-HSA-174437;reactome:R-HSA-180786;reactome:R-HSA-2022854;reactome:R-HSA-2022928;reactome:R-HSA-3322077;reactome:R-HSA-425397;reactome:R-HSA-429914;reactome:R-HSA-429958;reactome:R-HSA-430039;reactome:R-HSA-446219;reactome:R-HSA-480985;reactome:R-HSA-499943;reactome:R-HSA-500753;reactome:R-HSA-69166;reactome:R-HSA-69183;reactome:R-HSA-69186;reactome:R-HSA-69190;reactome:R-HSA-69239;reactome:R-HSA-727802;reactome:R-HSA-73614;reactome:R-HSA-73621;reactome:R-HSA-73886;reactome:R-HSA-8850843;reactome:R-HSA-8956319;reactome:R-HSA-8956320;reactome:R-HSA-8956321;reactome:R-HSA-8982491;reactome:R-HSA-9660826;reactome:R-HSA-9664424;wiki:WP1925;wiki:WP1928;wiki:WP1937;wiki:WP2659;wiki:WP4022;wiki:WP4042;wiki:WP4059;wiki:WP4072;wiki:WP4082;wiki:WP4084;wiki:WP4225;wiki:WP4584;wiki:WP4595;wiki:WP4784;wiki:WP4998",6030,"CHEBI:16695","HMDB0000288","C00105","58-97-9",3994083.18524949,1455595.0963999,36.4437851914438,5879982.14768348,4041165.13521041,"C18","Neg",1
"C8-Neg-000083","Uridine monophosphate (UMP)","C9 H13 N2 O9 P",324.03587,64.6,"mzCloud",1405,-1.37,323.02815,1.146,FALSE,"[M-H]-1","C1=CN(C(=O)NC1=O)C2C(C(C(O2)COP(=O)(O)O)O)O","DJJCXFVJDGTHFX-XVFCMESISA-N","Nucleosides, nucleotides, and analogues","Pyrimidine nucleotides","Pyrimidine ribonucleotides","reactome:R-HSA-157579;reactome:R-HSA-1638074;reactome:R-HSA-1638091;reactome:R-HSA-174414;reactome:R-HSA-174417;reactome:R-HSA-174437;reactome:R-HSA-180786;reactome:R-HSA-2022854;reactome:R-HSA-2022928;reactome:R-HSA-3322077;reactome:R-HSA-425397;reactome:R-HSA-429914;reactome:R-HSA-429958;reactome:R-HSA-430039;reactome:R-HSA-446219;reactome:R-HSA-480985;reactome:R-HSA-499943;reactome:R-HSA-500753;reactome:R-HSA-69166;reactome:R-HSA-69183;reactome:R-HSA-69186;reactome:R-HSA-69190;reactome:R-HSA-69239;reactome:R-HSA-727802;reactome:R-HSA-73614;reactome:R-HSA-73621;reactome:R-HSA-73886;reactome:R-HSA-8850843;reactome:R-HSA-8956319;reactome:R-HSA-8956320;reactome:R-HSA-8956321;reactome:R-HSA-8982491;reactome:R-HSA-9660826;reactome:R-HSA-9664424;wiki:WP1925;wiki:WP1928;wiki:WP1937;wiki:WP2659;wiki:WP4022;wiki:WP4042;wiki:WP4059;wiki:WP4072;wiki:WP4082;wiki:WP4084;wiki:WP4225;wiki:WP4584;wiki:WP4595;wiki:WP4784;wiki:WP4998",6030,"CHEBI:16695","HMDB0000288","C00105","58-97-9",1265612.68043682,635704.593459161,50.2290000160041,3719009.42966859,1108032.23913803,"C8","Neg",1
"C18-Pos-000049","Vitamin C","C6 H8 O6",176.03209,92.4,"NIST23",839,-0.8,177.03923,1.596,FALSE,"[M+H]+1","O=C1O[C@H]([C@@H](O)CO)C(O)=C1O","CIWBSHSKHKDKBQ-JLAZNSOCSA-N","Organoheterocyclic compounds","Dihydrofurans","Furanones","kegg:map00350;reactome:R-HSA-1234174;reactome:R-HSA-1234176;reactome:R-HSA-1474151;reactome:R-HSA-1474290;reactome:R-HSA-1650814;reactome:R-HSA-196836;reactome:R-HSA-209776;reactome:R-HSA-209905;reactome:R-HSA-5221030;reactome:R-HSA-71262;reactome:R-HSA-8963684;reactome:R-HSA-8963691;reactome:R-HSA-8978934;wiki:WP1533;wiki:WP1995;wiki:WP2725;wiki:WP2727;wiki:WP2848;wiki:WP3372;wiki:WP3548;wiki:WP4269;wiki:WP4981;wiki:WP4990;wiki:WP4996",54670067,"CHEBI:29073","HMDB0000044","C00072","50-81-7",31983122.0369856,12019721.7759278,37.581452373624,60233864.0041017,31993905.7933507,"C18","Pos",1
"Amide-Pos-000491","XANTHINE","C5 H4 N4 O2",152.03343,53.2,"GNPS",6333,-1.07,153.04054,8.541,FALSE,"[M+H]+1","C1=NC2=C(N1)C(=O)NC(=O)N2","LRFVTYWOQMYALW-UHFFFAOYSA-N","Organoheterocyclic compounds","Imidazopyrimidines","Purines and purine derivatives","reactome:R-HSA-74259;reactome:R-HSA-8956319;wiki:WP3633;wiki:WP4042;wiki:WP4224;wiki:WP4507;wiki:WP4792",1188,"CHEBI:17712","HMDB0000292","C00385","69-89-6",376987.049474356,270270.157058115,71.6921595675396,780824.828421201,360257.532167178,"Amide","Pos",1
"Amide-Neg-000118","Xanthine","C5 H4 N4 O2",152.03343,62.9,"mzCloud",781,-0.37,151.02609,6.45,FALSE,"[M-H]-1","C1=NC2=C(N1)C(=O)NC(=O)N2","LRFVTYWOQMYALW-UHFFFAOYSA-N","Organoheterocyclic compounds","Imidazopyrimidines","Purines and purine derivatives","reactome:R-HSA-74259;reactome:R-HSA-8956319;wiki:WP3633;wiki:WP4042;wiki:WP4224;wiki:WP4507;wiki:WP4792",1188,"CHEBI:17712","HMDB0000292","C00385","69-89-6",7818346.11641013,3599221.59644008,46.0355878705035,15868035.1761629,7216051.21608908,"Amide","Neg",1
"C18-Neg-000124","Xanthine","C5 H4 N4 O2",152.03343,79.5,"mzCloud",781,0.44,151.02622,2.105,FALSE,"[M-H]-1","C1=NC2=C(N1)C(=O)NC(=O)N2","LRFVTYWOQMYALW-UHFFFAOYSA-N","Organoheterocyclic compounds","Imidazopyrimidines","Purines and purine derivatives","reactome:R-HSA-74259;reactome:R-HSA-8956319;wiki:WP3633;wiki:WP4042;wiki:WP4224;wiki:WP4507;wiki:WP4792",1188,"CHEBI:17712","HMDB0000292","C00385","69-89-6",1378622.03519659,523748.046360939,37.9906916464056,2962098.49064636,1256858.12372689,"C18","Neg",1
"C18-Neg-000155","Xanthine","C5 H4 N4 O2",152.03343,79.5,"mzCloud",781,-0.02,151.02615,2.344,FALSE,"[M-H]-1","C1=NC2=C(N1)C(=O)NC(=O)N2","LRFVTYWOQMYALW-UHFFFAOYSA-N","Organoheterocyclic compounds","Imidazopyrimidines","Purines and purine derivatives","reactome:R-HSA-74259;reactome:R-HSA-8956319;wiki:WP3633;wiki:WP4042;wiki:WP4224;wiki:WP4507;wiki:WP4792",1188,"CHEBI:17712","HMDB0000292","C00385","69-89-6",732847.095984081,600132.571254137,81.8905573267323,1079977.66158679,1078689.53443681,"C18","Neg",1
"C18-Pos-000137","Xanthine","C5 H4 N4 O2",152.03343,92.5,"NIST23",352,-1.11,153.04053,2.078,FALSE,"[M+H]+1","O=c1[nH]c(=O)c2[nH]cnc2[nH]1","LRFVTYWOQMYALW-UHFFFAOYSA-N","Organoheterocyclic compounds","Imidazopyrimidines","Purines and purine derivatives","reactome:R-HSA-74259;reactome:R-HSA-8956319;wiki:WP3633;wiki:WP4042;wiki:WP4224;wiki:WP4507;wiki:WP4792",1188,"CHEBI:17712","HMDB0000292","C00385","69-89-6",5589333.65984958,2151585.82015712,38.4944959649273,13119737.4530868,4887759.75517078,"C18","Pos",1
"C18-Pos-000207","Xanthine","C5 H4 N4 O2",152.03343,92.5,"NIST23",352,-1.15,153.04053,4.272,FALSE,"[M+H]+1","O=c1[nH]c(=O)c2[nH]cnc2[nH]1","LRFVTYWOQMYALW-UHFFFAOYSA-N","Organoheterocyclic compounds","Imidazopyrimidines","Purines and purine derivatives","reactome:R-HSA-74259;reactome:R-HSA-8956319;wiki:WP3633;wiki:WP4042;wiki:WP4224;wiki:WP4507;wiki:WP4792",1188,"CHEBI:17712","HMDB0000292","C00385","69-89-6",807162.608049751,642060.074346451,79.5453193623256,2893755.08721097,739597.379244901,"C18","Pos",1
"C18-Neg-000165","Xanthosine","C10 H12 N4 O6",284.07568,68.6,"mzCloud",1429,0.21,283.06847,4.277,FALSE,"[M-H]-1","O=c1[nH]c(=O)c2ncn([C@@H]3O[C@H](CO)[C@@H](O)[C@H]3O)c2[nH]1","UBORTCNDUKBEOP-UUOKFMHZSA-N","Nucleosides, nucleotides, and analogues","Purine nucleosides",NA,"wiki:WP4224;wiki:WP4792",64959,"CHEBI:18107","HMDB0000299","C01762","146-80-5",354985.496009666,297326.64411663,83.7574062768285,1208277.36459186,275001.346904759,"C18","Neg",1
"C18-Pos-000214","Xanthosine","C10 H12 N4 O6",284.07568,87.2,"NIST23",1076,-0.66,285.08277,4.292,FALSE,"[M+H]+1","O=c1[nH]c(=O)c2ncn([C@@H]3O[C@H](CO)[C@@H](O)[C@H]3O)c2[nH]1","UBORTCNDUKBEOP-UUOKFMHZSA-N","Nucleosides, nucleotides, and analogues","Purine nucleosides",NA,"wiki:WP4224;wiki:WP4792",64959,"CHEBI:18107","HMDB0000299","C01762","146-80-5",683802.568064142,562284.836321947,82.2291203020465,2575401.42898324,566780.886987776,"C18","Pos",1
"Amide-Neg-000260","Xylitol","C5 H12 O5",152.06847,89.4,"mzCloud",3192,-0.23,151.06115,5.685,FALSE,"[M-H]-1","C(C(C(C(CO)O)O)O)O","HEBKCHPVOIAQTA-SCDXWVJYSA-N","Organic oxygen compounds","Organooxygen compounds","Carbohydrates and carbohydrate conjugates",NA,NA,NA,NA,NA,NA,2758841.1323243,931500.312563058,33.7641882183436,5056567.54022013,2587729.31221591,"Amide","Neg",0
"Amide-Neg-000391","Xylitol","C5 H12 O5",152.06847,89.4,"mzCloud",3192,-0.22,151.06114,5.287,FALSE,"[M-H]-1","C(C(C(C(CO)O)O)O)O","HEBKCHPVOIAQTA-SCDXWVJYSA-N","Organic oxygen compounds","Organooxygen compounds","Carbohydrates and carbohydrate conjugates",NA,NA,NA,NA,NA,NA,840793.919672664,328697.473478908,39.0937024862021,1860891.50499537,747003.626484912,"Amide","Neg",0
"C8-Pos-000510","[6]-Paradol","C17 H26 O3",278.18819,59.3,"NIST23",23840,-0.14,279.19543,4.251,FALSE,"[M+H]+1","CCCCCCCC(=O)CCc1ccc(O)c(OC)c1","CZNLTCTYLMYLHL-UHFFFAOYSA-N","Benzenoids","Phenols","Methoxyphenols",NA,94378,"CHEBI:10137","HMDB0030801","C10482","27113-22-0",698761.718281767,154011.431068045,22.0406222949298,988611.466269948,670702.185313798,"C8","Pos",0
"C8-Pos-000626","[6]-Paradol","C17 H26 O3",278.18819,59.3,"NIST23",23840,0.34,279.19513,4.326,FALSE,"[M+H]+1","CCCCCCCC(=O)CCc1ccc(O)c(OC)c1","CZNLTCTYLMYLHL-UHFFFAOYSA-N","Benzenoids","Phenols","Methoxyphenols",NA,94378,"CHEBI:10137","HMDB0030801","C10482","27113-22-0",167566.154930408,113550.090651684,67.7643350465627,429078.23702544,107531.121436664,"C8","Pos",0
"Amide-Pos-000217","cis-4-Hydroxy-D-proline","C5 H9 N O3",131.05824,98.4,"mzCloud",347,-1.12,132.06537,11.517,FALSE,"[M+H]+1","O=C(O)C1NCC(O)C1","PMMYEEVYMWASQN-QWWZWVQMSA-N","Organic acids and derivatives","Carboxylic acids and derivatives","Amino acids, peptides, and analogues",NA,440014,"CHEBI:16231","HMDB0060460","C03440","2584-71-6",6586874.51692107,1913354.08347211,29.0479813841433,10826302.2442885,6546866.24736333,"Amide","Pos",1
"C18-Pos-000208","cis-4-Hydroxy-D-proline","C5 H9 N O3",131.05824,94.4,"mzCloud",347,-0.2,132.06549,2.536,FALSE,"[M+H]+1","O=C(O)C1NCC(O)C1","PMMYEEVYMWASQN-QWWZWVQMSA-N","Organic acids and derivatives","Carboxylic acids and derivatives","Amino acids, peptides, and analogues",NA,440014,"CHEBI:16231","HMDB0060460","C03440","2584-71-6",1970383.39621243,426039.247624048,21.622149701576,2815307.25920361,2029169.99148369,"C18","Pos",1
"Amide-Neg-000220","cis-7-Hexadecenoic acid","C16 H30 O2",254.22458,92.5,"mzCloud",6680,0.44,253.21742,1.104,FALSE,"[M-H]-1","CCCCCCCCC=CCCCCCC(=O)O","PJHOFUXBXJNUAC-KTKRTIGZSA-N","Lipids and lipid-like molecules","Fatty Acyls","Fatty acids and conjugates",NA,5318393,"CHEBI:35465","HMDB0002186",NA,"2416-19-5",945905.619275779,1363562.64084135,144.154196048158,6962152.60982028,629527.437513632,"Amide","Neg",1
"C8-Neg-000013","cis-7-Hexadecenoic acid","C16 H30 O2",254.22458,98.5,"mzCloud",6680,-1.02,253.21704,5.26,FALSE,"[M-H]-1","CCCCCCCCC=CCCCCCC(=O)O","PJHOFUXBXJNUAC-KTKRTIGZSA-N","Lipids and lipid-like molecules","Fatty Acyls","Fatty acids and conjugates",NA,5318393,"CHEBI:35465","HMDB0002186",NA,"2416-19-5",9436453.63985024,7869315.36491331,83.3927200328852,36151098.6705447,7889710.64071993,"C8","Neg",1
"Amide-Pos-000244","lenticin","C14 H18 N2 O2",246.13683,62.8,"MoNA",47584,-0.39,247.14401,7.085,FALSE,"[M+H]+1","C[N+](C)(C)C(CC1=CNC2=CC=CC=C21)C(=O)[O-]","AOHCBEAZXHZMOR-UHFFFAOYSA-N","Organic acids and derivatives","Carboxylic acids and derivatives","Amino acids, peptides, and analogues",NA,3861164,"CHEBI:181719",NA,NA,NA,2717789.00567649,3021958.63610444,111.191804433407,8501585.63783935,1619986.01002266,"Amide","Pos",1
"Amide-Neg-000114","meso-Butane-1,2,3,4-tetracarboxylic acid","C8 H10 O8",234.03757,75.5,"NIST23",421,-0.14,233.03026,3.16,FALSE,"[M-H]-1","C([C@H]([C@H](CC(=O)O)C(=O)O)C(=O)O)C(=O)O","GGAUUQHSCNMCAU-ZXZARUISSA-N","Organic acids and derivatives","Carboxylic acids and derivatives","Tetracarboxylic acids and derivatives",NA,6992626,NA,NA,NA,"1703-58-8",8819219.03303503,4299905.42101786,48.7560792504561,14790054.5058926,7598519.97448832,"Amide","Neg",0
"Amide-Neg-000125","meso-Butane-1,2,3,4-tetracarboxylic acid","C8 H10 O8",234.03757,75.5,"NIST23",421,-0.41,233.03019,2.135,FALSE,"[M-H]-1","C([C@H]([C@H](CC(=O)O)C(=O)O)C(=O)O)C(=O)O","GGAUUQHSCNMCAU-ZXZARUISSA-N","Organic acids and derivatives","Carboxylic acids and derivatives","Tetracarboxylic acids and derivatives",NA,6992626,NA,NA,NA,"1703-58-8",7192508.10371696,2630568.89673269,36.5737355982019,11359924.1438056,7192592.77113666,"Amide","Neg",0
"Amide-Pos-000464","trans-3-Indoleacrylic acid","C11 H9 N O2",187.06333,91.3,"mzCloud",928,-1.85,188.07026,7.081,FALSE,"[M+H]+1","O=C(O)/C=C/c1cc2ccccc2[nH]1","SXOUIMVOMIGLHO-AATRIKPKSA-N","Organoheterocyclic compounds","Indoles and derivatives","Indoles",NA,15030923,"CHEBI:90333",NA,NA,"143618-94-4",426776.06245967,430482.298060496,100.868426307573,1325181.31908733,293312.425988786,"Amide","Pos",1
"C18-Pos-000090","trans-3-Indoleacrylic acid","C11 H9 N O2",187.06333,90.4,"mzCloud",928,-0.96,205.09698,5.785,FALSE,"[M+NH4]+1","O=C(O)/C=C/c1cc2ccccc2[nH]1","SXOUIMVOMIGLHO-AATRIKPKSA-N","Organoheterocyclic compounds","Indoles and derivatives","Indoles",NA,15030923,"CHEBI:90333",NA,NA,"143618-94-4",20436268.5687934,4313548.48817661,21.1073194387526,30435745.6828646,19690769.9696267,"C18","Pos",1
"C18-Pos-000244","trans-3-Indoleacrylic acid","C11 H9 N O2",187.06333,90.4,"mzCloud",928,-0.26,205.09712,5.988,FALSE,"[M+NH4]+1","O=C(O)/C=C/c1cc2ccccc2[nH]1","SXOUIMVOMIGLHO-AATRIKPKSA-N","Organoheterocyclic compounds","Indoles and derivatives","Indoles",NA,15030923,"CHEBI:90333",NA,NA,"143618-94-4",83479.4346493573,76137.2466967072,91.2047943502615,137316.598089472,83479.4346493573,"C18","Pos",1
"Amide-Neg-000379","trans-Aconitic acid","C6 H6 O6",174.01644,70.2,"mzCloud",350,0.18,173.00919,13.961,FALSE,"[M-H]-1","C(/C(=C\C(=O)O)/C(=O)O)C(=O)O","GTZCVFVGUGFEME-HNQUOIGGSA-N","Organic acids and derivatives","Carboxylic acids and derivatives","Tricarboxylic acids and derivatives",NA,444212,"CHEBI:32806","HMDB0000958","C02341","4023-65-8",844379.541007234,62496.5109834719,7.4014714886296,888571.247724146,844379.541007234,"Amide","Neg",1
"Amide-Neg-000405","trans-Aconitic acid","C6 H6 O6",174.01644,70.2,"mzCloud",350,-0.11,208.98584,8.805,FALSE,"[M+Cl]-1","C(/C(=C\C(=O)O)/C(=O)O)C(=O)O","GTZCVFVGUGFEME-HNQUOIGGSA-N","Organic acids and derivatives","Carboxylic acids and derivatives","Tricarboxylic acids and derivatives",NA,444212,"CHEBI:32806","HMDB0000958","C02341","4023-65-8",1037582.26864634,541491.077918897,52.1877728910442,1695803.58558431,774489.618601652,"Amide","Neg",1
"C18-Neg-000025","trans-Aconitic acid","C6 H6 O6",174.01644,73.1,"mzCloud",350,0.67,173.00928,1.543,FALSE,"[M-H]-1","C(/C(=C\C(=O)O)/C(=O)O)C(=O)O","GTZCVFVGUGFEME-HNQUOIGGSA-N","Organic acids and derivatives","Carboxylic acids and derivatives","Tricarboxylic acids and derivatives",NA,444212,"CHEBI:32806","HMDB0000958","C02341","4023-65-8",18778666.8573144,9046588.77659239,48.1748190397695,28878195.248807,21011867.9331685,"C18","Neg",1
"Amide-Pos-000224","valeramide","C5 H11 N O",101.08406,57.3,"MoNA",46723,-1.67,102.09117,0.568,FALSE,"[M+H]+1","CCCCC(=O)N","IPWFJLQDVFKJDU-UHFFFAOYSA-N","Lipids and lipid-like molecules","Fatty Acyls","Fatty amides",NA,12298,"CHEBI:16459","HMDB0256275","C01842","626-97-1",5589011.29975487,2543314.59529233,45.5056262885688,10175405.1623921,4604563.95844254,"Amide","Pos",0
"Amide-Pos-000257","valeramide","C5 H11 N O",101.08406,57.3,"MoNA",46723,-1.04,102.09124,8.102,FALSE,"[M+H]+1","CCCCC(=O)N","IPWFJLQDVFKJDU-UHFFFAOYSA-N","Lipids and lipid-like molecules","Fatty Acyls","Fatty amides",NA,12298,"CHEBI:16459","HMDB0256275","C01842","626-97-1",4652057.5640629,1516129.63362391,32.590517480609,7901129.8993494,4254765.55281908,"Amide","Pos",0
"Amide-Pos-000489","Υ-L-Glutamyl-L-glutamic acid","C10 H16 N2 O7",276.09575,91.9,"mzCloud",1223,-0.79,277.10282,13.69,FALSE,"[M+H]+1","O=C(NC(C(=O)O)CCC(=O)O)CCC(C(=O)O)N","OWQDWQKWSLFFFR-WDSKDSINSA-N","Organic acids and derivatives","Carboxylic acids and derivatives","Amino acids, peptides, and analogues",NA,92865,"CHEBI:73705","HMDB0011737","C05282;C20948","1116-22-9",458143.736235308,160000.346431907,34.9236132194393,801003.862851973,407628.937977701,"Amide","Pos",1
"Amide-Neg-000246","α-D-Glucose-1,6-bisphosphate","C6 H14 O12 P2",339.99605,85,"mzCloud",1711,0.14,338.98882,14.354,FALSE,"[M-H]-1","C(C1C(C(C(C(O1)OP(=O)(O)O)O)O)O)OP(=O)(O)O","RWHOZGRAXYWRNX-VFUOTHLCSA-N","Organic oxygen compounds","Organooxygen compounds","Carbohydrates and carbohydrate conjugates","reactome:R-HSA-70171;reactome:R-HSA-70326;wiki:WP4093",82400,"CHEBI:18148","HMDB0003514","C01231","10139-18-1",780266.122832404,1092663.08492587,140.03723254823,5433623.90552427,430607.020073157,"Amide","Neg",0
"Amide-Neg-000347","α-D-Glucose-1,6-bisphosphate","C6 H14 O12 P2",339.99605,85,"mzCloud",1711,-0.33,338.98867,14.55,FALSE,"[M-H]-1","C(C1C(C(C(C(O1)OP(=O)(O)O)O)O)O)OP(=O)(O)O","RWHOZGRAXYWRNX-VFUOTHLCSA-N","Organic oxygen compounds","Organooxygen compounds","Carbohydrates and carbohydrate conjugates","reactome:R-HSA-70171;reactome:R-HSA-70326;wiki:WP4093",82400,"CHEBI:18148","HMDB0003514","C01231","10139-18-1",722164.401876698,806588.396265992,111.690412068208,2967673.90669791,349179.013547351,"Amide","Neg",0
"Amide-Neg-000013","β-Hydroxypropionic acid","C3 H6 O3",90.03169,87.3,"NIST23",5452,-0.26,89.02439,2.216,FALSE,"[M-H]-1","O=C(O)CCO","ALRHLSYJTWAHJZ-UHFFFAOYSA-N","Organic acids and derivatives","Hydroxy acids and derivatives","Beta hydroxy acids and derivatives","kegg:map00640;wiki:WP4157;wiki:WP4236;wiki:WP4686",68152,"CHEBI:33404","HMDB0000700","C01013","503-66-2",84013346.6963112,23062643.3418911,27.4511660929986,123518641.215814,86865214.5564235,"Amide","Neg",0
"Amide-Neg-000021","β-Hydroxypropionic acid","C3 H6 O3",90.03169,87.3,"NIST23",5452,0.4,89.02446,2.065,FALSE,"[M-H]-1","O=C(O)CCO","ALRHLSYJTWAHJZ-UHFFFAOYSA-N","Organic acids and derivatives","Hydroxy acids and derivatives","Beta hydroxy acids and derivatives","kegg:map00640;wiki:WP4157;wiki:WP4236;wiki:WP4686",68152,"CHEBI:33404","HMDB0000700","C01013","503-66-2",65259422.5938514,23555716.6655564,36.0955027324679,89670980.6895632,77646214.5701849,"Amide","Neg",0
"Amide-Neg-000061","δ-Ribono-1,4-lactone","C5 H8 O5",148.03717,87.4,"mzCloud",371,-0.19,147.02988,3.24,FALSE,"[M-H]-1","O=C1OC(CO)C(O)C1O","CUOKHACJLGPRHD-BXXZVTAOSA-N","Organic oxygen compounds","Organooxygen compounds","Carbohydrates and carbohydrate conjugates",NA,111064,"CHEBI:74168","HMDB0001900",NA,"5336-08-3",20444954.9036253,7883373.29600212,38.5590153324537,34372118.6626088,22089149.4630512,"Amide","Neg",0
"Amide-Neg-000367","δ-Ribono-1,4-lactone","C5 H8 O5",148.03717,87.4,"mzCloud",371,-0.42,147.02985,12.604,FALSE,"[M-H]-1","O=C1OC(CO)C(O)C1O","CUOKHACJLGPRHD-BXXZVTAOSA-N","Organic oxygen compounds","Organooxygen compounds","Carbohydrates and carbohydrate conjugates",NA,111064,"CHEBI:74168","HMDB0001900",NA,"5336-08-3",1102483.77732567,568345.311696566,51.5513537147204,2326957.32439332,1052625.10989495,"Amide","Neg",0
