"Compound.ID","Name","Formula","Sample02","Sample03","Sample04","Sample06","Sample07","Sample13","Sample15","Sample17","Sample18","Sample21","Sample23","Sample24","Sample26","Sample31","Sample33","Sample37","Sample40","Sample41","Sample42","Sample43","Sample46","Sample47","Sample49","Sample50"
"C18-Pos-001425","(2r)-3-Hydroxyisovaleroylcarnitine","C12 H23 N O5",1664683.91699996,NA,4176735.202377,NA,1010184.91683155,NA,2211039.57100607,NA,3222514.5300516,NA,1751670.78350993,NA,NA,1466631.11383684,NA,2117754.3781311,1855398.60611969,NA,4670480.86824199,2026140.80442912,2146680.11161119,2690182.4758904,2653438.1147306,NA
"C8-Neg-002321","(2s)-2-Hydroxy-3-[(Hydroxy{[(1s,2r,3r,4s,5s,6r)-2,3,4,5,6-Pentahydroxycyclohexyl]Oxy}Phosphoryl)Oxy]Propyl (12z)-12-Octadecenoate","C27 H51 O12 P",267400.972154103,336759.001187408,315450.097458945,622852.962043532,467331.411813689,171776.880183897,234619.674435871,217565.677237925,1357818.92753171,301136.268196848,811747.390513135,363770.32805322,236711.930201569,183622.061022356,350000.401418683,349421.477248487,436116.178368322,220641.159615396,156670.850041079,561391.684692662,253472.81709414,277673.205014037,254939.048772832,341189.892164006
"C18-Pos-000888","(2s)-2-[(2-Azaniumylacetyl)Amino]-4-Methylpentanoate","C8 H16 N2 O3",324120.906038293,280671.172546537,571161.919006949,1120997.36924978,290510.967416644,282419.804762462,599957.990314513,375250.278716992,983144.550695124,638454.724570022,602372.421089679,182430.738879298,437721.083384877,388420.238016094,345310.846472798,285317.554770753,226263.717327933,270661.819337673,936221.286839947,218142.9314648,366831.453941148,330843.283318062,254060.287569584,414026.356428309
"Amide-Pos-000872","(R)-Butyrylcarnitine","C11 H21 N O4",292958.584996465,700207.477869347,459397.059156368,900494.05022149,NA,271913.036356817,603939.203376665,NA,NA,NA,NA,NA,NA,NA,924541.047240175,NA,NA,699145.173541928,666824.672617678,NA,357237.948086691,700901.800878993,727970.637110173,NA
"C18-Pos-001415","(R)-Pantetheine","C11 H22 N2 O4 S",19560.4718319948,31849.1556130331,20203.5766703671,101364.2833974,118060.180051889,70133.4749825628,53642.1159041576,53501.4514648202,307274.364200226,33894.4711385145,72283.7451631682,20199.9609012142,96637.3381001418,33284.7568933575,58537.8712741797,73445.4638548421,64001.2587285628,48516.3316774235,84947.5201556602,38388.234324136,117251.671041418,75030.0377396048,94579.5244895655,57391.5691243979
"C8-Neg-000383","(Rac)-Idroxioleic Acid","C18 H34 O3",909684.939224839,1218470.94565805,972629.769540846,897065.352556298,1380657.29521755,1038380.22547445,937360.153641358,1738126.67238927,1202602.43303235,736761.708751862,940572.964810063,1178239.69944979,1045444.51429979,1070148.57557911,777551.0295148,1129030.4565511,1406866.82812081,857955.041655231,1077083.6078913,1741021.32178674,1644754.3174539,1027167.29667749,861710.825149125,795564.81619096
"C8-Pos-000501","(±)5-Hepe","C20 H30 O3",463829.304640265,671116.133164303,497513.097706909,862872.058876558,615678.912871967,819976.022525273,615266.688780167,736304.524070018,573084.342751828,1027583.78489882,599835.648352421,223658.510423838,702302.617758442,54345.5765319217,226668.072616691,581169.859914999,187594.207616886,513258.32857493,NA,NA,118378.59530837,91553.1199939816,59206.2413773565,590795.452731676
"C8-Pos-004898","1,2-Dieicosenoyl-Sn-Glycero-3-Phosphocholine","C48 H92 N O8 P",NA,NA,NA,NA,NA,37071.5186707907,NA,78591.816749084,NA,NA,103716.907258261,70691.4960654851,NA,94060.3322893067,NA,NA,96986.5743007718,90159.9522749054,107303.990566949,50039.1457352893,126781.711530192,NA,79644.7056725805,42138.7384486522
"C8-Pos-003474","1,2-Dimyristoyl-Sn-Glycero-3-Pc","C36 H72 N O8 P",285985844.451437,262030586.837396,245018770.705378,292052613.935762,265422222.655559,187313493.003919,293888551.932172,187806385.668768,221498557.461734,274436133.337092,264059767.788942,226710356.21761,263284693.076332,215587374.260939,171044404.750722,285776321.661011,208675137.556411,286299322.769179,243489267.562696,240066537.230532,217834567.642636,297818124.004152,303275377.363582,272371533.54702
"Amide-Pos-002307","1,2-Dioleoyl-Sn-Glycero-3-Phosphatidylcholine","C44 H84 N O8 P",2259448.18647476,3395198.09265097,1617825.39273503,3282252.67867297,2435943.06712965,1462471.5725701,2003289.96312638,1910025.78699902,801600.108919888,508621.79283165,661066.54705174,548923.181767003,595277.48390855,855325.919810773,928619.406624351,412520.996882411,2114385.03669254,3414879.57338237,5638138.92571293,679609.250256287,1056592.57673519,1606113.29154383,4501234.96502705,2104339.32960793
"Amide-Pos-002176","1,2-Dipentadecanoyl-Sn-Glycero-3-Phosphocholine","C38 H76 N O8 P",4765761.04747309,8260296.02777433,3673909.94276063,7334925.87147275,5871766.25214417,2169287.84474527,4654044.50216368,1903238.18834916,2022441.00365736,1695352.54070011,1540850.66726962,1277814.10527779,1894784.60451876,1496865.42567112,1820952.90610984,1389968.33954084,4313426.18529106,5330656.68269049,25026892.1731953,2082461.38090404,2198386.47681581,3990886.42245956,11940186.909403,7727159.12246314
"C8-Pos-004362","1,3,5-Tris(3,5-Di-Tert-Butyl-4-Hydroxybenzyl)-1,3,5-Triazine-2,4,6(1h,3h,5h)-Trione","C48 H69 N3 O6",108758.391908099,82267.669223575,117023.970723693,117222.200441436,109777.852887797,68375.1150799699,NA,93367.8449503967,94514.9901774117,88921.2950066842,156277.050793033,148390.089853967,85835.3664117804,178405.71462856,74017.9006126312,86760.2239719316,92889.3221301243,78641.2574031782,43837.9136210786,80941.8952796461,134635.593230335,96017.1485549533,99141.1283159213,84010.6797986135
"C18-Pos-000931","1,3-Benzodioxolylbutanamine (Bdb)","C11 H15 N O2",1195694.02511829,NA,NA,4125211.26351814,1450963.38687784,NA,NA,1984075.19612917,3228668.26292197,2867027.69389338,679253.691500363,NA,2359500.96123011,NA,NA,NA,1652743.11340582,NA,1613224.46962651,2106724.03228224,999332.325978995,2816730.41513546,2189061.7462927,NA
"C8-Pos-000033","1,3-Diphenylacetone","C15 H14 O",460422.062392025,474976.218606732,486031.710312664,503546.486012051,467253.246479803,468465.429802115,486462.744730556,485961.442688179,474343.04280855,416974.664827049,470297.14319345,486422.227135299,482072.634708558,485908.372487057,482661.241269711,470798.063313421,477785.805975374,482228.917599605,449664.500388286,486524.135638372,471682.642684951,472722.112243235,472788.561391974,484911.981556965
"C8-Pos-004250","1-(1z-Octadecenyl)-2-(9z-Octadecenoyl)-Sn-Glycero-3-Phosphocholine","C44 H86 N O7 P",4092661.24026614,4512159.87965587,4120177.60808626,3686657.28110424,3618482.56001889,6498256.36955291,4011903.08493988,5844745.03564334,4855007.65573246,4546713.9270945,5689875.2763391,8595871.00596859,4171649.70331461,5002417.52157103,5527229.87349998,3524897.17602406,5420270.27119732,5270085.93663504,4743046.14800677,5825898.12175647,6385476.74471726,4042572.93139508,6022113.67938235,4694487.84040124
"C18-Pos-003970","1-(9z-Octadecenoyl)-Sn-Glycero-3-Phosphoethanolamine","C23 H46 N O7 P",442808.182206956,530182.280662686,204825.89478264,536352.135350388,366292.950961127,157478.615142727,199991.513050268,196631.115667135,492270.327522683,243021.448952936,332185.010153278,139653.612378481,241114.809847478,142027.826325747,226884.996443902,166639.917684053,384206.584464019,310566.378576054,649187.89962706,264766.530223732,258174.147063984,227273.162553082,355022.331193752,253852.232572857
"Amide-Pos-000091","1-Aminocyclopropanecarboxylic Acid","C4 H7 N O2",2091478.14260284,1921344.89626671,1879044.13246561,3276755.53712033,4436.83436968322,8682.83732049905,1438762.67215122,2168037.64146648,1591866.95746375,2976396.67048896,3398932.04993793,1303861.99313285,1377358.36589836,3605208.03890642,1786305.6420568,2842772.07172664,2140488.66466436,2398486.59139037,2993367.8391619,2699355.97554975,2286419.88114433,15789.3917605745,2247499.21907376,1626493.22009548
"C8-Pos-004336","1-Hexadecanoyl-2-(5z,8z,11z,14z-Eicosatetraenoyl)-Sn-Glycero-3-Phosphocholine","C44 H80 N O8 P",299816.707741603,NA,51428.2054134948,120633.588518644,58527.189714939,NA,14180.9968347086,NA,NA,63595.4221279079,115625.209741995,7792.85905742475,122057.23299002,187636.879790045,12991.5375791904,27274.0814337288,75462.7686023608,NA,NA,48104.4921868905,1493928.7774298,NA,NA,9646.74682598863
"C8-Pos-004099","1-Hexadecanoyl-2-Octadecadienoyl-Sn-Glycero-3-Phosphocholine","C42 H80 N O8 P",300322.310566306,256637.069498377,22948.6908296289,108143.911952096,55408.4724915494,NA,NA,NA,NA,60466.3666165131,184724.349108322,32483.7960670573,NA,58254.844722905,NA,34107.135488756,NA,NA,61193.4017598515,NA,NA,NA,25343.9925795469,16831.5555665198
"C18-Pos-003617","1-Hexadecanoyl-Sn-Glycero-3-Phosphoethanolamine","C21 H44 N O7 P",326491.8179414,449181.291426998,224666.790280887,519076.907309241,410935.432906211,177133.845491684,258315.472348336,170210.812220796,561876.858140716,254654.62307408,353973.908148923,153126.578599864,267358.591423483,147683.684726656,235013.814782406,228386.094840877,495627.760194661,408131.265174986,1134503.95461383,330253.479582479,363402.889563089,306307.512795501,477866.48519836,325128.729131505
"C8-Pos-000787","1-Linoleoyl Glycerol","C21 H38 O4",11440294.0328331,12426709.4443391,11497339.5353739,12312237.6895974,11507511.1944234,11818243.236352,11051791.9451493,11413469.6721855,12466859.348928,11568171.4962287,10144935.8512834,11120228.3348276,11118717.8376798,11100805.1700072,10478133.3918394,10916324.1992926,11540650.4910663,10466550.0057538,7551748.38099168,11610426.7958627,11343370.772664,10421142.8548446,10924911.941032,10810957.7346202
"C18-Pos-004537","1-Linoleoyl-Sn-Glycero-3-Phosphorylcholine","C26 H50 N O7 P",153300.044177981,101821.53451504,183491.763629533,NA,31354.0870284673,46861.216052691,NA,NA,216775.493175668,NA,NA,66395.6758844558,NA,NA,286164.81692768,NA,NA,47711.3071416918,80158.7219461986,NA,NA,NA,40196.3464492356,134519.779246696
"Amide-Pos-001132","1-Methyladenosine","C11 H15 N5 O4",3435476.65289414,4620827.53342764,2830180.16347559,4446192.84367627,3331832.41070287,2836455.41057098,2903581.71448611,3711644.9972127,3533713.89511841,4819819.72790523,4801173.54800694,2141574.76235137,3155502.07230153,3829187.83077495,4269143.64061549,4130634.3760892,4656011.07801032,3696528.31399947,3668969.20599105,5507186.24872318,4921281.05388111,3228890.42343015,4614331.20523202,4332402.89294673
"Amide-Pos-000599","1-Methylhistidine","C7 H11 N3 O2",177933.744306764,793690.649724856,206848.611705834,NA,244401.495094838,896969.158084415,NA,458414.826947612,615370.612793662,315605.579824629,422078.886853489,399702.291020563,249480.292672547,302865.077375937,127171.243478131,276814.070553717,192551.436204451,341010.271416136,864725.816923824,816936.719767569,440286.172261734,160801.679004461,473523.647152005,354666.17780395
"Amide-Pos-001743","1-Myristoyl-Sn-Glycero-3-Phosphocholine","C22 H46 N O7 P",320893.025001204,411087.546523678,103335.561797274,483825.587795181,391843.015265779,124451.507452935,407123.709611235,124577.02188166,180552.13236103,307263.921768475,448319.867478812,277266.03153933,227709.811933608,157826.247635453,83058.6197305346,359364.87436,165299.725400277,332763.777037848,622868.418883438,375772.969046729,271746.011399172,369163.316936168,167867.917061508,485551.055454688
"Amide-Pos-002309","1-Octadecanoyl-2-Octadecenoyl-Sn-Glycero-3-Phosphocholine","C44 H86 N O8 P",4188025.52857617,6599827.1019741,2782132.51994715,5710910.60858365,4915162.61678944,3054260.78912465,4525722.93524767,3717699.54156494,2047484.35824106,1202639.60178018,1268364.91484126,971763.152108405,1419551.19841128,1284796.03600836,1341604.69526835,1013690.77225313,3493922.86136857,4918268.02534615,10473955.9545201,1179702.14732891,2445856.04171469,2867272.49054674,7501995.22668987,3723264.55651864
"Amide-Pos-002228","1-Oleoyl-2-Myristoyl-Sn-Glycero-3-Phosphocholine","C40 H78 N O8 P",9279279.54546841,17083158.9544715,8016277.09588163,13412203.1556616,12339486.6726244,4879664.25991069,8292193.24897204,4789229.80147484,3628074.05838732,2649036.24885287,2488671.64584987,2770172.19315159,2929568.11134261,3245315.68868661,4350873.46795864,2119926.99657658,9620530.22052573,16242267.2476009,45298106.2959665,3572618.48660818,5053385.05470943,6871934.8398842,23389845.563716,10302741.5521045
"C18-Pos-004585","1-Oleoyl-Sn-Glycero-3-Phosphocholine","C26 H52 N O7 P",1546775.62117294,1862646.83631427,1467462.11235305,3004423.04321999,1675833.2962859,620510.987192368,1189429.22183155,673420.742906323,3259923.4972027,1309283.6118097,1688594.92453331,1279226.73331224,1213071.30711353,832138.391472259,1272265.51877441,1174403.13684517,2090788.29353107,1970908.38802385,4623935.57225144,1639250.12264499,1323433.43167197,1353977.0790541,2043896.62696417,2006248.51765037
"C8-Pos-004574","1-Palmitoyl-2-Docosahexaenoyl-Sn-Glycero-3-Phosphocholine","C46 H80 N O8 P",18046222.9298059,21908174.6119355,20173681.2830624,18076183.6979707,20661685.0254208,24399870.5532447,22811892.1980752,24845211.6426538,18454652.4258263,18447929.3219019,19597167.2703503,22166894.2106466,19661395.0990381,18163939.5523956,31283692.866653,17065391.629127,18177654.804791,16261579.83173,15441239.8138389,17745919.2373258,23508688.1665898,NA,17278123.6232392,19963660.621915
"C8-Pos-002038","1-Palmitoyl-Sn-Glycero-3-Phosphocholine","C24 H50 N O7 P",440601894.260986,486866965.850525,479684070.508691,599157462.954647,502344953.067378,188900112.3782,353106152.981674,188934728.260059,608950856.901047,384750849.85829,332081101.98119,320502267.8629,339086079.777593,215658874.282684,255425880.221457,375521467.433829,392980116.476175,411255517.587902,740663551.701308,352970828.038909,325383064.259924,387253713.231034,419953724.38989,518069440.559768
"C18-Neg-002092","1-Stearoyl-2-Hydroxy-Sn-Glycero-3-Phosphoethanolamine","C23 H48 N O7 P",131199.80379553,183303.705470687,44730.3094556844,149498.809584962,124601.741005594,NA,NA,42018.4417602422,NA,30308.6982029353,44564.6603336682,26979.2632425644,43820.9850353282,26470.6598576764,37812.8851915666,32609.0773359841,93966.393162501,104604.583715804,16576.7912678169,49479.2641173634,52134.3012883715,61238.6462189175,NA,93234.4128665828
"Amide-Pos-002257","1-Stearoyl-2-Oleoyl-Sn-Glycero-3-Phosphoethanolamine","C41 H80 N O8 P",935023.79260241,1271975.83087172,469553.551554765,1295233.590064,619362.04022107,673735.026084119,816850.850625581,719396.967844174,554499.315673133,262978.675094988,293541.891691376,122183.610117107,240249.808013341,281215.807453491,193039.551511146,170512.404516895,458351.774883796,714681.927658761,1641119.25913714,119993.201395991,268037.492217253,286978.473838086,934895.854561134,521753.377000163
"C8-Pos-000832","1-Stearoylglycerol","C21 H42 O4",832838670.047547,857817184.603498,826504547.466934,636633307.485097,800727418.513551,816060714.448244,807820697.962599,680938850.663211,835007818.339327,902513971.2985,966693177.174474,1057785873.87183,735879906.747295,972637436.960481,808607790.885139,803165867.362398,817082745.755974,1024677774.48326,868948564.151295,907785772.952687,1092115012.75186,824402133.518607,1025110096.23177,961980953.89422
"C18-Neg-001407","1-Β-D-Arabinofuranosyluracil 5'-Monophosphate","C9 H13 N2 O9 P",NA,NA,NA,9548580.92420322,2227691.69794931,NA,3384982.96180799,16307332.3388091,NA,6876094.70937042,NA,NA,4357553.58535012,NA,12697459.2895798,7927942.30921677,5687873.11071524,13288544.5287874,2348407.12719087,11676459.1636154,1773736.06366688,NA,NA,NA
"C8-Pos-000642","16-Hydroxycleroda-3,13-Dien-15,16-Olide","C20 H30 O3",342495.409377265,611064.904887231,377253.045192702,453417.131144217,447811.908646811,489787.368929075,390701.315350775,434031.627637262,499827.751182125,379795.574927525,413301.656347078,398864.995550652,485901.786276192,405666.811006247,380053.39437359,435367.492367688,416637.499162561,294550.429616805,303167.962007887,389273.075831831,399636.34701734,285876.19823737,316135.96465625,347901.304361732
"C8-Pos-000495","17-(1-Hydroxyethyl)-10,13-Dimethyl-2,3,6,7,8,9,10,11,12,13,14,15,16,17-Tetradecahydro-1h-Cyclopenta[A]Phenanthren-3-One","C21 H32 O2",708934.342834679,1022133.84208386,511010.95531731,1470383.10912374,1153073.8169755,626672.745249433,401524.534336149,8175702.6171952,805250.374682197,410141.247255019,229198.974268931,654965.735574371,1102560.14827824,14999608.9869477,9699133.19943379,310434.524199872,157760.048691376,522498.02816578,955760.604899315,1133895.60506179,586850.43265137,202425.85867096,1128357.80598686,1833900.99416304
"Amide-Pos-000303","1h-Imidazole-1-Acetic Acid","C5 H6 N2 O2",1286676.01911799,1653889.96599707,370422.096715662,514798.178712254,208779.764123388,344357.094858839,474608.575083518,478008.571037096,139579.089367124,167922.671700185,861640.922574892,NA,695222.853392088,428429.090541787,NA,NA,519250.942920463,518485.35577968,215982.411513386,NA,NA,NA,601774.574103504,752392.829722406
"Amide-Pos-000996","2'-Deoxyadenosine","C10 H13 N5 O3",4242029.09407143,9641330.68343405,4882889.31233442,8623410.78979326,9827131.53786121,2744536.92758241,3584670.31781095,3068742.71738294,8327835.97383663,5087445.27869427,3753479.49969639,5982221.77140271,826274.959161884,6121018.62487976,8301089.28330451,7505264.84448014,5966320.84955064,6707258.03954933,6565896.92981486,5296617.17082033,10705450.3142744,4614508.98953446,8026483.75261593,12029371.5313523
"C18-Neg-001640","2'-Guanylic Acid","C10 H14 N5 O8 P",NA,7517290.09437363,3459335.86584084,9903052.7274054,3126046.76077004,6243595.98993118,3691841.25164478,10157821.4752316,10329827.6794625,9924309.89493263,2744831.82239902,NA,4625269.77629276,10104279.6860871,9773807.75837029,6661404.72688377,8452867.19851571,9791140.6340915,5006550.22404426,18886540.2598038,1201458.62678157,4897606.72136414,5263937.50068946,10347984.7402699
"C8-Pos-000764","2,3-Dihydroxypropyl 13-Methyltetradecanoate","C18 H36 O4",NA,45290.6868471343,77233.1442899449,NA,NA,17932.0170594707,39645.5113293975,34611.1785328964,21068.1735558937,NA,NA,33751.3107950535,NA,26279.0806640604,NA,NA,NA,NA,46964.238777559,NA,NA,23917.0759758899,15583.9454111424,51470.1000864992
"C8-Pos-001637","2,5-Bis(5-Tert-Butyl-Benzoxazol-2-Yl)Thiophene","C26 H26 N2 O2 S",2370181.76340668,6184516.6479098,8747546.50735774,9344256.70712709,8369842.06865169,11915205.7313433,8827324.39883978,6313630.47867831,6185543.64666394,7310245.87656641,8957662.25661852,7970774.95171629,3865422.49216285,4904396.55031285,2164648.88769702,2153338.81187006,2973736.70169993,2556280.06611894,1587124.22598813,2580372.80251013,4279837.28676877,2743956.83705314,2404498.60675517,4645857.15748865
"Amide-Neg-000141","2,6-Dihydroxypyridine Hcl","C5 H5 N O2",1866636.36700209,2575485.32916377,1252333.70665587,2556415.57709269,3019959.25820601,1943132.32867253,2408112.21875508,2557039.44914911,2604315.57530267,3313045.50538362,1655007.30842982,1696520.32102334,2414248.74218309,NA,2766400.33590242,2386614.92977558,2482090.02282761,3350497.33332985,2725784.58355255,3152716.87949677,2610276.80034684,2625602.73764666,2943310.60050883,2856578.15981606
"C8-Pos-001809","2-(2h-Benzotriazol-2-Yl)-4,6-Bis(1-Methyl-1-Phenylethyl)Phenol","C30 H29 N3 O",199589.791864612,156324.016487061,179915.456112318,185588.549049284,217801.969333491,203652.895247905,211169.578873892,187373.771210028,153047.382369674,209063.540770561,164675.831858472,157072.629400973,163556.808085791,195300.644114234,181471.556326137,175328.20461909,124041228.979849,19503629.4540169,4397344.83755409,1423563.98633856,450018.822515345,370316.587849449,281948.430704333,294704.802996566
"C8-Pos-002923","2-(5-Oxovaleryl)Phosphatidylcholine","C29 H56 N O9 P",732110.986100914,921203.584226078,837889.825513181,1133544.40576947,895566.593049427,994899.715899024,991252.255398132,836003.70752649,1619786.56190254,1153420.84829058,745765.847662942,613355.636180847,1005986.6329239,768567.793751904,784745.670533533,1001762.23627772,757325.563345656,885738.32691464,686628.994461354,776073.457377678,890331.069787361,763380.905551918,1074981.3218368,762959.353803793
"C18-Neg-000965","2-(6-Hydroxy-1-Methyl-2-Methylidene-9-Propan-2-Yl-5-Oxatricyclo[5.4.0.03,8]Undecan-4-Yl)Acetic Acid","C17 H26 O4",661616.039775972,713195.955075551,779598.666938222,688274.768050445,671466.882281938,764153.794275871,761570.128858194,706497.379862709,728700.287933574,690032.639259416,716462.414180884,711340.390758301,666610.462824256,748923.272063544,724346.983270836,675864.995807263,712205.428874823,720047.094754195,686023.488678511,697174.267901225,688060.402802812,693964.244019762,717305.319245801,730028.929678427
"C18-Pos-002507","2-(Alpha-D-Mannopyranosyl)-L-Tryptophan","C17 H22 N2 O7",3077162.4056795,NA,3035953.31298501,NA,2656699.75708707,2473829.21576818,4371771.78219422,NA,4493757.51958655,NA,3055585.55729396,2633383.29064936,2296668.18039556,2766922.38556568,NA,2920410.68775465,2558331.02225463,3048178.78900097,4575469.18409087,3724297.9225165,2603025.8161688,2119267.69462272,4147435.61806708,3662646.10424212
"Amide-Pos-001270","2-Acetamido-N-Β-Aspartyl-2-Deoxyhexopyranosylamine","C12 H21 N3 O8",400960.947758584,484149.95487727,300911.822120166,531750.160411118,275728.407347503,309192.577310741,406773.113528864,116697.364272991,382899.000469636,408264.680813253,317075.007299515,222114.588771433,252841.239391454,266691.977599256,291881.889119172,259288.824322129,300921.794795209,417502.818288846,345502.204105807,364529.178664143,251558.088709369,317058.436270357,314433.514411689,470076.411865974
"C18-Pos-000695","2-Aminocaprylate","C8 H17 N O2",63947.6016399331,304054.535253674,203528.551484843,112005.263610639,148101.658695607,186556.424643557,274941.361883538,46512.9593640262,269104.347086767,165415.735452999,109726.121472964,123687.417745248,58607.4729977431,138861.208256868,92340.2337819697,59427.7067346659,44691.5291292456,156348.335318863,108340.751829093,631434.357185081,58542.6953275034,65909.6347035437,114287.05282955,12969.1979873398
"Amide-Pos-000144","2-Aminoisobutyric Acid","C4 H9 N O2",2738754.15835257,3151408.31609489,3453672.66876318,4569174.79356381,4470570.97274193,2804395.30569007,3365356.87626243,3205078.20737648,4192348.76657757,3730614.37809852,6339248.60748636,6338590.35458026,5265526.03243632,2451260.77009556,4136483.05162563,3831653.48101801,2601086.13766008,3918359.04764291,15826983.9438905,329629.914426139,5876458.62823466,3437979.52509728,3787227.10470703,4307447.74135696
"C8-Pos-001012","2-Arachidonoyl Glycerol","C23 H38 O4",13258308.0780256,33582265.4432138,16854844.7274288,11742776.6075829,28672629.6951594,10480243.9620506,35084759.4569312,8197248.60951907,7739351.0887676,13587518.7515153,8064352.70502497,30869153.342746,4929319.77166324,10911621.8349642,12875859.5644983,11925105.6554946,11336411.1421986,11853211.2826663,34842052.446036,5938696.46707627,10534739.1796239,18256518.1546566,26617764.5731667,18351771.1604446
"Amide-Neg-001061","2-Deoxyribose 5-Phosphate","C5 H11 O7 P",6084728.22764524,5199477.69975364,6712367.8342206,3057214.96806743,8102675.7440374,6997001.72647579,7006546.29945148,NA,4153793.15559784,NA,NA,NA,NA,NA,8494269.77813011,NA,5901437.23257443,4938434.21339795,5136940.33786347,2108498.03097878,6491092.56987378,7537198.38391176,5717292.75281414,5932462.6167166
"C8-Pos-004831","2-Docosahexaenoyl-1-Stearoyl-Sn-Glycero-3-Phosphoserine","C46 H78 N O10 P",31058099.9540915,34723384.905885,39453356.7876779,26341408.8936775,15087416.6156158,33705241.2399098,10595013.4761622,NA,44951205.3624752,124529560.066916,98222997.3266759,161249093.236397,NA,NA,33841760.316375,91784986.844617,NA,NA,128781370.922544,134752505.28246,72620808.5444351,59037307.5281304,41341469.1908469,NA
"Amide-Neg-000149","2-Furoic Acid","C5 H4 O3",1628427.9960881,4039168.52879065,630582.520124817,2412736.02165309,4082363.24613188,2180234.56465301,3927296.96857703,2559560.69108078,2109481.75917691,1104922.32598176,879300.119458003,1447294.12671714,1257386.06930371,12251084.9069022,1777324.11347768,1016834.04575606,3080210.32890749,1069051.35379545,5478070.41929139,1793197.47948224,2926573.13604119,1604456.0211497,NA,2338795.52503897
"C8-Pos-000610","2-Methyl-5-{2-[2-(4-Methyl-3,6-Dioxocyclohexa-1,4-Dienyl)Ethoxy]Ethyl}Benzo-1,4-Quinone","C18 H18 O5",740544.263137362,825429.020119521,2110079.8689768,688333.900883707,1691460.64949233,1409565.73683339,825664.98076978,675411.977435876,1080034.26978646,853033.002901257,941471.10052068,981260.407122463,1200493.00643338,670096.061575086,865136.920563108,946902.495093635,1061605.25392474,618827.637586142,684123.321022767,1160295.12971256,1048743.35752062,694803.805116189,736316.819392187,682224.820080613
"Amide-Neg-000432","2-Methylbenzoic Acid","C8 H8 O2",284674.757783482,1028880.23400956,913062.933570375,766430.036013653,1846390.6797457,NA,1804919.07794913,1080094.02205769,1081330.77247231,780206.895292628,459687.637393726,1120202.37739916,476168.342262343,1184739.70702969,432332.203334393,285838.27696772,664863.287877038,499849.584641583,748134.122306104,568433.270850636,791822.777626952,390768.271900961,481816.378301305,967310.487317966
"Amide-Neg-000333","2-Methylsuccinic Acid","C5 H8 O4",256765.688400427,242674.84578904,246275.901950823,364118.570115059,111806.077646032,54207.2482882444,285698.388447815,529508.252299961,NA,NA,101874.482854259,285169.804786577,261056.532117875,633759.193519157,329941.719469769,166489.523367611,149243.472469507,263727.004402383,487168.012964169,NA,183222.845937777,184503.719231183,249912.644385906,305743.627569125
"Amide-Pos-002276","2-Oleoyl-1-Palmitoyl-Sn-Glycero-3-Phosphocholine","C42 H82 N O8 P",24041799.2571004,39406437.7409352,19888164.8315731,37408994.3162576,31304257.5495183,14478068.8292311,25259659.5306671,16633749.926915,9677596.61683086,6999571.23914651,7175913.61339513,6498340.67584555,7450822.0731126,8436835.56098989,9425594.00333962,6015554.79598889,22905982.8943388,40933129.8822482,97239265.846986,8995801.96424644,15884906.3041101,19758260.8900747,57585936.6339994,32519548.4593478
"Amide-Pos-002283","2-Oleoyl-1-Palmitoyl-Sn-Glycero-3-Phosphoserine","C40 H76 N O10 P",390108.457321573,759836.622746365,446079.523784573,763658.729544929,478136.708647899,520501.935172404,576639.879216407,400457.302686965,428087.985004566,242257.083430202,265916.245814736,270083.734917885,179387.71339342,208238.674983695,361596.219196858,154746.260037715,789437.48259532,834192.355152485,2070291.64671447,359345.74644295,386819.132247625,377391.255585237,1642025.6557924,603211.774619009
"Amide-Neg-002264","2-Oleoyl-1-Stearoyl-Sn-Glycero-3-Phosphoserine","C42 H80 N O10 P",52678.349116611,191234.431929319,5802.2049800549,61131.8225928147,146603.599004736,77729.6758399402,117556.210391481,122440.305048104,69464.8158815303,NA,NA,21399.2644787202,29861.31729962,49019.8947824616,43133.9508360262,4866.96325772931,104658.793650006,106735.77257541,398348.779446877,41681.4707818163,86080.2858565336,60525.0865888332,207279.96574845,61558.7047149848
"Amide-Neg-000587","2-Oxoadipic Acid","C6 H8 O5",900281.422523846,1172697.45590488,640106.167849945,1285581.58786195,1443031.11903632,1244510.65092336,1455070.76623118,1335950.50775604,1287841.47192475,1296958.04130779,1031800.34034818,842351.371110486,922600.638550337,1529377.98019096,1174107.84045239,989704.273686321,1420611.41458861,1396829.26179771,1460644.67976999,1485010.7374267,1344361.38976653,1121921.58444182,1330414.03940904,1514547.15408202
"Amide-Neg-000108","2-Oxobutanoic Acid","C4 H6 O3",894604.02794307,2686921.94148529,NA,NA,4673963.45386292,NA,3511911.98607732,NA,2561891.26774606,2241848.03660966,268176.471414794,1229954.72666904,NA,NA,1791531.19328561,747506.840759815,2897321.74803032,1392782.35214865,3265561.88583338,3511369.05336352,2935305.43598582,2030516.03139894,NA,2106776.98602333
"Amide-Pos-000902","2-Sc S-(2-Succinyl)-L-Cysteine","C7 H11 N O6 S",178772.058354778,178599.177621954,201066.274820767,233924.810241276,123282.558788692,214364.406749329,225558.243796965,181532.669782423,267109.329182291,176745.628953489,199864.427394805,137110.412519542,119426.543920465,144369.075496074,173217.493624044,137564.213192662,224964.764071235,262893.848129202,468266.171398169,222144.803284172,144155.460257313,207813.092986967,217228.928821272,283634.217474118
"C8-Pos-001592","2-[{[(1s,4s,6s)-4-({5-[4-(Dimethylamino)Phenyl]-1,3,4-Oxadiazol-2-Yl}Methyl)-6-Isopropyl-3-Methyl-2-Cyclohexen-1-Yl]Methyl}(Methyl)Amino]Ethanol","C25 H38 N4 O2",832720.412202692,212479.033005313,227587.055142114,298533.093651708,269039.612299327,729643.144413898,510277.408540959,220904.075504437,207336.601582966,239277.101575577,244092.501727635,229594.690939851,871763.921081652,208301.430523391,790307.815892546,124146.049566255,137677.796832579,779033.534569801,62683.474622824,122619.505540945,136115.298919809,128887.359610692,NA,204309.448721802
"Amide-Pos-000094","3-(Ethenyloxy)Propan-1-Amine","C5 H11 N O",3905240.74985125,4248683.67048891,6104652.81172998,3740430.05807661,4084982.92096986,5718368.77947995,4853269.56652936,7184839.40910761,5852107.195302,3901666.53132638,4759684.07284733,7709633.6786675,4515430.22014999,6286902.13748388,5594459.2917527,2274881.34570199,4753719.64467588,4906480.44116708,3866197.88595675,6825097.80304035,4680639.1417724,2066972.91590207,5281219.14845283,1645067.05049815
"C8-Pos-000955","3-Hexadecyl-4-Methoxy-5-Methyloxolan-2-One","C22 H42 O3",611225.939980128,593498.452320348,752284.603057662,662775.935993622,627225.139206029,657247.841692541,647982.743476553,632215.678910007,667880.868020448,609531.549734339,684408.906298357,678485.774227345,621637.73736927,781924.051901574,600407.133331965,625231.130105167,647887.183724342,588688.100979209,529334.538170804,736065.68636185,634119.431593595,566758.064276104,608751.10771792,601226.924167173
"Amide-Pos-000918","3-Hydroxy-1-Methyl-3-(2-Oxopropyl)Indol-2-One","C12 H13 N O3",388553.585258388,274354.239736748,735642.014777196,151132.272065781,214285.674939334,363208.879740534,589515.275986671,562218.64402609,138537.837240466,392816.80445402,189486.924597743,504164.398664381,291829.511674092,470792.5496321,342680.426940414,257794.79266002,314980.89640147,674053.65061773,1013734.76764588,337583.067564835,193847.107070941,347138.925061213,412969.543652121,567927.422536407
"Amide-Neg-000118","3-Hydroxybutyric Acid","C4 H8 O3",2335360.09108963,5468813.10712207,1293765.21388788,4390003.06520794,NA,1039745.97819211,1176121.28329681,1576562.39250682,9744739.773736,4138870.83824721,2364380.02009963,1008648.40928319,1138778.01898995,NA,NA,2530316.60635386,1859638.67512287,1804807.81955584,NA,5842768.30834542,1519962.21417954,1326381.32594843,2443567.32727187,2334753.16316921
"C18-Pos-001343","3-Hydroxybutyrylcarnitine","C11 H21 N O5",1684493.47584459,4746522.39027959,1246022.11666265,4032393.74643789,1297384.20251437,2003599.84684921,1683122.71273861,NA,3276925.44325005,1493385.94787461,2336267.83599529,NA,772201.239893128,1556423.20326514,3835114.97811518,1387996.60673977,2319781.83174293,3549754.45788815,4500579.15656046,2230244.09545213,2158619.51208374,3192351.90171961,2608644.49467344,1913318.68094036
"C8-Pos-001621","3-Hydroxystigmast-5-En-7-One","C29 H48 O2",79505.9552613714,39409.1365156935,40044.8950623683,269036.215230626,155468.519481193,151626.706277664,204777.383613299,160333.936553641,134221.989749913,233899.465135452,35777.1272211934,179695.22150081,144561.551318374,89180.1031328487,200476.131239173,312401.173972499,168677.715726098,42989.3246179064,401321.222661848,82569.2184423754,109270.28315752,52240.5304891846,46821.0538357876,15102.1950753228
"Amide-Pos-000244","3-Isopropoxypropylamine","C6 H15 N O",10391497.4665146,11984927.5855525,12242460.8829519,6064116.22103038,8752665.78079036,5240555.41743254,6318765.9104068,68922615.4517107,16581218.171814,43201925.2182928,34501454.1847608,66221552.2484102,28829531.4520014,54682593.9077709,18371597.375108,16621960.1435172,18464886.881325,18865218.1520606,9361390.9541721,55875134.7681515,7917405.56030494,7133600.52991068,10930729.4164356,15587527.2326174
"Amide-Pos-001016","3-Ketocarbofuran","C12 H13 N O4",1170852.7734578,8390594.41121328,1613403.8569514,1291732.53410592,2994147.32150965,3297714.74613482,3963658.5050778,2232777.97711637,754693.244137382,1300482.31791496,2318857.8895013,8436989.30967982,1655139.64727462,1066176.91203401,5301260.75127207,2189434.28969332,3536744.35725263,1374820.40443497,3376215.11708732,2072510.30949908,2803685.44595915,2385812.56871929,3124831.09298263,2341776.52294021
"Amide-Pos-000601","3-Methylhistidine","C7 H11 N3 O2",376006.055428129,3342769.94851722,1006541.42920119,4749978.9193557,2023088.52264199,3776504.47666107,3124811.81571849,243145.986427398,1351333.64770833,990257.859571662,1533841.34238502,829725.71046312,1207016.70654849,316923.394067945,1115662.01717494,1687810.05136701,740956.729053975,733933.269257994,2168332.21761922,2111669.40064089,569183.37314793,501746.767395016,1155765.59891263,1422007.5905951
"Amide-Pos-000092","3-[(2-Hydroxyethyl)Amino]-1-Propanol","C5 H13 N O2",29463530.7907922,36703260.8791135,20175542.5854802,31420331.5811372,32726284.7655443,39348255.5820954,45552212.2250079,90653969.2987091,50022969.7133329,56223689.4298577,44545990.1071211,115719206.810843,54665729.805169,73621954.5055039,47402325.9847871,45650066.0909494,48824099.0788316,45973683.4967478,48922083.7035514,67454886.5551973,30963289.2726049,30009546.8426989,39614522.4997095,53594495.0175963
"Amide-Neg-000479","4-(Acetylamino)Butanoic Acid","C6 H11 N O3",340658.982519417,639406.175055441,322339.20850329,939590.518063971,653565.780192256,640532.212700832,663334.413387062,360470.144770482,662414.151428326,560464.189138651,365560.470453105,246648.889286275,364834.101561096,692469.294129943,317505.346058289,695484.226982696,853919.0243022,752243.873175923,1253482.30446226,1055709.42836861,566159.105744448,421262.523518122,814509.173275639,933056.772111023
"C8-Pos-001064","4-Cholestenone","C27 H44 O",471113.144394434,836672.635728939,729933.10626567,822417.454422229,658194.009330046,924343.575313264,857542.938307174,741730.583423292,924302.203692404,781014.919543104,522334.943853224,402273.671471219,726404.839996363,482108.501409002,682318.639670184,576183.824426869,473545.683768474,540564.701210159,330564.493123028,456720.139507378,458201.953667491,453990.914680478,464390.189411374,470642.50626229
"C8-Neg-000519","4-Dodecylbenzenesulfonic Acid","C18 H30 O3 S",2664537.19539869,2390943.69403602,3436568.92552157,2290612.64819858,4486827.78694179,3203160.02545406,2314470.57469864,2801401.92295215,2214647.94977898,2772145.66142414,2115820.39996771,2460263.85193869,2053473.70133477,2438777.22244658,2820580.72809443,2149660.55172594,2447888.08843974,2822495.83332555,2698703.03895123,2800042.01593457,2592974.13722969,3325573.1775318,6987261.14532199,1927093.70339904
"C8-Pos-000612","4-Hydroxy-6-[2-(2-Methyl-1,2,4a,5,6,7,8,8a-Octahydronaphthalen-1-Yl)Ethyl]Oxan-2-One","C18 H28 O3",625402.132793308,462643.71583505,552089.918339615,503157.062623368,545993.670616592,415819.707125508,467612.178560932,430298.973285311,397935.56356831,461212.731886733,537099.096741423,425151.693165579,432724.236472379,518915.440173368,401216.370512532,394032.399588324,370225.169550811,454075.680357635,378348.469054701,473364.574394514,412740.640693509,431890.773853639,457727.205947226,400197.501585055
"Amide-Pos-000314","4-Piperidinecarboxamide","C6 H12 N2 O",1333600.19356833,2109489.71477392,1577485.66146167,1694492.78058238,1470835.06703739,1903126.93532052,1406735.16805266,2007340.33356152,884629.30672936,955881.219981673,1134023.85357438,1050786.10656059,3120782.06091117,932371.14279823,1926321.92183801,1172545.98851802,992562.20625248,1187116.1772805,1865167.19222063,824320.390111032,1126130.78608513,1291107.96568234,1250497.07950499,1056429.11503656
"Amide-Pos-000461","4-Quinolinol","C9 H7 N O",1574882.83673826,NA,3040692.12526484,2663227.08641369,1716677.96990653,3063470.25877842,2541814.25159935,3216244.72646382,2944092.91224964,1385164.87925116,3880505.15115549,1720496.46292668,NA,2043484.57216388,3566114.24027845,NA,2374005.86802798,2521453.08480434,2911600.8814179,1555838.17054692,2691152.90414365,NA,2966504.71958905,2608597.78857
"C18-Pos-002009","5'-Cytidylic Acid","C9 H14 N3 O8 P",NA,4345463.28541974,3780088.24083585,NA,NA,6121746.79183097,4394197.11127135,6037129.74463081,3703246.3990561,NA,3965170.18001253,NA,3575801.83965955,NA,4438627.19231003,NA,NA,5750209.77563871,3224766.61799841,NA,NA,2665254.91399712,NA,5534010.73352486
"C8-Pos-000483","5'-S-Methyl-5'-Thioadenosine","C11 H15 N5 O3 S",7676157.74878376,7960730.03053466,10411731.5618424,10404199.7939189,8741306.38369503,7049706.34865544,6606872.01699551,8682423.96966137,5915550.79789206,8740981.66230945,5632912.51996571,5369599.34604782,7165119.39078678,7239261.61829368,6856821.01009987,6094946.85762985,5885232.29918645,7721166.05829939,5013869.94676869,4415597.67567244,6248248.43576202,7199578.84114196,7012650.06217156,7376717.31207958
"Amide-Neg-001943","5'-Xanthylic Acid","C10 H13 N4 O9 P",4495.57063593489,18132.8553491752,4272.02459634906,30975.4056781391,52042.6952023466,41105.2846674839,94227.8240772698,7069.02660766918,63894.7469218739,31981.1349144545,17270.6173152252,27215.8501951747,20190.8198941486,6457.27874598233,24029.740293283,7225.20238034479,18122.0938180784,NA,53432.9908365518,29582.954649486,28400.495534634,NA,8935.19121114494,6905.03309426436
"C18-Neg-001236","5,5-Dimethyl-2-{[(2-Phenylacetyl)Amino]Methyl}-1,3-Thiazolane-4-Carboxylic Acid","C15 H20 N2 O3 S",84259.2448258443,121550.754049017,205182.35951764,84237.0518258381,171308.263790892,217526.965638167,149323.476837563,1192049.75435877,288785.76702894,714463.860760435,179117.199437285,1072697.46745573,531357.81367915,730878.494464865,440422.485858867,218289.416586216,NA,78406.9766020713,NA,446076.528887785,346874.136758089,163736.30819467,312780.859318529,602828.893158746
"Amide-Neg-000296","5,5-Dimethyloxazolidine-2,4-Dione","C5 H7 N O3",NA,5513731.07487092,NA,NA,6428146.07468494,NA,7068386.78965833,5988724.95305376,5482360.85648952,5638503.63918394,NA,NA,4740181.58008817,6642446.90188669,7329873.14890359,5231841.00823232,5526310.73306026,7150467.56951849,3636516.3652892,NA,4987961.98222832,5965710.23371208,6207213.61688625,6236574.52462865
"C8-Pos-000887","5-(Z-Heptadec-8-Enyl) Resorcinol","C23 H38 O2",723042.142295899,1284340.54089322,1854436.09458447,1176747.43086352,1865072.87613336,837736.364005812,1215228.04085253,1887181.46150625,1279676.11917024,1389378.01407181,1227144.35483691,996176.395010543,1444541.98280399,1090389.66451373,1399292.74861531,1920263.32653579,1006717.45943937,1403899.26609982,2063320.36090322,2008945.97565134,1857214.19810452,1834997.63601956,2747652.44235617,2098263.29101699
"Amide-Pos-000563","5-Methyl D-Glutamate","C6 H11 N O4",972537.84388301,2197580.1625319,781230.226533384,2542265.23683255,2230970.5050519,3520668.15779578,3796560.32297484,2233339.99894046,4189382.2247214,3202802.01341175,3300509.90080735,NA,1921779.93351045,3982205.18774798,7711770.45161102,3368223.97127811,9129397.68645232,17133632.8879656,5825515.93661068,4404676.98235106,10180969.3856631,3269496.90527205,11529464.1953634,6575695.5911382
"Amide-Pos-001025","5-Methylcytidine","C10 H15 N3 O5",634481.842606567,1057603.18418363,723596.258802083,1402947.13481989,830262.905891013,516062.148721551,766202.149552908,835489.221090259,298748.695888082,1218779.47699311,1070561.94479283,386802.85288824,724432.962152481,651857.936235395,911660.45405243,298169.928156192,1024348.65289702,524246.589576828,750788.49939891,1366621.63989301,NA,185443.157771322,1045482.92565193,1066948.55308177
"Amide-Pos-000296","5-Methylcytosine","C5 H7 N3 O",4537901.74684067,4508965.24131559,3681551.43372462,5970519.67984082,3706963.77783428,2701634.59270297,3654950.41960964,3990051.90620494,4688575.4124525,5602670.31772002,5282928.37938409,1148341.40539046,3004551.59944672,4075745.47430782,2433000.25663603,4115639.94349416,4420038.45610711,2498290.47907911,3639671.20898384,4987257.60273261,3331802.62847966,3966953.08318034,2265946.77262945,4223717.84814968
"Amide-Neg-000323","6-Aminocaproic Acid","C6 H13 N O2",1902955.448446,3664641.57618867,NA,3049673.79971751,5048779.21336218,NA,526920.555217037,3890145.93367125,6534667.94321352,3582569.66479042,1801790.25085022,NA,3207711.46621406,NA,3538847.36069652,2165494.95660475,3971711.74917351,3992173.12095125,NA,5758639.51071377,NA,4227250.62567379,NA,3357766.74648652
"Amide-Neg-000647","6-Chloro-5-Methyl-1h-1,2,3-Benzotriazole","C7 H6 Cl N3",14684602.4241949,24771967.0016039,7159552.46304466,21151530.5715699,27207753.4880001,11978988.8635533,33484759.2339989,24371630.0142421,24686328.2587142,27963765.6297539,10892947.6459749,12428301.5095318,15154853.8543614,34466419.1512299,15658400.5118748,9561696.69003076,11074738.87341,16506772.6820391,21231832.1142086,19136324.5424727,16264816.833894,21089970.5510977,16024348.4143696,13605797.833199
"Amide-Pos-000636","6-Chloropicolinic Acid","C6 H4 Cl N O2",3501572.59383904,2920316.91448085,3650544.93028693,4038129.40698393,3568546.44776283,4323407.19432015,3540318.96088816,3721029.86449371,5161593.59792281,5003845.32933795,5165258.65313689,1364926.09866247,3887312.09235271,779646.954930991,3493613.66188172,3612593.90577541,3373455.24786212,2815900.9344275,5786988.23799568,802267.956082496,3097571.59079444,3218645.71295846,772546.714885684,3401284.23695712
"C8-Neg-000556","7(Z),10(Z),13(Z),16(Z)-Docosatetraenoic Acid","C22 H36 O2",17760022.7526087,30534525.2131273,27956074.258424,39157763.8620289,64186372.1195624,26879249.9763586,33951387.380192,37674066.5372334,69811746.450992,19101485.5688652,35765643.5600219,22726409.1982147,45518829.4969007,18294823.2834486,17817155.6637831,26777569.1615672,21101240.5684105,9635665.95502136,30152143.9661906,30867271.1597838,28178391.0322179,15295203.2645646,27362732.4599981,12257533.3392407
"Amide-Pos-001185","7-Methylguanosine","C11 H15 N5 O5",2590432.74259153,3726197.32777059,1828924.2199965,3290281.71114224,2861937.95072187,2169724.91964533,2027688.20947825,2838639.12782292,3597184.39493981,2888797.62666013,3780570.91709831,1995636.92507308,1985314.88203838,2699080.43765722,2468631.21236841,2637559.60899932,3717003.6568612,2694268.49154706,3279497.99845885,4404359.33898325,3197236.30714569,2029503.21207465,3830791.32182071,2118756.38464835
"C8-Neg-000432","8z,11z,14z-Eicosatrienoic Acid","C20 H34 O2",18775225.6501181,17905874.1300547,13687211.8502126,43125196.6213799,29153204.5313901,20347123.695643,21569695.6206464,26469141.6271568,42306832.0960604,18618389.3303414,44894449.2775876,18355715.5727418,28309704.7562574,24604519.2970401,18400881.3263811,36936216.243642,42183920.851024,13699747.5782604,32365255.8792132,29877454.056732,28496422.4435689,20608353.4163649,28751263.7068568,22731828.907067
"C8-Pos-000007","9-Methoxy-9-Oxononanoic Acid","C10 H18 O4",116162.698140297,105063.484911243,175619.379792443,118307.6291831,134330.672036053,174527.524433788,140519.88024557,90417.5492640142,85047.9976054006,83771.1448911264,100360.560861877,99696.0330032068,109052.692961839,103777.778272481,137794.768349081,121631.396438433,284731.322139337,139946.663397175,106650.879214095,87281.193764128,107961.535930246,131592.998620943,97185.1354575992,162368.821405372
"Amide-Neg-000316","Acetyl-D-Alanine","C5 H9 N O3",363163.432143156,493020.171072576,359003.881050233,503743.03576533,501791.7128819,436935.192982262,589035.889582086,NA,NA,NA,264841.768815094,NA,375832.954169381,857632.720341216,614340.565657949,NA,600058.583921328,754953.531762408,1285174.70619617,746340.282094224,505235.966669976,458609.656238016,774131.199406957,NA
"Amide-Pos-000754","Acetyl-L-Carnitine","C9 H17 N O4",36952834.9329462,72588413.5792565,64701100.6737803,63160444.2320834,29662109.4265323,61718181.4488705,74489671.3915032,19035212.1368051,53122448.9541391,31997970.8281103,26516723.3710058,9644249.41793793,21142412.0277547,22549967.4456026,50245224.0297164,29007190.6285093,34971500.4956819,53767997.1041445,70677323.3800493,42384099.2722012,40007097.5010486,42369836.9059258,67446742.7957213,53572461.965045
"Amide-Pos-000561","Acetyl-Β-Methylcholine","C8 H17 N O2",NA,51289.2564641079,12787.1895790535,NA,NA,NA,NA,657833.68961971,NA,NA,73680.5800604756,774877.436899914,277215.996106828,169745.75180646,180120.939781407,197341.833123876,100462.15803049,59496.261879939,NA,323168.747207541,23967.6574153553,NA,29131.4137664803,103366.823680952
"Amide-Pos-000467","Acetylcholine","C7 H15 N O2",26073279.8866269,41223810.539816,21790768.8353564,5824926.89356335,11012470.4593836,7381154.66882114,21662282.8632891,146643702.212922,18571424.5682357,33376106.4849421,61501816.9830073,218085012.871954,25868322.7585086,61047152.0482689,27225699.8327783,24549758.5587252,35709334.2698694,29544855.6080073,21086724.6368037,45511186.6275365,12263385.9132332,12749382.4477232,16242619.1971719,26471632.8891091
"C18-Pos-002968","Acetyltributyl Citrate","C20 H34 O8",150381.903443674,148764.073313114,150818.590555664,113570.524179252,103918.340987139,107346.933044446,148322.892784825,160735.717068131,105882.222887151,88686.7113307443,103877.673087033,112413.300947506,113187.589714405,88299.0425362089,133179.93689013,104435.711615298,194011.503002911,85081.5739064144,121898.660380456,70896.2134551157,90980.2266143328,99107.2240970871,121446.711021988,174155.393005376
"Amide-Neg-000001","Acrylic Acid","C3 H4 O2",20592498.2776895,26047860.2964956,24991982.2564099,17783941.4700224,28185664.2897416,31707639.7161173,46578785.6688052,33613511.0454835,34928620.984048,NA,12422578.6441431,18273345.2045241,23134614.7284625,40599413.9225212,30022006.9700013,17166535.3979749,18768417.8630008,40012003.2244135,30090023.3608803,36376577.6136349,29808132.7087074,33100741.8097443,32397549.3097838,2468068.10552991
"Amide-Pos-000383","Adenine","C5 H5 N5",217608908.255616,331309192.377956,281238055.708592,486631572.963552,364495070.883382,162195329.010769,255711569.08016,261832345.842131,452665809.830582,426850127.038074,NA,246333353.234258,337112321.875149,249161720.436613,292931207.125295,355692969.300853,312243256.793456,397242306.261134,449851409.822933,405338576.334719,343036387.804711,339417263.218637,322557051.874066,617485714.919425
"Amide-Pos-001066","Adenosine","C10 H13 N5 O4",1426068273.72796,2541288323.82078,2664200796.51549,3410045801.73931,3593333569.78007,961255627.249476,2241329559.48641,1629847956.78738,2866747396.56108,3406565421.62854,1526935971.78695,2292141125.99189,3143697235.99932,1554217046.43741,2217619166.17151,3418332210.62893,2186045175.07818,3654513764.03714,4098756989.24109,2792866981.80064,2708276892.47244,2815595814.97301,2195520871.59575,6747271372.97759
"C18-Pos-002092","Adenosine 3'5'-Cyclic Monophosphate","C10 H12 N5 O6 P",NA,280341.928729117,338342.058772049,292271.300005906,NA,NA,NA,257656.183654822,173569.475038645,86156.489108899,214036.372591794,NA,196468.394057154,NA,96588.019761876,233626.958387804,201436.036110817,317802.025815352,269885.387233042,330440.7623713,NA,217193.138353567,232252.472244418,266569.383140199
"Amide-Pos-001677","Adenosine 5'-Diphosphate","C10 H15 N5 O10 P2",27634010.0058648,32260453.8357455,17640654.1700329,16952778.7629813,9519251.04685696,20905070.3485655,15613325.4708715,35445649.4374956,12006653.7240483,24455291.8744191,23376445.588319,21662948.2343119,11789815.8279452,35720532.0912255,27140069.9430936,14766697.8657644,21819970.5105596,30651512.2994681,26354555.2321297,27122205.0271807,24273987.562813,24294035.7376493,34558497.3822813,24736387.7506744
"Amide-Neg-001422","Adenosine Triphosphate (Atp)","C10 H16 N5 O13 P3",1684436.74021629,2942261.81531708,783621.907405429,693289.844401246,946724.9034348,2685916.64790061,1617431.34184261,1449353.87833002,420045.440306532,945689.561216587,363865.356606717,1560598.29194444,436278.422797223,2123445.27040166,2060254.74094574,811064.781343781,1570303.61876714,2451769.14188882,1275590.43506199,1035871.86759266,1749403.68323232,1427708.08751239,2086358.30160906,1188630.0604828
"C18-Pos-001644","Adenylyl(3'-5')Cytidine","C19 H25 N8 O11 P",NA,131747.334298799,94413.7304390486,76217.9161957206,108387.000687911,181391.272194714,314511.97216778,62486.7392942146,49325.1303642335,82832.5294067536,66797.8853621358,91964.578005302,70409.6404419239,49011.0612441309,25018.0055967639,131116.949217853,91531.475502414,83384.3626340965,66272.0091235339,141301.782913125,45977.6663225524,58936.2142413689,61685.2773152722,114555.103770089
"C8-Neg-000301","Ala-Pro-Asn","C12 H20 N4 O5",260546.840984206,60121.8589249264,39863.1254514972,95633.4346544802,341153.920651213,162843.083034618,196117.974386515,81816.1717481384,212525.068930141,94875.365984943,71442.0862893925,61297.7061931997,54561.1853975111,150807.089041712,100648.296298855,173774.755639269,348490.132128135,108140.742038969,160290.248758287,152482.583968225,82264.6513308345,205833.568646563,111348.185189248,201686.844173248
"C8-Neg-000540","All-Cis-4,7,10,13,16-Docosapentaenoic Acid","C22 H34 O2",29369479.8007297,48434433.3358043,31696040.6138338,29036487.5870059,49413499.6555961,23494873.7640081,28112596.1751011,44629546.4436965,75497194.8098777,18829319.6154288,41910591.1438645,23630991.5333264,47949825.2285489,18630393.1044387,16898683.5658028,36391868.0869037,23941936.6850063,15502553.6658093,39297700.7739561,36262571.8660836,28304671.6655268,21854642.4863599,32486958.1100918,17631875.8147855
"Amide-Neg-000402","Allopurinol","C5 H4 N4 O",7278094.37625257,42700638.385315,21505667.192544,66104150.6086587,86959526.9327116,31469308.1728075,63131800.374235,23730006.2954534,225871851.433153,37366612.2022494,38675060.1951848,15278231.4591196,52533037.1267954,38341722.6955185,23111424.5312831,31591132.77073,54866094.8239873,18862116.3465173,55103282.6244803,74606623.309828,48548191.245854,20757207.7461297,34906073.9016322,33787163.4539836
"Amide-Pos-000167","Amifampridine","C5 H7 N3",3233322.94035066,645448.861210092,459786.821176151,6105022.09468062,4808705.43819823,1866615.96827686,309930.211580009,1827171.79434643,3892459.18911829,5076814.02514863,4574620.82339499,2126719.23621702,4141455.45558051,484113.097919673,605066.004364545,1215793.05151933,5086205.82421504,738080.076916366,5280238.44257194,NA,1359190.73849823,467054.507711853,2062996.62364522,1024180.12329553
"Amide-Pos-000913","Anserine","C10 H16 N4 O3",47612.0867352753,86989.6098909774,29647.1621159701,11672.4217686627,26161.2181850313,363626.509271031,62500.5763350221,505889.768411855,106781.165254816,47670.2202931939,29348.7517471737,131018.250017019,NA,14102.1420482753,NA,34883.351873147,28717.6264030599,31809.0452531941,72958.6448218861,92393.2220994912,40605.9571580652,24212.0377164511,122679.273954343,15810.2311796477
"C8-Neg-000422","Arachidonic Acid","C20 H32 O2",254000786.009152,341756880.756204,264538029.551838,400740871.724067,466661171.742905,255228047.970001,212923728.021913,296143236.057583,613817847.501048,204500429.877216,412752537.519597,242505400.54589,459563194.517576,162219453.249242,147264508.375277,351886363.851353,244703501.442382,107271357.932282,406160371.930153,336741598.20915,339877450.913478,202615760.578356,323844892.614792,236767140.980695
"Amide-Pos-000987","Asp-Asp","C8 H12 N2 O7",376706.376020304,384531.350381759,369152.429477846,418466.701349086,320853.348200605,370821.577219917,418450.817739849,293492.673056637,335686.855408303,400660.695615769,432000.418362949,335712.706920877,249962.050703377,482641.426051174,377842.643547895,295644.689480219,387552.615558227,487058.587963615,430948.021918076,455725.243664168,369123.158658635,345094.974740269,462274.454922776,408747.330842036
"C18-Pos-001333","Asp-Leu","C10 H18 N2 O5",665621.298322606,355230.696308651,566681.822629057,691822.416173624,523810.900599699,502899.294770147,720035.491442136,465949.088525718,841036.015818171,735258.540949567,572495.911286327,374746.226528854,531969.061409279,526208.214714772,478650.754262989,483608.991644076,555136.887200732,842747.377130698,1101559.29442901,664523.924573541,542220.176928417,566880.004725728,697021.735268079,679609.614538094
"C18-Pos-001575","Asp-Phe","C13 H16 N2 O5",109880.648660411,140831.212153822,86821.0944443794,19976.1103422747,68832.8199375074,68425.3843694951,110274.175936808,97304.951550115,148657.692713829,111854.179513858,90551.9505512009,44979.2037822324,7250.52140870384,69662.95077712,92548.6543335733,79988.3743009076,76136.6326753084,191449.98543908,73850.8575494971,119867.608400283,102871.810408387,68453.8258194011,82768.5250223561,100777.813264192
"Amide-Pos-001387","Asp-Pro-Asn","C13 H20 N4 O7",73493.5259690683,61398.504193808,47390.6565391993,72875.7842595363,69805.4182589019,45483.3333946093,50949.0312654808,NA,54388.5523734418,50006.0837644975,33804.906897966,14315.834376997,38583.5263306535,35593.2334548115,34433.7980257712,51371.7932676471,40314.9267506342,56930.8510341947,90960.9172053578,37124.5792817162,62465.017383112,45565.9654968602,59544.2101559988,58620.7504395333
"Amide-Pos-000372","Asparagine","C4 H8 N2 O3",2748621.1958411,3568361.2185844,2602008.76102227,2593821.93956961,1335114.72074481,2676218.62686987,3187802.97807719,2227270.88759949,3431863.15042302,2581289.96063376,2455830.62562657,2499684.6094807,1948560.11694592,3214044.12421921,3065969.88687235,2165250.1421386,1595935.06653545,6439695.56187484,964609.899948235,4155806.50642986,2968084.28557898,1379758.46046397,2133846.26024486,3282319.51400412
"Amide-Pos-000026","Beta-Alanine","C3 H7 N O2",21638198.4231028,21502218.8160126,12297307.157089,25054353.6758434,17682163.4932963,14826240.6673251,13855329.0738637,18183608.3513277,15421500.7722749,27349393.7860739,25542596.6355719,15802628.7034579,18734040.4234425,20284410.3499516,13788468.161442,18795447.4022776,18470400.7663637,20039541.5061138,29104562.9101903,22417549.3249406,18164653.0738734,21273175.390378,21125882.0062165,15407516.0289578
"C18-Pos-001159","Biotin","C10 H16 N2 O3 S",50500.0342751137,14911.443577987,4494120.64799347,30632.3941051935,34129.1052299648,25605.1810481181,33238.1308384668,42858.5136398269,16285.1484375785,59238.360745473,52659.6577059913,27760.3749889937,43939.080092734,28423.8992083447,44247.8219048086,41679.3266104051,25918.9989078045,13063.0444980904,63295.4058425977,108721.094413221,83915.118088949,21427.0810306799,953271.483891711,57457.3802225721
"C18-Pos-001292","Bis(2,2,6,6-Tetramethyl-4-Piperidyl)Sebacate","C28 H52 N2 O4",87134.309860854,87111.5878670245,98391.6143164749,98239.2746569425,76075.4702013747,123372.284068582,87741.3114230738,91241.664267418,89059.5787037752,53340.9597572513,77188.746616606,58061.5963372075,130668.803042571,73912.7884480292,96871.5018324167,88535.4059626127,NA,104618.948964892,75871.3112464763,69161.0139487867,60349.0066494162,73122.7838362061,85400.742600076,NA
"C8-Pos-001101","Bis(2-Ethylhexyl) Adipate","C22 H42 O4",9808104.76170493,48805160.3410235,56379446.5055486,17911418.5982627,56453861.4373566,37611962.8879248,17218122.3681931,30021331.6178262,28803969.0537999,13162256.6712468,27152632.9723553,71773690.5230699,83394632.5785553,23936998.4450857,53230345.1264903,46737454.2422013,143273709.590041,14576804.8822614,33859428.2818502,17736067.3885887,8107864.40162015,12976362.9229092,7738470.05898636,26651580.4555265
"C8-Pos-001250","Bis(2-Ethylhexyl) Phthalate","C24 H38 O4",945474946.415477,948541175.955853,956102089.043623,953986349.271084,962211646.624935,907927173.435572,936788852.344465,912437918.887209,987352879.512932,940899531.639409,944088999.578442,957889988.137524,968574976.598957,852922870.649045,949982437.638636,905365621.008331,987127973.109327,950399394.811541,717732017.546567,935088851.08823,919361102.506165,955875047.371074,920338253.352382,961918668.567907
"C8-Pos-001597","Bis(2-Ethylhexyl) Sebacate","C26 H50 O4",3244445.31923138,5750514.61785632,3168360.94228411,3502882.05431389,6102787.37464163,204737946.345461,6601412.7229129,30727260.4634396,21986623.6505631,5500847.03835537,15125426.3441518,35019843.9741546,9318994.90695911,2757597.79316589,3939401.27442402,2604358.75310601,3633411.30995833,3212654.51698849,3323073.20765211,2936041.26241953,2555558.28906122,2751315.53589755,2554203.13132201,2584897.1712735
"C8-Pos-001503","Bis(3,5,5-Trimethylhexyl) Phthalate","C26 H42 O4",59077637.6055186,62128562.2428995,54963225.6676996,54654167.9419005,54858406.5729511,51900746.7655134,112009865.441638,53780461.6717201,54285767.0344406,51895441.4701781,55151237.6867667,53465627.146244,54423028.3407788,47283223.0839813,53221733.0427048,53130982.1689766,54363349.8244317,50422458.3425182,39256434.1319973,52533949.6098579,51896288.5369678,52528842.8996266,50851576.3215853,53840904.2788689
"C8-Pos-001297","Bis(4-Ethylbenzylidene)Sorbitol","C24 H30 O6",9248946.9868133,9248327.20772396,9791939.84406281,10825115.5685452,10477290.2951265,9573653.83599929,9586964.74460944,8526412.81792514,10104710.1792172,9883359.90732122,10172785.8559341,10472464.2722512,8972724.91093474,9622024.17570928,10004010.8723135,9297100.16236612,9328114.68933078,9745384.19907022,9209154.5549739,9456084.67925505,9879846.24722398,9920033.19363724,9869163.68699917,9323277.61581759
"C8-Pos-001076","Bis(Methylbenzylidene)Sorbitol","C22 H26 O6",76063546.0883792,90969989.3259729,91317673.407287,102388244.56632,95691750.8209255,105883373.532313,92932291.1659603,81343910.974757,87608132.5139935,92695737.2305696,94031006.601364,93525476.2043804,76498032.138738,83489208.9934535,75070672.750926,73865811.2627089,75952562.8288684,76210260.5135631,50135940.0438456,76186762.3653064,84861718.2141917,77566451.188408,74319744.4901226,82862211.064168
"C8-Pos-003992","Bismepa(18:0_19:1)","C42 H81 O8 P",1292349.87108039,1172305.1582481,915748.806695242,1061128.3260058,1529077.09677101,1219954.62607603,1301930.7905113,1245636.7350187,757705.774340274,1150078.76110137,1234697.810829,1370494.69061039,1119812.34708423,1355051.47877057,971619.962928666,416169.844899999,1395145.08606771,1425843.44118039,1051805.85640028,1223366.94197519,1295162.39411924,1230725.14662368,1225827.39351697,1388334.54361042
"C8-Pos-000974","Bisphenol A Diglycidyl Ether","C21 H24 O4",2053151.28372592,2066220.74224393,2134288.74115052,2276378.14782961,2065984.42384341,2112529.18575954,2111966.05863728,2055832.82212938,2020677.33937853,2171796.2327069,2037702.33863906,2032459.18317421,3110052.7499872,2412271.94103659,2248085.34926281,2167813.79363807,1662268.19600187,1685497.03237937,1672085.49550594,1682420.75463249,1836288.06199929,1725165.27769996,1661123.33489914,1720498.31444005
"C8-Pos-004964","Bmp 22:5_22:6","C50 H77 O10 P",NA,519980.691973982,NA,NA,98209.3512303,1327119.50661257,42079.5195364388,1095822.84198167,1731024.89915176,NA,1285394.13969031,NA,845716.85244516,730683.052709262,NA,NA,NA,93442.4387236303,3162168.95927427,1360820.03598885,NA,649282.173629931,878179.63445327,NA
"C18-Pos-000938","Caffeine","C8 H10 N4 O2",914292.185087607,2294878.96781074,295174.815526979,1511987.74406213,35288.5841115732,230668.782177535,85493.9498334277,672625.357557324,1915050.90118275,41235.8023889863,335531.605358369,39465.7055590469,566521.442408969,42643.9520605025,215148.157907373,1123534.74919979,116356.625815446,90682.7681098066,94491.6529231283,248866.145381931,23442.1963143517,174092.922931663,289841.049228522,717875.386038614
"C18-Pos-000207","Caprolactam","C6 H11 N O",7823593.40908122,3820053.22233122,5492231.57280565,4992155.97014207,4167867.20662594,4818109.20414075,5702069.19391801,6050662.80032211,4303153.67550058,3726916.34054105,3702501.58529253,5281550.86205747,5979559.36401298,4269259.87774188,6965235.04429822,NA,4190806.74183488,5091153.31875152,3919387.5966024,4181468.93757848,3759972.17694622,3855964.85753741,6826305.2666888,NA
"Amide-Pos-000849","Carnosine","C9 H14 N4 O3",458048.006771778,596914.512812171,336067.050234311,222923.981124006,237756.890295494,433987.995375717,379558.669370372,671513.927303976,569366.419028778,359417.121256647,347666.570979283,390199.041696887,191438.904573808,411383.504748271,362725.988239301,270884.222703588,382451.098794542,434271.17106514,310213.134628176,487510.076214782,501198.115024944,532213.302624805,484270.049160399,140714.726811766
"C8-Pos-001073","Cer(D15:2_7:0)","C22 H41 N O3",410191.273627428,965554.375026184,411253.940085252,173014.795701425,973828.59477738,156389.639429977,1233614.94782352,313436.117171542,188885.698650535,259302.433670284,409792.063816285,1018582.14177319,304063.169199801,1273020.05223143,175042.205051009,491479.8530358,907320.36535495,408351.957715937,249290.196301189,NA,414715.90020161,233356.021037114,440750.252702362,336078.625637995
"C8-Pos-003565","Cerp(D18:0_20:3)","C38 H72 N O6 P",301224.017386132,277347.519998664,274007.076264804,222325.304739316,300864.557866913,295322.390466527,277991.433959286,NA,251420.688908353,284665.11887225,237241.266306582,240676.144341374,258562.678729462,NA,NA,305508.888663989,273136.789388074,303284.013056952,190791.492155074,270687.068271494,277738.438171797,305852.573850973,227353.87483376,283878.389907619
"C8-Pos-000022","Chalcone","C15 H12 O",470558.066322949,441896.49747043,404765.620243706,470409.357516724,438093.515955243,465923.283146667,451000.325880051,416126.853858536,453106.812686966,424296.341287496,464786.413829379,446582.528344148,473528.840162708,452309.417567132,432645.328222437,523907.323502997,454549.607954673,456778.773645101,481252.426668279,421287.898689767,457547.793383751,494547.085150555,498350.206833816,475923.594309618
"C8-Pos-001061","Cholest-4-En-3-One","C27 H44 O",1285024.98724567,2420137.89406885,2007858.84529708,3087295.67660696,1866436.74708401,2171369.47566988,2432413.70978559,1999017.99150631,2655096.13974794,2078470.34727338,1286156.25263408,640102.149720136,1812230.48177655,1110082.79553491,1476152.55686447,1386073.91220522,874284.966498794,1620500.35171229,714822.619541624,1048649.36579827,924553.864528663,1243533.71338502,1189787.38886002,1293848.6018871
"Amide-Pos-000097","Choline","C5 H13 N O",14200806219.5655,14018641015.2598,13979574621.065,10816369566.9412,10107713979.0451,NA,NA,25249985320.0083,13788711918.1213,21354226381.4252,20540801251.029,26204165338.9801,16251830528.8944,22500966822.0825,NA,15413357942.1529,16108796176.3461,17179894741.8162,14490542616.9313,24735728399.0562,11163022120.3014,298995162.573116,18044834051.3369,15984556387.969
"C18-Pos-000384","Cis-4-Hydroxy-D-Proline","C5 H9 N O3",1785251.91041156,595810.423873738,2044689.64730776,NA,1372609.03101891,1784007.11234524,1902149.30513235,NA,NA,2014520.57640102,2129780.27000026,NA,1532217.14537794,1764907.4702151,408277.3218956,1482263.77363201,2185515.44733297,2271627.79978993,2043905.88349886,2533374.97241049,1749762.54135431,1785560.2830424,2249777.46393749,2303765.39828273
"Amide-Neg-000307","Citraconic Acid","C5 H6 O4",2018980.0201805,2747246.75589046,1503303.57302648,NA,2762513.76215638,2239915.42024612,2537822.83702121,1309763.30468811,2858684.83753967,1783095.20826587,1598748.31949048,970772.00964912,1777755.3258922,1141073.46645842,2236471.80328546,1864686.19041565,2321555.91276943,2142622.97435201,2718339.54751766,1160153.84178591,2282121.23523514,2367903.59905841,2885788.39908981,2823267.65333947
"Amide-Neg-000876","Citric Acid","C6 H8 O7",14961134.2846427,31869773.364307,5411557.71107921,21848525.0824668,35173431.2115557,19222816.437391,38552340.8334323,22768052.1311976,NA,10548024.8142639,NA,13904058.5508423,11313060.8342046,23622443.3620099,16475517.8300279,9068878.47092143,NA,24027882.0409245,46057786.58814,10342854.5221499,25470305.1946798,14441655.1206062,26383519.0529058,20507031.8427513
"C8-Pos-000350","Citroflex 2","C12 H20 O7",433799.298754189,185259.051585981,1320811.04075108,742181.635892219,737093.181136132,752479.769108147,925487.296653018,808140.026642049,723619.955671018,736129.488005436,769004.208426663,936441.453850814,848573.924436499,816763.360774494,1077042.9827895,886816.577652782,583094.579301427,892701.053445255,796430.333107362,739662.528638649,691255.488055868,694832.838069112,881999.720554443,947633.294156356
"C8-Pos-001006","Citroflex 4","C18 H32 O7",1343356.00852202,3393011.56373968,2838443.41333523,2290939.58139443,5749529.78012909,4888851.98485559,1805791.09274294,1850254.14730039,2514815.16788034,830095.952444254,548469.005336208,1130041.43671375,4465851.72401645,665328.678846261,2152460.7088483,7101527.71296428,17734582.7157579,2337857.20720208,6595320.67821767,3129737.34730338,1339146.93665015,1244873.50294455,1208034.73380314,4485805.28781636
"C8-Pos-001356","Citroflex A-4","C20 H34 O8",22056374.9330727,51833959.0215704,48701795.0242625,36299425.4587891,83672919.3888926,73237232.3605214,30018367.0631903,29761140.0025355,40242597.8585949,13742978.6057573,8831299.553112,18967430.9701374,65573172.8171346,11241786.4375427,36541985.4374437,100510541.253626,240994118.146141,37782192.6477449,92048246.4973127,47273044.5292274,21846870.3692853,20892951.6943283,19759743.7656758,69732704.2422359
"Amide-Pos-000621","Citrulline","C6 H13 N3 O3",1645628.33964444,2411151.00926472,844635.468795608,2135089.03722134,1895072.22535926,2431477.79081822,2297183.88218878,2267549.05090993,1638701.99473675,2378540.66154896,3502471.98020178,3121323.67381108,1470341.00933885,2527926.9977785,727571.679460119,1803637.99332746,2272111.74343367,2218152.66680661,3277102.1150104,3383198.54847002,3302933.75531843,1393691.92055967,3233478.5834728,795216.484470695
"C8-Neg-003274","Cl(12:0cooh_22:0_24:1_21:2)","C88 H164 O19 P2",2159663.16982728,1136139.39733589,1226210.66905428,874302.353790201,1280667.68313666,1623810.85473769,1943706.71015995,2011085.23192585,1440977.30991062,722205.300102815,969595.771407513,1507742.02220774,1585041.66696085,556843.252443795,969513.669121316,1824979.32194453,1686431.59805494,678587.689216334,1881428.00009211,1103536.39582803,1399667.44863509,1358201.81670157,1410716.44127088,514566.194060437
"C8-Neg-003242","Cl(18:0_17:1cho_22:4_22:4)","C88 H152 O18 P2",NA,NA,NA,NA,NA,NA,NA,167119.286400539,25092.4342420461,13344.1676040572,89980.1407909466,271281.081729584,16852.0119493371,117791.902968479,22851.7225009271,NA,40516.4146918483,11748.2644281641,63531.5742258316,152856.866314641,77600.5934548661,NA,35410.3285792444,NA
"C8-Neg-003309","Cl(18:0_20:1cho_23:1_21:2)","C91 H168 O18 P2",393507.46017953,330364.044912443,361675.841509844,359350.916489219,358379.086818185,327290.822220176,414091.797040422,359880.896215724,401981.938581139,275751.038848801,380090.621258583,403259.337537933,329228.773341913,327882.35562461,341112.165958879,311337.681110122,319067.098394829,278122.4747246,446856.463064285,350586.009304862,369810.253762452,355279.249875895,351740.093771311,353104.46545347
"C8-Neg-003382","Cl(23:1_19:4cho_22:4_22:4cho)","C95 H156 O19 P2",172995.93267365,173037.672416486,202939.170052819,92428.2200489948,140822.128890218,139102.54698671,154536.393893809,172769.175140719,147356.526952421,103083.052378931,86342.1471910433,93432.2053073548,164803.929094023,72705.1793095854,159395.562141532,178674.354888849,113390.452192657,96046.3674014956,175470.331564465,125198.659308415,145938.25280604,179343.873143499,151004.755838064,181707.199797177
"C18-Pos-002221","Cocamidopropyl Betaine","C19 H38 N2 O3",1106121.29136571,879375.400704643,4103262.19541904,1376377.01816009,847240.349528718,912948.732828981,1268949.29000822,2085937.33384852,522907.884958002,588688.197876492,1224018.12144637,804952.478921995,997441.306078896,5172163.75646568,1344692.17672598,499184.04064727,699118.827121233,541669.305270154,699124.022927103,596216.704224109,570340.16974744,633139.794323304,1126695.51260698,802128.499111138
"Amide-Pos-000200","Creatine","C4 H9 N3 O2",670381707.301801,675415619.52455,494391542.893471,759960762.841239,557225056.459333,517117205.570461,498075973.339742,656997689.987123,702279593.281464,850254043.037932,812132883.326655,565788577.141133,599347135.742883,688273502.051796,505297496.051855,571752024.827462,612147628.188771,682448718.278759,943186622.372697,727291006.990111,567217158.924099,677176646.839542,705840333.194596,558994711.117985
"Amide-Pos-000193","Creatinine","C4 H7 N3 O",363922420.455051,522115124.355205,326082371.853141,695125810.058739,344587318.083959,235824953.858734,301192724.299335,301940464.076362,604306824.709135,483320212.935241,600043182.293261,238704032.056756,351267851.69282,315736104.128388,356312596.479442,471000332.864398,426437485.194408,507337038.541997,974074534.854958,697324677.001335,406287606.3523,351232860.230581,482597554.173475,539446283.665541
"Amide-Pos-000010","Crotonic Acid","C4 H6 O2",4545163.2502064,5386893.38182971,5961781.40641678,7573951.15712474,7842489.2253133,2429663.15719371,6144744.38333532,1963482.18199838,9846929.52718187,13801109.5606779,5857549.34082977,18421202.1212836,6530912.33738575,5760672.39631251,2513780.30579957,7613103.87289291,4886962.53176605,7752174.28954152,15134002.5425942,7512867.90010167,4546433.16064287,5333087.06611458,7057580.39044125,5369931.20194934
"C18-Pos-004919","Cyclic Adp-Ribose","C15 H21 N5 O13 P2",2469463.66783626,NA,2423140.84294758,1486664.43331488,2383337.30776737,2561082.88616535,2489501.7216019,NA,2754042.6237087,2973771.86885627,3855788.44052671,234588.405974314,1367525.26861277,2656921.57924019,NA,2544548.95575215,2057899.6702683,NA,NA,3426736.97686681,2060244.35998799,2156443.88447599,1531191.48111902,3534866.51997359
"Amide-Pos-000085","Cyclohexylamine","C6 H13 N",5686896.12190847,3778608.89162399,2283784.6554341,1399998.57737242,5878062.2414685,3344695.02003014,6090178.90227314,9426781.23032154,2533110.38996883,3104440.64741783,1774978.42498973,4216583.43329429,1805252.46958651,7754008.18524132,30640853.737224,3684527.51784693,3238996.74920444,7927357.13772464,2220724.86952307,3800414.28888118,4979220.64104263,2735603.34222666,2876501.5695431,3019237.45861757
"Amide-Pos-000836","Cystathionine","C7 H14 N2 O4 S",1047009.66146754,1051406.91077379,3494560.02929431,3029185.62932828,954818.960822421,4957030.17200048,2722515.9495883,3897688.40459134,2479632.56965197,2648220.74514863,1492754.10841655,757415.453426411,627040.238658869,1095852.73194926,2476498.7617514,1317534.38786088,1325261.67213592,1348388.48117534,4018112.96509855,2182744.91841264,1473797.83389561,238334.97426756,3113326.43209967,3135014.29256755
"Amide-Pos-000635","Cysteinylglycine","C5 H10 N2 O3 S",10819.9496893377,233532.383941809,8151.95559681283,280370.635231634,135799.848283853,234470.169962095,153219.319977079,202648.810045743,246473.727948162,25520.0907736639,26485.9134980537,89908.6382367621,110210.866375023,13664.9013462957,199445.705677069,8554.80112174233,12111.5779487592,142183.332786919,405918.544019764,89199.9201778508,23568.0882412091,15190.2182010577,240956.330966986,11855.2894811512
"Amide-Pos-000937","Cytarabine","C9 H13 N3 O5",5617916.52309791,2933432.02367839,3662814.87636579,12731916.1943641,6609969.5885791,4166346.09583682,8232733.10694328,4961998.71935254,5511263.46334573,11232318.5948241,9204430.80296052,5727118.01709343,5391422.63965683,3677259.29885029,6028206.50440684,8940788.50323509,9759785.8821037,3160472.51179598,5948079.98113307,10316817.3422742,6722822.3605101,3526708.3180792,6870582.36925298,3757683.26570371
"Amide-Neg-001321","Cytidine","C9 H13 N3 O5",122510.331281833,288443.04137181,72668.735180494,218692.337475588,502610.362801644,160982.392542064,439256.239787576,227971.102274403,386220.12702772,345605.42857778,107401.304612292,277514.226418164,244442.838617541,315447.165310521,227838.89916956,312950.102853519,402273.989820125,157442.160859658,251163.11300769,410766.19719695,372441.427541862,122210.698704794,228091.224050546,297959.093584461
"Amide-Pos-001218","Cytidine 2',3'-Cyclic Monophosphoric Acid","C9 H12 N3 O7 P",1954624.53661538,2503546.76941623,1411644.43119176,1936129.65768623,1237579.39113758,1241843.05038207,1308188.73820703,2593846.68345139,1628773.9429872,2125367.02817961,2002980.60934538,1490561.40487762,1094895.67712143,2374617.47196534,1564310.60725515,1154025.09542515,2063828.03192662,2814712.53354545,1906881.54870075,2785332.03009552,1813446.79440727,1436350.09874315,2509308.19741441,3005378.82985214
"Amide-Neg-001726","Cytidine 2'_3'-Cyclic Phosphate","C9 H12 N3 O7 P",255878.051404923,386781.389927767,103755.607743586,279613.842327958,346290.920656506,236576.694438896,264455.851348031,341648.027345358,221639.361729732,282211.872460182,122365.560514072,218979.769730306,239781.761498646,442140.971283916,193279.497065361,153790.341086965,311569.918533258,376224.822608215,327791.372751,402205.420412659,338448.32344111,310105.992901371,321309.424002849,388540.430786444
"Amide-Pos-001621","Cytidine 5'-Diphosphate","C9 H15 N3 O11 P2",262737.64728745,282031.547050314,124525.165434896,80813.0943961709,68790.6662597027,270178.12693916,142456.297562403,322563.527274731,26380.596282441,125566.399887309,89213.7248850915,306767.550184348,93302.190987361,269035.972917325,50405.3134094875,109276.171163947,183708.760770095,138718.251275535,116461.684913473,189553.711104024,246318.685080641,86865.1677875284,244491.96243256,110325.651450179
"Amide-Pos-001779","Cytidine 5'-Diphosphocholine","C14 H26 N4 O11 P2",5162654.59804479,5480797.60194211,4565508.13184759,7929739.69519035,5680264.16241831,5301097.28998714,5343365.78174123,5182170.95469919,7479725.99837591,6254882.99847202,7483405.07291294,3179407.94041997,4026081.91706232,6376302.50690281,4695834.50784595,3538213.66680143,5935480.38397876,7324062.83041008,8782179.73384112,6448516.09597994,4900404.21820983,6272686.28153872,7474844.06487836,4617537.47905705
"Amide-Pos-001770","Cytidine 5'-Triphosphate","C9 H16 N3 O14 P3",293494.596611521,311548.130631867,NA,14118.6939216943,11142.1099378599,283948.453366306,78699.4722917766,115245.063809451,NA,33398.418423706,16731.4525684594,131881.868421823,9181.00308496204,136077.714227633,5662.65377085884,31459.143052105,97691.3231866575,123858.368255723,71981.5648884969,32763.1067952062,173269.859395432,43922.2338375842,200086.238112173,49492.1641627009
"Amide-Neg-002218","Cytidine-5'-Monophospho-N-Acetylneuraminic Acid","C20 H31 N4 O16 P",19399.28301505,36353.9420718469,20765.8716689955,23864.7990730468,47903.1993339568,39999.4798062308,46180.9434218907,51213.944960743,49666.5258805206,30955.92274121,11887.9477257009,38100.7887569617,27268.8943688661,57704.5239906148,38419.5151256444,21588.9795715401,39996.2194565251,43324.4760436719,53953.1339203535,50896.9083088274,38713.9348061497,25411.4420111865,38811.706614924,45154.4655563772
"Amide-Pos-000171","Cytosine","C4 H5 N3 O",12210602.1184965,16688058.5849054,6897821.88277294,25323396.572257,13950393.7638328,8137065.53536455,15218668.3316117,10648456.4526069,25092769.7515825,24222929.6023964,19969557.0622412,11341268.7564397,11845999.2264721,8206185.58124361,11184673.5897828,18758417.2169297,17799660.4755618,6924379.9193188,12099205.0940409,21649894.8480835,14315021.5475768,7726772.00722282,13570666.5906912,12965525.9564355
"Amide-Neg-000119","D,L-Serine","C3 H7 N O3",2508476.5646769,6945380.66881513,2322503.9366987,3642268.57665201,6576697.41404442,6474073.28822575,11018782.0251624,6334815.99831,7127685.17631962,4881651.688437,1639643.66227304,2922820.9185234,3947778.46735909,9735963.47853806,4794131.22026485,2799776.23282079,9957671.76165381,6699070.70935859,12530681.560032,8617081.81600159,8038331.73567186,4389142.93990669,8496090.0115575,6985319.01850444
"Amide-Neg-000527","D-(+)-Arabitol","C5 H12 O5",2263045.62741743,2535630.65977519,1955915.96826696,2739952.58523314,2002367.51130828,1540028.48291805,2158562.27180805,2473371.95614874,4367919.40057719,2730034.97126056,2289543.00727176,1174061.5963562,1990457.52441816,2280291.08672173,1904719.90118207,1726524.10031342,2965362.47615167,2881418.50587818,4031244.09483565,4182083.02926431,2247874.2747182,2248333.70117684,2319415.05419775,3051955.67229872
"Amide-Neg-000605","D-(+)-Glucose","C6 H12 O6",70021798.7253257,126383893.94932,93533743.4271753,42615991.782739,257547434.635995,177562615.410121,162729495.829723,67004600.563687,35941025.411937,37081826.2275247,18980443.7398493,81132889.8210453,150117514.22384,78532329.5834808,143771255.111536,114575012.934539,180052467.450578,131848023.647333,162610528.561702,19388.9180361979,207821829.625188,142065336.221389,167847978.916638,156967735.38316
"Amide-Neg-000499","D-(+)-Ribonic Acid Gamma-Lactone","C5 H8 O5",13596253.3493087,25804561.0536603,7745571.46584662,12799431.3457296,20854012.3099552,20886205.6171454,28689539.6459704,19817949.9665763,31241995.490557,23677501.2142923,7741506.31952659,8042598.95002978,12076222.1401716,34575980.4783194,12963021.351819,10539140.3017413,27083877.2205519,26928818.197776,28928822.5599809,31047204.9229761,25225252.4772706,18615087.2608154,29621817.3489206,28437389.3215735
"C18-Pos-001015","D-(+)-Tryptophan","C11 H12 N2 O2",15237484.7572025,16968503.0099041,20096746.3689946,21915195.961333,17483344.0808956,16976387.0636642,19183312.2443067,19298331.8497387,32920517.0084141,17440310.8930792,23590153.1313332,14952631.5801532,18746938.2753014,20403468.9491107,19113666.363577,12594411.7538264,19097577.7352873,21470452.6078747,29084419.2761317,24077308.8881669,16262943.3770775,15240257.707856,22062602.8974192,23285620.0020508
"Amide-Neg-000787","D-(-)-Mannitol","C6 H14 O6",1057705.03457153,906249.007106635,1108066.49755857,771532.904543912,1326039.35073406,796312.368774279,1093742.05632383,1163108.54178118,1126806.7310142,749630.238484695,1203702.55791374,1403131.19921123,425332.998698928,2000800.8793479,699195.440826826,1148941.59517297,3452233.3131535,2957032.79110899,2687764.70523221,2400886.61122731,1856485.04096774,1128790.7299426,920421.272709492,1281753.1512311
"Amide-Pos-000620","D-Arginine","C6 H14 N4 O2",30023816.0246124,27263064.6327514,6989717.85437658,41578596.1554247,29805278.0090121,44320510.3843915,25647708.2142204,41182327.7191216,12377465.4764535,29117801.9337763,27797107.8835325,20653254.5966713,28731606.3517481,33891985.0263925,49764743.3397374,19438770.2204205,8144548.35692262,33030926.4623849,40953697.734817,30906785.5106951,37335926.5568657,31157438.0444448,34321592.4759045,27497240.655769
"Amide-Neg-000331","D-Asparagine","C4 H8 N2 O3",226418.918676913,488546.379118162,253793.786987858,276263.51609121,273363.893025783,413483.303494647,828080.453675412,337687.372808512,550378.712940463,350596.209878518,127809.7597174,324902.250337436,249442.410745577,646835.484830533,358073.172488594,197831.444287284,278642.667871119,1221098.20637413,144369.936422763,672409.294029535,468305.393666324,159682.965553809,265699.336519641,546236.425065899
"C8-Pos-000506","D-Erythro-Sphinganine","C18 H39 N O2",123468.838095217,266509.802711649,133218.407636577,68815.5167795749,151689.480688506,67993.1341873717,100445.216721176,120305.097645752,44736.1640243875,62819.9896570525,59077.6130465067,57858.805732344,110839.431419496,44100.345841947,135692.991609703,71930.728215028,77328.8908577741,125215.530797711,NA,32844.936020245,119573.943171755,124807.934496515,87180.9749702222,112779.565601826
"Amide-Neg-001874","D-Fructose 1,6-Bisphosphate","C6 H14 O12 P2",335579.654045135,531562.897791747,293208.564008955,175119.85533996,114648.581465232,682988.723535267,354592.2536834,1001082.71080459,196409.261680759,1186908.90318819,254573.231737877,314968.282722597,120257.768719545,1992498.65583628,389315.309699374,122233.878201079,542489.161038378,1123832.92481998,5521533.05945608,787750.322670043,638248.693769448,353980.441845433,1229028.27173481,353846.037412427
"Amide-Neg-001873","D-Fructose-1,6-Bisphosphate","C6 H14 O12 P2",495445.601388364,664344.643996834,487013.175404798,204245.689706991,215336.674671341,1443167.41325691,886000.436267082,1091772.01152957,163756.550097203,NA,229443.597637386,321937.24117183,236446.46736238,1587877.19343552,619230.774864637,212992.4429805,593867.524847773,1078976.94443768,3117076.09918859,838119.372586111,729787.489268706,524863.132589358,1302270.22614656,578635.223306222
"Amide-Neg-000920","D-Gluconic Acid","C6 H12 O7",774974.888823612,747108.964462267,1203841.98899983,173775.281958782,332079.942938081,21052.8777229963,288702.267109287,928132.512452792,301159.771869843,201295.608533937,299458.404000631,961504.675433366,1293638.72542278,401767.001044549,1185679.77619864,1292641.61563428,229570.805795139,310492.806323889,567353.670263599,468414.460429877,322037.54130685,1213870.60670896,333037.585237504,459489.616569895
"Amide-Neg-001099","D-Glucose","C6 H12 O6",301055.085528668,244940.718127999,762875.143376921,294485.443485672,535724.710077968,373938.463602822,589881.706350911,163090.952206652,260025.380304467,252296.774103643,260927.048617353,270672.847230006,392254.762279599,118506.053954185,414406.594891047,531087.035542996,349853.815340252,332393.180581471,165540.802432919,179109.48007505,374534.805201823,355528.63634392,273267.245978488,421689.982499602
"Amide-Neg-001431","D-Glucose 6-Phosphate","C6 H13 O9 P",882670.039688482,2116091.00627252,996445.847786799,864036.506394168,872588.057120933,1286439.21562709,1204503.22037182,1507476.3147309,515241.222335238,1816987.49782759,538542.186981458,1597252.90198561,514984.909338221,3141927.68453215,1306767.33120982,933498.846248252,1524537.69141016,2125499.33396056,4589731.95697591,1236970.77555875,1966442.56615324,1368745.76362269,1996785.66111794,1496614.84737887
"Amide-Neg-000135","D-Glyceric Acid","C3 H6 O4",682145.584536301,696354.262415719,1082446.94285363,947884.321619539,1872585.55443228,1474784.40417512,1803560.76168429,854897.973991427,630825.062076796,283228.78461086,446979.622182945,388930.105601791,397703.555556679,214955.515938629,902138.5399014,600849.057917684,502020.645486057,500033.279241138,534558.337711035,236647.816703735,715570.785345625,489248.998321038,671819.073621243,622578.488344202
"Amide-Pos-000604","D-Histidine Methyl Ester","C7 H11 N3 O2",3873829.81769111,6240203.58232497,4685353.61707574,4699841.41792943,1957179.14735566,5244229.18096098,4400195.99865683,6009796.35657906,3194693.70258641,4432641.08874938,5330302.39389343,3999203.02023744,2755286.73492996,10518843.0166546,8816097.70961967,2215140.03149827,7351143.88924451,11193169.8318379,5293210.8315861,5545130.6278525,8323558.04612965,5444889.1109077,12305531.3454232,8165770.75065779
"Amide-Pos-000316","D-Lysine","C6 H14 N2 O2",26056594.9439649,28092993.2247221,20984859.6125136,31432564.9060248,32878381.278338,24405042.1348972,34234203.2240142,27454958.1507662,33269407.640831,26394832.991567,41875426.4388612,18826846.8877252,24565965.4464508,29409867.3335934,39178351.9712958,22137652.3442918,27012896.6480205,30047894.1977436,32873436.6029499,38399103.9059939,36721908.8385636,34884519.7847871,29923041.8016067,31173447.3799504
"Amide-Neg-001445","D-Mannitol 1-Phosphate","C6 H15 O9 P",43379.1073664791,43595.5628533394,48918.8476984422,67286.2954301461,60770.0228788164,53025.5055667529,62822.3626708969,39549.0946673475,54457.2826313198,67008.8930541223,43249.1894782503,56951.7460680169,39177.7094113636,75696.6576048647,23909.6225535712,56350.6747231554,NA,159731.115226297,400103.834346497,131899.614628246,59068.5320832794,115024.180536481,88468.1969885822,130074.248787441
"Amide-Neg-001092","D-Mannose","C6 H12 O6",879367.101775599,718761.637763337,656688.429057976,868631.932778466,992971.1391944,776125.699225458,700067.814895443,570660.261268573,547529.988345946,616384.757249903,1049425.66639799,436891.387891622,991603.55735188,480698.617755244,626309.928871133,700736.452775556,736311.183208201,496211.897856944,305377.392081007,546346.276785633,733838.229169787,826926.868049713,537915.584778682,402203.724830345
"Amide-Pos-001360","D-Myo-Inositol-1,2-Diphosphate","C6 H14 O12 P2",1348688.88660827,1188011.9385123,1817465.52581168,321189.524902018,337730.176782844,2987609.77729492,1627879.23236694,1590995.31018475,220357.995626949,413604.918125221,413789.489544005,529271.135566192,621566.344159804,1015265.59041367,1439233.30839473,510275.856764328,838736.468692655,2020631.63526406,1329564.15997143,889414.183706995,976034.621208215,1227293.57017383,2192427.17710771,1306120.59352475
"C18-Pos-001025","D-Panthenol","C9 H19 N O4",347121.738208614,48018.3376809109,632387.461378142,350607.886849387,173762.968326311,145871.329692497,NA,126641.866327085,173419.116242599,338038.485847006,547312.921284128,196525.873206364,93545.0445357532,218250.124002798,587559.607202201,102169.948230025,NA,504331.518649209,41160.8224087724,48942.823966061,5791.64150531623,36747.6921389392,NA,304338.255439516
"C18-Pos-000992","D-Pantothenic Acid","C9 H17 N O5",42098810.63681,215871052.477799,36535647.2326191,55327264.8148565,76550717.9234454,87890665.1487378,71233157.563744,102814335.528893,63794839.8693262,72306459.4615865,171623285.787394,290901390.424011,55962256.5816127,62469923.4722868,95583355.0837736,78448842.206294,81514324.1024925,43323395.2235218,127119671.827412,71090611.6223224,71485096.9482041,61686591.04704,86173678.406092,63245979.9300458
"Amide-Pos-000583","D-Phenylalanine","C9 H11 N O2",15273992.9882642,19575190.2735089,11126734.5124243,33854946.9956045,14940571.5547446,18145771.1409113,16988105.1780523,9079278.97864711,27868742.7519473,16811711.4636856,18291593.8270794,7851466.80372687,10597147.205,7965407.28027852,16498166.6778765,8707788.90652431,16785183.6380677,16147561.1034408,30071725.5168056,16413900.9591809,20318590.2761291,18095192.261009,20588254.3283254,10347118.7914381
"Amide-Pos-000224","D-Proline","C5 H9 N O2",78899447.0263313,120522746.39363,92379674.9911311,151108008.970572,80991050.5512988,130441059.983845,91835802.5852939,112385386.77191,136613523.655731,107141590.928146,106999095.975673,57557435.1347216,72172075.9618146,105459079.949088,126767900.361391,79413829.9932186,105574572.878191,111845884.830934,151750733.723788,133593958.512993,112960148.877212,73899570.2491318,145850311.252396,95961159.2815435
"Amide-Neg-001243","D-Ribose 5-Phosphate","C5 H11 O8 P",110700.834138191,206950.105220048,193822.439486147,120380.620345012,193465.428365477,252426.16052696,279427.794800892,195306.544323903,288622.289993356,209513.651162692,81968.3486791904,128576.155390605,206866.077393416,234189.157723919,156045.080579022,152428.620188523,220633.230518107,324209.55500278,1359775.96950811,318313.670704938,230811.655415068,240743.32402123,280856.775845366,238379.544045751
"C8-Pos-000382","D-Sphingosine","C18 H37 N O2",841379.800896105,1025693.31697869,1060882.45737917,644444.371506261,798457.823488483,757549.82409793,809086.73841058,798321.249069993,721466.443106415,543622.126107979,691062.966379615,773730.141204458,552517.742831274,658149.940586368,925915.416584169,709124.901203975,538326.880739768,833484.044093352,630219.237004952,383696.566767182,706749.817927723,527587.387156258,543294.622466694,555347.154394077
"Amide-Neg-000235","D-Threonine","C4 H9 N O3",1192550.51405639,3159345.73921451,3365620.0804938,2499808.00869641,2732232.76264101,4240315.48081463,12292196.7076332,3402537.0139395,NA,4423010.58202327,6588680.5642202,2272063.70072294,2044808.1632069,8419617.82550487,9554202.75049721,2292605.29166967,NA,5197452.64315626,7357114.54336029,NA,3480092.21672524,2131536.46915107,4504283.09031337,5116647.03320013
"Amide-Neg-000781","D-Tyrosine","C9 H11 N O3",896081.79384823,1942529.48510312,876704.108746427,1889454.36050517,2580984.82913697,1799019.48811454,2336817.79843339,2147034.84408153,2885774.20428197,2075087.14176831,950151.877573182,1068779.57534035,1720955.41984761,2711169.81133348,1463095.19467462,1030409.51545718,2268521.70560166,1612183.90885847,3559397.97694475,2449951.99712724,2453619.07989973,1330548.24325657,1902784.9727646,1874162.11872326
"Amide-Neg-000678","Dehydroascorbic Acid","C6 H6 O6",31075518.4641934,106805228.910447,32520815.9050421,65068632.455332,150712030.09914,NA,92676284.0458237,47503171.8373193,98403781.8374759,88033316.6477954,9184167.46516472,33293520.0896799,71263974.5445203,93993416.6735001,43703676.5587405,52627573.9111211,82355786.9492697,93844212.8969507,151355578.822914,99194652.1944361,92474958.9393603,61704161.7368414,73566590.2449729,149979448.151117
"Amide-Pos-000558","Delta-Valerobetaine","C8 H17 N O2",8745670.85929915,15325140.8472652,9936777.39386597,6986788.42361763,5270599.11436335,6440030.07244038,4601361.24610957,4736937.13061886,4283780.50455537,2884884.67133578,9079903.73719147,3640691.35767943,4114647.84837342,1614769.54427083,7305027.90647191,6095459.5774628,8550412.90006839,7450049.31468352,10303834.5133157,2072081.36918778,5786037.28089983,12982707.9834177,4983702.00235466,5970394.92682391
"C8-Pos-002844","Dg(16:0_16:1)","C35 H66 O5",551108.744743529,1028312.25037882,615787.947337877,760190.67164272,792498.485480018,1120616.70125504,748617.721299538,451251.045079937,905851.448926618,621503.979847853,886283.301609846,765395.682933817,582264.126657462,589888.114679717,1083422.7429967,596858.437388757,1068126.25666199,424876.554822549,651292.484829656,541854.739230606,895742.098864525,521662.533458606,562969.266522272,450814.514934321
"C8-Pos-003687","Dg(20:4_22:5)","C45 H70 O5",320901.480275824,345700.205883173,350541.448711993,224774.586830114,323099.629508459,437474.281398312,473984.842763722,411800.836248699,363037.066477878,193099.78323838,375092.285218367,246939.961425826,249564.303251368,188449.072820324,282573.731785249,466116.218266754,327588.29705165,232753.16886904,270047.871292247,305937.723292382,264048.330647278,270609.045235776,227753.720478195,274043.454752348
"C8-Pos-003575","Dg(21:1_19:4)","C43 H74 O5",300146.305202938,120306.148341327,243019.299097182,47411.9800710989,273469.24883106,666870.989927312,301318.656671521,409157.023807565,146212.131951472,NA,302135.824349914,653683.30632447,179266.416985326,242047.078790495,471165.659924041,380255.843947688,288637.175561469,337051.462597437,84260.8888927131,361552.845916554,482808.500629734,307874.87388568,322317.104934744,413517.141108733
"C8-Pos-004529","Dg(25:3_25:7)","C53 H84 O5",893846.509976718,1654323.66903989,1622614.02680284,676087.346333346,1595223.85384069,1814896.25637582,1630834.02859241,1555619.90398701,936065.318743283,1807325.10907816,1711091.48623953,1043839.95591179,1508722.1197213,1734105.00941488,1657970.80208349,1556452.89735187,1608630.06253171,1875728.82906337,409943.094909636,682704.406398744,1785781.34277522,1688134.18736985,1838183.54167584,1795403.65455721
"C8-Pos-001468","Dg(2:0_18:2)","C23 H40 O5",507573.62952016,691698.958117357,444767.843788611,378876.118667318,17312.0719235314,273493.329120152,338311.616002748,367126.068042279,342752.285992452,NA,NA,250506.423852463,338117.392055738,NA,224002.817232786,NA,450277.186180734,NA,NA,NA,357812.771367339,NA,NA,NA
"C8-Pos-001241","Dg(3:0_15:0)","C21 H40 O5",102797.445456296,97104.7192385349,96452.1388027202,75959.9814764066,98963.8159702212,81681.9315705571,86624.8347212947,63564.0182482302,72178.397103866,70563.9740852386,73999.8774452441,77034.0277838033,67723.1552413693,66069.1624629087,101836.19246908,131809.691054246,72147.1462576637,43647.1559551962,32794.842357199,32475.5481554257,56985.1327510122,56353.15453561,54869.5480802946,46179.6928568199
"C8-Pos-003357","Dg(4:0_34:6)","C41 H68 O5",61471.3477431706,75537.8561357093,67243.9305424516,NA,259668.290170591,251587.034872381,64688.0511061421,88750.6628038959,252780.457112805,NA,NA,131920.5940249,74734.4093006443,64747.3549961611,241263.125752043,70293.6485976173,69955.1295885641,255785.749883603,183479.136733776,94096.7603925234,112798.741219492,69959.5496391986,82174.3946714394,68046.8866604332
"C8-Neg-003439","Dgdg(18:0_11:1)","C44 H80 O15",47530.6577433298,386778.140605619,420028.541563379,392520.759211974,10769.7365324897,21749.7477661632,21129.7111293856,350903.412887428,66537.6159512096,365976.507523938,410071.575265845,407383.9178036,36768.3076912311,43654.5558374779,342586.081338804,430463.786436309,49007.3082489274,343495.837368702,453472.613495466,329979.81066368,385642.211373562,446864.223309533,368750.162354105,49672.5467139775
"C8-Neg-003430","Dgdg(2:0_27:3)","C44 H76 O15",1758390.91532155,732764.727927699,677030.701666253,981077.682409428,656157.582082133,1224386.82759315,852546.279647103,1424452.95300709,577839.063942348,847325.426115638,1136850.17971674,2009027.77903663,1911575.5934314,920622.019204519,549479.96068284,1367540.58239563,548835.270515893,1070883.03023968,1030980.6766705,1126907.66813223,888012.175327224,1358438.24180239,1629018.31412421,914923.901500892
"C8-Neg-003637","Dgdg(6:0_28:2)","C49 H88 O15",812068.149786079,840543.622421092,617430.708403151,567933.129812582,737532.194067034,557305.765207119,670337.822093403,582177.948686309,729921.869652207,462782.685729217,643871.474523338,730633.864282999,609292.419966953,623910.728352426,661143.727244048,619876.913708979,715648.81829095,488479.95113359,480165.800605834,717722.205229017,684607.251993413,612959.410840268,666353.21844091,484656.260044039
"C8-Pos-000098","Dibenzoylmethane","C15 H12 O2",519604.240383661,573824.78908455,587217.558262567,542901.229058794,558525.129869319,465269.854036197,502025.179822475,495315.382177004,491501.795662116,497560.966332911,500645.894568807,554333.741787966,563507.172534678,504142.175237075,484769.577697746,467821.814409963,531761.192701071,496802.085648237,615012.398630362,489058.286570486,515228.764091879,439122.207319221,519428.45613284,486724.139975673
"C8-Pos-000164","Dibutyl Hexanedioate","C14 H26 O4",449658.26765733,2383896.62623647,2498729.1271273,797068.203190651,2800949.19506348,1709495.93945283,655338.087837309,1339256.74992811,1315693.21729619,601201.127180984,1321563.22314546,3446945.91177491,4226376.37091802,1113521.70817703,2455998.6953421,2338922.43227147,7463467.13802782,655185.03504206,1629423.37307491,807196.205927178,354693.517987422,572539.037822411,338140.717902166,1243196.29317395
"C18-Pos-000645","Diethyl Phosphate","C4 H11 O4 P",5240.17973465961,15328.2208735913,9564.27201885257,20388.054023628,24406.5956314499,18704.6317419105,20400.694935977,13557.3680571013,23925.8553692933,27922.4289863478,26822.6654700273,19376.265238283,23905.5303973032,23683.8927849451,NA,NA,19956.2785649891,19609.8821043686,18742.6406159141,16145.0406392697,16526.5077369428,16862.3643199787,NA,15391.566219354
"Amide-Pos-002120","Dihydronicotinamide-Adenine Dinucleotide","C21 H29 N7 O14 P2",30814.844148479,80741.8239213635,42924.4362330364,157796.696909807,34577.4085212844,81094.393195949,41089.0479624669,197276.462600379,96026.4409947481,224415.246781509,253405.235810386,301965.251069199,NA,171814.603863446,361423.099585978,73831.3962520701,154694.510955729,293911.495725712,198196.508533318,198889.243653862,348177.629745002,146181.298966028,398698.604725629,336957.264566187
"Amide-Neg-000658","Dihydroxyacetone Phosphate","C3 H7 O6 P",8458.81635220202,16489.7850988501,NA,36847.5930746248,7747.71807457022,6213.03907053261,4426.5706311099,117075.65398507,53767.2190298539,85024.7890891831,3100.69597822914,21980.530510353,15813.2576265303,38532.2154645474,26685.3682889084,NA,58633.9308814855,9080.35522715028,304955.144451781,120560.866280439,55089.720016626,10410.962831739,83980.7628932019,8865.03794786831
"C8-Pos-001801","Diisodecyl Phthalate","C28 H46 O4",3079016.75138059,3650424.41514501,5893498.58573888,2817701.72634448,2463969.24088966,2787262.20164739,3156582.71474502,2630446.64612622,2586310.97957892,2571121.83917744,2510941.42228184,2449211.48777239,2878616.72554099,2513701.03407636,2900926.91556722,2486106.19470678,2276597.60687414,2335320.2183749,5714560.7021518,2436814.83203468,2454808.44492345,2583179.09848513,2468399.33944326,2498189.39599804
"C8-Pos-001474","Diosgenin","C27 H42 O3",1149343.71996944,1175026.27136296,1014495.29599625,2021329.52834774,1059433.19103621,1871936.09894762,1033712.47620842,1051765.61295918,1638517.75616029,1396573.4892764,965519.293738665,603978.149501921,1798311.37395288,912550.100863415,173323.820311976,1218302.03273029,664641.269349968,726877.785296872,555665.300567144,1183057.60731046,700261.282414971,664821.008050377,1006572.20576179,967834.789176103
"C8-Pos-000855","Dipropyleneglycol Dibenzoate","C20 H22 O5",8399790.25202786,8126204.68192789,28545632.2934171,7405521.65074071,21445360.5732057,18160941.2082931,8553668.01440459,7458806.27244637,7168699.46189603,8815941.35466601,9374534.46642177,11985699.5405882,7002052.24291688,6419954.89422637,7626987.99662327,8776714.90902827,9351607.89044034,7679880.61637888,7139955.63033651,14146295.6664755,12274335.5971439,6574306.47002877,6686522.47064399,7277784.20640452
"Amide-Neg-000047","Dl-Alanine","C3 H7 N O2",2796024.97777975,6950822.93431283,3263871.5358928,5606007.14472275,7550078.61505147,6464380.40830495,9975065.44098578,10681939.6585937,10275692.5628628,9252135.08202039,2359368.56544316,4507717.59483256,4175279.38336753,14164234.867892,8380919.01096441,3628393.83126454,7519279.44004752,8828941.92376876,10930690.845668,12863373.8348869,8713312.17161087,4738698.49608894,9132158.58581279,7709952.6473622
"Amide-Neg-000697","Dl-Arginine","C6 H14 N4 O2",731894.053228053,1336454.11587513,615543.898821841,1168380.29480332,2752363.76715071,2218917.99437174,2332602.50157411,2123671.77955877,2152206.53324298,1347324.54005318,575077.244302142,1257362.92627854,1508560.36148605,2562172.60109988,1825860.63190426,785679.992058096,1636946.80995954,1667206.01853076,2597409.31994264,1683179.13163188,1857859.33244048,1510292.43318336,1594882.39202461,1311612.80408559
"Amide-Pos-000562","Dl-Carnitine","C7 H15 N O3",25003586.1998,32234195.9607934,23866225.6809312,21738675.0358473,22159183.3914088,20257069.0075558,21852558.7520584,22928656.7578179,27790975.6116563,23179865.1103883,24256865.1233488,21889063.3274459,20993185.613971,27378553.3092039,16738437.0929206,31449671.6975475,22621805.2949095,29852191.0268722,39940634.8114562,33370917.1535025,29785060.6632014,28046743.465811,30597323.6680835,28479910.0751227
"C8-Pos-003901","Dl-Dipalmitoylphosphatidylcholine","C40 H80 N O8 P",141864796.973904,165229015.08458,96746147.9735184,108008208.923994,102858216.525133,186295831.336808,114819551.649629,93108216.4877118,145282784.277761,137134038.243821,269337945.337887,258205329.709514,96168897.5071347,189336599.144042,113352160.83957,157387476.807437,200821438.859395,248965147.712995,348736258.091541,192016827.600913,246705778.009481,189303229.170556,271956554.822426,233564134.881255
"Amide-Pos-000475","Dl-Glutamine","C5 H10 N2 O3",103937110.292291,117771550.670336,85622045.8663166,127141437.075729,63272255.116444,93807174.1565983,74765822.6237358,113892698.379768,123807361.211668,118785003.80567,156559794.615718,73887809.9203019,78355464.8001621,129501163.3917,87634803.7809985,73753822.7070592,99674226.5011925,110582501.538192,138152164.337806,149339851.34189,119370152.781832,84460368.6331317,133231287.321186,106760107.504916
"Amide-Neg-000051","Dl-Lactic Acid","C3 H6 O3",NA,NA,85481090.7396461,138204687.9712,NA,24830445.925055,NA,49771804.6893978,32125634.7427817,45192234.8268818,NA,108029379.922812,112267076.617858,72181054.4575265,NA,102185557.862283,123980906.103985,11568148.662542,55023303.7898044,378527806.86491,NA,13114453.2756464,195209409.436178,85456267.687588
"Amide-Neg-000783","Dl-P-Hydroxyphenyllactic Acid","C9 H10 O4",369382.972298779,731401.303413401,325853.459775726,761092.107999669,714029.860777164,574884.119020725,620847.876259042,1177252.92008615,NA,755447.832388892,427571.741285012,NA,412005.765871415,1083760.04190692,533625.917814559,529032.627744525,NA,753351.636358176,1508980.29950253,NA,905759.402269489,282093.146831457,743671.416566279,1099074.97320583
"Amide-Neg-000291","Dl-Pyroglutamic Acid","C5 H7 N O3",3630483.20700639,3734811.56750914,3273861.59153813,2018246.13132438,2471376.42576979,3820476.78554727,4018724.938848,3611325.79271119,4281299.11385683,4190919.80684099,2591022.22074985,4333488.2921193,2667153.90052944,4003691.62125893,3646954.92845554,3376448.73928609,3348186.13298164,5148238.49694155,6506565.90407477,4308082.92863458,3004389.12562447,3854047.75083094,4178316.59622299,4296465.68462676
"Amide-Pos-000236","Dl-Valine","C5 H11 N O2",25612186.0885734,34421004.1941787,26615028.388711,51734946.8950185,27046733.6503023,42149827.180889,36655116.7476818,25036393.7192824,43825629.2353078,30355340.8619004,22684128.2929584,21355935.9909578,25550158.2921848,32809792.7479101,35867078.2846592,25441829.0323534,28424857.1774382,43884347.2510104,56677607.1104835,43275584.595003,33263090.7265996,27875866.889783,40088338.4804806,29106972.1273
"Amide-Neg-000332","Dl-Xylose","C5 H10 O5",11565495.2238076,11032361.8520771,7119976.7549614,5866827.76437045,19453553.8489861,6860369.65190915,8473653.03832029,9302656.48079512,2150715.44059097,5091373.61357591,3790567.58190186,14826885.4225961,17430588.1478018,2650514.76985105,20569975.1066557,14854542.3557868,15499464.7726488,14680783.0376524,8379566.22462994,NA,16571469.9057302,17455639.8391903,14393644.0409596,16835779.1952745
"C8-Neg-000532","Docosahexaenoic Acid","C22 H32 O2",45718484.9752335,65997486.7036931,42129133.1489479,51289614.4704147,85711940.729773,50408831.0230819,44556903.2067897,65353247.5734026,122344937.577876,23550944.9727809,64485399.7084984,68062063.1495234,85900866.3076102,40504284.6427983,43063467.7930985,53039802.4276219,58740689.4111862,24348934.3168823,79976952.0316895,67209421.2062726,68325895.4896244,38554333.5904708,59204519.240747,22753247.1838165
"C8-Pos-000820","Docosanamide","C22 H45 N O",2137618.65869871,2105193.01436563,1301283.97665633,931091.478811048,2246507.91303194,1044590.44736951,2379332.57890046,1084789.29301454,1173172.48309053,1297939.11458184,3317577.30510101,4889868.77467118,3126253.09746819,2749956.49514862,1915249.33938253,1976856.94721299,4320148.24882879,1515600.22576968,1525308.36858943,1362760.16904624,2002940.73884088,2607789.98737706,1538713.55357359,1555600.59846067
"C8-Neg-000566","Docosatrienoic Acid","C22 H38 O2",5317756.00297193,7988617.59724981,4381427.54311456,15886722.9624803,11868185.3539967,5563385.42199433,6300082.41023255,8386383.28168893,17905017.3713011,5957183.87704288,13935591.4270515,6524943.8536757,9278932.83112485,8290359.52646983,5779483.08499932,8212578.40401887,11756130.4734081,3942031.52445621,10709643.5856787,9886296.20311686,8838534.84487838,6082548.48843864,8388113.0489259,5112264.54894378
"Amide-Pos-001195","Dodecanamide,N-[3-(Dimethyloxidoamino)Propyl]","C17 H36 N2 O2",34447.1342268445,78508.5140959032,41017.8491829718,89211.8579395538,39248.1421823978,30621.3356911822,59651.6926504007,111937.84212227,NA,44533.0564559085,228070.240571869,26471.1981112165,35869.2507523124,4941802.61916636,93980.138355245,NA,NA,135706.917623039,88571.4146062828,NA,54735.6129213285,57507.6625745257,70777.84720274,91789.2938530166
"C8-Neg-000223","Dodecyl Sulfate","C12 H26 O4 S",7055899.63582067,47697290.5696643,5494988.06068149,3088900.29178495,4228709.53333941,3155131.76446371,3230891.09799864,2697966.33888838,2249816.45092707,3255562.09044547,2628768.82707785,2468915.79444179,3139290.02220649,2859707.23960938,6390573.21347926,2508360.52410621,2939960.21476529,6851712.57599369,3302355.18944863,17029597.3235094,2911029.35492996,2985096.0441688,3167824.08692601,2772013.50039172
"C8-Pos-000798","Erucamide","C22 H43 N O",1202182881.9648,1247363418.23111,707294049.881001,304808494.69146,1271225041.24381,446083765.580394,1504793325.6049,630508797.557026,411929281.708566,507278436.058421,1195134610.88155,1531396763.4759,1296953485.90512,1105319559.32668,1042453461.24615,973595264.497171,1722020058.89056,724392982.885686,531632154.012724,582445651.503282,685540607.851064,1064391223.83248,665473773.600275,675368297.006392
"Amide-Neg-000104","Ethyl Acetoacetate","C4 H6 O3",9510743.88359423,22963243.1917915,12396989.4568103,NA,38615506.8950248,23554541.5920764,30554031.8358524,11039123.5569974,NA,NA,NA,10971162.1043357,17010110.764341,21432740.6726378,19435266.491948,13072741.3999288,23866429.9631078,19953591.1719026,19765904.8399181,10597812.9585096,31369557.9885961,17693909.3625706,21285335.4230085,22766754.2242052
"C8-Pos-000786","Fentanyl","C22 H28 N2 O",98706.5695933197,80546.045904995,34049.8530063113,23709.5338931916,98850.9287279939,96136.9745552531,85352.9890839675,75263.9377521995,120615.389529995,21770.706491388,166126.151124078,195662.079930896,63486.0875631792,79397.9384852278,31682.6651346676,56997.8817139587,92705.1308338222,156192.842293148,33875.5387628035,114724.725128764,109267.931986934,62567.8278981981,125255.339837393,72196.215422654
"C8-Pos-000335","Galaxolidone","C18 H24 O2",544382.02795575,498421.74146711,487123.065002101,612341.407278969,644447.758799698,621582.814653739,572968.372075388,480559.917702402,593438.200401057,497996.35348935,546615.78295679,689386.703262518,663564.934720115,674507.423204574,630144.162738955,636319.042413449,1109290.02911232,718104.97764257,680872.531865574,627298.119684008,578842.224659034,609108.912203771,553182.522974367,555786.242919465
"Amide-Pos-001102","Gamma-Glu-Glu","C10 H17 N3 O6",163189.232595933,133777.066435997,332990.742355229,436136.744363377,205068.161041297,379747.619968517,253273.129512807,473146.378747684,694137.406860248,819370.158207555,796889.527967871,440800.783064322,741105.71729338,814727.383554794,507958.281070097,429067.25336186,966853.770133931,2526279.70213554,176895.331068451,718534.214243052,1402718.79896342,87912.0585973315,1095608.2209608,244068.402214137
"C8-Pos-004266","Ganglioside-Gm1(D18:1/18:0)","C73 H131 N3 O31",924463.627767471,901090.607709472,622044.339694695,474560.771156422,584606.958620273,865419.43787287,725452.998382333,721175.318422527,1617120.60394078,2623291.36821161,2163679.95158708,2360994.09969867,1096430.1412931,1645492.82969815,607828.300323686,1850348.22076614,1486876.24319713,2070909.89619987,3036828.20328347,2740093.79234228,1051783.67041653,1406839.83862897,1144196.7334692,2561831.63377347
"Amide-Pos-001983","Gdp-L-Fucose","C16 H25 N5 O15 P2",124116.419723278,126607.270941946,116589.417538917,146304.109797981,124679.834945488,91839.6980693048,127934.47816385,114951.568176709,138596.539544402,128717.760821133,125260.176000558,116208.401650654,114839.258328867,130287.631940978,116582.235846257,101642.306155197,109501.535573373,112988.277508573,146690.83298802,134803.341088541,120608.343706218,114482.416873516,136535.132118018,135800.31145887
"C8-Pos-000337","Geranyllinalool","C20 H34 O",232927.591169844,493051.842449221,341540.600756463,475192.183859288,701489.331705704,537285.603203041,222345.623714807,189181.172572177,418971.427019353,418323.255765747,413344.164445304,604899.87139639,911288.181388791,770563.604686548,481174.806106947,691820.227898022,1683027.50853855,714904.152324497,544900.063852942,910493.366105579,644322.385395031,262379.685795818,680883.530185323,438372.743414654
"C18-Pos-001951","Gln-Gly-Ile","C13 H24 N4 O5",NA,34631.9561702252,71371.4382546849,177061.838618515,87209.5281094903,57468.2873938796,76643.6588903646,48790.2641450722,319440.55431446,176322.198107809,165584.968455287,52086.5866746669,122483.859212873,92260.6581463713,86430.9360266377,91857.3906450624,NA,105170.842097377,166182.682268802,83101.2137486997,119994.084613491,106718.994508486,NA,124726.778468913
"Amide-Pos-001625","Glu-Glu-Glu","C15 H23 N3 O10",124079.415887702,103867.731675151,128075.737835681,155162.643750652,115541.438218235,53343.8796519883,106932.800991452,46277.8942794108,116151.82450874,116266.772266277,66447.6504976472,59369.9062213117,73407.1957177156,84260.8090483709,53498.4146464301,134180.598633577,52661.2460586565,101435.512734868,226389.900872139,114431.239371676,67830.1968661889,50292.7417781001,129914.922333263,162417.879159671
"C18-Pos-001412","Glucose 1-Phosphate","C6 H13 O9 P",NA,6534474.34484277,10033507.2014022,9222165.9753974,8754273.66980918,7941910.79038294,16859565.0064417,5941893.33398828,6621279.4738346,5663253.81640921,5340175.73154192,3871639.88700559,NA,3066538.14365339,8031675.61178952,4980866.16570603,9412680.44781714,5464325.29443858,4447278.95240043,NA,7264577.92283062,11591679.9427809,5210709.24694082,9776630.98672686
"Amide-Neg-000171","Glutaric Anhydride","C5 H6 O3",NA,2560590.9096395,2656081.18429815,2128746.42897279,3939540.37688704,NA,4271354.91279919,3357548.52464228,2106647.18996306,2074129.89103381,1362684.54204126,2532125.38655912,2748168.72682445,2895241.97148506,3539861.20904623,2263948.31731347,3126468.5925143,3136671.83337199,1855434.70502047,2433152.409531,3300123.59842515,3046818.19678912,2685630.56621837,3322156.02078151
"Amide-Pos-001446","Glutathionesulfonic Acid","C10 H17 N3 O9 S",198366.966865567,256307.313183616,90073.2685756024,300802.164805796,171035.117168876,278478.273544593,220714.747170778,226904.209167218,260875.220126374,183325.843860469,216911.403688317,179554.04405929,155744.188098312,176340.243935211,231939.615925131,208785.921688228,217249.614315692,175966.480831462,401435.344270602,203350.348015508,265198.055774014,219106.47545081,275285.726750187,212243.392429079
"Amide-Pos-000690","Gly-Asp","C6 H10 N2 O5",121351.855869251,NA,NA,137292.63551449,8409.48719590425,NA,NA,112431.795060528,76810.9605438276,106625.06381059,103436.350878312,NA,82695.498322854,NA,NA,84280.4104416411,73093.6084043395,100034.844416608,NA,107437.367156206,NA,88333.5324680443,132913.657977121,NA
"C8-Pos-001359","Gly-Met-Arg","C13 H26 N6 O4 S",43535988.6325238,53255553.2916915,60974918.5249718,61049917.0087077,55873533.4183083,65392597.7339206,59986225.3879558,49092352.8176471,53246061.4225709,53317058.4760226,53334077.6561454,58382750.8791459,45489559.5644785,49298406.9474671,48979630.1516785,42728597.3980092,45748774.6430906,45740697.395959,28907161.3235085,44595250.5030362,49712724.1708359,45433223.7722705,43888406.7121754,52108335.930941
"C8-Pos-000407","Glycerol Monomyristate","C17 H34 O4",193178139.086393,198136310.965196,195860563.262861,204550025.783309,189624213.913375,197843919.577235,197290369.905748,190461966.057287,195626902.15806,203426613.270954,153606397.451585,153760448.846805,191725444.592867,159958429.394115,179337383.138438,193519819.252075,193611269.458098,183654128.654567,144620192.569005,202497816.654375,193244627.547038,195428421.293975,193808646.568206,194941577.794631
"C8-Pos-000806","Glycerol Monooleate","C21 H40 O4",121542733.506441,122742384.448416,127532965.853741,124311007.663014,116560532.550001,128874019.638404,123939336.573977,124875993.345617,129186153.760663,124846682.245206,97885433.9560473,96761779.2268916,116365420.988499,108019849.474294,124643272.358898,118916353.182512,120739881.262616,112808892.041938,84949062.0992718,125623940.385197,119319182.341175,124761805.204926,121437125.032786,120136252.021862
"C8-Pos-000593","Glycerol Monopalmitate","C19 H38 O4",1961488667.16591,2009946015.3354,2106553264.36556,1890132031.0372,1966319196.05752,2030603876.92737,2104745695.38012,1982674416.15865,2043225972.04982,2056589195.7734,1779765474.24735,1879892938.861,1962453750.44969,1876200840.91824,2079802838.26241,1995712182.01228,2041899829.64532,2052258414.19847,1686994046.53621,2125824563.57305,2065014690.44718,2011208234.05989,2082218927.18838,2136959073.27776
"Amide-Pos-001017","Glycerophosphocholine","C8 H20 N O6 P",7754912.67674229,7733960.56403027,3805689.14108705,4213197.98804964,3194427.05563309,3979870.60138189,5082562.9555976,5023708.79504989,2865572.15976665,7368064.47109149,4571397.85171288,3302394.81954963,3225641.07883409,6410065.15565648,3714314.09986626,5509650.2791739,5560242.18384804,12036152.433049,26777124.5518312,5663897.61584158,6192511.96385478,5734053.59614758,11579880.6776039,10629551.1469268
"Amide-Neg-000011","Glycine","C2 H5 N O2",85388.6455809615,198147.069059551,310661.226940275,171457.602233389,27181.4390421344,637723.032166354,7665.83486529523,267536.133820284,511741.777249449,285996.930910687,262956.070355209,559327.831782655,48926.3446576789,988223.904893092,17378.0269478394,163671.255562403,205480.901249152,248396.716233857,507861.335577257,978131.638698112,633216.490609211,6651.92117190081,282922.901446958,759115.36453379
"Amide-Neg-000015","Glycolic Acid","C2 H4 O3",2863398.60645553,4474682.37506937,306170.436168339,2026253.66895033,8053536.55018498,4250166.10130611,7427669.58084537,6796353.90845237,2301788.14612796,4622241.64699618,1880613.83422812,4683952.30804287,3938271.63411688,9070149.00523404,5579290.35045375,2675168.84450159,6843029.90164738,5177535.65230728,4795051.92888733,8767388.29178185,5741179.76693841,4169057.75501635,6008655.5149101,6102548.82222982
"Amide-Pos-000503","Guanine","C5 H5 N5 O",9850482.3160568,17147895.8150587,16990499.7407527,15998280.563059,29668963.740794,6556489.00600222,16405935.1423508,14718113.6445557,23321159.3079142,25908794.3017529,14994383.2309479,23513687.1663416,23116677.7170186,15393386.3195241,15472996.7689636,15564793.0284553,20096782.973493,16634209.0136567,18878070.6126337,24302840.2301548,20567064.9057283,16276386.4320696,18587174.8463181,35922941.8624526
"C18-Pos-001618","Guanosine","C10 H13 N5 O5",10691574.0057903,NA,15574497.5889303,NA,33951121.436094,NA,16733673.5546652,NA,NA,NA,NA,NA,24808072.1010767,11862251.0650323,NA,30175430.4615701,19416931.9179213,NA,21678817.1754293,18571648.2608579,18907706.296855,NA,16924024.9815413,NA
"Amide-Pos-001703","Guanosine 5'-Diphosphate (Gdp)","C10 H15 N5 O11 P2",4059391.31966395,2325049.85840395,3275320.64674371,3543041.03408011,1850538.02172081,3240877.60506714,2580779.45509993,4214538.87850559,3415498.83375725,4024256.20434127,3388534.03284424,2682437.19592236,2310325.00317649,3399847.34072311,2706147.4003795,2037303.49399828,2958426.31690494,4344907.32036305,6215256.76841118,2959394.68439863,2629519.56497837,2536170.68141465,2364497.92675485,3063636.43070795
"Amide-Pos-002017","Guanosine 5'-Diphospho-Α-D-Mannose","C16 H25 N5 O16 P2",205588.919269324,207248.459187546,179147.71836813,194434.697377363,131003.383484269,172592.363239154,151434.175005592,111694.13397474,200258.083445218,101114.975805166,89964.729820673,124645.720127504,60658.5371656779,89080.4070170253,174632.222933471,111145.660274847,149329.570087253,242894.326037388,283660.640849993,95060.3090779009,138525.00577056,174638.386557357,188689.599543394,159632.275130313
"C18-Pos-002454","Guanosine-5'-Monophosphate","C10 H14 N5 O8 P",8119860.74839419,13514563.2459776,32867206.2678543,35934839.6752537,12475854.8279971,18487107.9313351,19364398.1207561,43986761.8773953,37901214.2667663,28437790.1008457,29466695.0659536,16507736.5064525,22283928.4042811,9399974.93149969,22376694.7432086,18905459.9651039,25364424.2498107,35270738.5600762,17962645.0301735,30002528.652847,12483612.6861026,20706556.227093,25417147.5248414,34408026.7406089
"Amide-Pos-001865","Guanosine-5'-Triphosphate","C10 H16 N5 O14 P3",3557218.32691633,3956724.8434,2801191.39089362,2266946.33093964,1296016.43472219,4806069.4674842,2959253.14985504,281474.840761595,1591731.16723534,1088394.03737978,687351.805959642,334521.851881815,408548.17468227,494375.316455261,3430986.41832387,1163443.86520364,2034314.59514707,3086261.29295952,3230303.24819287,378023.770137181,1889016.0579908,1875004.26106057,3143129.70104043,1669642.57702291
"C8-Pos-004241","Hex1cer(D24:2_12:0)","C44 H83 N O8",627428.291979918,546378.532950752,199278.628230037,76037.5648486443,877172.428353728,21623.4590866599,848929.986112476,106619.026412717,41729.4572136667,115437.328747924,294551.333649429,1264049.35286429,951295.137568091,691623.243574051,105570.073629766,399806.344983521,1324853.13869248,182402.06728149,128548.154905258,79167.1423084894,365185.3047352,609114.443209557,245546.643645001,443460.228523065
"Amide-Pos-001033","Hexanoylcarnitine","C13 H25 N O4",686510.205982678,1420000.28791779,946411.167491916,1316336.79551839,775486.123318827,404880.832294813,827976.418504987,612737.379120222,1157458.73336688,1408498.53889415,1449893.41226376,229229.279166953,531264.819428,832127.981918724,662636.543664772,473568.462347329,1441164.42104978,939776.597148772,1089316.70218999,2560994.09550679,995130.162446616,652917.697726708,936585.193378513,753543.034001506
"Amide-Neg-000145","Histamine","C5 H9 N3",48816.9037929014,103159.984148104,5211.9560551641,33695.5009198539,117672.830328764,12762.3681127696,8949.42046675748,28745.0121551036,NA,6632.60228951029,NA,42725.6442993105,42782.9519146138,116155.112047187,31862.4328298299,86025.5213709033,NA,NA,156279.066434408,NA,91348.8553809683,64575.3935252379,84666.4247028321,45136.2456728815
"Amide-Pos-001528","Hyflavin","C17 H20 N4 O6",201563.15342112,331506.903432626,111198.338533844,545016.015743883,360323.144871312,286039.549765919,308525.381757166,301933.656221428,856300.446728337,419268.114281626,540902.510173928,420551.453064103,266732.747214772,260558.431475476,485955.78812872,398656.647716559,229087.93223615,149709.708265363,494302.537618736,643757.349331667,369437.236480455,260572.932662208,374486.870653773,350949.746104562
"C18-Pos-001332","Hypaphorine","C14 H18 N2 O2",9720.00793110876,1059607.04482598,307290.756157683,240445.547814096,433440.197212641,255334.305932873,1322185.51111052,49541.5416628428,44714.1603791369,554661.190235454,783108.151263698,46629.5280452049,117783.036910495,547061.901081355,6524913.89397942,31498.583826229,84923.1335558286,255276.921900906,110777.092753599,2407870.45294239,87603.5258134901,284421.206734055,107995.196509812,99627.9089016829
"Amide-Pos-000072","Hypotaurine","C2 H7 N O2 S",11774129.1952878,11676919.2626336,12904889.6868763,6541176.41227467,5694881.87492819,9324315.89808035,8335990.28381603,7186571.56444674,13048490.5454759,9904085.03904393,5741444.00139408,5690249.38690995,7207988.85351797,13177959.065524,9869668.99852529,7025459.12816692,13228487.8190939,15057313.5440696,20553610.0446107,18953337.8796365,10298061.9410656,11362971.3393825,16576569.6618524,12096991.1361261
"Amide-Pos-000411","Hypoxanthtine","C5 H4 N4 O",472943786.82002,555151571.123334,705562735.058098,1103037645.21868,738599789.711662,482050885.709008,728147638.010692,347744990.517756,1351269334.4339,927198923.813616,939166299.517769,357671699.558983,910863717.673576,396903860.359241,480872677.035072,778276294.01088,696055266.639707,638883703.549961,555284455.044144,777064134.942256,642766873.841872,659993815.372517,765230479.78288,742521025.983724
"Amide-Neg-000766","I-Inositol","C6 H12 O6",17895603.3329228,45751954.4338461,40263709.7610267,66386521.9863327,52439112.990776,44075096.5898166,66980905.3251614,68715252.1853804,37482023.8647013,85560502.6803679,44018962.6737141,43937955.250032,23269683.8742996,63660018.5846377,39880700.1689649,26141532.1371283,29336608.5822132,55767095.2993646,64347683.9450202,52208991.9070011,92341318.0925665,52881047.1794631,48170854.3826013,51086779.4234839
"C18-Pos-000538","Indole-3-Carboxaldehyde","C9 H7 N O",412558.486917632,453079.970977494,542231.497012578,576942.522601914,470061.480167351,489614.832501552,528489.074079833,452831.925170526,835927.548588162,476147.148351298,553905.4796104,474805.951110847,502569.026946123,530674.457895389,499527.114863256,421292.691001487,513095.533803793,569555.419443637,648863.573769404,645203.81686267,479637.145674738,464934.439616892,540372.48443314,566326.604623135
"Amide-Pos-001079","Inosine","C10 H12 N4 O5",73800479.1299837,86746119.4344852,141653189.853925,183586625.959571,119045321.506942,86360950.7636847,136465652.766923,57826071.2216807,242622404.947583,148394555.218884,148064177.83066,62871822.4866561,151867614.002463,65013386.3701001,90122973.2919163,123960021.04118,119326477.925514,111818744.883473,90580903.8551452,127667058.586832,103675802.205505,109337993.308826,131749280.60452,141500939.867391
"C18-Pos-002294","Inosine-5'-Monophosphate (Imp)","C10 H13 N4 O8 P",11594354.7185322,NA,13185551.2930964,NA,NA,18244900.3674634,19910047.654299,NA,NA,3497616.00509156,NA,6925048.94552229,10173440.9504633,7074098.08723039,NA,9040700.73044967,17717202.7161656,NA,NA,7363666.57759636,20319186.3233681,17376418.4623902,40762403.5433814,NA
"C8-Pos-003286","Irgafos 168","C42 H63 O3 P",256770820.058757,218913330.432622,259088255.806435,236457016.828302,236069750.924208,247158212.138177,259644299.763573,237105323.569155,252791980.941529,234684103.754706,252435683.912647,255416665.558334,241671180.776728,254775066.634953,256629099.175359,250336432.377628,258125743.952928,231945699.673941,187958792.120525,235819240.675597,249826016.996695,250523964.021021,222246540.042255,253765875.226753
"Amide-Neg-000078","Isobutyric Acid","C4 H8 O2",244917.134597225,798951.250792053,474059.635938861,480856.515743815,1429884.42745581,843275.758032368,1235926.15634386,868104.434596584,799937.149024186,669776.396168543,341978.594283439,683273.65481513,440517.253567408,1556114.33949889,734696.719907592,369905.556683803,1083026.00451673,1198287.36855929,1226175.82445669,1290773.98309391,1062535.56263968,680186.061605174,965953.859950289,1149315.35322379
"C8-Pos-000080","Ketamine","C13 H16 Cl N O",44969.1453403327,66612.0477247182,67833.594117965,11454017.3579137,93939.3526223321,58489.2464989119,75680.6604231998,58260.003838922,83718.1407247797,60294.1659673575,825049.048548887,45970.4608455402,59499.2207936413,49389.8635928207,56447.7863081435,1590591.1846866,60717.2826419581,55831.1848257262,59793.2871433962,22738.5925300166,47461.902232121,44178.2959212293,57726.4145403844,57450.5521698062
"Amide-Pos-000376","L(+)-Ornithine","C5 H12 N2 O2",2170960.58099591,2976049.95006049,2422541.25765722,3149466.94887343,3862192.67747658,3032780.28604933,4209748.66274428,2929416.03255058,2487856.55878996,2643948.20914477,2810336.40430861,2655872.92819388,2057112.42994347,2715140.66254411,3927660.12572201,2011184.47964118,2166627.42528408,2962631.81616751,2877103.18128065,2789478.56070458,3670189.33407063,2050981.99849304,2764321.66937245,2389738.67458298
"Amide-Neg-000066","L-(+)-Lactic Acid","C3 H6 O3",5713696.66731765,6148307.06469565,6458786.74094481,7150464.57597739,10879806.8862232,7863344.83182804,7719981.60090631,6466450.71399933,8167204.85212943,4888134.72521828,5765970.59997121,6625458.17493548,6634278.36956117,5666987.32087748,6645723.66199534,5675846.73574989,7869407.88984003,6291826.8543348,5318857.17149845,7317891.7606868,10382706.2309318,7805100.49335202,10254747.6870367,9186429.85273939
"C18-Pos-000574","L-(-)-Methionine","C5 H11 N O2 S",9198880.98396545,8938962.7714229,7975964.95759457,12878225.5129913,12291375.2191945,16563438.086938,12997935.6734797,10384322.4144007,22809747.3168405,NA,13153999.4211173,NA,11118747.9957193,13205332.6592154,15240884.2817896,7352037.00831433,10934457.2502838,10850558.4571642,20337599.9971291,11639063.5369197,10551317.9287287,8962604.65775702,10106602.010222,10421133.6829141
"Amide-Pos-000447","L-2-Aminoadipic Acid","C6 H11 N O4",1592446.01684561,2115979.00205365,1665901.64645121,1322748.51751126,1632570.67832794,2713755.84394171,2047374.98649694,2656802.70697512,2460899.75220411,1471531.49708702,1999012.61400893,1823843.36710003,1479929.26102639,2979411.6034181,3406776.97710593,1110856.27479834,2263025.14188028,1941402.96789242,5244112.89440382,3163714.54074927,4699286.9959194,1639647.05072458,3261208.10256707,2205861.57219354
"Amide-Neg-000729","L-Ascorbic Acid","C6 H8 O6",62693455.0549705,116359838.174948,25557278.353037,88286300.5496942,112898557.403238,85142858.0496822,115443771.074664,50163319.1982671,107408674.149438,78283396.9930492,NA,17735009.2734302,53342287.8513886,71397101.9762634,53622033.4752272,61814967.5606113,84964302.8801063,97593909.4843002,130215325.233316,69509715.3590771,112710259.445856,84893014.3438562,119603555.769011,91742721.9045161
"C18-Pos-000393","L-Aspartic Acid","C4 H7 N O4",70372848.9893415,70632258.0530457,74680727.2165166,50314352.71069,60891881.9420301,61787162.0126859,74802458.7686886,73255463.2603524,67027454.2489297,53557906.2052733,70571504.8607711,NA,49146347.8784523,66007347.6627722,69884037.5107326,60795234.4536007,57583507.5593341,85710339.3252562,114266335.505107,76968590.7692484,68066853.4924747,62161895.3749894,86160630.9959474,85686049.4545693
"Amide-Pos-000860","L-Ergothioneine","C9 H15 N3 O2 S",110121.325739712,47364.0014896134,NA,41263.7531794987,44634.6696837112,29570.3323492584,50665.3217533366,NA,37984.3532822526,15538.1461505671,NA,NA,84417.9309384209,NA,NA,88077.3437620493,NA,81602.8701680461,43459.2879850197,187832.247429843,NA,22856.5006178242,48611.9725497165,46011.0740273675
"Amide-Pos-000319","L-Glutamic Acid","C5 H9 N O4",42480136.4142118,44226124.8127773,37390118.167961,52604626.7748438,34387867.9538083,42222022.1908019,42737546.7997928,57517926.5757477,56205667.5637761,49018141.815,52592111.0769557,46454625.5719139,38939683.4925543,53591918.124923,51048843.0130402,38379636.5227355,43220528.0486268,52401777.8693283,67562190.1237109,55183168.3138389,58009936.4216206,35059742.6125444,59582978.9276564,58216315.9895059
"Amide-Neg-000486","L-Glutamine","C5 H10 N2 O3",1792560.0095475,1009463.36762197,1889477.325798,3547188.73158303,2860112.28010216,3392144.79093061,3148261.21456355,2408141.92393132,4327610.90599567,2586638.0015455,2155727.50140274,1966256.66198026,2079043.9685842,3108751.99656606,2580776.83571855,2308698.80340485,3441781.01252042,3644570.60100664,3006806.65986745,2712957.00201092,2514071.07143172,2764006.49899804,3664341.79170651,1022699.28206416
"Amide-Pos-001103","L-Glutarylcarnitine","C12 H21 N O6",748279.744233104,1486467.87523195,575807.814090807,1354018.80500074,466472.187254275,379946.718093771,724587.303106136,271864.441437296,1115867.11859501,679053.492480495,399650.747492046,154525.445826218,549572.946146423,218927.211335277,18420.3781805541,560078.957199719,572180.506365543,819369.116180245,3016207.90906781,664835.044101027,625658.047950324,788179.374911248,1401218.91253217,1073252.53364595
"C18-Pos-001855","L-Glutathione (Reduced)","C10 H17 N3 O6 S",331494523.964592,471262614.977676,364636927.099941,442498948.556773,251809278.168699,519203378.763978,430162218.950696,NA,487410628.32217,324472528.89736,380187022.033742,NA,255542924.875887,332406733.238368,NA,259390803.003644,382671032.138218,460585775.238868,699732806.752686,299531652.785503,397855654.754685,378086048.53995,489105126.910959,478902281.879467
"C8-Pos-000542","L-Glutathione Oxidized","C20 H32 N6 O12 S2",5077840.30037333,5745097.00096978,NA,7435629.17699007,4392205.58394589,4966721.19066654,NA,7352639.21092085,5434402.79150171,6766470.93600852,6103828.98676531,4439265.06557134,4028751.12252702,5665111.61702362,NA,4643884.63853248,3303342.69408541,4140030.01093375,5212669.96752068,3813514.71331758,3618049.73784771,3543899.1965683,5056733.88274195,3595648.70267043
"Amide-Pos-000536","L-Histidine","C6 H9 N3 O2",8954912.35380149,9678501.14580835,6219528.5030889,10410810.03583,6541030.13996832,15868724.9126998,15247045.60014,3783079.54703396,17158065.4111937,8901685.79272933,9426866.98550933,612438.784188114,5619042.85017903,5558679.77163217,12775990.200092,5540701.63876069,7475191.36133135,11521748.5462792,12746012.4252528,9552541.90874241,12488779.2163891,7332675.59195835,11046845.4425631,13187033.3476038
"Amide-Pos-000349","L-Hydroxyproline","C5 H9 N O3",6537264.74224354,884380.407531819,5364269.61015854,6536767.68346572,4814742.22026083,5468191.88593669,7009821.69219916,5697680.13745595,6723421.9660363,8367731.71038308,6508518.35407617,4073215.51302092,5283634.44144907,6778741.86321391,5595506.19861498,5638210.64375623,8137043.02341354,10919058.1139327,5427074.69997386,9670256.32710909,8069710.99634097,7221467.74620341,8589656.55955638,9165881.17861981
"C18-Pos-000375","L-Isoleucine","C6 H13 N O2",96748670.3616038,NA,109256036.474571,149093497.232035,107023716.696716,136472668.748398,130212383.785677,133620974.848894,212735745.630191,127086492.381781,132978607.271786,NA,111628300.676323,163410475.461581,NA,82305135.1223556,107471504.471427,132661817.593516,198537009.682995,156353187.899786,110377134.710047,138483920.229381,139023651.373196,118754201.098986
"C18-Pos-001046","L-Kynurenine","C10 H12 N2 O3",1555206.58526347,1943410.90672117,2132644.20151793,NA,1664999.29224529,2996635.25193056,1950821.91837559,NA,2777469.63918371,NA,3903764.73958099,1478864.54733374,1158082.7770666,1854445.52980451,NA,1353025.46428291,2164238.07663865,2556357.74637352,3404796.31459848,2261176.9529633,2590837.63029957,726924.782432833,3007495.68920996,2108125.48292763
"Amide-Neg-000484","L-Lysine","C6 H14 N2 O2",2116979.91078745,3536210.92284861,1654519.76069872,2636319.03608162,6573438.24476476,3840254.04169057,6382575.27158322,4348609.44513841,4748807.63680358,3070319.66639496,1761085.55361175,3106573.94637728,2638965.95880167,6496815.40412461,4406193.43903174,1975799.87877929,4059213.9337025,4232146.86529813,5216474.44051662,5842778.12882046,4959151.61994535,3500068.67702074,3482126.29922321,4041514.76938139
"Amide-Neg-000195","L-Malic Acid","C4 H6 O5",NA,31184904.8798621,NA,25495620.3871334,31541195.8373159,31887359.7492113,34102848.5484158,36703116.2994917,37545264.2148966,26600816.6010523,NA,18626029.6758834,NA,69483039.1508284,20958642.1692628,NA,30235583.1358025,26263360.377323,55261295.798792,48333412.2685595,44831663.260543,14112657.5197929,31399887.5246257,34867369.8373665
"Amide-Neg-000933","L-N-Acetylhistidine","C8 H11 N3 O3",4573156.31926222,8631153.04824148,2939568.83128403,3145051.69663501,9477144.81649622,5483865.98845822,7136216.1766158,2642852.01996248,9092485.69859292,6860180.19480167,2507934.99540487,3836674.37380644,4018458.11373614,9044257.71667113,3133120.35444935,7113018.58886994,8143048.18593039,111653.258832606,12300464.3451821,4698183.23171122,7303796.33831074,5538649.55018342,7021950.65011035,4252517.93027212
"Amide-Neg-000344","L-Ornithine","C5 H12 N2 O2",316672.30811069,770843.642951396,325642.233382359,547836.396975946,1573627.74250801,969757.566589738,1571578.82396637,1010964.29495785,1263840.446734,710144.039677813,NA,682577.257234312,531957.893880151,1217926.836833,892006.290691382,357250.332853793,753109.522734318,841759.867380628,1106365.00222506,908052.018539726,1075471.02765816,526211.929263361,739382.176197561,649364.06231767
"C18-Pos-000721","L-Phenylalanine","C9 H11 N O2",NA,87785282.3835458,NA,137858535.588336,NA,94663419.6109929,99431272.392242,89032850.2794756,158188283.955358,107322716.558756,119141714.796532,NA,NA,NA,109304651.742157,NA,NA,103476247.521432,NA,NA,NA,89782230.9087077,NA,97344664.5605447
"Amide-Pos-000331","L-Pipecolinic Acid","C6 H11 N O2",14683952.9675474,14333012.0233444,9765804.16174978,14996606.1075294,16970217.8640553,12563727.8078904,13943673.7834972,14236759.426963,8736873.85268151,13721416.6512238,20222784.7591337,11890196.4842849,12661449.4476569,13419402.2476014,15927330.7325965,12286784.3802631,11232241.3187321,15861485.571713,16441559.8280853,18194562.0389193,17067599.7419464,16888916.6018161,13936396.4062811,14287497.8589601
"Amide-Pos-000317","L-Pyroglutamic Acid","C5 H7 N O3",70191063.4839513,82335597.0388246,52143857.5284622,90959183.5421961,43942351.1545765,64992474.5330025,47752121.222568,76923395.0342329,82239204.9440007,88004921.3512698,109191747.909114,48490508.6411365,54309354.5748152,82213937.4968322,50423081.9650948,50280917.2806052,65091831.7574659,79007280.4723635,94714409.5273719,99113298.6485551,78779328.9206659,57096010.4689809,93482819.7002128,67864037.9319722
"Amide-Pos-001107","L-Saccharopine","C11 H20 N2 O6",97177.0273401121,123358.13297104,8775.1426065422,162182.378395209,54711.5830475629,75547.1358311379,64929.6911414037,8269.18626160688,164068.368394973,108943.679984933,140993.344799369,75122.4331448611,76705.61403714,105750.21522074,111881.415920605,73167.719668031,101667.658704731,10498.0501342419,173790.455690745,175753.808009655,148908.483885872,80059.8625720989,112834.19973531,166075.168180982
"Amide-Pos-000155","L-Serine","C3 H7 N O3",2495940.82391882,2784918.69495791,2294811.87511882,2993333.40412248,2014085.187999,2567293.4660878,2487641.70785503,3810267.09713875,3318418.69654706,3075567.58482474,2677560.91849576,2041331.33193623,1917048.0944457,3700563.82489908,2383785.01936717,2331454.36556193,2675893.49793836,2343747.60963276,3474351.59114208,3806575.38438872,2499137.74381403,2207900.97331161,3752132.67931962,2291292.04291775
"Amide-Neg-000405","L-Threonic Acid Calcium Salt","C4 H8 O5",7181562.69549204,12459011.8792154,NA,NA,18125533.9024785,8004264.22146135,11761875.5608429,26412770.1836472,9093102.66332385,18806832.0966686,6172126.59772262,18899046.4885937,13608809.2194165,31249955.102206,8686726.72514118,NA,14579916.4113106,11493857.5894645,13226251.0322002,NA,10107382.2942442,7963953.5516264,12327563.1928938,12423132.7759431
"Amide-Neg-000220","L-Threonic Acid-1,4-Lactone","C4 H6 O4",39201197.3331922,61583206.2312113,38732283.4060637,42494700.6058484,80248467.8104448,52185939.3989579,98343866.6856298,59741613.0449328,72364239.4335122,65234108.3864649,23293430.8034663,32821808.2811582,51440472.1749994,110860599.830937,41080164.4808261,34324665.5119781,62370308.8591222,83994086.6687292,63482084.599433,95679739.7372251,64034352.2617067,64724614.8375431,69407703.3106185,71685885.1339049
"Amide-Pos-000255","L-Threonine","C4 H9 N O3",9643915.01442896,8765179.28723505,9943327.14418758,14906607.6853852,8512701.09251758,10002793.6986419,7138902.8104631,10504853.6980606,12569779.2807111,14348623.6936106,16228688.4797578,6451083.30411258,7934264.31039801,18933025.9590971,8865861.08965209,13217384.3285436,10418526.9528837,11216158.5393724,7078255.6206073,12997121.113658,10428223.4006008,7129631.26219326,10525456.843382,8108363.15369598
"C18-Pos-000832","L-Tyrosine","C9 H11 N O3",36498731.5385718,NA,NA,NA,39105323.6985655,41839540.779093,NA,NA,71917875.6681173,52205747.2163688,64189520.1320893,NA,NA,49759185.1321949,6948.86423873922,28639755.5645025,44374569.1349121,NA,72502555.4826973,51603951.3004421,NA,35566030.180333,45857741.968742,NA
"Amide-Neg-000214","L-Valine","C5 H11 N O2",5022489.95091204,10018663.7578444,4408517.11223892,7546644.39387251,11505417.302817,8500243.53030282,10229826.0346387,9060818.60694382,13151090.6290417,8586540.62366619,3734949.81543023,7017809.73789707,7144250.48557805,14355302.8047878,7871309.11260526,5505705.74558693,9333246.46129799,10796965.3029455,15612575.5681669,14990228.3707728,9805456.05119728,6871249.91477544,9622561.79707274,8507346.25871806
"Amide-Pos-000363","Leucine","C6 H13 N O2",13714185.2276559,965129.759291961,675965.275307722,NA,15850077.6617372,NA,381391.293535674,2083813.77768611,NA,1983086.37160269,1877266.713084,1672425.00129577,1539738.77458308,1941962.86519327,946400.967371145,924017.871875572,1100056.83852141,2202195.70801858,NA,1906045.19502708,1457282.7604991,19679975.2841226,NA,940255.030206172
"Amide-Neg-000094","Levulinic Acid","C5 H8 O3",298787.744247045,610742.292643665,654337.271472778,296357.326632468,1261627.30034771,1061877.80906381,1487223.73212611,366378.981130367,289565.763600622,220234.138625829,NA,389099.514040826,574759.175450125,380369.66234292,795734.872943428,489858.747066304,939598.518139779,961429.83250547,871287.537617461,417208.061799635,990270.558805846,882163.803826122,807976.067021333,881866.907235851
"Amide-Pos-001042","Lhnfrfaovvpesm-Crgcijnfna-N","C11 H19 N O6",2141005.23230723,3604212.70524327,1485700.35986564,2269462.95810283,1294592.89756718,1712175.20341971,2104567.50383198,2344786.64714684,2095149.71318582,1575438.76782178,1203382.88452076,755909.850873788,1188435.79572428,1386109.16834483,1637318.61241864,1504963.89288054,1581401.21791053,2010775.74481869,5002598.25754753,2368045.40909229,3111955.057791,1842352.73157352,4080384.65561647,1665127.39364798
"C8-Pos-000141","Lidocaine","C14 H22 N2 O",27826.2224617918,34934.817326818,34457.3163051723,19361359.1688074,111208.37912809,5631506.4604522,55173.8083998736,33972.8456750341,24639.6760565674,7558713.06199543,33214280.1510329,51187.6103687175,35482.7690560195,23250.614956197,33578.7689404157,30752.1963904277,29210.6939336523,8748.58331686518,89508.0941463738,30161592.8582846,30671.3069337253,34109.9399304288,34323.5113762589,31327.9502733768
"C8-Neg-000295","Linoleic Acid","C18 H32 O2",6769478.31255533,17904422.9311624,4211418.90170855,8121705.58463046,10842136.0255583,7553799.25549561,4270230.87656241,4426809.90569921,6976883.20270398,2709118.96499811,9225175.51102653,4862908.92420053,7344316.18848601,5041930.93122954,8289250.04795861,3125200.20227245,6203200.63693257,3824438.73672869,6933323.66161868,4017295.86337748,7498060.95912567,4357926.92989552,5050967.37194911,4994960.21933244
"C8-Neg-000679","Lithocholic Acid","C24 H40 O3",5616812.92969006,8197681.41260625,5244786.12128489,8411751.93503574,9912027.7450044,5129132.14700663,4942332.64664203,10250672.6914271,13996920.9477117,4741628.64940262,10775122.7349687,4535714.36508004,10477988.437272,5378873.88368041,3668736.01373377,6441426.17330781,5849411.47789571,3679918.26548462,5703638.64719987,8921322.25714296,7883553.12119288,5290529.51430864,7324152.18579409,3991889.63106424
"C8-Pos-001973","Lpc 14:0-Sn2","C22 H46 N O7 P",3271512.57213276,3397148.75827865,3677465.61805384,4670837.83762258,4530122.89484065,1531978.86506682,2879087.18043476,1720915.17778652,4382972.59634385,3052574.23337717,2601322.68266916,2348103.66648231,2898676.61389283,1464931.14208238,2046742.46709634,3041528.06404916,2620944.11504013,2645009.59127779,2812220.59572828,2261613.90718238,2039374.67024475,2770712.04681282,2594157.4790618,3413676.45367453
"C8-Pos-002542","Lpc 20:3-Sn1","C28 H52 N O7 P",1589920.77619602,2412673.84915824,1298950.74330764,1697872.55950744,2505419.62102005,959115.619569251,1418468.13718021,732721.681925889,3010774.16482132,1479660.82325433,1408146.60231505,1500677.04214008,1434717.67568474,537985.209766058,1380686.61079929,1370469.76427977,1114522.57120911,1279077.06252729,1603000.85631663,1180007.35945562,1316651.27561981,884653.125133652,1033400.06691213,1950352.88971071
"C8-Pos-002720","Lpc 22:6-Sn1","C30 H50 N O7 P",604385.910625684,684371.695941217,649418.067739045,887545.168102839,898954.775585959,557702.148918443,528647.053178631,613521.166523769,3745032.06707564,527642.063298275,1235468.46479765,998164.278297324,802274.953019692,540753.37169775,490440.659843154,687178.000710055,870697.855503461,603448.596101985,858295.300728501,900875.891870983,811562.717645589,663482.635537479,684318.754855705,532324.643208224
"C8-Neg-001710","Lpc(14:0)","C22 H46 N O7 P",434472.746722088,502603.632133946,464501.034301478,454952.124231749,533684.457018639,185900.541575118,349476.831551753,232346.303854326,582207.034283483,280903.060155896,316448.924407953,340278.490804806,347796.577072527,176774.967993308,259661.83937132,376315.378775351,323342.195300292,305620.300421803,403753.157232958,314942.468316633,278925.232628522,315124.73668313,316848.462305365,361781.213824303
"C8-Neg-001880","Lpc(16:2)","C24 H46 N O7 P",99239.4755793091,123955.795817286,81793.2581904573,88241.3656604968,130591.102179393,47750.0386585317,78855.2565113802,73335.6143411657,144410.012766226,68081.3434824037,96074.6775107463,131937.195103423,87710.6262685465,59437.179923267,94354.0311825218,72188.0181550723,75273.6095864054,62919.5405367931,77395.9921648145,71948.0740514327,78821.4923117404,69246.5873517822,81376.9554906463,50024.7186158443
"C8-Neg-002450","Lpc(20:1)","C28 H56 N O7 P",214545.33710262,203747.181892071,184917.968245963,271437.808421021,228180.448291184,105338.797976751,182142.357394902,121510.006017345,331825.736363997,125663.822755744,257067.566510721,238015.224000398,185333.548638287,136776.437621231,169569.73665425,174570.789078129,241527.706536965,186441.661413059,260378.430869082,230592.726880847,209470.083139954,190931.973994816,197182.507432042,220369.830736286
"C8-Neg-002641","Lpc(23:5)","C31 H54 N O7 P",61342.4578631813,66099.5891156319,122902.770876001,61742.7213711709,55894.2593249592,75179.7148837663,75591.5631062506,63857.8742907678,76698.8855786108,64895.6094451262,58039.3494870949,82346.9656486894,59309.4249885338,58570.1234304426,89458.549890749,NA,65337.4909002862,54997.1224903293,67359.3283843342,76223.5359164273,55801.8296734765,61924.8769892206,54174.6369308604,74904.4356200161
"C8-Neg-002622","Lpc(23:6)","C31 H52 N O7 P",74491.1632082438,87236.0634157796,67124.4687400136,81688.2789966954,103467.455765297,60311.2401472049,51908.4543025146,63229.3777507602,401241.139946236,28898.345325887,116641.921017688,131860.268379076,84320.4984726952,53035.2621755799,69085.6895074195,76576.1844603194,93976.6166900756,54693.8114192373,89772.1797428634,111840.6741317,85552.2729236142,57791.931211434,71810.8687542744,NA
"C8-Pos-002045","Lpe 18:1","C23 H46 N O7 P",2343395.10998389,3156653.25275719,2518001.21093303,3899878.15849861,2884917.35821433,2096243.15073979,2442893.56503379,2242973.35130817,8165573.09199492,2422397.67570683,3447460.80099258,1958096.56934607,2399286.27457331,1706722.70746595,2630979.00384417,2313859.20061686,3219069.57955405,2603708.33125414,3058878.06993093,2840145.13644496,2796061.69282136,2482848.81815746,2520300.36841068,3020421.80485944
"C8-Pos-002412","Lpe 22:3","C27 H50 N O7 P",1359692.4135475,1305045.59641064,1301380.66789265,2600063.04568246,1504120.1557197,1496075.16855772,1391680.26438652,1398578.81707323,1916880.52768787,2291946.25339034,1856632.35981402,2069227.54566085,1294937.7093067,2036462.20821256,2602669.0263047,1774132.90727733,2345842.28624945,2249195.05815402,1545085.59446947,1521194.7049607,1737718.26330863,1642374.18582246,2020669.41932382,2310009.48716582
"C8-Pos-002633","Lpe 24:4","C29 H52 N O7 P",398703.791963989,703261.534023914,569724.442629149,655192.681562988,483484.544361563,366920.348013259,434174.639897596,296769.900287676,654149.275999511,631168.304209938,420621.894989942,320256.117370062,567396.334312619,175787.662029657,291981.537883909,464723.451756006,409430.517563365,549734.503354037,301419.244522117,400165.997479303,346195.739211088,378069.354470013,360354.409559269,887930.762048935
"C8-Pos-003647","Lpe 34:1","C39 H78 N O7 P",153804.118581164,222578.140192423,331878.636445475,83085.909174695,242725.792041376,527906.191517195,555649.483010897,166405.290081124,64623.4107449447,101621.798104763,132112.954629648,441964.878220738,167911.497078795,182959.556892265,479545.374575667,473454.211062593,241467.699482279,451801.63389136,245228.307146598,462022.69447936,247117.053138398,397460.154857815,224299.014518714,618751.354294101
"C8-Pos-004035","Lpe 38:6","C43 H76 N O7 P",1278489.11145907,1956904.33653813,7509997.36620807,1801381.40875701,15965609.1367074,1731855.71966085,2915509.72550383,616977.291551203,1136480.6778114,1735071.54060546,1257183.4787286,2564946.78461323,1347194.40600587,1028194.39676952,1087007.55837118,6468085.42490588,3161036.16391727,3442954.99753813,7123512.97573164,2970071.22108138,2784549.11488347,3045344.65568178,1553645.52466135,6365281.03302949
"C8-Neg-001716","Lpi(O-14:1)","C23 H45 O11 P",135531.288255302,128753.314684376,NA,131038.877375337,145438.901725697,113240.156753803,90644.9053212819,128689.769379234,129139.876073592,130040.853658692,138650.441314469,113617.246879838,137449.130820113,125186.195795459,46902.712010168,114747.130073749,138199.872344473,105592.635560654,147830.77042542,142836.944658614,130118.790523369,131700.999774944,126809.750499931,77790.127197116
"Amide-Neg-000196","Maleic Acid","C4 H4 O4",5086789.92553377,7223892.89979582,2896138.48237367,6903133.33262552,7044332.30549521,6549087.61458986,7504243.64541422,2297322.54601596,6561416.54071704,4428593.39324244,2652773.65495354,1131928.40801112,3599837.23242128,3271418.24405953,4322062.90905152,4057553.50771407,5389866.24787207,6081127.79369266,7969749.05906454,2836188.18436261,4244692.03431404,6226461.10220647,7905515.86574099,6282815.06899683
"Amide-Neg-000158","Maleic Hydrazide","C4 H4 N2 O2",622395.851745818,2997968.34080925,1414175.63347435,1408100.52703414,3510212.06530565,878156.115911597,3432640.83357097,940801.395688319,10858449.2462532,1287786.16507114,1150259.83581086,1631618.16215515,1040334.72592259,1144883.13091312,1767412.69610266,992510.641510215,2724479.56402958,2110384.68904849,3510654.31119794,5141535.21509097,1931837.4818948,580002.930359502,698939.542932478,1955540.95127997
"Amide-Neg-000116","Malonic Acid","C3 H4 O4",469087.216063727,895766.787666147,430331.346308383,571905.400256939,909944.703972411,796867.023798192,1554539.04986457,556396.605863169,328402.013785107,1195107.15223921,NA,485586.364753639,744689.458998483,NA,1455161.23590414,411985.46636883,1253496.5968591,1360270.5939291,NA,1835594.19603351,871634.666536574,1413060.1824962,454790.810636488,1316062.06243047
"Amide-Pos-000710","Meglumine","C7 H17 N O5",5707858.73874763,812979.665229148,324601.029945749,342027.306329679,NA,10822628.2538242,9636936.13076856,1739140.70935819,1804432.46792627,2346416.21711192,300303.613869701,1600472.23996237,266284.35927063,41336.5473252686,1114079.59504849,5710570.94963781,2118877.19850397,3333840.65883303,658992.253511719,701207.637691354,144730.822314982,2046451.07801697,2602988.83495052,9958091.83421844
"C18-Neg-000218","Meglutol","C6 H10 O5",15564495.5895373,13217536.797588,16308500.4501549,NA,14636366.7658497,14034737.8995524,16762189.7813375,NA,16021899.0465782,NA,20109942.4789887,8943058.86444386,12232190.1315195,11952779.0456803,11175158.2493824,14821120.0540203,NA,30045110.841208,39964796.4166677,20677781.7988876,16362009.4571281,21579019.6423021,18354428.858655,19829420.5141556
"Amide-Neg-000314","Mesaconic Acid","C5 H6 O4",296271.572599465,465946.719400252,509878.022874815,362391.942774661,639987.734807747,360537.979493127,455261.852216544,594033.52185062,458570.512594617,462663.413930987,301567.047086322,381755.572283523,431458.558274988,602357.816784454,349404.448689518,379960.412897675,497949.472497894,516399.025771134,471436.283815533,530530.072575741,519395.601038866,407522.279942771,510956.566234971,494140.745063288
"Amide-Neg-000252","Meso-Erythritol","C4 H10 O4",252949.204931773,390954.067763313,334244.906231738,538172.628355987,274513.499777046,295355.676402024,378747.439043955,665266.01657031,802826.47975446,477601.955911547,370723.519289413,257989.550444244,346821.768345553,472885.992477893,313521.54561954,296180.775259105,502240.604042745,574209.218306974,744362.60199562,792974.667455697,335427.882104402,307196.773584764,466471.44927035,546756.731081517
"Amide-Neg-000089","Methanesulfonic Acid","C H4 O3 S",6638284.74484241,8019498.2338981,5960339.11833379,6792629.81355364,2578402.96195875,4712478.563592,9784612.18171613,9465678.11841255,6187140.95554704,8221943.82493026,6079899.72797272,7148581.64281952,6184458.95209095,6493216.13631729,8390363.12023167,5123129.056568,5441017.14949325,6602642.16625476,8662028.01725457,5820787.33535682,5403523.1582289,6682172.03070915,6265989.76216329,7338274.43095441
"C18-Neg-000020","Methyl Dihydrogen Phosphate","C H5 O4 P",1520357.96424441,1558760.23357344,176498.590796107,198751.157093275,1612073.16936076,145290.378281792,19924310.1154133,433151.244466944,27289605.42005,NA,NA,553675.619765819,592390.693611997,2004898.19265637,716767.420777011,32844662.5293962,26515678.993977,187702.261607137,22248786.0709561,1020883.49716112,NA,319102.174461833,NA,399229.22575118
"C18-Pos-001113","Methyl L-Tryptophanate","C12 H14 N2 O2",151152.164453431,323174.546731153,352677.298159935,311041.760687994,176716.852683904,352678.943214942,253315.251303039,492797.249212203,212076.436342907,250811.321206256,350775.428014718,314401.524886519,170168.848977564,427671.874007809,434509.245711698,157767.27414019,189187.162985118,322470.002698945,258892.150034592,237583.363961979,328689.675014407,206687.618331672,6115.9798502367,294498.064640137
"C8-Pos-000327","Methyl Palmitate","C17 H34 O2",20404663.9940027,21409739.8627152,22051630.2158145,19496635.4726167,20583146.1505194,21036794.7245981,22298873.5113944,20277329.3616283,21369792.1497548,21510380.5727839,19086459.6290998,19621811.0345964,19793248.0848377,19969147.0319171,22071451.4348155,21401871.6671362,21532202.6227613,22008770.7804304,17350451.9508787,22604367.4588165,21848743.9724548,20831169.4290889,22147451.5632052,22595298.7709564
"C8-Pos-000682","Midazolam","C18 H13 Cl F N3",3273122.27040255,3389931.026464,1435184.86469265,2067640.45479792,2866656.18418413,1896793.54739807,2827830.14711845,2104226.89886399,2905006.59861774,2232064.59495836,2587747.82039646,3089680.79779111,2046705.56130509,1916541.02017204,1075794.14146824,2335360.45627856,1677721.83078554,3437717.77025247,1566878.62880365,2423745.4113304,1091148.31930968,1238035.75970476,3080211.69728448,1777032.54296097
"C8-Pos-001413","Miltefosine","C21 H46 N O4 P",333453.87719628,396001.068922854,760587.724235713,638306.600941741,496576.337622553,540529.403599031,499654.551946509,1191109.33048095,352162.892737509,415586.83928146,628334.835624746,951272.843540696,303752.368060712,423047.944959939,2783951.49390832,386784.016143291,304894.572811941,627269.754994531,812206.517596584,397758.578111541,391659.953647824,688728.987457485,623849.013288124,1058023.09137278
"C18-Pos-001062","Minoxidil","C9 H15 N5 O",NA,NA,NA,14912.678605298,10674.0664065299,NA,72208.0727316999,10104.2690767316,NA,14308.1627009311,24494.4169833292,46541.728745247,NA,54008.719928772,2826497.00122099,22633.1949398626,24957.1720735535,NA,NA,68369.7829632694,NA,NA,36477.098144924,54738.424952437
"C8-Pos-000268","Mono(2-Ethylhexyl) Phthalate (Mehp)","C16 H22 O4",53106400.4895477,52479028.409476,48898453.7265544,52570832.4445435,53332554.4369973,48329174.9216214,48301311.6151711,48670187.7361609,53944724.2885814,51197696.3056988,51604174.055454,50179830.4937833,52739288.3472875,46490135.0287612,48503619.4477774,50651214.6993183,53331580.3112073,51735184.0022128,39657823.5645483,51383425.4097593,50040806.3317205,52329570.0990136,49247925.2807452,50122436.0137301
"C8-Pos-000245","Monolaurin","C15 H30 O4",29459301.9781503,29344928.940581,29744918.2469565,32154543.8241045,29140924.7398654,28059149.974732,28466693.7504511,30632935.6891626,32783383.9706586,30358714.2073537,26014385.2390279,24997787.4462074,26862271.5005341,29306492.4702433,26321458.4896347,28417874.516507,27675215.3763787,28263704.0163366,20402688.7134908,29755127.6528055,28262916.1986571,29616984.7656144,29535030.454491,28695906.9951402
"C8-Pos-000582","Monopalmitolein (9c)","C19 H36 O4",2073637.0961241,2260596.48719861,2061982.30038372,2243707.04133357,2099505.12271117,2156692.00791244,2064092.09434779,2089592.51693359,1979005.84033824,1878536.62182444,1680766.69780721,1683886.26603435,2027597.55716035,1777562.95131114,1962807.6383931,1895256.20932434,2184112.38259304,1976033.99294623,1499209.45112303,1968905.99462209,2013978.64549621,1856110.69773991,1876733.73637908,2075880.29529904
"C8-Neg-000086","Myristic Acid","C14 H28 O2",2219805.66066773,3685749.44545997,1926553.85906662,2517299.64492018,2895980.89431524,2008605.61236575,2633858.20108629,2231304.28499325,3403345.37541098,1589470.759199,2269144.48359535,2036553.92251218,2476804.3243938,1822343.09020735,1918458.30665137,1946826.61864944,2441981.27002345,1810194.15624409,2502695.9314829,2764081.33455845,2259708.79499923,1703095.6458498,2302629.67614866,1658432.57911898
"C18-Pos-002570","Myristoyl-L-Carnitine","C21 H41 N O4",116850.606538012,235972.303959682,325367.107807314,89182.2130186368,135756.488191639,274731.325048611,209663.933524416,194613.758052396,106453.817524969,157538.248427076,109998.801613446,182566.647318049,133871.115809525,162899.641143997,388480.663391175,121978.828392184,202257.063568994,212362.928195654,494588.068268918,312080.653951974,175096.17203565,187620.651371044,311092.75778816,205088.45551998
"C8-Neg-000367","Myristyl Sulfate","C14 H30 O4 S",1279331.7813624,5165430.70334838,2115099.86114415,1428652.7879015,1886383.92346749,1147230.18421141,1658879.46360639,1388655.72235128,855424.040805202,1319698.12766383,1075773.89737455,864175.342090182,1424726.63978474,928115.489938291,1582792.17877808,673794.899137749,1132075.49102689,851536.632119977,1644920.90811563,706884.698813611,867632.885254998,1093177.28269679,1290069.36182259,819579.377156185
"C8-Pos-000039","N,N'-Diphenylguanidine","C13 H13 N3",31185725.2810357,12375361.2355417,34712815.979181,417228.023601953,61847354.2419649,10700794.5237561,14657134.3197921,44624954.8373372,17608840.7597809,5820723.49244037,13251623.2104683,10019752.9019802,22164318.3356226,1259707.76106647,6230165.05849207,61908447.2447958,73911024.9774521,153538223.452058,8995918.47697155,1838976.69338863,1794250.20409049,4958621.17960433,35613946.0948721,53524227.8165022
"Amide-Pos-000240","N,N-Diethylethanolamine","C6 H15 N O",210940080.783698,134091724.248298,40988609.4214712,34273109.5004617,227094128.135606,126634561.655405,221741346.97353,345942815.33722,86864125.7686005,108559560.379607,54159412.5401467,130157387.093027,52107967.7764054,269587327.754205,1125311940.9892,148018544.566842,110402777.849261,304696568.671424,71630913.5277404,146921822.222465,187066366.657078,95099118.1795984,96181868.3356975,89566462.6425981
"Amide-Pos-000235","N,N-Dimethyl-Beta-Alanine Hcl","C5 H11 N O2",147576572.469339,191729611.111903,146396608.163679,120337518.158034,123525797.779236,108724681.626898,140350172.527915,253551448.947236,173264993.119903,273631164.829056,197698514.005704,230364735.823744,171170173.934787,265179437.509713,92684039.0823937,174441534.750384,135577077.125644,127655231.357363,208124433.351879,166230723.432373,90668004.2956057,101012901.600578,127199853.004957,121358885.829409
"C8-Pos-000708","N,N-Dimethylsphingosine","C20 H41 N O2",82659.5959373058,74322.0730678905,89179.1178136766,106005.865493549,102775.072418243,71944.8441150359,63109.1547294509,110081.549497578,59219.4021094105,81672.5844094513,123173.595668048,109344.204919512,86340.6214073951,90094.4064865583,61345.1472689104,113131.436809894,73432.5891820662,50196.8356126577,47509.5429866855,51714.1592086313,97136.0320660742,78613.5958677356,63826.8618310793,76362.6484651627
"Amide-Pos-002226","N-(Octadecanoyl)Sphing-4-Enine-1-Phosphocholine","C41 H83 N2 O6 P",962078.955673151,1757036.62778438,665604.865023349,2283374.23669978,1366974.33909303,239026.827114021,811528.5525968,378509.03390299,658126.278031344,481701.897547809,341093.552713799,149405.332824306,406006.804537496,204456.004709338,254084.785268281,370461.604490663,701044.311065944,1760789.86407214,8141298.82268114,351597.982977509,553413.542099941,577923.425185684,2761416.45120396,2690646.30467076
"C18-Pos-001811","N-Acetyl-1-Aspartylglutamic Acid","C11 H16 N2 O8",10836006.5523796,32654277.6181332,19554002.6866223,26124469.0037502,14852267.583491,36011698.092394,NA,NA,33864239.5007574,37996867.6879566,20099110.3555915,28298379.7424691,12446522.0849473,29304030.8789331,54303716.5457399,16846875.0925081,24572140.9364924,31736338.9392208,15993020.3807457,29041985.4857787,13769490.9626768,22949804.5593933,30801038.130425,41058559.2490802
"Amide-Pos-001139","N-Acetyl-D-Glucosamine 6-Phosphate","C8 H16 N O9 P",105226.79089754,76085.3449300343,145666.666284806,98429.0455482947,113149.116573066,221833.116840258,90154.2852304569,145532.446633175,123164.916083169,79686.5598220139,73603.2426902746,161422.445743175,42613.5069701008,108312.225545198,141538.808369532,66880.6065435151,152856.916663296,198957.722683942,1019615.54536862,225381.06936707,170368.154627515,64407.100322192,415384.227539757,168753.160442984
"Amide-Neg-000557","N-Acetyl-L-Aspartic Acid","C6 H9 N O5",48776309.0924108,87127570.0251816,50397482.9047021,76508864.8763627,95006365.8233411,69580849.6308061,98276725.1477842,122784738.30129,95110386.7703964,101870976.067143,41575993.9434144,84114163.3644673,50632889.5372352,149928863.965239,82191808.6971438,61870143.3800344,78625394.0316982,112065057.90722,157222633.940039,112473316.567122,82139748.5675729,62483295.1537881,97153071.1987438,112236838.418109
"Amide-Neg-000866","N-Acetyl-L-Methionine","C7 H13 N O3 S",NA,NA,940764.459661224,1924920.53503013,NA,NA,2276047.82856164,NA,2341138.22656839,NA,1162431.78424673,1195629.49037688,118431.916305781,NA,1763674.37153544,1387569.58116514,1865197.20210562,1779135.11508946,NA,3079942.4670506,2014593.73873227,1378317.78111309,1828324.68632625,1824729.17464543
"Amide-Neg-000574","N-Acetyl-L-Valine","C7 H13 N O3",189320.373680996,344840.989401761,142459.281622087,306232.4076471,257691.537693614,155867.812767257,200577.595755897,195330.952965136,438609.926985799,277216.287642398,125523.775189396,101972.450082881,191497.915563965,291836.333092798,129583.585962905,184900.672475538,246970.594608469,242345.264733278,382139.477767939,412875.853907948,204290.736955969,9633.42472965375,223300.531796509,211194.335521073
"Amide-Pos-001317","N-Acetyl-Neuraminic Acid","C11 H19 N O9",361209.978920373,264122.908687477,NA,660218.123041032,131215.169866394,319548.832078401,NA,NA,948773.590348465,1565224.8491826,NA,1796121.23002127,NA,NA,NA,58744.784355209,NA,1216912.55827204,5070568.47031126,1830833.07316988,195186.601286126,NA,700428.39086677,1560308.26876221
"Amide-Neg-000288","N-Acetyl-Serine","C5 H9 N O4",NA,727234.266419304,NA,NA,660363.722609627,NA,NA,582570.703236224,686069.64490343,678149.17120914,591769.212325748,305614.256945228,623928.239405296,500908.334512457,NA,665961.070881894,459413.380655589,1085052.22542005,663698.577316309,501741.883301567,681726.542078784,NA,697512.44237606,979580.06762987
"Amide-Neg-000318","N-Acetylalanine","C5 H9 N O3",1010078.64717224,1974936.27034143,762904.794967285,1685549.21614593,1679367.15255606,1468101.07454656,1685156.21189287,1642241.7175466,2649500.25741187,1835252.43759543,960438.850362604,893889.615981248,1196384.04817234,2458026.61635526,1219644.3509839,1210105.56405408,1918278.99335643,1942149.27560607,2415911.73637161,2870570.54972074,1630572.01419595,1234170.95058353,1721676.80134913,1674783.99678572
"C18-Pos-000763","N-Acetylglutamic Acid","C7 H11 N O5",12054645.3549974,12986584.8680152,13680635.5214018,18799837.289778,9705957.260078,13339287.0293109,NA,NA,13609720.3570056,8518678.50263209,12781438.9883854,NA,NA,10574662.7258126,11508327.3363925,9005234.97841201,NA,14447386.2406441,13493474.8689208,NA,10673304.0762796,10919606.6879922,15050592.8833589,16244029.1727688
"Amide-Neg-000219","N-Acetylglycine","C4 H7 N O3",127280.430058767,169913.45083821,231408.610314226,252730.953270736,149438.293300291,343719.171671389,172595.150519562,112452.36160961,175522.34436426,159064.50841529,127507.45352203,52654.4631084883,106420.268821777,7581.67207396698,146959.543098469,116196.063164639,130309.703638458,155623.053697417,179271.195033368,129370.368682219,147157.614964736,310755.603515667,172211.036354564,84752.3424492759
"Amide-Pos-000336","N-Acetylputrescine","C6 H14 N2 O",21064338.4249285,23519489.3278788,13050495.0776298,42085243.7439701,13779849.9306455,19545836.8817212,15808732.4575198,23141126.5190097,21042982.0804286,19802563.355133,34099604.5854025,7191049.49062509,12534480.9580604,25815766.5178331,27957340.3072172,16601995.9747194,20085457.4652068,15121048.0120329,11833828.2739298,24962947.4478918,20924966.1052797,18803839.0260231,25591873.8630898,18036453.4423442
"Amide-Neg-001170","N-Beta-Alanyl-L-Histidine","C9 H14 N4 O3",25296.7923733134,53703.4919170198,23916.9779250003,16941.654497875,25246.1374597617,32814.7537689902,35283.2951062772,96073.9518935904,69150.2666198945,25634.573421108,14886.1249644891,37640.1910282201,14171.8504566617,68901.4782811545,28695.2684228351,19707.080163823,39619.1825955549,35571.234240522,40388.2471028061,62414.6341777573,41152.3136756373,33265.7367953325,35373.8894375989,12817.9172872815
"Amide-Neg-000753","N-Formyl-L-Methionine","C6 H11 N O3 S",247865.038022317,439125.24411754,238276.680451855,419223.020087105,363916.831275176,304740.062989421,388816.039886481,492360.223887925,638850.478102937,473813.775404924,204510.634620365,225564.349421954,321172.898913194,696941.178876444,342754.87317651,338647.233957553,NA,425599.352138669,578606.151030471,NA,364427.628443662,281086.458358805,408795.727191184,435439.123482716
"C18-Pos-000591","N-Methyl-2-Phenylpropan-1-Amine","C10 H15 N",8780.13220293791,835552.24171708,NA,7595.29795985939,6051.02358134231,NA,5829.95690222193,5811429.68987898,3709.1484125644,NA,28730551.1032397,5214.29985630256,5348.94016395496,NA,NA,7259.64071004179,NA,4364.89415005328,8224626.11485766,15326.7753354629,NA,6122.49521102637,NA,NA
"Amide-Pos-000715","N-Methyl-D-Glucamine","C7 H17 N O5",864365.516810649,38755.8539405585,9548.40751207722,NA,NA,2200639.97297962,2211791.48991724,NA,NA,NA,NA,NA,3538.78191211669,NA,716101.795547163,1513736.44761836,NA,1657067.11931406,2893.89757348598,NA,NA,NA,330567.072518366,2153270.51196598
"C18-Pos-000219","N-Methylcyclohexylamine","C7 H15 N",19469.0777219267,80939.0173012342,46795.9275126572,25243.2475509367,41192.4816627283,44347.7299950786,66734.4642369096,10158.2088414093,69746.4962278661,37596.4400361931,31005.1672356226,30374.4174285885,17943.4704053879,32884.8636813479,20325.2048385604,17961.7512206035,12685.5888791753,35035.3580499006,34203.5310912041,2382.94843663138,15569.8307515287,14879.1535716879,30710.694042491,15714.7159658069
"C8-Pos-004641","N-Nervonoyl-D-Erythro-Sphingosylphosphorylcholine","C47 H93 N2 O6 P",171995.454381171,1188682.62821078,180636.576838234,109145.8626892,118246.934114842,567527.764294747,228597.20232217,201841.526754124,373684.223276734,202905.861174222,1305247.70514464,876433.159288454,155385.015975656,568538.611748373,396045.193150327,224722.499635798,777793.031016197,965442.106194678,1128917.10779435,670146.600445631,1729075.95552692,452497.143647861,1439582.28406403,465956.14335203
"C18-Pos-001733","N2-Methylguanosine","C11 H15 N5 O5",586427.252811351,NA,NA,250316.505163109,548875.205447753,587148.124154074,429614.41887742,621092.425007196,1141066.38251597,719141.611448347,1038273.83454861,370989.706800077,8901.43233818083,NA,543848.145569846,NA,NA,590895.973819465,NA,NA,NA,NA,NA,526836.500901326
"Amide-Neg-000749","N2-[5-Phenyl-4-(Trifluoromethyl)-1,3-Thiazol-2-Yl]Thiophene-2-Carboxamide","C15 H9 F3 N2 O S2",122248.143702327,270468.559084363,92509.2573934941,4050.23101971622,96745.1550042661,59611.0028026561,173945.702292645,192030.374481589,25862.0980254066,79336.1745257512,23169.8996976555,237612.566543825,77872.9670653604,343978.889326019,214970.467442435,170291.283237453,288722.901221419,509693.295939213,589529.115601888,284143.271352331,222424.858971846,334180.646218721,614869.955662893,480942.022993893
"Amide-Pos-000747","N3,N4-Dimethyl-L-Arginine","C8 H18 N4 O2",8675522.3685178,5162069.40962748,6030871.8644927,8211207.40034389,8026948.1141771,4507568.26046738,767339.605192085,4366758.66636063,9630780.02230214,11600010.5880132,11899200.7852647,5366845.99622541,5207467.81908174,6580001.0719061,10291364.0348823,7686015.36516465,8455500.06090165,8370374.19113569,4220457.58258192,10260009.3121961,9470063.86932299,8202558.31252038,6627604.14793902,6938140.5750183
"Amide-Pos-000686","N6,N6,N6-Trimethyl-L-Lysine","C9 H20 N2 O2",2021478.65853354,1478449.03481818,895900.377749418,2179210.84283426,1158337.43840767,921532.265872745,NA,1291714.02069973,1659386.72456281,1659489.14955114,1767262.31226385,589388.773558688,NA,1096630.79611707,1068005.73405748,1501420.38264963,1269614.77336218,1458713.04710402,981401.532248339,1470522.33165691,1494541.30927054,1067902.20851982,1019501.91440395,NA
"C18-Pos-002703","N6-Succinyladenosine; Lc-Tdda; Ce10","C14 H17 N5 O8",NA,2519751.73875411,NA,NA,NA,1403815.17388805,NA,NA,6541482.73277885,NA,4359162.70309069,NA,NA,2181517.09706193,3289181.13027768,2583097.6912385,NA,1651102.68283901,NA,1936699.22219391,3896519.50221363,1741043.39493961,NA,3544338.84655334
"Amide-Pos-000661","N8-Acetylspermidine","C9 H21 N3 O",54728700.4563721,53453283.510462,NA,126098286.826107,42456047.2558204,NA,NA,40104720.866391,56533359.8264766,NA,NA,NA,52470830.9390948,NA,NA,66645053.1539844,77908862.7856505,71074564.140993,39791355.222393,102946125.479993,60896111.8170692,NA,75606718.5102228,64445170.5609429
"Amide-Pos-000682","Ne,Ne,Ne-Trimethyllysine","C9 H20 N2 O2",1897033.7208134,1691497.36428472,996756.339880538,1674125.36326782,1230827.62355102,973366.850739521,1588493.35026461,378043.640747343,466954.495626455,1818282.1073519,1940297.64159376,742404.079088194,2389155.21809919,2424942.29765048,1109623.12120022,1243599.80127533,1144320.50961569,929512.362496898,825790.328386222,1559989.78643228,769647.083917993,946413.846693288,867660.371923303,2978420.25073864
"C8-Pos-003179","Nervonic Ceramide","C42 H81 N O3",NA,230503.118961708,NA,NA,NA,274434.258733385,44641.2665110285,52532.720966132,41938.6643944712,NA,122311.317240137,123017.878394374,NA,97951.448912135,44155.6127752514,29399.501128447,163983.34866289,114409.189324584,205351.817835616,87227.0512574628,328776.111380955,79749.5523434721,329117.749210551,66368.3975382681
"C18-Pos-000286","Nicotinamide","C6 H6 N2 O",49065029.6338338,9075258.51235233,NA,26172023.4924853,40138104.6300073,33276649.3875379,NA,NA,59197858.3334005,NA,30778155.8685577,NA,NA,34589778.9675377,NA,36002604.8039996,41517010.8247096,54392796.2102749,98776765.6900488,NA,NA,35507996.0797631,NA,42129226.8286983
"Amide-Pos-001381","O-Dodecanoylcarnitine","C19 H37 N O4",42743.2145280608,102183.060276098,129264.910988861,NA,43257.7772700586,60905.652644429,91291.5116474374,NA,NA,65732.4441287075,7545.22267879488,NA,40579.4246266089,27726.2977790527,37484.7002946868,40206.2937433153,104083.607751424,92020.612021145,169823.31945053,91052.9418069692,39615.9172743604,52602.5944154259,155834.053928742,74587.2607241159
"Amide-Neg-000449","O-Phosphocolamine","C2 H8 N O4 P",35160474.02961,46974288.7919795,32112292.1034332,41386417.1054178,45908420.3910248,49552789.835592,40584438.5981478,49621361.8463822,49258983.8229629,49961005.9023827,27821072.5750607,26932082.6868631,34988229.2557732,51568428.6240561,46208639.4107603,27890919.9458164,44534002.9524498,49060648.977718,76703519.897707,51351481.2302208,39702135.3258115,37395647.0064954,43378895.3018524,41439245.2092408
"C8-Neg-002832","Oahfa(15:1_25:3)","C40 H70 O4",185575.443516591,296589.014296317,156403.267041435,222336.898799686,313400.20299969,145316.56892184,268901.317198942,202133.993545281,483004.962617133,87893.0611104388,247481.628926374,174619.408608385,271131.428752761,86453.2856132656,84630.4085363932,239068.422956047,207056.347597764,25867.5261627875,270417.704298603,234371.769206933,276702.383889763,114653.561794594,263814.023714859,NA
"C8-Neg-002972","Oahfa(15:1_27:4)","C42 H72 O4",54381.9400891573,90168.7337622003,136579.885769734,162491.639865969,143009.392590581,172713.387246544,61385.2989207234,60755.9581651651,205869.265541811,193618.689317187,213755.949798612,197428.67282542,NA,174916.546085284,174183.457658827,184131.558493292,145639.529133672,136203.392409871,63669.1122669273,295020.24974073,80895.3937719665,213050.176643913,38580.9945924214,198329.610887201
"C8-Pos-000696","Octabenzone","C21 H26 O3",151320.837687513,125048.255911261,178071.99772055,81128.4873020653,141900.978980398,145785.25011268,NA,77634.353818248,27573.4334118807,183586.438194244,79978.3695390117,96578.8692824779,106283.533619868,118273.381661194,46904.4574097793,127814.432873279,161443.706142003,149010.786449978,122350.092950063,124140.953037781,NA,115065.863660118,142536.521251542,142905.236697705
"C8-Pos-002408","Octadecyl 3-(3,5-Di-Tert-Butyl-4-Hydroxyphenyl)Propionate","C35 H62 O3",57455434.2398356,46961467.6757446,52341410.6467611,49424699.4409952,46682535.17648,51825536.6004684,51263420.8621486,51013738.0292124,59096878.7068904,53673325.964385,53446870.1043602,50049644.3447351,54954224.0002913,51538872.7337795,60864895.9899199,55162843.8891384,56749152.8982947,45028935.8311076,30597229.4743508,52283137.7392375,52064410.0067729,60033783.8004369,42402774.6966749,52287828.3028058
"C18-Neg-000283","Octanedioic Acid","C8 H14 O4",370975.168972541,148974.437197624,260608.815444684,216601.29583861,193937.711282863,224923.27964646,240095.532711319,237343.016273648,NA,149502.752875945,236940.37231877,181426.033308259,297450.792841804,212110.673076674,255513.017828073,185133.926710908,172022.136505709,137548.29224762,NA,165598.976465017,158929.334009957,153609.951516362,186592.672881048,194604.326910356
"C18-Pos-001599","Oleamide","C18 H35 N O",194269.27592261,198267.85784963,174389.645459196,182115.056699144,202603.439226629,160205.766421738,182481.538692715,166632.873840576,196276.446878252,190902.183576553,221694.614110007,179388.858014857,205168.435573975,193886.499113672,167045.266292259,192781.337300064,181693.475318318,175347.09597519,186056.235708917,182517.306340683,223350.135807677,205141.618287356,185062.872434172,190609.80996947
"C8-Pos-000689","Oleoyl Ethanolamide","C20 H39 N O2",1657581.25786056,2440009.33965815,2044217.56137671,4690895.82207097,3632681.16414669,2832138.87455382,1932929.6567795,3913293.64008618,4665274.08649207,2420818.57006318,5021279.01895652,3144808.70308469,3074735.1404417,3050509.35174038,1915451.40641805,2320753.08336065,3238879.31880562,1723700.88168299,4876864.40850011,3523628.87640012,3026053.53478174,1876135.74053972,3357036.6712927,1862154.30147703
"C18-Pos-003241","Oleoyl-L-Carnitine","C25 H47 N O4",54496.5219657943,171951.285114333,169465.139596702,98431.537961449,118032.901909123,343852.320745512,101750.501775257,364460.153410807,86931.7629286954,106103.978437106,109993.264628741,156688.245620718,81872.0740802096,234638.132454387,285702.505254635,50679.4818839815,105291.978200377,155200.461583229,620248.22085114,192821.778349046,165018.651734896,80866.7067207015,296994.395582035,99070.6674829755
"Amide-Pos-001163","Ophthalmate","C11 H19 N3 O6",1161584.01720996,2564448.75306698,628272.7110011,1156491.42835327,587592.026781345,491905.908123223,733769.873422326,34300.1174188259,1575972.70230318,298277.78638148,563311.113539882,31684.1054998713,496278.257368117,1029169.71957816,717908.809992472,1209370.93074296,584838.648126802,812630.104236377,633855.227711149,871268.280988968,597159.624729767,642717.258955467,597294.680661502,1117069.14323482
"C8-Pos-004019","Pa(18:1_20:0)","C41 H79 O8 P",748684.982621321,525625.361444074,62838.9445551212,NA,578240.636961936,NA,865723.444136439,NA,NA,38038.159700768,478692.538526452,882951.68083927,631661.674522655,441380.497929654,406233.022840424,161395.678055989,1219228.39074395,168532.19698358,NA,NA,179795.70311448,406609.699433701,67889.9521548906,NA
"C8-Neg-003516","Pa(29:1_20:6)","C52 H89 O8 P",877706.577359768,699054.699365118,484461.880921622,677823.184790574,742605.347305629,683462.958222693,740863.868227237,871732.847522352,816511.699346785,129415.500459508,971757.225603007,902033.051449819,683595.879224658,861420.217123551,876969.03292021,641692.026552662,800622.531717211,562533.855029736,793106.622827911,822204.442459437,910608.955195633,720805.188605947,655326.110734224,712489.536322461
"C8-Pos-000342","Palmitic Acid","C16 H32 O2",12969537.6054646,13412004.2307446,15044303.0735198,13725462.409141,15406997.6978385,12418983.8136976,13171842.140593,11595312.0071961,12926139.0814175,11714114.1973664,12228927.6086259,13293133.1387611,11071472.9024836,12394683.3280036,13705711.1079933,12381844.1272966,9158123.42483632,9420940.91830588,7488822.2631262,8106555.49056202,9917764.11337099,9312572.62436467,9126512.79352961,9531864.20065289
"C8-Pos-000148","Palmitoleic Acid","C16 H30 O2",2589881.70630303,2644026.33339823,2752156.473772,2825741.21401295,3188100.67396841,2686364.99607286,2743312.28947349,2782348.16544296,2533229.46944192,2623955.58113079,2739350.46847286,2683737.90705742,2615426.23572083,2724478.16749065,2342307.6072516,2518627.45359665,2560861.08299807,2806375.45280195,1790824.40859853,2466858.00815298,2829352.18564709,2359081.99844155,2369656.44509738,2664079.12214143
"C8-Pos-000497","Palmitoyl Ethanolamide","C18 H37 N O2",2273345.06700585,3937395.27477648,3790422.99530473,3857684.12486776,3768103.92742393,4461486.1798159,3604770.51733519,3749319.01091841,4438345.37546772,2834890.09992292,3066955.03564762,3624722.18964409,2848377.31339122,3016113.03610818,3686352.0511027,2705386.81121173,3568089.76849725,3058549.9899396,7154051.01483408,3382337.74047458,4173379.41850548,2763198.9919592,4515278.71030299,3102351.06563658
"C8-Pos-003642","Palmitoyl Sphingomyelin","C39 H79 N2 O6 P",9022731.85415606,17942168.3685191,12066549.8587346,8445892.72154565,9780546.87123021,11682332.3561346,12264541.4729609,14851462.5732708,10042417.1482878,9553444.24306215,22408946.8163185,21151824.575096,8865461.36929786,18770835.4054786,17147804.7474967,10540194.6431704,13626010.2072675,17704879.98912,19673269.3054755,14464231.8787199,22943449.9505932,9104147.91222376,23580192.9765254,13180069.3832267
"C8-Pos-001332","Palmitoylcarnitine","C23 H45 N O4",10608260.9106455,17925264.7793379,18953060.4985646,12719622.088004,14545993.638921,29889339.0619815,16675919.4444818,26269112.9838817,13600169.294841,13291208.48942,16583874.9943414,20669306.6355435,9990672.36910023,15380407.8745928,36668012.2672166,9635509.65625392,13632108.8433735,15539516.9698706,29981304.2808944,26137828.1592131,20523237.6692029,13929724.1502229,19298605.8532298,12279909.1314016
"C8-Pos-003874","Pc 16:0_16:1","C40 H78 N O8 P",46033.6540390773,325627.830283068,23358.1579942221,NA,22187.8618253191,29553.5135040705,58535.0424217138,24561.96806449,65967.2316879238,NA,46536.58938105,10460.9227428029,60930.124405356,NA,NA,46285.7873264854,NA,452969.067325571,NA,NA,NA,38557.095870676,NA,NA
"C8-Pos-004446","Pc 38:4","C46 H84 N O8 P",25880613.6154174,25813666.3884537,26617900.4103432,23680589.0093736,25543999.0807275,25538618.3623609,24999244.7765618,23188021.8200304,28073651.1276187,22701627.9620103,21437723.1788464,23039357.1272268,25680445.2316703,21633955.76514,23778174.5062147,22681160.4982547,22247259.314873,21214190.7380903,24591597.3229873,20174740.5783783,20261797.9489952,23010067.196354,22804370.3936069,21543515.6112182
"C8-Pos-004947","Pc O-42:6","C50 H90 N O7 P",190954.952464738,251899.647383323,131465.619525574,175919.997380111,124235.34163669,356979.944503804,208066.822883315,497191.893647239,238866.256866416,236780.528365247,478214.389727684,507267.530549637,137632.030629802,271700.502443848,391932.732567293,124635.548902455,308392.979872166,279929.266880779,251572.892765423,304815.344733749,501449.164674045,249897.24224944,335817.246595215,205295.170949617
"C8-Pos-005152","Pc(10:0cooh_30:8)","C48 H78 N O10 P",1715622.7553078,51202.8592704379,NA,57695.5858464066,NA,215606.720737505,118067.401443916,NA,NA,382017.821286669,1412140.24992176,NA,2133900.59384217,521707.725230375,122015.02040213,2334736.2215397,212230.731660313,NA,250744.038246849,NA,19573.1067743448,758442.746952344,22185.3995034792,95918.177139043
"C8-Pos-005020","Pc(11:1_29:4)","C48 H86 N O8 P",3400148.58614789,6480676.56519873,6402686.65366681,5667234.85354271,6676279.59413007,NA,4961587.20417523,3113566.78076792,4726471.37133199,2855313.0980247,3193386.30891203,NA,5016618.58878389,NA,5687604.00126532,2354270.99303666,2591811.6100248,2770461.39045583,3914718.16174535,NA,3563095.99416842,2909858.44875313,NA,NA
"C8-Pos-002985","Pc(11:2cho_11:2)","C30 H50 N O9 P",216116.441796142,NA,226625.34101474,97743.8891825684,49861.7109473369,114337.55002181,214872.924659562,136050.884401622,354453.526295547,233419.852327724,185005.111459636,214444.592379947,228127.559813563,181211.351050962,141748.214531066,253394.134296048,255648.340166478,293836.803545864,313459.276402415,271288.715691503,200470.918439114,240755.487070222,229049.2194199,301548.09371484
"C8-Neg-003585","Pc(12:1_28:3)","C48 H88 N O8 P",921299.443632283,769178.072628923,665406.528764139,585908.827656579,847790.334187901,842156.825359761,759153.857159617,916596.865096451,1027585.76633972,661742.639305197,863103.145632625,1199077.93164694,816663.084336207,805644.55758845,895410.78756332,634902.989984256,665371.477910282,426398.822709467,1046699.54020181,903332.565951425,868933.569874129,822595.828377876,753741.966805279,641814.538264587
"C8-Neg-002453","Pc(14:0_4:1cho)","C26 H48 N O9 P",108269.206646951,118575.148772913,128591.129189697,119887.361139113,128991.965286156,32959.234191857,91222.3754961753,36088.5637337183,131244.256751084,64978.4602168627,59573.1251348424,71075.2294485392,80315.3371698293,31681.7176011397,63312.7623084966,87984.1254884428,83079.4281475358,60146.9617349314,78837.1397201079,69450.7024735256,57398.4962194687,69500.3372158921,59540.3742420856,97407.5144675925
"C8-Pos-004855","Pc(14:1_25:7)","C47 H78 N O8 P",1135259.49896573,1020140.71480731,599975.767930785,352607.61985154,1236536.47913693,197708.783011568,1316194.87443421,422319.121411234,306299.935943395,434546.478780972,715499.773633481,1495570.0319812,1366949.21405253,1020060.58793699,455498.949131115,748247.673273902,1586632.27268328,605879.961050569,305638.693338563,398018.000909127,801429.116104162,1063166.65577624,634579.648382804,891506.21413003
"C8-Pos-005214","Pc(14:1_28:3)","C50 H92 N O8 P",1174962.98899376,953340.718539797,614267.463459196,1340756.89254487,746210.752330784,903040.207929364,623780.560173558,1569853.76464009,1004825.85985837,965202.976344644,99418.4275499991,813054.46405005,1158926.01526147,1686364.12639449,1179380.44261236,962243.359749761,1260928.69436813,1215683.0167303,668778.676435411,1326305.75160666,1319625.14959438,1131119.65988841,1247544.9613724,1031114.4346629
"C8-Pos-004631","Pc(15:1cho_22:2)","C45 H82 N O9 P",273922.7740288,250480.156734922,292203.373732189,380806.865209069,412419.221867506,205226.386738919,350669.179189827,237345.771975672,137121.879322857,329520.9497544,481403.979705178,210443.145048112,190002.54347551,245116.433727379,315410.220155838,240653.565385312,283327.268421722,317155.426920822,128543.347686139,283486.385389506,315456.684941787,409864.430376427,321562.669178514,330401.45394559
"C8-Pos-005208","Pc(15:1cooh_27:7)","C50 H82 N O10 P",2592809.38966225,2619093.89545525,2268819.91523834,2230065.88233879,2162562.57096246,2910588.8878621,2163966.12426124,5049183.15286524,263093.305969849,6272494.8363776,6316786.06884207,7591315.771937,4347423.24366629,7831672.62740905,153785.744263536,4769480.81763992,4536182.69137264,4723476.86577174,296760.288841129,8158070.38584388,3484558.30971455,3179430.15600877,3514879.06718297,3455321.07782057
"C8-Pos-004614","Pc(15:2cho_22:2)","C45 H80 N O9 P",420514.719870222,386505.045245211,356391.362016994,488672.24946168,362751.481109314,241100.615731001,266293.152991091,303841.674674282,286766.114886643,386596.842784782,534336.474112867,156601.118173703,331550.059224293,289684.531095948,307289.588562055,451889.04653483,328894.636517468,529437.551150669,189470.466971357,393923.225783748,238613.691527952,609814.332959104,313638.664140343,451106.335477142
"C8-Pos-004775","Pc(16:0_22:6)","C46 H80 N O8 P",9705781.31534745,8701217.96811728,9496167.01611838,8702929.01893483,9617391.72802355,8342843.81654974,8341259.86772085,7548235.14859942,10345737.922195,5198623.09425888,6329015.94292352,6730057.69008088,8853097.86157202,6667148.34247594,9537022.03624315,7154211.15151769,8306059.47177939,7440977.74025358,6712627.71228274,5441943.61221115,7150076.66993185,9043826.33048595,7174317.15222946,7307877.04531047
"C8-Pos-004801","Pc(16:1cooh_23:3)","C47 H84 N O10 P",596846.948669827,187506.683011831,572295.552446232,412606.12204496,911594.645421668,815048.85411888,808086.94025755,6914367.38009745,2006148.6188308,565542.45875988,353526.019810033,1434347.06588268,273198.241725389,5593996.84122546,29053014.7044395,414708.52367587,751811.509413383,1621512.90718425,248959.523301547,622489.731340963,233665.081172383,618377.169070481,1529529.01926173,208434.83567753
"C8-Neg-003462","Pc(17:3_20:1)","C45 H82 N O8 P",162606.946944794,160404.014121381,136752.106823463,72310.7489983585,170325.256281991,169754.497242477,163768.594530794,149929.843346817,162470.175617997,65402.1882904109,146320.407984764,171152.400085194,162704.400988809,78506.8761090673,177155.925905655,140559.633297294,130784.639205785,117025.814199159,153762.220825413,151062.521043504,155997.647378995,NA,NA,119174.932931186
"C8-Pos-005012","Pc(17:4cooh_23:5)","C48 H76 N O10 P",7554464.95335751,8442895.47595967,14104002.152859,6832605.47542737,5402597.62345112,12225399.1259931,10017620.019118,15216708.62231,13529872.4571512,14488654.1575616,13708532.0237042,27094488.3713351,10784499.2413971,17502567.9301462,13380502.89499,12738163.2918677,15763793.2238152,13162642.0638644,20306511.0719135,22412769.801093,13259939.2097935,10415680.0923965,12274692.0402171,16067014.1442535
"C8-Pos-004302","Pc(18:1_16:2)","C42 H78 N O8 P",2940086.37938841,2520620.19212843,2491345.57285559,3273805.36529342,2661835.45975526,2042592.37554435,2371388.27179313,2262297.08635496,2950331.4379254,2308524.75972697,158036.147696036,NA,2616683.91052232,2807742.93255992,3704801.10877955,1941398.66168793,2432384.28542314,1815328.29998637,799928.304464385,5531896.68104569,2243838.21475589,2813752.56367717,2260414.25393035,1947790.70917412
"C8-Pos-004991","Pc(18:1_22:6)","C48 H82 N O8 P",5944639.49929499,5465619.04789204,5364190.02364911,6902448.99502597,6943207.65405174,6387592.55721912,6058268.29097786,5914804.66203501,6753926.94989125,3954625.76567347,4984502.79066495,5931672.14957493,6587591.17171988,5467437.62538035,6920170.32149687,4818665.74184298,6152498.96404145,4946653.53412681,3721114.16921597,4727951.3028407,5691438.28883344,6379641.44388781,5111550.41035343,5107781.76211544
"C8-Neg-002843","Pc(18:1_5:1cho)","C31 H56 N O9 P",67667.760236758,67034.305512157,74942.7493332408,76603.2599376964,74078.6221246627,33202.5975873509,71145.6416747775,43135.0799275794,169194.819165698,40755.2951293472,79110.7130992473,63458.579026629,54891.6556557459,38821.0004474689,59970.7747171465,53264.0618064267,74878.5724389303,57340.8111631174,99632.6567640508,86817.2992013485,68173.7489966739,54631.0105463832,64857.6324753103,55695.8708167076
"C8-Pos-005013","Pc(18:2_20:4cooh)","C46 H78 N O10 P",1130914.28068974,1006184.34476783,1413198.46034423,NA,690296.404025796,1004166.79477745,NA,1359218.3730885,1518827.94030807,1484396.91172968,1048754.73653543,2168813.85226903,1409023.01532953,1594265.65337337,1020443.49249821,1219597.20273141,1316364.19448618,1308647.96962537,1520910.16410128,1664472.76790819,1076167.75564977,1119389.96856642,1093922.88999838,1387201.52475499
"C8-Neg-003730","Pc(18:3cho_26:8)","C52 H80 N O9 P",114325.658945049,116721.530756014,120954.882487038,69655.5469766583,97492.6145127899,88432.360139321,89539.302114936,85518.9761054027,88879.1018802264,37446.043727686,61901.200754979,106778.149615771,91266.1893547931,66810.5285069701,97464.7698902043,93437.4834919634,82439.8041106835,59462.7255329901,53826.3459723137,73769.973308804,76786.5556384963,72046.2553748737,76750.7722004344,68656.9865135466
"C8-Pos-004340","Pc(19:1_15:0)","C42 H82 N O8 P",230827.581876176,194626.444306817,30190.9596675383,22971.3636616087,NA,83137.7964639298,32713.8808661259,68617.6410393651,302773.687387236,38080.0516234277,129931.840274893,NA,NA,50837.5728756231,NA,NA,26536.7209720643,11738401.7606735,NA,221855.948713472,NA,138697.724244864,117514.826606737,NA
"C8-Neg-003578","Pc(19:1cooh_23:3)","C50 H90 N O10 P",741203.768982402,678789.469694032,521591.511535286,440704.534897662,581752.499300796,479100.890295003,481154.710379966,670358.857784825,993475.460103115,496306.824113334,556561.433844093,574086.171354049,NA,NA,450429.335462018,NA,443692.907913269,1953629.8901253,587222.592404704,609060.87062229,415220.778636595,513622.757225044,434901.001828054,510991.559208307
"C8-Neg-003658","Pc(19:2cooh_21:6)","C48 H78 N O10 P",78856.5003519973,71062.5514958757,63359.2063238087,92443.4326614076,130155.125225434,58176.5627009156,28025.6207117991,60370.5616919472,136897.214452595,33120.1168325561,62824.9343102533,66392.0071785694,127257.520708977,30988.9930915081,24585.0023022164,62932.6742469075,84151.2822611368,59740.6352868959,53701.2945654778,57068.5881320749,71242.3790428262,72762.5780575806,60475.744326717,48202.8673021639
"C8-Pos-005546","Pc(19:4cho_29:7)","C56 H88 N O9 P",293747.023298125,326558.731909684,317248.692812645,313831.106614013,310147.167382797,285903.84051464,294288.035630552,298125.973257124,253418.874668812,248438.827984277,220818.047936264,283685.026249845,260488.220464645,243022.257243846,272224.482579906,287033.392804427,284896.521825176,288024.665475181,222602.070638306,258907.776900785,313679.835087691,276952.029984267,314631.381399776,322541.657487663
"C8-Neg-003610","Pc(19:5cooh_25:8)","C52 H76 N O10 P",450619.366069258,421494.443217288,309585.603067733,226448.52321898,191444.960496378,NA,NA,388527.931669902,452790.833360054,482473.443769334,227175.733713847,449910.257155849,346417.279482644,497879.735974855,NA,650241.769604056,261866.390200791,405049.370492436,522932.05364208,501556.227077155,215409.187603124,253155.03003197,257182.592659967,448037.223389185
"C8-Pos-004510","Pc(20:0_18:1)","C46 H90 N O8 P",189971.763191669,226027.722472498,102423.416529903,168205.280338501,117006.012697115,347466.649095354,107347.435128465,250748.075848965,249455.298896162,182665.041169642,545728.042630651,654396.359495524,160434.982995639,396112.942239844,191661.37229012,186422.844728692,452023.907798827,577288.11780776,646600.796577144,334275.990789921,765524.145697686,280714.364832772,594169.883724091,358292.673462737
"C8-Pos-005193","Pc(20:0_22:5)","C50 H90 N O8 P",210978.666892503,242547.708188096,304224.552450733,230817.648686923,NA,437149.507824364,89979.4070178026,580416.348037129,314154.757277228,NA,714158.787221477,NA,312922.754905628,NA,294587.40363266,390218.996822946,459936.645221589,341533.283783464,NA,551889.98082006,629948.737257704,535797.401736921,378867.466803124,NA
"C8-Neg-003571","Pc(20:2_21:4)","C49 H86 N O8 P",4017120.44503627,3547059.35474903,3044601.94748461,3091140.57027472,3857916.23802655,3322113.37262259,2922988.31381108,4093805.22136073,4615545.59026224,2848536.45735966,4023166.16229435,3461107.3398654,4044403.7984328,3476207.07858699,3474235.53665014,3307158.90366415,3574136.39234262,2698016.30456658,2983979.00689656,3723343.54007493,3667755.4425998,3726737.05108642,3153200.4347187,2814166.22827897
"C8-Neg-003470","Pc(20:2cho_22:5)","C50 H84 N O9 P",50180.4352182458,20791.7214105318,89309.3523000026,NA,68122.8386830846,77086.7581796011,NA,85461.7888077081,NA,NA,NA,47153.0219765035,69628.2885738508,43182.5039715974,118507.830368025,33871.9250410539,45358.8560567569,9337.76190619633,82439.4574596717,NA,NA,15253.4655558621,27807.3392248704,55300.0801004709
"C8-Neg-003713","Pc(20:3_25:5)","C53 H90 N O8 P",183381.395532799,193504.812694948,120973.471154158,102677.694648123,123868.542516831,129175.92887305,104012.000489149,236138.037781587,150945.09128577,80658.7324195842,140463.656408026,57796.2476387858,179291.329318674,125464.027451936,127010.544244988,98014.0578288529,72304.0255182658,69643.4720816773,48715.8883245537,167121.466623347,122005.169801377,108739.633387287,101053.544770323,89403.6982168879
"C8-Neg-003538","Pc(20:4cooh_23:6)","C51 H80 N O10 P",434627.691471103,434825.825278655,330756.647739714,300188.622943997,321658.294305619,658798.117595829,486031.322902825,735470.185439496,555993.36617676,623292.327440081,1148627.5214677,1066360.4339219,407909.981455092,653380.141391776,726895.764778513,467470.391664461,491877.799442444,413564.934667507,426582.281615173,895772.981794424,180734.201089882,504429.711550725,545832.496571698,499994.322836817
"C8-Neg-003644","Pc(21:1cooh_23:6)","C52 H88 N O10 P",551275.433313426,577939.216315482,515275.39497347,448705.4917745,633825.431961713,598586.577714288,606973.250457871,774242.299013451,472361.142533966,372863.996841422,597776.422922974,528662.099888365,592494.728417115,588371.287742951,640576.717489745,460175.069600511,446683.35137398,333823.948898663,364114.211064781,554338.746615039,698376.304206849,545627.857518117,574379.250475824,345139.049457275
"C8-Pos-004942","Pc(21:2cho_19:4)","C48 H82 N O9 P",283199.189880343,224786.706817903,170926.309267846,359694.753733842,202901.958527224,224025.105437135,159485.688524477,295063.674195113,162919.596977233,204888.803395834,365477.361944057,154669.075127284,200788.500134747,295466.736623065,331724.901142343,212760.690984845,283980.408984635,268085.980067343,75856.0437469877,233495.550291951,266880.292001016,303665.925015743,288043.920057943,208033.844440455
"C8-Pos-005692","Pc(22:3cho_27:6)","C57 H94 N O9 P",21152738.6009031,20534074.5607475,21449288.8783233,22191508.9405965,20099701.0347849,20184041.2315682,21030957.4953907,20393443.49673,20910035.1541147,18058006.1816226,19454740.8717354,21721862.1840121,19502647.2426163,21835522.0591529,18321363.3608408,19684170.2395645,21062481.9050197,18705494.9575482,12308192.2779554,19800421.3873618,19703644.2515908,17597330.1064562,17708521.5848228,20150059.5505247
"C8-Pos-005761","Pc(22:3cho_28:6)","C58 H96 N O9 P",75292.8384999719,55439.2759021023,110683.432130877,77399.5653883943,41572.1161603467,87237.7633318458,96547.8097310698,85609.8184868027,82252.4570317793,63951.8498283267,51743.5260687613,99228.7963440283,53190.2346646536,76103.4584931399,64212.3330961675,66421.7079132426,78530.5756404741,75856.3751588759,44832.1392473487,80028.7509608149,53277.6115960217,37781.0469542468,80688.3113085708,95674.3655902148
"C8-Pos-005561","Pc(22:5cooh_25:8)","C55 H82 N O10 P",23567.0595300357,41772.0299075826,36905.6474211307,36786.08713291,NA,34708.9114439063,29662.269369164,NA,37396.6510184852,37411.9028218768,38060.2339089907,26126.718104662,25632.9469376786,42276.7508655104,37481.1798795874,34529.9278518705,38554.1564991295,38753.5314469255,12416.129325082,28602.0386918179,28931.3182760566,25899.7824396188,26262.8896843716,36991.0919668226
"C8-Pos-004762","Pc(24:6_14:1)","C46 H78 N O8 P",NA,NA,NA,NA,NA,NA,22458.6307669018,377155.911577878,103347.710346367,139294.139214362,25000.0199856433,690745.02629114,120281.450452439,17635.3084469496,119830.516323046,NA,NA,NA,75035.662206936,28067.2862516945,68077.8212738868,NA,NA,NA
"C8-Pos-005464","Pc(26:6_21:6cho)","C55 H84 N O9 P",268802.947437882,257923.195063391,246726.202818325,279839.571640069,268921.648972808,253215.371888522,240837.056822739,251421.448697509,253924.713255831,237954.824946314,214447.626659784,235963.984333371,274018.399105044,243486.616071453,225854.389670441,245817.337224097,271698.445230525,254609.790066191,156507.117151913,246563.473471656,266637.97386195,255144.287113224,231292.469214675,260918.270962115
"C8-Neg-003407","Pc(27:6_8:1cooh)","C43 H70 N O10 P",120507.575212289,101596.945746357,NA,93928.0733187593,103832.349707978,54710.8774986556,55203.2150276426,65842.2988290341,68956.9207091755,93143.4326927462,110490.588416873,82200.3205178052,93335.405004341,66907.1937759446,NA,106849.833488858,77439.3638716349,66698.0555740451,122859.00159007,98875.3245770689,107501.831812214,118552.849264571,88944.8874922031,65754.3558492766
"C8-Pos-005741","Pc(28:1_21:0cooh)","C57 H110 N O10 P",1187215.81784892,1210554.36261733,689812.989668009,372335.452340164,1210885.92357301,461168.419920216,623421.853863137,771653.109238859,505596.918345006,603602.969949192,1291385.4007387,939713.477088435,1204399.34430843,1373543.92141269,1021256.5078469,983231.84813401,1778245.7691238,833516.573269752,664742.290674153,727873.10811624,436679.822694963,1114191.53636614,814888.569733216,700948.436558984
"C8-Pos-005016","Pc(28:6_10:0cooh)","C46 H78 N O10 P",703602.398871828,823460.497198665,1247465.0728,503303.415809594,492194.10511787,1417355.57951253,977246.412553807,1552865.73393112,1416028.4504085,1346851.38624067,1514774.34311585,1688070.06575005,1166325.48480585,1619927.19381728,1356951.40126365,1243243.4616086,1527078.47534167,1488307.99736295,1924540.99739796,2407290.12276362,1457154.40241059,1178194.21414572,1316904.09166111,1639330.89228232
"C8-Neg-003628","Pc(30:8_11:3cooh)","C49 H74 N O10 P",104201.356227389,105082.408329488,NA,105568.87515018,123424.405519253,76012.7508699023,56287.4573326506,71292.2604848508,78773.968941548,102641.560864463,91732.518959677,49474.0853259304,99832.6336136596,81075.438026944,NA,99036.6818941205,85760.0340348372,91380.1286983662,116945.203876506,84890.1726841677,106655.880688773,114436.410999195,99901.4767199495,58779.5709234927
"C8-Pos-004593","Pc(32:2_4:0)","C44 H84 N O8 P",2422725.9743587,NA,156638.559568385,885469.309881265,1807770.33689114,815708.472372098,81920.762965823,NA,251301.32328404,51727.6308446288,NA,178310.802874844,NA,155842.067669513,NA,NA,NA,NA,1051619.36489788,314039.115480336,859544.712266015,NA,749203.545442035,97273.8352201812
"C8-Pos-005755","Pc(36:6_13:4cooh)","C57 H92 N O10 P",179856.979577148,229394.093785841,189886.005308729,195892.383121942,185773.459912874,188776.662666295,177114.59707629,175115.620362197,190101.058896922,177519.118026284,167568.701184058,186700.90129177,165139.621095509,161468.683372533,158815.098946332,184348.636985269,175624.458284275,176124.329421947,124550.938813661,154223.966684768,189634.97288607,154069.140154895,154648.614299628,177231.833529581
"C8-Pos-003127","Pc(6:0_17:0cho)","C31 H60 N O9 P",619272.764846636,805795.394128399,487197.079185368,774839.68040983,772734.278131786,977442.127339277,836056.128463012,563861.811274271,1524790.05747357,1113221.6302313,880341.88671316,1159032.50670653,982440.832501053,860593.438642265,914319.568047329,569109.611259978,519107.504388497,869583.865164223,698780.747254549,781988.208066475,676450.676631921,733799.147484769,1005912.384373,843850.5431394
"C8-Pos-004874","Pc(6:0cooh_30:1)","C44 H84 N O10 P",95215.116426479,22958.8574837377,NA,NA,NA,2280413.73623919,1068278.69488031,255697.802136707,98893.3999655089,NA,27643.5444071164,NA,5758064.45116115,63760.3924408527,294990.541123016,NA,329005.808971788,22397.6569731797,NA,NA,NA,8407.80649325951,NA,52504.9855597183
"C8-Pos-004628","Pc(9:0_28:7)","C45 H76 N O8 P",4827012.74140993,3368577.75760657,4822877.8784271,2951033.43072862,3977365.31625692,3266445.92439279,3619489.99580712,2886096.19756406,2749905.84786261,1856370.75373312,1574270.49899098,2050511.70762037,3752690.53021862,1807796.27521284,3570463.73299694,3274351.57999404,2903094.41662597,3123403.98248977,3297536.50315459,2403108.15704034,3125850.77347314,3885940.53953114,2867367.11459477,3259332.21965624
"C8-Pos-004612","Pc(9:0cho_26:1)","C43 H82 N O9 P",878367.013381011,255851.778117062,764991.799899391,636805.41658769,1527065.83429599,1302774.34448597,1325465.43885494,12226657.3009004,3647752.75264389,885182.990681125,553616.858982584,2409571.68957747,475577.524052381,9570960.22303096,52567282.6427758,589435.059820173,1252047.21039184,2666240.82506711,361959.09400233,1002167.48570254,382283.036660517,1003389.68071778,2466622.24812495,301577.452175097
"C8-Pos-003714","Pc(O-10:0_23:2)","C41 H80 N O7 P",5838823.56269635,2972385.24204518,2558991.07212555,2549458.01016746,2368310.98794185,2736826.14342914,2474280.03748728,2308858.19834333,2498560.02989745,2227071.83085419,2557961.44283085,2768519.84538942,2123227.96222853,2638748.24965386,2799207.28157493,2522152.27297244,2785064.93617975,2449747.80443452,2606933.42731127,2701151.36039672,2319186.92137644,2624998.16053734,2642168.11257011,2491629.35417328
"C8-Pos-003944","Pc(O-24:5_10:0)","C42 H76 N O7 P",358962.970859752,335128.479944926,512845.976407235,501683.344932271,592031.808944189,388255.761285762,694311.531671939,295417.546239449,595796.437051025,697682.346459404,545798.940578417,374005.786133148,511255.728837685,416782.540159931,339087.670726424,514475.470166599,355264.022011469,374070.736753692,590402.111937104,428104.651035238,551626.997447134,485202.501572013,488353.601320462,518198.760184545
"C8-Pos-004203","Pc(O-29:1_5:0)","C42 H84 N O7 P",2354766.27633296,2881046.94719231,3234646.91388802,2461448.37548055,2782652.76694179,4791703.36679778,3128867.741767,3189379.82104053,2960116.12246104,2610917.57038773,4649010.80060623,6617466.81861821,2757318.7489914,3641237.33036733,3410096.53169611,2663401.59438799,3755388.4311195,4387442.0093567,4622370.00268477,3694768.0415325,4783190.37480105,3883763.41192696,5724577.07912898,3421684.99663122
"C8-Pos-004445","Pc(P-12:1_26:4)","C46 H82 N O7 P",1076192.68645616,2675518.49302649,3477805.84508365,2148182.23258634,1055451.83669422,3736900.16322664,1180008.36404846,3363414.41595981,3219845.44027204,1977352.17663225,2392282.62378377,6090519.99360745,2768606.25073671,42624.0886214057,2697550.57856628,3061265.48018156,3249550.27257399,2849586.56688141,3389709.91258297,3851926.01135054,2992392.31857448,2609431.45170209,3488534.80078158,450905.479916334
"C8-Pos-003759","Pe 16:0_18:1","C39 H76 N O8 P",7758600.1466254,7481067.11415342,7854794.18752524,6199414.86562797,7202661.26459053,9234643.85323888,6605440.83487655,6638456.95490152,5045577.27979981,5653037.19295274,9636970.21364397,8800857.52868018,6613211.32511018,8244236.78448433,8102153.00551753,7133212.66700785,9075328.79008513,10873554.7461739,8874918.30464184,7475926.82791659,13183050.0291905,8194852.81688661,11983371.7660953,10371565.5787668
"C8-Pos-004173","Pe 16:0_22:5","C43 H76 N O8 P",55141894.8291818,46886806.9024413,59665662.4361618,52119959.9786498,56543372.5694339,48001404.199144,56604897.1860383,41803360.9015777,35781681.2394297,44109777.9157815,40326894.6723256,31450210.4132946,46204306.4283965,38362838.1529855,55209423.1528614,52909485.0247082,47873123.3412506,46620392.6113662,37760796.9224837,39290990.2746517,49983327.2385493,55314079.438385,42200857.1057491,62701583.1855116
"C8-Pos-003535","Pe 16:1_16:1","C37 H70 N O8 P",758772.275877682,618673.344164632,803881.938141403,580170.147936972,828962.719773513,708756.57042366,677464.868494743,583344.315387615,592480.101704909,662732.699434393,846877.865605908,703594.915133441,726082.180009079,774332.062633973,964065.472115648,613361.032533731,876102.855269758,800515.374675097,665488.125354491,494760.431606972,1001472.31194386,909027.686845231,987084.232873627,740817.545835541
"C8-Pos-004731","Pe 18:0_24:5","C47 H84 N O8 P",1230027.45086497,984008.37017924,601190.073832014,581841.99890726,1106463.25976437,1019378.86037079,543833.837023621,429667.609093112,839166.192937469,640155.495386446,759130.498165088,906264.829654064,1310333.5361193,847198.659079129,850298.679195376,1271007.13678413,830339.00385853,1259744.3334754,1879499.11078721,1017430.86418665,1079184.02471537,1705194.10898761,978657.675848041,1104925.22411795
"C8-Pos-004303","Pe 20:2_20:2","C45 H82 N O8 P",13683552.9942381,13651444.8740406,16746965.887913,11149011.3506049,20003780.2525446,17165162.3776745,18600608.8738553,13678309.9827463,11767039.1855646,13997442.1194124,15714181.6258705,22606756.1655847,15527908.622611,13670117.9884611,13503463.1604004,16456503.1311159,14267197.8917306,18935670.0118607,22410761.2429332,13330912.4676597,23653748.8422244,18217905.4379425,21730784.5664496,18732510.2063898
"C8-Pos-004750","Pe 21:2_21:2","C47 H86 N O8 P",NA,NA,72779.2273993225,NA,43741.1669458174,88198.5545306983,48124.9118488415,NA,96757.8189111792,70518.0691423709,97316.3423429221,58103.403704239,115976.427172045,23756.3409696088,NA,127178.612165351,200743.461742139,314954.608885201,310289.625321573,87640.2886952144,175335.839186053,186776.431173105,210826.261050424,276899.895415952
"C8-Pos-004870","Pe(15:0_27:7)","C47 H80 N O8 P",3332173.90678526,2679607.58818102,3856183.12774119,2931364.17943388,4102587.50263205,2834667.59852446,3561727.45743285,3746701.48302367,2281706.9848085,NA,925943.495693704,3086696.31492826,4188977.48306915,2230279.66185138,3548226.98374668,2802178.60483631,1990685.61662135,2260345.70677545,1667908.2130081,2975862.83638283,2353420.73841998,2758315.81725251,2217054.73976618,2119686.59085061
"C8-Pos-003942","Pe(16:1_20:4)","C41 H72 N O8 P",NA,4802308.29616372,5448476.05600002,NA,5146141.29042004,NA,5888322.78143596,4243915.21467435,3282107.05734179,3817623.46490171,NA,NA,4427734.77548193,3494714.11432113,NA,4836813.88016598,4658342.70606233,NA,3469637.09144626,NA,4930908.41235598,NA,4051145.82875981,5288530.93912516
"C8-Pos-004333","Pe(17:5cho_22:6)","C44 H64 N O9 P",338774.518433267,335917.944448094,277175.977901519,291587.528895945,344280.82891951,214328.015641806,264645.858130282,320995.167004639,263343.028654321,267684.632038971,286404.616201943,323314.441802124,281709.349156084,278118.794551539,307508.466024147,154918.908950509,266750.933268101,222576.960999835,169128.295079227,157044.877747777,274761.419089192,298523.419635448,288454.038793375,191154.072142194
"C8-Pos-004202","Pe(18:0_20:4)","C43 H78 N O8 P",64151473.5239513,60760014.1461737,72432117.088307,55435887.4636476,77533770.8560564,61539043.1770378,75421207.1161336,50336961.6209107,51999112.9504292,63784928.3117615,60758356.9203162,63915162.4307189,65595396.5890124,52849552.5614625,60131997.6325987,70675423.7836683,63026589.1244454,69128311.0800586,67317525.6638466,55491778.6489639,75045390.6569511,67995009.9480128,65361335.67695,79820584.7457772
"Amide-Pos-002316","Pe(18:0_22:6)","C45 H78 N O8 P",398354.677414477,590507.441504533,168344.740559254,519106.647477454,222230.292051954,324474.548808904,247132.407960285,255922.931629361,337970.639819224,74317.13194031,167730.374511201,11760.5387949752,NA,146706.911480017,6793.80934227286,42613.5300518791,81202.6426129399,306750.979122312,1592828.69588796,NA,9754.74057815158,96729.5080415279,311765.718426195,25817.7408760137
"C8-Neg-003487","Pe(19:1cooh_24:4)","C48 H84 N O10 P",9558797.144389,7896076.50231595,8027429.96555888,7273229.79721161,9234580.13932477,8094379.62012112,7716835.50614124,7947527.54049501,10268971.7831683,5538710.58522103,7584901.75919789,8781447.98361145,9040513.9806236,7557952.67603627,8580556.43481135,8043432.46370923,8871643.95994847,7416391.5474102,9613927.97217756,8060136.68510536,8925197.91677853,8951599.98649191,8299395.82030647,6378577.87823593
"C8-Neg-003656","Pe(19:1cooh_28:3)","C52 H94 N O10 P",141253.622721066,82711.6548941227,40945.2349395601,86818.1576469303,NA,NA,NA,127555.953789149,95386.2991081986,51698.64418348,187914.216415627,127825.198124357,84443.1096617533,NA,NA,129107.378643024,NA,27808.0129407548,159604.194753921,124858.716161159,100078.236777748,103338.380294705,63070.9512314635,151952.148539083
"C8-Pos-004114","Pe(19:4_19:4)","C43 H70 N O8 P",282008.934028022,353010.412027654,451587.118629308,283216.088576779,433425.74290298,365669.09869118,392519.296993811,466832.487614067,321573.151917534,160857.485767546,129856.031228952,446748.009640167,399449.585235439,311329.188616871,624877.874287018,214689.097984821,389211.858098334,398578.640675144,173174.03302669,178743.452145281,364271.483025938,455667.99753092,384937.664348949,318001.12680265
"C8-Pos-004871","Pe(20:5_22:2)","C47 H80 N O8 P",230704.790635288,317480.027671797,368649.664059996,335787.326167721,99904.8558190605,869632.131324379,213896.880208198,535642.597745573,405399.286151204,1114610.8517772,2513546.89280179,3086696.31492826,4188977.48306915,457018.354096175,953596.161493883,NA,570163.661801985,229740.743078325,1667908.2130081,NA,365696.405238959,318435.079753456,442413.575961514,583829.140146501
"C8-Pos-004916","Pe(21:0_21:5)","C47 H84 N O8 P",990390.679314348,1026319.17998633,1095083.48077575,895787.74660692,1109774.36783957,814932.347340467,1075665.24155379,1006244.52536767,698467.135073996,790115.407095731,843293.620630047,674827.39271037,1017357.26954358,603283.779886836,806752.20648638,907487.549385684,625986.82114593,696328.324971584,567392.31444798,785827.490315581,860980.289775112,921351.985052143,710169.7432648,1129037.29514715
"C8-Pos-005313","Pe(21:4cooh_24:6)","C50 H78 N O10 P",83859.9462931026,90210.6820646542,230375.970834884,115146.566487254,79442.3939115313,212315.158250931,239730.548160265,302052.973223359,193129.907373884,114065.31108153,82485.9944181566,23858.1844439339,23415.2755294097,35286.089740173,271814.054190679,211430.483903514,154577.32217374,121467.78124773,256249.789853334,343156.095837984,118392.828597045,153499.663335449,236109.660663144,316710.389533184
"C8-Pos-005188","Pe(22:2_21:4cooh)","C48 H82 N O10 P",3197446.51978918,4779210.01824232,3046231.16432332,3323121.54162483,2606535.29688724,3880007.12579371,3634241.94520024,5549023.35187636,4243359.45455266,7021241.73925037,4661807.73688755,7045070.49717299,3626283.03600156,7488110.19373305,543366.65531472,551213.401210502,5590734.03116899,5537446.1881738,4199444.82092413,9297250.50099868,4400417.24309954,5675072.90451038,340139.92913167,6449148.81767031
"C8-Neg-003594","Pe(22:3_26:5)","C53 H90 N O8 P",39402.2206092332,40386.3204720444,86030.445545501,30717.8503593444,95316.725994858,107948.077807742,124989.38072391,96351.6182560793,NA,125662.105599585,25170.1082625167,NA,NA,132455.262291967,NA,114574.076487816,NA,NA,NA,NA,26632.9380390145,NA,57726.5372920898,136587.580989236
"C8-Pos-005302","Pe(26:4_19:6cooh)","C50 H78 N O10 P",1396356.92656124,187384.878087378,73005.7442517021,2383526.82372765,854409.315200584,NA,112145.205122495,2241038.89595842,435030.215003887,1955870.69996842,1165734.08593571,NA,1299523.37338517,1232265.91906539,58790.7893642956,2610326.90677542,NA,611216.312193042,21089.2414433733,1894867.51315386,190247.541566779,2003649.65110347,975022.421414646,229192.644755508
"C8-Pos-002819","Pe(7:0_16:0cho)","C28 H54 N O9 P",549584.437002947,750716.494962512,555372.140181473,916615.810827041,638860.267626591,676492.281334616,675361.763908601,548958.2754286,1227533.0579469,951820.6732541,702749.121103096,603533.1759421,701800.154610394,486706.336797905,573751.528511193,716720.476149311,612167.67416594,664939.268117001,649164.710932571,535477.533797363,659090.942662685,597131.902423835,743158.724821631,528292.737997485
"C8-Pos-001872","Pe(O-10:0_6:0)","C21 H44 N O7 P",802723.984530584,1369436.35629072,750668.614351095,766816.14425459,684337.708451274,437337.734719148,412210.243804367,309130.816567058,NA,648543.731275785,983062.517408665,382306.569406954,468434.534099243,NA,423852.177075873,636370.431735418,170290.773045058,246237.783831684,191441.67853689,266063.895640863,606032.009150091,301629.102333253,NA,403016.469056469
"C8-Pos-005110","Pe(O-14:0_32:0)","C51 H104 N O7 P",34847.1672788321,37802.5283755852,42918.5261260541,32544.0781711749,34788.8514240801,43302.4119062218,24892.1500495391,35238.0833345696,39422.0795687403,52967.2590218068,54335.5461108083,53501.0974300236,35950.1582089291,52063.0099731673,31539.7086013342,54206.7011749096,42349.4997568068,34993.0029570131,54389.1995559645,41231.3894719929,48952.447856335,NA,NA,41440.1305596509
"C8-Pos-004273","Pe(O-16:2_22:3)","C43 H78 N O7 P",3188619.21332818,3331612.18436947,5048221.84842346,2667743.72513787,4510531.31684872,4366523.42415523,4195252.34318055,3350193.91091549,2428064.11916004,3265841.42537641,3051068.81032736,3782363.76082759,3013024.10928214,2946804.12664343,3664550.34270446,4144046.31647176,3073705.13202821,3673645.75922895,3571822.52818693,2935762.01896698,4813524.83739522,4173227.55950099,4311783.25568568,3992370.47119717
"C8-Pos-004072","Pe(O-17:3_21:1)","C43 H80 N O7 P",414301.221000992,1455323.46930432,1124027.40646968,1842193.3219924,1362998.57106014,2524798.19460159,3249562.54805699,1796467.43517943,1328582.79843622,2058759.23375336,2690971.2624232,3028263.33208648,1356117.27421512,2749649.6991355,2883142.3922771,1839755.20305543,2605232.72413715,4276610.13606253,4912177.30031822,1539744.07844552,3382675.34521512,2633627.725117,1755425.23615922,3462391.25605281
"C8-Pos-004759","Pe(O-20:1_22:6)","C47 H82 N O7 P",90183.2830735035,39827.1673061488,146707.476744015,60224.8797231297,NA,119209.587310887,129330.425995808,147154.7155897,72424.7858783089,NA,215552.554238443,81970.1381802734,126073.187399194,94129.2384262581,132862.518998558,96361.3263028444,NA,183940.949287161,172452.676521736,42356.7321184071,214201.085835287,162375.306018242,127600.372840427,160484.424622016
"C8-Pos-003685","Pe(O-26:3_7:0)","C38 H72 N O7 P",286150.6739049,60832.0688879471,98539.0870106478,81974.4220942338,91511.3129686224,9396293.48033237,4922444.50259205,885259.122950864,89780.1247128314,95878.0571743506,52077.9742915734,123730.699064488,25108675.921313,203442.936492175,1124423.75629971,41046.2838611097,1111398.3744472,104481.881166797,227389.436195333,NA,NA,NA,120675.825992866,71054.9416972836
"C8-Pos-003830","Pe(P-11:0_23:0)","C39 H78 N O7 P",4522597.37936429,5597730.32739503,6168752.62578378,3750163.62066198,5434323.96884157,608836.968033247,640331.800634561,2580507.60256643,1945208.20659776,3662439.93389126,3580682.58017534,NA,626979.731134684,1532784.84915971,4927892.59298458,500379.166103522,2298857.78145502,4033850.91551474,4101819.83029636,2327397.71081093,4773499.17617336,464885.333162255,2577618.16492746,4850754.20240241
"C8-Pos-004505","Pe(P-19:4_23:5)","C47 H76 N O7 P",2048392.13600292,1041048.43133221,1635574.58155966,442628.865764211,1775368.3454967,1878377.18060646,894296.779560963,1466639.86774161,1563028.85690095,1078465.53210692,942221.159854564,4025328.5533974,1940730.41294184,1179497.85414054,826627.742145835,1708878.07151863,1464212.00549462,2464869.64149391,1756659.22155943,1487780.16362065,1688023.96305036,1690815.87221439,2049850.83707623,712771.186995718
"C8-Pos-002320","Peg N11","C22 H46 O12",1343064.79768295,1739077.63074157,1752247.29109304,1235849.38749451,3117706.69646686,2646716.70404835,1285425.18409474,2099692.65393986,1323942.6310641,4037965.1930862,1655742.17061956,2791752.3058892,1293491.14202169,1248024.46351363,3998485.8187412,1109185.1886175,1248220.92510137,1278886.32189939,1338588.22297341,1008882.26566939,1269181.59438162,1444450.06553368,2832519.10716301,2287418.99419499
"C8-Pos-000470","Peg N13","C26 H54 O14",644361.835680684,835343.938169326,905634.255075453,701971.257114521,1056705.55636588,892031.123009932,725011.647363232,1009881.48481283,635912.479825566,1510140.60674284,657481.897375323,962006.142753907,703071.486726162,768075.224361924,1307496.05248782,624867.935461463,820506.065891401,696097.040598215,711269.294492143,572485.797432364,737040.276550935,699264.792050199,1158601.13761392,779758.344990658
"C8-Pos-003314","Peg N14","C28 H58 O15",385952.70565298,545997.802679495,597500.870813662,436104.310948889,685292.790296604,517562.914229501,485081.707969041,677732.404102722,403661.976958296,897730.189695823,382159.922780392,593453.622143303,488612.040660769,526124.594721436,727623.688956628,371458.490100249,565456.23251015,453328.26652407,455402.543452805,371145.527580441,483515.24224788,433528.465660435,673283.946713209,463439.39673878
"C18-Pos-002054","Peg N7","C14 H30 O8",296669.61377763,488572.495248438,325695.18171271,244038.864820992,642882.220151037,655014.260391543,292094.004018919,390137.37245633,335515.386133127,282476.168892624,447344.638871253,901475.842407061,405557.270521504,252645.111389246,630522.141907624,294219.147594289,230550.361624209,227683.846463851,255356.571037317,267832.205107994,212920.50419233,230756.287629735,256012.614040757,677990.738971923
"C8-Pos-000768","Penicillin G","C16 H18 N2 O4 S",1707428.82111748,2110218.96797199,2869088.73672523,704910.594589842,1621138.41219881,1703871.01237103,1697252.97898926,6106055.26029242,2408182.71288489,3367309.60607815,4802145.12881789,8316031.7690372,3557856.45395195,6124972.45024115,1770661.64589083,3392775.40518213,2052419.01289771,4078941.28875289,2079539.04140141,5683211.15181305,1747192.06138276,2234159.63820854,2828355.86924424,3388510.50331441
"C8-Pos-004866","Pet(16:0_27:7)","C48 H81 O8 P",5496861.66533602,10280654.794879,3451182.51655761,4844773.79862214,1409036.02733067,4574849.69299201,2582656.29501682,12855611.4831303,4860986.17107766,22641300.855271,16901433.6150037,20447451.0996444,9879070.35639689,10712401.5826787,2496293.83105156,5074029.56768253,4085395.59580796,4794805.3894278,13071557.9866755,16387412.5710465,11164877.7667256,10167927.3272812,3429066.4384472,4598950.96671264
"C8-Pos-004891","Pet(20:0_23:6)","C48 H83 O8 P",735179.26284642,813283.505501198,2161282.28191718,4025192.52745248,474960.123666265,3170488.40820181,1520232.2895811,4421761.23209074,14164816.2844046,4193254.02179937,3544954.70295667,6849965.04782896,2174259.18783549,3756473.02071176,2037645.86968787,3183410.63649733,2811853.07173206,2802088.41545578,4488361.22089633,6901096.21465512,4312086.12288437,2491452.99628174,3482140.7777814,2341966.94973919
"C8-Neg-003343","Pg(20:3_20:4)","C46 H77 O10 P",2031360.84971783,1729534.49974565,1595760.62064382,19637.4265385909,1427277.52750865,1491445.59350638,1596841.76285389,13225.2757165411,1820737.8565769,1463614.34536464,511127.01812436,29754.3628837974,2022552.09775167,1522992.85993025,1465718.71753259,1828823.07260403,1715405.67247707,2104555.81835977,2046952.50881998,2316347.71326439,1546025.96182187,1567518.96116403,1807082.82679101,1741272.09615063
"C8-Neg-003491","Pg(20:4_24:8)","C50 H75 O10 P",815728.632873802,563780.061331224,816075.934511165,NA,841577.755626143,NA,236885.65227968,416933.795912416,NA,NA,NA,NA,772663.420558644,NA,NA,496750.040991399,521273.996282334,NA,NA,NA,NA,543599.4229035,538833.898627036,347856.010593834
"C8-Neg-003604","Pg(24:1_22:7)","C52 H87 O10 P",851710.237155727,857901.306658572,913147.31404194,928248.195681885,927980.005918448,845559.515373203,968805.203501475,775112.467500713,849085.207645692,835282.676351541,828291.795507911,755148.342219112,877323.232132092,826737.032835724,903007.698757375,874829.125489836,880300.674923819,828913.309907083,905043.663950406,738384.854007113,850568.282150523,913743.138638814,901671.321398937,913128.926679585
"C8-Pos-005548","Pg(O-29:8_21:6)","C56 H85 O9 P",69642.6423256991,121149.470395392,92117.0141887428,99048.0133222052,93845.2008040511,80759.7141202233,94902.8768831972,78254.0681064994,66704.424082906,70484.3814593703,62130.2391387934,69863.9168759328,98124.1434316135,59276.7309015936,79787.1589322936,81608.3920718084,89020.0854419041,86391.981616829,58269.0716241489,68831.7801706983,68299.3960343509,69293.8610096743,74305.704828221,80732.3443947642
"C18-Pos-001439","Phenylacetylglutamine","C13 H16 N2 O4",92883.0818210987,137138.722313617,30626.4832631471,102904.040996355,44469.8263918469,58453.6895529552,49805.6039037851,87691.3277656513,21730.7383705186,68683.9841143753,223339.779237226,258536.088780231,29031.1199922676,NA,43181.8055502471,206818.708334158,30740.5164085655,50284.2081761738,16570.0034940674,58972.4932145408,56857.1212275585,28604.324427797,18840.4651299921,28519.1448455416
"C18-Pos-000567","Phloretic Acid","C9 H10 O3",139859.612276458,127870.125554577,109145.454386509,92936.3473091111,137575.634477404,93571.5763308132,135811.349897625,106376.68777335,128429.39929394,82848.0251043296,140921.44289947,134058.800182908,154246.227011875,123076.761836897,5070.74382839969,117998.09897745,131604.438587327,115874.169787548,121317.342616495,140884.915480239,154778.128758125,98252.6101088622,6381.67620598103,100272.971391581
"Amide-Neg-001041","Phosphocreatine","C4 H10 N3 O5 P",88679.4678516358,163511.305543361,43893.6546509852,46626.9199792865,72508.7932812851,156505.873132426,119801.572103581,35752.7747160657,22028.9943690173,50235.2314136002,14971.5578003774,95299.169055798,40915.9785902605,66556.0533098366,155119.211340167,47775.5925790307,110413.394379064,117833.059936743,105524.406949268,60453.5194741079,145328.534544723,110393.192139579,129914.80821403,57961.615799163
"Amide-Pos-000781","Phosphoserine","C3 H8 N O6 P",2270989.14805471,2376242.81376026,2444057.18386957,2486467.92780872,1990364.67912531,2346609.10681527,2394904.15120017,2052799.88284893,2288353.65638028,1967124.59334945,949465.641805577,1434003.08829727,1871597.20862982,1926032.47955698,3067922.62139544,2220727.24221136,2274491.92778808,2488905.51414839,2363969.82466332,2247854.58080664,2619726.83482889,2162071.59292489,2617133.18954458,2654177.51380354
"Amide-Pos-001548","Phthalylsulfathiazole","C17 H13 N3 O5 S2",1791560.66023873,1477168.78719707,1545469.88610258,2200467.95641434,1143599.01891515,1675647.90616739,1733223.67967586,3192648.39732479,2058824.50407249,2372260.50812703,1891835.66862681,1385864.21634348,1534374.98108095,2373618.62423279,1430753.42914017,1310640.19094736,1460202.88120315,1379048.79540443,2811259.77164834,402885.894694176,1348454.94406664,1169806.57168013,1644881.5597384,419334.593752503
"C8-Pos-005112","Pi 36:4","C45 H79 O13 P",11330214.7161052,11706542.9906271,12528208.9926224,12879997.0965915,11847766.6664676,11944066.2454163,14747179.4938975,24221596.116429,19037614.4232109,29856661.2098353,24036395.5649809,29781321.9623744,17501655.9149694,26459942.2761924,14681843.0925623,17434723.1857389,15082760.0332671,17539348.5064322,23768004.1820919,31491144.42844,12697025.6231418,13390235.2770874,16272910.6391833,15295664.2180397
"C8-Neg-003536","Pi 38:6","C47 H79 O13 P",859074.704080528,760481.664386061,525532.366008054,557172.331605437,600626.177358234,802796.082296372,655990.161862223,1905926.91981462,1361325.94860746,1100276.99334755,1476223.7022507,3315145.89224404,1176671.30447816,1627401.92089655,1325479.73049115,864493.003876433,963891.694060789,688095.28392875,1196281.30774375,2296573.15436234,803402.528648022,742606.556243982,791483.178879223,581764.984892096
"C8-Neg-003377","Pi(16:1_18:3)","C43 H75 O13 P",56617.4691054643,63228.2656083453,67040.643936848,28645.4617494999,50877.2117531008,70034.7966590451,92417.2276378835,129083.299000639,75692.9058974573,89320.908381879,99602.012989478,278812.325408303,87591.3304818397,68110.4131100146,80061.9321421482,82115.697495675,44021.5146972913,46636.0928935787,50476.009490643,116449.702184751,NA,39452.0690458694,52947.09580033,53609.7755340498
"C8-Neg-003687","Pi(17:3_25:6)","C51 H81 O13 P",14200.0307592274,NA,NA,NA,NA,NA,8632.88309560412,42672.305586452,NA,27205.6500763529,28622.6121770206,58162.569627954,NA,30327.2159593816,NA,40567.7736849484,NA,NA,13388.1796397156,54338.443774962,NA,14025.7684408618,17395.7968852274,23949.2594935609
"C8-Pos-005434","Pi(18:0_22:6)","C49 H83 O13 P",855132.163013867,687502.14558448,506322.391019076,912782.72884562,659238.335910834,1175869.13576024,700461.831281694,1861604.64601811,906089.711726079,1680736.579872,2211225.89244741,2352700.73840463,972469.769008212,1848587.65803241,1536248.37914569,1166339.81786869,1262385.63175366,1507110.99557171,656300.327326461,2245551.18852041,1504027.89572046,1493640.38069527,1010671.24808938,1818170.03252338
"C8-Pos-005132","Pi(19:4_19:4)","C47 H75 O13 P",71941.7989795807,45469.7132972028,277121.041563158,272620.986089095,284979.500611734,276250.277321723,295741.564869326,566511.305282508,NA,NA,493329.128202713,112217.649808248,277802.765349438,NA,NA,NA,30344.1387508344,NA,347184.160616938,NA,NA,300174.516787348,303852.983974508,NA
"C8-Pos-005440","Pi(20:4_20:4)","C49 H79 O13 P",328747.071397605,289246.762705465,651254.156976543,107606.250685668,298863.723480397,543570.762199762,984112.757212334,538285.861280786,344393.283128658,338741.814877382,424283.474782104,1459288.386789,477238.057509792,364913.918724936,602051.380776529,907280.107953848,459603.412269588,344486.736778549,684285.844618998,567276.756761246,632914.772837674,572507.941728323,429280.582150644,709227.265813214
"C8-Neg-003398","Pi(22:0_12:1)","C43 H81 O13 P",117025.315591505,178111.931025347,171186.751232904,119450.524900327,NA,310721.833677838,142391.144343358,721603.802709245,682753.476726385,119625.499743352,783882.430517622,1391183.61174885,80618.8637295591,490137.967789782,344246.313487674,608196.563399899,91451.7831461681,271018.789383002,868389.238174607,1441688.12711723,214053.813345101,326320.024341464,254439.64784357,64385.0661692359
"C8-Pos-005326","Pi(29:7_11:0)","C49 H81 O13 P",2081814.76781524,2300421.66648959,2061222.34012148,2259671.93847011,2132941.26541768,2410610.02008059,2153009.51283477,3952832.75595324,3374521.91042384,4032560.66151782,3631354.21978659,4468797.35541057,3258934.57624989,5407875.28327168,2817505.06723891,3185206.06541585,3516421.63446641,3765941.08789756,3617954.40983894,4795777.38384106,2718926.90849788,2869809.50316581,2584249.85423897,3210587.22382257
"C8-Pos-004803","Pi(O-16:2_18:3)","C43 H75 O12 P",48059.8334792851,151535.547824702,NA,271436.025322296,94364.0706939397,NA,120775.281228296,79779.0016110164,241662.021791672,198556.364306226,64427.3537533867,NA,NA,58089.3409242001,NA,110257.909915659,NA,59911.9897767644,NA,77013.4967718555,NA,32644.3302775505,NA,77794.2086886646
"C8-Neg-003063","Pi(O-5:0_21:0)","C35 H69 O12 P",195270.046075041,208062.861052393,171457.763144711,140809.440293325,179363.966883436,178202.581943726,164057.268276516,171217.819658307,193400.244201181,100445.57766948,139848.905311131,179491.122137679,172946.011358699,155107.409807049,159473.002609768,171145.21344407,190338.696325279,162837.079829033,114506.310748154,183134.732773274,186956.136681542,147260.164852553,158959.962061691,139955.989720831
"C8-Pos-000414","Piperine","C17 H19 N O3",866529.743211736,6655351.70762733,2667873.45631257,4112361.25931843,164153.904986456,2933468.93661772,4173535.05297922,4818357.75079031,480838.407136715,1605486.93807056,1150453.1477118,7339502.99463253,244448.824042009,1303379.77170073,966173.363557511,494072.134443417,3621971.39546743,532618.98060067,2952211.5592367,3252831.05241976,874844.669345467,2978436.27067696,4448896.40628866,2887089.35686822
"C8-Pos-000209","Ppg N4","C12 H26 O5",1945674.18622418,1715729.15797534,4107206.70104927,2412240.04782284,2698674.53005341,2062286.88589609,3123791.40822708,2288700.12722383,2004627.85721109,2159309.61867382,2008320.54931273,804882.702523255,2591174.97343387,3492142.00598601,2029077.20062894,1934437.05326273,2305442.2592846,2097613.27759094,2211754.76823552,2506871.42299082,1689911.10299721,2489728.01276528,1708025.75234643,2524384.28644559
"C18-Pos-001870","Ppg N5","C15 H32 O6",745292.414420021,288831.482285698,132789.114358889,171570.022141674,168146.498865537,235047.323717851,150152.680360624,184224.931466782,158490.999202708,132155.217101154,381563.088376488,148290.603750953,336074.800924584,120160.673614213,194063.885353396,164488.010954005,231250.55954677,187959.846056848,124881.827274591,138246.643554527,142320.473622475,200612.212023962,146775.870834072,226539.80218272
"Amide-Pos-000866","Pro-Asp","C9 H14 N2 O5",1889919.04535911,1826208.19216641,1056210.63580154,2267385.60673844,1567473.36408162,1376945.46670995,1717562.76368062,1319103.86407725,1650135.05815221,1632268.53179831,1640004.878538,718219.61564052,1148251.06306354,1278546.2570913,1472622.66780718,1207223.95744369,1206242.98927229,1569276.50076652,1832282.80201163,1104166.88403813,1461516.22305495,1593311.90255196,1633180.24645374,1315362.68505258
"Amide-Pos-000960","Pro-Glu","C10 H16 N2 O5",199854.990444035,11465.1938744282,81180.8049849081,195586.383348458,256689.508906349,238416.708380215,248000.984403311,162244.209471012,225153.26975765,119725.605735147,77325.8431181892,92362.0977525872,206429.908187174,6463.78135357856,127275.8308893,108015.435235407,72150.4935837887,74062.1173934682,158702.702852438,84491.780757943,165144.722754485,116054.667342215,132550.754770935,104597.409406047
"C8-Pos-000616","Progesterone","C21 H30 O2",2162907.6608412,3077150.65868132,1560889.04114971,1734049.27008278,4272332.63743689,1800906.23508038,1474895.77405701,25251436.3186301,2012512.17460099,1137732.37003313,814956.712660583,2964893.07912631,2108198.40150494,17506939.4154034,14630411.2262507,937887.771686898,649906.813070971,1144411.54861678,1065776.92807901,2543954.53303361,1306739.11361041,219727.677424104,1877736.82828043,3316634.87226614
"Amide-Pos-000230","Prolinamide","C5 H10 N2 O",1488848.87118733,2341331.04301748,NA,1736255.07080024,2558920.78874987,6229642.19975921,1869809.33957569,3376682.41890902,2438911.9016429,1599922.68131219,3016775.31219228,1660977.62682073,NA,1845530.07642076,4713018.185413,1378880.52117476,5714621.28577041,2459014.81219112,2835458.5760788,1755881.35692943,3293431.350734,2227691.27270726,2354053.20029737,912389.928474061
"Amide-Pos-000448","Proline Betaine","C7 H13 N O2",619384.583108987,6262167.07265229,1182536.60610475,260273.840116366,1583518.24833457,9310536.2729707,1369739.95985947,432248.238571391,225362.862306968,5351227.93654725,577555.614381835,23526241.928001,280266.780706946,11364230.284174,373872.438251767,2600247.24481187,145339.83174131,13845828.7678511,10972539.337433,7665888.58877913,486948.31726134,306315.85651135,5447504.63944834,2262606.61133425
"C18-Pos-000820","Propham","C10 H13 N O2",517068.797826111,569176.847502006,647619.733092465,569835.390743274,407272.587884068,551303.335333827,547663.227462233,810286.556514843,409155.548987815,477486.831184159,609657.215356499,541753.95889289,416083.076023017,741053.583682425,720421.213547076,319230.060187559,528528.450731638,615227.670643689,423414.456105796,506143.590814889,539429.406985171,503161.806714914,671387.624806603,604564.147747883
"C18-Pos-001104","Propionylcarnitine","C10 H19 N O4",4410096.97458244,NA,3342638.87331054,NA,1776659.56183397,NA,3345006.45451637,NA,NA,NA,NA,NA,1553588.59271347,2407571.31935906,NA,3790799.24229033,1892239.80629355,NA,6185677.46530161,2933606.60322958,4054305.54770505,2921566.75089117,5157628.72332476,NA
"C8-Neg-003405","Ps 18:0_22:5","C46 H80 N O10 P",1120745.54712808,1622523.59173596,3820773.50215446,869228.212690025,1282824.64019039,3820518.98091738,3179569.72809529,7175031.90687963,9080423.57367311,NA,2806829.37710324,10635439.2755976,4978036.88393854,5837786.32934141,1255760.95383647,6356047.28773719,1829361.48960115,4065381.50589071,8619177.22094647,13467873.8861857,5206168.35784825,4669638.75950284,4042330.30082363,1894905.0199659
"C8-Pos-004875","Ps 20:2_20:2","C46 H82 N O10 P",3242461.09660593,4899963.67593615,3925912.09724465,6996280.99191731,2268589.17788807,6688578.96152283,4016424.08455096,9198346.92030657,5104242.44392803,10135936.3095174,8896923.77636413,17363524.4849989,4378055.17042997,8838602.78707935,4228315.61734415,11497241.358687,5783833.78585647,10514592.0131928,9496691.33419269,26245093.9524836,8119491.66482832,4876032.10575384,12801667.5077647,5025691.00112491
"C8-Pos-005189","Ps 22:4_22:5","C50 H80 N O10 P",13878036.4407226,15736080.9336602,3219259.63875212,11366386.453338,12885444.0134182,4527544.21848056,11020980.1293179,16655246.8512207,14337605.4426368,26606044.2535125,19651765.5283592,16347350.6807707,16247391.9853297,18591110.2034569,6259102.18132521,22569997.94125,19355479.4768808,18778896.3752497,16981921.4383831,26774752.6126327,16433569.013424,19522269.1357583,17480572.195157,14751351.3212167
"C8-Neg-003529","Ps 22:6_22:6","C50 H74 N O10 P",1559622.47166729,1041722.80935112,NA,1049732.17402652,656561.119082072,655616.091034641,NA,722498.247310221,1991922.33216367,771952.31459152,495550.714025199,830678.518297682,1679522.90357995,712983.707764726,NA,1525876.80219032,1260172.62144288,1117577.04189111,2553044.40171512,1521836.39313924,872810.120910996,872989.851418856,1004755.41880045,874961.772592695
"C8-Neg-003404","Ps 40:5","C46 H80 N O10 P",1120745.54712808,NA,1433414.43436099,869228.212690025,545697.662742907,1410785.90631886,1256513.73485165,2833339.0507568,2443221.10609551,7197418.04362082,2806829.37710324,NA,1991816.82089166,2164669.94707655,1255760.95383647,2275087.93778177,1829361.48960115,1855448.70625153,3359347.30711994,NA,1865060.32546595,1687866.11280559,1486605.70858315,1894905.0199659
"C8-Neg-003509","Ps(14:2_29:7)","C49 H78 N O10 P",931881.968836847,9777.26700604262,304759.304763,14056.0258536172,124758.933882438,161808.823430039,516226.971449954,648557.748592286,432020.636924996,605534.555043711,346966.628512476,120251.526223974,935303.710794973,581857.67682694,399680.947020517,696516.811876506,17154.8896697991,339977.874919239,41480.5910435586,911828.781019514,171311.288109992,838528.600043524,52057.4365844561,408736.130802616
"C8-Neg-003418","Ps(15:0_25:3)","C46 H84 N O10 P",398636.698955566,135604.94924375,88307.7049739009,22507.1670546779,63410.9740098102,188292.147703961,86774.1023989101,NA,253770.536538405,179022.074531785,NA,3954340.41733325,49940.7041627795,28523.3902184152,182547.366911604,NA,108778.565523119,149276.954515923,NA,357108.624441208,28639.12112764,NA,NA,136888.826279936
"C8-Neg-003489","Ps(16:1_26:4)","C48 H84 N O10 P",NA,1167941.09043294,918813.407686639,NA,1066605.40861664,1178576.19487645,1076392.93249824,1013044.76744478,779718.327032233,679477.329138346,930983.357634421,899527.587603797,870496.571495789,NA,1517007.96597191,NA,NA,NA,763056.364176127,NA,1160061.20074323,861817.315339108,940811.45434171,NA
"C8-Neg-003657","Ps(17:1_29:3)","C52 H94 N O10 P",141253.622721066,NA,40945.2349395601,86818.1576469303,NA,NA,NA,NA,NA,51698.64418348,187914.216415627,127825.198124357,104532.820535425,NA,NA,129107.378643024,NA,NA,159604.194753921,NA,100078.236777748,103338.380294705,63070.9512314635,151952.148539083
"C8-Neg-003479","Ps(18:0_24:6)","C48 H82 N O10 P",770619.705911334,808180.729650695,979917.65232169,797368.053392714,888304.093722946,759326.074546586,891583.291100855,681187.810910542,731328.624275587,712882.939301521,650489.496861732,534021.89927259,730590.664525386,696670.444117882,727682.691922379,763439.367211498,686920.924025962,761428.685131134,851345.136919142,612154.560406889,696630.43217059,793772.872550162,802884.761801992,764307.357316079
"C8-Neg-003393","Ps(18:2_22:4)","C46 H78 N O10 P",45497.4810768922,396037.456264937,121686.046199522,330909.917709002,232042.078463309,NA,383097.67667109,727043.258422983,226386.9005654,774733.417941345,316198.926286351,1214873.93512003,490711.547950721,962040.703210645,NA,NA,NA,604463.602703607,1887118.46696509,457707.399644004,284859.466368485,64948.3208485458,1116793.42682813,NA
"C8-Pos-005046","Ps(18:3_24:4)","C48 H80 N O10 P",NA,2881934.46402568,1399363.40913017,NA,2280528.68819988,1169413.39770395,NA,1096160.54097455,NA,NA,NA,1076579.82101276,2692105.70840104,622651.659077446,841978.222248427,2594401.5209545,NA,NA,1253931.03606872,NA,710035.548071066,2005291.65811045,1446165.89239074,986737.133656692
"C8-Neg-003255","Ps(19:1_17:2)","C42 H76 N O10 P",547911.131712983,802053.107782761,411928.633191564,363083.746267086,666889.361073711,494309.178922803,474414.598843053,696269.274930187,645543.225645554,419072.152281056,623818.375718507,1187938.08141041,659162.202230767,344081.621610493,649350.344717455,331637.902297107,366584.588287269,306702.396092698,338419.543225702,457564.404117625,593639.781175569,378157.086503814,555785.339820428,184045.241479384
"C8-Neg-003556","Ps(20:1_24:6)","C50 H84 N O10 P",823750.64431181,1066493.76949116,1065882.60442946,917259.832694295,1166276.50375327,1241013.55879302,1228916.73528219,655475.323401039,644154.55772166,NA,406870.191183608,345466.872877295,591441.772149395,157997.209621766,1354719.88455589,687615.854639504,687064.700910431,526003.989329274,42705.2947479954,NA,476366.978488009,644117.415245947,695083.6033225,79979.5188311683
"C8-Pos-005192","Ps(20:5_24:4)","C50 H80 N O10 P",5544734.89716166,7994429.04777945,12290814.994894,12538450.8094957,1901002.06848108,667384.913854628,14703646.5989958,4136840.49247344,12707173.764955,12815839.8156572,10732674.0511642,12931755.5096005,11414900.0740476,3529410.45743084,3459579.28020267,2257627.98677325,12775948.1242312,1862525.17999249,13273095.3109344,2940958.46396161,10426429.8646294,12777895.9332984,1831944.17534066,17914773.7865111
"C8-Neg-003577","Ps(22:0_22:4)","C50 H90 N O10 P",2463583.59975672,2112690.07174897,1678048.32950419,NA,2107203.69362571,2139003.25884219,1976393.21672564,NA,2185753.1821389,NA,2593407.18713621,NA,2042716.28416105,NA,1224747.47998913,NA,2009293.96559362,1953629.8901253,1644099.94191222,NA,1275249.04854688,1327357.7598793,2470248.13192802,1829762.87304188
"C8-Neg-003619","Ps(22:3_24:7)","C52 H82 N O10 P",253662.357939555,212108.490219097,136973.316807031,172946.867415752,143413.265012973,165882.486819504,120020.80738732,495231.526227699,417954.302794399,333761.511585529,636282.839295034,810005.409780529,342608.779312772,556301.864945823,270847.707762359,318065.971684449,360622.513101255,234230.821287184,315249.778578395,854194.37506597,249335.380893515,353187.729231326,190237.837380704,263129.654910546
"C8-Neg-003419","Ps(23:1_17:2)","C46 H84 N O10 P",237694.606089659,310375.075943006,77698.1991723154,NA,91858.2459195461,904477.606296499,621095.214124908,696651.001647989,421924.232624341,764090.459195933,1686062.49465153,1174159.01543306,325198.296655741,636420.214322203,347814.499452565,402988.633500138,512655.56398804,676048.242349377,737396.232479302,3211456.60740055,623412.207429943,327369.880808076,336961.345603383,NA
"C8-Neg-003596","Ps(23:2_21:0)","C50 H94 N O10 P",9101.01887591114,12736.7986494373,NA,NA,NA,26567.087117975,NA,NA,49092.6847867746,NA,24688.9993738117,45502.0967305791,15282.469063735,NA,50228.0642643085,19249.6068566607,NA,NA,73137.796762771,41200.4838923919,49315.1107313899,29857.4341345359,38489.3313942513,30026.5515722978
"C8-Neg-003546","Ps(23:4_21:5)","C50 H80 N O10 P",7033560.2026087,4903774.4791428,4150139.62122976,5205485.86035354,2848399.21208054,3205824.22131574,4471829.97160379,7486979.46401061,7394354.56097777,6228298.79817705,7076717.52351337,7519940.41970962,5853068.54598182,10177967.2793142,3676342.34488896,2897709.38861908,933706.101196291,2920536.31437436,6543010.08329101,9953677.03365976,700931.079456702,5937170.48283591,5097456.0593428,572402.402217567
"C8-Neg-003554","Ps(24:2_20:5)","C50 H84 N O10 P",NA,NA,14430.5260920326,NA,NA,NA,NA,143503.211360417,411312.100939989,809028.196119755,1566764.87779143,1802302.93107093,NA,610053.557485725,52692.2849049615,384524.833246484,NA,911618.539753028,364783.313410046,2263222.11698017,257654.248672341,346115.916424413,NA,338957.098611898
"C8-Neg-003707","Ps(24:4_24:4)","C54 H90 N O10 P",307660.960463418,316419.058777905,204135.858809501,223809.811886799,238771.147994221,193313.896998477,157830.215966516,305451.429034063,228327.255851232,179142.925039792,264465.162368514,91209.3458062917,264920.715423594,230144.368057574,176758.76213688,203512.473710579,177658.66787425,165371.951154273,126104.295214307,240721.088424775,230397.816709836,224390.179261143,233289.786306543,152780.617244619
"Amide-Neg-001331","Pseudouridine","C9 H12 N2 O6",594937.276313676,1394666.78602104,299264.458285346,1143386.27460429,1777253.50260626,687904.999349158,1073091.40888879,692895.274568438,2165001.09108209,1372373.50019521,742847.527588809,568298.475047397,689060.130049369,1190794.20247961,480780.838637567,903658.664683108,1301391.72958365,1008474.66279688,1471504.01187178,1741287.77341808,1177468.630833,717416.743188985,916408.89496173,782323.787293464
"Amide-Pos-000025","Putrescine","C4 H12 N2",1468564.03078881,2617780.47587325,439620.112853432,2912051.99624515,1704063.44283527,2661449.43358027,1433213.06810651,2095565.38629589,3583865.65707405,2168729.89172885,NA,1259246.3270459,1485915.80799339,2285354.63154116,1732941.19179283,2939930.72029286,2714917.2656551,1629810.72760398,2746613.07351368,2254844.37613047,2918519.68587448,1542607.47287322,3305805.34630524,2427728.53407481
"Amide-Neg-000142","Pyrrole-2-Carboxylic Acid","C5 H5 N O2",3348222.99491783,1479537.57668057,NA,4480045.49609227,1627820.64195671,2121358.1997028,2611870.35531016,781668.881461841,1026713.83608714,1350948.11414039,2732230.30968652,1271813.36351421,998262.529311395,1979908.96754071,3533853.01000052,1942688.08886352,959800.465930638,2290213.04372762,874036.815651654,902400.631783596,1751831.94645051,1918437.93119394,2131758.38343449,1176270.02714948
"Amide-Neg-000032","Pyruvic Acid","C3 H4 O3",26484820.3706263,18097505.4899112,39628469.3442768,28361892.9502488,2127277.74035053,6445942.49226111,3323070.08843501,45647553.4103467,21054456.8621717,21380619.8333707,NA,44980682.7371334,18801897.3298945,2169629.16132654,61670828.9266609,30680920.9899522,39840956.3001309,40958891.8137654,75897370.7550973,34570744.3246462,31584813.4792985,26829239.9089076,1502327.54115056,30934319.4634215
"Amide-Pos-001135","Risedronic Acid","C7 H11 N O7 P2",6091176.99805443,10780476.3054774,5874874.67262644,5163986.75536464,5988987.69130314,6607841.78913018,5989444.30065909,5311116.73723504,6843939.91170924,5681228.53784438,9423909.41559201,4688702.47075108,7414002.67055457,4977133.86316939,9144023.57971431,6185470.41296507,9774068.07934129,8804691.38915489,8588522.5993776,10138173.9681866,8137201.40940208,5628511.32746703,10037886.483084,7534054.16473859
"C8-Pos-000500","Rjipnphmqgdubw-Lrankocbsa-N","C20 H28 O2",NA,1194376.23136368,NA,463388.621348996,408127.80765815,NA,251254.531935754,NA,397514.907348268,NA,300850.447235488,NA,629765.848081192,NA,226668.072616691,295658.765039699,1425647.22410946,870995.545731606,506631.279867104,NA,NA,156757.808741434,700125.534952273,627541.393637649
"C18-Pos-002636","S-4-(2-Oxo-Butyl)Glutathione","C14 H23 N3 O7 S",249652.45472735,NA,184117.887296861,135990.785760689,156292.930388958,396518.563907143,364092.013636682,241467.138015219,168705.993012497,188099.828586048,251597.48510225,251641.177842914,190096.731167213,169695.891367525,217645.319577899,115216.688094888,219485.62336554,227209.219243902,298306.104103942,228808.719255507,252050.640435901,213669.816626767,258301.458381086,258389.999868747
"C18-Pos-000925","S-Adenosyl-L-Homocysteine","C14 H20 N6 O5 S",1742926.70313709,NA,2005807.31853445,NA,NA,1211486.8988536,3198131.80874293,NA,NA,1871878.37821908,2256465.02900481,1300263.28486672,2460469.90842598,NA,NA,NA,2807986.51609704,279256.897483625,2986009.76193565,3836249.05628113,NA,NA,2657831.75626171,NA
"Amide-Pos-001585","S-Adenosylmethionine","C15 H22 N6 O5 S",2400337.87542981,2940172.65439034,2168257.50099498,3373874.8647939,1881029.15255661,2794264.85275805,2526400.42161292,3655208.56431253,2640080.23050474,2785733.93926001,3933653.45500232,1842187.36928226,1908197.68583816,3792012.50175224,3382050.01652443,1688177.16108522,3084227.43073348,1723369.80444368,1831731.5832418,3000356.0327868,1107630.24665098,2966360.46436974,4220190.44809869,2697603.1242107
"Amide-Pos-000068","Sarcosine","C3 H7 N O2",1184196.91698604,1158612.35483949,919287.864701659,1732537.16553481,941554.086325682,3401380.87221219,1384059.23902952,3846273.12001639,1715279.95825139,4202609.74692965,2443079.59069201,2347928.95747688,1328362.56786679,3198761.89717169,1416370.57783198,1506120.42398511,936939.538518631,1883124.83890793,1618869.53591205,2443547.5519973,2415126.40774309,1140043.49626333,1467747.34284176,1723749.27012377
"Amide-Pos-000757","Sb01966","C8 H15 N O6",720651.317345956,836868.894393425,530652.724141693,1324436.19721874,611398.450164899,728684.084084308,723777.441722428,1236675.65673811,1048041.22549037,985814.913823594,1536826.42437312,627300.620779577,516736.084830067,895807.615762087,843131.633634443,496229.720256525,701840.992278717,725278.286741593,783803.63809701,1057492.545342,857220.788816161,765495.646234765,987211.079276122,698379.197328933
"Amide-Pos-000616","Ser-Ser","C6 H12 N2 O5",3588142.40722762,1950421.84852414,NA,2433793.40670332,3000156.79407838,2162784.72645563,NA,2052235.19387294,2994517.69850135,2652079.74874436,1656480.87573729,NA,2394463.40623258,2020450.36913482,2287520.05596421,1641115.0302006,2235391.7189729,4945581.2881765,2532615.67903044,4132638.60887253,2985684.13444154,4652897.51401705,1576980.63118917,2840812.80881403
"C8-Pos-001317","Solanidine","C27 H43 N O",121536.665925268,1908091.28994627,128670.753191128,149003.6930376,93691.3119537018,60162.4731317206,565140.78198159,293279.676864096,129263.814756178,127767.488265379,719999.908353817,921495.256789195,419463.597943009,10624.7271228575,NA,NA,65058.8948232246,39038.1670191291,2576684.20115492,2388122.10721745,770407.08792685,105585.344102381,1782339.30305814,236413.199126646
"C8-Pos-000909","Sphp(D16:2)","C16 H32 N O5 P",20924.1360128131,11469.5411915262,18068.8794116158,16370.6553983395,16980.2054067727,8782.21563856647,22620.1075815681,15167.944265729,16961.4610617625,20579.3571852143,18305.1188011544,14769.5059995759,18034.1103574539,16085.81830895,18213.1898781377,21259.8062083996,16950.7526534031,14661.4758536592,20408.4359055434,14116.7306038226,19568.9235150334,18957.208767273,19383.0489493855,15800.1884624522
"Amide-Neg-001329","Spongouridin","C9 H12 N2 O6",27913846.5180385,78028783.6581421,15268723.0736144,91621015.2135474,145056699.263123,38369668.9735017,109587149.590716,57250566.8411448,202812980.046123,82580952.7594942,67775012.0796839,70458786.0050686,85001958.0914663,72963115.3345969,78808940.6135666,80525852.0173146,134244722.156388,85951443.6729214,82172458.1234524,126961628.741679,146045887.278984,72360328.2829671,93437549.4851487,99429537.5710739
"C8-Neg-003807","Sqdg(14:0_30:6)","C53 H90 O12 S",43545.0186496571,46853.05828373,38173.6342916998,46337.1568002493,54443.4928914742,NA,31069.5299444041,NA,95760.0636249603,NA,33803.1050117395,33295.2814134721,26319.7763483857,NA,15246.9907585292,30689.7143660752,43312.8286305017,25761.5173051826,56375.5272703766,35273.9739907989,37467.3482848168,26318.1794473127,37964.5622925418,35218.999483251
"C8-Neg-003216","Sqdg(2:0_28:0)","C39 H74 O12 S",54307.8070567525,55029.0101566968,NA,35371.507517691,57167.3194977311,NA,NA,33235.2895570044,23225.9265090511,61533.0322472795,61121.9130438545,NA,48446.7048692687,36725.6671476297,NA,NA,NA,27598.1906313407,54752.6470624767,47984.2836279428,60016.4511125471,56193.706714438,43794.301615828,NA
"C8-Pos-000709","Stearoyl Ethanolamide","C20 H41 N O2",539612.257339143,1024670.45174011,822734.513583741,796808.977840106,950513.647831477,715446.396984016,754303.786376944,751621.515101814,1132656.05839442,629604.368292414,862342.945881018,1025851.24256264,713174.539389702,690336.260354399,621697.57259786,659261.860192008,815766.637050815,686734.393161053,1999415.22131729,804223.210099872,870254.458957233,623080.238879534,1011178.1051389,605246.401431298
"Amide-Neg-000221","Succinic Acid","C4 H6 O4",2794485.56360892,4491325.21724231,3115624.70771087,6255952.62451314,6832373.54745595,6552676.72669603,12107761.9601319,4680637.49534631,4277180.32835719,6777737.57772599,2129660.92091488,2044884.74957011,7171904.12688046,3462183.49718431,8157827.0526893,2470869.45479868,5369260.36283939,6332763.90845666,973856.065953258,4206031.06656022,4546312.94656362,7820901.3407624,6552865.61505962,6909706.2548052
"Amide-Pos-000156","Taurine","C2 H7 N O3 S",501684826.327343,634651874.126858,446407388.584505,702916463.030728,472220394.907417,493492812.31926,642135279.371628,585862246.73228,571117387.008168,725552184.281813,640028558.949448,353397004.581677,328787172.143077,577508574.188853,665474193.836198,379047851.119495,531109502.551118,521792515.127335,838812731.407865,502969661.017352,485789897.436212,549085414.47145,613049198.75089,526449934.594585
"Amide-Pos-001508","Tetradecanoyl-L-Carnitine","C21 H41 N O4",108673.211974895,246684.395133766,292978.123028392,133584.101239351,131467.511296304,366480.521019973,230502.646188602,188447.121369208,120695.957719896,167185.441763672,90218.676090015,159658.373316138,129678.133480305,125764.002995583,60217.0754658155,116546.935566206,200073.897580032,202997.078971106,533317.040140781,299878.367554581,175890.620798848,179988.476327434,386964.756349007,165089.328521003
"C18-Pos-001141","Tetraglyme","C10 H22 O5",7556973.92481675,18108329.6878605,26411897.4458492,23537217.9664345,11338241.9351257,32481750.3405625,24678306.703435,16356752.220887,17158236.9403056,16267288.8153665,18844200.6724857,18189306.8120314,10148001.3502339,13004442.421507,6904279.65787393,6593685.3500437,8421292.95514875,8600591.88011606,8034070.78200681,7797751.30678323,12103373.3677599,7632315.92375669,7078714.4862976,17386276.2378501
"C8-Pos-004421","Tg(11:0_9:2cho_26:8)","C49 H72 O7",NA,NA,6863307.13316077,16078613.5310051,5320747.46948279,9692142.47734488,6829587.12301506,NA,22402226.8755903,NA,13437099.4888883,44681547.7489035,19111763.1002389,39623769.0026276,6974783.96481374,4134872.28746074,10942600.1383618,11601716.1347949,NA,NA,NA,8605537.42546646,27088241.2983299,6464390.67263246
"C8-Pos-005260","Tg(15:0_15:0_24:6)","C57 H98 O6",222006.639986496,253438.063655478,267453.883841687,247622.565848219,233790.843916781,232233.496508479,262542.875968076,217211.734557593,236478.7098371,47741.2886232529,253764.527804928,258199.863436074,220457.615114524,231947.454677767,243804.028155812,232478.569830389,216742.835416123,226540.707012417,230055.035942221,271760.814803727,233443.806296523,227448.362513851,220896.301557834,263240.82921806
"C8-Pos-002684","Tg(15:1cho_15:2)","C33 H54 O7",150983.001576399,197407.996392448,NA,157963.058737211,126624.644271059,1130608.53884807,481161.673558514,323320.24491632,94342.6858378912,144180.005566509,112220.146313465,170463.422725416,533142.294320967,NA,121097.608728557,125304.75673246,NA,NA,30055.1348167937,214570.652596879,169939.01185064,153323.043303463,209005.78825509,166337.860265187
"C8-Pos-003694","Tg(15:1cooh_24:0)","C42 H76 O8",593873.316111886,674206.016674691,786886.62838338,675808.721450232,598449.983192378,742843.868381269,706295.127976494,651972.917628681,686226.607849952,676752.51411018,508712.024586539,594947.955753794,652123.934540361,548219.216920184,266779.309470419,655068.920516788,673875.19593611,523211.5255435,312538.219318626,721354.864109191,681144.445891856,526674.335817034,666477.393833582,709033.791409159
"C8-Pos-002397","Tg(18:1_3:0_4:0cooh)","C28 H48 O8",60473.5061117584,148241.758196348,185864.868418771,211174.385965862,200563.0039039,290629.495077973,186597.330442518,200639.33382227,118883.068280463,148090.272122696,183956.755659038,166260.295569183,167738.505554582,146219.090067477,318703.078539255,43117.7015510919,78737.4790997316,50994.1077161683,35929.3401779401,58203.5323292825,81116.0393505021,42392.0627515649,50575.7187651373,111654.892891606
"C8-Pos-005843","Tg(20:1_24:5_20:6)","C67 H106 O6",1122873.91761246,1197868.73840965,1224546.46897246,1216354.99689125,801799.677510086,381104.183405731,1266246.75660037,1097456.23787591,1112816.49603562,1248665.27228455,1105883.51695689,1211820.01173994,1183565.5839589,2760177.83161791,1251007.71856951,1257172.77484687,1157763.37169877,795577.483552383,1104360.54867709,1167590.33434253,1155882.37579628,1159198.41761187,1229606.43915105,1254015.5433059
"C8-Pos-004352","Tg(20:2cho_26:3)","C49 H82 O7",291419.69529103,478345.87389484,530145.377591931,245203.605094865,389015.709644122,719357.620443962,376113.427556868,394751.852537725,301318.171991789,375593.268394359,600004.220245609,1530170.51235375,335195.617033408,346722.973048402,421674.785222049,567137.681835882,642099.710866261,948687.344095956,1190843.78376679,714662.956803096,1087764.49397581,527751.459898881,1102521.60118888,978188.15216455
"C8-Pos-003929","Tg(28:6_14:3cho)","C45 H66 O7",71019.0153711382,NA,NA,35401.824754669,112342.517195447,147736.618365819,134680.513306661,2048309.16632921,384318.933921866,43540.9326256088,20498.2512580078,225553.317939949,17414.241134519,1376387.25506269,10222148.1204139,35315.8835431005,115423.457700115,269748.249312728,NA,96991.7379730688,17258.9617644521,92836.0297240772,221373.258075021,NA
"C8-Pos-003050","Tg(29:3cooh_2:0)","C34 H56 O8",NA,458042.650215704,126068.967595395,NA,212342.338923881,359527.602863587,322558.715505054,364971.890796472,109378.049681503,92762.0708100194,83832.4534990086,657765.558890895,158173.513391463,313160.674620534,132011.459993595,74823.5017991974,165011.366701871,101679.223934855,394154.713059477,220045.250518121,193353.648081317,175029.289246876,263928.450138094,124258.92710533
"C8-Pos-003290","Tg(2:0_11:0_23:4)","C39 H66 O6",24145531.8543605,23725957.2047682,25849071.5156656,24667601.1315237,23422117.9218498,23819153.5789549,24689859.8329449,22058846.8442753,25190537.9430477,24069654.6826596,18528841.0284741,19334937.0913775,23907449.9266006,19071248.0656373,19765035.3431417,23733570.7028164,23505388.6963686,22598346.6458702,17968403.5145669,24396100.567721,23923035.9895763,25370251.342836,23218991.3451835,24217191.9083404
"C8-Pos-004263","Tg(32:4cooh_12:0)","C47 H80 O8",447752.540083735,NA,417525.663305444,391062.650156811,NA,NA,NA,450660.673411083,286473.12548094,351015.093249726,NA,419777.255931417,482516.749731681,408025.222477585,NA,359855.39087484,438316.960652584,430178.668666238,NA,455028.949175897,366386.931963305,416106.127276367,453751.107267952,418696.716465555
"C8-Pos-003614","Tg(36:6_4:0)","C43 H70 O6",101768.484378017,130843.147116308,207245.43896864,106028.106735982,201510.229648456,143583.420892769,166764.151646735,174629.458957798,147639.217249029,85197.8158513831,94431.4889937929,111106.401918799,88082.4279978175,97783.1341534556,147307.459204286,66060.0155971295,71098.6123091063,362681.886345162,252500.485357587,74829.3871657195,88144.4100882283,73563.1900796057,109718.165452094,109131.69376957
"C8-Pos-004650","Tg(39:10_9:2cho)","C51 H72 O7",740186.672101026,752373.639315379,988223.07651374,884124.016793501,912590.78034105,1454054.2283126,1353308.07355413,992794.624195769,862920.743515955,1242116.44490811,1073025.17682986,1337889.89290682,916478.518875622,858408.721882863,722031.561353247,1328040.69114211,1407145.45370997,931559.033186868,954120.949980294,1434021.84279227,1043060.92964859,1159670.14938719,1233712.9463623,1725655.12224817
"C8-Pos-004921","Tg(49:11_2:0)","C54 H82 O6",1059803.72818737,927594.116506616,983547.117493176,1089747.69771311,911228.848827224,1099758.51863315,1134636.63571439,1228532.83623544,827196.463877654,1040224.89989377,1435798.30315254,1308564.87470758,914869.411763586,1307360.5014636,1487118.43280402,1100669.67524119,1184335.59044326,1201328.15530443,761598.307698246,1261516.6745776,1316431.47050192,1297859.62789263,1192391.3078911,1246356.2151947
"C8-Pos-001736","Tg(5:0_10:0_6:1cho)","C24 H40 O7",1449556.1071816,1789413.12192501,3351671.13673355,1494212.41421774,1289546.09284339,2089513.46551022,2025390.86147198,2019614.03727445,1781875.60130634,1798063.48132934,1655105.6528537,2069391.99533239,361897.562262592,3370155.39378245,2148265.28684104,1939966.26429885,2208466.34879796,3826081.74672579,265783.553608671,1904786.86627498,2444084.47244403,3333760.22221714,1639266.5621372,2705581.82183343
"C8-Pos-004667","Tg(5:0_15:0cho_28:3)","C51 H90 O7",NA,94223.7788891183,125408.722176953,71501.108282181,86788.0690523931,93444.7604935205,103198.713775732,86635.0618091638,70182.9012264209,101279.187174869,88799.7569264716,131256.307088636,75596.9038474247,133542.153578865,86663.8282606503,89472.2455003523,81410.7687651341,91893.5107555072,NA,93364.2843392925,102743.901785211,84721.3011334558,88005.1305603776,97221.475522116
"C8-Pos-004104","Tg(O-25:8_2:0_19:4)","C49 H72 O5",962463.518702865,1507998.5545812,721917.271404655,971365.20069905,1002382.46880124,NA,NA,NA,334158.593066521,500666.926513845,968487.892341225,NA,NA,NA,NA,NA,800726.66590497,NA,NA,NA,1750074.99824233,NA,2849499.32045709,220798.360065269
"C8-Pos-004339","Tg(O-27:8_21:6)","C51 H72 O5",NA,182149.629576427,51428.2054134948,NA,58527.189714939,NA,14180.9968347086,NA,NA,63595.4221279079,115625.209741995,7792.85905742475,93617.2611944193,187636.879790045,12991.5375791904,27274.0814337288,75462.7686023608,NA,124146.887737082,48104.4921868905,NA,NA,45859.7132867229,9646.74682598863
"Amide-Pos-001056","Thiamine","C12 H16 N4 O S",1004565.13952106,1007711.53327749,393452.482171848,2057382.66098128,1418965.14378268,1445619.36440834,1152438.20360741,822061.862547163,1270526.57010997,725588.110679559,1208614.98866802,841006.686805271,498499.930559242,1054096.59877879,1744945.57719994,917258.83446811,1020324.97082783,398662.84159401,1055539.88809294,821756.81970219,1177844.40544987,1901129.20528461,2464168.604699,385445.463747994
"Amide-Pos-000658","Trans-3-Indoleacrylic Acid","C11 H9 N O2",1498821.14552892,2039465.1955142,1754392.36604133,3079305.03995591,1795402.29945023,1764363.51833824,1943599.63255255,NA,3570422.5968252,1175543.45863105,1831878.73808696,108288.027868791,1133199.40696379,1172646.42744249,2162672.67299283,850171.586989275,1662537.89588237,1904803.05100824,3240957.2025853,190164.73486953,1673612.61677262,1547665.77079371,1527906.30385781,1757114.82264613
"Amide-Pos-000365","Triethanolamine","C6 H15 N O3",13422343.0098763,8053459.06860527,9407301.8521885,6384046.62736369,6523337.86605684,3965785.05524164,3581547.59120382,6742818.5167103,4560631.62359316,4159746.48021235,6624912.17382213,92585390.6920975,5375337.23041072,912051.213102142,5487195.21732157,2709546.69983245,10612753.2768247,5513725.74575381,4281666.65291354,3723663.37008467,3857407.39862462,2753896.15878947,6709410.36080024,3629425.57781785
"C18-Pos-001549","Triethyl Citrate","C12 H20 O7",424654.404838693,367356.428777071,463977.027947356,413229.423139111,399953.57151459,633556.68728383,531299.635573989,373816.58894999,347433.627761824,439035.694053116,484701.346206581,507972.698895357,417238.446906091,435599.418332682,523746.237720352,318169.577032908,423733.993646685,375392.65695263,265762.322255216,337416.404529334,318420.110826745,361913.818893085,497653.15457699,956582.267806248
"C18-Pos-000839","Triethyl Phosphate","C6 H15 O4 P",250413.909896981,199338.249676577,201863.933360737,182344.887552424,228246.675709706,211119.056162383,228910.181649088,191890.466969151,250485.647651675,253741.202693965,214255.242824253,274460.882387116,77813.7165393911,240490.6782335,116041.246771923,237098.900864188,246648.092031668,230755.167605331,204885.152948993,106794.949322099,214350.891112611,193179.3419238,188538.084194077,183341.915116299
"C18-Pos-001031","Triethylene Glycol Monobutyl Ether","C10 H22 O4",2003278.99336246,2345553.40513248,2234145.01434823,3785612.73413634,1384878.13940349,2032948.05555798,1717847.01471249,2189963.18595577,1449125.71950013,2125497.41044033,1517896.15203589,1523859.76368147,1342658.18658312,1560223.56999963,2277807.71857113,1366768.23854613,1150322.55722067,1466062.14814878,944594.612683193,1135535.38872614,1076395.55471616,1752948.92675823,2045833.51288811,4394022.27753416
"C8-Pos-001521","Triethyleneglycol Bis(2-Ethylhexanoate)","C22 H42 O6",477703.285615164,400326.189954652,498644.802991602,562774.489095669,486113.449873602,526415.64173921,461564.765168917,470533.983325696,453784.824135208,450624.855309486,458898.985493952,451974.142955793,489480.169443224,424612.512360626,442831.114659491,466505.92587891,466111.117224023,497328.513949788,305617.406005042,499786.909446069,458383.516899701,451026.654084992,453679.716801602,557883.365465043
"C8-Pos-000692","Triphenyl Phosphate","C18 H15 O4 P",226493551.298573,222286952.932262,222093649.082265,228056283.540033,220242551.884332,216813242.16601,224768182.307452,203527345.956503,232875352.159521,225443283.885568,228635124.375909,235876345.205635,227315744.117694,207380016.741254,213593795.849197,224753592.051202,241280582.727836,231213449.570261,161589941.727047,229577149.167708,220911794.048036,223148461.036951,223904735.00212,240685642.747258
"Amide-Pos-000270","Trometamol","C4 H11 N O3",24301267.4009251,44933280.8910923,26575135.658463,19989090.8175556,12563815.603834,32029702.6388481,34175645.0629265,NA,NA,NA,NA,20152038.3326123,16183070.3450705,NA,27381488.7480732,12592947.9060614,14842778.0650328,10768804.0938338,16737470.2089491,17031629.7353023,25817229.4289719,21443018.9271068,14334291.8759728,20352486.2943102
"Amide-Pos-000761","Tryptophan","C11 H12 N2 O2",2437304.07370492,3459683.60796319,3308063.34408632,5096879.07969344,2900891.42251384,3391215.78927875,3432252.14927661,1568721.61964842,5546106.59840559,1907970.09066988,2917151.49519037,NA,1560671.78584169,2368506.86596904,3864307.46791433,1466303.35965218,3065700.39385233,3882978.75570458,5356042.38422475,2726254.13204835,2651095.44356647,2445533.00722336,4349238.85900024,3387840.5384022
"Amide-Neg-001697","Udp-N-Acetylglucosamine","C17 H27 N3 O17 P2",6781.65015686526,NA,NA,10448.6059872302,NA,NA,24747.5589152736,14001.9009899034,27054.034383297,NA,NA,1875.18320192243,NA,5809.4534978165,18169.0381771599,4434.41792515601,10330.7751964348,21034.507623122,2941.05693009116,23680.0123163446,18475.6380779155,3064.1840118648,NA,20811.4295235212
"Amide-Pos-001947","Udp-Β-D-Glucose (Sodium Salt)","C15 H24 N2 O17 P2",NA,28704.9560089209,NA,20990.9608074566,5272.76141565762,15518.5089514927,16451.3709941704,27489.5994411245,37941.9564871994,41273.8237116296,21603.6661941165,NA,18820.2016230176,NA,18464.6170104629,21984.2385046603,24959.1753122466,9349.99055964828,9563.57906938065,59266.7994059823,9519.3730164609,15878.5912907985,51425.6692925108,NA
"Amide-Pos-000180","Uracil","C4 H4 N2 O2",2161118.93125956,3197588.20017722,2545965.85009269,5192250.6207864,3851239.3723777,2330999.89134211,3435452.25853705,2402861.11563629,6565562.48457869,3893008.23332227,6353928.90287704,2602155.58302314,3449813.3893494,2347124.34029979,3295649.44644703,3551214.96647007,4571372.39574843,3166934.5632673,2709423.11544916,4660052.69035645,4463788.83406067,3320761.64603945,3608105.88808174,4739881.09324833
"C18-Pos-000742","Uric Acid","C5 H4 N4 O3",3361262.73922594,NA,1756127.72715838,3479732.47611113,2222844.04091551,2422278.16881852,2212057.29033298,NA,4049391.45479357,1387600.9365873,2746817.58583656,NA,2295578.17710934,3964519.04116398,NA,3695722.09388687,3140691.45460337,3621327.499231,2656127.50006477,4076183.06355063,4370698.05782475,1753877.38560359,2837775.42530135,3728319.96058669
"Amide-Pos-000957","Uridine","C9 H12 N2 O6",871262.274644221,1301095.22718067,1142113.25707872,1983241.7788586,1535147.91153063,933798.53922661,1466244.72196656,1009426.94746109,2562404.61019799,1546114.38216604,2193752.37654945,1131717.27094643,1455760.60296547,971157.14712376,1500554.03018854,1431369.01359763,1881094.76715418,1365345.80469505,1117783.45151763,1830090.02872201,1843719.28585689,1368696.31155195,1498656.11163087,2071754.2447499
"Amide-Pos-001617","Uridine 5'-Diphosphate","C9 H14 N2 O12 P2",2358728.06987391,2018620.23787406,1398912.94684938,1257433.90624332,1095101.29916612,1161689.08946648,1059434.72076218,1175190.70456712,1489189.8316876,2000860.10996563,1858533.37182866,437298.481163116,1464741.42937446,1773995.84864622,608264.708755119,1477198.59803487,1251433.02521432,2099824.40469744,1846367.65565187,1949869.98799576,1439733.69306669,1710016.30382632,2117556.91596163,1135406.61544426
"Amide-Neg-001626","Uridine 5'-Diphosphoglucuronic Acid","C15 H22 N2 O18 P2",97299.0674322661,148668.241352984,70937.3886530347,113616.592403919,97246.3817560894,89218.6319381997,144410.368725651,153288.773266446,169290.568148704,66504.2735006063,53830.6885061688,88220.2773309566,87013.4590381758,159980.368290004,135034.313636435,71561.6246179465,127774.443276814,171832.582740483,193847.751217664,134708.301002716,138245.225381392,79890.8446972455,144399.31173185,135713.860182886
"Amide-Neg-002149","Uridine 5'-Triphosphate Sodium Salt","C9 H15 N2 O15 P3",223024.833859817,393781.617969331,59107.5022188431,36483.5373067571,63208.75705843,365839.111357965,158812.308437052,181279.205319069,16021.8237795759,50668.8642500444,22292.9318242372,205794.738356417,29712.4858410152,249808.670993175,253393.769176935,35597.2732820311,107728.385012257,158317.522604345,101222.688122433,73365.6633871126,184311.225828235,100721.192456792,161541.639061691,62854.765796788
"C18-Pos-002017","Uridine Monophosphate","C9 H13 N2 O9 P",NA,7674926.28247799,NA,NA,15931340.848638,8986372.05865996,16723385.5864353,9866018.03549207,5805089.3406413,5222816.7498515,6451467.08226239,NA,NA,17272543.0715418,30259608.8416309,NA,22783625.6101564,21348188.1280417,3881263.9873044,12793924.1088705,30725309.5619675,7019236.0897917,11202404.571288,24589730.3993475
"C8-Pos-002037","Victoria Pure Blue Bo","C33 H39 N3",253924.969150965,NA,131191.973735008,114565.480910919,44126.04003577,46853.4966245209,244012.259418568,828789.973351293,892008.341390823,146631.975377818,1693279.14027451,1629005.60143324,NA,1217686.64747958,2503136.94601178,52588.6376555964,175458.579456282,26596.3820941118,295077.164952258,11096239.5335096,1560951.36209965,58096.1497026327,2170833.26025568,219431.565611702
"C18-Pos-002279","Vidarabine Phosphate","C10 H14 N5 O7 P",263815863.665912,NA,294341947.827176,337964375.640243,207317707.645895,250821546.405276,337794233.334911,NA,361776348.256591,306159322.118268,340011749.154663,NA,227518548.996444,277231243.580029,21747.0528912621,230264589.85144,227826978.943689,313749846.192406,468833344.56101,290634038.935059,222667186.624714,237849528.56575,254440548.280011,347299153.590928
"C8-Pos-001060","Vitamin D3","C27 H44 O",1169837.88292239,1252620.27211898,15195.5964725486,1211894.43283655,1358696.45967743,1190145.44047992,1347673.6699805,896554.147927369,1425532.7731196,1255849.06266138,1159532.97237036,9675.6400541117,1046531.26197041,1142468.1514399,19220.8453334786,1253497.90746013,1499935.74543347,1246872.83828376,1157987.81779624,9227.08545975993,1034994.21183272,12514.1841311147,1063130.31821756,1756450.63460466
"Amide-Neg-000523","Xanthine","C5 H4 N4 O2",2728603.24728536,6921441.29660419,3241740.43675725,6103050.66068286,14972590.9730199,6664525.53145522,12120957.6129082,5842631.19147896,16341111.2244763,5573327.40830775,3551828.48050636,5889570.86852363,8067657.27671621,8143339.41067053,4792097.2566582,5262640.34250825,10737420.0426863,7385557.95944142,11499035.5858381,12425125.1425784,8667013.84651321,3828235.26550206,7224203.90413754,6353386.1921442
"C18-Neg-001023","Xanthosine","C10 H12 N4 O6",NA,263671.505731694,200526.379171008,NA,847862.197960437,NA,571953.754723568,NA,1211813.3613496,NA,452867.153264509,NA,210051.741959624,77349.9040707649,NA,NA,349646.063015487,69891.2472288806,561718.323304512,281794.451891641,NA,79009.728327684,103857.652582796,161295.189884107
"Amide-Pos-001479","Xanthosine 5'-Monophosphate","C10 H13 N4 O9 P",45911.2659412154,79340.5175600032,60379.9580526969,176644.612470405,90294.8735860155,172792.659945253,332354.977509268,25333.8444564668,317836.689284457,132569.51853155,172776.632646471,157401.72162814,71562.0546921283,24009.0196225768,137538.721452254,57136.5222095223,69624.708499049,20595.2816411651,192015.9879865,133620.865662686,106983.712167448,12251.1831192081,41183.0365983728,49438.4382152065
"Amide-Neg-000340","Xylose","C5 H10 O5",281104.607272608,576185.247616435,NA,706210.804254151,1337780.06094687,8252783.47401679,NA,2951082.87455027,171767.05328933,213176.027178135,88543.6337020658,3373807.07443318,645458.152165622,532792.691264578,694738.47990399,3550155.92071946,901713.903246362,NA,690759.47485279,516319.807776666,955471.919662522,NA,576138.015935393,NA
"C18-Neg-000934","Yrquylsqfnxrba-Izzdovswsa-N","C15 H28 O4",429624.231860859,6114.98228237174,55087.5940359856,32255.8981138547,56212.3548452451,42075.1604200742,64914.6219906761,55243.0810372828,NA,11658.7993737028,93581.3780434029,63181.7897959694,49619.6708416586,20769.4022550809,30351.6961181661,47270.7963196701,40318.8193554798,3291.35613118605,NA,29252.227964291,62118.4718401922,7524.35884706506,2390.72585652882,85613.5338182273
"Amide-Pos-001385","[2,2'-Biquinoline]-4,4'-Dicarboxylic Acid","C20 H12 N2 O4",79712.8467790445,100413.123152297,146255.364497503,65491.8648614054,506086.325375123,140164.305206637,205326.807704426,46087.9842512809,23249.3335296918,32552.0010849326,43460.7530065013,69456.108785103,95619.3438013682,47635.6570646004,263192.267849326,106058.687910567,116750.915480385,80411.1449283997,55826.8881623089,43302.2174085558,133580.683517744,85573.6333016603,650824.152024686,105562.986836893
"Amide-Neg-000851","Α-Cyano-3-Hydroxycinnamic Acid","C10 H7 N O3",140136.244628153,264680.199080282,185398.246986122,360339.477775184,236443.464868623,338060.740536507,242503.706783858,195578.273890948,367406.835645505,209666.37405729,270916.745508906,101926.898217578,113414.810168497,252864.051311651,103216.859495089,8713.00157208533,NA,323639.623027418,740927.66625355,NA,291529.328920107,86739.9947629495,306198.203602976,373242.463348518
"Amide-Neg-000114","Γ-Aminobutyric Acid","C4 H9 N O2",1212669.39285611,1617159.74352693,1344230.06735291,1578336.09673414,1490487.24143545,1815993.07632479,2001931.49939619,2099659.82283142,2161532.04642757,2053304.72731288,1129026.92655123,2339589.80184194,1607768.97305768,2188202.5620308,1959756.90626398,1578645.88919795,1804488.40507554,2104314.00791592,2725306.60260391,2149997.30533765,1869004.8139782,1422740.66560448,2090719.70428403,2078624.54929072
"C8-Neg-000175","Δ2-Cis-Hexadecenoic Acid","C16 H30 O2",2995354.53877577,22247104.0338541,4071215.37515069,6903151.49490318,11337388.7103304,9549182.61194202,8624439.22182298,12067428.0896079,26643097.9184176,3661128.94743662,11722614.5503927,7015713.77834507,12624036.7134009,3471382.38939546,7063566.26777423,7432581.17874016,8790188.26338241,4000913.86953207,8755663.5038862,2394542.36535955,10599417.8306415,2131822.26496899,7910558.99253716,719600.988029742
"Amide-Pos-001105","Υ-L-Glutamyl-L-Glutamic Acid","C10 H16 N2 O7",5961.11156116529,19291.1890004457,13892.2033847718,23409.1809546378,NA,18771.6663006444,12807.5763741759,7422.96651710007,5869.0619573329,28244.021567406,7331.81375866332,NA,9158.66337663516,NA,26013.7752977368,9425.07437464566,NA,26936.1314989351,7818.09749028272,7153.54873071028,49054.7042717681,12297.5234399524,NA,12167.9530644142
