Name,Compound.ID_Batch1,Compound.ID_Batch2,Sample10,Sample19,Sample32,Sample35,Sample01,Sample08,Sample09,Sample20,Sample02,Sample03,Sample04,Sample06,Sample07,Sample13,Sample15,Sample17,Sample18,Sample21,Sample23,Sample24,Sample26,Sample31,Sample33,Sample37,Sample40,Sample41,Sample42,Sample43,Sample46,Sample47,Sample49,Sample50,Detected_Batch1,Detected_Batch2,Detected_Both
(-)-Epinephrine,C18-Pos-000401,NA,606131.73104045,301866.687576081,770701.671675308,522528.710915245,621426.733617865,1830913.81189757,519017.538863421,716079.782120636,NA,NA,NA,NA,NA,NA,NA,NA,NA,NA,NA,NA,NA,NA,NA,NA,NA,NA,NA,NA,NA,NA,NA,NA,TRUE,FALSE,FALSE
(-)-Riboflavin,C18-Pos-000618,NA,86939.5139306545,114070.830407693,NA,14323.0681414142,82720.7001116249,66538.348406145,165057.101520831,27300.9344920086,NA,NA,NA,NA,NA,NA,NA,NA,NA,NA,NA,NA,NA,NA,NA,NA,NA,NA,NA,NA,NA,NA,NA,NA,TRUE,FALSE,FALSE
"(11.Xi.)-4,7-Dihydroxy-12,13-epoxytrichothec-9-en-8-one",C8-Pos-000439,NA,692689.046708542,687623.372171954,859206.390161803,765004.477589333,722992.341134081,788909.11676788,724918.793870367,956836.103352068,NA,NA,NA,NA,NA,NA,NA,NA,NA,NA,NA,NA,NA,NA,NA,NA,NA,NA,NA,NA,NA,NA,NA,NA,TRUE,FALSE,FALSE
"(14E,16S,17S)-17-{2-[(2R)-2-(Methoxymethyl)-1-pyrrolidinyl]-2-oxoethyl}-8-(1-piperazinyl)-12-oxa-1,4-diazatricyclo[14.3.1.06,11]icosa-6,8,10,14-tetraen-2-one",C8-Pos-000527,NA,331702.786197426,315018.289937756,313637.035707419,307582.45918754,292335.700564667,367508.118351707,310900.478723606,379209.787577667,NA,NA,NA,NA,NA,NA,NA,NA,NA,NA,NA,NA,NA,NA,NA,NA,NA,NA,NA,NA,NA,NA,NA,NA,TRUE,FALSE,FALSE
(25S)-7-Dafachronic acid,C8-Pos-000504,NA,59811.9873249341,NA,83300.9825986657,264500.66486311,477354.415865331,272931.146324141,234805.028336177,NA,NA,NA,NA,NA,NA,NA,NA,NA,NA,NA,NA,NA,NA,NA,NA,NA,NA,NA,NA,NA,NA,NA,NA,NA,TRUE,FALSE,FALSE
(2E)-4-Hydroxybut-2-enoic acid,Amide-Neg-000169,NA,4186418.45686985,3547246.95615351,1493102.64574461,2169023.20275545,3421589.63583456,1268925.53499146,1148682.24492097,1039878.18276015,NA,NA,NA,NA,NA,NA,NA,NA,NA,NA,NA,NA,NA,NA,NA,NA,NA,NA,NA,NA,NA,NA,NA,NA,TRUE,FALSE,FALSE
"(2E,4E,12Z)-N-(2-methylpropyl)octadeca-2,4,12-trienamide",C8-Pos-000159,NA,5850330.00809706,10858379.75126,13173016.443743,14967790.5599932,14067032.546164,12109974.0152501,6402330.1111174,5319819.5360179,NA,NA,NA,NA,NA,NA,NA,NA,NA,NA,NA,NA,NA,NA,NA,NA,NA,NA,NA,NA,NA,NA,NA,NA,TRUE,FALSE,FALSE
"(2R)-2,3-Dihydroxypropanoic acid",Amide-Neg-000185,Amide-Neg-000402,1925771.95800167,1649250.11441625,3711152.72027757,NA,974856.076705343,NA,938799.81505341,1174986.84504379,722301.997610909,677441.517326747,1045239.06988713,954014.865059467,1649927.09657046,1509404.85106544,1728136.25811666,842017.147095689,615979.642491552,292556.453299083,420641.480690209,389854.393948169,363948.515229338,225292.642647678,878253.957745851,518862.206760587,471523.040449679,452581.527760096,534542.204548878,231206.334239009,691699.503083447,532400.469127532,671057.13645801,573912.394385191,TRUE,TRUE,TRUE
(2R)-6-Oxo-2-piperidinecarboxylic acid,Amide-Pos-000508,NA,272646.12954435,104808.308461755,211532.190545416,165460.543988341,141913.222326067,167356.657495395,133514.087156954,155841.375353284,NA,NA,NA,NA,NA,NA,NA,NA,NA,NA,NA,NA,NA,NA,NA,NA,NA,NA,NA,NA,NA,NA,NA,NA,TRUE,FALSE,FALSE
"(2R,3R,6R)-5-[(1E,3E)-hepta-1,3-dienyl]-2,3-dihydroxy-6-(hydroxymethyl)cyclohexan-1-one",C8-Pos-000427,NA,411617.865999251,557467.070609202,577835.292194023,559972.636716298,1134846.05390816,892478.323954095,921008.362820771,980132.53257964,NA,NA,NA,NA,NA,NA,NA,NA,NA,NA,NA,NA,NA,NA,NA,NA,NA,NA,NA,NA,NA,NA,NA,NA,TRUE,FALSE,FALSE
"(2S)-2-((1S)-1-Hydroxypentyl)-4-methoxy-2,3-dihydropyran-6-one",C18-Pos-000653,NA,27043.0146822678,81213.4730536817,113346.35392054,58699.3517844653,53137.2393858908,75479.6729391939,63131.7651753211,71679.3240638345,NA,NA,NA,NA,NA,NA,NA,NA,NA,NA,NA,NA,NA,NA,NA,NA,NA,NA,NA,NA,NA,NA,NA,NA,TRUE,FALSE,FALSE
"(3.alpha.,5.alpha.,25R)-Spirostan-3-ol",C8-Pos-000289,NA,1476831.05775496,2258565.33960234,1316155.93442475,1549233.91452364,1234119.70413667,3557587.66247283,824122.633887826,1525690.23973555,NA,NA,NA,NA,NA,NA,NA,NA,NA,NA,NA,NA,NA,NA,NA,NA,NA,NA,NA,NA,NA,NA,NA,NA,TRUE,FALSE,FALSE
"(3aS,10aR,10bR)-6,10a-Dimethyl-3-methylene-3,3a,4,5,7,8,10a,10b-octahydrofuro[3',2':6,7]cyclohepta[1,2-b]pyran-2,9-dione",C8-Pos-000556,NA,NA,NA,194282.609880182,16250.4082906226,85402.3369825124,26869.9077409623,59698.0863128251,23346.4790545074,NA,NA,NA,NA,NA,NA,NA,NA,NA,NA,NA,NA,NA,NA,NA,NA,NA,NA,NA,NA,NA,NA,NA,NA,TRUE,FALSE,FALSE
"(6E)-2,6,10-trimethyldodeca-6,11-diene-2,3,10-triol",C8-Pos-000470,NA,724763.969118399,305138.31692161,359709.621350293,435015.817935367,NA,438811.229810292,412281.808777979,435560.202937457,NA,NA,NA,NA,NA,NA,NA,NA,NA,NA,NA,NA,NA,NA,NA,NA,NA,NA,NA,NA,NA,NA,NA,NA,TRUE,FALSE,FALSE
"(9Z,12E)-15,16-Dihydroxyoctadeca-9,12-dienoic acid",C8-Pos-000288,NA,1042204.46719068,2300973.08221948,679141.037807405,2987580.73983012,3147535.28770058,2633853.28803907,3075611.3053727,3670435.38432306,NA,NA,NA,NA,NA,NA,NA,NA,NA,NA,NA,NA,NA,NA,NA,NA,NA,NA,NA,NA,NA,NA,NA,NA,TRUE,FALSE,FALSE
"(9Z,12R)-12-Hydroxyoctadec-9-enoic acid",C8-Neg-000086,C8-Neg-000105,5249954.86141992,5282404.93757209,3074942.13203803,3393186.32425809,2549506.72612941,5211290.45844744,2811477.18556088,3418828.53683712,2119507.93285287,2471903.86876469,1928490.56581769,1956453.32320158,2198342.55368966,2007597.38707674,1857134.54377731,2038362.52705998,1985336.5602246,1644984.56720264,1845287.34944226,2066640.05076635,1883293.98732078,1964059.46711774,1748276.84196356,1847630.90866507,1943465.04959638,1645873.98721886,1574720.27503054,1949497.89754077,1940907.65887282,1698259.61122847,2009324.82997981,1611684.83667418,TRUE,TRUE,TRUE
"(9aR,9bS)-9a-Hydroxy-6,9-dimethyl-3-methylene-3,3a,4,5,9a,9b-hexahydroazuleno[4,5-b]furan-2,7-dione",C8-Pos-000472,NA,86510.8296409422,119848.751463271,NA,92459.7485677615,714479.323768317,619049.329070164,554974.597857577,593034.471338993,NA,NA,NA,NA,NA,NA,NA,NA,NA,NA,NA,NA,NA,NA,NA,NA,NA,NA,NA,NA,NA,NA,NA,NA,TRUE,FALSE,FALSE
"(R)-4-((8S,9S,10R,13R,14S,17R)-10,13-dimethyl-3-oxo-2,3,8,9,10,11,12,13,14,15,16,17-dodecahydro-1H-cyclopenta[a]phenanthren-17-yl)pentanoic acid",C8-Pos-000521,NA,278647.926217114,344825.26874239,347803.94606267,389860.174339983,294100.021721814,328952.729782886,267455.925819975,328674.380347766,NA,NA,NA,NA,NA,NA,NA,NA,NA,NA,NA,NA,NA,NA,NA,NA,NA,NA,NA,NA,NA,NA,NA,NA,TRUE,FALSE,FALSE
(R)-Butyrylcarnitine,C18-Pos-000136,C18-Pos-000134,14997404.3304847,18257872.9789197,12844344.685497,11807915.6941251,12888522.072706,26731771.5827107,15481403.6312768,11908421.8954844,7979220.81258952,8608499.14562454,7023798.95637304,10097396.0474873,5489856.41423941,4468403.20352584,7850827.90088372,9093138.18406634,11901678.8842564,11564633.0772787,9439137.17561167,3785344.09208185,2780134.13008227,9056048.52118421,10712309.6963416,5809973.39468469,6744499.65965177,11754413.6884083,12876378.3246086,13798848.9657056,7245426.1042685,7975255.63924407,8169985.62442842,9504411.73095022,TRUE,TRUE,TRUE
(Z)-2-octylpent-2-enedioic acid,C8-Pos-000570,C8-Pos-000678,119282.02020739,118216.085014953,128457.178379865,115037.957247215,114271.40303355,96791.0385712491,113675.03426741,90008.1995253844,131384.138482018,144901.597765578,202442.748041025,145067.220095411,135846.375252149,151231.821536773,181604.114125687,156940.101817023,183345.430188019,106454.037141388,133663.377034727,108406.843682204,144640.244719493,168831.335247262,169204.462694949,140348.654311337,214520.508851764,144000.953570385,111484.610096914,131786.091675827,123279.92690624,139449.00575402,136602.848765662,142876.731225819,TRUE,TRUE,TRUE
"(Z,E)-Tetradeca-9,12-dienol",C8-Pos-000141,C8-Pos-000233,4725447.97111859,14492459.2107387,12604012.704779,16809602.2680397,13910231.0555447,18449639.4652669,10050769.491956,6449259.92356017,7018762.87610897,7119458.62122105,7200286.19592372,7320996.69220429,6875151.72435388,7236520.32041591,7330186.79716779,7067751.62335942,7089181.86883766,7267082.92676958,5568733.27003243,5757765.79789354,7092451.2847645,NA,6504410.94758383,7283820.74337513,6860576.87831862,6435473.56554378,5193029.50358756,7324963.99081944,6826439.40375478,7039007.25875374,6980821.40821161,6991535.60726124,TRUE,TRUE,TRUE
.alpha.-Galactosyl-N-stearoylsphingosine,C8-Pos-000158,NA,4541820.91796841,4524665.26384238,4685393.27610381,4717993.94721203,4075083.5613536,15398335.4503117,4183716.13810466,3441223.75968588,NA,NA,NA,NA,NA,NA,NA,NA,NA,NA,NA,NA,NA,NA,NA,NA,NA,NA,NA,NA,NA,NA,NA,NA,TRUE,FALSE,FALSE
.beta.-Asp-Gly,Amide-Pos-000483,NA,428840.030304219,329417.199793699,499567.576245652,292395.674783463,302113.984078495,397430.922178175,268870.269773931,205975.595941089,NA,NA,NA,NA,NA,NA,NA,NA,NA,NA,NA,NA,NA,NA,NA,NA,NA,NA,NA,NA,NA,NA,NA,NA,TRUE,FALSE,FALSE
.beta.-Damascone,C18-Pos-000371,NA,1976588.40883684,2088077.31963057,2328443.87626118,2076046.13870493,1782733.85631039,2112612.07244995,1307474.21804306,1202912.74563307,NA,NA,NA,NA,NA,NA,NA,NA,NA,NA,NA,NA,NA,NA,NA,NA,NA,NA,NA,NA,NA,NA,NA,NA,TRUE,FALSE,FALSE
.beta.-Glycerophosphate,Amide-Pos-000487,NA,259034.786321279,217858.506097411,365893.481900305,194221.230950318,147307.040102406,457456.721059555,138349.946841519,276563.821814014,NA,NA,NA,NA,NA,NA,NA,NA,NA,NA,NA,NA,NA,NA,NA,NA,NA,NA,NA,NA,NA,NA,NA,NA,TRUE,FALSE,FALSE
.beta.-Nicotinamide adenine dinucleotide,Amide-Neg-000437,NA,340531.676326572,241892.293129153,225376.201759764,82482.1102158755,64805.8453919403,99661.821036652,51389.8271589851,63677.7859061509,NA,NA,NA,NA,NA,NA,NA,NA,NA,NA,NA,NA,NA,NA,NA,NA,NA,NA,NA,NA,NA,NA,NA,NA,TRUE,FALSE,FALSE
"1,11-Undecanedicarboxylic acid",C18-Neg-000139,NA,101830.461349949,94078.5047593122,81745.1077407332,67891.4768941139,76603.657395226,78595.6527992056,73867.0313469884,55248.4739858909,NA,NA,NA,NA,NA,NA,NA,NA,NA,NA,NA,NA,NA,NA,NA,NA,NA,NA,NA,NA,NA,NA,NA,NA,TRUE,FALSE,FALSE
"1,2-Bis(O-octanoyl)-sn-glycerylphophorylcholine",C8-Pos-000542,NA,121613.119435261,163406.375162575,161543.965270599,144714.203925509,220962.668260336,289074.905671996,176358.771131177,54702.2969873864,NA,NA,NA,NA,NA,NA,NA,NA,NA,NA,NA,NA,NA,NA,NA,NA,NA,NA,NA,NA,NA,NA,NA,NA,TRUE,FALSE,FALSE
"1,2-Cyclohexane dicarboxylic acid diisononyl ester",C8-Pos-000252,NA,1012106.90650278,5178125.46031698,1695389.5286143,4579484.51364885,2086658.06332705,1671245.11659827,1016880.19697569,925853.467164593,NA,NA,NA,NA,NA,NA,NA,NA,NA,NA,NA,NA,NA,NA,NA,NA,NA,NA,NA,NA,NA,NA,NA,NA,TRUE,FALSE,FALSE
"1,2-Di-(9Z,12Z,15Z-octadecatrienoyl)-sn-glycero-3-phosphocholine",C8-Pos-000061,C8-Pos-000086,47272472.9952872,NA,72869453.3733914,80711931.7104523,92137581.1447166,NA,57682078.7570589,38631895.7694472,18676092.753677,18682902.0891827,15348760.4163362,30005152.9358207,27621993.0102404,20175852.2239023,18912621.5262329,22140149.1552377,37395170.96425,22623790.2607237,34387763.2562607,30432323.801921,20762092.8939884,18976443.9073519,23799838.8392082,15068252.5851208,23676499.1229257,12172420.2317643,22889309.4947636,21981616.3318136,21773795.1065772,19259739.2595285,22262016.2666057,11348690.2970143,TRUE,TRUE,TRUE
"1,2-Diarachidonoyl-sn-glycero-3-phosphocholine",C8-Pos-000151,C8-Pos-000097,9604753.81471503,12593431.2480752,11537147.6177212,12010634.5628928,16628857.3860272,11887601.2856025,10696183.2477489,10008130.9439009,20874825.2887667,23316845.5035795,24860049.0072765,22907948.6861897,25669132.8736795,27894809.962235,28592369.7143085,28319503.304912,24991662.3736632,17904653.2851935,21039652.8035011,24482826.6125442,22428304.9105601,19468824.2734131,32721314.9648025,22427752.6062925,23164408.3384013,17295625.2758251,22703896.9662792,23903351.221258,26071995.0848123,21591271.0286475,20980663.9652781,20497741.44868,TRUE,TRUE,TRUE
"1,2-Dilinolenoyl-sn-glycero-3-phosphoethanolamine",C8-Pos-000165,C8-Pos-000295,5828527.29554278,10467873.6319372,8747881.12138463,8579131.62594968,9214572.25294699,13593173.3293563,6571385.59536466,NA,4770618.11958427,3785265.92205277,3793073.41281718,3082820.50428629,3852002.14493506,3046841.75428259,3339040.13582722,3024374.7836943,3047771.31424712,2878434.52551971,2781710.49433277,2582214.8646656,4056498.05364188,2981317.5119412,3134579.45446256,3435725.51414515,3600378.4921719,3917590.66590502,3312210.43800647,2879058.87435311,3570597.8032774,4209741.56161992,3655098.09567768,2796113.65002437,TRUE,TRUE,TRUE
"1,2-Dilinoleoyl-sn-glycero-3-phosphocholine",C8-Pos-000016,NA,450350747.485388,779091412.902727,676499392.53529,607790238.194414,664351433.924971,760532194.685799,486748766.679337,523281886.92455,NA,NA,NA,NA,NA,NA,NA,NA,NA,NA,NA,NA,NA,NA,NA,NA,NA,NA,NA,NA,NA,NA,NA,NA,TRUE,FALSE,FALSE
"1,2-Dilinoleoyl-sn-glycero-3-phosphoethanolamine",C8-Pos-000053,C8-Pos-000110,44625606.6853289,77624340.0963603,78231158.0226542,67278322.6608085,66644810.0978992,120608840.195802,64293482.9088989,60477565.2636902,20233391.2288661,19479551.9061302,24438932.128186,18398199.037255,24348226.3872894,18280323.4434448,26453090.4642314,14909947.8483666,13796997.3365006,17506393.9067703,14663877.2571827,10834248.586722,18378548.1001752,13176942.2689194,18734004.0026558,21925818.704878,16097127.561677,17579492.2861758,16771578.0712626,14139842.4684991,20324225.1164088,17954769.47162,17082111.0302239,23143432.7635333,TRUE,TRUE,TRUE
"1,2-Dilinoleoylglycerol",C8-Pos-000185,NA,NA,8472047.01172181,6810196.42026294,7953202.81549076,7399857.20443528,9662853.09739001,7241739.94348958,10657340.1497888,NA,NA,NA,NA,NA,NA,NA,NA,NA,NA,NA,NA,NA,NA,NA,NA,NA,NA,NA,NA,NA,NA,NA,NA,TRUE,FALSE,FALSE
"1,2-Dimyristoyl-sn-glycero-3-phosphoethanolamine",C8-Pos-000387,NA,448576.535473632,736596.787861968,517692.564023508,1097227.37668398,1115130.14274142,1491432.74375365,508574.382432754,433286.037829401,NA,NA,NA,NA,NA,NA,NA,NA,NA,NA,NA,NA,NA,NA,NA,NA,NA,NA,NA,NA,NA,NA,NA,NA,TRUE,FALSE,FALSE
"1,2-Dioleoyl-sn-glycero-3-phospho-L-serine",C8-Neg-000039,NA,1260552.62762425,16340045.0000221,12504805.8935495,10446251.2046085,11128025.5376534,4252956.5756493,5673033.24372886,994544.520480574,NA,NA,NA,NA,NA,NA,NA,NA,NA,NA,NA,NA,NA,NA,NA,NA,NA,NA,NA,NA,NA,NA,NA,NA,TRUE,FALSE,FALSE
"1,2-Dioleoyl-sn-glycero-3-phospho-rac-1-glycerol",C8-Neg-000135,NA,186428.030175472,846838.33339518,387791.763273296,511018.972466877,207691.424944265,1514917.33123486,149307.33422288,75166.7934911806,NA,NA,NA,NA,NA,NA,NA,NA,NA,NA,NA,NA,NA,NA,NA,NA,NA,NA,NA,NA,NA,NA,NA,NA,TRUE,FALSE,FALSE
"1,2-Dipalmitoleoyl-sn-glycero-3-phosphocholine",C8-Pos-000012,C8-Pos-000008,476221479.302931,974704607.469279,1018285602.71122,912492125.637419,1046340246.2802,1047710686.41892,523227831.720197,463702842.843491,473983934.269542,607391018.557895,450275247.494813,603746930.200183,581138444.154186,623128367.036754,525249944.218973,660549574.651823,557441007.633149,619774912.997127,739765822.904286,822210296.994865,567392450.309982,620166230.224499,729472897.005037,527332488.868741,649871390.170449,511607092.66464,497907009.337001,580503949.483304,672483286.207528,569546777.792681,636733277.322426,526876779.878017,TRUE,TRUE,TRUE
"1,2-Dipalmitoleoyl-sn-glycero-3-phosphoethanolamine",C8-Pos-000262,NA,3029719.45236997,2709718.53993248,4022053.01763826,3755799.78004625,4627223.19926268,2533507.0413623,3520771.2032889,2959980.29632175,NA,NA,NA,NA,NA,NA,NA,NA,NA,NA,NA,NA,NA,NA,NA,NA,NA,NA,NA,NA,NA,NA,NA,NA,TRUE,FALSE,FALSE
"1,2-Dipalmitoyl-sn-glycero-3-phospho-(1'-rac-glycerol)",C8-Neg-000147,NA,150531.560010019,847460.963697282,302056.323393676,344349.599420861,255446.93561544,930941.115982248,117179.31239437,NA,NA,NA,NA,NA,NA,NA,NA,NA,NA,NA,NA,NA,NA,NA,NA,NA,NA,NA,NA,NA,NA,NA,NA,NA,TRUE,FALSE,FALSE
"1,2-Dipalmitoyl-sn-glycero-3-phosphoethanolamine",C8-Pos-000194,NA,5918511.94765877,8129068.6965219,3966211.7108542,8257047.22163629,7548122.51706939,9248352.58566762,6779801.98170743,4352454.41163885,NA,NA,NA,NA,NA,NA,NA,NA,NA,NA,NA,NA,NA,NA,NA,NA,NA,NA,NA,NA,NA,NA,NA,NA,TRUE,FALSE,FALSE
"1,2-Dipalmitoyl-sn-glycero-3-phosphoethanolamine-N-methyl",C8-Pos-000261,NA,1756317.45402006,2918218.05847787,1072202.61267016,1983728.39053584,1327046.60564317,4701667.85881419,1667479.59017791,1773613.67119209,NA,NA,NA,NA,NA,NA,NA,NA,NA,NA,NA,NA,NA,NA,NA,NA,NA,NA,NA,NA,NA,NA,NA,NA,TRUE,FALSE,FALSE
"1,2-Dipentadecanoyl-sn-glycero-3-phosphocholine",C8-Pos-000008,C8-Pos-000010,1305528578.70031,1374562173.14843,1490302919.58376,1502771677.32946,1373834613.52029,1793207886.23394,1609998666.30693,1644316827.49919,529123460.098412,508411415.494113,530012656.012163,488572869.134885,497257845.675001,450787317.971427,548537430.726324,389116310.487344,428671899.255476,474580870.314936,554344119.66351,570530467.393923,481098717.581441,524005832.607689,396023852.662953,525802203.185824,485638344.856945,655610982.350023,649745643.463006,490536054.240551,548483248.746734,578308835.709557,626686267.978646,642012162.969491,TRUE,TRUE,TRUE
"1,2-Distearoyl-sn-glycero-3-phosphocholine",C8-Pos-000083,NA,17915895.8993608,33051226.6847858,20037637.391141,29941025.9579883,41795149.9309335,53319028.541637,17061624.4864526,9787565.73469233,NA,NA,NA,NA,NA,NA,NA,NA,NA,NA,NA,NA,NA,NA,NA,NA,NA,NA,NA,NA,NA,NA,NA,NA,TRUE,FALSE,FALSE
"1,2-Ditetradecanoyl-sn-glycero-3-phosphocholine",C8-Pos-000010,C8-Pos-000023,277557344.037179,906047678.431078,818273155.798237,946744925.763342,809098047.835204,1293825846.50093,438128210.287321,380565894.530645,288717126.77049,264519143.599218,246856629.832472,293385382.285596,264185316.121557,185426812.417876,296659509.211044,195430484.235164,222885616.641306,274051189.466766,265667625.563516,225422741.76888,261610228.555868,215935487.010723,168588509.805616,288218035.379452,209119982.412673,288353656.135706,242098653.978266,241052820.426807,216725543.555059,301394148.725949,304177878.401467,274071937.550946,TRUE,TRUE,TRUE
"1,2-dihydroxyheptadec-16-yn-4-yl acetate",C8-Pos-000223,C8-Pos-000326,2871063.05586489,NA,4791288.69940996,NA,5373083.74989531,6711542.26294819,4305211.17685471,3266905.65005717,3368225.08730601,3310142.2578088,3258235.14183967,3796062.3386724,3331824.57788526,3582599.94783983,3298142.30396023,3258522.98461245,3407515.85272601,NA,2234676.97688533,2337433.69922439,3214362.71391672,2512480.20682626,3053111.21229942,3181327.57305832,3053017.11234,3102020.10295153,2279798.97604104,3205846.6306195,3103390.86516042,3265185.08042819,3258644.47108567,NA,TRUE,TRUE,TRUE
"1,2-dioleoyl-sn-glycero-3-phosphatidylcholine",C8-Pos-000018,C8-Pos-000014,377520448.952647,416707667.136438,398261842.132795,467321253.756574,552916523.678424,498321424.609458,245873195.150307,323184597.788895,369121745.160618,329960030.253224,280400283.410425,196381449.142914,318002571.877941,365320140.091811,277709213.847256,401720288.241115,339182188.42463,383347291.613407,432091065.658035,381425969.032618,339925404.18176,530024306.090316,438203885.055104,352153848.716476,389196004.639212,376842006.172862,305019007.242872,381521862.122404,390346527.972229,386027257.736153,379722853.47983,403959986.304132,TRUE,TRUE,TRUE
"1,3-Dipalmitoyl-sn-glycero-2-phosphoethanolamine",C8-Neg-000077,NA,1965526.60868343,4322227.37719706,1342007.12423333,2957526.08525101,2038654.08015801,5865637.80491539,1457972.59009497,718209.515247861,NA,NA,NA,NA,NA,NA,NA,NA,NA,NA,NA,NA,NA,NA,NA,NA,NA,NA,NA,NA,NA,NA,NA,NA,TRUE,FALSE,FALSE
"1,3-Diphenylacetone",C8-Pos-000354,C8-Pos-000608,849435.870313884,1861624.03719577,1656137.05913067,928750.135141941,1560847.16759094,2028100.75384174,949958.969990271,1316609.60055722,467799.216735269,490982.092277737,489624.828737674,507659.330403108,494714.621928793,487229.800708263,483869.83664235,485879.583968973,479228.929982523,450303.807974545,473380.156999045,485838.498768566,479053.521090009,485069.139397733,482200.997176773,471118.278903986,475768.811360134,483486.336924637,482862.245583535,480303.33737969,466353.661263298,467947.01196467,467891.970833828,464853.281065217,TRUE,TRUE,TRUE
"1,4-Cyclohexanedicarboxylic acid",Amide-Neg-000338,NA,NA,596940.474106288,461488.713537066,572346.119904001,390275.412453604,436840.565211912,439667.636603077,454098.169006431,NA,NA,NA,NA,NA,NA,NA,NA,NA,NA,NA,NA,NA,NA,NA,NA,NA,NA,NA,NA,NA,NA,NA,NA,TRUE,FALSE,FALSE
"1,4-Dimethylpiperazine",Amide-Pos-000218,NA,3778292.05911836,3631699.53377572,5272090.89223919,5226791.03454344,2010790.20024421,3185738.46037946,3270974.68390073,3559160.7951018,NA,NA,NA,NA,NA,NA,NA,NA,NA,NA,NA,NA,NA,NA,NA,NA,NA,NA,NA,NA,NA,NA,NA,NA,TRUE,FALSE,FALSE
"1,4:3,6-Dianhydro-5-O-benzyl-2-[5-(4-biphenylyl)-1H-tetrazol-1-yl]-2-deoxy-D-glucitol",C8-Pos-000272,NA,3795307.34939609,3989665.31670291,3926192.05418391,4115074.51983449,3880135.51298827,3974016.83265908,3732725.27077222,3588621.33895438,NA,NA,NA,NA,NA,NA,NA,NA,NA,NA,NA,NA,NA,NA,NA,NA,NA,NA,NA,NA,NA,NA,NA,NA,TRUE,FALSE,FALSE
"1,6-Anhydro-.beta.-D-glucose",Amide-Neg-000053,NA,8783826.29296475,7566902.70995903,NA,15680836.019627,2969058.28179335,NA,4910850.94526454,5642180.21207423,NA,NA,NA,NA,NA,NA,NA,NA,NA,NA,NA,NA,NA,NA,NA,NA,NA,NA,NA,NA,NA,NA,NA,NA,TRUE,FALSE,FALSE
"1,6-Anhydro-2,3-O-isopropylidene-.beta.-D-mannopyranose",C8-Pos-000484,NA,384255.029365617,552509.746215345,606907.660292223,398236.491437445,138743.191034294,73846.7152935965,83089.6443277825,98178.7656874697,NA,NA,NA,NA,NA,NA,NA,NA,NA,NA,NA,NA,NA,NA,NA,NA,NA,NA,NA,NA,NA,NA,NA,NA,TRUE,FALSE,FALSE
"1,6-Hexanediol diglycidyl ether",C8-Pos-000551,NA,196651.903960723,205941.23153767,200328.211168965,218241.345468966,184181.904929078,225160.122419797,202137.240052552,145858.050373277,NA,NA,NA,NA,NA,NA,NA,NA,NA,NA,NA,NA,NA,NA,NA,NA,NA,NA,NA,NA,NA,NA,NA,NA,TRUE,FALSE,FALSE
1-(1Z-Hexadecenyl)-sn-glycero-3-phosphocholine,C8-Pos-000277,NA,786524.673236288,3914103.31681636,2053346.72852338,1774213.54532912,2296191.14875879,3206068.65539901,934163.944122509,553209.314670736,NA,NA,NA,NA,NA,NA,NA,NA,NA,NA,NA,NA,NA,NA,NA,NA,NA,NA,NA,NA,NA,NA,NA,NA,TRUE,FALSE,FALSE
"1-(1Z-Octadecenyl)-2-(4Z,7Z,10Z,13Z,16Z,19Z-docosahexaenoyl)-sn-glycero-3-phosphocholine",C8-Pos-000216,C8-Pos-000191,3119379.2271396,7151607.86504141,2896017.30053263,4493805.41083785,5270599.23731494,5579936.1868072,2717668.77136195,2151912.60682506,6165756.57903446,6260980.91582434,5644791.36759314,4750096.63304269,4490742.45893426,9539529.2402716,4385315.29871733,9021041.03664377,6595710.72838497,4632903.3529871,6802710.05934838,10984952.6127901,6442307.92534023,8032147.43566352,8454953.50552595,5392504.51963198,8784119.36173982,6128511.03759693,5647660.5255913,8855912.40101977,7844063.57287184,6762418.30474813,8185595.25235519,4774316.37032154,TRUE,TRUE,TRUE
1-(1Z-Octadecenyl)-2-(9Z-octadecenoyl)-sn-glycero-3-phosphocholine,C8-Pos-000181,C8-Pos-000211,7471507.78987783,9826804.73891105,8218893.92290674,10769549.9643942,11328846.1814227,8800568.91434606,7664031.39222696,6223189.75384991,4112111.48896333,2804716.01168291,4054975.03846471,3666800.31205165,3617699.52367184,6475681.89920696,3938739.72235545,5755332.51515909,4844609.99747718,2274550.2722546,5709109.04027818,8249697.14827164,2203896.50050051,4934316.91046832,5537685.52372785,3474394.04064354,5383488.91438052,5521469.80174029,4892666.01104964,2658635.55252223,6312921.74352535,4042680.19852923,6016019.92761058,2662646.31322006,TRUE,TRUE,TRUE
1-(1Z-Octadecenyl)-sn-glycero-3-phosphocholine,C8-Pos-000364,NA,303366.03935647,1861168.86891236,914072.182031544,865461.91539885,1059679.80184996,1419836.78862357,329312.68140158,199999.311377607,NA,NA,NA,NA,NA,NA,NA,NA,NA,NA,NA,NA,NA,NA,NA,NA,NA,NA,NA,NA,NA,NA,NA,NA,TRUE,FALSE,FALSE
"1-(2-Hydroxyethyl)-2,2,6,6-tetramethyl-4-piperidinol",Amide-Pos-000135,Amide-Pos-000232,16469293.9302954,18413124.6373926,21625762.0353841,20373905.1604677,10667118.4164699,20549690.5616564,18777560.4672462,16367296.7119487,9440410.96200801,8104753.57545474,9339867.27166551,3264068.38607234,4321507.99448925,4265570.02010172,7618486.9400214,7451375.21289012,3140902.85285606,3684899.56541793,7494488.7901487,4546629.1757113,3695058.14070741,7017125.24798264,NA,2648652.71059805,2506674.54797033,2187483.48626797,5024266.39241006,1741874.45381384,1896874.12475598,NA,1661286.9356541,2269886.87099874,TRUE,TRUE,TRUE
"1-(3-ethyl-2,4-dihydroxy-6-methoxyphenyl)butan-1-one",C18-Pos-000442,NA,866873.090126996,698090.518620822,1125782.77389871,1159549.1542875,1030934.77730345,821954.5735201,719533.735217995,614173.111767833,NA,NA,NA,NA,NA,NA,NA,NA,NA,NA,NA,NA,NA,NA,NA,NA,NA,NA,NA,NA,NA,NA,NA,NA,TRUE,FALSE,FALSE
"1-(5Z,8Z,11Z,14Z-Eicosatetraenoyl)-sn-glycero-3-phosphocholine",C8-Pos-000183,C18-Pos-000265,2483280.46068538,5270568.79769492,4079215.89689399,5623797.46300409,9227369.3730952,10746793.1147052,5947413.35897791,2519056.71445483,234264.985967055,367156.15169575,293992.43314105,479201.382109672,294065.411157997,122600.338150218,264690.948684925,187953.294356824,902126.854814923,233706.56045122,446389.900549931,142777.806032786,366298.345821458,175291.949379842,272359.361483892,278366.066723222,374875.11816676,312345.683934802,620788.750621653,380385.982312995,281694.909581233,267544.929796446,435861.242546367,280106.627910935,TRUE,TRUE,TRUE
"1-(5Z,8Z,11Z,14Z-Eicosatetraenoyl)-sn-glycero-3-phosphoethanolamine",C8-Neg-000042,NA,4881873.81446655,9541658.17989315,6235406.82734957,8170459.91285669,7985649.30519569,14555673.9598566,4661010.0262003,2764742.1834852,NA,NA,NA,NA,NA,NA,NA,NA,NA,NA,NA,NA,NA,NA,NA,NA,NA,NA,NA,NA,NA,NA,NA,NA,TRUE,FALSE,FALSE
1-(9Z-Octadecenoyl)-2-tetradecanoyl-sn-glycero-3-phosphocholine,C8-Pos-000003,NA,2097141897.29014,3781054620.38198,3451927728.2648,3130688312.11054,3452622748.5027,3893902752.93993,2445248294.4476,2391244858.03424,NA,NA,NA,NA,NA,NA,NA,NA,NA,NA,NA,NA,NA,NA,NA,NA,NA,NA,NA,NA,NA,NA,NA,NA,TRUE,FALSE,FALSE
1-(9Z-Octadecenoyl)-sn-glycero-3-phosphoethanolamine,C18-Pos-000517,NA,256726.696987643,402185.683568307,394321.888357858,270083.453218681,522907.696741294,426807.848065255,427345.400572522,234328.201439413,NA,NA,NA,NA,NA,NA,NA,NA,NA,NA,NA,NA,NA,NA,NA,NA,NA,NA,NA,NA,NA,NA,NA,NA,TRUE,FALSE,FALSE
1-.beta.-D-Arabinofuranosyluracil 5'-monophosphate,C18-Neg-000039,NA,1932342.37339698,8674931.77226665,2371250.39401358,NA,7063478.82792378,1705650.4901724,987158.719222159,813235.636989544,NA,NA,NA,NA,NA,NA,NA,NA,NA,NA,NA,NA,NA,NA,NA,NA,NA,NA,NA,NA,NA,NA,NA,NA,TRUE,FALSE,FALSE
1-AMINOCYCLOPROPANECARBOXYLATE,Amide-Pos-000401,Amide-Pos-000132,297573.346992925,779583.365735367,319648.593730771,589548.190109714,1022025.80654929,1518499.16395811,680638.474799751,873826.183236323,17180825.6559717,20808083.5326451,14822619.2082787,22120845.9412468,14198546.0591861,16896008.0607605,17482424.1051883,23755346.0909961,22803514.9259239,21486010.324277,21542601.2986081,19155228.8942074,15930256.694552,22285348.4194641,21042821.3332728,17606790.6609283,17803392.6246591,22633150.7557341,29782242.0435237,25712220.8231281,23525408.6568041,15796228.1115991,24053409.2485028,23764990.1251324,TRUE,TRUE,TRUE
1-Acetamidocyclopentane-1-carboxylic acid,Amide-Pos-000382,NA,2051958.35198865,412411.766506781,1782853.48888428,1632972.52121988,1131728.25160797,736106.620474358,1107494.09602434,490165.024566113,NA,NA,NA,NA,NA,NA,NA,NA,NA,NA,NA,NA,NA,NA,NA,NA,NA,NA,NA,NA,NA,NA,NA,NA,TRUE,FALSE,FALSE
1-Aminocyclohexanecarboxylic acid,Amide-Pos-000386,Amide-Pos-000461,1444146.56733294,1393539.11602195,817590.430287365,1130911.10610198,1978689.42158823,1566630.69719202,894263.714613915,NA,282611.950140047,640007.183675789,436194.506292482,901807.874546836,176675.174895493,968252.268202684,438061.672679653,1377170.77171696,371539.424998146,231605.677370699,1239008.95684403,299381.487601408,123037.562192348,858614.384135622,1032003.80047869,220899.102222864,928211.847797669,435077.217116382,468338.934814135,732246.047643738,NA,325317.716039554,594775.662103039,466002.440315508,TRUE,TRUE,TRUE
1-Dodecyl-2-pyrrolidinone,C18-Pos-000649,NA,116717.163192987,96261.6487712947,117306.603046462,108576.433016271,107359.902567449,109680.339359362,114685.803446355,87614.6519956569,NA,NA,NA,NA,NA,NA,NA,NA,NA,NA,NA,NA,NA,NA,NA,NA,NA,NA,NA,NA,NA,NA,NA,NA,TRUE,FALSE,FALSE
"1-Heptadecanoyl-2-(5Z,8Z,11Z,14Z-eicosatetraenoyl)-sn-glycero-3-phosphocholine",C8-Pos-000284,NA,1601630.26505531,3010046.2210057,2415789.54127684,2805774.21419943,3807111.55789901,3001405.90755878,2122331.95821044,2453021.53826038,NA,NA,NA,NA,NA,NA,NA,NA,NA,NA,NA,NA,NA,NA,NA,NA,NA,NA,NA,NA,NA,NA,NA,NA,TRUE,FALSE,FALSE
1-Hexadecanoyl-2-(14-pentadecenoyl)-sn-glycero-3-phosphocholine,C8-Pos-000092,C8-Pos-000133,18988071.5662972,41473190.9822318,38155117.6310507,41410302.4719841,44040480.9629621,45714563.3534338,25295349.6586361,23419875.883683998,20249119.2672885,18798100.4657378,17878655.206469,18972880.2507679,18229954.2689396,18528099.0887889,21105878.9261952,18439914.233318,18144014.9851873,18201653.9752199,20449222.4801994,4307562.63158857,16121166.3579693,17098987.3855041,21072169.0340734,18000043.5588558,18245845.2542128,17028051.5145585,633250.992162954,17330817.4883251,17772464.421376,18726050.1344952,20821110.823325,19723777.1402358,TRUE,TRUE,TRUE
"1-Hexadecanoyl-2-(5Z,8Z,11Z,14Z-eicosatetraenoyl)-sn-glycero-3-phospho-(1'-sn-glycerol)",C8-Neg-000134,NA,489564.406822968,1149287.31308176,804317.09917608,542450.547269208,438361.191542205,1562139.5158710901,369467.267321413,256758.396066858,NA,NA,NA,NA,NA,NA,NA,NA,NA,NA,NA,NA,NA,NA,NA,NA,NA,NA,NA,NA,NA,NA,NA,NA,TRUE,FALSE,FALSE
"1-Hexadecanoyl-2-(5Z,8Z,11Z,14Z-eicosatetraenoyl)-sn-glycero-3-phosphocholine",Amide-Pos-000400,C8-Pos-000012,NA,1219498.8448434,1459497.27800721,326972.532101221,1262826.15177453,1558286.0354582,322644.774109086,735724.279611569,512510925.262685,549153974.655246,616477829.199948,496728131.220492,565854389.814176,518132246.222384,581437398.224535,109049304.565685,532609969.55007,505698923.477497,483830290.222548,464552410.380239,519323190.91151,475929697.703076,479883108.91529,512236233.311729,447536838.839686,495780288.908886,625984236.467597,498790111.513044,494379530.197187,503241273.092358,536566497.855906,489886837.934589,TRUE,TRUE,TRUE
"1-Hexadecanoyl-2-(5Z,8Z,11Z,14Z-eicosatetraenoyl)-sn-glycero-3-phosphoserine",C8-Neg-000129,NA,883214.416870358,1490224.15479154,779389.833339606,1242169.03287661,637110.59454614,1695461.19914943,541659.111736439,337892.042068841,NA,NA,NA,NA,NA,NA,NA,NA,NA,NA,NA,NA,NA,NA,NA,NA,NA,NA,NA,NA,NA,NA,NA,NA,TRUE,FALSE,FALSE
1-Hexadecanoyl-2-(9Z-octadecenoyl)-sn-glycero-3-phospho-(1'-myo-inositol),C8-Neg-000061,NA,1441750.27073624,8721124.67309082,4698279.28734101,3153348.47050545,3342561.10159807,3862394.65144194,1103568.93706276,1396824.91387902,NA,NA,NA,NA,NA,NA,NA,NA,NA,NA,NA,NA,NA,NA,NA,NA,NA,NA,NA,NA,NA,NA,NA,NA,TRUE,FALSE,FALSE
1-Hexadecanoyl-2-(9Z-octadecenoyl)-sn-glycero-3-phosphoserine,C8-Neg-000050,NA,4510727.08768206,9512739.83574411,7180721.20088025,11984665.7899842,3063309.51643009,9496009.25378857,3086831.21421999,2220694.13894663,NA,NA,NA,NA,NA,NA,NA,NA,NA,NA,NA,NA,NA,NA,NA,NA,NA,NA,NA,NA,NA,NA,NA,NA,TRUE,FALSE,FALSE
1-Hexadecanoyl-sn-glycero-3-phosphoethanolamine,C8-Pos-000156,NA,3164544.0753594,10363564.9765578,6793567.97795316,7899401.41714034,10576774.7520822,15766793.482213,6662367.53261795,2562170.54940025,NA,NA,NA,NA,NA,NA,NA,NA,NA,NA,NA,NA,NA,NA,NA,NA,NA,NA,NA,NA,NA,NA,NA,NA,TRUE,FALSE,FALSE
1-Hexadecyl-2-(9Z-octadecenoyl)-sn-glycero-3-phosphocholine,C8-Pos-000037,C8-Pos-000053,116930625.617376,203259956.770305,129804364.388193,169730677.905965,174478213.971457,208957473.82234,116128608.187524,116569102.903993,28576928.151311502,34445826.7460413,41008535.6188108,26982924.6531986,33682133.8093598,57071945.500891,37539531.2560867,41775608.0973872,36106787.958201,34832643.1411965,60544035.2886586,97079311.0490136,32202381.8853613,43238761.972909,40697948.0522133,32112430.909403,47830010.1769121,56509093.4437197,61565725.5478126,56257820.4834781,63704545.621015,46986304.5092994,67748129.0475489,45026098.7454909,TRUE,TRUE,TRUE
1-Hexadecyl-sn-glycero-3-phosphocholine,C8-Pos-000375,C8-Pos-000467,174981.919881124,1002088.00567539,376033.904809662,921004.07663073,650167.940217716,1756240.55920438,392325.160374243,182504.494209825,909917.046865153,1230733.00487449,1202216.83435255,863813.711763151,618100.750078397,552875.733548408,624761.751802283,467457.558236103,1356287.63787181,475067.854616214,469662.183056959,648123.667807971,555057.861096514,299811.390655709,878806.093703249,553720.560627327,522599.89326957,661155.718304031,1169740.92510195,575705.106000595,507947.280042704,380783.491299491,623650.08113772,828015.876324539,TRUE,TRUE,TRUE
1-Linoleoyl glycerol,C18-Pos-000491,C8-Pos-000160,NA,643835.052355089,723934.711247591,539575.293961255,647417.664283976,492464.393500465,721382.655991163,385100.081227292,12037046.8146874,12929066.4726508,13784325.6242548,13307952.5630057,12047733.5645817,12901623.0532536,12736135.2420471,12361998.22591,14831573.8954198,12098139.065242,11120221.0005236,12205846.7678449,11786920.0313514,12140290.737339,13395871.6625536,11485331.1693474,12351702.4317609,11275015.6848633,8971889.69539386,13658739.2903349,11986336.5698827,11170083.6002329,12483344.8246067,11777270.1533135,TRUE,TRUE,TRUE
1-Linoleoyl-sn-glycero-3-phosphorylcholine,C8-Pos-000386,C8-Pos-000263,392033.273651772,984215.795902327,681946.371569587,1337251.25968907,1505077.50821347,1516403.27945523,1321106.4596838001,NA,4928823.36820598,4415590.4198547,4352690.02527426,3808771.801258,3732224.11457425,2816535.33429668,3698904.88165694,2301652.36063163,5982980.51135275,2740016.39782427,2907060.18058392,3977718.1999433,1896676.72613991,1638110.17751291,5773177.82995277,2842538.84675367,2879277.82244431,2972957.8796112,1762112.99238456,2625731.85531033,3569215.50067007,2290657.88676788,1944894.83269828,4479679.29561155,TRUE,TRUE,TRUE
1-Methylhistidine,Amide-Pos-000294,NA,2741717.05040328,4036752.25273843,2568278.26315844,NA,1759431.60533639,2027872.66609152,895324.280881364,1039006.27952533,NA,NA,NA,NA,NA,NA,NA,NA,NA,NA,NA,NA,NA,NA,NA,NA,NA,NA,NA,NA,NA,NA,NA,NA,TRUE,FALSE,FALSE
1-Monolinolenin,C8-Pos-000317,NA,612071.778395679,1482873.55681995,1549557.34565058,2359178.36807642,1834551.93794933,2807123.96873441,1441316.32551437,1274618.66780231,NA,NA,NA,NA,NA,NA,NA,NA,NA,NA,NA,NA,NA,NA,NA,NA,NA,NA,NA,NA,NA,NA,NA,NA,TRUE,FALSE,FALSE
1-Monolinoleoyl-rac-glycerol,C8-Pos-000133,NA,9880761.36738803,14725560.1396852,11406598.9927661,18222884.8803276,15425320.1579317,22246221.0147976,12845245.2175692,9328017.58577062,NA,NA,NA,NA,NA,NA,NA,NA,NA,NA,NA,NA,NA,NA,NA,NA,NA,NA,NA,NA,NA,NA,NA,NA,TRUE,FALSE,FALSE
1-Myristoyl-2-hydroxy-sn-glycero-3-phosphoethanolamine,C18-Pos-000686,C8-Pos-000577,NA,7961.88621183054,14730.8754967497,12519.3185134664,25730.0370943672,NA,31923.447579841,18294.5141928822,415698.641815789,631914.900252618,446937.774592388,648948.131391029,549980.269318074,266162.539135033,360132.306220288,290925.685374384,618809.79819348606,375381.081130663,495942.101041194,261486.608279419,323802.587157097,236659.387472018,413321.369968164,376264.590315057,450345.745395829,325262.14625761,259885.130168206,371460.704173678,NA,319343.976331071,363198.85375441,418239.738131399,TRUE,TRUE,TRUE
1-Myristoyl-sn-glycero-3-phosphocholine,C8-Pos-000198,C18-Pos-000213,2723653.36226728,4105677.91318681,3692467.77680969,4237972.87136008,4118056.73929432,8889369.76850081,4234032.51732737,2757650.47734995,1088211.34431966,1067108.05124611,1085882.7467829,2375076.29389047,1250030.85882032,363471.742330072,1123383.76870254,375576.302718271,2582278.36071424,1321256.00390628,1458432.90460177,921160.721984368,1219161.6871191,479484.707163891,750333.703060964,1188967.32812359,1562279.13881267,1143513.50872892,2068480.54610212,1361661.20450421,907191.914697531,1112442.97966427,1118124.027712,1546571.45607525,TRUE,TRUE,TRUE
1-O-Hexadecyl-2-O-(2E-butenoyl)-sn-glyceryl-3-phosphocholine,C8-Pos-000323,NA,649825.872748732,1158397.02327812,1003241.85908079,1467182.45395928,1803045.14991514,2675598.69521247,1314282.64120722,460076.01722618,NA,NA,NA,NA,NA,NA,NA,NA,NA,NA,NA,NA,NA,NA,NA,NA,NA,NA,NA,NA,NA,NA,NA,NA,TRUE,FALSE,FALSE
1-O-Octadecyl-sn-glyceryl-3-phosphorylcholine,C8-Pos-000458,C8-Pos-000614,NA,422332.008231224,148572.845953765,420108.280957167,348130.248654754,770302.090026537,141044.527435002,61833.0520518675,259524.0849752,483765.364352625,332770.010910724,320347.883069466,211805.255784592,195706.159736079,199084.763705211,188371.021292836,396562.075428991,154994.111173696,239496.40171597,443793.914134589,182721.100316442,122640.886433913,249150.913755543,190934.878641752,182729.697931945,244205.441992585,434663.017307894,253164.448350734,219986.506993439,191069.178258314,258501.270009663,265475.513772212,TRUE,TRUE,TRUE
"1-Octadecanoyl-2-(5Z,8Z,11Z,14Z-eicosatetraenoyl)-sn-glycero-3-phosphate",C8-Neg-000105,NA,571610.315355633,2361520.53980502,2914600.60192601,1673691.06396612,585964.898993917,2674207.83848229,591644.855277643,1406265.00268619,NA,NA,NA,NA,NA,NA,NA,NA,NA,NA,NA,NA,NA,NA,NA,NA,NA,NA,NA,NA,NA,NA,NA,NA,TRUE,FALSE,FALSE
"1-Octadecanoyl-2-(5Z,8Z,11Z,14Z-eicosatetraenoyl)-sn-glycero-3-phospho-(1'-myo-inositol)",C8-Neg-000001,NA,122350836.771196,388092953.271512,203277321.297038,288723610.7107,214075177.309124,420930002.871511,85675075.6883793,51021472.4814555,NA,NA,NA,NA,NA,NA,NA,NA,NA,NA,NA,NA,NA,NA,NA,NA,NA,NA,NA,NA,NA,NA,NA,NA,TRUE,FALSE,FALSE
1-Octadecanoyl-2-octadecenoyl-sn-glycero-3-phosphocholine,C8-Pos-000191,C8-Pos-000022,1680429.64016405,1950879.55144093,960442.072295721,2766053.64556738,4835943.12779123,9799345.07305065,858452.658171937,439163.347111134,210415611.614097,234648277.820952,182340326.428683,183636648.112066,203299207.076546,263125503.960443,221831669.298727,221385383.728031,221929690.187353,221623544.145482,306004995.379566,284149032.8488,208719567.471705,246958393.291048,218442743.602293,196562321.155145,246414209.292981,278677442.499419,299256751.622026,217580179.532705,308168564.315044,227777328.291776,312360774.753725,226054023.087432,TRUE,TRUE,TRUE
1-Oleoyl-2-myristoyl-sn-glycero-3-phosphocholine,Amide-Pos-000223,NA,1274161.2749458,7346167.64938874,5532898.31407252,2087445.7983337,7461966.17331403,6853802.16681191,2183089.64088875,5582296.65890281,NA,NA,NA,NA,NA,NA,NA,NA,NA,NA,NA,NA,NA,NA,NA,NA,NA,NA,NA,NA,NA,NA,NA,NA,TRUE,FALSE,FALSE
1-Oleoyl-2-palmitoyl-sn-glycero-3-phosphocholine,Amide-Pos-000176,NA,2576418.88378544,12768759.9972958,8175250.10761233,4598371.88198326,8901157.98932286,6454703.27098822,4028689.92743058,7081483.93839339,NA,NA,NA,NA,NA,NA,NA,NA,NA,NA,NA,NA,NA,NA,NA,NA,NA,NA,NA,NA,NA,NA,NA,NA,TRUE,FALSE,FALSE
1-Oleoyl-sn-glycero-3-phosphocholine,C8-Pos-000075,C8-Pos-000038,12245597.5872338,27012162.4704714,20455787.9503036,28876430.100875,29321705.3397212,67383745.4867402,22378340.9997137,11541932.1157112,95480454.2252484,123970730.625682,119376732.220103,138575271.1519,135068810.063059,53666384.0438756,86048186.3772563,57345631.6107023,141394118.787718,85744564.3530398,81918950.0003672,75632310.8216843,80581177.6079795,48686500.6635934,83920285.0221452,79802947.6454027,90300337.58864,81949458.216172,88635279.779031,73285150.1045241,72455944.1529122,77764738.9489767,80754762.6195415,113849515.684935,TRUE,TRUE,TRUE
1-Oleoyl-sn-glycero-3-phosphoethanolamine,C8-Pos-000186,C8-Pos-000109,2846278.76026338,5450202.50617377,4098574.55510594,7406138.16606565,10433940.1041095,10616689.3699769,5560528.2728487505,1810148.75910086,16787809.1552022,26516834.4148697,19498951.6859344,25740780.4184716,22250446.4218949,11897405.5333727,16506480.9123486,13159657.3416327,25499173.7781416,16037277.0774899,18798859.2172818,14161837.5349361,16425993.3866368,10116741.5750334,18520928.1367663,15606998.8658529,18010715.0187272,14096361.2473413,11870247.2427349,14924665.3727858,15147536.3932369,14214114.2425393,14933744.3187477,19219045.8475651,TRUE,TRUE,TRUE
1-Palmitoyl-2-arachidonoyl-sn-glycero-3-phosphoserine,C8-Pos-000219,C8-Neg-000162,3101680.92718631,5664300.0724703,4168280.95233697,6940389.37884104,4042893.4776172,6387227.57846852,3302997.9052441,2675148.82754833,163477.194894442,188709.482514657,168774.431184766,141328.407588903,NA,68866.0900094052,157965.75564096,362830.871347007,401999.854925589,428777.004487851,795721.646288731,848000.796172742,131968.833577133,443544.967320449,341168.12294646,331775.954413089,379079.852848646,176774.909336062,725417.322902965,1123084.64685073,385251.715680518,67103.0257123165,363813.683601567,163175.258712608,TRUE,TRUE,TRUE
1-Palmitoyl-2-docosahexaenoyl-sn-glycero-3-phosphocholine,C8-Pos-000031,C8-Pos-000029,129587376.999045,266570271.765269,165840104.524153,151173580.574935,184371229.747265,202347726.798924,140494454.798893,146401892.499439,173207805.74575,159745935.573298,171265038.028402,158070587.941101,183884318.569142,169594426.733715,154045937.407173,173696685.226039,201752674.291082,130621613.875468,156684041.174897,188146798.066166,189550142.355549,159408983.788996,180842794.824428,166157264.307813,96364345.7745233,167660025.995547,184846821.177105,166394221.223782,169821153.768981,193198183.484937,173566025.431506,150601530.487451,TRUE,TRUE,TRUE
1-Palmitoyl-2-hydroxy-sn-glycero-3-phosphoethanolamine,C8-Neg-000102,C8-Pos-000127,853701.441877002,2538691.73334148,1113174.27209732,1267619.88237656,1449421.27822012,3102536.32420411,1040198.50494662,418015.538740312,14076513.9135863,22182586.02096,16900206.2471354,20346403.9212668,20280096.7690329,11055367.1606735,16297640.4924207,11420287.3562952,22453535.5702891,13185074.6757655,19466614.6109107,12031893.7230369,14299015.220408,9398805.0567569,14458818.9128092,15286980.1847243,15470074.5257377,12925124.9566357,15710057.41213,15108799.6295921,14987123.159382,12249655.3727761,13308075.2927419,15740102.7461658,TRUE,TRUE,TRUE
1-Palmitoyl-2-linoleoyl-sn-glycero-3-phosphocholine,C8-Pos-000013,C8-Pos-000011,600443201.614658,743803389.416229,731541621.504501,727158013.166997,853111819.261395,866796546.161979,655508452.201687,622711851.273187,597859391.455784,13049026.2218764,535592687.238121,638431545.124611,551617182.160541,611132738.241105,610970133.896752,626199060.815785,570585519.665461,376979806.212489,626849688.785992,652062191.606753,557772777.750164,581168835.537913,427394846.104285,529737544.723713,601589606.901748,323537626.717587,486094422.662967,540342915.817602,572271859.462739,344125294.485291,377810840.715349,354473173.939278,TRUE,TRUE,TRUE
1-Palmitoyl-2-oleoyl-phosphatidylglycerol,C8-Neg-000029,C8-Pos-000161,10265894.4985337,23419566.6060126,13957537.2015797,14884806.6844113,13868348.5580241,33208428.6810648,7552787.68324262,4361924.91920628,5325935.54896163,5681541.37669869,6404137.41094598,5147872.69549702,NA,5943095.76467982,8087411.18676801,10681726.7485405,6879585.72883677,11274072.5825232,11876617.4289565,13502303.8965558,8463001.51230133,12761919.4433822,6315935.47170006,7281035.37242316,7687368.23466901,8238380.110006,6633104.82252855,14814742.8576103,7335932.87730271,8275735.41461539,8694322.46037781,7853778.10121354,TRUE,TRUE,TRUE
1-Palmitoyl-2-oleoyl-sn-glycero-3-phosphoethanolamine,C8-Pos-000044,NA,124894993.002498,124614737.786098,105065293.031344,151397046.720952,139654538.667186,148365956.674747,138028952.021994,116750325.450323,NA,NA,NA,NA,NA,NA,NA,NA,NA,NA,NA,NA,NA,NA,NA,NA,NA,NA,NA,NA,NA,NA,NA,NA,TRUE,FALSE,FALSE
1-Palmitoyl-2-oleoyl-sn-glycerol,C8-Pos-000087,NA,22793497.4415421,31426675.0385976,23365789.4685486,28357156.328699,47827789.3126272,31370701.1478397,24315054.8601041,23064097.785307,NA,NA,NA,NA,NA,NA,NA,NA,NA,NA,NA,NA,NA,NA,NA,NA,NA,NA,NA,NA,NA,NA,NA,NA,TRUE,FALSE,FALSE
1-Palmitoyl-3-oleoyl-sn-glycero-2-phosphoethanolamine,C8-Neg-000011,C8-Pos-000169,71545114.6679294,131431029.739148,85430382.4211737,117887159.396219,93518270.3234485,166890443.817241,65222325.1048792,41477492.9904182,7753666.31151846,7120495.35377104,10747214.1024042,5904403.87941764,7364692.52761731,9041103.70632425,6654153.06508536,6679481.23196798,5027391.27978045,5763599.8512997,9753071.77287932,8720377.64819467,6590159.64777325,8244258.54872934,8293172.49810076,7091262.31305589,8906861.88094719,11211749.754368,9080513.49026527,7489647.68558748,13549682.6891759,8219009.37925043,11769868.3661436,10458409.5505527,TRUE,TRUE,TRUE
1-Palmitoyl-sn-glycero-3-phosphocholine,C8-Pos-000020,C8-Pos-000009,48359525.7353946,182520278.337149,97604128.8298605,176728044.358913,123695273.338563,530037289.714512,89737862.1984977,43608374.0845266,398850418.107604,439336916.517802,432453736.187327,538056971.250058,451090826.590383,162989377.734284,337173269.217265,178560824.492523,537099506.045907,343652032.718604,290801245.437402,285402535.331704,331183756.424669,207205286.066447,246428978.398395,352871549.335333,350407640.711708,377891853.545137,661728779.876259,311620698.088355,286698110.157758,345163809.986422,375368445.953928,468544728.912836,TRUE,TRUE,TRUE
1-Palmitoylglycerol,C8-Pos-000001,C8-Pos-000001,1696094386.13144,5335695727.44964,4573461304.06377,6242175894.06709,5113146923.61795,7199509948.29266,3573130796.73084,2450904876.89578,1960251070.5833,2008289717.30891,2106086657.55902,1894587659.54455,1963065042.23873,2030060582.44582,2105336271.45634,1976910591.48418,2044990746.83656,2055479885.90085,1777314935.43717,1877144725.98425,1960574586.8346,1874002523.54208,2081604182.19068,1992604333.61884,2041873563.23938,2050086834.01825,1696465514.12322,2122925899.49586,2063881419.02375,2016944695.91887,2080840832.8662,2127392312.7551,TRUE,TRUE,TRUE
1-Stearoyl-2-arachidonoyl-sn-glycero-3-phosphoserine,C8-Pos-000033,C8-Pos-000066,94086716.2826553,150560488.191221,151734284.683756,178631680.459027,138636587.46128201,238057761.894355,126361956.698196,115806492.525436,12276684.1558588,6624572.77416372,6861219.79658746,16132319.6439264,5348252.41384464,13688369.564148,6825900.93944489,32714409.7087537,17628094.2341932,44016712.5808049,38131950.6301719,20639656.1146592,19105870.8234636,40811998.2955139,6917857.24233238,30441144.3035908,18652054.8463353,14805030.2154951,11533238.5843282,64307775.4685089,37426396.5253171,23705166.0986619,9510353.1660569,16726905.7078198,TRUE,TRUE,TRUE
1-Stearoyl-2-arachidonyl-sn-glycero-3-phosphocholine,C8-Pos-000441,C8-Pos-000019,462033.673153776,898105.799477775,687670.794733549,712845.164516807,717310.342776718,941024.541846641,NA,188923.414162275,285007276.262434,303666371.828643,320943647.40518,251874150.236716,288634301.338725,304171683.130353,287708864.119712,302272514.634787,319668139.049592,290260542.538252,287403721.341621,346642210.948575,305781858.235744,272998077.870583,285013135.131334,283371404.400295,291882957.204307,275685108.741199,335125408.347742,286967754.407354,280655623.787047,288908021.322131,292649658.226918,268289245.109394,TRUE,TRUE,TRUE
1-Stearoyl-2-docosahexaenoyl-sn-glycero-3-phosphocholine,C8-Pos-000046,C8-Pos-000046,73464482.4229204,145131421.694878,89872950.1861193,98918340.7787778,124183600.364192,119786311.816002,75247490.2687516,75465758.6665834,102631282.780361,99723138.2079214,93729323.3512148,102979437.833272,99155431.2300861,97293559.5394297,94734078.0846449,115945464.925722,131929544.891278,103541808.156017,119156128.783727,129677489.453633,118634012.209709,93666454.792024,99053496.8480034,110652620.472437,70335024.2345834,86467576.1282633,92489399.7187322,108469514.618021,95317639.3874349,111670686.250218,97956538.0022698,97562876.3710428,TRUE,TRUE,TRUE
1-Stearoyl-2-hydroxy-sn-glycero-3-phosphocholine,C8-Pos-000058,NA,15438614.6848374,57990872.0268046,33815825.5262475,45539167.4318794,64010254.2954383,110635452.558199,33797317.6777908,12768901.7345331,NA,NA,NA,NA,NA,NA,NA,NA,NA,NA,NA,NA,NA,NA,NA,NA,NA,NA,NA,NA,NA,NA,NA,NA,TRUE,FALSE,FALSE
1-Stearoyl-2-hydroxy-sn-glycero-3-phosphoethanolamine,C8-Pos-000078,C8-Pos-000096,9798851.11997821,36482596.1602461,27350120.2089994,30261904.3885695,38134358.5194106,61248420.1336422,25839147.1475451,8465779.95731748,16651217.2641416,33043754.0800053,21481684.8218289,22829920.2823794,32206004.5475406,11449002.1784804,25388695.8647915,12296593.3989291,30839642.1099563,16877976.4875959,26721530.7953525,22517307.5138377,22022798.5978228,11641619.294882,16028704.6724999,17378832.7331588,18186260.1419191,14087851.8368714,21417953.6741172,18561441.8119569,19653284.3057526,15475709.317314,15345383.7028118,18960936.9783104,TRUE,TRUE,TRUE
1-Stearoyl-2-linoleoyl-sn-glycero-3-phospho-L-serine,C8-Pos-000168,NA,4542529.63024904,7858057.32980897,6221470.48887839,9722810.10456377,12070360.459882,13260342.1071593,4250499.24732641,2700684.7274723,NA,NA,NA,NA,NA,NA,NA,NA,NA,NA,NA,NA,NA,NA,NA,NA,NA,NA,NA,NA,NA,NA,NA,NA,TRUE,FALSE,FALSE
1-Stearoyl-2-linoleoyl-sn-glycero-3-phosphoethanolamine,C8-Pos-000064,NA,56921635.4004801,59846800.7507721,90456783.1595698,89865064.213961,92395331.8547216,80876278.4529696,58839151.4303292,42927863.8053314,NA,NA,NA,NA,NA,NA,NA,NA,NA,NA,NA,NA,NA,NA,NA,NA,NA,NA,NA,NA,NA,NA,NA,NA,TRUE,FALSE,FALSE
1-Stearoyl-2-oleoyl-sn-glycero-3-phosphoethanolamine,C8-Pos-000040,C8-Pos-000195,107774254.20505,143886193.804088,130368573.222094,174846974.869162,168945157.96523,192487898.286377,119506313.222898,84983201.8095259,3300743.65148906,4404391.51924288,2502664.26884905,2263777.3155760798,3053035.26358415,5163814.28239093,3093432.99328078,3165918.72689542,3571696.26990083,3142603.88091561,6307924.90335714,5910223.26946723,3141904.35844387,4501970.91871947,3419930.05218998,3377031.62020616,5404566.25157645,6224917.23725074,6227268.90257938,5065743.25379484,9208322.17566491,4086692.05600539,10753150.8241293,4765594.33465092,TRUE,TRUE,TRUE
1-Stearoylglycerol,C8-Pos-000002,C8-Pos-000005,1160093196.06027,3895117711.6279,3359757025.93051,4531876494.39122,3676020948.61515,5456142514.99407,2341621212.35005,1533146050.95889,832168255.600336,857844211.36344,825124104.218573,634195857.054041,799756879.937523,814427743.755789,806644716.960684,688044431.992188,834073251.116063,902600571.871887,968553909.540656,1050743421.19727,734607376.181777,971289780.692203,808178198.082586,801324431.362463,815727447.568694,1024771475.27961,868730563.16142,906813142.298235,1092195473.57573,828595697.544314,1025451454.06046,962925234.480839,TRUE,TRUE,TRUE
1-Tetradecylamine,C18-Pos-000483,NA,737563.317659818,628379.706122134,776025.121526027,731541.019584041,588605.767719379,675791.613486475,403279.539350256,499445.183717183,NA,NA,NA,NA,NA,NA,NA,NA,NA,NA,NA,NA,NA,NA,NA,NA,NA,NA,NA,NA,NA,NA,NA,NA,TRUE,FALSE,FALSE
1-[2-Hydroxy-3-(phenylthio)propyl]piperidine-4-carboxamide,C8-Pos-000507,NA,367269.050161128,397226.898506986,313148.401323962,386765.115464848,370893.467888757,455806.05961913,362549.17028829,NA,NA,NA,NA,NA,NA,NA,NA,NA,NA,NA,NA,NA,NA,NA,NA,NA,NA,NA,NA,NA,NA,NA,NA,NA,TRUE,FALSE,FALSE
"1-{4-[(3S)-3-(5-Methyl-1,3-benzoxazol-2-yl)-1-pyrrolidinyl]-1-piperidinyl}ethanone",C8-Pos-000581,NA,36707.4843626078,38007.0249982617,NA,23458.3849868938,39819.0609541198,60108.0543606598,38067.7217618608,37914.036697274,NA,NA,NA,NA,NA,NA,NA,NA,NA,NA,NA,NA,NA,NA,NA,NA,NA,NA,NA,NA,NA,NA,NA,NA,TRUE,FALSE,FALSE
10-Aminodecanoic acid,C18-Pos-000664,NA,12389.4286385262,22057.7020733577,21209.6880961928,16235.4314369008,19012.108619226,87267.7963455334,12245.8416226877,6197.82690030334,NA,NA,NA,NA,NA,NA,NA,NA,NA,NA,NA,NA,NA,NA,NA,NA,NA,NA,NA,NA,NA,NA,NA,NA,TRUE,FALSE,FALSE
10-Hydroxydecanoate,C18-Neg-000138,NA,110497.714627284,91044.9713741672,70069.0158638404,54605.8078959984,68310.6252000411,59795.859608476,50658.1535589821,53825.1032478752,NA,NA,NA,NA,NA,NA,NA,NA,NA,NA,NA,NA,NA,NA,NA,NA,NA,NA,NA,NA,NA,NA,NA,NA,TRUE,FALSE,FALSE
"11(Z),14(Z)-Eicosadienoic acid",C8-Neg-000085,NA,2258008.60510272,2275682.28551019,1650673.3878541,2607159.50077924,3589773.36525343,5322283.70278773,1767462.24816515,751429.151228087,NA,NA,NA,NA,NA,NA,NA,NA,NA,NA,NA,NA,NA,NA,NA,NA,NA,NA,NA,NA,NA,NA,NA,NA,TRUE,FALSE,FALSE
11-Hydroxy-δ(9)-THC,C8-Pos-000526,C8-Pos-000426,152007.831385688,381335.854935656,88762.9610286744,147260.344026039,174616.482114597,157537.375782205,203785.333468869,97922.1027705514,187040.455403261,180338.758953226,122208.685895249,137180.943853213,423236.412162854,202835.061905966,378079.636657389,1864886.87392877,344739.092877435,316972.85880815,86204.729988399,123178.49201822,193938.22565683,1278953.27150339,868756.952520077,200139.449225489,161453.200044548,279818.575380422,203022.781669897,321055.525649102,138114.394123948,83943.8562528363,139468.548464812,313016.641263526,TRUE,TRUE,TRUE
12(13)-Epoxy-9Z-octadecenoic acid,C8-Pos-000290,NA,1746220.5660568,1708599.65649709,1720828.23413801,1934437.78058291,3302366.28857472,1869282.50844168,1998854.12455498,1210997.33324245,NA,NA,NA,NA,NA,NA,NA,NA,NA,NA,NA,NA,NA,NA,NA,NA,NA,NA,NA,NA,NA,NA,NA,NA,TRUE,FALSE,FALSE
12-Aminododecanoic acid,C8-Pos-000485,C8-Pos-000519,605581.399069999,384825.842599613,358821.722160504,346921.263296593,446970.363527018,556878.368063518,354245.254159509,334654.223779769,696313.917708662,750720.144525764,731393.113128892,456198.130928709,926000.721797591,473882.406360561,914959.143911479,519422.722493481,402656.669537137,451152.538637758,528736.255332542,662060.906059049,775659.027580032,486570.214490254,674382.412012677,741506.480779505,588109.185706253,562336.650590853,382897.939271763,354668.293495231,440780.641057499,447929.5266732,409077.874860848,564612.862270678,TRUE,TRUE,TRUE
"13,15-Dihydroxy-9-methyl-10-oxabicyclo[10.4.0]hexadeca-1(12),13,15-trien-11-one",C18-Pos-000585,NA,230338.353625016,246481.155780768,218373.299476173,230691.898698683,206133.227898705,227643.585158489,228622.369494274,194576.713723219,NA,NA,NA,NA,NA,NA,NA,NA,NA,NA,NA,NA,NA,NA,NA,NA,NA,NA,NA,NA,NA,NA,NA,NA,TRUE,FALSE,FALSE
16(R)-HETE,C8-Pos-000437,NA,NA,644452.047308882,960684.177084481,640578.764349196,933038.869674496,581051.395391804,681197.763016371,386612.042941803,NA,NA,NA,NA,NA,NA,NA,NA,NA,NA,NA,NA,NA,NA,NA,NA,NA,NA,NA,NA,NA,NA,NA,NA,TRUE,FALSE,FALSE
16-Deoxyvertaline B,C8-Pos-000533,C8-Pos-000466,NA,172987.387527015,112266.664721971,27623.8619084525,25362.1899369422,35818.3076475558,11272.6665582469,361599.732925432,NA,748740.440966488,880509.354202822,132886.082143618,707518.558893284,80743.9240376949,NA,1357902.73403951,170787.264374809,657531.469280967,409331.621444017,866025.694641843,850852.207350093,489038.490200322,636583.077998274,656203.003351588,671879.421320189,603052.916371357,457754.736907125,NA,197118.167401279,639694.721743677,628905.134043928,995258.569937202,TRUE,TRUE,TRUE
"16-Heptadecyn-4-one, 1,2-dihydroxy-",C8-Pos-000536,NA,123781.199273249,129518.12963059,143315.992587717,NA,206422.871016677,NA,233642.397145075,180198.209240886,NA,NA,NA,NA,NA,NA,NA,NA,NA,NA,NA,NA,NA,NA,NA,NA,NA,NA,NA,NA,NA,NA,NA,NA,TRUE,FALSE,FALSE
16-Hydroxyhexadecanoic acid,C8-Neg-000159,C8-Neg-000168,535668.744334097,357883.779690927,393618.592535275,479368.270816112,401452.759661582,414530.896077034,523106.510840207,365729.687152019,NA,950760.810304617,303724.174812176,NA,258379.247311139,310984.791513499,330263.846989035,422604.211068162,522089.32170721,95071.1630773753,NA,203309.146699663,319527.313017625,156477.449562533,406957.702027401,161833.723077143,NA,NA,332569.558551758,170959.687077205,438792.792150193,112765.613849141,178862.355752368,NA,TRUE,TRUE,TRUE
2'-Deoxyguanosine 5'-monophosphate (dGMP),C18-Neg-000008,C8-Neg-000015,NA,57539721.5671834,36178852.6750856,7468242.73621233,40833992.5653751,8167105.88458574,4934751.623051,NA,10452455.5635884,7579296.74770598,10408114.4776358,17703462.0680796,9805284.54266408,6214300.60215176,6716414.96657437,19551664.8342801,16442897.7503072,18058804.1186425,12530506.9532581,8975938.46329435,11771665.2039341,12360952.3768808,4476135.9436224,9313367.26355618,4175205.13710755,6029510.11890532,13537581.4782789,9034635.95576648,4551532.43218448,4233858.05441113,4757238.61390561,6882197.21077452,TRUE,TRUE,TRUE
"2,2'-(Tetradecylimino)diethanol",C8-Pos-000099,C18-Pos-000221,12543472.1252943,26106240.2110124,21089354.03431,32044245.343419,28932379.1686106,37570391.2453099,15786446.523364,9872631.12682162,1967446.30393638,1936592.3140437,2055134.23366508,2001309.42317401,1890682.97870674,2056890.89402324,2210355.44141079,1944174.29473203,2092520.8396919,1914913.47070491,1877933.87300562,2076900.05157239,1859843.94882078,1774526.87503344,2113374.37162125,1924539.28013303,1934227.22560082,1866849.34716088,1954843.07848647,1907283.46678914,1934637.2529809,1897200.92644892,1823100.41441297,2131364.39336829,TRUE,TRUE,TRUE
"2,4(3H,5H)-Furandione",Amide-Neg-000030,NA,36507370.6868245,38606709.0969038,21620395.4661784,24106190.3071738,28202660.0532788,18732782.9634621,16026274.6731707,13896199.3376111,NA,NA,NA,NA,NA,NA,NA,NA,NA,NA,NA,NA,NA,NA,NA,NA,NA,NA,NA,NA,NA,NA,NA,NA,TRUE,FALSE,FALSE
"2,4-Di-tert-butyl-6-[(dimethylamino)methyl]phenol",C8-Pos-000577,NA,48209.8216932511,62339.0151811421,35520.7417234391,52358.7621595528,57365.8902185314,77006.4291848285,36200.6843262656,18885.1864727579,NA,NA,NA,NA,NA,NA,NA,NA,NA,NA,NA,NA,NA,NA,NA,NA,NA,NA,NA,NA,NA,NA,NA,NA,TRUE,FALSE,FALSE
"2,6-Di-tert-butyl-4-nitrophenol",C8-Neg-000117,C8-Neg-000151,1117737.18186484,1306314.64766319,490056.629251037,548946.965407071,449463.382846073,2194042.97912408,482388.399878271,991389.729890731,689720.441153757,958477.86005899,785622.246557022,508687.643293959,1111530.05019999,609876.96126286,566122.584381847,613562.707595472,507477.978161483,619783.074220613,654584.908593678,1420992.3518727,979885.785298216,818896.662627672,609897.931150453,884274.332876695,865526.025108536,719965.180399372,860403.114004822,728859.321526448,686827.635123897,468629.366888401,635446.717810349,600873.505320833,TRUE,TRUE,TRUE
"2,6-Dioxo-4-piperidinecarboxylic acid",Amide-Neg-000300,Amide-Neg-000376,984353.224087821,942156.799665331,1591479.71544748,354758.360621407,NA,703583.036272454,274073.479574061,854763.999805546,651751.22969875,925561.410821298,564712.695339476,735923.66429423,965825.215830098,885503.839398552,1036850.72304133,1081309.82558545,1006324.54985025,1098548.370917,417741.896203314,835140.679896084,563229.637096168,1403567.73514586,918498.923796145,755766.217989276,1149729.56909286,1121981.64667322,2153201.56340485,1466307.57383074,980867.505661993,746207.48916923,1068518.11516469,1303677.67896681,TRUE,TRUE,TRUE
"2,6-Diphenylphenol",C8-Pos-000557,C8-Pos-000700,173724.015241502,182374.966202511,157795.089225892,164074.681254061,144440.124264813,177650.842964528,135251.972018918,166188.558543146,104394.141537793,49444.6547128895,142487.467913327,46928.8095221018,78195.7137474182,47695.6971482415,152247.532751636,44920.5903777846,45552.4065274207,47510.8088804222,48632.1763655046,43089.4508016402,95475.0767636035,111494.537208744,44853.3811004822,91920.2444271805,68170.1707523886,73024.3292840299,64458.3629832663,112444.381083346,52287.3667953313,101577.351133048,79781.8394236097,116651.082602932,TRUE,TRUE,TRUE
"2-(1-Methyl-1H-pyrrol-2-yl)-3-(3,4,5-trimethoxyphenyl)acrylonitrile",C8-Pos-000576,NA,45742.6059788821,35277.1254389985,36881.1727368313,63499.9011176004,28033.3810241556,78105.1516164311,28869.0751220459,49356.4255032752,NA,NA,NA,NA,NA,NA,NA,NA,NA,NA,NA,NA,NA,NA,NA,NA,NA,NA,NA,NA,NA,NA,NA,NA,TRUE,FALSE,FALSE
2-(2-Butoxyethoxy)ethanol,C18-Pos-000529,NA,375904.41366123,391376.921908146,377572.369436178,471822.569557384,467145.901837339,465469.344505945,308240.239537621,284874.414477285,NA,NA,NA,NA,NA,NA,NA,NA,NA,NA,NA,NA,NA,NA,NA,NA,NA,NA,NA,NA,NA,NA,NA,NA,TRUE,FALSE,FALSE
2-(5-Oxovaleryl)phosphatidylcholine,C8-Pos-000366,C8-Pos-000442,270289.313527353,1036426.32458094,760238.133513227,901139.625038456,809399.559475488,1851085.74625561,468352.015891274,340962.066592477,697296.2945984,913746.578597902,830328.499203863,1262061.44126479,892329.89377551,1151309.24148468,1054448.23459955,841583.711702702,1622097.70787226,1290378.84109096,840037.324346692,611464.624442819,1106501.32960477,786232.923322683,801529.261773346,1064082.62782263,816751.853446164,940712.21131721,683321.165964053,767743.144077244,1024053.03512581,758276.760370985,1071350.82012786,766190.980042594,TRUE,TRUE,TRUE
2-(Methylamino)isobutyric acid,Amide-Pos-000133,NA,1388872.31648548,4357367.31352399,22306858.9059568,NA,6106360.30449333,10518504.0029598,3461550.1941955,3173898.9836629,NA,NA,NA,NA,NA,NA,NA,NA,NA,NA,NA,NA,NA,NA,NA,NA,NA,NA,NA,NA,NA,NA,NA,NA,TRUE,FALSE,FALSE
2-AMINOISOBUTYRATE,C18-Pos-000226,NA,1855556.61350228,NA,10369807.21267,NA,740105.390382245,8012028.45382794,2100567.54994449,594188.247479954,NA,NA,NA,NA,NA,NA,NA,NA,NA,NA,NA,NA,NA,NA,NA,NA,NA,NA,NA,NA,NA,NA,NA,NA,TRUE,FALSE,FALSE
"2-Amino-1,3,4-octadecanetriol",C8-Pos-000358,C8-Pos-000511,855026.761222172,1432821.58562168,1126168.81053584,1708627.80680067,1606440.67227038,1977211.65300128,943203.276644971,643015.370325696,686723.635745688,731754.549658649,881849.819370308,797300.111403359,986327.044056156,573841.970452559,603382.617525847,543878.212743057,716005.182122498,645765.127014585,668933.355346424,696588.893009507,555401.733930367,657963.408014955,705608.625173759,652882.940947883,378965.440251153,416591.446945554,304162.540247122,326707.348461817,453143.992070382,412222.050227231,408081.970199459,385407.113138612,TRUE,TRUE,TRUE
2-Amino-2-methyloctanoic acid,Amide-Pos-000360,NA,1827832.88326725,1951706.86179292,2630802.7549575,1432549.38701517,2502116.26445555,2056539.47823118,2539127.37999479,1404195.71698668,NA,NA,NA,NA,NA,NA,NA,NA,NA,NA,NA,NA,NA,NA,NA,NA,NA,NA,NA,NA,NA,NA,NA,NA,TRUE,FALSE,FALSE
2-Amino-3-methoxybenzoic acid,Amide-Pos-000336,Amide-Pos-000235,2955222.1976503,574838.047788005,2138451.27538719,359259.610830851,386372.974443354,667155.033660476,709267.680568645,1233928.10008968,3329435.87578696,6433525.68295292,4158276.65068682,6148645.45826119,6702284.95477708,2181630.50315039,4865334.13657279,2620192.29168237,6063089.32632183,3670376.52989707,NA,5886102.01363556,4149110.15741978,2587459.2293109,5901062.49842572,7265064.02904814,4335322.54572223,4011976.1821261,3920243.93156897,2684059.66602846,7667358.15386703,5514218.28505727,7231902.06692362,9028026.7864774,TRUE,TRUE,TRUE
2-Amino-4-cresol,C18-Pos-000478,NA,436009.366646275,377379.038000053,507740.353564128,238173.884244217,359462.033601573,803695.816879398,316809.423551088,NA,NA,NA,NA,NA,NA,NA,NA,NA,NA,NA,NA,NA,NA,NA,NA,NA,NA,NA,NA,NA,NA,NA,NA,NA,TRUE,FALSE,FALSE
2-Amino-4-methylpyrimidine,Amide-Pos-000220,Amide-Pos-000241,2527653.89082436,NA,NA,2631318.73923787,5996982.8914447,7218282.92133242,2724843.94506722,2139068.07813364,1971477.03861032,2340930.67287894,NA,728534.317090134,1667070.93938884,6594672.57764706,NA,1786672.93526983,8807599.05318343,790862.82224118,2984686.38067096,720387.188985733,2982484.39908261,NA,3292121.33847181,1352137.72685236,788743.464564542,2765596.89504498,768263.173175296,3146841.8602711,5989760.45317411,563974.335117377,555948.504716933,3269656.66422477,TRUE,TRUE,TRUE
2-Aminoadipic acid,Amide-Neg-000332,Amide-Neg-000486,371754.743384886,916288.245224726,498355.53344864,405371.070457585,552479.811545718,1065115.50908551,205601.96669387,184487.38662853,176733.583269101,365153.763150255,205894.946798492,130660.644254637,352610.393476082,492826.54656363,525799.41718813,595165.765742862,499040.831619103,263205.087870349,NA,335786.137642732,231382.448706449,754527.531140682,605186.390718286,127077.940702793,423973.652474645,339414.825465309,959333.609783763,554501.75398371,881368.210788694,242652.612987869,548275.271650914,392803.733471787,TRUE,TRUE,TRUE
2-Aminonicotinic acid,Amide-Pos-000143,NA,4952284.72343954,5170530.95878064,7715064.48480174,6516703.66715276,9975127.40048491,7220579.09519246,18682489.1337073,8935378.16419696,NA,NA,NA,NA,NA,NA,NA,NA,NA,NA,NA,NA,NA,NA,NA,NA,NA,NA,NA,NA,NA,NA,NA,NA,TRUE,FALSE,FALSE
"2-Aminooctadec-4-yne-1,3-diol",C18-Pos-000562,NA,252605.523790622,307761.620052762,NA,265161.009096234,352834.152732162,358481.464337768,327283.20814354,313354.576497669,NA,NA,NA,NA,NA,NA,NA,NA,NA,NA,NA,NA,NA,NA,NA,NA,NA,NA,NA,NA,NA,NA,NA,NA,TRUE,FALSE,FALSE
2-Aminooctanedioic acid,Amide-Neg-000450,NA,233783.971488957,234035.622344038,69613.6731430736,166588.422935223,118756.601387999,98220.1936496349,120605.567399186,37896.5789680584,NA,NA,NA,NA,NA,NA,NA,NA,NA,NA,NA,NA,NA,NA,NA,NA,NA,NA,NA,NA,NA,NA,NA,NA,TRUE,FALSE,FALSE
2-Arachidonoyl glycerol,C8-Pos-000111,C8-Pos-000093,3019795.90384504,13971057.6876498,30132984.9706831,13558040.3587987,18830182.9505689,32280286.1592842,3422220.13161822,13621094.6525074,13270605.2962368,33925515.9772859,17154088.2188377,11811283.475014,28690881.5580221,10447999.1028634,35537122.382867,8095346.60958154,7684217.10546377,13535903.0070918,8065742.71081431,31009899.4797102,4902360.74272422,10916590.1798951,13688359.8148877,11877116.7587178,11333642.6596001,11911597.1207053,34993429.1463941,5942463.94003825,10589235.3794687,18339547.1591595,26701151.983643,18274596.2049076,TRUE,TRUE,TRUE
2-Arachidonoyl-1-palmitoyl-sn-glycero-3-phosphoethanolamine,C8-Neg-000035,NA,13988208.0519292,20783810.7708303,17814904.0333586,14682901.7387865,14025556.0700615,22182539.8340573,11954765.7573395,11615311.4779517,NA,NA,NA,NA,NA,NA,NA,NA,NA,NA,NA,NA,NA,NA,NA,NA,NA,NA,NA,NA,NA,NA,NA,NA,TRUE,FALSE,FALSE
2-Deoxyribose 5-phosphate,Amide-Neg-000098,NA,8445355.09052633,NA,3721743.71020861,2387383.81165812,1282426.0532182101,1673479.64403739,1285482.77088421,1159162.00132034,NA,NA,NA,NA,NA,NA,NA,NA,NA,NA,NA,NA,NA,NA,NA,NA,NA,NA,NA,NA,NA,NA,NA,NA,TRUE,FALSE,FALSE
2-Docosahexaenoyl-1-palmitoyl-sn-glycero-3-phosphoethanolamine,C8-Pos-000038,C8-Neg-000031,95353755.9355357,203814503.299996,130050749.286733,132950001.205687,115596849.73543,163568611.760847,107784431.548677,97663368.2286577,9675796.80908048,6301629.10435054,7460638.77842513,4722594.73602505,7720608.20426133,5455083.90329288,6109862.17783008,6973912.33347773,10772544.6863158,4532007.37298953,4859819.98717514,5523200.14564227,7675894.94951971,4630181.17881384,7067378.13395839,6247092.06494909,6218070.85599695,4572207.79389652,7757034.69684675,5667628.10775028,7609877.48504891,7557991.57014529,6030340.80241244,5828335.82608039,TRUE,TRUE,TRUE
2-Docosahexaenoyl-1-stearoyl-sn-glycero-3-phosphoethanolamine,C8-Pos-000029,C8-Pos-000092,124620204.423659,286129283.518073,207485294.638005,220920872.206568,207511048.186964,234439779.507684,143580874.696053,127434028.920014,32939227.3989219,27347888.8044243,33520758.5805686,24617921.3660367,33488333.9496501,25329842.6809156,26106274.829166,25868259.7890429,26260681.0868999,24274222.1775384,25828613.9727071,32547248.0336553,34960677.5371438,22790473.5611948,26114592.2278014,34676535.024792,30397609.1905652,35898540.696941,31975636.1403871,23938127.5937952,30681889.6688377,36247423.750596,27562291.2119431,35529550.251075,TRUE,TRUE,TRUE
2-Docosahexaenoyl-1-stearoyl-sn-glycero-3-phosphoserine,C8-Pos-000023,C8-Pos-000032,188202712.801525,376065573.838492,286740012.020139,276141213.035342,254296103.732048,406748072.567154,215092365.192539,203977080.241992,31453510.6239786,64410661.142204,19695807.7480326,21561408.7969783,14293399.7206572,45362718.0444607,14061627.1797156,88402981.2858821,66384709.5027191,121813244.066491,93697169.3274666,161385760.566458,58299192.2153677,61739417.3305452,62050950.4745901,87230301.4586393,42859681.7034991,67201417.4650673,90352375.621648,178917623.250578,69250318.2343474,8553284.36479003,37203187.3741543,26676011.9611236,TRUE,TRUE,TRUE
"2-Ethyl-N-({(2R,4S,5R)-5-[6-(2-furyl)-2-methyl-4-pyrimidinyl]-1-azabicyclo[2.2.2]oct-2-yl}methyl)butanamide",C8-Pos-000469,C8-Pos-000514,536290.503995595,NA,566887.748735489,508745.299987405,550430.61295040394,729034.896450552,539047.587018878,664182.189303753,655499.834968767,691875.370300545,749044.254420233,869855.787260292,689578.22438755,667591.984775508,785424.180691343,694657.780984846,710865.952948197,687673.116069837,795558.503786726,789463.221541375,634417.568646236,966932.648596636,574369.722806236,641992.083270252,600677.770420827,654717.596704852,362199.127673644,647650.175631817,708257.300048101,598090.225043832,546024.250485713,601991.494006416,TRUE,TRUE,TRUE
"2-Furanpropanoic acid, 3-carboxy-4-methyl-5-propyl-",C8-Pos-000389,NA,785372.670645135,736441.74355414,871374.537958091,1032155.39949277,1068190.31691787,1472132.66974227,997859.314073349,912266.163530499,NA,NA,NA,NA,NA,NA,NA,NA,NA,NA,NA,NA,NA,NA,NA,NA,NA,NA,NA,NA,NA,NA,NA,NA,TRUE,FALSE,FALSE
2-Hydroxy-2-(2-methoxy-2-oxoethyl)butanedioic acid,Amide-Neg-000384,NA,331462.018271343,642395.617769068,53920.8085678185,551820.834513128,452362.749112774,137643.570756847,189163.868413758,119501.082439447,NA,NA,NA,NA,NA,NA,NA,NA,NA,NA,NA,NA,NA,NA,NA,NA,NA,NA,NA,NA,NA,NA,NA,NA,TRUE,FALSE,FALSE
2-Hydroxy-4-methoxy-5-(2-methylbut-3-en-2-yl)benzaldehyde,C8-Pos-000245,NA,3136829.54638903,3566004.62015693,3935767.42402199,NA,4524568.3965898,5323916.66545469,4699739.97738837,4775401.18728334,NA,NA,NA,NA,NA,NA,NA,NA,NA,NA,NA,NA,NA,NA,NA,NA,NA,NA,NA,NA,NA,NA,NA,NA,TRUE,FALSE,FALSE
2-Hydroxynicotinic acid,C18-Neg-000120,NA,399764.722456403,172917.566913952,344862.587085732,246163.227142717,410367.737163545,248977.459923343,254547.680321494,230984.630987447,NA,NA,NA,NA,NA,NA,NA,NA,NA,NA,NA,NA,NA,NA,NA,NA,NA,NA,NA,NA,NA,NA,NA,NA,TRUE,FALSE,FALSE
2-Hydroxyvaleric acid,Amide-Neg-000175,NA,4048140.02842125,1827036.36555365,1085897.47247165,942780.518882377,NA,2829158.59399785,695475.043691743,NA,NA,NA,NA,NA,NA,NA,NA,NA,NA,NA,NA,NA,NA,NA,NA,NA,NA,NA,NA,NA,NA,NA,NA,NA,TRUE,FALSE,FALSE
2-Linoleoyl-1-palmitoyl-sn-glycero-3-phosphoethanolamine,C8-Pos-000106,NA,20430143.0060042,20200092.6748663,22383929.6045882,25845221.0502428,35253668.5337521,29420927.4605109,22760948.9763966,18604949.9603533,NA,NA,NA,NA,NA,NA,NA,NA,NA,NA,NA,NA,NA,NA,NA,NA,NA,NA,NA,NA,NA,NA,NA,NA,TRUE,FALSE,FALSE
2-METHYLCITRATE,Amide-Neg-000423,Amide-Neg-000455,228574.763322207,428489.274089179,440482.796672689,202446.317991238,80639.5412319493,171804.545285477,97981.439392616,164564.29152489,41731.7426432129,368869.933989322,NA,198450.229154567,220970.754990808,104892.602672613,274719.362985245,468221.921401428,286222.412858918,210285.672174403,NA,128106.987091276,38542.5597722752,289916.901060268,95392.1641309846,100277.743376493,214039.922997313,325771.26367555,1203750.22204266,184841.47951468,176118.108459615,54029.3662682559,233589.155829885,151947.217050715,TRUE,TRUE,TRUE
2-Methoxypyrazine,Amide-Pos-000149,Amide-Pos-000123,3404149.7415118,2501843.62326827,6478975.39656609,17432668.7111604,13573047.7178721,NA,7303384.67896719,2207989.15374711,5176981.5623849,5775498.18210747,4521815.50732556,8905703.93639895,3565287.49173142,8827810.65609598,5391907.71385194,10668244.9159352,11810950.9107059,20295421.7599693,32342987.7652861,23227983.4425934,7019499.41840053,13297134.6291175,7328192.19750611,5856953.17869117,5177221.14133447,NA,3161813.91511797,20383181.3298336,5676059.11449679,2916409.4662622,NA,NA,TRUE,TRUE,TRUE
2-Methylbutyryl-L-carnitine,C18-Pos-000192,Amide-Pos-000091,15152739.6096029,165089.235926832,9418975.66863047,10279394.7571682,13701559.115519,11109904.5570042,8881932.75652489,5552518.12847006,7539474.57703582,23964044.6933439,16423580.5066343,1597241.94359408,2372237.96564262,2121321.29809507,4030876.4907075,27175167.0453703,6208790.44716607,22649033.045747,12170382.1699984,5277911.10920914,12926355.8841645,39227810.8127247,18813498.5297694,13300104.3789797,10914773.4338711,26488476.884188302,8546615.24663736,51202805.9716319,11712343.6414935,11274229.1926727,10675045.0872669,11681810.9077299,TRUE,TRUE,TRUE
2-Methylglutaric acid,Amide-Neg-000458,NA,175138.087901229,109850.74322103,196855.364029046,61509.573899819,47171.1455833081,95652.4524013397,112442.94924063,89712.6609312884,NA,NA,NA,NA,NA,NA,NA,NA,NA,NA,NA,NA,NA,NA,NA,NA,NA,NA,NA,NA,NA,NA,NA,NA,TRUE,FALSE,FALSE
2-Naphthylamine,C18-Pos-000565,NA,137637.665376407,279755.492512247,115765.293370982,192832.840173704,NA,349745.567804571,200988.038325072,161324.909382896,NA,NA,NA,NA,NA,NA,NA,NA,NA,NA,NA,NA,NA,NA,NA,NA,NA,NA,NA,NA,NA,NA,NA,NA,TRUE,FALSE,FALSE
2-Oleoyl-1-palmitoyl-sn-glycero-3-phosphocholine,C8-Pos-000004,C8-Pos-000004,2026576603.24597,2432325380.0457,2237078586.49752,2379367012.39725,2495683378.59359,2654401451.11506,2174895833.89944,2261244231.8874,1042045551.48652,1002618825.4763,1054151755.27021,1075986604.46042,1056637057.95829,1069045674.42875,1189969255.89387,338041613.791421,1071831447.14313,1030167034.20179,1128554891.71201,1147796576.66495,1030088139.724,1128030895.13866,470306678.028638,1031109764.85289,1069710029.63335,1153441420.42858,1246500962.30787,1032081389.16976,1133947747.10596,1066164489.07512,1228036193.98864,1170905737.55645,TRUE,TRUE,TRUE
2-Oleoyl-1-palmitoyl-sn-glycero-3-phosphoserine,C8-Pos-000108,Amide-Pos-000421,14442384.9918023,16196095.6239028,18484680.6392359,34878014.506143,26129721.3501959,29080428.2917068,14393816.5355496,9342170.59325111,359099.449971891,760286.17786595,443202.49421697,793363.383330403,477476.672719024,543419.315300469,576949.855614756,390392.471190539,432761.136407706,236935.257908611,262370.571427403,260867.196473484,176215.90882869,197469.158922548,369132.664218527,127821.379360451,783333.523907735,813960.567988505,2097118.20133499,367998.885877131,380982.328302282,360579.005123948,1669840.10718269,594251.439470995,TRUE,TRUE,TRUE
2-Oleoyl-1-stearoyl-sn-glycero-3-phosphoserine,C8-Pos-000073,Amide-Pos-000310,6676031.71023518,42168038.6160022,26185312.2412365,47001524.1019033,70410274.0275374,61556773.7671289,10655338.0898058,2134593.91044964,1596860.27194703,3850372.26133563,1414216.38378017,2187578.47421935,1761417.11068869,2140941.88626689,2411038.20490495,2769247.07986249,1875423.34808643,776879.836582672,734469.440583769,715779.482511383,837521.014674557,670509.572280654,1715929.07021979,390713.412574429,2105062.23058738,2108202.46025415,4823705.68749418,1100590.19724617,1594508.79625776,1311440.02781396,4465463.47250187,1783330.65222682,TRUE,TRUE,TRUE
2-Oxoadipate,Amide-Neg-000188,NA,393786.127422659,225527.522464442,3613431.4270262,201579.993640793,314748.775049342,196926.85325232,113899.105021901,268278.708560874,NA,NA,NA,NA,NA,NA,NA,NA,NA,NA,NA,NA,NA,NA,NA,NA,NA,NA,NA,NA,NA,NA,NA,NA,TRUE,FALSE,FALSE
2-Oxoglutaric acid,Amide-Neg-000097,Amide-Neg-000099,4174477.31350306,3427530.75825064,8219206.83698996,8566623.30994328,6025033.44730467,1543973.55510877,NA,475063.519788222,10635451.5475734,14121064.5348271,NA,11550835.6753965,18139414.6774031,15582450.9707736,14601123.5031503,11409770.5381442,14145180.4398962,10878643.0390642,5514115.773034,6120113.83905693,8296960.16583638,19682306.7074023,12999447.2268737,7780360.62536517,19021796.8288997,16452209.5673206,10552119.474301,19187079.5609571,18143547.7424588,13360009.3428008,20632144.1701779,11658527.8727491,TRUE,TRUE,TRUE
"2-[(2S,4aR,8aS)-2-Hydroxy-4a-methyl-8-methylenedecahydro-2-naphthalenyl]acrylic acid",C18-Neg-000134,C8-Neg-000201,154397.684736578,105925.618502629,57590.1201948111,37620.4609572077,38469.2853642817,38533.7486614713,55315.0123475328,50705.1056421894,95908.2449365529,175811.224772323,108107.543112819,143642.272583563,358038.369069274,132570.551338023,307371.871804143,122289.726443779,93847.1886895841,105517.378707667,131178.429067024,194986.649794633,126377.900031982,114032.560391692,169353.057587659,126650.154214052,221053.731123871,120752.463171585,90091.1710819989,121248.245654143,122795.687639071,60324.4163478628,167186.792572395,159157.616820163,TRUE,TRUE,TRUE
2-[2-(Dimethylamino)ethoxy]ethanol,Amide-Pos-000186,Amide-Pos-000193,5072531.11629729,11002555.3287794,3382733.08270378,2688468.69284118,4193710.2436911,4580856.68957262,5813207.44357237,8016364.49955649,3038299.55507152,2872794.62514671,3813910.07915336,1865859.85319055,4121880.60059325,380746.975637999,328826.303240229,10012572.8799798,2537172.43458523,7384168.9443057,7477059.04904424,12187245.180434,8041156.66373259,8739112.10804596,6489889.51283815,4517795.45040562,4658113.41071689,6007134.3863536,3443955.00264663,9098169.41663233,4178251.9957025,3353102.5896999,3633755.43829527,5126899.97389031,TRUE,TRUE,TRUE
"3',4'-Dimethyl-α-ethylaminovalerophenone",C8-Pos-000513,NA,303036.552781125,372504.529677615,342107.268683383,387505.085094249,344503.686004208,427597.907603019,329800.388216168,136953.035650962,NA,NA,NA,NA,NA,NA,NA,NA,NA,NA,NA,NA,NA,NA,NA,NA,NA,NA,NA,NA,NA,NA,NA,NA,TRUE,FALSE,FALSE
3'-O-Methylinosine,Amide-Pos-000408,C18-Pos-000275,677136.314681359,507883.293105636,1148237.97471596,462868.507263414,760943.918067939,1460413.51826084,624490.750478861,625196.64223873,106443.205079833,183449.182987358,45575.7026127351,691162.811992081,115778.944696394,116525.204582206,NA,94339.6737488749,372605.500281366,476304.497000818,309565.052127592,41618.8570315135,85714.8359907278,131300.763026031,95527.4432199066,189220.229027222,156550.76723121,185513.978220241,NA,266163.346102187,88785.4091687833,88348.5552523594,206131.197607003,122587.885993015,TRUE,TRUE,TRUE
"3,4,5-Trimethoxydihydrocinnamic acid",C8-Pos-000538,NA,46911.4259022132,NA,51008.5891050774,65246.5422378983,296934.784519657,150777.588507082,150157.273801888,106982.178471444,NA,NA,NA,NA,NA,NA,NA,NA,NA,NA,NA,NA,NA,NA,NA,NA,NA,NA,NA,NA,NA,NA,NA,NA,TRUE,FALSE,FALSE
"3,5-di-tert-Butyl-4-hydroxybenzaldehyde",C8-Pos-000226,C18-Pos-000251,3924581.33532312,5177475.56310367,4456000.52337391,4374237.64484452,4494334.24269443,6505995.02843845,3951302.07485391,4774102.39047818,972748.648487019,1068452.08946031,1114175.11950437,1178914.28604108,1140874.97870641,1056423.46221373,1062444.14102258,1029378.38429576,1019943.49648062,1094637.87395257,1045912.42272508,1084209.96629565,949133.630436242,856284.445861917,1066608.04011397,1138167.07499846,1052577.29292926,1133616.0586136,944546.309509649,1085553.78689381,899444.83120883,1052861.5236881,913126.750944571,976924.323499752,TRUE,TRUE,TRUE
"3-(5,6-Dihydroxyheptyl)-4-methyl-2H-furan-5-one",C18-Pos-000552,C8-Pos-000708,171391.968101036,276750.152313997,368086.982797817,399778.365663693,339740.250966298,319233.325762554,269280.72235499,201441.211897284,104950.011145642,118962.909447482,98083.0047395039,117375.290388774,108287.611592318,95460.9782495431,121165.810544198,93306.8140877996,89061.1463508072,95704.1652078026,102065.882197465,102352.150829955,88317.220378986,116824.513238416,120822.256297064,103430.88180302,105869.48288224,119177.242717372,94115.6281669381,88106.1160308054,85154.8181933485,118929.276343806,91010.7955859684,116197.934900528,TRUE,TRUE,TRUE
3-(Allylamino)propanenitrile,Amide-Pos-000201,NA,2996199.79410133,3007060.65736921,2943094.01580592,1283643.23181695,8706310.75259767,NA,9497868.35559517,1611148.39177938,NA,NA,NA,NA,NA,NA,NA,NA,NA,NA,NA,NA,NA,NA,NA,NA,NA,NA,NA,NA,NA,NA,NA,NA,TRUE,FALSE,FALSE
"3-(Hepta-1,3-dienyl)hexanedioic acid",C18-Neg-000118,C18-Neg-000205,446960.736401955,270487.960533011,236783.120284273,158695.759055194,273480.166848269,146078.879897803,257273.018253119,98466.2237380999,378940.533631605,281712.405416482,293101.29821401,276207.928670973,259046.712108992,253106.134319457,290552.504759963,285802.254304631,244877.380691323,226460.553237212,273186.732073762,258799.620690128,218356.427861425,230358.154058051,276925.160531471,222288.628937281,232942.31986302,243041.941772282,216407.237186452,206994.597873183,207739.930967626,222738.816942085,214385.504849197,361223.85819214,TRUE,TRUE,TRUE
"3-(Hexadecyloxy)-1,2-propanediol",C8-Pos-000390,C8-Pos-000457,1272608.15976228,1231274.71488898,1084165.379249,1284238.26927962,980839.111940028,1460603.85142372,798778.990908018,664891.086677692,652742.882526852,1226424.6280133901,892724.905167002,743285.612854971,830082.383205766,1091589.63427845,813648.811926949,537694.535113034,1185686.6292055,795645.398639075,1446656.1411698,979758.298126825,911684.979478713,874422.097453173,702974.07796757,797791.325124972,1259661.68197903,1077324.04408869,859166.220490276,1458326.52330937,1009548.42550765,809343.966740968,987823.614175147,1156973.52613726,TRUE,TRUE,TRUE
"3-Aminopiperidine-2,6-dione",Amide-Pos-000364,NA,2062386.46188087,952671.123301695,1160588.32352279,1126205.52757902,1939922.53681608,NA,1626414.76026428,NA,NA,NA,NA,NA,NA,NA,NA,NA,NA,NA,NA,NA,NA,NA,NA,NA,NA,NA,NA,NA,NA,NA,NA,NA,TRUE,FALSE,FALSE
3-Aminopyrrolidine,Amide-Pos-000418,NA,766420.669978044,NA,1283695.40801371,584594.425711684,305305.558643895,NA,653997.152023097,322606.50795992,NA,NA,NA,NA,NA,NA,NA,NA,NA,NA,NA,NA,NA,NA,NA,NA,NA,NA,NA,NA,NA,NA,NA,NA,TRUE,FALSE,FALSE
"3-Cyclohexyl-1,1-dimethylurea",C18-Pos-000402,NA,721655.952144562,391646.811818199,1811972.60651806,1422408.13503971,961270.082277277,1417081.57720253,912167.386656021,276847.368283723,NA,NA,NA,NA,NA,NA,NA,NA,NA,NA,NA,NA,NA,NA,NA,NA,NA,NA,NA,NA,NA,NA,NA,NA,TRUE,FALSE,FALSE
"3-Furancarboxylic acid, tetrahydro-4-methylene-2-octyl-5-oxo-, (2R,3S)-",C18-Neg-000136,C18-Neg-000216,122971.011637058,79640.5350617458,80985.3826569875,64968.533178645,77700.3297337939,69446.2862560768,76064.9617165661,57499.0413034851,83791.8615616537,144883.87147647,209132.457782295,176297.759458708,168276.39285412,236791.942981137,169388.751410088,131649.094860685,130598.843205657,135484.418847013,189219.26994909,157705.650236517,106142.197378861,122006.962790426,75903.3978357965,68951.7321324763,96410.7961687479,73381.9171613514,85451.8974526326,72768.0013349658,101043.36152873,69135.0915560043,71716.0621423264,120740.662491673,TRUE,TRUE,TRUE
"3-Hydroxy-2-((9Z,12Z)-octadeca-9,12-dienoyloxy)propyl 2-(trimethylazaniumyl)ethyl phosphate",C18-Pos-000505,NA,117544.05287835,263826.093806274,129149.165033998,326491.305303238,595546.627478636,222249.064204377,405807.454677344,102205.059694186,NA,NA,NA,NA,NA,NA,NA,NA,NA,NA,NA,NA,NA,NA,NA,NA,NA,NA,NA,NA,NA,NA,NA,NA,TRUE,FALSE,FALSE
3-Hydroxy-3-methylglutaric acid,Amide-Neg-000129,Amide-Neg-000072,6104440.43016092,NA,2247023.26946072,946807.686105693,1904770.98962475,1670358.29106241,1885653.79062742,1389522.19420387,11884525.3920769,11735923.8865558,23793049.7757867,15781594.7243872,14449204.4413681,24185356.7046785,26564585.8339802,8932288.42182152,8024357.332019,16315972.5635486,16012794.5112093,13293520.5894081,12329504.218129,6277272.84355476,17968078.9476777,23606090.0769217,19341630.2232543,35132059.2303364,9577503.53864728,12041000.4721655,12787991.6340219,25698449.2234115,20117453.9696629,28721780.8317679,TRUE,TRUE,TRUE
3-Hydroxybutyric acid,Amide-Neg-000085,Amide-Neg-000187,10410291.937678,3223285.86673043,1658864.49109825,5432850.67491112,1134096.10726335,1522060.75091165,2894977.45569918,1378880.97240083,2926722.34516112,6199403.9655623,1414876.04886186,4219308.98175124,1513270.98570813,1022924.45108078,1176972.08570185,1732599.52702379,9702018.57371601,3576358.35757995,2370271.49120344,1357624.7925268,1146416.64893432,4216563.36138143,1061795.2763886,2467914.22979479,1872131.59915161,2813500.69837646,2779071.33840125,6260998.7040013,1720571.52080492,1460265.42724393,2608731.65545726,2634319.93007237,TRUE,TRUE,TRUE
3-Hydroxyhexadecanoylcarnitine,C18-Pos-000612,NA,100855.409970412,58510.4162282467,65672.7555148,49729.8018149962,117726.067811151,189285.76257098,30819.3076845503,NA,NA,NA,NA,NA,NA,NA,NA,NA,NA,NA,NA,NA,NA,NA,NA,NA,NA,NA,NA,NA,NA,NA,NA,NA,TRUE,FALSE,FALSE
3-Hydroxymandelic acid,Amide-Neg-000462,NA,167580.170656523,17163.4845228365,65464.2596310444,15140.6397290038,50829.9675771584,104389.95119995,37089.5329377471,43752.4138545482,NA,NA,NA,NA,NA,NA,NA,NA,NA,NA,NA,NA,NA,NA,NA,NA,NA,NA,NA,NA,NA,NA,NA,NA,TRUE,FALSE,FALSE
3-Hydroxyoleylcarnitine,C8-Pos-000342,NA,733202.718414878,985237.220968336,613810.898590877,1092581.08172671,1498045.75683384,2221563.62899792,405093.688398816,NA,NA,NA,NA,NA,NA,NA,NA,NA,NA,NA,NA,NA,NA,NA,NA,NA,NA,NA,NA,NA,NA,NA,NA,NA,TRUE,FALSE,FALSE
3-Methylglutaric acid,C18-Neg-000117,NA,414688.530988709,NA,262815.071261304,228813.635854602,NA,160528.418342594,303118.736820424,123893.353432314,NA,NA,NA,NA,NA,NA,NA,NA,NA,NA,NA,NA,NA,NA,NA,NA,NA,NA,NA,NA,NA,NA,NA,NA,TRUE,FALSE,FALSE
3-Methylhistidine,Amide-Pos-000323,NA,373839.618167124,3470685.1286297,594776.368223302,336943.560692155,1817250.40005402,691945.922024396,373810.952203404,760730.180247924,NA,NA,NA,NA,NA,NA,NA,NA,NA,NA,NA,NA,NA,NA,NA,NA,NA,NA,NA,NA,NA,NA,NA,NA,TRUE,FALSE,FALSE
"3-Oxo-1,8-octanedicarboxylic acid",C8-Pos-000388,NA,968399.971671011,819653.617817835,1475498.43161146,247323.809106191,1336163.2075194,390664.052233819,1217965.62221774,985768.881373212,NA,NA,NA,NA,NA,NA,NA,NA,NA,NA,NA,NA,NA,NA,NA,NA,NA,NA,NA,NA,NA,NA,NA,NA,TRUE,FALSE,FALSE
3-Phosphoglyceric acid,Amide-Neg-000360,NA,263208.289133347,580020.267907681,117216.910990773,855743.188878296,576433.527220999,497577.398368549,558648.55018043,NA,NA,NA,NA,NA,NA,NA,NA,NA,NA,NA,NA,NA,NA,NA,NA,NA,NA,NA,NA,NA,NA,NA,NA,NA,TRUE,FALSE,FALSE
3-Phosphonopropanoic acid,Amide-Neg-000449,NA,200775.179888857,237900.174935217,165012.612426839,72465.002031897,214128.88970795,112631.306474012,124906.533084763,58733.7866941597,NA,NA,NA,NA,NA,NA,NA,NA,NA,NA,NA,NA,NA,NA,NA,NA,NA,NA,NA,NA,NA,NA,NA,NA,TRUE,FALSE,FALSE
"3-hydroxy-5,5,8a-trimethyl-3,4,4a,6,7,8-hexahydronaphthalene-2-carboxylic acid",C8-Pos-000529,C18-Pos-000198,331161.673455236,301952.57137248,132929.586027042,369427.588254298,37166.7975579083,81952.4691896016,190634.789474062,NA,393111.74432063,329814.832516216,566638.806458496,1282716.72829743,NA,690627.2440794,517352.57397361,871274.371666019,970343.090644455,1155652.09065813,NA,610549.504884168,3218479.68268895,851645.224330357,864407.138261987,416704.998270792,729335.955919291,1395779.27342479,401616.813851662,NA,424223.411145575,796851.322963416,422947.583798819,758568.339387944,TRUE,TRUE,TRUE
3-tert-Butyladipic acid,C18-Neg-000132,NA,177017.235027436,135618.329786808,147117.884133415,97090.9839525033,114421.854831046,113034.552430637,151833.980930363,77996.7693654586,NA,NA,NA,NA,NA,NA,NA,NA,NA,NA,NA,NA,NA,NA,NA,NA,NA,NA,NA,NA,NA,NA,NA,NA,TRUE,FALSE,FALSE
"3-{(1R,9S)-6-Oxo-11-[4-(2-pyridinyl)benzyl]-7,11-diazatricyclo[7.3.1.02,7]trideca-2,4-dien-5-yl}benzonitrile",C8-Pos-000438,NA,896430.12599469,831044.860671304,888235.475526449,894921.078686352,775579.176164026,NA,716165.911901328,NA,NA,NA,NA,NA,NA,NA,NA,NA,NA,NA,NA,NA,NA,NA,NA,NA,NA,NA,NA,NA,NA,NA,NA,NA,TRUE,FALSE,FALSE
4'-methoxyflavone,C8-Pos-000514,NA,382672.393576847,371566.124824938,387804.822238663,403917.016754434,388902.225739462,393767.6281972,416765.094097428,384912.670847896,NA,NA,NA,NA,NA,NA,NA,NA,NA,NA,NA,NA,NA,NA,NA,NA,NA,NA,NA,NA,NA,NA,NA,NA,TRUE,FALSE,FALSE
"4,11-Dimethyl-8-(propan-2-yl)-5,12-dioxatricyclo[9.1.0.04,6]dodecan-7-ol",C18-Pos-000596,NA,228123.303896859,118492.426087277,211445.959791521,229147.062567847,174548.119947209,188633.770469723,196027.838680056,180707.427977182,NA,NA,NA,NA,NA,NA,NA,NA,NA,NA,NA,NA,NA,NA,NA,NA,NA,NA,NA,NA,NA,NA,NA,NA,TRUE,FALSE,FALSE
"4,4,7a-Trimethyl-3a,5,6,7-tetrahydro-3H-indene-1-carboxylic acid",C18-Pos-000553,NA,348847.782432188,246852.58078604,389092.146239869,346484.496380226,343731.806557446,348409.890841571,292424.697987997,366498.073939796,NA,NA,NA,NA,NA,NA,NA,NA,NA,NA,NA,NA,NA,NA,NA,NA,NA,NA,NA,NA,NA,NA,NA,NA,TRUE,FALSE,FALSE
"4,6-Dimethyl-2(1H)-pyrimidinone",Amide-Pos-000196,NA,4140567.95999351,3102437.55799618,5269003.02423995,3329815.09268695,10029781.4242275,2820386.32563607,3050333.68735408,NA,NA,NA,NA,NA,NA,NA,NA,NA,NA,NA,NA,NA,NA,NA,NA,NA,NA,NA,NA,NA,NA,NA,NA,NA,TRUE,FALSE,FALSE
4-(2-Hydroxyethyl)piperazine-1-ethanesulfonic acid,Amide-Pos-000280,NA,218599.597194044,NA,1649175.86700443,3116280.08064224,2082043.45826991,57791.9905874954,4388354.0657738,NA,NA,NA,NA,NA,NA,NA,NA,NA,NA,NA,NA,NA,NA,NA,NA,NA,NA,NA,NA,NA,NA,NA,NA,NA,TRUE,FALSE,FALSE
4-Acetamidobutanoic acid,C18-Pos-000258,C18-Pos-000161,665196.615387562,5678643.06734892,2378034.28550243,4833817.39828814,NA,7080322.0122545,3254739.08902361,NA,4194642.30483332,4206260.11671395,6964641.15272609,NA,3130443.14197571,4892124.77855357,5102596.10270234,NA,4200637.10694358,5022556.85197733,4172172.67853135,3314416.17334373,2544771.87038692,3363257.9004403,NA,4463296.41794004,4798609.48204578,5859819.47565668,6086525.25632594,5464722.77029389,4509533.96908412,3585101.40374596,5263981.43206313,6880284.05048577,TRUE,TRUE,TRUE
"4-Amino-1,2-benzenediol",C18-Pos-000352,NA,2824540.65844933,566245.214837448,2213976.14305397,941755.174117509,NA,1752427.02505158,NA,939494.455485569,NA,NA,NA,NA,NA,NA,NA,NA,NA,NA,NA,NA,NA,NA,NA,NA,NA,NA,NA,NA,NA,NA,NA,NA,TRUE,FALSE,FALSE
4-Azepan-1-ylaniline,C18-Pos-000589,NA,102768.118906342,25674.230835057,57525.1121646752,161790.292812194,86876.9815117539,239007.010768488,56665.2385558607,86460.381245653,NA,NA,NA,NA,NA,NA,NA,NA,NA,NA,NA,NA,NA,NA,NA,NA,NA,NA,NA,NA,NA,NA,NA,NA,TRUE,FALSE,FALSE
4-Hydroxy-L-isoleucine,Amide-Pos-000328,NA,1738284.1542446,NA,3419209.86331356,NA,2209249.04162577,2156918.54244707,2244876.85157805,1931799.12607127,NA,NA,NA,NA,NA,NA,NA,NA,NA,NA,NA,NA,NA,NA,NA,NA,NA,NA,NA,NA,NA,NA,NA,NA,TRUE,FALSE,FALSE
4-Indolecarbaldehyde,C18-Pos-000455,C18-Pos-000267,373837.352704363,711650.636088635,699358.854834597,593334.754397948,NA,1017673.5347123,549329.38056197,434247.913678881,613611.961275155,511954.307344476,674799.733680816,639308.307368051,551937.05531286,583704.481284548,661777.256053683,520684.502820852,659443.18901365,564323.487539298,666588.563159824,676678.621249622,574295.597646376,662844.941052239,659077.374140811,527351.13930879906,623984.727517304,650804.869371862,771682.999378265,744549.937378741,605277.879719917,537642.032121744,670969.048116047,743481.571645293,TRUE,TRUE,TRUE
4-Methoxychalcone,C8-Pos-000372,NA,1660851.65284971,1795676.77323556,1577259.64786095,1473282.44223692,1638214.7021821,1779032.39356421,1326363.19442933,1548313.35407568,NA,NA,NA,NA,NA,NA,NA,NA,NA,NA,NA,NA,NA,NA,NA,NA,NA,NA,NA,NA,NA,NA,NA,NA,TRUE,FALSE,FALSE
4-Methoxycinnamaldehyde,C18-Pos-000563,NA,336423.945293608,258115.105515862,355301.089143987,355733.857369274,347325.641405198,248458.882694787,258837.148321246,209845.84918959,NA,NA,NA,NA,NA,NA,NA,NA,NA,NA,NA,NA,NA,NA,NA,NA,NA,NA,NA,NA,NA,NA,NA,NA,TRUE,FALSE,FALSE
4-Methyl-1H-benzimidazole,Amide-Pos-000381,NA,745202.759124296,269618.87566458,2052184.9831016,1377032.73571697,1204392.4172769,NA,947295.892254376,293201.977277528,NA,NA,NA,NA,NA,NA,NA,NA,NA,NA,NA,NA,NA,NA,NA,NA,NA,NA,NA,NA,NA,NA,NA,NA,TRUE,FALSE,FALSE
4-Oxo-2-nonenal,C18-Pos-000516,NA,439506.669825494,445526.405906437,539256.418091973,364178.875834243,218604.12096564,415197.552554326,452695.327014809,260097.243523984,NA,NA,NA,NA,NA,NA,NA,NA,NA,NA,NA,NA,NA,NA,NA,NA,NA,NA,NA,NA,NA,NA,NA,NA,TRUE,FALSE,FALSE
4-Oxoproline,C18-Neg-000036,Amide-Neg-000183,9758768.80615496,9393184.86006911,8126030.4988686005,4850260.47543876,NA,4127330.33878443,6677110.1776796,NA,2268859.92758568,4209815.43152485,2640603.99254172,3332547.51020585,4810252.2658953,4901798.64510111,4336917.9151974,8112487.56436015,6250015.9165145,5455370.32646616,2703950.87646048,5784619.4944242,4165062.61887302,8583754.02512555,3293135.46043009,2842879.01252648,6477538.5766653,9038519.68606522,7445486.71022051,9908469.45248751,6308402.18513281,2578972.54538985,6127121.10885755,5234804.1149108,TRUE,TRUE,TRUE
4-Palmitoylmorpholine,C8-Pos-000468,NA,NA,523718.503260397,433987.46450645,653077.813165183,572947.296269377,732558.675226107,438796.071022646,362388.6819569,NA,NA,NA,NA,NA,NA,NA,NA,NA,NA,NA,NA,NA,NA,NA,NA,NA,NA,NA,NA,NA,NA,NA,NA,TRUE,FALSE,FALSE
4-Piperidinecarboxamide,Amide-Pos-000219,Amide-Pos-000352,5296806.78781122,7716308.9401922,4696982.14089041,1995618.57162274,2911167.28085543,1705870.43469729,2023501.60723334,2534017.21347099,1683506.86339056,1877101.05550834,3529332.7749831,2020132.90431912,1880438.37765408,1892431.82004979,1721194.11826038,1348697.02900208,1941813.70126464,1644339.92937944,NA,1369259.59941102,1005642.38495258,1722463.3973387,1948524.43752814,2016126.36530406,1756788.46099768,1733864.4577474,2055923.11219915,1252379.32414964,1987387.40087072,1813729.78206656,1859197.31518354,1791878.35873198,TRUE,TRUE,TRUE
"4-[(1E,3E)-Hepta-1,3-dienyl]-3-(hydroxymethyl)cyclohexane-1,2-diol",C8-Pos-000488,NA,454182.360650073,417130.392805341,390409.632788378,179773.75449802,581866.964266869,341611.451345176,338335.162664152,500495.03410643,NA,NA,NA,NA,NA,NA,NA,NA,NA,NA,NA,NA,NA,NA,NA,NA,NA,NA,NA,NA,NA,NA,NA,NA,TRUE,FALSE,FALSE
"4-[(6E)-3-Hydroxy-8,10-dimethyl-2-(methylamino)-6-dodecen-1-yl]phenol",C8-Pos-000378,NA,916326.600302487,400561.150768457,1441388.97332835,416805.5732331,948558.517323244,NA,1674494.52185658,NA,NA,NA,NA,NA,NA,NA,NA,NA,NA,NA,NA,NA,NA,NA,NA,NA,NA,NA,NA,NA,NA,NA,NA,NA,TRUE,FALSE,FALSE
4-guanidinobutanamide,Amide-Pos-000265,NA,3686597.41409319,5071543.47127253,3091359.59951893,4859613.46025018,4251044.24342025,4782441.70747934,NA,NA,NA,NA,NA,NA,NA,NA,NA,NA,NA,NA,NA,NA,NA,NA,NA,NA,NA,NA,NA,NA,NA,NA,NA,NA,TRUE,FALSE,FALSE
5'-S-Methyl-5'-thioadenosine,Amide-Pos-000054,Amide-Pos-000142,67497236.2502311,56882311.8955021,137704563.282402,110299188.805908,148109792.853115,28944752.3682549,87644720.7208687,60962418.3586282,19149771.9836989,21437603.2908296,19578458.1423136,21999353.0578909,16171121.5235152,13886785.0950213,24668780.0399595,19958856.7300275,12978967.9652786,22245321.3544318,19465157.1045065,19223941.0470101,7330916.70736288,21592753.1570768,22156805.974062,7215427.2774302,19559977.1860417,14504091.0756506,10139837.039469,23450443.8730492,16382702.4257639,16890589.7218387,18604676.0844518,21574268.9876336,TRUE,TRUE,TRUE
5-(6-Methyl-7-oxooctyl)furan-2(5H)-one,C18-Pos-000569,C18-Pos-000258,253182.302307059,166955.908196191,247075.447747583,239118.708946688,341482.032777813,271994.822955248,187642.683013625,201522.836224911,872990.24897802,891681.988064274,736448.799449452,641885.67686031,693154.259228031,818549.202653906,994026.924029952,650379.148458515,776658.696284363,553119.997123884,744899.386913674,738044.638664595,565417.189325856,775070.582457991,473432.51735447,482761.364182306,585647.164040932,869665.816656592,536487.818084411,598682.391126132,860960.408849654,477076.943633895,792356.895899863,826429.060364471,TRUE,TRUE,TRUE
5-Aminovaleric acid,Amide-Neg-000045,Amide-Neg-000123,12223904.5780582,12471750.5701743,11959966.3031862,8846512.06671354,10713360.0138546,21329459.9203753,7419439.38041265,6549093.83797145,5265522.23530103,9869826.06679038,4298140.86373484,7420509.85573426,11434163.6197223,9513090.58534044,10743614.0396948,9427238.31704339,13957913.1844765,8917487.99520342,4277425.4448477,7255536.31309359,7928457.96421522,14402721.4190169,8832878.11488148,5524470.70425566,10616240.2649697,12067421.6260682,15286592.6942215,15145427.1394444,10241932.4838407,7131363.06760965,9990752.54285338,9139919.72746346,TRUE,TRUE,TRUE
5-METHYLCYTOSINE,Amide-Pos-000254,NA,2834645.25456775,3309533.81662288,5070050.92627619,4079023.29223865,4226885.75085096,5439966.05386126,3655842.87191567,3940883.79389066,NA,NA,NA,NA,NA,NA,NA,NA,NA,NA,NA,NA,NA,NA,NA,NA,NA,NA,NA,NA,NA,NA,NA,NA,TRUE,FALSE,FALSE
5-Methylcytidine,Amide-Pos-000327,Amide-Pos-000460,1298112.89618105,1790415.21290593,2873031.75976251,2074657.14818495,2133863.62953227,3421889.55674636,1727624.06957254,2279638.49238524,565189.132922953,1048396.63230645,688194.175039561,1351825.34476076,811756.567424608,500129.876662668,727058.347082725,795754.914271734,1309088.01116153,1229199.57951214,1014624.23215185,337824.238525354,699590.146130921,609530.051636355,932359.440341752,834882.137872375,1001822.20788148,898204.768551161,743579.1610697,1408241.9015984,976397.988002893,504517.750611797,1028764.07726388,1029883.46963069,TRUE,TRUE,TRUE
5-Nitro-o-toluidine,C18-Pos-000420,Amide-Pos-000327,577997.974135439,450878.312458841,661175.772111441,NA,108908.645425687,NA,128200.706154524,1423222.31905356,NA,4078187.35522393,388112.292662091,4131010.72525878,313754.526856661,612214.310754408,413757.420442817,NA,NA,1460084.20046693,NA,NA,600262.267663739,1585334.07774359,NA,2512146.7581914,387668.107038569,2056530.66906688,947631.874003366,2564822.75393377,757818.713427529,613448.033326417,1674225.80340156,1631757.67019517,TRUE,TRUE,TRUE
5-Tetradecynoic acid,C8-Pos-000400,NA,564444.087537626,1336961.65448134,625560.324754974,587117.218290004,1327085.89173943,1325041.51362853,1127904.75885874,891676.548358017,NA,NA,NA,NA,NA,NA,NA,NA,NA,NA,NA,NA,NA,NA,NA,NA,NA,NA,NA,NA,NA,NA,NA,NA,TRUE,FALSE,FALSE
5α-Dihydrotestosterone,C8-Pos-000552,NA,138021.804037526,113302.139701807,162212.768492324,169053.170720445,158354.10531737,214593.9420258,153479.541248192,178421.255891844,NA,NA,NA,NA,NA,NA,NA,NA,NA,NA,NA,NA,NA,NA,NA,NA,NA,NA,NA,NA,NA,NA,NA,NA,TRUE,FALSE,FALSE
6-(6-Aminohexanamido)hexanoic acid,C18-Pos-000542,NA,426888.629274201,35363.3877590966,34348.6841158707,75957.4012871488,46357.8756795214,187569.005491731,NA,NA,NA,NA,NA,NA,NA,NA,NA,NA,NA,NA,NA,NA,NA,NA,NA,NA,NA,NA,NA,NA,NA,NA,NA,NA,TRUE,FALSE,FALSE
6-Gingerol,C18-Neg-000064,C18-Neg-000137,3765628.25811922,2638862.06716642,2268692.28906315,1513509.14524856,2561765.03208247,1494484.43878854,2803610.42925811,1291635.94541943,2448833.287487,1181416.76977253,1356098.91862638,839837.741753355,1219623.7917712,1177298.34026195,1543152.91244569,1332131.14284801,1171201.11913134,1018337.65684655,1808743.46704285,1576244.81961476,1276464.71770769,1058787.34553785,1110755.51548074,1249667.22600246,1212385.02766315,1281966.92932138,877387.493423602,947262.050051504,695679.500931354,1181341.87708138,864804.992262257,2015205.78724418,TRUE,TRUE,TRUE
6-Methylindole,C18-Pos-000586,NA,88358.7325258545,158618.08590675,90029.7926971614,102758.59215172,NA,244754.90046655,119168.900303512,98330.6203850321,NA,NA,NA,NA,NA,NA,NA,NA,NA,NA,NA,NA,NA,NA,NA,NA,NA,NA,NA,NA,NA,NA,NA,NA,TRUE,FALSE,FALSE
6-Oxooctadecanoic acid,C8-Pos-000145,NA,12214752.072551,13560840.4236661,12911620.7136818,14910110.1032907,14049826.8842592,17820739.734762,11876984.1382966,11876577.2662305,NA,NA,NA,NA,NA,NA,NA,NA,NA,NA,NA,NA,NA,NA,NA,NA,NA,NA,NA,NA,NA,NA,NA,NA,TRUE,FALSE,FALSE
"6-methoxypurine, oxamethane",Amide-Pos-000202,NA,3877994.5972949,NA,6884305.73346467,3182757.72272401,4932026.04911422,9326512.67601855,4278254.72552827,4113445.19692383,NA,NA,NA,NA,NA,NA,NA,NA,NA,NA,NA,NA,NA,NA,NA,NA,NA,NA,NA,NA,NA,NA,NA,NA,TRUE,FALSE,FALSE
"7-(2-hydroxypropan-2-yl)-1,4a-dimethyl-2,3,4,5,6,7,8,8a-octahydronaphthalen-1-ol",C8-Pos-000487,Amide-Neg-000368,588829.009378693,584449.636080703,536804.871702084,42406.0297269709,275260.16848586,NA,257960.392675575,258023.962655212,2284037.39118257,1088730.12347603,373852.450344737,145989.975007264,413093.63794749,579813.65668727,969428.956938776,374466.216581892,374607.317420491,204501.334273043,332418.453483045,325267.310394555,405035.921224398,637655.926988649,240611.014791303,234651.359420753,469265.001414374,150936.202294683,213962.985375689,447596.179317346,391532.138356986,137024.236384971,280062.364611185,544833.527153297,TRUE,TRUE,TRUE
7-Dehydrobrefeldin A,C8-Pos-000509,NA,299870.019503721,177908.969204237,150830.694179323,147406.666465692,171765.839812402,168872.262143778,98664.5975988622,438427.475727942,NA,NA,NA,NA,NA,NA,NA,NA,NA,NA,NA,NA,NA,NA,NA,NA,NA,NA,NA,NA,NA,NA,NA,NA,TRUE,FALSE,FALSE
7-Keto-8-aminopelargonic acid,C18-Pos-000625,NA,137355.601824984,60853.4602306053,150947.814341723,10620.2219868488,35162.9059049707,NA,115353.887168701,33370.5087490318,NA,NA,NA,NA,NA,NA,NA,NA,NA,NA,NA,NA,NA,NA,NA,NA,NA,NA,NA,NA,NA,NA,NA,NA,TRUE,FALSE,FALSE
7-Methylguanosine,C18-Pos-000566,Amide-Pos-000315,NA,251705.342122237,174862.751079554,142167.819138695,203483.771133076,303255.651951983,349284.952454603,NA,2504989.80164549,3784458.04871923,1826750.70782472,3519563.50582665,2900400.84475679,2094053.08145107,2056941.12583945,2813596.58678021,3796842.41072531,2687253.58133288,3769678.82418024,1848653.82031243,1969810.97104093,2574523.9942602,2445682.34614075,2639756.59434599,3747381.06681666,2710832.39643677,3436515.09635438,4656324.8600719,3220884.63515304,2001520.07283143,3881742.34901645,2105227.30594378,TRUE,TRUE,TRUE
7-Oxocholesterol,C8-Pos-000103,C8-Pos-000100,12220444.5392445,12536251.9968974,12271391.1880507,14540543.8674555,12384108.3067375,36895049.1016259,11551429.8724655,8849757.24906488,16979173.7552173,16423898.2692305,11358551.2454802,18443297.8145953,13904212.3878823,12456789.3412885,14095913.5203434,15802525.1886612,13669020.631309,15751206.7486398,30097229.9042738,4641538.47742008,12260913.3877659,11298697.3135526,13072300.4768133,14076599.5965134,13382197.4662045,12500934.6674996,4614453.25099168,16000226.9955944,13309434.7804267,10101900.9087702,15096847.8329106,12242963.3737519,TRUE,TRUE,TRUE
7.alpha.-Thiospironolactone,C8-Pos-000550,NA,225354.625420181,178452.286996659,124280.151688422,181538.833923095,138154.297177131,222500.291281388,168378.506168916,196787.279261564,NA,NA,NA,NA,NA,NA,NA,NA,NA,NA,NA,NA,NA,NA,NA,NA,NA,NA,NA,NA,NA,NA,NA,NA,TRUE,FALSE,FALSE
"8(S)-Hydroxy-(5Z,9E,11Z,14Z)-eicosatetraenoic acid",C8-Neg-000157,C8-Neg-000193,187331.641490155,132164.690092827,76729.670539256,198716.831557756,127302.787664788,NA,565975.165358703,125877.856852962,82575.196141669,NA,NA,452329.825312817,456743.938869401,421491.868798402,313503.421888238,365000.24402757,156469.978517212,NA,441581.689470716,193407.851194337,346173.918845645,296779.038837974,208505.269404133,NA,288413.869088044,NA,294724.695638931,306662.19147758,471205.461949749,73611.1975985177,245899.393740611,59890.393561989,TRUE,TRUE,TRUE
"8,11,14-Eicosatriynoic acid",C8-Neg-000121,NA,1039391.09038988,2076016.96176053,168866.930568528,615393.423174842,389160.709265739,567238.089395464,474542.82150447,528336.152635942,NA,NA,NA,NA,NA,NA,NA,NA,NA,NA,NA,NA,NA,NA,NA,NA,NA,NA,NA,NA,NA,NA,NA,NA,TRUE,FALSE,FALSE
8-Hydroxyageraphorone,C8-Pos-000402,NA,768430.81475391,1108494.65177069,1067089.7979929,467481.690875233,1326100.35696027,1245880.00658883,1092570.74740489,NA,NA,NA,NA,NA,NA,NA,NA,NA,NA,NA,NA,NA,NA,NA,NA,NA,NA,NA,NA,NA,NA,NA,NA,NA,TRUE,FALSE,FALSE
83-88-5,Amide-Pos-000469,NA,233205.240538873,395515.639934714,NA,260474.352533799,457495.072946651,611185.02418881,553175.01254433,310968.089576925,NA,NA,NA,NA,NA,NA,NA,NA,NA,NA,NA,NA,NA,NA,NA,NA,NA,NA,NA,NA,NA,NA,NA,NA,TRUE,FALSE,FALSE
"8Z,11Z,14Z-Eicosatrienoic acid",C8-Neg-000038,C8-Neg-000010,7239592.81329387,11319801.605414,6565679.93253532,8461741.07331691,11579742.6696971,16703895.1002669,6833510.43778903,4206858.93512204,18797940.2690366,18141681.2508852,14487221.5324741,40367828.2712508,27399336.1216007,20214738.6411231,21460096.6429331,24560789.3513624,43741348.1213571,18573102.1606533,46425288.3336829,18508743.6449393,28385635.0398072,24654094.0053579,17676156.4069313,34424868.2725772,43328443.6079371,13548662.1231804,32332677.9897937,30273278.849623,28756213.184378,20654036.9199249,27951925.4456421,21955953.3414131,TRUE,TRUE,TRUE
"9-Oxo-10(E),12(E)-octadecadienoic acid",C8-Pos-000240,NA,5563931.09006022,2495297.80421642,3200352.80764333,5800131.25857071,2717242.69948184,2686931.83162386,2477775.36001552,2341457.82650464,NA,NA,NA,NA,NA,NA,NA,NA,NA,NA,NA,NA,NA,NA,NA,NA,NA,NA,NA,NA,NA,NA,NA,NA,TRUE,FALSE,FALSE
9-Oxo-ODE,C8-Pos-000308,NA,1325829.33345562,2299182.54645913,2454448.05773679,679566.968293113,1268639.16414475,1326743.76402611,1007504.16840214,3078832.50485326,NA,NA,NA,NA,NA,NA,NA,NA,NA,NA,NA,NA,NA,NA,NA,NA,NA,NA,NA,NA,NA,NA,NA,NA,TRUE,FALSE,FALSE
9-methoxycarbonyldec-9-enoic acid,C8-Pos-000519,NA,349384.160276514,350732.724510874,345736.099866761,393567.773782354,325604.476622714,348371.726513898,289291.627972767,227419.153110956,NA,NA,NA,NA,NA,NA,NA,NA,NA,NA,NA,NA,NA,NA,NA,NA,NA,NA,NA,NA,NA,NA,NA,NA,TRUE,FALSE,FALSE
997-55-7,Amide-Pos-000528,NA,47994.016233098,52217.0841582821,94082.2663550771,23467.2768677178,32591.6664000561,67560.5105563014,NA,NA,NA,NA,NA,NA,NA,NA,NA,NA,NA,NA,NA,NA,NA,NA,NA,NA,NA,NA,NA,NA,NA,NA,NA,NA,TRUE,FALSE,FALSE
AMINOADIPATE,Amide-Neg-000307,NA,1194236.96652639,1145170.12349087,800195.695991737,762786.087797394,956367.099295016,1390857.92616526,382483.23864683,462103.929840104,NA,NA,NA,NA,NA,NA,NA,NA,NA,NA,NA,NA,NA,NA,NA,NA,NA,NA,NA,NA,NA,NA,NA,NA,TRUE,FALSE,FALSE
Acaranoic acid,C8-Pos-000415,C8-Pos-000554,889604.795186625,1077366.39886251,1018900.36255427,1224907.5090218,1133731.83578507,1155302.89436325,1158579.70255538,1135886.41770607,578248.529164177,660030.513815551,572332.727078742,611751.481576056,602763.210046742,NA,542606.157502316,497846.231812478,626388.062118899,631457.704270914,407049.069781285,553430.244585837,571043.055066726,449573.841735032,557177.098574668,506958.671037456,515382.191377991,567587.003694639,499180.449440013,548515.951050161,671582.665628492,606692.646287898,627376.587296148,547298.194484574,TRUE,TRUE,TRUE
Acetohydroxamic acid,Amide-Neg-000145,Amide-Neg-000370,1992665.45020953,3719247.13109267,2486271.87162923,1910645.93953673,2622336.61091345,5073536.2453359,1635188.43111242,2287680.40659055,NA,NA,543679.035060545,813891.022020227,243411.632542899,767952.694005407,298857.642140355,824311.20273073,1607155.3867825,979122.422001179,495334.838477037,201683.174345335,645583.953367497,2192360.25356142,495151.305608038,927475.274926411,729277.465351749,668072.323293864,2275503.69886415,1384684.51901673,NA,214225.738154528,874732.298559921,901471.078341175,TRUE,TRUE,TRUE
Acetyl-L-carnitine,C18-Pos-000171,Amide-Pos-000085,NA,6657063.16410167,NA,6580562.09929608,10564592.0504848,18259270.8031591,8537637.10489392,4684396.68723168,35840811.1769883,70806887.8161072,63680153.4114397,61252443.1419719,28914888.3245039,59194098.1249391,69350258.9655734,19412247.2724691,52324642.9692577,32499321.4090615,26518263.3535903,9805219.88084429,20813628.9536089,22963375.9607192,49459731.351365,28237377.4851231,34484133.5351013,52726017.2519132,65885987.3743036,43548042.0060819,38738023.8668153,59306575.7940127,65912679.1274651,53793479.7468989,TRUE,TRUE,TRUE
Acetyl-β-methylcholine,Amide-Pos-000161,Amide-Pos-000176,5517564.38908359,11056895.2336791,6958841.44300137,5794777.63529596,7300423.68654516,15601043.7485773,3131251.06389293,4001202.25676226,9416790.51112232,15494170.553938,9925238.60596668,7548047.73242056,5341367.98669236,6383022.94242168,4602589.5044429,8558228.89705536,8213114.90550728,3818324.47826818,9318293.05427604,3834060.98932472,4407499.83919613,4407212.78950343,7370047.3351255,6158122.67253958,8200727.04296418,7509681.44129633,10298768.6551399,6080329.25912389,5909602.50903586,13058749.5015172,5163148.66098737,6070909.97224549,TRUE,TRUE,TRUE
Acetylcholine,Amide-Pos-000049,Amide-Pos-000059,10170359.1720831,170094256.79323,10798179.8097664,3350929.93517682,34578882.9115228,43243379.0513793,3205487.87901133,80267240.3674339,17800071.4857552,41599818.5482708,22010047.5545259,5769528.31409202,11981955.0701084,7574118.65543717,21862479.4773151,146249753.113337,19285553.1154084,31777606.7508781,60938377.8158383,215830816.279459,25479397.2213501,58095325.0035999,27734442.7791919,24723017.0338049,36189059.1727643,28852121.3293525,21699803.9257067,45716157.4727687,12238287.8172537,12622633.1898025,16502894.8154912,26578915.0204964,TRUE,TRUE,TRUE
Acrylic acid,Amide-Neg-000212,NA,1919722.67359616,1477894.22335928,2686618.98209285,2007333.03959304,1462084.29175629,2908039.66304427,1231734.00080031,1303452.34599478,NA,NA,NA,NA,NA,NA,NA,NA,NA,NA,NA,NA,NA,NA,NA,NA,NA,NA,NA,NA,NA,NA,NA,NA,TRUE,FALSE,FALSE
Adenine,Amide-Pos-000029,Amide-Pos-000035,335090149.328551,113109875.11931,422115060.383818,312524587.683461,513623439.458989,182349168.690199,231228478.021093,116096785.772858,229973098.365757,355081856.810038,278882241.194256,493912190.495004,363640729.503451,191191542.045649,268309395.410211,287186125.617292,461992980.271661,431183085.581079,411678710.056753,234326698.008386,332297257.134152,287262881.367369,299585793.952224,354535507.009736,308255726.895974,396986025.528462,571471024.282439,408675609.103664,339826558.003729,339538234.254707,325381609.144152,619609972.151555,TRUE,TRUE,TRUE
Adenosine,Amide-Pos-000013,C18-Pos-000012,1480190580.96374,161296922.206432,1641757122.61797,300629555.683306,303792975.16692,533939915.734666,328423830.161747,678388862.875639,93115049.0831826,114081385.130629,115613785.245822,NA,189092599.329409,58142862.4725069,108355178.093868,NA,141122644.054006,233099216.833594,90911244.6424531,117414121.31857,159069988.301459,84113287.8768369,NA,182220268.783806,106334682.820062,141909075.287773,247715689.485684,123337459.56718,126318738.312666,146028995.717998,106221193.797613,273818526.587462,TRUE,TRUE,TRUE
Adenosine 5'-diphosphoribose,Amide-Pos-000478,NA,130478.397995854,158461.37191419,106177.784457311,260609.964882046,69078.3306518158,542130.236228861,153275.128633075,52365.8627236603,NA,NA,NA,NA,NA,NA,NA,NA,NA,NA,NA,NA,NA,NA,NA,NA,NA,NA,NA,NA,NA,NA,NA,NA,TRUE,FALSE,FALSE
Adenosine 5'-monophosphate,C18-Pos-000005,C18-Pos-000005,426340283.069493,90393903.1432889,307748956.67491,69919633.7857819,97686941.0702948,117901492.006321,63973358.9568679,453452701.014955,304082130.518204,247923412.259537,294871995.863258,231661759.877133,206365502.041826,280552551.918766,337458721.883191,NA,361935569.259748,343043794.78062,322803122.949798,227503380.785219,242482444.639199,318465338.604999,268669293.250004,244166963.249355,256619080.473281,275662144.179363,434555910.156645,357673790.298357,223109770.710739,238563520.596862,296511729.806553,344606213.929041,TRUE,TRUE,TRUE
Adenosine diphosphate (ADP),Amide-Pos-000106,Amide-Pos-000111,15727647.690679,34359508.6015208,32805589.6132968,24976471.9003607,24827981.7778535,42564834.7768003,10451412.9259495,20923423.8921502,27783109.6145742,33423209.3225729,18618082.0528373,16926897.7719672,9687287.06852561,21648846.2052633,17541764.0368011,33139281.8615124,12547367.4899157,25979002.4776478,24598190.7191017,22670226.6283377,11667698.4918454,37200252.849662,30793907.630173,15399001.314665,22181694.2718387,33773275.6980795,26724623.1254161,28735496.2923156,24310480.783356,24585724.7450107,35009608.2481553,25036378.2982436,TRUE,TRUE,TRUE
Adenosine triphosphate (ATP),Amide-Neg-000306,Amide-Pos-000156,304049.393455853,1101387.21546537,995512.183312894,529959.818888591,324153.907513472,1406339.49211191,34929.8228908114,192106.026695445,16807315.9920758,9970009.55342665,NA,7144102.07591052,4407087.10921574,19850828.6107012,NA,8434471.439232,3114309.54200374,6710301.16909037,6361411.87022789,14114284.8075279,3323617.65812184,11936658.7066662,2190365.71883363,6932955.35513073,10612181.7738871,17056926.7727106,9381939.86428374,7731012.45981149,13675144.3392508,11423139.6847756,19908493.3182992,8041620.29982293,TRUE,TRUE,TRUE
Adenylosuccinic acid,Amide-Pos-000356,Amide-Pos-000463,1221621.43067596,860332.715778984,1047480.80770461,545850.187796013,2669549.08935052,1087936.24773374,674995.51130083,757708.633451232,390652.220990157,265064.356998993,204303.535678641,1028018.93597284,291245.97407222,300289.182531259,300666.041619722,767869.830382569,809959.33765622,682458.791311782,1358487.15478296,278713.672891644,323627.046773288,583948.046732604,388384.451459006,231660.492067565,461219.943238472,289819.379312374,1029877.34292944,858378.270952001,452895.289849027,277249.378159019,380017.46782961,458597.578575553,TRUE,TRUE,TRUE
Adrenic acid,C8-Neg-000032,C8-Neg-000005,14895911.8342171,16435908.8984713,7370310.64276019,17345292.1933263,21728881.1407523,26482589.2837252,16044852.7088998,4879987.21472914,18653746.2623937,31016845.6490727,27828644.1778087,39916502.0850926,65106033.5287239,27051525.4009514,33905004.7586633,38600693.1749895,70950046.7515978,19755297.6359156,33817707.9403649,23270609.6184791,45661845.9089975,18426098.535658,18416321.2352486,25546818.1036641,19900105.5170352,8921112.42112457,30820451.0806835,32319858.9210541,27289483.2561753,14625005.6004097,27663629.596965,12768460.8411798,TRUE,TRUE,TRUE
Amphetamine,C18-Pos-000346,NA,1372200.55047662,NA,1835534.33972729,2975721.92255718,964002.861390367,NA,1416876.03126871,241464.608252447,NA,NA,NA,NA,NA,NA,NA,NA,NA,NA,NA,NA,NA,NA,NA,NA,NA,NA,NA,NA,NA,NA,NA,NA,TRUE,FALSE,FALSE
Androsterone,C8-Pos-000407,NA,1309137.61662734,781714.398017756,485237.721699093,908265.41075046,599285.178869427,NA,NA,387783.26040024,NA,NA,NA,NA,NA,NA,NA,NA,NA,NA,NA,NA,NA,NA,NA,NA,NA,NA,NA,NA,NA,NA,NA,NA,TRUE,FALSE,FALSE
Arachidic acid,C8-Neg-000094,C8-Neg-000062,2145871.44782243,3441961.91519271,1649055.755015,2873392.40581701,2208222.74334612,4331308.6179529,1471259.75498222,1152826.03403178,1570807.20721885,5226053.3519199,1596071.23933127,1455593.96159805,1642263.24380868,1392709.34956231,1591369.28554619,1733619.51021793,1559015.53448559,1526095.39670927,1685175.59712392,2097048.0129641,1472071.87957137,1561355.90417687,1366198.44081328,1477621.54351066,1457548.3650434,1235975.33522986,1426321.95305859,1775770.16892498,1606859.6250058,1540333.2881333,1493223.64894447,1415918.54904454,TRUE,TRUE,TRUE
Arachidonic acid,C8-Neg-000004,C8-Neg-000001,139661511.655559,173079886.133751,92796025.6698835,152696106.51001,211366755.355509,256759397.320287,152116031.806439,92407113.2071994,250703974.839147,346195580.2703,270675804.388612,405197433.842424,474104444.123421,264907064.706384,212611027.705638,311099144.455674,631727010.32025,204288378.438772,419831352.381419,250519900.060724,466076585.685326,169045582.25391,154263417.110818,348640762.770424,242927368.194286,119667105.99467,408951332.821639,336956521.805539,339869244.226211,197251400.795844,324649708.141366,233615712.95681,TRUE,TRUE,TRUE
Arachidonoyl-carnitine; LC-tDDA; CE10,Amide-Pos-000453,C8-Pos-000104,NA,411664.460407806,NA,612908.704161847,674096.756708813,747585.2656236,163003.12343193,362287.960787343,5609068.72488871,17405690.2077151,9058281.52038857,9422750.04304038,8005984.80579811,24988851.5121464,9802004.71914528,20025666.0340985,3681056.85828665,11250869.2178618,12167946.6606515,7640092.02661367,9594408.0753936,16388932.2968258,3344933.13483131,NA,7200051.41753173,10217576.8601346,NA,9898438.08406764,19062742.7599814,8318019.01864264,18592510.964262,8815210.65566608,TRUE,TRUE,TRUE
Ascorbic acid,Amide-Neg-000026,NA,44884921.3671752,27652745.4322594,27169988.4531081,18351723.1307934,NA,13062984.2207019,6945626.80679486,17315706.9940101,NA,NA,NA,NA,NA,NA,NA,NA,NA,NA,NA,NA,NA,NA,NA,NA,NA,NA,NA,NA,NA,NA,NA,NA,TRUE,FALSE,FALSE
Asp-Ile,C18-Pos-000515,NA,216568.194933616,512088.163812367,204541.68907896,291770.670241125,NA,542990.207501027,247247.736552379,352147.313572596,NA,NA,NA,NA,NA,NA,NA,NA,NA,NA,NA,NA,NA,NA,NA,NA,NA,NA,NA,NA,NA,NA,NA,NA,TRUE,FALSE,FALSE
Asp-Val,Amide-Pos-000494,NA,55800.4387598889,111529.238405176,90622.3131237326,55410.6675811135,101616.98324559,395555.299806306,57270.2770057565,78238.1402268933,NA,NA,NA,NA,NA,NA,NA,NA,NA,NA,NA,NA,NA,NA,NA,NA,NA,NA,NA,NA,NA,NA,NA,NA,TRUE,FALSE,FALSE
Asparagine,Amide-Neg-000148,Amide-Pos-000280,3502611.78392523,3190055.6998093,3417983.54056446,1946813.22014973,3024690.74054414,4966638.33389701,1586366.28394892,2205176.23939535,2820982.81323977,3801433.75045378,2615329.71113931,2781075.34710085,1344390.81711696,2785439.90490088,3193949.30853469,2228476.21776023,3471234.77379335,2441051.74541215,2504289.00072971,2525450.55131966,1823798.53062189,3306622.82371604,2714571.84873708,1592635.90562693,1596706.14148221,6539358.0759535,928597.086683758,4365904.55654643,2716458.3738227002,1337918.43248393,2118563.34526002,3144948.28741682,TRUE,TRUE,TRUE
Avocadyne Acetate,C8-Pos-000397,NA,309510.281065867,797465.293811871,916336.057122116,1231163.0951806,1055740.06865949,1386230.27062961,467913.886253591,788134.527127745,NA,NA,NA,NA,NA,NA,NA,NA,NA,NA,NA,NA,NA,NA,NA,NA,NA,NA,NA,NA,NA,NA,NA,NA,TRUE,FALSE,FALSE
Azelaic acid,C18-Neg-000107,C18-Neg-000158,826449.501380837,510606.074261733,599246.327365909,489739.525114308,522384.092993604,522492.688841513,686750.712994102,364252.2961029,619943.738901723,397053.867384357,667359.455964054,498373.562385835,455249.611551789,553455.748554554,522787.404378586,591198.521658707,388293.401586516,396332.944527718,510805.804732487,522503.507264545,746324.942594934,469373.502706398,635602.458784869,368401.27243925,1366716.79575219,486704.497800313,417518.611201843,387296.149881552,395768.275025277,370909.951994784,431989.075915649,458788.021404778,TRUE,TRUE,TRUE
Azithromycin,C8-Pos-000301,C8-Pos-000273,355238.024325209,799385.368014235,101373.105443812,3314928.64270744,1595347.52242322,71067.7076137881,1435408.8534609,210458.894377082,1797238.16882099,1823503.65326602,2361799.09475052,43817.0904731353,4213199.82456148,2909704.13241445,2858195.42332249,1619744.84835515,712156.991110108,42456.9156681484,89744.4986458067,5664600.85125782,533729.080618289,336390.94713119,NA,3463930.97336098,2003409.91797813,4600441.61132447,625840.574842085,689501.703096327,1824853.6944125,275989.843524091,1403959.87071659,1350683.70365775,TRUE,TRUE,TRUE
Basic Red 9,C8-Pos-000500,NA,77235.8145660692,118412.870345724,NA,40442.5834243505,106268.670948177,47345.4425529852,281153.240901471,485285.59414318,NA,NA,NA,NA,NA,NA,NA,NA,NA,NA,NA,NA,NA,NA,NA,NA,NA,NA,NA,NA,NA,NA,NA,NA,TRUE,FALSE,FALSE
Batyl alcohol,C8-Pos-000431,NA,258866.290896352,496714.556257863,620864.117931451,520820.714127031,461433.044455927,1056789.69043976,336797.545322219,287744.318756365,NA,NA,NA,NA,NA,NA,NA,NA,NA,NA,NA,NA,NA,NA,NA,NA,NA,NA,NA,NA,NA,NA,NA,NA,TRUE,FALSE,FALSE
Benzalkonium chloride (C12),C18-Pos-000295,NA,4784684.77630177,2541906.79920224,4847391.69732077,4664126.03020443,4712078.62102222,4320309.28213102,3821987.71483189,3383204.51921128,NA,NA,NA,NA,NA,NA,NA,NA,NA,NA,NA,NA,NA,NA,NA,NA,NA,NA,NA,NA,NA,NA,NA,NA,TRUE,FALSE,FALSE
"Benzenesulfonic acid, dodecyl(sulfophenoxy)-",Amide-Neg-000055,NA,NA,3229540.43467487,2818208.91709426,952228.097441638,1335888.74235321,3072941.5681071,2154765.17996909,421606.000843515,NA,NA,NA,NA,NA,NA,NA,NA,NA,NA,NA,NA,NA,NA,NA,NA,NA,NA,NA,NA,NA,NA,NA,NA,TRUE,FALSE,FALSE
Benzoic acid,Amide-Neg-000124,NA,6512588.89118995,5380893.49032945,3782139.73597312,5392043.47671698,4642190.46651257,3086996.61715046,3100160.50117313,2114846.21325291,NA,NA,NA,NA,NA,NA,NA,NA,NA,NA,NA,NA,NA,NA,NA,NA,NA,NA,NA,NA,NA,NA,NA,NA,TRUE,FALSE,FALSE
Benzoquinone,Amide-Pos-000519,NA,47905.1920831276,66026.8539406386,182069.859448175,50822.1877839778,NA,68326.9854436416,26979.4462879112,91701.318960786,NA,NA,NA,NA,NA,NA,NA,NA,NA,NA,NA,NA,NA,NA,NA,NA,NA,NA,NA,NA,NA,NA,NA,NA,TRUE,FALSE,FALSE
Betaine,C18-Pos-000009,Amide-Pos-000052,48972123.2685665,NA,141943535.508672,199619507.647919,163881515.468419,417166272.335685,NA,152082132.662055,141610798.436,218470022.211107,180422909.253483,117964605.686959,139972061.207961,NA,179459567.121624,270214096.013224,204385376.321722,262295649.81231,194896743.380586,230284961.004351,216806297.245743,278787430.332318,129099197.024559,178736468.735253,154259009.324939,169457752.979118,203301850.398904,171076891.274741,125097979.843627,126966567.246854,150215928.427971,157633283.591371,TRUE,TRUE,TRUE
Betulin,C8-Pos-000456,C8-Pos-000495,336982.656516222,537023.54874158,650352.274373098,481456.580616963,637400.072771445,779408.352573281,438132.44183506,310861.871539274,859177.360384377,1051052.79761291,628543.340618336,1140376.77626574,834012.162227157,769757.526449804,746098.226829542,827663.313017934,735650.595269824,944704.747221714,968737.285060143,729170.477522917,788289.895878384,729639.009396789,835484.424545099,698791.282372554,1042610.00102347,898425.304195776,417986.152912272,803920.175424863,785850.12543318,850721.005002797,1062656.04750905,1048114.26997205,TRUE,TRUE,TRUE
Bilirubin,C18-Pos-000604,C8-Pos-000612,58458.5277296904,53056.8191242751,124340.969866043,128801.31327621,88004.1337585826,204979.285434309,152443.295923436,83886.7475580178,176233.491673836,293945.397065701,226618.15940095,472883.162530384,491321.504823597,NA,293506.335680105,118127.201919764,146650.161289668,200836.179469097,NA,NA,169040.380982821,91316.6277534499,72527.5756292591,167700.427615854,181732.556893815,120797.103918462,90523.9888978233,210747.456881501,127464.969234014,59868.3902585514,141478.510353412,161961.141714735,TRUE,TRUE,TRUE
Biliverdin,C8-Pos-000430,NA,1066542.15870322,613536.485576966,798257.168685386,729624.696718902,623319.868244454,427260.991911664,483648.115474603,1070500.09789585,NA,NA,NA,NA,NA,NA,NA,NA,NA,NA,NA,NA,NA,NA,NA,NA,NA,NA,NA,NA,NA,NA,NA,NA,TRUE,FALSE,FALSE
Biliverdin; LC-tDDA; CE10,C18-Pos-000608,NA,32140.6916300155,41700.4214729768,98713.0530358273,19061.9841009898,196673.470620944,12646.7491471416,7885.44672787548,12288.6796085711,NA,NA,NA,NA,NA,NA,NA,NA,NA,NA,NA,NA,NA,NA,NA,NA,NA,NA,NA,NA,NA,NA,NA,NA,TRUE,FALSE,FALSE
Biotin,C18-Pos-000432,C18-Pos-000181,NA,27816.0157008731,159834.700704862,10379.1758783251,41604.998999498,85856.3669619769,1278196.94785994,58996.2981405018,50713.3258456512,NA,4836937.17790255,31412.6076941423,30663.3452346506,23610.7495264566,NA,45217.9850192347,16701.6715740689,59741.5028572069,50437.4458454478,25937.3355982866,58376.4403367164,22830.6643548538,46524.4582000527,42001.158981633,26329.4629333879,NA,64977.98746293,106405.094141842,86187.3061773921,NA,1191221.80109594,59507.198124014,TRUE,TRUE,TRUE
"Bis(2,2,6,6-tetramethyl-4-piperidyl)sebacate",C18-Pos-000448,C8-Pos-000405,583827.658119282,637134.405082054,354165.500897273,893499.956920777,1077547.35337667,904985.55222694,733838.230427375,610120.872085936,1580960.86315889,1531030.11678266,1728589.97131842,1538972.71931373,1415698.06296346,1898447.67098982,1885389.53729565,1258388.21273533,1182872.49920525,1217950.2454062,768469.697111559,924746.03286986,1597565.2897436,669572.016597204,1933609.90831146,1465036.37536626,1472570.4567814,1595705.27162813,1090674.77565301,1284853.04286337,1353720.51536174,1675980.92423848,1945834.50674263,2180159.28806684,TRUE,TRUE,TRUE
Bis(2-ethylhexyl) amine,C8-Pos-000549,NA,93596.3789183431,163376.230242289,39773.7649561947,193974.465518865,168548.857338465,239721.549859951,199682.734899414,141893.20445208,NA,NA,NA,NA,NA,NA,NA,NA,NA,NA,NA,NA,NA,NA,NA,NA,NA,NA,NA,NA,NA,NA,NA,NA,TRUE,FALSE,FALSE
Bis(2-ethylhexyl) sebacate,C8-Pos-000250,C8-Pos-000030,1002572.81660126,5203173.31719785,1702165.87001102,3820526.68024769,2086658.06332705,3215059.4101842,1045700.84699062,894714.955703797,3199632.9031845,5718073.4516481,3105475.60671172,3472634.11153406,6043538.97230565,201466466.660416,NA,NA,NA,5458965.66891465,15175137.6339777,36579433.8952119,9204067.6310488,2730085.39826624,5288567.43194509,2578174.81387559,5559318.32874833,3178075.93160067,3256687.98846291,4273490.26577947,3769931.69100173,2720075.75972478,NA,3355902.68397253,TRUE,TRUE,TRUE
Bis(2-ethylhexyl)adipate,C8-Pos-000069,C8-Pos-000036,25558918.9677244,40653437.7502417,27288878.4691546,78299863.5946061,64050246.6795313,21992431.0606754,17745879.3358311,17332381.8644556,10481620.7175874,49044999.32695,56464438.4391386,17922749.1791124,56415391.2610217,37640854.6374338,17221876.8644729,30070471.4336142,28770362.1020403,13651660.1334588,27354417.8791742,71596257.2259943,83171532.5317684,23908281.1636871,53196025.5720376,47191239.1258533,146133703.657708,14960014.4116623,33555129.41232,17917602.0144087,8885477.12217336,13205594.5105369,8225776.32073633,27094182.6690983,TRUE,TRUE,TRUE
Bis(4-ethylbenzylidene)sorbitol,C8-Pos-000095,C18-Pos-000262,33269362.7029352,33837930.4452778,37086999.148162,38608975.2815394,35906860.5995829,38473607.2485208,31214037.0504432,41807865.7875345,837958.894949163,813969.492793177,836213.970579504,745775.83063364,858666.710302239,948517.778944538,664727.978957472,760154.337870908,762116.692695163,693211.026767927,734731.110385612,846338.488362129,736374.196279587,733143.183603191,755661.271782632,723259.870427315,587613.583828375,787836.726676186,697400.365732804,734396.291403207,784723.302280735,716900.016513068,NA,752619.809087569,TRUE,TRUE,TRUE
Bis(methylbenzylidene)sorbitol,C8-Pos-000501,C8-Pos-000051,216377.226753274,NA,326450.271949766,187967.927376652,186617.890390076,183672.690162244,484307.552837054,341318.76537417,76279609.0699614,91636128.8698285,91823219.8809768,103217189.187543,96028015.3869189,107998778.178664,93370838.5896603,81885248.6823166,88205673.0668998,93252719.5351745,95398781.6633981,94589473.2870469,76715299.9846367,83652380.6791055,75080387.6766875,73725917.4582583,76375497.9641922,75550072.5638548,49058888.4453495,75959557.5819847,85116863.2385066,76792263.001467,73962492.0083733,83569781.2321051,TRUE,TRUE,TRUE
Butylamine,Amide-Pos-000228,Amide-Pos-000139,7278868.61818047,3253462.99480254,1126275.57627313,2056662.08664938,2360911.93255585,1787141.52445108,1118715.11310132,757847.034441271,6595590.18756909,7449628.57726575,26234347.842485,7652477.23015836,7131639.35766112,13730971.7508961,19148147.69459,12808769.2243016,13993753.7931078,5527839.77412325,6144459.40358893,14391866.0985253,6442634.5655475,10809579.781612,23681133.6230666,5985196.55073059,12747765.0843196,11815608.1019392,8580806.85461781,8865340.42116526,7669200.04856447,8283381.49255427,9155852.49747906,18930178.2608696,TRUE,TRUE,TRUE
Butylisopropylamine,Amide-Pos-000366,NA,1270400.20827563,2151359.80761826,2325069.84882634,1284292.98886579,1307054.61357431,1468840.03525305,NA,1941762.65511055,NA,NA,NA,NA,NA,NA,NA,NA,NA,NA,NA,NA,NA,NA,NA,NA,NA,NA,NA,NA,NA,NA,NA,NA,TRUE,FALSE,FALSE
C14-SAS (TENTATIVE),C8-Neg-000107,NA,1333297.64653734,NA,1119314.75781424,2412548.23685013,714966.057905163,1483247.88505273,2884028.47745836,1671404.1703348,NA,NA,NA,NA,NA,NA,NA,NA,NA,NA,NA,NA,NA,NA,NA,NA,NA,NA,NA,NA,NA,NA,NA,NA,TRUE,FALSE,FALSE
CMP,Amide-Neg-000442,Amide-Neg-000529,192075.807449204,135341.764533818,278225.940990334,117444.268421664,106526.192127617,93011.9769078871,43409.1038742847,94073.2935824841,127818.154841732,176129.675845833,138985.719802865,103612.031292505,189780.517185379,286066.30653139,329550.771867667,695453.664003137,115443.89701899,258805.916337282,109199.168268459,277457.614811417,239830.787709545,590915.509500262,342463.963568245,151772.90494669,324767.765241626,207768.265059364,228054.200241245,394381.543200958,366212.978274949,141652.044189401,349512.674866582,267165.704050789,TRUE,TRUE,TRUE
Caprolactam,C18-Pos-000033,C18-Pos-000130,115430021.78113,55932840.1419429,128433570.098183,128408533.826472,165179688.079143,98319533.5997355,107701039.269279,75005231.8379975,8107566.2350686,8128214.16174383,4525932.52202713,NA,4540865.98768415,NA,4971932.20605948,5448945.85694089,7965374.49812735,2653210.26360761,13015615.4043674,877261.519181211,5072594.60835694,9547999.3064001,2406602.22489737,NA,7051090.6758327,5492824.26014244,NA,8662331.22529274,NA,5809567.23525738,8326027.11975436,7203538.97747108,TRUE,TRUE,TRUE
Caprylic acid,Amide-Neg-000270,NA,1342874.27582381,981816.425246842,1947846.35579412,1685413.81248503,1315119.223662,270153.958671746,480685.4719574,323006.683385119,NA,NA,NA,NA,NA,NA,NA,NA,NA,NA,NA,NA,NA,NA,NA,NA,NA,NA,NA,NA,NA,NA,NA,NA,TRUE,FALSE,FALSE
Carnosine,Amide-Pos-000393,Amide-Pos-000482,1551240.79371219,1502754.02725232,1546798.08274489,786345.201102708,1230115.78403455,1864217.28363726,190458.03602759,103143.60944094,456136.775861131,632052.284738362,381507.424859371,313964.909178456,227951.924841988,457841.745198684,381059.814764907,931867.371622163,580135.2315899,359677.017667471,358894.116610077,397896.019258202,177539.129254404,171220.766230225,362964.323884356,248933.710920995,383729.803395938,437153.418253434,315273.722094135,540122.697772983,506845.991341238,566468.452860607,487955.359756938,137701.751448115,TRUE,TRUE,TRUE
Castanospermine,Amide-Pos-000318,NA,3603437.46191215,2491482.50402735,2249837.55785723,NA,1743663.66126612,1999499.79313718,701264.734606014,1040793.27696905,NA,NA,NA,NA,NA,NA,NA,NA,NA,NA,NA,NA,NA,NA,NA,NA,NA,NA,NA,NA,NA,NA,NA,NA,TRUE,FALSE,FALSE
Cer(d18:1_24:1),C8-Neg-000023,NA,4914676.63507152,25853980.5084504,10126327.5202399,20066920.7686565,14563167.1178432,48234916.9872028,2986845.88169372,NA,NA,NA,NA,NA,NA,NA,NA,NA,NA,NA,NA,NA,NA,NA,NA,NA,NA,NA,NA,NA,NA,NA,NA,NA,TRUE,FALSE,FALSE
Cer(d18:2_18:0),C8-Neg-000014,NA,NA,108596202.640234,86308020.4944274,69279758.0393769,30591381.4078858,108648975.104597,46474516.2831857,34151488.7897377,NA,NA,NA,NA,NA,NA,NA,NA,NA,NA,NA,NA,NA,NA,NA,NA,NA,NA,NA,NA,NA,NA,NA,NA,TRUE,FALSE,FALSE
Cer[NS] d34:1,C8-Neg-000028,NA,6849193.0021725,31771608.3780927,13191553.1946914,28459863.4641848,14887834.7960954,36483001.7230679,7471469.00400484,4387234.28177857,NA,NA,NA,NA,NA,NA,NA,NA,NA,NA,NA,NA,NA,NA,NA,NA,NA,NA,NA,NA,NA,NA,NA,NA,TRUE,FALSE,FALSE
Cer[NS] d34:2,C8-Neg-000047,NA,NA,9762710.15669926,2806859.72972481,3791766.6069086,2348374.0410057,12433196.7533962,889152.539194265,NA,NA,NA,NA,NA,NA,NA,NA,NA,NA,NA,NA,NA,NA,NA,NA,NA,NA,NA,NA,NA,NA,NA,NA,NA,TRUE,FALSE,FALSE
Cer[NS] d42:3,C8-Neg-000044,NA,2167528.01905613,2315784.46838266,5932902.80812295,7734713.50127591,5989992.91729295,13502808.7537604,1842515.49792966,NA,NA,NA,NA,NA,NA,NA,NA,NA,NA,NA,NA,NA,NA,NA,NA,NA,NA,NA,NA,NA,NA,NA,NA,NA,TRUE,FALSE,FALSE
Ceramide (d18:1/18:0),C8-Neg-000005,NA,46316482.2903986,235005813.721119,112026104.486954,149795329.252213,61696119.3437979,234755144.777535,70466333.0722004,45305945.2908448,NA,NA,NA,NA,NA,NA,NA,NA,NA,NA,NA,NA,NA,NA,NA,NA,NA,NA,NA,NA,NA,NA,NA,NA,TRUE,FALSE,FALSE
Cetrimonium,C18-Pos-000430,NA,1212639.70305811,925245.976584306,1234349.32186397,1300660.15237856,1196244.79070731,1263507.16817412,1172662.5070342901,614793.850985662,NA,NA,NA,NA,NA,NA,NA,NA,NA,NA,NA,NA,NA,NA,NA,NA,NA,NA,NA,NA,NA,NA,NA,NA,TRUE,FALSE,FALSE
Chalcone,C8-Pos-000239,NA,4712462.06713777,5477007.42628387,5710321.8280678,5587720.41743764,5866036.41207179,5459967.56219397,5197440.30884216,5680462.36906865,NA,NA,NA,NA,NA,NA,NA,NA,NA,NA,NA,NA,NA,NA,NA,NA,NA,NA,NA,NA,NA,NA,NA,NA,TRUE,FALSE,FALSE
Chlormequat,Amide-Pos-000510,NA,139294.096790235,197437.092686858,NA,NA,48866.9239202418,45688.3961990006,199421.754634397,256564.242437286,NA,NA,NA,NA,NA,NA,NA,NA,NA,NA,NA,NA,NA,NA,NA,NA,NA,NA,NA,NA,NA,NA,NA,NA,TRUE,FALSE,FALSE
Cholest-4-en-3-one,C8-Pos-000182,C8-Pos-000270,1917271.98243405,6090256.67097258,2899726.71813289,8179900.08472521,6214637.54725485,11322163.0089069,2965294.86931213,1751184.75780076,2606043.51665184,5147876.08496336,4129493.61639463,5737555.71932766,3973754.58608284,3476941.78003521,4688434.1873674,3852707.54844354,4754103.32954744,2767948.13438486,3371226.26258819,2453824.21465685,3894332.03353576,3081969.87715606,4489747.85568538,3053038.68432267,2802903.3463366,3367408.22119319,2432006.22729472,3724703.7296829,3651348.95186685,2952209.39603677,3796099.41147923,3061685.88402258,TRUE,TRUE,TRUE
"Cholesta-4,6-dien-3-one",C8-Pos-000155,NA,9064862.79415956,5601118.17882578,3399654.04512486,5335911.48142536,3583573.23925532,15891388.0719822,3043137.98080215,2207035.38757811,NA,NA,NA,NA,NA,NA,NA,NA,NA,NA,NA,NA,NA,NA,NA,NA,NA,NA,NA,NA,NA,NA,NA,NA,TRUE,FALSE,FALSE
"Cholestan-3-one, (5.alpha.)-",C8-Pos-000009,NA,112992939.401817,780274606.060354,392110295.571457,NA,558958471.905221,1463309323.82599,193428741.480876,139159588.996417,NA,NA,NA,NA,NA,NA,NA,NA,NA,NA,NA,NA,NA,NA,NA,NA,NA,NA,NA,NA,NA,NA,NA,NA,TRUE,FALSE,FALSE
Cholesterol 3-sulfate,C8-Neg-000115,C8-Neg-000128,617396.907400704,1049383.03934024,1102515.95519347,1189892.31732949,900224.591278409,2196948.15112816,745074.697204925,475122.841231383,448025.453257272,2020081.54045216,605776.038780509,121070.377525853,508469.66194045,380305.189947396,319100.660415388,1217815.65508168,457651.779399236,527193.240396305,674816.270717332,1225756.60048945,561897.915870077,925878.337273096,875831.912027472,322370.823874011,525721.136774197,470278.17009671,438310.11208097,508344.752539202,687072.572100655,453223.452326649,415317.122474979,411153.390830919,TRUE,TRUE,TRUE
Choline,Amide-Pos-000001,C18-Pos-000001,33281781416.1827,28543260133.6714,20109201554.6346,21688410986.9695,30507886597.2227,20876590752.2556,28915749263.7938,39030751190.6638,3880546568.32019,3359978299.79128,4613079326.55793,2356616875.00365,3535827891.0761,2280706100.98454,3177052078.99722,9986752569.57892,4957499753.79755,8639856406.48026,8098960882.23845,14208914292.7649,8141527863.73131,10350748567.7238,3552858754.37375,5694352922.18926,6058527626.71719,5626476970.69644,1986794745.21222,11452946468.8041,3628987990.46295,3266643133.83135,4323150162.28548,6717230449.06161,TRUE,TRUE,TRUE
Citric acid,Amide-Neg-000009,Amide-Neg-000046,94569754.0279582,74106650.5819808,63023864.6321893,NA,55666369.3077898,50647134.9552137,31794410.7653489,38680450.4566719,14549121.604164,38434101.605074,5095448.82016275,20726886.5887807,33498132.9431695,19153027.5438112,38466402.2588225,28028057.4415092,16700472.961033,13699576.1372686,7704808.33424969,13394580.5005074,10227688.1384927,44494682.3399283,16380321.8534501,8168706.08497741,26251932.380141,23376145.1904324,45040969.4719969,49824249.1711211,25693426.7532992,14436725.6042985,25163629.7368459,20043704.2792589,TRUE,TRUE,TRUE
Citroflex 2,C18-Pos-000477,C8-Pos-000492,549945.110972655,576361.654042576,820931.184593797,565125.816665803,374440.759344688,770853.50115466,517596.001928747,672461.245388287,423601.645187788,179864.938498627,1156471.4245578,661588.20318166,744077.335919231,690512.954564826,968981.885942925,821386.511999579,630099.373013974,680025.486824263,771898.029249182,970639.377211927,840883.144750114,818138.34168778,1089413.4213582,865270.473818085,589741.686567546,852046.417653522,789427.878070212,745881.029124185,683946.802379406,702323.536339296,874560.86442043,951963.613036696,TRUE,TRUE,TRUE
Citrulline,Amide-Neg-000395,NA,491350.346348149,381439.842617526,411118.052409034,216313.86114509,371877.171026105,568939.953060713,183940.988803155,308878.149225879,NA,NA,NA,NA,NA,NA,NA,NA,NA,NA,NA,NA,NA,NA,NA,NA,NA,NA,NA,NA,NA,NA,NA,NA,TRUE,FALSE,FALSE
CocamidopropylBetaine,Amide-Pos-000399,NA,517218.027451647,1065210.97523123,904885.190407857,1608212.57761128,1147495.46916243,681715.957353291,1175510.22722385,1477018.56511522,NA,NA,NA,NA,NA,NA,NA,NA,NA,NA,NA,NA,NA,NA,NA,NA,NA,NA,NA,NA,NA,NA,NA,NA,TRUE,FALSE,FALSE
Coenzyme Q1,C8-Pos-000568,NA,121160.997520993,135972.824650949,113442.855610447,90716.1803425861,122102.536855451,135580.406341318,107998.197301767,122416.167817602,NA,NA,NA,NA,NA,NA,NA,NA,NA,NA,NA,NA,NA,NA,NA,NA,NA,NA,NA,NA,NA,NA,NA,NA,TRUE,FALSE,FALSE
Cortisol,C8-Pos-000559,C8-Pos-000701,43531.4190773523,86994.1018754515,20871.8941685346,41467.6183412737,125207.103189497,43031.3745319249,178797.746895947,55301.3731808021,91992.2363032541,64333.4026934941,87797.6414436819,24259.7564190908,74535.9651854081,94775.5321765605,70430.2757085823,152057.263848792,62933.9491829714,46294.5146784316,36530.8888782048,98817.2587361831,23885.3599812471,134061.75548599,108563.035707543,60686.0116656657,37703.3132122971,49144.6364395242,32965.2007876377,44098.5545103057,42618.1583409472,14220.3667231223,61312.4039884632,88387.2702732588,TRUE,TRUE,TRUE
Cortisone,C8-Pos-000560,C8-Pos-000623,76605.1514378842,120685.310625872,71785.8508034535,167175.458664893,146946.978948387,76184.4415640291,156012.194791033,66271.5205969232,102186.258980018,163313.748431578,113045.094646646,101131.161262462,118014.903762404,71871.4769257197,114028.14078857,434108.150906162,351725.223154169,203558.158530108,70557.8393322503,87288.0564109644,62126.712984343,230331.280613019,78039.2340636095,108876.97879123,87412.0194647283,113395.930923085,98779.7260705528,115807.765869719,45005.1936230662,35345.7407456974,83334.2210539477,225930.030049871,TRUE,TRUE,TRUE
Creatine,C18-Pos-000002,C18-Pos-000002,1338506261.00582,1464636824.63457,1592411012.18881,1146172252.54731,1533752559.50858,1522474125.99586,1039855406.89241,1375848240.06506,1455460891.02911,1035612820.86146,1229642644.77619,1672003199.0272,1078022288.56866,1032180876.53702,1269214887.64079,1022016054.26161,1779702164.50415,1460210327.13698,1494107435.01893,902175086.354545,1112323394.71061,1216700695.95823,598562156.093353,1116488965.82994,1378938107.66486,1114646074.77959,2340695866.89431,1248655110.72031,1336125088.40524,1501578456.28766,1680932061.37071,1219250493.85374,TRUE,TRUE,TRUE
Creatine phosphate,Amide-Pos-000171,Amide-Pos-000321,1963655.43111812,11030832.8010584,10116577.3501141,3809966.66697976,5692825.95677656,13449504.8262034,561206.781426745,5916596.7440426,3011972.04913021,4341480.25252381,1335068.43668431,1773603.98631989,1260912.28003425,3791456.71006813,2380222.89526756,1167829.58124522,648015.434310799,1450540.28660811,940743.572756239,3701243.33813954,1086633.71711944,1624617.96453153,4172608.57728086,1365706.86661259,2665210.24541108,3334537.12187856,3168552.4348796,1743400.96939337,3944710.49416958,2809032.08856857,4123485.69911195,1815737.78783458,TRUE,TRUE,TRUE
Creatinine,Amide-Pos-000016,Amide-Pos-000049,741537795.44699,995396789.80339706,1079593956.3678,934785544.61228,1305967946.52543,1279884000.27589,1027250956.96463,887699597.225444,209060020.079989,183168768.132706,69272463.3872822,313588919.076434,97068591.9306263,78312794.7534896,61375649.6407393,74773452.2093158,NA,239337473.353263,211921139.550059,43364452.5049187,137746968.500586,104653947.966569,NA,144260063.967436,86629362.0317994,124345982.724836,NA,NA,NA,28587031.4711002,93348103.6112942,NA,TRUE,TRUE,TRUE
Crotonic acid,Amide-Pos-000152,Amide-Pos-000166,1138656.13107415,17132872.4099517,1116171.49869978,308382.311266973,3756321.06263221,4630722.67079859,826443.186762991,8925155.15835697,2323838.68438971,3774799.33862451,1488105.58882127,487743.45027899,1087709.24389174,603694.331140485,1609235.80116942,12146202.7345767,1549785.78701889,3134308.33093436,5457916.7895134,17656143.6829263,2392042.94982364,5003045.68205096,2152893.11466023,2441109.56588734,3030774.0904633,2391597.37168332,1974695.55990427,3941585.55927415,1230482.66782923,1220375.431588,1501133.1144722,2145017.49559158,TRUE,TRUE,TRUE
Cyanuric acid,C18-Neg-000046,NA,7016559.78060764,577796.743980313,601662.644771667,NA,598924.575754723,1246086.40182139,NA,2916584.75870571,NA,NA,NA,NA,NA,NA,NA,NA,NA,NA,NA,NA,NA,NA,NA,NA,NA,NA,NA,NA,NA,NA,NA,NA,TRUE,FALSE,FALSE
Cyclohexylamine,Amide-Pos-000383,Amide-Pos-000432,2051455.78348243,1679786.57430067,1822249.73043109,1114806.26311534,1275300.90930637,1106575.21669587,722103.868007668,661659.18361351,1016329.62675342,1260968.59771559,816547.823251605,1058558.69556517,1020327.48080817,1361176.61138431,1485862.61734714,210315.88600527,864200.637347994,1023525.33700355,1666584.39390161,921067.516470556,766843.779741001,199035.899641673,559347.409615324,926393.726099075,766318.288781006,1306776.49596441,954619.109346997,1843165.04933456,1213519.36945864,795670.299347208,1693192.48510202,898842.134948497,TRUE,TRUE,TRUE
Cyphenothrin,C8-Pos-000482,NA,640676.388198609,489890.511692536,469446.618604109,592144.631619197,490897.913282441,491890.907872404,464429.328102825,482874.878506231,NA,NA,NA,NA,NA,NA,NA,NA,NA,NA,NA,NA,NA,NA,NA,NA,NA,NA,NA,NA,NA,NA,NA,NA,TRUE,FALSE,FALSE
Cytidine,Amide-Neg-000410,Amide-Pos-000182,450052.472351559,301965.183812322,508934.86979769,26534.9704754409,358970.839333059,288864.968611006,60595.6275769135,88119.8731808676,5544292.72146743,7708083.05869039,3706271.9584121,13442344.7512084,7486791.42593769,4311731.33521373,8323370.65584463,4945563.4571961705,14183785.3156397,11339307.062448,9221029.87278993,5681947.07050456,5328832.27526431,3525210.52664303,6141677.73232239,3956259.87962937,9939839.97072207,3097702.45706785,2684791.66037829,10378933.5558697,6723156.66033407,3489105.9357662,3963245.6083564,4557631.84666152,TRUE,TRUE,TRUE
Cytidine 5'-diphosphate,Amide-Pos-000465,Amide-Pos-000541,80652.2981201637,321542.9165652,623229.526563057,246306.185562215,348771.583825314,656678.506071211,62065.8172224278,422247.714765428,262012.151610139,266407.740412242,80379.1811557399,68692.0271306918,66483.8994532331,NA,131423.322499547,307973.493830019,23618.0610051884,117289.872105401,87250.5944777015,NA,73940.7508767353,273605.128092414,29140.3266111852,98447.943356773,90068.9247056332,109397.386966486,66399.3975914999,176021.502460418,113204.704496528,74070.2901504633,230540.624874256,NA,TRUE,TRUE,TRUE
Cytidine 5'-diphosphate ethanolamine,Amide-Pos-000308,Amide-Pos-000322,2787584.77630575,3501868.39122212,2978354.50469957,2670919.53426897,1986367.02315269,3767344.12272456,1956654.19781441,2191140.9454537,3387660.84286861,3578844.5424861,3336009.77688509,3736427.96920978,2543244.87952618,4307738.67927398,3594743.89355353,3579039.92207011,3351729.30268977,2964979.87663488,3321672.85590448,2487218.97391844,2164309.62013999,3610149.29084185,3939296.37195934,2467539.84115682,3494861.34959901,3715740.79257638,4318844.40202326,3612075.49731667,3071407.37992152,3197143.04630874,4087852.34361139,3865634.98273918,TRUE,TRUE,TRUE
Cytidine 5'-diphosphocholine,Amide-Pos-000197,Amide-Pos-000238,5858202.76710175,8799032.4530859,7626473.53688115,5498504.84059342,6868937.33930862,9947317.15294173,4393993.87493855,4061955.9092596,5032415.24159295,5611466.28414798,4502509.91983937,7906374.44984134,5492172.71931966,5349792.58679599,5368707.54125875,5459309.15787122,7418985.29535609,6443689.45651546,7683347.50523743,3346172.41150438,4007681.86890859,6541633.97249899,4658652.13435394,3413683.40684446,5852791.71785826,7329127.2814282,8902932.53100953,6862051.82894104,4781933.09975659,6092691.7655978,7229780.3185289,4506969.50477433,TRUE,TRUE,TRUE
Cytidine 5'-monophosphate (hydrate),C18-Pos-000264,C18-Pos-000174,5413670.53239915,NA,6560199.34433581,1565938.17593138,3306259.07288617,1556613.26654383,NA,5882030.46772545,4442387.4948761,3483196.56649409,3732413.980387,3536124.87057766,3380613.58353922,4720142.30958921,3817600.366126,NA,3583638.75332558,3264604.6428713,3417413.52564578,4308746.88772949,3759716.33736952,NA,2008658.44967164,3804724.76984313,5021377.69036504,3142084.95671543,3016041.68031276,4162425.75667844,5038367.04125436,3381404.35760406,5191134.71283954,4428659.85116223,TRUE,TRUE,TRUE
Cytosine,Amide-Pos-000120,Amide-Pos-000137,8177359.63819716,7530847.26111149,27021828.5561171,2173661.91630136,19283815.9722602,23064408.5393319,5635967.21662946,8360975.41608063,12013956.5456131,16850036.9625425,7019796.68186835,26574503.6258853,15788225.6015579,8804373.37349278,15180857.2814342,10683652.7902337,26292560.6457195,24750292.5828681,20111699.9332643,11229085.4184061,11767650.7402299,7803724.17562748,11298922.5804738,18964201.3198466,18686908.1999741,6936351.42666805,12348309.3284789,21801235.8414966,14258125.5176239,7736966.46678036,13782641.2207542,12818947.7029512,TRUE,TRUE,TRUE
D-(+)-Arabitol,Amide-Neg-000206,C18-Neg-000164,1561606.01505115,2975633.06264667,1473822.9295595,918764.513932973,2162949.13133318,1564574.96762691,896399.275356607,945289.770607342,584656.906959211,585989.863022415,397960.848211639,969364.632283771,300030.920411113,339220.291336694,340904.403543884,477929.663289899,1221983.30190826,772947.825376204,930116.957052616,234361.27492351,430157.635299169,465047.123632125,385162.946433957,409964.61468995,539135.647007344,617171.897348406,759888.926816361,826090.207012845,409854.087534066,468939.353902705,479245.916698546,585218.511983013,TRUE,TRUE,TRUE
D-(+)-Malic acid,C18-Neg-000019,C18-Neg-000023,20450626.7044515,14398324.2036925,10771486.203321,NA,20134236.868578002,14389259.6995278,8734877.57274467,2930447.44839016,13360971.6544387,14616375.5488709,9438305.00542333,21088002.3062901,12068287.5247574,15253757.900333101,14390653.8470332,24674352.197778,22557263.186483,17628449.3926232,28930536.0180092,12906591.6705154,9983608.50056394,22329876.6490451,15396910.0049788,9979057.20864747,16720086.747438,14415799.1158156,29720996.9622389,26234825.5776396,18469458.2332277,13771373.9862296,19576277.8838636,15763442.8902702,TRUE,TRUE,TRUE
D-(+)-Pipecolinic acid,Amide-Pos-000272,Amide-Pos-000155,NA,NA,4888955.12771988,1124575.009718,2373463.49002434,4823506.93925174,844958.41753209,691791.39559442,14987279.270409,14145956.9650028,10029307.464205,14574766.6047248,17016823.3740545,12879927.5931961,14689277.6155562,12948402.5990121,NA,11217289.3123358,NA,11153758.2333047,12679475.5091772,13203819.1140339,17944750.1276014,12370560.7691976,13394077.0457553,16214316.1592616,16538194.8908921,17182242.8315669,17928844.1105323,16864532.878845,14655883.355493,14554405.4671669,TRUE,TRUE,TRUE
D-(+)-Proline,Amide-Pos-000053,Amide-Pos-000065,76892338.9055253,107585690.279856,90774800.0222369,86819483.8531575,160148219.589032,130634033.142631,97987536.9970118,114862187.734692,76641022.8083893,118506268.832366,90823544.2336707,148313544.197126,78887385.0975355,124529265.702902,87465631.2107894,113435450.592923,136781351.870419,109266721.753166,107216379.306228,58995752.3274413,71352759.9116059,106667359.312661,124176275.374144,77295371.7619598,103500205.175209,109893005.420553,149250787.431346,136986819.311422,107806106.86945,69820141.1197157,141720558.317758,96099184.362401,TRUE,TRUE,TRUE
D-(+)-Tryptophan,C18-Pos-000119,C8-Pos-000384,11290195.6891636,21052786.8371411,NA,13157791.4807521,NA,32811464.7325104,15894484.9598549,12689982.8058122,1317776.52147972,1718817.06936163,1480343.24224752,2149540.57452091,1755434.28538665,1511917.14539041,1630337.2008776,1456881.47966854,2472300.72676262,1300403.40864199,1582390.78193952,816721.449943191,1225786.09117117,1252225.29505459,1347267.88545296,1018870.12371441,1181883.20040829,1292006.2914071,1765858.93811324,1290994.44569599,1149035.73267862,1266956.02052281,1432421.24778824,1422033.97915251,TRUE,TRUE,TRUE
D-(+)-Xylose,Amide-Neg-000430,NA,384093.085661994,347087.899462503,207024.768291258,178490.490724091,322607.914701928,240884.015941468,205089.882301232,293926.372389709,NA,NA,NA,NA,NA,NA,NA,NA,NA,NA,NA,NA,NA,NA,NA,NA,NA,NA,NA,NA,NA,NA,NA,NA,TRUE,FALSE,FALSE
D-(-)-Glutamine,Amide-Neg-000022,Amide-Neg-000048,34140382.9884357,38586965.8564198,44429514.7778763,18499719.1055234,31763077.5448305,52359965.1505282,16717049.0429535,21399086.1883548,16361222.0318659,31556737.4312275,14386513.2863906,20544588.1725471,20802613.6723481,26524474.3207692,29270718.6327262,25233583.7798865,30958116.4273293,25488818.1199435,14824497.0424068,17842917.5557148,17232168.7515641,40911060.4497165,19390337.1736845,14552206.3754384,30104476.9535301,29596556.9342445,48953688.1914772,36888561.8588783,34815956.2443835,20125825.1275888,33879026.5071851,27807331.3085163,TRUE,TRUE,TRUE
D-(-)-Mannitol,Amide-Neg-000012,C18-Neg-000116,3289946.65016382,1986102.51921382,615672.299042938,1884349.15072043,1311731.0370892,69046372.6018951,19599760.2207531,5532680.8280089,1967940.51210004,3601812.09948938,1963989.1387232,2328643.37086297,865742.796078827,1634334.51063053,1154104.96586565,1385338.24737366,1689997.53477036,1365869.77164687,3094791.33284645,1350736.55878086,1153758.73427041,1459837.98004729,1454319.59860553,1487711.33015384,2662261.35610117,2633049.93850979,1928556.61276998,2916604.53037126,1400698.24199158,2946864.34642515,1991852.47581419,1698972.73960044,TRUE,TRUE,TRUE
D-Alanine methyl ester,Amide-Pos-000067,NA,23546556.4872449,25731728.727291,97767285.7825114,13846486.8673758,27849039.9559324,50401687.8718271,20980773.4858531,24866342.3940374,NA,NA,NA,NA,NA,NA,NA,NA,NA,NA,NA,NA,NA,NA,NA,NA,NA,NA,NA,NA,NA,NA,NA,NA,TRUE,FALSE,FALSE
D-Arabinonic acid,Amide-Neg-000170,Amide-Neg-000170,4183901.87519367,2178424.46379942,2835345.15648142,1745880.51315582,2892056.96404517,727720.105422682,1672192.71134792,989527.412156262,1191952.32272831,2764072.14236573,172374.689403391,2695398.37310486,2417469.48391617,2112604.29247153,1292515.04525412,3464956.58813398,8055918.86563132,9092818.5525349,422161.156362973,764309.965771391,540004.490088531,10913453.2116824,1679773.08582814,1045046.0893788,1926209.01863502,2453340.64930932,8263384.91559452,10696492.2018327,1593300.36731924,1557320.72207299,2469223.25067741,1778037.71220714,TRUE,TRUE,TRUE
D-Glucose 6-phosphate,C18-Neg-000054,Amide-Neg-000280,NA,4271996.42429626,3185411.20161081,NA,3636235.79532287,1659968.72632817,2277450.7108074,2009175.96227024,888245.531124771,2037369.04155059,981761.538312695,805668.197585129,844780.728158254,1286007.22675318,1213545.55222007,1511192.87366276,511337.127967346,1729414.94193996,532807.439998544,1582682.08938084,472109.142000064,3162073.57255821,1295772.79661166,872172.721203348,1519102.25487885,2023150.80805916,4478936.97951669,1233055.62879458,1979100.56614762,1370538.43276522,2018588.49921727,1421423.58905081,TRUE,TRUE,TRUE
D-Mannitol 1-phosphate,Amide-Neg-000441,Amide-Pos-000548,279396.691456818,274607.911547167,192137.186658433,90291.2225711311,41893.5345426296,312558.711383283,126453.998637321,126885.721502951,34613.1055450423,14073.5805617383,33562.9737088108,80134.3168820676,20161.5144719619,22992.3140471582,NA,NA,NA,42660.2988639827,86296.1800708493,38055.1582240577,NA,44743.7246122591,NA,39487.8618353552,76771.317041319,81683.9696293427,253293.55935336,50987.7335056389,NA,129156.037120828,32267.6126933785,104509.223455424,TRUE,TRUE,TRUE
D-Panthenol,C18-Pos-000473,Amide-Pos-000402,392784.998925949,681187.663724915,476119.152772708,419105.41214718,NA,474910.703428275,847806.937253011,240889.322450002,1007743.78984402,176939.566794671,1831329.54318592,211438.821164685,813145.47114929,546497.027277947,333104.513946313,550485.389886966,358967.847030812,1072549.02223581,1754491.43121365,590976.061861975,421087.755451116,584581.288267688,2410782.81551276,322500.543147705,230166.155110998,1295630.28089688,393885.559598405,225226.503392638,740011.682202791,714854.634173929,315186.033123776,1534406.04892337,TRUE,TRUE,TRUE
D-Ribulose 5-phosphate,Amide-Neg-000421,NA,153364.238393789,272367.235533806,NA,100712.900850244,123523.779585742,447844.537234404,107056.865925919,111712.458812048,NA,NA,NA,NA,NA,NA,NA,NA,NA,NA,NA,NA,NA,NA,NA,NA,NA,NA,NA,NA,NA,NA,NA,NA,TRUE,FALSE,FALSE
D-Sedoheptulose 7-phosphate,Amide-Neg-000457,Amide-Neg-000588,141698.556044676,194791.98667540101,200716.932156597,97221.4527502246,51876.566637217,149879.158795565,55332.7939934769,100619.0024289,157284.686459142,228517.693764263,139755.963181225,67250.069815474,189462.968138591,157559.163870385,259597.381848897,166212.552204486,178428.262724321,188496.34628623,55788.2489751244,140652.521504688,147234.135778911,283540.875980306,179015.078654735,122423.756915227,274642.931851585,221440.654086949,306476.299969076,195650.553292155,264100.266424372,208141.056958345,259780.633201933,216858.758035182,TRUE,TRUE,TRUE
D-Serine,Amide-Pos-000189,NA,7314043.51009532,4430751.1523358,5595140.1726653,3668246.40085914,5950522.78529875,10441819.6327901,4100912.27020961,4431776.42560455,NA,NA,NA,NA,NA,NA,NA,NA,NA,NA,NA,NA,NA,NA,NA,NA,NA,NA,NA,NA,NA,NA,NA,NA,TRUE,FALSE,FALSE
D-Sphingosine,C8-Pos-000171,NA,4600284.38644468,10821447.8813847,NA,12610566.8429224,11534962.689823,604752.20751153,NA,4218922.97348772,NA,NA,NA,NA,NA,NA,NA,NA,NA,NA,NA,NA,NA,NA,NA,NA,NA,NA,NA,NA,NA,NA,NA,NA,TRUE,FALSE,FALSE
D-erythro-Sphinganine,C8-Pos-000243,NA,1218992.63210012,1863504.60477715,2111426.28561431,2420401.20314095,2032308.82182651,5734624.36118726,963697.468677497,729936.235213599,NA,NA,NA,NA,NA,NA,NA,NA,NA,NA,NA,NA,NA,NA,NA,NA,NA,NA,NA,NA,NA,NA,NA,NA,TRUE,FALSE,FALSE
"D-myo-Inositol-1,2-diphosphate",Amide-Pos-000477,Amide-Pos-000370,18279.2885034157,130735.519758282,291214.63813278,233314.925692682,138473.345458542,549437.686940655,17675.1859896556,160658.917027542,1353269.72261211,1207213.49322142,1793815.43492032,312682.958660694,382375.877022638,3081752.84971986,1647659.2666553,1665744.37446807,240490.8242978,412802.115793736,458032.872062838,529727.403453789,621915.153919073,1050908.9577321,1561581.25663912,543017.245125838,840526.706370357,2046768.79177606,1361686.18622298,1007795.14108968,975170.913426875,1209893.78129336,2216112.48328108,1395650.54685837,TRUE,TRUE,TRUE
"D-myo-Inositol-4,5-diphosphate",Amide-Pos-000305,NA,221180.649626936,499932.463415271,1179679.78891018,1556510.05633613,448120.147657218,3797260.83474624,219896.643410797,1411503.97859817,NA,NA,NA,NA,NA,NA,NA,NA,NA,NA,NA,NA,NA,NA,NA,NA,NA,NA,NA,NA,NA,NA,NA,NA,TRUE,FALSE,FALSE
D-α-Hydroxyglutaric acid,C18-Neg-000066,C18-Neg-000142,930704.74901623,3555417.33374305,2106147.37730492,2394258.2474451,1038798.0950806,NA,1114425.01357428,882336.084928663,595760.764511701,NA,462591.362213255,1743714.74557273,493062.446661334,1288901.26951289,1215583.11783317,1075173.32011004,1317549.41415017,1768943.38346564,NA,795576.810795066,389901.794594388,1198388.2029063301,289405.826054128,294902.018546488,338861.565122171,516606.933566761,1304275.95657373,409430.825405732,431414.327081476,446742.638696295,469454.945600787,NA,TRUE,TRUE,TRUE
DL-Alanine,Amide-Pos-000114,Amide-Pos-000133,19003695.1166854,26775503.3969328,18105389.4359454,19540143.5813247,26822289.3166831,33939722.7669039,20503429.3556219,23730609.9227466,21661856.5681906,21622792.6515156,13093976.5985405,24463482.1036749,17954223.283963,15413597.9520381,14675897.4857792,20552725.9116351,20972228.1844978,28060061.8089517,25855575.7989453,15549947.0102031,18778459.5321411,21533150.7377724,13761780.863994,18728181.5791351,18699775.7579203,20573540.7633868,28885588.0788954,24045085.1177534,18935499.4434589,21187682.0636611,21434410.9456547,15339251.4146986,TRUE,TRUE,TRUE
DL-Arginine,Amide-Neg-000342,Amide-Pos-000092,712608.138551064,973195.708593141,544160.412403616,669403.397407549,556571.763160184,757297.087677433,506900.836922639,372429.76571211,29550045.5209771,28227005.583217,6749990.10129445,41419073.1138037,41588856.9099343,44932547.2466592,11188667.0609785,39403431.4232923,12095651.3812151,31568506.0349582,38769276.0326548,27753619.3913456,39387326.4304133,36337887.0696871,51153413.1032643,25857248.0131874,8043165.53966152,34681740.8561402,41089362.684635,29836553.887591,37213320.7570724,41504477.7571637,35882011.5679649,27747342.2469794,TRUE,TRUE,TRUE
DL-Dipalmitoylphosphatidylcholine,C8-Pos-000005,C8-Pos-000018,1400968775.01896,1887097689.00416,1522855482.35378,1761939239.99655,1782272786.72574,2236840119.04278,1661974971.91143,1342635330.65059,145251859.055949,166719096.189962,98172516.9811176,108929709.278839,103317715.283485,186072291.433096,122489065.111051,92005335.7390548,153045801.196051,135451592.30889001,269525599.655887,259924117.604194,96997318.6182026,188952886.995401,112694419.617186,156902011.150422,199541677.749217,247865158.751458,347959442.605424,191332508.077956,246220664.78841,188462525.024429,268884310.914298,232184075.734226,TRUE,TRUE,TRUE
DL-Glutamine,Amide-Pos-000035,Amide-Pos-000063,188609951.222784,157896622.579133,145156482.984778,95599698.2079207,190421971.930939,336691696.082386,100737268.047572,96628231.9851028,106412945.824975,125474115.320552,89826052.7740216,137770815.349278,NA,101885181.515742,NA,126851071.45797,132625457.103481,127695972.977031,158590258.768309,NA,NA,130103027.407533,NA,NA,102155355.214107,122399545.338976,136908922.669517,154971125.497096,122913942.831443,86376456.1905599,142520747.108018,115689433.073788,TRUE,TRUE,TRUE
DL-Lysine,Amide-Pos-000109,NA,27064607.490572,26303700.4290418,29215050.1466613,30264497.5661956,33935727.0495432,39751778.221302,31864275.4105549,20435013.6840655,NA,NA,NA,NA,NA,NA,NA,NA,NA,NA,NA,NA,NA,NA,NA,NA,NA,NA,NA,NA,NA,NA,NA,NA,TRUE,FALSE,FALSE
DL-Malic acid,Amide-Neg-000018,Amide-Neg-000022,56989921.2417198,20941786.858307,50882678.1110947,37890128.7610057,52616147.6896614,28954755.379162,16184739.4860274,56746923.0353019,12980871.6995285,NA,NA,23026632.1799055,NA,30908056.9648955,NA,97309079.3092108,36988305.8893013,24872436.3179763,14566102.8441566,18041905.3781475,12762882.8751571,NA,20099991.3343043,12100760.4768803,29328920.3833592,24701613.4037522,NA,47668873.9397843,45052510.9902399,17381276.9496452,30696094.0275227,35358706.3693306,TRUE,TRUE,TRUE
DL-Threonine methyl ester,Amide-Pos-000121,Amide-Pos-000117,12040132.5832478,17884939.6889233,11126781.6003792,13950548.0105108,26685731.6414182,14591700.5758801,14532608.6040222,22058494.0084728,20295607.2099437,24951665.1257544,20917347.215252,27683691.6768671,18314882.0267756,19765853.7530585,18507958.2030355,32069680.8839171,19552526.7540672,24321028.6065431,28356117.8489713,17997098.2047563,17981533.8616196,28639874.1212432,26334318.8942002,15945084.9756128,29365140.6900583,26699130.9875828,34588576.1772775,24816787.6356624,28260889.0659227,24530763.0162823,34802791.3589368,31144366.0029557,TRUE,TRUE,TRUE
DL-α-Aminocaprylic acid,C18-Pos-000573,C18-Pos-000279,47695.5758876731,215956.638832675,137221.086528807,NA,321189.069586465,203228.309541484,86034.5896961951,52241.8670336487,59528.8542266218,302829.12853799,206566.581961608,109330.797673272,144868.057013853,194818.696097232,287653.860975955,47145.4932608284,277208.193848826,159728.498307465,114999.447338579,122808.680901826,56154.0738706148,140252.338007843,91717.0746434795,58786.1107389979,44885.4790817562,155026.691344394,106924.238508582,640330.830269715,60224.626028151,61579.1754168121,115625.251765305,75338.8117661924,TRUE,TRUE,TRUE
DL-β-Leucine,Amide-Neg-000043,Amide-Neg-000139,21941516.8508941,19907348.2641803,11568017.5587922,11710401.3941538,11895917.6050574,18331460.5280412,12110660.4457651,8469865.67572196,3898766.04329133,8076658.72965475,2711027.5183142102,7141819.52778594,8648349.2669779509,7735338.72188843,8465721.82599293,5713696.75650225,11335688.9686908,5650921.43057514,2437278.35351923,2750681.09545819,NA,9954144.46205389,5369900.90895961,3917275.55513531,NA,6261863.54156596,13440892.4173877,7979248.31828437,7514047.72862529,6417032.05337994,8374616.39529705,NA,TRUE,TRUE,TRUE
D_tryptophan methyl ester,C18-Pos-000673,NA,59732.4511331884,44355.3116125765,66597.9600290942,13681.6974760249,24615.4080263983,20703.697972806902,32668.1619369075,27986.4738340339,NA,NA,NA,NA,NA,NA,NA,NA,NA,NA,NA,NA,NA,NA,NA,NA,NA,NA,NA,NA,NA,NA,NA,NA,TRUE,FALSE,FALSE
Decaethylene glycol,C18-Pos-000308,NA,1878848.3909259,2490406.85385277,1748296.13966068,2001121.77899376,NA,2668754.0962739,4167272.41771902,1777105.12757215,NA,NA,NA,NA,NA,NA,NA,NA,NA,NA,NA,NA,NA,NA,NA,NA,NA,NA,NA,NA,NA,NA,NA,NA,TRUE,FALSE,FALSE
Decanamide,C18-Pos-000619,C18-Pos-000270,145778.020758919,93324.0023564697,164491.348654326,161381.421074816,138899.559496655,113476.493091722,106146.815761204,109646.330411599,764815.085120974,484314.672274246,362866.223110782,334069.067045797,402517.395257401,457207.265205402,534742.681187067,280412.161615736,314998.081696782,355180.452219467,551432.801152476,160264.683570201,389004.941393443,373066.749579786,330315.266292191,344572.471918379,357927.671249179,324601.475074042,333805.353618438,417213.293799116,NA,426981.838707612,435820.026770994,668475.100764943,TRUE,TRUE,TRUE
Decanoic acid,Amide-Neg-000263,Amide-Neg-000407,2022518.62989178,1146680.10145588,1251197.26038105,1435286.62201715,1400976.48757914,397816.426321017,576816.050520259,409328.456986716,1089025.67245779,1638023.03446323,369381.719516169,510667.075702251,812783.379392724,1064813.61987505,1161149.51599266,857661.879122599,1051652.71566378,727849.631122212,569381.663794549,900903.673165796,727016.216625154,888716.682239215,443839.330877618,648416.17853012,925739.760641315,645405.32538444,963013.123782873,790710.177188133,743023.828532909,629790.782502878,705712.746065983,1401830.0671254,TRUE,TRUE,TRUE
Decanoylcarnitine,C18-Pos-000665,NA,18224.2383558318,50629.1046204264,43588.4745809309,44921.7149599334,NA,85127.4238686303,17759.2133521413,NA,NA,NA,NA,NA,NA,NA,NA,NA,NA,NA,NA,NA,NA,NA,NA,NA,NA,NA,NA,NA,NA,NA,NA,NA,TRUE,FALSE,FALSE
Dehydroascorbic acid,Amide-Neg-000017,NA,NA,60475891.5898197,36104833.9108099,47418908.7822961,48122929.8125653,29988649.136424,23339906.530399,NA,NA,NA,NA,NA,NA,NA,NA,NA,NA,NA,NA,NA,NA,NA,NA,NA,NA,NA,NA,NA,NA,NA,NA,NA,TRUE,FALSE,FALSE
Dehydroepiandrosterone (DHEA),C8-Pos-000324,NA,2670595.24228467,2017246.45450171,1595629.07474951,1831401.1227999,1887816.0325029,1009536.80261881,1257674.78740655,896479.780503014,NA,NA,NA,NA,NA,NA,NA,NA,NA,NA,NA,NA,NA,NA,NA,NA,NA,NA,NA,NA,NA,NA,NA,NA,TRUE,FALSE,FALSE
Dehydropipernonaline,C8-Pos-000411,C8-Pos-000517,132190.540259399,931649.276821538,NA,702500.788375939,623818.809321672,1257127.99883148,1160781.15737012,NA,NA,821228.655269951,145331.860232771,262656.395062476,NA,112738.322476096,909484.959932013,246003.204432157,19918.09755458,165320.362912677,91009.9515395566,936491.955088649,NA,103551.494045948,100166.782385122,NA,270107.650230027,46546.9603987279,324671.568589051,722770.109827415,86232.6025384243,475055.307359061,476734.403318967,162964.808189668,TRUE,TRUE,TRUE
Desogestrel,C8-Pos-000495,NA,64790.2340784955,341365.268198781,339527.280996028,NA,546503.363183617,515658.034057876,115296.118609134,279528.900597428,NA,NA,NA,NA,NA,NA,NA,NA,NA,NA,NA,NA,NA,NA,NA,NA,NA,NA,NA,NA,NA,NA,NA,NA,TRUE,FALSE,FALSE
Diacetyl,Amide-Neg-000176,Amide-Neg-000120,1493383.82400299,1880551.52209047,4030871.80117273,1994097.54822295,966690.389179691,3885726.08159642,1590096.85403518,832300.403658218,5367778.34060748,4365311.0718039,15661934.9438447,3002749.7277568,7233157.37799579,5837321.95495187,6987999.05024838,4714238.5351047,3802765.0168187,NA,NA,11745422.507444,6007366.49799142,NA,9456568.9763373,6292733.61095023,6954996.43624417,4423233.2589804,5086465.34842703,NA,6450160.63006619,6708099.35197782,4955904.43673126,5875577.71878472,TRUE,TRUE,TRUE
Diaminopimelic acid,Amide-Pos-000481,NA,NA,101364.582390578,290899.591507222,126057.871549542,115519.276257061,513938.47958404,116883.63856771,270489.818045858,NA,NA,NA,NA,NA,NA,NA,NA,NA,NA,NA,NA,NA,NA,NA,NA,NA,NA,NA,NA,NA,NA,NA,NA,TRUE,FALSE,FALSE
Dibenzoylmethane,C8-Pos-000357,C8-Pos-000588,1481612.35529392,1979024.8317412,1604295.38261139,1144351.09355566,1606135.87003646,1819458.69532317,986804.802146858,1470657.98692506,516456.717836856,568572.471517916,583726.056081422,541365.747598491,558283.868163798,463754.335979774,496450.681906983,502039.034670999,500277.403843118,492688.865062187,502929.499232794,544136.185828716,561980.641685095,508948.618938608,472818.451394337,463370.089679731,529431.812505546,484536.24791459,607524.913949287,478201.016499566,513624.064791942,437391.523105572,515777.192450706,481460.9087796,TRUE,TRUE,TRUE
Dibutyl hexanedioate,C8-Pos-000224,C8-Pos-000222,1981789.52181029,3108955.78574971,2187213.543629,6569132.15354608,5440454.73596905,1646404.33422104,1423087.64572204,1490718.21394811,489735.080603982,2439587.95480883,2578564.37888283,892517.823820182,2837867.28791138,1686773.97369184,753960.781746341,1447404.23390537,1317527.20474823,707308.153397596,1341418.52506543,3521665.71593473,4295447.86822148,1178064.13574074,2485595.86280827,2373243.44792512,7745358.83013801,651868.480381644,1667915.09703724,902938.214829839,308143.103017116,609341.804511248,360818.11699489,1296066.26995504,TRUE,TRUE,TRUE
Dibutyl phosphate,C18-Pos-000475,NA,489576.680862103,772412.002822008,653380.916719118,711431.758569388,747632.038615922,831712.515550371,770725.306136356,629563.181850385,NA,NA,NA,NA,NA,NA,NA,NA,NA,NA,NA,NA,NA,NA,NA,NA,NA,NA,NA,NA,NA,NA,NA,NA,TRUE,FALSE,FALSE
Dicyclohexylamine,Amide-Pos-000157,NA,5294388.4274473,4380256.2058276,1261950.68076197,16593651.9356859,3599850.01337878,4742195.95811036,1017159.34599739,1444377.75125656,NA,NA,NA,NA,NA,NA,NA,NA,NA,NA,NA,NA,NA,NA,NA,NA,NA,NA,NA,NA,NA,NA,NA,NA,TRUE,FALSE,FALSE
"Didodecyl 3,3'-thiodipropionate oxide",C8-Pos-000050,C8-Pos-000013,20390753.1904357,80317384.4173678,120972783.26341,137486171.627803,71330489.3699995,91788687.593646,57033652.527123,65793487.1056734,67196786.5548639,195644466.555139,26860188.5442548,54445536.5804186,65534636.3682834,583299880.980266,531933197.3806,462113606.336721,55876758.7007173,60780954.5237978,54208904.4192024,91315965.1383822,497833814.358323,68838537.8581298,35963301.0608834,30591345.0831913,46432600.8207471,28897525.7345599,122607906.547699,244901883.261364,75467625.8531088,116839360.196979,179048660.142292,95565483.7093693,TRUE,TRUE,TRUE
Diethyl 2-hydroxyphenylphosphonate,C8-Pos-000350,NA,1538262.59923283,1670408.95016077,1510838.36874184,1549822.8319577,1414540.89245263,2046828.12310151,1414703.28902894,1795567.79319715,NA,NA,NA,NA,NA,NA,NA,NA,NA,NA,NA,NA,NA,NA,NA,NA,NA,NA,NA,NA,NA,NA,NA,NA,TRUE,FALSE,FALSE
Diethyl azelate,C8-Pos-000574,NA,91112.9474574424,96395.6456538991,96684.877464592,99504.0533444519,106332.701394197,86135.0775957852,99274.2283049758,90106.7362209454,NA,NA,NA,NA,NA,NA,NA,NA,NA,NA,NA,NA,NA,NA,NA,NA,NA,NA,NA,NA,NA,NA,NA,NA,TRUE,FALSE,FALSE
Diethyl iminodiacetate,Amide-Pos-000428,NA,396219.991731054,1148482.75927913,427082.868010004,545840.530340692,317695.633303743,NA,NA,283844.260169465,NA,NA,NA,NA,NA,NA,NA,NA,NA,NA,NA,NA,NA,NA,NA,NA,NA,NA,NA,NA,NA,NA,NA,NA,TRUE,FALSE,FALSE
Diethyl phosphate,C18-Pos-000437,NA,971747.90584039,126206.835662163,688669.655192477,1232241.95837374,244237.159478074,1054985.96659853,399506.006969709,321739.854922095,NA,NA,NA,NA,NA,NA,NA,NA,NA,NA,NA,NA,NA,NA,NA,NA,NA,NA,NA,NA,NA,NA,NA,NA,TRUE,FALSE,FALSE
Diethyleneglycol dibenzoate,C18-Pos-000561,C8-Pos-000411,360110.836442435,170291.452346577,269192.012429059,233178.915216186,328884.840999621,241753.600737177,241070.498506863,209552.403227923,728580.314595646,812222.908109452,2107687.9041177,693127.831737153,1692346.28056011,1398302.75698533,832113.662059358,699888.733382239,1070257.06402959,845043.355684101,944383.284016749,965613.155538245,1207424.40183435,662677.008429985,879439.135345417,952311.929007736,1058742.88529268,620089.708774518,681847.708112512,1140294.23405146,1046111.41525718,692198.231306017,741211.929985092,671842.919702363,TRUE,TRUE,TRUE
Dihydromuronic acid,C18-Pos-000670,NA,74436.4292219082,60884.9199682205,65818.1214127157,59025.8259481847,56545.3324220116,27275.327461474,53611.4888834546,20003.2971996679,NA,NA,NA,NA,NA,NA,NA,NA,NA,NA,NA,NA,NA,NA,NA,NA,NA,NA,NA,NA,NA,NA,NA,NA,TRUE,FALSE,FALSE
Diisodecyl phthalate,C8-Pos-000264,NA,2310735.47483296,4377070.47235687,2045770.33924272,2853051.21823315,2815379.76563344,3570854.526125,1278925.28610663,1053447.78422717,NA,NA,NA,NA,NA,NA,NA,NA,NA,NA,NA,NA,NA,NA,NA,NA,NA,NA,NA,NA,NA,NA,NA,NA,TRUE,FALSE,FALSE
Dimethyl phosphate,C18-Pos-000549,NA,330132.095801454,30618.0940773402,216080.20979475,412560.511272064,70973.2443291193,355391.674247087,125944.409575512,94838.0426386702,NA,NA,NA,NA,NA,NA,NA,NA,NA,NA,NA,NA,NA,NA,NA,NA,NA,NA,NA,NA,NA,NA,NA,NA,TRUE,FALSE,FALSE
Dimethyl sulfoxide,Amide-Pos-000097,NA,51795379.5065061,45602045.1929492,48254958.1188011,51160216.9067852,44459727.6742285,47252125.8376335,47922925.1885709,41385892.0957344,NA,NA,NA,NA,NA,NA,NA,NA,NA,NA,NA,NA,NA,NA,NA,NA,NA,NA,NA,NA,NA,NA,NA,NA,TRUE,FALSE,FALSE
Dinoterb,C18-Neg-000137,NA,113653.904926901,92235.4327111652,79164.7133255681,75290.6295436406,74764.59764544,69800.3008038683,62570.1270942629,59675.2234148852,NA,NA,NA,NA,NA,NA,NA,NA,NA,NA,NA,NA,NA,NA,NA,NA,NA,NA,NA,NA,NA,NA,NA,NA,TRUE,FALSE,FALSE
Dioctyl sulfosuccinate,C8-Neg-000099,NA,813029.764824569,772566.13650837,590263.219935651,1239259.90149242,273323.801025194,657294.569766942,371801.870273275,836678.912722561,NA,NA,NA,NA,NA,NA,NA,NA,NA,NA,NA,NA,NA,NA,NA,NA,NA,NA,NA,NA,NA,NA,NA,NA,TRUE,FALSE,FALSE
Diphenylphosphate,C8-Pos-000225,C8-Pos-000276,6462102.60030166,6527014.28308163,6323841.73494453,6332418.07600611,6166826.96805321,5997055.66405084,6316796.67128048,5952760.82790991,5298689.4762803,5197374.67865051,5366248.28429519,5356680.4112061,5293592.32489301,4988722.04414662,5349264.5057853,4725021.13141628,5241553.43426783,5128249.0685543,5509222.48155666,5516068.75393836,5261611.67317,4745601.13823611,4248709.53691334,5242171.91031231,5501717.56994566,5217622.84312943,4140184.9950173,5420820.99236046,5185860.90816234,5192918.25125736,5204523.43744533,5236041.17654395,TRUE,TRUE,TRUE
Dipropyleneglycol dibenzoate,C18-Pos-000583,C8-Pos-000107,206835.979784542,176663.214871398,207817.292492648,183282.846525209,196593.436643023,166818.181724413,182417.393018982,173620.307065819,8354190.87241427,8285540.18463088,27119334.9851393,7340313.89603832,21716807.1144478,18178506.1962062,8437626.14513574,7299022.97108091,7117141.74921218,8988992.78615209,9501433.39167563,11840407.8524008,6938431.61732776,6455938.11016444,7532775.71793269,9014778.47155013,9294790.24061229,7570017.94355413,7201328.6129693,14247140.4434784,12411945.697442,6846991.76056454,6737646.3098687,7218765.49573861,TRUE,TRUE,TRUE
Docosahexaenoic acid,C8-Neg-000021,C8-Neg-000002,24813563.5021555,61936161.6711638,18317064.0341483,27621000.3548457,38216496.9125797,54805524.1893818,27007921.5249931,12437141.4234476,45069272.0308817,66226740.4074354,43393707.9643994,55466855.8110199,86224412.4667412,50579339.2122035,44319333.183192,65247926.3532775,116950937.870545,24452093.0765067,65143794.4644383,68601241.22494,87724460.8903624,39922885.3314488,42905971.9620913,53047540.9818345,57806948.2151985,24567677.2363745,80212811.1410729,67058091.4151399,65799220.0825481,38086547.053654,58751697.3896732,23850387.9239495,TRUE,TRUE,TRUE
Docosahexaenoic acid ethyl ester,C8-Pos-000329,NA,382616.606970132,1738373.75015017,1477274.27332227,2118171.01756485,1747697.74605823,2510653.53171302,1224621.8840042,728683.054122919,NA,NA,NA,NA,NA,NA,NA,NA,NA,NA,NA,NA,NA,NA,NA,NA,NA,NA,NA,NA,NA,NA,NA,NA,TRUE,FALSE,FALSE
Docosanamide,C8-Pos-000110,C8-Pos-000291,8963684.09497845,24010049.8089323,20797161.18756,32301133.6281164,26622352.1968079,31518399.6143196,11145692.787934,7196640.46040956,2196352.25893288,2179662.10037722,1341013.90966027,1041769.85160777,2314796.31399023,1082450.25423443,2478898.1605276,1136374.92996154,1217012.99228805,1293347.44696088,3417696.13583649,4959155.57740539,3136160.06090225,2789032.09158885,2002265.03097466,1995710.61948336,4358911.92754251,1603341.05329552,1538195.01706865,1398967.12756259,2105955.53985634,2668506.69905742,1596089.66888162,1607449.62494668,TRUE,TRUE,TRUE
Docosanoic acid,C8-Neg-000151,NA,305155.740004065,674246.145020036,243747.010414727,579075.021522828,370218.231806207,812527.613098604,215004.24366783,162023.435944054,NA,NA,NA,NA,NA,NA,NA,NA,NA,NA,NA,NA,NA,NA,NA,NA,NA,NA,NA,NA,NA,NA,NA,NA,TRUE,FALSE,FALSE
Docosapentaenoic acid methyl ester,C8-Pos-000362,NA,319209.112063731,680689.46650959,656211.50990765,747474.138741228,1916699.29546434,1655967.05525113,533927.254337651,583982.036108484,NA,NA,NA,NA,NA,NA,NA,NA,NA,NA,NA,NA,NA,NA,NA,NA,NA,NA,NA,NA,NA,NA,NA,NA,TRUE,FALSE,FALSE
Docosatrienoic acid,C8-Neg-000082,C8-Neg-000018,2998477.11707519,3286227.67046484,2119639.44020626,3434686.24108003,5232513.58692659,5396130.46095483,2858586.0340629,867482.086160752,5258342.16643928,8011866.24776512,4344607.82383138,15718204.2355007,11936772.461284,5482023.34132176,6271898.57611899,8281847.77468425,17713872.1107848,5834420.42922159,13841695.4793384,6544921.24006445,9257684.36630624,8152126.67122539,5681619.17580308,8178587.95938256,11665315.0753671,3855761.82239204,10659394.5722936,9724945.05034843,8745578.01582973,6022237.97726378,8310347.60535548,5014460.04784977,TRUE,TRUE,TRUE
DocosenoicAcid_Erucic,C8-Pos-000215,NA,NA,4537242.53523941,3790919.58069904,NA,4601359.22239227,7269099.92841249,2417647.57371294,1862169.15931225,NA,NA,NA,NA,NA,NA,NA,NA,NA,NA,NA,NA,NA,NA,NA,NA,NA,NA,NA,NA,NA,NA,NA,NA,TRUE,FALSE,FALSE
Dodecanedioate,C18-Neg-000140,NA,90564.6914537787,76836.598920175,56131.3125379517,38297.1854855233,48320.1009832342,50412.6389299532,52883.2722624192,27911.9446814097,NA,NA,NA,NA,NA,NA,NA,NA,NA,NA,NA,NA,NA,NA,NA,NA,NA,NA,NA,NA,NA,NA,NA,NA,TRUE,FALSE,FALSE
Dodecanoic acid,C8-Pos-000516,NA,192396.241261913,317061.619945818,311429.093922647,411833.104635948,363381.223513468,376597.342334356,242911.635975652,228431.272202394,NA,NA,NA,NA,NA,NA,NA,NA,NA,NA,NA,NA,NA,NA,NA,NA,NA,NA,NA,NA,NA,NA,NA,NA,TRUE,FALSE,FALSE
Eicosapentaenoic acid,C8-Pos-000335,NA,1404856.81677182,1136702.37867528,847286.30684219,861054.024867159,751096.736747358,2312774.49222364,493147.776402376,407436.378702116,NA,NA,NA,NA,NA,NA,NA,NA,NA,NA,NA,NA,NA,NA,NA,NA,NA,NA,NA,NA,NA,NA,NA,NA,TRUE,FALSE,FALSE
Eicosapentaenoyl PAF C-16,C8-Pos-000205,NA,5180988.57889214,3496224.77501062,5101674.10113232,8318638.93486036,3992609.88394896,7943904.22195114,7218559.87596136,5424141.49800789,NA,NA,NA,NA,NA,NA,NA,NA,NA,NA,NA,NA,NA,NA,NA,NA,NA,NA,NA,NA,NA,NA,NA,NA,TRUE,FALSE,FALSE
Erucamide,C8-Pos-000007,C8-Pos-000003,990929286.217253,1647358949.96189,1552286090.76622,1930655945.80699,1837487960.83878,1816733108.95213,892547251.33392,866911266.559827,1140421532.617,1188876560.32594,706074510.019325,320004484.154892,1274196939.7939,442918691.361637,1442694011.17881,627204644.162139,408419313.636764,504626494.467731,1137934972.83538,1461801002.49618,1265782742.02511,1106849944.70475,1044579838.51707,974764765.26104,1569123251.82329,723017193.347866,561370341.491409,614918605.29935,683928787.539463,1066062378.22187,662382910.323027,673028595.330074,TRUE,TRUE,TRUE
Ethoxyethoxyethanol,C18-Pos-000495,NA,569657.193977576,470797.061685888,608313.63485314,678600.197940104,496968.672390755,398888.949383463,440404.582612329,506442.179878054,NA,NA,NA,NA,NA,NA,NA,NA,NA,NA,NA,NA,NA,NA,NA,NA,NA,NA,NA,NA,NA,NA,NA,NA,TRUE,FALSE,FALSE
Ethyl (4-methoxy-2-nitroanilino)(oxo)acetate,Amide-Pos-000475,NA,374283.285651603,373316.801763676,555528.787593956,441846.113815075,428151.257708497,560579.056943911,NA,290638.986833513,NA,NA,NA,NA,NA,NA,NA,NA,NA,NA,NA,NA,NA,NA,NA,NA,NA,NA,NA,NA,NA,NA,NA,NA,TRUE,FALSE,FALSE
"Ethyl N-(1,4-thiazinan-4-ylcarbothioyl)carbamate",C8-Neg-000106,NA,2907657.58576715,748712.093980334,648265.780040432,654101.214207827,539471.519613945,617956.369162734,952227.631524407,1899473.89498082,NA,NA,NA,NA,NA,NA,NA,NA,NA,NA,NA,NA,NA,NA,NA,NA,NA,NA,NA,NA,NA,NA,NA,NA,TRUE,FALSE,FALSE
Ethyl myristate,C8-Neg-000013,C8-Pos-000162,69774615.2355415,113356203.661002,58548215.6348823,81494586.2953713,76886647.4439505,129729582.326964,51100216.6397792,42114277.8453842,14209801.1838779,13889383.1274881,12798266.0248469,12807596.2176554,13663161.1403393,13385530.059524,13380907.4864338,13156082.6847015,13484730.8024043,14658687.1365562,12664884.3050916,12022533.6113682,13701805.6311684,12528505.8496987,12986219.4904303,13420396.7733996,13354628.5426241,13408655.403061,11791599.5261896,14807251.2001229,13992314.2421086,13627181.0969896,14249752.0925351,13836623.6315323,TRUE,TRUE,TRUE
Ethyl oleate,C8-Pos-000341,C8-Pos-000358,1926465.73678026,2196653.30664195,2136759.79587644,1986238.48994314,2237372.48125799,2190913.15657502,1899580.33104543,1999420.94868749,2813308.60609645,2402511.9251232,2723970.97792291,2843966.68011249,2636317.84217618,NA,2795952.11314789,2592956.11488405,2667989.16734958,2503738.52867788,2688947.2341838,2786853.76774935,2409779.14008618,3081590.20273297,2415889.91213598,2377209.22121703,2493142.61101129,2241279.78519671,1433233.38365439,2413798.725502,2315700.02493994,2067643.23826638,1898609.28437762,2004134.06025509,TRUE,TRUE,TRUE
Ethyl palmitoleate,C8-Pos-000149,C8-Pos-000290,10158262.0231616,12673577.8807151,13180282.2318102,16203753.9176946,14557771.886989,16851040.0911634,13716452.2932881,13321642.2845694,4737837.02367121,3769948.51918886,3829548.53826619,4000400.86477213,3733478.99369822,4782589.19378595,4644983.30221275,4851407.15675031,4984947.76558843,3956201.21476788,4232904.94006551,4086715.82947312,3631005.11900532,3393689.15740666,4516474.91672438,4696825.92649882,3805563.51418353,3415201.10944366,2957263.50552624,4824277.90624523,4650976.02462577,3563574.30149823,4627426.70008154,3466380.61286598,TRUE,TRUE,TRUE
Ethylene glycol tetradecyl ether sulfate,C8-Neg-000163,C8-Neg-000116,329944.568660853,265338.522378162,132457.386344114,110646.17399426,117460.590233015,153908.263029859,218407.628560657,197636.798528871,307976.196417302,2293381.11680901,478529.526123234,210588.142351547,595558.483040097,252227.494379507,407141.597418771,332025.083400854,140845.862690667,224158.511393447,131311.187526375,209512.679789589,218100.590602446,250769.013369649,340392.07811884,141104.222952138,270353.43454513,146486.399477172,238785.065398319,142910.250608752,153250.865475304,239238.120825761,221081.761776614,192244.084922176,TRUE,TRUE,TRUE
Ethylenediaminetetraacetic acid (EDTA),Amide-Pos-000451,NA,576367.960459937,758220.611306767,479904.999437406,98461.7545431932,549807.258048191,352674.910398673,NA,116181.657184737,NA,NA,NA,NA,NA,NA,NA,NA,NA,NA,NA,NA,NA,NA,NA,NA,NA,NA,NA,NA,NA,NA,NA,NA,TRUE,FALSE,FALSE
Fenbufen,C8-Pos-000525,NA,355428.313857305,NA,337180.094768597,242569.982085727,NA,190889.133628661,228766.611801241,270267.764169598,NA,NA,NA,NA,NA,NA,NA,NA,NA,NA,NA,NA,NA,NA,NA,NA,NA,NA,NA,NA,NA,NA,NA,NA,TRUE,FALSE,FALSE
Fentanyl,C8-Pos-000436,C8-Pos-000685,46267.9870535542,34922.1632343741,84302.1174914529,35439.616905014,108972.336189754,961491.634474089,67839.1028242955,11023.8166439871,94951.1299243794,80006.6774403261,30954.6368863841,23702.8959386409,98065.0712311976,102303.827987099,86093.7033702982,80338.1288645594,123552.993478826,18266.6235616269,167245.884540054,201191.952809422,62076.2824889244,80209.5540282165,30835.5000740452,57277.2246784607,91198.6949138217,158338.162335406,33919.5613954977,112928.980606344,109018.353356338,62863.1072042317,125859.373813081,73214.5904816208,TRUE,TRUE,TRUE
Flavin mononucleotide (FMN),C18-Pos-000606,NA,51839.2492833087,28606.1077780387,203049.268742562,47296.7725464899,97186.243707384,18110.1309632715,39034.7318280765,36331.0056874887,NA,NA,NA,NA,NA,NA,NA,NA,NA,NA,NA,NA,NA,NA,NA,NA,NA,NA,NA,NA,NA,NA,NA,NA,TRUE,FALSE,FALSE
Galaxolidone,C8-Pos-000304,NA,3202740.69097801,NA,1599786.34912516,2204423.46166205,1396263.88908645,1415958.58021653,1154755.58032664,761143.55594743,NA,NA,NA,NA,NA,NA,NA,NA,NA,NA,NA,NA,NA,NA,NA,NA,NA,NA,NA,NA,NA,NA,NA,NA,TRUE,FALSE,FALSE
Glaucine,C18-Pos-000671,NA,37624.6167970948,27290.4080494589,46632.9995225895,60447.2857675043,55334.2234422493,73296.4748285237,30887.9941557408,34362.893927632,NA,NA,NA,NA,NA,NA,NA,NA,NA,NA,NA,NA,NA,NA,NA,NA,NA,NA,NA,NA,NA,NA,NA,NA,TRUE,FALSE,FALSE
Gln-Ile-Lys,Amide-Pos-000128,NA,4151254.6617749,NA,5883618.7435358,NA,3083789.62810468,18486888.9735422,3163699.75086873,2386743.19213587,NA,NA,NA,NA,NA,NA,NA,NA,NA,NA,NA,NA,NA,NA,NA,NA,NA,NA,NA,NA,NA,NA,NA,NA,TRUE,FALSE,FALSE
Glu-Asp,Amide-Pos-000485,Amide-Pos-000535,275365.386963375,289267.893336865,366615.505495009,264451.462720125,392414.804367186,484737.975892537,250673.280436493,290716.174517642,263686.489592687,315134.481365627,239054.323654682,358802.278678867,235562.310534766,249025.670729736,276738.045192035,284897.303296389,334014.586782222,283868.700959677,296833.369943075,203921.772364917,206552.36677254,306430.452156977,270967.197397253,223814.826728588,202973.160431034,316252.721556321,334169.97300923,327801.867356131,261048.416335254,187664.743342965,314334.556156544,259600.844898883,TRUE,TRUE,TRUE
Glu-Gln,Amide-Neg-000463,NA,158106.571720398,96151.13000124,129968.822869756,51992.0228541098,62120.1266735054,91087.3814139829,34068.1651690334,23306.0647581053,NA,NA,NA,NA,NA,NA,NA,NA,NA,NA,NA,NA,NA,NA,NA,NA,NA,NA,NA,NA,NA,NA,NA,NA,TRUE,FALSE,FALSE
Gluconic acid,Amide-Neg-000198,Amide-Neg-000474,3203128.95735014,1304258.65364884,1828746.35929302,1490711.34556788,1461461.78409666,516845.55429269,1437096.72845982,1054130.18944686,381457.618966546,580902.812878709,395285.025457525,363105.951770094,754930.426411118,429094.769860494,548704.949382155,1023869.54591579,442549.467634188,NA,NA,445065.952621513,456031.475220329,512330.302329275,366224.874108105,618630.592157394,551173.160351369,522821.157046307,503839.944506912,684573.439517847,511103.069142359,509391.840257481,492303.514067777,559053.203715354,TRUE,TRUE,TRUE
Glutamyl-S-(C8H17O)-cysteinylglycine,C18-Pos-000639,NA,38022.3582670315,36549.5076444026,NA,35415.8264789579,26205.7621247949,133149.995863495,7320.83748613701,48543.7334075173,NA,NA,NA,NA,NA,NA,NA,NA,NA,NA,NA,NA,NA,NA,NA,NA,NA,NA,NA,NA,NA,NA,NA,NA,TRUE,FALSE,FALSE
Glutaric acid,C18-Pos-000689,NA,15541.6172276669,13868.7760983819,21513.4008176442,12673.7877930856,7742.48718782947,18343.864807509,13780.4348822882,12624.4789019948,NA,NA,NA,NA,NA,NA,NA,NA,NA,NA,NA,NA,NA,NA,NA,NA,NA,NA,NA,NA,NA,NA,NA,NA,TRUE,FALSE,FALSE
Glutaric anhydride,Amide-Neg-000472,Amide-Neg-000066,22743.8323450038,91120.4456562696,101912.295121983,16378.2335504613,12437.5034686188,NA,26539.51598429,4772.37285391937,15956832.2042434,14265804.8686382,NA,NA,26844628.9209037,27233946.4647103,32601845.1740815,14904942.2195692,2924557.85342221,6843658.17349369,5454667.79591946,24183618.3872957,24594058.9835957,4114483.93039284,38419461.693683,20402756.2311699,NA,20609621.6888749,18478844.3133978,3093951.98379628,22898541.7164411,25566796.5996477,19844621.5893194,25199463.8403854,TRUE,TRUE,TRUE
Gly-Asp,Amide-Pos-000523,NA,102057.677051706,105482.049879033,155730.903604439,89878.415181605,120258.924595114,152230.636545493,99229.4730764757,113709.034500726,NA,NA,NA,NA,NA,NA,NA,NA,NA,NA,NA,NA,NA,NA,NA,NA,NA,NA,NA,NA,NA,NA,NA,NA,TRUE,FALSE,FALSE
Glycerol 3-phosphate,Amide-Neg-000365,Amide-Neg-000546,568274.32314415,549694.569664754,471457.745987562,452517.060308152,365829.543421342,815997.401464833,284648.699629522,241194.04731834,223553.290852652,525206.781336779,266527.288732076,224272.285251884,430458.74627935,594183.503008619,400285.478455553,452900.140143323,319490.785047621,234506.737107765,182341.869913996,176808.195049457,227193.314065576,416665.422464532,164854.274567594,112256.682003142,456698.895273314,401322.850975102,475428.766633143,500705.048476176,433059.539777243,208433.189208174,399453.61476686,201624.887957492,TRUE,TRUE,TRUE
Glycerophosphocholine,C18-Pos-000048,Amide-Pos-000048,41403918.090499,73406336.8642873,116522507.283889,57288073.0218219,37027962.4893956,106981779.527057,24494655.3119406,68050037.2451137,122480284.607811,123034319.297028,87373199.0053191,73625868.6500636,82290011.0109182,77645277.9980897,90960816.6053078,102161513.866971,57598514.8780451,151717971.795621,98835994.0079527,83799076.7161146,85025131.6446009,129693588.442122,65165408.3237867,109186278.012256,85617365.0607173,192881629.451466,315223369.9648,112707736.060532,82407265.5262244,110847651.911542,158620910.642178,139987670.987724,TRUE,TRUE,TRUE
Glycine anhydride,Amide-Neg-000379,NA,696196.938639789,629631.902393931,670141.413829601,418425.780796941,637140.122101894,471188.524488824,354539.715299888,469416.20950047,NA,NA,NA,NA,NA,NA,NA,NA,NA,NA,NA,NA,NA,NA,NA,NA,NA,NA,NA,NA,NA,NA,NA,NA,TRUE,FALSE,FALSE
Glycolic acid,Amide-Neg-000078,Amide-Neg-000185,6769882.41360159,5640644.72110595,8699648.48724044,11167996.2311012,8701730.29811521,3974767.23449178,6017826.37039949,2889882.26129648,2712600.45647001,4791623.0307418,2134605.0967206,2383404.89521987,7657626.07683217,4612562.83926477,8317341.02331364,6717497.49881416,4388159.12892823,2208760.20613305,1616953.83600505,4375977.10681628,3898640.1078179,9772164.06418677,5259818.61077836,2599053.56747571,6415476.90606335,5511427.66518078,5129014.16202366,8958496.65722133,5509177.29030658,4069204.85404092,6176674.60985949,6401039.11200015,TRUE,TRUE,TRUE
Glycyl-L-leucine,C18-Pos-000469,C18-Pos-000249,657078.393736701,391107.206822568,522269.755329238,858769.623082938,408069.567435064,524072.357772202,79999.0599136363,311934.592567141,265403.475336846,282766.656618971,407419.708699752,1240612.67643964,229982.856575522,283599.671806266,567210.352621974,381969.279521679,1008595.0443673,827076.501990947,607271.167063466,188578.803397005,425758.241626692,391238.757074546,366476.236662255,274079.94305215,194058.24058747,269903.341297871,926010.803143847,207435.393059376,198501.527633515,329453.768220302,249051.892785282,421536.600594304,TRUE,TRUE,TRUE
Guanidineacetic acid,Amide-Pos-000430,NA,286100.589672594,1099131.67010778,296228.309133017,429046.409639635,267324.806101557,765350.575508908,191763.684334742,193908.453720226,NA,NA,NA,NA,NA,NA,NA,NA,NA,NA,NA,NA,NA,NA,NA,NA,NA,NA,NA,NA,NA,NA,NA,NA,TRUE,FALSE,FALSE
Guanosine 5'-diphosphate (GDP),Amide-Pos-000210,Amide-Pos-000283,2902994.93806081,5870530.74278588,6692286.09083976,5336604.40488774,4809148.70120049,8688070.71736307,5884633.45839384,6539865.82071527,4065304.64615534,3877850.0170065,3515778.44594055,3545763.46536447,2008678.75112912,3250273.03737355,2966976.64046556,2865254.2437411,3469609.28497765,3642975.75243263,3990186.72797088,2829560.10178892,2299430.97880855,3471289.4467435,2723028.19258424,2144454.30111203,2968791.10870877,4812240.26116409,6284055.91565955,2972368.50093716,3020781.03708558,2503980.6743088802,2896122.54897346,3068581.86487334,TRUE,TRUE,TRUE
Guanosine 5'-diphosphoglucose,Amide-Pos-000467,NA,385305.568001037,522085.795153488,433344.163769058,448564.674747953,401072.601932297,640596.80387742,276069.514697414,370481.857089956,NA,NA,NA,NA,NA,NA,NA,NA,NA,NA,NA,NA,NA,NA,NA,NA,NA,NA,NA,NA,NA,NA,NA,NA,TRUE,FALSE,FALSE
Guanosine 5'-triphosphate,Amide-Pos-000191,Amide-Pos-000307,2674103.84545561,4799092.35435807,5927121.82103767,3899676.09821214,3566771.94702166,10422119.0762978,1360246.21865796,3439950.43640099,3629062.13752967,4042546.78155911,NA,2170106.32601018,1308255.83193437,4989325.91136908,2902559.59184085,307465.965381137,1556263.19697121,1117895.73341071,705407.297860243,347770.309059316,408069.99279876,503178.316906035,3538448.63154393,1124739.58670842,2024064.33427591,3105008.47387888,3237336.06619367,411247.254030179,1798322.82295257,1836219.74566695,3186860.00562165,1854617.78541343,TRUE,TRUE,TRUE
Guanosine monophosphate (GMP),Amide-Neg-000247,C18-Neg-000041,2292837.99823512,2308952.77577613,1479160.17950189,864312.549015041,1216072.87486766,1351103.70923971,765735.346649233,878782.523482946,NA,8230658.1799748205,3367049.66313646,13256828.6193244,4054815.78818117,6960037.57379283,3844665.18139694,12263926.2914328,11608153.3958377,13422392.5955363,3577525.84089828,1089564.08352592,3954640.3456538,15536308.0080905,8914925.90057566,9434868.67135356,14883452.6172814,9638463.61244751,5144718.99758812,19140996.1279689,1207633.91977002,4886168.00695553,5083305.55807691,11647421.4100391,TRUE,TRUE,TRUE
Guanosine triphosphate (GTP),Amide-Neg-000443,Amide-Neg-000553,121637.658639101,276165.138856768,170731.558780336,85563.1018167638,53604.1260322903,180731.979063686,13899.9462915059,38121.0528643021,283881.311837212,443888.800210889,138451.147768945,179285.34060752,198933.356768112,526855.575195464,387945.776107476,18578.970666148,180168.288571993,102678.745559663,19228.4994605711,15361.6070781807,25166.9877718367,48032.1220920527,236362.106163997,92502.2564821508,216490.860416775,286421.931289278,394181.781731186,28383.975488419,229763.045855783,189793.536468775,302801.377961022,129131.085344614,TRUE,TRUE,TRUE
HEPTADECANOATE,C8-Neg-000080,C8-Neg-000070,750291.422939117,3437179.8442574,801137.119198682,1870531.36667064,543224.388394271,5628515.33804112,561950.827110377,585276.081888964,819342.007215882,4487368.08762515,818183.194295876,750660.733139826,930222.47065521,809264.437265076,827899.237386355,841520.301940062,999548.204087429,635987.652685111,710561.234184876,846515.68163912,884955.324181789,678361.610462282,865478.061756174,856251.443836455,852701.693549977,711053.920206593,893609.31014179,946728.225397185,834188.176772072,757094.533432238,874316.930949807,680299.255769431,TRUE,TRUE,TRUE
Heptanophenone,C18-Pos-000613,NA,110774.531960003,179092.293222576,147040.133391822,87409.489965788,72831.1918020737,63622.0289756264,63681.7027164043,54242.7294426431,NA,NA,NA,NA,NA,NA,NA,NA,NA,NA,NA,NA,NA,NA,NA,NA,NA,NA,NA,NA,NA,NA,NA,NA,TRUE,FALSE,FALSE
Hexanoic acid,Amide-Neg-000336,NA,999239.59159826,749823.577417208,708270.347520304,774713.422437889,751435.07366798,376096.717816855,428649.205847318,278903.132890838,NA,NA,NA,NA,NA,NA,NA,NA,NA,NA,NA,NA,NA,NA,NA,NA,NA,NA,NA,NA,NA,NA,NA,NA,TRUE,FALSE,FALSE
Hexanoylcarnitine,Amide-Pos-000320,Amide-Pos-000395,1674825.4389406,1263386.32863625,1825268.72769977,1949680.95886627,3212660.01941207,2910057.70392389,2073027.43545883,237597.815140822,670300.766355894,1448770.33255206,938703.615456342,1349556.81142922,757734.206153832,391824.971191667,781809.776142688,600013.462576623,1183015.38968611,1358719.74368009,1387716.42069338,226978.752211203,552558.054395874,782692.418659404,685520.886399942,464315.765843824,1444830.55501026,902284.648751158,1079690.72286337,2623838.77441539,999584.236709979,629041.344784425,967860.41013263,735734.058544358,TRUE,TRUE,TRUE
Hippuric acid,Amide-Neg-000375,NA,207559.147261755,719543.102871929,128916.030268251,369435.887314655,639401.320748441,58321.0635962047,108213.704695562,189204.98708330301,NA,NA,NA,NA,NA,NA,NA,NA,NA,NA,NA,NA,NA,NA,NA,NA,NA,NA,NA,NA,NA,NA,NA,NA,TRUE,FALSE,FALSE
Hydrolyzed fumonisin B1,C8-Pos-000473,NA,519656.918911537,575580.656455136,608046.984652992,NA,NA,676515.980765202,555739.546741764,557656.852741186,NA,NA,NA,NA,NA,NA,NA,NA,NA,NA,NA,NA,NA,NA,NA,NA,NA,NA,NA,NA,NA,NA,NA,NA,TRUE,FALSE,FALSE
Hypaphorine,C18-Pos-000278,C18-Pos-000160,1677342.4523651,330154.986117328,258491.980753198,NA,2143479.91836051,5685015.34196718,1620884.47855544,70265.5708400453,NA,1397915.14947793,320527.677683077,268481.101631019,436698.210213114,259211.430119863,1385749.09574848,64797.0081606213,43465.3523413642,735163.262518074,806679.623062654,47764.2081046899,119750.391989801,548289.426028056,7381006.74549469,NA,87483.4402235167,271070.232502647,113413.939585313,2333011.91357822,89061.5504964546,282418.152299812,108552.409231927,99309.6471114686,TRUE,TRUE,TRUE
Hypotaurine,Amide-Pos-000130,Amide-Pos-000158,13010469.7385653,14359196.5699603,6331175.07536436,10148396.5300837,19176143.6599578,22667078.1458317,13719458.8718393,9098478.79426693,11278744.7013468,11261036.1333043,12414415.7313606,6251770.9846186,5166459.80023302,8495241.95650513,7581288.77185972,7244137.39522883,12589062.4566046,10108281.8304631,5723666.84276618,5597467.47178556,7522968.13270702,13627137.8752224,9407605.31054798,6880682.43944282,13214065.795293,14851889.4513717,19677614.7178883,19266181.2795178,9815231.06535583,10711912.4058328,12226771.4110064,12084634.0302304,TRUE,TRUE,TRUE
Hypoxanthine,Amide-Pos-000006,Amide-Pos-000019,974501640.109188,1478001217.11619,1278765981.03206,1263693959.17415,3412229689.5219,1536344228.51175,2485404515.3561,1119176337.26395,509721824.022695,555979123.390275,731305885.02647,1140879998.05712,772696038.952106,482165242.506697,748052233.612406,351041502.13658,1399340689.89614,942392344.315913,946796436.325549,441256060.920481,939811293.815726,388103842.569082,514488638.089908,799461396.173305,718327447.405826,758530024.710378,561529527.920356,784857698.303738,716309629.135035,679571294.310746,787525088.022263,759443658.920185,TRUE,TRUE,TRUE
Indole,C18-Pos-000367,NA,821457.403905684,1666380.81021842,1032464.23988191,1086839.28919828,NA,2467350.66125634,1109137.72572737,864823.431005264,NA,NA,NA,NA,NA,NA,NA,NA,NA,NA,NA,NA,NA,NA,NA,NA,NA,NA,NA,NA,NA,NA,NA,NA,TRUE,FALSE,FALSE
Inosine,Amide-Pos-000079,Amide-Pos-000056,62858662.8037217,33558352.4407563,60463448.7069774,32922805.4187986,48065070.4518067,41267586.6785811,73359174.240851,50871610.0106133,79825248.5935062,87007163.9955206,146700922.651392,189801934.154814,124774817.976704,86415919.346701,139901146.836731,58562793.0440401,251192010.8127,150876053.49354,149189616.069931,78858305.5909813,155863739.245443,63759779.0030801,96590268.4558592,123700644.334318,123228431.298244,134742750.04293,89091244.5833639,129151534.719076,116336609.579047,112781665.755884,135567393.322534,144566100.212786,TRUE,TRUE,TRUE
Inosine-5'-monophosphate (IMP),Amide-Pos-000248,C18-Pos-000075,1926484.98494991,2405462.95463073,5603317.81750382,1964069.66315954,2727601.6085331,3042029.39565774,672400.215650861,3258049.20410709,10852012.3301171,8759951.23115342,14584599.8545143,1434890.50959903,4666057.39754667,18234487.7682006,20540399.3364828,NA,5394070.86371825,2560751.75617833,9824614.92022068,6637211.0322283,1910017.08519968,11936411.7219675,22199651.2021955,NA,15937019.1004987,22544753.9618407,12388166.3532173,7623518.82076789,20082258.441159,17387871.9463123,41016800.705545,13668216.1728885,TRUE,TRUE,TRUE
Isethionate,Amide-Neg-000029,Amide-Neg-000081,16535322.483052,40233412.1866258,22368807.0361367,19414431.5026508,32884889.8820442,29493108.3196785,6676904.63551331,12456035.8869258,8201126.47946279,20603515.1104078,5484412.93192208,10710816.5774321,16947788.3180455,14035266.1893691,22666785.9238826,27766743.1431805,25403901.8125233,15723735.1861249,7888770.25978737,23323741.4107356,12793181.541146,23230919.6602203,20217186.8797968,9063990.86357961,15381587.5119524,13950804.6676706,28281828.7644251,15893999.1323801,18540637.5667003,11121187.4645501,18564053.8571956,14437749.9346086,TRUE,TRUE,TRUE
Isoamylamine,Amide-Pos-000215,Amide-Pos-000149,8099257.45220663,3027432.36653228,5706537.12720987,5981198.65961725,5313815.37464924,4459367.41583818,7148889.59458979,5323848.6063636,19640456.1927607,19283267.9527799,21595355.9991962,19196770.5108017,18523216.3697096,20986243.5260185,19490391.0325891,22721974.2454315,20953924.4471838,19767718.5036326,17727986.0363726,21202696.6983185,15101252.6658741,16069566.8578808,22364544.9095716,14960155.2701264,17161608.3405511,17177734.8873747,17176356.6005536,18918724.9273483,18312846.1752481,17497642.0433462,19265159.4539385,19623241.9695426,TRUE,TRUE,TRUE
Isobutyrate,Amide-Pos-000293,NA,2229155.03015474,1540552.36622134,2286892.620534,2023162.37551415,2683436.85607859,4040256.44089902,3504068.32969239,1792464.28688508,NA,NA,NA,NA,NA,NA,NA,NA,NA,NA,NA,NA,NA,NA,NA,NA,NA,NA,NA,NA,NA,NA,NA,NA,TRUE,FALSE,FALSE
Isobutyric acid,Amide-Neg-000267,Amide-Neg-000422,983612.224285795,894635.347673888,713842.092047888,624629.969576876,814538.074886797,1993315.25463297,553990.552102961,518547.944925349,240130.002423809,762622.958394571,614372.909437405,501207.537247736,1169958.33982577,745742.029236529,1270647.47681972,874369.562575218,1086031.69570794,682355.485345608,290753.935745237,609751.075869637,470727.341720754,1542214.40822474,611488.834582107,336226.462626593,1083960.38488594,1109828.77792247,1190028.58846363,1296384.33513728,1026526.54911205,638738.529439121,932492.699659913,977406.3359136,TRUE,TRUE,TRUE
Isoleucine,C18-Pos-000011,NA,NA,163854340.355085,NA,167859288.211951,194305123.595204,301047694.165745,178243282.890976,190652.649613192,NA,NA,NA,NA,NA,NA,NA,NA,NA,NA,NA,NA,NA,NA,NA,NA,NA,NA,NA,NA,NA,NA,NA,NA,TRUE,FALSE,FALSE
Isophthalic acid,Amide-Neg-000248,NA,987750.099117721,1988201.25395274,2294186.51739183,580817.824449427,1081479.7163975,2121205.4994025,1676626.33062482,502204.595599694,NA,NA,NA,NA,NA,NA,NA,NA,NA,NA,NA,NA,NA,NA,NA,NA,NA,NA,NA,NA,NA,NA,NA,NA,TRUE,FALSE,FALSE
Itaconic acid,Amide-Neg-000070,Amide-Neg-000007,12087539.1169631,8768955.70192134,5695107.31641474,6266509.99261517,6783141.51420831,3111189.08655996,3332168.84144069,2582459.40592369,57402855.5693557,98903744.5572977,46164402.1745365,62646880.754681,128056391.015533,NA,117482061.703332,82979239.5310906,128278222.588325,99478771.9010396,NA,NA,75466152.1138928,NA,104959243.078339,55377082.9090338,120268101.307784,101686774.691338,103151011.851664,120209078.629542,104286993.319564,90388335.2966617,110255818.286139,NA,TRUE,TRUE,TRUE
KOBUSONE,C8-Neg-000144,NA,1102942.23140058,886231.19642777,587844.79691736,451298.005373481,329679.663718258,342371.96178031,492246.18878311,581013.018500075,NA,NA,NA,NA,NA,NA,NA,NA,NA,NA,NA,NA,NA,NA,NA,NA,NA,NA,NA,NA,NA,NA,NA,NA,TRUE,FALSE,FALSE
Ketoleucine,Amide-Neg-000115,Amide-Neg-000181,6888201.98302297,4937153.994444,2718345.59127176,3957074.58352865,4860166.29074161,3861224.11762465,1941562.21913878,1382462.47618478,3271972.77805099,8311644.07783245,1303663.44698773,3812345.3607888,7421078.1714717,10065174.6877825,5277270.45572928,7395433.202103,7389004.47920452,3232531.70129668,4059255.23030987,3244343.20503715,3521127.3362733,4409851.08442467,2680725.5781722,1892320.29908772,6740066.43780211,3393709.27932839,8152018.74968263,5547872.41515472,4433814.17115002,3355428.8489656,4842921.23605998,2906908.93669468,TRUE,TRUE,TRUE
Kynurenic acid,Amide-Pos-000335,Amide-Pos-000403,806529.251690812,1012548.24995954,1408373.65810503,1281266.58907793,722081.76848474,2994252.27000147,1682420.02441771,2847850.00747854,808032.104155803,978238.139676935,1215101.63928314,1668513.85440051,549655.668080183,1256491.03393163,674953.013386623,753568.43478309,1242366.6913158,862418.563097082,2393530.67500955,459957.873311028,452228.317364578,645078.893391888,540746.240475144,1189517.76967966,1135726.68216691,1210836.41048459,1620513.21980571,1586812.50034948,998672.79545098,505462.416528748,1201886.32116713,1392899.04171384,TRUE,TRUE,TRUE
L(+)-Ornithine,Amide-Pos-000150,NA,12388353.6052072,17345905.3140633,12519412.7723333,6392825.11112977,NA,17046723.9559991,12410560.6777121,NA,NA,NA,NA,NA,NA,NA,NA,NA,NA,NA,NA,NA,NA,NA,NA,NA,NA,NA,NA,NA,NA,NA,NA,NA,TRUE,FALSE,FALSE
L(-)-Carnitine,Amide-Pos-000092,NA,24110432.6673503,49644537.549069,25761956.7957297,32939851.2230883,55522846.9434891,52519696.6007239,29395913.2247235,27384020.4857711,NA,NA,NA,NA,NA,NA,NA,NA,NA,NA,NA,NA,NA,NA,NA,NA,NA,NA,NA,NA,NA,NA,NA,NA,TRUE,FALSE,FALSE
L-(+)-Citrulline,Amide-Pos-000282,Amide-Pos-000341,3225882.77294949,NA,2812453.80272618,1475111.15832413,3088631.19145624,4295207.56432697,1890295.35310591,2118866.95957379,1751818.73502843,2421286.31604883,1982462.93859146,2903936.46753641,1925992.89633841,2478381.4155503,2341397.34112039,2457435.4128327,2332800.93548598,2554509.88077899,3783283.33902004,3226624.18644639,1497235.114202,2598567.18005726,742762.98090289,1849482.14375569,2292086.58861168,2285108.48011935,3527512.63327831,3465065.5950424,3182525.69246271,2235470.75498502,3269311.70296313,2427473.25455633,TRUE,TRUE,TRUE
L-(+)-Lactic acid,Amide-Neg-000001,Amide-Neg-000001,713767567.437745,602060808.357795,429597128.378345,422534634.826182,501056819.135076,400246168.714056,427826434.424619,290743750.863218,191060835.74722,285493168.162453,121221325.167561,170031257.80435,338439706.248966,348333784.898537,444230309.012259,342348262.763533,339348421.325977,199730447.351169,190950998.124806,139049863.321801,142577984.668584,115693998.171758,241182939.26351,127022506.021432,256984136.858248,185270700.505845,339574439.873722,308739832.983426,346004409.789001,256539318.993671,391169480.5571,130743400.057722,TRUE,TRUE,TRUE
L-(+)-Tartaric acid,Amide-Neg-000465,NA,130201.388544494,151892.909439137,69347.485890066,51289.3867786755,76669.1984547122,79527.1883021795,69281.8431095783,141513.641344404,NA,NA,NA,NA,NA,NA,NA,NA,NA,NA,NA,NA,NA,NA,NA,NA,NA,NA,NA,NA,NA,NA,NA,NA,TRUE,FALSE,FALSE
L-2-Aminoadipic acid,C18-Pos-000245,C18-Pos-000111,5733206.49544349,8625673.56109959,6969229.39001504,4458959.91723188,1981072.34292798,8804424.35528443,NA,2460430.88393876,NA,5777218.8150351,4610821.97725998,5412290.50082211,4919027.88013433,9103726.31420447,9397614.80915848,3770228.36598815,12603821.330258,7156353.7942145,9309687.64470684,9184999.27394775,NA,15901452.1760321,10313883.2561165,NA,12636027.9757838,15082261.0235885,NA,NA,19820502.0486315,7363473.31405437,NA,8905504.49824552,TRUE,TRUE,TRUE
L-Aspartic acid,Amide-Neg-000037,C18-Pos-000029,18770290.8598246,25382142.4015208,23787617.3269605,12765683.2293219,13922603.4031343,19969703.9118043,9498224.65012532,16720299.8668755,71858038.8040295,62507306.4976196,78353615.9299051,35659610.4532379,62060018.000344,63552335.2058778,78628876.0469821,57635632.6071794,67126445.2277493,49033743.1663195,66173427.1245637,63610012.3927832,51283041.9496982,67149118.2202425,67334579.1365026,60052906.6150224,58120105.6495087,76758968.8726535,112620001.945223,77484558.7746575,69989737.3749876,65874358.6917394,90795931.7319498,75353047.8787122,TRUE,TRUE,TRUE
L-Cystathionine,Amide-Pos-000257,Amide-Pos-000309,5313626.91420949,1579407.88469658,2879503.21223461,1544125.98804123,2168487.09315182,5203596.73487256,1793217.71141361,2243283.2206442,1049333.04635562,1048346.24520535,3588522.54525428,3817962.75137394,744080.354584739,4961391.07755284,1488087.94022458,4760290.50191975,2491035.09776203,2671820.31906056,1544407.62943649,758832.376861836,620872.581712205,1207587.31078662,2504939.887533,1305553.9214328,1328965.27666751,1690179.01938539,4132873.64094284,2317386.79812549,1471704.45623049,227898.562202566,3184737.86916392,3133138.95267729,TRUE,TRUE,TRUE
L-Cysteinesulfinic acid,Amide-Neg-000464,NA,61405.2851960137,154746.473487761,89007.8743339055,105642.566755903,69876.7124003998,129435.017063139,26081.9746550604,68439.5630572851,NA,NA,NA,NA,NA,NA,NA,NA,NA,NA,NA,NA,NA,NA,NA,NA,NA,NA,NA,NA,NA,NA,NA,NA,TRUE,FALSE,FALSE
L-Ergothioneine,Amide-Pos-000476,NA,264241.187499637,91357.5239046652,513110.267950164,329106.788128964,529281.081987014,253942.79375633,555673.762856738,490472.848073338,NA,NA,NA,NA,NA,NA,NA,NA,NA,NA,NA,NA,NA,NA,NA,NA,NA,NA,NA,NA,NA,NA,NA,NA,TRUE,FALSE,FALSE
L-Gln,Amide-Pos-000300,Amide-Pos-000396,1275029.43577381,2850257.28906316,1424004.86791794,1510296.34830727,NA,2324573.97345931,2317687.34733159,3863067.09409624,1454358.47427374,NA,NA,1336999.67952034,1599249.5320576,1596857.57576313,1229464.57736179,1794240.97299967,NA,1667510.92382176,1291091.61508204,1375022.70121909,1512211.36245062,1450763.76902466,2618680.21093655,1175642.06152723,1632958.71151737,1032841.54180416,1136787.45453256,NA,1407346.83776648,1667883.74253852,1445247.88137067,1677308.74378367,TRUE,TRUE,TRUE
L-Glutamic acid,Amide-Pos-000037,C18-Pos-000004,233778186.429776,325287743.667925,293248438.640739,189415757.127756,205177414.011033,306282877.08612,170354024.171178,181240495.974587,293893381.354614,271886284.789272,315901533.298207,332709506.910024,227716215.939207,314033063.448906,362595928.783677,304743397.96801,421217441.485404,329352629.993738,296748450.981574,363642114.90199703,258720664.87779,381801055.632575,286604938.423098,277801697.531408,294549824.310086,326112410.961158,530201061.681263,366059034.812545,358919676.77296,NA,362700242.098208,382193819.682245,TRUE,TRUE,TRUE
L-Glutarylcarnitine,Amide-Pos-000334,Amide-Pos-000385,989134.519457353,2902936.20416084,1940862.56255899,847895.623934893,791026.858026657,3038439.65305706,360776.028980992,369888.977525884,740197.203151131,1505192.06058591,583039.902495667,1336860.84573445,506004.571221935,362785.006842542,692605.586803436,216473.367462762,1116878.60211888,690184.916327107,418616.744579205,134591.630209855,572203.227819031,361608.298893299,291012.636132368,563549.322272004,573064.076497543,838851.150505729,2907697.39405579,518891.560560808,627085.729813043,775524.102538357,1374282.74483092,1081838.70576974,TRUE,TRUE,TRUE
L-Glutathione (reduced),C18-Pos-000007,C18-Pos-000003,284768848.438868,86636528.3017103,468972842.468166,NA,NA,172058947.383821,18203497.3734476,349557794.849827,341332935.850893,429087050.233784,365325682.688772,307780668.022184,250932194.56692,516727384.814785,430419427.676939,322571836.452892,487748295.01979,300846365.252582,372570857.909315,238627534.607244,276232670.970357,332614246.125692,510060012.039194,255904198.312683,382357586.323784,405061881.98337,796836710.855911,327103692.461843,396255762.881569,410216242.464636,493092528.207619,409834042.079802,TRUE,TRUE,TRUE
L-Glutathione oxidized,Amide-Pos-000231,Amide-Pos-000237,5910226.33496546,5388878.1774431,6228750.96337591,5995965.08543422,NA,6760802.73019014,6420702.72852916,4485669.80196004,4870061.99653596,5195531.81453369,6208816.53056131,5777086.88957596,3795869.28327399,5864659.80575477,6115389.23662853,8960862.05988826,4863542.93326347,5054694.05552868,NA,8230056.9824374,3643531.72376227,6521685.75193866,8188982.63288724,3951551.95068566,5148706.82769665,5215834.61852311,6534330.25166235,7224789.903536,5901175.74845691,4281215.45416756,7225394.89746179,7959205.38596699,TRUE,TRUE,TRUE
L-Histidine,Amide-Pos-000116,Amide-Pos-000125,13201658.2850732,22268500.8235803,25276842.9611624,8628378.4229286,32391149.2805536,29593363.0348758,1986882.58577668,5596365.08734681,28031502.892167,13193308.7321412,NA,31877598.1074572,4966195.54176887,2657967.94006876,1694207.67038506,370755.928978496,21734057.5057041,12498256.6972682,13104372.1022628,NA,14080556.8308544,5192845.04920734,1089635.9077477,4250212.82896026,14058022.1405606,15181443.2355855,17135202.8730308,3826913.21481394,15077196.0783897,7010873.47226241,14244745.8940896,1906643.27619524,TRUE,TRUE,TRUE
"L-Leucine, N-pivaloyl",C18-Pos-000436,NA,315120.607377589,468948.390101617,993770.923325905,369617.575874273,308317.650515719,1232834.95152517,344173.092700043,273666.709693341,NA,NA,NA,NA,NA,NA,NA,NA,NA,NA,NA,NA,NA,NA,NA,NA,NA,NA,NA,NA,NA,NA,NA,NA,TRUE,FALSE,FALSE
L-Lysine,Amide-Neg-000224,NA,2668366.61425845,2462892.11283054,1900666.25344742,1721258.36047142,1937309.2194656,2021683.43770645,1918404.96170921,1091136.88286478,NA,NA,NA,NA,NA,NA,NA,NA,NA,NA,NA,NA,NA,NA,NA,NA,NA,NA,NA,NA,NA,NA,NA,NA,TRUE,FALSE,FALSE
L-Phenylalanine,Amide-Neg-000089,Amide-Pos-000118,7868046.11206708,8581804.27797019,6726958.29254324,4803307.94431653,5691789.04266088,10133743.1367828,4756685.86893816,3201191.45858853,16567999.9275604,20389054.1107332,14448080.186387,NA,17229694.8098705,20589562.9429416,19436083.6226765,8796685.82152468,28638051.4611794,16441135.932821799,18007706.5462605,7207654.51739087,9655753.89803649,10992162.5351209,20301749.7987085,8785071.06269651,16589826.6858904,13081308.9959445,NA,16374840.9688538,20880533.6838792,18141227.3663302,22510013.7710969,10356246.5908432,TRUE,TRUE,TRUE
L-Proline,Amide-Neg-000056,NA,9394674.28041085,11155234.980832,9008976.58922557,7481297.5258324,8641181.2648295,15451094.0484414,5325678.8709464,5097370.43461935,NA,NA,NA,NA,NA,NA,NA,NA,NA,NA,NA,NA,NA,NA,NA,NA,NA,NA,NA,NA,NA,NA,NA,NA,TRUE,FALSE,FALSE
L-Pyroglutamic acid,C18-Pos-000021,C18-Pos-000009,156707264.787148,175497487.533306,23377952.2910691,126873549.604927,NA,223445873.350842,140216049.177907,NA,176944546.743024,34899805.811227,153614416.667413,206751540.418486,NA,140362976.231142,162010546.765218,141872475.107401,249648126.614304,207834875.02816,172524035.254937,134693895.704921,137237027.731146,214915900.620987,108503296.046603,145362943.786087,164648628.828012,117691018.52153,297830941.887685,180495129.448753,197213481.17307,144630372.159365,217652913.355141,NA,TRUE,TRUE,TRUE
L-Saccharopine,Amide-Pos-000511,NA,195270.456988177,184274.129800112,179853.194621337,141939.297371464,232105.876788083,220599.932919415,72582.8116313189,83115.7484932203,NA,NA,NA,NA,NA,NA,NA,NA,NA,NA,NA,NA,NA,NA,NA,NA,NA,NA,NA,NA,NA,NA,NA,NA,TRUE,FALSE,FALSE
L-Serine,Amide-Neg-000071,Amide-Neg-000157,6609567.71074209,7174492.21763629,8332285.0289271,4285755.59560871,5577225.32948872,11967464.5717163,4890520.57188526,5421205.89860399,2594083.05674777,6573714.15053267,2272172.3070914,3272867.7416673,6373132.60214699,6076238.16718056,10915443.1860046,5907809.75335446,6518649.02309933,4444198.21581437,1785958.8639499,2937602.28748673,3958456.97126782,9137533.68339203,4657311.82213529,2779285.16549395,9698751.95560702,5927814.88221953,11711017.9244851,7992317.74802351,7904900.44298885,4395764.82845374,8037257.26199372,6128999.08484868,TRUE,TRUE,TRUE
L-Serine methyl ester,Amide-Pos-000221,NA,1857324.60918137,3021893.52790232,3528844.50436449,2967112.04925446,2686744.58357839,7625930.28998687,1897029.65752946,2694562.00154264,NA,NA,NA,NA,NA,NA,NA,NA,NA,NA,NA,NA,NA,NA,NA,NA,NA,NA,NA,NA,NA,NA,NA,NA,TRUE,FALSE,FALSE
L-Threonic acid,C18-Neg-000016,C18-Neg-000029,9594016.85987439,10795571.4806583,7868865.81349358,24243533.0138379,10321098.2433669,4508613.25043704,6833012.05299273,2475313.68553077,19400705.8320476,16984950.9813356,12752304.5753251,10105055.9119267,5667733.9436082,15143200.7414827,15868310.5726989,20998685.2094338,16714581.2511794,25821238.8747831,18055797.2245007,13479618.7835516,2935645.69197694,19402338.6433907,4407311.29081766,14286053.2049685,16765056.9235798,10959285.7320454,21055223.5810874,18738293.7190433,4936540.1543935,5948304.72055034,18539432.4382232,4740359.1637395,TRUE,TRUE,TRUE
L-Threonine,Amide-Pos-000117,Amide-Pos-000151,10288602.0151414,22214208.84746,12365845.5697559,14518901.1762029,32351548.7403949,28862141.5005113,15147734.9173317,19198244.9533162,10995442.6218645,9672625.505047,9877307.67099117,16490512.6723837,8450315.21217218,10331939.2516981,7152116.79091778,9742706.57837554,22300448.7441444,14661206.344499,16623875.3157539,6540560.69471869,8034751.97659349,18954309.7221355,8542213.62074947,13148347.5635878,10415918.9276255,11245679.663712,7248165.78400731,12727947.8664179,10716265.2636778,7631171.89629876,11103957.9209121,8038256.54965696,TRUE,TRUE,TRUE
L-Tyrosine,Amide-Neg-000266,Amide-Neg-000325,1998190.81029754,1800044.73768495,1298769.58238831,982015.657768508,960830.333700906,1081178.12659463,1083222.20201936,660283.759418221,945051.247924018,1868636.41032479,875404.017290077,1894273.75428634,2490156.00618934,2043992.66863288,2561168.61970049,2622168.74028845,3091380.14437105,2129308.18790534,1042331.5547842,1266828.88335208,1923283.48246034,2767944.26161547,1780352.69916942,1047423.40508798,2452853.94272886,1755242.6673421,3384755.05647244,2740972.28963606,2594465.53423916,1444005.96397644,1901561.61989177,1980830.51475783,TRUE,TRUE,TRUE
LPE 18:2,C8-Pos-000532,C8-Pos-000472,53973.621236918,164020.813437609,80913.4947673523,244713.794382979,361718.561680347,119449.075185479,267084.154801707,97963.1299884805,808215.987554208,1119804.59387466,818223.287891782,1042963.55835505,980488.961432426,347556.603037584,698260.390838245,508543.814999381,1283891.10958323,719364.769858614,828525.466301752,605109.498632893,611090.292340854,338256.157499085,864449.343998043,609569.763842368,644181.947837478,592440.869776164,493542.636653489,511785.949531692,659935.407848699,520968.079423499,409724.614379553,744576.814358068,TRUE,TRUE,TRUE
Lactosyl(ß) C12 Ceramide,C8-Pos-000376,NA,78602.3903569766,906048.549956643,340594.103148469,819253.00882412,444546.969166426,1693992.63162767,148699.482157484,81631.5923371316,NA,NA,NA,NA,NA,NA,NA,NA,NA,NA,NA,NA,NA,NA,NA,NA,NA,NA,NA,NA,NA,NA,NA,NA,TRUE,FALSE,FALSE
Lauric acid ethyl ester,C8-Pos-000235,C8-Pos-000430,1273530.7943331,4638928.28152706,3940884.52999504,5460907.79987077,4333555.21674922,5913153.4578671,3029329.35183382,1773448.89799407,1652173.3268173,1597026.99278941,1614331.9200458,1739658.10368256,1554370.2487799,1622780.90395183,1678960.25944251,1594413.43589319,1650269.07340464,1773588.50079803,1252872.54968297,1280297.93941022,1678541.10133124,1338935.7071442,1506331.82159959,1750976.61436034,1690889.73141179,1601905.48079179,1218386.60081469,1783310.81144909,1597716.92599804,1589491.42302811,1645158.85879393,1637277.22990913,TRUE,TRUE,TRUE
Laurolactam,C18-Pos-000656,NA,80189.9200941364,64161.6984880051,67303.9811031443,109053.480354343,73194.2453968029,105358.248842602,102170.949342014,72792.6644438589,NA,NA,NA,NA,NA,NA,NA,NA,NA,NA,NA,NA,NA,NA,NA,NA,NA,NA,NA,NA,NA,NA,NA,NA,TRUE,FALSE,FALSE
Lauryl diethanolamide,C8-Pos-000558,NA,85360.0446216999,183654.295258799,NA,180370.180691046,NA,174478.173016479,95036.7261094375,75089.8955349068,NA,NA,NA,NA,NA,NA,NA,NA,NA,NA,NA,NA,NA,NA,NA,NA,NA,NA,NA,NA,NA,NA,NA,NA,TRUE,FALSE,FALSE
Lauryldiethanolamine,C18-Pos-000053,NA,80650090.8662754,88387104.8844468,104134623.796563,106986049.800932,61876368.7195522,103287160.064026,53568472.3845226,90546528.3087077,NA,NA,NA,NA,NA,NA,NA,NA,NA,NA,NA,NA,NA,NA,NA,NA,NA,NA,NA,NA,NA,NA,NA,NA,TRUE,FALSE,FALSE
Leu-Val,C18-Pos-000567,NA,NA,143706.855535315,NA,94424.222669881,48313.0047940266,347051.506141222,88766.3790028396,100822.87117324,NA,NA,NA,NA,NA,NA,NA,NA,NA,NA,NA,NA,NA,NA,NA,NA,NA,NA,NA,NA,NA,NA,NA,NA,TRUE,FALSE,FALSE
Lichesterylic acid,C8-Neg-000152,NA,631195.70342408,680961.205058578,433222.644998816,520595.579322058,409164.815598742,754748.138417166,374078.270107346,350622.029130545,NA,NA,NA,NA,NA,NA,NA,NA,NA,NA,NA,NA,NA,NA,NA,NA,NA,NA,NA,NA,NA,NA,NA,NA,TRUE,FALSE,FALSE
Linoelaidic acid,C8-Neg-000066,C8-Neg-000017,4389961.5283325,4631889.73525759,1424566.32787588,7133764.99383435,6876668.34840666,5762144.79593974,6824733.62017229,2218077.35562384,4560768.20126605,17923356.0755634,5671472.93233498,8257641.14089388,10833107.2738401,7758137.56219416,6634150.71905335,4642816.17508582,7110613.20723754,4899435.92522174,4971159.57484957,5173014.88731025,7301289.69440216,2684210.60342652,5577419.58672328,3115467.05835271,6396531.20783699,4004470.07003922,6894961.4643183,6981573.83354425,7477165.40144036,2298222.39959286,6930500.09496953,4901647.99552089,TRUE,TRUE,TRUE
Linoleoyl Ethanolamide,C8-Pos-000508,NA,452875.590064507,219023.897533237,219894.530582468,363468.324136115,227474.294774963,72219.5867146266,97936.4159304825,69977.937845534,NA,NA,NA,NA,NA,NA,NA,NA,NA,NA,NA,NA,NA,NA,NA,NA,NA,NA,NA,NA,NA,NA,NA,NA,TRUE,FALSE,FALSE
Linoleoylcarnitine,C8-Pos-000214,C8-Pos-000159,1341819.79187876,2660056.10358584,1542722.98479904,NA,6689366.02347485,5049518.59012952,3924942.31619342,533133.50519707,2084372.08022348,7150012.21023792,4084378.36473091,2623314.66274161,4403375.06749867,15505544.7605627,4771007.49704261,11444140.7657066,3798536.37068875,NA,4077114.25771158,4486870.75751798,2263864.16139856,3887907.09590056,5942685.29392031,2080483.22891522,NA,3135896.78151161,6139258.55662719,NA,6209476.33323171,2044793.41479404,4150744.79757122,3237783.41485264,TRUE,TRUE,TRUE
Lumichrome,C8-Pos-000565,C8-Pos-000576,132896.047154908,142368.472758606,120371.30741276,72910.2859016388,104069.031723041,81134.0652109359,94865.4614156981,60487.500412579,303151.95775492,445220.886115045,233446.575220234,651294.166467554,342086.901907712,233063.989826181,178249.220293432,209990.938666878,354240.677430871,458390.332900374,313229.167662227,203149.385655241,280672.190467019,151328.223101363,136759.369721994,279232.671866477,163144.990254191,151612.159359854,192272.948875671,173691.579123856,202863.568779529,182592.148115222,155116.190981263,118637.670885868,TRUE,TRUE,TRUE
Lupeol,C8-Pos-000265,C8-Pos-000269,2204138.03122128,3283895.50625373,3570396.43458438,2799341.23495071,3817750.80965128,4332963.56408775,1911258.61513159,2077569.89951477,NA,4218260.56277008,3073817.4815457,5759098.22042277,4110019.47323511,3381041.8936294,3472818.41888853,4553793.76121581,3844132.0602165,4574680.67315192,4536448.34324015,2942754.29806206,3785132.85228662,4050864.07657424,3665310.82520658,3761197.75859708,4084003.19960301,3881324.19242664,1511391.00867583,4019058.42406292,3706569.27696657,4355152.38169303,4259297.03227518,4015664.7175472,TRUE,TRUE,TRUE
Lupinine,C18-Pos-000682,NA,9759.00153486549,14499.4716749099,32055.8075315278,10765.7211422555,8747.56335800675,37179.8985376827,10497.8193401748,7445.63491637451,NA,NA,NA,NA,NA,NA,NA,NA,NA,NA,NA,NA,NA,NA,NA,NA,NA,NA,NA,NA,NA,NA,NA,NA,TRUE,FALSE,FALSE
LysoPE(18:0/0:0),C18-Pos-000498,C18-Pos-000222,183752.96605658,378651.783139859,448952.925217526,168773.356570364,350876.413347019,656868.979518424,176490.032495577,275789.046166344,591908.767293271,804820.581941166,190581.424939408,704921.01373088,642372.632033414,171128.884627047,303552.874673858,171106.081262257,573930.244793324,202398.944279095,343130.464249088,141490.352856163,263214.65741356,119778.668437858,170175.334475015,227274.618813602,482602.753425024,485974.929977441,2178241.18934519,353163.685220971,354757.288493046,306744.783363261,601182.887879226,379794.006756379,TRUE,TRUE,TRUE
MCOPPB,C8-Pos-000466,NA,71906.5200030517,157415.74684003,379977.253091892,225375.566532328,735264.477671839,506543.233427102,NA,105522.333887128,NA,NA,NA,NA,NA,NA,NA,NA,NA,NA,NA,NA,NA,NA,NA,NA,NA,NA,NA,NA,NA,NA,NA,NA,TRUE,FALSE,FALSE
MLS001049111-01!ethyl 9H-carbazole-3-carboxylate,Amide-Pos-000296,NA,287529.672199344,3927217.49567261,1170117.93097767,1097481.85710792,3935909.86751722,2898176.4331045,2752495.93015534,1523093.19893288,NA,NA,NA,NA,NA,NA,NA,NA,NA,NA,NA,NA,NA,NA,NA,NA,NA,NA,NA,NA,NA,NA,NA,NA,TRUE,FALSE,FALSE
Maleic acid,Amide-Neg-000061,Amide-Neg-000203,14405724.0253094,11314960.8202217,12442501.9679626,8565694.19891489,5500273.46020011,13199512.2159088,5627689.12390363,7952413.2472372,5844245.22445583,6816929.74320799,3098492.83348087,7792614.37309025,6661453.27930639,6557167.25236048,7617002.33933142,2533509.5337937,6626611.55472583,3917319.67668353,2399601.09594733,1180982.70948923,3040256.1546763,3516141.8533896,4037705.59470737,3516789.41033505,5197331.99877208,6083497.74350342,7753060.1516496,2907223.49574288,4335057.45791484,7745563.58823537,8163085.42095453,5932282.59825255,TRUE,TRUE,TRUE
Malonamic acid,Amide-Neg-000082,NA,10941490.1279691,NA,NA,7725200.52903405,7687411.4454961,5836109.88628338,4743451.16309471,4487415.79980936,NA,NA,NA,NA,NA,NA,NA,NA,NA,NA,NA,NA,NA,NA,NA,NA,NA,NA,NA,NA,NA,NA,NA,NA,TRUE,FALSE,FALSE
Malonic acid,Amide-Neg-000067,Amide-Neg-000303,12802741.6171581,5321921.17267846,3794097.14388584,11452829.699384,3581739.42585829,1270104.77428843,5525470.22901655,1979630.7030678,355044.654780668,912338.68719336,394853.567800301,413921.040314986,338302.192319302,1211794.33850067,2269504.34815549,NA,1049156.54101036,1171860.24825136,295858.259869118,474110.856581833,679166.233052311,2562361.52971856,1537268.36590547,419760.008874497,1741982.92860266,705981.244729966,835407.645593835,2322945.97626206,613134.148415688,670849.629791765,450745.44366443,573562.007754527,TRUE,TRUE,TRUE
Malonyl-L-carnitine,Amide-Pos-000471,NA,242626.506135001,601238.797714776,393495.263592079,163579.237600867,245039.971426408,493766.783856307,104891.19641478,90318.1160674479,NA,NA,NA,NA,NA,NA,NA,NA,NA,NA,NA,NA,NA,NA,NA,NA,NA,NA,NA,NA,NA,NA,NA,NA,TRUE,FALSE,FALSE
Melamine,Amide-Pos-000244,Amide-Pos-000234,2371826.37775104,2301859.83480539,2486441.3308531,2456134.5366423,3801457.72580628,1406401.01766576,6142494.4237931,5485777.39936489,1168538.48510556,1225350.45384197,2468528.48261345,9186080.97867786,2998892.08725908,2872673.23545332,NA,2806074.26725124,1049322.79526435,1096234.68974493,2348433.02714025,2371362.20277838,3243568.47638432,3516986.08656637,5999220.86261786,NA,NA,1850502.15851229,1305871.25781596,NA,NA,NA,2495741.23434193,1335467.57690291,TRUE,TRUE,TRUE
Meso-erythritol,Amide-Neg-000292,NA,510109.522741364,509702.452541084,423425.025132886,327879.075322864,358527.714260531,1674707.96449522,230316.755359155,209281.471587848,NA,NA,NA,NA,NA,NA,NA,NA,NA,NA,NA,NA,NA,NA,NA,NA,NA,NA,NA,NA,NA,NA,NA,NA,TRUE,FALSE,FALSE
Met,Amide-Neg-000334,NA,732108.285655375,1033895.91950573,510850.993288793,447083.320965283,441706.862592003,710020.750600663,511794.418976426,261337.950433788,NA,NA,NA,NA,NA,NA,NA,NA,NA,NA,NA,NA,NA,NA,NA,NA,NA,NA,NA,NA,NA,NA,NA,NA,TRUE,FALSE,FALSE
Methandienone,C8-Pos-000203,NA,5291158.59273542,6913161.01866637,NA,8582990.75922515,7643617.21596037,1002662.3034195,6330007.19549535,1066823.25958656,NA,NA,NA,NA,NA,NA,NA,NA,NA,NA,NA,NA,NA,NA,NA,NA,NA,NA,NA,NA,NA,NA,NA,NA,TRUE,FALSE,FALSE
Methyl Deoxycholate,C8-Pos-000258,C8-Pos-000363,753938.656505988,2502339.61498917,4482418.77815401,2826374.20526474,4807881.89574529,4229017.80564838,611847.01529825,1297044.78558942,1092040.11641811,2528166.12424121,1791506.45850136,1450713.45641144,2923993.04068923,1155444.28123737,2720561.66066305,1022601.298428,967238.881502833,1169194.4678247,884013.002752153,2748323.06859348,596625.215707865,1067167.4180722,1457693.56175557,920580.580287138,679002.635407011,554824.080188778,2770975.00128207,556321.419452636,1135281.76729109,1131785.36393272,1874661.45961467,780240.90063466,TRUE,TRUE,TRUE
Methyl acetoacetate,Amide-Neg-000237,Amide-Neg-000388,2495307.44707105,2017858.46191318,893663.903126415,1050581.93952372,2150150.10386019,1215486.82423607,442381.283913554,335194.795027045,694142.710783431,888711.628617933,546237.565811761,817506.902638394,1264832.01481336,1609333.83100648,993114.959754666,1375958.0417202,702875.717997982,468492.872998259,NA,939149.096667795,942009.51926281,1828476.18610748,1198093.36915582,727273.162051476,1967652.66078903,935656.522764402,923796.485775324,1265120.87402244,1241011.92281466,438669.217498989,1076651.96763642,810649.34016558,TRUE,TRUE,TRUE
Methyl picolinate,Amide-Pos-000464,Amide-Pos-000500,360657.970513219,34134.2743093528,647014.755078058,316358.420666922,650774.04021377,658297.742651653,118783.042906309,128799.689272027,312723.069951611,244595.059510006,141458.887639539,539751.897906537,218937.805009681,207977.622529348,199602.189603838,391027.344945772,340669.450262097,351169.341670169,640419.281329718,193764.449859551,148984.261855032,275796.794056691,258953.512380609,149177.603419311,223857.877299403,204374.047554984,266686.636249103,243167.139441968,246374.23115557,247198.831319396,289167.558953347,232946.975036491,TRUE,TRUE,TRUE
Methyl-L-histidinate,Amide-Pos-000187,Amide-Pos-000205,3352897.8177516502,6015226.51843172,6299554.87000271,NA,6247449.6103747,10818613.061987,3755522.84995817,6281843.26579599,NA,6169970.92914354,NA,5476832.92339133,1995116.08750102,5091168.28228086,3441979.11837496,5991525.85364466,3272143.30875204,4656373.82624766,NA,3941162.47136756,2787965.83525644,10616275.6695719,8814906.39431394,NA,NA,11099699.166251,5419044.25219048,6167941.62836129,8149196.20102003,5356775.67058816,11707363.5363909,8091683.64900716,TRUE,TRUE,TRUE
Methylmalonic acid,Amide-Neg-000075,Amide-Neg-000328,11414003.7125594,5867979.89818809,5087059.53971646,3850508.886077,2332645.56500392,3790483.93437669,2142904.1988577,1926562.57462629,1118514.02343732,677272.754207328,NA,NA,415568.089507874,851579.461739136,704930.826840949,3314524.20356378,1698034.72367685,1890888.45483367,NA,NA,1115219.51167422,1983689.69525824,1103624.33575233,805060.909359346,712386.862678519,1060692.53702578,888338.021625006,1725606.62497043,NA,665617.051526143,975409.005335743,1259227.46636349,TRUE,TRUE,TRUE
Miltefosine,C8-Pos-000477,C8-Pos-000366,136647.693182338,683022.655767211,335108.941278098,158310.208586664,209987.143379243,594071.429703514,124002.455689742,113478.413314738,337347.205947503,396635.265487643,759895.710610511,640300.217210422,489702.885762212,541360.225737398,489521.315766028,1185700.29313409,353122.902436523,416462.969699016,628732.902019232,952404.658167657,301575.244756412,421664.051673342,2794342.75658139,384943.968894126,318560.391343901,616625.067676994,861839.180887575,392997.058681425,390934.317963842,697410.291782301,620948.479532179,1057697.61577047,TRUE,TRUE,TRUE
Minoxidil,C8-Pos-000434,C8-Pos-000488,535711.858947671,NA,868465.430274562,892921.207304229,460638.158375033,792498.686525065,NA,487528.987789054,24156.4649755207,NA,34738.7927612684,28859.4802180306,117198.705440735,211582.345956869,117368.071270354,31501.1014453245,NA,33573.4541771682,38911.1312104364,138681.974037428,NA,149844.793245483,1201649.67792522,97259.3675779645,25700.2193553481,114850.84552891,47187.2986024005,133478.287561019,51982.6605969317,NA,59424.7915482927,70201.6146772807,TRUE,TRUE,TRUE
Mono(2-ethylhexyl) phthalate (MEHP),C8-Pos-000076,C8-Pos-000072,37690450.3548897,56790768.9344039,50486556.8920937,60944960.8577539,58023429.8352617,66631322.593342,34088337.9667,29969814.1215559,53106064.3162617,52416632.9846694,48787473.4867743,52524183.2969412,53297851.6641755,48344533.1181372,48266727.3540794,48928700.7930715,53947968.0044384,52027775.7150831,52575246.8874543,50878897.7711119,52682263.7557303,46987742.5778485,48482582.4483469,50591567.5574645,53327669.323119,51641245.1592471,39990974.3173612,51336631.9414297,50034552.6179168,52322807.4192554,50079532.8728084,49949285.8557476,TRUE,TRUE,TRUE
Monobutyl phthalate,C8-Pos-000418,NA,813956.172432254,1202569.08979333,901807.149942474,700159.975696154,908205.192552535,1034911.21712934,613783.715441106,787226.063872704,NA,NA,NA,NA,NA,NA,NA,NA,NA,NA,NA,NA,NA,NA,NA,NA,NA,NA,NA,NA,NA,NA,NA,NA,TRUE,FALSE,FALSE
Monoerucin,C8-Pos-000492,NA,372609.371668114,562765.519936604,464876.339082274,345167.630692064,530045.500521404,384915.16340087,397512.310901753,349336.771073252,NA,NA,NA,NA,NA,NA,NA,NA,NA,NA,NA,NA,NA,NA,NA,NA,NA,NA,NA,NA,NA,NA,NA,NA,TRUE,FALSE,FALSE
Monolaurin,C8-Pos-000067,C8-Pos-000145,44219429.3982607,65777424.7704809,64642280.3377319,83810982.6374913,71861248.3429388,75408216.3548236,55596336.4786623,48859977.954519,14840210.6679516,15104418.737325,17066725.567375,16960171.2979889,15129405.8591232,15028027.9765643,15725416.8341442,16100593.5926065,17781487.3011862,15798315.582234,12969690.0280965,13652131.9426756,14104852.6256194,15069813.7730337,15133189.1656568,14435143.8607931,14622317.268995,14970537.9258794,10544735.6240343,15414851.6495511,14818529.4175558,15528089.0660286,15428154.5681525,15889143.503969,TRUE,TRUE,TRUE
Monoolein,C8-Pos-000022,C8-Pos-000034,107528446.512424,320240275.143441,271776259.324228,404573679.820455,329342794.230372,440261369.141036,195774898.04402,108877979.421481,158372111.089638,168700295.141704,167716140.062859,166722506.345217,158960017.834316,166257109.757224,165070247.493968,162983926.175559,166563530.870952,165006647.659704,131673879.909922,136492354.481634,153503624.261782,148355305.60939,164311425.28927,155607613.244236,161469699.401416,145043122.755366,114295716.504928,161859573.176861,157906651.499627,162874622.735312,160709834.577654,157028403.919833,TRUE,TRUE,TRUE
Monopalmitolein (9c),C8-Pos-000169,C8-Pos-000220,10766245.6411575,11326042.9680672,11225445.2771071,NA,10659176.5606041,12734832.4416067,11355705.4293525,11746284.8910892,2846053.4520277,7277858.85158969,3789584.10442834,7197677.77995442,5853727.07684886,3590495.49293618,6663363.53924536,5371009.4385789,3439879.48930736,6320154.39724673,7162843.20364916,7497760.50258945,1999800.63369802,4859516.99463968,7777781.04266758,5440806.65290605,6901141.58017362,4506724.0784538,7205211.04781957,4060412.55653482,5955970.07629471,5052131.670086,6253985.62695858,4368652.84296108,TRUE,TRUE,TRUE
Murolic acid,C8-Pos-000254,NA,4031605.58395664,4224038.57424131,4404885.5906074,4582573.17406124,4142075.81633031,4286168.42527767,4071180.68876916,4058117.94416007,NA,NA,NA,NA,NA,NA,NA,NA,NA,NA,NA,NA,NA,NA,NA,NA,NA,NA,NA,NA,NA,NA,NA,NA,TRUE,FALSE,FALSE
Muscone,C8-Pos-000036,C8-Pos-000063,52558524.2337237,159353052.59186,140607527.823008,189972858.464234,158056227.023576,218339321.847951,110297212.10669,77583395.7732883,61515829.4904786,61584479.4750506,61363606.957486,57399292.6537785,60922512.6360992,62014399.2453608,62970691.0556357,60234160.5706969,62359393.0200813,63705940.2588179,55706761.4589065,56904879.9373194,60583841.4088003,57888040.77472,61116621.1141383,60905736.425219,62983290.7190538,62329217.0965182,52826475.2002281,65746734.5160674,63840310.5214435,62158165.6005504,64428658.5237386,66305983.693099,TRUE,TRUE,TRUE
Myristamine Oxide,C8-Pos-000197,NA,2843369.14156605,6227871.3960081,4953248.28659321,7387610.89281657,6633329.64595206,8895341.19715074,3445842.33717858,2123439.899405,NA,NA,NA,NA,NA,NA,NA,NA,NA,NA,NA,NA,NA,NA,NA,NA,NA,NA,NA,NA,NA,NA,NA,NA,TRUE,FALSE,FALSE
Myristic acid,C8-Neg-000069,Amide-Neg-000167,3613802.98732549,4887930.75204251,2911102.27178553,4187712.18656282,3033114.20245574,6648267.23520149,2427958.22925469,2206428.32382077,10968066.0191374,5865106.69006098,3007933.05963604,1903541.05596498,3838991.48585894,4434615.36346467,5776494.82453116,3353714.5482461,3103093.71132567,2129095.02451499,2189934.94779477,3462352.04723176,3245255.45368998,3582792.14514112,2145541.91866491,1927318.95619659,3475464.62308449,2028959.73157689,2623112.57164454,3255375.70227195,3004126.03651024,1555504.57828491,2474890.90068836,4099586.95259465,TRUE,TRUE,TRUE
Myristoyl-L-carnitine,C8-Pos-000229,C18-Pos-000286,1598622.95312255,4571593.71139851,2014043.60341886,3838799.16575044,3843878.52276378,6428146.79774958,1596539.43378818,659450.130747679,116657.011928169,221572.086844882,330383.060052398,89511.8492333618,135972.154512838,266424.591440954,210702.612224944,196140.18053963,89346.9843287708,157272.416214186,NA,176995.556019563,134242.01693055,NA,381110.82264745,NA,178850.386513611,213715.702190325,487359.568398886,307640.490956479,175357.593653232,188460.29934808,311174.642324665,201487.760086439,TRUE,TRUE,TRUE
"N,N'-Dicyclohexylurea",C18-Pos-000379,NA,2263040.95161448,41831.3218863068,122091.387826019,116417.688171594,238193.704620352,80640.9393940966,80145.6853412771,26372.0530002337,NA,NA,NA,NA,NA,NA,NA,NA,NA,NA,NA,NA,NA,NA,NA,NA,NA,NA,NA,NA,NA,NA,NA,NA,TRUE,FALSE,FALSE
"N,N'-Diphenylguanidine",Amide-Pos-000027,C8-Pos-000035,40658148.4466058,110160194.770755,18889150.3277478,10649226.3470412,66458226.6513161,35416787.9457646,165401157.171411,636844167.598119,52130261.6934867,12205144.3659295,33665748.8912164,409378.117413383,57236805.3555555,10228841.290946,13867448.8921902,45999287.0239276,16900404.3695307,5899696.75961829,13593740.0751936,10055033.0252386,21489532.0411824,1399653.84174232,5997907.75585154,66790758.0939535,76201659.1230942,150526998.012512,9136363.00256072,2136767.9439355,1725052.69096708,4802877.42087939,35584136.8809328,56070725.1679726,TRUE,TRUE,TRUE
"N,N'-Diphenylurea",C8-Pos-000502,NA,128922.69673839,113932.853601278,8400.53651982608,87834.1511664272,47121.474523498,122147.04527389,48747.9204633791,481124.2548583,NA,NA,NA,NA,NA,NA,NA,NA,NA,NA,NA,NA,NA,NA,NA,NA,NA,NA,NA,NA,NA,NA,NA,NA,TRUE,FALSE,FALSE
"N,N-Bis(2-hydroxyethyl)dodecanamide",C18-Pos-000614,C18-Pos-000273,173034.580748371,59676.0452973894,100731.34420808,117128.316541044,117348.225355879,155424.347921285,71807.5358324464,151872.297172772,335802.79286412,NA,740942.572828491,214013.338172301,244835.193933342,288234.500162513,310751.113814888,301793.198721306,318091.634136097,275697.164202134,186361.740019595,362668.919710278,247836.331104009,181211.552375862,387219.977508915,259721.242748121,198902.15927845,298573.817454368,263244.887078536,249704.188341609,292051.015519404,286653.768618909,458607.869761957,338910.345818049,TRUE,TRUE,TRUE
"N,N-Diethyl-2-aminoethanol",C18-Pos-000164,NA,7813787.47745718,NA,7830368.76738337,NA,1855954.43603724,6059962.99765942,6562560.94344286,19090970.7157439,NA,NA,NA,NA,NA,NA,NA,NA,NA,NA,NA,NA,NA,NA,NA,NA,NA,NA,NA,NA,NA,NA,NA,NA,TRUE,FALSE,FALSE
"N,N-Diethylethanolamine",Amide-Pos-000030,Amide-Pos-000022,167224482.147963,22382081.9697121,201762133.456882,75730172.1597466,77594556.3051383,178556105.028209,173717386.151113,508330093.256751,206743315.82852,135397794.445956,45196655.163032,43147018.0247047,231858866.504115,130497062.951096,224580770.328343,366426809.562436,89971710.6687235,108309489.576196,52587127.7448682,130590415.586023,58763612.9546406,258392922.098174,1177911674.71541,158555675.286582,129528525.486063,309937714.578051,83779463.7112191,148053885.588773,195286938.930306,107163410.957298,100772742.490837,106829128.497444,TRUE,TRUE,TRUE
"N,N-Diisopropylamine",C18-Pos-000204,NA,6588068.34575449,9754254.67189202,NA,11506796.5088594,13491039.6515637,9144839.26333845,7753080.97703398,NA,NA,NA,NA,NA,NA,NA,NA,NA,NA,NA,NA,NA,NA,NA,NA,NA,NA,NA,NA,NA,NA,NA,NA,NA,TRUE,FALSE,FALSE
"N,N-Dimethyldecylamine N-oxide",C8-Pos-000360,NA,898199.794644101,1465463.7933781,1109160.93988531,1662365.59651134,1463163.79776048,1963794.82757112,679935.042013802,598684.76387848,NA,NA,NA,NA,NA,NA,NA,NA,NA,NA,NA,NA,NA,NA,NA,NA,NA,NA,NA,NA,NA,NA,NA,NA,TRUE,FALSE,FALSE
"N,N-Dimethyldodecylamine N-oxide",C8-Pos-000120,C18-Pos-000191,11986495.1290884,20674518.9490513,16589409.7820097,24790380.8964433,22361273.3772382,27710209.1695211,12872301.7847119,9268709.23254297,757179.732309332,533994.081628786,1169118.3358228,977291.469214771,710558.936451871,594933.693550552,686777.150718268,928655.574253626,636476.024906713,661897.98129681,4074985.1226121,673008.621198021,727920.576583202,689227.666155494,1002946.79921997,608619.22539057,717033.009687854,3008112.26343122,1064429.56804486,633488.612945989,592447.5795045,604753.203353321,724282.967430439,538328.293668227,TRUE,TRUE,TRUE
"N,N-Dimethylformamide",Amide-Pos-000204,NA,3293506.0836991,6826773.5245335,5696000.27228958,5664010.68404793,8996800.717875,6922159.51991694,5676216.58667663,6870399.78401522,NA,NA,NA,NA,NA,NA,NA,NA,NA,NA,NA,NA,NA,NA,NA,NA,NA,NA,NA,NA,NA,NA,NA,NA,TRUE,FALSE,FALSE
"N,N-Dimethylguanosine",C18-Pos-000461,Amide-Pos-000429,351823.009197531,398106.160374507,825219.131855781,402830.475173047,NA,908893.728124289,364373.566847964,148337.992533527,636002.667822441,1226286.11215156,379774.092784877,1725216.62164928,995759.638255702,422817.837266353,616399.795853191,522833.120408125,1859482.08375824,1000579.59483166,1349517.12669078,407404.111619134,515217.253755177,504364.816778924,386096.586681007,685089.805439707,937024.153980876,712019.889454078,1008379.61184584,1378584.23321983,620494.41597169,423624.809092471,1055429.35570618,528555.513254233,TRUE,TRUE,TRUE
"N,N-Dimethylsphingosine",C8-Pos-000237,NA,1421237.95838874,3952995.65559511,3083793.77522123,4547752.07132302,3933472.58000877,5889035.63456922,2351659.86976341,1293283.6646056,NA,NA,NA,NA,NA,NA,NA,NA,NA,NA,NA,NA,NA,NA,NA,NA,NA,NA,NA,NA,NA,NA,NA,NA,TRUE,FALSE,FALSE
N-(3-(Aminomethyl)benzyl)acetamidine,Amide-Pos-000214,NA,5189108.28260397,769244.290776047,481107.561479379,573751.979550204,8114690.52980722,823432.478623507,561450.289961025,312903.594136947,NA,NA,NA,NA,NA,NA,NA,NA,NA,NA,NA,NA,NA,NA,NA,NA,NA,NA,NA,NA,NA,NA,NA,NA,TRUE,FALSE,FALSE
N-(3-Chlorobenzoyl)glycine,Amide-Neg-000281,NA,1781752.26289923,1742992.79020214,1436947.01532376,899222.993507504,1408204.55897992,725696.206348471,1033859.95029878,571762.390640373,NA,NA,NA,NA,NA,NA,NA,NA,NA,NA,NA,NA,NA,NA,NA,NA,NA,NA,NA,NA,NA,NA,NA,NA,TRUE,FALSE,FALSE
N-(9-oxodecyl)acetamide,C8-Pos-000379,NA,1621880.29393942,1264366.70533102,805275.320260143,687929.83062697,1333222.67560932,945409.011518102,737141.051929019,704858.540178504,NA,NA,NA,NA,NA,NA,NA,NA,NA,NA,NA,NA,NA,NA,NA,NA,NA,NA,NA,NA,NA,NA,NA,NA,TRUE,FALSE,FALSE
N-(Eicosanoyl)sphingosine,C8-Pos-000212,NA,2292909.27769113,7534650.62198241,2676190.70205329,4226825.23764475,2577852.4227973,7313316.60107439,2233967.79741155,2210309.88588607,NA,NA,NA,NA,NA,NA,NA,NA,NA,NA,NA,NA,NA,NA,NA,NA,NA,NA,NA,NA,NA,NA,NA,NA,TRUE,FALSE,FALSE
N-(Octadecanoyl)sphing-4-enine-1-phosphocholine,C8-Pos-000028,C8-Pos-000099,107803162.873342,291816651.76939,169301620.268125,164807176.522084,183083355.452654,260687475.986805,143106673.583834,154731922.933746,6864733.15682977,12739732.5933581,5262891.20281697,8030438.49369117,6031186.16726323,7179317.50166805,6535220.52610953,4468672.66592961,13011276.851229,14265353.6076857,28044060.0608655,14310539.5801867,5966829.4746207,12317248.4649306,5696689.46098086,11877863.5739599,11923895.6684785,23259614.0342302,30309567.7939495,13029015.6215274,18769884.6619881,8048861.21716142,23091157.9384929,20980921.9233627,TRUE,TRUE,TRUE
N-Acetyl-1-aspartylglutamic acid,Amide-Pos-000123,C18-Pos-000033,19063018.8632534,19020651.1413429,24329881.1094481,19870772.734571,16872152.1696742,20420002.1904517,13143803.8695589,11450879.2520054,57282700.0910839,42865150.8663037,48194765.3849191,NA,42487805.3198843,54188941.7336145,70094811.2356555,NA,44682968.4997723,16231649.8882763,63197708.5376714,44603162.8414039,28469432.3367834,58293288.8607959,NA,33905357.586857,49062393.5285592,61881836.7532189,39772170.6362242,51309219.7491072,66052048.2526443,50600438.0581404,62798589.3086813,50033774.5986988,TRUE,TRUE,TRUE
N-Acetyl-D-glucosamine 6-phosphate,Amide-Neg-000466,Amide-Pos-000544,21919.5238344911,119048.564093127,43902.8387550162,39433.7466712619,13607.0056611039,141143.417003906,15500.0354971684,16700.0640352896,83039.8394494896,135805.260064663,86655.9919060221,254495.830668957,133589.838235021,NA,126933.127935314,64413.0245157101,270550.540337582,190817.620114501,288387.491140376,NA,79648.9458471292,91659.3295672244,108909.795603337,107778.800185661,178246.026604954,124848.509616037,278216.975751697,234654.861843626,128386.639964601,110993.327997482,120745.333159056,124750.4833976,TRUE,TRUE,TRUE
N-Acetyl-DL-norvaline,Amide-Neg-000396,Amide-Neg-000555,560874.744044085,398503.65396982,239742.239319103,256036.672354686,264546.954463127,206321.44492459,150100.795124474,188396.88393026,282795.472982157,497005.162386183,121448.554931745,274586.924057177,222651.216468306,142257.124089989,191137.564929908,241387.401235894,418397.991237983,245203.249048425,114203.739705283,141666.131506239,164001.545714234,275507.107328129,151891.398118149,147333.363103528,217463.468472091,233960.929160518,369082.497707015,458903.593855502,257543.048595887,156500.373904661,274117.116446454,229546.533496569,TRUE,TRUE,TRUE
N-Acetyl-DL-serine,Amide-Neg-000066,NA,13726786.2558634,11696897.1510037,10888940.659428,6775003.31175093,7096766.76473065,NA,5608367.69708321,5314503.16355625,NA,NA,NA,NA,NA,NA,NA,NA,NA,NA,NA,NA,NA,NA,NA,NA,NA,NA,NA,NA,NA,NA,NA,NA,TRUE,FALSE,FALSE
N-Acetyl-L-methionine,Amide-Neg-000139,Amide-Neg-000342,5435092.20373539,1879068.56915198,2059191.48870903,2032658.51267138,1588700.77395112,1162116.05278803,926544.831353993,2132759.1762919,1129353.93730752,2187996.75499826,997534.716704868,1719180.69278874,2835126.19412662,1614724.65701721,2222546.83345342,1840155.80338917,2302021.07307289,2050763.47894611,1034203.00661567,1124310.24934191,1639120.48745595,3041409.89272667,2189630.20648284,1364505.51958058,1820003.29342068,1696430.07346797,1465300.84179563,3075988.86341293,1979938.40481418,1449434.87548179,1769772.93811257,1831367.95661615,TRUE,TRUE,TRUE
N-Acetylalanine,Amide-Neg-000232,Amide-Neg-000251,1848926.38908497,2559402.81206681,1823728.10438051,1184666.86061587,1267742.98891694,1910942.49597427,881423.675247677,892589.437627961,1705673.22026264,2773275.82608887,1869209.56146871,2577268.23869052,2893073.34546075,2738601.14072228,3257718.6921292,3389109.03129696,3070948.10170669,2864991.74238354,1274985.22416409,2590304.28406796,1687929.51385822,4269813.0815889,3356101.12093335,2033488.80143798,3080818.97437625,4024117.41264379,5319663.00264251,3692628.61470816,2887256.29804752,2298295.07604301,3193009.54138555,4057285.22287265,TRUE,TRUE,TRUE
N-Acetylaspartate,C18-Pos-000057,C18-Pos-000018,95653892.1680568,40843654.5390954,79014454.1907617,42249653.883375,39647667.1052416,51799855.9932066,31876578.8612806,NA,115447131.664871,103803012.507843,151162372.875201,52012488.3853424,101716987.866908,108798864.60142,138591013.188654,101703279.719519,119374369.8283,76032020.3221919,114628199.097552,113880256.360577,81876667.4080481,116975366.142939,150319854.867907,103118549.376148,103994892.559704,145829753.888523,205882261.398968,130996495.662079,110408629.35912,105177156.106068,159195013.064009,145667734.863638,TRUE,TRUE,TRUE
N-Acetylaspartic acid,Amide-Neg-000008,Amide-Neg-000384,99530404.5381197,94429458.0392218,96689793.1003724,NA,NA,73654266.1946386,26732254.099608,79904348.2560111,1835102.52487233,696398.412506956,641312.318526322,570227.306330725,457417.337387996,646359.832053331,1022859.86951672,1061434.46566417,305768.020622847,726209.195595683,550101.399528068,788607.067433048,1208126.13185474,546029.396539031,857592.390352316,1986971.13827407,488485.901128851,813065.992535371,713845.198669923,532831.107137692,394148.893880549,1415661.92973275,784980.136916907,858706.306407236,TRUE,TRUE,TRUE
N-Acetyldihydrosphingosine,C8-Pos-000510,NA,NA,138874.540689149,122266.189438475,435908.658140534,185721.335459967,227339.654607457,316125.354303099,226333.850544961,NA,NA,NA,NA,NA,NA,NA,NA,NA,NA,NA,NA,NA,NA,NA,NA,NA,NA,NA,NA,NA,NA,NA,NA,TRUE,FALSE,FALSE
N-Acetylglycine,Amide-Neg-000363,Amide-Neg-000212,833374.661107918,705057.608201545,642408.620951504,483997.054633333,489404.574908661,400571.079840518,409327.265208959,366197.717825675,4954071.16160223,5874691.3147963,4487048.96487047,5078668.33730723,6408020.05278526,5827666.77612467,7464310.0991068,6182974.23089532,6534958.48654432,3986831.88067669,3455589.62485956,4021792.01776845,5158746.29340208,7275587.99267889,4012762.03585653,4568543.33762762,6232503.6162341,6901964.10985636,5404924.57448368,7079132.04573491,6273505.07141251,6173224.20683805,7045123.90392594,6811768.87881155,TRUE,TRUE,TRUE
N-Acetylhistamine,Amide-Neg-000473,NA,31720.1371316325,60341.5411177358,88801.5679163504,20497.430042494,38716.4218061009,84037.0040605587,31271.3052995394,56380.7193909136,NA,NA,NA,NA,NA,NA,NA,NA,NA,NA,NA,NA,NA,NA,NA,NA,NA,NA,NA,NA,NA,NA,NA,NA,TRUE,FALSE,FALSE
N-Acetylhistidine,C18-Pos-000117,NA,5952075.32413808,17572876.7340039,28965186.7531399,5300912.60321503,26604627.8891531,33149165.4846033,17643209.8363111,33924773.6952232,NA,NA,NA,NA,NA,NA,NA,NA,NA,NA,NA,NA,NA,NA,NA,NA,NA,NA,NA,NA,NA,NA,NA,NA,TRUE,FALSE,FALSE
N-Acetylmethionine,C18-Pos-000459,NA,816723.930488608,375179.80898213,940110.123576565,364396.027143576,500151.909047718,578564.748796912,385811.746780236,539368.003223801,NA,NA,NA,NA,NA,NA,NA,NA,NA,NA,NA,NA,NA,NA,NA,NA,NA,NA,NA,NA,NA,NA,NA,NA,TRUE,FALSE,FALSE
N-Acetylneuraminic acid,Amide-Pos-000212,C18-Pos-000066,2009042.56884587,5127581.63652854,4352513.23064889,2656278.73336632,943955.324902324,8555345.98168537,1610589.34943205,1664307.49184724,4796571.01160866,7353209.64730669,16790724.1767997,4419660.51803145,12786078.0834293,5000148.03648058,1933749.79631625,8762908.51893353,16494181.1421524,7732288.3147553,7619835.44000362,14607127.8957119,11731004.3739249,8464519.97704154,8389199.11407362,11297975.1804032,5191263.55194593,14048551.2949342,45818295.6053404,6847763.10396016,4424951.2485592,8858415.4331303,16166297.070082,18233273.3304368,TRUE,TRUE,TRUE
N-Benzylformamide,Amide-Pos-000403,NA,1054373.93385795,836479.360241416,963736.058829589,NA,1199270.16884282,NA,1425567.52946032,610161.858808659,NA,NA,NA,NA,NA,NA,NA,NA,NA,NA,NA,NA,NA,NA,NA,NA,NA,NA,NA,NA,NA,NA,NA,NA,TRUE,FALSE,FALSE
N-Docosanoyl-4-sphingenyl-1-O-phosphorylcholine,C8-Pos-000082,NA,13469613.8643669,48101664.4458106,18995615.8139352,34994802.5625826,41898881.9083846,53565561.6374091,15346974.8015281,7889332.25456303,NA,NA,NA,NA,NA,NA,NA,NA,NA,NA,NA,NA,NA,NA,NA,NA,NA,NA,NA,NA,NA,NA,NA,NA,TRUE,FALSE,FALSE
N-Ethyl-N-methylcathinone,C18-Pos-000443,NA,1159537.7615975,881080.149066003,1029107.60283088,1104946.03953391,876621.91736373,911260.545282193,625158.929357273,586341.380961151,NA,NA,NA,NA,NA,NA,NA,NA,NA,NA,NA,NA,NA,NA,NA,NA,NA,NA,NA,NA,NA,NA,NA,NA,TRUE,FALSE,FALSE
N-Formylmethamphetamine,Amide-Pos-000310,NA,2205019.58634507,1324938.07569503,3758604.48819294,1747745.02542685,NA,3370518.29776526,1993779.54391786,1505609.23219845,NA,NA,NA,NA,NA,NA,NA,NA,NA,NA,NA,NA,NA,NA,NA,NA,NA,NA,NA,NA,NA,NA,NA,NA,TRUE,FALSE,FALSE
N-Formylmethionine,Amide-Neg-000326,NA,1133207.09417292,608720.89655886,570407.29098969,427840.452700824,448191.840195915,521214.397092578,315950.20654215,362035.909797159,NA,NA,NA,NA,NA,NA,NA,NA,NA,NA,NA,NA,NA,NA,NA,NA,NA,NA,NA,NA,NA,NA,NA,NA,TRUE,FALSE,FALSE
N-Fructosyl phenylalanine,C18-Pos-000568,NA,NA,153813.322848659,341811.087202055,87690.7537600423,190544.310793962,NA,64788.0998915738,256138.909483909,NA,NA,NA,NA,NA,NA,NA,NA,NA,NA,NA,NA,NA,NA,NA,NA,NA,NA,NA,NA,NA,NA,NA,NA,TRUE,FALSE,FALSE
N-L-.gamma.-Glutamyl-L-leucine,C18-Pos-000611,NA,81074.3556315477,93729.8828931998,89342.2941475694,121644.305793004,94917.0566478989,192919.800168219,126900.593026466,61945.6891330082,NA,NA,NA,NA,NA,NA,NA,NA,NA,NA,NA,NA,NA,NA,NA,NA,NA,NA,NA,NA,NA,NA,NA,NA,TRUE,FALSE,FALSE
N-Lauroyl-D-erythro-sphingosylphosphorylcholine,C8-Pos-000356,C8-Pos-000616,140854.675631975,875391.787324908,274811.735222423,623591.470796751,605154.12015596,1986522.95260982,217047.126717337,144313.330048654,279882.533183499,347492.219298588,295972.564010385,271003.995165001,166580.720832275,253899.177323379,226042.291802812,246932.49852146,306949.156356942,188672.786437942,377233.425852811,479665.43294517,140268.29096485,284921.126151337,392342.285636978,253682.21100065,271652.319060216,273249.836086442,272349.640761737,260218.904589314,261901.565928055,170838.830423247,232220.439074741,289802.528768763,TRUE,TRUE,TRUE
N-Methyl-L-threonine,C18-Pos-000299,NA,1048902.78826857,3955368.7378614,3444961.18437351,4636761.46424041,NA,4715148.96787544,259062.580576895,NA,NA,NA,NA,NA,NA,NA,NA,NA,NA,NA,NA,NA,NA,NA,NA,NA,NA,NA,NA,NA,NA,NA,NA,NA,TRUE,FALSE,FALSE
N-Methylimidazole,Amide-Pos-000394,NA,1832261.61463673,1067387.5854709,NA,1241349.13473244,NA,1423716.8825939,967823.60088168306,1166045.6867728,NA,NA,NA,NA,NA,NA,NA,NA,NA,NA,NA,NA,NA,NA,NA,NA,NA,NA,NA,NA,NA,NA,NA,NA,TRUE,FALSE,FALSE
N-Myristoyl-D-erythro-sphingosine,C8-Pos-000176,NA,1868930.92335011,10789141.4475336,6356622.88765369,11731436.430147,6826889.29552602,6560832.52889208,3716016.47283475,2551797.99204332,NA,NA,NA,NA,NA,NA,NA,NA,NA,NA,NA,NA,NA,NA,NA,NA,NA,NA,NA,NA,NA,NA,NA,NA,TRUE,FALSE,FALSE
N-Myristoylsphinganine,C8-Pos-000464,NA,181278.798462768,535537.582725697,420956.37705881,738479.67962644,441913.36341995,NA,298299.251983575,198837.956239023,NA,NA,NA,NA,NA,NA,NA,NA,NA,NA,NA,NA,NA,NA,NA,NA,NA,NA,NA,NA,NA,NA,NA,NA,TRUE,FALSE,FALSE
N-Nervonoyl-D-erythro-sphinganine,C8-Pos-000134,NA,2491993.24101409,12307850.1845485,5129928.34374601,10055485.8510039,8780888.3678756,21174974.6708055,2618631.57448736,1272644.94517675,NA,NA,NA,NA,NA,NA,NA,NA,NA,NA,NA,NA,NA,NA,NA,NA,NA,NA,NA,NA,NA,NA,NA,NA,TRUE,FALSE,FALSE
N-Oleoyl-4-sphingenine,C8-Pos-000112,NA,10462932.7465249,31371877.3655119,30112517.859047,22736629.1278255,10249550.7334918,29985063.5110288,18818653.3388428,17886797.9267714,NA,NA,NA,NA,NA,NA,NA,NA,NA,NA,NA,NA,NA,NA,NA,NA,NA,NA,NA,NA,NA,NA,NA,NA,TRUE,FALSE,FALSE
N-Oleoyl-D-erythro-sphingosylphosphorylcholine,C8-Pos-000090,NA,19857661.6027186,46593915.0793104,34926894.1081964,38436006.6260675,23861001.7715447,43535804.8416835,33808887.1793201,32547132.8340934,NA,NA,NA,NA,NA,NA,NA,NA,NA,NA,NA,NA,NA,NA,NA,NA,NA,NA,NA,NA,NA,NA,NA,NA,TRUE,FALSE,FALSE
N-Palmitoyl-D-sphingosine,C8-Pos-000184,NA,2328998.65939013,10692396.775755,5733093.26217961,9898161.57797374,6503483.77551407,9283041.34300781,3453342.46955755,2240383.62628117,NA,NA,NA,NA,NA,NA,NA,NA,NA,NA,NA,NA,NA,NA,NA,NA,NA,NA,NA,NA,NA,NA,NA,NA,TRUE,FALSE,FALSE
N-Phenylacetylglutamine,C18-Pos-000519,NA,229072.983482478,121422.802897063,202747.297705893,248261.01604799,107140.117083744,241368.64080834,515905.852929547,157262.147345667,NA,NA,NA,NA,NA,NA,NA,NA,NA,NA,NA,NA,NA,NA,NA,NA,NA,NA,NA,NA,NA,NA,NA,NA,TRUE,FALSE,FALSE
N-Stearoyl-D-erythro-sphingosine,C8-Pos-000077,NA,20664771.0519799,66100559.5902109,35605709.5150154,49215534.0346066,21579514.1753705,65112890.1899467,28258450.7525197,20101778.6183756,NA,NA,NA,NA,NA,NA,NA,NA,NA,NA,NA,NA,NA,NA,NA,NA,NA,NA,NA,NA,NA,NA,NA,NA,TRUE,FALSE,FALSE
N-Stearoylsphinganine,C8-Pos-000326,C8-Pos-000521,1027151.61719709,2016198.35547699,1537592.16113959,2157692.53167651,855068.082928067,2578632.50596647,976386.193373708,571336.129749633,170763.408753793,158700.959630905,NA,207153.713642348,164448.148491656,131991.509848944,152365.324400747,114864.492850825,194556.880661236,NA,111628.723912821,96424.9851535924,155101.089292209,58880.0963100671,129818.865153821,142443.294832612,88131.9477255287,221795.157434721,915883.407230578,84449.6211688437,145187.687646626,220844.036081654,260089.04925513,520121.442876253,TRUE,TRUE,TRUE
N-[3-(Dimethylamino)propyl]dodecanamide,C18-Pos-000609,C8-Pos-000400,116310.310314495,186555.201222398,56522.6023075423,196076.598823886,109900.179005165,135377.266555268,41366.9327963526,99879.1515513853,372977.985485291,558294.35233685,558718.039495245,373237.299542164,499044.212755499,420958.897703628,889035.497926967,2252868.30177119,375856.752169268,307205.530553247,240386.397104273,570254.758301803,360999.865583222,466039.92927123,541356.778947192,220887.67206443,819265.19700157,312722.451449436,383913.033662885,261665.231805997,241614.984775945,966302.263072559,332232.868931715,375509.01063319,TRUE,TRUE,TRUE
"N-benzyl-N-isopropyl-3,5-dimethyl-4-isoxazolesulfonamide",C18-Pos-000323,C18-Pos-000224,2140798.66569133,3380029.28053476,714502.317754985,2074791.96096322,2631185.2549702,2172146.65001785,2800806.05951551,3563000.82698817,52113.0031627759,156706.058987288,121461.959699459,75611.19675044,53206.5425560679,532914.881760235,68285.292355231,2093346.08869459,635068.589920543,836051.980805575,150844.905751305,1578212.51982046,175167.997727813,1211109.44427087,1010188.85746663,426040.99987229,912916.313330099,84205.7675839001,223451.197934026,706803.30357735,265593.838880442,132604.113359823,261308.738960705,1153177.63081276,TRUE,TRUE,TRUE
"N3,N4-Dimethyl-L-arginine",Amide-Pos-000110,Amide-Pos-000192,22359885.0233065,22521821.1596592,23502564.7749623,26764345.5025041,19283636.409715,35649307.9946606,38981521.6396443,23322766.2481905,8608298.80318835,5229979.68377107,6482439.95009515,9139933.48975187,8164583.72010443,4709290.42908142,10088295.8545879,6288310.28793544,10117816.3413848,11673597.6329819,12330080.904789,5504726.0183107,5065810.00841896,6790071.41061105,10817701.6050426,7516802.76184549,9079211.21202859,11061960.9761954,5496661.56680702,10754390.9510368,11299802.3653205,8085813.06575977,8138059.07570558,7600406.62857263,TRUE,TRUE,TRUE
"N6,N6,N6-Trimethyl-L-lysine",Amide-Pos-000112,Amide-Pos-000259,27042757.4781255,33793358.2552777,31203835.8044648,21571778.3197583,35629581.0131683,33996749.8267407,24825800.2782902,22915893.1144869,6661423.5118138,3131937.45676242,4271575.22369202,7821727.98093665,4132125.20769907,3820554.14604629,5300611.61129074,5076308.11324646,7221613.70274306,6902783.45044673,6195986.4941222,2848115.80386981,4638904.07287657,4940577.21920051,3723072.68937575,6458736.241205,5344432.21454588,6276927.60720526,2763507.91424055,5895692.54071444,4605443.35602191,4461038.09166015,2606334.53895144,7056368.97969116,TRUE,TRUE,TRUE
"N6,N6-dimethyllysine",Amide-Pos-000167,Amide-Pos-000367,5168850.9270765,470261.591664449,518383.914576137,14478863.0808361,7081381.57567677,7915162.96228735,4093051.01507959,4756726.40858824,1416561.61441648,1773976.76111365,718819.515662013,1321225.70015133,1537498.83694434,898917.650746554,1010175.53369961,621579.479979668,1634487.61061314,1154459.03486525,1143552.7464812,455779.969862883,1373518.08694681,1071211.74275824,355843.916835133,1733547.1986753,1788062.03766368,1749652.11435031,1502952.95382561,1354721.13643979,1410548.5807216,1649558.02483667,573831.427277664,3133102.2158443,TRUE,TRUE,TRUE
N6-Me-Adenosine,Amide-Pos-000160,Amide-Pos-000299,6242378.7859068,3299879.91759131,16318322.5908698,11673789.9557353,14305790.8659723,2043702.97039945,7218388.18751231,3751443.70512089,3429756.71358938,4934303.75761161,2839262.90444474,4669762.40879863,3230509.57900724,2848599.18116071,2923821.09367286,3697643.97042501,3589801.79125274,4901137.30824895,4898668.46069075,2091396.18504443,3095233.01441025,3811639.43150691,4299400.22694588,4086218.69205924,4639659.29991064,3635323.64266569,3619715.87897361,NA,4854798.53607117,3148281.81246608,4723789.5348079,4412543.16371549,TRUE,TRUE,TRUE
N6-Succinyladenosine; LC-tDDA; CE10,C18-Pos-000412,C18-Pos-000163,1491685.04669886,1624680.07546484,1082145.53287852,951633.285054166,NA,1477777.95187816,1134038.38458674,806130.535845389,1771215.85439947,2633509.56235746,1874182.85401075,NA,4046177.01217863,1421507.85615682,1796298.82742166,NA,6745543.852729,NA,4343379.59582652,2420152.1871855,2051088.12469955,2195718.86514756,NA,2611468.34673831,2678691.24633487,1666407.77562117,2908505.15859054,2662836.63178058,4076086.49662381,1854020.33564852,2327668.72807947,3560820.25939933,TRUE,TRUE,TRUE
N6-Threonylcarbamoyladenosine,C18-Pos-000441,C18-Pos-000253,433243.446242583,288713.736897388,584826.926590165,571609.060823482,724120.153674691,1165953.01297379,466940.331535122,472853.489523029,552117.15419369,706383.837909486,566828.725088105,NA,429841.057557177,771026.171313805,504546.604909229,502266.390565412,815468.305914051,1159030.01074764,1022948.70326808,368928.946101848,471940.828149835,693071.876797086,644257.417150758,519491.974201487,797439.659913014,684090.656859962,789855.398849817,1101713.56844498,758381.961505846,555622.137167596,834149.124219175,729191.757755484,TRUE,TRUE,TRUE
N8-Acetylspermidine,Amide-Pos-000108,Amide-Pos-000357,36367579.1804399,37602142.4259943,27176653.3963809,30727746.572125,25443701.7039042,41289919.9704472,23460043.5923679,34595815.3465761,1019485.1393132,1703118.86926198,1868002.80067671,2654939.17893363,1060186.94267656,1569821.4806487,2130714.31922192,1192226.98634739,NA,1691084.18111337,3342037.25082699,1128815.5677188,830102.714857409,1809209.65019328,3367302.80612035,1466910.5600156,NA,1819727.07350562,1320762.22990689,2933277.30159866,1632775.37366073,1705068.25553921,2185352.18612149,2871554.14141234,TRUE,TRUE,TRUE
NADH,Amide-Pos-000446,Amide-Pos-000530,176067.586661306,213617.047427421,850217.564314484,118460.215681845,230574.445342094,546769.879333422,104710.686299907,250104.559359062,16389.5643251682,81136.1136240458,21269.8610237513,158410.423730989,NA,77132.3533678251,40448.098969183,184937.545097045,95690.3613362255,235580.75823859,258649.768648759,306411.180431874,NA,176576.876139763,360867.929450644,73643.534358756,149776.817882644,293537.494364907,198037.275283748,211304.959873247,324342.305813381,145040.369670616,376223.579340706,326888.823644093,TRUE,TRUE,TRUE
"NCGC00347859-02!2,3-dihydroxypropyl 13-methyltetradecanoate",C8-Pos-000080,C8-Pos-000151,7948049.77980292,40934230.0981447,32738811.8861066,48153579.8917076,38549417.9901454,60732245.5073932,24092230.6120491,12267443.1366558,15267457.961228,15724883.0931526,16767536.5422662,15463472.1465019,15044459.9232415,16164161.6189315,16045183.3241071,15692161.1460057,16399054.9782843,16005118.5274094,11781887.2445885,12418926.7085544,15391826.9578342,12776692.9428678,16184504.4213429,15322284.7254298,15761870.9049355,14802909.0161519,12218867.5414646,16669889.4495147,15715173.584189,15685888.2347358,15456272.0595867,16200428.6940727,TRUE,TRUE,TRUE
"NCGC00385600-01_C13H22O3_2-Cyclohexen-1-one, 4-hydroxy-4-(3-hydroxybutyl)-3,5,5-trimethyl-",C18-Pos-000602,NA,65491.7716269877,133495.421963393,139164.882726946,206003.958276025,169835.025679291,183661.497730838,81548.9640511454,83129.8333229442,NA,NA,NA,NA,NA,NA,NA,NA,NA,NA,NA,NA,NA,NA,NA,NA,NA,NA,NA,NA,NA,NA,NA,NA,TRUE,FALSE,FALSE
NCGC00385670-01!N-(10-hydroxy-10-methylundecyl)acetamide,C8-Pos-000280,NA,2042434.68082806,3118385.33872704,2479943.19947708,3503943.70566819,3176718.86361152,3854685.70676887,1641808.32687852,1429423.72060633,NA,NA,NA,NA,NA,NA,NA,NA,NA,NA,NA,NA,NA,NA,NA,NA,NA,NA,NA,NA,NA,NA,NA,NA,TRUE,FALSE,FALSE
Nervonic acid,C8-Pos-000478,NA,99722.2259759378,406353.510122916,288408.823726665,573479.211488603,426928.312611449,680964.248957093,142043.152245403,146381.22619194,NA,NA,NA,NA,NA,NA,NA,NA,NA,NA,NA,NA,NA,NA,NA,NA,NA,NA,NA,NA,NA,NA,NA,NA,TRUE,FALSE,FALSE
Nervonic ceramide,C8-Pos-000060,NA,18157983.5903222,80036764.910899,41621504.1239675,83129514.9490275,76728637.0814326,105487645.565502,18032100.0567056,9484148.96425853,NA,NA,NA,NA,NA,NA,NA,NA,NA,NA,NA,NA,NA,NA,NA,NA,NA,NA,NA,NA,NA,NA,NA,NA,TRUE,FALSE,FALSE
Nicotinamide,C18-Pos-000056,C18-Pos-000035,56540687.4658596,67662178.489599,97776136.1048516,61790456.827867,79832644.7155096,NA,NA,55153992.2656355,51815460.178703,43886558.9757856,38782537.4709163,16662476.5886955,38487909.3148193,37957620.9365247,35517895.4034482,13145033.0402598,59078533.5823734,47784799.9416561,40583327.5410289,30152908.9007439,52009007.7874455,40144058.2391033,13630864.1567463,41301563.6781474,41360613.232022,49871790.6472269,99468043.5425938,46883544.0811486,44740346.301955,46027451.3590152,57287417.4824506,39450302.7072189,TRUE,TRUE,TRUE
Nicotinamide adenine dinucleotide (NAD+),Amide-Pos-000283,Amide-Pos-000291,3864591.62541533,4256826.30729589,3699473.53932603,2689237.13891951,2766554.83963625,2394065.80673817,2141738.26348143,2805048.95329665,4621625.06383409,4774975.7373666,3246592.48837297,5856968.03878523,3254051.82632461,2805235.52803226,3420767.83106927,3714325.91327937,3730466.38360872,4358152.93168765,4497841.73729649,3186587.7256926,1776937.19661776,3568634.37439104,3819428.10973436,2759694.07602591,2574388.20574602,3479086.45520025,285951.652020614,4437527.29537377,2781422.9747827,3111126.6204889,3180510.55013724,4099643.14557462,TRUE,TRUE,TRUE
Nicotinamide adenine dinucleotide phosphate (NADP+),Amide-Pos-000520,NA,104220.957806224,89339.8364720959,166304.566892218,51319.8118961596,106915.09001313,176510.862337602,NA,127330.912505151,NA,NA,NA,NA,NA,NA,NA,NA,NA,NA,NA,NA,NA,NA,NA,NA,NA,NA,NA,NA,NA,NA,NA,NA,TRUE,FALSE,FALSE
Nitrilotriacetic acid,Amide-Neg-000051,Amide-Neg-000043,16148659.1992625,17536310.4509177,12589643.6536912,15555829.6979749,NA,10322166.3911995,NA,7678418.0521796,16372510.862171,NA,NA,19147542.3631784,NA,22069440.3514862,32393810.5378819,NA,37855060.9320683,28359657.6179507,10066846.8710256,7785616.63907824,16831561.6795755,44013624.2138397,15265352.3708607,14686946.6688846,33515244.210131,31907697.9744625,34116537.6875254,40494415.5692771,33916255.8304154,NA,35687878.8185088,31661434.9935466,TRUE,TRUE,TRUE
Nonaethylene glycol,C18-Pos-000312,C18-Pos-000197,2685992.64246127,2884260.72644572,2375567.77762924,546616.703457403,1459990.64806822,2224107.70705561,2441320.3757832,2147060.35291086,738176.175547405,884142.435558198,1114815.55255767,574944.413398818,1573192.55226903,2113212.19330713,979677.701222289,1248633.48700394,1079151.06346505,849944.204634144,1337668.12673109,3147252.53614928,1105668.52181276,728407.889483038,3311282.23247265,837193.757901611,711697.100421897,770316.842503137,855303.426042689,766774.146183551,601435.378424452,673181.228213422,868528.790011439,2380129.27291674,TRUE,TRUE,TRUE
Nonanoic acid,Amide-Neg-000174,NA,4048593.52173185,3292081.60198237,2819671.99210942,3242842.14787957,3048586.07091953,818752.513683835,1153962.16277555,889486.597549524,NA,NA,NA,NA,NA,NA,NA,NA,NA,NA,NA,NA,NA,NA,NA,NA,NA,NA,NA,NA,NA,NA,NA,NA,TRUE,FALSE,FALSE
Nootkatone,C8-Pos-000367,C8-Pos-000451,1055152.9264625,1200347.65124784,821343.406897214,549216.056610566,1364995.66202562,1849541.41925025,1163183.69268929,1499623.70579903,1075912.34413651,1010403.08941171,1066023.95144126,1206951.0670258,1038834.14449963,884422.85975043,829927.690982109,987131.035939198,1070629.73624009,1002097.91094044,1125840.95478857,1205411.30560799,894748.57256483,1513790.91076642,889927.591008179,987413.084914628,995636.239390894,948572.371426137,682754.511049561,927105.297878852,1054833.37716983,925564.168029708,997596.692843652,953607.0523429,TRUE,TRUE,TRUE
Norethandrolone,C8-Pos-000322,C8-Pos-000347,2688493.67456676,1221569.82599237,731564.016125115,998353.230725524,786939.635426667,1386105.26352031,763051.413483927,677775.670711966,NA,1186825.66548331,743703.817322986,3375641.90873994,727260.921377554,1811065.66784513,1073682.13148509,749928.431324419,3330346.8478176,1747302.74828687,1671848.56134121,NA,1074190.56118785,959877.792398286,853075.474758184,1111227.542307,NA,1193431.18871032,NA,NA,711672.843936768,807600.576460121,901099.918890336,843556.528796514,TRUE,TRUE,TRUE
Norgestrel,C8-Pos-000535,C8-Pos-000681,326012.769772581,263519.751893205,167530.075975376,206354.14758061,175158.058577265,56529.6359216684,77722.2253447187,61895.9518143365,83686.3512001898,127762.765565679,116637.280015442,95691.4767432195,143971.921723787,128514.137205615,135320.823478269,132183.960602713,98681.5078094642,111897.492903893,186377.200358735,88877.9172240319,103910.896663756,122935.480145272,109175.643966806,117957.740593935,208123.653231658,148739.008496203,135010.00790931,88110.8831144211,140575.853015758,95530.9296636513,94596.9964618298,92801.6062022972,TRUE,TRUE,TRUE
Normorphine,C8-Pos-000401,NA,31211.9589044464,1327940.78265027,NA,420812.268831827,36110.6373702281,264945.119729872,501315.04859538,NA,NA,NA,NA,NA,NA,NA,NA,NA,NA,NA,NA,NA,NA,NA,NA,NA,NA,NA,NA,NA,NA,NA,NA,NA,TRUE,FALSE,FALSE
Norsufentanil,C8-Pos-000578,NA,70651.0228288069,67415.3850816299,40740.2552525606,50975.5113100508,57520.2065309376,71497.402123138,32422.4397129438,47284.9263952445,NA,NA,NA,NA,NA,NA,NA,NA,NA,NA,NA,NA,NA,NA,NA,NA,NA,NA,NA,NA,NA,NA,NA,NA,TRUE,FALSE,FALSE
"O,O-Diethyl phosphate",Amide-Neg-000412,NA,NA,500191.633796551,217709.928865719,NA,271551.910490642,125934.703025278,147767.248648404,120048.431346696,NA,NA,NA,NA,NA,NA,NA,NA,NA,NA,NA,NA,NA,NA,NA,NA,NA,NA,NA,NA,NA,NA,NA,NA,TRUE,FALSE,FALSE
OCTANOYLCARNITINE,C18-Pos-000642,NA,34535.0949330829,116029.142043739,67395.6239192717,112721.062618993,49166.7599767486,116843.342412581,130457.86007926,21813.5144757491,NA,NA,NA,NA,NA,NA,NA,NA,NA,NA,NA,NA,NA,NA,NA,NA,NA,NA,NA,NA,NA,NA,NA,NA,TRUE,FALSE,FALSE
OPHTHALMATE,Amide-Pos-000343,C18-Pos-000110,1904958.62939028,2414377.05992501,1783098.67079261,1601546.361634,635918.364802597,1770645.19384613,1376656.78363521,2886936.55136656,12187709.3235985,20215118.173529,7416972.9728844,10206553.2410459,6477669.87654607,5145135.08659114,7663925.20181309,2009957.86005539,16368898.0751963,6797841.82287609,4623962.20518602,4683615.93673317,9355821.25502288,11069704.5990161,8071106.80540463,11367926.2123107,6720194.82487348,8892138.95909888,6923486.63569379,8636620.59242161,6094441.37661756,6598902.99951859,6624864.99891754,11329612.4718315,TRUE,TRUE,TRUE
OPHTHALMIC ACID,Amide-Neg-000460,Amide-Neg-000573,175017.055209979,174183.984962717,104339.015012983,83890.079138226,NA,92927.4988118879,59642.0489691655,150014.733192005,109416.53532172,392372.142285688,68680.9933521609,108503.335680564,137009.636605786,74128.6170720662,142191.785931634,14702.6056923292,253075.022545823,105373.425322357,38720.0048704605,69992.982244609,136478.819835509,235935.156442623,92459.0207639119,136290.370130498,113543.331208073,114097.213085736,98713.0431256336,141822.543144719,116241.226554566,83779.2235148695,78457.1599050498,144674.542436885,TRUE,TRUE,TRUE
Octabenzone,C8-Pos-000409,NA,864972.331322675,797460.115032884,1120934.75111752,1197621.76350165,1284275.55231244,NA,369718.835611275,357673.722857492,NA,NA,NA,NA,NA,NA,NA,NA,NA,NA,NA,NA,NA,NA,NA,NA,NA,NA,NA,NA,NA,NA,NA,NA,TRUE,FALSE,FALSE
"Octadecyl 3-(3,5-di-tert-butyl-4-hydroxyphenyl)propionate",C8-Pos-000089,C8-Pos-000067,46603561.5955611,42192330.461005,37336025.0822761,45342710.6207897,46311170.9640796,30582605.7387904,40261317.0360652,42462636.6042389,57442078.3045925,46973415.5443053,52263216.2013426,49414680.5484386,46852403.3084566,51806881.6989131,51237935.3229257,51357153.0257009,59072085.949999,53671182.6785994,53800283.5647164,50682496.2745984,54942739.3582614,51542973.1563585,61080236.4093502,55234028.7451418,56950271.2519168,45025363.5402983,30635104.2010322,52284128.8993967,52484686.3047467,60088789.8472106,42372827.3713507,52255167.4425307,TRUE,TRUE,TRUE
Octenoyl-carnitine; LC-tDDA; CE10,C18-Pos-000637,NA,21185.884721396,134935.088686669,13138.2330249182,69896.1098714224,55445.1373120676,48913.0201354575,121303.17485473,27383.0093268676,NA,NA,NA,NA,NA,NA,NA,NA,NA,NA,NA,NA,NA,NA,NA,NA,NA,NA,NA,NA,NA,NA,NA,NA,TRUE,FALSE,FALSE
Octinoxate,C8-Pos-000275,C18-Pos-000210,1961518.00381853,2284401.7147623,NA,2097972.64635599,2632006.55457063,3415781.57945875,2865578.75293616,NA,2772492.59637758,1782001.68953793,1198451.93838211,1163801.10028567,1484259.37827938,1129865.65787152,1174421.70020881,1341262.94594994,NA,1704588.07272008,1676624.90972609,1455415.96923994,1382200.2752587,1161916.52229751,877182.925614927,1246281.26813989,1144827.4246483,917556.999508786,1294992.25332683,1394555.94600147,1127666.90695753,1369874.97860798,1261873.04656398,1349757.13754819,TRUE,TRUE,TRUE
Octodrine,C18-Pos-000275,NA,3785123.9229062,5688854.04371294,4891944.25017363,5744966.92775851,4624728.52482419,5156946.11422409,5957655.66959032,3101267.14083095,NA,NA,NA,NA,NA,NA,NA,NA,NA,NA,NA,NA,NA,NA,NA,NA,NA,NA,NA,NA,NA,NA,NA,NA,TRUE,FALSE,FALSE
Octyl .alpha.-ketoglutarate,C8-Pos-000222,NA,6639492.48220381,6568607.52274146,2452872.29730947,6796948.16727162,5411552.2822339,4321688.07357752,4694497.26106639,3706322.04374282,NA,NA,NA,NA,NA,NA,NA,NA,NA,NA,NA,NA,NA,NA,NA,NA,NA,NA,NA,NA,NA,NA,NA,NA,TRUE,FALSE,FALSE
Octyl decyl phthalate,C8-Pos-000079,C8-Pos-000049,28303694.1753993,49099455.4508291,39379314.5467611,52264955.3934715,47639988.5012416,61080444.5377732,22095210.7137822,18657076.1418854,59187291.520958,62694501.3550933,54817630.7282738,54736667.2202905,55243750.4264379,51204556.5400945,113284342.847894,53203071.6440401,53843486.3315311,51500397.7151751,55068078.0648256,53860395.0543034,54552749.992477,47407758.1120091,53160343.9579497,53273962.4824681,54989734.7959286,50070087.9453241,37821725.9368319,52554296.1345877,51454757.3618248,52726565.3734395,50420218.1805355,53547189.0749696,TRUE,TRUE,TRUE
"Octyl-3,5-di-tert-butyl-4-hydroxyhydrocinnamate",C8-Pos-000496,NA,NA,257456.10896491,91134.5792968217,285206.151362906,541965.410866099,421975.506750931,106481.214799218,NA,NA,NA,NA,NA,NA,NA,NA,NA,NA,NA,NA,NA,NA,NA,NA,NA,NA,NA,NA,NA,NA,NA,NA,NA,TRUE,FALSE,FALSE
Oleamide,C8-Pos-000246,C18-Pos-000298,274653.82152847,2639404.07221928,2827939.55041717,2999213.25224103,2424170.32947109,5304481.61470038,1797378.1423268,1035055.62517341,343550.701489585,242235.730754862,310376.143203973,339557.205944539,326532.823925914,317269.119450624,229338.122508441,227987.339326061,233254.982690229,365693.32795726,299755.579328553,238973.903363613,228983.805937564,331054.823128478,248845.920716303,331292.183045517,252637.535248618,211768.288854352,268593.181458379,210412.963178126,258994.977384063,227585.302348805,238306.38738487,259052.906297848,TRUE,TRUE,TRUE
Oleoyl ethanolamide,C8-Pos-000266,C8-Pos-000289,1846516.93448641,1994104.86168466,1189057.73588972,2298327.31570999,NA,4327349.45973478,1544725.99470459,NA,1669016.55461157,2449514.51782736,2049650.5748323,4707210.78425153,3302222.93700344,2836202.47666931,1935682.16919421,3776463.35772818,4669411.17547245,2340435.34530286,5040655.07886048,3045599.93906174,3153948.5435336,3055179.19859919,1919137.58325728,2161381.13086298,3132823.04174911,1730368.51077874,4859237.74514377,3506019.81522175,3035939.35727465,1876379.76909351,3352629.15376024,1787834.55462623,TRUE,TRUE,TRUE
Oleoyl ethylamide,C8-Pos-000116,NA,25951804.6505366,27817671.2201406,22706381.7376826,27912517.3956778,30114604.6723553,27568953.4953615,18725740.6503412,15069179.3140531,NA,NA,NA,NA,NA,NA,NA,NA,NA,NA,NA,NA,NA,NA,NA,NA,NA,NA,NA,NA,NA,NA,NA,NA,TRUE,FALSE,FALSE
Oleoyl-L-carnitine,Amide-Pos-000405,Amide-Pos-000508,435036.271728218,714236.96277855,613412.326528561,1347178.44038371,1459587.12274495,1472374.48245547,826475.043940099,261998.652699207,58653.4497296545,152938.123067169,116566.169595869,134603.595500652,134704.02950198,307497.438146457,103601.791437317,318284.271878137,94897.7984989046,125557.195581562,130228.038261566,113987.995151429,23288.0526627047,174998.791896334,197510.849342028,30772.0036559886,124560.832374647,136634.333840534,556088.900321292,223519.649167888,169501.124319794,NA,302459.385896087,82798.1465178953,TRUE,TRUE,TRUE
Ornithine,Amide-Neg-000368,Amide-Neg-000595,526367.033593435,791234.401609975,367861.787363019,372506.260334871,448142.629234431,535270.646860034,560972.249051343,287685.313934612,20717.7224540552,142274.404782272,105129.326042888,61284.5047373324,158083.107691331,169346.43979214501,194837.883771722,132240.818792135,63248.6725107376,150574.122102403,133236.777063004,180373.976434045,88922.1268378665,91709.0038658948,87240.3454648005,25448.0443728551,173767.463580748,131830.063298886,182451.110952444,259383.596050649,183575.217689595,149324.320154784,175028.973679113,129517.982201327,TRUE,TRUE,TRUE
Orotic acid,Amide-Neg-000345,NA,966236.697965678,211750.43957563,243751.055727664,269289.008220429,785298.457710902,295313.276263515,221060.395409939,122656.315373875,NA,NA,NA,NA,NA,NA,NA,NA,NA,NA,NA,NA,NA,NA,NA,NA,NA,NA,NA,NA,NA,NA,NA,NA,TRUE,FALSE,FALSE
Oxalic acid,Amide-Neg-000337,NA,396152.646108812,256584.220735849,997966.871636617,462292.780295641,561726.279150178,290299.373943617,318303.597017813,182194.627982923,NA,NA,NA,NA,NA,NA,NA,NA,NA,NA,NA,NA,NA,NA,NA,NA,NA,NA,NA,NA,NA,NA,NA,NA,TRUE,FALSE,FALSE
Oxymorphone,C8-Pos-000530,NA,11221.6689981603,236562.414334935,NA,141182.469987747,26244.4522949755,123718.293696247,366780.606671487,NA,NA,NA,NA,NA,NA,NA,NA,NA,NA,NA,NA,NA,NA,NA,NA,NA,NA,NA,NA,NA,NA,NA,NA,NA,TRUE,FALSE,FALSE
PC(14:0_16:1),C8-Pos-000006,NA,819047883.200792,1837784882.58842,1835311169.12072,1831218968.50207,1711189076.11624,2206204483.71219,1006325755.01623,919664478.199171,NA,NA,NA,NA,NA,NA,NA,NA,NA,NA,NA,NA,NA,NA,NA,NA,NA,NA,NA,NA,NA,NA,NA,NA,TRUE,FALSE,FALSE
PC(15:0_16:0),C8-Pos-000088,C8-Pos-000277,20828355.7348572,47414802.5652609,35739720.8981104,36848992.1769447,41878069.5531,44135132.8525965,31051816.7748663,24374517.9117051,3236233.54589328,3552919.95318537,3703709.21336791,2622776.07719407,2952537.84433293,3599272.35995074,3523303.7262855,2800786.03244907,3591949.92772571,2916614.91617882,3910890.02823483,5507266.06154518,3237783.28048697,3453505.71799884,4213300.02341367,3402563.42456028,3283298.68836025,4802742.93996807,5315608.47739668,3065157.38323871,4180359.80700266,3377147.14021238,4265874.84570841,4032298.86040289,TRUE,TRUE,TRUE
PC(16:1_17:1),C8-Pos-000179,C8-Pos-000166,6098679.53170259,4671317.4121298,7632439.44650315,8793373.34733584,11644321.7798024,8091877.07644914,6600650.18676716,5378756.21756519,10606076.727632,8481208.60064865,7940894.35607364,5248828.07872078,9812749.7470849,12097071.2913172,10032061.955816,8842354.40360769,8726914.18522405,8527499.95653341,9474871.33543651,13431210.8362089,10578108.2951615,4851894.34728894,14408174.1322618,8921485.25371659,10432373.3439559,6244685.44414436,4024203.20030478,6410615.43720671,9020942.95785695,6061765.95991759,5531743.33030185,7785306.31168936,TRUE,TRUE,TRUE
PC(16:1_18:2),C8-Pos-000062,NA,74981735.3876967,73687998.4042372,89882456.0154628,NA,101219932.588473,NA,80533160.8736143,76494158.4009812,NA,NA,NA,NA,NA,NA,NA,NA,NA,NA,NA,NA,NA,NA,NA,NA,NA,NA,NA,NA,NA,NA,NA,NA,TRUE,FALSE,FALSE
PC(17:0_18:1),C8-Pos-000109,C8-Pos-000204,17214423.0367568,31093911.8316311,22769636.4005088,26743581.7905413,33731732.9226225,30487490.1283155,18959768.1210249,18684554.1230689,5616872.73145082,6034217.15875883,6067203.07272119,4828563.21677234,5482437.70152773,7108716.60351065,6931631.2016491,6139209.52827772,6329125.72750985,5728638.08317054,7899808.59356279,9697519.70857896,6104702.98871549,6540932.80827749,7710573.10396308,5860641.5575009,6125684.35863489,7016669.54039204,7800766.33087319,7058849.90321162,7681717.78140742,5801363.70767031,7118854.61033728,6013634.01840499,TRUE,TRUE,TRUE
PC(18:1_20:1),C8-Pos-000039,NA,107891416.25617,122908219.245887,95453390.6065809,144898856.8405,178271161.269007,193021322.935449,109661792.953671,83973099.3730283,NA,NA,NA,NA,NA,NA,NA,NA,NA,NA,NA,NA,NA,NA,NA,NA,NA,NA,NA,NA,NA,NA,NA,NA,TRUE,FALSE,FALSE
PC-O(18:0_16:0),C8-Pos-000059,NA,51352591.8465212,100201725.082492,51450046.3081304,71682676.5274954,66917901.961545,106332474.232351,39652756.7219739,36565277.1127445,NA,NA,NA,NA,NA,NA,NA,NA,NA,NA,NA,NA,NA,NA,NA,NA,NA,NA,NA,NA,NA,NA,NA,NA,TRUE,FALSE,FALSE
PC-O(18:1_20:4),C8-Pos-000163,NA,8647224.14438903,13642204.0479769,8946128.76231765,12314170.1463141,14291304.4147123,13316959.3153655,8668054.86774028,6664696.58067304,NA,NA,NA,NA,NA,NA,NA,NA,NA,NA,NA,NA,NA,NA,NA,NA,NA,NA,NA,NA,NA,NA,NA,NA,TRUE,FALSE,FALSE
PE 32:1,C8-Neg-000060,NA,4236270.91408158,6913077.32562623,5056017.89592711,5978077.87246875,5306095.59175778,8732633.96802139,3485436.79727353,1455324.03430602,NA,NA,NA,NA,NA,NA,NA,NA,NA,NA,NA,NA,NA,NA,NA,NA,NA,NA,NA,NA,NA,NA,NA,NA,TRUE,FALSE,FALSE
PE 34:4,C8-Neg-000133,C8-Neg-000185,1264275.95857716,1239293.01243167,1274127.36379105,1173610.11232111,1226187.14358297,1631462.51436115,942629.209248978,851186.452589153,639294.052559523,560808.813441979,485271.138797717,379733.880990988,583444.232273088,309707.99152181,573195.541686954,286392.381054145,414301.742705892,418281.943392207,449165.459972235,410262.043672803,490962.313216262,176531.650229748,291790.896506331,402773.090477904,414758.488748884,287758.790003687,207755.534802288,345180.065720799,622056.657187208,379894.935100034,253789.512501299,415218.40099949,TRUE,TRUE,TRUE
PE 38:1,C8-Neg-000100,NA,1294376.28647935,2366489.97379261,1420790.00658763,2361575.54603873,2029204.29552348,3562818.25975288,925055.745929536,576925.045359843,NA,NA,NA,NA,NA,NA,NA,NA,NA,NA,NA,NA,NA,NA,NA,NA,NA,NA,NA,NA,NA,NA,NA,NA,TRUE,FALSE,FALSE
PE 38:2,C8-Neg-000062,NA,3554337.97357638,5606847.39020224,3529775.83252767,7897062.61163933,4794473.92796751,8465493.88914491,2660361.65037633,1631425.00072152,NA,NA,NA,NA,NA,NA,NA,NA,NA,NA,NA,NA,NA,NA,NA,NA,NA,NA,NA,NA,NA,NA,NA,NA,TRUE,FALSE,FALSE
PE 38:3,C8-Neg-000016,NA,38161989.1307878,81797696.5933815,54534451.8424076,56850396.4301554,62155269.6388859,94822084.4625908,27398616.1588239,22599166.9467616,NA,NA,NA,NA,NA,NA,NA,NA,NA,NA,NA,NA,NA,NA,NA,NA,NA,NA,NA,NA,NA,NA,NA,NA,TRUE,FALSE,FALSE
PE 38:4,C8-Neg-000003,NA,168282565.26937,267692443.340532,257940732.566294,112534715.508353,177881132.566188,341345313.550306,141641519.091301,115070575.924716,NA,NA,NA,NA,NA,NA,NA,NA,NA,NA,NA,NA,NA,NA,NA,NA,NA,NA,NA,NA,NA,NA,NA,NA,TRUE,FALSE,FALSE
PE 38:5,C8-Neg-000019,NA,25989222.3320482,46398523.211512,38276019.3984332,34948619.1051245,26720562.3786116,73834799.1038776,22870029.6852343,16623003.0702114,NA,NA,NA,NA,NA,NA,NA,NA,NA,NA,NA,NA,NA,NA,NA,NA,NA,NA,NA,NA,NA,NA,NA,NA,TRUE,FALSE,FALSE
PE 40:4,C8-Neg-000012,NA,53089880.9401122,112666653.631311,99010218.0156727,86528804.2679525,65501784.5356916,132077931.903975,39896309.7212643,28565197.9187433,NA,NA,NA,NA,NA,NA,NA,NA,NA,NA,NA,NA,NA,NA,NA,NA,NA,NA,NA,NA,NA,NA,NA,NA,TRUE,FALSE,FALSE
PE 40:5,C8-Neg-000033,C8-Neg-000135,17639216.7467826,14012479.983671,16922103.8685837,3517312.71997477,13656180.6030265,24214872.699603,11721506.5308911,7713036.94413247,1489569.08580544,1118200.96880789,1271835.08115724,866542.795861688,1296594.58563322,771603.256606675,1089948.56768276,1230842.9279868,1522872.63805047,768376.666800958,965138.909592263,1506998.98334925,1588747.09993992,501604.24327311,867647.415733171,1831937.59278918,917601.815910666,676795.071106499,1854032.72339562,1117180.55933186,1363187.7788146,1377061.47336928,1396763.66684704,1150379.8170161,TRUE,TRUE,TRUE
PE 40:6,C8-Neg-000073,NA,4020533.77374228,5189650.29899219,4130541.60701617,4720442.26324087,4317428.90918349,6438198.29456268,NA,4349169.69277729,NA,NA,NA,NA,NA,NA,NA,NA,NA,NA,NA,NA,NA,NA,NA,NA,NA,NA,NA,NA,NA,NA,NA,NA,TRUE,FALSE,FALSE
PE 40:7,C8-Neg-000041,NA,NA,7262661.33218738,3125355.66838925,2548393.47455366,NA,14646615.8204203,979526.133883347,3562756.08300571,NA,NA,NA,NA,NA,NA,NA,NA,NA,NA,NA,NA,NA,NA,NA,NA,NA,NA,NA,NA,NA,NA,NA,NA,TRUE,FALSE,FALSE
PE 42:4,C8-Neg-000081,NA,2777836.51983451,3372646.78954703,3180577.13749599,3313718.8003959,2951681.04818825,5426425.92117557,1974439.72681358,1492935.47048608,NA,NA,NA,NA,NA,NA,NA,NA,NA,NA,NA,NA,NA,NA,NA,NA,NA,NA,NA,NA,NA,NA,NA,NA,TRUE,FALSE,FALSE
PE(16:0_16:1),C8-Pos-000117,C8-Neg-000189,11050944.0500627,25641817.8458588,24541750.7634876,3989654.69123929,29492732.8576985,29403560.8063463,22457519.0916913,17373164.0699805,402068.450021412,369803.453759612,286582.670499439,211983.586589684,420724.022623153,320939.373548974,289628.448040314,122132.38499318,264665.470653869,86139.2778099468,182233.298626337,143904.713697216,197787.078770432,86437.3364677533,281496.403572193,412872.550253053,195116.977983599,119354.190240171,48264.0701005378,63647.5724461083,293024.257075069,559247.031812837,97146.1358812643,455851.071348231,TRUE,TRUE,TRUE
PE(16:1_18:2),C8-Pos-000234,NA,4525418.30593661,5179564.76971327,6033271.62767514,5701307.64954511,6070651.97997973,5794350.54501023,4604734.30997747,4908099.85869676,NA,NA,NA,NA,NA,NA,NA,NA,NA,NA,NA,NA,NA,NA,NA,NA,NA,NA,NA,NA,NA,NA,NA,NA,TRUE,FALSE,FALSE
PE(16:1_20:4),C8-Pos-000206,C8-Pos-000271,2926344.00214054,4185010.43678569,4527019.33642529,4921517.13793746,5638906.04244122,8098013.09654197,3165169.4920442,3670605.9568671,5599033.73182135,4782351.18876205,3461503.03685511,4435886.06336492,5056665.03081724,4435921.52931422,5732445.16399973,4005198.12340138,3228795.53774728,2354353.11210098,3808028.73503,1624125.42903962,4278899.46516135,3294123.8147028,5344074.03909679,4794436.0994721,2836886.92612965,4109496.3854965,2181429.51654822,3525788.73729698,5016768.82293937,4880842.72504369,2643255.09379728,3196508.63815971,TRUE,TRUE,TRUE
PE(18:0_20:4),C8-Pos-000019,C8-Pos-000286,327833314.972837,454094214.938184,515960181.343922,463325101.472231,420231016.427247,544205622.289628,382453189.25515,359905643.47091,3379073.06008271,4319936.67389359,3870917.57860443,2712345.37069057,3854952.62464095,3566092.10227951,3793073.02154523,3560932.85968718,4658246.63526061,3200488.06576609,3212431.24307878,4496908.50622972,3822144.9856448,3116035.88720501,4265048.89003803,1369938.01744401,2885180.53803957,3123669.67568398,5140542.70432476,3369099.48016208,3203715.58467112,3060551.35157837,3175858.06917724,3429309.06450239,TRUE,TRUE,TRUE
PE(18:1_20:4),C8-Pos-000043,NA,47204029.3054709,132566401.015585,59137072.2328392,69795074.3319363,82819547.8478745,168534704.020645,62896280.140592,60100980.7700005,NA,NA,NA,NA,NA,NA,NA,NA,NA,NA,NA,NA,NA,NA,NA,NA,NA,NA,NA,NA,NA,NA,NA,NA,TRUE,FALSE,FALSE
PE(18:1_22:3),C8-Pos-000030,NA,137582928.18382,224102496.375108,144036314.715718,230711854.864378,203525336.644418,284596022.398907,150600380.813022,130143488.789682,NA,NA,NA,NA,NA,NA,NA,NA,NA,NA,NA,NA,NA,NA,NA,NA,NA,NA,NA,NA,NA,NA,NA,NA,TRUE,FALSE,FALSE
PE(22:1_18:1),C8-Neg-000140,NA,484418.195986854,NA,506886.940679762,865308.975936914,906936.604575147,1341048.92397312,303511.641246821,82828.4694971201,NA,NA,NA,NA,NA,NA,NA,NA,NA,NA,NA,NA,NA,NA,NA,NA,NA,NA,NA,NA,NA,NA,NA,NA,TRUE,FALSE,FALSE
PE(O-16:0_16:1),C8-Neg-000079,NA,2612341.73329707,5667133.91265325,2009211.01341543,4003913.80249099,2791452.59117304,5656849.20850483,1782141.33549772,1851238.95204557,NA,NA,NA,NA,NA,NA,NA,NA,NA,NA,NA,NA,NA,NA,NA,NA,NA,NA,NA,NA,NA,NA,NA,NA,TRUE,FALSE,FALSE
PE(O-16:1_16:1),C8-Neg-000098,NA,1403756.49175935,2794927.98306437,2564064.10792873,3056659.05473571,2516668.18256618,3803509.33037393,927841.747185891,1195099.26307452,NA,NA,NA,NA,NA,NA,NA,NA,NA,NA,NA,NA,NA,NA,NA,NA,NA,NA,NA,NA,NA,NA,NA,NA,TRUE,FALSE,FALSE
PE(O-20:1_18:1),C8-Neg-000104,NA,1169015.31176718,2135296.76345732,1352189.92687904,1780001.39898007,1481790.57571262,2940451.05374501,650253.814866401,497279.732707232,NA,NA,NA,NA,NA,NA,NA,NA,NA,NA,NA,NA,NA,NA,NA,NA,NA,NA,NA,NA,NA,NA,NA,NA,TRUE,FALSE,FALSE
PE(P-18:0_20:4),C8-Pos-000049,NA,NA,132337073.28085,110896337.167005,119520610.910433,140338678.021404,134864184.737514,83734771.1813926,87785463.7093113,NA,NA,NA,NA,NA,NA,NA,NA,NA,NA,NA,NA,NA,NA,NA,NA,NA,NA,NA,NA,NA,NA,NA,NA,TRUE,FALSE,FALSE
PE(P-18:0_22:6),C8-Neg-000037,NA,4684050.80493248,11489716.4864603,6447176.23851315,9432006.84279033,10161523.8783803,17295820.4503807,4269789.65208636,2152998.33311889,NA,NA,NA,NA,NA,NA,NA,NA,NA,NA,NA,NA,NA,NA,NA,NA,NA,NA,NA,NA,NA,NA,NA,NA,TRUE,FALSE,FALSE
PEG n5,Amide-Pos-000107,Amide-Pos-000147,33953479.9141462,13980447.8989962,16274494.9882403,13574149.3013978,17715419.4980065,41960821.3160942,8773144.41559842,15706389.3533486,20885316.8803604,23434653.3346489,11328169.6571512,12101366.9773928,10677404.7550555,12099283.6877526,15185103.0086425,15345102.2377475,4765687.081705,13890728.1413926,16128084.3318478,12042209.0365065,22288574.7403929,13409661.029297,10864118.5006971,7582587.17948952,7155657.25807049,10373827.7732728,14620491.1621066,15809279.4746414,9937512.83929539,18712677.6703191,15769862.410408,21462402.5315135,TRUE,TRUE,TRUE
PEG n6,Amide-Pos-000142,Amide-Pos-000302,7347699.84254255,2258888.05735009,6198259.49591808,7346018.27829988,2949894.35310919,19305503.5661828,6403506.72874458,7601102.63035617,1169028.3942577,5325485.17748509,2893770.83889313,2394860.10456698,3288028.01116591,3263417.88237078,2451098.53263297,2984779.54019373,2840613.72519857,2585318.57460652,4267872.69324729,3832882.09054283,4521502.18679567,610894.078222851,3921332.80527468,1648343.68380906,1638182.28824599,2131891.39820946,371820.864582576,922190.03042171,2042403.05861534,2490934.45978486,3074124.22757253,5460230.62799749,TRUE,TRUE,TRUE
PEG n7,Amide-Pos-000238,C18-Pos-000184,303504.649068761,660084.320698064,1567204.03407479,4805822.71161399,1114656.6698092,5621878.63322922,6602269.99006795,769585.742933107,1354212.86345057,2211004.42065324,1767814.99472985,1113218.61522156,878918.34388904,2937442.35938794,1436461.12939112,2082743.41198567,1445306.77711115,1372776.90406317,1984064.45577749,4562132.25201499,1585128.69529426,1062948.56571175,3330331.71821877,1137646.79829906,980970.90451973,1036421.16717659,1838290.2947435,1059701.98592139,1024079.50307291,1002521.51372895,1002558.66915097,3266828.89202878,TRUE,TRUE,TRUE
PEG n8,C18-Pos-000242,C18-Pos-000186,3332323.19353963,1798703.06638835,3042596.8566404,3367798.90138313,3958448.70836651,1229723.98811968,9005362.07871914,1970686.02004608,1086961.41778069,1390016.44694333,1542178.7472033,891794.651160814,2297666.29037216,3045944.18709432,1368559.00044177,1909731.43869195,1540921.38842028,1156792.44645234,1804105.44611073,4400468.67169202,1409047.71383737,954168.577819134,2404195.9886754,1231884.8804525,910355.75574605,1030046.2008618,1228612.91155235,1110371.79645522,821946.252080626,1040784.59055635,1060804.08941425,1721562.70760119,TRUE,TRUE,TRUE
PG 34:2,C8-Neg-000118,C8-Neg-000138,678910.082669429,1436841.88990637,816254.259272551,805766.83389243,835028.920718977,2164769.76524184,440494.943457367,298791.028283387,885503.526883656,798088.093736664,623736.940324135,629277.050607235,722482.787563937,917900.101623821,851584.351752158,1372005.54479038,985321.564876695,915721.954794465,1460750.37347399,1771407.04459445,1124985.10427369,1291346.68349699,1023255.58552364,894751.080383456,1196645.29626269,734077.897459797,947369.632797313,1568028.46668208,1113769.09021679,1020308.29819295,1184707.25343427,732001.243727483,TRUE,TRUE,TRUE
PG 42:9,C8-Neg-000139,C8-Neg-000131,515203.337551287,875157.037337729,944033.621956699,1281686.52931095,496862.109269339,1366733.58873256,377823.687842628,192903.849833248,1722538.11642465,731669.296211698,649597.698674616,1233408.44806933,652963.494766635,1221052.18030532,872921.659029706,1845020.28994036,1115453.19564847,1391500.12776603,1150728.74392748,1965379.25840922,1896439.6182657,1234978.63870152,292689.100386686,1332959.62213091,286126.642874293,1073960.2638729,330776.33870016,1666478.91983698,862084.586699938,1333065.44083502,1589328.03840611,320998.91271396,TRUE,TRUE,TRUE
PI 32:1,C8-Neg-000150,NA,310592.94617466,848770.096615593,536566.452719261,375282.581078744,545023.763661757,690683.690234647,170463.452364156,NA,NA,NA,NA,NA,NA,NA,NA,NA,NA,NA,NA,NA,NA,NA,NA,NA,NA,NA,NA,NA,NA,NA,NA,NA,TRUE,FALSE,FALSE
PI 36:4,C8-Neg-000024,NA,20329201.7087882,48187614.8865116,25094424.5236531,24929516.8420806,22954677.0315775,47381928.99403,16582378.3162922,10086429.0277093,NA,NA,NA,NA,NA,NA,NA,NA,NA,NA,NA,NA,NA,NA,NA,NA,NA,NA,NA,NA,NA,NA,NA,NA,TRUE,FALSE,FALSE
PI 37:4,C8-Neg-000137,NA,348089.125997924,1052104.06242546,448840.709203342,584218.426624207,487837.220604488,1414473.01260264,313690.651040267,190950.600926833,NA,NA,NA,NA,NA,NA,NA,NA,NA,NA,NA,NA,NA,NA,NA,NA,NA,NA,NA,NA,NA,NA,NA,NA,TRUE,FALSE,FALSE
PI 38:3,C8-Neg-000031,NA,5389298.66776211,14983014.9135712,7325594.56383866,11038503.2239631,16226535.9501882,26641052.3564143,3991929.27443396,2513316.58041242,NA,NA,NA,NA,NA,NA,NA,NA,NA,NA,NA,NA,NA,NA,NA,NA,NA,NA,NA,NA,NA,NA,NA,NA,TRUE,FALSE,FALSE
PI 38:5,C8-Neg-000017,NA,63737969.1426982,78374111.2189206,57934156.1243068,56472379.9011419,50831391.1562067,76573572.6656043,38959067.0794657,26477231.6826457,NA,NA,NA,NA,NA,NA,NA,NA,NA,NA,NA,NA,NA,NA,NA,NA,NA,NA,NA,NA,NA,NA,NA,NA,TRUE,FALSE,FALSE
PI 38:6,C8-Neg-000067,C8-Neg-000088,1870473.86771142,7095688.40559625,2806162.41218402,2416588.08648642,2373349.00755003,5660586.80982176,1506571.27642862,885016.209451684,820178.637882875,589580.097160809,517412.157069656,572805.447273558,578597.146800889,656337.538904636,607355.174890714,2460456.89495589,1340782.13659443,1631804.57003866,1956319.11218317,3519487.74500085,1167871.41508115,2007813.14832158,1687529.53229551,781768.376669288,956980.805438358,639078.072240677,1151607.81758814,2238396.62624654,822022.999521923,701220.026522285,775009.36221584,613790.444354724,TRUE,TRUE,TRUE
PI 40:4,C8-Neg-000056,NA,2412830.97278136,4711960.54763465,3280568.42058979,4115321.32148103,4868486.20471628,9579493.94000182,1510768.63909182,825987.947113372,NA,NA,NA,NA,NA,NA,NA,NA,NA,NA,NA,NA,NA,NA,NA,NA,NA,NA,NA,NA,NA,NA,NA,NA,TRUE,FALSE,FALSE
PI 40:5,C8-Neg-000091,NA,1198114.30930006,3794813.25446395,1614944.57843399,2570290.99779912,3539383.620019,4571346.03462821,1241799.27547066,589293.112093296,NA,NA,NA,NA,NA,NA,NA,NA,NA,NA,NA,NA,NA,NA,NA,NA,NA,NA,NA,NA,NA,NA,NA,NA,TRUE,FALSE,FALSE
PI 40:6,C8-Neg-000058,NA,2046702.3932463,9442035.81119627,1505004.06203763,4962702.65343598,NA,5478113.1357705,1195150.83705696,621858.559498119,NA,NA,NA,NA,NA,NA,NA,NA,NA,NA,NA,NA,NA,NA,NA,NA,NA,NA,NA,NA,NA,NA,NA,NA,TRUE,FALSE,FALSE
PI 40:7,C8-Neg-000122,NA,1437904.73667877,2060821.64838615,1436168.36054061,1194852.41000319,1250894.22881475,1815914.97423417,866913.172606013,667181.253622893,NA,NA,NA,NA,NA,NA,NA,NA,NA,NA,NA,NA,NA,NA,NA,NA,NA,NA,NA,NA,NA,NA,NA,NA,TRUE,FALSE,FALSE
PI 40:8,C8-Neg-000132,NA,701379.371177998,1383119.58703802,1649586.54937561,701126.484557064,774603.702791445,1084131.22145881,502164.868222437,1220050.87358761,NA,NA,NA,NA,NA,NA,NA,NA,NA,NA,NA,NA,NA,NA,NA,NA,NA,NA,NA,NA,NA,NA,NA,NA,TRUE,FALSE,FALSE
PI(16:1_18:1),C8-Neg-000103,NA,1478038.08216479,3046590.84033701,1957619.03197005,1495134.24592114,1955665.80371966,1265376.52242812,948742.864098987,672876.472416734,NA,NA,NA,NA,NA,NA,NA,NA,NA,NA,NA,NA,NA,NA,NA,NA,NA,NA,NA,NA,NA,NA,NA,NA,TRUE,FALSE,FALSE
PIPECOLATE,Amide-Pos-000267,NA,553507.901006006,NA,700069.838530138,836401.377928514,NA,5048979.58918139,864022.416786241,1429096.41744267,NA,NA,NA,NA,NA,NA,NA,NA,NA,NA,NA,NA,NA,NA,NA,NA,NA,NA,NA,NA,NA,NA,NA,NA,TRUE,FALSE,FALSE
PS 34:2,C8-Neg-000057,NA,829709.113378548,1057011.87432738,820073.6044826,915026.190871478,527080.400154861,9555180.17944361,1155116.14615983,342102.691362088,NA,NA,NA,NA,NA,NA,NA,NA,NA,NA,NA,NA,NA,NA,NA,NA,NA,NA,NA,NA,NA,NA,NA,NA,TRUE,FALSE,FALSE
PS 38:3,C8-Neg-000027,NA,6748724.94113893,13763152.0229908,33953102.4339387,38563056.7880353,26036292.4097557,13543628.506326,14363605.6779112,2562742.76667271,NA,NA,NA,NA,NA,NA,NA,NA,NA,NA,NA,NA,NA,NA,NA,NA,NA,NA,NA,NA,NA,NA,NA,NA,TRUE,FALSE,FALSE
PS 38:6,C8-Neg-000109,NA,1463058.01544355,2577695.09124596,1058820.13064721,1513673.82739928,804109.398540544,2481896.37923475,937333.757958743,554902.141707636,NA,NA,NA,NA,NA,NA,NA,NA,NA,NA,NA,NA,NA,NA,NA,NA,NA,NA,NA,NA,NA,NA,NA,NA,TRUE,FALSE,FALSE
PS 40:4,C8-Neg-000002,C8-Neg-000014,140053052.612748,316979950.209093,214338081.99929,214327374.42088,155733358.297717,356538619.817154,108335632.139852,57496229.7181693,739670.946330485,5754641.88573739,1391634.53470846,200420.977553063,425696.417834097,822113.638443692,1299475.39099145,14456395.2954085,9042543.57993645,199552.738857526,12479709.4936182,28151658.4477111,2057415.56899925,3594300.32044128,1740122.21767829,1966385.89982398,6897148.12793073,4972671.54329664,3146307.59584171,26295500.4595345,2310545.27609426,2275807.81454194,3963462.85300551,1876046.77395017,TRUE,TRUE,TRUE
PS 40:5,C8-Neg-000008,NA,65345970.7057307,132435664.091197,135154264.115608,122875564.060328,92052199.0457051,192686038.384826,78035933.4552031,36543926.0213135,NA,NA,NA,NA,NA,NA,NA,NA,NA,NA,NA,NA,NA,NA,NA,NA,NA,NA,NA,NA,NA,NA,NA,NA,TRUE,FALSE,FALSE
PS 40:7,C8-Neg-000049,NA,8073428.79057219,12183040.1751391,7109505.15567194,7252745.87762725,5162529.18884731,11123030.6327904,5230759.54872932,4252063.15254219,NA,NA,NA,NA,NA,NA,NA,NA,NA,NA,NA,NA,NA,NA,NA,NA,NA,NA,NA,NA,NA,NA,NA,NA,TRUE,FALSE,FALSE
PS(16:1_18:1),C8-Pos-000193,C8-Neg-000119,4136963.71976587,6629285.16992453,5187074.18884181,8849667.82093886,6145214.82982569,9332356.19006687,3841689.57041362,2830074.30521268,197994.834103682,331572.962450063,250463.29311837,257016.445324907,77703.543576434007,479767.248078898,263979.027678085,746000.536276393,695830.735022311,666643.927488964,1552829.65895139,2267493.95444091,133455.194515888,1019014.91029668,518661.879793082,516512.365886447,816700.046409318,595873.23972027,1225232.46559583,1754702.21545322,858565.325248531,389113.4555437,611219.781461974,324412.644998831,TRUE,TRUE,TRUE
PS(20:3_18:0),C8-Pos-000119,NA,8364133.6396038,11299254.3645263,13538472.7432281,14521892.8157012,12649578.6752789,28018357.5964167,9390984.15612396,3288590.52267403,NA,NA,NA,NA,NA,NA,NA,NA,NA,NA,NA,NA,NA,NA,NA,NA,NA,NA,NA,NA,NA,NA,NA,NA,TRUE,FALSE,FALSE
PYRIDOXINE,C18-Pos-000480,NA,265283.556266377,792875.116899314,507220.277991129,99938.8063111971,122022.496415231,563851.093270759,NA,467883.601045768,NA,NA,NA,NA,NA,NA,NA,NA,NA,NA,NA,NA,NA,NA,NA,NA,NA,NA,NA,NA,NA,NA,NA,NA,TRUE,FALSE,FALSE
PYROGLUTAMATE,Amide-Neg-000039,NA,12249537.4742466,NA,19428368.0961927,4074499.19182215,NA,14410011.2833749,7484799.39359794,8526565.61060522,NA,NA,NA,NA,NA,NA,NA,NA,NA,NA,NA,NA,NA,NA,NA,NA,NA,NA,NA,NA,NA,NA,NA,NA,TRUE,FALSE,FALSE
Palmitelaidic acid methyl ester,C8-Pos-000417,C8-Pos-000469,681765.617136747,970606.555973305,1154479.43942427,622011.673606429,1088240.60305414,1208790.91925341,825297.856482957,826186.575561087,626334.457703094,680668.9516434,1315219.04411528,888208.365723677,1126839.70235368,1128235.97382115,812939.948043075,857073.041603962,809110.502284448,812244.409225001,1199448.76109325,1265958.77832462,1104242.58094146,802739.987149723,869147.579321723,1176562.53930781,689111.254226677,1311232.99278565,838146.571854619,691584.084503101,1078547.22707639,694856.738809475,803152.124377424,814880.809094377,TRUE,TRUE,TRUE
Palmitic acid alkyne,C8-Pos-000170,NA,10593099.7729717,11154848.5035448,10413599.6060347,11781796.7541119,11544562.9502191,12639411.2594614,10569657.0228663,11388401.0452938,NA,NA,NA,NA,NA,NA,NA,NA,NA,NA,NA,NA,NA,NA,NA,NA,NA,NA,NA,NA,NA,NA,NA,NA,TRUE,FALSE,FALSE
Palmitoleic acid,C8-Pos-000318,C8-Pos-000353,1939781.25992395,2795544.91731469,1924349.47854885,2339013.71479523,2503683.46180807,2643374.63181533,2043036.78915163,NA,2607371.58596201,2646247.8371997,2761161.67657045,2838571.56621624,3178622.51477476,2679543.18958987,2746417.54191472,2804142.06630396,2581278.29678525,2636471.09106424,2721033.87174156,2669981.59187781,2625575.53805071,2699379.62117205,2369614.14885223,2510431.18037195,2557422.91956299,2806451.71299194,1844883.25258847,2459955.78796607,2817747.25113461,2349949.99005791,2379360.07275845,2671518.02971565,TRUE,TRUE,TRUE
Palmitoyl ethanolamide,C8-Pos-000207,C8-Pos-000241,1040298.20324536,4247424.82321263,1797809.92984605,4181640.39234951,2983693.01178203,8037550.67139969,1885546.1074179,974382.665050861,2277943.56609652,3946526.39321743,3851796.11388528,3880460.67942879,3872888.8878207,4710447.56235005,3595628.60209008,3731083.74392314,4510525.48760702,2969140.87536887,3199665.91242102,3608176.35159884,2855457.43850471,3122688.81118615,3909312.47301468,2704270.49158502,3562336.15948911,3030172.44420493,7129562.70775324,3573186.38489114,4288809.54005787,2797549.53695288,4487424.28513605,3071789.46804635,TRUE,TRUE,TRUE
Palmitoyl sphingomyelin,C8-Pos-000041,C8-Pos-000123,69022584.7319378,174912437.798414,107809630.625297,147823549.130458,187221076.915576,147467426.150269,95526612.4093859,79700559.5510205,9018926.39273628,17926928.0997716,12056034.5701808,8395226.66064232,9775188.135688,11692392.1453852,12246040.1374501,14801239.7950083,10038060.3930296,9550339.11273125,22373719.4409853,21148470.3535081,8849255.26918415,18778847.2998861,17129187.0829311,10522770.6973514,13532401.7369184,17691238.7908704,19597556.6819826,14437604.2045544,22933327.2934869,9079571.89629185,23565879.9612894,13096675.002144,TRUE,TRUE,TRUE
Palmitoylcarnitine,C8-Pos-000114,C18-Pos-000281,6617088.26625746,22308374.9337071,8028280.10502369,19830325.045565,21528982.9466557,30623816.146151,8384155.02525191,2053846.76345713,NA,157703.218377564,230967.91580954,61734.3488637858,142851.57213688,292844.352458665,173916.380898042,193502.030409182,NA,NA,109019.588739156,155993.142149637,NA,133788.39747918,603094.917702328,NA,164480.352927027,203622.875294352,580152.597597219,320501.855600465,221196.356685845,132389.685946147,308230.311866183,NA,TRUE,TRUE,TRUE
Palmitoyleicosapentaenoyl phosphatidylcholine,C8-Pos-000042,C8-Pos-000020,131734606.966012,135176803.420405,141187979.502163,145130130.205053,186773990.319896,150185597.762445,115768553.882376,131763130.591905,264350894.50623,291312711.717298,269740920.61843,328700392.855337,309245452.985216,311139884.549601,297700560.528145,331430466.959666,334079343.73866,265041399.210522,324639198.868948,281124060.283572,281163706.326825,292508630.182448,338857494.900949,259561682.107142,304660326.510027,226155646.410537,248861486.508017,287875422.329809,310277218.750442,266441699.57022,279445500.804358,231644540.385608,TRUE,TRUE,TRUE
Pantothenic acid,C18-Pos-000020,C18-Pos-000008,86959474.2337644,56246191.3431235,109679039.656817,65606042.6481359,75039910.6312985,233742525.653612,58691106.0508709,95726595.5346815,42309292.7513172,231590056.131731,36169560.8245604,55087572.8916286,76894168.0181932,88419625.502144,72033347.833512,106075310.89604,63579652.8441995,72666339.1047168,178165479.962681,312942210.236627,55520906.3290651,60090199.8748273,105686978.233603,77199396.9564813,74375758.0721538,51512670.5636767,131386257.808528,70731884.6721123,71735569.3217022,59801087.0039242,87341452.0407734,62854086.1792913,TRUE,TRUE,TRUE
Paracetamol,C18-Pos-000336,NA,90197.5162057225,115101.950849886,3196411.3857349,598809.861403947,889497.900340317,1620441.86013706,NA,223180.286026128,NA,NA,NA,NA,NA,NA,NA,NA,NA,NA,NA,NA,NA,NA,NA,NA,NA,NA,NA,NA,NA,NA,NA,NA,TRUE,FALSE,FALSE
Penicillin G,C18-Pos-000398,C8-Pos-000212,1872323.33871009,1832962.5116258,785223.822124597,1391257.84991031,833579.971095762,1218923.4188968,1180105.80422008,1516427.39088994,1683627.80670131,2079071.0551048,2823732.43748282,715738.8680122,1638689.43729304,1715350.26345418,1635890.83054306,6119684.72279184,2395775.46615773,3323424.33663103,4861438.67974424,8215414.26013333,3606596.70127652,6049717.96209487,1763620.67530518,3407846.32333587,2050606.99185213,4035256.20741023,2069353.72276735,5647805.2986859,1758332.48542311,2264636.02954563,2764166.74993329,3295021.85167991,TRUE,TRUE,TRUE
Pentadecanoic acid,C8-Neg-000096,Amide-Neg-000236,608360.608333681,1594721.45880752,NA,1175604.14065782,704504.342843553,3942367.51358024,314499.316333266,457613.303351014,6036515.56274701,2028766.25708206,879074.717241215,460384.888100385,884955.90335138,1166282.3154931,1797585.21352732,1013696.61177272,717437.00255144,426528.052393246,823941.769043828,724425.717379565,819482.786578147,1268530.470484,605851.173798308,467459.497018156,1004949.77409378,515015.455693611,572934.042452576,809786.079072365,1034821.04087327,395466.443628361,672035.086824082,1165026.70911224,TRUE,TRUE,TRUE
Pentanoic acid,C18-Pos-000650,C18-Pos-000285,75168.5684797631,11523.702000271,116489.765056951,49153.2067951595,41953.5580214642,NA,67062.4760182234,7815.89715096387,125246.655399894,391385.398648753,354780.449855206,513927.409862593,490394.638288398,448080.742953737,349802.673034081,297939.449779715,316135.408326596,377773.558404026,441544.340966876,326882.003910651,209268.773853702,264807.073015689,89676.7573392703,118336.364311893,135768.555434168,145297.22727635,119237.001293038,127574.185337958,246550.594143871,126329.836558829,109914.402692392,264763.909563656,TRUE,TRUE,TRUE
Petiline,C8-Pos-000279,NA,1734743.90154987,220794.191159079,179079.303755309,1929134.80918248,1231437.79945106,3858412.67276793,269892.54200314,228113.153840948,NA,NA,NA,NA,NA,NA,NA,NA,NA,NA,NA,NA,NA,NA,NA,NA,NA,NA,NA,NA,NA,NA,NA,NA,TRUE,FALSE,FALSE
Phe,Amide-Pos-000091,NA,27880527.0436497,38612914.7833109,49365442.4606976,35827088.1067483,56198364.2153882,NA,42351910.7251695,29863023.6665156,NA,NA,NA,NA,NA,NA,NA,NA,NA,NA,NA,NA,NA,NA,NA,NA,NA,NA,NA,NA,NA,NA,NA,NA,TRUE,FALSE,FALSE
Phenacetin,Amide-Pos-000459,NA,287541.351439836,501814.070502667,154723.2112138,272178.317334056,725607.101962817,728967.510590804,272465.832111974,153398.109579884,NA,NA,NA,NA,NA,NA,NA,NA,NA,NA,NA,NA,NA,NA,NA,NA,NA,NA,NA,NA,NA,NA,NA,NA,TRUE,FALSE,FALSE
Phenyl phosphate,C18-Pos-000490,NA,740647.954462958,85001.4464844475,83087.1388755595,78553.1340685731,76251.393151006,NA,67862.9789862005,NA,NA,NA,NA,NA,NA,NA,NA,NA,NA,NA,NA,NA,NA,NA,NA,NA,NA,NA,NA,NA,NA,NA,NA,NA,TRUE,FALSE,FALSE
Phloroglucinol,C18-Pos-000229,NA,2101056.94258404,1904194.78098687,NA,811261.444572098,NA,8390424.95967405,759510.85807441,4788051.99597106,NA,NA,NA,NA,NA,NA,NA,NA,NA,NA,NA,NA,NA,NA,NA,NA,NA,NA,NA,NA,NA,NA,NA,NA,TRUE,FALSE,FALSE
Phosphatidylethanolamine 14:0-22:6,C8-Neg-000113,NA,1131633.01857101,1953728.08108165,1244951.53376211,1127400.60332522,1218834.38225249,2366231.6259333,884701.784581597,806172.100687119,NA,NA,NA,NA,NA,NA,NA,NA,NA,NA,NA,NA,NA,NA,NA,NA,NA,NA,NA,NA,NA,NA,NA,NA,TRUE,FALSE,FALSE
Phosphatidylethanolamine 16:0-20:3,C8-Neg-000010,NA,76035686.9100713,151603182.850902,117058755.733694,119448527.314068,123550466.979245,168230824.571096,69454646.247563,58125270.7517143,NA,NA,NA,NA,NA,NA,NA,NA,NA,NA,NA,NA,NA,NA,NA,NA,NA,NA,NA,NA,NA,NA,NA,NA,TRUE,FALSE,FALSE
Phosphatidylethanolamine 16:0-22:4,C8-Neg-000026,C8-Neg-000104,21604672.9444473,32970331.55749,32844616.5294741,7357001.22256547,22640203.9186103,41593153.5741478,17289054.3692835,15252210.7113276,2108282.32190086,2171133.83852223,1998411.66346805,1395085.84003206,2306235.84226026,1578961.44736405,2179418.6932559,1424602.97007326,1475046.19517842,1380466.53142417,1226390.65758308,1873471.82225637,1704345.450007,1211489.49897382,1738342.84027558,1808040.65410843,1363202.04695708,1061594.80341337,2383753.90014906,1680436.71540736,2478511.34468099,1817104.87293578,1817338.61673498,2022438.60346695,TRUE,TRUE,TRUE
Phosphatidylethanolamine 18:0-18:1,C8-Neg-000015,C8-Neg-000159,37023293.3924635,64745392.4770339,45063451.9048041,59844009.4742448,53160191.4246442,95100378.1685063,28182114.890668,16237200.3851957,106366.167286149,251997.618194001,187367.158041896,236798.035627759,227371.85260703,298608.785145256,229418.190424388,298346.19897829,279002.348141657,138098.196551893,435787.583527455,782776.097283961,283684.561583353,272822.327160622,378173.874450927,823369.288753822,373948.104982188,250988.622615672,663144.966124289,438873.744519113,1161707.48886679,364002.525087818,1144915.97293543,228234.960896406,TRUE,TRUE,TRUE
Phosphatidylethanolamine alkenyl 16:0-20:3,C8-Neg-000055,NA,2353513.76307467,6487577.63872929,4092822.11169208,4811618.27823403,4052448.57293003,9651782.00304571,1534917.86711328,1108389.71755593,NA,NA,NA,NA,NA,NA,NA,NA,NA,NA,NA,NA,NA,NA,NA,NA,NA,NA,NA,NA,NA,NA,NA,NA,TRUE,FALSE,FALSE
Phosphatidylethanolamine alkenyl 16:0-22:4,C8-Neg-000120,NA,173192.30469888,1051262.18844927,570976.948523278,1019654.70148867,722768.284553495,2119168.4890797,312385.72198744,146469.630050287,NA,NA,NA,NA,NA,NA,NA,NA,NA,NA,NA,NA,NA,NA,NA,NA,NA,NA,NA,NA,NA,NA,NA,NA,TRUE,FALSE,FALSE
Phosphatidylethanolamine alkenyl 18:0-16:0,C8-Neg-000075,NA,2609740.11287788,5966948.02562644,2379456.84433254,2511422.68689032,2381504.82536931,5792481.14966055,1452079.35499215,1313371.25442131,NA,NA,NA,NA,NA,NA,NA,NA,NA,NA,NA,NA,NA,NA,NA,NA,NA,NA,NA,NA,NA,NA,NA,NA,TRUE,FALSE,FALSE
Phosphatidylethanolamine alkenyl 18:0-20:2,C8-Neg-000092,NA,1655114.69323834,3265932.2640156,1875776.81042031,2194903.72930589,2107427.58873385,4528053.65679597,903246.785596217,697556.726532193,NA,NA,NA,NA,NA,NA,NA,NA,NA,NA,NA,NA,NA,NA,NA,NA,NA,NA,NA,NA,NA,NA,NA,NA,TRUE,FALSE,FALSE
Phosphatidylethanolamine alkenyl 18:0-20:3,C8-Neg-000088,NA,2070301.73290676,3589010.85312692,2485765.64180441,2745664.63182334,2669209.49711619,5270678.83391321,1046590.00779324,993663.33316075,NA,NA,NA,NA,NA,NA,NA,NA,NA,NA,NA,NA,NA,NA,NA,NA,NA,NA,NA,NA,NA,NA,NA,NA,TRUE,FALSE,FALSE
Phosphatidylethanolamine alkenyl 18:0-24:5,C8-Neg-000040,NA,6822742.69535322,9683214.13267394,7613564.39484658,8263674.37539093,7528681.66531321,15407161.7998316,4778345.99313102,3528261.42741921,NA,NA,NA,NA,NA,NA,NA,NA,NA,NA,NA,NA,NA,NA,NA,NA,NA,NA,NA,NA,NA,NA,NA,NA,TRUE,FALSE,FALSE
Phosphatidylethanolamine alkenyl 18:1-20:4,C8-Neg-000022,C8-Neg-000061,20755613.6942236,39937862.2694633,29160761.2502344,32457082.0070364,41311864.6332961,53582635.0811817,17635805.6682259,10167467.5987255,3681042.97786265,3292256.21869305,3052035.12277445,2186219.9969931,2894515.92167872,3251861.30096494,3034240.7572052,5161875.37775223,3034302.39351465,1625558.70277195,2414063.38824199,3941834.56959297,1569880.48800051,2814822.45803358,5339207.39541412,2185775.28746374,3212025.89958529,1419361.23392064,2492049.69844808,3215210.41795208,3885796.36475499,2681891.98060176,2983030.62871571,2345176.32353457,TRUE,TRUE,TRUE
Phosphatidylethanolamine alkenyl 18:1-22:6,C8-Neg-000030,C8-Neg-000067,13943517.1685391,32806538.1662497,15569551.8910506,18395222.9646775,21972675.6370855,29503699.5567396,8859382.39750964,6484357.82710143,3734537.43734439,2610335.99504855,2524386.85172674,1595655.95045274,2540994.20605482,3182379.91996422,1906236.86299491,4070031.32439211,3018410.79640333,1498832.20992224,2271216.41842795,NA,2918868.52506596,2838951.06205619,4512146.84100553,2279896.28538228,3472679.77067169,1788922.32965782,2279407.43915742,2861763.72338015,3616821.30915873,NA,2730330.65874645,2193812.26643648,TRUE,TRUE,TRUE
Phosphatidylethanolamine alkyl 16:0-22:4,C8-Neg-000036,NA,9474754.60481818,NA,13003546.8753461,22110402.9631477,9410973.74760229,3553877.84952335,8131724.17561412,NA,NA,NA,NA,NA,NA,NA,NA,NA,NA,NA,NA,NA,NA,NA,NA,NA,NA,NA,NA,NA,NA,NA,NA,NA,TRUE,FALSE,FALSE
Phosphatidylethanolamine lyso 18:0,C8-Neg-000043,C8-Neg-000028,2850377.99914689,9596216.20375387,4795072.64621432,5177610.2689695,5506860.49036036,13868114.3904841,3659373.13710514,1377845.12706075,5290729.91458681,11058860.6420038,5465517.71116548,4945518.3640962,8805396.49853146,2938765.76734835,6803491.05743259,3511780.69734034,9483459.25769181,3300070.57184699,7109737.1839039,6552707.98818539,5746941.8607456,2635300.47105334,4489715.63276447,4597213.03159629,4821183.18759729,2962812.52904046,6471373.43116725,5751788.37351006,5208428.22458322,4005281.67406018,3538368.61702547,4202485.04312507,TRUE,TRUE,TRUE
Phosphatidylethanolamine lyso 20:3,C8-Neg-000161,NA,164157.589067249,291361.743846703,249013.507758756,317443.613793773,287790.040581301,449133.698243005,149547.512014819,64539.2113512573,NA,NA,NA,NA,NA,NA,NA,NA,NA,NA,NA,NA,NA,NA,NA,NA,NA,NA,NA,NA,NA,NA,NA,NA,TRUE,FALSE,FALSE
Phosphatidylethanolamine lyso 20:4,C18-Neg-000130,C8-Neg-000020,133611.87086276,200740.16420616,151865.835706684,55058.2669567825,196186.619665901,151110.391844468,112894.801229067,39693.6306338641,9476335.35077557,11774368.0033691,8673864.98161847,9696025.2341722,12287164.1328136,8101872.23568762,10747606.2223264,8495028.84921086,15168797.4285567,7536705.89139531,9185026.51909515,9853134.08303118,10441570.4403051,6777357.49810206,9427803.02723034,10351797.8480766,9273822.60777238,7223039.79871935,6858714.7580808,10404422.1780618,10652449.985814,6150924.14368629,9955565.3697141,9242050.95027548,TRUE,TRUE,TRUE
Phosphatidylethanolamine lyso 22:4,C8-Neg-000052,C18-Neg-000227,4153297.48368163,6364502.69458224,5763764.66371093,6417803.87490873,5319939.96370573,11644035.853109,3213104.46784439,1812904.05097735,61463.2104292209,88145.6058587912,77069.9186377059,75938.5698201979,78835.9565253966,56084.8420479155,69721.8036622615,57593.2167406113,50506.5178271414,43267.3657150408,52430.1752826556,61942.694555761,46394.4033034001,61014.7803268947,49522.8335899407,39260.4647841176,61613.5440547191,82435.6362775124,112860.342297859,48388.2601350742,54633.763943629,54511.9986799127,114612.244832429,60396.451288387,TRUE,TRUE,TRUE
Phosphatidylethanolamine lyso 22:6,C8-Neg-000048,C8-Neg-000024,4389184.02660476,11964872.8691191,5154256.45701838,6545735.18860707,5036311.95321152,12279473.3987546,3588932.49997468,1972684.3591039,7491382.76331934,7422051.08154563,6411672.50119479,6558604.56248335,7740497.66083146,7528928.88351845,5532488.9139179,6042849.15357148,13043408.2589973,4826560.83963527,7146246.69253114,11688688.6654911,8597232.99061026,5839337.94597014,6732185.3508471,8001527.4378571,8524146.70594222,7089306.22455212,5436866.39895539,7983314.09675442,8346612.4865779905,6965902.00125324,7488621.73739363,5583491.82091027,TRUE,TRUE,TRUE
Phosphatidylethanolamine lyso alkenyl 16:0,C8-Neg-000125,C8-Neg-000060,502057.833065574,1861870.63984186,784831.347730872,986632.020621942,921149.971686635,1956132.22365658,581240.918555655,314697.849243049,2692599.95187166,5361116.03402667,3310613.9402685,1581751.58217181,3190674.66469047,1944184.24344032,2450023.9480209,2052698.68933551,3668064.14496612,1011070.57148082,1999997.07559126,2883214.46431323,2370685.21021428,1327398.72308033,2756655.91454104,2230074.78230078,1527754.14224999,1588426.12985064,2507618.84927152,2414597.04878139,1779243.50753098,1981779.89877315,2413782.69529486,1716121.53474203,TRUE,TRUE,TRUE
Phosphatidylglyceride 16:0-18:1,C8-Neg-000018,NA,152947.61619882,245690.719995261,461627.338408623,77534322.7557913,493121.233817985,1091134.2271321,179102.989684036,61008.0731174811,NA,NA,NA,NA,NA,NA,NA,NA,NA,NA,NA,NA,NA,NA,NA,NA,NA,NA,NA,NA,NA,NA,NA,NA,TRUE,FALSE,FALSE
Phosphatidylglyceride 18:0-20:4,C8-Neg-000112,NA,1160787.10573088,1826009.91148328,1959773.08189121,1317314.81483048,748288.001395997,2381234.56672043,613108.480176216,342573.615710071,NA,NA,NA,NA,NA,NA,NA,NA,NA,NA,NA,NA,NA,NA,NA,NA,NA,NA,NA,NA,NA,NA,NA,NA,TRUE,FALSE,FALSE
Phosphatidylglyceride 18:1-22:6,C8-Neg-000065,C8-Neg-000111,215352.136868648,1264857.07259569,623235.268013617,703416.383975032,418837.253304067,7219193.72124891,184454.624740853,NA,2020538.52017144,1703653.43593027,1531321.15256125,1515698.60860742,1401661.17832642,1473349.31919409,1546260.42675174,1478584.83810664,1795938.12392011,1447154.8736519,1485502.18239086,1840224.05724408,1959774.60922044,1022733.68695116,1181717.29869824,1767461.16040006,1678511.63025733,2111111.34832481,2106487.86890706,2348830.25385537,1131418.01125518,1535378.18888755,1359362.72823543,1662163.46456152,TRUE,TRUE,TRUE
Phosphatidylinositol 16:1-20:4,C8-Neg-000059,NA,834624.620962785,5757996.10973125,2311785.30328366,2210499.00475428,1959860.53436528,9060203.80539751,394299.287493277,336987.401488475,NA,NA,NA,NA,NA,NA,NA,NA,NA,NA,NA,NA,NA,NA,NA,NA,NA,NA,NA,NA,NA,NA,NA,NA,TRUE,FALSE,FALSE
"Phosphatidylinositol-1,2-dipalmitoyl",C8-Neg-000074,NA,2927085.83557588,33704.3090376394,3035116.78701155,4060856.0132674202,2404777.27911748,5989242.04591156,2160404.95420387,1502717.11914635,NA,NA,NA,NA,NA,NA,NA,NA,NA,NA,NA,NA,NA,NA,NA,NA,NA,NA,NA,NA,NA,NA,NA,NA,TRUE,FALSE,FALSE
Phosphocreatine,Amide-Neg-000432,Amide-Neg-000608,55192.5673438327,379511.841109014,224049.069749249,72274.0052294749,118183.16706601,255341.331519587,11089.7460765357,78290.9114034501,87703.3877343697,165816.872517529,45373.3467724608,42191.3823270871,70140.3760789112,161666.230912858,126860.806626969,35376.3586470101,17777.6235476096,41717.6157930229,14755.9457533181,94268.0441875036,37798.9354564176,67516.789010122,158210.062763143,44266.1001552952,101210.093917063,112560.688853386,100709.815353413,59275.6014428893,146084.359548048,105691.656859026,130406.047485739,55275.201027131,TRUE,TRUE,TRUE
Pinolenic acid,C8-Neg-000146,C8-Neg-000114,613683.854645859,614246.948154302,366670.805101399,791989.068732135,995551.05002296,891335.580684186,755311.040996125,387527.014442964,1067388.00382911,2300948.078716,955629.065017641,1191788.98508982,1692997.33869121,1296196.2735534,1076260.76966412,1586496.78205602,2143343.39487817,739932.010650225,1365880.67037711,1412522.98778335,1295609.89457129,745899.141691787,1356614.45208027,928314.314277844,1109324.38853697,557438.194484298,1206526.39904932,957009.876939828,1160993.89560655,597768.202606078,1223568.5219854,324909.504283039,TRUE,TRUE,TRUE
Pipecolic acid,Amide-Neg-000461,Amide-Neg-000564,168403.50966536,61695.9072414274,148296.840266082,46161.6722168327,117917.215122496,67404.3576533048,44355.6206188221,NA,137173.320245659,232299.449680985,149229.828233147,100834.766532847,197990.512538083,185312.279696034,264983.041024532,341769.654435329,177657.556589667,130100.40317177,79871.1285059641,194300.716839319,230547.869769717,255066.146150641,222558.302148979,206806.069374186,298640.343218418,355836.97994542,435952.435389091,300189.151464206,201096.901926164,150102.415614607,271863.871723509,210562.881439089,TRUE,TRUE,TRUE
Piperine,C8-Pos-000209,NA,2763168.0780007,6397747.12133596,160556.373156418,5071886.75273477,1887549.00996213,7756227.74260031,6955949.57397897,779910.777150667,NA,NA,NA,NA,NA,NA,NA,NA,NA,NA,NA,NA,NA,NA,NA,NA,NA,NA,NA,NA,NA,NA,NA,NA,TRUE,FALSE,FALSE
Prespatane,C8-Pos-000160,NA,3001385.18073817,9951262.77541377,10902607.067514401,NA,6176749.77964525,14552734.1719689,NA,3202399.04805586,NA,NA,NA,NA,NA,NA,NA,NA,NA,NA,NA,NA,NA,NA,NA,NA,NA,NA,NA,NA,NA,NA,NA,NA,TRUE,FALSE,FALSE
Primobolan,C8-Pos-000398,NA,1365941.17101087,370677.111290639,248051.065670601,NA,177039.492655787,NA,302841.766117525,161452.9650016,NA,NA,NA,NA,NA,NA,NA,NA,NA,NA,NA,NA,NA,NA,NA,NA,NA,NA,NA,NA,NA,NA,NA,NA,TRUE,FALSE,FALSE
Pro-Asp,Amide-Pos-000306,Amide-Pos-000408,2421748.22620753,3685335.31828764,3791142.88693276,1850778.62215889,2599130.29270476,2740499.58940019,1025107.85472589,1571482.8614905,1921575.66315456,1856459.84821173,1060518.68757729,2333836.27485301,1574501.62062309,1378924.65730071,1704824.64451553,1380811.83348513,1654039.63115386,1748031.11169261,1698532.73865859,758067.696795744,1150481.56566626,1375356.88552529,1485181.31508039,1168411.04811463,1197021.86305537,1596442.78109406,1885251.04017541,1158805.00066624,1484266.41396119,1593344.89723423,1673603.65968653,1296937.36080723,TRUE,TRUE,TRUE
Pro-Glu,Amide-Pos-000495,NA,172058.407813789,374707.843611184,389715.419297198,76347.7076341242,141374.245650628,164296.516760042,63588.7150703953,62161.0351435311,NA,NA,NA,NA,NA,NA,NA,NA,NA,NA,NA,NA,NA,NA,NA,NA,NA,NA,NA,NA,NA,NA,NA,NA,TRUE,FALSE,FALSE
Pro-Glu-Arg,C18-Pos-000467,NA,274464.440134773,NA,431394.756211102,21448.4095185336,870370.455182037,360267.510025953,NA,266055.79267452,NA,NA,NA,NA,NA,NA,NA,NA,NA,NA,NA,NA,NA,NA,NA,NA,NA,NA,NA,NA,NA,NA,NA,NA,TRUE,FALSE,FALSE
Progesterone,C8-Pos-000196,C8-Pos-000112,1036257.77154987,2180141.6298249,679141.037807405,8923645.74735889,2381113.4222958,2279978.84535446,3078912.4457443,545539.951910182,2191452.66627979,3105994.30420866,1555685.82162368,1770899.01760568,4356127.85236917,1821068.89277588,1505137.79439298,25887619.9228213,2048020.22283789,1215407.98282551,862066.684355893,3010673.74682326,2148749.26747655,18399132.4577012,14923388.4703662,808546.514576277,648574.204265087,1185676.6292283,1049194.57168549,2557157.79656403,1348321.21718331,839842.286777718,1913477.94775948,3331749.06748414,TRUE,TRUE,TRUE
Prohexadione,C8-Pos-000189,C8-Pos-000315,9835497.09931822,9236681.40091805,3431518.26174808,9648248.68780096,7517338.7546633,5854029.71361698,6499751.174199,5127193.14116494,356872.535141933,869600.584071922,684846.971719504,581424.244506516,1475767.38538363,1215985.45659113,425463.215093936,452465.459057404,614046.562436982,202693.636602456,133194.188499767,278743.183839525,1070267.29822532,167191.39876469,582780.282152334,1817848.87804794,4217932.32811748,591814.531545995,1631683.76162834,783711.027200935,336855.632814329,307720.681531121,283356.672856764,1108713.69875549,TRUE,TRUE,TRUE
"Propanedinitrile, 2-[[3,5-bis(1,1-dimethylethyl)-4-hydroxyphenyl]methylene]-",C8-Pos-000562,NA,109912.719755298,101789.977126857,112909.984682636,NA,133244.041601012,141168.830247745,104269.157689329,160745.502577771,NA,NA,NA,NA,NA,NA,NA,NA,NA,NA,NA,NA,NA,NA,NA,NA,NA,NA,NA,NA,NA,NA,NA,NA,TRUE,FALSE,FALSE
Propionylcarnitine,Amide-Pos-000313,C18-Pos-000165,891715.982531617,1278276.82819655,1674317.47944563,1370231.17737618,1460580.14261516,3721234.11808335,711723.273904122,1189257.62382981,4376366.49133735,3787594.5170917,3321626.59515754,NA,1759744.17033503,2340143.88965621,3348225.66050455,NA,2878292.20076049,497634.661137955,2258025.75881857,1259496.10289682,1546318.46015088,2416706.80440951,NA,3723463.51344755,1862097.30991822,3277939.21111596,6341031.90559489,2966137.53424618,4025623.53379979,2937933.16435388,5199493.02837858,2973474.70871414,TRUE,TRUE,TRUE
Prostaglandin F2.alpha. dimethylamine,C8-Pos-000404,NA,NA,529088.79708501,1238992.34122028,719751.965994173,947827.176415147,930138.859779558,1315519.94731014,462139.242649851,NA,NA,NA,NA,NA,NA,NA,NA,NA,NA,NA,NA,NA,NA,NA,NA,NA,NA,NA,NA,NA,NA,NA,NA,TRUE,FALSE,FALSE
Pseudouridine,Amide-Neg-000023,NA,47512707.9812853,14733223.1834758,17039248.0966475,8579121.44555263,27689003.944537,12224676.4307594,10684311.6813203,5582807.6187786,NA,NA,NA,NA,NA,NA,NA,NA,NA,NA,NA,NA,NA,NA,NA,NA,NA,NA,NA,NA,NA,NA,NA,NA,TRUE,FALSE,FALSE
Psychosine,C8-Pos-000412,NA,69370.791546935,375538.332636268,NA,147969.148930061,NA,1250523.71249148,52357.3938439551,67340.824022865,NA,NA,NA,NA,NA,NA,NA,NA,NA,NA,NA,NA,NA,NA,NA,NA,NA,NA,NA,NA,NA,NA,NA,NA,TRUE,FALSE,FALSE
PyroGlu-Asn,Amide-Pos-000200,NA,2647136.96660305,2502452.80457402,9503668.10438426,588448.149936809,6429625.88334234,7311654.32715664,1727474.40587807,2621018.9843945,NA,NA,NA,NA,NA,NA,NA,NA,NA,NA,NA,NA,NA,NA,NA,NA,NA,NA,NA,NA,NA,NA,NA,NA,TRUE,FALSE,FALSE
PyroGlu-Pro,C18-Pos-000571,NA,72732.4697420746,143149.474125514,137012.095341205,133690.298100947,66417.6460921136,324113.037710701,114290.035544957,244022.84697995,NA,NA,NA,NA,NA,NA,NA,NA,NA,NA,NA,NA,NA,NA,NA,NA,NA,NA,NA,NA,NA,NA,NA,NA,TRUE,FALSE,FALSE
Pyruvic acid,Amide-Neg-000003,Amide-Neg-000228,437123471.163127,338137548.845083,355767248.422573,239472655.5886,197030545.837693,355989453.1002,42489292.8054291,211545457.71203,4678304.89634548,3691625.92728154,3695853.4437982,555700.045123214,905762.014595397,6407202.07451997,4657730.93990244,2944557.10853364,3299184.69107422,4304674.20064916,3283460.7619185,4729275.53541747,6448585.67369628,1179321.32665405,5317975.08407084,3712517.72202368,3066755.62680088,662269.017063663,4439677.07268376,2657622.77521248,5709392.04976165,5978375.27583791,4233464.07301935,3527951.58089037,TRUE,TRUE,TRUE
Quinoline,C18-Pos-000496,C18-Pos-000287,275141.896612649,589005.639841309,306581.450610593,473610.096941519,NA,676583.798617604,462230.016067949,320268.778105815,325214.072521106,279614.720840945,400964.447282296,389514.210442881,341841.020815363,278773.713207172,352072.501972038,343524.349141571,418571.149489103,333880.006880839,432130.115445843,317358.353853544,375175.260368784,371621.24551611,328068.103442851,276727.702925849,355531.842388432,400412.185799311,475437.997837253,431256.331076269,323484.934710978,NA,428300.722363254,408576.582009985,TRUE,TRUE,TRUE
R-Palmitoyl-(2-methyl) ethanolamide,C8-Pos-000483,C8-Pos-000538,NA,615072.194556984,306433.53258044,410160.770080412,NA,564257.186024977,199171.452341372,266912.237461086,258274.722208238,337120.411694895,539059.254400388,145687.242033677,443622.922334521,467195.095518065,411854.181937447,819028.75500829,83381.1483766698,347930.871774538,164316.391152021,863564.539083926,605045.054046164,307164.812505478,404438.952522868,293834.209456335,326482.178080557,321525.407789081,182806.638803663,216428.741083954,249974.557470225,268522.286194954,357597.812505895,430634.444275788,TRUE,TRUE,TRUE
Rauwolscine,C8-Pos-000331,NA,1973734.1120492,1806478.34803967,1946663.68457189,1902162.28374513,1795484.60080241,2458292.80174215,1823732.39415077,2216399.32547219,NA,NA,NA,NA,NA,NA,NA,NA,NA,NA,NA,NA,NA,NA,NA,NA,NA,NA,NA,NA,NA,NA,NA,NA,TRUE,FALSE,FALSE
Retinoic acid,C8-Pos-000414,NA,NA,316079.378597783,459444.694025402,235032.436733792,450802.178907729,706404.626211448,206612.231197947,705065.328134204,NA,NA,NA,NA,NA,NA,NA,NA,NA,NA,NA,NA,NA,NA,NA,NA,NA,NA,NA,NA,NA,NA,NA,NA,TRUE,FALSE,FALSE
S-4-(2-oxo-butyl)glutathione,C18-Pos-000471,C18-Pos-000292,513082.896523616,227317.472376088,307351.94172088,788100.554663384,450988.786251533,755812.049539911,NA,854745.504679872,199429.750002151,332476.409855848,143600.105237686,59096.0173263312,64833.882175415,423637.375611064,324891.038837054,296418.977596632,162384.097205375,386353.144576394,228715.568339567,253887.264300983,180755.356806822,189694.048944349,240926.441602123,114193.095483179,212845.882664073,209963.874425612,274759.154298578,231738.916228728,163846.103743512,218445.982462077,210013.534146292,269794.924313889,TRUE,TRUE,TRUE
S-Adenosylhomocysteine,Amide-Pos-000470,C18-Pos-000204,498489.521632297,115686.680424393,439286.771617275,187196.445716035,608426.64188074,343032.661469344,503462.218086427,292139.746112985,993867.310581716,1350295.44685153,1024816.00949858,NA,1727888.00383997,1463830.54728241,1611873.7466717,NA,2639843.05139349,460191.983940291,2942597.69843672,1097474.89888506,1230869.59076585,1551879.33468873,NA,1101324.94843642,1648256.10856625,NA,1868305.26646067,1947767.21321095,1401310.73510843,1230480.49166143,NA,1513220.83699195,TRUE,TRUE,TRUE
S-Adenosylmethionine,Amide-Pos-000181,Amide-Pos-000320,4175667.22054296,8215821.84724643,5009570.86548586,3440403.70468172,5504129.18288868,12149175.4286706,2620824.24799276,5174877.11231934,2434721.10562532,2960398.97184034,2345297.24210068,3331296.96871294,1953367.95127551,2881403.58999615,2583914.95988544,3777569.24390187,2662713.64477136,2821208.62415067,4182740.11054782,1901920.2762193,1892965.39707317,3957415.45767099,3419940.91355437,1644509.48910099,3126946.257528,1719474.62607728,3567314.41997992,3149662.0692056,1755715.83977035,2915054.72837894,4344603.29493649,3241242.58709567,TRUE,TRUE,TRUE
S-succinylcysteine,Amide-Pos-000493,Amide-Pos-000516,216174.475767442,322059.153837824,337691.661126988,264675.418879004,227315.795398742,404824.381819796,133538.198040893,203329.265728328,168113.339963754,179744.396104737,201935.270124292,233885.032837172,111573.553962878,186460.410670767,208569.907694413,127030.226233843,265077.51915620803,156624.448009051,186547.395719194,137073.795950251,118606.149125312,138096.767418852,174787.938602538,132055.243687422,220455.465917158,261012.472191873,476081.869248884,141287.346641783,141040.890624229,202993.921502622,207656.426737901,295651.247108171,TRUE,TRUE,TRUE
SN-GLYCERO-3-PHOSPHOCHOLINE,Amide-Pos-000045,NA,74840641.5458995,93223525.295469,202888265.297956,82746955.1355733,52280791.8299268,190931319.176537,29234843.6937298,92891386.4580527,NA,NA,NA,NA,NA,NA,NA,NA,NA,NA,NA,NA,NA,NA,NA,NA,NA,NA,NA,NA,NA,NA,NA,NA,TRUE,FALSE,FALSE
Sclareolide,C8-Pos-000138,NA,19648870.2281261,13884888.5707031,13680801.1806412,17452122.6578469,14526650.1705941,6663340.5742192,4810015.00397743,5458131.78247743,NA,NA,NA,NA,NA,NA,NA,NA,NA,NA,NA,NA,NA,NA,NA,NA,NA,NA,NA,NA,NA,NA,NA,NA,TRUE,FALSE,FALSE
Sedanolide,C18-Pos-000539,NA,NA,150869.971972317,442978.269955919,236215.70986824,NA,202750.350701545,109549.99621993,154929.986509131,NA,NA,NA,NA,NA,NA,NA,NA,NA,NA,NA,NA,NA,NA,NA,NA,NA,NA,NA,NA,NA,NA,NA,NA,TRUE,FALSE,FALSE
Sinomenine,C8-Pos-000448,NA,163443.375183721,751303.384354629,27939.959868069,906332.33571864,104474.161656283,125843.204575789,122219.170732784,243162.986205576,NA,NA,NA,NA,NA,NA,NA,NA,NA,NA,NA,NA,NA,NA,NA,NA,NA,NA,NA,NA,NA,NA,NA,NA,TRUE,FALSE,FALSE
Solanidine,C8-Pos-000343,C8-Pos-000378,885196.797253442,58842.6204453855,39374.4328629652,1244269.12240075,307254.831367598,NA,35578.3036841388,42188.9146228882,120893.634305576,1924157.98962843,125996.238990143,162382.836485902,94781.2533727492,65784.7481766146,574077.937863246,300685.141107824,139407.374725174,128782.193189454,724678.843178505,937366.591368111,415978.497408049,10258.8481815284,NA,NA,56331.8018909058,34702.7938638624,2537085.17263569,2288865.653996,826134.40087683,102257.625454488,1783040.43160952,232212.183222267,TRUE,TRUE,TRUE
Spirosol-5-en-3-ol,C8-Pos-000432,NA,125265.148871013,1044857.01101483,186839.922602214,330310.299830352,462390.796786875,456803.901746511,NA,117267.728489412,NA,NA,NA,NA,NA,NA,NA,NA,NA,NA,NA,NA,NA,NA,NA,NA,NA,NA,NA,NA,NA,NA,NA,NA,TRUE,FALSE,FALSE
Stearic acid,C8-Pos-000091,C8-Pos-000293,7062940.09058398,29202839.824822,25128489.9140062,37357484.6413907,29458589.582512,45939235.3462676,19318279.694191,11832090.0048892,3785000.46396328,3792598.10417177,3394652.02825767,2793970.16385692,3483662.65768797,3319518.44551854,3389390.45750129,3024961.98072875,3721140.91941382,4104342.88052218,4230426.60605071,4532854.38922593,3099815.55953291,4321301.89437521,3383780.83423537,3478404.25690015,3634727.78083193,4464024.13415499,3790072.98085061,4067689.74844001,4874662.5279243,3622775.95619222,4481367.91620478,4065632.79016435,TRUE,TRUE,TRUE
Stearoyl Ethanolamide,C18-Pos-000595,NA,196499.528715477,218713.498062149,230669.610136162,184943.504916302,225335.051261155,147350.416359017,155898.451190854,146315.743067854,NA,NA,NA,NA,NA,NA,NA,NA,NA,NA,NA,NA,NA,NA,NA,NA,NA,NA,NA,NA,NA,NA,NA,NA,TRUE,FALSE,FALSE
Stearoyl-L-Carnitine,C18-Pos-000594,NA,41129.6607630974,110893.854990058,81302.0570278478,83466.3046049369,114348.966830946,233940.11796491,89370.333875987,40607.6120739582,NA,NA,NA,NA,NA,NA,NA,NA,NA,NA,NA,NA,NA,NA,NA,NA,NA,NA,NA,NA,NA,NA,NA,NA,TRUE,FALSE,FALSE
Stearoyl-L-carnitine,C8-Pos-000147,C8-Pos-000170,4332186.01334025,10446144.559874,3788740.0952504,9084884.16516661,12951621.9110418,17287031.4887298,3854399.20017007,NA,4592316.46720087,7468150.29140132,8471441.78384366,8067004.60885712,5853157.29059888,9851015.75016587,6254759.9736305,5950352.67387586,7842744.45155706,8895123.3214523,7914106.52889336,6222630.21316246,5224390.43118031,4872543.77526829,7995445.37952685,3804990.44748074,5917736.85965437,7990115.47064149,13357701.6704491,12626221.4356614,5939728.84976406,5738326.71125656,8967482.14456165,4946109.87011451,TRUE,TRUE,TRUE
Suberic acid,C18-Neg-000123,NA,370062.153683796,269043.052079101,267093.296526746,114926.715992389,180321.331377974,199340.544631149,273746.775570023,129238.352970891,NA,NA,NA,NA,NA,NA,NA,NA,NA,NA,NA,NA,NA,NA,NA,NA,NA,NA,NA,NA,NA,NA,NA,NA,TRUE,FALSE,FALSE
Succinic semialdehyde,Amide-Neg-000219,NA,NA,2249556.41851459,2196142.87944938,2041215.07656414,885643.611893171,993183.817644278,1098113.3429298,1142815.15831342,NA,NA,NA,NA,NA,NA,NA,NA,NA,NA,NA,NA,NA,NA,NA,NA,NA,NA,NA,NA,NA,NA,NA,NA,TRUE,FALSE,FALSE
Taurine,Amide-Pos-000028,Amide-Pos-000028,388067610.976385,496071454.480245,588658526.572873,379483794.362974,560786612.245061,560265550.049564,352195600.763705,581937490.722966,482945648.900069,638524068.297802,451475390.319538,704425495.56107,476670838.68563,490671781.803177,634879139.221831,585094369.326459,570890731.532246,725173164.768473,638007726.796242,350862152.42368,375874329.103776,574603619.611359,662324191.25228,411887748.724299,527128705.639868,596806733.147037,824883417.251409,514058543.003698,476308229.980621,542258944.340085,602619821.274683,526071795.114783,TRUE,TRUE,TRUE
Terbucarb,C8-Pos-000546,NA,264720.710026827,152191.858555746,176270.457979753,NA,174678.845293129,194780.937104362,188468.442041728,175155.900257613,NA,NA,NA,NA,NA,NA,NA,NA,NA,NA,NA,NA,NA,NA,NA,NA,NA,NA,NA,NA,NA,NA,NA,NA,TRUE,FALSE,FALSE
Terpestacin,C8-Pos-000334,C8-Pos-000391,188296.839589943,1000988.22386863,1329016.91800966,673698.295963635,2351804.61495661,2285742.31144872,457100.92524451,827949.659188894,644826.871001526,2353048.21936582,673021.773832903,1084452.24948022,1373385.43774284,559797.868607602,1049648.14200281,989176.471573618,1457264.80681628,746028.234237888,1111800.0800932,1379859.23887668,812064.559666963,770028.386406633,1003559.91190969,1190214.77132798,1060320.921684,551721.287617033,1557246.80404151,744255.090884941,733948.834151026,893761.040911136,1284755.44839018,622037.154092197,TRUE,TRUE,TRUE
Testosterone isocaproate,C8-Pos-000312,NA,539102.224831635,964719.29914846,1417416.36423733,863159.443058356,2594657.44634623,2975500.51363025,707292.140306535,678594.773569247,NA,NA,NA,NA,NA,NA,NA,NA,NA,NA,NA,NA,NA,NA,NA,NA,NA,NA,NA,NA,NA,NA,NA,NA,TRUE,FALSE,FALSE
Tetradecanoyl-L-Carnitine,Amide-Pos-000373,NA,612903.469885862,1616498.82337848,1060188.55704536,1823642.88458655,1020421.78614332,2107893.37472628,743011.24561142,550085.403554612,NA,NA,NA,NA,NA,NA,NA,NA,NA,NA,NA,NA,NA,NA,NA,NA,NA,NA,NA,NA,NA,NA,NA,NA,TRUE,FALSE,FALSE
Tetraethylene glycol,Amide-Pos-000105,NA,17430625.6441116,14329082.3374046,23686351.7798398,15978828.1313756,27596161.4228538,38402026.7404124,34482143.4139962,15156500.1254528,NA,NA,NA,NA,NA,NA,NA,NA,NA,NA,NA,NA,NA,NA,NA,NA,NA,NA,NA,NA,NA,NA,NA,NA,TRUE,FALSE,FALSE
Tetraethylene glycol monomethyl ether,C18-Pos-000504,C18-Pos-000223,484712.852968535,324629.3721126,425192.59726333,494634.956601174,597762.781978431,316147.158585634,554388.953880171,230711.123252641,662207.989683058,1013914.32918328,1993474.51530132,1267873.49747712,1261267.46618152,2148198.82230221,1736659.60204183,1222377.68340995,1113425.54926305,992272.155964657,1182363.98997372,1367468.24120471,904669.967377963,868119.966302825,667944.781464964,489757.982330926,883210.487126859,795046.291025737,661099.889405996,722536.03748052,875268.195661466,643277.686813046,714949.480006239,1492356.22840884,TRUE,TRUE,TRUE
Tetraglyme,C18-Pos-000387,C18-Pos-000028,1336753.79445425,293744.499607314,1987287.45447989,733191.455377856,661186.323832406,54753.2556961874,1078765.77153167,129611.507299808,27657082.9006453,66364949.5791396,116528755.147717,84408585.3422081,45418046.901577,96421516.5021259,104015855.612933,66458883.3291027,63597872.8741721,59378959.7945071,69794492.9888918,75214446.207207,38060673.7788636,51176368.4784701,29528478.8804225,29129352.294404,33720857.554361,34433453.7272849,31269482.7414756,30407701.5245268,45159836.0072668,28559595.0744738,27417847.4267048,68919948.3204819,TRUE,TRUE,TRUE
Thiamine,Amide-Pos-000307,Amide-Pos-000406,NA,221087.168010097,1284305.33379892,546571.680106446,1754798.97918685,3789288.20633654,557574.291172325,712862.166703194,1005546.10191968,983745.670150239,368226.333860476,2011965.8692922,1303601.40408504,1304992.14520365,1045443.06353531,803779.487695818,1215002.52190088,723419.259065571,1208397.91959183,772206.102291184,459351.727608241,1065504.58644985,1667283.93636476,911208.073192586,1016907.20978673,384535.416545334,443377.80743715,809750.681658017,166519.781023597,1823481.6550469,2366945.00712268,353441.991178719,TRUE,TRUE,TRUE
Thiazolidine-2-carboxylic acid,Amide-Neg-000257,NA,2125594.39690135,1600187.98573372,964491.1297201,1231746.05933635,2049734.71016744,324417.676364906,1025502.92629103,271494.694971196,NA,NA,NA,NA,NA,NA,NA,NA,NA,NA,NA,NA,NA,NA,NA,NA,NA,NA,NA,NA,NA,NA,NA,NA,TRUE,FALSE,FALSE
Threonine,Amide-Neg-000031,Amide-Neg-000067,20799133.3764763,32128556.9943937,10258486.8558683,11470347.5863762,21124566.860037,20605562.289435,12109679.9967079,16440606.814697,5582762.45773403,11570282.6888846,4194926.47579774,8581899.85633742,10978829.5168039,13899211.420136,6870992.459025,13339294.0543865,24473996.0015251,15883983.9132846,6401578.26328214,6536935.99954269,2229273.65585771,38369512.3741303,11116911.0685899,9723128.01044209,4071245.20871952,12234720.3484753,34347792.9680643,24953863.2103308,13417345.5924981,8137522.14612994,5268977.84218569,6867991.92815715,TRUE,TRUE,TRUE
Tiaprofenic acid,C8-Pos-000486,NA,598002.259328994,332671.245821062,562748.620423625,413080.264614103,299615.635875269,326109.306823193,324415.386478199,318722.270812144,NA,NA,NA,NA,NA,NA,NA,NA,NA,NA,NA,NA,NA,NA,NA,NA,NA,NA,NA,NA,NA,NA,NA,NA,TRUE,FALSE,FALSE
Tri(propylene glycol) methyl ether,C18-Pos-000510,NA,536886.195068392,248691.202889944,508336.518081631,563873.834371246,290563.229788201,320949.993876187,149134.479238037,162501.419212316,NA,NA,NA,NA,NA,NA,NA,NA,NA,NA,NA,NA,NA,NA,NA,NA,NA,NA,NA,NA,NA,NA,NA,NA,TRUE,FALSE,FALSE
Tri-2-ethylhexyl trimellitate,C8-Pos-000445,NA,405963.317911753,475631.109350331,517010.429175058,513670.263142332,510813.950999495,514490.886344832,424643.818092176,922830.909690063,NA,NA,NA,NA,NA,NA,NA,NA,NA,NA,NA,NA,NA,NA,NA,NA,NA,NA,NA,NA,NA,NA,NA,NA,TRUE,FALSE,FALSE
Tridecanoic acid,C8-Pos-000454,C8-Pos-000635,454081.506649366,652872.106120067,629986.411643168,807319.745910624,759002.683882696,705937.947289411,564524.92313137,471102.875232696,330308.036913183,322790.285229516,325709.912101156,372356.842646365,325366.44038974,336763.384352642,293173.548347267,330777.98296072,367065.760834261,326511.072591406,298162.486177314,295873.661649311,278341.344494619,308654.133571235,303576.232892787,296149.431168095,297289.094363501,293895.685068441,221624.277003423,300077.88792154,284321.903301102,353002.347826008,336913.784561377,306284.612624408,TRUE,TRUE,TRUE
Triethanolamine,Amide-Pos-000055,Amide-Pos-000076,139994712.467866,49438118.0249056,30931490.7458346,43165885.3721388,13878704.6200624,5162338.6268785,30444864.5260973,7845740.83856267,13362045.630349,8266930.31620682,9553504.40944911,6523593.4506512,6377861.54653563,3931254.46293278,3593734.36300036,6684978.73334938,4705352.58380331,4244987.95430507,6734864.67090698,91461714.0695527,5260555.50842937,911937.151896969,5583776.08707759,2683714.4360619,10582126.3018628,5445983.65460021,4220349.32623269,3720971.1535866,3810801.96243508,2688909.33205725,6715896.12887622,3736102.33615843,TRUE,TRUE,TRUE
Triethyl phosphate,C18-Pos-000302,NA,3783818.60292696,417759.306834623,2636532.57668258,4592730.88127025,850413.301079071,3931213.96803379,1394979.61049093,1115719.92521177,NA,NA,NA,NA,NA,NA,NA,NA,NA,NA,NA,NA,NA,NA,NA,NA,NA,NA,NA,NA,NA,NA,NA,NA,TRUE,FALSE,FALSE
Triethylene glycol,C18-Pos-000335,Amide-Pos-000345,1134548.38362986,2281536.64201887,2539978.08169418,2758276.77573516,2618982.82050101,2492242.4118521,2982516.5018292,1334238.42361196,428350.949547398,2777683.1051225,2349590.89186845,1857540.35034768,1637455.16325619,1512562.52841783,1918048.08812841,1735802.72186631,1713211.53310226,1981245.93897869,1852425.4509451,1472450.46868468,3672715.85835412,1808175.63394174,1782275.66418467,1500560.75790766,1800211.54960584,1268057.48467015,322743.439452438,1379068.18292601,1273950.03798843,1871627.97588095,2026183.87444114,2419831.08122112,TRUE,TRUE,TRUE
Triethylene glycol monobutyl ether,C18-Pos-000400,C18-Pos-000195,755106.873903533,1452250.16772818,1373071.82702889,1120217.25954254,1109611.02754237,1832594.7538226,1027006.77886802,990435.759380068,1990983.79007954,2363643.42854699,1104996.1210235,3846603.27430413,1387009.27287392,1216359.84655423,1352875.58120206,1484244.81079074,975361.227285737,2189747.37383511,1511482.16554223,1452595.02144383,1396164.64296823,1447056.64366496,1180795.17492984,1477130.88964414,949204.495170114,1143819.55552848,985383.509674012,1046555.93702609,1110186.12216924,1745304.10442615,2025518.31247213,1710936.28874269,TRUE,TRUE,TRUE
Triisopropanolamine,Amide-Pos-000374,Amide-Pos-000340,447800.956724396,552316.60934098,493751.445174242,302399.294526614,2101833.98221385,289523.640146941,624405.073877516,558105.590558671,866065.791532273,1155977.2771543,1867717.47063319,473272.555159183,627887.271043742,NA,NA,3832088.85973686,1498442.79297598,2690955.51695621,1903197.72181605,2946275.09405241,2231191.53584674,3556585.77018101,1807447.75258139,1196439.6981079,1674216.71560613,2068545.75533605,1081720.24681377,2073138.85295466,215476.438077071,731015.780636239,1082051.42235753,1423199.88335509,TRUE,TRUE,TRUE
Triphenyl phosphate,C8-Pos-000032,C8-Pos-000025,239566505.436829,260184069.774635,258911066.424538,257719517.002028,254660104.95224,250300104.416369,252240889.806423,259538279.598839,226113476.771282,222037163.539206,221042789.487967,227342423.076645,219585431.713798,217001729.57369,223433751.924549,202414936.896553,233040202.385724,224306867.589958,228043317.02558,235323563.595182,226501297.633329,206306166.744606,250439553.547147,224667647.270279,241248817.788148,230808697.622426,158970990.373801,229169414.213999,220279818.254765,224109449.953867,223521004.308186,239775952.438891,TRUE,TRUE,TRUE
Tripropylene glycol,C18-Pos-000525,NA,491403.304137756,NA,362716.060872473,227337.832820442,283996.800271661,NA,327979.863482763,151463.666430809,NA,NA,NA,NA,NA,NA,NA,NA,NA,NA,NA,NA,NA,NA,NA,NA,NA,NA,NA,NA,NA,NA,NA,NA,TRUE,FALSE,FALSE
Tris(2-butoxyethyl) phosphate,C8-Pos-000210,C8-Pos-000156,5525560.0266331,3014158.97608051,3002859.35306379,3375688.43331662,3952403.0401436,3161152.2516646,7727626.80900739,3081121.89611247,1759657.08896158,2088961.48911076,1952623.65746993,1911897.93761496,1969393.43103784,1668077.98467606,15867917.6411503,1826619.85882678,1529546.2964465,1526642.99211181,1615629.1614821,1618154.33587992,2004727.99776338,1752452.47613438,1731433.83360303,1245206.01701832,1319262.28954149,1444241.10590228,1915710.46556788,1234857.83196523,1517277.67385869,1470132.35098376,1496246.90326636,1788456.78162065,TRUE,TRUE,TRUE
Tris(hydroxymethyl)aminomethane,Amide-Pos-000173,Amide-Pos-000100,12867233.0913,NA,8152439.27878729,6843651.35879401,NA,10310354.6523965,7751838.47901129,8480073.41110863,25741658.7591571,44888106.8616737,26743952.1631114,20063791.5281102,15598324.070198,32798437.3045979,32545537.4744919,20372704.4639492,10150207.3481966,6860909.87481009,12748592.4348515,20328444.3491046,15347082.1113979,NA,11923888.2578627,12330842.1037033,14669455.9380262,NA,6202790.93821694,8885121.43848097,26261472.5671713,22451812.9541449,13809163.6677957,20130080.4689469,TRUE,TRUE,TRUE
Tropine,Amide-Pos-000404,NA,941417.525199907,386353.72812607,1258667.31192859,1481999.64903613,1021305.82095488,NA,412743.504754161,846213.825853211,NA,NA,NA,NA,NA,NA,NA,NA,NA,NA,NA,NA,NA,NA,NA,NA,NA,NA,NA,NA,NA,NA,NA,NA,TRUE,FALSE,FALSE
Tuberonic acid,C18-Pos-000632,NA,72561.3346130915,29236.932380308,141193.878646388,55415.3867138875,38044.0194048843,61542.492479808,41296.4855002511,49957.3264418143,NA,NA,NA,NA,NA,NA,NA,NA,NA,NA,NA,NA,NA,NA,NA,NA,NA,NA,NA,NA,NA,NA,NA,NA,TRUE,FALSE,FALSE
UDP-N-acetylglucosamine,Amide-Pos-000316,Amide-Pos-000314,2919558.66207727,2970860.93785972,3670427.17930525,2215868.76265121,2848443.20432136,2877065.09687704,1696102.17859139,1453873.32475745,2957538.89410701,3353103.83878085,2504468.34433915,3075077.46190514,2337256.45286071,3274627.20510811,3020008.27593402,4716839.9384201,2721714.29231978,3183873.47827232,4030486.35985444,3563929.94944473,2440506.8780786,4113511.48572865,3972308.22480094,2145794.53232336,3238666.7492444,3447696.55020943,2417956.16229892,4106702.02407121,3391510.57619703,3330315.06901662,3804551.49664544,3115551.75916418,TRUE,TRUE,TRUE
URIDINE 5'-DIPHOSPHATE,Amide-Pos-000326,Amide-Pos-000409,639855.857330794,2236885.74173735,2214967.38273869,1931994.75320453,1977369.53829683,3423893.00960704,620089.336072118,1542323.32881731,2327775.64848908,2018121.29959634,1549190.79822565,2081450.9805722,1067816.726201,1159456.13836437,1050733.04996839,2026359.21631418,1486432.27732591,2077743.05556144,1977976.37785711,866146.025340178,1463478.78295397,NA,458727.582582807,969382.489516568,1241106.36630782,2092346.03449008,1737117.92653318,2046071.84266863,1405284.11399182,1740667.54210101,2133183.29145102,1834226.68012495,TRUE,TRUE,TRUE
URIDINE 5'-DIPHOSPHOGLUCOSE,Amide-Pos-000499,NA,348250.304199099,215923.06235284,324398.414445831,177595.087231923,223640.873570207,211702.953371124,173160.488137508,222368.312814852,NA,NA,NA,NA,NA,NA,NA,NA,NA,NA,NA,NA,NA,NA,NA,NA,NA,NA,NA,NA,NA,NA,NA,NA,TRUE,FALSE,FALSE
URIDINE TRIPHOSPHATE,Amide-Pos-000348,Amide-Pos-000449,140058.408766048,1190018.84759187,1664529.74685881,1100438.08034647,825069.556207611,2845006.53224597,130500.160991878,543489.385173332,1242977.84312471,1541405.09188456,NA,198527.335424417,125922.659313908,1470120.69449531,444249.378133685,682278.120843084,67680.2074669515,237998.71479567,274623.378760719,979478.693397962,110925.044703686,751373.618989427,NA,156123.453192879,405560.815589841,572625.730148857,404658.99061304,285654.014059333,696814.441638659,402845.107284961,718854.285868639,279304.391104753,TRUE,TRUE,TRUE
Undecanedioic acid,C18-Neg-000135,C18-Neg-000189,132676.702908025,111817.521710224,97387.6902533899,80078.7190980672,85241.6487288307,96559.5316272495,98883.4635284952,54667.0782221858,164244.023933556,156785.489775353,188420.975593852,175688.693708557,166840.084698752,183595.729442973,164887.945703227,195756.439909638,158734.404860333,158982.892122437,166386.65303315,198803.036783192,219428.411543097,161879.752203937,205751.63994822,138034.970090227,709374.719787173,220683.673439662,183935.542728987,165209.688624312,165836.492501554,161362.175150615,152137.079080428,169996.581384508,TRUE,TRUE,TRUE
Uracil,Amide-Neg-000094,C18-Pos-000101,7728593.70193672,7799927.63917844,1039779.99764154,6928728.59718241,9066967.28065949,2989038.46709705,8583254.30353384,964711.099154667,7323533.73221044,8670734.38099222,6526421.29300618,19980755.9483638,10973805.9626551,6314264.73411958,8064774.38553269,NA,24207733.2777131,11468452.8637696,25241914.2907059,6729534.65485083,10104571.2284183,6251304.70477381,5560692.6098471,9865239.5358582,12904322.8214417,6275961.71115465,9157881.16633101,14874162.453433,10671083.1431486,8607385.00794297,8651753.33338887,8527857.38964501,TRUE,TRUE,TRUE
Uridine 5'-diphosphate,Amide-Neg-000405,NA,168183.660574554,517401.320036598,326419.250051673,223891.904105479,198205.236622687,321515.915572189,42075.4517961246,93698.6325882643,NA,NA,NA,NA,NA,NA,NA,NA,NA,NA,NA,NA,NA,NA,NA,NA,NA,NA,NA,NA,NA,NA,NA,NA,TRUE,FALSE,FALSE
Uridine 5'-diphosphogalactose,Amide-Neg-000370,Amide-Neg-000485,784101.464346963,553946.506996264,481723.19456982,246728.738383145,262994.439816704,479879.587981623,153209.307642348,161862.750877906,550107.711247287,730498.07300904,405706.339583391,472935.936784987,532853.247204155,505255.463124999,568680.650176147,737030.864139352,637498.750235877,703899.575453857,266816.832859702,254998.05783593,441930.470961872,964464.637548081,347861.058780629,441510.028782835,549998.555913865,804831.847014364,794608.45385795,761270.039387548,602597.789502964,539975.468431696,754362.872023968,713560.24329646,TRUE,TRUE,TRUE
Uridine 5'-diphosphoglucuronic acid,Amide-Pos-000482,Amide-Pos-000532,313501.729434659,343114.085805836,315656.601068067,315201.423015914,407243.158363891,513937.793965627,322073.029313331,317819.847830024,309962.989793974,309603.171847112,327637.864544725,319792.157315511,251134.89360582,266684.771492632,232497.796006997,320847.205717429,324940.941160998,246277.040387249,254758.484713443,298473.484766393,242880.01801609,272983.674563261,361600.316740183,212047.548526554,243697.98500545,374599.070229001,NA,252308.348772589,269852.668827437,NA,290667.525090586,302537.902055102,TRUE,TRUE,TRUE
Uridine 5'-monophosphate,Amide-Pos-000368,C18-Pos-000081,1598747.82428044,1722224.63415071,2226769.45627887,774821.558044833,1297671.14552028,1255793.39531158,817149.885559082,1372942.49420209,6100242.60446277,6806974.78002895,6781722.64599524,3159718.96558864,14227089.0091695,34501741.2282235,8973433.97662525,3951408.41669903,5875052.10167686,2640097.34724862,4020331.4881315,15804876.5072147,7333973.84962386,7712675.70937227,32278766.1979808,19006794.531407,23222826.6689065,19711559.8590875,NA,20494965.4935882,27062403.4813984,7703023.65528516,11321395.3638657,12739432.2011948,TRUE,TRUE,TRUE
Urocanic acid,Amide-Neg-000467,NA,39074.117557657,55567.2312359645,50433.911500871,140583.048920094,25568.8625455858,37456.9868638577,60200.9223653689,22008.8685202512,NA,NA,NA,NA,NA,NA,NA,NA,NA,NA,NA,NA,NA,NA,NA,NA,NA,NA,NA,NA,NA,NA,NA,NA,TRUE,FALSE,FALSE
Valethamate,C8-Pos-000567,NA,87494.1240874073,116999.946889202,80130.8930758105,117215.536306669,109851.56892658,140325.597187779,61444.8345357138,48298.8024527241,NA,NA,NA,NA,NA,NA,NA,NA,NA,NA,NA,NA,NA,NA,NA,NA,NA,NA,NA,NA,NA,NA,NA,NA,TRUE,FALSE,FALSE
Valine,Amide-Pos-000089,NA,9729297.43809679,16947036.811943,56838523.8647873,22796512.8489538,NA,45334438.9549825,15502855.9205386,NA,NA,NA,NA,NA,NA,NA,NA,NA,NA,NA,NA,NA,NA,NA,NA,NA,NA,NA,NA,NA,NA,NA,NA,NA,TRUE,FALSE,FALSE
Vitamin C,C18-Pos-000031,C18-Pos-000049,169188288.728906,4526692.45122516,140017909.491446,NA,6886868.39525441,6533989.3776559,NA,133935526.132935,33871895.2324306,37244080.3427178,17961794.9809368,34242644.6346678,17324733.3415309,27319404.5177786,20242140.067181,22852239.5959112,38676067.3354574,33052639.7603725,60233864.0041017,7975781.28484357,23449993.6871529,40065609.2422813,30935171.8263289,28425816.6360073,29431430.1471069,53320934.8196025,19632653.735828,42252913.7459625,27935576.7678038,33398734.1836795,39469446.8638999,48279362.1340722,TRUE,TRUE,TRUE
Xanthine,Amide-Neg-000034,Amide-Neg-000118,27086902.2605425,26364748.547061,4527390.98647447,15575181.9128052,18365050.6532284,8530385.52341136,15500784.0195077,8479805.82395875,3366152.84475772,7949466.80404393,3292480.10503154,5425022.42253801,15365284.1494922,6110731.7256018,12216092.8837555,6068065.8060684,15868035.1761629,5238443.06641417,3517951.69346076,7094400.35945521,7456821.33875392,7642965.01369206,5426914.57600713,4882235.65515587,10095478.2271569,7337702.07272294,11435194.1983141,13017271.1031574,9728450.56777297,4031932.93003121,8237172.28744546,6836041.78685091,TRUE,TRUE,TRUE
Xanthosine 5'-monophosphate,Amide-Pos-000490,NA,112067.409999438,202343.727935366,422506.749915413,108069.768219039,395048.366785074,167206.700377099,185758.23323412,106783.27257595,NA,NA,NA,NA,NA,NA,NA,NA,NA,NA,NA,NA,NA,NA,NA,NA,NA,NA,NA,NA,NA,NA,NA,NA,TRUE,FALSE,FALSE
[5-hydroxy-3-(hydroxymethyl)-2-oxo-6-propan-2-ylcyclohex-3-en-1-yl] 3-methylbutanoate,C8-Pos-000571,NA,111661.046839065,91547.7898228673,87765.4093662355,106154.037470212,112667.829952876,64694.4696159365,123297.663833751,74645.6323378879,NA,NA,NA,NA,NA,NA,NA,NA,NA,NA,NA,NA,NA,NA,NA,NA,NA,NA,NA,NA,NA,NA,NA,NA,TRUE,FALSE,FALSE
[6]-Gingerol,C8-Pos-000259,NA,3854610.06018627,3646979.34622303,4802104.25901984,4293733.05389869,4721873.77607652,4719033.31428372,3930562.48048049,4261898.4956624,NA,NA,NA,NA,NA,NA,NA,NA,NA,NA,NA,NA,NA,NA,NA,NA,NA,NA,NA,NA,NA,NA,NA,NA,TRUE,FALSE,FALSE
[M-CH3]- PC(16:0_14:0),Amide-Pos-000249,NA,515727.313936931,1903910.4050217,3252597.39032369,675082.722961744,1935512.55971873,5592949.84304765,444325.081843637,2949487.52962726,NA,NA,NA,NA,NA,NA,NA,NA,NA,NA,NA,NA,NA,NA,NA,NA,NA,NA,NA,NA,NA,NA,NA,NA,TRUE,FALSE,FALSE
[M-CH3]- PC(O-16:0_20:3),C8-Pos-000424,NA,525828.946500897,833893.792965304,785006.76819281,304754.454247942,1180910.46752783,865445.870342662,1079368.60349108,481601.767593522,NA,NA,NA,NA,NA,NA,NA,NA,NA,NA,NA,NA,NA,NA,NA,NA,NA,NA,NA,NA,NA,NA,NA,NA,TRUE,FALSE,FALSE
"all-cis-4,7,10,13,16-Docosapentaenoic acid",C8-Neg-000034,Amide-Neg-000586,11988537.3471827,15954264.0499923,8333164.99964511,12710285.6045718,22796493.5430195,23693247.2171237,12129438.9658201,6888205.80438636,74031.2776184076,307420.934040375,53049.9574887652,67599.8059918066,232421.878961,37844.3498443122,98089.6424224357,104808.863990673,90652.9963931101,9811.08898480175,NA,NA,35742.1490937481,NA,14623.1932710723,16481.2335437671,70611.9276008322,83329.8650508914,311814.916327142,29907.5001200445,72639.6553726588,60042.5292023283,132198.094056192,60034.6985768921,TRUE,TRUE,TRUE
"all-trans-13,14-Dihydroretinol",C8-Pos-000452,NA,614815.336628346,451095.832977525,349169.827491266,815234.588961761,276754.780246871,78579.6400279484,93701.3065728236,61232.904663279,NA,NA,NA,NA,NA,NA,NA,NA,NA,NA,NA,NA,NA,NA,NA,NA,NA,NA,NA,NA,NA,NA,NA,NA,TRUE,FALSE,FALSE
brassicasterol,C8-Pos-000351,NA,NA,2036783.73409265,452965.624929029,NA,765996.134601417,1718360.06209677,135155.34928157,142157.742270721,NA,NA,NA,NA,NA,NA,NA,NA,NA,NA,NA,NA,NA,NA,NA,NA,NA,NA,NA,NA,NA,NA,NA,NA,TRUE,FALSE,FALSE
"cis,cis-9,12-Octadecadien-1-ol",C8-Pos-000311,NA,888771.781355543,2129079.20287581,1720451.84911551,2555496.60670903,2288396.46633417,3023195.33616465,1186976.06854485,802391.765866305,NA,NA,NA,NA,NA,NA,NA,NA,NA,NA,NA,NA,NA,NA,NA,NA,NA,NA,NA,NA,NA,NA,NA,NA,TRUE,FALSE,FALSE
cis-12-Octadecenoic acid methyl ester,C8-Pos-000413,NA,NA,501034.622817634,926193.276564737,1193845.96897681,1250042.3855385,868125.099291231,1020553.98410153,NA,NA,NA,NA,NA,NA,NA,NA,NA,NA,NA,NA,NA,NA,NA,NA,NA,NA,NA,NA,NA,NA,NA,NA,NA,TRUE,FALSE,FALSE
"cis-4,10,13,16-Docosatetraenoic acid methyl ester",C8-Pos-000385,NA,NA,329069.150756482,577748.122079831,499849.45366303,1529522.00992242,NA,494514.280926075,459512.480618189,NA,NA,NA,NA,NA,NA,NA,NA,NA,NA,NA,NA,NA,NA,NA,NA,NA,NA,NA,NA,NA,NA,NA,NA,TRUE,FALSE,FALSE
cis-4-Hydroxy-D-proline,Amide-Pos-000156,Amide-Pos-000217,7992887.20275776,16642842.7426808,11913310.3865069,8665310.40361439,13798626.791879,14286937.1459869,8094950.94618048,10327227.3028423,6750279.92787835,6081570.93505672,5131092.91526436,6662122.57056637,4497285.49127778,4880198.51939781,6404569.57458782,6600272.62659384,6493459.86813281,8559621.89746996,6486300.7941772,3885220.70127722,5710369.83699106,6981608.73007435,5317529.52037788,5615145.05090146,8154368.06160093,10826302.2442885,1881615.97991761,9221437.98729322,7409961.8197658,7131292.75535283,8275183.55068329,9128177.04717848,TRUE,TRUE,TRUE
cis-5-Dodecenoic acid,C18-Pos-000570,NA,186415.804916315,80734.3747452386,332301.78060955,223992.042467016,173543.379984981,47198.4744804708,155072.113438317,61327.682747376,NA,NA,NA,NA,NA,NA,NA,NA,NA,NA,NA,NA,NA,NA,NA,NA,NA,NA,NA,NA,NA,NA,NA,NA,TRUE,FALSE,FALSE
cis-Aconitic acid,C18-Neg-000038,NA,8781449.3594074,787269.725865477,NA,NA,786353.342726235,7448954.20074281,5901101.96097395,140999.403352186,NA,NA,NA,NA,NA,NA,NA,NA,NA,NA,NA,NA,NA,NA,NA,NA,NA,NA,NA,NA,NA,NA,NA,NA,TRUE,FALSE,FALSE
epsilon-Decalactone,C18-Pos-000390,NA,1160565.74376767,282255.488190958,1968846.09772588,1719267.0109786,1400829.21534018,222680.230795699,885087.125218375,375188.885740421,NA,NA,NA,NA,NA,NA,NA,NA,NA,NA,NA,NA,NA,NA,NA,NA,NA,NA,NA,NA,NA,NA,NA,NA,TRUE,FALSE,FALSE
ergocalciferol,C8-Pos-000306,C8-Pos-000568,685809.22741056,1997249.13594653,1750324.33197011,2348985.42269247,2123683.68531123,3152751.16353793,727367.848415397,735304.995803123,461335.999926645,518358.456866034,435232.251286271,477387.313359406,603853.81160236,704579.008657437,516479.772333742,599677.123849051,453785.493418137,485318.005522642,459450.941646361,631075.60830108,394292.417837407,633088.081618934,533158.627578135,408172.56943861,401877.258287677,408148.740551898,456622.503081625,525126.540953594,523827.989728533,409652.290049086,570818.557529989,633297.966439279,TRUE,TRUE,TRUE
gamma-Glu-Glu,Amide-Pos-000304,Amide-Pos-000399,3576945.78964968,3328244.57821475,3462321.47555614,2283947.14246969,3823867.16748533,3218809.96490119,1091441.23602626,972703.600425285,104901.738659964,NA,372260.16489542,435697.050748969,199649.013931982,396893.170279126,250724.472764274,NA,819363.838058145,832095.638085573,826044.860556796,465098.042492381,783904.135543009,NA,498570.684480044,426160.369715175,NA,2539748.27742049,NA,818117.101047037,NA,68910.8550991438,1118739.09901288,237750.620584982,TRUE,TRUE,TRUE
guanine,C18-Pos-000267,NA,4573192.34306926,4253616.55283154,2544781.9302167,5411364.99105522,5782209.9815395,6487446.0120628,4969867.12502239,4168165.32120497,NA,NA,NA,NA,NA,NA,NA,NA,NA,NA,NA,NA,NA,NA,NA,NA,NA,NA,NA,NA,NA,NA,NA,NA,TRUE,FALSE,FALSE
herniarin,C18-Pos-000631,C18-Pos-000268,142063.778304204,108139.869623347,107489.594047042,122715.328674517,135627.735371227,107056.130402922,133058.010643082,109032.527377046,760518.034393295,720904.180881022,628082.408394961,620808.770293513,709666.244218331,710242.34176366,709395.389344046,556089.646995591,771008.681423336,730242.223687686,731400.794429831,611301.138924861,639368.689258452,553403.293077391,155745.834599139,705095.800282762,680447.228962831,598809.626316217,639476.141124394,659902.172375968,634386.519051317,713030.495968351,679109.19512396,699919.681377761,TRUE,TRUE,TRUE
lenticin,Amide-Pos-000192,NA,2666484.70118867,583426.750584921,801012.694289103,913687.422424512,4364479.21872868,10342090.8013836,2693429.29931014,483926.185989578,NA,NA,NA,NA,NA,NA,NA,NA,NA,NA,NA,NA,NA,NA,NA,NA,NA,NA,NA,NA,NA,NA,NA,NA,TRUE,FALSE,FALSE
"methyl 2-ethyl-4-[(3R,4R,5S)-5-hydroxy-4,5-dimethyl-2-oxooxolan-3-yl]-2-methyl-3-oxobutanoate",C8-Pos-000195,NA,9104540.53853255,8484169.92460289,3179167.91360567,8549765.70110607,6747606.15560725,5321572.5524367,NA,4567302.8751826,NA,NA,NA,NA,NA,NA,NA,NA,NA,NA,NA,NA,NA,NA,NA,NA,NA,NA,NA,NA,NA,NA,NA,NA,TRUE,FALSE,FALSE
n-Octyl sulfate,C8-Neg-000149,NA,52638.6610755686,NA,NA,59090.5219611668,857170.879809828,652984.90020966,654687.30695321,395957.933660898,NA,NA,NA,NA,NA,NA,NA,NA,NA,NA,NA,NA,NA,NA,NA,NA,NA,NA,NA,NA,NA,NA,NA,NA,TRUE,FALSE,FALSE
norbraylin,C8-Pos-000582,NA,45232.0547853331,39624.9923590841,44513.1736313836,32514.6648878319,47223.3337973847,35546.6683295207,48919.6210792563,36436.1716891515,NA,NA,NA,NA,NA,NA,NA,NA,NA,NA,NA,NA,NA,NA,NA,NA,NA,NA,NA,NA,NA,NA,NA,NA,TRUE,FALSE,FALSE
trans-3-Hexenoic acid,C18-Pos-000452,NA,417537.778259005,327734.073736969,1040480.77605449,583682.565072011,779469.224869241,380212.539858826,699766.77701208,1035420.12774039,NA,NA,NA,NA,NA,NA,NA,NA,NA,NA,NA,NA,NA,NA,NA,NA,NA,NA,NA,NA,NA,NA,NA,NA,TRUE,FALSE,FALSE
trans-3-Indoleacrylic acid,Amide-Pos-000166,NA,5448766.16356673,9034304.5429465,8221130.61188007,6364121.68885744,9689943.07037805,14778696.3472086,7525764.56518248,7100446.94924503,NA,NA,NA,NA,NA,NA,NA,NA,NA,NA,NA,NA,NA,NA,NA,NA,NA,NA,NA,NA,NA,NA,NA,NA,TRUE,FALSE,FALSE
trans-Aconitic acid,Amide-Neg-000321,NA,1212338.130116,736951.148511487,NA,698067.386654997,596060.824389656,873613.604507736,392095.377228059,622018.381997784,NA,NA,NA,NA,NA,NA,NA,NA,NA,NA,NA,NA,NA,NA,NA,NA,NA,NA,NA,NA,NA,NA,NA,NA,TRUE,FALSE,FALSE
valeramide,Amide-Pos-000222,Amide-Pos-000257,5777551.79160498,5023637.85977044,1966168.11140927,2099126.07574794,6139934.22187018,1844570.06251293,5971789.11138693,7612970.24313583,2333396.15005648,3335822.712842,3648472.71899703,3849903.2578068,2568657.44513253,NA,NA,7566887.82164949,4356780.59702812,5382089.76442446,4129533.67839921,7901129.8993494,4831421.45803231,5920149.49349209,4629104.560117,3464936.31051388,5444902.75261925,5075079.7506206,4152750.50861004,7680946.81453673,3592176.28467873,4058515.54563781,4010438.93226271,4412169.9525772,TRUE,TRUE,TRUE
Δ17-6-keto prostaglandin F1α,C8-Pos-000548,C8-Neg-000192,NA,190085.040990476,232522.477358316,251525.236332984,245199.500284061,232675.386664782,187027.293643331,229818.73503518,487704.230606738,432681.429948736,426242.551749239,169122.945551817,385676.398040968,253901.827171771,320478.106691745,251457.993876304,105609.11089444,129539.755481237,147107.275416962,400236.617799051,274793.71589147,234893.89764831,309404.03081381,254830.05118347,179819.795319238,209498.032114177,74955.1229440994,188881.322453534,198181.853837269,206402.607034968,173483.055137142,248633.831752216,TRUE,TRUE,TRUE
Δ2-cis-Hexadecenoic acid,C8-Neg-000046,NA,4562253.50577244,8774657.57240012,4609470.91944772,3511176.3959877,9493488.73586579,13041497.154128,6901016.74824253,4442121.9517361,NA,NA,NA,NA,NA,NA,NA,NA,NA,NA,NA,NA,NA,NA,NA,NA,NA,NA,NA,NA,NA,NA,NA,NA,TRUE,FALSE,FALSE
Υ-Aminobutyric acid (GABA),Amide-Neg-000179,NA,2331663.83901533,3151986.96190226,2662171.77511192,1874333.00099895,2057126.71236863,3934001.70094984,1618968.83422402,2242890.78603768,NA,NA,NA,NA,NA,NA,NA,NA,NA,NA,NA,NA,NA,NA,NA,NA,NA,NA,NA,NA,NA,NA,NA,NA,TRUE,FALSE,FALSE
"α,α-Trehalose",Amide-Neg-000155,NA,120475.013875262,2880657.7825246,272593.614391143,31009.6555085807,246562.383808064,4714711.85414043,2855552.88478953,266624.638262134,NA,NA,NA,NA,NA,NA,NA,NA,NA,NA,NA,NA,NA,NA,NA,NA,NA,NA,NA,NA,NA,NA,NA,NA,TRUE,FALSE,FALSE
α-Cyano-3-hydroxycinnamic acid,Amide-Neg-000362,Amide-Neg-000556,548914.86178379,850486.165426988,304299.773315696,422306.841535883,225381.306669133,367089.419283258,326443.569408672,387046.084467498,115002.576278314,245178.197570219,152734.296664947,8078.41462832504,234940.649222624,295843.652465123,254493.863654975,171611.322104132,NA,167064.406182389,215174.059500287,85927.8283409099,97868.873191006,235356.464473095,93804.1576877432,215261.832441542,327183.915492611,308956.586579581,NA,397614.877693207,287014.189121983,NA,NA,361200.643724812,TRUE,TRUE,TRUE
"α-D-Glucose-1,6-bisphosphate",Amide-Neg-000242,Amide-Neg-000246,483593.644292107,2427830.59534087,2064991.11572677,1029011.53542103,799455.100375007,2145890.39712471,215107.118037972,626091.529421553,333391.904155925,506199.042340247,286684.676581387,186646.990277618,110138.219424324,698747.870917762,357209.562041344,1003484.73294253,186276.52937717,1204950.05740185,471123.564923676,320230.822980821,99485.9824651455,2047568.68786172,390090.475222637,117078.454312943,542654.88802977,1073119.71998503,5433623.90552427,788306.611622352,641109.209292401,353170.187871741,1237432.56136368,337662.291061345,TRUE,TRUE,TRUE
α-Eleostearic acid,C18-Pos-000395,NA,1913242.216744,1584550.52440099,1167009.55151952,745078.77407045,666671.366651376,NA,1015794.20992102,715035.565244946,NA,NA,NA,NA,NA,NA,NA,NA,NA,NA,NA,NA,NA,NA,NA,NA,NA,NA,NA,NA,NA,NA,NA,NA,TRUE,FALSE,FALSE
α-Pinene-2-oxide,C18-Pos-000647,NA,38914.7204385083,29040.9541128875,11238.0693223122,NA,13276.7634452855,36042.6125402172,68439.4178404281,NA,NA,NA,NA,NA,NA,NA,NA,NA,NA,NA,NA,NA,NA,NA,NA,NA,NA,NA,NA,NA,NA,NA,NA,NA,TRUE,FALSE,FALSE
γ-Linolenic acid ethyl ester,C8-Pos-000494,NA,527148.361591322,421835.040155253,292503.21461444,481157.872005322,322585.502672264,NA,NA,473291.294646402,NA,NA,NA,NA,NA,NA,NA,NA,NA,NA,NA,NA,NA,NA,NA,NA,NA,NA,NA,NA,NA,NA,NA,NA,TRUE,FALSE,FALSE
"δ-Ribono-1,4-lactone",Amide-Neg-000265,Amide-Neg-000061,1966836.64417374,2005818.61583686,922845.17941332,911404.98529936,1225021.56245929,1423525.11705373,609532.717216037,163641.0674143,13172857.2599016,25130968.3123061,10228074.7129928,13263072.0195577,22089149.4630512,20977924.2524818,30170028.197949,20061052.1638468,29656697.9250893,22455689.9073748,8038239.11968892,8718814.99633189,12733846.0531029,34372118.6626088,11018595.9342165,10967224.9551831,26970448.0659569,26064050.4677622,27579226.2593206,NA,25720228.7162321,19565654.9619011,28694247.5035197,22585752.873006,TRUE,TRUE,TRUE
(+/-)12(13)-DiHOME,NA,C8-Neg-000181,NA,NA,NA,NA,NA,NA,NA,NA,169114.317817652,322113.169367921,242445.374730052,173651.140929353,422073.877706825,683005.785771635,195525.770644484,501422.461267554,298936.699183837,204469.136887215,212080.053510628,227122.498039245,220434.19125058,221622.686905006,268222.174075306,146289.020750604,178914.87242529,130117.033089007,227658.344591515,154823.766125678,132656.121485128,162764.059932249,129182.956729079,137309.859583057,FALSE,TRUE,FALSE
(+/-)8-HEPE,NA,C8-Pos-000489,NA,NA,NA,NA,NA,NA,NA,NA,NA,588888.801647607,519159.419567314,653326.954796698,391198.088384131,NA,404229.373713377,NA,1198661.46328551,443622.787181214,505514.036729309,NA,485337.688776741,323859.597088728,NA,298829.873649839,646663.168680994,422327.826713929,319474.301030028,265205.644496259,202230.352007457,257762.227493456,NA,453971.213862614,FALSE,TRUE,FALSE
(-)-Corey lactone,NA,C18-Neg-000173,NA,NA,NA,NA,NA,NA,NA,NA,971223.245453641,504154.322815955,491544.216281905,384986.647501875,416436.847388411,466935.545386281,528527.156293636,460176.755620603,429127.447819113,400121.914980721,644015.789045534,443838.422465705,465618.416062977,418670.761389446,434379.2868654,472925.600928489,457909.648509462,347808.767791188,362228.986918257,398836.31187071,384968.437370633,471752.330229273,412079.650859355,733292.201396227,FALSE,TRUE,FALSE
"(2-aminoethoxy)[2,3-bis(octadecanoyloxy)propoxy]phosphinic acid",NA,C8-Pos-000344,NA,NA,NA,NA,NA,NA,NA,NA,1419487.47904821,1498201.0319028299,1268603.74854007,1042790.98057766,1219474.10321979,2035607.14817389,1397979.45041245,1289400.13854274,1711370.79896528,1402744.4510675,2790821.16989151,3398196.5541027,1564345.02561879,1824010.42694805,1912539.31574601,1612756.74237246,1889814.59426132,2568054.5582787,3082974.50370871,1807455.30720139,2850560.98813499,1373989.66215199,2600397.04121216,1730936.21997605,FALSE,TRUE,FALSE
(2R)-3-Hydroxyisovaleroylcarnitine,NA,C18-Pos-000179,NA,NA,NA,NA,NA,NA,NA,NA,1674042.53924087,2638451.56398394,4187108.67395109,NA,988266.24220412,1564066.48398313,2211561.95221894,NA,3112543.69701591,NA,1789244.68870213,936170.319758977,1310025.08141918,1475203.72921868,NA,2096227.48032114,1876552.5498407,4936316.1128218,4792846.84110859,2031378.44465875,2183238.97233684,2678187.73583998,2692351.26717401,3397271.95099233,FALSE,TRUE,FALSE
(3-Oxo-2-piperazinyl)acetic acid,NA,Amide-Neg-000274,NA,NA,NA,NA,NA,NA,NA,NA,451541.203996406,1976638.27901007,4235207.60507565,754510.47705426,4572528.0515756,1563373.23081074,2727944.972374,718923.55392964,473661.642648377,758687.459816718,NA,1777310.76496215,3785826.8050682,601254.826294308,2360938.4951732,1259657.42131453,1971301.59260911,1900967.79592787,2801728.77191017,565137.481005483,2780204.5427673,1023003.95929109,1425382.82680264,3901494.29322904,FALSE,TRUE,FALSE
"(3aR,8R,8aR,9aR)-8-Hydroxy-8a-methyl-3,5-bis(methylene)decahydronaphtho[2,3-b]furan-2(3H)-one",NA,C8-Pos-000574,NA,NA,NA,NA,NA,NA,NA,NA,249189.435492928,247822.100103193,284476.921264378,241164.412974629,234571.242928496,264599.874598623,264269.652008922,202651.561685523,214402.367058653,223345.119420859,256068.335062189,222182.192173602,220912.555054616,198677.934280727,259774.751512342,242904.055338875,250801.685804921,258282.070016368,578021.332737814,NA,234402.340316151,232304.173563605,217597.393768258,159765.118776803,FALSE,TRUE,FALSE
(5Z)-3-Hydroxy-5-dodecenoic acid,NA,C8-Pos-000525,NA,NA,NA,NA,NA,NA,NA,NA,251968.917795201,192397.116160367,136105.228593969,579356.607556755,186171.89869147,194763.482683478,214267.956303338,191273.516360313,167378.607217751,177693.278147154,165594.473619127,171040.806480199,263563.115529745,196092.36922956,221850.565216451,160241.61822965,904390.05566861,242000.270671952,199387.687780362,203593.076728314,196122.578926985,213411.713893189,207169.681238545,120271.202694452,FALSE,TRUE,FALSE
"(E)-5-(1,2,4a,5-tetramethyl-7-oxo-3,4,8,8a-tetrahydro-2H-naphthalen-1-yl)-3-methylpent-2-enoic acid",NA,C8-Pos-000594,NA,NA,NA,NA,NA,NA,NA,NA,NA,591488.236195093,379405.504223568,524136.648635677,532843.741860084,490667.424061913,393214.554307775,NA,490752.936904123,NA,412301.428127743,408982.612766793,362509.539874077,401621.188900017,NA,435315.576764061,418101.544754307,301605.027190617,309034.842569114,410878.212150388,404283.194627492,334747.114949602,337477.248667065,268692.727038662,FALSE,TRUE,FALSE
(E)-5-(But-1-en-1-yl)-6-(hydroxymethyl)-4-methoxy-2H-pyran-2-one,NA,C8-Pos-000639,NA,NA,NA,NA,NA,NA,NA,NA,188877.079839786,241213.633896967,253796.384517511,225215.109176193,183803.165348591,227588.153399621,239449.677567916,238398.502796087,369137.462768393,185891.548219074,221436.933868146,203755.17645367,347244.310153005,199273.113043884,235209.289373942,321412.289818663,364006.895447684,242284.710692413,235723.285181643,185025.427175368,259355.087323719,224838.883011983,243187.997421726,221040.404623673,FALSE,TRUE,FALSE
(E)-N-(2-Oxotridec-11-en-1-yl)acetamide,NA,C18-Pos-000296,NA,NA,NA,NA,NA,NA,NA,NA,395386.431072196,348914.357323661,363841.949729668,354324.447969804,355030.078002569,329772.813296776,409717.842612615,341977.517068894,339928.793673199,331149.43802621,364280.049758733,344724.672419708,351892.243199676,307913.489652551,341106.554784063,347510.782687733,371698.702022054,338551.078010898,332411.147291858,325835.278550138,319368.559720299,372877.499037209,350968.112286356,390086.087049572,FALSE,TRUE,FALSE
(R)-Ketamine,NA,C8-Pos-000202,NA,NA,NA,NA,NA,NA,NA,NA,45294.4298587242,63822.2341350496,66899.6685213955,9972840.18212855,97372.2205571062,58600.9727130331,88122.0667713344,58255.9779461976,84511.652182492,61891.0449356144,856480.867635194,51693.2927063581,59315.337392132,48890.4179258013,56159.6008947746,1643994.35163865,59639.7617036717,55662.3459878668,59075.4922820982,50174.9298272138,47079.8382271981,43668.6546677849,56325.830535524,56951.9739939936,FALSE,TRUE,FALSE
(R)-Pantetheine,NA,C18-Pos-000303,NA,NA,NA,NA,NA,NA,NA,NA,12422.1050506933,29901.8480563846,NA,102419.644263652,121878.122447588,73404.1497134991,53290.3522248959,54803.826501182,308887.388861354,31530.2403163319,69150.3013839359,20762.1571198008,101246.24516202,25476.7812844455,59857.1048332277,72726.3335132524,66168.3681558039,48755.8417041844,87358.0182465249,36928.7903015792,118085.794522273,74770.5878365294,97694.7877838898,58532.0259058173,FALSE,TRUE,FALSE
(S)-N-α-benzoylarginine ethyl ester,NA,C8-Pos-000573,NA,NA,NA,NA,NA,NA,NA,NA,55623.6715887821,29466.7826036257,21395.5153065134,44225.6411660404,65182.4170621333,26537.8276944946,25159.9850519869,61400.7860930486,NA,31755.6589883757,72946.5786491904,30717.6247608574,43901.954407155,NA,34646.490206176,60601.6752953843,114858.062732791,58814.0892170502,371225.545601012,63025.6781841218,NA,79248.5362511763,155281.246181577,60657.3010687067,FALSE,TRUE,FALSE
(Z)-2-Oct-7-enylpent-2-enedioic acid,NA,C8-Neg-000148,NA,NA,NA,NA,NA,NA,NA,NA,1271981.49005364,1140795.86490744,1266093.69546571,1189486.5114638,1397733.75537983,1407596.14435581,1472199.6645698,1319760.17976987,1468338.60295347,992445.440726405,1368162.17309437,1239493.67020974,1123848.23993559,1364051.48966894,1094059.02188165,1135545.24923432,1219437.43176945,1027530.85614389,937387.746993407,1295111.31235372,1213551.37195948,1039391.4058116,1045941.04958336,1039286.95784035,FALSE,TRUE,FALSE
"1,2,4-Triazole-3-carboxamide",NA,Amide-Pos-000265,NA,NA,NA,NA,NA,NA,NA,NA,1290983.4095582,2142180.20123658,1935788.57522912,2437324.00500951,2899389.38750777,1753085.10289428,2403612.87168256,1981292.10509924,2599936.3398093,2303156.36223664,1323641.15591401,7414433.03192365,5677483.95939317,1930358.35474782,2076781.44897363,3398215.01162586,2530207.78985122,2209244.92363612,2759130.80167674,1892135.05905281,2236867.17852882,1969773.59926617,1745868.19551326,2207627.30655905,FALSE,TRUE,FALSE
"1,2-DIDECANOYL-SN-GLYCERO-3-PHOSPHOCHOLINE",NA,C8-Pos-000565,NA,NA,NA,NA,NA,NA,NA,NA,183135.285864358,492361.252164822,484278.812765393,714713.780819652,460098.642290096,NA,584749.862238193,435012.140749751,595172.294569618,497120.139217353,345302.617991208,113428.8127023,364374.935858769,291250.321455384,324636.74907948,NA,161122.754675292,356329.980061296,167040.293073392,NA,197684.683578292,199311.100186159,317536.556810591,259447.485216419,FALSE,TRUE,FALSE
"1,2-Di-(9Z-tetradecenoyl)-sn-glycero-3-phosphocholine",NA,C8-Pos-000598,NA,NA,NA,NA,NA,NA,NA,NA,414291.278333373,424748.278879139,168613.838155524,522686.163689981,375996.099705113,212359.169861196,248604.531371241,243779.54529803,463847.707687185,532420.091385877,580893.050357482,480803.527377284,382606.561590443,246531.514729952,308713.462022214,271283.810137752,290956.198531255,300889.224255915,253147.910949347,59669.7736561916,241900.69092932,322753.455262438,411521.682015435,158115.921997642,FALSE,TRUE,FALSE
"1,2-Didocosahexaenoyl-sn-glycero-3-phosphocholine",NA,C8-Pos-000322,NA,NA,NA,NA,NA,NA,NA,NA,2548936.45585086,1903737.53356484,2004109.97902412,2298114.27115551,2464922.79356624,2793317.62431087,1582578.31109924,2920439.41497395,3965408.33557542,1639568.75190337,2004760.81963987,NA,3163742.95191214,2403480.96574813,3017994.14092165,2531738.62516552,3448429.46887785,2123684.93488675,3888689.27327676,3263910.03070032,2826255.98894293,2513580.74947918,3652652.24280347,1831504.4740491,FALSE,TRUE,FALSE
"1,2-Dilauroyl-sn-glycero-3-phosphatidylcholine",NA,C8-Pos-000542,NA,NA,NA,NA,NA,NA,NA,NA,434102.329826837,494307.095104281,482327.973354419,770503.435232498,564263.818676581,543965.573354681,595303.984170757,561589.236072999,813218.042627131,821949.723343822,613687.748506215,341958.219425408,605549.230156688,791603.062891757,622013.854788852,842865.149532293,373747.724149586,790012.138456231,234520.76048764,794478.580706421,426581.854156945,357610.128035441,465417.69510491,542240.687649434,FALSE,TRUE,FALSE
"1,2-Dimyristoyl-sn-glycero-3-phospho-L-serine",NA,C8-Pos-000487,NA,NA,NA,NA,NA,NA,NA,NA,491010.313197031,435377.180610268,408078.045606225,559571.640201831,484736.169273571,548776.748624797,663031.420907295,583723.760506817,618115.515371177,861082.832297218,556356.724626391,1216473.44323274,550220.782605513,667033.949417582,782354.603650386,830552.477150333,570185.677138475,547447.964503193,552913.88528566,681078.985910252,716949.805355735,466006.577192949,542732.323027394,624574.813100241,FALSE,TRUE,FALSE
"1,2-Ethanediol, 1-[(2S,4aR,4bS,7S,8aS)-2,3,4,4a,4b,5,6,7,8,8a,9,10-dodecahydro-7-hydroxy-2,4b,8,8-tetramethyl-2-phenanthrenyl]-",NA,C8-Pos-000440,NA,NA,NA,NA,NA,NA,NA,NA,191981.72863543,795716.471520241,444676.405658037,266443.409209568,377913.42021805,263668.163559727,145807.484933394,194659.568563043,294699.216352206,550197.05332684,562022.392993924,324117.40357047,309308.570874562,436191.697158266,151637.759434444,222543.781460495,252385.281128907,124705.419896537,443383.643049475,526557.881197025,179549.354834215,198031.275159597,1643553.25696439,368736.715315654,FALSE,TRUE,FALSE
"1,24-Dihydroxyvitamin D3",NA,C8-Pos-000338,NA,NA,NA,NA,NA,NA,NA,NA,1460118.98230997,1660910.16955817,1590555.57880615,2319683.38842039,1090521.94939214,1662856.55546151,1549896.0505859,1215656.76731316,1714491.2133023,3572453.36420825,1383741.03974542,2693946.18022215,1584807.31874258,1652848.04937885,2193958.44061069,716447.71890471,1313101.03121763,1228430.50985027,2337110.95623884,1774019.33898459,1644003.19728051,1575481.20424711,1917677.57445876,1790193.45488789,FALSE,TRUE,FALSE
"1,3-Dimethylbutylamine",NA,C18-Pos-000183,NA,NA,NA,NA,NA,NA,NA,NA,NA,2919324.56924525,743633.835698168,NA,4433561.92527894,928515.670378493,NA,1035425.13655327,1053682.63562193,NA,3472839.06531458,1151677.33251649,4610267.3152637,1068292.86297878,NA,2488006.72809632,2913507.47578365,974760.782317217,653960.239096072,3672897.04979075,783948.727322904,1540448.64256474,NA,1006234.21770209,FALSE,TRUE,FALSE
"1,3-Propanedione, 1-[4-(1-methylethyl)phenyl]-3-phenyl-",NA,C8-Pos-000695,NA,NA,NA,NA,NA,NA,NA,NA,104255.886757801,166022.180899831,153577.53332956,126086.481491734,141393.898198185,168773.451542501,108602.489906312,100879.680660644,76597.8132788391,118941.250425677,153865.455032894,166137.987150893,111928.107278841,79307.5715042607,137167.447752212,95482.448772274,131562.343293023,102821.327254888,127569.555849138,96188.5711504001,104699.202806563,114986.854399503,133098.099984211,141604.913687137,FALSE,TRUE,FALSE
"1,3-di-o-Tolylguanidine",NA,C8-Pos-000722,NA,NA,NA,NA,NA,NA,NA,NA,22312.7236680474,28760.7925786276,27260.2672344396,26796.3206572133,20131.6804070656,25704.1323113203,27563.6064903954,29649.4954324674,24944.9059946825,24179.8800814796,19575.6594503672,26181.1584049665,27707.0158430052,24972.3643667764,27952.4410022887,21949.1620436742,34869.7282167339,32435.7596889242,21714.6357581314,29827.6382928786,34066.025303427,28883.6970823511,30362.7910181445,32497.2742585748,FALSE,TRUE,FALSE
"1,4-Anhydro-6-O-[(9Z)-9-octadecenoyl]-D-glucitol",NA,C8-Pos-000370,NA,NA,NA,NA,NA,NA,NA,NA,2350698.91551919,NA,992284.972094737,1386469.11132683,1498048.35875359,NA,2182983.39194589,1985814.23678237,NA,NA,2317609.21053613,2410339.45703237,772104.176598384,2464857.28663567,2208089.28397552,2149666.6590985,2221771.32375321,2449001.52966849,2327638.40771803,NA,1566851.45281811,866524.509363429,1068884.3522829,1606171.40957492,FALSE,TRUE,FALSE
"1,8-Diaza-2,9-diketocyclotetradecane",NA,Amide-Pos-000276,NA,NA,NA,NA,NA,NA,NA,NA,740761.323730053,430989.884215283,1470540.27227902,2216654.10014109,651432.424772235,1042480.06586802,931269.234239149,2515739.67670197,750396.529702309,738382.787177668,1158670.38231266,4954532.43257481,6852739.4847244,737788.608332978,2590891.58511149,NA,1778710.10366303,1111921.08705302,773998.207080811,966189.448977001,1576269.82847353,437002.790336563,3609746.00915525,1542973.58833299,FALSE,TRUE,FALSE
"1-(1Z-Octadecenyl)-2-(4Z,7Z,10Z,13Z,16Z,19Z-docosahexaenoyl)-sn-glycero-3-phosphoethanolamine",NA,C8-Neg-000175,NA,NA,NA,NA,NA,NA,NA,NA,751647.377554798,632480.220301047,596911.307478127,431953.853274519,560033.596069413,447527.111004931,211858.822273411,766571.658983911,667656.554824479,453566.476421243,541017.014253426,NA,577462.027848288,342253.619114855,615865.937529865,NA,473733.764889472,387925.250703717,616687.961298812,591989.220527839,509134.738942782,777458.22220378,503667.840475459,580199.083951807,FALSE,TRUE,FALSE
"1-(3,5-Dihydroxyphenyl)-12-hydroxy-2-tridecanyl acetate",NA,C8-Neg-000198,NA,NA,NA,NA,NA,NA,NA,NA,248506.223982095,202180.657712559,323483.279066559,209487.521293451,207636.354011549,289555.852839192,188658.709397497,329070.883977614,233893.260868278,129224.058496058,207541.096027072,260059.729924337,207785.422188655,166542.40480149,233781.240707498,171668.768482621,244619.373560874,259325.157649843,191335.297681849,348183.910918885,383079.456810325,224879.644103624,165995.865749425,291010.380091345,FALSE,TRUE,FALSE
"1-(3-Ethyl-2,4-dihydroxy-6-methoxyphenyl)-1-butanone",NA,C8-Pos-000580,NA,NA,NA,NA,NA,NA,NA,NA,383227.685987873,409357.145328136,636158.733128918,448300.946539965,445618.298960605,490917.747389274,548735.055631694,355192.726688786,346124.491885522,363321.920242582,492506.641588538,411663.408045704,426515.621237128,362190.920866179,490449.019795377,381623.762057118,299440.051581019,468558.007741801,363325.536994358,376283.463111689,338583.355654385,329120.487248691,367646.81825388,459833.693251876,FALSE,TRUE,FALSE
"1-(4,6-Dimethylpyrimidin-2-yl)piperidine-4-carboxylic acid",NA,C8-Pos-000705,NA,NA,NA,NA,NA,NA,NA,NA,78786.2045059763,81920.6280865102,111317.570842447,84291.470620218,78916.8677418459,126104.546122778,107971.354081039,84444.0151222291,109055.648723983,76797.7877411296,77296.7219009639,108402.295488176,84820.085858282,78810.5927634488,120992.915292796,79606.9731686789,88879.4595064683,73698.3082740599,57600.2498104769,88994.0705488239,89726.6772108152,93645.3287415775,87583.9963918359,113187.463080535,FALSE,TRUE,FALSE
1-Acetyl-4-(2-hydroxyethyl)piperazine,NA,Amide-Pos-000222,NA,NA,NA,NA,NA,NA,NA,NA,4868502.74992257,5255103.54161909,1648531.7365296,10355671.42227,1427023.36228613,1625030.27103235,1368497.97799865,3549095.73020774,4912908.00444313,4649450.33048663,9222001.3618712,959084.475729242,1441750.31392454,3836699.22207232,348365.829111014,2934917.85714131,2636945.82482035,2106805.70994212,1801290.37833812,6210031.39936089,2654155.10170093,1935363.68335273,4108171.40357702,2222866.62233758,FALSE,TRUE,FALSE
1-Benzyl-4-(α-α-cyanobenzylidene)piperidine,NA,C8-Pos-000250,NA,NA,NA,NA,NA,NA,NA,NA,6422759.24009906,5640183.27793909,6145228.54902989,6225341.48716218,6238962.67510457,5883670.08083886,6257649.351378,5682064.95458687,6219762.0164682,6053135.18205469,6187849.06932703,6346336.22061919,6049739.08607788,5724794.42019198,6108612.86718056,5942054.26219408,6335734.32979843,6477706.0652949,4356618.64614911,6055999.11081689,5995070.65748279,6351034.29345358,6175703.2124306,6608091.21967402,FALSE,TRUE,FALSE
1-Deoxy-1-(methylamino)-D-galactitol,NA,Amide-Pos-000223,NA,NA,NA,NA,NA,NA,NA,NA,5770046.8235452,820756.940702399,331600.698928878,348119.788763742,155749.885048839,7345451.16071772,9907000.16526559,1298605.29006033,1207629.43404552,273398.402144444,247560.429429328,1556603.9169837,256798.207684107,NA,2953708.89593517,7687595.40926414,519114.745316403,3615777.48440191,564911.053378764,695447.337477786,NA,1281905.50915876,2115923.83549906,10204809.6020482,FALSE,TRUE,FALSE
"1-Hexadecyl-2-(5Z,8Z,11Z,14Z-eicosatetraenoyl)-sn-glycero-3-phosphocholine",NA,C8-Pos-000187,NA,NA,NA,NA,NA,NA,NA,NA,7933782.87274181,9786508.78296899,11336259.2630481,7186063.70545669,6381988.043958,10218352.0346451,8528830.77822658,2321572.81443744,9462768.09537625,7335222.2513754,7353082.88851738,10468011.1436281,7831822.13542222,7565329.56366349,8169681.00727312,8732890.81797854,7532500.49664886,7709447.38061289,10031552.5648114,10494925.4144226,7662132.31528228,6629642.83277185,9958405.70635859,8561037.51756299,FALSE,TRUE,FALSE
"1-Hydroxy-2,5-pyrrolidinedione",NA,Amide-Neg-000243,NA,NA,NA,NA,NA,NA,NA,NA,1772846.89382358,3022262.14654036,1949895.32617501,2368181.92516876,3082227.58239908,2905724.62225515,3545032.2599301,3536500.60724657,3379754.46483273,3439931.78002103,1289063.39004552,2767293.10916628,1748248.122703,4596233.64809563,3051179.8999634,2099815.95267503,3361523.16011841,3664482.03636716,5590817.17636705,3862681.49665617,3116154.47482667,2419623.40120353,3454935.17137734,3708023.43030146,FALSE,TRUE,FALSE
1-Hydroxy-2-(3-pyridinyl)ethylidene bisphosphonic acid,NA,Amide-Pos-000218,NA,NA,NA,NA,NA,NA,NA,NA,6002733.01127314,10788893.1804509,5864651.08961867,5064012.06752756,5900885.98722299,6379858.97462935,5803843.85051907,5426493.58466031,6839063.40077601,5781893.25147035,9591524.71768709,4759457.54486568,7478289.36204986,5082335.35793997,9164584.52355087,6234752.2174039,9921613.13437419,8898558.13963591,8692842.68631792,10446085.8014298,8062225.6953197,5492243.37455246,10133293.2829918,7457953.40989768,FALSE,TRUE,FALSE
1-Methylnicotinamide,NA,Amide-Pos-000239,NA,NA,NA,NA,NA,NA,NA,NA,1487040.67676381,2436441.74004759,1003839.15910319,3640646.84034784,3076872.94872303,3414860.02599395,8875093.08067699,1148426.61527802,2028439.79004576,NA,1229953.73303471,NA,NA,445842.64250179,4047465.25127271,1509004.97039071,1429648.35350229,1286702.51265354,6187801.24097447,NA,920534.660352753,1049613.55136523,2698255.17323968,1376646.35341771,FALSE,TRUE,FALSE
1-Palmitoyl-2-azelaoylphosphatidylcholine,NA,C8-Pos-000603,NA,NA,NA,NA,NA,NA,NA,NA,313502.243343344,227569.119420092,338973.202467069,554942.03006622,241542.018092972,253241.128882502,NA,336615.587448483,265901.134997905,371483.234530155,195789.022032347,254289.048469613,385410.341751173,356296.416183257,293340.681319291,267159.091243725,119699.697901019,274817.90513898,186662.158132112,259541.528199411,205172.328455094,68236.6023329535,NA,NA,FALSE,TRUE,FALSE
1-Palmitoyl-2-stearoyl-sn-glycero-3-phosphocholine,NA,C8-Pos-000083,NA,NA,NA,NA,NA,NA,NA,NA,7082146.06652903,10500027.1871134,3198035.65640524,3809883.61732887,3975105.76292279,14283430.4480651,6533436.71459449,5790132.17887295,11107151.8292669,9618291.40073032,37076226.3321892,32241385.3679755,4276545.24008064,15075289.1566466,6553312.04578875,16308668.2839242,19134338.3535657,19724508.241207,32677724.4540019,25236843.084075,27606458.9495798,14643223.2660037,39388487.688792,22879216.6705354,FALSE,TRUE,FALSE
1-Pentadecanoyl-sn-glycero-3-phosphocholine,NA,C8-Pos-000534,NA,NA,NA,NA,NA,NA,NA,NA,530108.627710867,NA,665149.945597693,NA,691650.760703219,NA,467006.537595478,161661.775706251,NA,453787.789874731,429857.607758597,533745.532718162,446725.874903444,NA,NA,536970.117239279,438675.828529682,446811.596482417,875986.316818414,360151.279365309,358959.694542065,416028.171172696,410382.499658199,604856.946032141,FALSE,TRUE,FALSE
"1-Pyridin-3-yl-1,4-diazepane",NA,Amide-Pos-000269,NA,NA,NA,NA,NA,NA,NA,NA,641420.086575462,825620.208279108,5536015.62435633,2281055.02441685,5553678.65315182,3682003.91217531,6271245.60699199,4423017.05633429,4372337.87282394,4866499.0781562,4496650.13534644,4480804.81763006,1144219.7286882,3071352.30960654,5613912.67187616,587085.458485229,3760758.55768718,7234594.80664951,5781437.73565161,6197263.88768647,5690465.53739693,2646386.1928265602,3610865.79640279,1642676.19833659,FALSE,TRUE,FALSE
1-Stearoyl-2-arachidonoyl-sn-glycero-3-phospho-(1'-myo-inositol),NA,C8-Neg-000009,NA,NA,NA,NA,NA,NA,NA,NA,11931731.6718336,9490294.16635412,8809920.25826465,9319019.50155705,7794462.09607945,10820124.6125369,8715785.63263984,27366022.4257519,21167751.0514099,24070153.1038388,28268004.3778531,41621585.5200691,227503.977489247,31711952.5518951,14276020.6477304,15543531.9492246,17512099.5432882,12306449.0603201,24945983.5462947,47621935.9468222,15528909.2262007,13769999.9487881,13248480.1029618,12642539.6904185,FALSE,TRUE,FALSE
1-Stearoyl-2-arachidonoyl-sn-glycero-3-phospho-(1'-sn-glycerol),NA,C8-Neg-000140,NA,NA,NA,NA,NA,NA,NA,NA,363396.111769395,228815.496765479,420486.565023434,159555.203054446,321469.166135761,369982.584264903,439065.645351698,559664.738774821,470505.557136804,695555.401111462,728021.307827207,1710161.33761364,516846.356730613,466301.779684621,244977.923516982,646980.40394545,601902.920724284,353211.405879315,501292.447866753,1474833.64985046,475625.181255216,521108.098387151,320396.960531365,583559.989496973,FALSE,TRUE,FALSE
1-β-D-Arabinofuranosyluracil 5'-monophosphate,NA,Amide-Neg-000275,NA,NA,NA,NA,NA,NA,NA,NA,1286215.28288606,1596866.09069007,1085825.30253694,1437469.99689477,1620292.93848294,2640251.83181725,3235200.8469069,4562467.24302755,1089656.35937932,1458751.7670059,1196845.67660716,1267936.95167356,1423330.38718631,2775171.16953913,2563941.22244859,923487.55148141,2471901.6403674,1783532.64205881,1319986.13770633,1878331.85601739,2748226.80662988,1522415.23302091,2980062.84890115,1476146.6566647,FALSE,TRUE,FALSE
13-Oxooctadecanoic acid,NA,C8-Pos-000420,NA,NA,NA,NA,NA,NA,NA,NA,1316316.0108405,1943116.89934314,1580236.18518474,1336981.74357755,1527498.39889033,1196714.95014889,1736382.32871523,1606288.95984378,1221272.91155746,1289156.55150558,1584003.56651405,1559199.68748804,1092428.18293682,1116951.62556601,1547748.04530893,1629249.03143197,1232571.21946626,1684300.86011765,1368417.35360127,1157511.03470077,1594964.34284681,1572621.02383558,1449034.69955062,1219058.77941307,FALSE,TRUE,FALSE
"15-Deoxy-Δ12,14-prostaglandin A1",NA,C8-Pos-000645,NA,NA,NA,NA,NA,NA,NA,NA,204828.117087326,328511.917229559,266291.776475846,186517.270452336,219790.620238421,348394.404518811,NA,162920.534241307,313706.914782596,197449.641708071,265717.575378938,NA,294729.478366851,211595.74375747,225791.324850125,224408.226076254,297270.354760854,265053.908261908,236593.258781984,236595.454808429,231013.997331936,185592.606242898,243501.900319143,224216.161976043,FALSE,TRUE,FALSE
"17,20,21-Trihydroxypregn-1-ene-3,11-dione",NA,C8-Pos-000707,NA,NA,NA,NA,NA,NA,NA,NA,43673.1102061193,72840.9493400895,60164.4308541847,69532.3249278441,46679.6448658344,46016.2038715848,50047.6973576773,50907.8060757699,112929.424517927,121656.203740379,58415.5391223348,17655.8472043094,31912.6002306714,55135.2160618526,15373.4095537915,50457.3083016256,46938.5829178628,55136.7504211989,101489.145366091,55606.6017922591,29490.7277422331,30131.1949697447,59352.1487362921,89484.251775283,FALSE,TRUE,FALSE
"17-(1-Hydroxyethyl)-10,13-dimethyl-2,3,6,7,8,9,10,11,12,13,14,15,16,17-tetradecahydro-1H-cyclopenta[a]phenanthren-3-one",NA,C8-Pos-000157,NA,NA,NA,NA,NA,NA,NA,NA,688843.693833125,1008866.6969482,508981.768201189,1529690.57520461,NA,660338.5445509,398882.564913128,8376817.24507137,927822.069694965,NA,NA,660310.78985425,1098667.60099039,15739142.9940955,9894002.5942606,309914.760756613,157419.897783056,NA,966159.872939791,1130037.51111873,NA,200743.762781722,NA,1829691.92190812,FALSE,TRUE,FALSE
17-Methylene-4-androsten-3-one,NA,C8-Pos-000493,NA,NA,NA,NA,NA,NA,NA,NA,206473.235098551,473791.554416336,262283.599180686,280367.9609747,383559.736311676,476396.706866493,313657.747477101,283972.737221654,285546.86290028,292828.200799581,513766.774796031,327497.10689577,437475.642676892,631156.317572974,309760.570803055,391558.323104735,1145419.49261534,399313.311301645,523470.465186263,475848.484396104,366358.695321332,208794.626140664,357628.22840301,358090.511352864,FALSE,TRUE,FALSE
18-HETE,NA,C8-Pos-000587,NA,NA,NA,NA,NA,NA,NA,NA,239399.600256144,397149.239749528,285882.319775952,468476.844170919,607745.707833202,594252.165825549,402414.018980616,511624.609184017,300093.310382074,187044.163516262,410728.727727296,223196.151838818,420262.418455101,218564.433643668,300847.071999643,208213.832468966,342120.583737565,NA,182269.123022136,297724.337722367,481405.131400427,170579.885004206,253225.751641912,244119.831394739,FALSE,TRUE,FALSE
1H-Imidazole-4-carboxylic acid,NA,Amide-Neg-000180,NA,NA,NA,NA,NA,NA,NA,NA,648048.378730682,2866044.18727808,1799567.00913915,1418421.06290666,3584367.33908439,754494.617031979,3431280.99867986,1159112.65460018,10286161.5784244,1282198.98311895,1235808.82265101,1560423.14189595,1033019.83339326,1057316.21584533,1942539.60020968,1031670.75542518,2550733.73406992,1995841.84420754,3351732.62509981,4931541.09924434,2036163.75189027,943966.537626058,843747.568983477,1846932.98136376,FALSE,TRUE,FALSE
2'-Deoxyadenosine,NA,Amide-Pos-000194,NA,NA,NA,NA,NA,NA,NA,NA,4172380.45177872,9776667.09690827,4935438.27911733,8734515.61717511,9565462.13807305,2762483.92210357,3968292.3102764,7645917.74976222,8452342.1056814,5152018.62253341,3765453.68018703,5806299.001565,822773.250992244,6049086.34759228,8343043.08027655,7407000.56797446,5934378.81754776,6644389.68773175,6528135.80311969,5330235.63995819,10604460.5221512,4507218.58738877,8060428.81076168,12102301.5137971,FALSE,TRUE,FALSE
"2,2,6,6-Tetramethyl-1-piperidinol (TEMPO)",NA,C18-Pos-000085,NA,NA,NA,NA,NA,NA,NA,NA,28945388.089775,28483212.5104468,30199298.0543009,28900331.694715,28632394.7603658,31592488.9705524,32516635.2096122,29258011.7517216,30473034.5784344,29531142.6172103,28215947.8562152,31287139.3220799,29233131.3489026,28115904.3319109,31019561.9597475,29446328.732621,29809422.7633023,30862080.999972,28535634.5683367,29245873.9566597,28827185.2083162,28041151.6966584,28913092.5635778,30756494.3411136,FALSE,TRUE,FALSE
"2,3-Di(2-furyl)quinoxaline",NA,C8-Pos-000553,NA,NA,NA,NA,NA,NA,NA,NA,284585.099143947,782323.920510887,138177.021440895,120765.018920365,147163.615384055,110611.666036687,34471.6486543647,79603.1920853275,88487.4334130765,110722.218663613,96215.0556639459,109568.229870879,72943.4676019218,114189.801786197,276223.671033936,69445.1244292809,133730.107995107,123224.245534588,104768.355296124,95359.3882989984,173004.526671771,377484.106730288,166419.221909863,107058.947291448,FALSE,TRUE,FALSE
"2,4-Bis(1,1-dimethylethyl)phenol phosphate",NA,C8-Neg-000006,NA,NA,NA,NA,NA,NA,NA,NA,39031339.7058617,53318026.3074334,40101677.8879288,40682642.351118,48958141.3512305,41855939.6663692,46598355.8087001,39943707.6810619,62098024.6812082,29264442.4732439,43302146.8215372,46509811.7952474,44472430.6339336,30560103.8027222,37787864.0791763,49035817.5689671,42438813.8709245,27528844.1828276,41792611.4255246,45191311.2656358,47677640.6295769,32182654.9708027,42955059.6362984,33686344.7122281,FALSE,TRUE,FALSE
"2,5-Bis(5-tert-butyl-benzoxazol-2-yl)thiophene",NA,C8-Pos-000186,NA,NA,NA,NA,NA,NA,NA,NA,2357694.1860847,6200362.71640608,8719088.49621553,9312160.45916927,8326613.89053776,11884769.0977455,8891682.75208597,5539327.42812773,6287262.14604557,7277803.89421913,8947701.31585651,7950903.13957127,3849973.82287607,4845602.83516892,2114308.76942259,2142283.5069332,2941322.76863714,2544987.07156162,1580175.84016411,2573270.34900785,4269991.29439529,2731156.1997149,2361741.29171211,4637980.52494558,FALSE,TRUE,FALSE
"2,5-di-tert-Butylhydroquinone",NA,C8-Neg-000203,NA,NA,NA,NA,NA,NA,NA,NA,331044.328510225,241124.530643421,250608.483410883,231145.392088675,311206.213784955,255669.941300849,257467.651963032,233065.203381962,271023.370743229,193985.454343275,231832.237556757,221402.189939858,232817.607534103,302165.922153681,249572.275115286,234873.245195968,309798.4677491,220803.518968477,237841.097858852,303967.031566583,213336.419683381,264499.793052748,232718.639692363,243661.068780488,FALSE,TRUE,FALSE
"2,6-Di-tert-butyl-1,4-benzoquinone",NA,C8-Pos-000524,NA,NA,NA,NA,NA,NA,NA,NA,622742.075740139,640493.555188001,670907.448374132,540611.896628199,598868.241055021,529600.129470199,537166.532802795,531525.601692437,545321.677603016,905000.830275504,663895.25030867,575709.136705784,502282.637401639,647796.205079001,520066.997682245,NA,578142.097714885,630884.316023715,560793.102628622,628115.715498122,528733.855370099,669554.472999211,216651.727313654,686282.833366349,FALSE,TRUE,FALSE
2-(1-Piperazinyl)acetamide,NA,Amide-Pos-000451,NA,NA,NA,NA,NA,NA,NA,NA,499736.507534002,410503.415597486,682693.380820882,487138.247911841,165684.203918951,268039.73672601,1529881.36576605,158522.710442098,604163.494546131,337413.098760437,266123.562367653,381795.063131781,624955.395287416,749269.826100131,1527812.73993729,200713.501350188,630732.093822465,521600.471462568,447136.972263383,970419.981171595,539566.98756106,268869.377781731,446161.666390098,360474.750311556,FALSE,TRUE,FALSE
"2-(2H-Benzotriazol-2-yl)-4,6-bis(1-methyl-1-phenylethyl)phenol",NA,C8-Pos-000047,NA,NA,NA,NA,NA,NA,NA,NA,198373.485392847,156399.006163731,180485.275842904,180624.58339542,214700.741962518,198021.149061112,210266.490283552,186037.592734651,152923.153867985,205729.040701489,164806.949327461,138078.368845117,163128.603055338,184527.944140273,180657.118978855,163364.765063336,126194379.856328,19521611.2781246,4359119.43324638,1319319.92917947,449235.326634983,360502.36101922,257711.379110009,295173.800583,FALSE,TRUE,FALSE
2-(Hexadecylamino)ethanol,NA,C8-Pos-000619,NA,NA,NA,NA,NA,NA,NA,NA,328600.610194162,230879.140965134,399919.936934401,318623.207185313,296189.340001318,303811.305516602,468233.071425664,310559.786871637,122264.527097481,205501.101716356,170567.074043047,163464.193669254,193257.681006526,208897.894787103,254009.83698507,210827.559893383,361372.757479296,122413.068858726,287033.053938429,88752.2572927735,173148.933866515,173312.326438836,193660.372167388,182272.465841469,FALSE,TRUE,FALSE
2-(Tetradecylamino)ethanol,NA,C8-Pos-000456,NA,NA,NA,NA,NA,NA,NA,NA,952344.732394469,530372.642376987,1406019.49079666,1000437.27201015,974902.117426127,744042.377665027,1340841.83457743,1248139.8474569,478398.966590341,613269.425543109,446321.803534919,436477.492684535,676681.808819866,625490.733981816,866457.046425065,707235.975424434,740951.049366412,406162.347891691,1470663.36377764,286901.191416626,338559.95469544,681185.970049097,616827.62322926,739820.099331063,FALSE,TRUE,FALSE
2-Acetamido-N-β-aspartyl-2-deoxyhexopyranosylamine,NA,Amide-Pos-000509,NA,NA,NA,NA,NA,NA,NA,NA,396495.915003958,504438.337830916,310092.785884898,556070.767334061,269476.661832089,351742.102825691,NA,225412.267932614,381025.143106572,424462.680991076,292900.859903952,228244.882192704,223674.312042294,274517.236183173,314805.889955152,263063.976054563,307718.927752303,423869.792672221,347697.332466265,373236.796731806,249418.889656132,322089.767199215,307137.861181046,466127.764026906,FALSE,TRUE,FALSE
2-Amino-4-(methylthio)butanoic acid,NA,Amide-Neg-000427,NA,NA,NA,NA,NA,NA,NA,NA,285097.608195058,420663.552406707,327674.743161998,464575.419969807,982742.977617372,874651.262971136,945458.061551778,824087.35001405806,1118797.62238758,798925.623562275,240693.928924368,870039.874952422,682914.874453788,1450770.4521097,732859.301543076,365837.016188734,769374.555533086,496497.09833019,1087392.77914429,1129965.132706,658014.79911396,396450.754014347,553192.057487494,536632.258742047,FALSE,TRUE,FALSE
2-Aminoisobutyric acid,NA,Amide-Pos-000099,NA,NA,NA,NA,NA,NA,NA,NA,11218801.1739185,12367729.5480786,16749155.7427178,17176560.3516952,18485625.9152301,9680928.87775461,17148911.6250537,6017275.68254424,24921143.0928965,30028072.8653348,15714401.8712729,45425130.292637,18930064.5591969,13433164.7587067,8850059.58021932,16773079.4394818,12551678.964667,18855556.5911902,33872635.2415515,20719552.6909531,10859979.8365165,11532486.9191044,16301719.8858337,16666409.8407386,FALSE,TRUE,FALSE
2-DEOXY-GLUCOSE,NA,C18-Pos-000327,NA,NA,NA,NA,NA,NA,NA,NA,55069.2473304009,33922.4549547817,121831.863424715,76345.1859604597,114634.928429292,29642.8559615928,NA,20446.9836356295,59148.1901694039,44642.5206255226,51162.695076614,66110.2986843864,NA,75757.8967963988,63936.3579253614,47015.7984901537,43673.8105568535,87684.2262260804,29749.4568498736,48271.1402041151,66339.8781060619,33958.5122323257,79714.8187928552,39343.9598216192,FALSE,TRUE,FALSE
2-Decylmalonic acid,NA,C8-Pos-000696,NA,NA,NA,NA,NA,NA,NA,NA,106131.056801422,61424.2135489098,166985.552863413,NA,52530.510617758,29733.9431894406,49255.8369920626,NA,46378.8753026458,100059.91782508,NA,31868.9856290864,77283.9911933872,84140.0809972034,60799.6210450341,37785.6952923424,NA,97841.1391025303,44423.9160382103,31594.8555293835,37839.2433383186,38814.776631143,33338.0192403144,37908.4008804391,FALSE,TRUE,FALSE
2-Ethyl-2-phenylbutanoic acid,NA,C18-Neg-000228,NA,NA,NA,NA,NA,NA,NA,NA,42123.8514144601,11593.5688473627,43885.6273325145,8020.69287425748,29623.5361057022,9456.74676791883,27706.6657315358,3701.51340303497,87483.5786531945,5787.96210495816,16835.0786821093,106257.421584807,10288.5302224415,NA,NA,19450.2711321852,7709.27798704924,13390.8236799159,7007.75177937721,12025.1418241492,16438.1011844475,35080.5962665316,17150.0615157269,25617.1865175681,FALSE,TRUE,FALSE
2-Ethylhexyldiphenyl phosphate,NA,C8-Pos-000650,NA,NA,NA,NA,NA,NA,NA,NA,244782.995053876,275645.132752032,320241.37515785,290141.434943118,271197.688219678,238143.663446575,324792.92406306,230452.681736239,296401.318412042,291217.48808046,281255.648010137,322840.926762625,215049.304621266,243913.134123505,104511.323282679,288319.500598609,281922.49840984,270268.557115445,223371.016076495,288230.533698702,247741.820795463,281683.2803485,261014.270526845,277206.706889885,FALSE,TRUE,FALSE
2-Furoic acid,NA,Amide-Neg-000150,NA,NA,NA,NA,NA,NA,NA,NA,1563913.41256197,3294523.55759424,596866.085581905,NA,NA,2206720.03894734,NA,3087522.67724164,2076328.55171235,997216.277871422,837209.563231189,1407572.63362292,1140696.01809288,12708925.4955968,1820249.69766682,910634.736766727,NA,1368379.01843661,5130504.52966297,1897476.0893867,3038780.53335978,1606464.47068018,NA,NA,FALSE,TRUE,FALSE
2-Hydroxyethyl benzoate,NA,C18-Pos-000320,NA,NA,NA,NA,NA,NA,NA,NA,188222.276101178,106159.549972858,65679.192582297,93196.2462271347,142139.929185924,101651.893724907,86009.4866065571,34948.620277246,136536.433927275,81269.8340657656,89155.6394386871,117564.66275269,140274.52162766,117290.108487828,140887.841531905,164916.502835409,121693.526221992,106309.827327172,129316.663493896,101142.558984696,117913.172339589,91251.0666213663,91863.6544549711,96610.5119045377,FALSE,TRUE,FALSE
2-Hydroxyisovaleric acid,NA,C18-Neg-000162,NA,NA,NA,NA,NA,NA,NA,NA,605721.958032097,617802.61636315,714541.837426373,NA,NA,1135861.80706105,425266.738728152,488058.742494355,1281346.93625309,491529.59903223,679175.20156976,503314.539779386,NA,532259.421813749,376962.914197076,607615.14104183,457941.353389346,524456.500900448,624438.92332853,587227.249155505,541500.241112294,1264522.49046606,411658.560576626,482078.665951601,FALSE,TRUE,FALSE
2-Hydroxymyristic acid,NA,C8-Neg-000196,NA,NA,NA,NA,NA,NA,NA,NA,158983.655541421,248932.325063389,167774.16206068,209925.141129955,196061.752644104,414833.724081866,266996.867302289,233725.668276209,173280.805367773,90378.9008766481,192840.949964759,135145.229286797,198890.051963081,190217.657237342,142093.70101521,123081.618675511,107980.096770956,124017.569332468,172841.136377504,116853.302803715,279174.585365772,158014.247379837,274574.387805633,129181.691154611,FALSE,TRUE,FALSE
2-Hydroxypropyl stearate,NA,C8-Pos-000455,NA,NA,NA,NA,NA,NA,NA,NA,997304.594257002,1007523.01358981,1187657.67435048,1081089.23353125,1051862.80600272,1101642.87169609,1102380.81331967,1082057.52837872,1194241.47876434,1069246.81028443,1259690.50570504,1472070.25520411,1090565.58988269,1454303.04081193,1046892.6327294,1074155.65676261,1252759.27585875,1053697.37672978,803871.706688217,1301277.04591742,1145348.44793019,1027354.4534715,1025351.83841958,1092499.94839322,FALSE,TRUE,FALSE
2-Methylbenzoic acid,NA,Amide-Neg-000398,NA,NA,NA,NA,NA,NA,NA,NA,250770.833019109,990248.009798891,855916.596780179,739219.188345233,1780229.2808399,1616547.84535245,1180281.82011182,983087.20326859,1014487.40713337,775793.948148333,390138.846056651,1017113.94093655,473350.074198598,1152780.76233812,383586.050664174,290901.685881351,613084.330187973,454190.731436472,686973.237400995,527577.857471859,774903.199239862,379964.681490127,444794.387992636,879490.388301858,FALSE,TRUE,FALSE
2-Oxobutyric acid,NA,Amide-Neg-000059,NA,NA,NA,NA,NA,NA,NA,NA,9260324.15636191,21960928.2878447,11963834.127304,NA,40962945.589383,22662254.0592772,31127884.5886196,19338861.1444873,NA,NA,NA,12986768.4853317,15798110.3209712,23189222.7801654,NA,NA,23672525.659109,19398670.3941011,30070896.3079279,20280413.7091645,31449497.1791051,16901473.4274327,21235725.9015784,23324608.3537031,FALSE,TRUE,FALSE
2-Piperazinecarboxamide,NA,Amide-Pos-000197,NA,NA,NA,NA,NA,NA,NA,NA,4143694.01056383,4353502.15173182,7278060.37475855,5756108.55526366,6334804.36864941,9487938.57372371,8723788.56803708,6862382.17639915,8129833.65967867,4074594.32265863,4482441.56620663,5725279.07270027,6050123.20922878,5736979.25389552,11999430.7089624,3714826.0992429,5617792.24029173,5730646.48202838,6513719.58868819,4323086.72197963,1049522.91211153,6165543.5063555,6094628.31572861,6152384.73473323,FALSE,TRUE,FALSE
2-Pyrrolidinone,NA,Amide-Pos-000294,NA,NA,NA,NA,NA,NA,NA,NA,5079914.19387435,5226357.41535235,5062055.37101133,4757553.7729361,5333542.57967259,4330808.906891,5780335.37815272,3892709.99344901,3379463.4216571,4425278.63704725,4525888.27287092,4273181.56166275,4608265.97920309,4317403.58610759,2937716.62598667,5047941.2578086,5210950.92521503,1819041.0524827,4188693.03732113,5158146.58335776,4883733.10073244,NA,4028595.23660293,NA,FALSE,TRUE,FALSE
2-[(2E)-2-Hexadecenyl]succinic acid,NA,C8-Pos-000516,NA,NA,NA,NA,NA,NA,NA,NA,579062.690809888,377523.313660142,830404.147298495,621244.350208349,704172.575312909,NA,659169.961728641,640041.509192655,609849.322011301,963864.996820368,524111.58077613,503923.944621557,593945.509933055,175406.538544819,763613.198014787,552953.116584582,NA,851889.293376532,413672.769573379,529982.429634823,158338.68878583,639605.091543964,944259.755861484,609151.263355519,FALSE,TRUE,FALSE
"2-[(2S,4aR,8aS)-2-hydroxy-4a-methyl-8-methylidene-3,4,5,6,7,8a-hexahydro-1H-naphthalen-2-yl]prop-2-enoic acid",NA,C8-Neg-000204,NA,NA,NA,NA,NA,NA,NA,NA,205742.124556481,262211.137629778,289706.469034841,261841.177434596,261194.552764091,307253.023850229,270769.81588672,242919.408352163,262197.423881678,212947.875440597,233525.105199305,302297.133964987,255242.666671555,220333.914722774,168605.685240496,215866.400501996,208892.424646896,177638.12371203,158975.290986311,205413.204395292,221907.886721022,200233.061089692,191695.420848025,202798.382594956,FALSE,TRUE,FALSE
"2-[1-(1,3-Benzodioxol-5-yl)propan-2-yl]-6-methoxy-4-prop-2-enylphenol",NA,C8-Pos-000552,NA,NA,NA,NA,NA,NA,NA,NA,128283.154859186,334253.119044813,519991.700668139,471095.242836386,388812.769702129,794405.087606091,498614.118755502,338711.733368285,381580.674014918,311520.758571642,367188.161254826,438291.88368411,184634.85634373,245668.868494443,154575.221690798,120396.758710246,159149.824788693,131558.555605621,95266.0604986413,153554.471309683,235008.090098848,154340.037851389,136789.455681149,338034.437738846,FALSE,TRUE,FALSE
"3',6'-Bis(diethylamino)-3H-spiro[isobenzofuran-1,9'-xanthen]-3-one",NA,C8-Pos-000313,NA,NA,NA,NA,NA,NA,NA,NA,109590.835185498,93558.8302858188,412506.529882074,96507.5565432966,146868.289704956,57806.5772705085,329741.06663522,60510.1442600506,51198.3675505732,96529.9216217839,96337.4887313545,95780.9385190906,92955.0478181819,145529.976387441,800634.026630626,80233.3012787947,230597.74282916,144664.97689275,4285562.15408177,613740.389637588,223473.288850594,46749.4083036895,637696.237845605,84677.4541905716,FALSE,TRUE,FALSE
3'-CMP,NA,C18-Neg-000215,NA,NA,NA,NA,NA,NA,NA,NA,43475.0232440312,57366.6844846755,114828.998804494,70943.9146324103,16832.9378633282,143875.093881042,128216.238716785,237900.267768249,23319.5445126979,116429.310578486,75953.455226196,102035.941292619,88934.7251955365,161749.716250593,197053.782864814,NA,132353.546413753,70060.5872522898,NA,35699.3322872112,NA,25731.5175024148,37026.7916220145,102941.005477978,FALSE,TRUE,FALSE
"3,3',5,5'-Tetra-tert-butylbiphenyl-2,2'-diol",NA,C8-Neg-000147,NA,NA,NA,NA,NA,NA,NA,NA,1322477.08599106,1506091.99687159,1269738.05228539,1223028.14628467,1464624.0801886,1315789.90206974,1265034.53305338,1145180.63329709,1459663.75919642,1185712.90220464,1431074.47654602,1331751.73819127,1217088.59719235,1073454.96143665,982783.153592163,1073178.14237086,1264735.20870002,987954.647766427,1236101.36961328,1303438.87032043,1259055.52771097,1315425.65639779,1000613.31259937,1244894.44601927,FALSE,TRUE,FALSE
"3-(3,5-Di-tert-butyl-4-hydroxyphenyl)propanoic acid",NA,C8-Neg-000038,NA,NA,NA,NA,NA,NA,NA,NA,8411807.09510488,2888005.29255834,3704514.85925698,4557102.03508556,4141825.51390005,9080902.9204803,5627228.78015903,7604289.49364862,7716616.78391945,1985336.11360208,9417675.45930115,2807999.79801037,7418602.78306788,4373295.44947177,NA,9087781.36542397,5827386.20240472,2033380.63759878,5216240.48698794,9044383.29660825,6746205.59742316,8025633.49968415,7579002.74202268,3110050.41338206,FALSE,TRUE,FALSE
"3-Amino-2,2-dimethylpropionic acid ethyl ester",NA,Amide-Pos-000400,NA,NA,NA,NA,NA,NA,NA,NA,654608.844284666,567227.868532553,572692.804363435,1104721.31277433,470839.486141081,425396.142022742,746208.378242975,1954502.13637232,272725.329115193,852201.260383586,1105093.03591622,NA,546547.896233128,1245934.13666254,1027272.47445262,286556.745386095,629231.906986141,398865.458980672,484339.982695128,1670043.91100062,416700.441935057,460283.467868179,643696.256390085,NA,FALSE,TRUE,FALSE
3-Cyclohexyl-1-(piperazin-1-yl)propan-1-one,NA,C8-Pos-000641,NA,NA,NA,NA,NA,NA,NA,NA,261383.751595691,304120.142072753,327252.495443677,294057.569841466,312392.664393488,282879.990102849,321315.164756672,279786.722720316,279112.216043975,361110.690402924,281008.95546517,277633.890484788,310774.518728176,261854.689840224,262638.978907549,268001.301007565,304254.917977025,272212.170982706,316247.46210838,262315.095674456,260893.14547851,265061.94571735,296992.437753662,326576.552574092,FALSE,TRUE,FALSE
3-Epilupeol,NA,C8-Pos-000481,NA,NA,NA,NA,NA,NA,NA,NA,330196.966576689,1236906.22554229,345819.359046918,343773.777150412,NA,318912.223922452,398711.22369389,349408.514273755,347187.125960803,NA,333067.154625531,276897.142253927,287466.068899329,320864.685669014,339054.552783082,509894.354162378,604109.508291665,NA,NA,347711.721422501,309709.232458088,346203.120007002,323924.539688806,352190.267326468,FALSE,TRUE,FALSE
3-Hydrazinylpyridazine,NA,Amide-Pos-000255,NA,NA,NA,NA,NA,NA,NA,NA,3101290.61220948,7886358.0326674,7836173.22325523,NA,4212172.67895703,7069517.3697645,8012984.52532377,5964820.17848733,2338840.85857929,4067257.62173351,2327059.23622303,5679449.77767992,4011657.0659453,NA,5233672.60756113,4012557.46885047,4093950.52743461,3419665.16858947,5376073.35390271,3246997.48729308,6674506.15529961,6469197.87074637,7034208.92785213,5534471.64162805,FALSE,TRUE,FALSE
3-Hydroxydodecanoic acid,NA,C18-Pos-000309,NA,NA,NA,NA,NA,NA,NA,NA,97816.8823595278,155284.67718218,166916.507161976,122984.190045365,85419.4433728846,160415.701891097,118979.817996703,133832.286788213,138475.55811654,94684.8884648628,104546.534391522,131469.418936471,84005.172096845,109141.305467262,157149.03756902,155263.514134653,112316.468466695,195845.309043081,99438.151939179,119812.043199244,94521.0667489077,103593.881352333,80504.1374504711,250601.576933839,FALSE,TRUE,FALSE
3-Methoxypropylamine,NA,Amide-Pos-000068,NA,NA,NA,NA,NA,NA,NA,NA,58447524.9670666,68110296.5279052,55945801.640125,50972635.2305792,78922049.3307315,46852396.0562286,26842409.8602791,125368181.963017,67116088.3871579,101419406.170775,102679401.737984,103455349.361243,101803444.964113,89492926.4270347,68565653.1660279,89059105.5699757,71236431.4840219,66657022.8229738,60434078.4823845,133195207.887094,44577663.2711263,56739416.9032193,91965857.4934929,59431396.8453671,FALSE,TRUE,FALSE
3-Oxo-4-cholestenoic acid,NA,C8-Pos-000415,NA,NA,NA,NA,NA,NA,NA,NA,1109776.83616624,1163039.95180898,1028894.65228707,2031527.335721,1401195.09630167,1915934.51115737,1314918.72639527,1043347.1466002,NA,1454498.04455085,636860.376444189,271800.463889297,790233.296453832,573500.818170033,1690166.79347656,1214199.987502,614869.231765978,NA,535731.054308356,1216696.40235946,952487.498463164,474044.321031863,619371.525657238,365784.686127681,FALSE,TRUE,FALSE
3-Ureidopropionic acid,NA,C18-Neg-000145,NA,NA,NA,NA,NA,NA,NA,NA,803434.117017452,1038203.32600898,760426.433361438,836015.983844377,371185.494283205,865799.910997709,850562.792271685,651331.06921735,1186776.84119252,773726.729214957,745076.212010163,673362.450933893,542018.978887205,1085040.95838134,846400.049661941,572772.055314023,593233.236375476,1740498.93960904,562210.020923016,997709.890664218,833978.732599692,493983.876995742,792106.910649643,970655.584573159,FALSE,TRUE,FALSE
3-[(2-Hydroxyethyl)amino]-1-propanol,NA,Amide-Pos-000097,NA,NA,NA,NA,NA,NA,NA,NA,15881574.6519843,13484168.8318064,10233085.4212504,11288981.5090071,20206794.6893056,5566310.82155477,2122591.35171925,27309007.784748,21303847.4430051,48565704.0215843,41278579.7020361,42643685.4602577,39368660.4785345,45628725.8404471,16175043.5121969,24930827.4766508,10623593.9411401,23567568.6473566,26948522.3781453,22613895.6496499,3369045.84607031,6420266.84601829,13296586.793481,16528347.6558882,FALSE,TRUE,FALSE
"3-[1-Decenyl]dihydro-2,5-furandione",NA,C8-Pos-000478,NA,NA,NA,NA,NA,NA,NA,NA,NA,991833.376423111,844379.786946361,627197.780458827,850255.032906638,1174983.36178094,1241281.07397884,155031.266366231,290121.955734841,831240.62833798,NA,1023002.47259866,162748.394221812,922400.104878714,NA,622821.199722843,NA,745142.459516846,362945.962280188,758793.595854753,532719.227675009,787003.331420199,NA,954188.419590444,FALSE,TRUE,FALSE
4-(Methylamino)-4-piperidinecarboxamide,NA,Amide-Pos-000553,NA,NA,NA,NA,NA,NA,NA,NA,72292.2388793166,10767.8057844236,7554.94011198558,NA,113976.103292959,59411.6507844461,215113.360568929,27459.4004320088,74633.2051014392,NA,NA,37837.1584801116,69321.4519320518,NA,174315.687073757,7619.25244806634,65408.6282185299,59203.3902321219,11973.143617108,NA,14977.7989415283,14532.400405274,11455.6028371076,6901.54377182146,FALSE,TRUE,FALSE
4-Hydroxybenzaldehyde,NA,Amide-Neg-000217,NA,NA,NA,NA,NA,NA,NA,NA,2554334.39174104,3367345.52017492,3238507.11226256,2628742.52391378,5585951.91420177,3902305.79364157,7322313.37023782,3638998.17196137,4211699.68619564,3366968.54656166,2149531.63794254,4198415.89220877,2498931.66393925,5218144.97425765,3218662.04604668,4118797.39886397,3611472.20433577,2223543.01241076,3539302.93441418,3165234.66847237,2390198.07994654,3334511.86648242,2100296.35311366,2578293.70655131,FALSE,TRUE,FALSE
4-Methoxyphencyclidine,NA,C8-Pos-000682,NA,NA,NA,NA,NA,NA,NA,NA,180251.918913028,189816.46216257,192954.81699529,188507.955664024,179201.90635408,185864.056648804,185474.413259275,149152.70349527,154043.293243275,182039.67020044,207197.426704989,197124.707721866,169379.264827268,173607.711727364,176361.490436073,167812.271934772,163032.923134258,168014.787809763,118009.94839928,173521.275271943,155844.096430708,152229.870545998,147222.891374511,168879.747200878,FALSE,TRUE,FALSE
4-Methyloxazole-5-carboxylic acid,NA,Amide-Neg-000492,NA,NA,NA,NA,NA,NA,NA,NA,NA,504731.94281196,356395.423272489,640517.945546694,381642.768679561,NA,604449.557343913,216317.825914077,565183.968436453,279355.559700119,NA,572008.322397245,223984.368923237,NA,455696.184267677,234072.569540014,380922.020167889,404336.740959725,760546.463630429,908730.82868088,571810.844950956,436325.902534784,650622.296057245,441167.182241724,FALSE,TRUE,FALSE
4033-40-3,NA,Amide-Pos-000312,NA,NA,NA,NA,NA,NA,NA,NA,2811892.43387723,1705497.16875591,NA,1320737.14299865,2757969.05792221,2126052.92041613,NA,861166.970624507,3876567.09699396,3785737.55742668,1642205.49169242,661888.46283538,3004220.78151809,989341.78604839,1610870.00994057,2325422.27857628,2773915.65819824,4746993.78151846,3008829.98028538,3978291.86059171,1668551.83239985,4698994.88613348,1672241.13796453,3428477.70241175,FALSE,TRUE,FALSE
5'-Methylthioadenosine sulfoxide,NA,C8-Pos-000427,NA,NA,NA,NA,NA,NA,NA,NA,1194269.03820608,1255925.84043893,810287.415836883,1634370.3529049,1861202.8977493,711348.983216552,540496.817364282,946947.618393106,423254.790887149,862876.064038827,622589.392523497,468832.151304804,1132782.18415273,597726.541711071,423012.761707512,924190.832062776,676500.424784107,839649.366858034,398085.936964168,326295.358661476,830554.498039399,968949.552303253,848893.196245104,580526.117198294,FALSE,TRUE,FALSE
"5(Z),8(Z),11(Z)-Eicosatrienoic acid methyl ester",NA,C8-Pos-000663,NA,NA,NA,NA,NA,NA,NA,NA,NA,43131.4048226116,46520.4429580313,87565.141221113,67234.5032734039,NA,47210.0087782874,124861.635676072,46154.1384828808,112372.674154632,150083.084294193,42712.3878338409,NA,156314.420656813,150988.837399828,NA,185429.263447606,183534.641149924,149221.833221457,157156.928958238,142165.546073537,263806.132735495,247681.391058436,NA,FALSE,TRUE,FALSE
"5,5-Dimethylhydantoin",NA,Amide-Neg-000315,NA,NA,NA,NA,NA,NA,NA,NA,1243634.16513843,2192629.81249809,1077949.99862627,1532881.36363795,1423578.94090041,1879886.93957377,1935448.57227305,1923772.2335476,2250846.70812776,1884587.28775228,1148964.00071933,1360380.73239747,1245438.66478685,3057468.89391084,1359910.70724881,1093483.51886229,2154303.93570002,2099084.67908994,3506011.75644315,2661068.25909143,2464361.85829569,1415630.08272534,2381456.95640812,1981126.56078443,FALSE,TRUE,FALSE
5-(Hydroxymethyl)-3-(1-hydroxy-4-methylhexyl)oxolan-2-one,NA,C8-Pos-000485,NA,NA,NA,NA,NA,NA,NA,NA,52940.5736231978,45085.9222617046,85679.6295345471,52124.077797468,54799.4300522542,62787.735308393,52610.7406013994,64746.4312445503,106777.681519584,35870.9770093301,51736.1900347134,69779.6802996218,29170.1298363187,59614.3292765785,51459.6844430259,55252.8039387907,1218506.45068311,246856.625357735,75626.4939270853,47965.0671217108,46363.8998231121,46294.7321783689,47244.9221193945,37109.8942802334,FALSE,TRUE,FALSE
5-Hydroxyindole-3-acetic acid,NA,C18-Pos-000247,NA,NA,NA,NA,NA,NA,NA,NA,526953.853829368,663023.253774335,523663.050446185,886748.725898507,558141.79432708,913854.018852142,517783.144101018,1002724.07522709,861483.027200101,422876.203130595,1349878.93570004,294230.717403994,382815.342501308,614432.301456298,725036.927165837,505158.947904103,679702.131223984,785387.967115538,1075247.17952545,737990.061862071,790053.767669328,237719.214639295,942869.386849369,603049.15948879,FALSE,TRUE,FALSE
5-Methyl D-glutamate,NA,Amide-Pos-000168,NA,NA,NA,NA,NA,NA,NA,NA,649342.576230305,2071212.45337212,848341.031648192,2282244.64878862,1796835.07547482,3691415.84179105,3230088.94406095,1905977.79590319,4140988.77701998,2322816.86486502,2798766.4280187,992466.442075275,1797724.66477592,3903931.40791402,7672643.93407891,3172881.18210479,NA,16933187.2687654,6161314.46423685,3481358.73979796,9619658.4459832,3405245.43956057,11315791.3554164,6409566.55317244,FALSE,TRUE,FALSE
"5-Methyl-2-oxo-1,3-oxazolidine-4-carboxylic acid",NA,Amide-Neg-000378,NA,NA,NA,NA,NA,NA,NA,NA,1060642.66075006,1579700.73666651,1032952.06380367,1235833.67489889,1919252.44118879,1613948.51673674,2119229.09437728,NA,1503144.35485429,1645292.42639127,731793.034958409,NA,1353395.1162041,NA,NA,1189456.92844191,1431475.29056227,1608509.96709155,1735102.37812541,1311266.17987274,1480100.67938253,1616469.1304357,1688739.74677951,NA,FALSE,TRUE,FALSE
"5-Methyl-N-(1,3-thiazol-2-yl)-2-thiophenecarboxamide",NA,Amide-Pos-000542,NA,NA,NA,NA,NA,NA,NA,NA,82378.2284407979,36537.011411015,32986.2767362716,54627.546934794,24966.6600749123,77774.3784755422,39308.8183307372,NA,NA,82483.6802037997,19951.2417793155,57333.9324392977,20122.7608484929,101677.391102649,98785.780204058,46373.8568949589,55909.7867526402,124065.772260266,307072.83522321697,72738.1922675459,87696.7582528436,34715.0710207254,102822.284856974,96244.9283972554,FALSE,TRUE,FALSE
5-Methylcytosine,NA,Amide-Pos-000290,NA,NA,NA,NA,NA,NA,NA,NA,4938893.95598431,4877141.56334656,5324136.2542974,5868206.92818699,3873739.34863429,1873693.58727564,2146989.0629804,3889295.92369875,4609188.43058486,5844483.78396679,5388299.17545332,1582052.27033336,3140461.55650879,3757779.32650664,NA,4060364.17583009,4283725.91911123,2630720.43728423,4692752.39430814,4806161.7342362,NA,5057127.8531772,4428887.62627767,4227680.44424642,FALSE,TRUE,FALSE
5-Nitroindoline,NA,Amide-Pos-000494,NA,NA,NA,NA,NA,NA,NA,NA,533963.963415193,300811.240233736,645018.270820511,356916.148825195,271043.963319097,NA,NA,398700.896347051,NA,682743.067645432,NA,NA,444194.920841429,551873.164277221,544574.606665056,218893.093210024,502872.757426576,629896.052265921,337505.753800948,NA,501117.30181349,501056.206287431,350843.625708841,507329.13361859,FALSE,TRUE,FALSE
5-Oxotetrahydro-2-furancarboxylic acid,NA,Amide-Neg-000469,NA,NA,NA,NA,NA,NA,NA,NA,562133.230171059,197848.755972722,567288.455369021,128993.381385966,223465.758037122,719938.014636383,1081327.43696395,139349.374589599,NA,172819.762088472,390627.615913292,NA,NA,NA,509988.537621635,457333.179300693,217147.797515699,252347.788575179,235518.338831595,263219.796987151,199701.95274587,229842.928019949,256606.726833943,589088.780906585,FALSE,TRUE,FALSE
6-Methoxyquinoline,NA,C18-Pos-000310,NA,NA,NA,NA,NA,NA,NA,NA,130679.241313539,129647.547220884,102176.926959894,176433.228367858,134285.964297505,140175.122037157,140536.020459721,157995.901093169,197485.478627241,141010.083593366,179452.447683741,115719.756446731,151549.274585879,160743.430354227,129991.432867891,79762.4045684858,141272.763699802,151091.465036209,249397.317578631,175348.11322893,133150.570976503,122998.540899119,160201.862386485,172229.865576689,FALSE,TRUE,FALSE
"6-Methyl[1,2,4]triazolo[4,3-b]pyridazin-8-ol",NA,C18-Pos-000235,NA,NA,NA,NA,NA,NA,NA,NA,NA,513547.449138163,118400.168523501,1657454.71814974,452059.613356161,279286.642988118,188540.394809955,231159.268534567,745300.618696821,1117867.11802912,766414.604050327,122015.290333213,299179.409761378,337968.483928128,193065.768826999,592787.386874125,348661.498553754,410641.91337480303,NA,669389.540792559,235326.16747742,335454.908092331,599075.850671121,255848.864545448,FALSE,TRUE,FALSE
6-[1-Hydroxy-1-(3-methyl-5-oxooxolan-2-yl)ethyl]-4-methoxy-3-methylpyran-2-one,NA,C8-Pos-000407,NA,NA,NA,NA,NA,NA,NA,NA,744900.649687916,1220795.06343549,1226137.64615304,2153736.44748697,1412658.28344289,1998131.10831724,1364439.53814252,1188453.50993247,1498458.18935573,1524179.92050672,1970186.04941216,1241039.00052644,774593.414452891,1113434.62583234,449264.354934477,557550.829887999,656487.69934365,675148.03278759,448927.726144027,687938.615683823,931578.862728652,729845.948957458,618679.996238228,864941.949950193,FALSE,TRUE,FALSE
"6H-2-Benzopyran-3-carboxylic acid, 7-ethyl-7,8-dihydro-8-hydroxy-4,7-dimethyl-6-oxo-",NA,C8-Pos-000687,NA,NA,NA,NA,NA,NA,NA,NA,24569.9503396012,116022.243692216,127546.00528527,148439.355822866,141373.133533675,198568.555762546,141105.756240902,81059.0142707328,100512.238677367,117425.822402505,NA,115921.860913051,62022.6622880568,83657.2173497466,20863.1778733072,38762.622410438,41298.4201770467,32856.8068544107,NA,43265.7450177237,74712.9308782021,45682.6542570504,NA,82349.1783276908,FALSE,TRUE,FALSE
"7(Z),10(Z),13(Z),16(Z),19(Z)-N-(2-Hydroxyethyl)docosapentaenamide",NA,C8-Pos-000040,NA,NA,NA,NA,NA,NA,NA,NA,125305440.737951,126433886.704223,134091151.466578,116187945.407174,123881073.694623,5013659.71313041,NA,128603777.785166,126677235.597889,123296585.309365,119842224.550835,126642713.067919,NA,119253838.193627,80260759.7590957,120967089.394126,130032911.69098599,128251757.834787,116026935.794411,125415947.527405,NA,77039726.6527052,122791733.092051,140029478.284277,FALSE,TRUE,FALSE
"7,8-Bis(hydroxymethyl)-1,4a-dimethyl-3,4,4a,5,6,7-hexahydro-2H-benzo[7]annulen-2-one",NA,C8-Pos-000666,NA,NA,NA,NA,NA,NA,NA,NA,148616.76323231,158914.966284649,167224.175041163,90345.497995718,138684.077594208,103204.91892272,134258.391887319,190519.618329174,NA,90639.1194333708,64022.2114204308,91857.6672264059,249623.565655463,85035.2836681491,234142.709303012,251472.180353026,76004.6013508979,226049.437284394,NA,55566.4956190975,78684.6869411762,100222.154251393,74912.8092343752,239316.118348065,FALSE,TRUE,FALSE
"7,9-Di-tert-butyl-1-oxaspiro[4.5]deca-6,9-diene-2,8-dione",NA,C18-Pos-000272,NA,NA,NA,NA,NA,NA,NA,NA,751531.867998789,281071.648291446,427340.283914168,338184.463679042,360999.764694687,390097.916872353,469757.487709111,328250.992590141,394927.472620424,324317.122294628,401133.192523941,333020.108952788,439860.76121941,364605.865767849,278402.27921399,345520.492703804,326245.73745933,316030.422769323,302585.303138515,292200.255253754,307642.310931603,319056.190039834,285745.337221072,486042.529999701,FALSE,TRUE,FALSE
7-Aminonimetazepam,NA,C8-Pos-000592,NA,NA,NA,NA,NA,NA,NA,NA,160896.966740899,65600.0163402291,214118.358621474,NA,201981.738659867,34328.4701601134,71367.0107909556,174564.123919819,114011.7556798,23798.6767876873,33431.254168061,18097.0195910916,102827.198531215,NA,NA,181008.56332796,177206.29229455,600513.034393346,46420.0025321064,6580.75212640261,NA,17304.6403334554,73833.8179004016,202970.704075373,FALSE,TRUE,FALSE
7-Methylguanine,NA,Amide-Pos-000208,NA,NA,NA,NA,NA,NA,NA,NA,6192783.80250582,8493812.75139073,2998145.79442479,11601244.247548,4482139.87985574,3038260.19100569,4001302.63918804,4682963.11091127,10939578.5632824,7471920.13647368,10639557.1170102,2955875.32369057,3884734.12319404,4235989.11451404,3328786.09508583,5654973.6702113,6431446.46569398,4416011.85610768,3603301.65091296,10839637.303611,5080752.18843819,3535648.27852229,6236345.90049522,3660777.61661134,FALSE,TRUE,FALSE
"7a-Acetyl-3,4,4a,7a-tetrahydro-4a-hydroxy-2,6,7-trimethyl-2-(4,8,12-trimethyltridecyl)cyclopenta[b]pyran-5(2H)-one",NA,C8-Pos-000506,NA,NA,NA,NA,NA,NA,NA,NA,309606.269531315,1023346.6618783,392809.708092946,367800.091189375,397455.474824893,401692.69157156,366988.368668536,335440.512051247,355791.840383426,348487.218214436,288749.388985282,358584.618510887,302500.368711195,385327.971708461,336598.924962538,290400.528081596,673951.187777075,349722.98245124,291054.652925012,329657.733697115,311291.860446806,286475.727332486,250490.145707718,268396.560571248,FALSE,TRUE,FALSE
7α-Hydroxytestosterone,NA,C8-Pos-000589,NA,NA,NA,NA,NA,NA,NA,NA,390778.111652008,417511.310662862,456668.724573624,406825.348087261,419401.053519416,426528.729973323,449045.536344239,401735.750237525,475105.967269304,339181.346392819,408424.015780737,465765.710196526,402282.822118302,389747.945274482,385799.40612391,390631.926391007,606282.93478777,490733.002822809,523931.633582878,376608.609678974,456778.015401152,404559.513429047,495538.67200836,410782.988460802,FALSE,TRUE,FALSE
"8-Hydroxy-16-methyloxacyclohexadeca-3,11,13-trien-2-one",NA,C8-Pos-000477,NA,NA,NA,NA,NA,NA,NA,NA,1162084.11835901,883341.445141737,859394.154647098,833583.286680372,892419.925237778,857540.37848396,870878.711787435,788114.016182936,772875.854347991,772126.599416602,906947.951256088,833533.324367625,779502.351113171,827784.821468479,922073.53510052,816328.289651204,801854.190174591,772809.109837893,682505.947712437,1251995.46921096,719146.93627315,722619.896952079,764814.390192372,818274.00372082,FALSE,TRUE,FALSE
9-Hydroxy-[6]-gingerol,NA,C18-Neg-000233,NA,NA,NA,NA,NA,NA,NA,NA,37229.827281778,20432.3464012385,20609.5953251521,13526.6526939624,16440.9906037317,17072.1347977484,NA,19598.0959528496,13948.2772214977,NA,23694.7007951643,19339.3934902771,19718.0313306452,16037.661994122,16701.1115696502,15326.9794757449,16988.3776126975,NA,11281.5210440515,16127.0448146328,14135.9685439391,14838.5608559773,NA,27026.5436245399,FALSE,TRUE,FALSE
ADENINE,NA,Amide-Neg-000087,NA,NA,NA,NA,NA,NA,NA,NA,16877164.6293555,20260116.5397044,NA,12869575.9124979,12958719.1386912,16302012.1559451,14611146.2171742,25844443.0644092,11245518.8147846,23924541.2192003,NA,18346563.2304431,NA,29525327.389179,22048497.2737184,15379204.4845362,16816850.436873298,27132573.7521316,17766639.8666185,22484763.6685149,17749670.7219795,NA,25484253.46056,17014356.2458564,FALSE,TRUE,FALSE
"Acetic acid, 2-[4-[3-(4-acetyl-3-hydroxy-2-propylphenoxy)propoxy]phenoxy]-",NA,C8-Pos-000703,NA,NA,NA,NA,NA,NA,NA,NA,114618.263370178,106350.667247065,138522.461554963,119945.043495816,119013.16383002,119285.022973033,127276.448378824,127800.612043061,135905.446601088,104009.184240234,101997.437725295,128929.28854562,109424.159915854,106855.764616325,117899.187395363,100481.977609536,99029.5568756493,119228.16509156,72217.7161962348,113402.579957473,117242.837966822,117104.957524924,111450.961030088,120621.382297886,FALSE,TRUE,FALSE
Acetoacetic acid,NA,Amide-Neg-000338,NA,NA,NA,NA,NA,NA,NA,NA,1593466.32972246,1450258.68955768,1561839.47291144,2211513.28461788,1732311.87119796,1270188.88502283,1299730.75162409,2495869.83791065,1884872.50578732,1959164.70535955,1523796.96754269,2718154.73462867,2375754.94803494,2148632.0151231,2799014.47570289,1934404.17372549,1786291.03491773,2348197.38704726,2111673.821194,421512.343623856,503101.162329872,2570957.84924876,3115242.09705609,1849849.67949564,FALSE,TRUE,FALSE
Amorfrutin A,NA,C8-Pos-000658,NA,NA,NA,NA,NA,NA,NA,NA,82330.7608989609,173354.88232886,NA,236653.326270749,226884.555977876,286488.324632792,206641.545008857,158455.025872174,161140.925408434,184849.083284012,215122.139585715,184565.920228753,115964.000323881,138306.442673869,65443.0600408503,72162.0963526904,NA,97431.5648316993,62690.9757484681,87732.9341115871,128905.229109522,91201.9985847189,84853.5709353384,161222.442687872,FALSE,TRUE,FALSE
Anacardic acid,NA,C8-Neg-000213,NA,NA,NA,NA,NA,NA,NA,NA,110914.931927533,123790.150473551,58398.1892190686,73983.206569155,84799.874383679,63922.0956184342,96352.6070067735,117965.173387405,102789.779600645,43011.2268674096,121119.995784845,83241.4782703319,100262.762248528,33342.8820976655,32746.8929574923,93317.9610056781,72241.9925583006,38697.9758722484,86449.2761227987,93426.9671687975,111020.016960172,65721.4312058932,85199.5878007465,50477.716316729,FALSE,TRUE,FALSE
Asp-Asp,NA,Amide-Neg-000615,NA,NA,NA,NA,NA,NA,NA,NA,32191.2924879119,55608.8704017381,25632.7887314024,36275.7783339088,56841.9688639807,46890.4868081758,58105.3493345902,65751.6218993143,52973.2086951415,62694.6242694859,22014.3398157382,35160.2114330331,29762.7494047831,86214.7364868034,37196.6707388189,29122.0165909335,56182.1280774446,61877.4167282746,72399.9959673865,58626.8316193053,54439.9760033315,42020.692894015,63890.6477965053,47649.4677815289,FALSE,TRUE,FALSE
Asp-His,NA,Amide-Neg-000620,NA,NA,NA,NA,NA,NA,NA,NA,NA,6638.16644243271,NA,NA,36826.804592286,11798.8743793094,31640.9397820705,9749.51711876661,5352.29434107969,NA,NA,10887.1182190104,NA,16728.6217347149,3133.71171476281,3889.46365608589,28899.740412408,12062.3029907801,27901.9167070656,12975.3128889599,18966.5350212345,4835.66179752189,17732.2862285698,16343.9929583492,FALSE,TRUE,FALSE
Avocadenol D,NA,C8-Pos-000494,NA,NA,NA,NA,NA,NA,NA,NA,875955.286487211,904669.839801513,1021163.34967426,982972.591717215,970367.178057052,887467.002328812,981245.347032291,893593.62187906,1117528.97063072,931551.436657084,997700.105967178,1143640.518652,928877.343092788,1047809.88604852,882805.847477416,879006.785871079,980208.322904854,859807.733144852,715925.9224622,1068176.32678331,900309.053807079,800787.330348255,860707.04095814,935547.141127781,FALSE,TRUE,FALSE
BMP 22:5_22:6,NA,C8-Pos-000652,NA,NA,NA,NA,NA,NA,NA,NA,143922.061664694,67181.7449775273,NA,289049.048574788,NA,70821.8968854292,NA,98399.6982919228,71959.123846284,225860.501290396,318917.737923256,101709.440092156,NA,119135.63194484,68249.3506972126,102591.874063014,72758.3198963296,271044.767764661,16943.7046901572,119164.444845406,184482.971528251,246971.745394736,69281.1797597612,48219.7327515118,FALSE,TRUE,FALSE
Bis(7-methyloctyl) adipate,NA,C8-Pos-000410,NA,NA,NA,NA,NA,NA,NA,NA,1242486.84120957,1147245.87911144,2120940.79400967,1582062.81879131,1615169.70667716,1382699.90054395,2078020.5184522,1528687.38302173,1106046.46569464,1224204.57562601,1326860.68389158,1254892.80620531,1498794.73429674,1359317.34517123,1455301.84641846,1000340.42573067,1401702.40253399,1016205.37717555,1421676.15864116,1147278.28997032,1173213.60015574,1297280.8044502,1146050.08289163,1335513.40278494,FALSE,TRUE,FALSE
"Bis(p,p'-tert-octylphenyl)amine",NA,C8-Pos-000605,NA,NA,NA,NA,NA,NA,NA,NA,355135.266339718,314209.152677996,302789.110322548,298547.158016588,302420.752740975,286253.620121915,327600.681355324,290503.257206725,326171.187215614,309236.706801673,291903.308897054,313827.616614671,320253.860743147,276787.956776487,331697.662242808,317664.32441664,379689.373331727,299968.364100236,212705.212419289,340216.566868905,422499.223612269,531983.207924309,552633.914117518,409993.951449299,FALSE,TRUE,FALSE
Butan-2-yl(ethyl)amine,NA,C18-Pos-000177,NA,NA,NA,NA,NA,NA,NA,NA,5085366.4975748,NA,2807410.63322305,NA,4433561.92527894,2227160.74136657,2974037.97533698,3294002.761698,2624518.0213831,3950299.4628381,NA,3215368.90262837,NA,1227986.01126013,1589101.93420134,2488006.72809632,1634997.18225426,1467420.04160536,1628298.22997294,NA,1609172.49691624,1558066.57842046,3004080.00770824,826153.694989369,FALSE,TRUE,FALSE
Butyrylcarnitine,NA,C8-Pos-000433,NA,NA,NA,NA,NA,NA,NA,NA,1064527.72873711,1204181.5304078,761906.480146483,1726961.14033316,746828.527978236,787204.093585397,1152394.86333622,488237.380313987,1130622.48780522,639795.223402946,513710.124548614,NA,281731.012009347,494916.600631462,1155375.4876787,530450.141760136,467403.033760696,892796.105179972,1433608.277691,633016.717403594,846586.724109622,1224590.74777202,1078950.59085824,668536.751806981,FALSE,TRUE,FALSE
CMPF,NA,C18-Neg-000214,NA,NA,NA,NA,NA,NA,NA,NA,64618.0658391485,19481.9640534925,9939.24503541166,NA,4719.40916236717,68986.9698703142,3826.09111755805,NA,NA,NA,7061.74422099377,11954.6746171007,35826.8365689344,155028.569408796,234980.793862635,8822.41950012295,43766.5432484612,33650.5090230564,NA,55296.1060449844,256113.006749491,18071.7233827581,NA,41715.6637383162,FALSE,TRUE,FALSE
"CP 47,497-C9-homolog",NA,C8-Pos-000164,NA,NA,NA,NA,NA,NA,NA,NA,4054031.7325284,7238624.77051223,11293269.9538659,NA,10380654.1693016,4484423.06481904,7233566.70022933,10114428.3438219,6939241.5209098,7197053.68537279,6760421.01547227,5866788.443458,8726294.85239928,5982765.07297737,8230893.65152192,10488486.2950724,5393846.90180149,7695289.50229837,10671784.3082206,10902692.9782369,10181921.0409413,9859073.06549864,NA,11839658.7031037,FALSE,TRUE,FALSE
CYTIDINE 2'_3'-CYCLIC PHOSPHATE,NA,Amide-Neg-000563,NA,NA,NA,NA,NA,NA,NA,NA,253041.781857086,368378.334164604,123499.065169257,250737.582605508,325354.454712944,233147.063064242,260868.08285782,341264.825580318,220757.623007563,257637.056660206,119062.984471381,218694.463787292,220471.728718797,439376.763649779,190658.197286636,136353.058833619,309857.693359865,351339.220848294,315536.918076642,399671.766220173,335274.699816559,306348.998837401,320829.162061917,362758.08438865,FALSE,TRUE,FALSE
Caffeine,NA,C18-Pos-000219,NA,NA,NA,NA,NA,NA,NA,NA,928483.718148085,2314017.91917506,299011.22436977,1586865.21976036,31227.0812036822,241489.494824345,86139.7563838488,699991.834068491,1638448.24156845,36125.9603094837,335628.987861486,40690.725673846,576740.518668891,35951.0487396738,226193.392714595,1133226.56892621,108567.148776572,92027.4736858114,90647.2643563943,252725.115085946,NA,173658.993769874,284482.43101048,743549.140685067,FALSE,TRUE,FALSE
Calcitriol,NA,C8-Neg-000216,NA,NA,NA,NA,NA,NA,NA,NA,22272.9069526029,31756.0232951227,NA,18845.0320382014,45059.8112994117,26811.3748568431,32823.0158652501,77070.4494105676,30659.7618156616,23501.0979380741,30713.2668577277,43487.6367382359,21951.7792113623,57615.819503062,41337.0764729775,25597.9008356028,27275.0482065306,NA,27965.2527386255,34029.0171207373,26316.1388170954,21640.5372882039,52561.315862691,NA,FALSE,TRUE,FALSE
Cannabidiolic acid,NA,C8-Pos-000586,NA,NA,NA,NA,NA,NA,NA,NA,82968.6222665755,40782.9662482506,63080.2822171291,208778.043453648,173923.010096817,NA,197594.525919952,74573.7792064481,137255.31203422,61844.2875326766,53853.4814194233,NA,NA,189990.74553217,71296.2690032658,28392.8470016625,NA,151046.178379936,65218.5464996761,67763.4382289644,59793.5310120849,159447.237396801,95372.4174621013,47292.6458157879,FALSE,TRUE,FALSE
Capsaicin,NA,C8-Pos-000714,NA,NA,NA,NA,NA,NA,NA,NA,70022.4166602687,78919.0559287626,72675.5128080117,79091.9854513408,72514.9344358685,82389.3853668682,82920.2412877083,73492.8252986532,81063.2114394673,74700.4564601085,80863.6750413253,87267.7553172827,70976.4981669802,98624.9084060427,66463.4677101097,66153.1454045323,68656.3242750648,63750.1695570158,34107.3367942542,61039.4162484013,69710.7293216686,54453.4009476455,48895.6035609879,54258.3026250161,FALSE,TRUE,FALSE
Carvone,NA,C18-Pos-000230,NA,NA,NA,NA,NA,NA,NA,NA,1526411.34604427,1736098.94009793,1628203.16214197,1615091.12936041,1584854.68800666,1794385.83617353,1898201.5781942,1611735.21414677,1627318.76775423,1555283.83609697,1511619.3542002,1521626.00422276,1803878.57597145,1759604.42236865,1796944.26161791,1809087.21413568,1749783.30798937,1837223.93758305,1780466.98494076,1760530.54541923,1521292.79859994,1544251.54346181,1793116.32639446,1896387.06158332,FALSE,TRUE,FALSE
Cer 10:1;2O/2:0,NA,C8-Pos-000676,NA,NA,NA,NA,NA,NA,NA,NA,138370.848231161,131927.971902463,219442.412416859,142955.98227358,156106.790723098,158956.703081661,154402.688590011,145868.883528944,91402.0971015607,124165.892405101,124106.342667341,153932.627680846,125780.834792055,115484.411467667,170023.911502248,134905.77247781,131521.575031134,125678.954867505,119600.948749996,92215.4519559322,113055.592855373,119338.400041019,115798.899901823,217495.737421374,FALSE,TRUE,FALSE
Cer 18:1;2O/14:0,NA,C8-Pos-000555,NA,NA,NA,NA,NA,NA,NA,NA,NA,670613.063736318,303444.315487951,NA,257811.089545239,770996.341427526,410236.785033768,705387.261510683,NA,NA,297271.284078239,701214.418523713,291855.512762824,502268.950207139,381864.539869583,263879.668910634,421517.366270321,305745.856372254,493279.923213535,277645.275791577,652096.143083403,NA,498821.586174929,292863.875698837,FALSE,TRUE,FALSE
Cer 18:1;2O/18:0,NA,C8-Pos-000404,NA,NA,NA,NA,NA,NA,NA,NA,389330.219860212,543493.489038337,NA,NA,210664.094927679,730528.02309284,462001.338650801,NA,738996.113910567,810429.849322253,735151.159582638,486162.487940265,275924.699709201,369149.153457361,124140.772527598,840424.189710061,888697.820646194,1007304.49072031,1761407.23095356,977127.307239198,801317.869724989,474997.412797114,2195168.47214963,1932929.38488979,FALSE,TRUE,FALSE
Cer 18:2;2O/14:0,NA,C8-Pos-000471,NA,NA,NA,NA,NA,NA,NA,NA,462130.267281844,NA,1038585.97005278,721690.771396373,837638.65015885,515778.684404777,666780.560645673,536007.310416116,722049.64005772,786148.030074988,693364.135022536,1294320.5136174,239491.472516245,824761.396181813,726151.651557068,1009588.24081863,691463.218978327,1042344.22828965,1084193.0023231,588686.706691746,958655.351372371,696445.56583398,886056.445657462,911623.796653871,FALSE,TRUE,FALSE
Cer 18:2;2O/16:0,NA,C8-Pos-000364,NA,NA,NA,NA,NA,NA,NA,NA,700620.818692498,1189184.3359479,2044732.36019438,941786.463938303,1796151.41519372,1919964.90560118,2181810.25551511,1719522.4109365,1379029.21266919,1278747.90195084,1089847.2312069,2672261.82565494,1577803.04760527,1790463.87878071,1367159.41309619,1544046.17282361,1226530.8614195,1502910.2699345,2827076.54528538,1371441.84659938,2014398.01155104,1217251.0899421,2213739.04274592,1576637.56399753,FALSE,TRUE,FALSE
Cer 18:2;2O/18:0,NA,C8-Pos-000235,NA,NA,NA,NA,NA,NA,NA,NA,1936026.92661349,1985415.28307196,3215248.48998865,2879524.04501082,3698239.84365123,1831795.99961176,3506935.73220165,837579.01772419,3106503.85694766,3748924.51226191,1373109.40888763,2097424.12522531,3883550.03323871,1813912.76341026,688629.411420983,3304790.02702894,2029522.35778319,4495989.88039857,7290348.7778548,2031148.66759795,2315384.37131029,2464385.18186259,3926076.54378418,4908151.95136374,FALSE,TRUE,FALSE
"Cholan-24-oic acid, 12-hydroxy-3-oxo-, methyl ester (with partial stereo definitions)",NA,C8-Pos-000432,NA,NA,NA,NA,NA,NA,NA,NA,438327.505856122,1748272.5451079,536778.887599483,769380.656231707,876456.68277976406,284639.961230978,783262.049738808,651472.429009733,924526.515132918,635183.449921852,757336.478091267,431146.991320016,502133.080288977,326998.760477182,296861.223062687,766421.820384684,327965.466047048,203824.660198597,845629.750023668,310855.351090975,281698.017088689,443674.264047687,682926.096865345,447330.003868599,FALSE,TRUE,FALSE
"Cholestan-3-one, (5α)-",NA,C8-Pos-000611,NA,NA,NA,NA,NA,NA,NA,NA,430285.975937381,371421.291634497,390383.688615748,372066.593332197,349004.396775258,324254.042071496,385400.663029252,471720.181748383,360519.805383758,377598.405974032,376904.601396863,277847.840513452,373442.437004777,386404.156053258,369137.589310809,399776.940130168,367990.534400853,411673.893951988,421817.489359786,434913.318012497,404486.059794329,328892.382077316,494262.747506884,353110.638434497,FALSE,TRUE,FALSE
Citicoline,NA,Amide-Neg-000580,NA,NA,NA,NA,NA,NA,NA,NA,153455.411725697,239851.848839251,165952.270019302,221228.760440198,330520.747411779,253318.477841722,295310.898819634,192403.93981334,302007.572197972,232280.453760316,136273.632327338,101081.946799567,167924.717870633,326069.02468933,189252.417360047,124347.654616797,304558.310614492,310649.753107363,370024.371077641,259310.605353024,227797.074111378,260760.48464817,291512.732915501,184089.454012576,FALSE,TRUE,FALSE
Citruline,NA,Amide-Neg-000596,NA,NA,NA,NA,NA,NA,NA,NA,114832.862654093,168773.205380111,50155.0235109858,187172.42595864,220586.900529103,102709.248191863,99273.6173774401,179698.62468064,182594.53711446,52252.0948886951,50776.6396312841,104330.064537948,116879.927987673,88371.7863821239,41680.4979018397,29769.7675849205,185177.182979272,153810.751623063,197882.505877892,251384.223824166,77104.5990728094,176762.824526665,202837.043997581,62290.1575110519,FALSE,TRUE,FALSE
Cocamidopropyl betaine,NA,C8-Pos-000087,NA,NA,NA,NA,NA,NA,NA,NA,5784848.01932763,37340671.0803437,11635431.7474345,7540851.05168996,10647792.4784857,7092485.02871327,10055853.6061775,7731795.42852997,5031344.1596986,5736599.72463961,4706441.45693017,5816504.66566688,6671563.82002643,6070557.65744507,8708581.52098758,4130862.7311428,8372734.66177204,4997147.8306023,5473531.03529557,4580189.93937361,5200632.60499355,7601018.4183757,7154873.24124721,6015089.45322093,FALSE,TRUE,FALSE
Coenzyme Q2,NA,C8-Pos-000720,NA,NA,NA,NA,NA,NA,NA,NA,22165.6501417688,19777.7375147619,12224.5906360198,47512.6682585876,18075.4862606443,26266.7878620428,23355.6090065255,43856.6123282656,30996.3013687017,31130.538326250102,24145.526556602,9738.5463680313,22497.6621704672,23447.9571620075,11601.1004462296,40368.2274857351,21689.1127623878,25310.3559980316,15572.9721184985,29762.0760721114,23162.2786966404,14915.2266397813,35544.9680406126,14040.0602604397,FALSE,TRUE,FALSE
Corticosterone,NA,C8-Pos-000625,NA,NA,NA,NA,NA,NA,NA,NA,20837.6665850702,41658.9460772664,48440.4185923768,71390.996675942,74448.933770002,46678.7129810854,NA,431744.321930454,35244.8123053569,NA,38093.0788711413,32543.5136964105,33136.3019464217,280531.653880858,71516.1452592666,40680.6118794397,54837.5745375428,49040.6859802241,35870.7530043257,56205.1547785801,32462.6341349994,21893.2097294771,NA,49564.3533277429,FALSE,TRUE,FALSE
Cotinine,NA,Amide-Pos-000484,NA,NA,NA,NA,NA,NA,NA,NA,25883.6623477443,74575.7006324298,87337.8664389183,150221.79842671,NA,19330.4981513342,NA,149470.585070794,22154.3551329295,15260.3171216877,897870.50211258,23613.6269182188,23543.8767135375,NA,31503.3543757181,18538.3820346228,24335.4479194146,24896.6888624591,NA,NA,42991.3841185916,218953.48171524,111526.904675666,152444.984257479,FALSE,TRUE,FALSE
Crotonoside,NA,C18-Pos-000069,NA,NA,NA,NA,NA,NA,NA,NA,10532931.5397923,15782787.9356494,15557291.469788,NA,33613706.2137466,7483902.19210908,16663616.4514257,NA,28208329.0946789,NA,14840596.5893747,15554449.308998,24680744.5956304,11839849.3619135,NA,29881613.6322987,19239369.7315182,23321771.6819136,21970811.8403306,18595277.6599214,18628661.8092613,23226922.7165268,16995545.2792835,43720160.538869,FALSE,TRUE,FALSE
Cyclic ADP-ribose,NA,C18-Pos-000190,NA,NA,NA,NA,NA,NA,NA,NA,2584390.55501086,4186345.81687921,2445964.0206555,1174434.20843233,2371738.4946546,2511711.03386676,2303421.35726456,NA,2783341.29511266,2621865.0184903,3741883.38608486,2030368.42173188,1477722.51103084,3050646.64961166,3597232.5432779,2476049.72252105,2068470.00747957,3226161.14228095,NA,3388662.98872501,1638493.38467762,2213455.87399971,1857886.4403239,3380846.00432609,FALSE,TRUE,FALSE
Cyclic adenosine diphosphate ribose,NA,Amide-Neg-000614,NA,NA,NA,NA,NA,NA,NA,NA,48415.0834221035,75581.293053519,31718.0725180106,60836.2355500232,80249.3274603344,51007.5028827008,88952.9667769786,51500.3428700782,60046.6448172707,59438.3949898783,22597.5758385644,40717.6636274108,22657.9254701401,83477.0094368908,50841.1745121544,34906.9890289161,48058.4434700541,55408.048989852,NA,75862.6016370282,49078.8544793575,38896.328446464,50613.1770291895,65992.3402939874,FALSE,TRUE,FALSE
Cyclo(leucylprolyl),NA,C8-Pos-000591,NA,NA,NA,NA,NA,NA,NA,NA,230508.193925786,605947.138856934,316688.047287845,462796.94550274,180838.503157661,337674.565785362,141143.523982512,130440.314090673,331539.945056931,203539.911287988,265399.881422375,182730.671699593,196446.683608984,188183.170225448,241197.9104588,207423.379533534,213305.256017641,261622.171500283,220444.040455208,458916.841271864,121911.408273406,257240.141027146,209400.994665589,384059.66955145,FALSE,TRUE,FALSE
Cytarabine,NA,Amide-Neg-000447,NA,NA,NA,NA,NA,NA,NA,NA,403912.348318081,793386.126467255,226977.75938114,810477.289452063,1101044.14388814,481373.742715824,998069.861442546,618421.000938553,1199974.59290509,1101942.33099752,394130.012683803,741926.026262407,623111.920444433,810625.1041818,596076.605214331,815273.113757703,1088928.49385378,398234.163024492,692467.121042763,1127814.78277211,912258.577164638,370351.118843227,603594.681240132,799366.583880074,FALSE,TRUE,FALSE
"Cytidine 2',3'-cyclic monophosphoric acid",NA,Amide-Pos-000378,NA,NA,NA,NA,NA,NA,NA,NA,2062937.86442866,2531317.80602967,1430311.03785607,2306100.67021152,1549621.37031567,1172459.34400649,1902066.7777431,2634635.16345629,1666672.97161756,2144358.54955205,1791641.93417438,1454561.99580803,1452368.99372985,2409842.33062682,1519798.70457863,183682.19611743,2050644.08029496,2763846.58472205,752620.335397352,2889572.13883761,2250119.85133964,2825581.51327667,2527027.36292182,2998692.77712671,FALSE,TRUE,FALSE
Cytidine-5'-monophospho-N-acetylneuraminic acid,NA,Amide-Neg-000618,NA,NA,NA,NA,NA,NA,NA,NA,23997.299151464,31900.5829947921,32592.4644364718,23233.0306073064,41730.6134146173,42658.1862234208,43784.1544047177,46201.847621269,48799.2166769164,27107.0090050038,16737.9988201489,40372.7507279354,31033.344768104,54718.7899376905,38912.756958075,25788.4763540359,40476.9735534205,40928.7704847745,50396.0292844692,50276.725532243,36465.468113113,22468.3777120358,35368.341872171,43760.6782412623,FALSE,TRUE,FALSE
D-(-)-Lyxose,NA,C18-Neg-000132,NA,NA,NA,NA,NA,NA,NA,NA,965829.783748888,937097.124843846,1439076.33671908,622296.991516066,1296592.40104178,1191218.66335033,1140884.70627971,2664933.7671848,489107.989406013,411168.690526706,267406.836508282,484396.772509632,967646.639976356,404284.702942844,1197485.84971541,1007427.81608618,1070329.6188681,908770.627018405,780523.014941846,473442.660586873,1229095.85293572,1271306.78808774,868201.857737028,1051680.96789806,FALSE,TRUE,FALSE
D-Carnitine,NA,Amide-Pos-000107,NA,NA,NA,NA,NA,NA,NA,NA,24600028.2427416,32383737.2709499,26721240.7591069,21631866.0198639,23537571.242622,22425807.9517895,23975883.0346519,23399649.5186367,27880443.5029443,23563507.7787536,24854873.856843,21998532.2638519,20962103.1149575,27863079.7552695,16676904.9242629,31263324.0978874,22744395.4338578,31427002.7887835,39761215.7631681,34062692.7209945,31271985.1431303,27917139.6451994,30745579.4895751,28546906.1406299,FALSE,TRUE,FALSE
D-Fructose 1-phosphate,NA,C18-Neg-000019,NA,NA,NA,NA,NA,NA,NA,NA,3653518.33564276,10389405.2918718,14612586.3411086,10359193.0216559,450866.813719639,NA,1875583.11513871,645024.173520305,4873360.49141321,12490167.9286238,723744.445398784,883991.913905182,478040.633755363,6779941.17993639,895681.6388756,2878671.35011477,1010068.98416493,8762184.65262564,33804059.6212434,300604.984519986,NA,3896964.57175808,735574.781432539,1077025.98655076,FALSE,TRUE,FALSE
D-ribose 5-phosphate,NA,Amide-Neg-000438,NA,NA,NA,NA,NA,NA,NA,NA,79574.1223885644,257798.769547259,184894.279431893,107092.875715291,159603.498275215,233993.608273724,264305.468300349,226695.800784106,267760.572853803,181418.045929827,90841.4796515164,62141.7054528656,192842.504199608,256939.292431625,145472.616985676,100925.54239455,186557.221948566,302207.740026752,1320312.81011063,318506.005188917,209938.794149905,178123.915334316,281975.945104827,230210.058660449,FALSE,TRUE,FALSE
D-α-Tocopherol,NA,C8-Pos-000662,NA,NA,NA,NA,NA,NA,NA,NA,64354.3635816824,182860.75626274,181630.49036521,127639.201449948,272861.478126881,60387.2494543565,132130.10498142,57320.6397003127,79548.94323205,62258.1949290961,49669.2144281709,NA,167498.539419866,34186.7795181824,196920.543922659,80463.3965687482,123613.727847848,100222.788561464,52212.2783137035,54404.9733357133,46627.4034288374,157326.480718558,97474.5550086956,40105.9951573079,FALSE,TRUE,FALSE
DG 16:0_24:6,NA,C8-Pos-000251,NA,NA,NA,NA,NA,NA,NA,NA,5772555.38850539,5866817.39181186,5766791.76995827,5528146.12827699,5689523.19941199,5840447.59791771,5976709.98475334,5747038.53745135,5952161.90820144,6487753.26655079,5397992.75567114,5470852.51190699,5585058.94767988,5530752.57936328,5949129.20788188,5925393.12483682,6384326.72601865,5998976.18377307,4942072.19111197,2108533.838917,5855193.16254279,6104406.24953938,5766795.07335779,5744155.46255081,FALSE,TRUE,FALSE
DG 18:1_20:4,NA,C8-Pos-000539,NA,NA,NA,NA,NA,NA,NA,NA,569991.79726622,429805.372734965,607516.788756683,140906.655566637,483672.348485391,807226.029681233,506237.9732265,448022.26459345,92349.0620017016,293665.840779463,325527.446078197,772581.76911789,407831.461396971,369736.799777495,617353.212017853,597879.158860277,596744.761077098,633942.518821945,213646.542453079,621242.202912834,553413.624037232,562287.251050876,422155.637009704,862317.359670193,FALSE,TRUE,FALSE
DIETHYL 2-METHYL-3-OXOSUCCINATE,NA,C8-Pos-000607,NA,NA,NA,NA,NA,NA,NA,NA,224759.820499238,176284.19095781,534603.570995063,335160.546840184,401050.040140449,372511.122165818,497067.23455297,415149.002337871,330829.090939261,367885.068564139,381777.408902325,512503.30196786,417034.287981554,392427.74736943,533379.953765218,458156.130604179,288073.452524967,454112.810201203,426185.460807502,407095.117711365,357284.481741385,373595.926001944,423104.56707822,488764.168564996,FALSE,TRUE,FALSE
DL-4-Hydroxyphenyllactic acid,NA,Amide-Neg-000415,NA,NA,NA,NA,NA,NA,NA,NA,324489.612505305,708186.832889539,294813.723998563,700623.75179543,732540.701840181,515424.663127894,615003.659276661,1070069.38099053,967486.330485649,723406.140651487,373758.997994927,315431.793201581,376306.266315175,1060290.4608893,499884.885423786,473957.773644546,946329.343081128,717878.212492766,1558775.77800064,1171325.66645291,902923.514130189,264386.413460239,729624.825853741,1098542.88569325,FALSE,TRUE,FALSE
DL-Homoserine,NA,C18-Pos-000070,NA,NA,NA,NA,NA,NA,NA,NA,13734843.0069015,14206244.595696,22600726.3491325,28768335.1996099,15555642.0315177,22148507.7614211,17287894.7605519,14117013.1027585,43224229.6126703,23198263.8130818,23449349.4423852,11969194.3124318,14133915.0429274,19714011.9798847,13590960.7899175,20452101.2734559,19196912.9156034,17851587.6108335,29928789.8110039,1010678.49676249,19596448.5695524,14658848.2241653,20212841.4488417,13435927.3517639,FALSE,TRUE,FALSE
Decanophenone,NA,C18-Pos-000290,NA,NA,NA,NA,NA,NA,NA,NA,385126.963558156,350312.595737977,287257.991099877,404204.352892991,456073.226984001,412865.552305153,409575.72032985,386492.45161725,462533.614438762,427560.382087009,407417.675728581,451568.727028839,428225.042978799,400023.127476158,398293.021270187,390168.09211876,447373.022218684,422324.64938518,386120.053697433,402306.95927745,364247.390998711,379278.590584855,386449.305159168,421933.317486769,FALSE,TRUE,FALSE
Dehydro-L-(+)-ascorbic acid dimer,NA,Amide-Neg-000301,NA,NA,NA,NA,NA,NA,NA,NA,443830.501925869,1661514.00095593,91128.0966443818,702923.836663036,NA,578692.13132807,1271721.50976321,696020.425646663,1757148.14283488,1428586.80204393,165242.481046372,68765.0772253986,502772.601587086,2513482.01201148,364136.527158128,399928.671536547,1335853.83189402,1324544.62698667,1537581.18200318,NA,1479677.2554228,848799.974525814,1678688.82491121,1170484.27794582,FALSE,TRUE,FALSE
Dibutyl sebacate,NA,C8-Pos-000259,NA,NA,NA,NA,NA,NA,NA,NA,287651.489428383,370145.320465721,184465.012577927,218441.050000935,431031.102289166,6165185.87304804,340747.699978855,985079.321029534,794742.18321597,238741.034985614,673608.781046022,1130132.2829635,423686.971451411,177290.005797978,237101.742575299,311972.216261623,265719.054984554,303603.898232206,204197.563452515,231409.899978555,235070.559463171,205137.134051637,215814.072970751,206537.141647355,FALSE,TRUE,FALSE
"Didodecyl 3,3'-thiodipropionate dioxide",NA,C8-Pos-000414,NA,NA,NA,NA,NA,NA,NA,NA,591303.931801204,1821890.64211454,205283.503269217,469989.664728669,528060.276159274,1087377.76642967,544586.81171418,1484574.36547736,543636.95613986,830970.43141787,709581.946116822,1214175.42774885,1008486.30590648,662716.693139002,435470.806731977,366953.984895216,457690.725573021,228859.691804186,1002164.70125021,2040032.53029496,669238.689861691,947971.472478949,1553537.11590591,661979.629973131,FALSE,TRUE,FALSE
Dihomo-γ-linolenic acid ethyl ester,NA,C8-Pos-000629,NA,NA,NA,NA,NA,NA,NA,NA,239206.775510186,NA,NA,146078.770155892,290267.262475527,163342.844390829,374544.756126211,178279.390431555,NA,143358.540859825,351706.052951982,360075.706980962,313479.664470221,257302.385341636,152677.246608195,53870.995134455,407839.900096837,175403.095297326,58878.7962938827,NA,NA,214595.2192524,159272.302511297,156022.079587516,FALSE,TRUE,FALSE
Dihydrothymine,NA,Amide-Pos-000328,NA,NA,NA,NA,NA,NA,NA,NA,2792527.54929987,2552744.08604783,2455316.49569586,3200746.0666838,NA,2345710.24478668,2351130.17598221,3056359.43233817,3371591.78592673,2852209.93512101,3924584.80012353,2746664.95832221,3677231.4399012,3436054.80072191,2019824.25124603,2903437.75450516,2384355.04168262,2478457.75049308,4099144.55424541,3509011.46666071,2719691.90969969,2980935.92571608,2586584.40525791,2578116.78912063,FALSE,TRUE,FALSE
"Dilinolenin (9c,12c,15c)",NA,C8-Pos-000418,NA,NA,NA,NA,NA,NA,NA,NA,1925286.1451389,1839217.86546456,1788450.63527355,1852554.11696895,1968219.14282566,1841006.76128867,1780956.41847847,1660939.84841617,1882376.30866985,1985552.55549527,1457439.01024466,1500292.90732926,1854714.1082694,1479143.65867251,1443852.00272797,NA,1822207.18781457,1653175.94167063,1328867.88595614,1910814.64244395,1950835.64409084,1995668.75991147,1763164.77075298,1876169.82431506,FALSE,TRUE,FALSE
Dimethyl sebacate,NA,C8-Pos-000692,NA,NA,NA,NA,NA,NA,NA,NA,141279.497685347,155205.96325622,164213.669805654,170773.851455123,130595.98337181,157978.24654971,157009.945132494,148654.067142905,178188.456270104,148408.802130623,142044.557023342,134122.968281935,142059.575056361,172438.30649897,147176.118543772,126273.961146647,151012.567526737,147620.387732378,107880.528751874,160035.06634695,160420.129335611,151152.938668796,135113.955346838,128812.315980373,FALSE,TRUE,FALSE
Docosapentaenoic acid,NA,C8-Neg-000004,NA,NA,NA,NA,NA,NA,NA,NA,28933844.2256764,48549634.1613731,31441308.0598262,28854489.7140851,48847487.5585162,23578964.9205747,27987085.2359006,44937752.7433422,76283492.8330744,18967007.8056681,41423402.7991803,23771826.9006344,48817081.4477582,18840015.3627607,16075718.4637508,36194590.481237,24380466.9829088,16261062.14717,39113433.968205,36139858.4132764,27638571.7223871,21502215.803709,33724827.6953746,18520136.4553285,FALSE,TRUE,FALSE
"Dodecanamide,N-[3-(dimethyloxidoamino)propyl]",NA,C8-Pos-000388,NA,NA,NA,NA,NA,NA,NA,NA,476028.60656758,593599.130723457,1420999.53378529,821123.675155403,1219609.21713536,1178517.87550318,2385965.01269025,1996223.86116366,622531.017299531,529150.114316829,409005.395726102,853907.639439194,436346.103370009,599862.678007321,1777811.93968009,313428.304848029,1982253.55453126,415964.853073621,799463.396601097,396469.56453101,391086.393250787,2093497.20836108,473642.691616931,435811.444463803,FALSE,TRUE,FALSE
Dodecanedioic acid,NA,C8-Pos-000438,NA,NA,NA,NA,NA,NA,NA,NA,NA,459187.283122633,69118.2412762861,NA,296591.420306222,58849.3618379717,NA,59416.1055085162,NA,NA,290538.642392114,43658.8274774753,70161.4219040258,56487.7727888304,320478.921487209,264217.855727767,89867.9931369399,308219.391658934,241836.942095882,234243.880286049,55985.658899027,56437.5694346277,NA,300461.538466678,FALSE,TRUE,FALSE
Dodecyltrimethylammonium,NA,C18-Pos-000157,NA,NA,NA,NA,NA,NA,NA,NA,7174984.09266826,6950884.03538455,7238818.24723431,7295522.1857726,7178268.55639038,7882651.00357881,7972401.01690354,7525314.90349732,7533929.01894173,7213311.6800153,7099001.11326438,7768199.78694185,7463550.87132551,7397360.30763608,7458253.44848903,7063057.53466386,7868212.01019515,7846429.51778156,7365607.85742165,7409762.99391215,7425739.68566516,7373194.56549172,7316067.64623546,7645884.15839794,FALSE,TRUE,FALSE
Dulcitol,NA,Amide-Neg-000313,NA,NA,NA,NA,NA,NA,NA,NA,1066397.95324605,868251.199003876,1139084.46559854,726738.489405189,1326962.06891891,772001.590219339,849565.899197135,1150910.51970006,1611835.32593172,717178.779950692,1222471.28390887,1381709.09991452,403193.165827761,1986060.98004459,693180.011715859,1122503.74491449,3542310.85304763,2959952.72145275,2658384.98690984,2392951.28008901,1854608.32817707,1119825.43625301,916928.815381443,1956789.43781932,FALSE,TRUE,FALSE
ERYTHRITOL,NA,Amide-Neg-000519,NA,NA,NA,NA,NA,NA,NA,NA,319284.944327686,350603.776717193,327278.283321338,620984.403414924,299207.237884073,297685.031509901,372188.93483102,599522.15190069,762851.868524185,433075.378765408,598649.922758242,312881.073791455,420722.884889389,468410.383211433,317870.101997011,347666.107436509,528936.419248348,528825.317421328,704423.879222463,765060.18158036,371326.662848036,335428.761326071,445347.363006972,523200.994298022,FALSE,TRUE,FALSE
Ethyl 1-piperazinecarboxylate,NA,Amide-Pos-000272,NA,NA,NA,NA,NA,NA,NA,NA,5084212.96713704,5556074.10221629,5540476.83839495,5632743.82046018,4851998.28091538,5583379.17882469,5806964.35403767,6374133.5595723,5689693.48367573,4965765.18042205,5818642.98947469,5902181.91163839,5281995.35473912,4446599.88111301,7015106.07683574,4152495.39851298,5423081.64349711,4835145.55403921,4554863.79750405,5640103.98734938,5151539.32575303,5217900.48159171,6255850.6251035,6758202.47465103,FALSE,TRUE,FALSE
Ethyl D-allothreoninate,NA,C18-Pos-000139,NA,NA,NA,NA,NA,NA,NA,NA,5348517.52007319,897667.85678652,5662547.64918379,6634177.04242714,5329926.26864078,12909835.195542,10230740.8247482,3693213.38878998,NA,6913411.44250976,11885241.5457626,5905549.9040732,6851337.00013136,NA,8177945.10718337,11821053.7960331,4301466.75918883,NA,NA,6027159.15366857,NA,6618124.1445018,9335471.34900578,1355718.96576958,FALSE,TRUE,FALSE
Ethyldiethanolamine,NA,Amide-Pos-000349,NA,NA,NA,NA,NA,NA,NA,NA,1714807.8768062,1758823.87794199,677199.158983742,796771.359508811,1188506.03712154,1439429.99320539,1212839.44534371,568945.08059312,766561.703944506,592323.059418253,2016741.50576255,2849435.25009154,1070893.36327086,512070.335126324,723537.498895708,1874071.89819443,693321.963841712,1008018.7236683,1697411.75772339,3635050.04120266,1978021.86155095,872951.3660006,1809438.55350967,1056571.11910251,FALSE,TRUE,FALSE
Ethylmalonic acid,NA,Amide-Neg-000537,NA,NA,NA,NA,NA,NA,NA,NA,256120.551809394,267324.358547036,248703.319017331,NA,620421.592860169,269105.984529173,333040.919412268,NA,NA,320083.059096171,NA,NA,368975.235623426,648891.38175539,369456.568324645,154406.057682231,154757.508402271,310901.017373732,433396.651140498,613633.3067697,233528.508715632,179004.636102442,285382.043476243,278123.996043015,FALSE,TRUE,FALSE
Ethylmorphine,NA,C8-Pos-000636,NA,NA,NA,NA,NA,NA,NA,NA,86000.7156697472,95006.1399763501,21654.8647988882,74089.7487761183,74740.5159559853,38557.5849175827,222698.50514769,122891.110187208,383557.948488842,50505.9853028153,107573.086960331,146374.638074034,58433.7295487644,47800.9187153672,80632.5064059731,44821.7146123699,85911.2169951274,58121.2914485941,256008.311751477,63064.2654449278,124472.521795659,65582.1142229243,117596.862986435,84496.0737222623,FALSE,TRUE,FALSE
FAHFA 11:0/7:0,NA,C8-Neg-000200,NA,NA,NA,NA,NA,NA,NA,NA,190187.957433413,358296.596489754,346679.057484902,254138.923725452,245938.476005727,321544.788453144,256838.404893473,283133.657095822,274896.896506702,175353.438901515,198199.680578419,300120.704741692,256305.453971381,237582.167316599,298027.730047563,235993.639936767,285202.810129592,248072.553476569,273734.242030246,292135.017027781,258528.332498773,264677.185235471,276840.70288126,303226.155673514,FALSE,TRUE,FALSE
FUMARATE,NA,Amide-Neg-000513,NA,NA,NA,NA,NA,NA,NA,NA,350129.938526133,486787.091592305,375873.587177856,455247.389869171,517653.592550772,541319.092327295,613603.85627538,639139.013431334,580221.970831975,547477.156749307,297017.999337533,522686.192409706,368677.698837439,785926.71784829,542238.328955426,406028.0996429,558250.043729614,603044.523835408,796483.893422967,652123.456588665,515347.776063394,487586.123045293,575125.929575004,247631.851709398,FALSE,TRUE,FALSE
Friedelin,NA,C8-Pos-000667,NA,NA,NA,NA,NA,NA,NA,NA,183303.800430477,142864.198474187,178710.325776921,248049.69598,116832.044365384,71408.1542309521,148196.535976403,126439.706129785,146030.823550197,244434.678210424,184644.419103718,139074.553367988,155161.69514969,121775.219858574,193484.79701097,197036.073071137,164547.296553993,156935.785035053,170584.032034558,159115.754223916,149702.190721844,171509.342815199,NA,241701.785671304,FALSE,TRUE,FALSE
Fumagillol,NA,C8-Pos-000582,NA,NA,NA,NA,NA,NA,NA,NA,522482.71163519,287528.270496577,462977.798908579,328623.963767559,211827.931653893,248403.507744213,473060.133643393,92877.3958695327,NA,487287.657347319,507291.692618117,324745.207373404,556366.222160416,373278.137443199,210482.260994171,483914.972831315,435638.052837415,614211.840189103,473366.09874523,470128.940726022,416219.337213996,476841.916132108,504520.538314061,600419.880524045,FALSE,TRUE,FALSE
Gabapentin,NA,Amide-Pos-000443,NA,NA,NA,NA,NA,NA,NA,NA,1260683.23084244,1233649.8192788,805700.259199002,892072.641983081,1417085.41545403,575940.355440107,1275326.11293445,445507.809244791,503639.061158768,78988.8232194992,NA,198678.781358997,90239.1717555628,112786.712517196,828003.449047876,209613.500429215,590188.392674036,918783.980038918,1601900.66481453,246891.924334391,575249.464242799,460735.276879424,1266784.76491032,755038.326900625,FALSE,TRUE,FALSE
Glucose 1-phosphate,NA,C18-Pos-000122,NA,NA,NA,NA,NA,NA,NA,NA,3807866.15928646,6635775.42390845,9379651.29778815,6729210.17947649,8043638.23065014,12077014.5198236,16630454.1414986,5405025.8195883,2667359.22416862,4400025.39872296,8279932.0345013,4295279.14433673,6033902.44637275,3276633.2455259,NA,5815045.52438419,9281497.40504395,8115259.66652246,2627688.70598404,5587095.43705079,8626503.04384086,10887170.0269703,8594684.89906129,10883252.3539823,FALSE,TRUE,FALSE
"Glutathione, oxidized",NA,C18-Pos-000013,NA,NA,NA,NA,NA,NA,NA,NA,130378013.689785,132115341.374487,99076557.9751586,NA,44933354.2480274,102442133.943149,91672884.8425908,NA,97244649.5651435,80358386.3453499,133883557.547828,202046532.815103,86273744.5012425,257371665.834496,NA,73637499.7228511,118259804.627117,116819074.460373,13029141.0863707,231665320.43482,116788216.415197,87961111.4411935,152620016.528325,120707859.329709,FALSE,TRUE,FALSE
Glutathionesulfonic acid,NA,Amide-Pos-000524,NA,NA,NA,NA,NA,NA,NA,NA,196447.123143804,270964.782878718,72176.2925732036,307399.18840368,187762.104412623,309222.907905814,226461.925847081,215504.726511667,266460.271473733,139463.356467744,223751.176847364,138964.713888456,154986.330002455,177823.506336338,252802.819765002,209349.565774331,228846.582492991,170258.713133928,389740.413851386,180521.507013752,259306.812623871,98367.6681634829,233051.763494476,209394.810597349,FALSE,TRUE,FALSE
Glycerophosphate(2),NA,Amide-Pos-000479,NA,NA,NA,NA,NA,NA,NA,NA,517895.408997155,531056.894446585,396298.614460459,388812.229145937,418699.275723186,320521.211679197,447665.021403588,212587.851197347,164935.218254072,367173.046817968,348598.809136283,160392.394262129,347354.040278745,272066.141423937,325041.513232402,517000.119557248,540401.884020038,814475.111592762,1064219.88149638,364308.412489771,499833.556352054,695265.051281149,614480.439649901,798147.131505053,FALSE,TRUE,FALSE
Glyoxylic acid,NA,Amide-Neg-000574,NA,NA,NA,NA,NA,NA,NA,NA,244688.814536887,242705.564211774,244544.248879622,297775.9092888,262748.353325165,386711.533886634,376606.778226575,54635.2257525379,228478.579395125,152756.300757642,173412.566019822,NA,154080.404685241,142801.51380026,303524.299307784,186697.161416224,170870.054703072,195035.207502765,261187.582272941,113537.155519691,288053.702370771,270071.325937547,278743.889917091,195279.647885874,FALSE,TRUE,FALSE
Guanine,NA,Amide-Pos-000116,NA,NA,NA,NA,NA,NA,NA,NA,11201568.0468704,NA,17786908.2161518,21894944.5085485,29424633.8733647,6504880.51231725,NA,15255979.4211311,23249509.9710502,26165177.6681753,14987757.7121728,24064144.9879143,25260242.7438503,15532217.6618061,15777019.574313,NA,20232446.3446413,10705738.9417298,18925772.9572553,25790099.2682227,22007051.7531732,21775339.2354871,NA,35735153.0602613,FALSE,TRUE,FALSE
Guanosine,NA,Amide-Pos-000102,NA,NA,NA,NA,NA,NA,NA,NA,10642180.3112925,17594505.4374862,21188387.3069071,20499881.9858043,29789261.6967408,6757410.20578014,19604091.9460851,18652374.5634144,25808538.817127,27558702.7688731,16223922.5403318,30609921.3811476,27285321.8695558,18657364.3753279,19388733.2080746,24778146.929755,22139392.0442297,26067323.9396745,17402353.9740824,27719070.1279893,20715746.734197,22711183.8392831,19409688.1118416,43059199.2224891,FALSE,TRUE,FALSE
Heneicosanoic acid,NA,C8-Neg-000208,NA,NA,NA,NA,NA,NA,NA,NA,67962.9407963764,156568.169037521,177823.516861768,110494.486407119,194424.834310616,231380.637659244,158512.961079691,144652.166921973,185270.274253561,119647.931871924,184988.727619759,204584.861878175,97638.2768171265,110179.864167712,27519.5958344361,56503.5404205494,74353.2046784244,55382.8735357649,NA,77032.9144661417,98628.5594977792,67684.0120055663,69265.6284553787,95901.718404574,FALSE,TRUE,FALSE
Heptanoylcarnitine,NA,C8-Pos-000668,NA,NA,NA,NA,NA,NA,NA,NA,66584.3965247766,230104.084252422,127708.65830115,64268.5883356957,58103.6748638287,53829.8378321984,59863.0460482686,105832.841007726,153733.298863109,65803.1655387127,104921.553220209,17302.4843295609,50112.4073693336,137287.379597418,94003.0644927461,89951.295187377,83906.2409886438,80896.2991816515,153982.362780813,247270.415001976,93321.5031022935,75456.279981706,78488.2937887448,57034.4782009387,FALSE,TRUE,FALSE
Hexadecanamide,NA,C18-Pos-000152,NA,NA,NA,NA,NA,NA,NA,NA,8861552.25152911,9063279.29889705,8726952.14078138,7939228.77917907,8395297.8105585,8706794.68725486,8560617.57487576,9060284.79776958,8943355.99734479,8491615.7127877,8474759.26870885,8817234.42755961,8623819.35197534,9192479.18441485,8270303.30469146,8595007.48408636,8923640.25873948,8765550.19488342,8963801.59815374,8573414.37916324,8660317.66771497,8859886.16413606,8819124.63945537,8814464.85461079,FALSE,TRUE,FALSE
Hexadecanedioic acid,NA,C18-Neg-000210,NA,NA,NA,NA,NA,NA,NA,NA,298138.031640733,26390.1963088486,33658.0929113476,14955.084968658,40196.1719399471,28710.4805852562,42643.399665803,25230.9663569168,24776.5608633929,27449.876406474,67258.2494805938,41306.0521799853,34053.5956515277,19181.6130764332,10981.1085730552,26196.563019792,23587.5589964937,16254.008367873,18437.112004479,20880.9817448789,32823.9008848396,18778.4843947673,6998.78615620035,41692.6751531006,FALSE,TRUE,FALSE
Hexamethylenetetramine,NA,Amide-Pos-000506,NA,NA,NA,NA,NA,NA,NA,NA,142645.056076095,120294.590989316,233372.931733483,184773.198542406,136149.550254085,93878.244752726,447164.059665933,78206.5076854085,235162.167394109,209832.910798561,208790.032451973,279810.801677248,487730.94650006,600473.995934558,409125.618022835,259157.509691299,222687.329014088,262869.560012448,285391.491303617,530414.11908691,212201.489738652,151026.286694994,294600.960813147,589062.786059653,FALSE,TRUE,FALSE
Histamine,NA,Amide-Pos-000445,NA,NA,NA,NA,NA,NA,NA,NA,319845.619377586,605996.891205853,453723.087404249,422170.612900898,217493.7401141,991461.029517392,1099660.39909892,595346.345181105,643890.995363726,360719.74279536,248000.53935181,233751.052661137,953636.681784454,531095.706432819,1572809.61374496,NA,493583.432061414,482022.965286163,884146.741067789,458796.154218664,143159.355881089,1038379.62801262,NA,474470.719061319,FALSE,TRUE,FALSE
Hymexazol,NA,Amide-Pos-000253,NA,NA,NA,NA,NA,NA,NA,NA,5580211.64474814,5500726.47568297,6861417.81156325,6625568.04377701,4876063.76843556,6423596.41649819,7868531.76453065,6517341.5159987,6364211.24632873,6342757.39382497,NA,NA,4687908.25214973,5216750.05341948,8027018.78017075,4289755.70932198,5754465.67701853,6277530.54690279,5639204.65206255,5797002.34309514,5130179.69014219,5483129.54272584,5926037.82379578,6927305.94445919,FALSE,TRUE,FALSE
INO,NA,Amide-Neg-000016,NA,NA,NA,NA,NA,NA,NA,NA,30434133.729233,48343499.8510905,37659939.0328737,56626462.726779,25377691.0948346,39350340.7836259,19386589.1831969,32006306.7445841,116079740.439322,62872047.9400678,29338407.4382909,31662005.2087761,68044243.0023131,42842828.0367265,46427938.1687413,52269704.8777989,59979616.9846733,62400570.02303,58629992.3959352,64510210.5923564,63212127.2475842,55450030.0634749,72254578.8034273,72192258.1447803,FALSE,TRUE,FALSE
Ibuprofen,NA,C8-Pos-000595,NA,NA,NA,NA,NA,NA,NA,NA,225065.585911484,243310.228020445,254451.753486619,557870.361062207,230143.243465597,589263.679930852,250449.400490624,266993.715163448,259638.856763089,226289.300318323,238011.281351313,572799.533095791,224128.856809304,228877.357452819,246563.65649957,368661.098642294,251935.542871661,232406.630734389,246339.374240802,236429.181098004,246858.252118507,241718.977056858,487740.012230498,476647.181848522,FALSE,TRUE,FALSE
Isocytosine,NA,Amide-Pos-000504,NA,NA,NA,NA,NA,NA,NA,NA,606456.66207347,573952.861247235,423943.191808797,552028.824450431,434691.472381049,455051.395247042,432167.125324723,596537.574085149,449125.670779074,457272.801345215,485994.891019816,357897.672589139,414744.131600699,485427.168633676,467337.910781772,409510.098963225,528616.518081381,596141.150367493,593672.152432205,546175.298445424,549950.146132026,432100.76860273,518384.645690394,490362.860230916,FALSE,TRUE,FALSE
JWH-133,NA,C8-Pos-000558,NA,NA,NA,NA,NA,NA,NA,NA,411153.68880153,688673.423587757,752157.492956053,287864.068988538,743594.154284707,141410.697572592,374101.553445498,474470.760874465,294054.590295264,356195.903356846,426279.651255906,308809.594751048,698876.345302315,246643.181994891,307325.353427885,664205.400676253,387120.123522277,579181.05533569,478568.579636381,539647.914381192,332937.245354935,643806.233667466,629010.245638056,730124.152917462,FALSE,TRUE,FALSE
Kojic acid,NA,Amide-Neg-000344,NA,NA,NA,NA,NA,NA,NA,NA,1397677.2115447,NA,NA,2072965.49599473,2657656.46434791,2486602.5455058,2779452.1508485,1140627.14144217,1876191.02482508,2499240.29060774,NA,851646.374681393,NA,2918908.61110356,2127257.7818197,1290303.25277402,1270265.59245529,2428616.27436327,2733124.6310347,NA,2073185.18981047,2186575.69015252,2338580.44006977,NA,FALSE,TRUE,FALSE
L-(-)-Malic acid,NA,Amide-Neg-000382,NA,NA,NA,NA,NA,NA,NA,NA,184334.88401033,280284.602293065,170504.3229981,147761.326048333,422505.635115836,831522.708911967,368400.481245323,765785.072470539,572997.693997393,581500.546108895,389558.749461759,736597.252605041,404295.120752925,2006373.70411367,700405.689547848,172296.250724488,338444.112350945,280532.17532435,297152.083374272,1685947.33229018,926900.944109056,151158.152686897,361100.001738726,237741.12789431,FALSE,TRUE,FALSE
L-(-)-Methionine,NA,Amide-Pos-000200,NA,NA,NA,NA,NA,NA,NA,NA,4398716.35014511,4902694.44649475,3904154.63867418,9594230.89562335,NA,9045133.88371557,8755621.35395026,3803897.21267881,11871162.2316966,7384401.92050226,4739621.4707132,2233759.29840368,3950206.2083598,4510340.63510031,9336450.45324571,3660937.33513763,6913077.1809592,5501797.42331574,11533720.4015994,5390347.30956176,6129858.03099895,4737190.99795411,NA,4339962.80185323,FALSE,TRUE,FALSE
L-Cysteine-glutathione disulfide,NA,C8-Pos-000381,NA,NA,NA,NA,NA,NA,NA,NA,715938.602463093,938310.235513824,1379453.83541984,633685.027535606,1679977.38334764,1900565.79385566,2242987.33972586,1140468.83754216,372809.511627249,645244.218417763,382499.044435388,2504247.71015497,1434088.88589659,1250821.21854036,2412148.45950121,1251235.92764343,924109.452347474,764965.574673136,320497.186503519,967917.078868914,1266724.6461742,606800.225476195,1010984.89221915,1142234.63241389,FALSE,TRUE,FALSE
"L-Gulono-1,4-lactone",NA,Amide-Neg-000152,NA,NA,NA,NA,NA,NA,NA,NA,6086773.72494884,NA,NA,6838858.36041212,8488788.15066064,6362170.83130224,8237774.68250778,6714577.46014274,8884567.50612681,10578912.3128803,NA,4293389.59828684,6478724.78755305,9461410.65690717,4458319.66180867,5932330.25023669,7483202.48534185,8554972.99123171,7276973.05679395,11186716.4285143,7691017.50002854,7040637.78919369,8545486.56511082,7703290.4896232,FALSE,TRUE,FALSE
L-Homoarginine,NA,Amide-Pos-000228,NA,NA,NA,NA,NA,NA,NA,NA,3929815.03675578,3729998.63340269,3762836.15635241,5680787.96263607,5160868.98480576,1901571.99052294,8094201.92890272,1166044.77155385,5055131.62145318,4906950.2011562,4908267.63162769,2602235.27892358,6069184.13805585,3957950.53738323,3149170.82728227,4654482.56544878,2146320.03721675,7514646.35161229,6004647.300642,6171760.41815733,6785511.34233941,5101723.73643163,9929486.33090942,2711729.29033841,FALSE,TRUE,FALSE
L-Isoleucine,NA,C18-Pos-000015,NA,NA,NA,NA,NA,NA,NA,NA,96666246.9380366,94086529.5965154,112462220.678869,154779702.326636,106885811.650795,136688677.355716,131439795.667814,137277168.906815,213166281.560638,92655334.1737836,134576805.337531,104261455.987405,111923089.23355,165757312.29662,138201883.71203,80986922.626301,109033596.745493,128159418.284558,202941164.445212,159403556.784696,110372150.551636,139501620.074067,141682625.927147,113288398.814608,FALSE,TRUE,FALSE
L-N-Acetylhistidine,NA,Amide-Pos-000114,NA,NA,NA,NA,NA,NA,NA,NA,32549279.6139612,35922895.5472377,26441915.4743521,20786551.1294526,24907773.7328966,21947746.4404458,23385711.6137723,8711815.2369006,35280698.0260146,26395517.1746205,29060879.1306113,12249465.8135105,15064357.994741,23714179.5570498,18833302.005212,28582869.1115846,28495140.3509395,376556.400723125,35433049.124919,15857418.7900033,26460400.8731946,32736967.7594015,29914758.781895,18796706.3054289,FALSE,TRUE,FALSE
"L-Threonic acid-1,4-lactone",NA,Amide-Neg-000017,NA,NA,NA,NA,NA,NA,NA,NA,52828915.6850576,NA,47921726.8177415,43588458.1366041,NA,50687679.391227,98476859.8341186,58183233.9284389,67999146.5730378,64620582.934491,NA,30351571.6372048,52659851.0202121,109917914.253753,39451212.9353707,31857588.0940219,68491193.2860612,83586120.0793095,51058495.8067131,92467876.2062165,NA,NA,NA,78767256.7492325,FALSE,TRUE,FALSE
L-Valine,NA,C18-Pos-000048,NA,NA,NA,NA,NA,NA,NA,NA,17900051.4246551,35398862.2829192,28619114.2827309,37584404.3630234,29752957.0736568,40624542.8321726,34534994.439295,12284741.3121316,60535718.3284415,25258874.5746403,31281587.7295972,26393484.6457707,22577419.4664044,44841919.3127559,33562405.2628679,28329486.02073,30413579.165711,44148995.1246194,57907121.7809738,45749560.688486,32804623.3851347,32181287.2535608,33527259.484208,39252385.2152935,FALSE,TRUE,FALSE
L-γ-Glutamyl-L-glutamic acid,NA,Amide-Neg-000611,NA,NA,NA,NA,NA,NA,NA,NA,29259.7973320145,41428.3074359935,31477.0567336583,37771.3331446473,65820.8829843407,90689.7878131306,78661.6646271897,109120.430441892,74699.6741905188,63799.6082450979,20896.5599943393,61603.7496197984,57766.4152811717,99150.9631455619,70768.4089060513,28753.4899736014,96407.4533117787,136315.394434044,126572.676944719,96423.8740465796,139470.138464822,32724.7000439209,121789.50641334,71636.9807582522,FALSE,TRUE,FALSE
LPC 14:0-SN2,NA,C8-Pos-000297,NA,NA,NA,NA,NA,NA,NA,NA,3277369.29679461,3371523.7696745,3666659.22841833,4692064.84277632,4531938.31025069,1521859.64479895,2860916.75080212,1712816.83323598,4378642.21904869,3063430.13984493,2593366.90330453,2344015.69899923,2887655.44855365,1455366.61913649,2050725.30865002,3054048.51089344,2615749.07780198,2640430.13074049,2766428.52779179,2245924.53984875,2038732.94803858,2781479.73207445,2594374.90172429,3415543.08998384,FALSE,TRUE,FALSE
LPC 16:2-SN1,NA,C8-Pos-000310,NA,NA,NA,NA,NA,NA,NA,NA,2691849.49895587,3338452.76387405,2894345.26890344,2907236.78383334,4357298.48363615,1319879.9511948,2065648.19693854,1865952.89594041,3592746.08744766,NA,2229733.07057883,3072807.10995833,2317508.01790305,1403655.62082048,NA,1789876.32645175,2103058.04753895,1705908.33214421,1493436.51532286,1235996.812514,1720381.08941881,1910104.19139608,2257281.71271726,1747125.37502937,FALSE,TRUE,FALSE
LPC 17:1-SN1,NA,C8-Pos-000631,NA,NA,NA,NA,NA,NA,NA,NA,273157.682796055,387067.856473926,270561.063374084,278077.224653752,399362.27668952,126622.024233257,199295.752847533,76144.5558241459,355332.776126263,157991.628238261,227114.421309408,219413.632940795,245772.260087272,83372.4158924667,102436.825657904,181044.420466201,189146.648558281,203499.757130146,NA,NA,189260.10105635,186338.194538261,191003.017599595,246122.262293193,FALSE,TRUE,FALSE
LPC 20:1-SN1,NA,C8-Pos-000333,NA,NA,NA,NA,NA,NA,NA,NA,2135886.99909118,2058923.53723625,2062545.0921204,3726075.92929735,2531122.7336696,1304237.12626574,1909650.43216713,1416562.6177648,3661953.08394931,1948938.07150343,2763413.75881186,2285188.24221528,1987205.70932419,1495177.7405256,1852836.43850488,2030198.64561773,2682283.10342968,2144129.33743883,2503854.35405331,2278127.94463819,2214372.36999526,2059447.72856089,2065023.77651216,2810053.68427779,FALSE,TRUE,FALSE
LPC 20:2-SN1,NA,C8-Pos-000342,NA,NA,NA,NA,NA,NA,NA,NA,1719431.89175165,2064069.05168507,1487583.07344321,2683161.46903022,3457049.49891683,NA,2136924.52873854,NA,3389828.27249242,1931813.51666968,3096211.14686488,86902.1256488772,NA,240421.172730325,1510140.74234826,1435209.88583131,1235090.24512469,1192944.07730098,1663653.67271096,1332056.3481617,2184338.77466942,NA,NA,NA,FALSE,TRUE,FALSE
LPC 20:3-SN1,NA,C8-Pos-000361,NA,NA,NA,NA,NA,NA,NA,NA,1675724.2994558,2387727.29065521,1286098.56429774,1673163.02396839,2466013.02763215,940684.166378914,1430439.9188173,726387.300984575,3003382.27089617,1466222.18270264,1322939.61395719,1481188.3252415,1423192.43063404,530254.871634905,1375164.61819,1395573.69622063,1104624.36560449,1299169.3564933,1600444.15381289,1166747.44636053,1310779.2932739,879475.513738324,1031052.32374812,1943209.80583496,FALSE,TRUE,FALSE
LPC 20:4-SN2,NA,C8-Pos-000128,NA,NA,NA,NA,NA,NA,NA,NA,12516636.5266201,18728555.3139746,19460755.3976288,15119273.1639109,22431274.8277247,8380508.8452231,12498265.4262193,10835549.8858588,21053575.736762,10587815.9863485,13549895.4751492,12969540.3316625,14983007.7087371,7236117.62522132,11333367.3851133,13128405.2478873,11805168.6929299,10919588.0643021,9937150.13687208,10232700.83202,10989784.6451179,10904854.3087978,12991358.8651126,12502746.1879146,FALSE,TRUE,FALSE
LPC 22:3-SN1,NA,C8-Pos-000575,NA,NA,NA,NA,NA,NA,NA,NA,288742.184589843,266788.16216148,264199.725517425,658197.630221362,384501.987920035,NA,215565.358053278,205685.494043482,516841.728115102,301857.495033619,362373.352814463,255770.715208079,288166.940289765,273386.625491706,357745.643243362,274257.477253566,407215.796496087,310976.406651647,343190.303419265,264569.501367962,243698.207909039,253338.690778681,329640.56967851,326000.982345029,FALSE,TRUE,FALSE
LPC 22:4-SN2,NA,C8-Pos-000412,NA,NA,NA,NA,NA,NA,NA,NA,353026.868824254,491596.731016126,524076.361815917,695595.807963497,622265.934469479,434586.323144223,483583.248879106,427386.367838152,2101765.8861837,470865.83134204,816343.824135836,517745.355194886,415542.521666232,367066.344315164,399185.232843912,368183.999814148,460252.929168385,440335.896933506,805355.77636046,654423.750941491,622510.552200744,406221.976524188,552272.302986435,372452.39549015,FALSE,TRUE,FALSE
LPC 22:5-SN1,NA,C8-Pos-000318,NA,NA,NA,NA,NA,NA,NA,NA,1427754.60541149,2237805.48116423,1927825.46671094,2126549.84333458,2256965.5972073,706178.002832384,1172010.4094103,1111624.24260876,4177449.16455179,1331641.01840346,1649972.62295096,898977.41164395,1834389.51565524,568294.914437048,867088.153476484,1628558.92752251,1274822.88327837,1133954.47047603,1107159.21310433,1318047.7553267,846880.686106281,1144462.85720016,1222489.38189208,1459290.35630208,FALSE,TRUE,FALSE
LPC 22:6-SN2,NA,C8-Pos-000242,NA,NA,NA,NA,NA,NA,NA,NA,2370401.40983459,3066885.60581504,2926970.63483319,3321329.86443652,4309877.09282453,1657912.29840776,2032654.86094321,2058712.14108864,6959260.49174278,1755460.94288371,3231254.82503308,3654363.09437063,3421257.66624611,1549614.11544312,2487637.66335068,2450750.27724856,3241980.03182833,80681.1097888883,1957939.32483058,2497576.63036099,2527729.36871376,2314876.84486223,2474698.03668021,2199187.8499403,FALSE,TRUE,FALSE
LPC 32:5-SN1,NA,C8-Pos-000473,NA,NA,NA,NA,NA,NA,NA,NA,1028487.48403144,1052268.07608388,901273.328775012,899222.252507034,848398.764745199,574945.636098576,598654.466785361,490348.267892009,1281947.09838119,878377.332715677,1037291.36259008,387529.507840287,972208.286699394,531377.004824122,464736.061706973,836994.67582569,720903.709679574,831578.593941126,995979.776207678,786850.898828653,694822.024088167,837579.196632193,895279.234791772,868367.911329349,FALSE,TRUE,FALSE
LPC O-18:1,NA,C8-Pos-000423,NA,NA,NA,NA,NA,NA,NA,NA,385980.488825023,605635.192128773,494013.039154948,792749.300754208,688183.340846376,1064114.61663092,1129554.25549896,571905.00107469,839735.570298246,491177.655320141,856404.505613086,1919432.27878707,496615.128097593,529498.639975622,844305.280935259,372467.726962896,550110.715145946,462677.392930446,729978.975024026,638701.72466173,617524.152616752,782184.107843463,768634.027883198,598651.40135572,FALSE,TRUE,FALSE
LPC(18:0),NA,Amide-Pos-000507,NA,NA,NA,NA,NA,NA,NA,NA,44220.793403828,164268.944807412,65272.5532048245,175860.343446536,155542.050397299,NA,90852.2748694687,NA,243052.745911036,26673.6490797369,26706.6959767549,28615.7384205756,47516.4427339999,NA,NA,NA,48476.1417893306,143170.405249005,560678.346088348,71379.6675375963,93972.7757121623,80011.2997198455,164110.750028331,116940.231223461,FALSE,TRUE,FALSE
LPE 16:1,NA,C8-Neg-000155,NA,NA,NA,NA,NA,NA,NA,NA,617112.098912812,985780.829145011,567822.666606152,805491.184237539,885448.371073439,540894.198246741,607317.413394151,542784.980939633,1290289.35950814,522548.631062015,857005.668286286,789113.54420203,531694.941354348,420610.95340013,738817.830060841,684277.464951967,824072.833487445,586533.182895454,570359.981718955,685890.060282168,742903.329676402,514851.563518527,687627.302316963,579568.289898216,FALSE,TRUE,FALSE
LPE 16:2,NA,C8-Neg-000209,NA,NA,NA,NA,NA,NA,NA,NA,71862.3281797965,80696.666103737,49352.9844479409,102488.960566099,98142.5955988798,46940.798516885,35357.9436138305,53191.4872857527,228383.456951305,52769.138867867,148160.97306705,146022.844665154,73611.4200328681,50891.5284969793,90073.7092369505,50716.4061941463,101265.875365741,44976.1940347438,67643.5802687532,62817.1057951577,92302.2330307207,62195.7075742169,78646.4438723332,NA,FALSE,TRUE,FALSE
LPE 20:1,NA,C8-Pos-000550,NA,NA,NA,NA,NA,NA,NA,NA,505679.658875065,658552.470133366,433356.712200943,808911.304857692,596109.653515574,384951.077408944,501901.117650182,426918.674049882,739283.553099028,500091.692849973,661844.278509239,736637.36024132,478100.001471123,433052.231802957,567233.512277283,474931.666048364,713975.785361993,627144.795926088,448709.148940408,533728.843170932,587222.798927445,609742.164468603,516287.662103712,775547.010687291,FALSE,TRUE,FALSE
LPE 20:3,NA,C8-Pos-000372,NA,NA,NA,NA,NA,NA,NA,NA,NA,992159.624007299,1160641.75224518,2635644.6324175,NA,996830.241937299,1036933.58161272,1007006.54813377,2344395.09812249,1836648.81714125,1756485.67753117,1219383.36696753,1242168.40502153,1148748.52265958,1752528.95099019,1794367.85966615,2262144.58158297,2055008.50363174,1561756.92270131,1335800.2306929,1147357.57742287,1155480.8211376,1495531.24403998,2166061.19409501,FALSE,TRUE,FALSE
LPE 20:4,NA,C8-Pos-000081,NA,NA,NA,NA,NA,NA,NA,NA,26883030.9898219,37272306.2148076,31917767.4835481,38894204.5709971,41135557.0760901,26612800.5977233,33640686.8522224,28313674.1610634,38185251.7818961,33940262.8502601,30124603.6052449,27243572.301242,32976041.8700953,21985068.509686,29160769.9839065,33201283.0621773,28618051.2082408,24703091.3713211,17364975.6646423,28695607.3141096,31044076.0100048,23617420.1771016,30832802.9744177,34712573.0730669,FALSE,TRUE,FALSE
LPE 22:3,NA,C8-Pos-000376,NA,NA,NA,NA,NA,NA,NA,NA,1371509.36417992,1297283.84546536,1293843.5344218,2577303.00070292,1487969.33927056,1484410.95841226,1377201.82522358,1413407.64667309,NA,2264316.11275842,1826484.0279197,2042982.21707269,1280923.62409053,1991780.67832843,2594423.7970771,1740546.12989878,2314251.44231994,2203764.90040686,1503281.94834042,1495318.30687677,1706366.56129403,1629192.81542278,2000653.29841522,2288832.14810477,FALSE,TRUE,FALSE
LPE 22:4,NA,C8-Pos-000106,NA,NA,NA,NA,NA,NA,NA,NA,14025597.9950681,17186461.2910956,22996288.8563426,21009672.2194697,27342397.4601768,21967806.8488263,24185999.3012946,14534680.8854134,19539250.2297252,24312489.5228795,18725043.1198842,27234498.02267,16622506.0919462,15809579.1417124,19874296.2877337,17204507.7980987,14405049.9151807,16973009.624347,9697129.394917,14182042.1443715,21332062.9027375,16486734.8619182,17328570.9787297,17334570.6184035,FALSE,TRUE,FALSE
LPE 22:5,NA,C8-Pos-000139,NA,NA,NA,NA,NA,NA,NA,NA,9720004.42080304,13616050.4941208,11984606.0390009,13264897.4463879,12783978.8551226,8620737.43675104,9646282.59809943,8353254.20579952,18698170.7951724,14067317.5893874,12037840.9704583,7861255.37377854,11694419.8545066,5562101.84294964,6862520.8951129,12850792.9098,10145728.5206963,NA,7176205.76051023,9748011.96074288,7686811.11802527,10539444.601366,9333648.98246638,13368239.5977387,FALSE,TRUE,FALSE
LPE 22:6,NA,C8-Pos-000091,NA,NA,NA,NA,NA,NA,NA,NA,21871370.5327782,23982645.6074118,22280671.4244646,26017348.1372926,26663177.6666494,23005620.7402197,17749456.8126298,21050893.8425015,36308207.7345154,22552951.8727037,24533419.0317525,33694610.5940872,27964049.0753557,18516563.8664738,21793182.9611791,26276475.6511153,26686400.1181758,24723614.2757362,14085105.954877,22699079.448389,24679162.6381939,22989580.5729456,24096753.9520893,21658560.9505059,FALSE,TRUE,FALSE
LPE 24:4,NA,C8-Pos-000520,NA,NA,NA,NA,NA,NA,NA,NA,414951.580126922,687051.37904604,561454.758852912,642527.225555996,482727.035327805,366968.898366907,390283.10404371,316630.802873096,686921.888822824,617878.485127765,420520.853781792,319655.459007099,551882.37476177,169645.458121984,291396.236645375,458994.763254659,393540.897086232,537448.330194135,301084.605419932,378995.802219916,346050.846895007,379045.165648105,360574.733459092,921332.329892146,FALSE,TRUE,FALSE
LPE 24:5,NA,C8-Pos-000377,NA,NA,NA,NA,NA,NA,NA,NA,1566463.89241355,2059110.6186588,1582985.81146203,2566912.70793247,1868343.14380868,1347790.65956499,1524831.14233439,1353456.36826356,2274119.55258415,2564545.26917231,1747577.26742916,1271279.27666039,1862974.95148696,1037970.45166317,1321093.16980211,1944414.72426711,1639381.08247719,2136146.10394366,1109209.86471025,1479407.37422822,1661479.74203461,1558042.17581883,1717732.39201857,2451181.04000899,FALSE,TRUE,FALSE
LPE 38:4,NA,C8-Pos-000197,NA,NA,NA,NA,NA,NA,NA,NA,3486724.95065856,5831559.01368116,8475506.72318485,3203479.12106553,3363906.84883892,6610969.80690144,5400378.68742833,3385215.44015109,1977109.57418373,447968.922184536,4550746.9212068,5821493.5699278,4076231.94804087,3343603.49392297,4176954.3128463,6259694.64745925,4454987.27133714,7082922.31549226,10560431.8430394,5759453.59285249,6501661.53813402,3848139.63022667,7147591.33812393,7821448.6928366,FALSE,TRUE,FALSE
LPE O-16:1,NA,C8-Pos-000141,NA,NA,NA,NA,NA,NA,NA,NA,9374079.67550139,17949888.2840572,NA,7908808.17880527,12279224.6219247,7544432.31319337,10061325.2021507,8195252.13944112,12463210.4176109,6110913.10655945,7570951.08299841,9221248.35255127,NA,5537288.83082131,NA,8351377.52674263,7663832.4042646,7767915.40963103,8167643.23525651,NA,8115778.60800288,8161703.82740784,8966310.60796821,9995393.43914,FALSE,TRUE,FALSE
LPE O-18:2,NA,C8-Pos-000281,NA,NA,NA,NA,NA,NA,NA,NA,2317003.89944362,5296656.19574224,2803926.20311494,2310496.59947462,3490704.79559606,2575050.64234623,2180427.1628142,2984868.91348654,5004553.2600508,1871802.7303314,2337556.82951445,3650314.96445548,2659755.12322251,2197380.39877335,4082511.49737269,2308404.4427594,3035689.80529284,2452296.48094368,2905676.45685281,2292479.44985203,2913851.56354606,2030290.43989504,3141952.24076286,2879369.50376986,FALSE,TRUE,FALSE
LPG 18:1,NA,C8-Neg-000205,NA,NA,NA,NA,NA,NA,NA,NA,NA,64957.3807009822,NA,156924.3152421,50444.4928843211,77816.8060340769,62973.4912116228,95952.0968822193,301351.207973722,87162.1417977286,130660.763013125,58148.015720314,66286.705122356,98748.2353623352,40979.4094881638,69641.6319876909,114789.53350193,68720.2629636385,232959.692786788,160657.7618915,83953.2889442304,80319.7926513904,122805.209656187,79724.4388461315,FALSE,TRUE,FALSE
LPI 18:0,NA,C8-Neg-000029,NA,NA,NA,NA,NA,NA,NA,NA,841146.447451239,1101718.86078174,1047166.53549248,2928347.51151636,2307263.97738115,648915.653168861,1359559.83830015,891968.006706818,10976770.4198452,2043362.67307694,4706988.40960012,2489531.05618734,1575860.40215037,834301.336974102,958344.613142041,1446220.54873664,1903694.3707645,751095.877395134,1802761.14854407,2691120.7912365,1304514.69122407,780747.584413592,819334.227938324,884589.963758184,FALSE,TRUE,FALSE
LPI 20:4,NA,C8-Neg-000130,NA,NA,NA,NA,NA,NA,NA,NA,933882.074489493,1174667.66613892,1115518.1356049,1426478.01236869,1491417.95440787,619681.281568309,1006626.14203627,1445888.92101894,1988788.61208836,921301.394458688,1234870.05914227,928506.009441745,1669355.17972351,882856.434525898,798856.09738366,1104515.22686828,912894.826263362,709962.360817038,817825.648660314,1224847.15616219,848847.316318414,959180.500022112,1185245.02106219,767537.358354749,FALSE,TRUE,FALSE
LPS 18:0,NA,C8-Neg-000066,NA,NA,NA,NA,NA,NA,NA,NA,2197680.66533413,1537034.84020665,4737619.65913917,891311.790768791,3682481.12192959,NA,2804243.61342788,2153870.65045398,1083900.60870307,1612747.89280291,1614836.52892434,3025846.50833918,2497964.32934592,NA,703912.697507718,1030297.04069176,700968.513810107,1789837.27621672,797088.443914197,665918.133022326,NA,2056456.26579557,1934054.82114462,2184305.67737256,FALSE,TRUE,FALSE
LPS 20:4,NA,C8-Neg-000197,NA,NA,NA,NA,NA,NA,NA,NA,232301.764636462,360355.470532488,293053.146924851,206317.921931384,407263.725649245,NA,157670.626314058,NA,360448.374303145,NA,237003.973626068,121673.848803333,162492.982052341,NA,107424.803043132,171361.14047912,119154.057596303,NA,178117.074100514,113878.36348239,124886.459745476,110592.071715482,146252.822947527,194132.633145575,FALSE,TRUE,FALSE
LPS 22:6,NA,C8-Neg-000121,NA,NA,NA,NA,NA,NA,NA,NA,1289952.58469602,1594949.82088303,1735104.16467187,1452911.50660797,2195570.77168066,680727.082655127,229112.243405987,124701.739427447,1274525.67755227,230581.162605179,1297230.16002611,242864.324713585,1433057.29707636,NA,149493.25299263,1246631.21827146,164614.767334615,NA,882460.993751999,269302.931478506,NA,NA,991415.677355088,131335.253214235,FALSE,TRUE,FALSE
Lauric acid,NA,Amide-Neg-000240,NA,NA,NA,NA,NA,NA,NA,NA,5759992.51468236,4696477.81143037,1889196.70187254,1469491.09595209,3905193.49249272,4167141.87503774,4649725.37079692,2803141.34549361,3649160.94889725,2408859.09277555,2075670.76304671,3483200.70949319,2846929.35776299,3271325.38535324,1772679.58124433,2230909.37946423,3429212.65432682,2311392.06938455,2867877.08343104,2658301.53729258,2960638.71943222,1798786.95283493,2423949.64128679,4336757.99883282,FALSE,TRUE,FALSE
Leucine,NA,Amide-Pos-000104,NA,NA,NA,NA,NA,NA,NA,NA,21195925.673593,28881802.4871186,19289593.2973677,37906645.834481,25742607.6502393,29220404.542723,28219971.4472712,15019083.3829901,42171745.3095808,25872754.1812351,24832797.8065616,10618977.6794845,22896771.3743985,19385831.0084975,25226643.5764185,19844171.0055388,19422631.8047683,27788189.4118114,28177387.4376141,24985338.8536081,26374829.5437013,34190461.5478382,32428275.3986845,16046786.9604008,FALSE,TRUE,FALSE
Linoleic acid,NA,Amide-Neg-000496,NA,NA,NA,NA,NA,NA,NA,NA,894600.776550465,340843.3662229,216653.843274546,91897.2731358525,NA,102881.958519642,141720.419973593,NA,106103.567167632,32334.7816569664,109878.984409487,105184.737424182,87183.3229235913,134143.24480416,144984.402380984,48761.2859361243,112367.463994471,150357.873675012,223869.619654337,68596.2209926327,195741.571685746,90529.4209722817,231632.562354669,119462.595953315,FALSE,TRUE,FALSE
Lupenone,NA,C8-Pos-000596,NA,NA,NA,NA,NA,NA,NA,NA,246073.771286351,369329.622006682,285533.035503526,256547.713937734,205717.156734782,282135.855969822,204970.766569616,218506.898299235,219083.756478916,259525.928413304,225731.984772531,504132.261827146,408723.897974961,415733.278350441,197454.181623087,366096.428232115,284232.163015362,230942.765672523,583497.182803762,213260.84242539,347354.953595156,203523.948283627,254550.450757512,264374.934874002,FALSE,TRUE,FALSE
MBZP,NA,C18-Pos-000316,NA,NA,NA,NA,NA,NA,NA,NA,142159.613996535,155826.876452243,190354.093108084,133709.241431138,150530.547495433,156252.212909109,171263.169874729,129284.598655215,144588.923491497,117111.097238558,118644.995415495,120289.179138564,119545.942855397,129497.413086128,186718.242997799,110114.742280236,169402.08364892,200667.218099481,168941.217572905,135081.173283882,133720.003639477,153829.872371438,161098.803788594,201537.715079611,FALSE,TRUE,FALSE
Magnolol,NA,C8-Pos-000712,NA,NA,NA,NA,NA,NA,NA,NA,15396.3806753075,34673.2081321185,37453.1718243195,49350.3822883056,67704.6122963301,101456.407500392,48123.443303504,35376.1101085471,42313.8738016822,42754.6410349444,25624.6984161567,37924.2811322293,18730.6091773437,24873.5998169358,11823.7383493874,21376.3976825788,21896.2928409183,17508.2350913344,NA,15048.3314461186,40696.2544106068,20802.304177097,12337.9811668729,50731.3060857527,FALSE,TRUE,FALSE
Methyl 2-[(2-methoxy-2-oxoethyl)amino]acetate,NA,C18-Pos-000217,NA,NA,NA,NA,NA,NA,NA,NA,1315098.80851767,1497060.77703408,2111611.43517249,1825649.2351191,1062602.72737319,1714879.28231886,1812534.07865023,1670384.89231559,2082752.84174165,1152551.07165298,1959862.03813531,1329790.6749376,1293485.12777925,1719395.78451185,2388695.21087896,1113353.59975858,1978131.62887888,1873901.24616292,NA,2174565.59430532,NA,1601187.34387704,2219849.05477782,1628581.24677831,FALSE,TRUE,FALSE
"Methyl 2-amino-3,3-dimethylbutanoate",NA,C18-Pos-000248,NA,NA,NA,NA,NA,NA,NA,NA,645339.022429891,665020.511519693,636856.684079532,794301.005062749,434636.711386017,746172.737249003,566802.069133324,1315474.36685955,462293.106403954,637019.925359222,693871.44908197,827571.235854929,449015.783216391,808662.901381303,798747.236731322,377977.925940813,460391.929837531,691587.310518354,709277.579957293,647507.235905912,769165.003929628,610158.84149011,811392.375408862,623829.799580741,FALSE,TRUE,FALSE
Methyltestosterone,NA,C8-Pos-000522,NA,NA,NA,NA,NA,NA,NA,NA,317158.519989264,661164.418058728,539355.353581758,496026.114944363,506887.357845982,NA,387219.526275876,NA,491004.078682418,406592.462360116,407590.042942202,400081.214250764,589129.536357869,237396.433076288,NA,463281.399241931,912006.49207473,360756.494127706,413977.778040033,410768.35503614,365060.313566417,NA,NA,417534.524122811,FALSE,TRUE,FALSE
Monoarachidin,NA,C8-Pos-000709,NA,NA,NA,NA,NA,NA,NA,NA,60662.1104163047,48184.347675786,58212.3926668723,54151.7985518816,66648.1918838936,46809.7922741559,110581.133016709,44756.3997144516,74355.0579686836,37943.4700731372,62600.1374046892,91785.4808498328,41606.5600265983,44214.9253377947,55024.0388816908,42498.4338094643,42556.3584891662,47851.3972735771,25792.8804405248,69167.8605372204,48715.2166290276,47211.9373929896,49749.1115885469,55626.1438115542,FALSE,TRUE,FALSE
Monocaprin,NA,C8-Pos-000613,NA,NA,NA,NA,NA,NA,NA,NA,410593.370569221,383842.244644752,468262.812612717,491206.270258009,400307.999743001,432108.936837025,456440.948593463,400606.266530202,474865.520774677,405058.233237483,402101.46709766,382114.725399847,336513.374008601,413756.718025499,379825.005588481,393541.066440728,372348.758646266,382091.157298525,280971.247127086,386760.30311928,396805.094673611,367357.520268728,370981.672769768,398067.352386077,FALSE,TRUE,FALSE
Morpholin-3-one,NA,Amide-Pos-000363,NA,NA,NA,NA,NA,NA,NA,NA,2115982.68920381,1882536.52191165,1131661.47401264,2632872.70250969,1380611.80913438,1598356.29197058,1185650.25913932,2026644.03229347,2123037.90665714,NA,2785479.01873375,1276330.7434251,1134211.09646155,1211553.0916579,1693610.28032783,1231321.35680755,1502759.29489024,1388161.24314871,3205939.87728034,2559919.08122933,1869464.99789136,1491074.21542004,2362133.7236882,NA,FALSE,TRUE,FALSE
Myristyl sulfate,NA,C8-Neg-000064,NA,NA,NA,NA,NA,NA,NA,NA,53298.3111219761,5145838.79943579,2102369.2674089,1414451.06276323,1993038.80220671,1192744.84276437,1570744.26824635,1412077.57227379,866038.012746099,1281457.75835099,1078733.07992592,918448.25823607,51085.3730120078,614020.835933769,1742658.29461951,739881.21170429,1207614.23066866,910857.227617347,1320509.65653367,778674.951822917,951613.74044553,1201897.6440946,1536191.95260705,968991.371901087,FALSE,TRUE,FALSE
N-(4-Hydroxy-3-methylphenyl)acetamide,NA,Amide-Pos-000540,NA,NA,NA,NA,NA,NA,NA,NA,191902.492366077,241905.283333889,257337.142661606,201390.835349362,90417.9688133613,123971.673021966,170857.442680647,117779.260058604,168355.311611421,135005.320356056,216281.480639075,106008.680274667,154788.123290832,143510.6440985,313334.323717099,182579.65240005,279110.403536833,246985.621145681,233144.021448064,242505.404642656,155032.679497789,229501.427487808,231490.77972939,139962.387865281,FALSE,TRUE,FALSE
"N-({(2R,4S,5R)-5-[3-(4-Methoxyphenyl)-1-methyl-1H-pyrazol-5-yl]-1-azabicyclo[2.2.2]oct-2-yl}methyl)acetamide",NA,C8-Pos-000642,NA,NA,NA,NA,NA,NA,NA,NA,84895.5295517153,175852.248860211,108914.06398725,190297.354557295,119128.176794514,21754.9900745499,84598.9327138293,119234.983198728,119211.745230722,100569.227418897,356233.644245263,69945.3361504985,97065.6023039208,305595.04672587,83564.5001277648,101893.301541925,151271.471635241,122730.082668308,173489.886979358,142767.323059094,132290.346017329,101104.654431009,135660.934955833,104916.25665482,FALSE,TRUE,FALSE
N-Acetyl-D-galactosamine-6-phosphate,NA,Amide-Neg-000561,NA,NA,NA,NA,NA,NA,NA,NA,88278.7597854769,140659.69332776,43856.2318472897,127619.261728,127272.773360704,132830.767735458,114716.783663682,131323.900966543,57102.8024743902,127446.126063262,84757.8046107431,87583.4463448246,80920.9134387178,162817.501407243,71480.9061732154,80478.6749413158,166699.045699905,152810.044007769,455625.191560727,96425.0871593097,123540.070870582,105527.136615763,153692.211772375,126103.289601593,FALSE,TRUE,FALSE
N-Acetyl-DL-aspartic acid,NA,C18-Neg-000104,NA,NA,NA,NA,NA,NA,NA,NA,3455813.63347173,2870051.41319879,4259799.50798201,4069439.25816471,2857874.78718483,2900375.21134493,3297645.17995463,3043693.91613797,NA,3487332.28172967,3159774.79957186,3020314.20825335,NA,3148219.73615594,4577684.6033825,NA,280880.116108958,3651389.90720709,2365940.85728542,3774845.15357532,3040313.45702895,1801464.1482172,3924886.03160378,4753948.20499006,FALSE,TRUE,FALSE
N-Acetyl-DL-glutamic acid,NA,C18-Neg-000066,NA,NA,NA,NA,NA,NA,NA,NA,6895204.6089663,7222093.77972463,6815129.58604836,NA,NA,5985401.11509175,5931436.95086744,NA,7611457.87030623,NA,7926474.71846934,5243415.50074376,5613741.27333461,6304992.20786942,5919327.34849787,5770048.30233548,6310246.5873868,7755165.65585546,7982716.81416601,9182995.7076624,5993647.64952995,6222501.37671986,8233909.75271913,9422540.1956211,FALSE,TRUE,FALSE
N-Acetyl-L-glutamine,NA,Amide-Neg-000605,NA,NA,NA,NA,NA,NA,NA,NA,61532.2558592094,115188.941897286,71662.6330989934,93774.7873046817,102932.776988774,87796.3408051366,116499.129587994,116042.965416142,153507.948523238,143557.92958057,42824.6844748475,102486.32746652,78110.3050384654,153631.388272015,81580.4864252046,80645.1197324065,114667.225134602,114607.870828909,193370.238458472,126709.859117704,100175.227669889,73546.6164064374,115585.86827233,117805.846198584,FALSE,TRUE,FALSE
N-Ethylglycine,NA,Amide-Neg-000343,NA,NA,NA,NA,NA,NA,NA,NA,1176967.4069527,1471768.50399444,1349140.67802664,1544370.42157829,1383729.36988797,1763868.04158088,1966525.13126678,1998597.65707653,2203914.90551028,1979416.28206,1062344.06796635,2357803.93884169,1473122.72363618,2145523.82379246,1889502.78367664,1414802.49161151,1763794.22831518,1980603.84629107,3075754.48049212,2178080.2993117,1822522.40775625,1491860.16869694,2007512.18490321,1962840.01915111,FALSE,TRUE,FALSE
N-Ethylheptedrone,NA,C8-Pos-000693,NA,NA,NA,NA,NA,NA,NA,NA,81972.9744663454,77152.2265265244,121596.890871694,139190.035748853,74635.312819924,85790.5887951563,110105.538699622,48119.1020857372,22708.0258780955,54612.2022216844,173729.449003827,42795.4000538317,74146.4095622511,125967.524939531,38123.0625814955,35512.7921000028,42996.3969797507,54376.2168233517,10285.7829353845,142894.711090517,12912.6040164737,38312.2608818126,22977.3314969166,36096.2510782606,FALSE,TRUE,FALSE
N-Lauryldiethanolamine,NA,C18-Pos-000114,NA,NA,NA,NA,NA,NA,NA,NA,15841255.8883987,16456963.2410007,18418239.0790534,17105597.0656778,16377779.7490588,19333528.4864259,19695192.9132337,18474541.7603646,19431442.4210489,15846148.2879024,16516089.2968658,19575792.7840665,17096361.9661847,17044515.7104346,18597775.4397596,15595807.3646958,18910846.7857928,18622312.3606207,17212066.5922448,16852650.8894848,17220142.1999864,16801000.7534616,17459938.2126487,18015467.3260042,FALSE,TRUE,FALSE
N-Methyl-L-serine,NA,Amide-Pos-000101,NA,NA,NA,NA,NA,NA,NA,NA,15343533.66067,34118324.1538241,11201228.7195501,16420764.3516893,8883901.56950727,10643113.9939883,9185502.820619,26374971.6044524,10958469.9294434,20351514.4839038,15801946.0338869,10395808.8528732,10055058.1309009,27450820.2694471,25961164.9984225,9100243.98228678,26945326.3791376,37556188.5269345,25553951.8198792,26412375.3453427,33803118.8706245,23518611.5054554,33553687.487306,43279062.6999603,FALSE,TRUE,FALSE
N-Methylglutamic acid,NA,Amide-Neg-000401,NA,NA,NA,NA,NA,NA,NA,NA,607175.765082752,1135771.58012786,424901.509481921,871247.726684339,1235021.6960805,973388.717424877,1263607.44004608,1170887.41078767,1347779.14666888,1123241.98003405,534418.157129135,709155.856129431,755624.27340564,1625658.48628455,941286.854876749,657592.127404133,1245412.69639129,1090821.30273042,1482875.16378449,1493248.25348256,1111043.85698611,831396.702651762,1125217.74914637,895302.121957746,FALSE,TRUE,FALSE
N-N'-Diacylethylenediamine,NA,C18-Pos-000142,NA,NA,NA,NA,NA,NA,NA,NA,11775956.6388443,10816985.2270753,6703217.06020401,10635682.0953553,11794659.4436796,9920454.07212408,9488827.80033759,10473963.5772988,4661144.68679085,10828921.5434063,11137227.8390759,10919696.5041232,12151944.374142,9134447.4928114,NA,11456004.0525825,9764515.41391815,10871734.38248,10108819.6436203,NA,10674432.5819213,10116411.4596974,8619611.36693001,9384815.09441604,FALSE,TRUE,FALSE
N-Nervonoyl-D-erythro-sphingosylphosphorylcholine,NA,C8-Pos-000435,NA,NA,NA,NA,NA,NA,NA,NA,144800.559869809,1170373.9802849,143830.22759631,99500.4737289176,117900.459529838,564721.44250828,180636.970654872,181748.338493469,323622.060401614,171448.625724864,1297306.58915808,870601.483544787,137765.07882517,530720.320682693,373934.861264646,210876.353260828,761088.839461642,954975.364259056,1156604.03266091,658789.153554157,1713690.0954885,453064.070251235,1438947.84231584,462798.033894755,FALSE,TRUE,FALSE
"N-[(3S)-2,5-Dioxooxolan-3-yl]acetamide",NA,C18-Pos-000117,NA,NA,NA,NA,NA,NA,NA,NA,5429823.83111784,14104596.1287178,8276044.18115799,NA,NA,9427272.91742983,6758085.80867023,NA,12028883.9225131,NA,NA,2835767.13711664,5319529.23109699,11402238.2238819,12952269.5730667,10936899.9941864,8227380.3446034,19029830.9836478,10208001.2103284,16860953.1738434,4521574.42974556,8549946.03819666,10845728.6645591,18589941.019282,FALSE,TRUE,FALSE
"N1,N1,N4,N4-Tetramethylsuccinamide",NA,C18-Pos-000218,NA,NA,NA,NA,NA,NA,NA,NA,873729.353308518,1073607.31065144,280473.058063541,2320704.67315117,201476.212354292,398766.257968646,292859.82057136,804433.055372981,1267445.61406863,1444626.55163151,1921259.98595556,273989.768635703,378522.478388712,768640.356079865,280948.331361966,569089.516288701,583525.437466876,496532.808838637,309523.598560045,1408380.37182512,298642.280808878,411940.747344467,911230.702400872,494738.221596735,FALSE,TRUE,FALSE
"NCGC00381029-01!1-(3-ethyl-2,4-dihydroxy-6-methoxyphenyl)butan-1-one",NA,C8-Pos-000532,NA,NA,NA,NA,NA,NA,NA,NA,127976.333438867,NA,NA,NA,150628.674514777,125078.911559063,159296.765410899,125500.07198738,NA,124873.761999626,126917.766598727,99943.9743631693,107003.315270676,107102.112221125,124449.177821526,108608.188487428,NA,119711.202485121,93739.5504871078,123901.197065225,116764.353590287,119148.250759108,127560.843508271,147174.057845589,FALSE,TRUE,FALSE
NCGC00381386-01!2-(7-hydroxy-6-methyloctyl)-2H-furan-5-one,NA,C8-Pos-000240,NA,NA,NA,NA,NA,NA,NA,NA,5049526.59269426,4715265.89456131,2883521.50639619,NA,6119658.30030821,1296762.37331028,5916713.52235359,2356277.6933711,NA,2143713.85319306,NA,NA,6215911.30779616,5397514.49923329,2291478.76212136,3921538.03976883,NA,2783168.75357796,2339334.19680788,1903740.23819033,3928143.08260588,4934018.44906429,3105049.79892929,4161541.93090694,FALSE,TRUE,FALSE
NP-022805,NA,C8-Pos-000515,NA,NA,NA,NA,NA,NA,NA,NA,873389.528019884,965705.427330915,907153.193567286,947711.890463378,900565.315700679,818637.939931478,938433.2401745,822134.456059556,937942.072190279,662159.233664976,749560.656210214,878621.276653093,787725.910047249,934681.13677478,NA,780255.523122532,904182.591621261,825572.780126007,524604.653231867,873703.668438822,872357.305290079,768993.062526329,774634.24269442,829370.076960966,FALSE,TRUE,FALSE
O-Acetylserine,NA,Amide-Neg-000304,NA,NA,NA,NA,NA,NA,NA,NA,2527244.52726404,3055792.06467312,1256709.89309177,3840606.23981231,2227304.33766205,2675172.5583131,2783577.58229366,1837530.35027864,2595763.74458646,2170153.80856637,2076536.69655977,866368.362073785,1329691.43431243,2500454.00590808,2371833.03475434,2473158.12506757,2105665.76921006,1700568.04586593,2444120.62179313,2182368.1162469,2114325.14847506,2052236.49438667,1797096.03326014,1419381.84339289,FALSE,TRUE,FALSE
O-octanoylcarnitine,NA,C8-Pos-000665,NA,NA,NA,NA,NA,NA,NA,NA,103017.616323726,263542.441037749,197119.970232582,162944.559798022,120319.678210128,149785.269230452,173659.95238042,92357.0757300369,159693.145405453,143953.419767978,121188.793712015,43970.7450988805,77584.010181801,93604.1101527408,153461.306363719,70889.2823713728,125596.99684888,121998.543227213,152305.243868611,196727.557929468,138629.360119042,73019.435033854,121111.397589218,149170.963676721,FALSE,TRUE,FALSE
Octyl α-ketoglutarate,NA,C8-Pos-000341,NA,NA,NA,NA,NA,NA,NA,NA,288809.863499621,695205.368930857,573716.774505297,499876.839720492,1276914.35220525,1038026.85847911,374971.224089737,375502.816941608,529625.812086739,192971.307573159,110468.487094049,234564.2514662,923121.192803316,144774.324680419,487760.590607624,1544184.6433314,3551443.46391298,506983.96149166,1385475.23027299,677242.624005883,274749.734545686,274421.674319414,245130.967432502,978806.981642652,FALSE,TRUE,FALSE
PC 10:0_21:2,NA,C8-Pos-000262,NA,NA,NA,NA,NA,NA,NA,NA,4035525.37132067,4705298.87299423,NA,1960822.55216508,2064359.08828564,918783.263852481,NA,3621203.88414903,2407971.69871172,4094598.42515627,5650466.18978443,NA,4731567.4060446,4112362.36943375,5984283.68289764,NA,2127601.7450384,128312.715513753,4025943.72378358,NA,2274618.4006304,NA,4444045.09378783,1473389.71247546,FALSE,TRUE,FALSE
PC 11:0_11:0,NA,C8-Pos-000624,NA,NA,NA,NA,NA,NA,NA,NA,156655.850767568,344091.474811345,277436.378050508,396443.893461375,276878.515418815,340366.157011992,NA,302032.935400221,432720.364755031,313489.807204027,187729.621231901,78708.0469664065,284088.491069558,189319.535401186,194342.362794514,212231.885352707,NA,214705.887347499,108047.477070178,192055.838274659,120534.472518283,135639.381706551,178572.199139032,NA,FALSE,TRUE,FALSE
PC 12:0_28:7,NA,C8-Pos-000043,NA,NA,NA,NA,NA,NA,NA,NA,98870755.74653,90203717.9053573,89207983.5065151,112058074.772678,107801968.129542,112500605.154848,95765972.7083209,119838077.371344,119487399.484252,88546564.708368,115484287.940233,136690779.788492,107922607.302446,115659564.901166,124408969.770355,97022592.0758704,117462301.543407,88181111.284802,86377219.1832955,116406480.769322,111992501.577642,115881412.624568,98910364.0620436,93155960.526961,FALSE,TRUE,FALSE
PC 13:0_24:5,NA,C8-Pos-000345,NA,NA,NA,NA,NA,NA,NA,NA,2028021.41025104,2428627.18131264,1463033.96370091,1901420.54685667,2022203.7798318,2306873.86164221,NA,NA,NA,1578021.86325778,2377988.77538688,1933942.46718005,2225706.73152248,1263162.23123288,3385670.9973507,1089819.40462095,1767166.38496193,1110796.4908341,1092679.08857985,1842076.32683223,2425216.43611177,1963432.57526366,1590910.82312637,NA,FALSE,TRUE,FALSE
PC 14:0_14:1,NA,C8-Pos-000130,NA,NA,NA,NA,NA,NA,NA,NA,19646884.6225781,21551887.4984207,11736175.4148575,20619913.0049641,15642628.1873643,10285261.6472742,12574939.5866493,13470779.3895567,18993820.8462282,19071636.1030987,20209358.9045972,15720297.5975458,18736305.3950339,12119553.0041671,12634999.2294211,15497602.5671589,15337439.665337,14062003.8467282,14389673.9796112,10669424.5880566,13358754.0577807,15919952.527226,16846215.9946319,10286887.4031538,FALSE,TRUE,FALSE
PC 14:0_15:0,NA,C8-Pos-000221,NA,NA,NA,NA,NA,NA,NA,NA,5393235.70014004,7478390.33777632,5970015.58819866,5083288.0751204,5371386.39085196,5025625.9482784,7011569.78689668,5062263.77353353,5399213.46414583,5489063.69984639,6412346.42138132,7751685.2191449,6061265.25816059,5362661.15081783,5613866.7766075,6345134.72711296,4533820.35978165,6870571.58914681,7429626.01292783,5570251.25300179,5509430.56935129,5953958.3852779,6429629.15548384,6361047.82830068,FALSE,TRUE,FALSE
PC 14:0_16:1,NA,C8-Pos-000007,NA,NA,NA,NA,NA,NA,NA,NA,872535787.19055,828195003.584553,741630435.607,909903291.428773,820436888.453858,714140753.826377,867153914.768602,774325948.422462,756796780.105507,915360015.750499,947461224.016599,911566363.525512,812878993.031447,805489571.927949,757842695.895316,624568395.949442,804799797.516301,832583091.351756,772230722.283099,811697999.067655,807800938.196836,867420182.825842,898174226.15351,817627189.809501,FALSE,TRUE,FALSE
PC 14:0_16:3,NA,C8-Pos-000177,NA,NA,NA,NA,NA,NA,NA,NA,8174575.88147436,11708965.8743874,6411519.91190393,6338129.01289497,9387534.5500365,5956360.95834111,6240222.33535331,9789229.60498684,8432955.82389733,8538885.58474958,8823269.60178617,12679197.5779815,9838873.87974212,5243628.31637022,7368140.63694528,5189253.27706075,4861496.66831409,5073135.88788827,4265466.00489136,5028499.15372798,7005530.93074607,6047189.85533718,7742124.00042787,3036848.52383905,FALSE,TRUE,FALSE
PC 14:1_15:1,NA,C8-Pos-000694,NA,NA,NA,NA,NA,NA,NA,NA,127218.439947938,144361.514466074,NA,122813.0093043,98021.5691342462,NA,65039.619562534,94607.6471776745,113118.960418271,113220.425294492,146499.641216468,173030.592507775,116562.201528481,107718.34462002,NA,NA,76247.3375155649,67111.4424198811,68820.0465214498,NA,98762.7204233788,94477.484077896,94687.5130722134,NA,FALSE,TRUE,FALSE
PC 14:1_20:5,NA,C8-Pos-000584,NA,NA,NA,NA,NA,NA,NA,NA,494624.126385196,564203.835244777,380886.719780672,495959.140579639,535228.319250838,240004.659719164,216203.704168656,297129.514990573,619664.579258012,468701.385286651,529512.552158596,586033.938404278,406009.632394657,342887.665283053,476365.246098775,423091.04259183,441019.158563529,408236.950019898,283957.116810249,324045.306871985,373869.981733141,529115.040608703,418909.513841732,237915.402349789,FALSE,TRUE,FALSE
PC 15:0_22:2,NA,C8-Pos-000470,NA,NA,NA,NA,NA,NA,NA,NA,595765.986999324,640070.511597617,NA,537135.135163499,541966.494613343,858761.081560036,681597.248678267,1043048.89676748,600483.81715114,583823.604552323,1085451.25730662,1306333.89412938,658908.575778572,987332.637104711,1031248.72971631,644727.450653791,765190.24181807,821255.117476836,663233.087981996,952199.989913821,1169971.90270564,774910.689711126,868641.72605247,750590.275323094,FALSE,TRUE,FALSE
PC 15:1_15:1,NA,C8-Pos-000041,NA,NA,NA,NA,NA,NA,NA,NA,115512388.706338,110114743.112101,76250893.3567934,111634206.880069,103819036.993679,79321842.919648,86887574.6553436,109497359.449152,109006853.764565,112744402.637105,134478900.436264,139203377.894436,101304443.320308,102574047.166474,105801890.979964,79576095.3198452,91114975.0254525,83897485.9925103,80626497.9075294,78902183.8366236,93682136.4117935,111630910.320363,119693925.610405,62426532.754352,FALSE,TRUE,FALSE
PC 16:0_18:5,NA,C8-Pos-000200,NA,NA,NA,NA,NA,NA,NA,NA,5864954.42117151,6273587.85844017,3131846.5304803,6177779.53394211,6671896.90690568,6038976.00091186,4439301.01312263,7805636.51242926,8535015.24700697,5608978.47228575,8485191.57571074,10366715.4476577,5695820.84405964,6736886.67081918,3806122.8140517,3388329.8654898,4552741.85346474,4192847.8327955,6118475.99106682,4409059.57644116,6685147.15085445,6913915.19939231,6427592.62579857,1749796.9626579,FALSE,TRUE,FALSE
PC 16:1_16:2,NA,C8-Pos-000021,NA,NA,NA,NA,NA,NA,NA,NA,183969001.161304,194022586.003594,150662682.15206,186353457.55163,209776935.11037,178888026.201315,172442137.2132,242386245.362505,202391292.060425,222043125.776499,270721626.829551,317671381.957584,196879949.259098,209968230.416699,251381337.894718,146213274.992814,189137589.33456,152610389.3651,151239270.134663,164955509.746552,210387049.778833,47200965.6746584,213104024.134559,120666609.612571,FALSE,TRUE,FALSE
PC 16:1_18:2,NA,C8-Pos-000044,NA,NA,NA,NA,NA,NA,NA,NA,100423026.272297,133312154.247393,104409905.559322,78915653.2511272,128607843.857202,125039984.249799,129413980.954123,126741705.635298,73117633.6451231,127707777.57767,76258464.8033755,134823243.973522,121036427.846239,84572470.6316287,93442959.6676934,104760902.490471,69939782.4306365,98766193.6463994,89680170.0074058,108494040.504901,115576705.286083,75467139.6638148,98645943.9582415,111388487.420752,FALSE,TRUE,FALSE
PC 16:1_22:6,NA,C8-Pos-000050,NA,NA,NA,NA,NA,NA,NA,NA,92907651.5694361,67063318.2230576,56755667.661035,78982511.6884706,81381441.9403094,87127894.7408022,70967257.6783012,88762428.0235719,109070510.89383,60524676.174545,95531816.3941127,111691156.913138,80223722.1296051,84434484.7156974,94551702.309784,63409327.9812134,95138498.623816,58968394.7509464,74381396.895496,90046010.770955,88034581.9439707,75154530.9085906,73323559.3638255,56116048.7917717,FALSE,TRUE,FALSE
PC 16:2_16:2,NA,C8-Pos-000143,NA,NA,NA,NA,NA,NA,NA,NA,7937402.40339194,12305611.5963755,7016645.67840428,7487480.38848386,10948614.5326777,7705328.23081458,8160294.2349595,11098439.1665997,9610705.50860112,9751168.44749589,10976895.8936165,17878314.2209769,10394508.4715092,6025097.94831075,9856301.90358268,6049825.48054072,5967049.91360039,5677719.59252903,5030315.66326074,5485940.47804728,8750844.31851891,6819601.88727554,9154812.25773992,3848665.47416789,FALSE,TRUE,FALSE
PC 16:2_16:3,NA,C8-Pos-000317,NA,NA,NA,NA,NA,NA,NA,NA,886246.673554955,1506434.38304304,761868.250883391,741579.027102397,1329059.27229939,976852.064754793,771531.116036023,1566463.87026556,1437704.99636769,1229899.25409115,1360347.48476309,4183765.84468837,1153873.55199926,642475.517210112,1293323.19731035,530655.277472116,636757.347930919,615704.238554681,589332.577076091,565342.88411598,1015261.03223806,666150.454094566,1028544.53025138,303918.150165645,FALSE,TRUE,FALSE
PC 16:2_22:6,NA,C8-Pos-000182,NA,NA,NA,NA,NA,NA,NA,NA,843216.710249695,5895419.15728947,4676080.18338563,7566284.28602782,1319663.91026909,6021014.38642265,858804.245297218,1309669.16994416,1540141.33870586,6508855.21629535,12224663.838688,1596070.07076479,8088117.77897992,7896725.414964,8015461.22403807,5408847.76215655,1074286.27664118,5218030.79113057,854616.825447467,1177342.92081356,1202526.12769669,7450087.79739105,7549802.74690609,444741.284272943,FALSE,TRUE,FALSE
PC 16:2_28:7,NA,C8-Pos-000196,NA,NA,NA,NA,NA,NA,NA,NA,9328408.81841659,9172076.85829887,6842933.56435227,8379099.99266718,6930790.59927329,6318716.6365455,5922635.88118741,10716249.9537222,7142068.67623125,7499408.58304931,8646263.97021807,3856059.7890674,9172212.31387552,7627838.89326636,6384087.02596999,7551974.38800583,6070573.2638892,5695785.54080039,4165582.52994415,8366692.0881052,7414211.83056719,7767586.71259187,6796606.21487517,6463102.00616709,FALSE,TRUE,FALSE
PC 17:2_17:2,NA,C8-Pos-000024,NA,NA,NA,NA,NA,NA,NA,NA,189831967.539016,210339151.904172,185967325.089852,225012715.542369,234601499.937825,188233550.813389,212376989.139655,220028030.942422,232377492.910247,216007466.098999,258173377.30918,225450178.048772,219315311.58325,188560152.434151,198007332.52748,179699974.28369,179039103.295436,158994763.2248,175854407.909824,212473161.763967,213540939.605965,195618366.202569,201800519.205506,158757233.465853,FALSE,TRUE,FALSE
PC 18:0_22:5,NA,C8-Pos-000061,NA,NA,NA,NA,NA,NA,NA,NA,41840384.3474799,40602108.1973295,57771695.8506968,19773810.8264676,41128236.2324309,44681753.0760683,44562292.1697671,44041120.2810981,16086959.5063027,41972984.1149603,51813299.0355026,44345377.432132304,19181084.0893942,77685928.703378,42600838.7469482,33240689.4010579,57102827.7470851,25293296.8905773,56157566.696108,76390056.6887803,30526698.1370481,28777360.0126944,44736538.0416098,44552336.5384655,FALSE,TRUE,FALSE
PC 18:1_22:2,NA,C8-Pos-000354,NA,NA,NA,NA,NA,NA,NA,NA,1104730.62038159,969486.804421376,803520.162430301,1769757.15235928,858828.583464095,1371791.00882816,1014067.92587601,1853275.43104013,1644965.26949473,1660334.13591156,1557350.94485479,2201058.50355668,533247.614906119,2656039.46920799,NA,1455817.92433465,2031907.20109402,2374333.03874684,3149363.87497666,1290022.57730225,2144431.49786947,1365617.46101485,1168187.9608079,1577429.24484934,FALSE,TRUE,FALSE
PC 18:1_24:4,NA,C8-Pos-000324,NA,NA,NA,NA,NA,NA,NA,NA,3028082.97933173,2986492.12734397,1473141.22075161,2522449.08789642,2142865.61189786,1435634.37679745,2074349.7095904,1483675.42793785,2745813.05961742,2680310.70634407,3913717.13203264,2809379.29361051,2829473.60644451,2839467.44560127,2535183.26929482,2492093.06817554,2830148.3416523,3198702.2554457802,2346237.82327762,3392424.61129908,3742145.64397386,3365538.9026325,3395608.89948808,3335446.20905706,FALSE,TRUE,FALSE
PC 18:3_18:4,NA,C8-Pos-000314,NA,NA,NA,NA,NA,NA,NA,NA,1612023.13342223,2466829.95373728,1915431.99775977,2387352.10305819,2941859.76726909,2198973.01045377,1682703.70799421,2512161.59302136,3339480.96171485,2176111.39355194,3377665.64064207,4255228.44641348,2504682.75770477,1578251.50577606,2522344.27156746,1719500.41047522,2114325.28661302,1401603.75808768,2310924.23795019,2254287.57602925,2423681.05217779,1367832.96105667,2211304.13952496,696629.046402168,FALSE,TRUE,FALSE
PC 18:5_24:6,NA,C8-Pos-000559,NA,NA,NA,NA,NA,NA,NA,NA,219389.122991868,164862.465990887,159544.212433794,173744.035682475,255156.847836441,366775.40224183,218958.9320665,432913.533306057,274151.690555815,168888.232934454,36911.0178063326,581703.661142417,314875.236022808,401011.94103988,749254.433978196,211478.240291662,603917.422345032,210984.265694172,291121.646798984,194553.923100198,541755.332503971,420732.906536078,228715.584620147,168858.056373558,FALSE,TRUE,FALSE
PC 19:1_19:1,NA,C8-Pos-000144,NA,NA,NA,NA,NA,NA,NA,NA,11166062.8849914,7509218.33762395,6635411.00949603,10334718.6967743,6805796.68274561,10202447.3110209,7494952.97680679,17849630.9155855,8508007.37341835,9791132.55583457,14910877.948192,15348643.8004979,8634546.82078337,15642284.7579255,10780458.5046966,9572594.88778583,12447791.1600896,13240164.8022621,9995388.49203784,11759732.1166121,14750229.5011114,11485171.4056999,13645082.0171568,12155438.9718242,FALSE,TRUE,FALSE
PC 19:2_20:5,NA,C8-Pos-000346,NA,NA,NA,NA,NA,NA,NA,NA,2597745.44097608,1655583.7439742,1823436.71909789,3232929.57381525,2467675.81740629,1500164.96074688,2129931.68824942,2143805.7189725,1799575.70100801,2236150.6286482,2631224.91771256,1864939.47653635,2111807.80382707,2831881.61485899,2958653.3957668,2511474.82460745,2885907.39153878,2491222.87549731,1451555.05497762,1850124.13079514,2423844.48048397,3381567.86481914,2123275.8003064,2828709.89613585,FALSE,TRUE,FALSE
PC 20:0_22:6,NA,C8-Pos-000172,NA,NA,NA,NA,NA,NA,NA,NA,6933506.72578804,8543886.21592057,5496092.6991934,767420.262856469,5931002.81975534,6961285.66755283,5380031.92322141,13275360.923692,7833790.24376251,8578690.6758278,9980826.06582698,9128623.90058332,7312264.38702246,8632592.12738242,8639010.14748395,6198849.42239085,7702382.61529245,8804241.31662664,6360365.59054853,11045484.9872683,12244277.623097,9226851.13399687,8735722.75426561,8767818.63632133,FALSE,TRUE,FALSE
PC 20:1_32:8,NA,C8-Pos-000632,NA,NA,NA,NA,NA,NA,NA,NA,211366.159714266,237932.725965296,133216.535384744,178657.91480136,89220.6604345514,142470.569966258,124166.727675879,179685.859742212,253906.622185417,216782.806778271,397838.718529084,NA,232862.283817875,165601.290651352,123146.464709517,179635.127480711,253458.114574311,220374.867052241,133314.523895946,248084.568675828,285585.343634432,355668.257738734,254019.229701075,185900.314314792,FALSE,TRUE,FALSE
PC 20:2_20:2,NA,C8-Pos-000073,NA,NA,NA,NA,NA,NA,NA,NA,26506634.7210692,27223963.432442,28407990.8516867,23839767.8704342,29600426.3705937,34646709.7144329,28594746.7898697,32830756.7897327,30078901.2054438,30409087.7889767,16504915.5037325,51595989.0391575,45720455.1780544,37187094.1804235,33008243.1399563,26152842.8016192,27077852.2314379,29288062.6864894,44141096.4264447,31447388.8293335,36599814.9995703,27537663.0198341,40783602.5991906,26903041.9669866,FALSE,TRUE,FALSE
PC 20:3_22:6,NA,C8-Pos-000369,NA,NA,NA,NA,NA,NA,NA,NA,1844888.30814317,2359468.02303206,NA,1688122.70926065,2699788.23279263,2251300.46230237,2216461.355043,2287265.83965419,2481346.32282507,1712039.07117178,1860443.03102352,2508400.1190098,2451130.71531878,1432268.53934971,2160811.80281984,1719332.53095659,1505746.22614859,1599305.09457833,2135942.9857901,1825083.52995378,2273768.37837228,1668241.43050907,1414007.28031418,1852508.98640239,FALSE,TRUE,FALSE
PC 20:4_20:5,NA,C8-Pos-000359,NA,NA,NA,NA,NA,NA,NA,NA,1310399.53093175,1482457.82630364,1117820.90975329,1188581.87454672,1619927.80667601,1987387.22951148,1349783.73015735,2302304.54211476,1514902.06023926,889074.596242344,1587063.10566142,2261298.23704731,1602056.28874902,1302604.08857316,3054205.25055033,1100448.92367599,1506411.82843308,945150.102194307,1340719.78697084,1598829.17340898,2148391.66623457,1601407.95271843,1294536.67655902,840744.662822416,FALSE,TRUE,FALSE
PC 20:4_22:4,NA,C8-Pos-000105,NA,NA,NA,NA,NA,NA,NA,NA,16479962.7295358,17295988.0261235,17516914.1699187,15972442.729867,NA,18628674.3508324,19556597.3612425,27645631.6319049,14086525.7246864,15170147.7821678,18162567.6037449,NA,17597938.8290139,19416428.2166976,19584828.0770861,15221265.116922,13284914.0519006,10996611.2461264,10416478.4986173,19512199.8848359,18617865.3165787,16179103.9948407,16574673.7037213,11843761.6653786,FALSE,TRUE,FALSE
PC 20:4_22:6,NA,C8-Pos-000094,NA,NA,NA,NA,NA,NA,NA,NA,21500343.6650821,20322535.3749816,21683544.9774722,20254445.525435,22393903.2154954,26161794.8197817,19943781.0370319,27134775.0658918,29809302.449271,15778157.8189974,20037306.02328,22232533.5720663,24280303.5023014,21831725.9515587,25239235.7864347,22521049.1090648,25459133.2636811,19270583.8071553,34971992.5386083,28871656.5661181,26163218.5928231,21884229.7611952,24159163.3595601,18471355.2668936,FALSE,TRUE,FALSE
PC 21:2_21:2,NA,C8-Pos-000463,NA,NA,NA,NA,NA,NA,NA,NA,602601.177987073,813091.832940997,593643.544245819,555208.592244444,529749.992201693,648237.659819099,434290.424658313,680367.106905517,842414.648498682,679404.703106473,965892.344317652,660598.620769973,818290.571272565,549776.365322033,462670.28563939,619230.72687855,840047.967492112,1199424.28350177,1371175.52572655,803787.447736892,890004.256988314,763156.359790317,863075.114752924,1077638.47021672,FALSE,TRUE,FALSE
PC 22:4_22:4,NA,C8-Pos-000208,NA,NA,NA,NA,NA,NA,NA,NA,5201925.4279088,5731680.42788121,4989026.48144865,4288001.14186152,4140911.43758747,4631241.6430444,3780708.28238983,8540975.92129385,4576243.59170926,4471308.20704184,6449345.3981383,3940908.79779436,6133517.5033872,5061976.15743471,4378999.95090292,4428447.32780379,3645172.83048679,3358936.72745758,3085771.74251024,6537873.56974763,5741254.32167338,4587545.67819175,4947222.00281119,4562460.08187678,FALSE,TRUE,FALSE
PC 22:5_22:5,NA,C8-Pos-000275,NA,NA,NA,NA,NA,NA,NA,NA,3621069.66089906,3101061.00016025,3166632.03083056,3328251.84444469,4020204.70139341,3841827.93384477,2924724.64986344,5549318.09986597,3361243.45773489,2107002.47885316,2904405.82540219,3409566.47562891,4100451.39931447,3653180.119905,3772860.88415116,2741082.61507026,2871747.78718217,2114789.72536224,2545889.83584749,3695945.84097987,3754360.32788234,3338469.70320211,3392038.3523923,1738819.55341784,FALSE,TRUE,FALSE
PC 22:5_22:6,NA,C8-Pos-000454,NA,NA,NA,NA,NA,NA,NA,NA,1184244.96398403,1088982.71685739,940174.31120455,1046660.64232106,932667.643694154,NA,NA,1203622.30458437,1482485.20687265,740960.033437481,950824.45057845,481579.938833573,1423377.21505226,637314.706585891,780432.241524043,1136611.57594054,923190.490927289,755300.869635968,990946.275169662,1124247.5933595,784206.895404015,1081630.44373126,831923.236294016,735373.884525446,FALSE,TRUE,FALSE
PC 8:0_18:0,NA,C8-Pos-000334,NA,NA,NA,NA,NA,NA,NA,NA,3096546.82754289,2853134.31705012,1832859.43868902,3725950.00305338,2448679.38189072,1820127.28144176,2383753.87060311,1400952.42127233,2840063.66523454,3316456.35798756,2559392.44000222,1607311.44891242,2690002.17541013,1927109.88374326,1673654.29783432,2995231.9997708,2206958.7731104,3010351.70523735,3138669.41465631,2072158.92137665,1895223.00411841,2571210.65657433,2643250.22835923,2105385.32376894,FALSE,TRUE,FALSE
PC 8:0_8:0,NA,C8-Pos-000482,NA,NA,NA,NA,NA,NA,NA,NA,315389.96691426,367988.030482931,183898.842174398,1233900.22542271,230959.932867712,NA,249956.0781261,45310.5027785768,603367.996983452,453606.922995476,481337.424522973,98604.6818753485,297508.847193749,136497.981362555,88442.0414631168,309659.245768245,390736.00292478,221368.038512086,531345.164270256,435887.052286665,256916.35932171,254983.335357332,224554.635810955,416244.479254854,FALSE,TRUE,FALSE
PC 9:0_9:0,NA,C8-Pos-000443,NA,NA,NA,NA,NA,NA,NA,NA,434346.194288156,162394.810774436,611498.248658253,1607935.93900356,568390.432152684,399517.401076296,747680.401148717,139107.939262106,1112420.90289344,561545.770302057,866590.401360938,721201.888101796,447242.222556898,353609.739403154,272809.639759558,498195.632545132,697307.401305792,585818.600743012,805334.719235478,1015225.56752948,744848.524899419,529628.561576173,708315.405896829,838145.601255261,FALSE,TRUE,FALSE
PC O-30:0,NA,C8-Pos-000486,NA,NA,NA,NA,NA,NA,NA,NA,459599.438450933,356063.73799184,557799.614518998,650099.047775553,584335.696394927,872990.610633889,509211.292990847,482333.635491433,569650.368353707,631846.951247067,979382.086931056,1216812.92305246,343753.821611626,584004.148040982,629556.491436499,327087.603562322,774559.140273894,1056169.24470212,998559.014653011,767115.153561327,914055.984071215,405011.239911374,1163770.99919577,925472.455799541,FALSE,TRUE,FALSE
PC O-32:0,NA,C8-Pos-000306,NA,NA,NA,NA,NA,NA,NA,NA,998471.634139154,1791384.41623864,671618.875252849,635638.1241841,451213.014850383,1952032.36422109,882573.769711,621655.387316177,1289805.08502447,1223536.45680067,4424305.69573805,4128653.55121373,513729.966252135,1722675.4362342,805078.482150046,1404341.40167967,2421347.61572901,3006045.62963927,4446739.03522148,2763293.24582292,3201737.40391844,1770030.27024639,3840566.1100929,3324272.50892338,FALSE,TRUE,FALSE
PC O-32:1,NA,C8-Pos-000307,NA,NA,NA,NA,NA,NA,NA,NA,998471.634139154,1809556.39174616,767449.527146015,426138.017124523,451213.014850383,1952032.36422109,882573.769711,575614.785592424,1300753.65769758,1231764.10031328,4424305.69573805,4128653.55121373,540306.957756068,1759415.05774236,805078.482150046,1436634.82176666,2476680.41881037,3091210.50160156,4383443.56779108,2642171.89404553,3257386.85698476,1776911.73363844,3946199.86088291,3247916.92083005,FALSE,TRUE,FALSE
PC O-34:2,NA,C8-Pos-000147,NA,NA,NA,NA,NA,NA,NA,NA,8254654.47689318,8674691.04765247,9014009.12668384,8293655.84487757,8059115.51828686,12856289.9560395,8285361.45699909,10207760.6662459,10790299.3668803,9166952.78818695,11467482.8279509,17713481.9971495,8397745.21519513,9945530.84234915,12516421.1292265,7704407.08038952,12188311.8268606,9358698.76723387,9365992.18122309,10572338.3970466,11160588.9869196,9086303.50665855,10561583.3449047,8391514.48384026,FALSE,TRUE,FALSE
PC O-34:6,NA,C8-Pos-000689,NA,NA,NA,NA,NA,NA,NA,NA,132782.149775177,81079.8615076789,86259.8382628816,NA,92067.8181041103,187431.40457497,72680.6925986873,NA,163624.660116922,NA,123623.659944502,94810.3596447913,116510.914385547,108026.403053574,76930.0362479617,NA,117826.998064912,77940.9718816492,NA,98109.788309292,156670.143782387,182642.523178861,139988.143113014,91179.0815964877,FALSE,TRUE,FALSE
PC O-36:5,NA,C8-Pos-000194,NA,NA,NA,NA,NA,NA,NA,NA,3946109.44068368,4503535.13070066,4932240.22180873,3487083.59840041,6615491.16482458,4816724.63158372,3724656.52291457,6452823.34337108,5127407.33306924,3275610.1735673,2822233.82418063,10792095.4303683,3944939.03927371,3949411.63078152,4041468.04983653,4397394.54730523,6477988.3632127,3153167.83295972,10349848.8945866,10069192.7040095,3592745.72036783,6728191.95762655,3384176.8765946,2122757.74717485,FALSE,TRUE,FALSE
PC O-38:4,NA,C8-Pos-000163,NA,NA,NA,NA,NA,NA,NA,NA,4224555.27999799,4941920.63123172,6886923.96900119,5145767.76143686,4520780.7405513,6841310.79951464,5472455.76247585,6238911.74597867,4573758.59172446,5176435.27417338,6056647.71941349,14679978.6000554,6308490.57745511,6378129.73540689,5131453.63192358,5709892.41462763,5011231.89245069,7331871.17724873,10015170.658451,8692781.71113877,8199907.27944252,5355943.76306814,8151344.87658536,5432140.8299607,FALSE,TRUE,FALSE
PC O-40:4,NA,C8-Pos-000429,NA,NA,NA,NA,NA,NA,NA,NA,513033.396419037,335986.314940189,355723.719471637,487389.337564151,293551.846131696,914471.167740215,314569.92768985,804397.6403124,350094.121298274,NA,862686.920866673,1827620.2406712,518994.860590374,730424.989986785,528442.2801531,305310.49084504,786910.12329743,1022287.37100432,726192.679391818,531054.461622768,516237.451060662,662871.866391357,1081193.13862181,824234.19317881,FALSE,TRUE,FALSE
PC O-40:5,NA,C8-Pos-000207,NA,NA,NA,NA,NA,NA,NA,NA,3202348.08694725,4198061.4298924,4369163.11938103,2928325.35940983,3258234.3493528,6296927.41101117,3645111.25641236,5466303.39335229,4004113.79585653,3441776.20037154,5817792.23799807,8723785.3594017,3475294.19051484,2587579.40112776,4573381.51151132,1202328.9121055,4412479.66609423,1966070.17843444,6081086.79521701,5828526.52301895,6538198.27415163,3695102.05779404,5850247.20871263,3411041.84256067,FALSE,TRUE,FALSE
PC O-40:6,NA,C8-Pos-000396,NA,NA,NA,NA,NA,NA,NA,NA,1951378.70640374,1294519.01410496,1401775.09611391,1283938.25442817,1076453.290736,1802771.89194369,320227.713007093,2283178.45984835,737626.703443923,1556035.41044131,1769180.93610755,1880052.87551204,624506.186437739,631302.55865259,2198831.30458329,1237766.78325185,577481.718591606,1929200.29593584,2075333.72316327,1602257.98478208,1810326.62567195,999605.255312508,2121102.9408329,1931276.58989787,FALSE,TRUE,FALSE
PC O-42:6,NA,C8-Pos-000610,NA,NA,NA,NA,NA,NA,NA,NA,172464.819447606,239464.253607936,118583.605902172,167296.464951536,NA,293406.721851197,NA,482120.272749714,239696.853014285,179151.931133556,478842.977494173,500191.084223857,NA,273155.458697647,416763.873731262,NA,288332.648204858,275142.392227386,157966.074474892,159827.56662301,420114.812078503,250359.116549094,308822.214099281,192314.944146513,FALSE,TRUE,FALSE
PC(18:0_20:3),NA,C8-Pos-000069,NA,NA,NA,NA,NA,NA,NA,NA,34490718.7755862,24755422.5997871,27407353.0449575,45977896.1543348,37413186.568067,36264240.2852409,36902927.4542336,45203386.5663901,28797554.0672371,37394468.9749651,59483399.3923638,55342452.451072,20654753.3410966,57884234.8670662,38889578.8801456,37597374.0157763,34327041.0284705,29322534.3493201,52635269.6235076,48784423.7992935,58092930.1045775,38010931.7998953,42103322.1144467,48013597.1413341,FALSE,TRUE,FALSE
PE 11:0_11:0,NA,C8-Pos-000621,NA,NA,NA,NA,NA,NA,NA,NA,161640.109787804,309996.557740595,294742.273271916,466022.493424318,275480.775546976,269427.927927398,430227.129381585,263023.00364785,353826.951596465,418492.863109717,234757.110018507,NA,275854.455410269,165158.300932403,176059.831267782,269245.609074716,NA,216544.492815202,66517.8426119454,202046.308189268,148200.564872569,182996.167105321,136177.855788586,262863.459707789,FALSE,TRUE,FALSE
PE 12:0_20:1,NA,C8-Pos-000337,NA,NA,NA,NA,NA,NA,NA,NA,2750780.602493,2556741.09671389,3472071.19061926,2286879.08714753,2760750.42522233,2695050.93488619,2862281.05744333,2264824.13846281,1440374.36445741,1930264.45050212,1626486.30517072,1248499.99400567,1559538.34287944,2228573.82149256,3264684.20512331,1684551.06115774,2575181.03785478,3231988.08604506,2124006.98502801,1397887.45465042,3635421.00786466,2835070.31516724,3075577.41628021,3515426.44092322,FALSE,TRUE,FALSE
PE 14:0_22:6,NA,C8-Neg-000166,NA,NA,NA,NA,NA,NA,NA,NA,1017834.41608673,699053.218372667,622910.139742484,508905.599344403,705100.349616152,479375.089929108,610596.778283745,570570.786096207,618241.804889368,419108.924100428,477058.402510211,431991.033860264,745994.306815477,473475.991372915,617908.92292057106,540042.883994599,632392.577001875,490720.443090461,602367.792283086,559462.105964982,695858.917276402,687962.969718804,560370.286753779,452662.486337811,FALSE,TRUE,FALSE
PE 15:1_15:1,NA,C8-Pos-000659,NA,NA,NA,NA,NA,NA,NA,NA,205273.349878512,205435.773011657,183315.686886813,173320.030624088,219309.48573956,177824.315595108,176996.840733726,144690.13884622,160846.349898718,229909.383906611,285940.048823145,193392.407377599,165402.906241412,214569.311824839,224769.539914449,145100.95980156,215421.270733468,175126.264875259,155491.099234427,162670.194489117,253577.045842874,250533.255772926,228026.100606639,127268.059243245,FALSE,TRUE,FALSE
PE 15:1_19:2,NA,C8-Pos-000387,NA,NA,NA,NA,NA,NA,NA,NA,1368464.78291929,1002019.88316965,1344764.57621871,1080658.57940209,1468948.70588028,1343334.20725995,1305245.39405467,999459.824416429,921682.884180354,1124295.54101152,1487978.78480017,1224398.80589137,1162737.08655473,1360720.61846008,2395130.17633671,1089897.43471346,1783612.33205134,1246197.29341439,NA,829713.40819978,1487999.05582322,1831293.24777452,1330187.14982758,1052643.21038547,FALSE,TRUE,FALSE
PE 16:0_22:2,NA,C8-Pos-000505,NA,NA,NA,NA,NA,NA,NA,NA,302249.957702292,NA,NA,NA,NA,422575.781798094,NA,445374.198092093,266589.110647863,256477.056476044,NA,785646.783766832,329755.073497914,488130.839803693,433502.00437122,289968.852636058,693245.17946049,937934.680844987,237284.183787245,377285.13749418303,1025818.76742006,551310.703018956,863986.531394261,616467.509087552,FALSE,TRUE,FALSE
PE 16:0_22:5,NA,C8-Pos-000060,NA,NA,NA,NA,NA,NA,NA,NA,56508389.6287968,48535274.5257353,60251747.0871724,52228596.2390373,58067149.4148559,48694355.2766884,59100057.1795563,42685641.9730141,37204330.3634827,45450808.5733425,41503332.3273647,24984557.5243289,47121770.0262108,39697345.6756169,56131720.8123721,78533769.7354991,49909936.9731716,47588251.2310685,39032835.3946121,40099654.3397135,50741788.4099669,59360269.5276076,42313647.0965071,63481726.0592341,FALSE,TRUE,FALSE
PE 16:0_24:5,NA,C8-Pos-000116,NA,NA,NA,NA,NA,NA,NA,NA,13685937.2014749,15049905.2390027,16033063.5830055,9795370.57458264,14732006.7714092,10506584.9388071,12312895.2787675,12267293.0449434,14067987.4177003,11942468.9399033,12728235.1248954,12194690.6230339,22511933.3409834,8214937.75301883,9304756.25083019,15912359.1234128,11430968.0032126,25366808.6690035,18988126.2861266,10470071.3455453,12737694.3363707,14455659.0287317,14550803.3162336,16755361.7065642,FALSE,TRUE,FALSE
PE 16:1_16:1,NA,C8-Pos-000504,NA,NA,NA,NA,NA,NA,NA,NA,880826.258426862,606069.701523418,1003308.79181605,635268.121776564,828896.354006481,704933.66324109,676616.251090412,661451.952631441,593647.787722614,758379.802968406,849425.608179864,694580.892275881,598408.544517338,731631.647646763,964398.034622789,612824.344237276,951086.642467831,801220.740316984,675223.409148377,437604.282286162,1003267.14529539,955968.350561625,1066189.60716082,795246.265002772,FALSE,TRUE,FALSE
PE 16:1_22:5,NA,C8-Pos-000089,NA,NA,NA,NA,NA,NA,NA,NA,36727869.3788674,30093828.2721886,36851425.1390609,24682343.6149433,33524022.5846501,27795865.0549929,28033839.2377588,25284651.8722533,25360114.2839959,21383495.1924868,20565997.1176978,22472164.9642586,33426351.9382873,22235366.2037686,30916611.3489252,30237893.4360039,28576808.9899164,34609152.0809661,33873564.7238029,21349737.2423133,31281566.3224914,33454987.976991,29400621.4292058,30541868.9496725,FALSE,TRUE,FALSE
PE 16:1_22:6,NA,C8-Pos-000192,NA,NA,NA,NA,NA,NA,NA,NA,10494131.3820843,8117227.02695895,8485180.01641178,7285767.61868607,8156706.1983418,8207215.84380066,7380542.75754029,8671937.13143233,6408517.27250072,5931606.64614489,6592273.71708718,7070748.14109857,8712917.05593975,7931719.14017176,10913956.4528659,7771766.92234455,9372800.79696678,8764556.40458466,5996613.90644111,6738004.9066692,9322349.71905846,9770241.90581223,8038596.68447052,7898404.41632044,FALSE,TRUE,FALSE
PE 16:1_24:6,NA,C8-Pos-000090,NA,NA,NA,NA,NA,NA,NA,NA,32556787.9027876,24042119.8753574,30284755.5858174,24801413.7001935,29018691.4206851,26892611.7867589,24909964.4148382,25579529.1818127,21319754.6839839,19493709.9387421,20779172.995326,25120889.7658151,29935457.7921284,23639752.3685421,28949864.2738381,26546367.5128129,29765538.5155224,31154067.1471017,21517087.5025708,21129023.6104275,28037858.3112108,36398939.7605829,24264027.1327278,28988819.6721685,FALSE,TRUE,FALSE
PE 17:2_17:2,NA,C8-Pos-000348,NA,NA,NA,NA,NA,NA,NA,NA,3110906.0090477,3100498.08445199,2923294.3729724,2516150.46454563,3304332.89345578,2566744.43254768,3369035.24591421,2430353.21568602,2006706.56907348,2641546.22527765,2564779.70073322,2022834.50518323,2736082.65459036,2017230.53041838,2906872.79174197,2517497.35206901,2249436.39531481,2164587.83563869,1791780.92778636,2147610.86003847,3063032.97315312,2642228.43607066,2449447.61244929,2714573.72196629,FALSE,TRUE,FALSE
PE 18:0_24:5,NA,C8-Pos-000417,NA,NA,NA,NA,NA,NA,NA,NA,1190753.46658118,821503.135963823,588672.842660918,585277.592319368,666816.149120512,1018124.36254882,523031.647885765,425682.906089361,844671.425712588,634133.226846465,749013.502317545,905522.2362133,866665.20057279,472555.967955851,967578.699223275,722565.963480895,825000.132267379,2006394.01175182,1907580.48316814,961875.204217862,1680533.06676744,1800264.63478862,989368.230254799,2011678.05372586,FALSE,TRUE,FALSE
PE 18:1_16:2,NA,C8-Neg-000194,NA,NA,NA,NA,NA,NA,NA,NA,335238.99707766,211247.769482512,236526.706278372,214653.436105212,316656.06255665,239288.68874003,256279.123128287,222355.709464512,237872.441788271,240730.438783272,288110.974085398,270677.681588515,223364.608706442,274960.75025669,457005.203544893,193786.132965345,339608.343469703,170627.341178608,169225.990877383,164345.269641604,381184.214021636,400012.798135201,262959.863008887,217432.52393439,FALSE,TRUE,FALSE
PE 18:1_18:1,NA,C8-Pos-000181,NA,NA,NA,NA,NA,NA,NA,NA,10212332.2225921,8552071.92036955,9690502.56028873,8858314.69253849,8775420.64059795,10028903.9903343,9697423.1003338,9930839.67786435,7107633.40003682,8535675.71760176,9553367.60046643,9601774.63354522,8938138.76863951,9943456.46231011,5761764.01726914,9502135.90939983,12058631.7252631,12277406.2206756,8128986.92127446,8014162.64374356,11696688.2973388,10620128.3329968,11336345.1946532,11850409.9006318,FALSE,TRUE,FALSE
PE 18:4_24:5,NA,C8-Pos-000339,NA,NA,NA,NA,NA,NA,NA,NA,2086636.71571538,1241825.29923596,2374161.81836707,1579590.92266043,1552248.5026292,1469390.14295285,1745153.58984533,1449961.75708572,1626959.42407695,NA,NA,NA,1572651.99730531,906551.631778664,1476812.85947943,2266858.95169647,1139752.96638901,1518717.53061406,3572075.10428049,NA,981455.79544024,2004923.45891929,823484.632593596,1902919.65403264,FALSE,TRUE,FALSE
PE 19:1_19:2,NA,C8-Pos-000209,NA,NA,NA,NA,NA,NA,NA,NA,2748591.04516793,1356150.8094047,2203226.36190263,2840742.1353126,1860417.24981643,2348802.93667963,1673795.30711188,1743398.1057119,2371902.01646167,1427203.44174571,4050710.15056563,2949247.68000939,2404942.12396159,3169021.71828765,2739948.10734131,4416559.95825955,5214501.19647056,8399722.55346438,7659150.4139289,2841185.89877377,4745472.2401096905,3978124.61600452,4789997.56244783,5617583.37870611,FALSE,TRUE,FALSE
PE 20:2_20:2,NA,C8-Pos-000121,NA,NA,NA,NA,NA,NA,NA,NA,13550256.6121219,13626540.1695333,16620401.4171082,11168511.8878962,20341606.6638641,16755417.0517848,18603581.7396067,13300168.1480749,11596272.3043782,13980033.2795826,15753650.3866297,22683249.2785509,22455106.0990016,16757119.686431,13749496.5527287,16085380.6893856,14246025.5655451,18716070.7429069,22770082.0412716,13386786.1792595,23910601.4785839,18244493.3501876,21580137.7986509,18158314.8530585,FALSE,TRUE,FALSE
PE 20:2_22:6,NA,C8-Pos-000215,NA,NA,NA,NA,NA,NA,NA,NA,5766455.53997119,5661341.73214555,6647808.27920682,5585558.03305435,8127845.88945581,NA,7303381.4187548,5686884.64579581,3753134.22657968,4786365.3063397,4393136.64899293,4799972.71961674,5570493.69136794,4318905.35866645,5641213.80895623,5521109.41209372,4129762.75506749,4331348.47949354,3554914.85045035,4455648.39832308,5620425.29043996,5283302.00253437,4551493.57567932,5225687.81425186,FALSE,TRUE,FALSE
PE 20:4_22:4,NA,C8-Neg-000143,NA,NA,NA,NA,NA,NA,NA,NA,1441076.5634262,1151952.479975,1345257.63724846,971238.429243484,NA,NA,1634026.88747696,1279133.13809879,941145.045606188,862457.25510933,913162.253112894,1005642.87758272,1137572.94626748,921971.5680198,NA,1155602.26237941,NA,573799.837659087,733894.594955823,1119001.29748078,1217189.46327229,1196502.52457171,875385.640908563,NA,FALSE,TRUE,FALSE
PE 20:4_22:6,NA,C8-Pos-000294,NA,NA,NA,NA,NA,NA,NA,NA,4803700.16182626,3440456.82561532,4796480.84160691,2925687.16833654,3902926.93293112,3237066.94429087,3382104.27219023,3331957.29542611,2755963.8772352,1739844.6702958,1579492.12534558,2077180.02425558,3747507.29424466,1875485.34458981,3541357.92866375,3190945.47764138,2792030.43919453,3163845.69822916,3203871.83216366,2402683.49313163,3132678.70843374,3892784.39380174,2873245.48374972,3164670.534694,FALSE,TRUE,FALSE
PE 22:4_22:5,NA,C8-Pos-000227,NA,NA,NA,NA,NA,NA,NA,NA,3696640.20980946,3481718.17485756,2977017.16074141,4021582.47673313,778884.867066077,2209230.71711816,3567124.76520615,3208968.52843508,2623478.92522194,2793773.2831909,2573863.3439211,2244461.0487338,3391178.32623992,3847242.70553714,3087291.7300926,3374702.42865649,2905599.1521578,2266419.75761465,1065087.04653984,7523692.98209793,2425955.93867987,3454471.71106899,2767762.85010997,3825409.03914958,FALSE,TRUE,FALSE
PE 22:5_22:5,NA,C8-Pos-000328,NA,NA,NA,NA,NA,NA,NA,NA,3709134.93578251,2629075.19594581,3682427.49617604,2966767.64106696,2133646.71793023,2837195.52837886,3785052.03491101,3746572.35320224,2264105.56186795,NA,NA,2033094.83184014,3664328.16966597,3026895.19392806,3507136.55929648,2638883.96125531,2262282.28163175,1546560.99668706,NA,1603993.02079443,2222088.15761083,2970151.16595489,792154.60342148,1911008.3250175,FALSE,TRUE,FALSE
PE 38:7,NA,C8-Neg-000113,NA,NA,NA,NA,NA,NA,NA,NA,2301797.42353394,1542061.43612308,1418298.74211669,1177082.98362837,1637972.26571129,1422922.17082176,1289008.06216344,1635429.08927215,1391353.09149374,968022.12985101,1197021.56986869,1206862.30246981,1643811.43649443,1362605.48343629,2085229.41601272,1359884.37335096,1774391.38764891,1256370.64212156,1035928.03039344,752067.48952656,1744557.43794285,1771890.23603227,1268309.511309,1214997.63655505,FALSE,TRUE,FALSE
PE 40:8,NA,C8-Neg-000169,NA,NA,NA,NA,NA,NA,NA,NA,928964.811311274,730291.671887924,732862.512935172,600568.972337336,508177.836169918,636207.933329445,759462.35712408,413877.679774596,467205.219988829,203849.081530325,290008.382271825,132862.373007789,615629.185137957,260646.80758225,831676.933991672,562144.124701054,526902.961189621,446799.047568346,553008.65871475,67243.6682633483,652726.189739767,677701.021140372,446985.935226984,609217.235788025,FALSE,TRUE,FALSE
PE 42:10,NA,C8-Neg-000165,NA,NA,NA,NA,NA,NA,NA,NA,947200.970707332,755203.251854479,1064973.77739669,562910.850553599,969688.716759422,676450.972029818,680232.049331711,455554.959468602,569150.196195515,77370.4536421202,155434.692565407,152739.448529537,659561.379644502,285615.489611284,745052.48280602,525888.810709657,539670.469490872,521967.658338814,468219.431172313,171245.526730113,633345.298402409,750263.875190733,537834.901365242,465505.517561179,FALSE,TRUE,FALSE
PE O-16:0_22:4,NA,C8-Neg-000152,NA,NA,NA,NA,NA,NA,NA,NA,798213.760749141,680092.908449304,1006320.22903653,487692.892852206,789567.790829433,759994.771927399,814786.107891157,760941.345701313,657934.571591516,454031.57534316,534649.772829643,1331991.95181358,633055.558820266,246030.39005341,737620.367754544,937678.695308809,656199.707704043,453929.450416635,1417148.60707282,880709.022196558,1129685.43035502,247968.478586179,912547.194146039,811223.500680127,FALSE,TRUE,FALSE
PE O-16:1_18:1,NA,C8-Pos-000246,NA,NA,NA,NA,NA,NA,NA,NA,2514029.50451777,3145256.05677392,2905282.22590688,1877888.88141854,3804218.39462905,3876233.42662534,2208754.02889276,3163408.5807686,2273579.20237156,2575760.79622892,4251560.94734709,6147768.17849548,2997591.08384428,3109465.91629539,3276526.10672899,2607037.83352746,3508500.47183639,5659451.71691852,3949511.94442161,NA,NA,3459316.97487863,NA,3688913.34621414,FALSE,TRUE,FALSE
PE O-16:1_20:4,NA,C8-Pos-000079,NA,NA,NA,NA,NA,NA,NA,NA,34844211.835233,38769688.6763324,42347155.6656283,26905824.522533,38031710.5210025,35457770.9162022,40504469.4426287,34636444.6716236,26339085.7015366,27599840.9508078,26480379.5898388,26719358.4044355,36434235.4291693,26832735.9569498,37371738.9263398,32333273.6082295,30821553.4301016,25980921.5432996,26463901.2592605,29335539.2197158,NA,28166022.2357227,32976171.6512771,35287471.5699614,FALSE,TRUE,FALSE
PE O-16:1_22:3,NA,C8-Neg-000183,NA,NA,NA,NA,NA,NA,NA,NA,19060.417728813,106508.433603037,180226.42358587,203706.491432091,123137.045705765,156909.488756822,155809.904755273,206985.30189611,180656.474656255,131227.406329097,241874.857983496,525879.858687293,134944.241941594,206750.793509774,368469.249332303,295356.515303857,271479.406547951,159716.734045132,643841.992074791,281409.758097958,514238.331016735,318402.337657693,498040.758055536,240725.192229225,FALSE,TRUE,FALSE
PE O-16:1_22:6,NA,C8-Pos-000082,NA,NA,NA,NA,NA,NA,NA,NA,36030520.0327722,29934739.3608025,25952069.2435308,21847113.954558,32894460.4804476,35970656.0732998,25652305.6944976,29548371.748381,25841160.5214296,22897929.9403824,26306264.1611891,39992772.7295774,38482536.1452955,27072489.5483376,33240788.0865078,35304228.7066165,37526507.9199402,37098316.251077,38289723.0551464,29474528.191995,36681615.3480061,40840023.6602595,33296472.962208,30629876.7043465,FALSE,TRUE,FALSE
PE O-17:0_18:1,NA,C8-Pos-000135,NA,NA,NA,NA,NA,NA,NA,NA,12728486.9857775,13715791.946719,17434590.7926403,12450862.1735587,12182364.4652622,16785663.1422515,15300718.1105412,10666423.7515305,15871212.1097308,13839080.6169893,12264790.807373,20632990.5154538,13081740.9064776,12461744.155441,13545145.7226993,12380060.1446333,15043478.4233734,13940732.0241076,18535794.558242,15502031.6476095,14145403.2510994,12075698.7540273,17067369.4483186,13594934.3732308,FALSE,TRUE,FALSE
PE O-18:2_16:1,NA,C8-Pos-000497,NA,NA,NA,NA,NA,NA,NA,NA,674663.651988276,590952.436999688,698916.257217897,495414.617230367,604070.071400587,NA,631220.817946851,790597.64249861,321908.251817858,480597.537246063,735653.997671857,949422.35121605,484948.963010692,584818.141697882,1128957.89446566,547433.840139502,913112.802702426,859939.988697846,582215.753146693,517060.09618549,863444.716827979,777213.881966999,832386.632825843,785940.044776297,FALSE,TRUE,FALSE
PE O-18:2_18:1,NA,C8-Neg-000195,NA,NA,NA,NA,NA,NA,NA,NA,169845.125344901,104719.738087673,117573.421354277,102674.546168392,145308.991718178,127683.267549672,127834.22664057,249166.619307554,211545.946902674,83156.873762574993,112634.153319671,424745.473928803,153335.487244047,120858.564770352,280683.836228855,168365.758743051,184019.557978361,78599.722131017,200313.387390422,153511.70083952,NA,140214.993197165,202432.156662286,143001.451775604,FALSE,TRUE,FALSE
PE O-18:2_20:4,NA,C8-Pos-000111,NA,NA,NA,NA,NA,NA,NA,NA,15975202.2469698,17634625.8071752,18130377.3911292,12064926.5446574,15857672.1231135,19439446.6872676,17400286.100042,23593088.6915208,13602580.951371,11945744.8703175,14057201.9048801,17363017.4621415,14948860.674383,16684141.7832756,26176893.3065236,13070047.1242422,16996948.4221761,16739153.2147275,13957556.5991597,13363090.2198071,20554555.5364172,14439897.2761702,16441143.0549603,14747463.3205349,FALSE,TRUE,FALSE
PE O-18:2_22:3,NA,C8-Pos-000274,NA,NA,NA,NA,NA,NA,NA,NA,2697225.77808607,2973862.40058899,4326850.99169851,2349103.99870753,3333540.61196273,4310145.39320021,3190764.1613311,3521701.52956225,1919981.67091971,3106784.49501674,3155620.96735735,4847849.91157198,2628280.15096414,2700151.49115435,3626605.16329167,3556430.06766057,3156262.62329283,4372410.25243144,5567394.30458443,2999862.9350231,4433725.28676444,3387888.03701044,2904080.30377385,4230993.67438381,FALSE,TRUE,FALSE
PE O-18:2_22:4,NA,C8-Pos-000254,NA,NA,NA,NA,NA,NA,NA,NA,3572943.93700406,3990945.09860002,3331018.53616877,2660522.5085239,3567237.84168939,2949243.65348718,2742194.874436,3003554.08323207,3594985.18557607,3818794.34631356,3981193.81079287,6313248.08136722,3976872.10529457,2473443.93623506,2442912.85670586,3945924.13627731,3933454.95576062,NA,5043090.7052986,3357931.06350757,4364345.58141493,5313448.60735989,5089047.27510099,5315588.55817112,FALSE,TRUE,FALSE
PE O-18:2_22:6,NA,C8-Pos-000136,NA,NA,NA,NA,NA,NA,NA,NA,14845496.9367964,12568751.0164835,12670614.773645,8891387.23306952,12417272.923621,16980293.7455272,8813177.27952125,17488670.1797145,11164836.4041637,8548871.69351481,11847757.8208327,19911529.3470961,13814041.4610327,14567497.9837373,20295894.9574844,11922050.5894784,17915591.5100219,15156874.7658754,11757658.4857554,11853490.2331882,17013939.3910062,16950002.8145372,13668210.6953053,11528175.4865659,FALSE,TRUE,FALSE
PE O-24:3_17:0,NA,C8-Pos-000444,NA,NA,NA,NA,NA,NA,NA,NA,272302.685704865,354487.909330884,278668.517608938,384274.388918793,193783.396200404,585190.154738027,260776.047343546,558626.908706605,411361.692736057,345078.435793099,626239.331762807,1545828.77979555,262218.167070581,622952.529094281,674024.259009692,323991.044161434,658509.96376958,660881.790926569,819927.368863219,555697.029253716,550542.013248266,342462.395059487,280578.912687839,549401.737156453,FALSE,TRUE,FALSE
PE O-28:2_7:0,NA,C8-Pos-000134,NA,NA,NA,NA,NA,NA,NA,NA,12998909.2310079,14142498.2808696,17776502.2056966,12438942.6405298,12330005.2153748,17060606.0033565,15342302.8236821,13753157.0128831,16352533.4737369,13804647.0056912,3460923.79939788,21075718.6515227,13120448.9970107,12478942.2323199,13920944.232968,12380060.1446333,15519199.2914342,19247103.0282745,19113081.4389938,15744501.8262331,5309961.98713911,12517859.9486879,17531579.2595962,13594934.3732308,FALSE,TRUE,FALSE
PE O-28:3_13:1,NA,C8-Pos-000255,NA,NA,NA,NA,NA,NA,NA,NA,1989899.74190032,2421408.33388238,2715600.80653211,5145767.76143686,1530973.92790006,3089504.33568485,2071654.74735183,3162256.5254937,2454276.51597087,1634730.15815148,3152791.74740882,4341556.93787943,6308490.57745511,2435957.19047376,2577817.47854022,2246553.46962922,2444277.62571572,2616874.7986698602,2707102.68384904,3384515.71206956,3175113.07744314,1834826.50293342,3010551.03649182,2214574.03808304,FALSE,TRUE,FALSE
PE O-28:3_9:0,NA,C8-Pos-000434,NA,NA,NA,NA,NA,NA,NA,NA,306886.767544399,374405.085351973,557301.647050712,NA,389573.370286948,616118.861881259,299361.700707911,293978.734885878,1714325.99833217,476795.809497161,477426.004781964,738817.459905451,296441.821636786,NA,406370.292437791,NA,1341257.70604939,NA,456558.797990886,457288.177227151,318544.68298069,NA,387543.300418241,NA,FALSE,TRUE,FALSE
PE O-28:4_13:1,NA,C8-Pos-000118,NA,NA,NA,NA,NA,NA,NA,NA,19700257.9764289,22658872.2545258,22942084.960023,15672452.3398557,15719502.819112,24580433.6002959,11159606.7880791,22173978.751313,13946177.0318912,17815953.9251591,18734837.1207951,21011977.82346,17298725.533351,18867690.2034598,20526246.7077866,15927380.6067529,18535819.8219386,17467215.7013469,20508784.6646366,23676735.4187377,20523952.7536979,17403326.1003333,19969392.87893,16620545.2857111,FALSE,TRUE,FALSE
PE(16:1_18:1),NA,C8-Neg-000137,NA,NA,NA,NA,NA,NA,NA,NA,1820440.57641808,809006.785868819,912191.726361729,818389.710143952,1033589.72939969,924542.6640137,993228.727366067,1058646.844173,740985.306629119,309788.373587345,1001490.75159629,1053158.58092092,840398.289138868,912857.872834848,795759.262029204,943835.162784334,455875.599580072,627066.015732055,752974.709312722,NA,705812.68091257,522116.253827401,984464.12606529,1131797.20765613,FALSE,TRUE,FALSE
PE(18:0_22:6),NA,C8-Pos-000480,NA,NA,NA,NA,NA,NA,NA,NA,587591.990267732,646465.974789476,122986.521068747,632581.848208358,703022.475318753,732696.406156183,290451.420898114,701220.949542907,897221.271694149,389368.112615573,379252.044859265,866846.458758948,667383.86812301,592520.182204259,1238186.37657079,672032.436167794,626476.812619509,NA,756417.872146912,480880.154107594,297622.106557982,585047.908811306,446259.543650253,488827.530625413,FALSE,TRUE,FALSE
PE(O-22:6_16:1),NA,C8-Neg-000035,NA,NA,NA,NA,NA,NA,NA,NA,9269819.49578685,5656617.8000841,6900630.89195979,3814148.03378262,6663234.0901161,6147899.86540946,4821598.97748233,7025244.91744664,6155205.04560328,3865803.95132184,5499050.81801394,9700087.66236715,7878450.93080665,4655518.69059107,7051178.86471323,7248601.42151592,7155914.70281413,3990612.21581757,NA,7257509.84072551,8460439.64869158,8253856.67498017,6052887.20276422,5282552.58418565,FALSE,TRUE,FALSE
PG 18:1_20:4,NA,C8-Neg-000170,NA,NA,NA,NA,NA,NA,NA,NA,444604.156846147,453544.179961021,430078.676325015,383791.969299475,487362.993678031,483527.019401556,646206.821522783,521807.88974254,500139.429792875,550544.698788734,659396.60413562,924940.295322963,513099.140205536,503641.609878605,409417.722258315,576933.00886921,691979.79895912,417223.655204811,483222.191345363,901799.132104504,547472.054361144,608837.681123383,587927.668525505,649699.787692321,FALSE,TRUE,FALSE
PG 32:1,NA,C8-Neg-000178,NA,NA,NA,NA,NA,NA,NA,NA,327949.632948252,326500.143176817,257902.466936862,229852.648209015,296419.039681914,275339.576979624,343432.079682353,479099.54044403,386003.349690655,391895.172209326,558222.853286935,751468.431096443,430606.517905633,413438.592806711,318873.296634696,316649.364367593,410241.071297984,271727.51883209,314155.060918725,711766.687007876,371613.412300552,370049.792568915,358026.219161849,300016.053510465,FALSE,TRUE,FALSE
PG 36:4,NA,C8-Neg-000154,NA,NA,NA,NA,NA,NA,NA,NA,564503.645873166,608520.721998199,606168.596536031,462432.315327977,695976.424014815,534083.411115927,839188.716158793,665330.796993687,685367.542200467,743849.61781272,972977.674471547,1020739.76723959,687439.716706988,611939.449564579,414981.361269076,717274.151272582,706729.337134268,523808.898518576,720175.955998512,1346856.32776894,642871.32211383,680948.474968119,685861.70445558,763353.356290138,FALSE,TRUE,FALSE
PG 40:6,NA,C8-Neg-000153,NA,NA,NA,NA,NA,NA,NA,NA,825641.752142124,788819.108506351,578516.784046382,761487.6410254,162571.59834053,506942.290947472,645805.667509408,730309.291677927,1399670.22701482,867130.753603671,933335.956369002,701021.78121278,910659.951812316,676612.03817479,387494.38015681,921902.280578341,630140.371729632,753414.346733453,775034.501651653,1207711.05007098,592358.398596731,735948.826693158,775014.776515506,920824.332442025,FALSE,TRUE,FALSE
PG 44:12,NA,C8-Neg-000144,NA,NA,NA,NA,NA,NA,NA,NA,1624311.96229416,955631.036001923,830309.65802196,619968.213988565,844991.030135597,1238517.01861551,229602.3883508,437870.732878933,1113798.92745731,427946.724248587,925969.929691178,1387419.37992116,919035.586156218,1157613.72650656,1226303.35430766,1047958.71989728,1540858.0286028,1334417.39327394,551715.608387495,1659036.54712661,1090264.57713977,940015.302471863,774485.232559085,343209.88433528,FALSE,TRUE,FALSE
PHOSPHOCHOLINE,NA,Amide-Pos-000023,NA,NA,NA,NA,NA,NA,NA,NA,695876157.209705,803911323.038892,404695387.712762,642255840.771663,379229176.116091,795313355.271473,509721315.971799,857463357.654741,609221738.427085,500212268.73903,883523237.098359,594124559.4878,443960712.54436,708452302.145216,774320346.733451,371406474.1102,539757294.47876,595714309.259402,809159224.736195,764663979.857434,836263111.581082,523810402.5525,1027412248.68887,479613984.145568,FALSE,TRUE,FALSE
PI 16:1_18:1,NA,C8-Neg-000112,NA,NA,NA,NA,NA,NA,NA,NA,383607.398295067,339825.410849479,NA,1220995.96039473,295520.553889689,494417.320920378,409483.015764419,1080447.23979153,569850.303095055,587331.108567844,1025642.44683617,2317671.87183284,586482.606486932,970239.514935258,757058.550964068,474467.737916742,533283.397035375,317446.871525406,436798.198673768,1166948.9468596,641023.799413959,476802.446837455,406840.023896319,429295.975866132,FALSE,TRUE,FALSE
PI 16:1_20:4,NA,C8-Neg-000080,NA,NA,NA,NA,NA,NA,NA,NA,804927.896597788,873459.513512533,748606.956729933,580534.402071157,784291.408686792,967681.368087701,1046540.88759981,1564806.67601984,1019114.79115165,1026220.97549158,1326989.65690375,3782758.58776873,956825.653168448,1298206.222582,1234834.77709688,953926.934778471,904710.458067622,639693.539226289,921131.827409942,1630472.19389126,981057.177586759,793695.708989071,891602.777152318,855232.089365787,FALSE,TRUE,FALSE
PI 20:3_20:4,NA,C8-Neg-000132,NA,NA,NA,NA,NA,NA,NA,NA,716328.814116619,502901.028291579,446127.421233337,462265.710887727,407635.548382245,686458.829915902,547793.428838781,1422475.94259745,804279.67872565,828002.540877749,1371440.68730024,1954921.83106452,909014.774650467,1505794.67872819,1209885.12248997,736555.807048022,1063047.57482294,709561.126706162,616281.895709264,1801974.94271414,877000.583170778,1017365.07272541,609631.730950338,732601.402327418,FALSE,TRUE,FALSE
PI 20:4_20:4,NA,C8-Neg-000074,NA,NA,NA,NA,NA,NA,NA,NA,936474.23014015,761899.006707016,1503501.17344515,591944.973898929,857882.576413861,1425781.39904305,2532364.41688745,1406514.42658663,729605.514552997,758535.955198527,1068621.97645644,4238812.65063736,1266451.81313213,839207.166949784,1664629.32106575,2024305.88123051,1174921.21322401,761904.939718689,1893704.17928608,1586784.68782577,1628722.72695682,1338228.99532856,1048477.51396039,1510661.41479706,FALSE,TRUE,FALSE
PMeOH 16:0_16:1,NA,C8-Neg-000146,NA,NA,NA,NA,NA,NA,NA,NA,NA,154788.569650063,126365.759948602,NA,NA,NA,25968.7390993455,992308.075864357,82132.8424288339,111338.78215928,484787.568219445,448472.050130441,350864.314415424,992821.119872067,524093.244958491,155483.452660275,569509.405153318,438838.910143202,1512650.43131227,1015379.2123906,1153627.29214929,400392.925287281,1425243.69402468,248311.984434851,FALSE,TRUE,FALSE
PMeOH 16:0_18:1,NA,C8-Neg-000115,NA,NA,NA,NA,NA,NA,NA,NA,524942.204489094,248373.333727668,415390.10934557,NA,420724.022623153,320939.373548974,439879.33904823,1660473.02389075,269662.416416612,197766.681879602,753182.840181343,748059.533530557,509279.74049696,1819947.69017839,656817.232170396,250091.979524177,795306.857340908,599769.86362324,2299692.52525671,1824592.99250351,1507067.53896293,542752.360785877,1688129.01763739,323253.475240047,FALSE,TRUE,FALSE
PMeOH 16:0_20:4,NA,C8-Neg-000171,NA,NA,NA,NA,NA,NA,NA,NA,622612.656639696,560808.813441979,468522.58300502,377670.53501572,577029.720660515,412087.187563143,573195.541686954,526977.268021701,414301.742705892,413475.343913444,451811.315938411,412655.854824237,490962.313216262,310927.021050672,546049.154623186,402773.090477904,414758.488748884,176366.583503212,841080.473002536,374889.50164,627351.768968374,141633.53627713,586482.947310569,398626.156633454,FALSE,TRUE,FALSE
PS 16:4_26:4,NA,C8-Pos-000203,NA,NA,NA,NA,NA,NA,NA,NA,6979173.75783469,7407655.7773159,NA,6650699.35481567,2946103.01131228,5589101.94554721,1757884.60220131,6577570.5809115,5839922.2670655,8528043.89535549,8037110.55956335,7823190.87632436,5608797.7613346,5623700.16904033,3802976.7577938,2476605.37618988,6763692.40941374,5315010.04216874,9713541.91180973,9635676.3726472,8462506.73937312,6375578.60879416,4273515.14736124,6754622.34094616,FALSE,TRUE,FALSE
PS 18:0_16:1,NA,C8-Neg-000077,NA,NA,NA,NA,NA,NA,NA,NA,NA,258390.870998822,NA,NA,NA,426480.111578809,NA,1177280.94005341,168920.435462476,807164.084106995,2095940.02738517,3910887.48495363,310676.308223726,1061767.98718376,388577.598532694,32677.5587837544,765800.1169405,371390.71022708,1226384.10199888,3523408.45419644,90815.3418004732,71680.8988830256,576005.417594246,182877.201757474,FALSE,TRUE,FALSE
PS 18:2_22:5,NA,C8-Pos-000102,NA,NA,NA,NA,NA,NA,NA,NA,15237493.2208956,13107512.9222096,3475494.11809327,14839467.1537209,3557454.60844685,15972936.316354,3722943.49466734,16095641.2407762,14375000.7263046,17918525.3081681,23265174.4907913,21470063.3378214,15810865.448472,17994163.0838315,11804026.6740079,22683696.4695435,21151813.5926752,17179401.8667045,24548544.7839731,28874994.7404536,13023094.6258929,16743002.9374366,7193296.75911216,15934495.3105571,FALSE,TRUE,FALSE
PS 20:1_22:6,NA,C8-Neg-000078,NA,NA,NA,NA,NA,NA,NA,NA,1363662.06096468,1094838.35151604,812279.48280701,NA,573393.772621212,903537.664177341,945937.691964039,1691755.88167004,1955555.28906349,2206538.52500045,1916512.02504818,2347764.73454154,2072007.82151084,2144525.6134732,NA,1779739.94643613,3891335.18080101,2559056.92502798,2216557.72283198,2947498.35056282,2070087.03351555,1898031.3019868,1306446.01101342,1752704.59670792,FALSE,TRUE,FALSE
PS 20:2_20:2,NA,C8-Pos-000260,NA,NA,NA,NA,NA,NA,NA,NA,1689122.73709264,2162422.12600681,517994.545872417,1185155.66517695,616697.357730284,4288133.53323252,1666141.83873196,1057298.73661271,4915083.42408981,2305348.14298214,2379748.24543472,1293226.49000412,2027276.47311079,1591134.78752998,2079944.75667575,6101328.75029204,2314079.03243526,792823.204935683,4751008.66844305,2191239.58432489,2709132.84753617,1845333.49852802,4064920.00960599,2612469.70814455,FALSE,TRUE,FALSE
PS 20:4_22:4,NA,C8-Neg-000055,NA,NA,NA,NA,NA,NA,NA,NA,2582488.39292443,2323863.89662805,1666476.98637274,2166148.63357839,1689579.26201679,2441590.64196415,2425854.00090874,5002359.83684881,2650181.58495646,2547214.663983,4995556.23528064,1822262.27291364,2285659.77129151,2991135.15981819,2001724.63820791,3075850.79388333,2002316.50660318,2615064.97784414,3757912.88127543,5575339.09625467,2861998.98133954,3064667.39646209,2223776.23337349,2986104.99137552,FALSE,TRUE,FALSE
PS 20:4_22:6,NA,C8-Pos-000226,NA,NA,NA,NA,NA,NA,NA,NA,2941883.02664945,3109124.93021623,2818931.82822558,3306908.69887849,2453612.31912827,3370171.94698022,3709381.83695445,6092488.6591321,5130237.7250939,7541593.82825655,5928183.32867964,988965.52633952,4282873.28161184,6537090.3941499,3671726.38299769,4776559.83569264,3756158.26244109,1922543.47970155,6641431.52232096,3492752.97114244,3384015.80574583,3353205.19305468,2340468.15397796,3968555.14432305,FALSE,TRUE,FALSE
PS 22:4_22:5,NA,C8-Pos-000103,NA,NA,NA,NA,NA,NA,NA,NA,11152584.8416399,15110365.0401773,10019998.3877556,19062374.5993009,12863044.9838141,13549002.3547626,3699958.2943945,21322693.7772136,10479758.3514924,27944085.9420157,19472410.1330225,11912059.8777132,16703078.1390093,25546572.694344,9256398.74612991,23604234.4949997,3667896.46223526,18997000.5121085,21942351.0303221,27079344.9792867,13228451.5613107,17026466.1524977,14829508.4794414,22836601.9067062,FALSE,TRUE,FALSE
PS 22:5_22:5,NA,C8-Pos-000071,NA,NA,NA,NA,NA,NA,NA,NA,42394697.7044751,18389104.0457164,29323702.5223757,39209018.7527271,33172715.9182774,24898400.9235464,17719041.6118054,47013457.291488,28013168.9855905,48776721.1603664,16451956.9307097,33666089.6475268,41766809.0661573,38165193.0654567,23493412.0642513,55170519.3067083,30686023.5423538,22475431.6080721,18588413.1724052,49881610.4214724,20532520.8129264,30040819.5604448,29591064.5362692,34575396.6200886,FALSE,TRUE,FALSE
PS 22:6_22:6,NA,C8-Neg-000089,NA,NA,NA,NA,NA,NA,NA,NA,880954.328029887,589580.097160809,496917.343501231,568350.132529783,605184.280634732,656337.538904636,663923.561017523,1835825.08385743,1332456.42757313,1129259.90517856,1975180.51958678,3519487.74500085,1225628.93813246,1492761.84589177,1200939.83329046,874653.334075754,1021699.08014392,692044.588653974,1174717.01575365,2169467.6374187,822022.999521923,NA,775009.36221584,613790.444354724,FALSE,TRUE,FALSE
PS 38:5,NA,C8-Neg-000042,NA,NA,NA,NA,NA,NA,NA,NA,2735069.12692292,2882837.33465868,2427829.561585,2071169.93658724,1459819.04202645,2822815.27268744,2851899.14776641,4244799.90891507,3723548.83893144,3849138.70637242,6424348.20464799,6382902.52350535,2784144.92592903,5247547.58539892,61615.8412121588,3752878.97042046,5101138.6732959,3810463.94652987,6462169.50284853,7868175.40225493,4729730.11514957,879954.72551981,4054537.73612244,3251242.77064792,FALSE,TRUE,FALSE
Palmitic acid,NA,C8-Pos-000543,NA,NA,NA,NA,NA,NA,NA,NA,834395.845210907,808234.018754564,802086.309705611,742356.985202241,841139.625824034,751911.156978103,747047.489002115,792030.995568788,547156.21113922,810736.086420548,590598.616807334,684464.434552949,776868.401421753,655361.060761419,783520.502943896,837427.257597176,734074.012424642,736211.055932592,535791.495094778,723279.061706967,730439.078730632,772028.355612672,809140.724418835,782897.358541179,FALSE,TRUE,FALSE
Panaxadiol,NA,C8-Pos-000541,NA,NA,NA,NA,NA,NA,NA,NA,638828.181722339,592002.725165229,NA,852263.206043978,642363.968855592,668563.994467563,607577.968511357,706622.0038091,676191.222999537,766750.481228027,724905.662854586,554486.380212114,711453.68286575,648644.636289286,613549.763923771,462558.910743296,NA,659741.445409965,NA,695700.434719291,NA,608166.082094696,709763.556982773,744762.759661923,FALSE,TRUE,FALSE
Pebulate,NA,C8-Pos-000448,NA,NA,NA,NA,NA,NA,NA,NA,579989.751759494,472626.346051855,1533902.87070285,629086.736161048,1247216.25791316,1067366.10830061,1171227.36767969,793024.286699574,760277.746696054,1056124.21320615,601988.432173742,939095.624739059,506640.268704425,851143.767654113,1255989.17740393,608497.023087431,784780.382949558,1002514.26358596,613646.085046043,649898.634963127,580148.790406766,986065.477740586,1306591.14174281,1060664.66179495,FALSE,TRUE,FALSE
Phosphatidylethanolamine 16:0-18:1,NA,C8-Neg-000110,NA,NA,NA,NA,NA,NA,NA,NA,1246814.83361078,895123.853663653,955961.560075891,883016.55499229,986501.067526295,927294.350442104,884971.639647799,1108620.18833014,793176.616877297,619219.863897663,1249368.31542481,1686470.62818972,1013533.94811502,838711.384841629,1427997.79531542,1813776.23586787,1191407.56071405,702039.406295545,1495451.65742674,1217784.83298828,2407363.18925865,1173090.34632331,1932755.06944291,998943.385707986,FALSE,TRUE,FALSE
Phosphatidylethanolamine 16:1-20:4,NA,C8-Neg-000163,NA,NA,NA,NA,NA,NA,NA,NA,875487.774397708,1110520.16015379,1002762.58020507,832889.122938485,1089081.35286133,823823.086612489,1070270.58436516,503706.294375513,804641.654157664,731688.740532563,551657.130849661,611333.664615614,545213.507808331,750803.183396494,718821.088799698,530139.838473535,566568.035709885,622289.915807849,490822.465136944,513692.104103305,1098242.71095979,576921.834311844,538768.382146548,958358.935832106,FALSE,TRUE,FALSE
Phosphatidylethanolamine 18:0-20:4,NA,C8-Neg-000021,NA,NA,NA,NA,NA,NA,NA,NA,12645318.4429687,8683829.47243547,10301135.234115,8850254.73414508,12728541.224429,8385051.05511883,11942996.5403368,9740493.36887188,9868481.99886825,8320622.20284698,8836855.6843477,12615245.4232534,11231323.6185399,7047777.70026776,10878272.0107592,12943648.5412694,9592704.8388005,5687460.86597133,11217461.069069,10448853.4241304,14698889.8863005,11165437.2429624,10833294.809713,11032818.9152798,FALSE,TRUE,FALSE
Phosphatidylethanolamine 18:0-22:4,NA,C8-Neg-000091,NA,NA,NA,NA,NA,NA,NA,NA,1658939.42592048,1151091.76097455,1543906.60934286,1196053.79755636,1885519.02483826,1371337.84368549,1609550.96691953,1591677.20426278,1413796.63137331,1020601.89080509,1118597.05030582,3332958.68385669,1752005.02899258,1132584.78165137,1659620.54492781,840832.008235562,1371713.03783009,767160.832312464,2880837.31618996,1654505.55427539,3079364.07361772,1887654.36987547,2521974.1936356,1451029.68255359,FALSE,TRUE,FALSE
Phosphatidylethanolamine 18:1-18:2,NA,C8-Neg-000184,NA,NA,NA,NA,NA,NA,NA,NA,620562.126799983,401383.081824605,439526.31290718,340952.173756893,587815.657640243,451372.762859135,520966.42560726,501755.848208442,322297.479763481,201760.246980851,389462.042834164,416914.129920593,408113.948845182,50935.7165703859,643412.89654811,412365.628758076,411396.312760155,253948.481645281,337507.377729825,400244.752735956,497126.684847474,169531.278215344,319758.979576927,492918.119801187,FALSE,TRUE,FALSE
Phosphatidylethanolamine 18:1-20:4,NA,C8-Neg-000026,NA,NA,NA,NA,NA,NA,NA,NA,12938816.5304448,8977324.0402443,10109596.5552966,8524716.9918007,10686273.5849423,8744491.66285221,11187502.561512,8766367.54204158,8591620.37004561,8365581.13983443,8437637.75793026,7210374.77002329,9147667.96607905,7574481.50934228,11374326.3759277,4837232.40499432,10115655.6864813,6005214.08102323,7700181.88797881,9555339.65089162,11163907.8608656,11090924.6552985,8269909.75725294,12329239.5583195,FALSE,TRUE,FALSE
Phosphatidylethanolamine 18:1-22:4,NA,C8-Neg-000109,NA,NA,NA,NA,NA,NA,NA,NA,2259407.57820562,1350845.85525151,1746645.3534423,1370676.18678804,1949050.92840448,1661978.9486679,1192001.89856151,2002040.59320921,1236366.32044516,1076855.80652309,1023938.82535697,2029716.52038935,1635849.3602204,1146968.61751253,2414829.93272825,198994.83537485,1291526.17578108,1119371.70487363,1651825.94556921,247927.502639983,2344942.1015967,2170819.08130277,1809928.23458306,222904.525250661,FALSE,TRUE,FALSE
Phosphatidylethanolamine 18:1-22:6,NA,C8-Neg-000044,NA,NA,NA,NA,NA,NA,NA,NA,7264544.20536826,4311468.10741691,4635353.02217932,3938553.57055257,5502905.13183591,4411888.45921091,4339979.93521114,5044798.79657059,4527247.03868378,3204880.76600753,3740754.86742831,4457854.90971909,5468871.46146423,4052897.12775039,6592335.67976701,4731639.93695216,5501281.86253499,3790632.36298092,3728345.70089157,4419506.02265299,5315251.82643085,6594333.17714945,4002802.85922448,5084828.04484335,FALSE,TRUE,FALSE
Phosphatidylethanolamine lyso 18:1,NA,C8-Neg-000040,NA,NA,NA,NA,NA,NA,NA,NA,5295162.79497515,8637381.75876035,5156594.06577038,5686601.26765927,6127560.17452465,3305438.97071225,4468917.16748424,3686392.4385385,7957035.74096986,3179447.601436,4912708.79591302,4778805.34619579,4548236.3512963,2724722.65507859,5080702.08824484,4456234.85627362,5066672.73302848,3582716.50679637,4039084.00673402,4606632.80755448,4671589.87081904,3768244.42369303,4431955.87140008,4158720.77586947,FALSE,TRUE,FALSE
Phosphatidylethanolamine lyso 18:2,NA,C8-Neg-000199,NA,NA,NA,NA,NA,NA,NA,NA,214008.883681606,333154.067876793,189474.242760642,255464.484361391,173789.189997579,90825.541202897,195552.113212923,51412.583337146,365344.304759291,82409.0987694915,190217.194214096,193949.555846676,68376.6483402468,NA,248312.113189341,103854.771668219,145555.282869282,105205.988875995,84068.1474124758,48623.508604659,164914.599079275,73485.261175033,55535.816733964,198758.521156307,FALSE,TRUE,FALSE
Phosphatidylglyceride 17:0-18:1,NA,C8-Neg-000177,NA,NA,NA,NA,NA,NA,NA,NA,607714.485521729,692158.984995264,656900.251974588,445004.13890641,325778.333817444,322236.533791159,517440.006847257,303869.193218909,522434.545667383,538755.725477239,526854.666090518,762323.785266061,391693.913970497,424028.573869561,494222.135579767,329115.773442008,348047.636947111,576519.511340119,361048.041540624,706512.691643116,531827.929922715,237830.678021096,614531.702895282,444647.425953065,FALSE,TRUE,FALSE
Phosphatidylglyceride 20:4-22:6,NA,C8-Neg-000145,NA,NA,NA,NA,NA,NA,NA,NA,1067628.55620669,485713.20188653,838950.585097028,486632.538888731,772115.489661627,626930.836388795,684485.514657894,965707.553823968,462134.06609138,546148.518961284,814548.176963703,1558154.6432651,1135080.00268088,922858.828654912,692579.088411714,766277.181532471,625482.690519523,552235.441939703,769292.230676319,1161267.14609766,959677.858888339,548791.614428126,1124934.30582795,377398.762118193,FALSE,TRUE,FALSE
Phosphatidylglyceride 22:6-22:5,NA,C8-Neg-000103,NA,NA,NA,NA,NA,NA,NA,NA,2533842.21785064,1991980.31125966,1454382.2397029,1336600.75085499,917777.678137037,1302578.2773663,1011094.05323448,2200462.56362164,2116584.17488455,703469.622053709,1753671.68074434,1588375.37339669,2681255.08529768,1555571.21013102,1129144.61372457,1590152.68898485,1342837.40200746,1508000.35310892,863612.971078836,2179682.36874461,1591127.71632326,1899073.33311465,1945124.35668662,830860.08468878,FALSE,TRUE,FALSE
Phosphatidylinositol 16:0-20:4,NA,C8-Neg-000019,NA,NA,NA,NA,NA,NA,NA,NA,5615259.94701537,5031117.7086437,4638185.09134043,4523008.66068569,4568400.56185901,5261522.18316633,6256079.74006882,11860632.0152639,10400867.700793,10894534.2278674,10792341.4965553,15816622.8662439,7833087.86112358,11371359.5959076,6515956.84736489,6973503.39818847,6440761.64564473,2395922.41572358,12104512.2709223,17442820.8896303,5329316.98334607,5188747.43932052,5800273.7878138,5567450.74559119,FALSE,TRUE,FALSE
Phosphatidylinositol 18:0-22:6,NA,C8-Neg-000141,NA,NA,NA,NA,NA,NA,NA,NA,840712.023771759,775859.161685368,822215.243488965,693970.813101334,953296.06172817,995373.205376881,745222.201928524,912184.90346237,1059227.13457255,393114.456837625,602870.924602437,1701949.53634371,844011.725826435,798132.299728487,996967.075691644,669314.014988796,867093.904900843,614319.640266419,1122948.29048569,761322.123075234,956979.394176341,774001.627148238,945619.49868035,568871.656607082,FALSE,TRUE,FALSE
Phosphatidylinositol 18:1-20:4,NA,C8-Neg-000007,NA,NA,NA,NA,NA,NA,NA,NA,21735840.9268648,16799278.4131059,16816378.3613008,16770419.9934919,14087098.381503,18877736.1181091,17983095.9183237,37463185.5257044,26621494.745974,31219941.7071973,43265827.9723502,46583810.0741582,23631820.7668912,43263575.3203073,25440825.2917031,25574219.3640426,28923186.0824808,21541184.4066144,22511859.7421615,61187449.9973617,38375265.137543,29137725.8598857,21125714.1520558,24099616.4476392,FALSE,TRUE,FALSE
Phosphatidylinositol lyso 16:0,NA,C8-Neg-000161,NA,NA,NA,NA,NA,NA,NA,NA,122403.784506714,217275.303626294,181691.502520015,505736.473312145,412147.133828006,100842.752230924,235472.4389847,129225.797236677,1124223.12299082,232724.202571161,282514.177865472,242864.324713585,211033.692947531,92847.8234569738,163829.239455492,203300.987223749,169861.417633167,72293.0249750079,226231.364253216,286603.303148357,115384.493839457,74152.9691921963,134175.423971907,131335.253214235,FALSE,TRUE,FALSE
Phosphatidylserine 18:1-22:6,NA,C8-Neg-000030,NA,NA,NA,NA,NA,NA,NA,NA,1795540.87515269,921611.751163255,2623248.15241853,1478489.23995897,2164551.59671325,4775089.7399951,2328240.98721646,946226.955762231,1924116.91659832,4143683.78707719,6678567.0814239,8468214.33193524,4491213.11843394,5848078.82545145,3873858.50457758,6558126.00943405,6115905.47344092,4633956.98271132,6877044.91971502,10890737.4272065,3543725.91384426,4918308.22948473,4750411.68474198,4775102.26372081,FALSE,TRUE,FALSE
Phthalic anhydride,NA,C18-Pos-000220,NA,NA,NA,NA,NA,NA,NA,NA,2070311.40859564,2089972.92610159,2100446.28476093,2238745.92170241,2120857.35019995,2159305.33376385,1951221.50979433,1989612.18793564,2166891.41809121,2222773.90073862,2102197.66723309,2181754.89953598,2229242.01569565,2127282.4740105,1985276.70144212,2124912.81233668,2276544.53114189,2287799.56792087,2080946.65575317,2146960.00839522,2125718.81568139,2143792.34520059,2106741.66275325,1981203.36912493,FALSE,TRUE,FALSE
Pipericine,NA,C18-Pos-000284,NA,NA,NA,NA,NA,NA,NA,NA,414460.093071931,426701.289522576,226557.068099064,325555.644639766,139868.712370916,384667.475807436,525952.482580829,392945.744680382,159296.633980826,278463.670088498,181249.45901275,440866.690120042,191372.95240504,333005.705198347,197193.449185045,171194.41957944,376220.451521506,422697.223414813,310638.46949174,334523.106059791,314169.345908663,360866.929664372,146825.215899936,420979.517486443,FALSE,TRUE,FALSE
Pro,NA,Amide-Neg-000163,NA,NA,NA,NA,NA,NA,NA,NA,3272411.85368302,6583200.87332112,3325979.39309178,5057621.17319395,7821975.24689055,8278195.1245315,7001747.86010547,9951640.99036732,9046959.25295206,6099229.87517599,2795939.70962344,5846729.39977376,5047415.06590358,11300329.0224355,6371559.52289415,4237980.52768904,7870601.6919185,6513372.03784167,11112935.8535987,10707280.7344519,7876151.60547032,4446972.252822,8442926.5497928,6347360.80375813,FALSE,TRUE,FALSE
Prolinamide,NA,Amide-Pos-000353,NA,NA,NA,NA,NA,NA,NA,NA,862563.064238556,1738723.07341045,1276864.24334356,3506919.27160359,1003052.20809067,1607004.0853794,NA,1959783.34863122,2398504.82136197,2687254.38736276,908906.294250412,NA,1347907.78499497,2164597.28192882,399745.419867877,NA,1654635.68869248,NA,2051637.49110408,1364345.80491727,160007.592599161,NA,NA,596777.427695,FALSE,TRUE,FALSE
Proline,NA,Amide-Pos-000337,NA,NA,NA,NA,NA,NA,NA,NA,1504524.45804391,2097904.62807555,1289340.85582283,1958041.15425145,568394.13338375,1542125.1249006,1226815.04061648,2017017.67821405,1538210.22233429,2140793.64467717,1859265.85054042,1487300.85592124,1434724.19402641,2382820.70196718,2375805.66769879,1200715.62353958,2045157.88791008,2442195.52561844,1041134.85094183,1950991.2013831,2936353.47819086,1751267.59269628,3354520.52520323,3928527.4201208,FALSE,TRUE,FALSE
Proline betaine,NA,Amide-Pos-000148,NA,NA,NA,NA,NA,NA,NA,NA,595853.459385573,6127001.2083947,1573427.90040993,226875.825317539,1811683.59313688,8523258.86983398,1749412.48263883,421409.214225446,105866.520009279,5173755.55706093,551521.58250196,23429859.8165766,296556.60405371,11290088.3576323,628631.951924218,2700523.3100728,162624.526442363,19468874.8322041,10810567.5849294,7817718.67073711,742724.54007376,385269.337145965,7071594.86971982,2326220.25378786,FALSE,TRUE,FALSE
Putrescine,NA,Amide-Pos-000358,NA,NA,NA,NA,NA,NA,NA,NA,1505630.42258506,2604924.83183442,NA,2935749.86766316,NA,2615296.92139146,NA,1798907.58776912,NA,2287267.92077386,2525893.01534662,1279372.47996297,1476533.94007162,2027775.973254,1719255.60015008,2943300.76181847,2367631.90923389,1971180.59340424,2741742.67682002,NA,2535892.39050739,1586910.83368839,NA,2405201.09325248,FALSE,TRUE,FALSE
"Pyridine-3,5-diol",NA,Amide-Pos-000338,NA,NA,NA,NA,NA,NA,NA,NA,2703450.32632982,2778068.55728908,NA,3016867.68770203,2787834.19407724,3528428.62539039,NA,3310879.99716852,3850621.89780815,2497568.39318592,2673853.62420958,2986286.86111288,2178374.09916871,3271038.0231493,NA,2183041.22610502,3750277.0214166,3504020.88224937,2701680.27476448,2766011.32568344,2595446.72422009,2814244.51192307,2690777.3579087,NA,FALSE,TRUE,FALSE
Pyrogallol,NA,Amide-Neg-000298,NA,NA,NA,NA,NA,NA,NA,NA,706201.387941393,1366752.08350153,NA,524890.45793058,3480312.39994727,NA,3965871.09769382,1109029.19059677,NA,587208.508417739,215059.110317911,1150230.95748761,1423071.54584158,1337028.98785032,1627555.07301696,846682.002558477,2158157.86687385,1746438.494403,1785824.27272916,1115189.17618621,3220556.35703056,2196463.19585811,1757425.28153382,2699323.92554526,FALSE,TRUE,FALSE
Pyrrole-2-carboxylic acid,NA,Amide-Neg-000291,NA,NA,NA,NA,NA,NA,NA,NA,3084402.86684792,1934420.29285031,NA,4248188.03623287,1621752.20264802,2119468.00647376,2830496.12819145,888421.905111224,1013213.13337279,2073915.82064453,2115618.23847452,1204082.84991991,NA,1891929.24279002,3772795.49679369,1722208.2787984,942393.858524499,2133506.46156737,1510613.50941985,948877.450531757,1814797.6239312901,1861324.38510014,2398925.87501889,1112743.0425246,FALSE,TRUE,FALSE
Riboflavin,NA,Amide-Pos-000486,NA,NA,NA,NA,NA,NA,NA,NA,168421.784221435,309333.98637792,134744.894535335,553004.32876252,138538.851305143,257678.326519479,289341.639099165,298504.53537036,883273.898933045,404034.244801159,519801.960045293,408677.35362388,313658.382424373,242517.865851991,509178.024570217,448582.112047953,220363.306007749,124723.873032451,457262.596452734,659116.103536797,380890.102403029,321795.314170505,430201.462123104,439069.628502544,FALSE,TRUE,FALSE
SM 11:0;2O/22:1,NA,C8-Pos-000562,NA,NA,NA,NA,NA,NA,NA,NA,192446.718619527,585513.52198992,268059.1085562,NA,257683.658165772,263482.268479998,321449.671403814,275704.158855916,231946.421406054,NA,480822.351099044,719076.954379877,144701.90031741,343618.625181713,383526.620817524,168118.705188634,282453.477632137,267206.625690363,345677.736030787,324229.158930341,383916.656297257,262280.84339551,463389.02729562,287548.644869926,FALSE,TRUE,FALSE
SM 12:1;2O/26:1,NA,C8-Pos-000628,NA,NA,NA,NA,NA,NA,NA,NA,267356.661188506,246743.791506232,161544.023114197,192475.815726873,NA,NA,NA,NA,291180.56702317,163837.56087842,304871.108517802,259527.866598811,109613.997273214,155766.397410493,NA,213307.086079226,160699.78059945,408050.783415295,273055.796195773,95794.067463771,179095.615041627,113123.004569126,238337.844425347,290232.407058327,FALSE,TRUE,FALSE
SM 34:1;3O,NA,C8-Pos-000706,NA,NA,NA,NA,NA,NA,NA,NA,NA,50237.2109850731,43018.1393204795,NA,59359.2636449425,NA,123102.716029087,33690.2422873556,54344.0524525873,48194.142825141,91910.8169576614,90964.5391448555,29360.967525049,NA,114622.110053111,48145.7150459952,35032.9713867794,66099.6578312291,NA,NA,71118.3800801849,58263.2825428605,96754.957709392,77342.667960144,FALSE,TRUE,FALSE
SM 8:1;2O/24:0,NA,C8-Pos-000189,NA,NA,NA,NA,NA,NA,NA,NA,4589209.62568542,6453886.60535943,5417908.71014786,4319909.86490347,4489829.38338585,4671100.08130807,5197738.36464873,6968083.41114448,4647582.91987538,4594247.99324378,11078109.5364795,9653680.21851159,3476322.0860252,7098495.18170422,9118721.22983147,5409885.1251997,5718701.49287833,5760766.14953342,5593545.2666568,6151225.1703871,7312025.20267408,3771996.00821925,8087944.12350565,4752682.50243468,FALSE,TRUE,FALSE
SM 8:1;2O/24:1,NA,C8-Pos-000503,NA,NA,NA,NA,NA,NA,NA,NA,979350.158374174,972561.529654435,861283.696878911,707805.742907451,569476.672127509,641656.446654382,707479.412157838,473208.845156367,814149.110215781,848907.857623235,1076631.01686146,989778.152701078,458173.135250173,481484.818094757,785487.47220417,997165.253297702,657000.662636842,970924.396551012,795612.601640256,1035883.41025815,708008.34262665,456250.438832644,643469.652405252,957692.328397432,FALSE,TRUE,FALSE
SM 8:1;2O/26:1,NA,C8-Pos-000217,NA,NA,NA,NA,NA,NA,NA,NA,4955264.23554619,5339693.74374444,5878402.79914885,3477143.30207568,3939574.62514641,3917958.40804673,5174963.92849161,3502124.32342492,5064854.37652963,4783164.52958422,5869460.46380487,7878390.81046351,3143758.70264271,3809827.21932274,5303143.71380687,5109983.95989606,3319928.55594904,5360074.37663392,5460552.95813101,6831513.89582636,4529849.64704007,2986963.50927048,4705436.2561919,5330234.14968705,FALSE,TRUE,FALSE
SM 8:1;2O/28:1,NA,C8-Pos-000152,NA,NA,NA,NA,NA,NA,NA,NA,11064527.7986471,9534411.1331401,12444406.237736,10486249.9663364,9485510.87861817,4117341.2402761,10845259.3119803,2696072.4607208,11029193.4434917,14872278.6940756,7679802.13538903,7050602.5706967,8594650.10093785,5835919.53912129,3980029.01391174,12165804.2834529,6865508.01467679,16682686.3069231,9827050.07969467,10105759.8280703,6210979.58062637,6337825.54952315,8220648.88459321,15854554.5605617,FALSE,TRUE,FALSE
SPI_256.2273_14.6,NA,C8-Pos-000498,NA,NA,NA,NA,NA,NA,NA,NA,NA,NA,NA,194743.696813627,875181.420440479,121671.031538809,884756.351552732,318506.44208646,225798.093676827,242566.230688191,501730.796524753,NA,NA,747850.355138357,312415.719834455,543484.869089495,1044096.55426773,371270.221893922,NA,220343.944782848,521995.477302887,667232.181539164,421236.905187272,527641.305498902,FALSE,TRUE,FALSE
Saccharate,NA,Amide-Neg-000161,NA,NA,NA,NA,NA,NA,NA,NA,1021007.81122958,2901042.38584129,241913.080004596,2962099.92982169,2435964.55929497,2245912.81898896,1373705.05930479,8712458.83213682,2534866.02377853,3379303.11387014,837126.586752491,824935.212034755,531867.132980493,11337409.3658639,975775.586897445,617211.32274417,1989569.89894835,4587107.49464279,8550260.05218356,3318352.19800253,1652770.95867787,1640478.63706091,2679511.1622919,2015458.16730779,FALSE,TRUE,FALSE
Sebacic acid,NA,C8-Pos-000637,NA,NA,NA,NA,NA,NA,NA,NA,117118.230252253,104794.584554694,243383.737382323,200891.109007005,129606.560332737,251459.469750419,142293.965633143,83759.157253368,92945.6163101186,89591.4277280383,99009.3854867626,111161.940729094,109192.326556566,116232.190727084,147843.740778514,127254.989115824,381105.379658586,144596.254827885,105393.143600089,94619.633251723,100218.005018388,107374.415916187,106539.552461702,234717.294809899,FALSE,TRUE,FALSE
Solasodin,NA,C8-Pos-000283,NA,NA,NA,NA,NA,NA,NA,NA,331001.695514746,2828335.59452564,297208.070818556,347648.676558356,309719.214305169,275651.641590671,1661165.12702662,138490.611359624,273457.292998835,489066.968873631,942967.533186483,2807176.22615565,1381384.59248397,99627.4448753592,NA,NA,276197.379589454,79807.6529695995,1592038.01430529,5195794.62249657,1595660.22822542,527666.350398449,4245150.92491514,373783.464305997,FALSE,TRUE,FALSE
Spectral Match to .beta.-Nicotinamide adenine dinucleotide from NIST14,NA,C18-Pos-000053,NA,NA,NA,NA,NA,NA,NA,NA,45602781.2469676,55380624.7485046,42912308.2312204,19051942.2800643,31273618.4809635,31047020.4230078,43532044.9662435,NA,41996972.7509217,29183310.6663407,50452676.6254284,33135965.1990963,16445564.768813,43360581.8892796,57250086.3600945,34635873.6785654,30805587.1687282,46124217.4930343,1224812.62759684,31531724.308095,30861387.9062646,32694280.2033447,19937545.2503313,53629701.0003027,FALSE,TRUE,FALSE
"Spectral Match to 1,2-Di-(9Z-octadecenoyl)-sn-glycero-3-phosphoethanolamine from NIST14",NA,Amide-Pos-000417,NA,NA,NA,NA,NA,NA,NA,NA,926886.192351424,1375353.46882003,407218.649316765,1414892.73890888,665255.296064181,653124.644639945,863340.269611671,732746.47884418594,484233.845632845,138970.427589449,223049.876550864,139744.789924348,236327.436482367,263894.57805684,NA,128794.820028418,544524.010765695,676941.269266872,2130698.24701863,NA,NA,298239.167428878,1330628.94444609,510545.727759209,FALSE,TRUE,FALSE
"Spectral Match to 1,2-Dilinoleoyl-sn-glycero-3-phosphocholine from NIST14",NA,C8-Pos-000266,NA,NA,NA,NA,NA,NA,NA,NA,2518965.16692676,2544415.03044005,3436005.29108864,5041628.75114854,3088182.45933451,2757271.72974788,5697595.02612553,3641938.63840211,3616588.95492113,2121186.09735962,NA,2246206.40464119,1048461.4861044,2458397.59141767,4937139.2512057,4547620.35107747,1961598.62150002,NA,NA,2398798.62984898,1462958.839478,2533110.91688666,2676619.54549353,2305532.84984629,FALSE,TRUE,FALSE
Spectral Match to 1-(1Z-Hexadecenyl)-sn-glycero-3-phosphocholine from NIST14,NA,C8-Pos-000298,NA,NA,NA,NA,NA,NA,NA,NA,1514029.2133759,1791897.32465946,2056646.26044062,2202129.20588587,1717243.77641612,2466098.83747548,2674342.9603887,1848150.67753924,2340013.62715225,1254757.12691397,2082901.20928632,4665356.82981163,1391531.55050314,1526040.84798025,2741612.65112991,1763124.33146506,1349776.59328439,1419957.14599036,2535480.63974704,2383010.15681024,1605973.94456731,1676124.33583639,1927991.94660624,2239227.33070129,FALSE,TRUE,FALSE
Spectral Match to 1-(9Z-Octadecenoyl)-2-tetradecanoyl-sn-glycero-3-phosphocholine from NIST14,NA,C8-Pos-000002,NA,NA,NA,NA,NA,NA,NA,NA,1799137449.20967,1762122194.59655,1861237354.77999,1786261738.26491,1843564035.06114,1830243781.21776,2046202462.88727,1715249481.98252,1688246203.62649,1641233195.7181,1657254554.26225,1811459159.7989,1710697452.15293,1707188858.48652,1838176349.30081,1635791955.60504,1818641008.22764,1845983537.77211,1793651359.50055,1554207355.33126,1805056937.68007,1791828068.99162,1951592545.35241,1912821990.16515,FALSE,TRUE,FALSE
Spectral Match to 1-(9Z-Octadecenoyl)-sn-glycero-3-phospho-(1'-myo-inositol) from NIST14,NA,C8-Neg-000149,NA,NA,NA,NA,NA,NA,NA,NA,267576.412761682,313050.291283001,315811.32541898,635970.599149833,430972.479002567,173524.027176886,233873.876851359,182212.75279846,1449827.14107966,325247.24777733,836734.559772091,362146.031071996,269430.516558357,183063.333191506,370114.869321121,339803.435037336,436127.005210105,217252.222689589,138412.746850064,567441.240433001,238419.580859056,278430.0726033,229718.305621135,333754.738135857,FALSE,TRUE,FALSE
Spectral Match to 1-(9Z-Octadecenoyl)-sn-glycero-3-phosphoethanolamine from NIST14,NA,C18-Pos-000278,NA,NA,NA,NA,NA,NA,NA,NA,441798.665328707,530960.783117241,153551.069665808,549011.799836856,369491.579371788,123656.193124451,184871.173092723,152674.279806095,497053.39889059,188711.154166538,284249.494111814,125915.199698198,183056.027014952,112351.772826934,209876.906496082,142846.360442137,366363.117996917,296073.814286925,644656.761744948,264873.700074739,200374.308172037,195518.424455754,353673.738252128,222783.218436777,FALSE,TRUE,FALSE
"Spectral Match to 1-Heptadecanoyl-2-(5Z,8Z,11Z,14Z-eicosatetraenoyl)-sn-glycero-3-phosphocholine from NIST14",NA,C8-Pos-000308,NA,NA,NA,NA,NA,NA,NA,NA,4002875.87456541,4095286.63285731,3956935.17404424,2734649.21817147,3948690.74251702,3769303.51346296,4314659.7360016,4220706.64282949,4240902.79092117,3765526.79309861,3142393.18571869,4421562.71518937,3864540.69877459,3657197.14371966,3695510.46009144,1868239.98578975,3165847.80082512,3199347.58100105,3634874.83783316,4331152.57698245,3218072.1558718,3448380.81134705,2996010.57948948,3185488.1738496,FALSE,TRUE,FALSE
Spectral Match to 1-Hexadecanoyl-sn-glycero-3-phosphoethanolamine from NIST14,NA,C18-Pos-000255,NA,NA,NA,NA,NA,NA,NA,NA,326474.797419966,449239.812278556,214828.691595569,518899.365175064,409434.568800173,144643.710913022,262803.269016806,148889.58647296,567908.786414942,234410.941015119,351023.340503443,154914.358343904,248760.451387122,116096.693720419,223077.424764516,203682.414291875,493105.102298062,392284.101246146,1129310.5655289,328948.647356171,175447.936262022,304879.099516888,483170.565855118,344941.310610068,FALSE,TRUE,FALSE
Spectral Match to 1-Hexadecylpyridinium from NIST14,NA,C8-Pos-000225,NA,NA,NA,NA,NA,NA,NA,NA,3176729.03075557,881848.215518752,7649851.03132967,NA,2938988.49311286,957189.148449248,1810134.62618625,940454.841020954,2136039.73007948,NA,NA,681723.686594251,379300.536238029,NA,480794.194720968,3112582.03104232,2040452.62790778,4484071.3267382,159913.635209611,NA,363722.757039804,NA,658739.70263227,1108013.76797384,FALSE,TRUE,FALSE
Spectral Match to 1-Myristoyl-sn-glycero-3-phosphocholine from NIST14,NA,Amide-Pos-000483,NA,NA,NA,NA,NA,NA,NA,NA,312961.115091312,420151.189238803,401833.131177315,931094.883855601,390303.448663268,125360.654471092,415476.360508059,122062.191464566,916097.058165297,475583.839689306,440854.869212543,275753.611406317,343050.633657889,148689.525008673,217678.601409799,356518.186507545,513734.259796181,322921.99241045,626233.7093579,508942.09505251,283767.026455582,371629.281394252,378193.914626237,482392.057156658,FALSE,TRUE,FALSE
Spectral Match to 1-Octadecanoyl-sn-glycero-3-phosphocholine from NIST14,NA,C8-Pos-000042,NA,NA,NA,NA,NA,NA,NA,NA,49663171.6480033,64144116.8995304,56999773.9783591,93616035.048891,80095273.6021845,41027660.9125581,60875190.0777018,40123856.807772,139135539.499995,58388064.9864715,82228313.1757726,84726772.9531597,64952942.4139778,36496844.3970643,54210592.9483957,52196218.5851591,60797166.2766962,44368419.4946089,104489384.045384,62185432.2204038,57697689.5632112,46716271.1125136,55917267.0697337,55782073.3159764,FALSE,TRUE,FALSE
Spectral Match to 2-Linoleoyl-1-palmitoyl-sn-glycero-3-phosphoethanolamine from NIST14,NA,C8-Pos-000219,NA,NA,NA,NA,NA,NA,NA,NA,5466086.76160731,4706515.01556992,5815523.99554804,3268527.20986477,5770903.03813939,1851646.08488997,5691522.06228324,4526803.22185256,1275027.97390163,4478620.72376626,5049986.61080933,4242574.313434,1376646.7266649,4482454.89316992,7780575.35483223,4955568.75038447,6804229.12511906,6110935.40731143,3565724.69233467,1832609.23699275,6406877.62375687,6436153.8235665,5302482.19756684,6961741.26665418,FALSE,TRUE,FALSE
"Spectral Match to Cholesta-4,6-dien-3-one from NIST14",NA,C8-Pos-000321,NA,NA,NA,NA,NA,NA,NA,NA,2565223.30722409,2266251.22807215,3235839.45340549,3979263.39514697,2235971.0788224,2734116.53259574,2632028.4854516,3412073.16343031,2090126.7609111,2200733.95574442,3815019.32786257,3744053.99947818,2885909.72982529,2919098.83294404,3257970.37858767,2275951.37857547,1802289.25887034,2197759.50147685,1774654.20113066,2926973.64619024,2213658.44796232,2226551.93488348,2984832.10145784,2780990.22116752,FALSE,TRUE,FALSE
Spectral Match to D-(-)-Citramalic acid from NIST14,NA,C18-Neg-000118,NA,NA,NA,NA,NA,NA,NA,NA,2882980.018618,2500542.10470849,2178955.46333089,NA,2331664.83622634,2306954.58300387,2210181.41145167,536237.532879063,2185313.28505442,NA,2668053.66446768,1861289.65499653,2034333.39604274,2188346.83884939,2687216.32870428,1819162.10403098,2733282.06387905,2401997.02388293,3132095.39581317,2539264.92951861,2497418.89676943,2329833.01197531,2421202.15132289,2045482.43136184,FALSE,TRUE,FALSE
Spectral Match to Decaethylene glycol from NIST14,NA,C18-Pos-000232,NA,NA,NA,NA,NA,NA,NA,NA,532624.496113285,533578.215850505,753077.122983759,425360.924782376,948234.15313639,1326478.39938177,746320.721580242,805313.086936812,727249.504104681,655456.809634783,944079.379392829,1605669.74528312,724416.452333732,539322.816579029,1789838.84645339,524856.687158303,495490.785224481,589726.735448181,559342.548256311,516685.338343156,409943.486188341,427035.50961239,614466.577843143,1558373.62347581,FALSE,TRUE,FALSE
"Spectral Match to Decanedioic acid, bis(2-ethylhexyl) ester from NIST14",NA,C8-Pos-000243,NA,NA,NA,NA,NA,NA,NA,NA,1339414.08193063,1267388.87078735,2130885.68268821,1533630.88210617,1773820.20295718,NA,754258.768888489,777214.326975678,1980761.03951218,598407.26495753,1916675.51136181,1982760.22171713,NA,587945.675439303,604720.795051239,1207412.97307213,1318731.39871121,1229641.1432237,603637.623372687,1209989.51367094,1498811.49864568,1243975.7514392,1166658.02950056,725269.682023971,FALSE,TRUE,FALSE
Spectral Match to Dioctyl sulfosuccinate from NIST14,NA,C8-Neg-000150,NA,NA,NA,NA,NA,NA,NA,NA,586474.453614958,1240391.72217135,749224.889842721,829033.012716868,1161761.38332416,976395.371999832,395207.085210007,1379180.30368581,1146426.45342609,1006998.53886771,475833.485730463,694992.778253042,1145062.02690547,633428.600096178,387367.118089004,739160.013407128,604653.663035104,267431.366661294,562139.135612507,1438908.41740819,1115084.25365014,1268531.58387913,823359.677639645,252822.61332385,FALSE,TRUE,FALSE
"Spectral Match to L-Methionine, N-acetyl- from NIST14",NA,C18-Pos-000263,NA,NA,NA,NA,NA,NA,NA,NA,498935.014648138,562409.701125426,504315.518694209,938933.80520323,349452.352304952,419584.188487787,565984.753031387,577130.543495572,735348.778174467,676393.21967473,781689.532481281,359193.476916623,405335.84982964,538467.60339189,692563.525667101,410337.516664053,457256.833215379,549434.527028018,269749.901623597,905520.468572658,441704.688030924,366988.130381888,531768.889640222,736502.69151187,FALSE,TRUE,FALSE
Spectral Match to Oleoyl L-carnitine from NIST14,NA,C18-Pos-000280,NA,NA,NA,NA,NA,NA,NA,NA,NA,161576.08520659,162372.532407997,80404.9633626109,119737.550372484,348819.194042058,103160.946959131,368045.458624936,88266.6005929854,NA,109081.357669829,106765.497931738,NA,159836.6510269,290142.860597211,NA,105521.888555824,130931.319442572,612689.704390036,193235.523300767,163869.316261824,NA,299059.044152838,99873.1435770318,FALSE,TRUE,FALSE
Spectral Match to Prostaglandin F2.alpha. dimethylamine from NIST14,NA,C8-Pos-000572,NA,NA,NA,NA,NA,NA,NA,NA,515652.805978854,555783.121912618,201016.028659578,103024.851078395,506628.616380077,91510.4913008147,624003.059044772,131130.150273033,90122.4246572102,146667.522935318,659236.744047072,NA,478250.455474396,372338.550431453,134624.92138294,274749.872785406,685223.037978836,259647.319791357,169447.416362906,144430.979040555,200016.588881347,320679.968947368,220240.104268615,187584.468270029,FALSE,TRUE,FALSE
Spermidine,NA,Amide-Pos-000195,NA,NA,NA,NA,NA,NA,NA,NA,2683482.96459581,779431.990794893,NA,2605363.3257889,637715.867128844,NA,254510.334752155,482156.418147758,873218.788116504,5451884.15456812,12097551.56583,NA,1961602.82178543,1777502.4084393,295189.227730325,2653873.68992398,847505.322527164,778234.92212586,1204642.69681834,4658753.01269727,1332652.93677851,1344396.83774005,1506860.92558144,NA,FALSE,TRUE,FALSE
Stigmastadienone,NA,C8-Pos-000585,NA,NA,NA,NA,NA,NA,NA,NA,337226.923242052,421314.314217391,375281.855061759,393135.478743148,507761.00214762,612613.947677035,491876.45465607,554370.471713413,395432.678340627,422080.345173392,426387.577692467,580502.578463531,370844.191689993,508306.173842454,434879.231072223,348830.603109909,371842.204978115,374807.359706096,404882.811306373,465581.501209983,473957.696780684,340959.784284522,555251.833211947,589000.629364957,FALSE,TRUE,FALSE
Succinic acid,NA,C18-Neg-000059,NA,NA,NA,NA,NA,NA,NA,NA,739976.008870822,8808665.34993048,9506776.26966623,NA,700712.227108274,1474900.71146846,9244163.50014658,NA,10124978.4265717,NA,10794118.9656335,1683040.170859,6756750.43016702,5770523.60736654,NA,6174576.80909387,7030210.3886957,8556769.8167712,5721154.16806679,9415545.21520366,7981638.05657967,8287383.4645588,10745074.7634803,8436878.71335528,FALSE,TRUE,FALSE
Terbutol,NA,C8-Pos-000691,NA,NA,NA,NA,NA,NA,NA,NA,185850.720992361,115485.388658925,173354.281248464,110688.888241288,153670.987159967,106362.045658634,156463.538315817,114572.653108846,119660.835119258,108808.957377459,75432.0796550694,111993.81048379,153534.763411513,72098.1140595962,161080.012804592,145165.705883245,163227.324662447,142017.023995832,131121.709172222,155248.76168261,102788.694487938,NA,126984.8684123,159531.001055213,FALSE,TRUE,FALSE
Theobromine,NA,C18-Pos-000240,NA,NA,NA,NA,NA,NA,NA,NA,292443.368776011,633731.431791731,63290.6128497772,396408.085950841,NA,265720.617436691,150095.199413128,140194.692527078,473558.511896548,NA,1577929.72643612,NA,305485.276359887,NA,NA,113389.69000446,105884.849491516,172445.996437642,78246.6940553975,965604.010769944,NA,84407.5443559673,911783.740126796,548811.861252788,FALSE,TRUE,FALSE
Theophylline,NA,C18-Pos-000283,NA,NA,NA,NA,NA,NA,NA,NA,414759.200379421,411974.377973577,194843.050405785,365517.850528025,32983.5733956161,152380.227389191,52755.6442180196,146818.327496874,NA,23696.8087166671,534289.943699499,187538.860707939,150609.621747493,55391.1147885247,184675.281454901,138577.805102267,NA,86388.5259053658,137401.036043676,NA,NA,16880.6773345919,253039.293804769,100451.096782499,FALSE,TRUE,FALSE
Tiglate,NA,Amide-Neg-000365,NA,NA,NA,NA,NA,NA,NA,NA,774460.60865019,712697.208019294,775583.291646548,1433754.48267971,1063048.71845532,1166618.73816225,1052360.54356997,405629.223982669,645505.833292587,1172054.45886078,604302.359580762,470585.371194944,797376.971133214,485347.493307857,713145.225395905,1157418.63369396,1343136.38612223,2451068.84586039,753905.278552432,948011.885849875,891836.000096,1843467.87930154,1084653.98050064,1447021.68696801,FALSE,TRUE,FALSE
Trenbolone,NA,C8-Pos-000677,NA,NA,NA,NA,NA,NA,NA,NA,63020.0852296536,64038.4248541507,NA,87432.4373177502,105721.032125461,NA,74943.2954399778,64589.5401753734,215386.56949726,50160.8357848926,70285.5968380126,NA,66332.8203813274,88403.5641661485,49627.1197483755,NA,192357.071205039,147934.002143178,119443.67079065,89348.5136946295,81172.5516276354,72524.6637437915,93562.9675166062,75394.2569600903,FALSE,TRUE,FALSE
Tridecylic acid,NA,Amide-Neg-000272,NA,NA,NA,NA,NA,NA,NA,NA,4713321.20953417,2769365.06869523,1379813.07076301,753894.512224452,2250784.56775436,3034506.51863274,3082869.9173036,1586317.25575536,1896585.16934139,1438011.73838735,1390083.29709582,2392344.87245221,2218553.54794726,1829503.6738198,962662.300142491,1217106.86012592,2321370.83995604,1113027.41316667,1349480.87435732,1915346.27725604,1602181.99795638,873900.491970519,1247081.76632722,2590552.87327878,FALSE,TRUE,FALSE
Triethylamine,NA,C18-Pos-000079,NA,NA,NA,NA,NA,NA,NA,NA,16685650.2458923,NA,23432523.280915,NA,28675434.0709472,15243872.8881872,23673680.3865544,13525681.8234949,16353767.3404429,14091969.6377418,NA,28773810.3306229,26981605.38227,36575357.0353719,NA,17702822.42738,24819635.384635,19388723.8792522,25345112.3673935,NA,23882383.4868567,25232354.3445144,25389030.0596568,NA,FALSE,TRUE,FALSE
Triethylene glycol bis(decanoate),NA,C8-Pos-000634,NA,NA,NA,NA,NA,NA,NA,NA,227680.462049085,287778.458627846,305609.601741919,313712.311579096,290301.227224661,318012.756098144,311121.156232247,306741.08590265,NA,311684.963735292,328464.961545251,345912.46153053,273734.947047121,386272.270755067,295472.040863806,172490.842826092,NA,NA,NA,30836.2706401897,350022.645440105,286242.576914957,309266.956599747,314624.387914963,FALSE,TRUE,FALSE
Triisobutyl phosphate,NA,C18-Pos-000188,NA,NA,NA,NA,NA,NA,NA,NA,3824929.38579936,2725990.69179368,3711438.10953733,3266697.09172699,3617354.46942426,4020746.71930897,750031.234688431,3281848.11515214,3140149.2875534,3533662.48953081,3912985.85055134,3774958.6035391,3548719.04676416,734863.169414861,3591065.9147953,3356479.72740472,2859993.59745182,2935992.55327924,3282879.17229632,3423278.43401226,3343236.25661758,3645933.30738586,3596254.1020193,4339367.73309399,FALSE,TRUE,FALSE
UDP-glucose Disodium Salt,NA,Amide-Pos-000411,NA,NA,NA,NA,NA,NA,NA,NA,2319044.75862096,2026596.46875924,1889486.84534955,2011174.48905884,1041866.33690832,1247838.26261403,1172378.65430042,1392315.7133706,1602873.22991443,2074547.16207775,1997921.80772283,NA,1496053.38064886,1115772.08384274,1216604.01177791,1525414.59070361,1306928.25420051,2234728.13580072,1926151.78663279,2129007.92569553,1402993.15332421,1743855.80030321,2168628.43103579,2121048.53394987,FALSE,TRUE,FALSE
UMP; LC-tDDA; CE10,NA,C8-Pos-000218,NA,NA,NA,NA,NA,NA,NA,NA,1925993.31849129,NA,2400265.31991098,3525512.53731485,2080849.06045413,2326743.75227014,2304331.77516237,7857037.34522807,2541074.76267019,3935077.24303567,3567984.97240653,2830242.94097763,3106496.2943675,4962844.01437245,2158544.32737163,NA,1301429.19618109,2093620.15790884,1271305.96930949,2511615.0205015,NA,NA,1961566.42977532,2101193.59143555,FALSE,TRUE,FALSE
Undecaethylene glycol,NA,C18-Pos-000242,NA,NA,NA,NA,NA,NA,NA,NA,403063.118028646,379777.234628466,NA,335626.673143223,597113.188156521,524357.74937568,NA,545464.208762098,408038.19385289203,429454.461604976,624004.524313314,1014459.65398254,506297.425697782,379826.801594956,1528230.9303943,406032.820440345,NA,388865.612343054,NA,NA,283063.698174661,NA,389471.513855591,791148.757340542,FALSE,TRUE,FALSE
Undecanoic acid,NA,Amide-Neg-000551,NA,NA,NA,NA,NA,NA,NA,NA,499418.526512488,550700.542402911,163817.4778097,208216.168976829,278306.77327333,433953.951425321,294703.292266506,332170.287544624,430874.884556708,309680.257542451,197624.470612983,402542.759220995,330857.375707917,196481.97459968,233042.441039873,225553.415855635,448622.073206519,300713.189505809,422024.437175782,375399.660936455,366552.216744179,255148.343035174,336002.313915365,534720.181862044,FALSE,TRUE,FALSE
Uric acid,NA,C18-Pos-000169,NA,NA,NA,NA,NA,NA,NA,NA,3164894.21651649,5086650.21489267,NA,2274612.1673063,2182164.08115594,2414112.84229378,2086247.5926766,2116039.87300376,4117318.84145276,1207081.88744953,2658230.81875077,5322868.64130744,2431309.53899739,3698888.53936038,5781359.54136961,3624456.57753416,3059411.26509417,3123162.63352152,1451914.29929534,3988699.26398017,4279806.31721897,1645378.61236564,2648109.48786404,3167009.73290986,FALSE,TRUE,FALSE
Uridine,NA,C18-Pos-000166,NA,NA,NA,NA,NA,NA,NA,NA,NA,1867893.87119009,1402762.4844041,4102915.52111934,2281876.57587091,1432560.59321883,1958953.00774137,NA,6112558.97437711,2159835.63494999,5937410.21506634,1446190.56224583,1931872.33884701,1317510.37952275,1259339.05293038,1957797.6181551,2909018.39403718,1328015.88394218,1715846.68005367,3452306.44122107,2170482.30200307,1660521.04074045,1796097.50621916,2211796.93166482,FALSE,TRUE,FALSE
Uridine 5'-diphosphate (UDP),NA,Amide-Neg-000502,NA,NA,NA,NA,NA,NA,NA,NA,396726.377655939,773079.124820238,246335.366497223,172459.511542102,207148.682146622,615035.080851206,273804.810657424,815968.168533337,229258.767253952,312597.433582823,103347.596330315,464481.252443941,85459.0518018466,877549.196432159,573360.666450506,124126.150484302,348876.614228985,472341.6813848,394981.198373892,390622.927757172,411299.249498209,300592.173958937,463663.402647191,188225.65131108,FALSE,TRUE,FALSE
Uridine 5'-triphosphate,NA,Amide-Neg-000576,NA,NA,NA,NA,NA,NA,NA,NA,227764.016197537,379685.453996104,71375.5548528461,29595.8268690567,55336.7327606922,369854.759239441,159291.55895282,186259.577490818,15971.704840082,54766.944514261,22005.6808166725,204329.860826621,26537.0351950997,258970.321692262,273961.144819628,33023.3371365575,107515.517966597,150821.86011796,100033.049108394,78924.0871291331,182995.143148946,98902.2214919733,159558.004090831,59387.9220850745,FALSE,TRUE,FALSE
Uridine monophosphate (UMP),NA,C18-Neg-000042,NA,NA,NA,NA,NA,NA,NA,NA,578224.734037378,10984856.4262022,10736763.2066156,NA,13669423.5271783,14964103.5242764,16691070.593527,NA,8281111.25932273,NA,14051197.9635914,9300747.30376025,11626229.5323626,14710662.9210299,NA,868152.098427842,13491534.0208265,845566.798901,9749641.30042808,12638835.1624593,18041212.8051549,9887773.56158766,2577129.14181236,14426919.7842791,FALSE,TRUE,FALSE
Xanthosine,NA,C18-Pos-000214,NA,NA,NA,NA,NA,NA,NA,NA,148214.843188543,526936.214586502,375376.996778473,1240166.29652167,1479378.5343625,406947.714901683,1069167.40399453,124188.905745107,2575401.42898324,530593.462982658,954245.177070227,961602.002354623,357270.415066315,137339.550488679,977818.150673346,609525.992937257,803227.130989186,134793.141124325,1088975.6497621,637258.105061321,602968.310992894,152404.233132856,220308.94725455,297153.024586832,FALSE,TRUE,FALSE
Xylitol,NA,Amide-Neg-000260,NA,NA,NA,NA,NA,NA,NA,NA,2325586.41980555,2787922.91588862,2025832.1409018,3374022.99556487,2595856.59794067,1317758.21377564,2139837.10121632,2148815.71896026,4969081.54150626,3611697.12939369,2320402.67530917,1488329.61346732,2593150.41821057,2221278.19471347,2442350.63089868,2226732.68868197,2815272.11787523,2733696.73443573,5056567.54022013,4021811.8798389,2160783.7937403,2715661.20368615,2582308.20622126,3537430.70353059,FALSE,TRUE,FALSE
"[2,2'-Biquinoline]-4,4'-dicarboxylic acid",NA,Amide-Pos-000495,NA,NA,NA,NA,NA,NA,NA,NA,66631.4937096939,71734.0958619081,132494.478623581,24429.0020422496,533664.899053462,NA,170039.839004254,37919.1953256455,17372.9414428647,20389.5889561878,30913.063745382,57996.8158205043,91365.3008372941,17563.0310485072,271174.520846299,96513.7535387391,108386.844359359,80028.1099281717,NA,40342.2865438342,123884.053756293,83033.1616372103,711745.282704286,69878.6218769885,FALSE,TRUE,FALSE
[6]-Paradol,NA,C8-Pos-000510,NA,NA,NA,NA,NA,NA,NA,NA,706533.760579044,833931.771424632,988611.466269948,784038.212081887,965719.301807463,779805.003553234,NA,973694.65113639,430215.330127004,764503.473817118,624020.175744825,NA,761278.696376183,655408.576006568,594124.498734954,662035.024407334,601173.300406704,640787.678263757,393146.67234348,574773.31635401,679369.346220262,599758.35373515,645174.708307669,714654.484501246,FALSE,TRUE,FALSE
_130036,NA,C8-Pos-000601,NA,NA,NA,NA,NA,NA,NA,NA,123107.99492706,101717.075336164,567500.480906387,120984.047091872,351401.381098802,385757.623907231,165476.098732279,144695.97782385,147297.238427938,138167.622483868,157843.233434031,245153.166929803,98949.3544239213,99301.3525110204,158308.303947305,124495.071272055,162453.243474304,124718.129178671,109754.522381009,244775.920043968,88328.2483108031,44024.0750042371,110446.513151221,141793.472529437,FALSE,TRUE,FALSE
cis-7-Hexadecenoic acid,NA,C8-Neg-000013,NA,NA,NA,NA,NA,NA,NA,NA,1650861.45542978,36151098.6705447,6363634.42351051,14093351.6547251,8447987.05647416,7487752.47613178,8950646.01626097,12171260.9505684,26714285.5555502,3622770.52012649,14988502.7216514,9261412.46033341,12400587.0974083,6009984.51885464,9328546.62182173,7832491.41959427,9721156.87273483,4582520.34840606,7946929.86184559,2429308.7457803,5476346.09195347,2290916.87505452,7822285.50336017,730249.438284926,FALSE,TRUE,FALSE
delta-Tridecalactone,NA,C8-Pos-000630,NA,NA,NA,NA,NA,NA,NA,NA,148627.907293868,176532.095043266,399388.118756145,127485.905877662,360044.474288244,157509.069846428,93548.1273470669,355263.870296847,361439.03470134,127528.140219045,110531.14776261,115662.311776179,328001.197875073,146748.110780447,342105.359121506,142580.467415246,338594.220799221,349101.985564449,193686.253956341,151005.455736199,350557.205888671,337042.512160923,357756.733413541,378557.996844614,FALSE,TRUE,FALSE
"meso-Butane-1,2,3,4-tetracarboxylic acid",NA,Amide-Neg-000125,NA,NA,NA,NA,NA,NA,NA,NA,5380404.99889738,9838337.13458338,3839153.12507418,6982711.15802348,NA,6120353.80140715,7402474.38424984,6543378.2062766,NA,7681742.41559293,NA,3151112.00345234,5883615.50201775,10254473.8573543,4917485.83084886,NA,8317587.48244338,9370250.73572717,NA,11264191.1429317,8447073.24396812,NA,11359924.1438056,2710876.70025106,FALSE,TRUE,FALSE
o_coumaric acid,NA,C18-Pos-000321,NA,NA,NA,NA,NA,NA,NA,NA,NA,157657.517789352,79911.8517003406,165650.077487708,149705.285699116,144998.858232971,109531.192990312,129658.102339024,129691.482351158,148360.562731521,103469.684636484,148487.897182701,157648.461953369,137542.977761199,122251.966699135,145674.022669431,147375.917725384,167447.747760833,162637.241481738,146153.332826181,154160.560252759,150058.639706413,150004.477898814,135562.769527081,FALSE,TRUE,FALSE
trans-10-Heptadecenoic acid,NA,C8-Neg-000023,NA,NA,NA,NA,NA,NA,NA,NA,356428.788082549,13207205.6125089,336000.190541393,413678.976798332,531875.068933986,395212.821783248,360335.106721088,414084.72432466,566008.740904992,227740.681382336,382978.474281091,327434.248901759,465641.721957321,294450.530522451,468450.380719202,145998.529888267,482744.846074507,226789.133370467,359520.464473457,335145.160530201,360823.448392985,138267.053898658,350853.433483302,115847.389270174,FALSE,TRUE,FALSE
"trans-2-Butene-1,4-dicarboxylic acid",NA,Amide-Pos-000477,NA,NA,NA,NA,NA,NA,NA,NA,269947.046087285,528732.944989629,312027.595823148,300160.274986835,76337.144113508,288098.161449955,232494.850758909,227151.769751342,94625.4174431091,500012.303725265,275276.900858939,464797.516714179,115582.162486679,583914.810688582,316373.3592848,304135.7962875,336016.593421638,595972.848891233,1088551.06576894,215295.863372385,553243.234731932,413521.111963348,681397.250754463,441650.961256169,FALSE,TRUE,FALSE
"trans-4'-Ethyl-(1,1'-bicyclohexyl)-4-carboxylic acid",NA,C8-Pos-000475,NA,NA,NA,NA,NA,NA,NA,NA,379224.850266609,259175.113702846,NA,561221.38280106,230376.590439355,231874.811454936,NA,NA,203875.633520985,NA,403091.390790761,275100.846594661,1256825.65271232,198833.393015464,1251248.99894968,208942.237126113,NA,790887.556255858,1077295.9434844,599340.139236417,603624.356297023,NA,656597.820460453,553746.789290204,FALSE,TRUE,FALSE
trans-Cinnamic acid,NA,Amide-Neg-000603,NA,NA,NA,NA,NA,NA,NA,NA,49094.4029231507,66843.5625517645,32757.3957358886,131539.743539225,136540.781331457,92736.0586758384,94955.1608033572,NA,187973.186854969,60347.4893381878,20924.8466196867,NA,47392.2678371546,85105.8149582574,26179.6475025737,25013.4546832394,79256.8963005957,87084.8059588686,202459.953722956,86546.9701541278,118678.961635839,77180.5118898228,125867.157467396,35302.7454033022,FALSE,TRUE,FALSE
trans-Traumatic acid,NA,C18-Neg-000209,NA,NA,NA,NA,NA,NA,NA,NA,130415.057299954,190725.322915886,254507.693199605,93047.5491650884,104633.237858775,137076.4858073,241062.414608927,266945.48902443,25090.8491742009,161844.146271856,41852.1535972526,174044.085448344,191866.670917334,47414.5404801828,300412.120384044,54003.3316681488,126072.526488087,227302.245379297,160593.477493013,85484.016690358,78475.4658160854,NA,188686.880987795,40089.5461834956,FALSE,TRUE,FALSE
Υ-L-Glutamyl-L-glutamic acid,NA,Amide-Pos-000489,NA,NA,NA,NA,NA,NA,NA,NA,265031.843611735,309665.345173792,337187.390116191,367618.268744865,353777.698734299,508338.597575363,320016.396577777,660615.778009432,338907.896920036,371610.964680376,399776.160095584,507798.136531574,383602.794981577,483223.15065225,481402.370418985,294984.021288252,415481.715859818,698534.302216193,743168.088054423,612211.299706346,665217.726464454,242196.15259649,801003.862851973,434079.707785609,FALSE,TRUE,FALSE
α-Asp-Gly,NA,Amide-Pos-000534,NA,NA,NA,NA,NA,NA,NA,NA,124308.620798601,138393.276816365,108394.429901715,155034.73704114,103020.503902582,143279.975691117,155667.007413189,177190.543976962,157437.183729378,122945.887809352,155967.27522764,120191.012632652,89558.2441406593,52371.2338985298,126553.758142773,88644.8367357594,129991.672140297,150477.936915531,359158.867548104,184214.218907779,112704.639283705,136514.62739501,128930.134516199,128269.798084593,FALSE,TRUE,FALSE
β-Alanylleucine,NA,Amide-Pos-000480,NA,NA,NA,NA,NA,NA,NA,NA,403679.607923558,595181.130586166,186069.577406445,1034919.21796937,314034.103255779,705272.287500249,307516.564149687,752391.861333878,219942.78691084,214923.510557542,848871.331519513,NA,NA,439425.460950154,754839.3181337,170512.983951289,406407.005276053,249832.17101842,159247.606476596,315203.264292723,873590.079000503,604665.382009043,499359.523548573,197059.243673607,FALSE,TRUE,FALSE
β-Hydroxypropionic acid,NA,Amide-Neg-000013,NA,NA,NA,NA,NA,NA,NA,NA,59557395.4692326,80308085.7595386,56854379.0537588,59584317.2622165,100185240.629516,83140991.3832911,114709153.070379,86865214.5564235,103421230.584974,92573253.4705469,NA,43290017.1642845,62375785.9151613,123518641.215814,59277492.3670909,47064768.2538955,77646214.5701849,112763663.245392,89670980.6895632,113880781.214544,90295047.0269831,75182055.5365378,98652461.6074275,101489803.968401,FALSE,TRUE,FALSE
