gene,cell_type,Sex,cor,pval,padj
PGD,IN-CGE,M,0.6874277483966101,2.8983266877191866e-4,0.011235139550443156
UBR4,IN-CGE,M,0.6874277483966101,2.8983266877191866e-4,0.011235139550443156
WASF2,IN-CGE,M,0.6874277483966101,2.8983266877191866e-4,0.011235139550443156
PRDX1,IN-CGE,M,0.6874277483966101,2.8983266877191866e-4,0.011235139550443156
SLC35A3,IN-CGE,M,0.6874277483966101,2.8983266877191866e-4,0.011235139550443156
KIAA1324,IN-CGE,M,0.6874277483966101,2.8983266877191866e-4,0.011235139550443156
SORT1,IN-CGE,M,0.6874277483966101,2.8983266877191866e-4,0.011235139550443156
LAMTOR5,IN-CGE,M,0.6874277483966101,2.8983266877191866e-4,0.011235139550443156
SLC19A2,IN-CGE,M,0.6874277483966101,2.8983266877191866e-4,0.011235139550443156
STX6,IN-CGE,M,0.6874277483966101,2.8983266877191866e-4,0.011235139550443156
NSL1,IN-CGE,M,0.8526700578197591,2.382171940475599e-7,0.0011358195812187655
GUK1,IN-CGE,M,0.6874277483966101,2.8983266877191866e-4,0.011235139550443156
HEATR1,IN-CGE,M,0.6874277483966101,2.8983266877191866e-4,0.011235139550443156
LPIN1,IN-CGE,M,0.6874277483966101,2.8983266877191866e-4,0.011235139550443156
CDC42EP3,IN-CGE,M,0.6874277483966101,2.8983266877191866e-4,0.011235139550443156
EML4,IN-CGE,M,0.6874277483966101,2.8983266877191866e-4,0.011235139550443156
SRBD1,IN-CGE,M,0.6874277483966101,2.8983266877191866e-4,0.011235139550443156
MRPL19,IN-CGE,M,0.6874277483966101,2.8983266877191866e-4,0.011235139550443156
KCMF1,IN-CGE,M,0.6874277483966101,2.8983266877191866e-4,0.011235139550443156
RPIA,IN-CGE,M,0.6874277483966101,2.8983266877191866e-4,0.011235139550443156
FIGN,IN-CGE,M,0.6874277483966101,2.8983266877191866e-4,0.011235139550443156
CIR1,IN-CGE,M,0.6874277483966101,2.8983266877191866e-4,0.011235139550443156
MFSD6,IN-CGE,M,0.6874277483966101,2.8983266877191866e-4,0.011235139550443156
PIKFYVE,IN-CGE,M,0.6874277483966101,2.8983266877191866e-4,0.011235139550443156
FARSB,IN-CGE,M,0.6874277483966101,2.8983266877191866e-4,0.011235139550443156
IRS1,IN-CGE,M,0.6874277483966101,2.8983266877191866e-4,0.011235139550443156
EIF4E2,IN-CGE,M,0.6874277483966101,2.8983266877191866e-4,0.011235139550443156
KAT2B,IN-CGE,M,0.6874277483966101,2.8983266877191866e-4,0.011235139550443156
ACVR2B,IN-CGE,M,0.6874277483966101,2.8983266877191866e-4,0.011235139550443156
ZNF589,IN-CGE,M,0.6874277483966101,2.8983266877191866e-4,0.011235139550443156
CLDND1,IN-CGE,M,0.6874277483966101,2.8983266877191866e-4,0.011235139550443156
ST3GAL6,IN-CGE,M,0.6874277483966101,2.8983266877191866e-4,0.011235139550443156
SNX4,IN-CGE,M,0.6874277483966101,2.8983266877191866e-4,0.011235139550443156
EIF2A,IN-CGE,M,0.6874277483966101,2.8983266877191866e-4,0.011235139550443156
MB21D2,IN-CGE,M,0.6874277483966101,2.8983266877191866e-4,0.011235139550443156
SMIM14,IN-CGE,M,0.6874277483966101,2.8983266877191866e-4,0.011235139550443156
SGCB,IN-CGE,M,0.6874277483966101,2.8983266877191866e-4,0.011235139550443156
FIP1L1,IN-CGE,M,0.7602783938470816,2.554539965040057e-5,0.011235139550443156
SNCA,IN-CGE,M,0.6874277483966101,2.8983266877191866e-4,0.011235139550443156
EIF4E,IN-CGE,M,0.6874277483966101,2.8983266877191866e-4,0.011235139550443156
SETD7,IN-CGE,M,0.6874277483966101,2.8983266877191866e-4,0.011235139550443156
JMY,IN-CGE,M,0.6874277483966101,2.8983266877191866e-4,0.011235139550443156
AC008771.1,IN-CGE,M,0.6874277483966101,2.8983266877191866e-4,0.011235139550443156
ATG10,IN-CGE,M,0.6874277483966101,2.8983266877191866e-4,0.011235139550443156
VCAN-AS1,IN-CGE,M,0.6874277483966101,2.8983266877191866e-4,0.011235139550443156
CDKL3,IN-CGE,M,0.6874277483966101,2.8983266877191866e-4,0.011235139550443156
NUDCD2,IN-CGE,M,0.6874277483966101,2.8983266877191866e-4,0.011235139550443156
ERGIC1,IN-CGE,M,0.6874277483966101,2.8983266877191866e-4,0.011235139550443156
ARL10,IN-CGE,M,0.6874277483966101,2.8983266877191866e-4,0.011235139550443156
CANX,IN-CGE,M,0.6874277483966101,2.8983266877191866e-4,0.011235139550443156
STK38,IN-CGE,M,0.6874277483966101,2.8983266877191866e-4,0.011235139550443156
PDSS2,IN-CGE,M,0.6874277483966101,2.8983266877191866e-4,0.011235139550443156
AMD1,IN-CGE,M,0.7351046529354104,6.450955733788064e-5,0.011235139550443156
CDK14,IN-CGE,M,-0.6600997548334138,6.091925900153479e-4,0.023424437654783702
MCM7,IN-CGE,M,0.6874277483966101,2.8983266877191866e-4,0.011235139550443156
PMPCB,IN-CGE,M,0.6874277483966101,2.8983266877191866e-4,0.011235139550443156
NUP205,IN-CGE,M,0.6874277483966101,2.8983266877191866e-4,0.011235139550443156
DENND2A,IN-CGE,M,0.6874277483966101,2.8983266877191866e-4,0.011235139550443156
PRAG1,IN-CGE,M,0.6874277483966101,2.8983266877191866e-4,0.011235139550443156
FGFR1,IN-CGE,M,0.6874277483966101,2.8983266877191866e-4,0.011235139550443156
LYPLA1,IN-CGE,M,0.6874277483966101,2.8983266877191866e-4,0.011235139550443156
INTS8,IN-CGE,M,0.6874277483966101,2.8983266877191866e-4,0.011235139550443156
RRAGA,IN-CGE,M,0.6874277483966101,2.8983266877191866e-4,0.011235139550443156
SMU1,IN-CGE,M,0.6874277483966101,2.8983266877191866e-4,0.011235139550443156
KIF27,IN-CGE,M,0.6874277483966101,2.8983266877191866e-4,0.011235139550443156
PTCH1,IN-CGE,M,0.6874277483966101,2.8983266877191866e-4,0.011235139550443156
PTBP3,IN-CGE,M,0.6874277483966101,2.8983266877191866e-4,0.011235139550443156
ABL1,IN-CGE,M,0.6874277483966101,2.8983266877191866e-4,0.011235139550443156
DNAJC1,IN-CGE,M,0.6874277483966101,2.8983266877191866e-4,0.011235139550443156
TBC1D12,IN-CGE,M,0.6874277483966101,2.8983266877191866e-4,0.011235139550443156
NT5C2,IN-CGE,M,0.6299900412821933,0.001274195229820497,0.048602902846273034
ADD3,IN-CGE,M,0.6874277483966101,2.8983266877191866e-4,0.011235139550443156
DKK3,IN-CGE,M,0.6874277483966101,2.8983266877191866e-4,0.011235139550443156
AC131571.1,IN-CGE,M,0.6874277483966101,2.8983266877191866e-4,0.011235139550443156
TCP11L1,IN-CGE,M,0.6874277483966101,2.8983266877191866e-4,0.011235139550443156
FJX1,IN-CGE,M,0.6874277483966101,2.8983266877191866e-4,0.011235139550443156
API5,IN-CGE,M,0.6874277483966101,2.8983266877191866e-4,0.011235139550443156
DRAP1,IN-CGE,M,0.6874277483966101,2.8983266877191866e-4,0.011235139550443156
CEP295,IN-CGE,M,0.6874277483966101,2.8983266877191866e-4,0.011235139550443156
ADIPOR2,IN-CGE,M,0.6874277483966101,2.8983266877191866e-4,0.011235139550443156
LIMA1,IN-CGE,M,0.6874277483966101,2.8983266877191866e-4,0.011235139550443156
ATF7,IN-CGE,M,0.6874277483966101,2.8983266877191866e-4,0.011235139550443156
WASHC3,IN-CGE,M,0.6874277483966101,2.8983266877191866e-4,0.011235139550443156
MAPKAPK5,IN-CGE,M,0.6874277483966101,2.8983266877191866e-4,0.011235139550443156
MPHOSPH9,IN-CGE,M,0.6874277483966101,2.8983266877191866e-4,0.011235139550443156
MTIF3,IN-CGE,M,0.6874277483966101,2.8983266877191866e-4,0.011235139550443156
RFC3,IN-CGE,M,0.6874277483966101,2.8983266877191866e-4,0.011235139550443156
SUPT20H,IN-CGE,M,0.6874277483966101,2.8983266877191866e-4,0.011235139550443156
CARS2,IN-CGE,M,0.6874277483966101,2.8983266877191866e-4,0.011235139550443156
PSMB5,IN-CGE,M,0.6874277483966101,2.8983266877191866e-4,0.011235139550443156
KIAA0586,IN-CGE,M,0.6874277483966101,2.8983266877191866e-4,0.011235139550443156
PYGO1,IN-CGE,M,0.6874277483966101,2.8983266877191866e-4,0.011235139550443156
LINGO1,IN-CGE,M,0.6874277483966101,2.8983266877191866e-4,0.011235139550443156
CHSY1,IN-CGE,M,0.6874277483966101,2.8983266877191866e-4,0.011235139550443156
USP7,IN-CGE,M,0.6874277483966101,2.8983266877191866e-4,0.011235139550443156
VPS35L,IN-CGE,M,0.6874277483966101,2.8983266877191866e-4,0.011235139550443156
UQCRC2,IN-CGE,M,0.6874277483966101,2.8983266877191866e-4,0.011235139550443156
NFATC3,IN-CGE,M,0.6874277483966101,2.8983266877191866e-4,0.011235139550443156
AC009120.2,IN-CGE,M,0.6874277483966101,2.8983266877191866e-4,0.011235139550443156
STX8,IN-CGE,M,0.6874277483966101,2.8983266877191866e-4,0.011235139550443156
RAI1,IN-CGE,M,0.6874277483966101,2.8983266877191866e-4,0.011235139550443156
SPECC1,IN-CGE,M,0.6874277483966101,2.8983266877191866e-4,0.011235139550443156
FAM222B,IN-CGE,M,0.6874277483966101,2.8983266877191866e-4,0.011235139550443156
NSRP1,IN-CGE,M,0.6874277483966101,2.8983266877191866e-4,0.011235139550443156
SUZ12,IN-CGE,M,0.6874277483966101,2.8983266877191866e-4,0.011235139550443156
ZNHIT3,IN-CGE,M,0.6874277483966101,2.8983266877191866e-4,0.011235139550443156
GGNBP2,IN-CGE,M,0.6874277483966101,2.8983266877191866e-4,0.011235139550443156
LPIN2,IN-CGE,M,0.6874277483966101,2.8983266877191866e-4,0.011235139550443156
FAM210A,IN-CGE,M,0.6874277483966101,2.8983266877191866e-4,0.011235139550443156
MBD2,IN-CGE,M,0.6874277483966101,2.8983266877191866e-4,0.011235139550443156
PHLPP1,IN-CGE,M,0.6874277483966101,2.8983266877191866e-4,0.011235139550443156
MAU2,IN-CGE,M,0.6874277483966101,2.8983266877191866e-4,0.011235139550443156
ZNF253,IN-CGE,M,0.6874277483966101,2.8983266877191866e-4,0.011235139550443156
ZNF738,IN-CGE,M,0.6874277483966101,2.8983266877191866e-4,0.011235139550443156
PDCD5,IN-CGE,M,0.6874277483966101,2.8983266877191866e-4,0.011235139550443156
ZNF529,IN-CGE,M,0.6874277483966101,2.8983266877191866e-4,0.011235139550443156
ZNF814,IN-CGE,M,0.6874277483966101,2.8983266877191866e-4,0.011235139550443156
NOP56,IN-CGE,M,0.6874277483966101,2.8983266877191866e-4,0.011235139550443156
EBF4,IN-CGE,M,0.6874277483966101,2.8983266877191866e-4,0.011235139550443156
TMX4,IN-CGE,M,0.6874277483966101,2.8983266877191866e-4,0.011235139550443156
SLX4IP,IN-CGE,M,0.6874277483966101,2.8983266877191866e-4,0.011235139550443156
PIGU,IN-CGE,M,0.6874277483966101,2.8983266877191866e-4,0.011235139550443156
DGCR2,IN-CGE,M,0.6874277483966101,2.8983266877191866e-4,0.011235139550443156
PPIL2,IN-CGE,M,0.6874277483966101,2.8983266877191866e-4,0.011235139550443156
RBM41,IN-CGE,M,0.6874277483966101,2.8983266877191866e-4,0.011235139550443156
EPB41,IN-MGE,M,0.6875141241134627,2.0558072477878922e-4,0.011590184416973072
AGO4,IN-MGE,M,0.6875141241134627,2.0558072477878922e-4,0.011590184416973072
SVBP,IN-MGE,M,0.6875141241134627,2.0558072477878922e-4,0.011590184416973072
GPBP1L1,IN-MGE,M,0.6875141241134627,2.0558072477878922e-4,0.011590184416973072
IFI44,IN-MGE,M,0.6875141241134627,2.0558072477878922e-4,0.011590184416973072
DCAF6,IN-MGE,M,0.6875141241134627,2.0558072477878922e-4,0.011590184416973072
IVNS1ABP,IN-MGE,M,0.6875141241134627,2.0558072477878922e-4,0.011590184416973072
HIST3H2A,IN-MGE,M,0.6875141241134627,2.0558072477878922e-4,0.011590184416973072
PSME4,IN-MGE,M,0.644225565530847,6.800128892059603e-4,0.03520801428399023
MDH1,IN-MGE,M,0.6875141241134627,2.0558072477878922e-4,0.011590184416973072
SNRNP200,IN-MGE,M,0.6875141241134627,2.0558072477878922e-4,0.011590184416973072
TXNDC9,IN-MGE,M,0.6875141241134627,2.0558072477878922e-4,0.011590184416973072
IWS1,IN-MGE,M,0.6875141241134627,2.0558072477878922e-4,0.011590184416973072
GPR39,IN-MGE,M,0.6875141241134627,2.0558072477878922e-4,0.011590184416973072
PPIG,IN-MGE,M,0.6601250929620464,4.47885955220404e-4,0.02417631209349287
TTN-AS1,IN-MGE,M,0.6875141241134627,2.0558072477878922e-4,0.011590184416973072
SLC6A11,IN-MGE,M,0.6875141241134627,2.0558072477878922e-4,0.011590184416973072
TMEM158,IN-MGE,M,0.6905626709487507,1.8755588254693799e-4,0.011590184416973072
SLC25A26,IN-MGE,M,0.6875141241134627,2.0558072477878922e-4,0.011590184416973072
DUBR,IN-MGE,M,0.6875141241134627,2.0558072477878922e-4,0.011590184416973072
NDUFB4,IN-MGE,M,0.644225565530847,6.800128892059603e-4,0.03520801428399023
KPNA4,IN-MGE,M,0.6875141241134627,2.0558072477878922e-4,0.011590184416973072
ATP11B,IN-MGE,M,0.6603819386079964,4.447872198799943e-4,0.02417631209349287
AP2M1,IN-MGE,M,0.6875141241134627,2.0558072477878922e-4,0.011590184416973072
NFXL1,IN-MGE,M,0.6875141241134627,2.0558072477878922e-4,0.011590184416973072
CCNG2,IN-MGE,M,0.644225565530847,6.800128892059603e-4,0.03520801428399023
MRPS18C,IN-MGE,M,0.6875141241134627,2.0558072477878922e-4,0.011590184416973072
EPB41L4A-AS1,IN-MGE,M,0.6875141241134627,2.0558072477878922e-4,0.011590184416973072
CTNNA1,IN-MGE,M,0.6875141241134627,2.0558072477878922e-4,0.011590184416973072
NBAT1,IN-MGE,M,0.6875141241134627,2.0558072477878922e-4,0.011590184416973072
NRSN1,IN-MGE,M,0.6875141241134627,2.0558072477878922e-4,0.011590184416973072
PRR3,IN-MGE,M,0.6875141241134627,2.0558072477878922e-4,0.011590184416973072
CDC5L,IN-MGE,M,0.6875141241134627,2.0558072477878922e-4,0.011590184416973072
ZNF451,IN-MGE,M,0.6875141241134627,2.0558072477878922e-4,0.011590184416973072
MYO6,IN-MGE,M,0.6875141241134627,2.0558072477878922e-4,0.011590184416973072
SOBP,IN-MGE,M,-0.6646998107152386,3.954039190854424e-4,0.021807385711299292
REPS1,IN-MGE,M,0.6875141241134627,2.0558072477878922e-4,0.011590184416973072
WTAP,IN-MGE,M,0.6320199189620052,9.226116868749995e-4,0.04681331699203748
FSCN1,IN-MGE,M,0.6875141241134627,2.0558072477878922e-4,0.011590184416973072
ITGB8,IN-MGE,M,0.6875141241134627,2.0558072477878922e-4,0.011590184416973072
NT5C3A,IN-MGE,M,0.6875141241134627,2.0558072477878922e-4,0.011590184416973072
BRI3,IN-MGE,M,0.6875141241134627,2.0558072477878922e-4,0.011590184416973072
NSMAF,IN-MGE,M,0.6875141241134627,2.0558072477878922e-4,0.011590184416973072
PAG1,IN-MGE,M,0.6875141241134627,2.0558072477878922e-4,0.011590184416973072
ZHX1,IN-MGE,M,0.6875141241134627,2.0558072477878922e-4,0.011590184416973072
IARS,IN-MGE,M,0.6875141241134627,2.0558072477878922e-4,0.011590184416973072
MFSD14B,IN-MGE,M,0.6875141241134627,2.0558072477878922e-4,0.011590184416973072
RAD23B,IN-MGE,M,0.6875141241134627,2.0558072477878922e-4,0.011590184416973072
GAPVD1,IN-MGE,M,0.6875141241134627,2.0558072477878922e-4,0.011590184416973072
DDX50,IN-MGE,M,0.6875141241134627,2.0558072477878922e-4,0.011590184416973072
MARCH5,IN-MGE,M,0.6875141241134627,2.0558072477878922e-4,0.011590184416973072
FAM53B,IN-MGE,M,0.6875141241134627,2.0558072477878922e-4,0.011590184416973072
ZNF195,IN-MGE,M,0.6875141241134627,2.0558072477878922e-4,0.011590184416973072
HDAC7,IN-MGE,M,0.6875141241134627,2.0558072477878922e-4,0.011590184416973072
RAP1B,IN-MGE,M,0.6875141241134627,2.0558072477878922e-4,0.011590184416973072
TMPO,IN-MGE,M,0.6875141241134627,2.0558072477878922e-4,0.011590184416973072
AC069437.1,IN-MGE,M,0.6875141241134627,2.0558072477878922e-4,0.011590184416973072
WASHC3,IN-MGE,M,0.6875141241134627,2.0558072477878922e-4,0.011590184416973072
CCDC92,IN-MGE,M,0.6875141241134627,2.0558072477878922e-4,0.011590184416973072
USP12,IN-MGE,M,0.6875141241134627,2.0558072477878922e-4,0.011590184416973072
POMP,IN-MGE,M,0.6320199189620052,9.226116868749995e-4,0.04681331699203748
STK24,IN-MGE,M,0.6875141241134627,2.0558072477878922e-4,0.011590184416973072
PRPF39,IN-MGE,M,0.6875141241134627,2.0558072477878922e-4,0.011590184416973072
DACT1,IN-MGE,M,0.6875141241134627,2.0558072477878922e-4,0.011590184416973072
SLIRP,IN-MGE,M,0.6875141241134627,2.0558072477878922e-4,0.011590184416973072
RASGRP1,IN-MGE,M,0.6875141241134627,2.0558072477878922e-4,0.011590184416973072
ARPP19,IN-MGE,M,0.6875141241134627,2.0558072477878922e-4,0.011590184416973072
ICE2,IN-MGE,M,0.6875141241134627,2.0558072477878922e-4,0.011590184416973072
MIR762HG,IN-MGE,M,0.6875141241134627,2.0558072477878922e-4,0.011590184416973072
TANGO6,IN-MGE,M,0.6875141241134627,2.0558072477878922e-4,0.011590184416973072
WWP2,IN-MGE,M,0.6875141241134627,2.0558072477878922e-4,0.011590184416973072
GSE1,IN-MGE,M,0.6875141241134627,2.0558072477878922e-4,0.011590184416973072
DNAJC7,IN-MGE,M,0.6875141241134627,2.0558072477878922e-4,0.011590184416973072
ARL17B,IN-MGE,M,0.6905626709487507,1.8755588254693799e-4,0.011590184416973072
SKA2,IN-MGE,M,0.6875141241134627,2.0558072477878809e-4,0.011590184416973072
VMP1,IN-MGE,M,0.6875141241134627,2.0558072477878922e-4,0.011590184416973072
USP14,IN-MGE,M,0.6875141241134627,2.0558072477878922e-4,0.011590184416973072
NAPG,IN-MGE,M,0.6875141241134627,2.0558072477878922e-4,0.011590184416973072
C18orf32,IN-MGE,M,0.644225565530847,6.800128892059603e-4,0.03520801428399023
PHLPP1,IN-MGE,M,0.6751703765362194,2.9490538558148014e-4,0.016443405785059675
LSM7,IN-MGE,M,0.6875141241134627,2.0558072477878922e-4,0.011590184416973072
AC011447.3,IN-MGE,M,0.6875141241134627,2.0558072477878922e-4,0.011590184416973072
LINC00662,IN-MGE,M,0.6875141241134627,2.0558072477878922e-4,0.011590184416973072
PDCD5,IN-MGE,M,0.6875141241134627,2.0558072477878922e-4,0.011590184416973072
POLR2I,IN-MGE,M,0.6875141241134627,2.0558072477878922e-4,0.011590184416973072
EIF3K,IN-MGE,M,0.6875141241134627,2.0558072477878922e-4,0.011590184416973072
ZNF586,IN-MGE,M,0.6875141241134627,2.0558072477878922e-4,0.011590184416973072
PLCB4,IN-MGE,M,0.6875141241134627,2.0558072477878922e-4,0.011590184416973072
SMIM26,IN-MGE,M,0.6875141241134627,2.0558072477878922e-4,0.011590184416973072
KIZ,IN-MGE,M,0.6875141241134627,2.0558072477878922e-4,0.011590184416973072
RALY,IN-MGE,M,0.6875141241134627,2.0558072477878922e-4,0.011590184416973072
UBE2V1,IN-MGE,M,0.6875141241134627,2.0558072477878922e-4,0.011590184416973072
LTN1,IN-MGE,M,0.6875141241134627,2.0558072477878922e-4,0.011590184416973072
SUN2,IN-MGE,M,0.6875141241134627,2.0558072477878922e-4,0.011590184416973072
SGSM3,IN-MGE,M,0.6875141241134627,2.0558072477878922e-4,0.011590184416973072
TAB3,IN-MGE,M,0.6875141241134627,2.0558072477878922e-4,0.011590184416973072
USP11,IN-MGE,M,0.6875141241134627,2.0558072477878922e-4,0.011590184416973072
MAGED2,IN-MGE,M,0.6875141241134627,2.0558072477878922e-4,0.011590184416973072
NAA10,IN-MGE,M,0.6875141241134627,2.0558072477878922e-4,0.011590184416973072
TMLHE-AS1,IN-MGE,M,0.6875141241134627,2.0558072477878922e-4,0.011590184416973072
FAAP20,L2/3,M,0.6874277483966101,2.8983266877191866e-4,0.04022463395884557
SETDB1,L2/3,M,0.6874277483966101,2.8983266877191866e-4,0.04022463395884557
PSMD4,L2/3,M,0.6874277483966101,2.8983266877191866e-4,0.04022463395884557
ANGEL2,L2/3,M,0.6874277483966101,2.8983266877191866e-4,0.04022463395884557
TSNAX,L2/3,M,0.6874277483966101,2.8983266877191866e-4,0.04022463395884557
FNDC4,L2/3,M,0.6874277483966101,2.8983266877191866e-4,0.04022463395884557
NFU1,L2/3,M,0.6874277483966101,2.8983266877191866e-4,0.04022463395884557
CNNM3,L2/3,M,0.6874277483966101,2.8983266877191866e-4,0.04022463395884557
RETREG2,L2/3,M,0.6874277483966101,2.8983266877191866e-4,0.04022463395884557
AC077690.1,L2/3,M,0.6884634831375579,2.813558472354174e-4,0.04022463395884557
FGD5-AS1,L2/3,M,0.6874277483966101,2.8983266877191866e-4,0.04022463395884557
NAA50,L2/3,M,0.6874277483966101,2.8983266877191866e-4,0.04022463395884557
TMEM44,L2/3,M,0.6874277483966101,2.8983266877191866e-4,0.04022463395884557
SKP2,L2/3,M,0.6874277483966101,2.8983266877191866e-4,0.04022463395884557
DNAJC18,L2/3,M,0.6874277483966101,2.8983266877191866e-4,0.04022463395884557
GPRIN1,L2/3,M,0.6874277483966101,2.8983266877191866e-4,0.04022463395884557
TAF11,L2/3,M,0.6874277483966101,2.8983266877191866e-4,0.04022463395884557
LRP11,L2/3,M,0.6874277483966101,2.8983266877191866e-4,0.04022463395884557
PDCD2,L2/3,M,0.6874277483966101,2.8983266877191866e-4,0.04022463395884557
PRKAR1B,L2/3,M,0.6874277483966101,2.8983266877191866e-4,0.04022463395884557
SNX10,L2/3,M,0.6874277483966101,2.8983266877191866e-4,0.04022463395884557
HERPUD2,L2/3,M,0.6874277483966101,2.8983266877191866e-4,0.04022463395884557
CASTOR2,L2/3,M,0.6874277483966101,2.8983266877191866e-4,0.04022463395884557
NDRG1,L2/3,M,0.6874277483966101,2.8983266877191866e-4,0.04022463395884557
TLN1,L2/3,M,0.6874277483966101,2.8983266877191866e-4,0.04022463395884557
AK1,L2/3,M,0.6874277483966101,2.8983266877191866e-4,0.04022463395884557
C9orf16,L2/3,M,0.6874277483966101,2.8983266877191866e-4,0.04022463395884557
NSMF,L2/3,M,0.6874277483966101,2.8983266877191866e-4,0.04022463395884557
EIF4EBP2,L2/3,M,0.6874277483966101,2.8983266877191866e-4,0.04022463395884557
MRPL43,L2/3,M,0.6874277483966101,2.8983266877191866e-4,0.04022463395884557
HBG2,L2/3,M,0.6874277483966101,2.8983266877191866e-4,0.04022463395884557
DKK3,L2/3,M,0.6874277483966101,2.8983266877191866e-4,0.04022463395884557
SAC3D1,L2/3,M,0.6874277483966101,2.8983266877191866e-4,0.04022463395884557
ERH,L2/3,M,0.6874277483966101,2.8983266877191866e-4,0.04022463395884557
COX16,L2/3,M,0.6874277483966101,2.8983266877191866e-4,0.04022463395884557
VRK1,L2/3,M,0.6874277483966101,2.8983266877191866e-4,0.04022463395884557
GRIN2A,L2/3,M,0.6874277483966101,2.8983266877191866e-4,0.04022463395884557
NTAN1,L2/3,M,0.6874277483966101,2.8983266877191866e-4,0.04022463395884557
TERF2,L2/3,M,0.6874277483966101,2.8983266877191866e-4,0.04022463395884557
PRPSAP1,L2/3,M,0.6874277483966101,2.8983266877191866e-4,0.04022463395884557
NPC1,L2/3,M,0.6874277483966101,2.8983266877191866e-4,0.04022463395884557
TIMM13,L2/3,M,0.6874277483966101,2.8983266877191866e-4,0.04022463395884557
RANBP3,L2/3,M,0.6874277483966101,2.8983266877191866e-4,0.04022463395884557
SLC25A23,L2/3,M,0.6874277483966101,2.8983266877191866e-4,0.04022463395884557
ZNF441,L2/3,M,0.6874277483966101,2.8983266877191866e-4,0.04022463395884557
DHPS,L2/3,M,0.6874277483966101,2.8983266877191866e-4,0.04022463395884557
LPAR2,L2/3,M,0.6874277483966101,2.8983266877191866e-4,0.04022463395884557
LIN7B,L2/3,M,0.6874277483966101,2.8983266877191866e-4,0.04022463395884557
EMC10,L2/3,M,0.6874277483966101,2.8983266877191866e-4,0.04022463395884557
C20orf27,L2/3,M,0.6874277483966101,2.8983266877191866e-4,0.04022463395884557
KIF3B,L2/3,M,0.6874277483966101,2.8983266877191866e-4,0.04022463395884557
MMP24OS,L2/3,M,0.6874277483966101,2.8983266877191866e-4,0.04022463395884557
CPNE1,L2/3,M,0.6884634831375579,2.813558472354174e-4,0.04022463395884557
WFDC2,L2/3,M,0.6874277483966101,2.8983266877191866e-4,0.04022463395884557
GABPA,L2/3,M,0.6874277483966101,2.8983266877191866e-4,0.04022463395884557
SYNGR1,L2/3,M,0.6874277483966101,2.8983266877191866e-4,0.04022463395884557
C1orf159,L4,M,0.6866156747908447,1.5046329856320117e-4,0.03245708297577625
PTPRF,L4,M,0.6866156747908447,1.5046329856320117e-4,0.03245708297577625
CNRIP1,L4,M,0.6866156747908447,1.5046329856320117e-4,0.03245708297577625
GNAI2,L4,M,0.6866156747908447,1.5046329856320117e-4,0.03245708297577625
SPCS1,L4,M,0.6866156747908447,1.5046329856320117e-4,0.03245708297577625
CYFIP2,L4,M,0.6866156747908447,1.5046329856320117e-4,0.03245708297577625
CCZ1,L4,M,0.6866156747908447,1.5046329856320117e-4,0.03245708297577625
GTF2IRD1,L4,M,0.6866156747908447,1.5046329856320117e-4,0.03245708297577625
BRI3,L4,M,0.6866156747908447,1.5046329856320117e-4,0.03245708297577625
SLC26A4,L4,M,0.6866156747908447,1.5046329856320117e-4,0.03245708297577625
TAF2,L4,M,0.6866156747908447,1.5046329856320117e-4,0.03245708297577625
DCTN3,L4,M,0.6866156747908447,1.5046329856320117e-4,0.03245708297577625
CHKA,L4,M,0.6866156747908447,1.5046329856320117e-4,0.03245708297577625
DCTN2,L4,M,0.6866156747908447,1.5046329856320117e-4,0.03245708297577625
LRRIQ1,L4,M,0.6866156747908447,1.5046329856320117e-4,0.03245708297577625
RAN,L4,M,0.6866156747908447,1.5046329856320117e-4,0.03245708297577625
COX10-AS1,L4,M,0.6866156747908447,1.5046329856320117e-4,0.03245708297577625
PIP4K2B,L4,M,0.6866156747908447,1.5046329856320117e-4,0.03245708297577625
NDUFB7,L4,M,0.6866156747908447,1.5046329856320117e-4,0.03245708297577625
ZNF780B,L4,M,0.6866156747908447,1.5046329856320117e-4,0.03245708297577625
SEPTIN3,L4,M,0.6866156747908447,1.5046329856320117e-4,0.03245708297577625
ACAP3,L6/SP,M,0.6875141241134627,2.0558072477878922e-4,0.04699446880490135
NFIA-AS2,L6/SP,M,0.6875141241134627,2.0558072477878922e-4,0.04699446880490135
ARL8A,L6/SP,M,0.6875141241134627,2.0558072477878922e-4,0.04699446880490135
PIK3C2B,L6/SP,M,0.6875141241134627,2.0558072477878922e-4,0.04699446880490135
RNF103,L6/SP,M,0.6875141241134627,2.0558072477878922e-4,0.04699446880490135
DPP4,L6/SP,M,0.6875141241134627,2.0558072477878922e-4,0.04699446880490135
GPD1L,L6/SP,M,0.6875141241134627,2.0558072477878922e-4,0.04699446880490135
HACD2,L6/SP,M,0.6875141241134627,2.0558072477878922e-4,0.04699446880490135
EIF2A,L6/SP,M,0.6875141241134627,2.0558072477878922e-4,0.04699446880490135
GFM1,L6/SP,M,0.6875141241134627,2.0558072477878922e-4,0.04699446880490135
PPP2CA,L6/SP,M,0.6875141241134627,2.0558072477878922e-4,0.04699446880490135
TAF7,L6/SP,M,0.6875141241134627,2.0558072477878922e-4,0.04699446880490135
CLINT1,L6/SP,M,0.6875141241134627,2.0558072477878922e-4,0.04699446880490135
CPLX2,L6/SP,M,0.6875141241134627,2.0558072477878922e-4,0.04699446880490135
PUS7,L6/SP,M,0.6875141241134627,2.0558072477878922e-4,0.04699446880490135
STMP1,L6/SP,M,0.6875141241134627,2.0558072477878922e-4,0.04699446880490135
SNHG7,L6/SP,M,0.6875141241134627,2.0558072477878922e-4,0.04699446880490135
PFKP,L6/SP,M,0.6875141241134627,2.0558072477878922e-4,0.04699446880490135
SLC35G1,L6/SP,M,0.6875141241134627,2.0558072477878922e-4,0.04699446880490135
TSPAN18,L6/SP,M,0.6875141241134627,2.0558072477878922e-4,0.04699446880490135
RSL24D1,L6/SP,M,0.6875141241134627,2.0558072477878922e-4,0.04699446880490135
ABHD2,L6/SP,M,0.6875141241134627,2.0558072477878922e-4,0.04699446880490135
SIAH1,L6/SP,M,0.6875141241134627,2.0558072477878922e-4,0.04699446880490135
TANGO6,L6/SP,M,0.6875141241134627,2.0558072477878922e-4,0.04699446880490135
SARM1,L6/SP,M,0.6875141241134627,2.0558072477878922e-4,0.04699446880490135
GDPD1,L6/SP,M,0.6875141241134627,2.0558072477878922e-4,0.04699446880490135
PIGN,L6/SP,M,0.6875141241134627,2.0558072477878922e-4,0.04699446880490135
SPPL2B,L6/SP,M,0.6875141241134627,2.0558072477878922e-4,0.04699446880490135
ZNF69,L6/SP,M,0.6875141241134627,2.0558072477878922e-4,0.04699446880490135
UQCC1,L6/SP,M,0.6875141241134627,2.0558072477878922e-4,0.04699446880490135
BACE2,L6/SP,M,0.6875141241134627,2.0558072477878922e-4,0.04699446880490135
AC011043.1,L6/SP,M,0.6875141241134627,2.0558072477878922e-4,0.04699446880490135
NOC2L,MG,M,0.8808420296632875,6.996340579193523e-5,8.097266243907473e-4
MIB2,MG,M,0.8808420296632875,6.996340579193523e-5,8.097266243907473e-4
PRDM16-DT,MG,M,0.8808420296632875,6.996340579193523e-5,8.097266243907473e-4
DFFB,MG,M,0.8808420296632875,6.996340579193523e-5,8.097266243907473e-4
NPHP4,MG,M,0.8808420296632875,6.996340579193523e-5,8.097266243907473e-4
ERRFI1,MG,M,0.8808420296632875,6.996340579193523e-5,8.097266243907473e-4
EXOSC10,MG,M,0.8808420296632875,6.996340579193523e-5,8.097266243907473e-4
DRAXIN,MG,M,0.8808420296632875,6.996340579193523e-5,8.097266243907473e-4
MTHFR,MG,M,0.8808420296632875,6.996340579193523e-5,8.097266243907473e-4
DNAJC16,MG,M,0.8808420296632875,6.996340579193523e-5,8.097266243907473e-4
MFAP2,MG,M,0.8808420296632875,6.996340579193523e-5,8.097266243907473e-4
VWA5B1,MG,M,0.8808420296632875,6.996340579193523e-5,8.097266243907473e-4
ECE1,MG,M,0.8808420296632875,6.996340579193523e-5,8.097266243907473e-4
LINC01355,MG,M,0.8808420296632875,6.996340579193523e-5,8.097266243907473e-4
ELOA,MG,M,0.8808420296632875,6.996340579193523e-5,8.097266243907473e-4
WDTC1,MG,M,0.8808420296632875,6.996340579193523e-5,8.097266243907473e-4
RCC1,MG,M,0.8808420296632875,6.996340579193523e-5,8.097266243907473e-4
LINC01715,MG,M,0.8808420296632875,6.996340579193523e-5,8.097266243907473e-4
AL451070.1,MG,M,0.8808420296632875,6.996340579193523e-5,8.097266243907473e-4
ADGRB2,MG,M,0.8808420296632875,6.996340579193523e-5,8.097266243907473e-4
AC004865.2,MG,M,0.8808420296632875,6.996340579193523e-5,8.097266243907473e-4
AL139286.3,MG,M,0.8808420296632875,6.996340579193523e-5,8.097266243907473e-4
GNL2,MG,M,0.8808420296632874,6.99634057919351e-5,8.097266243907473e-4
NFYC-AS1,MG,M,0.8808420296632875,6.996340579193523e-5,8.097266243907473e-4
SLFNL1,MG,M,0.8808420296632875,6.996340579193523e-5,8.097266243907473e-4
SLC2A1,MG,M,0.8808420296632875,6.996340579193523e-5,8.097266243907473e-4
PTPRF,MG,M,0.7751710408755929,0.0018528050697741362,0.020940500700614432
DMAP1,MG,M,0.8808420296632875,6.996340579193523e-5,8.097266243907473e-4
HECTD3,MG,M,0.8808420296632875,6.996340579193523e-5,8.097266243907473e-4
ATPAF1,MG,M,0.8808420296632875,6.996340579193523e-5,8.097266243907473e-4
ZFYVE9,MG,M,0.8808420296632875,6.996340579193523e-5,8.097266243907473e-4
AL606760.2,MG,M,0.8808420296632875,6.996340579193523e-5,8.097266243907473e-4
AL139294.1,MG,M,0.8808420296632875,6.996340579193523e-5,8.097266243907473e-4
LRRC40,MG,M,0.7331339076526423,0.004354120176921206,0.047358737051329244
TYW3,MG,M,0.8808420296632875,6.996340579193523e-5,8.097266243907473e-4
MSH4,MG,M,0.8808420296632875,6.996340579193523e-5,8.097266243907473e-4
CLCA4-AS1,MG,M,0.8808420296632875,6.996340579193523e-5,8.097266243907473e-4
GBP3,MG,M,0.8808420296632875,6.996340579193523e-5,8.097266243907473e-4
DR1,MG,M,0.8808420296632875,6.996340579193523e-5,8.097266243907473e-4
ARHGAP29,MG,M,0.8808420296632875,6.996340579193523e-5,8.097266243907473e-4
SASS6,MG,M,0.8808420296632875,6.996340579193523e-5,8.097266243907473e-4
AL445928.2,MG,M,0.8808420296632875,6.996340579193523e-5,8.097266243907473e-4
RTCA-AS1,MG,M,0.8808420296632875,6.996340579193523e-5,8.097266243907473e-4
GSTM4,MG,M,0.8808420296632875,6.996340579193523e-5,8.097266243907473e-4
GSTM5,MG,M,0.8808420296632875,6.996340579193523e-5,8.097266243907473e-4
AL355488.1,MG,M,0.8808420296632875,6.996340579193523e-5,8.097266243907473e-4
AL390195.1,MG,M,0.8808420296632875,6.996340579193523e-5,8.097266243907473e-4
AP4B1-AS1,MG,M,0.8808420296632875,6.996340579193523e-5,8.097266243907473e-4
AP4B1,MG,M,0.8808420296632875,6.996340579193523e-5,8.097266243907473e-4
ATP1A1-AS1,MG,M,0.8808420296632875,6.996340579193523e-5,8.097266243907473e-4
HIST2H2AC,MG,M,0.8808420296632875,6.996340579193523e-5,8.097266243907473e-4
ANP32E,MG,M,0.8808420296632875,6.996340579193523e-5,8.097266243907473e-4
PSMD4,MG,M,0.8808420296632875,6.996340579193523e-5,8.097266243907473e-4
SNAPIN,MG,M,0.8808420296632875,6.996340579193523e-5,8.097266243907473e-4
ATP8B2,MG,M,0.8808420296632875,6.996340579193523e-5,8.097266243907473e-4
TRIM46,MG,M,0.8808420296632875,6.996340579193523e-5,8.097266243907473e-4
LAMTOR2,MG,M,0.8808420296632875,6.996340579193523e-5,8.097266243907473e-4
TSACC,MG,M,0.8808420296632875,6.996340579193523e-5,8.097266243907473e-4
NAXE,MG,M,0.8808420296632875,6.996340579193523e-5,8.097266243907473e-4
AL590666.4,MG,M,0.8808420296632875,6.996340579193523e-5,8.097266243907473e-4
CADM3,MG,M,0.8808420296632875,6.996340579193523e-5,8.097266243907473e-4
NHLH1,MG,M,0.8808420296632875,6.996340579193523e-5,8.097266243907473e-4
VANGL2,MG,M,0.8808420296632875,6.996340579193523e-5,8.097266243907473e-4
AL592295.3,MG,M,0.8808420296632875,6.996340579193523e-5,8.097266243907473e-4
MRPS14,MG,M,0.8808420296632875,6.996340579193523e-5,8.097266243907473e-4
FAM20B,MG,M,0.8808420296632875,6.996340579193523e-5,8.097266243907473e-4
LHX4,MG,M,0.8808420296632875,6.996340579193523e-5,8.097266243907473e-4
RO60,MG,M,0.8808420296632875,6.996340579193523e-5,8.097266243907473e-4
AL136456.1,MG,M,0.8808420296632875,6.996340579193523e-5,8.097266243907473e-4
CRB1,MG,M,0.7960751609143453,0.0011312416217190864,0.01291156528165457
LINC01222,MG,M,0.8808420296632875,6.996340579193523e-5,8.097266243907473e-4
TIMM17A,MG,M,0.8808420296632875,6.996340579193523e-5,8.097266243907473e-4
KDM5B,MG,M,0.7491641077783104,0.00320357629282737,0.0351087669172228
TMCC2,MG,M,0.8808420296632874,6.99634057919351e-5,8.097266243907473e-4
AC119673.2,MG,M,0.8808420296632875,6.996340579193523e-5,8.097266243907473e-4
TRAF3IP3,MG,M,0.8808420296632875,6.996340579193523e-5,8.097266243907473e-4
KCNH1-IT1,MG,M,0.8808420296632875,6.996340579193523e-5,8.097266243907473e-4
AC096639.1,MG,M,0.8808420296632875,6.996340579193523e-5,8.097266243907473e-4
SMYD2,MG,M,0.8808420296632875,6.996340579193523e-5,8.097266243907473e-4
MARC1,MG,M,0.8808420296632875,6.996340579193523e-5,8.097266243907473e-4
AL591895.1,MG,M,0.8808420296632875,6.996340579193523e-5,8.097266243907473e-4
PYCR2,MG,M,0.8808420296632875,6.996340579193523e-5,8.097266243907473e-4
PARP1,MG,M,0.768151165467849,0.0021622732094209287,0.024342943376168234
COQ8A,MG,M,0.8808420296632875,6.996340579193523e-5,8.097266243907473e-4
HIST3H2A,MG,M,0.8808420296632875,6.996340579193523e-5,8.097266243907473e-4
RNF187,MG,M,0.8808420296632875,6.996340579193523e-5,8.097266243907473e-4
C1orf131,MG,M,0.8808420296632875,6.996340579193523e-5,8.097266243907473e-4
NTPCR,MG,M,0.8808420296632875,6.996340579193523e-5,8.097266243907473e-4
AL391832.4,MG,M,0.8808420296632875,6.996340579193523e-5,8.097266243907473e-4
CHML,MG,M,0.7538103158205997,0.002918904672720954,0.032049739625830645
AL606534.2,MG,M,0.8808420296632875,6.996340579193523e-5,8.097266243907473e-4
OR2C3,MG,M,0.8808420296632875,6.996340579193523e-5,8.097266243907473e-4
TRIM58,MG,M,0.8808420296632875,6.996340579193523e-5,8.097266243907473e-4
ZNF672,MG,M,0.8808420296632875,6.996340579193523e-5,8.097266243907473e-4
AC010729.2,MG,M,0.8808420296632875,6.996340579193523e-5,8.097266243907473e-4
AC080162.1,MG,M,0.8808420296632875,6.996340579193523e-5,8.097266243907473e-4
AC010969.2,MG,M,0.8808420296632875,6.996340579193523e-5,8.097266243907473e-4
LINC00276,MG,M,0.8808420296632875,6.996340579193523e-5,8.097266243907473e-4
AC068286.2,MG,M,0.8808420296632874,6.99634057919351e-5,8.097266243907473e-4
MYCN,MG,M,0.8808420296632875,6.996340579193523e-5,8.097266243907473e-4
VSNL1,MG,M,0.8808420296632875,6.996340579193523e-5,8.097266243907473e-4
TP53I3,MG,M,0.8808420296632875,6.996340579193523e-5,8.097266243907473e-4
EIF2B4,MG,M,0.8808420296632875,6.996340579193523e-5,8.097266243907473e-4
AC007391.3,MG,M,0.8808420296632875,6.996340579193523e-5,8.097266243907473e-4
CDC42EP3,MG,M,0.8808420296632875,6.996340579193523e-5,8.097266243907473e-4
TMEM178A,MG,M,0.8808420296632874,6.99634057919351e-5,8.097266243907473e-4
SOCS5,MG,M,0.8808420296632875,6.996340579193523e-5,8.097266243907473e-4
AC093732.1,MG,M,0.8808420296632875,6.996340579193523e-5,8.097266243907473e-4
EML6,MG,M,0.8808420296632875,6.996340579193523e-5,8.097266243907473e-4
AC018462.1,MG,M,0.8808420296632875,6.996340579193523e-5,8.097266243907473e-4
SPRED2,MG,M,0.7550000261435666,0.0028492747027384557,0.03189091395262539
SMYD5,MG,M,0.8808420296632875,6.996340579193523e-5,8.097266243907473e-4
CCT7,MG,M,0.8808420296632875,6.996340579193523e-5,8.097266243907473e-4
CAPG,MG,M,0.8808420296632875,6.996340579193523e-5,8.097266243907473e-4
ZNF2,MG,M,0.8808420296632875,6.996340579193523e-5,8.097266243907473e-4
CNNM3,MG,M,0.8808420296632875,6.996340579193523e-5,8.097266243907473e-4
KIAA1211L,MG,M,0.8808420296632875,6.996340579193523e-5,8.097266243907473e-4
CHST10,MG,M,0.8808420296632875,6.996340579193523e-5,8.097266243907473e-4
MFSD9,MG,M,0.8808420296632875,6.996340579193523e-5,8.097266243907473e-4
AC013727.2,MG,M,0.8808420296632874,6.99634057919351e-5,8.097266243907473e-4
DPP10-AS3,MG,M,0.8808420296632875,6.996340579193523e-5,8.097266243907473e-4
DPP10-AS1,MG,M,0.8808420296632875,6.996340579193523e-5,8.097266243907473e-4
TMEM177,MG,M,0.8808420296632875,6.996340579193523e-5,8.097266243907473e-4
GLI2,MG,M,0.8808420296632875,6.996340579193523e-5,8.097266243907473e-4
NIFK,MG,M,0.8808420296632875,6.996340579193523e-5,8.097266243907473e-4
CYP27C1,MG,M,0.8808420296632875,6.996340579193523e-5,8.097266243907473e-4
SFT2D3,MG,M,0.8808420296632875,6.996340579193523e-5,8.097266243907473e-4
SMPD4,MG,M,0.8808420296632875,6.996340579193523e-5,8.097266243907473e-4
GPR39,MG,M,0.7546703335528838,0.0028684399418827497,0.032049739625830645
LYPD1,MG,M,0.8808420296632875,6.996340579193523e-5,8.097266243907473e-4
AC105402.3,MG,M,0.8808420296632875,6.996340579193523e-5,8.097266243907473e-4
NMI,MG,M,0.8808420296632875,6.996340579193523e-5,8.097266243907473e-4
LINC01876,MG,M,0.8808420296632874,6.99634057919351e-5,8.097266243907473e-4
ACVR1C,MG,M,0.8808420296632875,6.996340579193523e-5,8.097266243907473e-4
AC009506.1,MG,M,0.8808420296632875,6.996340579193523e-5,8.097266243907473e-4
FIGN,MG,M,0.8808420296632874,6.99634057919351e-5,8.097266243907473e-4
NOSTRIN,MG,M,0.8808420296632875,6.996340579193523e-5,8.097266243907473e-4
LNPK,MG,M,0.7960751609143453,0.0011312416217190864,0.01291156528165457
PDE11A,MG,M,0.8808420296632875,6.996340579193523e-5,8.097266243907473e-4
AC068196.1,MG,M,0.8808420296632875,6.996340579193523e-5,8.097266243907473e-4
FRZB,MG,M,0.8808420296632875,6.996340579193523e-5,8.097266243907473e-4
ZC3H15,MG,M,0.8808420296632875,6.996340579193523e-5,8.097266243907473e-4
LINC01090,MG,M,0.8808420296632875,6.996340579193523e-5,8.097266243907473e-4
NAB1,MG,M,0.8808420296632875,6.996340579193523e-5,8.097266243907473e-4
MYO1B,MG,M,0.8808420296632875,6.996340579193523e-5,8.097266243907473e-4
C2orf66,MG,M,0.8808420296632875,6.996340579193523e-5,8.097266243907473e-4
RFTN2,MG,M,0.7538103158205997,0.002918904672720954,0.032049739625830645
PARD3B,MG,M,0.8808420296632874,6.99634057919351e-5,8.097266243907473e-4
AC006994.2,MG,M,0.8808420296632875,6.996340579193523e-5,8.097266243907473e-4
AC093865.1,MG,M,0.8808420296632875,6.996340579193523e-5,8.097266243907473e-4
STK36,MG,M,0.8808420296632875,6.996340579193523e-5,8.097266243907473e-4
ZFAND2B,MG,M,0.8808420296632875,6.996340579193523e-5,8.097266243907473e-4
CHPF,MG,M,0.8808420296632875,6.996340579193523e-5,8.097266243907473e-4
SERPINE2,MG,M,0.8808420296632874,6.996340579193523e-5,8.097266243907473e-4
SLC16A14,MG,M,0.8808420296632875,6.996340579193523e-5,8.097266243907473e-4
ITM2C,MG,M,0.8808420296632875,6.996340579193523e-5,8.097266243907473e-4
HTR2B,MG,M,0.8808420296632875,6.996340579193523e-5,8.097266243907473e-4
COPS7B,MG,M,0.8808420296632875,6.996340579193523e-5,8.097266243907473e-4
COPS8,MG,M,0.8808420296632875,6.996340579193523e-5,8.097266243907473e-4
HES6,MG,M,0.8808420296632875,6.996340579193523e-5,8.097266243907473e-4
GPC1,MG,M,0.8808420296632875,6.996340579193523e-5,8.097266243907473e-4
ING5,MG,M,0.8808420296632874,6.99634057919351e-5,8.097266243907473e-4
SSUH2,MG,M,0.8808420296632875,6.996340579193523e-5,8.097266243907473e-4
AC027128.1,MG,M,0.8808420296632875,6.996340579193523e-5,8.097266243907473e-4
MKRN2,MG,M,0.8808420296632875,6.996340579193523e-5,8.097266243907473e-4
TMEM43,MG,M,0.8808420296632875,6.996340579193523e-5,8.097266243907473e-4
NKIRAS1,MG,M,0.8808420296632875,6.996340579193523e-5,8.097266243907473e-4
GLB1,MG,M,0.8808420296632875,6.996340579193523e-5,8.097266243907473e-4
SLC25A38,MG,M,0.8808420296632875,6.996340579193523e-5,8.097266243907473e-4
KRBOX1,MG,M,0.8808420296632875,6.996340579193523e-5,8.097266243907473e-4
ZNF662,MG,M,0.8808420296632875,6.996340579193523e-5,8.097266243907473e-4
ZNF852,MG,M,0.8808420296632875,6.996340579193523e-5,8.097266243907473e-4
ZKSCAN7,MG,M,0.8808420296632875,6.996340579193523e-5,8.097266243907473e-4
TMEM42,MG,M,0.8808420296632875,6.996340579193523e-5,8.097266243907473e-4
LIMD1-AS1,MG,M,0.8808420296632874,6.99634057919351e-5,8.097266243907473e-4
NDUFAF3,MG,M,0.8808420296632875,6.996340579193523e-5,8.097266243907473e-4
IMPDH2,MG,M,0.8808420296632875,6.996340579193523e-5,8.097266243907473e-4
HEMK1,MG,M,0.8808420296632875,6.996340579193523e-5,8.097266243907473e-4
ALAS1,MG,M,0.8808420296632875,6.996340579193523e-5,8.097266243907473e-4
NT5DC2,MG,M,0.8808420296632875,6.996340579193523e-5,8.097266243907473e-4
GLT8D1,MG,M,0.8808420296632875,6.996340579193523e-5,8.097266243907473e-4
PXK,MG,M,0.8808420296632875,6.996340579193523e-5,8.097266243907473e-4
C3orf14,MG,M,0.8808420296632875,6.996340579193523e-5,8.097266243907473e-4
SUCLG2-AS1,MG,M,0.8808420296632875,6.996340579193523e-5,8.097266243907473e-4
LINC00877,MG,M,0.8808420296632875,6.996340579193523e-5,8.097266243907473e-4
PDZRN3,MG,M,0.8808420296632875,6.996340579193523e-5,8.097266243907473e-4
CADM2-AS1,MG,M,0.8808420296632875,6.996340579193523e-5,8.097266243907473e-4
AC107204.1,MG,M,0.8808420296632875,6.996340579193523e-5,8.097266243907473e-4
GABRR3,MG,M,0.8808420296632875,6.996340579193523e-5,8.097266243907473e-4
AC117473.1,MG,M,0.8808420296632875,6.996340579193523e-5,8.097266243907473e-4
CLDND1,MG,M,0.8808420296632875,6.996340579193523e-5,8.097266243907473e-4
PCNP,MG,M,0.8808420296632875,6.996340579193523e-5,8.097266243907473e-4
CD96,MG,M,0.8808420296632875,6.996340579193523e-5,8.097266243907473e-4
BOC,MG,M,0.8808420296632875,6.996340579193523e-5,8.097266243907473e-4
CFAP44,MG,M,0.8808420296632875,6.996340579193523e-5,8.097266243907473e-4
CFAP44-AS1,MG,M,0.8808420296632875,6.996340579193523e-5,8.097266243907473e-4
GRAMD1C,MG,M,0.8808420296632875,6.996340579193523e-5,8.097266243907473e-4
ZBTB20-AS5,MG,M,0.8808420296632874,6.996340579193523e-5,8.097266243907473e-4
SEMA5B,MG,M,0.8197808973189811,6.01908934924452e-4,0.006924647866265189
SLC41A3,MG,M,0.8808420296632875,6.996340579193523e-5,8.097266243907473e-4
CFAP100,MG,M,0.8808420296632875,6.996340579193523e-5,8.097266243907473e-4
EEFSEC,MG,M,0.7388734912968856,0.003910600120506471,0.0426148525855757
AL449214.1,MG,M,0.8808420296632875,6.996340579193523e-5,8.097266243907473e-4
BFSP2,MG,M,0.8808420296632875,6.996340579193523e-5,8.097266243907473e-4
AC016931.1,MG,M,0.8808420296632875,6.996340579193523e-5,8.097266243907473e-4
AC092969.1,MG,M,0.8808420296632874,6.99634057919351e-5,8.097266243907473e-4
NMNAT3,MG,M,0.8808420296632875,6.996340579193523e-5,8.097266243907473e-4
AC108727.2,MG,M,0.8808420296632875,6.996340579193523e-5,8.097266243907473e-4
CHST2,MG,M,0.8808420296632875,6.996340579193523e-5,8.097266243907473e-4
PLOD2,MG,M,0.8808420296632875,6.996340579193523e-5,8.097266243907473e-4
ZMAT3,MG,M,0.8808420296632875,6.996340579193523e-5,8.097266243907473e-4
ZNF639,MG,M,0.8808420296632875,6.996340579193523e-5,8.097266243907473e-4
CLCN2,MG,M,0.8808420296632875,6.996340579193523e-5,8.097266243907473e-4
EHHADH-AS1,MG,M,0.8808420296632875,6.996340579193523e-5,8.097266243907473e-4
TBCCD1,MG,M,0.8808420296632875,6.996340579193523e-5,8.097266243907473e-4
TMEM44,MG,M,0.8808420296632875,6.996340579193523e-5,8.097266243907473e-4
SLC51A,MG,M,0.8808420296632875,6.996340579193523e-5,8.097266243907473e-4
AC092574.2,MG,M,0.8808420296632875,6.996340579193523e-5,8.097266243907473e-4
LETM1,MG,M,0.8808420296632875,6.996340579193523e-5,8.097266243907473e-4
MXD4,MG,M,0.8808420296632875,6.996340579193523e-5,8.097266243907473e-4
EVC2,MG,M,0.8808420296632875,6.996340579193523e-5,8.097266243907473e-4
MRFAP1,MG,M,0.8808420296632875,6.996340579193523e-5,8.097266243907473e-4
LINC02482,MG,M,0.8808420296632875,6.996340579193523e-5,8.097266243907473e-4
AC108519.1,MG,M,0.8808420296632875,6.996340579193523e-5,8.097266243907473e-4
AC105916.1,MG,M,0.8808420296632875,6.996340579193523e-5,8.097266243907473e-4
MED28,MG,M,0.7538103158205997,0.002918904672720954,0.032049739625830645
DCAF16,MG,M,0.8808420296632875,6.996340579193523e-5,8.097266243907473e-4
AC110296.1,MG,M,0.8808420296632875,6.996340579193523e-5,8.097266243907473e-4
ADGRA3,MG,M,0.7423724938486348,0.0036578916491225083,0.03997404843776412
SEPSECS,MG,M,0.8808420296632875,6.996340579193523e-5,8.097266243907473e-4
AC092436.3,MG,M,0.8808420296632875,6.996340579193523e-5,8.097266243907473e-4
RELL1,MG,M,0.8808420296632875,6.996340579193523e-5,8.097266243907473e-4
SMIM14,MG,M,0.8808420296632875,6.996340579193523e-5,8.097266243907473e-4
AC097522.2,MG,M,0.8808420296632875,6.996340579193523e-5,8.097266243907473e-4
SRD5A3,MG,M,0.8808420296632875,6.996340579193523e-5,8.097266243907473e-4
NOA1,MG,M,0.8808420296632875,6.996340579193523e-5,8.097266243907473e-4
AC104806.2,MG,M,0.8808420296632875,6.996340579193523e-5,8.097266243907473e-4
AC053527.2,MG,M,0.8808420296632874,6.99634057919351e-5,8.097266243907473e-4
ANTXR2,MG,M,0.8296345584706776,4.5077380532933524e-4,0.005201443849518737
AC021127.1,MG,M,0.8808420296632875,6.996340579193523e-5,8.097266243907473e-4
CFAP299,MG,M,0.8808420296632875,6.996340579193523e-5,8.097266243907473e-4
NUDT9,MG,M,0.8808420296632875,6.996340579193523e-5,8.097266243907473e-4
AC112250.2,MG,M,0.8808420296632875,6.996340579193523e-5,8.097266243907473e-4
SPARCL1,MG,M,0.8808420296632875,6.996340579193523e-5,8.097266243907473e-4
PYURF,MG,M,0.8808420296632875,6.996340579193523e-5,8.097266243907473e-4
ADH5,MG,M,0.8808420296632875,6.996340579193523e-5,8.097266243907473e-4
MTTP,MG,M,0.8808420296632875,6.996340579193523e-5,8.097266243907473e-4
AP001816.1,MG,M,0.8808420296632875,6.996340579193523e-5,8.097266243907473e-4
AC096564.2,MG,M,0.8808420296632875,6.996340579193523e-5,8.097266243907473e-4
AC109347.1,MG,M,0.8808420296632875,6.996340579193523e-5,8.097266243907473e-4
ANXA5,MG,M,0.8808420296632875,6.996340579193523e-5,8.097266243907473e-4
EXOSC9,MG,M,0.8808420296632875,6.996340579193523e-5,8.097266243907473e-4
BBS7,MG,M,0.8808420296632875,6.996340579193523e-5,8.097266243907473e-4
AC104664.1,MG,M,0.8808420296632875,6.996340579193523e-5,8.097266243907473e-4
HSPA4L,MG,M,0.8808420296632875,6.996340579193523e-5,8.097266243907473e-4
SNHG27,MG,M,0.8808420296632875,6.996340579193523e-5,8.097266243907473e-4
AC131182.1,MG,M,0.8808420296632875,6.996340579193523e-5,8.097266243907473e-4
HHIP-AS1,MG,M,0.8808420296632875,6.996340579193523e-5,8.097266243907473e-4
AC093835.1,MG,M,0.8808420296632875,6.996340579193523e-5,8.097266243907473e-4
MIR4453HG,MG,M,0.8808420296632875,6.996340579193523e-5,8.097266243907473e-4
PRIMPOL,MG,M,0.8808420296632875,6.996340579193523e-5,8.097266243907473e-4
PDLIM3,MG,M,0.8808420296632875,6.996340579193523e-5,8.097266243907473e-4
FAT1,MG,M,0.8808420296632875,6.996340579193523e-5,8.097266243907473e-4
EXOC3-AS1,MG,M,0.8808420296632875,6.996340579193523e-5,8.097266243907473e-4
AC026412.3,MG,M,0.8808420296632875,6.996340579193523e-5,8.097266243907473e-4
FASTKD3,MG,M,0.8808420296632875,6.996340579193523e-5,8.097266243907473e-4
CDH18,MG,M,0.8808420296632873,6.99634057919351e-5,8.097266243907473e-4
NPR3,MG,M,0.8808420296632875,6.996340579193523e-5,8.097266243907473e-4
AMACR,MG,M,0.8808420296632875,6.996340579193523e-5,8.097266243907473e-4
DNAJC21,MG,M,0.8808420296632875,6.996340579193523e-5,8.097266243907473e-4
LMBRD2,MG,M,0.8808420296632875,6.996340579193523e-5,8.097266243907473e-4
AC034222.2,MG,M,0.8808420296632875,6.996340579193523e-5,8.097266243907473e-4
GHR,MG,M,0.8808420296632875,6.996340579193523e-5,8.097266243907473e-4
CCDC152,MG,M,0.8808420296632875,6.996340579193523e-5,8.097266243907473e-4
AC025171.2,MG,M,0.8808420296632875,6.996340579193523e-5,8.097266243907473e-4
NNT,MG,M,0.7751710408755929,0.0018528050697741362,0.020940500700614432
AC122694.1,MG,M,0.8808420296632875,6.996340579193523e-5,8.097266243907473e-4
ITGA2,MG,M,0.8808420296632875,6.996340579193523e-5,8.097266243907473e-4
AC112206.2,MG,M,0.8808420296632875,6.996340579193523e-5,8.097266243907473e-4
AC025188.1,MG,M,0.8808420296632875,6.996340579193523e-5,8.097266243907473e-4
ZBED3-AS1,MG,M,0.8808420296632875,6.996340579193523e-5,8.097266243907473e-4
SCAMP1-AS1,MG,M,0.8808420296632875,6.996340579193523e-5,8.097266243907473e-4
CKMT2,MG,M,0.8808420296632875,6.996340579193523e-5,8.097266243907473e-4
VCAN-AS1,MG,M,0.8808420296632875,6.996340579193523e-5,8.097266243907473e-4
AC020930.1,MG,M,0.8808420296632875,6.996340579193523e-5,8.097266243907473e-4
ADGRV1,MG,M,0.7324930640293567,0.004405950178740655,0.04783248447568024
LUCAT1,MG,M,0.8808420296632875,6.996340579193523e-5,8.097266243907473e-4
ARRDC3-AS1,MG,M,0.8808420296632875,6.996340579193523e-5,8.097266243907473e-4
NR2F1,MG,M,0.8307591105979777,4.3564638498861253e-4,0.005031911591646692
LINC02062,MG,M,0.7960751609143453,0.0011312416217190864,0.01291156528165457
AC093535.1,MG,M,0.8808420296632875,6.996340579193523e-5,8.097266243907473e-4
LMNB1,MG,M,0.8808420296632874,6.99634057919351e-5,8.097266243907473e-4
MEGF10,MG,M,0.8808420296632875,6.996340579193523e-5,8.097266243907473e-4
PRRC1,MG,M,0.8808420296632875,6.996340579193523e-5,8.097266243907473e-4
HINT1,MG,M,0.7615047651223659,0.0024910611889081107,0.027935644487056814
SLC22A4,MG,M,0.8808420296632875,6.996340579193523e-5,8.097266243907473e-4
MIR3936HG,MG,M,0.8808420296632875,6.996340579193523e-5,8.097266243907473e-4
TH2LCRR,MG,M,0.8808420296632875,6.996340579193523e-5,8.097266243907473e-4
NEUROG1,MG,M,0.8808420296632875,6.996340579193523e-5,8.097266243907473e-4
PSD2,MG,M,0.8808420296632875,6.996340579193523e-5,8.097266243907473e-4
AC244517.11,MG,M,0.8808420296632875,6.996340579193523e-5,8.097266243907473e-4
ARAP3,MG,M,0.8808420296632875,6.996340579193523e-5,8.097266243907473e-4
MARCOL,MG,M,0.8808420296632875,6.996340579193523e-5,8.097266243907473e-4
SPINK13,MG,M,0.8808420296632875,6.996340579193523e-5,8.097266243907473e-4
SPINK9,MG,M,0.8808420296632874,6.99634057919351e-5,8.097266243907473e-4
TCOF1,MG,M,0.8808420296632875,6.996340579193523e-5,8.097266243907473e-4
GEMIN5,MG,M,0.8808420296632875,6.996340579193523e-5,8.097266243907473e-4
MRPL22,MG,M,0.8808420296632875,6.996340579193523e-5,8.097266243907473e-4
CYFIP2,MG,M,0.8808420296632875,6.996340579193523e-5,8.097266243907473e-4
GABRA1,MG,M,0.8808420296632874,6.99634057919351e-5,8.097266243907473e-4
NUDCD2,MG,M,0.8808420296632875,6.996340579193523e-5,8.097266243907473e-4
NPM1,MG,M,0.8808420296632875,6.996340579193523e-5,8.097266243907473e-4
B4GALT7,MG,M,0.8808420296632875,6.996340579193523e-5,8.097266243907473e-4
AC136604.2,MG,M,0.8808420296632875,6.996340579193523e-5,8.097266243907473e-4
GFPT2,MG,M,0.8808420296632875,6.996340579193523e-5,8.097266243907473e-4
PXDC1,MG,M,0.8808420296632875,6.996340579193523e-5,8.097266243907473e-4
AL139095.4,MG,M,0.8808420296632875,6.996340579193523e-5,8.097266243907473e-4
TMEM14C,MG,M,0.8808420296632875,6.996340579193523e-5,8.097266243907473e-4
RNF182,MG,M,0.8808420296632874,6.996340579193523e-5,8.097266243907473e-4
AL451080.1,MG,M,0.8808420296632875,6.996340579193523e-5,8.097266243907473e-4
CASC15,MG,M,0.7794458662742529,0.00168205135243939,0.019122790301774068
MRS2,MG,M,0.8808420296632875,6.996340579193523e-5,8.097266243907473e-4
RIPOR2,MG,M,0.8808420296632875,6.996340579193523e-5,8.097266243907473e-4
HIST1H2BD,MG,M,0.8808420296632875,6.996340579193523e-5,8.097266243907473e-4
HIST1H2AE,MG,M,0.8808420296632875,6.996340579193523e-5,8.097266243907473e-4
BTN2A2,MG,M,0.8808420296632875,6.996340579193523e-5,8.097266243907473e-4
HCG11,MG,M,0.8808420296632875,6.996340579193523e-5,8.097266243907473e-4
ZBED9,MG,M,0.8808420296632875,6.996340579193523e-5,8.097266243907473e-4
TRIM39,MG,M,0.8808420296632875,6.996340579193523e-5,8.097266243907473e-4
NRM,MG,M,0.8808420296632875,6.996340579193523e-5,8.097266243907473e-4
MDC1,MG,M,0.8808420296632875,6.996340579193523e-5,8.097266243907473e-4
MDC1-AS1,MG,M,0.8808420296632875,6.996340579193523e-5,8.097266243907473e-4
AL662884.5,MG,M,0.8808420296632875,6.996340579193523e-5,8.097266243907473e-4
RNF5,MG,M,0.8808420296632875,6.996340579193523e-5,8.097266243907473e-4
HCG25,MG,M,0.8808420296632875,6.996340579193523e-5,8.097266243907473e-4
SNRPC,MG,M,0.8808420296632875,6.996340579193523e-5,8.097266243907473e-4
TBC1D22B,MG,M,0.8808420296632875,6.996340579193523e-5,8.097266243907473e-4
RNF8,MG,M,0.8808420296632875,6.996340579193523e-5,8.097266243907473e-4
CCDC167,MG,M,0.8808420296632875,6.996340579193523e-5,8.097266243907473e-4
GLO1,MG,M,0.8808420296632875,6.996340579193523e-5,8.097266243907473e-4
DNAH8,MG,M,0.8808420296632875,6.996340579193523e-5,8.097266243907473e-4
APOBEC2,MG,M,0.8808420296632875,6.996340579193523e-5,8.097266243907473e-4
RRP36,MG,M,0.8808420296632875,6.996340579193523e-5,8.097266243907473e-4
CUL9,MG,M,0.8808420296632875,6.996340579193523e-5,8.097266243907473e-4
ZNF318,MG,M,0.8808420296632875,6.996340579193523e-5,8.097266243907473e-4
LRRC1,MG,M,0.8808420296632875,6.996340579193523e-5,8.097266243907473e-4
MLIP,MG,M,0.8808420296632875,6.996340579193523e-5,8.097266243907473e-4
MYO6,MG,M,0.8808420296632875,6.996340579193523e-5,8.097266243907473e-4
SRSF12,MG,M,0.8808420296632874,6.99634057919351e-5,8.097266243907473e-4
MANEA,MG,M,0.8808420296632875,6.996340579193523e-5,8.097266243907473e-4
AL034348.1,MG,M,0.8808420296632875,6.996340579193523e-5,8.097266243907473e-4
NR2E1,MG,M,0.8808420296632875,6.996340579193523e-5,8.097266243907473e-4
ZUP1,MG,M,0.8808420296632875,6.996340579193523e-5,8.097266243907473e-4
TRDN-AS1,MG,M,0.8808420296632875,6.996340579193523e-5,8.097266243907473e-4
NCOA7-AS1,MG,M,0.8808420296632875,6.996340579193523e-5,8.097266243907473e-4
C6orf58,MG,M,0.8808420296632875,6.996340579193523e-5,8.097266243907473e-4
SF3B5,MG,M,0.8808420296632875,6.996340579193523e-5,8.097266243907473e-4
STXBP5-AS1,MG,M,0.8808420296632875,6.996340579193523e-5,8.097266243907473e-4
KATNA1,MG,M,0.8808420296632875,6.996340579193523e-5,8.097266243907473e-4
AL358852.1,MG,M,0.8808420296632875,6.996340579193523e-5,8.097266243907473e-4
AL450344.3,MG,M,0.8808420296632875,6.996340579193523e-5,8.097266243907473e-4
FBXO5,MG,M,0.8808420296632875,6.996340579193523e-5,8.097266243907473e-4
AL049820.1,MG,M,0.8808420296632875,6.996340579193523e-5,8.097266243907473e-4
DYNLT1,MG,M,0.8808420296632875,6.996340579193523e-5,8.097266243907473e-4
PHF10,MG,M,0.8808420296632875,6.996340579193523e-5,8.097266243907473e-4
INTS1,MG,M,0.8808420296632875,6.996340579193523e-5,8.097266243907473e-4
LFNG,MG,M,0.8808420296632875,6.996340579193523e-5,8.097266243907473e-4
FOXK1,MG,M,0.8808420296632875,6.996340579193523e-5,8.097266243907473e-4
AC093620.1,MG,M,0.8808420296632875,6.996340579193523e-5,8.097266243907473e-4
ZNF853,MG,M,0.8808420296632875,6.996340579193523e-5,8.097266243907473e-4
ZNF316,MG,M,0.8808420296632875,6.996340579193523e-5,8.097266243907473e-4
TMEM196,MG,M,0.8808420296632874,6.99634057919351e-5,8.097266243907473e-4
KLHL7,MG,M,0.7383842274171897,0.003946984389750333,0.04297084135055871
AC003044.1,MG,M,0.8808420296632875,6.996340579193523e-5,8.097266243907473e-4
ITPRID1,MG,M,0.8808420296632875,6.996340579193523e-5,8.097266243907473e-4
PPP1R17,MG,M,0.8808420296632875,6.996340579193523e-5,8.097266243907473e-4
NPSR1,MG,M,0.8808420296632875,6.996340579193523e-5,8.097266243907473e-4
SFRP4,MG,M,0.8808420296632875,6.996340579193523e-5,8.097266243907473e-4
GLI3,MG,M,0.8808420296632874,6.99634057919351e-5,8.097266243907473e-4
MRPL32,MG,M,0.8808420296632875,6.996340579193523e-5,8.097266243907473e-4
SPDYE1,MG,M,0.8808420296632875,6.996340579193523e-5,8.097266243907473e-4
ZNF107,MG,M,0.8808420296632875,6.996340579193523e-5,8.097266243907473e-4
ZNF138,MG,M,0.7727597694041178,0.0019549197656878463,0.022051494956958906
ZNF273,MG,M,0.8808420296632875,6.996340579193523e-5,8.097266243907473e-4
RFC2,MG,M,0.8808420296632875,6.996340579193523e-5,8.097266243907473e-4
STYXL1,MG,M,0.8808420296632875,6.996340579193523e-5,8.097266243907473e-4
APTR,MG,M,0.8808420296632875,6.996340579193523e-5,8.097266243907473e-4
AC079760.2,MG,M,0.8808420296632875,6.996340579193523e-5,8.097266243907473e-4
COL1A2,MG,M,0.8808420296632875,6.996340579193523e-5,8.097266243907473e-4
DLX6-AS1,MG,M,0.8808420296632875,6.996340579193523e-5,8.097266243907473e-4
MBLAC1,MG,M,0.8808420296632875,6.996340579193523e-5,8.097266243907473e-4
MEPCE,MG,M,0.8808420296632875,6.996340579193523e-5,8.097266243907473e-4
LRWD1,MG,M,0.8808420296632875,6.996340579193523e-5,8.097266243907473e-4
RASA4,MG,M,0.8808420296632875,6.996340579193523e-5,8.097266243907473e-4
FBXL13,MG,M,0.8808420296632875,6.996340579193523e-5,8.097266243907473e-4
AC007384.1,MG,M,0.8808420296632875,6.996340579193523e-5,8.097266243907473e-4
AC073114.1,MG,M,0.8808420296632874,6.99634057919351e-5,8.097266243907473e-4
AC002066.1,MG,M,0.8808420296632874,6.99634057919351e-5,8.097266243907473e-4
ST7-AS1,MG,M,0.8808420296632875,6.996340579193523e-5,8.097266243907473e-4
LINC02476,MG,M,0.8808420296632875,6.996340579193523e-5,8.097266243907473e-4
AC006333.2,MG,M,0.8808420296632875,6.996340579193523e-5,8.097266243907473e-4
POT1-AS1,MG,M,0.8808420296632875,6.996340579193523e-5,8.097266243907473e-4
HILPDA,MG,M,0.8808420296632875,6.996340579193523e-5,8.097266243907473e-4
SMO,MG,M,0.8808420296632875,6.996340579193523e-5,8.097266243907473e-4
MEST,MG,M,0.8808420296632874,6.996340579193523e-5,8.097266243907473e-4
AC016831.7,MG,M,0.8808420296632875,6.996340579193523e-5,8.097266243907473e-4
MTPN,MG,M,0.8808420296632875,6.996340579193523e-5,8.097266243907473e-4
CHRM2,MG,M,0.8808420296632875,6.996340579193523e-5,8.097266243907473e-4
AC078842.2,MG,M,0.8808420296632875,6.996340579193523e-5,8.097266243907473e-4
ZC3HAV1L,MG,M,0.8808420296632875,6.996340579193523e-5,8.097266243907473e-4
SLC37A3,MG,M,0.8808420296632875,6.996340579193523e-5,8.097266243907473e-4
GSTK1,MG,M,0.8808420296632875,6.996340579193523e-5,8.097266243907473e-4
C7orf33,MG,M,0.8808420296632875,6.996340579193523e-5,8.097266243907473e-4
ACTR3C,MG,M,0.8808420296632875,6.996340579193523e-5,8.097266243907473e-4
REPIN1,MG,M,0.8808420296632875,6.996340579193523e-5,8.097266243907473e-4
ABCF2,MG,M,0.8808420296632875,6.996340579193523e-5,8.097266243907473e-4
XRCC2,MG,M,0.8808420296632875,6.996340579193523e-5,8.097266243907473e-4
INSIG1,MG,M,0.8808420296632875,6.996340579193523e-5,8.097266243907473e-4
NOM1,MG,M,0.8808420296632875,6.996340579193523e-5,8.097266243907473e-4
MCPH1-AS1,MG,M,0.7538103158205997,0.002918904672720954,0.032049739625830645
AC104964.2,MG,M,0.8808420296632875,6.996340579193523e-5,8.097266243907473e-4
AC079193.2,MG,M,0.8808420296632875,6.996340579193523e-5,8.097266243907473e-4
XPO7,MG,M,0.8046002162999704,9.102989064771592e-4,0.010462103336668901
C8orf58,MG,M,0.8808420296632875,6.996340579193523e-5,8.097266243907473e-4
LINC01605,MG,M,0.8808420296632875,6.996340579193523e-5,8.097266243907473e-4
ADAM32,MG,M,0.8808420296632875,6.996340579193523e-5,8.097266243907473e-4
ZMAT4,MG,M,0.8808420296632875,6.996340579193523e-5,8.097266243907473e-4
SFRP1,MG,M,0.8808420296632875,6.996340579193523e-5,8.097266243907473e-4
MCM4,MG,M,0.8808420296632875,6.996340579193523e-5,8.097266243907473e-4
AC044893.1,MG,M,0.8808420296632875,6.996340579193523e-5,8.097266243907473e-4
AC027698.1,MG,M,0.8808420296632875,6.996340579193523e-5,8.097266243907473e-4
CA8,MG,M,0.8808420296632874,6.99634057919351e-5,8.097266243907473e-4
GGH,MG,M,0.8808420296632875,6.996340579193523e-5,8.097266243907473e-4
CYP7B1,MG,M,0.8808420296632875,6.996340579193523e-5,8.097266243907473e-4
VCPIP1,MG,M,0.8808420296632875,6.996340579193523e-5,8.097266243907473e-4
PREX2,MG,M,0.8808420296632875,6.99634057919351e-5,8.097266243907473e-4
C8orf34-AS1,MG,M,0.8808420296632875,6.996340579193523e-5,8.097266243907473e-4
ZNF704,MG,M,0.779086683008224,0.0016959058104016064,0.019261358526388384
IMPA1,MG,M,0.8808420296632875,6.996340579193523e-5,8.097266243907473e-4
OTUD6B-AS1,MG,M,0.8808420296632875,6.996340579193523e-5,8.097266243907473e-4
FAM92A,MG,M,0.8808420296632875,6.996340579193523e-5,8.097266243907473e-4
RBM12B,MG,M,0.8808420296632875,6.996340579193523e-5,8.097266243907473e-4
AC010834.1,MG,M,0.8808420296632875,6.996340579193523e-5,8.097266243907473e-4
RAD54B,MG,M,0.8808420296632875,6.996340579193523e-5,8.097266243907473e-4
LAPTM4B,MG,M,0.8808420296632875,6.996340579193523e-5,8.097266243907473e-4
AP003352.1,MG,M,0.8808420296632875,6.996340579193523e-5,8.097266243907473e-4
POLR2K,MG,M,0.8808420296632875,6.996340579193523e-5,8.097266243907473e-4
AC012213.3,MG,M,0.8808420296632875,6.996340579193523e-5,8.097266243907473e-4
SLC25A32,MG,M,0.8808420296632874,6.99634057919351e-5,8.097266243907473e-4
ZFPM2,MG,M,0.8808420296632873,6.996340579193535e-5,8.097266243907473e-4
AC022634.2,MG,M,0.8808420296632875,6.996340579193523e-5,8.097266243907473e-4
UTP23,MG,M,0.8808420296632875,6.996340579193523e-5,8.097266243907473e-4
HAS2,MG,M,0.8808420296632874,6.996340579193523e-5,8.097266243907473e-4
AC104316.1,MG,M,0.8808420296632875,6.996340579193523e-5,8.097266243907473e-4
TBC1D31,MG,M,0.8808420296632875,6.996340579193523e-5,8.097266243907473e-4
PCAT1,MG,M,0.8808420296632875,6.996340579193523e-5,8.097266243907473e-4
AC046195.2,MG,M,0.8808420296632875,6.996340579193523e-5,8.097266243907473e-4
CHRAC1,MG,M,0.8808420296632875,6.996340579193523e-5,8.097266243907473e-4
C8orf31,MG,M,0.8808420296632875,6.996340579193523e-5,8.097266243907473e-4
GPAA1,MG,M,0.8808420296632875,6.996340579193523e-5,8.097266243907473e-4
ZNF34,MG,M,0.8808420296632875,6.996340579193523e-5,8.097266243907473e-4
C8orf33,MG,M,0.7538103158205997,0.002918904672720954,0.032049739625830645
AL133480.1,MG,M,0.8808420296632875,6.996340579193523e-5,8.097266243907473e-4
GLDC,MG,M,0.8808420296632875,6.996340579193523e-5,8.097266243907473e-4
HAUS6,MG,M,0.8808420296632875,6.996340579193523e-5,8.097266243907473e-4
AL158077.2,MG,M,0.8808420296632874,6.99634057919351e-5,8.097266243907473e-4
AL445623.2,MG,M,0.8808420296632875,6.996340579193523e-5,8.097266243907473e-4
CHMP5,MG,M,0.8808420296632875,6.996340579193523e-5,8.097266243907473e-4
PTENP1-AS,MG,M,0.8808420296632875,6.996340579193523e-5,8.097266243907473e-4
CNTFR,MG,M,0.8808420296632875,6.996340579193523e-5,8.097266243907473e-4
AL133410.1,MG,M,0.8808420296632875,6.996340579193523e-5,8.097266243907473e-4
DCAF10,MG,M,0.7610241579730058,0.002516261618491101,0.02819090778390902
IGFBPL1,MG,M,0.8808420296632875,6.996340579193523e-5,8.097266243907473e-4
AL162390.1,MG,M,0.8808420296632875,6.996340579193523e-5,8.097266243907473e-4
GNA14,MG,M,0.8808420296632875,6.996340579193523e-5,8.097266243907473e-4
AL161782.1,MG,M,0.8808420296632875,6.996340579193523e-5,8.097266243907473e-4
C9orf153,MG,M,0.8808420296632875,6.996340579193523e-5,8.097266243907473e-4
GAS1,MG,M,0.8808420296632875,6.996340579193523e-5,8.097266243907473e-4
GADD45G,MG,M,0.8808420296632875,6.996340579193523e-5,8.097266243907473e-4
SLC35D2,MG,M,0.8808420296632875,6.996340579193523e-5,8.097266243907473e-4
ZNF782,MG,M,0.8808420296632875,6.996340579193523e-5,8.097266243907473e-4
ALG2,MG,M,0.8808420296632875,6.996340579193523e-5,8.097266243907473e-4
NAMA,MG,M,0.8808420296632875,6.996340579193523e-5,8.097266243907473e-4
AL358937.1,MG,M,0.8808420296632875,6.996340579193523e-5,8.097266243907473e-4
MSANTD3,MG,M,0.7538103158205997,0.002918904672720954,0.032049739625830645
WHRN,MG,M,0.8808420296632875,6.996340579193523e-5,8.097266243907473e-4
PSMD5,MG,M,0.8808420296632874,6.99634057919351e-5,8.097266243907473e-4
PHF19,MG,M,0.8808420296632875,6.996340579193523e-5,8.097266243907473e-4
DAB2IP,MG,M,0.8808420296632875,6.996340579193523e-5,8.097266243907473e-4
CRB2,MG,M,0.8808420296632875,6.996340579193523e-5,8.097266243907473e-4
ARPC5L,MG,M,0.8808420296632875,6.996340579193523e-5,8.097266243907473e-4
AL162426.1,MG,M,0.8808420296632875,6.996340579193523e-5,8.097266243907473e-4
TBC1D13,MG,M,0.8808420296632875,6.996340579193523e-5,8.097266243907473e-4
DOLPP1,MG,M,0.8808420296632875,6.996340579193523e-5,8.097266243907473e-4
TOR1A,MG,M,0.8808420296632875,6.996340579193523e-5,8.097266243907473e-4
MRPS2,MG,M,0.8808420296632875,6.996340579193523e-5,8.097266243907473e-4
NACC2,MG,M,0.8808420296632875,6.996340579193523e-5,8.097266243907473e-4
QSOX2,MG,M,0.8808420296632875,6.996340579193523e-5,8.097266243907473e-4
NOTCH1,MG,M,0.8808420296632875,6.996340579193523e-5,8.097266243907473e-4
PAXX,MG,M,0.7538103158205997,0.002918904672720954,0.032049739625830645
ARRDC1,MG,M,0.8808420296632875,6.996340579193523e-5,8.097266243907473e-4
SEC61A2,MG,M,0.8808420296632875,6.996340579193523e-5,8.097266243907473e-4
NUDT5,MG,M,0.8808420296632875,6.996340579193523e-5,8.097266243907473e-4
PRPF18,MG,M,0.8808420296632875,6.996340579193523e-5,8.097266243907473e-4
STAM-AS1,MG,M,0.8808420296632875,6.996340579193523e-5,8.097266243907473e-4
AL450384.2,MG,M,0.8808420296632875,6.996340579193523e-5,8.097266243907473e-4
ANKRD26,MG,M,0.8808420296632875,6.996340579193523e-5,8.097266243907473e-4
AL160291.1,MG,M,0.8808420296632875,6.996340579193523e-5,8.097266243907473e-4
AL391839.1,MG,M,0.8808420296632875,6.996340579193523e-5,8.097266243907473e-4
PARD3,MG,M,0.8808420296632875,6.99634057919351e-5,8.097266243907473e-4
AL603824.1,MG,M,0.8808420296632875,6.996340579193523e-5,8.097266243907473e-4
AGAP9,MG,M,0.8808420296632875,6.996340579193523e-5,8.097266243907473e-4
SUPV3L1,MG,M,0.8808420296632875,6.996340579193523e-5,8.097266243907473e-4
AC022540.1,MG,M,0.8808420296632875,6.996340579193523e-5,8.097266243907473e-4
ACTA2,MG,M,0.8808420296632875,6.996340579193523e-5,8.097266243907473e-4
IFIT3,MG,M,0.8808420296632875,6.996340579193523e-5,8.097266243907473e-4
SLC35G1,MG,M,0.8808420296632874,6.99634057919351e-5,8.097266243907473e-4
ARHGAP19,MG,M,0.8808420296632875,6.996340579193523e-5,8.097266243907473e-4
CNNM1,MG,M,0.8808420296632875,6.996340579193523e-5,8.097266243907473e-4
KCNIP2,MG,M,0.8808420296632875,6.996340579193523e-5,8.097266243907473e-4
BORCS7,MG,M,0.8808420296632875,6.996340579193523e-5,8.097266243907473e-4
PCGF6,MG,M,0.7960751609143453,0.0011312416217190864,0.01291156528165457
TAF5,MG,M,0.8808420296632875,6.996340579193523e-5,8.097266243907473e-4
CFAP58,MG,M,0.8808420296632875,6.996340579193523e-5,8.097266243907473e-4
SORCS3,MG,M,0.8808420296632874,6.99634057919351e-5,8.097266243907473e-4
ADD3,MG,M,0.8808420296632875,6.996340579193523e-5,8.097266243907473e-4
DCLRE1A,MG,M,0.8808420296632875,6.996340579193523e-5,8.097266243907473e-4
EMX2OS,MG,M,0.8808420296632875,6.996340579193523e-5,8.097266243907473e-4
AL157388.1,MG,M,0.8808420296632874,6.99634057919351e-5,8.097266243907473e-4
AC010998.1,MG,M,0.8808420296632875,6.996340579193523e-5,8.097266243907473e-4
FGFR2,MG,M,0.8808420296632876,6.99634057919351e-5,8.097266243907473e-4
NSMCE4A,MG,M,0.8808420296632875,6.996340579193523e-5,8.097266243907473e-4
HRAS,MG,M,0.8808420296632875,6.996340579193523e-5,8.097266243907473e-4
TMEM80,MG,M,0.8808420296632875,6.996340579193523e-5,8.097266243907473e-4
CD151,MG,M,0.8808420296632875,6.996340579193523e-5,8.097266243907473e-4
PPFIBP2,MG,M,0.8808420296632875,6.996340579193523e-5,8.097266243907473e-4
EIF3F,MG,M,0.8808420296632875,6.996340579193523e-5,8.097266243907473e-4
AC132192.1,MG,M,0.8808420296632875,6.996340579193523e-5,8.097266243907473e-4
SBF2-AS1,MG,M,0.8808420296632875,6.996340579193523e-5,8.097266243907473e-4
FANCF,MG,M,0.8808420296632875,6.996340579193523e-5,8.097266243907473e-4
KIF18A,MG,M,0.8808420296632875,6.996340579193523e-5,8.097266243907473e-4
LMO2,MG,M,0.8808420296632875,6.996340579193523e-5,8.097266243907473e-4
NAT10,MG,M,0.8808420296632875,6.996340579193523e-5,8.097266243907473e-4
C11orf74,MG,M,0.8808420296632875,6.996340579193523e-5,8.097266243907473e-4
MDK,MG,M,0.8197808973189811,6.01908934924452e-4,0.006924647866265189
LRP4,MG,M,0.8808420296632875,6.996340579193523e-5,8.097266243907473e-4
GLYATL1,MG,M,0.8808420296632875,6.996340579193523e-5,8.097266243907473e-4
AP001636.3,MG,M,0.8808420296632875,6.996340579193523e-5,8.097266243907473e-4
MPEG1,MG,M,0.8808420296632875,6.996340579193523e-5,8.097266243907473e-4
TMEM258,MG,M,0.8808420296632875,6.996340579193523e-5,8.097266243907473e-4
EML3,MG,M,0.8808420296632875,6.996340579193523e-5,8.097266243907473e-4
ROM1,MG,M,0.8808420296632875,6.996340579193523e-5,8.097266243907473e-4
B3GAT3,MG,M,0.8808420296632875,6.996340579193523e-5,8.097266243907473e-4
TMEM179B,MG,M,0.8808420296632875,6.996340579193523e-5,8.097266243907473e-4
AP000753.2,MG,M,0.8808420296632875,6.996340579193523e-5,8.097266243907473e-4
RCOR2,MG,M,0.8808420296632875,6.996340579193523e-5,8.097266243907473e-4
OTUB1,MG,M,0.8808420296632875,6.996340579193523e-5,8.097266243907473e-4
TRPT1,MG,M,0.8808420296632875,6.996340579193523e-5,8.097266243907473e-4
TRMT112,MG,M,0.8808420296632875,6.996340579193523e-5,8.097266243907473e-4
SLC22A12,MG,M,0.8808420296632875,6.996340579193523e-5,8.097266243907473e-4
AP001462.1,MG,M,0.8808420296632875,6.996340579193523e-5,8.097266243907473e-4
MAP4K2,MG,M,0.8808420296632875,6.996340579193523e-5,8.097266243907473e-4
MUS81,MG,M,0.7714479680286281,0.00201228802417013,0.022676485512139417
YIF1A,MG,M,0.8808420296632875,6.996340579193523e-5,8.097266243907473e-4
BRMS1,MG,M,0.8808420296632875,6.996340579193523e-5,8.097266243907473e-4
DPP3,MG,M,0.8808420296632875,6.996340579193523e-5,8.097266243907473e-4
NDUFV1,MG,M,0.8808420296632875,6.996340579193523e-5,8.097266243907473e-4
LRP5,MG,M,0.8808420296632875,6.996340579193523e-5,8.097266243907473e-4
MRPL21,MG,M,0.8808420296632875,6.996340579193523e-5,8.097266243907473e-4
LRTOMT,MG,M,0.8808420296632875,6.996340579193523e-5,8.097266243907473e-4
ANAPC15,MG,M,0.8808420296632875,6.996340579193523e-5,8.097266243907473e-4
ARAP1-AS1,MG,M,0.8808420296632875,6.996340579193523e-5,8.097266243907473e-4
PAAF1,MG,M,0.8808420296632875,6.996340579193523e-5,8.097266243907473e-4
UCP2,MG,M,0.8808420296632875,6.996340579193523e-5,8.097266243907473e-4
TSKU,MG,M,0.8808420296632875,6.996340579193523e-5,8.097266243907473e-4
AP002812.2,MG,M,0.8808420296632875,6.996340579193523e-5,8.097266243907473e-4
INTS4,MG,M,0.8808420296632875,6.996340579193523e-5,8.097266243907473e-4
NARS2,MG,M,0.8808420296632875,6.996340579193523e-5,8.097266243907473e-4
FAM181B,MG,M,0.8808420296632875,6.996340579193523e-5,8.097266243907473e-4
PRCP,MG,M,0.8808420296632875,6.996340579193523e-5,8.097266243907473e-4
AP000873.2,MG,M,0.8808420296632875,6.996340579193523e-5,8.097266243907473e-4
CCDC89,MG,M,0.8808420296632875,6.996340579193523e-5,8.097266243907473e-4
AMOTL1,MG,M,0.7960751609143453,0.0011312416217190864,0.01291156528165457
FAM76B,MG,M,0.8808420296632875,6.996340579193523e-5,8.097266243907473e-4
ARHGAP42,MG,M,0.7802806940813395,0.001650192112737585,0.01877905630656689
TMEM123,MG,M,0.8808420296632875,6.996340579193523e-5,8.097266243907473e-4
AP000766.1,MG,M,0.8808420296632875,6.996340579193523e-5,8.097266243907473e-4
AP003049.2,MG,M,0.8808420296632875,6.996340579193523e-5,8.097266243907473e-4
NKAPD1,MG,M,0.8808420296632875,6.996340579193523e-5,8.097266243907473e-4
ZBTB16,MG,M,0.8808420296632875,6.996340579193523e-5,8.097266243907473e-4
REXO2,MG,M,0.8808420296632875,6.996340579193523e-5,8.097266243907473e-4
BCL9L,MG,M,0.7538103158205997,0.002918904672720954,0.032049739625830645
HYOU1,MG,M,0.8808420296632875,6.996340579193523e-5,8.097266243907473e-4
OAF,MG,M,0.8808420296632875,6.996340579193523e-5,8.097266243907473e-4
CHEK1,MG,M,0.8808420296632875,6.996340579193523e-5,8.097266243907473e-4
TIRAP,MG,M,0.8808420296632875,6.996340579193523e-5,8.097266243907473e-4
NTM-AS1,MG,M,0.8808420296632875,6.996340579193523e-5,8.097266243907473e-4
THYN1,MG,M,0.8808420296632875,6.996340579193523e-5,8.097266243907473e-4
B3GAT1,MG,M,0.8808420296632875,6.996340579193523e-5,8.097266243907473e-4
CCND2-AS1,MG,M,0.8808420296632875,6.996340579193523e-5,8.097266243907473e-4
AC005840.2,MG,M,0.8808420296632875,6.996340579193523e-5,8.097266243907473e-4
ACRBP,MG,M,0.8808420296632875,6.996340579193523e-5,8.097266243907473e-4
MLF2,MG,M,0.8808420296632875,6.996340579193523e-5,8.097266243907473e-4
LAG3,MG,M,0.8808420296632875,6.996340579193523e-5,8.097266243907473e-4
P3H3,MG,M,0.8808420296632875,6.996340579193523e-5,8.097266243907473e-4
A2M-AS1,MG,M,0.8808420296632875,6.996340579193523e-5,8.097266243907473e-4
SMIM10L1,MG,M,0.8808420296632875,6.996340579193523e-5,8.097266243907473e-4
SLC15A5,MG,M,0.8808420296632875,6.996340579193523e-5,8.097266243907473e-4
PLCZ1,MG,M,0.8808420296632875,6.996340579193523e-5,8.097266243907473e-4
GYS2,MG,M,0.8808420296632875,6.996340579193523e-5,8.097266243907473e-4
CMAS,MG,M,0.8808420296632875,6.996340579193523e-5,8.097266243907473e-4
AC026356.1,MG,M,0.8808420296632875,6.996340579193523e-5,8.097266243907473e-4
ALG10B,MG,M,0.8808420296632875,6.996340579193523e-5,8.097266243907473e-4
AC090630.1,MG,M,0.8808420296632874,6.99634057919351e-5,8.097266243907473e-4
CCNT1,MG,M,0.8808420296632875,6.996340579193523e-5,8.097266243907473e-4
MCRS1,MG,M,0.8808420296632875,6.996340579193523e-5,8.097266243907473e-4
FAM186B,MG,M,0.8808420296632875,6.996340579193523e-5,8.097266243907473e-4
RACGAP1,MG,M,0.8808420296632875,6.996340579193523e-5,8.097266243907473e-4
LETMD1,MG,M,0.8808420296632875,6.996340579193523e-5,8.097266243907473e-4
SCN8A,MG,M,0.7329574057330429,0.004368348067922247,0.047468834926049835
ZNF740,MG,M,0.8808420296632875,6.996340579193523e-5,8.097266243907473e-4
SP1,MG,M,0.8808420296632874,6.99634057919351e-5,8.097266243907473e-4
AC034102.3,MG,M,0.8808420296632875,6.996340579193523e-5,8.097266243907473e-4
AC022506.2,MG,M,0.8808420296632875,6.996340579193523e-5,8.097266243907473e-4
MBD6,MG,M,0.8808420296632875,6.996340579193523e-5,8.097266243907473e-4
PIP4K2C,MG,M,0.8808420296632875,6.996340579193523e-5,8.097266243907473e-4
METTL1,MG,M,0.8808420296632875,6.996340579193523e-5,8.097266243907473e-4
TSFM,MG,M,0.8808420296632875,6.996340579193523e-5,8.097266243907473e-4
AC048341.2,MG,M,0.8808420296632875,6.996340579193523e-5,8.097266243907473e-4
AC079866.2,MG,M,0.8808420296632875,6.996340579193523e-5,8.097266243907473e-4
AC078777.1,MG,M,0.8808420296632875,6.996340579193523e-5,8.097266243907473e-4
CCT2,MG,M,0.8808420296632875,6.996340579193523e-5,8.097266243907473e-4
PTPRR,MG,M,0.8808420296632874,6.99634057919351e-5,8.097266243907473e-4
CAPS2,MG,M,0.8808420296632874,6.99634057919351e-5,8.097266243907473e-4
PHLDA1,MG,M,0.8808420296632875,6.996340579193523e-5,8.097266243907473e-4
CCDC59,MG,M,0.8808420296632875,6.996340579193523e-5,8.097266243907473e-4
C12orf29,MG,M,0.8808420296632875,6.996340579193523e-5,8.097266243907473e-4
LINC01619,MG,M,0.7440968087932482,0.0035381019200461964,0.038738195454142164
MRPL42,MG,M,0.8808420296632875,6.996340579193523e-5,8.097266243907473e-4
AC012085.2,MG,M,0.8808420296632875,6.996340579193523e-5,8.097266243907473e-4
PLXNC1,MG,M,0.7538103158205997,0.002918904672720954,0.032049739625830645
GAS2L3,MG,M,0.8808420296632875,6.996340579193523e-5,8.097266243907473e-4
ARL1,MG,M,0.8808420296632875,6.996340579193523e-5,8.097266243907473e-4
NUP37,MG,M,0.8808420296632875,6.996340579193523e-5,8.097266243907473e-4
PAH,MG,M,0.8808420296632875,6.996340579193523e-5,8.097266243907473e-4
ASCL1,MG,M,0.8808420296632875,6.996340579193523e-5,8.097266243907473e-4
POLR3B,MG,M,0.8808420296632875,6.996340579193523e-5,8.097266243907473e-4
TMEM263,MG,M,0.8808420296632875,6.996340579193523e-5,8.097266243907473e-4
PWP1,MG,M,0.7727597694041178,0.0019549197656878463,0.022051494956958906
UNG,MG,M,0.8808420296632875,6.996340579193523e-5,8.097266243907473e-4
ACACB,MG,M,0.8808420296632875,6.996340579193523e-5,8.097266243907473e-4
UBE3B,MG,M,0.8808420296632875,6.996340579193523e-5,8.097266243907473e-4
FAM216A,MG,M,0.8808420296632875,6.996340579193523e-5,8.097266243907473e-4
PHETA1,MG,M,0.8808420296632875,6.996340579193523e-5,8.097266243907473e-4
AC130895.1,MG,M,0.8808420296632875,6.996340579193523e-5,8.097266243907473e-4
HRK,MG,M,0.8808420296632875,6.996340579193523e-5,8.097266243907473e-4
AC127164.1,MG,M,0.8808420296632875,6.996340579193523e-5,8.097266243907473e-4
KSR2,MG,M,0.8808420296632875,6.996340579193523e-5,8.097266243907473e-4
SUDS3,MG,M,0.8808420296632875,6.996340579193523e-5,8.097266243907473e-4
RNF34,MG,M,0.8808420296632875,6.996340579193523e-5,8.097266243907473e-4
PSMD9,MG,M,0.8808420296632875,6.996340579193523e-5,8.097266243907473e-4
C12orf65,MG,M,0.8808420296632875,6.996340579193523e-5,8.097266243907473e-4
BRI3BP,MG,M,0.8808420296632875,6.996340579193523e-5,8.097266243907473e-4
TMEM132D,MG,M,0.7984338552532562,0.0010663030662028555,0.01224289578097062
ULK1,MG,M,0.8808420296632874,6.99634057919351e-5,8.097266243907473e-4
ANKLE2,MG,M,0.7751710408755929,0.0018528050697741362,0.020940500700614432
TNFRSF19,MG,M,0.8808420296632875,6.996340579193523e-5,8.097266243907473e-4
GTF3A,MG,M,0.8808420296632875,6.996340579193523e-5,8.097266243907473e-4
LINC00426,MG,M,0.8808420296632875,6.996340579193523e-5,8.097266243907473e-4
ERICH6B,MG,M,0.8808420296632875,6.996340579193523e-5,8.097266243907473e-4
EBPL,MG,M,0.8808420296632875,6.996340579193523e-5,8.097266243907473e-4
LINC00378,MG,M,0.8808420296632875,6.996340579193523e-5,8.097266243907473e-4
MIR17HG,MG,M,0.8808420296632875,6.996340579193523e-5,8.097266243907473e-4
AL442067.2,MG,M,0.8808420296632875,6.996340579193523e-5,8.097266243907473e-4
TMTC4,MG,M,0.8808420296632875,6.996340579193523e-5,8.097266243907473e-4
POGLUT2,MG,M,0.8808420296632875,6.996340579193523e-5,8.097266243907473e-4
BIVM,MG,M,0.8808420296632875,6.996340579193523e-5,8.097266243907473e-4
ABHD13,MG,M,0.8808420296632875,6.996340579193523e-5,8.097266243907473e-4
AL162497.1,MG,M,0.8808420296632875,6.996340579193523e-5,8.097266243907473e-4
SOX1-OT,MG,M,0.8808420296632875,6.996340579193523e-5,8.097266243907473e-4
PCID2,MG,M,0.8808420296632875,6.996340579193523e-5,8.097266243907473e-4
TTC5,MG,M,0.8808420296632875,6.996340579193523e-5,8.097266243907473e-4
AC244502.1,MG,M,0.8808420296632874,6.99634057919351e-5,8.097266243907473e-4
TRDC,MG,M,0.8808420296632875,6.996340579193523e-5,8.097266243907473e-4
C14orf93,MG,M,0.8808420296632875,6.996340579193523e-5,8.097266243907473e-4
PSMB5,MG,M,0.8808420296632875,6.996340579193523e-5,8.097266243907473e-4
SLC22A17,MG,M,0.8808420296632875,6.996340579193523e-5,8.097266243907473e-4
ZFHX2,MG,M,0.8808420296632875,6.996340579193523e-5,8.097266243907473e-4
STXBP6,MG,M,0.8808420296632874,6.99634057919351e-5,8.097266243907473e-4
AL139353.2,MG,M,0.8808420296632875,6.996340579193523e-5,8.097266243907473e-4
AL355112.1,MG,M,0.8808420296632875,6.996340579193523e-5,8.097266243907473e-4
EAPP,MG,M,0.8808420296632875,6.996340579193523e-5,8.097266243907473e-4
SRP54,MG,M,0.8808420296632875,6.996340579193523e-5,8.097266243907473e-4
AL121790.2,MG,M,0.8808420296632875,6.996340579193523e-5,8.097266243907473e-4
AL162632.1,MG,M,0.8808420296632875,6.996340579193523e-5,8.097266243907473e-4
MGAT2,MG,M,0.8808420296632875,6.996340579193523e-5,8.097266243907473e-4
VCPKMT,MG,M,0.8808420296632875,6.996340579193523e-5,8.097266243907473e-4
AL118556.1,MG,M,0.8808420296632875,6.996340579193523e-5,8.097266243907473e-4
FRMD6,MG,M,0.8808420296632875,6.996340579193523e-5,8.097266243907473e-4
RTRAF,MG,M,0.8808420296632875,6.996340579193523e-5,8.097266243907473e-4
AL355073.1,MG,M,0.8808420296632875,6.996340579193523e-5,8.097266243907473e-4
LINC02284,MG,M,0.8808420296632875,6.996340579193523e-5,8.097266243907473e-4
PSMA3,MG,M,0.7650627221178343,0.002310551779390276,0.02596171008096246
AL139021.1,MG,M,0.8808420296632875,6.996340579193523e-5,8.097266243907473e-4
L3HYPDH,MG,M,0.8808420296632875,6.996340579193523e-5,8.097266243907473e-4
AL136038.5,MG,M,0.8808420296632875,6.996340579193523e-5,8.097266243907473e-4
SYNE2,MG,M,0.8225739737081245,5.555214739340157e-4,0.00640372809733309
ESR2,MG,M,0.8808420296632874,6.99634057919351e-5,8.097266243907473e-4
MTHFD1,MG,M,0.8808420296632875,6.996340579193523e-5,8.097266243907473e-4
FAM71D,MG,M,0.8808420296632875,6.996340579193523e-5,8.097266243907473e-4
EIF2S1,MG,M,0.8808420296632875,6.996340579193523e-5,8.097266243907473e-4
TMEM229B,MG,M,0.8808420296632875,6.996340579193523e-5,8.097266243907473e-4
SLC10A1,MG,M,0.8808420296632875,6.996340579193523e-5,8.097266243907473e-4
MED6,MG,M,0.8808420296632874,6.99634057919351e-5,8.097266243907473e-4
RGS6,MG,M,0.7951408056878327,0.001157808186532445,0.013201753700875866
FAM161B,MG,M,0.8808420296632875,6.996340579193523e-5,8.097266243907473e-4
AL049780.1,MG,M,0.8808420296632875,6.996340579193523e-5,8.097266243907473e-4
ZDHHC22,MG,M,0.8808420296632875,6.996340579193523e-5,8.097266243907473e-4
POMT2,MG,M,0.8808420296632875,6.996340579193523e-5,8.097266243907473e-4
VIPAS39,MG,M,0.8808420296632875,6.996340579193523e-5,8.097266243907473e-4
LINC01146,MG,M,0.8808420296632875,6.996340579193523e-5,8.097266243907473e-4
UBR7,MG,M,0.8808420296632875,6.996340579193523e-5,8.097266243907473e-4
IFI27L2,MG,M,0.8808420296632875,6.996340579193523e-5,8.097266243907473e-4
SNHG10,MG,M,0.8808420296632875,6.996340579193523e-5,8.097266243907473e-4
AL139300.2,MG,M,0.8808420296632875,6.996340579193523e-5,8.097266243907473e-4
CDCA4,MG,M,0.8808420296632875,6.996340579193523e-5,8.097266243907473e-4
TEX22,MG,M,0.8808420296632875,6.996340579193523e-5,8.097266243907473e-4
LINC02250,MG,M,0.8808420296632875,6.996340579193523e-5,8.097266243907473e-4
NOP10,MG,M,0.8808420296632875,6.996340579193523e-5,8.097266243907473e-4
AC078909.2,MG,M,0.8808420296632875,6.996340579193523e-5,8.097266243907473e-4
RASGRP1,MG,M,0.8808420296632874,6.99634057919351e-5,8.097266243907473e-4
BAHD1,MG,M,0.8808420296632874,6.99634057919351e-5,8.097266243907473e-4
DNAJC17,MG,M,0.8808420296632875,6.996340579193523e-5,8.097266243907473e-4
DLL4,MG,M,0.8808420296632875,6.996340579193523e-5,8.097266243907473e-4
TUBGCP4,MG,M,0.8808420296632875,6.996340579193523e-5,8.097266243907473e-4
SECISBP2L,MG,M,0.8808420296632875,6.996340579193523e-5,8.097266243907473e-4
GABPB1-IT1,MG,M,0.8808420296632875,6.996340579193523e-5,8.097266243907473e-4
UNC13C,MG,M,0.8808420296632875,6.996340579193523e-5,8.097266243907473e-4
AC104574.2,MG,M,0.8808420296632875,6.996340579193523e-5,8.097266243907473e-4
DAPK2,MG,M,0.8808420296632874,6.996340579193523e-5,8.097266243907473e-4
PCLAF,MG,M,0.8808420296632875,6.996340579193523e-5,8.097266243907473e-4
HCN4,MG,M,0.8808420296632875,6.996340579193523e-5,8.097266243907473e-4
PPCDC,MG,M,0.8808420296632875,6.996340579193523e-5,8.097266243907473e-4
CIB2,MG,M,0.8808420296632875,6.996340579193523e-5,8.097266243907473e-4
ARNT2,MG,M,0.7423724938486348,0.0036578916491225083,0.03997404843776412
GOLGA6L9,MG,M,0.8808420296632875,6.996340579193523e-5,8.097266243907473e-4
AC048382.5,MG,M,0.8808420296632875,6.996340579193523e-5,8.097266243907473e-4
AC021739.4,MG,M,0.8808420296632875,6.996340579193523e-5,8.097266243907473e-4
KLHL25,MG,M,0.8808420296632875,6.996340579193523e-5,8.097266243907473e-4
FES,MG,M,0.8808420296632875,6.996340579193523e-5,8.097266243907473e-4
AC091078.1,MG,M,0.8808420296632875,6.996340579193523e-5,8.097266243907473e-4
AC012409.2,MG,M,0.8808420296632875,6.996340579193523e-5,8.097266243907473e-4
LINS1,MG,M,0.8808420296632875,6.996340579193523e-5,8.097266243907473e-4
AC015712.2,MG,M,0.8808420296632875,6.996340579193523e-5,8.097266243907473e-4
AXIN1,MG,M,0.8808420296632875,6.996340579193523e-5,8.097266243907473e-4
CAPN15,MG,M,0.8808420296632875,6.996340579193523e-5,8.097266243907473e-4
STUB1,MG,M,0.8808420296632875,6.996340579193523e-5,8.097266243907473e-4
NUBP2,MG,M,0.8808420296632875,6.996340579193523e-5,8.097266243907473e-4
NDUFB10,MG,M,0.8808420296632875,6.996340579193523e-5,8.097266243907473e-4
BRICD5,MG,M,0.8808420296632875,6.996340579193523e-5,8.097266243907473e-4
ECI1,MG,M,0.8808420296632875,6.996340579193523e-5,8.097266243907473e-4
TBC1D24,MG,M,0.8808420296632875,6.996340579193523e-5,8.097266243907473e-4
PRSS27,MG,M,0.8808420296632875,6.996340579193523e-5,8.097266243907473e-4
AC092117.1,MG,M,0.8808420296632875,6.996340579193523e-5,8.097266243907473e-4
ZNF174,MG,M,0.8808420296632875,6.996340579193523e-5,8.097266243907473e-4
CLUAP1,MG,M,0.8808420296632875,6.996340579193523e-5,8.097266243907473e-4
AC007216.4,MG,M,0.8808420296632874,6.99634057919351e-5,8.097266243907473e-4
ERCC4,MG,M,0.8808420296632875,6.996340579193523e-5,8.097266243907473e-4
MYH11,MG,M,0.8808420296632875,6.996340579193523e-5,8.097266243907473e-4
NOMO3,MG,M,0.8808420296632875,6.996340579193523e-5,8.097266243907473e-4
NOMO2,MG,M,0.8808420296632875,6.996340579193523e-5,8.097266243907473e-4
GPRC5B,MG,M,0.8808420296632875,6.996340579193523e-5,8.097266243907473e-4
THUMPD1,MG,M,0.7751710408755929,0.0018528050697741362,0.020940500700614432
CRYM,MG,M,0.8808420296632875,6.996340579193523e-5,8.097266243907473e-4
EEF2K,MG,M,0.8808420296632875,6.996340579193523e-5,8.097266243907473e-4
LCMT1,MG,M,0.8808420296632875,6.996340579193523e-5,8.097266243907473e-4
AC009093.1,MG,M,0.8808420296632875,6.996340579193523e-5,8.097266243907473e-4
KIF22,MG,M,0.8808420296632875,6.996340579193523e-5,8.097266243907473e-4
AC009133.1,MG,M,0.8808420296632875,6.996340579193523e-5,8.097266243907473e-4
TMEM219,MG,M,0.8808420296632875,6.996340579193523e-5,8.097266243907473e-4
AC012645.1,MG,M,0.8808420296632875,6.996340579193523e-5,8.097266243907473e-4
CORO1A,MG,M,0.8808420296632875,6.996340579193523e-5,8.097266243907473e-4
SEPHS2,MG,M,0.8808420296632875,6.996340579193523e-5,8.097266243907473e-4
AC002310.1,MG,M,0.8808420296632875,6.996340579193523e-5,8.097266243907473e-4
AC002310.2,MG,M,0.8808420296632874,6.99634057919351e-5,8.097266243907473e-4
PYCARD,MG,M,0.8808420296632875,6.996340579193523e-5,8.097266243907473e-4
ZNF267,MG,M,0.8808420296632875,6.996340579193523e-5,8.097266243907473e-4
ZNF423,MG,M,0.8808420296632875,6.996340579193523e-5,8.097266243907473e-4
MT2A,MG,M,0.8808420296632875,6.996340579193523e-5,8.097266243907473e-4
RSPRY1,MG,M,0.7636038520029729,0.002383289293905368,0.026753000792362976
CIAPIN1,MG,M,0.8808420296632875,6.996340579193523e-5,8.097266243907473e-4
SETD6,MG,M,0.8808420296632875,6.996340579193523e-5,8.097266243907473e-4
AC138305.1,MG,M,0.8808420296632875,6.996340579193523e-5,8.097266243907473e-4
AC009061.2,MG,M,0.8808420296632875,6.996340579193523e-5,8.097266243907473e-4
UTP4,MG,M,0.8808420296632875,6.996340579193523e-5,8.097266243907473e-4
COG8,MG,M,0.8808420296632875,6.996340579193523e-5,8.097266243907473e-4
NIP7,MG,M,0.8808420296632875,6.996340579193523e-5,8.097266243907473e-4
AC009120.2,MG,M,0.7514070645511804,0.003063584736461389,0.03360642004076526
RFWD3,MG,M,0.8808420296632875,6.996340579193523e-5,8.097266243907473e-4
BCAR1,MG,M,0.8808420296632875,6.996340579193523e-5,8.097266243907473e-4
MON1B,MG,M,0.8808420296632875,6.996340579193523e-5,8.097266243907473e-4
VAT1L,MG,M,0.8808420296632875,6.996340579193523e-5,8.097266243907473e-4
PLCG2,MG,M,0.766440014503109,0.0022434796469740412,0.025232598908865624
HSBP1,MG,M,0.7392306626851883,0.0038842030650898525,0.04236712814959328
ZC3H18,MG,M,0.8808420296632874,6.99634057919351e-5,8.097266243907473e-4
AC092120.3,MG,M,0.8808420296632875,6.996340579193523e-5,8.097266243907473e-4
CHMP1A,MG,M,0.8808420296632875,6.996340579193523e-5,8.097266243907473e-4
RPH3AL,MG,M,0.8808420296632875,6.996340579193523e-5,8.097266243907473e-4
EMC6,MG,M,0.8808420296632875,6.996340579193523e-5,8.097266243907473e-4
P2RX1,MG,M,0.8808420296632875,6.996340579193523e-5,8.097266243907473e-4
C1QBP,MG,M,0.8808420296632875,6.996340579193523e-5,8.097266243907473e-4
ELP5,MG,M,0.8808420296632875,6.996340579193523e-5,8.097266243907473e-4
EIF5A,MG,M,0.8808420296632875,6.996340579193523e-5,8.097266243907473e-4
SOX15,MG,M,0.8808420296632875,6.996340579193523e-5,8.097266243907473e-4
TRAPPC1,MG,M,0.8808420296632875,6.996340579193523e-5,8.097266243907473e-4
AC002091.1,MG,M,0.8808420296632875,6.996340579193523e-5,8.097266243907473e-4
MYH3,MG,M,0.8808420296632875,6.996340579193523e-5,8.097266243907473e-4
TMEM220-AS1,MG,M,0.8808420296632875,6.996340579193523e-5,8.097266243907473e-4
AC005410.2,MG,M,0.8808420296632875,6.996340579193523e-5,8.097266243907473e-4
TRIM16,MG,M,0.8808420296632875,6.996340579193523e-5,8.097266243907473e-4
ZNF287,MG,M,0.8808420296632875,6.996340579193523e-5,8.097266243907473e-4
USP22,MG,M,0.7960751609143453,0.0011312416217190864,0.01291156528165457
DHRS7B,MG,M,0.8808420296632875,6.996340579193523e-5,8.097266243907473e-4
TP53I13,MG,M,0.8808420296632875,6.996340579193523e-5,8.097266243907473e-4
OMG,MG,M,0.8808420296632875,6.996340579193523e-5,8.097266243907473e-4
RHBDL3,MG,M,0.8808420296632875,6.996340579193523e-5,8.097266243907473e-4
MRM1,MG,M,0.8808420296632875,6.996340579193523e-5,8.097266243907473e-4
SOCS7,MG,M,0.8808420296632875,6.996340579193523e-5,8.097266243907473e-4
PGAP3,MG,M,0.8808420296632874,6.99634057919351e-5,8.097266243907473e-4
TOP2A,MG,M,0.8808420296632875,6.996340579193523e-5,8.097266243907473e-4
TTC25,MG,M,0.8808420296632875,6.996340579193523e-5,8.097266243907473e-4
CNP,MG,M,0.8808420296632875,6.996340579193523e-5,8.097266243907473e-4
COASY,MG,M,0.8808420296632875,6.996340579193523e-5,8.097266243907473e-4
TUBG1,MG,M,0.8808420296632875,6.996340579193523e-5,8.097266243907473e-4
NBR2,MG,M,0.8808420296632875,6.996340579193523e-5,8.097266243907473e-4
LSM12,MG,M,0.8808420296632875,6.996340579193523e-5,8.097266243907473e-4
ARL17B,MG,M,0.7392306626851883,0.0038842030650898525,0.04236712814959328
TBKBP1,MG,M,0.8808420296632875,6.996340579193523e-5,8.097266243907473e-4
AC002401.1,MG,M,0.8808420296632875,6.996340579193523e-5,8.097266243907473e-4
CA10,MG,M,0.8808420296632875,6.996340579193523e-5,8.097266243907473e-4
VEZF1,MG,M,0.8342829737713884,3.9082991656272284e-4,0.004518775495298201
TSPOAP1-AS1,MG,M,0.8808420296632875,6.996340579193523e-5,8.097266243907473e-4
AC011921.1,MG,M,0.8808420296632875,6.996340579193523e-5,8.097266243907473e-4
PPM1D,MG,M,0.8808420296632875,6.996340579193523e-5,8.097266243907473e-4
AC005746.2,MG,M,0.8808420296632875,6.996340579193523e-5,8.097266243907473e-4
AC007780.1,MG,M,0.8808420296632875,6.996340579193523e-5,8.097266243907473e-4
LINC02003,MG,M,0.8808420296632875,6.996340579193523e-5,8.097266243907473e-4
SSTR2,MG,M,0.7538103158205997,0.002918904672720954,0.032049739625830645
FAM104A,MG,M,0.8808420296632875,6.996340579193523e-5,8.097266243907473e-4
GRIN2C,MG,M,0.8808420296632875,6.996340579193523e-5,8.097266243907473e-4
MRPL58,MG,M,0.8808420296632875,6.996340579193523e-5,8.097266243907473e-4
ATP5PD,MG,M,0.8808420296632875,6.996340579193523e-5,8.097266243907473e-4
SAP30BP,MG,M,0.8808420296632875,6.996340579193523e-5,8.097266243907473e-4
FBF1,MG,M,0.8808420296632875,6.996340579193523e-5,8.097266243907473e-4
SRP68,MG,M,0.8808420296632875,6.996340579193523e-5,8.097266243907473e-4
ZACN,MG,M,0.8808420296632875,6.996340579193523e-5,8.097266243907473e-4
EXOC7,MG,M,0.8808420296632875,6.996340579193523e-5,8.097266243907473e-4
RNF157-AS1,MG,M,0.8808420296632875,6.996340579193523e-5,8.097266243907473e-4
RNF157,MG,M,0.8808420296632875,6.996340579193523e-5,8.097266243907473e-4
CANT1,MG,M,0.8808420296632875,6.996340579193523e-5,8.097266243907473e-4
ENPP7,MG,M,0.8808420296632875,6.996340579193523e-5,8.097266243907473e-4
EIF4A3,MG,M,0.8808420296632875,6.996340579193523e-5,8.097266243907473e-4
ENDOV,MG,M,0.8808420296632875,6.996340579193523e-5,8.097266243907473e-4
AC110285.2,MG,M,0.8808420296632875,6.996340579193523e-5,8.097266243907473e-4
CCDC137,MG,M,0.8808420296632875,6.996340579193523e-5,8.097266243907473e-4
MRPL12,MG,M,0.8808420296632875,6.996340579193523e-5,8.097266243907473e-4
PCYT2,MG,M,0.8808420296632875,6.996340579193523e-5,8.097266243907473e-4
GPS1,MG,M,0.8808420296632875,6.996340579193523e-5,8.097266243907473e-4
FASN,MG,M,0.8808420296632875,6.996340579193523e-5,8.097266243907473e-4
CYBC1,MG,M,0.8808420296632875,6.996340579193523e-5,8.097266243907473e-4
AC124283.1,MG,M,0.8808420296632875,6.996340579193523e-5,8.097266243907473e-4
LINC00667,MG,M,0.7538103158205997,0.002918904672720954,0.032049739625830645
NDUFV2-AS1,MG,M,0.8808420296632875,6.996340579193523e-5,8.097266243907473e-4
IMPA2,MG,M,0.8808420296632874,6.99634057919351e-5,8.097266243907473e-4
TUBB6,MG,M,0.8808420296632875,6.996340579193523e-5,8.097266243907473e-4
CEP76,MG,M,0.8808420296632874,6.99634057919351e-5,8.097266243907473e-4
AP005482.1,MG,M,0.8808420296632875,6.996340579193523e-5,8.097266243907473e-4
AC090912.1,MG,M,0.8808420296632875,6.996340579193523e-5,8.097266243907473e-4
CABYR,MG,M,0.8808420296632875,6.996340579193523e-5,8.097266243907473e-4
AQP4-AS1,MG,M,0.8808420296632875,6.996340579193523e-5,8.097266243907473e-4
AC099845.1,MG,M,0.8808420296632875,6.996340579193523e-5,8.097266243907473e-4
AC016866.2,MG,M,0.8808420296632875,6.996340579193523e-5,8.097266243907473e-4
C18orf32,MG,M,0.8808420296632874,6.99634057919351e-5,8.097266243907473e-4
SNHG22,MG,M,0.8808420296632875,6.996340579193523e-5,8.097266243907473e-4
LINC01917,MG,M,0.8808420296632875,6.996340579193523e-5,8.097266243907473e-4
PHLPP1,MG,M,0.8808420296632875,6.996340579193523e-5,8.097266243907473e-4
AC119868.2,MG,M,0.8808420296632874,6.99634057919351e-5,8.097266243907473e-4
AC139100.1,MG,M,0.8808420296632875,6.996340579193523e-5,8.097266243907473e-4
PEAK3,MG,M,0.8808420296632875,6.996340579193523e-5,8.097266243907473e-4
MAP2K2,MG,M,0.8808420296632875,6.996340579193523e-5,8.097266243907473e-4
CHAF1A,MG,M,0.8808420296632875,6.996340579193523e-5,8.097266243907473e-4
MLLT1,MG,M,0.8808420296632875,6.996340579193523e-5,8.097266243907473e-4
AC010503.1,MG,M,0.8808420296632875,6.996340579193523e-5,8.097266243907473e-4
INSR,MG,M,0.8808420296632875,6.996340579193523e-5,8.097266243907473e-4
FBXL12,MG,M,0.8808420296632875,6.996340579193523e-5,8.097266243907473e-4
KRI1,MG,M,0.8808420296632875,6.996340579193523e-5,8.097266243907473e-4
ANGPTL8,MG,M,0.8808420296632875,6.996340579193523e-5,8.097266243907473e-4
TMEM205,MG,M,0.8808420296632875,6.996340579193523e-5,8.097266243907473e-4
ZNF441,MG,M,0.8808420296632875,6.996340579193523e-5,8.097266243907473e-4
ZNF878,MG,M,0.8808420296632875,6.996340579193523e-5,8.097266243907473e-4
ZNF625,MG,M,0.8808420296632875,6.996340579193523e-5,8.097266243907473e-4
ZSWIM4,MG,M,0.8808420296632875,6.996340579193523e-5,8.097266243907473e-4
AC020916.1,MG,M,0.8808420296632875,6.996340579193523e-5,8.097266243907473e-4
EPHX3,MG,M,0.8808420296632875,6.996340579193523e-5,8.097266243907473e-4
SLC27A1,MG,M,0.8808420296632875,6.996340579193523e-5,8.097266243907473e-4
PGLS,MG,M,0.8808420296632875,6.996340579193523e-5,8.097266243907473e-4
MAP1S,MG,M,0.8808420296632875,6.996340579193523e-5,8.097266243907473e-4
CCDC124,MG,M,0.8808420296632874,6.996340579193523e-5,8.097266243907473e-4
JUND,MG,M,0.8808420296632875,6.996340579193523e-5,8.097266243907473e-4
REX1BD,MG,M,0.7538103158205997,0.002918904672720954,0.032049739625830645
UPF1,MG,M,0.8808420296632875,6.996340579193523e-5,8.097266243907473e-4
AC008554.1,MG,M,0.8808420296632875,6.996340579193523e-5,8.097266243907473e-4
ZNF737,MG,M,0.8808420296632874,6.996340579193523e-5,8.097266243907473e-4
ZNF738,MG,M,0.7538103158205997,0.002918904672720954,0.032049739625830645
ZNF730,MG,M,0.8808420296632875,6.996340579193523e-5,8.097266243907473e-4
ZNF675,MG,M,0.8808420296632875,6.996340579193523e-5,8.097266243907473e-4
AC005394.1,MG,M,0.8808420296632875,6.996340579193523e-5,8.097266243907473e-4
AC011507.1,MG,M,0.8808420296632875,6.996340579193523e-5,8.097266243907473e-4
FXYD7,MG,M,0.8808420296632875,6.996340579193523e-5,8.097266243907473e-4
PSENEN,MG,M,0.8808420296632875,6.996340579193523e-5,8.097266243907473e-4
APLP1,MG,M,0.8808420296632875,6.996340579193523e-5,8.097266243907473e-4
ZNF461,MG,M,0.8808420296632875,6.996340579193523e-5,8.097266243907473e-4
ZNF790-AS1,MG,M,0.8808420296632875,6.996340579193523e-5,8.097266243907473e-4
ZNF829,MG,M,0.8808420296632875,6.996340579193523e-5,8.097266243907473e-4
ZNF585A,MG,M,0.8808420296632875,6.996340579193523e-5,8.097266243907473e-4
LINC01535,MG,M,0.8808420296632875,6.996340579193523e-5,8.097266243907473e-4
ZNF793,MG,M,0.8808420296632875,6.996340579193523e-5,8.097266243907473e-4
AC093227.1,MG,M,0.8808420296632875,6.996340579193523e-5,8.097266243907473e-4
EID2B,MG,M,0.8808420296632875,6.996340579193523e-5,8.097266243907473e-4
AKT2,MG,M,0.8808420296632875,6.996340579193523e-5,8.097266243907473e-4
COQ8B,MG,M,0.8808420296632875,6.996340579193523e-5,8.097266243907473e-4
DMAC2,MG,M,0.8808420296632875,6.996340579193523e-5,8.097266243907473e-4
CIC,MG,M,0.8808420296632875,6.996340579193523e-5,8.097266243907473e-4
LIPE,MG,M,0.8808420296632875,6.996340579193523e-5,8.097266243907473e-4
CADM4,MG,M,0.8808420296632875,6.996340579193523e-5,8.097266243907473e-4
ZNF155,MG,M,0.8808420296632875,6.996340579193523e-5,8.097266243907473e-4
RELB,MG,M,0.8808420296632875,6.996340579193523e-5,8.097266243907473e-4
ERCC2,MG,M,0.8808420296632875,6.996340579193523e-5,8.097266243907473e-4
DMPK,MG,M,0.8808420296632875,6.996340579193523e-5,8.097266243907473e-4
DACT3-AS1,MG,M,0.8808420296632875,6.996340579193523e-5,8.097266243907473e-4
ZC3H4,MG,M,0.8808420296632875,6.996340579193523e-5,8.097266243907473e-4
NOP53-AS1,MG,M,0.8808420296632875,6.996340579193523e-5,8.097266243907473e-4
PLA2G4C,MG,M,0.8808420296632875,6.996340579193523e-5,8.097266243907473e-4
TEAD2,MG,M,0.8808420296632875,6.996340579193523e-5,8.097266243907473e-4
CCDC155,MG,M,0.8808420296632875,6.996340579193523e-5,8.097266243907473e-4
CTU1,MG,M,0.8808420296632875,6.996340579193523e-5,8.097266243907473e-4
AC010320.2,MG,M,0.8808420296632875,6.996340579193523e-5,8.097266243907473e-4
ZNF578,MG,M,0.8808420296632875,6.996340579193523e-5,8.097266243907473e-4
AC010332.3,MG,M,0.8808420296632875,6.996340579193523e-5,8.097266243907473e-4
ZNF665,MG,M,0.8808420296632875,6.996340579193523e-5,8.097266243907473e-4
ZNF331,MG,M,0.8808420296632875,6.996340579193523e-5,8.097266243907473e-4
AC011476.3,MG,M,0.8808420296632875,6.996340579193523e-5,8.097266243907473e-4
ISOC2,MG,M,0.8808420296632875,6.996340579193523e-5,8.097266243907473e-4
ZNF524,MG,M,0.8808420296632875,6.996340579193523e-5,8.097266243907473e-4
EPN1,MG,M,0.8808420296632875,6.996340579193523e-5,8.097266243907473e-4
ZNF470,MG,M,0.8808420296632875,6.996340579193523e-5,8.097266243907473e-4
ZNF805,MG,M,0.8808420296632875,6.996340579193523e-5,8.097266243907473e-4
ZNF419,MG,M,0.8808420296632875,6.996340579193523e-5,8.097266243907473e-4
ZNF549,MG,M,0.8808420296632875,6.996340579193523e-5,8.097266243907473e-4
ZNF274,MG,M,0.8808420296632875,6.996340579193523e-5,8.097266243907473e-4
ZNF8,MG,M,0.8808420296632875,6.996340579193523e-5,8.097266243907473e-4
UBE2M,MG,M,0.8808420296632875,6.996340579193523e-5,8.097266243907473e-4
SDCBP2,MG,M,0.8808420296632875,6.996340579193523e-5,8.097266243907473e-4
AL121899.1,MG,M,0.8808420296632875,6.996340579193523e-5,8.097266243907473e-4
EBF4,MG,M,0.8808420296632875,6.996340579193523e-5,8.097266243907473e-4
PCED1A,MG,M,0.7538103158205997,0.002918904672720954,0.032049739625830645
AP5S1,MG,M,0.8808420296632875,6.996340579193523e-5,8.097266243907473e-4
AL353194.1,MG,M,0.8808420296632875,6.996340579193523e-5,8.097266243907473e-4
RASSF2,MG,M,0.8808420296632875,6.996340579193523e-5,8.097266243907473e-4
PCNA,MG,M,0.8808420296632875,6.996340579193523e-5,8.097266243907473e-4
PLCB4,MG,M,0.7907236894316051,0.0012901066589674328,0.014695776542838875
AL050403.2,MG,M,0.8808420296632875,6.996340579193523e-5,8.097266243907473e-4
BTBD3,MG,M,0.7538103158205997,0.002918904672720954,0.032049739625830645
AL109838.1,MG,M,0.8808420296632875,6.996340579193523e-5,8.097266243907473e-4
SEC23B,MG,M,0.8808420296632875,6.996340579193523e-5,8.097266243907473e-4
SMIM26,MG,M,0.8808420296632875,6.996340579193523e-5,8.097266243907473e-4
CRNKL1,MG,M,0.8808420296632875,6.996340579193523e-5,8.097266243907473e-4
PDRG1,MG,M,0.8808420296632875,6.996340579193523e-5,8.097266243907473e-4
COMMD7,MG,M,0.8808420296632875,6.996340579193523e-5,8.097266243907473e-4
E2F1,MG,M,0.8808420296632875,6.996340579193523e-5,8.097266243907473e-4
ZNF341,MG,M,0.8808420296632875,6.996340579193523e-5,8.097266243907473e-4
SCAND1,MG,M,0.8808420296632875,6.996340579193523e-5,8.097266243907473e-4
NNAT,MG,M,0.7542381601777566,0.0028937139000866545,0.032049739625830645
ZFP64,MG,M,0.8808420296632875,6.996340579193523e-5,8.097266243907473e-4
RBM38,MG,M,0.8808420296632875,6.996340579193523e-5,8.097266243907473e-4
GNAS-AS1,MG,M,0.8808420296632875,6.996340579193523e-5,8.097266243907473e-4
PSMA7,MG,M,0.8808420296632875,6.996340579193523e-5,8.097266243907473e-4
NKAIN4,MG,M,0.8808420296632875,6.996340579193523e-5,8.097266243907473e-4
AL121827.2,MG,M,0.8808420296632875,6.996340579193523e-5,8.097266243907473e-4
MYT1,MG,M,0.8808420296632875,6.996340579193523e-5,8.097266243907473e-4
LINC00158,MG,M,0.8808420296632875,6.996340579193523e-5,8.097266243907473e-4
CYYR1,MG,M,0.8808420296632874,6.99634057919351e-5,8.097266243907473e-4
SOD1,MG,M,0.8808420296632875,6.996340579193523e-5,8.097266243907473e-4
HUNK,MG,M,0.8808420296632875,6.996340579193523e-5,8.097266243907473e-4
OLIG2,MG,M,0.8808420296632875,6.996340579193523e-5,8.097266243907473e-4
SETD4,MG,M,0.8808420296632875,6.996340579193523e-5,8.097266243907473e-4
CBR1,MG,M,0.8808420296632875,6.996340579193523e-5,8.097266243907473e-4
RRP1B,MG,M,0.8808420296632874,6.99634057919351e-5,8.097266243907473e-4
CSTB,MG,M,0.8808420296632874,6.99634057919351e-5,8.097266243907473e-4
RRP1,MG,M,0.8808420296632875,6.996340579193523e-5,8.097266243907473e-4
LSS,MG,M,0.8808420296632875,6.996340579193523e-5,8.097266243907473e-4
CDC45,MG,M,0.8808420296632875,6.996340579193523e-5,8.097266243907473e-4
GNB1L,MG,M,0.8808420296632875,6.996340579193523e-5,8.097266243907473e-4
SRRD,MG,M,0.8808420296632875,6.996340579193523e-5,8.097266243907473e-4
LINC02554,MG,M,0.8808420296632875,6.996340579193523e-5,8.097266243907473e-4
TTC28-AS1,MG,M,0.7751710408755929,0.0018528050697741362,0.020940500700614432
SEC14L2,MG,M,0.8808420296632875,6.996340579193523e-5,8.097266243907473e-4
PIK3IP1-AS1,MG,M,0.8808420296632875,6.996340579193523e-5,8.097266243907473e-4
DEPDC5,MG,M,0.7538103158205997,0.002918904672720954,0.032049739625830645
TIMP3,MG,M,0.8808420296632875,6.996340579193523e-5,8.097266243907473e-4
TOM1,MG,M,0.8808420296632874,6.99634057919351e-5,8.097266243907473e-4
FOXRED2,MG,M,0.8808420296632875,6.996340579193523e-5,8.097266243907473e-4
Z83844.2,MG,M,0.8808420296632875,6.996340579193523e-5,8.097266243907473e-4
LGALS1,MG,M,0.8808420296632875,6.996340579193523e-5,8.097266243907473e-4
AL021707.2,MG,M,0.8808420296632875,6.996340579193523e-5,8.097266243907473e-4
ATF4,MG,M,0.8808420296632875,6.996340579193523e-5,8.097266243907473e-4
AL022238.2,MG,M,0.8808420296632875,6.996340579193523e-5,8.097266243907473e-4
ZC3H7B,MG,M,0.8808420296632875,6.996340579193523e-5,8.097266243907473e-4
CYB5R3,MG,M,0.8808420296632875,6.996340579193523e-5,8.097266243907473e-4
TTLL12,MG,M,0.8808420296632875,6.996340579193523e-5,8.097266243907473e-4
PHF21B,MG,M,0.8808420296632875,6.996340579193523e-5,8.097266243907473e-4
SMC1B,MG,M,0.8808420296632875,6.996340579193523e-5,8.097266243907473e-4
TRABD,MG,M,0.8808420296632875,6.996340579193523e-5,8.097266243907473e-4
PLCXD1,MG,M,0.8808420296632875,6.996340579193523e-5,8.097266243907473e-4
AL672277.1,MG,M,0.8808420296632875,6.996340579193523e-5,8.097266243907473e-4
LINC00106,MG,M,0.8808420296632875,6.996340579193523e-5,8.097266243907473e-4
BX842570.1,MG,M,0.8808420296632875,6.996340579193523e-5,8.097266243907473e-4
CLCN4,MG,M,0.8808420296632875,6.996340579193523e-5,8.097266243907473e-4
GEMIN8,MG,M,0.8808420296632875,6.996340579193523e-5,8.097266243907473e-4
SCML2,MG,M,0.8808420296632875,6.996340579193523e-5,8.097266243907473e-4
CXorf21,MG,M,0.8808420296632875,6.996340579193523e-5,8.097266243907473e-4
AC091806.1,MG,M,0.8808420296632875,6.996340579193523e-5,8.097266243907473e-4
FUNDC1,MG,M,0.8808420296632875,6.996340579193523e-5,8.097266243907473e-4
ZNF41,MG,M,0.8808420296632875,6.996340579193523e-5,8.097266243907473e-4
RBM3,MG,M,0.8808420296632875,6.996340579193523e-5,8.097266243907473e-4
PRAF2,MG,M,0.8808420296632875,6.996340579193523e-5,8.097266243907473e-4
MAGED2,MG,M,0.8808420296632875,6.996340579193523e-5,8.097266243907473e-4
SPIN3,MG,M,0.8808420296632874,6.99634057919351e-5,8.097266243907473e-4
LAS1L,MG,M,0.8808420296632875,6.996340579193523e-5,8.097266243907473e-4
SNX12,MG,M,0.8808420296632875,6.996340579193523e-5,8.097266243907473e-4
CITED1,MG,M,0.8808420296632875,6.996340579193523e-5,8.097266243907473e-4
PHKA1,MG,M,0.8808420296632875,6.996340579193523e-5,8.097266243907473e-4
ZDHHC15,MG,M,0.7538103158205997,0.002918904672720954,0.032049739625830645
BEX4,MG,M,0.8808420296632875,6.996340579193523e-5,8.097266243907473e-4
TCEAL9,MG,M,0.8808420296632875,6.996340579193523e-5,8.097266243907473e-4
TCEAL4,MG,M,0.8808420296632875,6.996340579193523e-5,8.097266243907473e-4
ATG4A,MG,M,0.8808420296632875,6.996340579193523e-5,8.097266243907473e-4
RTL9,MG,M,0.8808420296632875,6.996340579193523e-5,8.097266243907473e-4
CHRDL1,MG,M,0.8808420296632875,6.996340579193523e-5,8.097266243907473e-4
ZBTB33,MG,M,0.8808420296632875,6.996340579193523e-5,8.097266243907473e-4
AL121601.1,MG,M,0.8808420296632875,6.996340579193523e-5,8.097266243907473e-4
ZDHHC9,MG,M,0.8808420296632875,6.996340579193523e-5,8.097266243907473e-4
PHF6,MG,M,0.8808420296632874,6.996340579193523e-5,8.097266243907473e-4
FAM122B,MG,M,0.8808420296632875,6.996340579193523e-5,8.097266243907473e-4
SMIM10,MG,M,0.8808420296632875,6.996340579193523e-5,8.097266243907473e-4
RTL8C,MG,M,0.8808420296632875,6.996340579193523e-5,8.097266243907473e-4
AL136169.1,MG,M,0.8808420296632875,6.996340579193523e-5,8.097266243907473e-4
FHL1,MG,M,0.8808420296632875,6.996340579193523e-5,8.097266243907473e-4
SPANXA2-OT1,MG,M,0.8808420296632875,6.996340579193523e-5,8.097266243907473e-4
HMGB3,MG,M,0.8808420296632875,6.996340579193523e-5,8.097266243907473e-4
FAM50A,MG,M,0.8808420296632875,6.996340579193523e-5,8.097266243907473e-4
FAM3A,MG,M,0.8808420296632875,6.996340579193523e-5,8.097266243907473e-4
IKBKG,MG,M,0.8808420296632875,6.996340579193523e-5,8.097266243907473e-4
AC012078.2,MG,M,0.8808420296632875,6.996340579193523e-5,8.097266243907473e-4
MT-ATP6,MG,M,0.7538103158205997,0.002918904672720954,0.032049739625830645
AP001442.1,OPC,M,0.8345731035709157,2.5533113224290725e-6,0.01260825131015476
C21orf58,OPC,M,0.8513796472742399,9.888379681455938e-7,0.009765763773405885
EIF5B,RG,M,0.7690172555137662,1.1285382255616428e-5,0.049712108835990365
