Name,logFC,AveExpr,t,P.Value,adj.P.Val,B,Compound.ID,Super.Class,Class,Direction,FDR_label
1-Palmitoyl-2-Docosahexaenoyl-Sn-Glycero-3-Phosphocholine,-0.20357576619286832,19.62623668017055,-3.642791181172971,0.001435372391471305,0.22861205056364872,-1.0830742592333262,C8-Pos-004574,Lipids and lipid-like molecules,Glycerophospholipids,Steeper in Females,
Propionylcarnitine,-0.5580763804419608,19.113347712214267,-3.6136402666126273,0.0015399580334797816,0.22861205056364872,-1.1379535077003124,C18-Pos-001104,Lipids and lipid-like molecules,Fatty Acyls,Steeper in Females,
5-Methylcytidine,-0.26939964242985776,23.89088597287179,-3.442179718228813,0.002324749952961906,0.22861205056364872,-1.459677461562885,Amide-Pos-001025,"Nucleosides, nucleotides, and analogues",Pyrimidine nucleosides,Steeper in Females,
Pe(26:4_19:6cooh),0.4671113307957825,23.51644232377141,3.7079395582527708,0.0019099784525162312,0.22861205056364872,-1.4680099182750013,C8-Pos-005302,Lipids and lipid-like molecules,Glycerophospholipids,Steeper in Males,
Pc(15:1cho_22:2),-0.25247540182416545,15.177072328192617,-3.557193683939804,0.0022515639048557713,0.22861205056364872,-1.489584803650387,C8-Pos-004631,Lipids and lipid-like molecules,Glycerophospholipids,Steeper in Females,
D-Panthenol,0.8349899105316723,15.640626858390384,4.398055772174507,6.070297056101755e-4,0.22861205056364872,-1.60667447506991,C18-Pos-001025,Organic oxygen compounds,Organooxygen compounds,Steeper in Males,
Peg N7,-0.29527893863690186,20.859868215411925,-3.3561693653325944,0.002854403588458556,0.22861205056364872,-1.6201683037132306,C18-Pos-002054,Organic oxygen compounds,Organooxygen compounds,Steeper in Females,
Guanosine,-0.18930220369858397,26.054315701558952,-3.3285567186017846,0.003048160674181983,0.22861205056364872,-1.671534216249146,C18-Pos-001618,"Nucleosides, nucleotides, and analogues",Purine nucleosides,Steeper in Females,
Methyl Dihydrogen Phosphate,-0.18950857857048345,17.708060207325516,-3.1995471131434656,0.004136404862886098,0.273877665807289,-1.9103279042402566,C18-Neg-000020,Organic acids and derivatives,Organic phosphoric acids and derivatives,Steeper in Females,
Ps 40:5,-2.7159635366268375,15.263164794344641,-3.4198523232998337,0.004564627763454817,0.273877665807289,-2.1549734122150928,C8-Neg-003404,Lipids and lipid-like molecules,Glycerophospholipids,Steeper in Females,
S-Adenosylmethionine,-0.16323805603924194,26.6293042310774,-3.0218085407320636,0.006269179238218667,0.33122876315319477,-2.235403947592367,Amide-Pos-001585,"Nucleosides, nucleotides, and analogues",5'-deoxyribonucleosides,Steeper in Females,
"6-Chloro-5-Methyl-1h-1,2,3-Benzotriazole",-0.695188249103424,15.933017970004407,-2.9937103567611913,0.007176623201652554,0.33122876315319477,-2.3449245483814662,Amide-Neg-000647,Organoheterocyclic compounds,Benzotriazoles,Steeper in Females,
Dl-Dipalmitoylphosphatidylcholine,-0.3817806597781065,21.571051086718445,-3.3305963123601976,0.006703746557854799,0.33122876315319477,-2.459546659280334,C8-Pos-003901,Lipids and lipid-like molecules,Glycerophospholipids,Steeper in Females,
Pe 18:0_24:5,-0.14508105043632985,29.011150134498223,-2.883409192905845,0.008627348632157611,0.3688338093027306,-2.484612057154264,C8-Pos-004731,Lipids and lipid-like molecules,Glycerophospholipids,Steeper in Females,
Pc(19:2cooh_21:6),-0.19690261707618703,17.97499355341092,-2.8543292602156782,0.009220845232568265,0.3688338093027306,-2.5364682088590964,C8-Neg-003658,Lipids and lipid-like molecules,Glycerophospholipids,Steeper in Females,
5-Methylcytosine,0.4549062917787302,24.7378632611864,2.7535079728477276,0.011594109844207752,0.4347791191577907,-2.71474039821078,Amide-Pos-000296,Organoheterocyclic compounds,Diazines,Steeper in Males,
Methyl L-Tryptophanate,-0.19349558744848588,28.5350757958115,-2.762780775536765,0.01238650107260048,0.4371706260917817,-2.783799584753246,C18-Pos-001113,Organic acids and derivatives,Carboxylic acids and derivatives,Steeper in Females,
Dg(20:4_22:5),-0.14660596749619326,20.45850624105968,-2.6903377708193865,0.01336493632390803,0.44549787746360103,-2.8251498104387043,C8-Pos-003687,Lipids and lipid-like molecules,Glycerolipids,Steeper in Females,
L-Malic Acid,-0.3135232174788862,18.44418668202673,-2.622978145676066,0.016295185964768682,0.49200811377369974,-2.9676336161132655,Amide-Neg-000195,Organic acids and derivatives,Hydroxy acids and derivatives,Steeper in Females,
Dl-Valine,-0.19687915978153808,15.568734103312568,-2.608697173465138,0.016400270459123324,0.49200811377369974,-2.978025533743812,Amide-Pos-000236,Organic acids and derivatives,Carboxylic acids and derivatives,Steeper in Females,
"Ne,Ne,Ne-Trimethyllysine",-0.15178702936961114,22.42647423124505,-2.5673114598457945,0.01756996384807005,0.5019989670877157,-3.0370256920031333,Amide-Pos-000682,Organic acids and derivatives,Carboxylic acids and derivatives,Steeper in Females,
2-Hydroxy-3-Methoxy-4-(1-Methoxypropan-2-Yl)-2h-Furan-5-One,-0.2771344481985645,26.161378818514855,-2.4938213476845403,0.021057134227934562,0.5742854789436699,-3.168446285347583,C18-Pos-001000,Organoheterocyclic compounds,Dihydrofurans,Steeper in Females,
N-Acetyl-Serine,-0.3749860998982673,18.782513832313835,-2.44088252271679,0.023160390116187302,0.5907794500824802,-3.2499570920268863,Amide-Neg-000288,Organic acids and derivatives,Carboxylic acids and derivatives,Steeper in Females,
Ps(23:1_17:2),-0.7642595797286065,18.692760594886767,-2.4916639079073337,0.02834473041309748,0.5907794500824802,-3.344652044967676,C8-Neg-003419,Lipids and lipid-like molecules,Glycerophospholipids,Steeper in Females,
5-Methyl D-Glutamate,-0.10031906376788137,29.254776585367914,-2.367772258091164,0.027106031906307712,0.5907794500824802,-3.3706385288354133,Amide-Pos-000563,Organic acids and derivatives,Carboxylic acids and derivatives,Steeper in Females,
N2-Methylguanosine,-0.11612562016127069,21.358124921896696,-2.3586788229479962,0.027638004727944195,0.5907794500824802,-3.385515561338601,C18-Pos-001733,"Nucleosides, nucleotides, and analogues",Purine nucleosides,Steeper in Females,
Pc(28:1_21:0cooh),-0.4580542029659785,17.59911516777487,-2.357482309219453,0.02869818789115965,0.5907794500824802,-3.401976757047052,C8-Pos-005741,Lipids and lipid-like molecules,Glycerophospholipids,Steeper in Females,
"2,6-Dihydroxypyridine Hcl",-0.9182001797169198,15.898523591468145,-2.3827649781990803,0.03190345410971141,0.5907794500824802,-3.436846401078078,Amide-Neg-000141,Organoheterocyclic compounds,Pyridines and derivatives,Steeper in Females,
"D,L-Serine",-0.21254773654619633,18.084983967286743,-2.32103682930852,0.029943967824855172,0.5907794500824802,-3.446774322290209,Amide-Neg-000119,Organic acids and derivatives,Carboxylic acids and derivatives,Steeper in Females,
Hexanoylcarnitine,-0.13683240411378356,26.63723187960276,-2.3154228858902517,0.030302651246045514,0.5907794500824802,-3.455865080970101,Amide-Pos-001033,Lipids and lipid-like molecules,Fatty Acyls,Steeper in Females,
Pe(21:4cooh_24:6),-1.0237108660355632,27.429297554537893,-2.322307827568394,0.03147726658301805,0.5907794500824802,-3.4566405851161233,C8-Pos-005313,Lipids and lipid-like molecules,Glycerophospholipids,Steeper in Females,
N-Acetylputrescine,-0.18532242835921492,18.509086144204062,-2.264449707667527,0.03374440060478228,0.5907794500824802,-3.537853837652227,Amide-Pos-000336,Organic acids and derivatives,Carboximidic acids and derivatives,Steeper in Females,
(Rac)-Idroxioleic Acid,-0.17688147119743622,23.98602530036321,-2.2658726429071487,0.03602622701348217,0.5907794500824802,-3.553186280943246,C8-Neg-000383,Lipids and lipid-like molecules,Fatty Acyls,Steeper in Females,
Pi(16:1_18:3),-0.3457578502673687,17.02622195658041,-2.2495600356286998,0.03481520440487995,0.5907794500824802,-3.561611821974226,C8-Neg-003377,Lipids and lipid-like molecules,Glycerophospholipids,Steeper in Females,
Ps(16:1_26:4),-0.43979335703724576,16.67610033398415,-2.259303560376995,0.038172688774334586,0.5907794500824802,-3.573317587288558,C8-Neg-003489,Lipids and lipid-like molecules,Glycerophospholipids,Steeper in Females,
1-Oleoyl-Sn-Glycero-3-Phosphocholine,0.3123242300582923,17.95259661167648,2.2411804740243655,0.03543137774185309,0.5907794500824802,-3.5749434327281526,C18-Pos-004585,Lipids and lipid-like molecules,Glycerophospholipids,Steeper in Males,
L-Phenylalanine,-0.2017413694956902,25.491394485969067,-2.2228113589799325,0.03681703780481155,0.5907794500824802,-3.604069200626781,C18-Pos-000721,Organic acids and derivatives,Carboxylic acids and derivatives,Steeper in Females,
Histamine,-0.22298075628416136,18.280519718653387,-2.19594082056434,0.03893294330115602,0.5907794500824802,-3.6464266641078247,Amide-Neg-000145,Organic nitrogen compounds,Organonitrogen compounds,Steeper in Females,
Octabenzone,0.20264269535550855,19.6664916409109,2.17912934034951,0.04031229762690187,0.5907794500824802,-3.672775322307067,C8-Pos-000696,Benzenoids,Benzene and substituted derivatives,Steeper in Males,
9-Methoxy-9-Oxononanoic Acid,0.2715474746633117,19.392302506841254,2.1653697570565935,0.041474044556367225,0.5907794500824802,-3.6942523254846913,C8-Pos-000007,Lipids and lipid-like molecules,Fatty Acyls,Steeper in Males,
3-Hydroxybutyrylcarnitine,-0.22640375058603363,20.95675641044423,-2.1615080550155388,0.04437473819393255,0.5907794500824802,-3.6965543707985304,C18-Pos-001343,Lipids and lipid-like molecules,Fatty Acyls,Steeper in Females,
4-Cholestenone,0.17729753589256272,21.348525023940386,2.1600245673013547,0.04248217291977911,0.5907794500824802,-3.7016029177382106,C8-Pos-001064,Lipids and lipid-like molecules,Steroids and steroid derivatives,Steeper in Males,
Ps(18:0_24:6),0.2371530652814759,25.893779436061074,2.197838689684863,0.04668164659889837,0.5907794500824802,-3.7082850691770846,C8-Neg-003479,Lipids and lipid-like molecules,Glycerophospholipids,Steeper in Males,
Dl-Glutamine,-0.2224208976637535,20.95210476013561,-2.1308465494887106,0.04452337052532305,0.5907794500824802,-3.7477828134024804,Amide-Pos-000475,Organic acids and derivatives,Carboxylic acids and derivatives,Steeper in Females,
Uridine 5'-Triphosphate Sodium Salt,-0.127233389750601,21.403754021737416,-2.128430828385868,0.04474413345315879,0.5907794500824802,-3.751509256685563,Amide-Neg-002149,"Nucleosides, nucleotides, and analogues",Pyrimidine nucleotides,Steeper in Females,
Pc(15:1cooh_27:7),-0.18287476220122806,20.433080982103256,-2.111307972572937,0.04633740593513543,0.5907794500824802,-3.7778493727126383,C8-Pos-005208,Lipids and lipid-like molecules,Glycerophospholipids,Steeper in Females,
2-Oleoyl-1-Palmitoyl-Sn-Glycero-3-Phosphocholine,0.24294989906444536,18.95712464640971,2.0891332298242644,0.04847653986146297,0.5907794500824802,-3.8117681045381397,Amide-Pos-002276,Lipids and lipid-like molecules,Glycerophospholipids,Steeper in Males,
Pc(19:1_15:0),-0.2204646513720806,20.949922124943768,-2.0794589873111073,0.0500152492417627,0.5907794500824802,-3.818940466042997,C8-Pos-004340,Lipids and lipid-like molecules,Glycerophospholipids,Steeper in Females,
Glycolic Acid,-0.22194470183681014,18.58864610802909,-2.060095613104068,0.05141157615581894,0.5907794500824802,-3.855850211650874,Amide-Neg-000015,Organic acids and derivatives,Hydroxy acids and derivatives,Steeper in Females,
Dl-Arginine,-0.14420034401938345,17.577378766749927,-2.0565769497038486,0.05177782809962564,0.5907794500824802,-3.8611658392114663,Amide-Neg-000697,Organic acids and derivatives,Carboxylic acids and derivatives,Steeper in Females,
Monolaurin,0.315593963798856,21.04891305677284,2.0186200723331194,0.0564778390583461,0.5907794500824802,-3.909173358030028,C8-Pos-000245,Lipids and lipid-like molecules,Glycerolipids,Steeper in Males,
L-Valine,-0.31270506764827816,21.390548488610676,-2.0112187178538563,0.05671215999446552,0.5907794500824802,-3.929174792596193,Amide-Neg-000214,Organic acids and derivatives,Carboxylic acids and derivatives,Steeper in Females,
Miltefosine,0.4193284779774919,16.1048130959457,2.0035578571346147,0.06641489110914132,0.5907794500824802,-3.929444599268198,C8-Pos-001413,Organic nitrogen compounds,Organonitrogen compounds,Steeper in Males,
Pc(17:4cooh_23:5),-0.36176635118341627,20.429608518456078,-1.9832845887669552,0.06056463413623729,0.5907794500824802,-3.9602062180902315,C8-Pos-005012,Lipids and lipid-like molecules,Glycerophospholipids,Steeper in Females,
3-Isopropoxypropylamine,-0.1089500537460003,24.178544707157254,-1.9763729942871198,0.06078258487074821,0.5907794500824802,-3.9807619887968952,Amide-Pos-000244,Organic oxygen compounds,Organooxygen compounds,Steeper in Females,
3-Ketocarbofuran,0.5430176952207593,17.207697122992784,1.973377952681191,0.06317696699595358,0.5907794500824802,-3.989158101819765,Amide-Pos-001016,Organoheterocyclic compounds,Benzofurans,Steeper in Males,
L-Glutamic Acid,-0.6305322510206477,19.21819065661258,-1.9515211630204286,0.0747283259307688,0.5907794500824802,-3.9957627993978875,Amide-Pos-000319,Organic acids and derivatives,Carboxylic acids and derivatives,Steeper in Females,
6-Aminocaproic Acid,0.37922104317795174,14.993318801974777,1.9920053062088512,0.07437039122845551,0.5907794500824802,-4.004957770438878,Amide-Neg-000323,Lipids and lipid-like molecules,Fatty Acyls,Steeper in Males,
L-Aspartic Acid,0.48109877344788765,18.05227564062134,1.9516308877044009,0.06382783708444276,0.5907794500824802,-4.017035279956984,C18-Pos-000393,Organic acids and derivatives,Carboxylic acids and derivatives,Steeper in Males,
D-Tyrosine,-0.3113098915543373,21.084548384610773,-1.903597838271677,0.07307673824983014,0.5907794500824802,-4.028233355908302,Amide-Neg-000781,Organic acids and derivatives,Carboxylic acids and derivatives,Steeper in Females,
Dg(4:0_34:6),-0.41902341927040154,17.646707660287838,-1.9080462707337769,0.07871480771952082,0.5907794500824802,-4.033081557335619,C8-Pos-003357,Lipids and lipid-like molecules,Glycerolipids,Steeper in Females,
Myristic Acid,-0.11944821871251671,16.862215407085294,-1.935730252429626,0.06647845199157203,0.5907794500824802,-4.038974696599686,C8-Neg-000086,Lipids and lipid-like molecules,Fatty Acyls,Steeper in Females,
L-Ascorbic Acid,0.33404910734805343,17.99479671764897,1.9342652722989473,0.0666684743305938,0.5907794500824802,-4.039990264036307,Amide-Neg-000729,Organoheterocyclic compounds,Dihydrofurans,Steeper in Males,
D-Pantothenic Acid,-0.16591608946741332,21.06685969004434,-1.9301518067106536,0.06657988877704389,0.5907794500824802,-4.048280818091408,C18-Pos-000992,Organic oxygen compounds,Organooxygen compounds,Steeper in Females,
Triethylene Glycol Monobutyl Ether,-0.0894997870029353,25.514469076573562,-1.9109484180196141,0.0691282575637011,0.5907794500824802,-4.076021244251276,C18-Pos-001031,Organic oxygen compounds,Organooxygen compounds,Steeper in Females,
Ps(22:0_22:4),-0.15811695562347353,21.437949694061214,-1.898688715797749,0.0707996131610559,0.5907794500824802,-4.093633918591866,C8-Neg-003577,Lipids and lipid-like molecules,Glycerophospholipids,Steeper in Females,
"Bis(2,2,6,6-Tetramethyl-4-Piperidyl)Sebacate",-0.28965070535308196,22.97142323479664,-1.8959581205813174,0.0711766614888556,0.5907794500824802,-4.097546390956438,C18-Pos-001292,Lipids and lipid-like molecules,Fatty Acyls,Steeper in Females,
Pc(18:1_22:6),-0.20756415293470476,19.927963888370915,-1.888649702675509,0.07219449658262242,0.5907794500824802,-4.107999390806514,C8-Pos-004991,Lipids and lipid-like molecules,Glycerophospholipids,Steeper in Females,
Cytidine 5'-Triphosphate,0.18743647240464728,20.852710037494358,1.884871838349679,0.07272561376375813,0.5907794500824802,-4.113392043965097,Amide-Pos-001770,Organic oxygen compounds,Organooxygen compounds,Steeper in Males,
"1,2-Dipentadecanoyl-Sn-Glycero-3-Phosphocholine",0.08451904496986709,19.21434371525549,1.884395994610229,0.0727927528421335,0.5907794500824802,-4.114070760961301,Amide-Pos-002176,Lipids and lipid-like molecules,Glycerophospholipids,Steeper in Males,
Udp-N-Acetylglucosamine,-0.15785980090360915,21.801883968335446,-1.8831901156134687,0.07296313895592611,0.5907794500824802,-4.11579023931922,Amide-Neg-001697,"Nucleosides, nucleotides, and analogues",Pyrimidine nucleotides,Steeper in Females,
Creatine,-0.17523849898553442,28.070766608394795,-1.881976487001546,0.07313497214942817,0.5907794500824802,-4.117520014206029,Amide-Pos-000200,Organic acids and derivatives,Carboxylic acids and derivatives,Steeper in Females,
Pc(30:8_11:3cooh),-0.10771842965970646,21.75612800224696,-1.8680886819436355,0.0751266221611353,0.5907794500824802,-4.137260174266685,C8-Neg-003628,Lipids and lipid-like molecules,Glycerophospholipids,Steeper in Females,
N-Methylcyclohexylamine,-0.11782119688075275,21.543387937785667,-1.8590918370592187,0.07644198492949386,0.5907794500824802,-4.149995025013364,C18-Pos-000219,Organic nitrogen compounds,Organonitrogen compounds,Steeper in Females,
Solanidine,0.16644513081809695,18.306150296594375,1.859016914154988,0.07645302262749265,0.5907794500824802,-4.150100900130834,C8-Pos-001317,Lipids and lipid-like molecules,Steroids and steroid derivatives,Steeper in Males,
Ethyl 3-Oxo-3-(1h-Pyrazol-5-Ylamino)Propanoate,-0.13159400977047458,21.190626169152733,-1.8575160018792205,0.07667443097107732,0.5907794500824802,-4.152221254252459,Amide-Pos-000718,Organic nitrogen compounds,Organonitrogen compounds,Steeper in Females,
Dl-P-Hydroxyphenyllactic Acid,-0.2049967696076161,21.073538022636047,-1.8378105593566052,0.080992440505012,0.5907794500824802,-4.154479725903029,Amide-Neg-000783,Benzenoids,Benzene and substituted derivatives,Steeper in Females,
D-Histidine Methyl Ester,0.2589844774937626,21.90631037966981,1.8460856411487618,0.07837899259746539,0.5907794500824802,-4.168330426438482,Amide-Pos-000604,Organic acids and derivatives,Carboxylic acids and derivatives,Steeper in Males,
Acrylic Acid,-0.2237459178644558,21.085900474947227,-1.7807839728901804,0.10025451449221025,0.5907794500824802,-4.182630185032886,Amide-Neg-000001,Organic acids and derivatives,Carboxylic acids and derivatives,Steeper in Females,
3-Methylhistidine,-0.297018528962873,21.014850792745293,-1.7758701618528325,0.09365549272119601,0.5907794500824802,-4.1993900770468136,Amide-Pos-000601,Organic acids and derivatives,Carboxylic acids and derivatives,Steeper in Females,
"N6,N6,N6-Trimethyl-L-Lysine",-0.5212305068875291,15.872244253649683,-1.814544816736206,0.08462320475769641,0.5907794500824802,-4.202252883767942,Amide-Pos-000686,Organic acids and derivatives,Carboxylic acids and derivatives,Steeper in Females,
N-Acetylalanine,0.23019955247473725,22.59020842644813,1.808301213491559,0.08562136039612937,0.5907794500824802,-4.208712510773446,Amide-Neg-000318,Organic acids and derivatives,Carboxylic acids and derivatives,Steeper in Males,
Dg(2:0_18:2),-0.08738680891195431,19.33769179800047,-1.8143744683236394,0.08328153890392838,0.5907794500824802,-4.212661384526745,C8-Pos-001468,Lipids and lipid-like molecules,Glycerolipids,Steeper in Females,
D-(+)-Glucose,-0.26823745398520277,18.797435757465806,-1.8139100414834646,0.08335527044579968,0.5907794500824802,-4.2133066617558335,Amide-Neg-000605,Organic oxygen compounds,Organooxygen compounds,Steeper in Females,
Gdp-L-Fucose,-0.37462424975048153,24.260411401898256,-1.805733809448556,0.08466259813651494,0.5907794500824802,-4.224647831184262,Amide-Pos-001983,"Nucleosides, nucleotides, and analogues",Purine nucleotides,Steeper in Females,
Peg N8,-0.5161172826510848,17.028558103303713,-1.77996132086177,0.09028169044714866,0.5907794500824802,-4.230167364927329,C8-Pos-001222,Organic oxygen compounds,Organooxygen compounds,Steeper in Females,
Tetraglyme,-0.2477799978717712,25.060146758320666,-1.7505313393163622,0.10044519355387577,0.5907794500824802,-4.239171404992332,C18-Pos-001141,Organic oxygen compounds,Organooxygen compounds,Steeper in Females,
Palmitoleic Acid,0.4387565244180626,19.655427133911733,1.7922353884675082,0.08685971125535337,0.5907794500824802,-4.243292610825517,C8-Pos-000148,Lipids and lipid-like molecules,Fatty Acyls,Steeper in Males,
Pe(18:0_22:6),0.11209841045822316,21.36522412059556,1.7866301631107404,0.08916569853497702,0.5907794500824802,-4.250152647921764,Amide-Pos-002316,Lipids and lipid-like molecules,Glycerophospholipids,Steeper in Males,
Sqdg(2:0_28:0),-0.35171219673742593,20.46429801702843,-1.7259873390153222,0.10634030101484644,0.5907794500824802,-4.250808169675329,C8-Neg-003216,Lipids and lipid-like molecules,Glycerolipids,Steeper in Females,
Glycerol Monooleate,0.45283214950328377,20.328782045918544,1.767081868488486,0.09108532780144318,0.5907794500824802,-4.277772018575927,C8-Pos-000806,Lipids and lipid-like molecules,Glycerolipids,Steeper in Males,
L-Ergothioneine,-0.3777044868826808,18.845080083894064,-1.7641609026502796,0.09158730201167467,0.5907794500824802,-4.281753508134186,Amide-Pos-000860,Organic acids and derivatives,Carboxylic acids and derivatives,Steeper in Females,
2-Sc S-(2-Succinyl)-L-Cysteine,0.1589515323636829,18.25724756459248,1.7609089484725207,0.0921489512520878,0.5907794500824802,-4.286180630567348,Amide-Pos-000902,Organic acids and derivatives,Carboxylic acids and derivatives,Steeper in Males,
Oahfa(15:1_25:3),-0.35702921686281575,19.43835599148379,-1.7536474578205925,0.09341377512023245,0.5907794500824802,-4.296045149091447,C8-Neg-002832,Lipids and lipid-like molecules,Fatty acyls,Steeper in Females,
"D-Fructose 1,6-Bisphosphate",-0.2156072948266646,21.508365380180546,-1.7520769580120898,0.09368927866520493,0.5907794500824802,-4.298174787828026,Amide-Neg-001874,Organic oxygen compounds,Organooxygen compounds,Steeper in Females,
Vidarabine Phosphate,-0.15757518110465438,22.627849160121098,-1.7495044136619162,0.0941420701833161,0.5907794500824802,-4.30166026934971,C18-Pos-002279,"Nucleosides, nucleotides, and analogues",Purine nucleotides,Steeper in Females,
1-Hexadecanoyl-Sn-Glycero-3-Phosphoethanolamine,-0.12324731974616006,21.383388762541163,-1.7464810840503682,0.09467660003506508,0.5907794500824802,-4.305751811373418,C18-Pos-003617,Lipids and lipid-like molecules,Glycerophospholipids,Steeper in Females,
Pc(20:4cooh_23:6),-0.25686662051601605,17.486150437855173,-1.7437346042518704,0.0958278754912246,0.5907794500824802,-4.310682390928119,C8-Neg-003538,Lipids and lipid-like molecules,Glycerophospholipids,Steeper in Females,
Ps(23:4_21:5),0.23606082378735635,16.99489886882164,1.6957840287323163,0.1047031520266859,0.5907794500824802,-4.340146311501041,C8-Neg-003546,Lipids and lipid-like molecules,Glycerophospholipids,Steeper in Males,
Pa(18:1_20:0),-0.22440781422816763,20.78128876872872,-1.7015322347205375,0.10515032750723947,0.5907794500824802,-4.344482836882342,C8-Pos-004019,Lipids and lipid-like molecules,Glycerophospholipids,Steeper in Females,
Pe 21:2_21:2,-0.1978837742101142,17.437654073302543,-1.715171227038231,0.100366676741672,0.5907794500824802,-4.347823584723298,C8-Pos-004750,Lipids and lipid-like molecules,Glycerophospholipids,Steeper in Females,
(R)-Butyrylcarnitine,0.3581195045590952,18.76243535771648,1.7098359271529435,0.10136480483183566,0.5907794500824802,-4.354937677015173,Amide-Pos-000872,Lipids and lipid-like molecules,Fatty Acyls,Steeper in Males,
L-Pipecolinic Acid,0.10259294891326966,22.20250742682454,1.6967540021136762,0.10525234699659936,0.5907794500824802,-4.357560828012385,Amide-Pos-000331,Organic acids and derivatives,Carboxylic acids and derivatives,Steeper in Males,
Cl(23:1_19:4cho_22:4_22:4cho),-0.14743961202924888,24.198361053105295,-1.7078511036163624,0.10173827644357467,0.5907794500824802,-4.357580120219808,C8-Neg-003382,Lipids and lipid-like molecules,Glycerophospholipids,Steeper in Females,
Pyrrole-2-Carboxylic Acid,-0.48379095368795116,15.919690361591458,-1.5866829864277643,0.14089028680724644,0.6308520304802079,-4.36218554645364,Amide-Neg-000142,Organoheterocyclic compounds,Pyrroles,Steeper in Females,
Tg(39:10_9:2cho),-0.11358857342714022,19.61678578477022,-1.7014789603279343,0.10294520568820537,0.5907794500824802,-4.366048362661299,C8-Pos-004650,Lipids and lipid-like molecules,Glycerolipids,Steeper in Females,
L-2-Aminoadipic Acid,-0.22975162750508726,24.147198587378288,-1.6775842835853487,0.10980211961521275,0.5935249708930419,-4.370705805445075,Amide-Pos-000447,Organic acids and derivatives,Carboxylic acids and derivatives,Steeper in Females,
Pi(17:3_25:6),0.6665512658708349,17.893376796478552,1.6432218591105416,0.12112789767031017,0.615390810441319,-4.376987301143203,C8-Neg-003687,Lipids and lipid-like molecules,Glycerophospholipids,Steeper in Males,
D-Phenylalanine,-0.1376367616457764,28.669805146265904,-1.6919904714622616,0.10476493572137179,0.5907794500824802,-4.378615124369067,Amide-Pos-000583,Organic acids and derivatives,Carboxylic acids and derivatives,Steeper in Females,
Proline Betaine,0.1407803990672107,19.51761337151386,1.6893009868297297,0.10528567297126541,0.5907794500824802,-4.382167759880607,Amide-Pos-000448,Organic acids and derivatives,Carboxylic acids and derivatives,Steeper in Males,
Creatinine,-0.4315587751958701,15.656573322366373,-1.6398338281367109,0.11667421107651,0.615390810441319,-4.385027400304784,Amide-Pos-000193,Organic acids and derivatives,Carboxylic acids and derivatives,Steeper in Females,
Adenosine Triphosphate (Atp),0.08139781994990535,22.465432969670946,1.658957958960336,0.11788124184685171,0.615390810441319,-4.38585082624844,Amide-Neg-001422,"Nucleosides, nucleotides, and analogues",Purine nucleotides,Steeper in Males,
Indole-3-Carboxaldehyde,-0.2029410455396571,19.71028826066134,-1.6856308641578952,0.10599982223181495,0.5907794500824802,-4.387009053645169,C18-Pos-000538,Organoheterocyclic compounds,Indoles and derivatives,Steeper in Females,
Pe(19:1cooh_24:4),0.20449093467323534,20.20666346754718,1.6748333976884473,0.10812469291913715,0.5930723733766871,-4.401207105589602,C8-Neg-003487,Lipids and lipid-like molecules,Glycerophospholipids,Steeper in Males,
Tg(18:1_3:0_4:0cooh),-0.2848277549293844,22.68448378474333,-1.6717907579430418,0.1087299351190593,0.5930723733766871,-4.405195837332216,C8-Pos-002397,Lipids and lipid-like molecules,Glycerolipids,Steeper in Females,
Cholest-4-En-3-One,-0.2953057675188321,16.745763175725383,-1.6198166821018638,0.12367160576067579,0.615390810441319,-4.422852037141437,C8-Pos-001061,Lipids and lipid-like molecules,Steroids and steroid derivatives,Steeper in Females,
Pc(9:0cho_26:1),-0.6250570604018415,17.974074207391617,-1.6214117579431637,0.12058858974026464,0.615390810441319,-4.4230651961252825,C8-Pos-004612,Lipids and lipid-like molecules,Glycerophospholipids,Steeper in Females,
Pi(29:7_11:0),-0.6824829379617086,18.847622350326215,-1.6427783858332992,0.11464621359632418,0.6141761442660224,-4.442958710848903,C8-Pos-005326,Lipids and lipid-like molecules,Glycerophospholipids,Steeper in Females,
L-Glutathione (Reduced),-1.0893061435837135,24.57907822303517,-1.4969348497704762,0.1602419012929673,0.645952223014647,-4.4538617123113715,C18-Pos-001855,Organic acids and derivatives,Carboxylic acids and derivatives,Steeper in Females,
Gly-Met-Arg,-0.2988296149508996,17.032353621320393,-1.6232215609166336,0.11878527495911272,0.615390810441319,-4.468135077952656,C8-Pos-001359,Organic acids and derivatives,Carboxylic acids and derivatives,Steeper in Females,
Guanosine 5'-Diphosphate (Gdp),0.23489975742558478,23.22657976124057,1.6212698252272433,0.11987874767823806,0.615390810441319,-4.468761377920831,Amide-Pos-001703,"Nucleosides, nucleotides, and analogues",Purine nucleotides,Steeper in Males,
Hypoxanthtine,-0.11925730798961175,20.928021088792192,-1.6055752067591471,0.1233007132279904,0.615390810441319,-4.490855684746714,Amide-Pos-000411,Organoheterocyclic compounds,Imidazopyrimidines,Steeper in Females,
Ps 20:2_20:2,0.07237502410374344,18.639715475178985,1.5141728935590806,0.15076598265445765,0.6401241079544602,-4.5052806225427044,C8-Pos-004875,Lipids and lipid-like molecules,Glycerophospholipids,Steeper in Males,
Palmitoyl Sphingomyelin,-0.3677784766973164,20.703350193045388,-1.5929034044551384,0.12544892827128637,0.615390810441319,-4.506714631017365,C8-Pos-003642,Lipids and lipid-like molecules,Sphingolipids,Steeper in Females,
L-Hydroxyproline,0.24716041475729147,18.656947824296065,1.5882147744182316,0.12718076749120594,0.615390810441319,-4.510533583854448,Amide-Pos-000349,Organic acids and derivatives,Carboxylic acids and derivatives,Steeper in Males,
Pa(29:1_20:6),-0.1181415980960211,20.85264190064452,-1.5895380238357504,0.12620746446468734,0.615390810441319,-4.510962974025428,C8-Neg-003516,Lipids and lipid-like molecules,Glycerophospholipids,Steeper in Females,
Uridine,-0.08156005120762946,24.815699559392545,-1.5888483351295244,0.12636338665432778,0.615390810441319,-4.511832768302442,Amide-Pos-000957,"Nucleosides, nucleotides, and analogues",Pyrimidine nucleosides,Steeper in Females,
Ps(15:0_25:3),-0.30302015869979965,18.741832806743627,-1.5754609967219355,0.12942183688504066,0.6212248170481952,-4.528658941737066,C8-Neg-003418,Lipids and lipid-like molecules,Glycerophospholipids,Steeper in Females,
Palmitic Acid,0.10713629283068665,16.29288061675393,1.5692720269505065,0.1308563987917908,0.6215348942257156,-4.536400825598579,C8-Pos-000342,Lipids and lipid-like molecules,Fatty Acyls,Steeper in Males,
Pc(11:2cho_11:2),-0.18128196091164822,20.52899043243021,-1.5662647163394028,0.13155821927777647,0.6215348942257156,-4.540154274093116,C8-Pos-002985,Lipids and lipid-like molecules,Glycerophospholipids,Steeper in Females,
Pc 38:4,-0.11325795045936372,17.74065281325025,-1.5621384272752519,0.13319983471451488,0.6224372292787667,-4.541305865474605,C8-Pos-004446,Lipids and lipid-like molecules,Glycerophospholipids,Steeper in Females,
5'-S-Methyl-5'-Thioadenosine,-0.21282194118945366,18.11662878155701,-1.5545432387527975,0.13432350396948992,0.6224372292787667,-4.554731038479515,C8-Pos-000483,"Nucleosides, nucleotides, and analogues",5'-deoxyribonucleosides,Steeper in Females,
L-(-)-Methionine,-0.1622616650453976,18.377337798673604,-1.5499356153246322,0.13542359494009296,0.6224372292787667,-4.560437923068231,C18-Pos-000574,Organic acids and derivatives,Carboxylic acids and derivatives,Steeper in Females,
Hyflavin,-0.07909793810190861,24.61059199210195,-1.5454911133422442,0.1364917794950972,0.6224372292787667,-4.5659303587911335,Amide-Pos-001528,Organoheterocyclic compounds,Pteridines and derivatives,Steeper in Females,
Dl-Alanine,-0.23355757432292826,15.84686601857736,-1.5436504596500764,0.13693619044132865,0.6224372292787667,-4.568201430447649,Amide-Neg-000047,Organic acids and derivatives,Carboxylic acids and derivatives,Steeper in Females,
Asp-Leu,-0.09269611383039464,26.95235417491872,-1.466050647586197,0.15898922225394327,0.645952223014647,-4.577486853544041,C18-Pos-001333,Organic acids and derivatives,Carboxylic acids and derivatives,Steeper in Females,
"N,N-Dimethyl-Beta-Alanine Hcl",-0.24768833140220245,16.251940202582993,-1.5304729979911538,0.14015273898184036,0.6308520304802079,-4.584398954050649,Amide-Pos-000235,Organic nitrogen compounds,Organonitrogen compounds,Steeper in Females,
Pi(20:4_20:4),-0.3768897406683278,17.95355808767287,-1.3861673441716291,0.18901118492179173,0.6602301429743789,-4.585904268617138,C8-Pos-005440,Lipids and lipid-like molecules,Glycerophospholipids,Steeper in Females,
Amifampridine,-0.14447249504054355,24.837167363304513,-1.5229988516405946,0.142004593103465,0.6311315249042889,-4.59353802732339,Amide-Pos-000167,Organoheterocyclic compounds,Pyridines and derivatives,Steeper in Females,
"5,5-Dimethyl-2-{[(2-Phenylacetyl)Amino]Methyl}-1,3-Thiazolane-4-Carboxylic Acid",-0.1897175801300525,22.460570071204145,-1.517987753222897,0.14325739866080522,0.6320179352682583,-4.599645840712174,C18-Neg-001236,Organic acids and derivatives,Carboxylic acids and derivatives,Steeper in Females,
Lecithin,0.1114388129532325,15.624711038908824,1.5098381448357567,0.14531419852060468,0.6357357581859405,-4.609545427195819,Amide-Pos-002273,Lipids and lipid-like molecules,Glycerophospholipids,Steeper in Males,
Dg(25:3_25:7),-0.15826267479675632,20.73877215456379,-1.506282084033892,0.14621922438276633,0.6357357581859405,-4.613852002489017,C8-Pos-004529,Lipids and lipid-like molecules,Glycerolipids,Steeper in Females,
2-Oxoadipic Acid,-0.2702014579929887,24.06493628046783,-1.5014696887853707,0.14745132729820798,0.6364805494886675,-4.619667372544268,Amide-Neg-000587,Organic acids and derivatives,Keto acids and derivatives,Steeper in Females,
"[2,2'-Biquinoline]-4,4'-Dicarboxylic Acid",-0.42799253197936377,14.606736762305081,-1.4748424951638432,0.1558233605794188,0.645952223014647,-4.62318843813365,Amide-Pos-001385,Organoheterocyclic compounds,Quinolines and derivatives,Steeper in Females,
"5,5-Dimethyloxazolidine-2,4-Dione",0.3021352477159331,22.516181260624183,1.3859492234817252,0.1932141288610314,0.669327188095829,-4.635553692594496,Amide-Neg-000296,Organoheterocyclic compounds,Azolidines,Steeper in Males,
2-Oleoyl-1-Stearoyl-Sn-Glycero-3-Phosphoserine,0.10645209951939064,16.87665828072061,1.4864997652719547,0.15133835457620773,0.6401241079544602,-4.637663576159097,Amide-Neg-002264,Lipids and lipid-like molecules,Glycerophospholipids,Steeper in Males,
Tg(15:1cho_15:2),0.06939114397415562,16.259095647091943,1.4858991295385084,0.15149603888255558,0.6401241079544602,-4.638382666994059,C8-Pos-002684,Lipids and lipid-like molecules,Glycerolipids,Steeper in Males,
Allopurinol,-0.09738108343505818,21.55796557101122,-1.4164087361200879,0.17471862739942973,0.6602301429743789,-4.640321774812928,Amide-Neg-000402,Organoheterocyclic compounds,Pyrazolopyrimidines,Steeper in Females,
Beta-Alanine,0.504235282031641,16.777797043403623,1.3009912784401136,0.2158482404604832,0.7076991490507646,-4.653663188151066,Amide-Pos-000026,Organic acids and derivatives,Carboxylic acids and derivatives,Steeper in Males,
Dodecyl Sulfate,-0.1541560028934157,22.147613430449507,-1.4694927239109228,0.15585515954728324,0.645952223014647,-4.657935691184424,C8-Neg-000223,Organic acids and derivatives,Organic sulfuric acids and derivatives,Steeper in Females,
Cl(12:0cooh_22:0_24:1_21:2),-0.08436958116516201,19.26297918330438,-1.4205047057943856,0.17591253231591436,0.6602301429743789,-4.6595602673958725,C8-Neg-003274,Lipids and lipid-like molecules,Glycerophospholipids,Steeper in Females,
Uracil,-0.3169486355339988,20.704452220603567,-1.4591593084417098,0.1593180151456224,0.645952223014647,-4.667306259635293,Amide-Pos-000180,Organoheterocyclic compounds,Diazines,Steeper in Females,
Putrescine,-0.1718132083851236,25.25662601456853,-1.457138055892667,0.15920447432256973,0.645952223014647,-4.672546039301453,Amide-Pos-000025,Organic nitrogen compounds,Organonitrogen compounds,Steeper in Females,
Pc(11:1_29:4),-0.10953234150136719,17.5958692269771,-1.4527373461986122,0.160411468715304,0.645952223014647,-4.677726472081403,C8-Pos-005020,Lipids and lipid-like molecules,Glycerophospholipids,Steeper in Females,
Acetylcholine,0.24310430846553777,25.16911998239261,1.4482469139450036,0.16165068258090898,0.6466027303236359,-4.682999625006095,Amide-Pos-000467,Organic nitrogen compounds,Organonitrogen compounds,Steeper in Males,
(2r)-3-Hydroxyisovaleroylcarnitine,-0.3077735431579246,22.15211507015044,-1.4377420700739452,0.16457986662392815,0.6539597349295158,-4.695284507024407,C18-Pos-001425,Lipids and lipid-like molecules,Fatty Acyls,Steeper in Females,
Pe(15:0_27:7),0.5241565709765907,17.094115746203638,1.3931273972627303,0.18054820935924165,0.6602301429743789,-4.702569335074453,C8-Pos-004870,Lipids and lipid-like molecules,Glycerophospholipids,Steeper in Males,
Pc(14:0_4:1cho),0.24192580116119053,26.972544125299127,1.4248992545915504,0.16821886573729505,0.6602301429743789,-4.710205949462257,C8-Neg-002453,Lipids and lipid-like molecules,Glycerophospholipids,Steeper in Males,
Pi 36:4,-0.14352275479511206,24.270992669014895,-1.3327065409569743,0.2002156793200501,0.6786972180340681,-4.711113733740509,C8-Pos-005112,Lipids and lipid-like molecules,Glycerophospholipids,Steeper in Females,
Cytidine 5'-Diphosphocholine,-0.1385561733687965,22.923544806231664,-1.420558891734551,0.16946320821006186,0.6602301429743789,-4.715224433645713,Amide-Pos-001779,"Nucleosides, nucleotides, and analogues",Pyrimidine nucleotides,Steeper in Females,
Tg(O-27:8_21:6),-0.15172323271663699,19.844525470376002,-1.4190866000133493,0.16988697331812663,0.6602301429743789,-4.7169239460071575,C8-Pos-004339,Lipids and lipid-like molecules,Glycerolipids,Steeper in Females,
Prolinamide,-0.08510767900169058,19.176597814729476,-1.4068273275076117,0.17344857328551005,0.6602301429743789,-4.731019893193364,Amide-Pos-000230,Organic acids and derivatives,Carboxylic acids and derivatives,Steeper in Females,
Stearoyl Ethanolamide,-0.09009169553192856,16.436550010241703,-1.361904414745992,0.18837191346520468,0.6602301429743789,-4.733735962413686,C8-Pos-000709,Organic nitrogen compounds,Organonitrogen compounds,Steeper in Females,
Propham,-0.21023518045414338,23.541961252943338,-1.2274272548773861,0.24319579944944159,0.7406978663434769,-4.73648665037046,C18-Pos-000820,Benzenoids,Benzene and substituted derivatives,Steeper in Females,
Adenosine 3'5'-Cyclic Monophosphate,-0.8466140257326378,16.914528110579607,-1.3982336450943031,0.17598062056822528,0.6602301429743789,-4.740841994515996,C18-Pos-002092,"Nucleosides, nucleotides, and analogues",Purine nucleotides,Steeper in Females,
Meglumine,-0.13252467254007214,23.67740511228878,-1.3981360877465607,0.17600953322610965,0.6602301429743789,-4.740953216740895,Amide-Pos-000710,Organic oxygen compounds,Organooxygen compounds,Steeper in Females,
Ser-Ser,-0.2387108815798873,20.723144091193202,-1.3967141157378933,0.17643138703290748,0.6602301429743789,-4.742573649029357,Amide-Pos-000616,Organic acids and derivatives,Carboxylic acids and derivatives,Steeper in Females,
Dg(21:1_19:4),-0.20297257092219836,16.52553434533489,-1.1674389173768756,0.2639995643771708,0.7500594039751364,-4.7447075982349,C8-Pos-003575,Lipids and lipid-like molecules,Glycerolipids,Steeper in Females,
Trometamol,0.07589247626403538,16.353490748805147,1.3795369593867108,0.18295955407742745,0.6602301429743789,-4.758355382997772,Amide-Pos-000270,Organic nitrogen compounds,Organonitrogen compounds,Steeper in Males,
Levulinic Acid,-0.24628832779234197,20.46485542405414,-1.3730869009048488,0.1835593348344132,0.6602301429743789,-4.769301703308253,Amide-Neg-000094,Organic acids and derivatives,Keto acids and derivatives,Steeper in Females,
4-Quinolinol,0.24656410879935572,21.191406859243262,1.3717537425471864,0.18396823268704723,0.6602301429743789,-4.770798721461745,Amide-Pos-000461,Organoheterocyclic compounds,Quinolines and derivatives,Steeper in Males,
Nicotinamide,-0.12082723522334599,17.161060434601847,-1.3692414176235024,0.1847407566290905,0.6602301429743789,-4.773616601983363,C18-Pos-000286,Organoheterocyclic compounds,Pyridines and derivatives,Steeper in Females,
Glutaric Anhydride,-0.08037920652572526,21.858784873746885,-1.3680446243050095,0.18510966443269586,0.6602301429743789,-4.774957464196083,Amide-Neg-000171,Organoheterocyclic compounds,Lactones,Steeper in Females,
Phthalylsulfathiazole,-0.13080097630381457,27.31605096045153,-1.3655968524867965,0.18586599672630927,0.6602301429743789,-4.777696902965879,Amide-Pos-001548,Benzenoids,Benzene and substituted derivatives,Steeper in Females,
Pc(O-10:0_23:2),0.32180437753096036,20.999748106066686,1.362804578956105,0.1867317560403131,0.6602301429743789,-4.780816978520007,C8-Pos-003714,Lipids and lipid-like molecules,Glycerophospholipids,Steeper in Males,
Bmp 22:5_22:6,-0.36689641844723575,15.518151405119061,-1.2000524986431274,0.2500322887689652,0.743257388896975,-4.782353697644327,C8-Pos-004964,Lipids and lipid-like molecules,Glycerophospholipids,Steeper in Females,
"8z,11z,14z-Eicosatrienoic Acid",-0.11882713237304456,18.680047908432517,-1.3598589474269596,0.18764851383164277,0.6602301429743789,-4.784102732156198,C8-Neg-000432,Lipids and lipid-like molecules,Fatty Acyls,Steeper in Females,
Pi 38:6,-0.07691877615810924,25.329120919366712,-1.3546894655911197,0.18926597431932196,0.6602301429743789,-4.789854987736678,C8-Neg-003536,Lipids and lipid-like molecules,Glycerophospholipids,Steeper in Females,
Fentanyl,0.7062600690444304,17.112177553283434,1.1877831773460978,0.25789651358468224,0.7500594039751364,-4.790476165304456,C8-Pos-000786,Organoheterocyclic compounds,Piperidines,Steeper in Males,
Geranylgeranylacetone,-0.4933047912011679,18.488072837551126,-1.0866722627951337,0.2969195559006696,0.7500594039751364,-4.800189906565468,C8-Pos-000740,Lipids and lipid-like molecules,Prenol lipids,Steeper in Females,
Ethyl Acetoacetate,-0.23938878160366375,21.696379868668057,-1.338831297230093,0.1942963701572718,0.669327188095829,-4.80738821178441,Amide-Neg-000104,Organic acids and derivatives,Keto acids and derivatives,Steeper in Females,
Choline,-0.10633242934669997,24.395328069946707,-1.334084760800573,0.19582226033059139,0.669327188095829,-4.812602940122954,Amide-Pos-000097,Organic nitrogen compounds,Organonitrogen compounds,Steeper in Females,
L-Glutarylcarnitine,-0.17221251534132198,22.478795425635894,-1.3324932880632478,0.19633597517477652,0.669327188095829,-4.814347961666818,Amide-Pos-001103,Lipids and lipid-like molecules,Fatty Acyls,Steeper in Females,
Pc(20:2cho_22:5),-0.1767300512963671,21.35933167842468,-1.1355409208010818,0.282630249590018,0.7500594039751364,-4.82649758337902,C8-Neg-003470,Lipids and lipid-like molecules,Glycerophospholipids,Steeper in Females,
Pc(17:3_20:1),-0.1062202784668824,20.286967870830587,-1.2687513071324732,0.21985366069832127,0.7092053570913589,-4.830113190961302,C8-Neg-003462,Lipids and lipid-like molecules,Glycerophospholipids,Steeper in Females,
Adenine,-0.14893646268074492,20.674258901858412,-1.257653097391765,0.22458903279947867,0.7167735089345064,-4.83221389479151,Amide-Pos-000383,Organoheterocyclic compounds,Imidazopyrimidines,Steeper in Females,
Ps(23:2_21:0),0.3420104452137301,18.28417383914946,1.2110279269276294,0.24461947223397182,0.7412711279817328,-4.835538893325058,C8-Neg-003596,Lipids and lipid-like molecules,Glycerophospholipids,Steeper in Males,
Α-Cyano-3-Hydroxycinnamic Acid,0.24097354719653835,24.001874454376654,1.3124564982452807,0.2028943017609655,0.6839133767223556,-4.836169955648874,Amide-Neg-000851,Phenylpropanoids and polyketides,Cinnamic acids and derivatives,Steeper in Males,
Pc(12:1_28:3),0.08050330908755339,20.36741588852804,1.301968322514571,0.20639462467487107,0.6918255575694002,-4.847482772502867,C8-Neg-003585,Lipids and lipid-like molecules,Glycerophospholipids,Steeper in Males,
Uridine 5'-Diphosphate,0.3140596436373772,26.007402696546727,1.1613232591002465,0.2636575226700707,0.7500594039751364,-4.847817505169424,Amide-Pos-001617,"Nucleosides, nucleotides, and analogues",Pyrimidine nucleotides,Steeper in Males,
Pyruvic Acid,0.16827118230703766,19.111985002816148,1.0299253656759668,0.3273104572158664,0.7500594039751364,-4.847988628862382,Amide-Neg-000032,Organic acids and derivatives,Keto acids and derivatives,Steeper in Males,
Tg(2:0_11:0_23:4),0.2068502010789033,14.589238166148915,1.0074242370134836,0.33537683259682016,0.7500594039751364,-4.857124098465135,C8-Pos-003290,Lipids and lipid-like molecules,Glycerolipids,Steeper in Males,
Lpc 20:3-Sn1,0.035671369018599165,19.046668983216065,0.1277057521857759,0.9009133182933825,0.9990098609903744,-4.868701764340913,C8-Pos-002542,Lipids and lipid-like molecules,Glycerophospholipids,Steeper in Males,
Acetyl-L-Carnitine,-0.1512384367579963,24.190306535820607,-1.2765532004154398,0.21507095185209224,0.7076991490507646,-4.874580775554853,Amide-Pos-000754,Lipids and lipid-like molecules,Fatty Acyls,Steeper in Females,
Inosine,-0.12138510229818736,20.765941570468925,-1.2751417599334978,0.21556091702182595,0.7076991490507646,-4.8760725215553515,Amide-Pos-001079,"Nucleosides, nucleotides, and analogues",Purine nucleosides,Steeper in Females,
Pc(22:3cho_27:6),0.22943243005524191,16.53015478842977,1.2747079479541565,0.21571168240637081,0.7076991490507646,-4.876530736651274,C8-Pos-005692,Lipids and lipid-like molecules,Glycerophospholipids,Steeper in Males,
Cytidine-5'-Monophospho-N-Acetylneuraminic Acid,-0.11261265572833873,24.588685498235854,-1.267182896868839,0.21833984617415203,0.7092053570913589,-4.884458184008221,Amide-Neg-002218,"Nucleosides, nucleotides, and analogues",Pyrimidine nucleotides,Steeper in Females,
D-Sphingosine,0.1110811864869119,19.14618005705981,1.1582442615132729,0.261116110877042,0.7500594039751364,-4.886259480901199,C8-Pos-000382,Organic nitrogen compounds,Organonitrogen compounds,Steeper in Males,
Oahfa(15:1_27:4),-0.20174317121458507,17.02698320307487,-1.263456734364838,0.21965030287398157,0.7092053570913589,-4.888368941328943,C8-Neg-002972,Lipids and lipid-like molecules,Fatty acyls,Steeper in Females,
1-Methyladenosine,0.1634744204805666,18.06710546842314,1.2407670217555744,0.22837478679297274,0.7222811833097758,-4.896650368857952,Amide-Pos-001132,"Nucleosides, nucleotides, and analogues",Purine nucleosides,Steeper in Males,
6-Chloropicolinic Acid,-0.09503022341610598,20.80522069009124,-1.2551262164642614,0.22260188749825044,0.7142306550746004,-4.897076944836353,Amide-Pos-000636,Organoheterocyclic compounds,Pyridines and derivatives,Steeper in Females,
Pe(19:1cooh_28:3),-0.3178918267680618,15.593595430269243,-0.946249662170469,0.3626856458134886,0.7677767515675777,-4.901633993591002,C8-Neg-003656,Lipids and lipid-like molecules,Glycerophospholipids,Steeper in Females,
Pe(P-19:4_23:5),-0.23499194906515236,20.861827888952696,-0.9721031858216843,0.35188946079235106,0.7567515285857012,-4.906662615869333,C8-Pos-004505,Lipids and lipid-like molecules,Glycerophospholipids,Steeper in Females,
N-Acetyl-D-Glucosamine 6-Phosphate,-0.28492042791253736,18.16662149318907,-1.056724012510865,0.3114467693966409,0.7500594039751364,-4.909937126212744,Amide-Pos-001139,Organic oxygen compounds,Organooxygen compounds,Steeper in Females,
"Dodecanamide,N-[3-(Dimethyloxidoamino)Propyl]",-0.37328482409596786,17.247103736209564,-1.2381174521935983,0.2287223747147623,0.7222811833097758,-4.914704769844006,Amide-Pos-001195,Lipids and lipid-like molecules,Fatty Acyls,Steeper in Females,
"2-Methyl-5-{2-[2-(4-Methyl-3,6-Dioxocyclohexa-1,4-Dienyl)Ethoxy]Ethyl}Benzo-1,4-Quinone",0.044578263724104436,24.22517002742292,1.2245697170421908,0.2336884425744524,0.7318949254889254,-4.928599177532368,C8-Pos-000610,Organic oxygen compounds,Organooxygen compounds,Steeper in Males,
Ophthalmate,0.10902495629684443,16.08231542279881,1.2213369377490721,0.23488544609538742,0.7318949254889254,-4.931895409408666,Amide-Pos-001163,Organic acids and derivatives,Carboxylic acids and derivatives,Steeper in Males,
Lpe 18:1,0.1283642274322758,18.421449921725056,1.2187007571827309,0.23586497799034312,0.7318949254889254,-4.934577822773278,C8-Pos-002045,Lipids and lipid-like molecules,Glycerophospholipids,Steeper in Males,
"1-Hexadecanoyl-2-(5z,8z,11z,14z-Eicosatetraenoyl)-Sn-Glycero-3-Phosphocholine",-0.08961529597316664,17.65418690938901,-1.213738355451115,0.23771724686581502,0.7318949254889254,-4.939613807091182,C8-Pos-004336,Lipids and lipid-like molecules,Glycerophospholipids,Steeper in Females,
Ps(18:2_22:4),-0.14455250485908383,14.986340540755295,-1.2133414991792881,0.23786585078390077,0.7318949254889254,-4.940015788712372,C8-Neg-003393,Lipids and lipid-like molecules,Glycerophospholipids,Steeper in Females,
Delta-Valerobetaine,-0.04354231159713355,18.42502439514712,-1.2040482360675113,0.2413658167072112,0.7388749491037077,-4.9493968664080645,Amide-Pos-000558,Lipids and lipid-like molecules,Fatty Acyls,Steeper in Females,
N-Beta-Alanyl-L-Histidine,-0.09120005902239757,21.22519532421929,-1.0798763335249904,0.29445453388937437,0.7500594039751364,-4.963452388694005,Amide-Neg-001170,Organic acids and derivatives,Peptidomimetics,Steeper in Females,
Pg(O-29:8_21:6),0.33539925918047103,19.544626760944897,1.1396317412608037,0.2702428106172825,0.7500594039751364,-4.964218258357981,C8-Pos-005548,Lipids and lipid-like molecules,Glycerophospholipids,Steeper in Males,
Maleic Hydrazide,0.17060880997997738,16.48631069597615,0.4698235152441686,0.6485583603132326,0.9350408744852989,-4.969960139012357,Amide-Neg-000158,Organoheterocyclic compounds,Diazines,Steeper in Males,
Adenylyl(3'-5')Cytidine,-0.23359292267476514,16.269157944932378,-1.183380075494036,0.24928842045423386,0.743257388896975,-4.970038008601219,C18-Pos-001644,"Nucleosides, nucleotides, and analogues",(3'->5')-dinucleotides and analogues,Steeper in Females,
2-(Alpha-D-Mannopyranosyl)-L-Tryptophan,-0.12189772587785458,19.522095865602573,-1.1832367893580331,0.24934401635070305,0.743257388896975,-4.970180032820504,C18-Pos-002507,Organoheterocyclic compounds,Indoles and derivatives,Steeper in Females,
Asp-Pro-Asn,-0.12667000948353352,19.876146568431416,-1.180892261359901,0.2502550240831928,0.743257388896975,-4.9725018046636285,Amide-Pos-001387,Organic acids and derivatives,Carboxylic acids and derivatives,Steeper in Females,
Citroflex 2,0.44946809140126665,16.754567292385225,0.826597691220832,0.422329428640275,0.8003525793756724,-4.97336782860531,C8-Pos-000350,Organic acids and derivatives,Carboxylic acids and derivatives,Steeper in Males,
2-Oleoyl-1-Palmitoyl-Sn-Glycero-3-Phosphoserine,-0.14732354372650577,16.59679639332836,-1.1631680447259214,0.259161731387471,0.7500594039751364,-4.97538578859897,Amide-Pos-002283,Lipids and lipid-like molecules,Glycerophospholipids,Steeper in Females,
"1,3-Benzodioxolylbutanamine (Bdb)",-0.07744195137611266,23.480866828051106,-1.1334038175408272,0.27044861055158087,0.7500594039751364,-4.976365928268257,C18-Pos-000931,Organoheterocyclic compounds,Benzodioxoles,Steeper in Females,
Pc(18:3cho_26:8),-0.06252022510903503,19.589027476526876,-1.173803777986532,0.25302449199226085,0.743257388896975,-4.979497292749844,C8-Neg-003730,Lipids and lipid-like molecules,Glycerophospholipids,Steeper in Females,
Ps(14:2_29:7),0.24013536274843478,24.66397835401848,1.012337631173527,0.3264413150274762,0.7500594039751364,-4.980853041010592,C8-Neg-003509,Lipids and lipid-like molecules,Glycerophospholipids,Steeper in Males,
1-Stearoylglycerol,-0.06592641628577052,18.827034040639184,-1.1723928295297454,0.2535784634813975,0.743257388896975,-4.980885385741382,C8-Pos-000832,Lipids and lipid-like molecules,Glycerolipids,Steeper in Females,
Cystathionine,0.16245685258155504,18.395969751049037,1.171457293166586,0.2539462745397998,0.743257388896975,-4.9818049713989385,Amide-Pos-000836,Organic acids and derivatives,Carboxylic acids and derivatives,Steeper in Males,
Pe 16:0_18:1,-0.13631942659932209,21.169327297955217,-1.0957200077032323,0.2862206330361147,0.7500594039751364,-4.987014878218146,C8-Pos-003759,Lipids and lipid-like molecules,Glycerophospholipids,Steeper in Females,
L-Histidine,-0.237023669978776,15.635881324000495,-1.068820025413274,0.30617914680920905,0.7500594039751364,-4.99051726894861,Amide-Pos-000536,Organic acids and derivatives,Carboxylic acids and derivatives,Steeper in Females,
1-Hexadecanoyl-2-Octadecadienoyl-Sn-Glycero-3-Phosphocholine,0.06130235887988621,19.88825807069088,1.0424349823079442,0.31487700041012845,0.7500594039751364,-5.000656318372144,C8-Pos-004099,Lipids and lipid-like molecules,Glycerophospholipids,Steeper in Males,
Acetyltributyl Citrate,0.06039851967210378,16.04303739191941,1.1270006526638081,0.27245544330140115,0.7500594039751364,-5.001230511282023,C18-Pos-002968,Organic acids and derivatives,Carboxylic acids and derivatives,Steeper in Males,
N-Acetyl-1-Aspartylglutamic Acid,0.12450982380985516,23.570668976193407,1.0992983926405304,0.2861237214015308,0.7500594039751364,-5.009862205963105,C18-Pos-001811,Organic acids and derivatives,Carboxylic acids and derivatives,Steeper in Males,
Pc O-42:6,-0.07048011148111157,19.700029480800854,-0.21150227923277695,0.8367433352813252,0.9965506419602336,-5.017033715893353,C8-Pos-004947,Lipids and lipid-like molecules,Glycerophospholipids,Steeper in Females,
Pc(19:4cho_29:7),0.17306161956746843,15.420371274768867,0.894847795196598,0.38846420210206134,0.7874274366933677,-5.0206895807784795,C8-Pos-005546,Lipids and lipid-like molecules,Glycerophospholipids,Steeper in Males,
N-Acetylglycine,-0.21541820373671672,22.65830815018987,-1.1300989121106242,0.27060519846874287,0.7500594039751364,-5.021820330038876,Amide-Neg-000219,Organic acids and derivatives,Carboxylic acids and derivatives,Steeper in Females,
Peg N11,0.1514773777212353,21.386987754252882,1.1294679104109584,0.27086543249124895,0.7500594039751364,-5.0224211295257115,C8-Pos-002320,Organic oxygen compounds,Organooxygen compounds,Steeper in Males,
Peg N13,0.09207788781310368,18.45047300561391,1.0663908421058375,0.29961045135401687,0.7500594039751364,-5.024684179596158,C8-Pos-000470,Organic oxygen compounds,Organooxygen compounds,Steeper in Males,
Adenosine 5'-Diphosphate,-0.06970027897961158,24.958270341413854,-1.1190562619389903,0.27518584110897054,0.7500594039751364,-5.032292030177526,Amide-Pos-001677,"Nucleosides, nucleotides, and analogues",Purine nucleotides,Steeper in Females,
"4-Hydroxy-6-[2-(2-Methyl-1,2,4a,5,6,7,8,8a-Octahydronaphthalen-1-Yl)Ethyl]Oxan-2-One",0.08213597822846902,16.086474578621466,1.1145964246766993,0.27705180212373154,0.7500594039751364,-5.036495730590595,C8-Pos-000612,Organoheterocyclic compounds,Lactones,Steeper in Males,
Citraconic Acid,0.2918317397690576,19.771732442824415,1.114206012581096,0.27721558531120943,0.7500594039751364,-5.036863019645877,Amide-Neg-000307,Lipids and lipid-like molecules,Fatty Acyls,Steeper in Males,
Meglutol,-0.16650984400096552,16.356582369794896,-0.5833151222063387,0.5704814040697044,0.9027324171893425,-5.04250405455305,C18-Neg-000218,Lipids and lipid-like molecules,Fatty Acyls,Steeper in Females,
Maleic Acid,-0.1426709200421411,18.008165350874705,-1.101493364243515,0.282587295484309,0.7500594039751364,-5.048760947078641,Amide-Neg-000196,Organic acids and derivatives,Carboxylic acids and derivatives,Steeper in Females,
Sb01966,-0.06262501975904573,24.21284056474161,-1.1002987609549857,0.2830959265639388,0.7500594039751364,-5.049872818828462,Amide-Pos-000757,Organic oxygen compounds,Organooxygen compounds,Steeper in Females,
Pc(19:5cooh_25:8),0.05885423504252506,23.447758833895033,1.0949488178582643,0.2853819288571814,0.7500594039751364,-5.054839217565067,C8-Neg-003610,Lipids and lipid-like molecules,Glycerophospholipids,Steeper in Males,
"Octadecyl 3-(3,5-Di-Tert-Butyl-4-Hydroxyphenyl)Propionate",-0.1930497881677105,21.445073406247154,-1.0912606633211799,0.28696561008870997,0.7500594039751364,-5.058250536943417,C8-Pos-002408,Lipids and lipid-like molecules,Fatty Acyls,Steeper in Females,
Progesterone,0.07866529010334798,14.951108265074668,1.0509907595121517,0.30579643948846,0.7500594039751364,-5.060011337139178,C8-Pos-000616,Lipids and lipid-like molecules,Steroids and steroid derivatives,Steeper in Males,
Pc(16:0_22:6),0.08944435797134487,17.768175621643103,1.086133502215251,0.2891777204792177,0.7500594039751364,-5.062975973706896,C8-Pos-004775,Lipids and lipid-like molecules,Glycerophospholipids,Steeper in Males,
Pc(21:2cho_19:4),0.05130752187724563,16.506266062923135,1.043265610773977,0.30927205318965145,0.7500594039751364,-5.064649192343912,C8-Pos-004942,Lipids and lipid-like molecules,Glycerophospholipids,Steeper in Males,
Methyl Palmitate,0.049959868322257885,22.418030019013734,1.0779646138718653,0.29272750992825264,0.7500594039751364,-5.0704641777813615,C8-Pos-000327,Lipids and lipid-like molecules,Fatty Acyls,Steeper in Males,
Cytidine 5'-Diphosphate,-0.12211742248999602,19.315105557061194,-1.0080621172764783,0.32678416186867854,0.7500594039751364,-5.072026186330162,Amide-Pos-001621,"Nucleosides, nucleotides, and analogues",Pyrimidine nucleotides,Steeper in Females,
Pc(22:3cho_28:6),-0.21117704651171898,22.639975538177517,-1.0752483405246405,0.29391476995623333,0.7500594039751364,-5.072943032338034,C8-Pos-005761,Lipids and lipid-like molecules,Glycerophospholipids,Steeper in Females,
Pc(19:1cooh_23:3),-0.15769990257092448,17.149763070941507,-1.065660078549469,0.298133309231138,0.7500594039751364,-5.081648902914162,C8-Neg-003578,Lipids and lipid-like molecules,Glycerophospholipids,Steeper in Females,
5'-Xanthylic Acid,-0.12345093881085367,24.66371752204624,-1.0630511338304949,0.29928861464349316,0.7500594039751364,-5.084005777063341,Amide-Neg-001943,"Nucleosides, nucleotides, and analogues",Purine nucleotides,Steeper in Females,
Pe(O-17:3_21:1),0.29959958629975564,16.992174523393096,0.8339290836235009,0.4165974942545292,0.8003525793756724,-5.0850483629477425,C8-Pos-004072,Lipids and lipid-like molecules,Glycerophospholipids,Steeper in Males,
Isobutyric Acid,-0.09921490390392938,16.22309550780783,-0.6695654890908562,0.5182944095117159,0.8614311515430181,-5.086578273828891,Amide-Neg-000078,Organic acids and derivatives,Carboxylic acids and derivatives,Steeper in Females,
4-(Acetylamino)Butanoic Acid,-0.16480014788186473,21.816487822189508,-1.0589527250971473,0.3011099350758234,0.7500594039751364,-5.087697844048332,Amide-Neg-000479,Organic acids and derivatives,Carboxylic acids and derivatives,Steeper in Females,
Chalcone,0.14241675052936958,19.854258284314493,1.0572704674781452,0.30185980597478534,0.7500594039751364,-5.089209643011808,C8-Pos-000022,Phenylpropanoids and polyketides,"Linear 1,3-diarylpropanoids",Steeper in Males,
"17-(1-Hydroxyethyl)-10,13-Dimethyl-2,3,6,7,8,9,10,11,12,13,14,15,16,17-Tetradecahydro-1h-Cyclopenta[A]Phenanthren-3-One",-0.12133657820829333,18.430373008910543,-0.8629905703919681,0.40089346296760486,0.7948112522167287,-5.09126392268566,C8-Pos-000495,Lipids and lipid-like molecules,Steroids and steroid derivatives,Steeper in Females,
1-Stearoyl-2-Oleoyl-Sn-Glycero-3-Phosphoethanolamine,-0.03734700820316028,16.902327078549174,-1.0534620706900646,0.3035623164695113,0.7500594039751364,-5.092624247065121,Amide-Pos-002257,Lipids and lipid-like molecules,Glycerophospholipids,Steeper in Females,
5-(Z-Heptadec-8-Enyl) Resorcinol,-0.25668407349367206,20.99115515858835,-1.0512638047870018,0.304548132332715,0.7500594039751364,-5.0945902181071725,C8-Pos-000887,Benzenoids,Phenols,Steeper in Females,
D-(+)-Ribonic Acid Gamma-Lactone,-0.19825192110126202,25.598934069468545,-0.8497968607544226,0.40797418229061977,0.8002185031074996,-5.096404280280168,Amide-Neg-000499,Organic oxygen compounds,Organooxygen compounds,Steeper in Females,
Lpe 38:6,0.3429934265978038,17.78181992180986,1.0490789301582424,0.3055301925712871,0.7500594039751364,-5.096540589479655,C8-Pos-004035,Lipids and lipid-like molecules,Glycerophospholipids,Steeper in Males,
Dihydroxyacetone Phosphate,-0.06147666294371811,20.204954092293722,-1.047113432749878,0.3064155639542627,0.7500594039751364,-5.098292040762638,Amide-Neg-000658,Organic oxygen compounds,Organooxygen compounds,Steeper in Females,
Gln-Gly-Ile,-0.19306400818240987,20.647139565542723,-1.0134106717977458,0.32239840297636524,0.7500594039751364,-5.100337197666464,C18-Pos-001951,Organic acids and derivatives,Carboxylic acids and derivatives,Steeper in Females,
Cyclic Adp-Ribose,0.17830989120953256,21.219348801191362,1.0445971577157003,0.30755168812908373,0.7500594039751364,-5.100530015956628,C18-Pos-004919,Organic oxygen compounds,Organooxygen compounds,Steeper in Males,
Leucine,0.04117514158530055,18.029936368469333,0.883608782911227,0.38795134163886513,0.7874274366933677,-5.10082909262196,Amide-Pos-000363,Organic acids and derivatives,Carboxylic acids and derivatives,Steeper in Males,
N-Nervonoyl-D-Erythro-Sphingosylphosphorylcholine,-0.08410729258255732,15.47277027438167,-0.8233451935192162,0.424115075135475,0.8003525793756724,-5.103012118472205,C8-Pos-004641,Lipids and lipid-like molecules,Sphingolipids,Steeper in Females,
Pro-Asp,-0.19964485233811338,19.130640472769468,-1.0222777041716218,0.3182821606298789,0.7500594039751364,-5.103222084468552,Amide-Pos-000866,Organic acids and derivatives,Carboxylic acids and derivatives,Steeper in Females,
Pe(O-20:1_22:6),-0.12728809400228794,23.609775663327422,-1.039392951349253,0.3099108926005498,0.7500594039751364,-5.105143397353334,C8-Pos-004759,Lipids and lipid-like molecules,Glycerophospholipids,Steeper in Females,
Ps(20:5_24:4),0.08402889911325855,21.44358400183127,0.8712877928552701,0.39506936962373074,0.7948112522167287,-5.105154614310427,C8-Pos-005192,Lipids and lipid-like molecules,Glycerophospholipids,Steeper in Males,
Cl(18:0_20:1cho_23:1_21:2),-0.08628721465398265,20.57894348346552,-1.0389655948804586,0.3101051909966615,0.7500594039751364,-5.105521323069375,C8-Neg-003309,Lipids and lipid-like molecules,Glycerophospholipids,Steeper in Females,
"L-Threonic Acid-1,4-Lactone",-0.11033779897486207,20.558372136986907,-1.037664880402996,0.3106970923917566,0.7500594039751364,-5.106670734710223,Amide-Neg-000220,Organoheterocyclic compounds,Lactones,Steeper in Females,
Tg(15:1cooh_24:0),-0.21423194753103117,16.717613789506146,-1.0362493916500184,0.31134212815446277,0.7500594039751364,-5.107920108532064,C8-Pos-003694,Lipids and lipid-like molecules,Glycerolipids,Steeper in Females,
1-Β-D-Arabinofuranosyluracil 5'-Monophosphate,-0.351917354223069,17.48687130168351,-1.031481504002228,0.3135217911427815,0.7500594039751364,-5.112117246161002,C18-Neg-001407,"Nucleosides, nucleotides, and analogues",Pyrimidine nucleotides,Steeper in Females,
Oleoyl Ethanolamide,-0.06993743843052931,16.403657535596174,-0.9575408630784885,0.3497268547289216,0.756323195748274,-5.116131024400897,C8-Pos-000689,Organic nitrogen compounds,Organonitrogen compounds,Steeper in Females,
Pe(O-14:0_32:0),0.03741479932021803,18.824639751413667,1.0247887777267763,0.3165994837208239,0.7500594039751364,-5.117979590236384,C8-Pos-005110,Lipids and lipid-like molecules,Glycerophospholipids,Steeper in Males,
"2,5-Bis(5-Tert-Butyl-Benzoxazol-2-Yl)Thiophene",0.4662617506826141,18.063880612019336,0.9179235574107505,0.3701645995626538,0.7677767515675777,-5.120512232571439,C8-Pos-001637,Organoheterocyclic compounds,Benzoxazoles,Steeper in Males,
D-Gluconic Acid,0.09329148752297418,25.44427414172497,1.02163092063751,0.3180589818526988,0.7500594039751364,-5.120733777794177,Amide-Neg-000920,Organic oxygen compounds,Organooxygen compounds,Steeper in Males,
Ps 22:4_22:5,-0.08179115823795262,21.74466195236746,-1.0215535733541254,0.31809478926631296,0.7500594039751364,-5.1208011421958295,C8-Pos-005189,Lipids and lipid-like molecules,Glycerophospholipids,Steeper in Females,
Lhnfrfaovvpesm-Crgcijnfna-N,-0.1238396660895808,17.728169866198748,-1.016868610943548,0.3202689286420636,0.7500594039751364,-5.1248729089723355,Amide-Pos-001042,Organic oxygen compounds,Organooxygen compounds,Steeper in Females,
Pe(O-16:2_22:3),-0.19232949336614794,18.924895549731495,-1.0087805518184698,0.32512923780606673,0.7500594039751364,-5.129418826886069,C8-Pos-004273,Lipids and lipid-like molecules,Glycerophospholipids,Steeper in Females,
Pc(18:1_16:2),-0.13796365801598418,14.862259701668862,-0.8314790767502289,0.420713098180187,0.8003525793756724,-5.1413883413646,C8-Pos-004302,Lipids and lipid-like molecules,Glycerophospholipids,Steeper in Females,
Phenylacetylglutamine,-0.11286309520264713,19.550820903898348,-0.9620884187346724,0.3469530855997909,0.756323195748274,-5.142320467412234,C18-Pos-001439,Organic acids and derivatives,Carboxylic acids and derivatives,Steeper in Females,
Asp-Phe,-0.050108635769946765,23.74938234637351,-0.9963192067461678,0.32992777433921994,0.7500594039751364,-5.1425339575121525,C18-Pos-001575,Organic acids and derivatives,Carboxylic acids and derivatives,Steeper in Females,
"D-Fructose-1,6-Bisphosphate",-0.10054649025163452,24.05275345630372,-0.9920218022178332,0.3319729413411955,0.7500594039751364,-5.146186285553816,Amide-Neg-001873,Organic oxygen compounds,Organooxygen compounds,Steeper in Females,
Ps(20:1_24:6),0.04007559980185281,25.607093463861105,0.9896423500052698,0.33310910117822046,0.7500594039751364,-5.148202437256251,C8-Neg-003556,Lipids and lipid-like molecules,Glycerophospholipids,Steeper in Males,
Tg(36:6_4:0),0.047034475354761365,17.315210707507052,0.9896051018207035,0.33312690805038425,0.7500594039751364,-5.148233963570892,C8-Pos-003614,Lipids and lipid-like molecules,Glycerolipids,Steeper in Males,
D-(+)-Tryptophan,-0.052348324452753,26.03536607852821,-0.9550257388896939,0.35042974736336696,0.756323195748274,-5.148943791659379,C18-Pos-001015,Organoheterocyclic compounds,Indoles and derivatives,Steeper in Females,
L(+)-Ornithine,0.22077872177806343,33.664814276825474,0.914114889702191,0.37211139324033704,0.7677767515675777,-5.1503483714763885,Amide-Pos-000376,Organic acids and derivatives,Carboxylic acids and derivatives,Steeper in Males,
"N,N-Diethylethanolamine",0.09951488392442151,21.26752965290816,0.9861820763492105,0.33476612463501376,0.7500594039751364,-5.151126589721525,Amide-Pos-000240,Organic nitrogen compounds,Organonitrogen compounds,Steeper in Males,
Dl-Carnitine,0.1414587242311269,19.90171189996868,0.9859893341372251,0.3348585899482076,0.7500594039751364,-5.151289197323824,Amide-Pos-000562,Organic nitrogen compounds,Organonitrogen compounds,Steeper in Males,
Pc(28:6_10:0cooh),0.066456397753492,18.703432399803997,0.9835472910429771,0.3360316489174573,0.7500594039751364,-5.1533469488382755,C8-Pos-005016,Lipids and lipid-like molecules,Glycerophospholipids,Steeper in Males,
Xylose,-0.05021634500765349,19.750215685546483,-0.9830380311627939,0.3362766327821861,0.7500594039751364,-5.153775488211519,Amide-Neg-000340,Organic oxygen compounds,Organooxygen compounds,Steeper in Females,
Ps 18:0_22:5,-0.11132489903189804,17.802670019715652,-0.10664947257213196,0.9171761691891791,0.9990098609903744,-5.155062117059127,C8-Neg-003405,Lipids and lipid-like molecules,Glycerophospholipids,Steeper in Females,
O-Dodecanoylcarnitine,-0.17297758181379105,17.122399858254614,-0.9115100768903881,0.3723717245102752,0.7677767515675777,-5.157336646631451,Amide-Pos-001381,Lipids and lipid-like molecules,Fatty Acyls,Steeper in Females,
Pc(14:1_25:7),0.07586270655237752,20.11156811349039,0.9782302011504868,0.3385955362652773,0.7501131563088719,-5.157811361786723,C8-Pos-004855,Lipids and lipid-like molecules,Glycerophospholipids,Steeper in Males,
Pc(21:1cooh_23:6),-0.08094244278283094,24.017392615838457,-0.977805075793547,0.33880110893284043,0.7501131563088719,-5.1581673669507735,C8-Neg-003644,Lipids and lipid-like molecules,Glycerophospholipids,Steeper in Females,
5'-Cytidylic Acid,-0.25504236660290425,20.868496266464646,-0.8307604559150742,0.4176241058580631,0.8003525793756724,-5.161611369004013,C18-Pos-002009,"Nucleosides, nucleotides, and analogues",Pyrimidine nucleotides,Steeper in Females,
Guanine,-0.09901212552929661,20.239072097586895,-0.9689440971559423,0.34310540024876623,0.756323195748274,-5.165555764385555,Amide-Pos-000503,Organoheterocyclic compounds,Imidazopyrimidines,Steeper in Females,
1-(1z-Octadecenyl)-2-(9z-Octadecenoyl)-Sn-Glycero-3-Phosphocholine,-0.21811508427802606,22.586707433317407,-0.9655476175894626,0.3447651330033329,0.756323195748274,-5.168371634659442,C8-Pos-004250,Lipids and lipid-like molecules,Glycerophospholipids,Steeper in Females,
Cis-4-Hydroxy-D-Proline,-0.1986136997045542,20.53046012574183,-0.9638873136680578,0.34557845132211884,0.756323195748274,-5.169744855791109,C18-Pos-000384,Organic acids and derivatives,Carboxylic acids and derivatives,Steeper in Females,
Ps(24:4_24:4),0.08519854213080032,21.93256178651645,0.8201387102626377,0.42418686706910635,0.8003525793756724,-5.173925745833695,C8-Neg-003707,Lipids and lipid-like molecules,Glycerophospholipids,Steeper in Males,
Sarcosine,0.18233087664868436,24.682350109492706,0.9586222964187258,0.3481662203073146,0.756323195748274,-5.174085314258649,Amide-Pos-000068,Organic acids and derivatives,Carboxylic acids and derivatives,Steeper in Males,
(R)-Pantetheine,-0.08746302043219231,24.931995433411654,-0.7255038170480682,0.47801204455613733,0.8502003503806524,-5.176296019922189,C18-Pos-001415,Organic acids and derivatives,Carboxylic acids and derivatives,Steeper in Females,
Pc(16:1cooh_23:3),0.17305925031268335,17.45847043858711,0.8594759467254052,0.401379682369448,0.7948112522167287,-5.179030446198002,C8-Pos-004801,Lipids and lipid-like molecules,Glycerophospholipids,Steeper in Males,
Pi(19:4_19:4),-0.0865277939530889,21.506982926064563,-0.9133107784385879,0.37144598354258784,0.7677767515675777,-5.182074132315092,C8-Pos-005132,Lipids and lipid-like molecules,Glycerophospholipids,Steeper in Females,
Triethyl Citrate,-0.008237363928243443,26.660416999124518,-0.09038364413334375,0.9297670176896649,0.9990098609903744,-5.190973881673852,C18-Pos-001549,Organic acids and derivatives,Carboxylic acids and derivatives,Steeper in Females,
Mesaconic Acid,0.12776044761999694,18.828036730334933,0.5988458019252013,0.5576596214701215,0.8946411039627618,-5.191558586960428,Amide-Neg-000314,Lipids and lipid-like molecules,Fatty Acyls,Steeper in Males,
Glycerophosphocholine,-0.10720543583598391,26.24632732248825,-0.9310756593222023,0.3619196673310161,0.7677767515675777,-5.196441791045411,Amide-Pos-001017,Lipids and lipid-like molecules,Glycerophospholipids,Steeper in Females,
Γ-Aminobutyric Acid,0.06074831706868382,20.8481390651117,0.34317528652109763,0.7374035083692327,0.9711243771684831,-5.196595718179422,Amide-Neg-000114,Organic acids and derivatives,Carboxylic acids and derivatives,Steeper in Males,
Phosphoserine,-0.11341889976610559,24.69071967628978,-0.9266528914193402,0.36416135921124526,0.7677767515675777,-5.1999758480817375,Amide-Pos-000781,Organic acids and derivatives,Carboxylic acids and derivatives,Steeper in Females,
N-Formyl-L-Methionine,0.028779268619859376,19.282932540613796,0.9258397782748817,0.3645744959367764,0.7677767515675777,-5.200623900825718,Amide-Neg-000753,Organic acids and derivatives,Carboxylic acids and derivatives,Steeper in Males,
Cer(D15:2_7:0),0.03688226383458887,22.086707156812157,0.6240225289869193,0.543408013476043,0.8853049355021732,-5.202914892406356,C8-Pos-001073,Lipids and lipid-like molecules,Sphingolipids,Steeper in Males,
"1,2-Dimyristoyl-Sn-Glycero-3-Pc",0.11307596525373506,18.88333322879051,0.9205541365593595,0.3672677226090181,0.7677767515675777,-5.204823883493159,C8-Pos-003474,Lipids and lipid-like molecules,Glycerophospholipids,Steeper in Males,
Midazolam,0.033820514165677246,17.909233304280303,0.9177338266629801,0.3687101840656072,0.7677767515675777,-5.207055904977434,C8-Pos-000682,Organoheterocyclic compounds,Benzodiazepines,Steeper in Males,
Pe(21:0_21:5),0.029337521347562685,20.098870050691282,0.9169257791565691,0.3691241577410792,0.7677767515675777,-5.2076942462683125,C8-Pos-004916,Lipids and lipid-like molecules,Glycerophospholipids,Steeper in Males,
N-Acetyl-L-Aspartic Acid,0.07348914236217828,19.807231740514208,0.9152997118644388,0.36995815048417835,0.7677767515675777,-5.208977245919433,Amide-Neg-000557,Organic acids and derivatives,Carboxylic acids and derivatives,Steeper in Males,
Pg(20:4_24:8),-0.006319299185374964,25.168665855894453,-0.029721722378941422,0.9767775653978464,0.9990098609903744,-5.214884756323924,C8-Neg-003491,Lipids and lipid-like molecules,Glycerophospholipids,Steeper in Females,
3-Hydroxystigmast-5-En-7-One,-0.08290765804189855,16.78792622590656,-0.8649677854697981,0.3978460009270184,0.7948112522167287,-5.217952158209969,C8-Pos-001621,Lipids and lipid-like molecules,Steroids and steroid derivatives,Steeper in Females,
N-Methyl-2-Phenylpropan-1-Amine,0.3280094665695598,17.718490779203748,0.9037733171240068,0.3759057690180637,0.7724091144206789,-5.218011939930124,C18-Pos-000591,Benzenoids,Benzene and substituted derivatives,Steeper in Males,
Pro-Glu,-0.12747083331414621,16.042300102409403,-0.8842846238342569,0.3865549077217535,0.7874274366933677,-5.2285646548684355,Amide-Pos-000960,Organic acids and derivatives,Carboxylic acids and derivatives,Steeper in Females,
Lpc(16:2),-0.04985711366321505,21.095594468981183,-0.8842326422226284,0.38613214596189016,0.7874274366933677,-5.233087987113944,C8-Neg-001880,Lipids and lipid-like molecules,Glycerophospholipids,Steeper in Females,
Triethyleneglycol Bis(2-Ethylhexanoate),-0.05125991116352476,15.32664689823688,-0.8507755991177354,0.4049648819588474,0.7992727933398304,-5.23336232891477,C8-Pos-001521,Lipids and lipid-like molecules,Fatty Acyls,Steeper in Females,
Spongouridin,-0.18624403792938724,14.227722516017376,-0.8343861429911307,0.41391881772133776,0.8002185031074996,-5.23461583112061,Amide-Neg-001329,"Nucleosides, nucleotides, and analogues",Pyrimidine nucleosides,Steeper in Females,
Ala-Pro-Asn,0.10996850928230305,19.631793218598848,0.7410913323595099,0.4676991732105321,0.8439526869636115,-5.239625447402365,C8-Neg-000301,Organic acids and derivatives,Carboxylic acids and derivatives,Steeper in Males,
Cytosine,-0.1433108360797288,25.167366634327774,-0.8678433729705957,0.39484805295862535,0.7948112522167287,-5.245498386825493,Amide-Pos-000171,Organoheterocyclic compounds,Diazines,Steeper in Females,
L-N-Acetylhistidine,-0.0892944814234375,19.1396740345955,-0.8636346235204184,0.3971066743477689,0.7948112522167287,-5.248650750392834,Amide-Neg-000933,Organic acids and derivatives,Carboxylic acids and derivatives,Steeper in Females,
Caprolactam,0.022055999221835453,24.17326218969132,0.19253202997971447,0.851179077966435,0.9965506419602336,-5.251170731423374,C18-Pos-000207,Organoheterocyclic compounds,Lactams,Steeper in Males,
Galaxolidone,-0.07279890681730353,15.968035578310216,-0.8572899495702787,0.4005272538867706,0.7948112522167287,-5.253376125404392,C8-Pos-000335,Organoheterocyclic compounds,Benzopyrans,Steeper in Females,
Bis(4-Ethylbenzylidene)Sorbitol,-0.08729740690510067,16.531206573032325,-0.6007416897983787,0.5564268311585259,0.8946411039627618,-5.257771854657611,C8-Pos-001297,Organoheterocyclic compounds,Dioxanes,Steeper in Females,
Pc(20:2_21:4),0.05506237545168558,17.623318508540944,0.751073183004164,0.461355075773649,0.8388274104975436,-5.25825153624972,C8-Neg-003571,Lipids and lipid-like molecules,Glycerophospholipids,Steeper in Males,
Pe(18:0_20:4),0.07160385535801672,20.390740991546885,0.6838876985846712,0.5060537859068254,0.8614311515430181,-5.258746090126749,C8-Pos-004202,Lipids and lipid-like molecules,Glycerophospholipids,Steeper in Males,
Pc(26:6_21:6cho),-0.16567721875788224,16.31753860847333,-0.8374175093446032,0.41136301434355593,0.8002185031074996,-5.267967581282648,C8-Pos-005464,Lipids and lipid-like molecules,Glycerophospholipids,Steeper in Females,
D-Threonine,-0.0633663298166715,28.499103548189655,-0.8352143328995778,0.41257569431585506,0.8002185031074996,-5.269565707084299,Amide-Neg-000235,Organic acids and derivatives,Carboxylic acids and derivatives,Steeper in Females,
1-Myristoyl-Sn-Glycero-3-Phosphocholine,-0.08836842745758493,25.655251031300047,-0.83463226840982,0.4128964542801622,0.8002185031074996,-5.269987267642055,Amide-Pos-001743,Lipids and lipid-like molecules,Glycerophospholipids,Steeper in Females,
Lubiprostone,-0.17350204266918007,21.7615025035731,-0.83441900304533545,0.4130140185817086,0.8002185031074996,-5.270141656810847,C8-Pos-001400,Lipids and lipid-like molecules,Fatty Acyls,Steeper in Females,
D-Ribose 5-Phosphate,0.03821486830902914,22.034745657023112,0.38731752921025386,0.7059098194790636,0.963924109242144,-5.272350182311067,Amide-Neg-001243,Organic oxygen compounds,Organooxygen compounds,Steeper in Males,
D-(+)-Arabitol,0.05715154702851371,17.14202661358024,0.8312202082056326,0.4147799241107206,0.8002185031074996,-5.2724529570271015,Amide-Neg-000527,Organic oxygen compounds,Organooxygen compounds,Steeper in Males,
Pc(P-12:1_26:4),0.07920607362520952,18.8450422580304,0.403288713245139,0.6932900663146311,0.960679075724662,-5.279670729318002,C8-Pos-004445,Lipids and lipid-like molecules,Glycerophospholipids,Steeper in Males,
Ps(19:1_17:2),-0.04985684795830622,19.266923416739278,-0.12348634526462986,0.9036107143249169,0.9990098609903744,-5.28025439424749,C8-Neg-003255,Lipids and lipid-like molecules,Glycerophospholipids,Steeper in Females,
Risedronic Acid,0.07059974780272359,20.38973336867576,0.8164202162760558,0.42301227311212186,0.8003525793756724,-5.28303911407415,Amide-Pos-001135,Organic acids and derivatives,Organic phosphonic acids and derivatives,Steeper in Males,
4-Dodecylbenzenesulfonic Acid,-0.05676951737825585,22.622973272611674,-0.8054812402384381,0.42916226777530564,0.8072017575711078,-5.2907495175732135,C8-Neg-000519,Benzenoids,Benzene and substituted derivatives,Steeper in Females,
1h-Imidazole-1-Acetic Acid,-0.21716747886954602,22.515868566616465,-0.7984601746028723,0.43313871442815977,0.8096290388934144,-5.295647142216699,Amide-Pos-000303,Organic acids and derivatives,Carboxylic acids and derivatives,Steeper in Females,
Cocamidopropyl Betaine,-0.08452547160447949,22.485842216390708,-0.7970507156000621,0.4339397142249579,0.8096290388934144,-5.2966254924856,C18-Pos-002221,Organic acids and derivatives,Carboxylic acids and derivatives,Steeper in Females,
Dgdg(6:0_28:2),-0.06009245276755935,23.713135520948562,-0.7946968000991885,0.4352794910816379,0.8096290388934144,-5.298255812941316,C8-Neg-003637,Lipids and lipid-like molecules,Glycerolipids,Steeper in Females,
Δ2-Cis-Hexadecenoic Acid,0.029855432102848894,16.674356029891992,0.7929519205437192,0.4362742687544896,0.8096290388934144,-5.299461402030329,C8-Neg-000175,Lipids and lipid-like molecules,Fatty Acyls,Steeper in Males,
Tg(5:0_15:0cho_28:3),0.10932412144148676,22.138462340782795,0.7913309109950422,0.4371996810024438,0.8096290388934144,-5.300579181963205,C8-Pos-004667,Lipids and lipid-like molecules,Glycerolipids,Steeper in Males,
Tg(32:4cooh_12:0),-0.037527275016898065,20.857069789089415,-0.5085223727570062,0.6184837995060276,0.9218812082529936,-5.3011263525517,C8-Pos-004263,Lipids and lipid-like molecules,Glycerolipids,Steeper in Females,
L-Glutamine,0.019553106717738286,22.4089838676188,0.16334286732720274,0.872428810268072,0.9965506419602336,-5.3028918182153335,Amide-Neg-000486,Organic acids and derivatives,Carboxylic acids and derivatives,Steeper in Males,
D-Glucose 6-Phosphate,-0.056247093146899005,20.469423679897783,-0.7849559238852222,0.44085077885469903,0.8138783609625213,-5.3049543130293,Amide-Neg-001431,Organic oxygen compounds,Organooxygen compounds,Steeper in Females,
Tg(O-25:8_2:0_19:4),0.005831184831130349,16.64140722105302,0.0345084842803864,0.9730898866413338,0.9990098609903744,-5.308092579349965,C8-Pos-004104,Lipids and lipid-like molecules,Glycerolipids,Steeper in Males,
L-(+)-Lactic Acid,-0.12650966522272725,18.519230477889604,-0.7168079641927618,0.4817801985490364,0.8502003503806524,-5.308859880020129,Amide-Neg-000066,Organic acids and derivatives,Hydroxy acids and derivatives,Steeper in Females,
Geranyllinalool,0.04701368810257933,20.269567908229856,0.7637381480462893,0.45393924734431246,0.8299007103771202,-5.316772963223338,C8-Pos-000337,Lipids and lipid-like molecules,Prenol lipids,Steeper in Males,
I-Inositol,0.09783549243525756,18.45675128552039,0.7670049782428242,0.4512316018706759,0.8299007103771202,-5.317095494479451,Amide-Neg-000766,Organic oxygen compounds,Organooxygen compounds,Steeper in Males,
Pc(24:6_14:1),-0.06635579192890957,23.515200732460027,-0.323203449492718,0.7510028516769602,0.9711243771684831,-5.318349812572902,C8-Pos-004762,Lipids and lipid-like molecules,Glycerophospholipids,Steeper in Females,
Tg(5:0_10:0_6:1cho),-0.15754296950834373,21.18481616938112,-0.7166997299175255,0.48145480735154,0.8502003503806524,-5.319754433777985,C8-Pos-001736,Lipids and lipid-like molecules,Glycerolipids,Steeper in Females,
2-Docosahexaenoyl-1-Stearoyl-Sn-Glycero-3-Phosphoserine,0.1231091652153143,16.797404136621164,0.7607858987489526,0.4548622662142051,0.8299007103771202,-5.321240197119521,C8-Pos-004831,Lipids and lipid-like molecules,Glycerophospholipids,Steeper in Males,
Dl-Lactic Acid,-0.048656415895374575,20.036309412195305,-0.7604442581272087,0.45506222285678755,0.8299007103771202,-5.32146696312928,Amide-Neg-000051,Organic acids and derivatives,Hydroxy acids and derivatives,Steeper in Females,
Diosgenin,-0.0979097235995582,18.835013369219674,-0.6584804409832697,0.518129709866252,0.8614311515430181,-5.3259082833809686,C8-Pos-001474,Lipids and lipid-like molecules,Prenol lipids,Steeper in Females,
D-Arginine,-0.2417792225433119,15.937905555659533,-0.7408254580305701,0.46663329239855644,0.8439526869636115,-5.334327954147811,Amide-Pos-000620,Organic acids and derivatives,Carboxylic acids and derivatives,Steeper in Females,
2-Aminocaprylate,-0.05775980263595866,29.300223310658545,-0.7378661159411847,0.4683937412648044,0.8439526869636115,-5.336240396205712,C18-Pos-000695,Organic acids and derivatives,Carboxylic acids and derivatives,Steeper in Females,
Dgdg(2:0_27:3),0.20967817886697382,17.184922621082478,0.7324213438168501,0.47164297129772936,0.8472628226905318,-5.339740120333998,C8-Neg-003430,Lipids and lipid-like molecules,Glycerolipids,Steeper in Males,
Guanosine 5'-Diphospho-Α-D-Mannose,-0.06568757957497248,24.142951866678153,-0.593525878896639,0.5602141786549528,0.8963426858479245,-5.34195951545577,Amide-Pos-002017,"Nucleosides, nucleotides, and analogues",Purine nucleotides,Steeper in Females,
3-[(2-Hydroxyethyl)Amino]-1-Propanol,0.06786212725058256,31.244817260300426,0.7242817766410572,0.4765250500644459,0.8502003503806524,-5.344926245459318,Amide-Pos-000092,Organic nitrogen compounds,Organonitrogen compounds,Steeper in Males,
1-Linoleoyl Glycerol,0.049657663207621924,21.52676301481887,0.7226923672071206,0.47748181562704906,0.8502003503806524,-5.345932535456064,C8-Pos-000787,Lipids and lipid-like molecules,Fatty Acyls,Steeper in Males,
3-Hexadecyl-4-Methoxy-5-Methyloxolan-2-One,0.03344960480050949,25.483725451111447,0.7186214654771104,0.479937466554607,0.8502003503806524,-5.348500362581985,C8-Pos-000955,Organoheterocyclic compounds,Lactones,Steeper in Males,
N-Acetyl-L-Valine,0.09582378857534468,17.847626090975286,0.629470948472995,0.5365369416860446,0.8819785342784294,-5.353200845384038,Amide-Neg-000574,Organic acids and derivatives,Carboxylic acids and derivatives,Steeper in Males,
Biotin,-0.03792988069916876,22.305327178827543,-0.3055924568994453,0.7636251424317145,0.9727239305981886,-5.355264821431132,C18-Pos-001159,Organoheterocyclic compounds,Biotin and derivatives,Steeper in Females,
D-Asparagine,-0.10656781402442783,22.130938941189466,-0.7037242957596801,0.4889862607616309,0.8548926037166016,-5.357779847545856,Amide-Neg-000331,Organic acids and derivatives,Carboxylic acids and derivatives,Steeper in Females,
Malonic Acid,0.017512195753347518,18.856818597227637,0.7031309446543768,0.4893486977370922,0.8548926037166016,-5.358145626717066,Amide-Neg-000116,Organic acids and derivatives,Carboxylic acids and derivatives,Steeper in Males,
1-(9z-Octadecenoyl)-Sn-Glycero-3-Phosphoethanolamine,0.04089798878337058,20.755242127638617,0.7026999509057659,0.489612058843654,0.8548926037166016,-5.358411134802767,C18-Pos-003970,Lipids and lipid-like molecules,Glycerophospholipids,Steeper in Males,
Pc(O-24:5_10:0),-0.09103090921313224,23.77761547844457,-0.7018389439193358,0.49013842613085157,0.8548926037166016,-5.358941083915927,C8-Pos-003944,Lipids and lipid-like molecules,Glycerophospholipids,Steeper in Females,
Nervonic Ceramide,0.07262697618426234,16.09889460698849,0.5848039758859246,0.56491039706800406,0.8990616398960276,-5.358972539218177,C8-Pos-003179,Lipids and lipid-like molecules,Sphingolipids,Steeper in Males,
Hex1cer(D24:2_12:0),0.1518954561461924,19.073551240251874,0.6627516751588082,0.5150554564865604,0.8614311515430181,-5.3600044733355485,C8-Pos-004241,Lipids and lipid-like molecules,Sphingolipids,Steeper in Males,
Cytidine 2'_3'-Cyclic Phosphate,0.013584178198593646,21.58685916567739,0.07272867631711533,0.9429829297517496,0.9990098609903744,-5.360446138067899,Amide-Neg-001726,"Nucleosides, nucleotides, and analogues",Pyrimidine nucleotides,Steeper in Males,
Dipropyleneglycol Dibenzoate,-0.04575538714811774,21.759034118432886,-0.696005451833458,0.49371322863234157,0.8574188483542456,-5.362515330326433,C8-Pos-000855,Benzenoids,Benzene and substituted derivatives,Steeper in Females,
3-Hydroxybutyric Acid,-0.034266147426616815,22.22816274710524,-0.6948145215026538,0.494444869217615,0.8574188483542456,-5.363241540933172,Amide-Neg-000118,Organic acids and derivatives,Hydroxy acids and derivatives,Steeper in Females,
Pi(22:0_12:1),-0.055733524727388094,18.50846130694177,-0.6751484958790713,0.5073123230572472,0.8614311515430181,-5.3647093831135315,C8-Neg-003398,Lipids and lipid-like molecules,Glycerophospholipids,Steeper in Females,
Ps(22:3_24:7),0.02359254991994304,21.313045364434334,0.6899099476387879,0.4974644881643321,0.8580496808956134,-5.366219805057858,C8-Neg-003619,Lipids and lipid-like molecules,Glycerophospholipids,Steeper in Males,
Pe(P-11:0_23:0),0.26392203464649366,20.65357293496219,0.6895786867089454,0.4976688149194558,0.8580496808956134,-5.366420236995349,C8-Pos-003830,Lipids and lipid-like molecules,Glycerophospholipids,Steeper in Males,
Pseudouridine,0.12211444033848738,18.091461725447964,0.6165867591461051,0.5444625353338365,0.8853049355021732,-5.366792282395602,Amide-Neg-001331,"Nucleosides, nucleotides, and analogues",Nucleoside and nucleotide analogues,Steeper in Males,
Pe(17:5cho_22:6),-0.1741565125537912,18.54481423538788,-0.4602957912883513,0.6529081598202806,0.9350408744852989,-5.36966747441499,C8-Pos-004333,Lipids and lipid-like molecules,Glycerophospholipids,Steeper in Females,
Anserine,-0.09009788956653231,20.331173641066393,-0.6837590536423426,0.5012662342064749,0.8609677580376118,-5.369926502807445,Amide-Pos-000913,Organic acids and derivatives,Peptidomimetics,Steeper in Females,
N-Methyl-D-Glucamine,-0.09284638098605344,22.389045158837227,-0.6822020494465127,0.5022311921886069,0.8609677580376118,-5.370859782337976,Amide-Pos-000715,Organic oxygen compounds,Organooxygen compounds,Steeper in Females,
Acetyl-D-Alanine,-0.09520013691638822,22.42401056256808,-0.6736101246737284,0.5075749141780012,0.8614311515430181,-5.375973371124319,Amide-Neg-000316,Organic acids and derivatives,Carboxylic acids and derivatives,Steeper in Females,
Lidocaine,0.03405253153137353,22.893094490963165,0.6701942878454173,0.509708221957528,0.8614311515430181,-5.377989175623449,C8-Pos-000141,Benzenoids,Benzene and substituted derivatives,Steeper in Males,
Cytarabine,-0.07161198102646607,22.344641377803253,-0.6691135212778558,0.5103842417488195,0.8614311515430181,-5.3786249371749815,Amide-Pos-000937,"Nucleosides, nucleotides, and analogues",Pyrimidine nucleosides,Steeper in Females,
Diethyl Phosphate,-0.06234899767920897,23.291099028752832,-0.6675412805617644,0.5113685733349851,0.8614311515430181,-5.3795480599931045,C18-Pos-000645,Organic acids and derivatives,Organic phosphoric acids and derivatives,Steeper in Females,
Pg(20:3_20:4),-0.025369675883119603,23.562126427253453,-0.3634261689129032,0.7210435769083285,0.9701816473041438,-5.380030202957512,C8-Neg-003343,Lipids and lipid-like molecules,Glycerophospholipids,Steeper in Females,
Docosahexaenoic Acid,-0.04584339390870332,20.43145907744653,-0.07949515715217613,0.9375158930768057,0.9990098609903744,-5.382833707045522,C8-Neg-000532,Lipids and lipid-like molecules,Fatty Acyls,Steeper in Females,
Acetyl-Β-Methylcholine,-0.04523992584845739,17.069776749851354,-0.6597160682425952,0.5162834278547843,0.8614311515430181,-5.384111690853806,Amide-Pos-000561,Organic nitrogen compounds,Organonitrogen compounds,Steeper in Females,
Pc(20:0_22:5),-0.04913841473535747,20.461133499757963,-0.6573797774890809,0.5177558667192946,0.8614311515430181,-5.385464237872429,C8-Pos-005193,Lipids and lipid-like molecules,Glycerophospholipids,Steeper in Females,
Rjipnphmqgdubw-Lrankocbsa-N,0.040846281918507484,15.49387455300774,0.19245477688405074,0.849967261122532,0.9965506419602336,-5.389237544122913,C8-Pos-000500,Lipids and lipid-like molecules,Prenol lipids,Steeper in Males,
Guanosine-5'-Triphosphate,0.15406963856197076,16.26778197498107,0.5485356342156797,0.590063523461279,0.9148271681570217,-5.390348405736329,Amide-Pos-001865,"Nucleosides, nucleotides, and analogues",Purine nucleotides,Steeper in Males,
Pc(10:0cooh_30:8),-0.028088686175816804,13.291423093786992,-0.10215427707412596,0.9200829053572998,0.9990098609903744,-5.39081917013903,C8-Pos-005152,Lipids and lipid-like molecules,Glycerophospholipids,Steeper in Females,
Ps(24:2_20:5),0.06149025860868208,16.767372742650487,0.5127387694455391,0.6137506176645382,0.9218812082529936,-5.392882987265335,C8-Neg-003554,Lipids and lipid-like molecules,Glycerophospholipids,Steeper in Males,
"2-(2h-Benzotriazol-2-Yl)-4,6-Bis(1-Methyl-1-Phenylethyl)Phenol",0.07476978625930977,20.44918878136063,0.6423907838234615,0.5272576413347083,0.8739076928199585,-5.394032580913018,C8-Pos-001809,Phenylpropanoids and polyketides,Diarylheptanoids,Steeper in Males,
1-Stearoyl-2-Hydroxy-Sn-Glycero-3-Phosphoethanolamine,0.056615645479806985,24.10200820990064,0.6381942121961417,0.5299348758357241,0.8759254146045026,-5.396397606105549,C18-Neg-002092,Lipids and lipid-like molecules,Glycerophospholipids,Steeper in Males,
Lpe 34:1,0.04815401638255534,21.066786545729617,0.6344753534952081,0.5323135099437957,0.8774398515557071,-5.398480993094227,C8-Pos-003647,Lipids and lipid-like molecules,Glycerophospholipids,Steeper in Males,
3-(Ethenyloxy)Propan-1-Amine,-0.02911255712467701,17.760801551223707,-0.25288522552946496,0.8037896192271964,0.9923328632434523,-5.398827907173062,Amide-Pos-000094,Organic oxygen compounds,Organooxygen compounds,Steeper in Females,
Cerp(D18:0_20:3),0.04365788606451084,21.551715347015925,0.6217946421480293,0.5404675313636789,0.8853049355021732,-5.405497162390077,C8-Pos-003565,Lipids and lipid-like molecules,Sphingolipids,Steeper in Males,
"16-Hydroxycleroda-3,13-Dien-15,16-Olide",-0.0034635872534652277,16.3010123899208,-0.009544499523671557,0.9925724248265129,0.9990098609903744,-5.407602376041179,C8-Pos-000642,Lipids and lipid-like molecules,Prenol lipids,Steeper in Females,
N-(Octadecanoyl)Sphing-4-Enine-1-Phosphocholine,0.12305662274893396,18.810575731236774,0.616559453915191,0.5438532775104343,0.8853049355021732,-5.4083540877677185,Amide-Pos-002226,Lipids and lipid-like molecules,Sphingolipids,Steeper in Males,
Pc(20:0_18:1),-0.04813405061223599,21.28528651233028,-0.6100461688784199,0.5480813039891375,0.8887804929553581,-5.411876070165029,C8-Pos-004510,Lipids and lipid-like molecules,Glycerophospholipids,Steeper in Females,
Palmitoyl Ethanolamide,-0.024776134894262326,21.716805182829,-0.6004489783531054,0.5543427196698154,0.8946411039627618,-5.41700004149432,C8-Pos-000497,Organic acids and derivatives,Carboximidic acids and derivatives,Steeper in Females,
D-Proline,-0.02760228985720769,18.531485204637065,-0.5989828757064009,0.555302523312206,0.8946411039627618,-5.417775909437251,Amide-Pos-000224,Organic acids and derivatives,Carboxylic acids and derivatives,Steeper in Females,
Dehydroascorbic Acid,-0.003446304006388761,20.862612980513582,-0.016056218905880187,0.987401153584397,0.9990098609903744,-5.4193820935240975,Amide-Neg-000678,Organoheterocyclic compounds,Lactones,Steeper in Females,
2-Deoxyribose 5-Phosphate,-0.04193623114385605,21.376494741463414,-0.5858774814228812,0.5639205264673341,0.8990616398960276,-5.424630111500941,Amide-Neg-001061,Organic oxygen compounds,Organooxygen compounds,Steeper in Females,
Pe 16:0_22:5,0.0888755380903391,18.568981758486938,0.3243124893765461,0.7496576878211001,0.9711243771684831,-5.428863427272379,C8-Pos-004173,Lipids and lipid-like molecules,Glycerophospholipids,Steeper in Males,
Crotonic Acid,0.022404508016169864,19.051779799983855,0.20144136361433013,0.8428920923483594,0.9965506419602336,-5.42909118219838,Amide-Pos-000010,Lipids and lipid-like molecules,Fatty Acyls,Steeper in Males,
Lpc(20:1),-0.06198085790002542,20.23872422434562,-0.57080421400802706,0.5739170858855274,0.9027324171893425,-5.432332524094343,C8-Neg-002450,Lipids and lipid-like molecules,Glycerophospholipids,Steeper in Females,
Tg(20:1_24:5_20:6),0.043864570790777185,13.690683802301042,0.24441121954775089,0.8098378099280581,0.995702225321383,-5.432360094750504,C8-Pos-005843,Lipids and lipid-like molecules,Glycerolipids,Steeper in Males,
Υ-L-Glutamyl-L-Glutamic Acid,-0.039654229973277125,19.392860292899933,-0.5683801817937676,0.5755330450443423,0.9027324171893425,-5.4335530926698885,Amide-Pos-001105,Organic acids and derivatives,Carboxylic acids and derivatives,Steeper in Females,
Uric Acid,-0.02498796133557778,18.990169856881767,-0.5672006849498226,0.576320176585629,0.9027324171893425,-5.434145186002173,C18-Pos-000742,Organoheterocyclic compounds,Imidazopyrimidines,Steeper in Females,
Tg(49:11_2:0),0.07814626399534115,20.77472030519866,0.5668931764542019,0.5765254801316271,0.9027324171893425,-5.434299356115536,C8-Pos-004921,Lipids and lipid-like molecules,Glycerolipids,Steeper in Males,
Uridine 5'-Diphosphoglucuronic Acid,-0.058811841392207465,19.442681715331194,-0.40990802145707,0.6860247873330989,0.9560738572536364,-5.4343511298445675,Amide-Neg-001626,"Nucleosides, nucleotides, and analogues",Pyrimidine nucleotides,Steeper in Females,
Bis(2-Ethylhexyl) Adipate,0.019550221329373365,25.934231050445256,0.5652882681693842,0.5775975718981792,0.9027324171893425,-5.435102668356917,C8-Pos-001101,Lipids and lipid-like molecules,Fatty Acyls,Steeper in Males,
Lpe 22:3,0.20445377568494863,19.839511456008278,0.5650620816365456,0.5777487470011792,0.9027324171893425,-5.4352157054488215,C8-Pos-002412,Lipids and lipid-like molecules,Glycerophospholipids,Steeper in Males,
Pe(20:5_22:2),-0.0783889668251735,17.570092206184412,-0.5491129563126049,0.5890066964462256,0.9148271681570217,-5.440185402230224,C8-Pos-004871,Lipids and lipid-like molecules,Glycerophospholipids,Steeper in Females,
Xanthine,-0.08571839664451522,21.003160112330526,-0.5281357267068398,0.6029419068910722,0.9205563692811014,-5.441574390084911,Amide-Neg-000523,Organoheterocyclic compounds,Imidazopyrimidines,Steeper in Females,
L-Saccharopine,-0.03722606340846736,18.192457227400784,-0.5500914074557992,0.5877986421854726,0.9148271681570217,-5.4425999408228085,Amide-Pos-001107,Organic acids and derivatives,Carboxylic acids and derivatives,Steeper in Females,
Lpc 22:6-Sn1,0.09537317932138298,15.76163907355415,0.47986258379316943,0.6362851522815955,0.9264826237508884,-5.4434855999773895,C8-Pos-002720,Lipids and lipid-like molecules,Glycerophospholipids,Steeper in Males,
1-Aminocyclopropanecarboxylic Acid,-0.03631337147414659,28.298653956644646,-0.4697407308029767,0.6433812550159157,0.9301897662880709,-5.446721060320859,Amide-Pos-000091,Organic acids and derivatives,Carboxylic acids and derivatives,Steeper in Females,
Pe(22:2_21:4cooh),-0.04850996196774728,14.297091435598313,-0.29355864678994786,0.7726487020443982,0.9727610257475503,-5.447012147155599,C8-Pos-005188,Lipids and lipid-like molecules,Glycerophospholipids,Steeper in Females,
Tg(11:0_9:2cho_26:8),-0.03669525512889053,22.75079088246177,-0.5338040733144457,0.5988297182359583,0.9205563692811014,-5.450415297385468,C8-Pos-004421,Lipids and lipid-like molecules,Glycerolipids,Steeper in Females,
Glycerol Monomyristate,-0.05666401820808468,15.92492512271259,-0.5298408024015314,0.601529079553359,0.9205563692811014,-5.452282558417005,C8-Pos-000407,Lipids and lipid-like molecules,Glycerolipids,Steeper in Females,
D-Erythro-Sphinganine,0.051098835927382666,18.96599513676828,0.5297449315368119,0.6015944493383649,0.9205563692811014,-5.452327559752334,C8-Pos-000506,Organic nitrogen compounds,Organonitrogen compounds,Steeper in Males,
Citrulline,-0.05682387920586559,22.498202667052244,-0.5296043953185791,0.6016902804986782,0.9205563692811014,-5.452393512500739,Amide-Pos-000621,Organic acids and derivatives,Carboxylic acids and derivatives,Steeper in Females,
"7(Z),10(Z),13(Z),16(Z)-Docosatetraenoic Acid",0.014903764779587976,24.319180633953444,0.5277368937098317,0.6029644218791214,0.9205563692811014,-5.45326830539228,C8-Neg-000556,Lipids and lipid-like molecules,Fatty Acyls,Steeper in Males,
Trans-3-Indoleacrylic Acid,-0.0496558597047698,18.04314149064881,-0.5238254512707868,0.6056372835021306,0.9218812082529936,-5.4550908106265075,Amide-Pos-000658,Organoheterocyclic compounds,Indoles and derivatives,Steeper in Females,
S-Adenosyl-L-Homocysteine,-0.028597490822581104,22.74737018484568,-0.5218264764985281,0.6070054589798911,0.9218812082529936,-5.456017129065183,C18-Pos-000925,"Nucleosides, nucleotides, and analogues",5'-deoxyribonucleosides,Steeper in Females,
Pc(18:1_5:1cho),0.04657502490982626,24.542058022911828,0.4425862233997295,0.6628144469134958,0.9350408744852989,-5.457280227400236,C8-Neg-002843,Lipids and lipid-like molecules,Glycerophospholipids,Steeper in Males,
Sqdg(14:0_30:6),0.048903503543819005,16.187917992376494,0.5174742165878469,0.6099894086337962,0.9218812082529936,-5.458022041958455,C8-Neg-003807,Lipids and lipid-like molecules,Glycerolipids,Steeper in Males,
3-Hydroxy-1-Methyl-3-(2-Oxopropyl)Indol-2-One,-0.07037387187555386,19.259252285426715,-0.5165731372184366,0.6106080666734057,0.9218812082529936,-5.458435092949147,Amide-Pos-000918,Organoheterocyclic compounds,Indoles and derivatives,Steeper in Females,
N8-Acetylspermidine,-0.07950553557799697,17.082142525113365,-0.5151770797900967,0.6115671514126746,0.9218812082529936,-5.459073656986323,Amide-Pos-000661,Organic acids and derivatives,Carboximidic acids and derivatives,Steeper in Females,
Tg(20:2cho_26:3),0.06071579956286265,20.678954137346683,0.4879303772041813,0.6306545722414891,0.9264826237508884,-5.461970827341584,C8-Pos-004352,Lipids and lipid-like molecules,Glycerolipids,Steeper in Males,
Pc(27:6_8:1cooh),-0.08948999137532557,14.6298633418084,-0.5086650388189726,0.6160502876043656,0.9218812082529936,-5.462030082869138,C8-Neg-003407,Lipids and lipid-like molecules,Glycerophospholipids,Steeper in Females,
(±)5-Hepe,-0.05043760425716198,16.79958046733806,-0.5082866425141996,0.6163112638609176,0.9218812082529936,-5.462200747141493,C8-Pos-000501,Lipids and lipid-like molecules,Fatty Acyls,Steeper in Females,
Bismepa(18:0_19:1),0.03142454178172744,19.987234976457785,0.3238205376014886,0.7496112140620497,0.9711243771684831,-5.462411987577131,C8-Pos-003992,Lipids and lipid-like molecules,"Derivatized lipids (biotinylation, diazomethane)",Steeper in Males,
(2s)-2-[(2-Azaniumylacetyl)Amino]-4-Methylpentanoate,-0.0280816539819229,21.398300323843852,-0.5041077077475162,0.6191968782099273,0.9218812082529936,-5.4640773056891225,C18-Pos-000888,Organic acids and derivatives,Carboxylic acids and derivatives,Steeper in Females,
"D-Myo-Inositol-1,2-Diphosphate",0.022315515459718466,14.125478695581647,0.20233778362340007,0.841803437660505,0.9965506419602336,-5.466620716776417,Amide-Pos-001360,Organic oxygen compounds,Organooxygen compounds,Steeper in Males,
Udp-Β-D-Glucose (Sodium Salt),0.08465849740822447,21.95161207489548,0.4969537491165318,0.6241513682216537,0.9264826237508884,-5.467254771458419,Amide-Pos-001947,"Nucleosides, nucleotides, and analogues",Pyrimidine nucleotides,Steeper in Males,
Ps 22:6_22:6,-0.04351989334335685,15.880915081134116,-0.2391828879268193,0.8136659117266889,0.9965506419602336,-5.470261790658991,C8-Neg-003529,Lipids and lipid-like molecules,Glycerophospholipids,Steeper in Females,
Ketamine,0.12373403994450531,21.386731884069484,0.4898366057921357,0.6290984651995686,0.9264826237508884,-5.470371954949178,C8-Pos-000080,Benzenoids,Benzene and substituted derivatives,Steeper in Males,
Glutathionesulfonic Acid,0.049673214018211516,23.16199652027606,0.48671354899909297,0.6312749409602112,0.9264826237508884,-5.471725954282898,Amide-Pos-001446,Organic acids and derivatives,Carboxylic acids and derivatives,Steeper in Males,
Phloretic Acid,-0.060166890631949334,15.327631921872808,-0.212673095535914,0.8341111623431772,0.9965506419602336,-5.4728886891356225,C18-Pos-000567,Phenylpropanoids and polyketides,Phenylpropanoic acids,Steeper in Females,
L-Isoleucine,-0.05454635017927554,24.37608231998741,-0.4822478854398554,0.6343930321760272,0.9264826237508884,-5.473647358482433,C18-Pos-000375,Organic acids and derivatives,Carboxylic acids and derivatives,Steeper in Females,
Xanthosine 5'-Monophosphate,-0.05864299949470788,22.694340750041206,-0.4812477607757773,0.6350923110098754,0.9264826237508884,-5.474075304624852,Amide-Pos-001479,"Nucleosides, nucleotides, and analogues",Purine nucleotides,Steeper in Females,
Lithocholic Acid,0.05769293658464276,19.1197338021375,0.478332927569026,0.6371323228935528,0.9264826237508884,-5.475317592817193,C8-Neg-000679,Lipids and lipid-like molecules,Steroids and steroid derivatives,Steeper in Males,
Pe(7:0_16:0cho),-0.10050044463291838,16.51152290279749,-0.4773619227267669,0.6378125571893238,0.9264826237508884,-5.475729794085537,C8-Pos-002819,Lipids and lipid-like molecules,Glycerophospholipids,Steeper in Females,
L-Pyroglutamic Acid,-0.03240448216739764,20.13183287022231,-0.47705565493150864,0.6380271798218637,0.9264826237508884,-5.475859638134661,Amide-Pos-000317,Organic acids and derivatives,Carboxylic acids and derivatives,Steeper in Females,
Pi(O-16:2_18:3),-0.031338154018887454,19.199705742292696,-0.47527876015172305,0.639273010388113,0.9264826237508884,-5.476611357274789,C8-Pos-004803,Lipids and lipid-like molecules,Glycerophospholipids,Steeper in Females,
Pe 16:1_16:1,-0.10018622839122363,18.133616820399016,-0.45147116614911315,0.656277828711865,0.9350408744852989,-5.477165878901558,C8-Pos-003535,Lipids and lipid-like molecules,Glycerophospholipids,Steeper in Females,
Pc(22:5cooh_25:8),0.07544153024603072,14.975305423416174,0.2286944385780269,0.8214285489770998,0.9965506419602336,-5.47920149248092,C8-Pos-005561,Lipids and lipid-like molecules,Glycerophospholipids,Steeper in Males,
Pc(18:2_20:4cooh),0.09220887628042122,22.41182996237682,0.4583336681236243,0.651207972895107,0.9350408744852989,-5.483642247368323,C8-Pos-005013,Lipids and lipid-like molecules,Glycerophospholipids,Steeper in Males,
2-Oxobutanoic Acid,0.030535513263346963,16.560962722989782,0.4551852000320408,0.6536469866349377,0.9350408744852989,-5.483985069967798,Amide-Neg-000108,Organic acids and derivatives,Keto acids and derivatives,Steeper in Males,
"All-Cis-4,7,10,13,16-Docosapentaenoic Acid",0.09356667306984044,17.82054827775451,0.44859327963557777,0.6581122315194141,0.9350408744852989,-5.487570717033504,C8-Neg-000540,Lipids and lipid-like molecules,Fatty Acyls,Steeper in Males,
Xanthosine,0.0123301546633352,30.8930086105761,0.4480451888984012,0.6585016693025865,0.9350408744852989,-5.487789316312825,C18-Neg-001023,"Nucleosides, nucleotides, and analogues",Purine nucleosides,Steeper in Males,
Sphp(D16:2),-0.024731846529038596,22.940995450134178,-0.44569883060059984,0.6601699584863568,0.9350408744852989,-5.488722173734249,C8-Pos-000909,Lipids and lipid-like molecules,Sphingolipids,Steeper in Females,
Pc(6:0_17:0cho),0.04455619528447213,19.92711281894775,0.44086752566307846,0.6636107626361958,0.9350408744852989,-5.490627874537761,C8-Pos-003127,Lipids and lipid-like molecules,Glycerophospholipids,Steeper in Males,
Monopalmitolein (9c),-0.02272496478782245,18.994853483741167,-0.4392456230131513,0.66476757239693,0.9350408744852989,-5.491263068078996,C8-Pos-000582,Lipids and lipid-like molecules,Glycerolipids,Steeper in Females,
Dg(16:0_16:1),0.06949016577777375,16.147857722010492,0.4377663296003252,0.6658234122897146,0.9350408744852989,-5.491840409932425,C8-Pos-002844,Lipids and lipid-like molecules,Glycerolipids,Steeper in Males,
Pet(16:0_27:7),-0.05511058044074624,19.079466145132688,-0.43612487490006563,0.6669958237995133,0.9350408744852989,-5.492478805674939,C8-Pos-004866,Lipids and lipid-like molecules,Glycerophospholipids,Steeper in Females,
Thiamine,0.02792675436733512,19.39852123062748,0.43282809539088213,0.6693531801308188,0.936158293889257,-5.493753887038244,Amide-Pos-001056,Organoheterocyclic compounds,Diazines,Steeper in Males,
L-Serine,0.05037232355466036,16.342981711275062,0.4088630330366811,0.6867797207938621,0.9560738572536364,-5.501485777886273,Amide-Pos-000155,Organic acids and derivatives,Carboxylic acids and derivatives,Steeper in Males,
Tg(28:6_14:3cho),-0.07098908228838767,21.7852236632108,-0.3529604361255039,0.7276362354781079,0.9701816473041438,-5.502374217069924,C8-Pos-003929,Lipids and lipid-like molecules,Glycerolipids,Steeper in Females,
L-Glutathione Oxidized Hexhydrate,-0.029666515384829627,23.28929853291021,-0.4009422578729177,0.6923300112057968,0.960679075724662,-5.505595887096367,C18-Pos-001845,Organic acids and derivatives,Carboxylic acids and derivatives,Steeper in Females,
Pc(32:2_4:0),0.022940038757800502,21.290606412878272,0.25597234395606777,0.8007229659666125,0.9916316338237908,-5.506331896203344,C8-Pos-004593,Lipids and lipid-like molecules,Glycerophospholipids,Steeper in Males,
N-Acetylglutamic Acid,-0.031922147253330806,26.74314289764745,-0.39513492964740826,0.6965483749221839,0.9629701035790561,-5.507656807071648,C18-Pos-000763,Organic acids and derivatives,Carboxylic acids and derivatives,Steeper in Females,
Palmitoylcarnitine,0.06940968600441547,19.113065961524953,0.2856525913159832,0.7780816558617432,0.9766715345544893,-5.508244150078622,C8-Pos-001332,Lipids and lipid-like molecules,Fatty Acyls,Steeper in Males,
"N2-[5-Phenyl-4-(Trifluoromethyl)-1,3-Thiazol-2-Yl]Thiophene-2-Carboxamide",0.03506446830657908,22.102473830890307,0.3924426834873011,0.6985074061338125,0.9634584912190517,-5.508602201661449,Amide-Neg-000749,Organoheterocyclic compounds,Azoles,Steeper in Males,
1-Octadecanoyl-2-Octadecenoyl-Sn-Glycero-3-Phosphocholine,-0.004948010706838064,22.71477785151733,-0.04603897090050509,0.963759632900981,0.9990098609903744,-5.509750360570163,Amide-Pos-002309,Lipids and lipid-like molecules,Glycerophospholipids,Steeper in Females,
Octanedioic Acid,0.018637426273868225,25.569136078224886,0.38610495832762964,0.7031275611471421,0.963924109242144,-5.510802605930836,C18-Neg-000283,Lipids and lipid-like molecules,Fatty Acyls,Steeper in Males,
Dl-Xylose,-0.01868218943380401,21.223748426118814,-0.27622086166178933,0.7850785378249941,0.9813273710730208,-5.511510275634061,Amide-Neg-000332,Organic oxygen compounds,Organooxygen compounds,Steeper in Females,
2-Arachidonoyl Glycerol,0.03424655542659691,19.833893270387165,0.38337198110750237,0.7051235182476614,0.963924109242144,-5.511740587311659,C8-Pos-001012,Lipids and lipid-like molecules,Endocannabinoids,Steeper in Males,
Pe(16:1_20:4),-0.05295152350799033,22.72092258751562,-0.3828417860634331,0.7055109841440196,0.963924109242144,-5.51192179485854,C8-Pos-003942,Lipids and lipid-like molecules,Glycerophospholipids,Steeper in Females,
Cysteinylglycine,0.04757323219108654,17.897387738462033,0.38097253703734407,0.7068776801109057,0.963924109242144,-5.5125586873731445,Amide-Pos-000635,Organic acids and derivatives,Carboxylic acids and derivatives,Steeper in Males,
2-Acetamido-N-Β-Aspartyl-2-Deoxyhexopyranosylamine,0.016976377828280074,19.265921556898114,0.3773837019171317,0.7095044773270041,0.9653096778509415,-5.513772871012973,Amide-Pos-001270,Organic oxygen compounds,Organooxygen compounds,Steeper in Males,
Vitamin D3,-0.019839785842428546,23.956055354033825,-0.37519066400378415,0.7111114626835269,0.9653096778509415,-5.514509251183453,C8-Pos-001060,Lipids and lipid-like molecules,Steroids and steroid derivatives,Steeper in Females,
Oleoyl-L-Carnitine,-0.045596018213501906,16.284893588803236,-0.37221565253178723,0.7134619924104123,0.9663142109396103,-5.5146077635780655,C18-Pos-003241,Lipids and lipid-like molecules,Fatty Acyls,Steeper in Females,
7-Methylguanosine,-0.020789819572920854,16.710951181611996,-0.1419793227546484,0.8885909890812084,0.9965506419602336,-5.51516431131022,Amide-Pos-001185,"Nucleosides, nucleotides, and analogues",Purine nucleosides,Steeper in Females,
Guanosine-5'-Monophosphate,-0.031235678827561918,20.383433347414933,-0.36315713881734574,0.7199535065990448,0.9701816473041438,-5.518474571582113,C18-Pos-002454,"Nucleosides, nucleotides, and analogues",Purine nucleotides,Steeper in Females,
Glu-Glu-Glu,-0.02327540374253215,21.802099906332302,-0.35915951519631173,0.7228998591072867,0.9701816473041438,-5.519763668945181,Amide-Pos-001625,Organic acids and derivatives,Carboxylic acids and derivatives,Steeper in Females,
Xawlprcylccvfp-Cvlifihmsa-N,0.060461993644720415,19.092448950934145,0.15931130940248242,0.8751048689890768,0.9965506419602336,-5.519778967439845,C8-Pos-001450,Lipids and lipid-like molecules,Prenol lipids,Steeper in Males,
Pc(9:0_28:7),-0.05000527081721324,26.2428910583317,-0.35749177234528107,0.724130332065394,0.9701816473041438,-5.520297297261903,C8-Pos-004628,Lipids and lipid-like molecules,Glycerophospholipids,Steeper in Females,
N6-Succinyladenosine; Lc-Tdda; Ce10,-0.02570199884950046,17.581476683051502,-0.35589908594377967,0.725306139910412,0.9701816473041438,-5.520804621728007,C18-Pos-002703,"Nucleosides, nucleotides, and analogues",Purine nucleosides,Steeper in Females,
2-Methylsuccinic Acid,0.1505623621939882,18.617828651026013,0.3542609756456822,0.7265162050515076,0.9701816473041438,-5.521324082941672,Amide-Neg-000333,Lipids and lipid-like molecules,Fatty Acyls,Steeper in Males,
L-Lysine,-0.05035171195675059,23.756432634449652,-0.3487871407463472,0.7305649839649769,0.9709762084443028,-5.523042729609238,Amide-Neg-000484,Organic acids and derivatives,Carboxylic acids and derivatives,Steeper in Females,
Pg(24:1_22:7),0.032028624893873786,19.414064248563797,0.3475667710066079,0.731468743694708,0.9709762084443028,-5.523422292648804,C8-Neg-003604,Lipids and lipid-like molecules,Glycerophospholipids,Steeper in Males,
2-Furoic Acid,0.011705259842769492,23.401479812872726,0.3431902191120341,0.73471312260869,0.9711243771684831,-5.524772695077449,Amide-Neg-000149,Organoheterocyclic compounds,Furans,Steeper in Males,
Asparagine,-0.03346902650881623,20.502607834756574,-0.34231569094350073,0.7353620282511302,0.9711243771684831,-5.52504050793126,Amide-Pos-000372,Organic acids and derivatives,Carboxylic acids and derivatives,Steeper in Females,
Uridine Monophosphate,0.026115768402855063,19.21632448794187,0.2061777324181219,0.8386378092484104,0.9965506419602336,-5.525491633112669,C18-Pos-002017,"Nucleosides, nucleotides, and analogues",Pyrimidine nucleotides,Steeper in Males,
Pi(O-5:0_21:0),-0.029950805988087484,26.322604916848434,-0.33711776547843175,0.7392230771272763,0.9711243771684831,-5.526618372266864,C8-Neg-003063,Lipids and lipid-like molecules,Glycerophospholipids,Steeper in Females,
Docosatrienoic Acid,0.02892430985808182,21.031297595690866,0.33175371025754363,0.7432149116828561,0.9711243771684831,-5.5282216484895885,C8-Neg-000566,Lipids and lipid-like molecules,Fatty Acyls,Steeper in Males,
Lpi(O-14:1),0.011290259138669384,20.90666072412088,0.3315214475889945,0.7433879252517158,0.9711243771684831,-5.528290495882527,C8-Neg-001716,Lipids and lipid-like molecules,Glycerophospholipids,Steeper in Males,
1-Methylhistidine,0.041047803023650575,22.565054766485417,0.32940530430788806,0.7449648877581797,0.9711243771684831,-5.528915568037463,Amide-Pos-000599,Organic acids and derivatives,Carboxylic acids and derivatives,Steeper in Males,
Meso-Erythritol,-0.020412002718304643,15.78292566785169,-0.11508018165770793,0.9096555834547747,0.9990098609903744,-5.529383806752493,Amide-Neg-000252,Organic oxygen compounds,Organooxygen compounds,Steeper in Females,
Pc(14:1_28:3),-0.02917552927885143,16.789686012521987,-0.32572324611802445,0.747711502540083,0.9711243771684831,-5.5299937489137125,C8-Pos-005214,Lipids and lipid-like molecules,Glycerophospholipids,Steeper in Females,
Pc(20:3_25:5),-0.03375042997330002,17.60883735388529,-0.2986102845834591,0.7681721453448414,0.9727239305981886,-5.530277004546322,C8-Neg-003713,Lipids and lipid-like molecules,Glycerophospholipids,Steeper in Females,
D-Glucose,0.026770730275872193,20.36572150806297,0.32179634881691904,0.7506445322049013,0.9711243771684831,-5.531130413767151,Amide-Neg-001099,Organic oxygen compounds,Organooxygen compounds,Steeper in Males,
2-(5-Oxovaleryl)Phosphatidylcholine,0.019420578755763047,21.056539238457304,0.3111923838469848,0.7585838776629,0.9727239305981886,-5.534131634649775,C8-Pos-002923,Lipids and lipid-like molecules,Glycerophospholipids,Steeper in Males,
Piperine,0.011161896792225496,18.10192274218392,0.3108932856020604,0.7588082169476089,0.9727239305981886,-5.53421484456404,C8-Pos-000414,Alkaloids and derivatives,NA,Steeper in Males,
L-Kynurenine,-0.028859624511373114,21.265575851812184,-0.30654745369343284,0.7620702579709411,0.9727239305981886,-5.535414927842249,C18-Pos-001046,Organic oxygen compounds,Organooxygen compounds,Steeper in Females,
Ppg N4,0.027258779565706274,23.60943570944349,0.3043635760075124,0.7637112191733126,0.9727239305981886,-5.536011680681164,C8-Pos-000209,Organic oxygen compounds,Organooxygen compounds,Steeper in Males,
Bis(Methylbenzylidene)Sorbitol,-0.018423946574148198,17.993891921156933,-0.30286354616093,0.7648389970254952,0.9727239305981886,-5.536419121417609,C8-Pos-001076,Phenylpropanoids and polyketides,Cinnamyl alcohols,Steeper in Females,
"1,2-Dioleoyl-Sn-Glycero-3-Phosphatidylcholine",-0.027271551221831822,16.50791891185648,-0.2993616690469099,0.7674739102184318,0.9727239305981886,-5.537362545768875,Amide-Pos-002307,Lipids and lipid-like molecules,Glycerophospholipids,Steeper in Females,
Carnosine,-0.0022946584624793246,16.451550792561605,-0.019032405474778562,0.9849949246439035,0.9990098609903744,-5.537411728000474,Amide-Pos-000849,Organic acids and derivatives,Peptidomimetics,Steeper in Females,
1-Oleoyl-2-Myristoyl-Sn-Glycero-3-Phosphocholine,-0.04255009434160672,20.277956254238713,-0.29817933494921406,0.7683641837591569,0.9727239305981886,-5.537678618289064,Amide-Pos-002228,Lipids and lipid-like molecules,Glycerophospholipids,Steeper in Females,
Ppg N5,-0.02706397743556206,23.03403445079477,-0.2960831087324845,0.7699434022471259,0.9727239305981886,-5.538235954339372,C18-Pos-001870,Organic oxygen compounds,Organooxygen compounds,Steeper in Females,
Pc(O-29:1_5:0),-0.02868351121405288,18.886191296787484,-0.2959109950278714,0.7700731117235661,0.9727239305981886,-5.53828154214079,C8-Pos-004203,Lipids and lipid-like molecules,Glycerophospholipids,Steeper in Females,
Cyclohexylamine,-0.032376766560998124,24.541715013952768,-0.20835717869380221,0.8369576315291717,0.9965506419602336,-5.538526885070681,Amide-Pos-000085,Organic nitrogen compounds,Organonitrogen compounds,Steeper in Females,
Glycine,-0.037465863244658226,18.323511091278213,-0.2915724528095316,0.7733450154693026,0.9727610257475503,-5.539422015126679,Amide-Neg-000011,Organic acids and derivatives,Carboxylic acids and derivatives,Steeper in Females,
"1,3,5-Tris(3,5-Di-Tert-Butyl-4-Hydroxybenzyl)-1,3,5-Triazine-2,4,6(1h,3h,5h)-Trione",-0.02317573351973587,24.188006754131038,-0.07860204591828868,0.9380933125068938,0.9990098609903744,-5.541650129414454,C8-Pos-004362,Benzenoids,Benzene and substituted derivatives,Steeper in Females,
Pe(19:4_19:4),-0.009750925197361964,19.512881161218967,-0.2791329451089643,0.7827499597681116,0.980480116619764,-5.542599393423641,C8-Pos-004114,Lipids and lipid-like molecules,Glycerophospholipids,Steeper in Females,
N-Acetyl-L-Methionine,0.04047021575508698,21.186824080980728,0.2735402791295181,0.7869895080708242,0.9813273710730208,-5.543983136193358,Amide-Neg-000866,Organic acids and derivatives,Carboxylic acids and derivatives,Steeper in Males,
Gly-Asp,0.027162068861247356,15.09713458760034,0.27176987360048305,0.7883329880953267,0.9813273710730208,-5.544415381122859,Amide-Pos-000690,Organic acids and derivatives,Carboxylic acids and derivatives,Steeper in Males,
D-Mannitol 1-Phosphate,-0.007825626747480312,21.86717273457482,-0.04094718620988254,0.9677248026070437,0.9990098609903744,-5.544684211254835,Amide-Neg-001445,Organic oxygen compounds,Organooxygen compounds,Steeper in Females,
D-(-)-Mannitol,0.051098114049782276,16.694907513705722,0.2662404282437793,0.792533351615432,0.9845134802676173,-5.545747459996916,Amide-Neg-000787,Organic oxygen compounds,Organooxygen compounds,Steeper in Males,
Pc 16:0_16:1,-0.012421346450394659,19.042948936387475,-0.254374287711589,0.8015689040075642,0.9916316338237908,-5.548514315097162,C8-Pos-003874,Lipids and lipid-like molecules,Glycerophospholipids,Steeper in Females,
Adenosine,0.0014929248521092448,21.892960672898315,0.00980566507252196,0.99227856222179045,0.9990098609903744,-5.54968457986689,Amide-Pos-001066,"Nucleosides, nucleotides, and analogues",Purine nucleosides,Steeper in Males,
Opeo,0.003070988803428561,17.06421735331627,0.039421611274934744,0.9689451058719669,0.9990098609903744,-5.549887937659514,C8-Pos-000208,Benzenoids,Benzene and substituted derivatives,Steeper in Males,
Nicotinamide Adenine Dinucleotide (Nad+),0.011194940468048068,17.73095137843689,0.2475740004120687,0.8067599421310201,0.9939547541655279,-5.550043480182145,C18-Pos-002114,"Nucleosides, nucleotides, and analogues",(5'->5')-dinucleotides,Steeper in Males,
Dl-Pyroglutamic Acid,-0.009346510488131753,29.68323074666641,-0.23435948341716964,0.8168731872729348,0.9965506419602336,-5.552897232940169,Amide-Neg-000291,Organic acids and derivatives,Carboxylic acids and derivatives,Steeper in Females,
1-Linoleoyl-Sn-Glycero-3-Phosphorylcholine,-0.01685434016165936,18.728926528869376,-0.22761960698034361,0.8220440109317281,0.9965506419602336,-5.554292825574419,C18-Pos-004537,Lipids and lipid-like molecules,Glycerophospholipids,Steeper in Females,
Peg N14,0.02089727744719733,20.195823426227083,0.22595807114996366,0.8233200200432194,0.9965506419602336,-5.554630648584573,C8-Pos-003314,Organic oxygen compounds,Organooxygen compounds,Steeper in Males,
L-Threonic Acid Calcium Salt,-0.01630438486645132,18.28718261719877,-0.22565531376676293,0.8235525824605738,0.9965506419602336,-5.5546919399631465,Amide-Neg-000405,Organic oxygen compounds,Organooxygen compounds,Steeper in Females,
Succinic Acid,0.006335736074930518,24.247547378814406,0.14510472753629566,0.886011840447817,0.9965506419602336,-5.556327898132456,Amide-Neg-000221,Organic acids and derivatives,Carboxylic acids and derivatives,Steeper in Males,
1-Palmitoyl-Sn-Glycero-3-Phosphocholine,0.013761412999161856,18.964807659939186,0.21734479128875173,0.829942690790557,0.9965506419602336,-5.5563424299089466,C8-Pos-002038,Lipids and lipid-like molecules,Glycerophospholipids,Steeper in Males,
Tetradecanoyl-L-Carnitine,-0.02442789619216794,20.518270703229483,-0.21670535179290248,0.8304348720792095,0.9965506419602336,-5.556466871212852,Amide-Pos-001508,Lipids and lipid-like molecules,Fatty Acyls,Steeper in Females,
Dgdg(18:0_11:1),-0.029481802162371607,22.665961781980222,-0.21351836540170654,0.8328889761156162,0.9965506419602336,-5.557081649141821,C8-Neg-003439,Lipids and lipid-like molecules,Glycerolipids,Steeper in Females,
L-Threonine,-0.06461665580164587,15.638450651514049,-0.20913028774145712,0.8362708142046474,0.9965506419602336,-5.557913286019393,Amide-Pos-000255,Organic acids and derivatives,Carboxylic acids and derivatives,Steeper in Females,
Pc(6:0cooh_30:1),-0.006997175085603542,24.44558998539255,-0.20637214076031404,0.8383981467295416,0.9965506419602336,-5.558427216794487,C8-Pos-004874,Lipids and lipid-like molecules,Glycerophospholipids,Steeper in Females,
2'-Guanylic Acid,0.03437688081048069,22.001250056430926,0.198060530727073,0.8448163899836525,0.9965506419602336,-5.559934849962635,C18-Neg-001640,Organic oxygen compounds,Organooxygen compounds,Steeper in Males,
D-Mannose,0.007785429738912702,18.786892550991475,0.18898533499271594,0.8518368633173722,0.9965506419602336,-5.561510500713713,Amide-Neg-001092,Organic oxygen compounds,Organooxygen compounds,Steeper in Males,
Lpc(14:0),-0.006286999304576437,24.75930721068605,-0.18755850341345784,0.8529418039194878,0.9965506419602336,-5.561751533039694,C8-Neg-001710,Lipids and lipid-like molecules,Glycerophospholipids,Steeper in Females,
Lpc(23:6),-0.015171429529588297,27.198918899676986,-0.18498088379443375,0.8549386975780373,0.9965506419602336,-5.562182352077882,C8-Neg-002622,Lipids and lipid-like molecules,Glycerophospholipids,Steeper in Females,
Bis(2-Ethylhexyl) Sebacate,-0.0239541655789028,20.99775517683387,-0.18202872370628342,0.8572269699395921,0.9965506419602336,-5.562668472837282,C8-Pos-001597,Lipids and lipid-like molecules,Fatty Acyls,Steeper in Females,
Myristoyl-L-Carnitine,-0.012382170409972929,18.367110683610292,-0.17715242364793748,0.861009480254457,0.9965506419602336,-5.563454364435642,C18-Pos-002570,Lipids and lipid-like molecules,Fatty Acyls,Steeper in Females,
"N,N-Dimethylsphingosine",-0.017042258431529622,20.25940264543238,-0.17690341092950515,0.8612027299551837,0.9965506419602336,-5.563493925926698,C8-Pos-000708,Organic nitrogen compounds,Organonitrogen compounds,Steeper in Females,
N-Acetyl-Neuraminic Acid,0.005295924534758623,18.97466329869961,0.1731787625633783,0.8640943478438617,0.9965506419602336,-5.564079053128361,Amide-Pos-001317,Organic oxygen compounds,Organooxygen compounds,Steeper in Males,
Pe(22:3_26:5),0.04054528901933225,19.183475774438502,0.1720243689958142,0.8649909546190607,0.9965506419602336,-5.564257884115179,C8-Neg-003594,Lipids and lipid-like molecules,Glycerophospholipids,Steeper in Males,
Methanesulfonic Acid,-0.007011775042012338,27.882618067044536,-0.1694529007192615,0.8669888567171573,0.9965506419602336,-5.5646519523863835,Amide-Neg-000089,Organic acids and derivatives,Organic sulfonic acids and derivatives,Steeper in Females,
Dibenzoylmethane,0.013759717962945646,18.38432578337683,0.16927337021649935,0.8671283770362523,0.9965506419602336,-5.564679243809278,C8-Pos-000098,Phenylpropanoids and polyketides,"Linear 1,3-diarylpropanoids",Steeper in Males,
2-Aminoisobutyric Acid,0.022959415709364644,20.24258237283656,0.1636748533702475,0.8714814065316383,0.9965506419602336,-5.56551582939857,Amide-Pos-000144,Organic acids and derivatives,Carboxylic acids and derivatives,Steeper in Males,
Myristyl Sulfate,-0.025920083381671226,20.29602910819684,-0.07359358977687498,0.9420302470966212,0.9990098609903744,-5.565747106584696,C8-Neg-000367,Organic acids and derivatives,Organic sulfuric acids and derivatives,Steeper in Females,
Glycerol Monopalmitate,0.012370881276200726,17.8050755612734,0.16200982991779272,0.8727768267684888,0.9965506419602336,-5.565759220909572,C8-Pos-000593,Lipids and lipid-like molecules,Glycerolipids,Steeper in Males,
Triethyl Phosphate,-0.05514350157882442,16.465767061035347,-0.16062928317640396,0.8738511955538837,0.9965506419602336,-5.56595914584799,C18-Pos-000839,Organic acids and derivatives,Organic phosphoric acids and derivatives,Steeper in Females,
Citroflex A-4,0.0077448689047658345,19.68673610326106,0.1561058335233481,0.8773731657635251,0.9965506419602336,-5.566602256839725,C8-Pos-001356,Organic acids and derivatives,Carboxylic acids and derivatives,Steeper in Males,
Arachidonic Acid,0.008550299952086898,18.77772156320749,0.15277170372243448,0.8799707956659754,0.9965506419602336,-5.56706454893699,C8-Neg-000422,Lipids and lipid-like molecules,Fatty Acyls,Steeper in Males,
Triethanolamine,-0.004250273931345406,18.799631088956204,-0.15229302383636986,0.8803438506631155,0.9965506419602336,-5.56713010276168,Amide-Pos-000365,Organic nitrogen compounds,Organonitrogen compounds,Steeper in Females,
Tryptophan,-0.0188013732376002,20.241985505569033,-0.14904502001266715,0.8828758999105626,0.9965506419602336,-5.567569486523537,Amide-Pos-000761,Organoheterocyclic compounds,Indoles and derivatives,Steeper in Females,
Ganglioside-Gm1(D18:1/18:0),0.017895294288302516,18.17773955062562,0.14694184929623352,0.8845161553274391,0.9965506419602336,-5.56784895863831,C8-Pos-004266,Lipids and lipid-like molecules,Sphingolipids,Steeper in Males,
L-Ornithine,0.003820714899287754,19.43728617813636,0.14622676812993848,0.885073965599797,0.9965506419602336,-5.567943076853976,Amide-Neg-000344,Organic acids and derivatives,Carboxylic acids and derivatives,Steeper in Males,
Cytidine,0.008296282997839032,22.73705791418148,0.1461818800519466,0.8851089832838426,0.9965506419602336,-5.56794896969323,Amide-Neg-001321,"Nucleosides, nucleotides, and analogues",Pyrimidine nucleosides,Steeper in Males,
"1,2-Dieicosenoyl-Sn-Glycero-3-Phosphocholine",-0.009271478338804505,20.023964423116812,-0.1444098017302485,0.8864915921130365,0.9965506419602336,-5.5681801630762235,C8-Pos-004898,Lipids and lipid-like molecules,Glycerophospholipids,Steeper in Females,
Pc(15:2cho_22:2),-0.007965608957413061,14.04849506292297,-0.1435010168220552,0.8872007868402574,0.9965506419602336,-5.568297635825105,C8-Pos-004614,Lipids and lipid-like molecules,Glycerophospholipids,Steeper in Females,
Citroflex 4,0.006551365265590929,19.486404145765555,0.14178163537515828,0.8885428161666088,0.9965506419602336,-5.568517864617763,C8-Pos-001006,Organic acids and derivatives,Carboxylic acids and derivatives,Steeper in Males,
Yrquylsqfnxrba-Izzdovswsa-N,-0.0046547266027268455,27.476072289745574,-0.13906737523468046,0.8906620724661285,0.996621110999609,-5.568860131558367,C18-Neg-000934,Lipids and lipid-like molecules,Prenol lipids,Steeper in Females,
O-Acetylserine,0.0068480284609973244,18.60186710888855,0.1373852223705965,0.8919758943446502,0.996621110999609,-5.569068936379052,Amide-Neg-000297,Organic acids and derivatives,Carboxylic acids and derivatives,Steeper in Males,
Gamma-Glu-Glu,0.003251149005824586,26.01832005652673,0.021346869086731262,0.9831704850274454,0.9990098609903744,-5.570038882095121,Amide-Pos-001102,Organic acids and derivatives,Carboxylic acids and derivatives,Steeper in Males,
Tg(15:0_15:0_24:6),0.026335977402548758,16.592413916996303,0.12920905922272183,0.898366219767109,0.9990098609903744,-5.570047715071294,C8-Pos-005260,Lipids and lipid-like molecules,Glycerolipids,Steeper in Males,
Pe(O-26:3_7:0),-0.01200729998648963,17.546165351697585,-0.11003528306650703,0.9133789639514278,0.9990098609903744,-5.572107915918108,C8-Pos-003685,Lipids and lipid-like molecules,Glycerophospholipids,Steeper in Females,
Tg(29:3cooh_2:0),0.009134434533744915,24.034247014436012,0.10833176703579213,0.9147144745213354,0.9990098609903744,-5.572275005488271,C8-Pos-003050,Lipids and lipid-like molecules,Glycerolipids,Steeper in Males,
Pet(20:0_23:6),0.01123602984753451,16.888349394828634,0.10584115196802493,0.916667511918566,0.9990098609903744,-5.572514611307309,C8-Pos-004891,Lipids and lipid-like molecules,Glycerophospholipids,Steeper in Males,
D-Glyceric Acid,0.04891937862912862,20.061068501601163,0.1024710927138039,0.9193110273138282,0.9990098609903744,-5.57282996101062,Amide-Neg-000135,Organic oxygen compounds,Organooxygen compounds,Steeper in Males,
"(2s)-2-Hydroxy-3-[(Hydroxy{[(1s,2r,3r,4s,5s,6r)-2,3,4,5,6-Pentahydroxycyclohexyl]Oxy}Phosphoryl)Oxy]Propyl (12z)-12-Octadecenoate",0.010555434089723696,17.546710453290096,0.09415348005007118,0.9258394820511573,0.9990098609903744,-5.573564648880643,C8-Neg-002321,Lipids and lipid-like molecules,Glycerophospholipids,Steeper in Males,
4-Piperidinecarboxamide,0.0024581125477536325,23.205951288468516,0.09028610205244748,0.9288768174916313,0.9990098609903744,-5.573885101303111,Amide-Pos-000314,Organoheterocyclic compounds,Piperidines,Steeper in Males,
"2,3-Dihydroxypropyl 13-Methyltetradecanoate",0.003290990288810749,17.414662227600527,0.08739706347982644,0.9311465172212329,0.9990098609903744,-5.574115726221568,C8-Pos-000764,Lipids and lipid-like molecules,Glycerolipids,Steeper in Males,
Penicillin G,-0.004999348435317275,19.616712353069488,-0.0721068954289384,0.9431683552074408,0.9990098609903744,-5.575211506666459,C8-Pos-000768,Organic acids and derivatives,Carboxylic acids and derivatives,Steeper in Females,
Glucose 1-Phosphate,-0.007328468321748451,21.805976149814555,-0.07161596209043777,0.9435545950179358,0.9990098609903744,-5.575243210838924,C18-Pos-001412,Organic oxygen compounds,Organooxygen compounds,Steeper in Females,
"2-(6-Hydroxy-1-Methyl-2-Methylidene-9-Propan-2-Yl-5-Oxatricyclo[5.4.0.03,8]Undecan-4-Yl)Acetic Acid",0.002498036500388981,26.809863756800905,0.07109744807718858,0.9439625492227122,0.9990098609903744,-5.5752764610924785,C18-Neg-000965,Lipids and lipid-like molecules,Prenol lipids,Steeper in Males,
Inosine-5'-Monophosphate (Imp),-0.004662657269227466,21.38427070981652,-0.06791824369795589,0.946464209250984,0.9990098609903744,-5.575475051267254,C18-Pos-002294,"Nucleosides, nucleotides, and analogues",Purine nucleotides,Steeper in Females,
Hypaphorine,0.008063264809490043,22.54560789432675,0.06780278410800249,0.9465550731572085,0.9990098609903744,-5.575482092647286,C18-Pos-001332,Organic acids and derivatives,Carboxylic acids and derivatives,Steeper in Males,
"2-[{[(1s,4s,6s)-4-({5-[4-(Dimethylamino)Phenyl]-1,3,4-Oxadiazol-2-Yl}Methyl)-6-Isopropyl-3-Methyl-2-Cyclohexen-1-Yl]Methyl}(Methyl)Amino]Ethanol",0.0031152448618394562,21.772636080682428,0.06642548357895874,0.9476390323596271,0.9990098609903744,-5.575565164823926,C8-Pos-001592,Lipids and lipid-like molecules,Prenol lipids,Steeper in Males,
Citric Acid,-0.011629629566582013,20.16674609345465,-0.06620377792097519,0.9478135282673381,0.9990098609903744,-5.575578377823748,Amide-Neg-000876,Organic acids and derivatives,Carboxylic acids and derivatives,Steeper in Females,
Taurine,-0.009703121193007994,16.93833571487413,-0.06564574039463336,0.9482527497479367,0.9990098609903744,-5.57561143976976,Amide-Pos-000156,Organic acids and derivatives,Organic sulfonic acids and derivatives,Steeper in Females,
Lpe 24:4,0.0015370883398710296,19.71862999826929,0.054395030844988174,0.9571113781994959,0.9990098609903744,-5.576218331436299,C8-Pos-002633,Lipids and lipid-like molecules,Glycerophospholipids,Steeper in Males,
Hypotaurine,-0.003656754239523225,16.83470560791983,-0.053962544291909616,0.9574520318017169,0.9990098609903744,-5.576239391035147,Amide-Pos-000072,Organic acids and derivatives,Sulfinic acids and derivatives,Steeper in Females,
Ps(18:3_24:4),-0.0051743539266049,20.7313517695496,-0.053787043818118455,0.9575902693838241,0.9990098609903744,-5.576247888959477,C8-Pos-005046,Lipids and lipid-like molecules,Glycerophospholipids,Steeper in Females,
Pc(36:6_13:4cooh),0.0029731461969137022,20.788515020734046,0.05152909228971398,0.959368924628816,0.9990098609903744,-5.5763547529452175,C8-Pos-005755,Lipids and lipid-like molecules,Glycerophospholipids,Steeper in Males,
"1,3-Diphenylacetone",0.0036176309036076815,18.07582139555749,0.05061776116176709,0.9600868689416819,0.9990098609903744,-5.576396586691422,C8-Pos-000033,Phenylpropanoids and polyketides,"Linear 1,3-diarylpropanoids",Steeper in Males,
Lpc(23:5),-0.0033229753249260007,16.270344747073242,-0.049091536265986696,0.9612893022062425,0.9990098609903744,-5.57646497510181,C8-Neg-002641,Lipids and lipid-like molecules,Glycerophospholipids,Steeper in Females,
Limonin,0.007665713110113717,21.349889378765884,0.04761953789128882,0.9624491024666666,0.9990098609903744,-5.576528950820198,C8-Pos-002093,Lipids and lipid-like molecules,Prenol lipids,Steeper in Males,
Docosanamide,-0.0021677254381759275,21.329518121718134,-0.043939641515389774,0.9653488907406121,0.9990098609903744,-5.576680367775142,C8-Pos-000820,Lipids and lipid-like molecules,Fatty Acyls,Steeper in Females,
Pe(O-10:0_6:0),-0.004602893607862052,20.721616067867703,-0.043271763131425216,0.9658752380937684,0.9990098609903744,-5.57670654430922,C8-Pos-001872,Lipids and lipid-like molecules,Glycerophospholipids,Steeper in Females,
Lpc 14:0-Sn2,0.002670173020652636,19.632029669004137,0.040719411078018075,0.9678868620805218,0.9990098609903744,-5.576802887000103,C8-Pos-001973,Lipids and lipid-like molecules,Glycerophospholipids,Steeper in Males,
Pi(18:0_22:6),0.004651127683234301,22.72168300806923,0.03918911359997015,0.9690930643551584,0.9990098609903744,-5.5768578432772555,C8-Pos-005434,Lipids and lipid-like molecules,Glycerophospholipids,Steeper in Males,
D-Lysine,-0.0015250380796842107,26.305587911042405,-0.033793002336408307,0.9733469397918213,0.9990098609903744,-5.57703483439997,Amide-Pos-000316,Organic acids and derivatives,Carboxylic acids and derivatives,Steeper in Females,
"Cytidine 2',3'-Cyclic Monophosphoric Acid",0.0030134432168771393,19.956579850031066,0.030679745673121227,0.975801567007808,0.9990098609903744,-5.577125043829389,Amide-Pos-001218,"Nucleosides, nucleotides, and analogues",Pyrimidine nucleotides,Steeper in Males,
L-Tyrosine,0.0036141249718243435,19.564217378874535,0.02869191597414409,0.9773689883457486,0.9990098609903744,-5.577178086183876,C18-Pos-000832,Organic acids and derivatives,Carboxylic acids and derivatives,Steeper in Males,
Ps(17:1_29:3),7.260433345254082e-4,24.486220341624612,0.02401996224294733,0.9810532217668746,0.9990098609903744,-5.5772887678119245,C8-Neg-003657,Lipids and lipid-like molecules,Glycerophospholipids,Steeper in Males,
S-4-(2-Oxo-Butyl)Glutathione,0.001631737636425323,16.321648509897138,0.0217270528628051,0.9828615394423201,0.9990098609903744,-5.577335911344242,C18-Pos-002636,Organic acids and derivatives,Carboxylic acids and derivatives,Steeper in Males,
2'-Deoxyadenosine,-0.0037101534658646436,19.819672600974187,-0.021520152800262447,0.9830247172833105,0.9990098609903744,-5.577339932884499,Amide-Pos-000996,"Nucleosides, nucleotides, and analogues",Purine nucleosides,Steeper in Females,
O-Phosphocolamine,0.003935677847317174,16.756742941158453,0.020787771795911018,0.9836023372320314,0.9990098609903744,-5.577353859096104,Amide-Neg-000449,Organic acids and derivatives,Organic phosphoric acids and derivatives,Steeper in Males,
"N3,N4-Dimethyl-L-Arginine",-0.006362352716553694,26.106319449880782,-0.014059746957628296,0.9889090370304108,0.9990098609903744,-5.577459233863846,Amide-Pos-000747,Organic acids and derivatives,Carboxylic acids and derivatives,Steeper in Females,
Cl(18:0_17:1cho_22:4_22:4),0.0019475405659606852,17.566519413029436,0.011590738763150013,0.9908566012359865,0.9990098609903744,-5.5774876980427015,C8-Neg-003242,Lipids and lipid-like molecules,Glycerophospholipids,Steeper in Males,
Asp-Asp,-8.179309959476767e-4,19.302998122820924,-0.010342310935029199,0.9918413893958138,0.9990098609903744,-5.577500004810862,Amide-Pos-000987,Organic acids and derivatives,Carboxylic acids and derivatives,Steeper in Females,
Pe 20:2_20:2,-0.0013611477614231052,21.99159874020512,-0.00724273627196032,0.9942864581698843,0.9990098609903744,-5.577524502669147,C8-Pos-004303,Lipids and lipid-like molecules,Glycerophospholipids,Steeper in Females,
Dihydronicotinamide-Adenine Dinucleotide,7.853194586503782e-4,16.19787686904657,0.005445734060841999,0.9957040334206653,0.9990098609903744,-5.577534750718952,Amide-Pos-002120,"Nucleosides, nucleotides, and analogues",(5'->5')-dinucleotides,Steeper in Males,
Linoleic Acid,8.822179563441983e-4,20.69399764454519,0.005171175045298579,0.9959206222328199,0.9990098609903744,-5.577536060858162,C8-Neg-000295,Lipids and lipid-like molecules,Fatty Acyls,Steeper in Males,
Dg(3:0_15:0),-1.6726561296894033e-4,22.96159974196248,-0.004039426305204139,0.9968134175217293,0.9990098609903744,-5.57754074598974,C8-Pos-001241,Lipids and lipid-like molecules,Glycerolipids,Steeper in Females,
L-Glutathione Oxidized,3.220461126412824e-4,25.782303508839618,0.0032342958210348884,0.9974485582528632,0.9990098609903744,-5.577543378117386,C18-Pos-001837,Organic acids and derivatives,Carboxylic acids and derivatives,Steeper in Males,
Phosphocreatine,9.29713727949057e-5,19.17394390013809,0.0012551325174206208,0.9990098609903744,0.9990098609903744,-5.577547371646082,Amide-Neg-001041,Organic acids and derivatives,Carboxylic acids and derivatives,Steeper in Males,
