Name,Compound.ID,Wilcoxon_statistic,p_value,Mean_Female,Mean_Male,logFC,FDR,Bonferroni,Significant_FDR,Significant_Bonferroni,Direction,Name_display
Acrylic Acid,Amide-Neg-000001,21,0.746885633390364,21.116565232078624,21.062901907098677,-0.0036709735731192948,0.9951447848445479,1,FALSE,FALSE,Higher in Females,Acrylic Acid
Glycine,Amide-Neg-000011,85,0.47048642205878966,18.422342349076295,18.22467983348013,-0.01556303783646986,0.9951447848445479,1,FALSE,FALSE,Higher in Females,Glycine
Glycolic Acid,Amide-Neg-000015,68,0.8398599725400034,18.63339002001034,18.54390219604784,-0.006945308896617476,1,1,FALSE,FALSE,Higher in Females,Glycolic Acid
Pyruvic Acid,Amide-Neg-000032,19,0.9361862934730594,19.096041097158587,19.127928908473706,0.0024070967989246396,1,1,FALSE,FALSE,Higher in Males,Pyruvic Acid
Dl-Alanine,Amide-Neg-000047,49,0.1939308522824107,15.66251411444213,16.03121792271259,0.03356822434817358,0.9951447848445479,1,FALSE,FALSE,Higher in Males,Dl-Alanine
Dl-Lactic Acid,Amide-Neg-000051,78,0.7508318840891169,20.035116917769294,20.03750190662132,1.7172881106341674e-4,0.9951447848445479,1,FALSE,FALSE,Higher in Males,Dl-Lactic Acid
L-(+)-Lactic Acid,Amide-Neg-000066,63,0.8690658904880387,18.54510094598674,18.497671754475324,-0.003694426296468141,1,1,FALSE,FALSE,Higher in Females,L-(+)-Lactic Acid
Isobutyric Acid,Amide-Neg-000078,15,0.6889205558044607,16.116052407929942,16.33013860768572,0.019038634204265895,0.9951447848445479,1,FALSE,FALSE,Higher in Males,Isobutyric Acid
Methanesulfonic Acid,Amide-Neg-000089,37,0.046386593281398644,27.794856012144148,27.970380121944924,0.00908195200367748,0.9951447848445479,1,FALSE,FALSE,Higher in Males,Methanesulfonic Acid
Levulinic Acid,Amide-Neg-000094,68,0.8398599725400034,20.408969667422244,20.520741180686034,0.007879489270614933,1,1,FALSE,FALSE,Higher in Males,Levulinic Acid
Ethyl Acetoacetate,Amide-Neg-000104,65,0.7074539677020747,21.65502199784386,21.73773773949225,0.005500168025294902,0.9951447848445479,1,FALSE,FALSE,Higher in Males,Ethyl Acetoacetate
2-Oxobutanoic Acid,Amide-Neg-000108,52,0.4060484491047267,16.496225926136052,16.631584683193847,0.011789640831087786,0.9951447848445479,1,FALSE,FALSE,Higher in Males,2-Oxobutanoic Acid
Γ-Aminobutyric Acid,Amide-Neg-000114,33,0.30668506590418065,21.074801042838807,20.621477087384594,-0.031371336811993604,0.9951447848445479,1,FALSE,FALSE,Higher in Females,Γ-Aminobutyric Acid
Malonic Acid,Amide-Neg-000116,71,0.9769702553219757,18.847843461570317,18.86579373288496,0.0013733371422263653,1,1,FALSE,FALSE,Higher in Males,Malonic Acid
3-Hydroxybutyric Acid,Amide-Neg-000118,88,0.3708443333042211,22.295986048121662,22.160339446088823,-0.008804024408565397,0.9951447848445479,1,FALSE,FALSE,Higher in Females,3-Hydroxybutyric ...
"D,L-Serine",Amide-Neg-000119,90,0.3123214216762162,18.22858489021929,17.941383044354197,-0.022911460018356814,0.9951447848445479,1,FALSE,FALSE,Higher in Females,"D,L-Serine"
D-Glyceric Acid,Amide-Neg-000135,85,0.47048642205878966,20.456395852938744,19.665741150263578,-0.05686742493836053,0.9951447848445479,1,FALSE,FALSE,Higher in Females,D-Glyceric Acid
"2,6-Dihydroxypyridine Hcl",Amide-Neg-000141,34,0.8748259769492438,15.862398498020795,15.934648684915494,0.006556279589515778,1,1,FALSE,FALSE,Higher in Males,"2,6-Dihydroxypyri..."
Pyrrole-2-Carboxylic Acid,Amide-Neg-000142,35,0.0537840888623983,16.498673180179807,15.24421040657172,-0.11408858186188374,0.9951447848445479,1,FALSE,FALSE,Higher in Females,Pyrrole-2-Carboxy...
Histamine,Amide-Neg-000145,80,0.6650055421020291,18.348039696657565,18.21299974064921,-0.010657375380912321,0.9951447848445479,1,FALSE,FALSE,Higher in Females,Histamine
2-Furoic Acid,Amide-Neg-000149,112,0.022576062523133586,23.417263175414433,23.385696450331018,-0.0019460805472396316,0.9951447848445479,1,FALSE,FALSE,Higher in Females,2-Furoic Acid
Maleic Hydrazide,Amide-Neg-000158,25,0.25562310754641265,16.791370973212707,16.059226307844973,-0.06431763830713165,0.9951447848445479,1,FALSE,FALSE,Higher in Females,Maleic Hydrazide
Glutaric Anhydride,Amide-Neg-000171,83,0.5443701458566099,21.883312914806055,21.83425683268771,-0.0032377369790090728,0.9951447848445479,1,FALSE,FALSE,Higher in Females,Glutaric Anhydride
L-Malic Acid,Amide-Neg-000195,74,0.3933016393506153,18.63661203930916,18.251761324744297,-0.030103922310381438,0.9951447848445479,1,FALSE,FALSE,Higher in Females,L-Malic Acid
Maleic Acid,Amide-Neg-000196,64,0.6650055421020291,17.936246095884464,18.080084605864943,0.011523450849660008,0.9951447848445479,1,FALSE,FALSE,Higher in Males,Maleic Acid
L-Valine,Amide-Neg-000214,63,0.623604884395689,21.297359281177595,21.483737696043757,0.012570454476375567,0.9951447848445479,1,FALSE,FALSE,Higher in Males,L-Valine
N-Acetylglycine,Amide-Neg-000219,69,0.8852339144732017,22.639865527217406,22.67675077316234,0.0023485501567718937,1,1,FALSE,FALSE,Higher in Males,N-Acetylglycine
"L-Threonic Acid-1,4-Lactone",Amide-Neg-000220,84,0.5067205148778585,20.676788057661874,20.43995621631194,-0.016619988172405,0.9951447848445479,1,FALSE,FALSE,Higher in Females,L-Threonic Acid-1...
Succinic Acid,Amide-Neg-000221,58,0.6443731499599503,24.242072560593105,24.2535199077831,6.810941155052884e-4,0.9951447848445479,1,FALSE,FALSE,Higher in Males,Succinic Acid
D-Threonine,Amide-Neg-000235,75,0.8852339144732017,28.516976960720406,28.481230135658905,-0.00180959284975591,1,1,FALSE,FALSE,Higher in Females,D-Threonine
Meso-Erythritol,Amide-Neg-000252,44,0.6775849579524755,15.731238599430133,15.834612736273243,0.009449318261855784,0.9951447848445479,1,FALSE,FALSE,Higher in Males,Meso-Erythritol
N-Acetyl-Serine,Amide-Neg-000288,74,0.9309874465595671,18.81240307025278,18.752624594374886,-0.004591620923011581,1,1,FALSE,FALSE,Higher in Females,N-Acetyl-Serine
Dl-Pyroglutamic Acid,Amide-Neg-000291,77,0.7950121719642382,29.669258774009858,29.697202719322966,0.0013581605940249238,1,1,FALSE,FALSE,Higher in Males,Dl-Pyroglutamic Acid
"5,5-Dimethyloxazolidine-2,4-Dione",Amide-Neg-000296,25,0.6170750774519739,22.762976557935737,22.304642434357138,-0.02934520083317336,0.9951447848445479,1,FALSE,FALSE,Higher in Females,"5,5-Dimethyloxazo..."
O-Acetylserine,Amide-Neg-000297,88,0.3708443333042211,18.66540644120745,18.53832777656965,-0.009855810237848608,0.9951447848445479,1,FALSE,FALSE,Higher in Females,O-Acetylserine
Citraconic Acid,Amide-Neg-000307,89,0.3407786135629546,20.085320717249438,19.45814416839939,-0.045767379333886034,0.9951447848445479,1,FALSE,FALSE,Higher in Females,Citraconic Acid
Mesaconic Acid,Amide-Neg-000314,31,0.42677673653298365,18.687040854757907,18.96903260591196,0.02160797282932543,0.9951447848445479,1,FALSE,FALSE,Higher in Males,Mesaconic Acid
Acetyl-D-Alanine,Amide-Neg-000316,77,0.7950121719642382,22.53726464592085,22.310756479215307,-0.014572994715118226,1,1,FALSE,FALSE,Higher in Females,Acetyl-D-Alanine
N-Acetylalanine,Amide-Neg-000318,95,0.022914171535340942,23.11242211056809,22.155030356348163,-0.06103415414476998,0.9951447848445479,1,FALSE,FALSE,Higher in Females,N-Acetylalanine
6-Aminocaproic Acid,Amide-Neg-000323,14,0.5751735319201967,14.867303638033512,15.119333965916042,0.02425156637960844,0.9951447848445479,1,FALSE,FALSE,Higher in Males,6-Aminocaproic Acid
D-Asparagine,Amide-Neg-000331,70,0.9309874465595671,22.113276530488058,22.14860135189088,0.00230279228611704,1,1,FALSE,FALSE,Higher in Males,D-Asparagine
Dl-Xylose,Amide-Neg-000332,66,1,21.234502378734028,21.213890636221535,-0.0014010641596473934,1,1,FALSE,FALSE,Higher in Females,Dl-Xylose
2-Methylsuccinic Acid,Amide-Neg-000333,62,0.5833604667027033,18.88307905269181,18.352578249360214,-0.04111127471111495,0.9951447848445479,1,FALSE,FALSE,Higher in Females,2-Methylsuccinic ...
Xylose,Amide-Neg-000340,63,0.623604884395689,19.74516221554039,19.755269155552572,7.382821931921818e-4,0.9951447848445479,1,FALSE,FALSE,Higher in Males,Xylose
L-Ornithine,Amide-Neg-000344,73,0.9769702553219757,19.437412527358095,19.437159828914627,-1.8756054106354452e-5,1,1,FALSE,FALSE,Higher in Females,L-Ornithine
Allopurinol,Amide-Neg-000402,50,0.6497226287855105,21.607513981892062,21.521930363097884,-0.005725611648926319,0.9951447848445479,1,FALSE,FALSE,Higher in Females,Allopurinol
L-Threonic Acid Calcium Salt,Amide-Neg-000405,92,0.26023620261718894,18.41302970135422,18.161335533043317,-0.019856730715606712,0.9951447848445479,1,FALSE,FALSE,Higher in Females,L-Threonic Acid C...
O-Phosphocolamine,Amide-Neg-000449,96,0.17485330689329268,17.147518501863757,16.365967380453153,-0.06730093075165568,0.9951447848445479,1,FALSE,FALSE,Higher in Females,O-Phosphocolamine
4-(Acetylamino)Butanoic Acid,Amide-Neg-000479,50,0.21449380778351745,21.641965145680143,21.99101049869887,0.023082392819953265,0.9951447848445479,1,FALSE,FALSE,Higher in Males,4-(Acetylamino)Bu...
L-Lysine,Amide-Neg-000484,68,0.8398599725400034,23.74294017052793,23.769925098371374,0.0016387572310828642,1,1,FALSE,FALSE,Higher in Males,L-Lysine
L-Glutamine,Amide-Neg-000486,20,0.135833368168355,22.213971674862908,22.628372584469183,0.026665472876649516,0.9951447848445479,1,FALSE,FALSE,Higher in Males,L-Glutamine
D-(+)-Ribonic Acid Gamma-Lactone,Amide-Neg-000499,46,0.625062725233368,25.813204166415503,25.331096448284846,-0.027199707806744775,0.9951447848445479,1,FALSE,FALSE,Higher in Females,D-(+)-Ribonic Aci...
Xanthine,Amide-Neg-000523,87,0.2070611548700861,21.284124138844916,20.696653901587556,-0.04038018195762038,0.9951447848445479,1,FALSE,FALSE,Higher in Females,Xanthine
D-(+)-Arabitol,Amide-Neg-000527,78,0.7508318840891169,17.126438710351824,17.15761451680865,0.0026237967529759145,0.9951447848445479,1,FALSE,FALSE,Higher in Males,D-(+)-Arabitol
N-Acetyl-L-Aspartic Acid,Amide-Neg-000557,74,0.9309874465595671,19.770509509883585,19.84395397114483,0.005349464419454989,1,1,FALSE,FALSE,Higher in Males,N-Acetyl-L-Aspart...
N-Acetyl-L-Valine,Amide-Neg-000574,68,0.3373556517763615,17.985258689226328,17.744401642287006,-0.019450984285281563,0.9951447848445479,1,FALSE,FALSE,Higher in Females,N-Acetyl-L-Valine
2-Oxoadipic Acid,Amide-Neg-000587,63,0.623604884395689,23.961117581527734,24.16875497940793,0.01244795744149585,0.9951447848445479,1,FALSE,FALSE,Higher in Males,2-Oxoadipic Acid
D-(+)-Glucose,Amide-Neg-000605,74,0.9309874465595671,18.869712875934027,18.725158638997584,-0.011094529659265006,1,1,FALSE,FALSE,Higher in Females,D-(+)-Glucose
"6-Chloro-5-Methyl-1h-1,2,3-Benzotriazole",Amide-Neg-000647,55,0.7426659029196823,16.131728083781525,15.734307856227288,-0.035987276360517254,0.9951447848445479,1,FALSE,FALSE,Higher in Females,6-Chloro-5-Methyl...
Dihydroxyacetone Phosphate,Amide-Neg-000658,75,0.8852339144732017,20.241316418799208,20.168591765788236,-0.005192766538456418,1,1,FALSE,FALSE,Higher in Females,Dihydroxyacetone ...
Dehydroascorbic Acid,Amide-Neg-000678,39,0.8098941304284747,21.0405755863579,20.662405048938727,-0.026165981722399794,1,1,FALSE,FALSE,Higher in Females,Dehydroascorbic Acid
Dl-Arginine,Amide-Neg-000697,81,0.623604884395689,17.65683731515319,17.497920218346664,-0.013043495974819352,0.9951447848445479,1,FALSE,FALSE,Higher in Females,Dl-Arginine
L-Ascorbic Acid,Amide-Neg-000729,64,0.9264448963254215,17.961540351976566,18.03107638929159,0.005574444432915525,1,1,FALSE,FALSE,Higher in Males,L-Ascorbic Acid
"N2-[5-Phenyl-4-(Trifluoromethyl)-1,3-Thiazol-2-Yl]Thiophene-2-Carboxamide",Amide-Neg-000749,86,0.4357306600317366,22.268078384654977,21.936869277125638,-0.021619420638198043,0.9951447848445479,1,FALSE,FALSE,Higher in Females,N2-[5-Phenyl-4-(T...
N-Formyl-L-Methionine,Amide-Neg-000753,84,0.5067205148778585,19.298663184458807,19.267201896768785,-0.0023538460088242848,0.9951447848445479,1,FALSE,FALSE,Higher in Females,N-Formyl-L-Methio...
I-Inositol,Amide-Neg-000766,63,0.623604884395689,18.394050733298155,18.519451837742626,0.0098021718272228,0.9951447848445479,1,FALSE,FALSE,Higher in Males,I-Inositol
D-Tyrosine,Amide-Neg-000781,70,0.1286431389530742,21.5597119085098,20.695778228693385,-0.05900140059503862,0.9951447848445479,1,FALSE,FALSE,Higher in Females,D-Tyrosine
Dl-P-Hydroxyphenyllactic Acid,Amide-Neg-000783,87,0.08776811183032411,21.333673909504824,20.813402135767266,-0.03561963043444119,0.9951447848445479,1,FALSE,FALSE,Higher in Females,Dl-P-Hydroxypheny...
D-(-)-Mannitol,Amide-Neg-000787,99,0.12602212177037309,17.12390692599904,16.265908101412403,-0.07416053101033103,0.9951447848445479,1,FALSE,FALSE,Higher in Females,D-(-)-Mannitol
Α-Cyano-3-Hydroxycinnamic Acid,Amide-Neg-000851,80,0.6650055421020291,24.15608648119967,23.84766242755364,-0.01853888438796472,0.9951447848445479,1,FALSE,FALSE,Higher in Females,Α-Cyano-3-Hydroxy...
N-Acetyl-L-Methionine,Amide-Neg-000866,72,1,21.22863887866446,21.145009283297,-0.005694678858021186,1,1,FALSE,FALSE,Higher in Females,N-Acetyl-L-Methio...
Citric Acid,Amide-Neg-000876,84,0.5067205148778585,20.340599103511398,19.992893083397895,-0.02487491913194695,0.9951447848445479,1,FALSE,FALSE,Higher in Females,Citric Acid
D-Gluconic Acid,Amide-Neg-000920,93,0.2365840933218762,25.575684866864712,25.31286341658523,-0.014902157247060567,0.9951447848445479,1,FALSE,FALSE,Higher in Females,D-Gluconic Acid
L-N-Acetylhistidine,Amide-Neg-000933,80,0.6650055421020291,19.23246141406641,19.04688665512459,-0.013988215336561236,0.9951447848445479,1,FALSE,FALSE,Higher in Females,L-N-Acetylhistidine
Phosphocreatine,Amide-Neg-001041,78,0.7508318840891169,19.187182893111036,19.160704907165144,-0.001992269576166944,0.9951447848445479,1,FALSE,FALSE,Higher in Females,Phosphocreatine
2-Deoxyribose 5-Phosphate,Amide-Neg-001061,67,0.7950121719642382,21.302818340296625,21.450171142630204,0.009944848373826094,1,1,FALSE,FALSE,Higher in Males,2-Deoxyribose 5-P...
D-Mannose,Amide-Neg-001092,64,0.6650055421020291,18.77285604529405,18.800929056688894,0.002155801005855726,0.9951447848445479,1,FALSE,FALSE,Higher in Males,D-Mannose
D-Glucose,Amide-Neg-001099,58,0.4357306600317366,20.303703027892997,20.427739988232936,0.008786728260859801,0.9951447848445479,1,FALSE,FALSE,Higher in Males,D-Glucose
N-Beta-Alanyl-L-Histidine,Amide-Neg-001170,32,0.19651192023450081,21.09397879342237,21.385571084082187,0.01980648855080308,0.9951447848445479,1,FALSE,FALSE,Higher in Males,N-Beta-Alanyl-L-H...
D-Ribose 5-Phosphate,Amide-Neg-001243,20,1,22.023879356556996,22.041537094814434,0.0011562233984084482,1,1,FALSE,FALSE,Higher in Males,D-Ribose 5-Phosphate
Cytidine,Amide-Neg-001321,56,0.3708443333042211,22.673742100014323,22.800373728348642,0.00803495751899496,0.9951447848445479,1,FALSE,FALSE,Higher in Males,Cytidine
Spongouridin,Amide-Neg-001329,78,0.24853467917305802,14.508387577663695,13.890924442041795,-0.06274457717524547,0.9951447848445479,1,FALSE,FALSE,Higher in Females,Spongouridin
Pseudouridine,Amide-Neg-001331,67,0.668216305163999,18.196050415302995,18.004304483902104,-0.01528346847505286,0.9951447848445479,1,FALSE,FALSE,Higher in Females,Pseudouridine
Adenosine Triphosphate (Atp),Amide-Neg-001422,30,0.6605492052016729,22.40978530776719,22.504386333003573,0.006077397258407929,0.9951447848445479,1,FALSE,FALSE,Higher in Males,Adenosine Triphos...
D-Glucose 6-Phosphate,Amide-Neg-001431,28,0.01202282540761745,20.212224010775277,20.72662334902029,0.036257026344482454,0.9040869136283604,1,FALSE,FALSE,Higher in Males,D-Glucose 6-Phosp...
D-Mannitol 1-Phosphate,Amide-Neg-001445,68,0.9264448963254215,21.82396444432143,21.906780333973757,0.005464266238529366,1,1,FALSE,FALSE,Higher in Males,D-Mannitol 1-Phos...
Uridine 5'-Diphosphoglucuronic Acid,Amide-Neg-001626,75,0.6008776409544789,19.552540311124343,19.32283597446594,-0.01704920676145757,0.9951447848445479,1,FALSE,FALSE,Higher in Females,Uridine 5'-Diphos...
Udp-N-Acetylglucosamine,Amide-Neg-001697,95,0.1939308522824107,21.84133907703337,21.76242885963752,-0.005221727799263405,0.9951447848445479,1,FALSE,FALSE,Higher in Females,Udp-N-Acetylgluco...
Cytidine 2'_3'-Cyclic Phosphate,Amide-Neg-001726,44,0.47048642205878966,21.84387472563832,21.358400890156563,-0.032425152048724065,0.9951447848445479,1,FALSE,FALSE,Higher in Females,Cytidine 2'_3'-Cy...
"D-Fructose-1,6-Bisphosphate",Amide-Neg-001873,87,0.40250382378200356,24.162423786263897,23.943083126343538,-0.013156243248669097,0.9951447848445479,1,FALSE,FALSE,Higher in Females,"D-Fructose-1,6-Bi..."
"D-Fructose 1,6-Bisphosphate",Amide-Neg-001874,75,0.8852339144732017,21.4344416637515,21.582289096609596,0.009917052937927433,1,1,FALSE,FALSE,Higher in Males,"D-Fructose 1,6-Bi..."
5'-Xanthylic Acid,Amide-Neg-001943,65,0.7074539677020747,24.64989333812142,24.677541705971063,0.0016172812280588632,0.9951447848445479,1,FALSE,FALSE,Higher in Males,5'-Xanthylic Acid
Uridine 5'-Triphosphate Sodium Salt,Amide-Neg-002149,95,0.1939308522824107,21.51186352887442,21.295644514600415,-0.014574114059850108,0.9951447848445479,1,FALSE,FALSE,Higher in Females,Uridine 5'-Tripho...
Cytidine-5'-Monophospho-N-Acetylneuraminic Acid,Amide-Neg-002218,70,0.9309874465595671,24.608943549561953,24.56842744690975,-0.002377206931293014,1,1,FALSE,FALSE,Higher in Females,Cytidine-5'-Monop...
2-Oleoyl-1-Stearoyl-Sn-Glycero-3-Phosphoserine,Amide-Neg-002264,52,0.26023620261718894,16.839832275608448,16.91348428583277,0.006296125499517922,0.9951447848445479,1,FALSE,FALSE,Higher in Males,2-Oleoyl-1-Stearo...
Crotonic Acid,Amide-Pos-000010,53,0.2893148323819877,19.221931982029645,18.881627617938065,-0.025770215574603985,0.9951447848445479,1,FALSE,FALSE,Higher in Females,Crotonic Acid
Putrescine,Amide-Pos-000025,78,0.7508318840891169,25.27668389050836,25.2365681386287,-0.0022914703029630586,0.9951447848445479,1,FALSE,FALSE,Higher in Females,Putrescine
Beta-Alanine,Amide-Pos-000026,37,0.2628903364198473,17.493314350624477,16.30078550525639,-0.1018621667224739,0.9951447848445479,1,FALSE,FALSE,Higher in Females,Beta-Alanine
Sarcosine,Amide-Pos-000068,87,0.40250382378200356,24.79022587766999,24.574474341315426,-0.012610859667165766,0.9951447848445479,1,FALSE,FALSE,Higher in Females,Sarcosine
Hypotaurine,Amide-Pos-000072,73,0.9769702553219757,16.818406799055083,16.85100441678458,0.0027935407504255313,1,1,FALSE,FALSE,Higher in Males,Hypotaurine
Cyclohexylamine,Amide-Pos-000085,69,0.8777166830732149,24.66812591950694,24.42583835052811,-0.014240036115658565,1,1,FALSE,FALSE,Higher in Females,Cyclohexylamine
1-Aminocyclopropanecarboxylic Acid,Amide-Pos-000091,60,0.7349852214121391,28.250604493993475,28.351071552264106,0.005121526042426234,0.9951447848445479,1,FALSE,FALSE,Higher in Males,1-Aminocyclopropa...
3-[(2-Hydroxyethyl)Amino]-1-Propanol,Amide-Pos-000092,54,0.3123214216762162,31.10445877216281,31.385175748438044,0.012961884540785321,0.9951447848445479,1,FALSE,FALSE,Higher in Males,3-[(2-Hydroxyethy...
3-(Ethenyloxy)Propan-1-Amine,Amide-Pos-000094,30,0.5966405346973951,17.576150944156886,17.92493542417199,0.02834875672099372,0.9951447848445479,1,FALSE,FALSE,Higher in Males,3-(Ethenyloxy)Pro...
Choline,Amide-Pos-000097,87,0.40250382378200356,24.494425954484996,24.29623018540842,-0.01172099941144596,0.9951447848445479,1,FALSE,FALSE,Higher in Females,Choline
2-Aminoisobutyric Acid,Amide-Pos-000144,88,0.3708443333042211,20.406451124607578,20.07871362106554,-0.023358462439884417,0.9951447848445479,1,FALSE,FALSE,Higher in Females,2-Aminoisobutyric...
L-Serine,Amide-Pos-000155,65,0.9754506745843579,16.264453135611337,16.41496623896681,0.01328946764638525,1,1,FALSE,FALSE,Higher in Males,L-Serine
Taurine,Amide-Pos-000156,81,0.623604884395689,17.05004369467634,16.82662773507192,-0.01902936483900247,0.9951447848445479,1,FALSE,FALSE,Higher in Females,Taurine
Amifampridine,Amide-Pos-000167,62,0.5833604667027033,24.78830361857729,24.88603110803173,0.005676619408136789,0.9951447848445479,1,FALSE,FALSE,Higher in Males,Amifampridine
Cytosine,Amide-Pos-000171,83,0.5443701458566099,25.252672944416933,25.082060324238615,-0.009780241503959175,0.9951447848445479,1,FALSE,FALSE,Higher in Females,Cytosine
Uracil,Amide-Pos-000180,92,0.11655091953221396,21.10800795259055,20.334526132948834,-0.05385906094224095,0.9951447848445479,1,FALSE,FALSE,Higher in Females,Uracil
Creatinine,Amide-Pos-000193,75,0.3579333698933999,15.856272720533054,15.456873924199693,-0.036805110661264594,0.9951447848445479,1,FALSE,FALSE,Higher in Females,Creatinine
Creatine,Amide-Pos-000200,65,0.7074539677020747,28.05219760007752,28.089335616712074,0.0019087059854759254,0.9951447848445479,1,FALSE,FALSE,Higher in Males,Creatine
D-Proline,Amide-Pos-000224,89,0.3407786135629546,18.588636780236165,18.474333629037964,-0.008898645218551236,0.9951447848445479,1,FALSE,FALSE,Higher in Females,D-Proline
Prolinamide,Amide-Pos-000230,70,0.9309874465595671,19.18145213786309,19.171743491595866,-7.30401516367303e-4,1,1,FALSE,FALSE,Higher in Females,Prolinamide
"N,N-Dimethyl-Beta-Alanine Hcl",Amide-Pos-000235,73,0.9769702553219757,16.287773439343596,16.216106965822387,-0.006361888623975418,1,1,FALSE,FALSE,Higher in Females,"N,N-Dimethyl-Beta..."
Dl-Valine,Amide-Pos-000236,59,0.6891216451070523,15.498912729977366,15.644902874223696,0.013525690141219394,0.9951447848445479,1,FALSE,FALSE,Higher in Males,Dl-Valine
"N,N-Diethylethanolamine",Amide-Pos-000240,91,0.28547630885188235,21.309598899755297,21.225460406061018,-0.005707590298676381,0.9951447848445479,1,FALSE,FALSE,Higher in Females,"N,N-Diethylethano..."
3-Isopropoxypropylamine,Amide-Pos-000244,92,0.26023620261718894,24.24706501543726,24.110024398877247,-0.008177016010807503,0.9951447848445479,1,FALSE,FALSE,Higher in Females,3-Isopropoxypropy...
L-Threonine,Amide-Pos-000255,54,0.3123214216762162,15.100984401191344,16.175916901836754,0.09920489217704398,0.9951447848445479,1,FALSE,FALSE,Higher in Males,L-Threonine
Trometamol,Amide-Pos-000270,48,0.4307083289471021,16.30139986714701,16.40558163046328,0.00919088309225655,0.9951447848445479,1,FALSE,FALSE,Higher in Males,Trometamol
5-Methylcytosine,Amide-Pos-000296,84,0.5067205148778585,24.909806532961483,24.565919989411324,-0.02005554786228783,0.9951447848445479,1,FALSE,FALSE,Higher in Females,5-Methylcytosine
1h-Imidazole-1-Acetic Acid,Amide-Pos-000303,94,0.21449380778351745,22.79367322634098,22.23806390689195,-0.03560224585132469,0.9951447848445479,1,FALSE,FALSE,Higher in Females,1h-Imidazole-1-Ac...
4-Piperidinecarboxamide,Amide-Pos-000314,75,0.8852339144732017,23.21482643830441,23.197076138632617,-0.0011035216889419203,1,1,FALSE,FALSE,Higher in Females,4-Piperidinecarbo...
D-Lysine,Amide-Pos-000316,74,0.9309874465595671,26.302849077376543,26.308326744708268,3.00415392744523e-4,1,1,FALSE,FALSE,Higher in Males,D-Lysine
L-Pyroglutamic Acid,Amide-Pos-000317,54,0.3123214216762162,20.137308424465015,20.12635731597961,-7.847825081580929e-4,0.9951447848445479,1,FALSE,FALSE,Higher in Females,L-Pyroglutamic Acid
L-Glutamic Acid,Amide-Pos-000319,39,0.06121463495460201,20.249763787034954,18.444510808795805,-0.13471355317381212,0.9951447848445479,1,FALSE,FALSE,Higher in Females,L-Glutamic Acid
L-Pipecolinic Acid,Amide-Pos-000331,55,0.7666793603687382,22.17239527908464,22.23864200411242,0.004304060360043,1,1,FALSE,FALSE,Higher in Males,L-Pipecolinic Acid
N-Acetylputrescine,Amide-Pos-000336,85,0.47048642205878966,18.619626517413888,18.398545770994236,-0.01723239527655466,0.9951447848445479,1,FALSE,FALSE,Higher in Females,N-Acetylputrescine
L-Hydroxyproline,Amide-Pos-000349,51,0.37217143978212575,18.551614337969465,18.75350352009545,0.015615410546935068,0.9951447848445479,1,FALSE,FALSE,Higher in Males,L-Hydroxyproline
Leucine,Amide-Pos-000363,36,0.19266669599887196,17.979866431659424,18.07545449284198,0.007649619606375435,0.9951447848445479,1,FALSE,FALSE,Higher in Males,Leucine
Triethanolamine,Amide-Pos-000365,54,0.3123214216762162,18.782349808285943,18.816912369626465,0.0026523525730453323,0.9951447848445479,1,FALSE,FALSE,Higher in Males,Triethanolamine
Asparagine,Amide-Pos-000372,68,0.8398599725400034,20.45701712890535,20.5481985406078,0.00641611976206105,1,1,FALSE,FALSE,Higher in Males,Asparagine
L(+)-Ornithine,Amide-Pos-000376,64,0.549471691823942,33.99466943400272,33.3649459521189,-0.02697537411893795,0.9951447848445479,1,FALSE,FALSE,Higher in Females,L(+)-Ornithine
Adenine,Amide-Pos-000383,43,0.648503379652976,20.482923984797335,20.830805652181112,0.0242969600323194,0.9951447848445479,1,FALSE,FALSE,Higher in Males,Adenine
Hypoxanthtine,Amide-Pos-000411,57,0.6008776409544789,20.8557282225309,20.994289549531707,0.009553280042202229,0.9951447848445479,1,FALSE,FALSE,Higher in Males,Hypoxanthtine
L-2-Aminoadipic Acid,Amide-Pos-000447,50,0.7513343125576336,24.16237718523697,24.13339986205221,-0.0017312257107928416,0.9951447848445479,1,FALSE,FALSE,Higher in Females,L-2-Aminoadipic Acid
Proline Betaine,Amide-Pos-000448,43,0.09987740276926413,19.33093002140817,19.704296721619546,0.027599210212640654,0.9951447848445479,1,FALSE,FALSE,Higher in Males,Proline Betaine
4-Quinolinol,Amide-Pos-000461,75,0.8852339144732017,21.260413132134694,21.12240058635183,-0.009395823527726912,1,1,FALSE,FALSE,Higher in Females,4-Quinolinol
Acetylcholine,Amide-Pos-000467,74,0.9309874465595671,25.229440055833606,25.10879990895161,-0.006915111652017038,1,1,FALSE,FALSE,Higher in Females,Acetylcholine
Dl-Glutamine,Amide-Pos-000475,88,0.3708443333042211,21.05683902624867,20.847370494022552,-0.014423454503823823,0.9951447848445479,1,FALSE,FALSE,Higher in Females,Dl-Glutamine
Guanine,Amide-Pos-000503,69,0.8852339144732017,20.212325232120342,20.265818963053448,0.0038131780395934513,1,1,FALSE,FALSE,Higher in Males,Guanine
L-Histidine,Amide-Pos-000536,27,0.746885633390364,15.772219062168519,15.454097673109798,-0.0293962322279089,0.9951447848445479,1,FALSE,FALSE,Higher in Females,L-Histidine
Delta-Valerobetaine,Amide-Pos-000558,67,0.7950121719642382,18.431768200431897,18.41828058986234,-0.0010560913968825187,1,1,FALSE,FALSE,Higher in Females,Delta-Valerobetaine
Acetyl-Β-Methylcholine,Amide-Pos-000561,44,0.11235119769046396,16.941233685506223,17.198319814196488,0.02172869039314646,0.9951447848445479,1,FALSE,FALSE,Higher in Males,Acetyl-Β-Methylch...
Dl-Carnitine,Amide-Pos-000562,71,0.9769702553219757,19.87289565103976,19.930528148897604,0.00417784044793303,1,1,FALSE,FALSE,Higher in Males,Dl-Carnitine
5-Methyl D-Glutamate,Amide-Pos-000563,97,0.1572127533400039,29.328045403452084,29.18150776728374,-0.007226497266654972,0.9951447848445479,1,FALSE,FALSE,Higher in Females,5-Methyl D-Glutamate
D-Phenylalanine,Amide-Pos-000583,88,0.3708443333042211,28.748469144397376,28.591141148134433,-0.00791693171388755,0.9951447848445479,1,FALSE,FALSE,Higher in Females,D-Phenylalanine
1-Methylhistidine,Amide-Pos-000599,79,0.7074539677020747,22.688184570033606,22.44192496293723,-0.015744745306977004,0.9951447848445479,1,FALSE,FALSE,Higher in Females,1-Methylhistidine
3-Methylhistidine,Amide-Pos-000601,49,0.7750513736700824,20.865219003584762,21.149519402989768,0.019524816870831345,1,1,FALSE,FALSE,Higher in Males,3-Methylhistidine
D-Histidine Methyl Ester,Amide-Pos-000604,74,0.9309874465595671,21.96233364367308,21.850287115666543,-0.00737912135430732,1,1,FALSE,FALSE,Higher in Females,D-Histidine Methy...
Ser-Ser,Amide-Pos-000616,75,0.8852339144732017,20.87661971226293,20.56966847012347,-0.02136959186858801,1,1,FALSE,FALSE,Higher in Females,Ser-Ser
D-Arginine,Amide-Pos-000620,93,0.2365840933218762,16.346772645650365,15.529038465668705,-0.07403732856354606,0.9951447848445479,1,FALSE,FALSE,Higher in Females,D-Arginine
Citrulline,Amide-Pos-000621,85,0.47048642205878966,22.59307888294773,22.403326451156758,-0.01216792822032214,0.9951447848445479,1,FALSE,FALSE,Higher in Females,Citrulline
Cysteinylglycine,Amide-Pos-000635,84,0.5067205148778585,18.03203285710552,17.762742619818546,-0.02170769418112579,0.9951447848445479,1,FALSE,FALSE,Higher in Females,Cysteinylglycine
6-Chloropicolinic Acid,Amide-Pos-000636,84,0.5067205148778585,20.87085992152909,20.73958145865339,-0.009103263963452905,0.9951447848445479,1,FALSE,FALSE,Higher in Females,6-Chloropicolinic...
Trans-3-Indoleacrylic Acid,Amide-Pos-000658,74,0.9309874465595671,18.13164318222833,17.954639799069295,-0.014152965058180795,1,1,FALSE,FALSE,Higher in Females,Trans-3-Indoleacr...
N8-Acetylspermidine,Amide-Pos-000661,87,0.40250382378200356,17.151198193706488,17.01308685652024,-0.011664440007089875,0.9951447848445479,1,FALSE,FALSE,Higher in Females,N8-Acetylspermidine
"Ne,Ne,Ne-Trimethyllysine",Amide-Pos-000682,91,0.28547630885188235,22.492385708609387,22.360562753880707,-0.008480194821541909,0.9951447848445479,1,FALSE,FALSE,Higher in Females,"Ne,Ne,Ne-Trimethy..."
"N6,N6,N6-Trimethyl-L-Lysine",Amide-Pos-000686,74,0.3933016393506153,16.14381396389925,15.600674543400114,-0.049373044683809125,0.9951447848445479,1,FALSE,FALSE,Higher in Females,"N6,N6,N6-Trimethy..."
Gly-Asp,Amide-Pos-000690,84,0.5067205148778585,15.220665770849063,14.973603404351618,-0.02361001711229365,0.9951447848445479,1,FALSE,FALSE,Higher in Females,Gly-Asp
Meglumine,Amide-Pos-000710,92,0.26023620261718894,23.832884925933037,23.52192529864453,-0.018947446243553673,0.9951447848445479,1,FALSE,FALSE,Higher in Females,Meglumine
N-Methyl-D-Glucamine,Amide-Pos-000715,86,0.4357306600317366,22.512030060709698,22.266060256964757,-0.01584984901279993,0.9951447848445479,1,FALSE,FALSE,Higher in Females,N-Methyl-D-Glucamine
Ethyl 3-Oxo-3-(1h-Pyrazol-5-Ylamino)Propanoate,Amide-Pos-000718,92,0.26023620261718894,21.27886452993077,21.102387808374694,-0.012014914544310014,0.9951447848445479,1,FALSE,FALSE,Higher in Females,Ethyl 3-Oxo-3-(1h...
"N3,N4-Dimethyl-L-Arginine",Amide-Pos-000747,47,0.1572127533400039,25.37583277785886,26.8368061219027,0.080757815928469,0.9951447848445479,1,FALSE,FALSE,Higher in Males,"N3,N4-Dimethyl-L-..."
Acetyl-L-Carnitine,Amide-Pos-000754,92,0.26023620261718894,24.30106173879834,24.079551332842875,-0.013210837024898371,0.9951447848445479,1,FALSE,FALSE,Higher in Females,Acetyl-L-Carnitine
Sb01966,Amide-Pos-000757,74,0.9309874465595671,24.25953728640544,24.166143843077784,-0.005564750828478084,1,1,FALSE,FALSE,Higher in Females,Sb01966
Tryptophan,Amide-Pos-000761,66,0.7508318840891169,20.301829266273824,20.182141744864243,-0.008530442659646005,0.9951447848445479,1,FALSE,FALSE,Higher in Females,Tryptophan
Phosphoserine,Amide-Pos-000781,83,0.5443701458566099,24.71805916211254,24.66338019046702,-0.0031949296945388518,0.9951447848445479,1,FALSE,FALSE,Higher in Females,Phosphoserine
Cystathionine,Amide-Pos-000836,88,0.3708443333042211,18.46321024278009,18.32872925931799,-0.010546653131126326,0.9951447848445479,1,FALSE,FALSE,Higher in Females,Cystathionine
Carnosine,Amide-Pos-000849,36,0.06943183161594256,16.180940074839178,16.699610617140493,0.04551903652441127,0.9951447848445479,1,FALSE,FALSE,Higher in Males,Carnosine
L-Ergothioneine,Amide-Pos-000860,93,0.2365840933218762,19.22773399595446,18.462426171833673,-0.05859659801056684,0.9951447848445479,1,FALSE,FALSE,Higher in Females,L-Ergothioneine
Pro-Asp,Amide-Pos-000866,74,0.6443731499599503,19.295042316664674,18.979938782532194,-0.023754868779642085,0.9951447848445479,1,FALSE,FALSE,Higher in Females,Pro-Asp
(R)-Butyrylcarnitine,Amide-Pos-000872,52,0.26023620261718894,18.424224195653906,19.100646519779055,0.052017599689444395,0.9951447848445479,1,FALSE,FALSE,Higher in Males,(R)-Butyrylcarnitine
2-Sc S-(2-Succinyl)-L-Cysteine,Amide-Pos-000902,29,0.014137969455911491,17.956694039072676,18.557801090112285,0.04750401232569649,0.9040869136283604,1,FALSE,FALSE,Higher in Males,2-Sc S-(2-Succiny...
Anserine,Amide-Pos-000913,86,0.4357306600317366,20.4970365239515,20.16531075818128,-0.023539700323623916,0.9951447848445479,1,FALSE,FALSE,Higher in Females,Anserine
3-Hydroxy-1-Methyl-3-(2-Oxopropyl)Indol-2-One,Amide-Pos-000918,56,0.3708443333042211,19.03314244720408,19.48536212364935,0.0338769674263462,0.9951447848445479,1,FALSE,FALSE,Higher in Males,3-Hydroxy-1-Methy...
Cytarabine,Amide-Pos-000937,71,0.9769702553219757,22.375788085411614,22.313494670194896,-0.004022013954058558,1,1,FALSE,FALSE,Higher in Females,Cytarabine
Uridine,Amide-Pos-000957,63,0.623604884395689,24.793208509863984,24.83819060892111,0.0026150973037062874,0.9951447848445479,1,FALSE,FALSE,Higher in Males,Uridine
Pro-Glu,Amide-Pos-000960,66,1,16.044000808633868,16.04074112170364,-2.931445853909284e-4,1,1,FALSE,FALSE,Higher in Females,Pro-Glu
Asp-Asp,Amide-Pos-000987,57,0.40250382378200356,19.202458983116248,19.403537262525596,0.015028611513016783,0.9951447848445479,1,FALSE,FALSE,Higher in Males,Asp-Asp
2'-Deoxyadenosine,Amide-Pos-000996,55,0.3407786135629546,19.66342485364484,19.975920348303532,0.022747350551204686,0.9951447848445479,1,FALSE,FALSE,Higher in Males,2'-Deoxyadenosine
3-Ketocarbofuran,Amide-Pos-001016,58,0.8602588271965479,17.335749199433486,17.066839838908006,-0.022554238685838363,1,1,FALSE,FALSE,Higher in Females,3-Ketocarbofuran
Glycerophosphocholine,Amide-Pos-001017,88,0.3708443333042211,26.41385915656328,26.078795488413213,-0.01841786287643151,0.9951447848445479,1,FALSE,FALSE,Higher in Females,Glycerophosphocho...
5-Methylcytidine,Amide-Pos-001025,89,0.3407786135629546,24.04707110043504,23.73470084530854,-0.018863320460762348,0.9951447848445479,1,FALSE,FALSE,Higher in Females,5-Methylcytidine
Hexanoylcarnitine,Amide-Pos-001033,103,0.07825222852623709,26.75673788464443,26.517725874561087,-0.01294517976838238,0.9951447848445479,1,FALSE,FALSE,Higher in Females,Hexanoylcarnitine
Lhnfrfaovvpesm-Crgcijnfna-N,Amide-Pos-001042,73,0.9769702553219757,17.79342260358064,17.662917128816854,-0.01062041107110164,1,1,FALSE,FALSE,Higher in Females,Lhnfrfaovvpesm-Cr...
Thiamine,Amide-Pos-001056,69,0.8852339144732017,19.37961325312,19.417429208134962,0.002812426132665869,1,1,FALSE,FALSE,Higher in Males,Thiamine
Adenosine,Amide-Pos-001066,56,0.9151060344205058,21.915760951636077,21.875860463844994,-0.002629007555976851,1,1,FALSE,FALSE,Higher in Females,Adenosine
Inosine,Amide-Pos-001079,92,0.26023620261718894,20.892985396538542,20.63889774439931,-0.017652730456129372,0.9951447848445479,1,FALSE,FALSE,Higher in Females,Inosine
Gamma-Glu-Glu,Amide-Pos-001102,76,0.5587598228708937,26.122494191194114,25.92282709974829,-0.011069588149085414,0.9951447848445479,1,FALSE,FALSE,Higher in Females,Gamma-Glu-Glu
L-Glutarylcarnitine,Amide-Pos-001103,66,0.7508318840891169,22.358411174442658,22.59917967682913,0.015452733952243874,0.9951447848445479,1,FALSE,FALSE,Higher in Males,L-Glutarylcarnitine
Υ-L-Glutamyl-L-Glutamic Acid,Amide-Pos-001105,108,0.040404119588223736,19.57168884540679,19.214031740393075,-0.0266079758310367,0.9951447848445479,1,FALSE,FALSE,Higher in Females,Υ-L-Glutamyl-L-Gl...
L-Saccharopine,Amide-Pos-001107,56,0.3708443333042211,18.11415336783722,18.27076108696435,0.012419354471177433,0.9951447848445479,1,FALSE,FALSE,Higher in Males,L-Saccharopine
1-Methyladenosine,Amide-Pos-001132,50,0.34010436856158016,17.829438635930828,18.284966731541093,0.03639672169467013,0.9951447848445479,1,FALSE,FALSE,Higher in Males,1-Methyladenosine
Risedronic Acid,Amide-Pos-001135,44,0.11235119769046396,20.102588171137285,20.67687856621423,0.04063715151805638,0.9951447848445479,1,FALSE,FALSE,Higher in Males,Risedronic Acid
N-Acetyl-D-Glucosamine 6-Phosphate,Amide-Pos-001139,29,0.5612758361345778,18.4775618523721,17.752034347611687,-0.057790039042643716,0.9951447848445479,1,FALSE,FALSE,Higher in Females,N-Acetyl-D-Glucos...
Ophthalmate,Amide-Pos-001163,83,0.5443701458566099,16.083438632859917,16.081192212737704,-2.015194385966586e-4,0.9951447848445479,1,FALSE,FALSE,Higher in Females,Ophthalmate
7-Methylguanosine,Amide-Pos-001185,63,0.5974062696275562,16.8974247177851,16.54142978509099,-0.03071944517947543,0.9951447848445479,1,FALSE,FALSE,Higher in Females,7-Methylguanosine
"Dodecanamide,N-[3-(Dimethyloxidoamino)Propyl]",Amide-Pos-001195,65,0.7074539677020747,17.22764033959352,17.266567132825607,0.0032561707897534402,0.9951447848445479,1,FALSE,FALSE,Higher in Males,"Dodecanamide,N-[3..."
"Cytidine 2',3'-Cyclic Monophosphoric Acid",Amide-Pos-001218,55,0.3407786135629546,19.846074646715895,20.067085053346236,0.01597738083869948,0.9951447848445479,1,FALSE,FALSE,Higher in Males,"Cytidine 2',3'-Cy..."
2-Acetamido-N-Β-Aspartyl-2-Deoxyhexopyranosylamine,Amide-Pos-001270,87,0.40250382378200356,19.304380473719608,19.227462640076617,-0.005759865897117768,0.9951447848445479,1,FALSE,FALSE,Higher in Females,2-Acetamido-N-Β-A...
N-Acetyl-Neuraminic Acid,Amide-Pos-001317,80,0.6650055421020291,18.99065458623846,18.95867201116076,-0.0024317223793223165,0.9951447848445479,1,FALSE,FALSE,Higher in Females,N-Acetyl-Neuramin...
"D-Myo-Inositol-1,2-Diphosphate",Amide-Pos-001360,57,0.915878445665947,14.119389748018001,14.132176537901655,0.0013059410177118154,1,1,FALSE,FALSE,Higher in Males,"D-Myo-Inositol-1,..."
O-Dodecanoylcarnitine,Amide-Pos-001381,63,0.8777166830732149,17.134131949547854,17.10960121320744,-0.00206696960014218,1,1,FALSE,FALSE,Higher in Females,O-Dodecanoylcarni...
"[2,2'-Biquinoline]-4,4'-Dicarboxylic Acid",Amide-Pos-001385,84,0.12125097588073802,15.184605269788662,13.913294553324782,-0.1261453269154668,0.9951447848445479,1,FALSE,FALSE,Higher in Females,"[2,2'-Biquinoline..."
Asp-Pro-Asn,Amide-Pos-001387,79,0.7074539677020747,19.845334232165033,19.9069589046978,0.004472983753260742,0.9951447848445479,1,FALSE,FALSE,Higher in Males,Asp-Pro-Asn
Glutathionesulfonic Acid,Amide-Pos-001446,72,1,23.117112920960164,23.20688011959195,0.005591351086327527,1,1,FALSE,FALSE,Higher in Males,Glutathionesulfon...
Xanthosine 5'-Monophosphate,Amide-Pos-001479,89,0.3407786135629546,22.859967731215903,22.52871376886651,-0.02105841888455843,0.9951447848445479,1,FALSE,FALSE,Higher in Females,Xanthosine 5'-Mon...
Tetradecanoyl-L-Carnitine,Amide-Pos-001508,81,0.623604884395689,20.621070546020647,20.415470860438322,-0.014456390258033129,0.9951447848445479,1,FALSE,FALSE,Higher in Females,Tetradecanoyl-L-C...
Hyflavin,Amide-Pos-001528,64,0.6650055421020291,24.593287478438686,24.62789650576521,0.002028812648571533,0.9951447848445479,1,FALSE,FALSE,Higher in Males,Hyflavin
Phthalylsulfathiazole,Amide-Pos-001548,78,0.7508318840891169,27.36306951052743,27.26903241037563,-0.004966566808281394,0.9951447848445479,1,FALSE,FALSE,Higher in Females,Phthalylsulfathia...
S-Adenosylmethionine,Amide-Pos-001585,96,0.17485330689329268,26.732796035637932,26.525812426516868,-0.011213801429837215,0.9951447848445479,1,FALSE,FALSE,Higher in Females,S-Adenosylmethionine
Uridine 5'-Diphosphate,Amide-Pos-001617,40,0.7362769783410712,26.206833679154204,25.78304284111331,-0.023520520666382327,0.9951447848445479,1,FALSE,FALSE,Higher in Females,Uridine 5'-Diphos...
Cytidine 5'-Diphosphate,Amide-Pos-001621,59,0.4178869643175006,19.47136252146256,19.210934247460283,-0.019426160678775443,0.9951447848445479,1,FALSE,FALSE,Higher in Females,Cytidine 5'-Dipho...
Glu-Glu-Glu,Amide-Pos-001625,95,0.1939308522824107,21.882339080345893,21.72186073231871,-0.010619268932082152,0.9951447848445479,1,FALSE,FALSE,Higher in Females,Glu-Glu-Glu
Adenosine 5'-Diphosphate,Amide-Pos-001677,102,0.08853377201422959,25.09478168316866,24.821758999659053,-0.0157820391450472,0.9951447848445479,1,FALSE,FALSE,Higher in Females,Adenosine 5'-Diph...
Guanosine 5'-Diphosphate (Gdp),Amide-Pos-001703,38,0.09054915588749138,22.8823933464408,23.542083974807024,0.041004078871789064,0.9951447848445479,1,FALSE,FALSE,Higher in Males,Guanosine 5'-Diph...
1-Myristoyl-Sn-Glycero-3-Phosphocholine,Amide-Pos-001743,78,0.7508318840891169,25.724346462984382,25.586155599615708,-0.007771031165206963,0.9951447848445479,1,FALSE,FALSE,Higher in Females,1-Myristoyl-Sn-Gl...
Cytidine 5'-Triphosphate,Amide-Pos-001770,60,0.5067205148778585,20.814067557749247,20.89135251723947,0.005346967143444002,0.9951447848445479,1,FALSE,FALSE,Higher in Males,Cytidine 5'-Triph...
Cytidine 5'-Diphosphocholine,Amide-Pos-001779,82,0.5833604667027033,23.03001453024458,22.817075082218746,-0.013401456769189087,0.9951447848445479,1,FALSE,FALSE,Higher in Females,Cytidine 5'-Dipho...
Guanosine-5'-Triphosphate,Amide-Pos-001865,43,0.648503379652976,16.44511670282091,16.122689924930288,-0.028566781738365698,0.9951447848445479,1,FALSE,FALSE,Higher in Females,Guanosine-5'-Trip...
Udp-Β-D-Glucose (Sodium Salt),Amide-Pos-001947,87,0.40250382378200356,22.216329596161003,21.686894553629955,-0.03479700425873821,0.9951447848445479,1,FALSE,FALSE,Higher in Females,Udp-Β-D-Glucose (...
Gdp-L-Fucose,Amide-Pos-001983,84,0.5067205148778585,24.555111127734158,23.965711676062355,-0.035051569394361236,0.9951447848445479,1,FALSE,FALSE,Higher in Females,Gdp-L-Fucose
Guanosine 5'-Diphospho-Α-D-Mannose,Amide-Pos-002017,41,0.5433269342132927,24.01760060982201,24.245511985924086,0.013625687964257891,0.9951447848445479,1,FALSE,FALSE,Higher in Males,Guanosine 5'-Diph...
Dihydronicotinamide-Adenine Dinucleotide,Amide-Pos-002120,63,0.623604884395689,16.03560090946605,16.36015282862709,0.028907807732250126,0.9951447848445479,1,FALSE,FALSE,Higher in Males,Dihydronicotinami...
"1,2-Dipentadecanoyl-Sn-Glycero-3-Phosphocholine",Amide-Pos-002176,90,0.3123214216762162,19.274678846279496,19.154008584231487,-0.009060468752733747,0.9951447848445479,1,FALSE,FALSE,Higher in Females,"1,2-Dipentadecano..."
N-(Octadecanoyl)Sphing-4-Enine-1-Phosphocholine,Amide-Pos-002226,68,0.8398599725400034,18.731172942695114,18.889978519778435,0.012179817491330187,1,1,FALSE,FALSE,Higher in Males,N-(Octadecanoyl)S...
1-Oleoyl-2-Myristoyl-Sn-Glycero-3-Phosphocholine,Amide-Pos-002228,84,0.5067205148778585,20.38207809318744,20.17383441528999,-0.01481583045241303,0.9951447848445479,1,FALSE,FALSE,Higher in Females,1-Oleoyl-2-Myrist...
1-Stearoyl-2-Oleoyl-Sn-Glycero-3-Phosphoethanolamine,Amide-Pos-002257,93,0.2365840933218762,16.93029089609387,16.87436326100448,-0.004773697434354596,0.9951447848445479,1,FALSE,FALSE,Higher in Females,1-Stearoyl-2-Oleo...
Lecithin,Amide-Pos-002273,71,0.9769702553219757,15.607313030997576,15.642109046820071,0.003212863271002904,1,1,FALSE,FALSE,Higher in Males,Lecithin
2-Oleoyl-1-Palmitoyl-Sn-Glycero-3-Phosphocholine,Amide-Pos-002276,82,0.5833604667027033,19.096484127962068,18.817765164857356,-0.021211745826377006,0.9951447848445479,1,FALSE,FALSE,Higher in Females,2-Oleoyl-1-Palmit...
2-Oleoyl-1-Palmitoyl-Sn-Glycero-3-Phosphoserine,Amide-Pos-002283,57,0.915878445665947,16.628370955392562,16.568092245997274,-0.005239346744089236,1,1,FALSE,FALSE,Higher in Females,2-Oleoyl-1-Palmit...
"1,2-Dioleoyl-Sn-Glycero-3-Phosphatidylcholine",Amide-Pos-002307,73,0.9769702553219757,16.532411219992053,16.483426603720904,-0.004280970557603419,1,1,FALSE,FALSE,Higher in Females,"1,2-Dioleoyl-Sn-G..."
1-Octadecanoyl-2-Octadecenoyl-Sn-Glycero-3-Phosphocholine,Amide-Pos-002309,40,0.30722637006819536,22.54098775973676,22.872768844045122,0.021080283905827137,0.9951447848445479,1,FALSE,FALSE,Higher in Males,1-Octadecanoyl-2-...
Pe(18:0_22:6),Amide-Pos-002316,31,0.06021250140377919,21.240647099470237,21.469038304866665,0.015429849090709663,0.9951447848445479,1,FALSE,FALSE,Higher in Males,Pe(18:0_22:6)
Methyl Dihydrogen Phosphate,C18-Neg-000020,93,0.2365840933218762,17.834247990237433,17.5818724244136,-0.020561661536921023,0.9951447848445479,1,FALSE,FALSE,Higher in Females,Methyl Dihydrogen...
Meglutol,C18-Neg-000218,29,0.5612758361345778,16.626270808824252,16.15431604052288,-0.04154494601002214,0.9951447848445479,1,FALSE,FALSE,Higher in Females,Meglutol
Octanedioic Acid,C18-Neg-000283,77,0.7950121719642382,25.56206705563734,25.576205100812434,7.977151875309832e-4,1,1,FALSE,FALSE,Higher in Males,Octanedioic Acid
Yrquylsqfnxrba-Izzdovswsa-N,C18-Neg-000934,85,0.47048642205878966,27.45794566744279,27.494198912048358,0.0019035611511352597,0.9951447848445479,1,FALSE,FALSE,Higher in Males,Yrquylsqfnxrba-Iz...
"2-(6-Hydroxy-1-Methyl-2-Methylidene-9-Propan-2-Yl-5-Oxatricyclo[5.4.0.03,8]Undecan-4-Yl)Acetic Acid",C18-Neg-000965,87,0.40250382378200356,26.79991776286359,26.819809750738223,0.001070429668611464,0.9951447848445479,1,FALSE,FALSE,Higher in Males,2-(6-Hydroxy-1-Me...
Xanthosine,C18-Neg-001023,53,0.28547630885188235,30.87551161066671,30.910505610485494,0.001634210381840309,0.9951447848445479,1,FALSE,FALSE,Higher in Males,Xanthosine
"5,5-Dimethyl-2-{[(2-Phenylacetyl)Amino]Methyl}-1,3-Thiazolane-4-Carboxylic Acid",C18-Neg-001236,72,1,22.46414248551088,22.45699765689741,-4.589290860782443e-4,1,1,FALSE,FALSE,Higher in Females,"5,5-Dimethyl-2-{[..."
1-Β-D-Arabinofuranosyluracil 5'-Monophosphate,C18-Neg-001407,95,0.1939308522824107,18.111170664814995,16.86257193855203,-0.1030552038580511,0.9951447848445479,1,FALSE,FALSE,Higher in Females,1-Β-D-Arabinofura...
2'-Guanylic Acid,C18-Neg-001640,72,1,22.119440476328187,21.88305963653367,-0.015500425883970104,1,1,FALSE,FALSE,Higher in Females,2'-Guanylic Acid
1-Stearoyl-2-Hydroxy-Sn-Glycero-3-Phosphoethanolamine,C18-Neg-002092,70,0.9309874465595671,24.012718118240173,24.191298301561105,0.010689479536266045,1,1,FALSE,FALSE,Higher in Males,1-Stearoyl-2-Hydr...
Caprolactam,C18-Pos-000207,11,0.3298591946554766,23.91540780652497,24.357443891953004,0.026422350096580317,0.9951447848445479,1,FALSE,FALSE,Higher in Males,Caprolactam
N-Methylcyclohexylamine,C18-Pos-000219,101,0.09987740276926413,21.675895437077347,21.41088043849399,-0.017747470679621066,0.9951447848445479,1,FALSE,FALSE,Higher in Females,N-Methylcyclohexy...
Nicotinamide,C18-Pos-000286,87,0.40250382378200356,17.261362691480446,17.060758177723248,-0.016864600756591578,0.9951447848445479,1,FALSE,FALSE,Higher in Females,Nicotinamide
L-Isoleucine,C18-Pos-000375,57,0.40250382378200356,24.242226446545896,24.509938193428926,0.01584464175683949,0.9951447848445479,1,FALSE,FALSE,Higher in Males,L-Isoleucine
Cis-4-Hydroxy-D-Proline,C18-Pos-000384,88,0.3708443333042211,20.64396139241858,20.41695885906508,-0.015951847336589508,0.9951447848445479,1,FALSE,FALSE,Higher in Females,Cis-4-Hydroxy-D-P...
L-Aspartic Acid,C18-Pos-000393,52,0.26023620261718894,17.586511237352237,18.518040043890444,0.07446209790096212,0.9951447848445479,1,FALSE,FALSE,Higher in Males,L-Aspartic Acid
Indole-3-Carboxaldehyde,C18-Pos-000538,93,0.2365840933218762,19.8302249646735,19.59035155664918,-0.01755775678939699,0.9951447848445479,1,FALSE,FALSE,Higher in Females,Indole-3-Carboxal...
Phloretic Acid,C18-Pos-000567,45,1,15.336356928476096,15.319779415929847,-0.0015602943047515487,1,1,FALSE,FALSE,Higher in Females,Phloretic Acid
L-(-)-Methionine,C18-Pos-000574,96,0.17485330689329268,18.59225290119692,18.162422696150287,-0.03374494085641682,0.9951447848445479,1,FALSE,FALSE,Higher in Females,L-(-)-Methionine
N-Methyl-2-Phenylpropan-1-Amine,C18-Pos-000591,77,0.7950121719642382,17.930624578917143,17.506356979490352,-0.034546848113214505,1,1,FALSE,FALSE,Higher in Females,N-Methyl-2-Phenyl...
Diethyl Phosphate,C18-Pos-000645,90,0.3123214216762162,23.42409735622572,23.15810070127995,-0.016476518587944772,0.9951447848445479,1,FALSE,FALSE,Higher in Females,Diethyl Phosphate
2-Aminocaprylate,C18-Pos-000695,55,0.3407786135629546,29.220409038337362,29.38003758297973,0.007859867719022678,0.9951447848445479,1,FALSE,FALSE,Higher in Males,2-Aminocaprylate
L-Phenylalanine,C18-Pos-000721,61,0.5443701458566099,25.44781929412764,25.53496967781049,0.004932313486647856,0.9951447848445479,1,FALSE,FALSE,Higher in Males,L-Phenylalanine
Uric Acid,C18-Pos-000742,81,0.623604884395689,19.033130739138553,18.94720897462498,-0.006527541142141429,0.9951447848445479,1,FALSE,FALSE,Higher in Females,Uric Acid
N-Acetylglutamic Acid,C18-Pos-000763,53,0.28547630885188235,26.649881151154517,26.83640464414038,0.010062303082246763,0.9951447848445479,1,FALSE,FALSE,Higher in Males,N-Acetylglutamic ...
Propham,C18-Pos-000820,10,0.07363827012030262,23.099142703146715,23.984779802739958,0.054279885891756,0.9951447848445479,1,FALSE,FALSE,Higher in Males,Propham
L-Tyrosine,C18-Pos-000832,74,0.9309874465595671,19.587002662323343,19.541432095425723,-0.003360444188771668,1,1,FALSE,FALSE,Higher in Females,L-Tyrosine
Triethyl Phosphate,C18-Pos-000839,62,0.5833604667027033,16.341168768585515,16.59036535348518,0.021834484735620347,0.9951447848445479,1,FALSE,FALSE,Higher in Males,Triethyl Phosphate
(2s)-2-[(2-Azaniumylacetyl)Amino]-4-Methylpentanoate,C18-Pos-000888,77,0.7950121719642382,21.398987832203776,21.397612815483928,-9.27050173857655e-5,1,1,FALSE,FALSE,Higher in Females,(2s)-2-[(2-Azaniu...
S-Adenosyl-L-Homocysteine,C18-Pos-000925,50,0.21449380778351745,22.638964476301016,22.855775893390344,0.013750825775007853,0.9951447848445479,1,FALSE,FALSE,Higher in Males,S-Adenosyl-L-Homo...
"1,3-Benzodioxolylbutanamine (Bdb)",C18-Pos-000931,92,0.03779708390871804,23.691633711640495,23.305227758393283,-0.02372407421477231,0.9951447848445479,1,FALSE,FALSE,Higher in Females,"1,3-Benzodioxolyl..."
D-Pantothenic Acid,C18-Pos-000992,88,0.3708443333042211,21.172726838986154,20.96099254110252,-0.014500053518296807,0.9951447848445479,1,FALSE,FALSE,Higher in Females,D-Pantothenic Acid
2-Hydroxy-3-Methoxy-4-(1-Methoxypropan-2-Yl)-2h-Furan-5-One,C18-Pos-001000,62,0.8294475889935781,26.127400566442702,26.198446002593567,0.003917641781919531,1,1,FALSE,FALSE,Higher in Males,2-Hydroxy-3-Metho...
D-(+)-Tryptophan,C18-Pos-001015,51,0.37217143978212575,26.005434737741307,26.062803140916206,0.003179102947477137,0.9951447848445479,1,FALSE,FALSE,Higher in Males,D-(+)-Tryptophan
D-Panthenol,C18-Pos-001025,23,0.3720293385704433,15.566011694183153,15.715242022597613,0.01376514445289762,0.9951447848445479,1,FALSE,FALSE,Higher in Males,D-Panthenol
Triethylene Glycol Monobutyl Ether,C18-Pos-001031,84,0.5067205148778585,25.571061782888183,25.457876370258944,-0.006399988210618545,0.9951447848445479,1,FALSE,FALSE,Higher in Females,Triethylene Glyco...
L-Kynurenine,C18-Pos-001046,84,0.5067205148778585,21.324900743548596,21.20625096007577,-0.008049436303622828,0.9951447848445479,1,FALSE,FALSE,Higher in Females,L-Kynurenine
Propionylcarnitine,C18-Pos-001104,74,0.9309874465595671,18.96029858171817,19.266396842710364,0.02310510375561176,1,1,FALSE,FALSE,Higher in Males,Propionylcarnitine
Methyl L-Tryptophanate,C18-Pos-001113,67,0.4180519085356005,28.628353865176113,28.45027755093458,-0.009001990504101744,0.9951447848445479,1,FALSE,FALSE,Higher in Females,Methyl L-Tryptoph...
Tetraglyme,C18-Pos-001141,51,0.16293649984465736,25.3334951855756,24.817170378538503,-0.029707504411482503,0.9951447848445479,1,FALSE,FALSE,Higher in Females,Tetraglyme
Biotin,C18-Pos-001159,61,0.1730582286388988,22.52871693380021,21.99816626574012,-0.03438188299920947,0.9951447848445479,1,FALSE,FALSE,Higher in Females,Biotin
"Bis(2,2,6,6-Tetramethyl-4-Piperidyl)Sebacate",C18-Pos-001292,85,0.47048642205878966,22.95933502870755,22.98351144088573,0.0015183731899838194,0.9951447848445479,1,FALSE,FALSE,Higher in Males,"Bis(2,2,6,6-Tetra..."
Hypaphorine,C18-Pos-001332,62,0.5833604667027033,22.391134541932875,22.70008124672062,0.019769830815587783,0.9951447848445479,1,FALSE,FALSE,Higher in Males,Hypaphorine
Asp-Leu,C18-Pos-001333,79,0.08165918443678832,27.11527894205891,26.83016059956358,-0.015250321529485543,0.9951447848445479,1,FALSE,FALSE,Higher in Females,Asp-Leu
3-Hydroxybutyrylcarnitine,C18-Pos-001343,56,0.648503379652976,21.061212725206996,20.871292152911057,-0.013068589257619445,0.9951447848445479,1,FALSE,FALSE,Higher in Females,3-Hydroxybutyrylc...
Glucose 1-Phosphate,C18-Pos-001412,82,0.5833604667027033,21.892853353459536,21.719098946169574,-0.011495745310574396,0.9951447848445479,1,FALSE,FALSE,Higher in Females,Glucose 1-Phosphate
(R)-Pantetheine,C18-Pos-001415,44,1,24.988155562434414,24.854775256005365,-0.007721358387476022,1,1,FALSE,FALSE,Higher in Females,(R)-Pantetheine
(2r)-3-Hydroxyisovaleroylcarnitine,C18-Pos-001425,93,0.2365840933218762,22.516294935234235,21.787935205066645,-0.04743996905810862,0.9951447848445479,1,FALSE,FALSE,Higher in Females,(2r)-3-Hydroxyiso...
Phenylacetylglutamine,C18-Pos-001439,74,0.6443731499599503,19.603512784956674,19.49333885183472,-0.00813097735651992,0.9951447848445479,1,FALSE,FALSE,Higher in Females,Phenylacetylgluta...
Triethyl Citrate,C18-Pos-001549,24,0.3784775932446789,26.75677003201516,26.564063966233874,-0.010428092550725219,0.9951447848445479,1,FALSE,FALSE,Higher in Females,Triethyl Citrate
Asp-Phe,C18-Pos-001575,58,0.4357306600317366,23.698763368858103,23.80000132388891,0.006149874329754339,0.9951447848445479,1,FALSE,FALSE,Higher in Males,Asp-Phe
Guanosine,C18-Pos-001618,96,0.17485330689329268,26.155331261992306,25.9533001411256,-0.011187043251815519,0.9951447848445479,1,FALSE,FALSE,Higher in Females,Guanosine
Adenylyl(3'-5')Cytidine,C18-Pos-001644,107,0.046386593281398644,16.8477530621937,15.690562827671052,-0.10265909265951313,0.9951447848445479,1,FALSE,FALSE,Higher in Females,Adenylyl(3'-5')Cy...
N2-Methylguanosine,C18-Pos-001733,106,0.05309795728558344,21.465430446397644,21.250819397395745,-0.014496633125801045,0.9951447848445479,1,FALSE,FALSE,Higher in Females,N2-Methylguanosine
N-Acetyl-1-Aspartylglutamic Acid,C18-Pos-001811,57,0.6231762238821174,23.613390809458274,23.527947142928536,-0.005229774729292065,0.9951447848445479,1,FALSE,FALSE,Higher in Females,N-Acetyl-1-Aspart...
L-Glutathione Oxidized,C18-Pos-001837,68,0.8398599725400034,25.788036363799634,25.776570653879606,-6.415843762307871e-4,1,1,FALSE,FALSE,Higher in Females,L-Glutathione Oxi...
L-Glutathione Oxidized Hexhydrate,C18-Pos-001845,81,0.623604884395689,23.356699571345185,23.221897494475236,-0.00835056626942658,0.9951447848445479,1,FALSE,FALSE,Higher in Females,L-Glutathione Oxi...
L-Glutathione (Reduced),C18-Pos-001855,30,0.350647889704459,24.182691596446436,25.292574150894893,0.06473904548058082,0.9951447848445479,1,FALSE,FALSE,Higher in Males,L-Glutathione (Re...
Ppg N5,C18-Pos-001870,91,0.28547630885188235,23.1982062595589,22.869862642030643,-0.02056555620621739,0.9951447848445479,1,FALSE,FALSE,Higher in Females,Ppg N5
Gln-Gly-Ile,C18-Pos-001951,67,0.9754506745843579,20.673372587364174,20.62309262887306,-0.003513069810458957,1,1,FALSE,FALSE,Higher in Females,Gln-Gly-Ile
5'-Cytidylic Acid,C18-Pos-002009,48,0.7725790907235115,20.856854551016944,20.876962968608428,0.0013902546332210455,1,1,FALSE,FALSE,Higher in Males,5'-Cytidylic Acid
Uridine Monophosphate,C18-Pos-002017,31,0.033726357576811375,18.87083447013098,19.593222689190114,0.05419649083915295,0.9951447848445479,1,FALSE,FALSE,Higher in Males,Uridine Monophosp...
Peg N7,C18-Pos-002054,83,0.5443701458566099,20.9011694385021,20.81856699232175,-0.005712897797869353,0.9951447848445479,1,FALSE,FALSE,Higher in Females,Peg N7
Adenosine 3'5'-Cyclic Monophosphate,C18-Pos-002092,79,0.7074539677020747,17.936746371377296,15.892309849781917,-0.17458939012107524,0.9951447848445479,1,FALSE,FALSE,Higher in Females,Adenosine 3'5'-Cy...
Nicotinamide Adenine Dinucleotide (Nad+),C18-Pos-002114,81,0.623604884395689,17.73085340481262,17.731049352061163,1.5943426707100795e-5,0.9951447848445479,1,FALSE,FALSE,Higher in Males,Nicotinamide Aden...
Cocamidopropyl Betaine,C18-Pos-002221,89,0.3407786135629546,22.614944024284927,22.356740408496492,-0.016566565117906877,0.9951447848445479,1,FALSE,FALSE,Higher in Females,Cocamidopropyl Be...
Vidarabine Phosphate,C18-Pos-002279,63,0.623604884395689,22.574056952273875,22.68164136796832,0.0068593260582045686,0.9951447848445479,1,FALSE,FALSE,Higher in Males,Vidarabine Phosphate
Inosine-5'-Monophosphate (Imp),C18-Pos-002294,66,0.7508318840891169,21.342411109678885,21.426130309954157,0.005648143487005934,0.9951447848445479,1,FALSE,FALSE,Higher in Males,Inosine-5'-Monoph...
Guanosine-5'-Monophosphate,C18-Pos-002454,88,0.3708443333042211,20.434163715622496,20.33270297920737,-0.00718118488695667,0.9951447848445479,1,FALSE,FALSE,Higher in Females,Guanosine-5'-Mono...
2-(Alpha-D-Mannopyranosyl)-L-Tryptophan,C18-Pos-002507,78,0.7508318840891169,19.61542016786619,19.428771563338955,-0.013793553174495978,0.9951447848445479,1,FALSE,FALSE,Higher in Females,2-(Alpha-D-Mannop...
Myristoyl-L-Carnitine,C18-Pos-002570,71,0.9769702553219757,18.35026380899892,18.383957558221663,0.0026465686074398677,1,1,FALSE,FALSE,Higher in Males,Myristoyl-L-Carni...
S-4-(2-Oxo-Butyl)Glutathione,C18-Pos-002636,82,0.5833604667027033,16.38786104202669,16.255435977767583,-0.011705314657745084,0.9951447848445479,1,FALSE,FALSE,Higher in Females,S-4-(2-Oxo-Butyl)...
N6-Succinyladenosine; Lc-Tdda; Ce10,C18-Pos-002703,89,0.3407786135629546,17.611865963391566,17.551087402711435,-0.004987352142856107,0.9951447848445479,1,FALSE,FALSE,Higher in Females,N6-Succinyladenos...
Acetyltributyl Citrate,C18-Pos-002968,98,0.05253897729199801,16.092615801894713,15.988951853764537,-0.009323483565417035,0.9951447848445479,1,FALSE,FALSE,Higher in Females,Acetyltributyl Ci...
Oleoyl-L-Carnitine,C18-Pos-003241,81,0.37217143978212575,16.396078125326913,16.163601367141045,-0.02060209258766075,0.9951447848445479,1,FALSE,FALSE,Higher in Females,Oleoyl-L-Carnitine
1-Hexadecanoyl-Sn-Glycero-3-Phosphoethanolamine,C18-Pos-003617,79,0.7074539677020747,21.445411804307614,21.32136572077471,-0.008369167928075525,0.9951447848445479,1,FALSE,FALSE,Higher in Females,1-Hexadecanoyl-Sn...
1-(9z-Octadecenoyl)-Sn-Glycero-3-Phosphoethanolamine,C18-Pos-003970,94,0.21449380778351745,20.834951884235387,20.675532371041847,-0.01108129071389316,0.9951447848445479,1,FALSE,FALSE,Higher in Females,1-(9z-Octadecenoy...
1-Linoleoyl-Sn-Glycero-3-Phosphorylcholine,C18-Pos-004537,61,0.5443701458566099,18.645422237505667,18.812430820233086,0.012864808364185519,0.9951447848445479,1,FALSE,FALSE,Higher in Males,1-Linoleoyl-Sn-Gl...
1-Oleoyl-Sn-Glycero-3-Phosphocholine,C18-Pos-004585,53,0.28547630885188235,17.72237772191262,18.18281550144034,0.037003433637903635,0.9951447848445479,1,FALSE,FALSE,Higher in Males,1-Oleoyl-Sn-Glyce...
Cyclic Adp-Ribose,C18-Pos-004919,48,0.17485330689329268,20.89214371462819,21.546553887754534,0.044496613049529184,0.9951447848445479,1,FALSE,FALSE,Higher in Males,Cyclic Adp-Ribose
Myristic Acid,C8-Neg-000086,73,0.6891216451070523,16.866452252616686,16.857593393778327,-7.57953665584213e-4,0.9951447848445479,1,FALSE,FALSE,Higher in Females,Myristic Acid
Δ2-Cis-Hexadecenoic Acid,C8-Neg-000175,62,0.5833604667027033,16.669531320011938,16.679180739772047,8.348850413721788e-4,0.9951447848445479,1,FALSE,FALSE,Higher in Males,Δ2-Cis-Hexadeceno...
Dodecyl Sulfate,C8-Neg-000223,78,0.7508318840891169,22.138909707141945,22.156317153757065,0.001133920739490777,0.9951447848445479,1,FALSE,FALSE,Higher in Males,Dodecyl Sulfate
Linoleic Acid,C8-Neg-000295,90,0.3123214216762162,20.961143726143586,20.426851562946794,-0.03725058305244126,0.9951447848445479,1,FALSE,FALSE,Higher in Females,Linoleic Acid
Ala-Pro-Asn,C8-Neg-000301,56,0.9719131339533064,19.62829476338269,19.634973632431713,4.908186069264792e-4,1,1,FALSE,FALSE,Higher in Males,Ala-Pro-Asn
Myristyl Sulfate,C8-Neg-000367,60,0.7349852214121391,20.1308948855142,20.47617553294154,0.0245349727656078,0.9951447848445479,1,FALSE,FALSE,Higher in Males,Myristyl Sulfate
(Rac)-Idroxioleic Acid,C8-Neg-000383,28,0.11061207374852304,23.86605812556013,24.084180261565727,0.013125519500678355,0.9951447848445479,1,FALSE,FALSE,Higher in Males,(Rac)-Idroxioleic...
Arachidonic Acid,C8-Neg-000422,52,0.26023620261718894,18.708857119739328,18.846586006675654,0.010581777576873352,0.9951447848445479,1,FALSE,FALSE,Higher in Males,Arachidonic Acid
"8z,11z,14z-Eicosatrienoic Acid",C8-Neg-000432,84,0.5067205148778585,18.77850184351495,18.581593973350085,-0.015207703945086134,0.9951447848445479,1,FALSE,FALSE,Higher in Females,"8z,11z,14z-Eicosa..."
4-Dodecylbenzenesulfonic Acid,C8-Neg-000519,86,0.4357306600317366,22.690622971012147,22.5553235742112,-0.008628235920247786,0.9951447848445479,1,FALSE,FALSE,Higher in Females,4-Dodecylbenzenes...
Docosahexaenoic Acid,C8-Neg-000532,62,0.36193476692119225,20.822989252559008,19.952922196753498,-0.06157713895730322,0.9951447848445479,1,FALSE,FALSE,Higher in Females,Docosahexaenoic Acid
"All-Cis-4,7,10,13,16-Docosapentaenoic Acid",C8-Neg-000540,81,0.623604884395689,18.073317995914337,17.567778559594686,-0.04092961363403382,0.9951447848445479,1,FALSE,FALSE,Higher in Females,"All-Cis-4,7,10,13..."
"7(Z),10(Z),13(Z),16(Z)-Docosatetraenoic Acid",C8-Neg-000556,56,0.3708443333042211,24.299696346556413,24.338664921350478,0.002311746537902786,0.9951447848445479,1,FALSE,FALSE,Higher in Males,"7(Z),10(Z),13(Z),..."
Docosatrienoic Acid,C8-Neg-000566,75,0.8852339144732017,21.05518522603052,21.00740996535121,-0.003277266225971122,1,1,FALSE,FALSE,Higher in Females,Docosatrienoic Acid
Lithocholic Acid,C8-Neg-000679,60,0.5067205148778585,19.064210123574,19.175257480701,0.008379192066449832,0.9951447848445479,1,FALSE,FALSE,Higher in Males,Lithocholic Acid
Lpc(14:0),C8-Neg-001710,75,0.8852339144732017,24.74850972791646,24.770104693455636,0.0012583127387796591,1,1,FALSE,FALSE,Higher in Males,Lpc(14:0)
Lpi(O-14:1),C8-Neg-001716,75,0.8852339144732017,20.90167047269302,20.911650975548735,6.887193722121534e-4,1,1,FALSE,FALSE,Higher in Males,Lpi(O-14:1)
Lpc(16:2),C8-Neg-001880,85,0.47048642205878966,21.157916698396914,21.033272239565456,-0.008524266336772106,0.9951447848445479,1,FALSE,FALSE,Higher in Females,Lpc(16:2)
"(2s)-2-Hydroxy-3-[(Hydroxy{[(1s,2r,3r,4s,5s,6r)-2,3,4,5,6-Pentahydroxycyclohexyl]Oxy}Phosphoryl)Oxy]Propyl (12z)-12-Octadecenoate",C8-Neg-002321,76,0.8398599725400034,17.60936927018665,17.48405163639354,-0.010303691839379046,1,1,FALSE,FALSE,Higher in Females,(2s)-2-Hydroxy-3-...
Lpc(20:1),C8-Neg-002450,75,0.8852339144732017,20.2943021518029,20.18314629688834,-0.007923641924542826,1,1,FALSE,FALSE,Higher in Females,Lpc(20:1)
Pc(14:0_4:1cho),C8-Neg-002453,72,1,27.05300270407909,26.89208554651916,-0.008607088479093467,1,1,FALSE,FALSE,Higher in Females,Pc(14:0_4:1cho)
Lpc(23:6),C8-Neg-002622,92,0.26023620261718894,27.314136760998743,27.083701038355226,-0.012222929305110986,0.9951447848445479,1,FALSE,FALSE,Higher in Females,Lpc(23:6)
Lpc(23:5),C8-Neg-002641,47,0.1572127533400039,16.164753237463085,16.375936256683396,0.01872590757989204,0.9951447848445479,1,FALSE,FALSE,Higher in Males,Lpc(23:5)
Oahfa(15:1_25:3),C8-Neg-002832,57,0.40250382378200356,19.283390069216708,19.593321913750874,0.02300331408476191,0.9951447848445479,1,FALSE,FALSE,Higher in Males,Oahfa(15:1_25:3)
Pc(18:1_5:1cho),C8-Neg-002843,84,0.12125097588073802,24.732504320255252,24.31352246609972,-0.02464940739629909,0.9951447848445479,1,FALSE,FALSE,Higher in Females,Pc(18:1_5:1cho)
Oahfa(15:1_27:4),C8-Neg-002972,85,0.47048642205878966,17.211364881549585,16.842601524600152,-0.031246513639982237,0.9951447848445479,1,FALSE,FALSE,Higher in Females,Oahfa(15:1_27:4)
Pi(O-5:0_21:0),C8-Neg-003063,85,0.47048642205878966,26.436887850183837,26.208321983513034,-0.01252736632000646,0.9951447848445479,1,FALSE,FALSE,Higher in Females,Pi(O-5:0_21:0)
Sqdg(2:0_28:0),C8-Neg-003216,44,0.14311729825820144,20.893335205638763,20.206875703862227,-0.048196532423918526,0.9951447848445479,1,FALSE,FALSE,Higher in Females,Sqdg(2:0_28:0)
Cl(18:0_17:1cho_22:4_22:4),C8-Neg-003242,105,0.060601969712006154,17.926066107565116,17.20697271849376,-0.05906562069232653,0.9951447848445479,1,FALSE,FALSE,Higher in Females,Cl(18:0_17:1cho_2...
Ps(19:1_17:2),C8-Neg-003255,40,0.14071352485269262,19.81994330298967,18.43739358736369,-0.10431811277496959,0.9951447848445479,1,FALSE,FALSE,Higher in Females,Ps(19:1_17:2)
Cl(12:0cooh_22:0_24:1_21:2),C8-Neg-003274,22,0.19393085228241067,19.05913107062461,19.444177505686397,0.028855863152085267,0.9951447848445479,1,FALSE,FALSE,Higher in Males,Cl(12:0cooh_22:0_...
Cl(18:0_20:1cho_23:1_21:2),C8-Neg-003309,104,0.06896433333905408,20.743318619182816,20.41456834774822,-0.02304765906341129,0.9951447848445479,1,FALSE,FALSE,Higher in Females,Cl(18:0_20:1cho_2...
Pg(20:3_20:4),C8-Neg-003343,39,0.9296365245070707,23.575930530549815,23.54832232395709,-0.0016904343255746553,1,1,FALSE,FALSE,Higher in Females,Pg(20:3_20:4)
Pi(16:1_18:3),C8-Neg-003377,78,0.7508318840891169,16.877766882558483,17.174677030602336,0.02515893747950902,0.9951447848445479,1,FALSE,FALSE,Higher in Males,Pi(16:1_18:3)
Cl(23:1_19:4cho_22:4_22:4cho),C8-Neg-003382,96,0.17485330689329268,24.28286939265018,24.11385271356041,-0.010076736830805117,0.9951447848445479,1,FALSE,FALSE,Higher in Females,Cl(23:1_19:4cho_2...
Ps(18:2_22:4),C8-Neg-003393,101,0.09987740276926413,15.224949973503126,14.747731108007462,-0.04594447024128276,0.9951447848445479,1,FALSE,FALSE,Higher in Females,Ps(18:2_22:4)
Pi(22:0_12:1),C8-Neg-003398,78,0.24853467917305802,18.642006013622897,18.39717405137416,-0.019072938531812026,0.9951447848445479,1,FALSE,FALSE,Higher in Females,Pi(22:0_12:1)
Ps 40:5,C8-Neg-003404,32,0.6854434826775222,15.249259925518258,15.275331554567726,0.0024644666650936384,0.9951447848445479,1,FALSE,FALSE,Higher in Males,Ps 40:5
Ps 18:0_22:5,C8-Neg-003405,14,0.6261174799167386,17.39640872647169,18.092856657747053,0.05663070094389162,0.9951447848445479,1,FALSE,FALSE,Higher in Males,Ps 18:0_22:5
Pc(27:6_8:1cooh),C8-Neg-003407,84,0.5067205148778585,14.66840941285869,14.591317270758113,-0.00760230672452383,0.9951447848445479,1,FALSE,FALSE,Higher in Females,Pc(27:6_8:1cooh)
Ps(15:0_25:3),C8-Neg-003418,76,0.8398599725400034,18.837356168152976,18.646309445334282,-0.014706381660407102,1,1,FALSE,FALSE,Higher in Females,Ps(15:0_25:3)
Ps(23:1_17:2),C8-Neg-003419,26,0.8983267872692382,19.05572909123043,18.32979209854311,-0.05603438562605768,1,1,FALSE,FALSE,Higher in Females,Ps(23:1_17:2)
Dgdg(2:0_27:3),C8-Neg-003430,67,0.7950121719642382,16.92626311928199,17.44358212288297,0.04343283618376461,1,1,FALSE,FALSE,Higher in Males,Dgdg(2:0_27:3)
Dgdg(18:0_11:1),C8-Neg-003439,85,0.47048642205878966,22.8082625278092,22.523661036151243,-0.018115205491278798,0.9951447848445479,1,FALSE,FALSE,Higher in Females,Dgdg(18:0_11:1)
Pc(17:3_20:1),C8-Neg-003462,58,0.803566416196146,20.29704650894527,20.273529686677673,-0.0016725227908617408,1,1,FALSE,FALSE,Higher in Females,Pc(17:3_20:1)
Pc(20:2cho_22:5),C8-Neg-003470,15,0.6889205558044607,21.319721252958832,21.398942103890533,0.005350900557883703,0.9951447848445479,1,FALSE,FALSE,Higher in Males,Pc(20:2cho_22:5)
Ps(18:0_24:6),C8-Neg-003479,33,0.6025243523612969,26.01695604438207,25.7859999037802,-0.012864188164541615,0.9951447848445479,1,FALSE,FALSE,Higher in Females,Ps(18:0_24:6)
Pe(19:1cooh_24:4),C8-Neg-003487,76,0.8398599725400034,20.240620803974874,20.172706131119483,-0.004848908090363748,1,1,FALSE,FALSE,Higher in Females,Pe(19:1cooh_24:4)
Ps(16:1_26:4),C8-Neg-003489,47,0.5962416305866569,16.837630156744314,16.514570511223987,-0.027949647487223183,0.9951447848445479,1,FALSE,FALSE,Higher in Females,Ps(16:1_26:4)
Pg(20:4_24:8),C8-Neg-003491,23,0.9485325168506442,25.12737252779171,25.223723626698106,0.00552144572267012,1,1,FALSE,FALSE,Higher in Males,Pg(20:4_24:8)
Ps(14:2_29:7),C8-Neg-003509,41,1,24.45581257351379,24.872144134523168,0.024353481525689783,1,1,FALSE,FALSE,Higher in Males,Ps(14:2_29:7)
Pa(29:1_20:6),C8-Neg-003516,115,0.014137969455911491,21.040082743809844,20.665201057479194,-0.025936978130877343,0.9040869136283604,1,FALSE,FALSE,Higher in Females,Pa(29:1_20:6)
Ps 22:6_22:6,C8-Neg-003529,54,0.7612079858009609,16.04349900952125,15.74789186699919,-0.02683010954942856,1,1,FALSE,FALSE,Higher in Females,Ps 22:6_22:6
Pi 38:6,C8-Neg-003536,110,0.03038282197657753,25.460473474425662,25.197768364307763,-0.014963281131549483,0.9951447848445479,1,FALSE,FALSE,Higher in Females,Pi 38:6
Pc(20:4cooh_23:6),C8-Neg-003538,52,0.4060484491047267,17.468461489575972,17.505447472341572,0.003051389758483095,0.9951447848445479,1,FALSE,FALSE,Higher in Males,Pc(20:4cooh_23:6)
Ps(23:4_21:5),C8-Neg-003546,79,0.4417022877906003,17.150991618083694,16.824615869626673,-0.02771842464935189,0.9951447848445479,1,FALSE,FALSE,Higher in Females,Ps(23:4_21:5)
Ps(24:2_20:5),C8-Neg-003554,56,0.8174832600706254,16.65747028309833,16.89925569411307,0.020790386424706323,1,1,FALSE,FALSE,Higher in Males,Ps(24:2_20:5)
Ps(20:1_24:6),C8-Neg-003556,79,0.7074539677020747,25.60508671074193,25.60910021698028,2.2611959325535895e-4,0.9951447848445479,1,FALSE,FALSE,Higher in Males,Ps(20:1_24:6)
Pc(20:2_21:4),C8-Neg-003571,54,0.7168594361961287,17.62353963574238,17.623134235873085,-3.318715310070109e-5,0.9951447848445479,1,FALSE,FALSE,Higher in Females,Pc(20:2_21:4)
Ps(22:0_22:4),C8-Neg-003577,86,0.4357306600317366,21.535185399031445,21.340713989090986,-0.013087299237790881,0.9951447848445479,1,FALSE,FALSE,Higher in Females,Ps(22:0_22:4)
Pc(19:1cooh_23:3),C8-Neg-003578,88,0.3708443333042211,17.325985210325822,16.973540931557192,-0.029649827107769127,0.9951447848445479,1,FALSE,FALSE,Higher in Females,Pc(19:1cooh_23:3)
Pc(12:1_28:3),C8-Neg-003585,77,0.7950121719642382,20.42103107666546,20.313800700390615,-0.007595518757363599,1,1,FALSE,FALSE,Higher in Females,Pc(12:1_28:3)
Pe(22:3_26:5),C8-Neg-003594,86,0.4357306600317366,19.31696610745706,19.049985441419945,-0.02007862936703618,0.9951447848445479,1,FALSE,FALSE,Higher in Females,Pe(22:3_26:5)
Ps(23:2_21:0),C8-Neg-003596,47,0.2617412461903567,18.72657285871947,17.974494525450453,-0.05913569669663527,0.9951447848445479,1,FALSE,FALSE,Higher in Females,Ps(23:2_21:0)
Pg(24:1_22:7),C8-Neg-003604,88,0.3708443333042211,19.385889552154897,19.442238944972697,0.0041874305970779945,0.9951447848445479,1,FALSE,FALSE,Higher in Males,Pg(24:1_22:7)
Pc(19:5cooh_25:8),C8-Neg-003610,84,0.5067205148778585,23.461402495691,23.43411517209907,-0.0016789361894696767,0.9951447848445479,1,FALSE,FALSE,Higher in Females,Pc(19:5cooh_25:8)
Ps(22:3_24:7),C8-Neg-003619,44,0.11235119769046396,21.267461671969293,21.358629056899375,0.0061711938594470874,0.9951447848445479,1,FALSE,FALSE,Higher in Males,Ps(22:3_24:7)
Pc(30:8_11:3cooh),C8-Neg-003628,85,0.47048642205878966,21.82201232161384,21.690243682880084,-0.008737884919137727,0.9951447848445479,1,FALSE,FALSE,Higher in Females,Pc(30:8_11:3cooh)
Dgdg(6:0_28:2),C8-Neg-003637,68,0.8398599725400034,23.6983491548212,23.727921887075922,0.0017991901434242078,1,1,FALSE,FALSE,Higher in Males,Dgdg(6:0_28:2)
Pc(21:1cooh_23:6),C8-Neg-003644,85,0.47048642205878966,24.142520355146576,23.892264876530337,-0.015032672794921959,0.9951447848445479,1,FALSE,FALSE,Higher in Females,Pc(21:1cooh_23:6)
Pe(19:1cooh_28:3),C8-Neg-003656,23,1,15.603347332370156,15.588177706879847,-0.0014032750989207011,1,1,FALSE,FALSE,Higher in Females,Pe(19:1cooh_28:3)
Ps(17:1_29:3),C8-Neg-003657,87,0.40250382378200356,24.506812049418468,24.465628633830757,-0.0024264718119992442,0.9951447848445479,1,FALSE,FALSE,Higher in Females,Ps(17:1_29:3)
Pc(19:2cooh_21:6),C8-Neg-003658,87,0.40250382378200356,18.08761665413351,17.86237045268833,-0.018078773117835126,0.9951447848445479,1,FALSE,FALSE,Higher in Females,Pc(19:2cooh_21:6)
Pi(17:3_25:6),C8-Neg-003687,34,0.8852339144732017,17.772504123011394,18.029358554129104,0.02070110012368774,1,1,FALSE,FALSE,Higher in Males,Pi(17:3_25:6)
Ps(24:4_24:4),C8-Neg-003707,45,0.6892776871749512,22.002755181933207,21.87640707018305,-0.008308376399033975,0.9951447848445479,1,FALSE,FALSE,Higher in Females,Ps(24:4_24:4)
Pc(20:3_25:5),C8-Neg-003713,67,0.9754506745843579,17.63006516240267,17.589378529411025,-0.0033332968160075774,1,1,FALSE,FALSE,Higher in Females,Pc(20:3_25:5)
Pc(18:3cho_26:8),C8-Neg-003730,97,0.1572127533400039,19.685721339831215,19.49233361322254,-0.014242758119827554,0.9951447848445479,1,FALSE,FALSE,Higher in Females,Pc(18:3cho_26:8)
Sqdg(14:0_30:6),C8-Neg-003807,76,0.8398599725400034,16.180031086443748,16.195804898309245,0.0014057893032074636,1,1,FALSE,FALSE,Higher in Males,Sqdg(14:0_30:6)
9-Methoxy-9-Oxononanoic Acid,C8-Pos-000007,51,0.2365840933218762,19.145039686452463,19.639565327230045,0.036792348744871715,0.9951447848445479,1,FALSE,FALSE,Higher in Males,9-Methoxy-9-Oxono...
Chalcone,C8-Pos-000022,85,0.47048642205878966,20.035762343939684,19.672754224689303,-0.026378452218876774,0.9951447848445479,1,FALSE,FALSE,Higher in Females,Chalcone
"1,3-Diphenylacetone",C8-Pos-000033,37,0.046386593281398644,17.885705198945132,18.26593759216985,0.030348807118502297,0.9951447848445479,1,FALSE,FALSE,Higher in Males,"1,3-Diphenylacetone"
Ketamine,C8-Pos-000080,66,0.7508318840891169,21.001104485836393,21.772359282302574,0.052032544570819156,0.9951447848445479,1,FALSE,FALSE,Higher in Males,Ketamine
Dibenzoylmethane,C8-Pos-000098,49,0.1939308522824107,18.232190382410003,18.536461184343658,0.023877949231040356,0.9951447848445479,1,FALSE,FALSE,Higher in Males,Dibenzoylmethane
Lidocaine,C8-Pos-000141,69,0.8852339144732017,22.8747010597186,22.911487922207733,0.0023182639430328928,1,1,FALSE,FALSE,Higher in Males,Lidocaine
Palmitoleic Acid,C8-Pos-000148,82,0.5833604667027033,19.94938904174975,19.361465226073715,-0.04315642778710048,0.9951447848445479,1,FALSE,FALSE,Higher in Females,Palmitoleic Acid
Opeo,C8-Pos-000208,64,0.8174832600706254,16.994706389079067,17.147630510400912,0.012923798829569068,1,1,FALSE,FALSE,Higher in Males,Opeo
Ppg N4,C8-Pos-000209,92,0.26023620261718894,23.71776751049856,23.501103908388412,-0.01323969373490275,0.9951447848445479,1,FALSE,FALSE,Higher in Females,Ppg N4
Monolaurin,C8-Pos-000245,100,0.03922845038753887,21.313910135975483,20.80599906750375,-0.03479572079227721,0.9951447848445479,1,FALSE,FALSE,Higher in Females,Monolaurin
Methyl Palmitate,C8-Pos-000327,80,0.6650055421020291,22.414223516246672,22.421836521780794,4.899291073556632e-4,0.9951447848445479,1,FALSE,FALSE,Higher in Males,Methyl Palmitate
Galaxolidone,C8-Pos-000335,83,0.5443701458566099,16.023214112953173,15.912857043667255,-0.009970683589718702,0.9951447848445479,1,FALSE,FALSE,Higher in Females,Galaxolidone
Geranyllinalool,C8-Pos-000337,81,0.1890818059645161,20.378912563682054,20.16022325277766,-0.01556545488690213,0.9951447848445479,1,FALSE,FALSE,Higher in Females,Geranyllinalool
Palmitic Acid,C8-Pos-000342,72,1,16.275876127219767,16.309885106288093,0.003011413660750627,1,1,FALSE,FALSE,Higher in Males,Palmitic Acid
Citroflex 2,C8-Pos-000350,31,1,16.414555296124806,17.19172557329148,0.06673869384360034,1,1,FALSE,FALSE,Higher in Males,Citroflex 2
D-Sphingosine,C8-Pos-000382,61,0.6985353583033387,19.12594449740423,19.16843917268094,0.0032018733075059613,0.9951447848445479,1,FALSE,FALSE,Higher in Males,D-Sphingosine
Glycerol Monomyristate,C8-Pos-000407,66,0.7508318840891169,15.848676487618,16.001173757807177,0.013815370245036483,0.9951447848445479,1,FALSE,FALSE,Higher in Males,Glycerol Monomyri...
Piperine,C8-Pos-000414,42,0.08853377201422959,18.055426493550804,18.148418990817035,0.0074113734547634645,0.9951447848445479,1,FALSE,FALSE,Higher in Males,Piperine
Peg N13,C8-Pos-000470,86,0.031733993756896575,18.655964192162752,18.263662836024057,-0.030660793130637295,0.9951447848445479,1,FALSE,FALSE,Higher in Females,Peg N13
5'-S-Methyl-5'-Thioadenosine,C8-Pos-000483,80,0.6650055421020291,18.19983863034876,18.03341893276526,-0.013252717359189066,0.9951447848445479,1,FALSE,FALSE,Higher in Females,5'-S-Methyl-5'-Th...
"17-(1-Hydroxyethyl)-10,13-Dimethyl-2,3,6,7,8,9,10,11,12,13,14,15,16,17-Tetradecahydro-1h-Cyclopenta[A]Phenanthren-3-One",C8-Pos-000495,26,0.2303310675923686,18.305424296916165,18.53033197850604,0.017617514168106158,0.9951447848445479,1,FALSE,FALSE,Higher in Males,17-(1-Hydroxyethy...
Palmitoyl Ethanolamide,C8-Pos-000497,73,0.9769702553219757,21.732120812777048,21.701489552880954,-0.002034902173811039,1,1,FALSE,FALSE,Higher in Females,Palmitoyl Ethanol...
Rjipnphmqgdubw-Lrankocbsa-N,C8-Pos-000500,41,0.6650055421020291,15.721373188350112,15.291653543814522,-0.03998281660183206,0.9951447848445479,1,FALSE,FALSE,Higher in Females,Rjipnphmqgdubw-Lr...
(±)5-Hepe,C8-Pos-000501,75,0.8852339144732017,16.745936831347905,16.853224103328213,0.009213524207203236,1,1,FALSE,FALSE,Higher in Males,(±)5-Hepe
D-Erythro-Sphinganine,C8-Pos-000506,95,0.1939308522824107,19.126264106918796,18.805726166617767,-0.024383086746271085,0.9951447848445479,1,FALSE,FALSE,Higher in Females,D-Erythro-Sphinga...
Monopalmitolein (9c),C8-Pos-000582,55,0.3407786135629546,18.944011309839546,19.04569565764279,0.007723136942014215,0.9951447848445479,1,FALSE,FALSE,Higher in Males,Monopalmitolein (9c)
Glycerol Monopalmitate,C8-Pos-000593,71,0.9769702553219757,17.74902261547992,17.861128507066883,0.009083654130006807,1,1,FALSE,FALSE,Higher in Males,Glycerol Monopalm...
"2-Methyl-5-{2-[2-(4-Methyl-3,6-Dioxocyclohexa-1,4-Dienyl)Ethoxy]Ethyl}Benzo-1,4-Quinone",C8-Pos-000610,98,0.14095521914437142,24.226671610068607,24.22366844477723,-1.7884917519608932e-4,0.9951447848445479,1,FALSE,FALSE,Higher in Females,2-Methyl-5-{2-[2-...
"4-Hydroxy-6-[2-(2-Methyl-1,2,4a,5,6,7,8,8a-Octahydronaphthalen-1-Yl)Ethyl]Oxan-2-One",C8-Pos-000612,79,0.7074539677020747,16.14086793566003,16.032081221582903,-0.009756435462945913,0.9951447848445479,1,FALSE,FALSE,Higher in Females,4-Hydroxy-6-[2-(2...
Progesterone,C8-Pos-000616,70,0.5310451014658126,14.948341046873013,14.954428926916654,5.874341726558233e-4,0.9951447848445479,1,FALSE,FALSE,Higher in Males,Progesterone
"16-Hydroxycleroda-3,13-Dien-15,16-Olide",C8-Pos-000642,20,0.7453330673308027,16.441658905631257,16.10410726792616,-0.02992718216726693,0.9951447848445479,1,FALSE,FALSE,Higher in Females,16-Hydroxycleroda...
Midazolam,C8-Pos-000682,65,0.7074539677020747,17.88477481651199,17.93369179204862,0.0039405551705145375,0.9951447848445479,1,FALSE,FALSE,Higher in Males,Midazolam
Oleoyl Ethanolamide,C8-Pos-000689,61,1,16.404391798177226,16.40292327301512,-1.2915619370920464e-4,1,1,FALSE,FALSE,Higher in Females,Oleoyl Ethanolamide
Octabenzone,C8-Pos-000696,67,0.7950121719642382,19.63579085408865,19.69719242773315,0.004504302006431444,1,1,FALSE,FALSE,Higher in Males,Octabenzone
"N,N-Dimethylsphingosine",C8-Pos-000708,88,0.3708443333042211,20.295829647132102,20.22297564373266,-0.0051880218049463285,0.9951447848445479,1,FALSE,FALSE,Higher in Females,"N,N-Dimethylsphin..."
Stearoyl Ethanolamide,C8-Pos-000709,57,0.8438314252467704,16.423908292647027,16.44919172783638,0.00221921837210932,1,1,FALSE,FALSE,Higher in Males,Stearoyl Ethanola...
Geranylgeranylacetone,C8-Pos-000740,31,0.6799884022342944,18.57314106447079,18.360470497171626,-0.016614793458419333,0.9951447848445479,1,FALSE,FALSE,Higher in Females,Geranylgeranylace...
"2,3-Dihydroxypropyl 13-Methyltetradecanoate",C8-Pos-000764,82,0.5833604667027033,17.417961227002312,17.41136322819874,-5.466026353634265e-4,0.9951447848445479,1,FALSE,FALSE,Higher in Females,"2,3-Dihydroxyprop..."
Penicillin G,C8-Pos-000768,90,0.3123214216762162,19.715642619441713,19.517782086697263,-0.014551614169285385,0.9951447848445479,1,FALSE,FALSE,Higher in Females,Penicillin G
Fentanyl,C8-Pos-000786,30,0.5229032345126705,17.314096818793015,16.910258287773853,-0.034048436350267657,0.9951447848445479,1,FALSE,FALSE,Higher in Females,Fentanyl
1-Linoleoyl Glycerol,C8-Pos-000787,50,0.21449380778351745,21.422759820249485,21.630766209388252,0.013940420154985214,0.9951447848445479,1,FALSE,FALSE,Higher in Males,1-Linoleoyl Glycerol
Glycerol Monooleate,C8-Pos-000806,81,0.623604884395689,20.629294244877897,20.02826984695919,-0.04265666705199143,0.9951447848445479,1,FALSE,FALSE,Higher in Females,Glycerol Monooleate
Docosanamide,C8-Pos-000820,121,0.005107905424995494,21.435224444332185,21.223811799104084,-0.014299735708042275,0.9040869136283604,1,FALSE,FALSE,Higher in Females,Docosanamide
1-Stearoylglycerol,C8-Pos-000832,48,0.17485330689329268,18.731501401392524,18.922566679885847,0.0146412491204033,0.9951447848445479,1,FALSE,FALSE,Higher in Males,1-Stearoylglycerol
Dipropyleneglycol Dibenzoate,C8-Pos-000855,65,0.7074539677020747,21.734571741080984,21.783496495784785,0.0032438724228713036,0.9951447848445479,1,FALSE,FALSE,Higher in Males,Dipropyleneglycol...
5-(Z-Heptadec-8-Enyl) Resorcinol,C8-Pos-000887,82,0.5833604667027033,20.9394289578044,21.0428813593723,0.007110164623039738,0.9951447848445479,1,FALSE,FALSE,Higher in Males,5-(Z-Heptadec-8-E...
Sphp(D16:2),C8-Pos-000909,56,0.3708443333042211,22.845364258431204,23.036626641837152,0.01202802602710712,0.9951447848445479,1,FALSE,FALSE,Higher in Males,Sphp(D16:2)
3-Hexadecyl-4-Methoxy-5-Methyloxolan-2-One,C8-Pos-000955,38,0.05309795728558344,25.380626736304094,25.586824165918795,0.011673396526378369,0.9951447848445479,1,FALSE,FALSE,Higher in Males,3-Hexadecyl-4-Met...
Citroflex 4,C8-Pos-001006,42,0.08853377201422959,19.394548998868387,19.578259292662725,0.01360127250294002,0.9951447848445479,1,FALSE,FALSE,Higher in Males,Citroflex 4
2-Arachidonoyl Glycerol,C8-Pos-001012,60,0.5067205148778585,19.82133812323455,19.84644841753978,0.0018264947488775382,0.9951447848445479,1,FALSE,FALSE,Higher in Males,2-Arachidonoyl Gl...
Vitamin D3,C8-Pos-001060,30,0.016574926749853273,23.812712492659514,24.099398215408137,0.01726515490808997,0.9040869136283604,1,FALSE,FALSE,Higher in Males,Vitamin D3
Cholest-4-En-3-One,C8-Pos-001061,31,0.3020002005411339,16.467043132644697,16.94846866160225,0.041573403938314206,0.9951447848445479,1,FALSE,FALSE,Higher in Males,Cholest-4-En-3-One
4-Cholestenone,C8-Pos-001064,56,0.5587598228708937,21.324146456883863,21.370872043742196,0.0031577828853844962,0.9951447848445479,1,FALSE,FALSE,Higher in Males,4-Cholestenone
Cer(D15:2_7:0),C8-Pos-001073,6,0.015694295206034596,21.886702466938516,22.22004361672792,0.02180703964044441,0.9040869136283604,1,FALSE,FALSE,Higher in Males,Cer(D15:2_7:0)
Bis(Methylbenzylidene)Sorbitol,C8-Pos-001076,73,0.9769702553219757,17.991622425272027,17.99616141704184,3.6392243436600966e-4,1,1,FALSE,FALSE,Higher in Males,Bis(Methylbenzyli...
Bis(2-Ethylhexyl) Adipate,C8-Pos-001101,21,0.0035498386349135666,25.834665737328127,26.033796363562388,0.011077489741085028,0.9040869136283604,1,FALSE,FALSE,Higher in Males,Bis(2-Ethylhexyl)...
Peg N8,C8-Pos-001222,77,0.2934238832742103,17.26760914845392,16.789507058153507,-0.04050846973965325,0.9951447848445479,1,FALSE,FALSE,Higher in Females,Peg N8
Dg(3:0_15:0),C8-Pos-001241,81,0.623604884395689,22.975394497625167,22.947804986299793,-0.0017334705075302008,0.9951447848445479,1,FALSE,FALSE,Higher in Females,Dg(3:0_15:0)
Bis(4-Ethylbenzylidene)Sorbitol,C8-Pos-001297,43,0.8242120391033195,16.653347722767617,16.433493653244092,-0.019173002373047157,1,1,FALSE,FALSE,Higher in Females,Bis(4-Ethylbenzyl...
Solanidine,C8-Pos-001317,45,0.12602212177037309,18.20055969408188,18.411740899106867,0.016643229251891736,0.9951447848445479,1,FALSE,FALSE,Higher in Males,Solanidine
Palmitoylcarnitine,C8-Pos-001332,77,0.2934238832742103,19.35541092689058,18.87072099615932,-0.03658739199584681,0.9951447848445479,1,FALSE,FALSE,Higher in Females,Palmitoylcarnitine
Citroflex A-4,C8-Pos-001356,27,0.010193104991108254,19.536948289186807,19.836523917335317,0.021954102046632947,0.9040869136283604,1,FALSE,FALSE,Higher in Males,Citroflex A-4
Gly-Met-Arg,C8-Pos-001359,65,0.7074539677020747,16.914959233377534,17.149748009263252,0.019887678130247128,0.9951447848445479,1,FALSE,FALSE,Higher in Males,Gly-Met-Arg
Lubiprostone,C8-Pos-001400,93,0.2365840933218762,22.025775566592426,21.49722944055378,-0.035042082397015444,0.9951447848445479,1,FALSE,FALSE,Higher in Females,Lubiprostone
Miltefosine,C8-Pos-001413,28,0.953011395422729,16.02480448065484,16.158152172806275,0.0119554680565356,1,1,FALSE,FALSE,Higher in Males,Miltefosine
Xawlprcylccvfp-Cvlifihmsa-N,C8-Pos-001450,52,0.9151060344205058,18.89309572619434,19.241963869489,0.026396936938558865,1,1,FALSE,FALSE,Higher in Males,Xawlprcylccvfp-Cv...
Dg(2:0_18:2),C8-Pos-001468,75,0.8852339144732017,19.386278311314918,19.289105284686023,-0.007249641792343883,1,1,FALSE,FALSE,Higher in Females,Dg(2:0_18:2)
Diosgenin,C8-Pos-001474,53,0.915878445665947,18.77766594888713,18.887147387703806,0.008387073222970382,1,1,FALSE,FALSE,Higher in Males,Diosgenin
Triethyleneglycol Bis(2-Ethylhexanoate),C8-Pos-001521,66,0.7168594361961287,15.366653468305765,15.278639014154221,-0.008286973650902321,0.9951447848445479,1,FALSE,FALSE,Higher in Females,Triethyleneglycol...
"2-[{[(1s,4s,6s)-4-({5-[4-(Dimethylamino)Phenyl]-1,3,4-Oxadiazol-2-Yl}Methyl)-6-Isopropyl-3-Methyl-2-Cyclohexen-1-Yl]Methyl}(Methyl)Amino]Ethanol",C8-Pos-001592,27,0.010193104991108254,21.62331638628493,21.921955775079926,0.01978870719297516,0.9040869136283604,1,FALSE,FALSE,Higher in Males,"2-[{[(1s,4s,6s)-4..."
Bis(2-Ethylhexyl) Sebacate,C8-Pos-001597,67,0.7950121719642382,20.917002285395533,21.078508068272207,0.011096650036761758,1,1,FALSE,FALSE,Higher in Males,Bis(2-Ethylhexyl)...
3-Hydroxystigmast-5-En-7-One,C8-Pos-001621,13,0.0034740985852302914,16.32585261143898,17.207993148149814,0.07592051748520284,0.9040869136283604,1,FALSE,FALSE,Higher in Males,3-Hydroxystigmast...
"2,5-Bis(5-Tert-Butyl-Benzoxazol-2-Yl)Thiophene",C8-Pos-001637,65,0.5035147104262714,18.09447697021485,18.03022461800427,-0.0051320367268563715,0.9951447848445479,1,FALSE,FALSE,Higher in Females,"2,5-Bis(5-Tert-Bu..."
Tg(5:0_10:0_6:1cho),C8-Pos-001736,69,0.8777166830732149,21.391462847836923,20.995390047463296,-0.026962553606996367,1,1,FALSE,FALSE,Higher in Females,Tg(5:0_10:0_6:1cho)
"2-(2h-Benzotriazol-2-Yl)-4,6-Bis(1-Methyl-1-Phenylethyl)Phenol",C8-Pos-001809,60,0.5067205148778585,20.38892136135817,20.509456201363083,0.00850378571333451,0.9951447848445479,1,FALSE,FALSE,Higher in Males,2-(2h-Benzotriazo...
Pe(O-10:0_6:0),C8-Pos-001872,69,0.8852339144732017,20.757039576771625,20.686192558963782,-0.004932566093517612,1,1,FALSE,FALSE,Higher in Females,Pe(O-10:0_6:0)
Lpc 14:0-Sn2,C8-Pos-001973,75,0.8852339144732017,19.660006009449226,19.60405332855905,-0.004111786261921261,1,1,FALSE,FALSE,Higher in Females,Lpc 14:0-Sn2
1-Palmitoyl-Sn-Glycero-3-Phosphocholine,C8-Pos-002038,75,0.8852339144732017,18.98292928548981,18.946686034388566,-0.002757105449261365,1,1,FALSE,FALSE,Higher in Females,1-Palmitoyl-Sn-Gl...
Lpe 18:1,C8-Pos-002045,75,0.8852339144732017,18.463432146219276,18.379467697230833,-0.006575774675619002,1,1,FALSE,FALSE,Higher in Females,Lpe 18:1
Limonin,C8-Pos-002093,69,0.8852339144732017,21.367967586748687,21.33181117078308,-0.002443230199060146,1,1,FALSE,FALSE,Higher in Females,Limonin
Peg N11,C8-Pos-002320,61,0.5443701458566099,21.283925117815077,21.490050390690683,0.01390463277651176,0.9951447848445479,1,FALSE,FALSE,Higher in Males,Peg N11
Tg(18:1_3:0_4:0cooh),C8-Pos-002397,92,0.26023620261718894,22.9266483057149,22.442319263771758,-0.03080368320675387,0.9951447848445479,1,FALSE,FALSE,Higher in Females,Tg(18:1_3:0_4:0cooh)
"Octadecyl 3-(3,5-Di-Tert-Butyl-4-Hydroxyphenyl)Propionate",C8-Pos-002408,96,0.17485330689329268,21.679984647780884,21.210162164713424,-0.03160808387831731,0.9951447848445479,1,FALSE,FALSE,Higher in Females,"Octadecyl 3-(3,5-..."
Lpe 22:3,C8-Pos-002412,71,0.9769702553219757,19.701995414568046,19.97702749744851,0.02000017881592272,1,1,FALSE,FALSE,Higher in Males,Lpe 22:3
Lpc 20:3-Sn1,C8-Pos-002542,17,0.5790997419539189,19.244730720289063,18.980648404191733,-0.01993420696124176,0.9951447848445479,1,FALSE,FALSE,Higher in Females,Lpc 20:3-Sn1
Lpe 24:4,C8-Pos-002633,49,0.1939308522824107,19.690729578995253,19.746530417543326,0.00408261865966837,0.9951447848445479,1,FALSE,FALSE,Higher in Males,Lpe 24:4
Tg(15:1cho_15:2),C8-Pos-002684,55,0.3407786135629546,16.214701979614674,16.303489314569212,0.00787825897127396,0.9951447848445479,1,FALSE,FALSE,Higher in Males,Tg(15:1cho_15:2)
Lpc 22:6-Sn1,C8-Pos-002720,80,0.4060484491047267,15.87998847940271,15.65315211819297,-0.020756659964185232,0.9951447848445479,1,FALSE,FALSE,Higher in Females,Lpc 22:6-Sn1
Pe(7:0_16:0cho),C8-Pos-002819,63,0.623604884395689,16.46941783643061,16.553627969164374,0.0073578800054336585,0.9951447848445479,1,FALSE,FALSE,Higher in Males,Pe(7:0_16:0cho)
Dg(16:0_16:1),C8-Pos-002844,87,0.40250382378200356,16.30772066207349,15.9879947819475,-0.028566142949697202,0.9951447848445479,1,FALSE,FALSE,Higher in Females,Dg(16:0_16:1)
2-(5-Oxovaleryl)Phosphatidylcholine,C8-Pos-002923,67,0.7950121719642382,21.083679537914684,21.029398938999922,-0.00371905341853192,1,1,FALSE,FALSE,Higher in Females,2-(5-Oxovaleryl)P...
Pc(11:2cho_11:2),C8-Pos-002985,98,0.14095521914437142,20.642831449398383,20.415149415462036,-0.016000743407849974,0.9951447848445479,1,FALSE,FALSE,Higher in Females,Pc(11:2cho_11:2)
Tg(29:3cooh_2:0),C8-Pos-003050,81,0.623604884395689,24.133908448442874,23.93458558042915,-0.01196475018500184,0.9951447848445479,1,FALSE,FALSE,Higher in Females,Tg(29:3cooh_2:0)
Pc(6:0_17:0cho),C8-Pos-003127,105,0.060601969712006154,20.185833335609242,19.668392302286257,-0.037464110803349444,0.9951447848445479,1,FALSE,FALSE,Higher in Females,Pc(6:0_17:0cho)
Nervonic Ceramide,C8-Pos-003179,66,1,16.13381904185248,16.060795223500506,-0.006544652493928161,1,1,FALSE,FALSE,Higher in Females,Nervonic Ceramide
Tg(2:0_11:0_23:4),C8-Pos-003290,26,0.5203168005073668,14.780012178617596,14.4257175840329,-0.03500437306279123,0.9951447848445479,1,FALSE,FALSE,Higher in Females,Tg(2:0_11:0_23:4)
Peg N14,C8-Pos-003314,76,0.8398599725400034,20.22976559118842,20.16188126126574,-0.004849343167491368,1,1,FALSE,FALSE,Higher in Females,Peg N14
Dg(4:0_34:6),C8-Pos-003357,6,0.012841262337219545,16.829979024993076,18.361345216170754,0.12563838083773984,0.9040869136283604,1,FALSE,FALSE,Higher in Males,Dg(4:0_34:6)
"1,2-Dimyristoyl-Sn-Glycero-3-Pc",C8-Pos-003474,49,0.1939308522824107,18.705096972713346,19.061569484867668,0.027235466997465145,0.9951447848445479,1,FALSE,FALSE,Higher in Males,"1,2-Dimyristoyl-S..."
Pe 16:1_16:1,C8-Pos-003535,77,0.5181302014501532,18.334273105373075,17.91471905497277,-0.03339765012461754,0.9951447848445479,1,FALSE,FALSE,Higher in Females,Pe 16:1_16:1
Cerp(D18:0_20:3),C8-Pos-003565,90,0.3123214216762162,21.639239424238635,21.464191269793215,-0.01171797644145648,0.9951447848445479,1,FALSE,FALSE,Higher in Females,Cerp(D18:0_20:3)
Dg(21:1_19:4),C8-Pos-003575,37,0.32527097997421256,16.907546422090057,16.191273778174118,-0.0624508270176879,0.9951447848445479,1,FALSE,FALSE,Higher in Females,Dg(21:1_19:4)
Tg(36:6_4:0),C8-Pos-003614,89,0.3407786135629546,17.314245371750328,17.316176043263773,1.6086262350300653e-4,0.9951447848445479,1,FALSE,FALSE,Higher in Males,Tg(36:6_4:0)
Palmitoyl Sphingomyelin,C8-Pos-003642,90,0.3123214216762162,21.10453669829115,20.302163687799627,-0.05591966884059636,0.9951447848445479,1,FALSE,FALSE,Higher in Females,Palmitoyl Sphingo...
Lpe 34:1,C8-Pos-003647,56,0.3708443333042211,20.96119636102884,21.17237673043039,0.01446216879452443,0.9951447848445479,1,FALSE,FALSE,Higher in Males,Lpe 34:1
Pe(O-26:3_7:0),C8-Pos-003685,64,0.6650055421020291,17.550782560294795,17.541548143100375,-7.592797589879002e-4,0.9951447848445479,1,FALSE,FALSE,Higher in Females,Pe(O-26:3_7:0)
Dg(20:4_22:5),C8-Pos-003687,85,0.47048642205878966,20.480040396409358,20.436972085710003,-0.0030370966716704016,0.9951447848445479,1,FALSE,FALSE,Higher in Females,Dg(20:4_22:5)
Tg(15:1cooh_24:0),C8-Pos-003694,63,0.623604884395689,16.423042327556054,17.012185251456238,0.05084706263299743,0.9951447848445479,1,FALSE,FALSE,Higher in Males,Tg(15:1cooh_24:0)
Pc(O-10:0_23:2),C8-Pos-003714,87,0.40250382378200356,21.26145357520181,20.738042636931564,-0.03596050092239193,0.9951447848445479,1,FALSE,FALSE,Higher in Females,Pc(O-10:0_23:2)
Pe 16:0_18:1,C8-Pos-003759,58,0.9212120545847358,21.255239940320344,21.06623212711706,-0.01288624588828316,1,1,FALSE,FALSE,Higher in Females,Pe 16:0_18:1
Pe(P-11:0_23:0),C8-Pos-003830,84,0.5067205148778585,21.078050440353696,20.229095429570684,-0.05930962546203171,0.9951447848445479,1,FALSE,FALSE,Higher in Females,Pe(P-11:0_23:0)
Pc 16:0_16:1,C8-Pos-003874,65,0.7074539677020747,19.038009013985,19.047888858789953,7.48497697084571e-4,0.9951447848445479,1,FALSE,FALSE,Higher in Males,Pc 16:0_16:1
Dl-Dipalmitoylphosphatidylcholine,C8-Pos-003901,22,0.8262002033788082,21.633587227923122,21.531965998465523,-0.006792856974239397,1,1,FALSE,FALSE,Higher in Females,Dl-Dipalmitoylpho...
Tg(28:6_14:3cho),C8-Pos-003929,64,0.9264448963254215,21.73085692019995,21.835059844304077,0.00690141926065782,1,1,FALSE,FALSE,Higher in Males,Tg(28:6_14:3cho)
Pe(16:1_20:4),C8-Pos-003942,82,0.5833604667027033,22.853782856993618,22.588062318037625,-0.01687246949485741,0.9951447848445479,1,FALSE,FALSE,Higher in Females,Pe(16:1_20:4)
Pc(O-24:5_10:0),C8-Pos-003944,67,0.7950121719642382,23.767273829490357,23.787957127398787,0.0012549489342328672,1,1,FALSE,FALSE,Higher in Males,Pc(O-24:5_10:0)
Bismepa(18:0_19:1),C8-Pos-003992,68,0.37873825188653026,20.14228030680661,19.816685113074076,-0.023511367856190537,0.9951447848445479,1,FALSE,FALSE,Higher in Females,Bismepa(18:0_19:1)
Pa(18:1_20:0),C8-Pos-004019,53,0.9716543717925432,20.89348706873349,20.697140043725142,-0.013621866434910897,1,1,FALSE,FALSE,Higher in Females,Pa(18:1_20:0)
Lpe 38:6,C8-Pos-004035,54,0.3123214216762162,17.16135056096728,18.40228928265244,0.10072215741091295,0.9951447848445479,1,FALSE,FALSE,Higher in Males,Lpe 38:6
Pe(O-17:3_21:1),C8-Pos-004072,59,0.07008921960982065,17.491582497154806,16.207390564624692,-0.11000898696214935,0.9951447848445479,1,FALSE,FALSE,Higher in Females,Pe(O-17:3_21:1)
1-Hexadecanoyl-2-Octadecadienoyl-Sn-Glycero-3-Phosphocholine,C8-Pos-004099,29,0.8323391769047832,19.87483647175092,19.89869709208863,0.0017309803620094758,1,1,FALSE,FALSE,Higher in Males,1-Hexadecanoyl-2-...
Tg(O-25:8_2:0_19:4),C8-Pos-004104,21,0.9416529301610359,16.68390063962006,16.614848834448615,-0.0059834583134335964,1,1,FALSE,FALSE,Higher in Females,Tg(O-25:8_2:0_19:4)
Pe(19:4_19:4),C8-Pos-004114,52,0.26023620261718894,19.45541885377313,19.570343468664802,0.008497035875599237,0.9951447848445479,1,FALSE,FALSE,Higher in Males,Pe(19:4_19:4)
Pe 16:0_22:5,C8-Pos-004173,57,0.3477455989106975,18.832957179658386,18.331403879432635,-0.038942275456741796,0.9951447848445479,1,FALSE,FALSE,Higher in Females,Pe 16:0_22:5
Pe(18:0_20:4),C8-Pos-004202,18,0.31647178784797825,20.14058458745133,20.557511927610587,0.02956010727049203,0.9951447848445479,1,FALSE,FALSE,Higher in Males,Pe(18:0_20:4)
Pc(O-29:1_5:0),C8-Pos-004203,76,0.8398599725400034,18.964654936699027,18.80772765687594,-0.011987568451630777,1,1,FALSE,FALSE,Higher in Females,Pc(O-29:1_5:0)
Hex1cer(D24:2_12:0),C8-Pos-004241,67,0.668216305163999,18.983296067125313,19.14876388452401,0.01252075540937266,0.9951447848445479,1,FALSE,FALSE,Higher in Males,Hex1cer(D24:2_12:0)
1-(1z-Octadecenyl)-2-(9z-Octadecenoyl)-Sn-Glycero-3-Phosphocholine,C8-Pos-004250,79,0.7074539677020747,22.61051619647601,22.562898670158802,-0.003041505483887638,0.9951447848445479,1,FALSE,FALSE,Higher in Females,1-(1z-Octadecenyl...
Tg(32:4cooh_12:0),C8-Pos-004263,40,0.6605492052016729,20.877480726609015,20.842782132825693,-0.0023997691907191674,0.9951447848445479,1,FALSE,FALSE,Higher in Females,Tg(32:4cooh_12:0)
Ganglioside-Gm1(D18:1/18:0),C8-Pos-004266,93,0.2365840933218762,18.38324488660308,17.97223421464816,-0.03262167558098645,0.9951447848445479,1,FALSE,FALSE,Higher in Females,Ganglioside-Gm1(D...
Pe(O-16:2_22:3),C8-Pos-004273,80,0.21216467995625798,19.276768108042763,18.57302299142023,-0.05365454238862262,0.9951447848445479,1,FALSE,FALSE,Higher in Females,Pe(O-16:2_22:3)
Pc(18:1_16:2),C8-Pos-004302,35,0.45191345827907303,14.956015703156234,14.755109985683292,-0.019511216309868445,0.9951447848445479,1,FALSE,FALSE,Higher in Females,Pc(18:1_16:2)
Pe 20:2_20:2,C8-Pos-004303,104,0.06896433333905408,22.327963316748665,21.65523416366157,-0.04413588654815176,0.9951447848445479,1,FALSE,FALSE,Higher in Females,Pe 20:2_20:2
Pe(17:5cho_22:6),C8-Pos-004333,40,0.18323297692882187,19.07823748958894,18.07806888796195,-0.0776873202960557,0.9951447848445479,1,FALSE,FALSE,Higher in Females,Pe(17:5cho_22:6)
"1-Hexadecanoyl-2-(5z,8z,11z,14z-Eicosatetraenoyl)-Sn-Glycero-3-Phosphocholine",C8-Pos-004336,62,0.5833604667027033,17.588921014446914,17.719452804331112,0.010667068658429956,0.9951447848445479,1,FALSE,FALSE,Higher in Males,1-Hexadecanoyl-2-...
Tg(O-27:8_21:6),C8-Pos-004339,92,0.26023620261718894,20.020983634169887,19.668067306582117,-0.025657658394066064,0.9951447848445479,1,FALSE,FALSE,Higher in Females,Tg(O-27:8_21:6)
Pc(19:1_15:0),C8-Pos-004340,81,0.37217143978212575,21.118665611425104,20.76583832150958,-0.024306565643502382,0.9951447848445479,1,FALSE,FALSE,Higher in Females,Pc(19:1_15:0)
Tg(20:2cho_26:3),C8-Pos-004352,61,0.7818140034887688,20.663321681622254,20.696007725409693,0.002280307914650764,1,1,FALSE,FALSE,Higher in Males,Tg(20:2cho_26:3)
"1,3,5-Tris(3,5-Di-Tert-Butyl-4-Hydroxybenzyl)-1,3,5-Triazine-2,4,6(1h,3h,5h)-Trione",C8-Pos-004362,74,0.6443731499599503,24.470086026926477,23.88028391108147,-0.03519918455002328,0.9951447848445479,1,FALSE,FALSE,Higher in Females,"1,3,5-Tris(3,5-Di..."
Tg(11:0_9:2cho_26:8),C8-Pos-004421,73,0.9769702553219757,22.755001499960617,22.74658026496293,-5.340154621792723e-4,1,1,FALSE,FALSE,Higher in Females,Tg(11:0_9:2cho_26:8)
Pc(P-12:1_26:4),C8-Pos-004445,33,0.5168677495508638,19.132390089003486,18.653477037381677,-0.03657253558200588,0.9951447848445479,1,FALSE,FALSE,Higher in Females,Pc(P-12:1_26:4)
Pc 38:4,C8-Pos-004446,62,0.8294475889935781,17.749482621109287,17.7325588227128,-0.00137623884520842,1,1,FALSE,FALSE,Higher in Females,Pc 38:4
Pe(P-19:4_23:5),C8-Pos-004505,20,0.9430566709670429,20.984288245089814,20.718957473459398,-0.01835811803272827,1,1,FALSE,FALSE,Higher in Females,Pe(P-19:4_23:5)
Pc(20:0_18:1),C8-Pos-004510,89,0.3407786135629546,21.3965845507413,21.173988473919263,-0.015087472878151698,0.9951447848445479,1,FALSE,FALSE,Higher in Females,Pc(20:0_18:1)
Dg(25:3_25:7),C8-Pos-004529,88,0.3708443333042211,20.862080760606087,20.615463548521493,-0.01715615654794028,0.9951447848445479,1,FALSE,FALSE,Higher in Females,Dg(25:3_25:7)
1-Palmitoyl-2-Docosahexaenoyl-Sn-Glycero-3-Phosphocholine,C8-Pos-004574,94,0.21449380778351745,19.71548878296055,19.53698457738055,-0.013121665230961812,0.9951447848445479,1,FALSE,FALSE,Higher in Females,1-Palmitoyl-2-Doc...
Pc(32:2_4:0),C8-Pos-004593,56,0.9719131339533064,21.290591716881522,21.290622578474697,2.0912446093146066e-6,1,1,FALSE,FALSE,Higher in Males,Pc(32:2_4:0)
Pc(9:0cho_26:1),C8-Pos-004612,59,0.9476445296225945,17.8565808046748,18.09156761010843,0.01886156270361412,1,1,FALSE,FALSE,Higher in Males,Pc(9:0cho_26:1)
Pc(15:2cho_22:2),C8-Pos-004614,49,0.1939308522824107,13.953766159715084,14.143223966130858,0.01945645987312674,0.9951447848445479,1,FALSE,FALSE,Higher in Males,Pc(15:2cho_22:2)
Pc(9:0_28:7),C8-Pos-004628,66,0.7508318840891169,26.260379571910875,26.225402544752523,-0.0019228518300136177,0.9951447848445479,1,FALSE,FALSE,Higher in Females,Pc(9:0_28:7)
Pc(15:1cho_22:2),C8-Pos-004631,74,0.0682474883780013,15.353812625839069,15.032466630118247,-0.030515191057268982,0.9951447848445479,1,FALSE,FALSE,Higher in Females,Pc(15:1cho_22:2)
N-Nervonoyl-D-Erythro-Sphingosylphosphorylcholine,C8-Pos-004641,27,0.6365024869138662,15.431911270059567,15.513629278703773,0.007619478462525495,0.9951447848445479,1,FALSE,FALSE,Higher in Males,N-Nervonoyl-D-Ery...
Tg(39:10_9:2cho),C8-Pos-004650,81,0.623604884395689,19.686116672998423,19.547454896542014,-0.010197771050997477,0.9951447848445479,1,FALSE,FALSE,Higher in Females,Tg(39:10_9:2cho)
Tg(5:0_15:0cho_28:3),C8-Pos-004667,48,0.17485330689329268,21.946181643196077,22.330743038369512,0.025061305546298058,0.9951447848445479,1,FALSE,FALSE,Higher in Males,Tg(5:0_15:0cho_28:3)
Pe 18:0_24:5,C8-Pos-004731,97,0.1572127533400039,29.106703106272846,28.9155971627236,-0.00950353890659695,0.9951447848445479,1,FALSE,FALSE,Higher in Females,Pe 18:0_24:5
Pe 21:2_21:2,C8-Pos-004750,70,0.9309874465595671,17.44305243389499,17.432255712710095,-8.932610168457935e-4,1,1,FALSE,FALSE,Higher in Females,Pe 21:2_21:2
Pe(O-20:1_22:6),C8-Pos-004759,74,0.9309874465595671,23.64125404248783,23.578297284167014,-0.0038470275251343807,1,1,FALSE,FALSE,Higher in Females,Pe(O-20:1_22:6)
Pc(24:6_14:1),C8-Pos-004762,54,0.07100974454130013,24.047767333540385,23.14240411170378,-0.0553642117997294,0.9951447848445479,1,FALSE,FALSE,Higher in Females,Pc(24:6_14:1)
Pc(16:0_22:6),C8-Pos-004775,71,0.9769702553219757,17.677922153325003,17.8584290899612,0.014656468261476728,1,1,FALSE,FALSE,Higher in Males,Pc(16:0_22:6)
Pc(16:1cooh_23:3),C8-Pos-004801,40,0.4726755935115872,17.26873362171134,17.64820725546288,0.031359350001945445,0.9951447848445479,1,FALSE,FALSE,Higher in Males,Pc(16:1cooh_23:3)
Pi(O-16:2_18:3),C8-Pos-004803,72,1,19.126369687885266,19.273041796700127,0.011021218551343526,1,1,FALSE,FALSE,Higher in Males,Pi(O-16:2_18:3)
2-Docosahexaenoyl-1-Stearoyl-Sn-Glycero-3-Phosphoserine,C8-Pos-004831,78,0.7508318840891169,16.91192884462125,16.682879428621078,-0.019672895546843323,0.9951447848445479,1,FALSE,FALSE,Higher in Females,2-Docosahexaenoyl...
Pc(14:1_25:7),C8-Pos-004855,73,0.9769702553219757,20.134586879825072,20.088549347155706,-0.003302484853728117,1,1,FALSE,FALSE,Higher in Females,Pc(14:1_25:7)
Pet(16:0_27:7),C8-Pos-004866,58,0.4357306600317366,18.971461024798128,19.187471265467245,0.01633380250048309,0.9951447848445479,1,FALSE,FALSE,Higher in Males,Pet(16:0_27:7)
Pe(15:0_27:7),C8-Pos-004870,66,0.24132159301718017,17.720520389762015,16.467711102645264,-0.10578092700897758,0.9951447848445479,1,FALSE,FALSE,Higher in Females,Pe(15:0_27:7)
Pe(20:5_22:2),C8-Pos-004871,82,0.1562877116676799,17.87632593580542,17.31489743150024,-0.04603641303444169,0.9951447848445479,1,FALSE,FALSE,Higher in Females,Pe(20:5_22:2)
Pc(6:0cooh_30:1),C8-Pos-004874,63,0.623604884395689,24.412140369656072,24.47903960112903,0.003948166101901803,0.9951447848445479,1,FALSE,FALSE,Higher in Males,Pc(6:0cooh_30:1)
Ps 20:2_20:2,C8-Pos-004875,29,0.5316673617377639,18.594175337894402,18.680195597209728,0.006658796311133491,0.9951447848445479,1,FALSE,FALSE,Higher in Males,Ps 20:2_20:2
Pet(20:0_23:6),C8-Pos-004891,66,0.7508318840891169,16.814213324118587,16.962485465538677,0.012666297468028649,0.9951447848445479,1,FALSE,FALSE,Higher in Males,Pet(20:0_23:6)
"1,2-Dieicosenoyl-Sn-Glycero-3-Phosphocholine",C8-Pos-004898,55,0.3407786135629546,19.955978101463387,20.091950744770237,0.009796652043569047,0.9951447848445479,1,FALSE,FALSE,Higher in Males,"1,2-Dieicosenoyl-..."
Pe(21:0_21:5),C8-Pos-004916,60,0.5067205148778585,20.061006780566224,20.13673332081634,0.005435650514008085,0.9951447848445479,1,FALSE,FALSE,Higher in Males,Pe(21:0_21:5)
Tg(49:11_2:0),C8-Pos-004921,59,0.47048642205878966,20.661876624825442,20.887563985571873,0.01567295412816001,0.9951447848445479,1,FALSE,FALSE,Higher in Males,Tg(49:11_2:0)
Pc(21:2cho_19:4),C8-Pos-004942,61,0.9736992897368464,16.514389564721405,16.499496478091242,-0.001301645232222716,1,1,FALSE,FALSE,Higher in Females,Pc(21:2cho_19:4)
Pc O-42:6,C8-Pos-004947,13,0.4711699984900557,19.530809761832657,19.869249199769047,0.024785592764605194,0.9951447848445479,1,FALSE,FALSE,Higher in Males,Pc O-42:6
Bmp 22:5_22:6,C8-Pos-004964,41,0.3720293385704433,15.777706308673366,15.258596501564757,-0.04826522015673236,0.9951447848445479,1,FALSE,FALSE,Higher in Females,Bmp 22:5_22:6
Pc(18:1_22:6),C8-Pos-004991,83,0.5443701458566099,20.092067625345994,19.763860151395832,-0.023761283456692116,0.9951447848445479,1,FALSE,FALSE,Higher in Females,Pc(18:1_22:6)
Pc(17:4cooh_23:5),C8-Pos-005012,72,0.7349852214121391,20.289391991545457,20.582572002358575,0.0206976401936092,0.9951447848445479,1,FALSE,FALSE,Higher in Males,Pc(17:4cooh_23:5)
Pc(18:2_20:4cooh),C8-Pos-005013,84,0.5067205148778585,22.591783144382546,22.231876780371095,-0.023168401972681527,0.9951447848445479,1,FALSE,FALSE,Higher in Females,Pc(18:2_20:4cooh)
Pc(28:6_10:0cooh),C8-Pos-005016,72,1,18.66876140344995,18.738103396158046,0.005348722173302464,1,1,FALSE,FALSE,Higher in Males,Pc(28:6_10:0cooh)
Pc(11:1_29:4),C8-Pos-005020,92,0.26023620261718894,17.63478772918701,17.55695072476719,-0.006381909409745863,0.9951447848445479,1,FALSE,FALSE,Higher in Females,Pc(11:1_29:4)
Ps(18:3_24:4),C8-Pos-005046,76,0.8398599725400034,20.726542988629674,20.736160550469528,6.692862662737102e-4,1,1,FALSE,FALSE,Higher in Males,Ps(18:3_24:4)
Pe(O-14:0_32:0),C8-Pos-005110,49,0.1939308522824107,18.78154728035111,18.867732222476224,0.006605109443419822,0.9951447848445479,1,FALSE,FALSE,Higher in Males,Pe(O-14:0_32:0)
Pi 36:4,C8-Pos-005112,59,0.27034414065478,24.439343953578405,24.119476512907735,-0.019006962721375274,0.9951447848445479,1,FALSE,FALSE,Higher in Females,Pi 36:4
Pi(19:4_19:4),C8-Pos-005132,86,0.2300841819162511,21.683328009598046,21.34533326615887,-0.022665514350041882,0.9951447848445479,1,FALSE,FALSE,Higher in Females,Pi(19:4_19:4)
Pc(10:0cooh_30:8),C8-Pos-005152,24,0.45871855872502226,13.079838971317155,13.563459822676782,0.05238045433723024,0.9951447848445479,1,FALSE,FALSE,Higher in Males,Pc(10:0cooh_30:8)
Pe(22:2_21:4cooh),C8-Pos-005188,62,0.17790959498698253,14.610140769194773,14.0153470353615,-0.05996261109941071,0.9951447848445479,1,FALSE,FALSE,Higher in Females,Pe(22:2_21:4cooh)
Ps 22:4_22:5,C8-Pos-005189,62,0.5833604667027033,21.701902284028122,21.787421620706795,0.005673966430370814,0.9951447848445479,1,FALSE,FALSE,Higher in Males,Ps 22:4_22:5
Ps(20:5_24:4),C8-Pos-005192,61,0.40331756510948313,21.530392788485074,21.372558630932705,-0.010615007878113175,0.9951447848445479,1,FALSE,FALSE,Higher in Females,Ps(20:5_24:4)
Pc(20:0_22:5),C8-Pos-005193,62,0.5833604667027033,20.40840366871271,20.51386333080322,0.0074358768213498684,0.9951447848445479,1,FALSE,FALSE,Higher in Males,Pc(20:0_22:5)
Pc(15:1cooh_27:7),C8-Pos-005208,79,0.7074539677020747,20.386681960442953,20.47948000376356,0.006552095943547643,0.9951447848445479,1,FALSE,FALSE,Higher in Males,Pc(15:1cooh_27:7)
Pc(14:1_28:3),C8-Pos-005214,85,0.47048642205878966,16.89231711652188,16.687054908522093,-0.017637879457696893,0.9951447848445479,1,FALSE,FALSE,Higher in Females,Pc(14:1_28:3)
Tg(15:0_15:0_24:6),C8-Pos-005260,98,0.14095521914437142,16.885487583996518,16.299340249996085,-0.050970269565511955,0.9951447848445479,1,FALSE,FALSE,Higher in Females,Tg(15:0_15:0_24:6)
Pe(26:4_19:6cooh),C8-Pos-005302,29,0.331387096247615,23.28752507611706,23.745359571425762,0.028088280147376028,0.9951447848445479,1,FALSE,FALSE,Higher in Males,Pe(26:4_19:6cooh)
Pe(21:4cooh_24:6),C8-Pos-005313,64,0.549471691823942,26.796717330529372,28.004370485454736,0.0635957205762284,0.9951447848445479,1,FALSE,FALSE,Higher in Males,Pe(21:4cooh_24:6)
Pi(29:7_11:0),C8-Pos-005326,74,0.9309874465595671,18.577932631377404,19.117312069275023,0.04128972560485014,1,1,FALSE,FALSE,Higher in Males,Pi(29:7_11:0)
Pi(18:0_22:6),C8-Pos-005434,81,0.623604884395689,22.808392632468486,22.634973383669976,-0.011011169580912977,0.9951447848445479,1,FALSE,FALSE,Higher in Females,Pi(18:0_22:6)
Pi(20:4_20:4),C8-Pos-005440,35,0.376759117811582,18.345928999770987,17.69197747960746,-0.05236465059754384,0.9951447848445479,1,FALSE,FALSE,Higher in Females,Pi(20:4_20:4)
Pc(26:6_21:6cho),C8-Pos-005464,105,0.060601969712006154,16.78640357449033,15.848673642456335,-0.08293106334752218,0.9951447848445479,1,FALSE,FALSE,Higher in Females,Pc(26:6_21:6cho)
Pc(19:4cho_29:7),C8-Pos-005546,17,0.4013871657117662,15.188604831779966,15.594196107010543,0.03801982719713077,0.9951447848445479,1,FALSE,FALSE,Higher in Males,Pc(19:4cho_29:7)
Pg(O-29:8_21:6),C8-Pos-005548,32,0.42203453491312726,19.41735304874693,19.762810267569986,0.025441564818797932,0.9951447848445479,1,FALSE,FALSE,Higher in Males,Pg(O-29:8_21:6)
Pc(22:5cooh_25:8),C8-Pos-005561,44,0.30676209494240353,15.045291095746286,14.916984029807747,-0.012356144416909865,0.9951447848445479,1,FALSE,FALSE,Higher in Females,Pc(22:5cooh_25:8)
Pc(22:3cho_27:6),C8-Pos-005692,40,0.06896433333905408,16.09356550147912,16.966744075380422,0.0762257496631166,0.9951447848445479,1,FALSE,FALSE,Higher in Males,Pc(22:3cho_27:6)
Pc(28:1_21:0cooh),C8-Pos-005741,71,0.48871787318526955,17.88405770557237,17.361663052943616,-0.042768957636448855,0.9951447848445479,1,FALSE,FALSE,Higher in Females,Pc(28:1_21:0cooh)
Pc(36:6_13:4cooh),C8-Pos-005755,98,0.14095521914437142,20.879055457909782,20.69797458355831,-0.012566849099621486,0.9951447848445479,1,FALSE,FALSE,Higher in Females,Pc(36:6_13:4cooh)
Pc(22:3cho_28:6),C8-Pos-005761,65,0.7074539677020747,22.736672229675992,22.543278846679037,-0.012323748790575661,0.9951447848445479,1,FALSE,FALSE,Higher in Females,Pc(22:3cho_28:6)
Tg(20:1_24:5_20:6),C8-Pos-005843,43,0.9025232501776794,13.688652818015903,13.692511688157664,4.0664251898813716e-4,1,1,FALSE,FALSE,Higher in Males,Tg(20:1_24:5_20:6)
